fit_seed	index	output	oxygen_band	rank_spearman_vs_median_band_index
seed1	S1	dominant_mean_ploidy	low_0_to_1pct	0.5340659340659341
seed2	S1	dominant_mean_ploidy	low_0_to_1pct	0.745054945054945
seed3	S1	dominant_mean_ploidy	low_0_to_1pct	0.8945054945054945
seed4	S1	dominant_mean_ploidy	low_0_to_1pct	0.8901098901098902
seed5	S1	dominant_mean_ploidy	low_0_to_1pct	0.6131868131868132
seed6	S1	dominant_mean_ploidy	low_0_to_1pct	0.7054945054945055
seed7	S1	dominant_mean_ploidy	low_0_to_1pct	0.5868131868131868
seed8	S1	dominant_mean_ploidy	low_0_to_1pct	0.27912087912087913
seed9	S1	dominant_mean_ploidy	low_0_to_1pct	0.7010989010989012
seed10	S1	dominant_mean_ploidy	low_0_to_1pct	0.8549450549450549
seed11	S1	dominant_mean_ploidy	low_0_to_1pct	0.8505494505494505
seed12	S1	dominant_mean_ploidy	low_0_to_1pct	0.7362637362637363
seed13	S1	dominant_mean_ploidy	low_0_to_1pct	0.9296703296703297
seed14	S1	dominant_mean_ploidy	low_0_to_1pct	0.7758241758241758
seed15	S1	dominant_mean_ploidy	low_0_to_1pct	0.9428571428571428
seed16	S1	dominant_mean_ploidy	low_0_to_1pct	0.8461538461538461
seed17	S1	dominant_mean_ploidy	low_0_to_1pct	0.8725274725274725
seed18	S1	dominant_mean_ploidy	low_0_to_1pct	0.7846153846153847
seed19	S1	dominant_mean_ploidy	low_0_to_1pct	0.9076923076923077
seed20	S1	dominant_mean_ploidy	low_0_to_1pct	0.9120879120879121
seed21	S1	dominant_mean_ploidy	low_0_to_1pct	0.8945054945054945
seed22	S1	dominant_mean_ploidy	low_0_to_1pct	0.8725274725274725
seed23	S1	dominant_mean_ploidy	low_0_to_1pct	0.8549450549450549
seed24	S1	dominant_mean_ploidy	low_0_to_1pct	0.7802197802197802
seed25	S1	dominant_mean_ploidy	low_0_to_1pct	0.9604395604395607
seed26	S1	dominant_mean_ploidy	low_0_to_1pct	0.767032967032967
seed27	S1	dominant_mean_ploidy	low_0_to_1pct	0.8197802197802198
seed28	S1	dominant_mean_ploidy	low_0_to_1pct	0.8417582417582418
seed29	S1	dominant_mean_ploidy	low_0_to_1pct	0.9208791208791209
seed30	S1	dominant_mean_ploidy	low_0_to_1pct	0.5912087912087912
seed31	S1	dominant_mean_ploidy	low_0_to_1pct	0.6747252747252748
seed32	S1	dominant_mean_ploidy	low_0_to_1pct	0.8505494505494505
seed33	S1	dominant_mean_ploidy	low_0_to_1pct	0.8417582417582418
seed34	S1	dominant_mean_ploidy	low_0_to_1pct	0.8109890109890111
seed35	S1	dominant_mean_ploidy	low_0_to_1pct	0.6087912087912088
seed36	S1	dominant_mean_ploidy	low_0_to_1pct	0.8549450549450549
seed37	S1	dominant_mean_ploidy	low_0_to_1pct	0.9164835164835166
seed38	S1	dominant_mean_ploidy	low_0_to_1pct	0.8857142857142857
seed39	S1	dominant_mean_ploidy	low_0_to_1pct	0.8857142857142857
seed40	S1	dominant_mean_ploidy	low_0_to_1pct	0.8901098901098902
seed41	S1	dominant_mean_ploidy	low_0_to_1pct	0.8461538461538461
seed42	S1	dominant_mean_ploidy	low_0_to_1pct	0.7274725274725276
seed43	S1	dominant_mean_ploidy	low_0_to_1pct	0.9032967032967033
seed44	S1	dominant_mean_ploidy	low_0_to_1pct	0.6307692307692307
seed45	S1	dominant_mean_ploidy	low_0_to_1pct	0.5252747252747253
seed46	S1	dominant_mean_ploidy	low_0_to_1pct	0.8065934065934066
seed47	S1	dominant_mean_ploidy	low_0_to_1pct	0.7494505494505495
seed48	S1	dominant_mean_ploidy	low_0_to_1pct	0.5208791208791209
seed49	S1	dominant_mean_ploidy	low_0_to_1pct	0.8769230769230769
seed50	S1	dominant_mean_ploidy	low_0_to_1pct	0.7890109890109891
seed51	S1	dominant_mean_ploidy	low_0_to_1pct	0.9208791208791209
seed52	S1	dominant_mean_ploidy	low_0_to_1pct	0.8197802197802198
seed53	S1	dominant_mean_ploidy	low_0_to_1pct	0.7318681318681319
seed54	S1	dominant_mean_ploidy	low_0_to_1pct	0.8945054945054945
seed55	S1	dominant_mean_ploidy	low_0_to_1pct	0.9516483516483516
seed56	S1	dominant_mean_ploidy	low_0_to_1pct	0.9208791208791209
seed57	S1	dominant_mean_ploidy	low_0_to_1pct	0.5736263736263736
seed58	S1	dominant_mean_ploidy	low_0_to_1pct	0.9648351648351648
seed59	S1	dominant_mean_ploidy	low_0_to_1pct	0.6
seed60	S1	dominant_mean_ploidy	low_0_to_1pct	0.8417582417582418
seed61	S1	dominant_mean_ploidy	low_0_to_1pct	0.8637362637362638
seed62	S1	dominant_mean_ploidy	low_0_to_1pct	0.4593406593406593
seed63	S1	dominant_mean_ploidy	low_0_to_1pct	0.9340659340659341
seed64	S1	dominant_mean_ploidy	low_0_to_1pct	0.8593406593406594
seed65	S1	dominant_mean_ploidy	low_0_to_1pct	0.8989010989010989
seed66	S1	dominant_mean_ploidy	low_0_to_1pct	0.8945054945054945
seed67	S1	dominant_mean_ploidy	low_0_to_1pct	0.9340659340659341
seed68	S1	dominant_mean_ploidy	low_0_to_1pct	0.5428571428571429
seed69	S1	dominant_mean_ploidy	low_0_to_1pct	0.7846153846153847
seed70	S1	dominant_mean_ploidy	low_0_to_1pct	0.6747252747252748
seed71	S1	dominant_mean_ploidy	low_0_to_1pct	0.9164835164835166
seed72	S1	dominant_mean_ploidy	low_0_to_1pct	0.7538461538461538
seed73	S1	dominant_mean_ploidy	low_0_to_1pct	0.6615384615384616
seed74	S1	dominant_mean_ploidy	low_0_to_1pct	0.8593406593406594
seed75	S1	dominant_mean_ploidy	low_0_to_1pct	0.8945054945054945
seed76	S1	dominant_mean_ploidy	low_0_to_1pct	0.832967032967033
seed77	S1	dominant_mean_ploidy	low_0_to_1pct	0.8373626373626375
seed78	S1	dominant_mean_ploidy	low_0_to_1pct	0.5956043956043956
seed79	S1	dominant_mean_ploidy	low_0_to_1pct	0.5032967032967033
seed80	S1	dominant_mean_ploidy	low_0_to_1pct	0.8813186813186813
seed81	S1	dominant_mean_ploidy	low_0_to_1pct	0.7582417582417583
seed82	S1	dominant_mean_ploidy	low_0_to_1pct	0.3758241758241759
seed83	S1	dominant_mean_ploidy	low_0_to_1pct	0.7494505494505495
seed84	S1	dominant_mean_ploidy	low_0_to_1pct	0.832967032967033
seed85	S1	dominant_mean_ploidy	low_0_to_1pct	0.9780219780219781
seed86	S1	dominant_mean_ploidy	low_0_to_1pct	0.7098901098901099
seed87	S1	dominant_mean_ploidy	low_0_to_1pct	0.7054945054945055
seed88	S1	dominant_mean_ploidy	low_0_to_1pct	0.8901098901098902
seed89	S1	dominant_mean_ploidy	low_0_to_1pct	0.8725274725274725
seed90	S1	dominant_mean_ploidy	low_0_to_1pct	0.6043956043956044
seed91	S1	dominant_mean_ploidy	low_0_to_1pct	0.8505494505494505
seed92	S1	dominant_mean_ploidy	low_0_to_1pct	0.9340659340659341
seed93	S1	dominant_mean_ploidy	low_0_to_1pct	0.8769230769230769
seed94	S1	dominant_mean_ploidy	low_0_to_1pct	0.8637362637362638
seed95	S1	dominant_mean_ploidy	low_0_to_1pct	0.9384615384615385
seed96	S1	dominant_mean_ploidy	low_0_to_1pct	0.9340659340659341
seed97	S1	dominant_mean_ploidy	low_0_to_1pct	0.6879120879120879
seed98	S1	dominant_mean_ploidy	low_0_to_1pct	0.8637362637362638
seed99	S1	dominant_mean_ploidy	low_0_to_1pct	0.6747252747252748
seed100	S1	dominant_mean_ploidy	low_0_to_1pct	0.5384615384615385
seed101	S1	dominant_mean_ploidy	low_0_to_1pct	0.5956043956043956
seed102	S1	dominant_mean_ploidy	low_0_to_1pct	0.9604395604395607
seed103	S1	dominant_mean_ploidy	low_0_to_1pct	0.7186813186813187
seed104	S1	dominant_mean_ploidy	low_0_to_1pct	0.767032967032967
seed105	S1	dominant_mean_ploidy	low_0_to_1pct	0.8549450549450549
seed106	S1	dominant_mean_ploidy	low_0_to_1pct	0.9428571428571428
seed107	S1	dominant_mean_ploidy	low_0_to_1pct	0.621978021978022
seed108	S1	dominant_mean_ploidy	low_0_to_1pct	0.745054945054945
seed109	S1	dominant_mean_ploidy	low_0_to_1pct	0.7054945054945055
seed110	S1	dominant_mean_ploidy	low_0_to_1pct	0.7406593406593407
seed111	S1	dominant_mean_ploidy	low_0_to_1pct	0.5912087912087912
seed112	S1	dominant_mean_ploidy	low_0_to_1pct	0.9208791208791209
seed113	S1	dominant_mean_ploidy	low_0_to_1pct	0.6571428571428571
seed114	S1	dominant_mean_ploidy	low_0_to_1pct	0.9472527472527472
seed115	S1	dominant_mean_ploidy	low_0_to_1pct	0.9296703296703297
seed116	S1	dominant_mean_ploidy	low_0_to_1pct	0.5824175824175825
seed117	S1	dominant_mean_ploidy	low_0_to_1pct	0.6307692307692307
seed118	S1	dominant_mean_ploidy	low_0_to_1pct	0.9164835164835166
seed119	S1	dominant_mean_ploidy	low_0_to_1pct	0.6087912087912088
seed120	S1	dominant_mean_ploidy	low_0_to_1pct	0.8901098901098902
seed121	S1	dominant_mean_ploidy	low_0_to_1pct	0.9472527472527472
seed122	S1	dominant_mean_ploidy	low_0_to_1pct	0.6395604395604396
seed123	S1	dominant_mean_ploidy	low_0_to_1pct	0.8021978021978022
seed124	S1	dominant_mean_ploidy	low_0_to_1pct	0.7098901098901099
seed125	S1	dominant_mean_ploidy	low_0_to_1pct	0.8153846153846154
seed126	S1	dominant_mean_ploidy	low_0_to_1pct	0.8989010989010989
seed127	S1	dominant_mean_ploidy	low_0_to_1pct	0.49890109890109896
seed128	S1	dominant_mean_ploidy	low_0_to_1pct	0.6351648351648352
seed129	S1	dominant_mean_ploidy	low_0_to_1pct	0.5516483516483517
seed130	S1	dominant_mean_ploidy	low_0_to_1pct	0.8461538461538461
seed131	S1	dominant_mean_ploidy	low_0_to_1pct	0.8373626373626375
seed132	S1	dominant_mean_ploidy	low_0_to_1pct	0.7406593406593407
seed133	S1	dominant_mean_ploidy	low_0_to_1pct	0.9208791208791209
seed134	S1	dominant_mean_ploidy	low_0_to_1pct	0.7318681318681319
seed135	S1	dominant_mean_ploidy	low_0_to_1pct	0.8725274725274725
seed136	S1	dominant_mean_ploidy	low_0_to_1pct	0.7230769230769231
seed137	S1	dominant_mean_ploidy	low_0_to_1pct	0.7406593406593407
seed138	S1	dominant_mean_ploidy	low_0_to_1pct	0.5868131868131868
seed139	S1	dominant_mean_ploidy	low_0_to_1pct	0.7978021978021977
seed140	S1	dominant_mean_ploidy	low_0_to_1pct	0.9252747252747253
seed141	S1	dominant_mean_ploidy	low_0_to_1pct	0.7758241758241758
seed142	S1	dominant_mean_ploidy	low_0_to_1pct	0.8065934065934066
seed143	S1	dominant_mean_ploidy	low_0_to_1pct	0.832967032967033
seed144	S1	dominant_mean_ploidy	low_0_to_1pct	0.7802197802197802
seed145	S1	dominant_mean_ploidy	low_0_to_1pct	0.9472527472527472
seed146	S1	dominant_mean_ploidy	low_0_to_1pct	0.9032967032967033
seed147	S1	dominant_mean_ploidy	low_0_to_1pct	0.8065934065934066
seed148	S1	dominant_mean_ploidy	low_0_to_1pct	0.48571428571428577
seed149	S1	dominant_mean_ploidy	low_0_to_1pct	0.8769230769230769
seed150	S1	dominant_mean_ploidy	low_0_to_1pct	0.832967032967033
seed151	S1	dominant_mean_ploidy	low_0_to_1pct	0.8197802197802198
seed152	S1	dominant_mean_ploidy	low_0_to_1pct	0.9032967032967033
seed153	S1	dominant_mean_ploidy	low_0_to_1pct	0.8549450549450549
seed154	S1	dominant_mean_ploidy	low_0_to_1pct	0.8989010989010989
seed155	S1	dominant_mean_ploidy	low_0_to_1pct	0.6747252747252748
seed156	S1	dominant_mean_ploidy	low_0_to_1pct	0.745054945054945
seed157	S1	dominant_mean_ploidy	low_0_to_1pct	0.6615384615384616
seed158	S1	dominant_mean_ploidy	low_0_to_1pct	0.7890109890109891
seed159	S1	dominant_mean_ploidy	low_0_to_1pct	0.7714285714285714
seed160	S1	dominant_mean_ploidy	low_0_to_1pct	0.8681318681318682
seed161	S1	dominant_mean_ploidy	low_0_to_1pct	0.9032967032967033
seed162	S1	dominant_mean_ploidy	low_0_to_1pct	0.7538461538461538
seed163	S1	dominant_mean_ploidy	low_0_to_1pct	0.7846153846153847
seed164	S1	dominant_mean_ploidy	low_0_to_1pct	0.8769230769230769
seed165	S1	dominant_mean_ploidy	low_0_to_1pct	0.6351648351648352
seed166	S1	dominant_mean_ploidy	low_0_to_1pct	0.4681318681318682
seed167	S1	dominant_mean_ploidy	low_0_to_1pct	0.8065934065934066
seed168	S1	dominant_mean_ploidy	low_0_to_1pct	0.8285714285714285
seed169	S1	dominant_mean_ploidy	low_0_to_1pct	0.8153846153846154
seed170	S1	dominant_mean_ploidy	low_0_to_1pct	0.8945054945054945
seed171	S1	dominant_mean_ploidy	low_0_to_1pct	0.9428571428571428
seed172	S1	dominant_mean_ploidy	low_0_to_1pct	0.4901098901098901
seed173	S1	dominant_mean_ploidy	low_0_to_1pct	0.8989010989010989
seed174	S1	dominant_mean_ploidy	low_0_to_1pct	0.6923076923076923
seed175	S1	dominant_mean_ploidy	low_0_to_1pct	0.8901098901098902
seed176	S1	dominant_mean_ploidy	low_0_to_1pct	0.8769230769230769
seed177	S1	dominant_mean_ploidy	low_0_to_1pct	0.8637362637362638
seed178	S1	dominant_mean_ploidy	low_0_to_1pct	0.7054945054945055
seed179	S1	dominant_mean_ploidy	low_0_to_1pct	0.9604395604395607
seed180	S1	dominant_mean_ploidy	low_0_to_1pct	0.7846153846153847
seed181	S1	dominant_mean_ploidy	low_0_to_1pct	0.8241758241758241
seed182	S1	dominant_mean_ploidy	low_0_to_1pct	0.7582417582417583
seed183	S1	dominant_mean_ploidy	low_0_to_1pct	0.8549450549450549
seed184	S1	dominant_mean_ploidy	low_0_to_1pct	0.8989010989010989
seed185	S1	dominant_mean_ploidy	low_0_to_1pct	0.9076923076923077
seed186	S1	dominant_mean_ploidy	low_0_to_1pct	0.832967032967033
seed187	S1	dominant_mean_ploidy	low_0_to_1pct	0.7494505494505495
seed188	S1	dominant_mean_ploidy	low_0_to_1pct	0.6967032967032967
seed189	S1	dominant_mean_ploidy	low_0_to_1pct	0.6923076923076923
seed190	S1	dominant_mean_ploidy	low_0_to_1pct	0.9428571428571428
seed191	S1	dominant_mean_ploidy	low_0_to_1pct	0.9428571428571428
seed192	S1	dominant_mean_ploidy	low_0_to_1pct	0.9164835164835166
seed193	S1	dominant_mean_ploidy	low_0_to_1pct	0.8945054945054945
seed194	S1	dominant_mean_ploidy	low_0_to_1pct	0.5868131868131868
seed195	S1	dominant_mean_ploidy	low_0_to_1pct	0.8945054945054945
seed196	S1	dominant_mean_ploidy	low_0_to_1pct	0.8857142857142857
seed197	S1	dominant_mean_ploidy	low_0_to_1pct	0.7538461538461538
seed198	S1	dominant_mean_ploidy	low_0_to_1pct	0.9164835164835166
seed199	S1	dominant_mean_ploidy	low_0_to_1pct	0.8285714285714285
seed200	S1	dominant_mean_ploidy	low_0_to_1pct	0.6747252747252748
seed201	S1	dominant_mean_ploidy	low_0_to_1pct	0.8549450549450549
seed202	S1	dominant_mean_ploidy	low_0_to_1pct	0.9340659340659341
seed203	S1	dominant_mean_ploidy	low_0_to_1pct	0.9120879120879121
seed204	S1	dominant_mean_ploidy	low_0_to_1pct	0.8285714285714285
seed205	S1	dominant_mean_ploidy	low_0_to_1pct	0.8857142857142857
seed206	S1	dominant_mean_ploidy	low_0_to_1pct	0.8725274725274725
seed207	S1	dominant_mean_ploidy	low_0_to_1pct	0.8505494505494505
seed208	S1	dominant_mean_ploidy	low_0_to_1pct	0.8769230769230769
seed209	S1	dominant_mean_ploidy	low_0_to_1pct	0.7582417582417583
seed210	S1	dominant_mean_ploidy	low_0_to_1pct	0.9032967032967033
seed211	S1	dominant_mean_ploidy	low_0_to_1pct	0.6791208791208792
seed212	S1	dominant_mean_ploidy	low_0_to_1pct	0.9164835164835166
seed213	S1	dominant_mean_ploidy	low_0_to_1pct	0.9164835164835166
seed214	S1	dominant_mean_ploidy	low_0_to_1pct	0.7538461538461538
seed215	S1	dominant_mean_ploidy	low_0_to_1pct	0.9164835164835166
seed216	S1	dominant_mean_ploidy	low_0_to_1pct	0.8197802197802198
seed217	S1	dominant_mean_ploidy	low_0_to_1pct	0.3054945054945055
seed218	S1	dominant_mean_ploidy	low_0_to_1pct	0.8285714285714285
seed219	S1	dominant_mean_ploidy	low_0_to_1pct	0.9472527472527472
seed220	S1	dominant_mean_ploidy	low_0_to_1pct	0.9120879120879121
seed221	S1	dominant_mean_ploidy	low_0_to_1pct	0.8813186813186813
seed222	S1	dominant_mean_ploidy	low_0_to_1pct	0.9692307692307693
seed223	S1	dominant_mean_ploidy	low_0_to_1pct	0.8373626373626375
seed224	S1	dominant_mean_ploidy	low_0_to_1pct	0.6175824175824175
seed225	S1	dominant_mean_ploidy	low_0_to_1pct	0.7054945054945055
seed226	S1	dominant_mean_ploidy	low_0_to_1pct	0.9252747252747253
seed227	S1	dominant_mean_ploidy	low_0_to_1pct	0.9164835164835166
seed228	S1	dominant_mean_ploidy	low_0_to_1pct	0.8813186813186813
seed229	S1	dominant_mean_ploidy	low_0_to_1pct	0.7274725274725276
seed230	S1	dominant_mean_ploidy	low_0_to_1pct	0.9076923076923077
seed231	S1	dominant_mean_ploidy	low_0_to_1pct	0.9428571428571428
seed232	S1	dominant_mean_ploidy	low_0_to_1pct	0.8461538461538461
seed233	S1	dominant_mean_ploidy	low_0_to_1pct	0.8813186813186813
seed234	S1	dominant_mean_ploidy	low_0_to_1pct	0.8549450549450549
seed235	S1	dominant_mean_ploidy	low_0_to_1pct	0.9120879120879121
seed236	S1	dominant_mean_ploidy	low_0_to_1pct	0.745054945054945
seed237	S1	dominant_mean_ploidy	low_0_to_1pct	0.9032967032967033
seed238	S1	dominant_mean_ploidy	low_0_to_1pct	0.7934065934065934
seed239	S1	dominant_mean_ploidy	low_0_to_1pct	0.7582417582417583
seed240	S1	dominant_mean_ploidy	low_0_to_1pct	0.8857142857142857
seed241	S1	dominant_mean_ploidy	low_0_to_1pct	0.8461538461538461
seed242	S1	dominant_mean_ploidy	low_0_to_1pct	0.832967032967033
seed243	S1	dominant_mean_ploidy	low_0_to_1pct	0.6835164835164835
seed244	S1	dominant_mean_ploidy	low_0_to_1pct	0.8989010989010989
seed245	S1	dominant_mean_ploidy	low_0_to_1pct	0.8065934065934066
seed246	S1	dominant_mean_ploidy	low_0_to_1pct	0.7054945054945055
seed247	S1	dominant_mean_ploidy	low_0_to_1pct	0.832967032967033
seed248	S1	dominant_mean_ploidy	low_0_to_1pct	0.8989010989010989
seed249	S1	dominant_mean_ploidy	low_0_to_1pct	0.5604395604395604
seed250	S1	dominant_mean_ploidy	low_0_to_1pct	0.7538461538461538
seed251	S1	dominant_mean_ploidy	low_0_to_1pct	0.9032967032967033
seed252	S1	dominant_mean_ploidy	low_0_to_1pct	0.8373626373626375
seed253	S1	dominant_mean_ploidy	low_0_to_1pct	0.9780219780219781
seed254	S1	dominant_mean_ploidy	low_0_to_1pct	0.8153846153846154
seed255	S1	dominant_mean_ploidy	low_0_to_1pct	0.8593406593406594
seed256	S1	dominant_mean_ploidy	low_0_to_1pct	0.767032967032967
seed257	S1	dominant_mean_ploidy	low_0_to_1pct	0.6175824175824175
seed258	S1	dominant_mean_ploidy	low_0_to_1pct	0.8285714285714285
seed259	S1	dominant_mean_ploidy	low_0_to_1pct	0.7186813186813187
seed260	S1	dominant_mean_ploidy	low_0_to_1pct	0.8681318681318682
seed261	S1	dominant_mean_ploidy	low_0_to_1pct	0.8769230769230769
seed262	S1	dominant_mean_ploidy	low_0_to_1pct	0.767032967032967
seed263	S1	dominant_mean_ploidy	low_0_to_1pct	0.5076923076923077
seed264	S1	dominant_mean_ploidy	low_0_to_1pct	0.9076923076923077
seed265	S1	dominant_mean_ploidy	low_0_to_1pct	0.8065934065934066
seed266	S1	dominant_mean_ploidy	low_0_to_1pct	0.9340659340659341
seed267	S1	dominant_mean_ploidy	low_0_to_1pct	0.6747252747252748
seed268	S1	dominant_mean_ploidy	low_0_to_1pct	0.665934065934066
seed269	S1	dominant_mean_ploidy	low_0_to_1pct	0.8681318681318682
seed270	S1	dominant_mean_ploidy	low_0_to_1pct	0.7142857142857143
seed271	S1	dominant_mean_ploidy	low_0_to_1pct	0.8593406593406594
seed272	S1	dominant_mean_ploidy	low_0_to_1pct	0.9076923076923077
seed273	S1	dominant_mean_ploidy	low_0_to_1pct	0.7142857142857143
seed274	S1	dominant_mean_ploidy	low_0_to_1pct	0.49890109890109896
seed275	S1	dominant_mean_ploidy	low_0_to_1pct	0.9032967032967033
seed276	S1	dominant_mean_ploidy	low_0_to_1pct	0.8285714285714285
seed277	S1	dominant_mean_ploidy	low_0_to_1pct	0.8197802197802198
seed278	S1	dominant_mean_ploidy	low_0_to_1pct	0.7494505494505495
seed279	S1	dominant_mean_ploidy	low_0_to_1pct	0.8725274725274725
seed280	S1	dominant_mean_ploidy	low_0_to_1pct	0.7802197802197802
seed281	S1	dominant_mean_ploidy	low_0_to_1pct	0.8769230769230769
seed282	S1	dominant_mean_ploidy	low_0_to_1pct	0.9472527472527472
seed283	S1	dominant_mean_ploidy	low_0_to_1pct	0.6439560439560439
seed284	S1	dominant_mean_ploidy	low_0_to_1pct	0.6307692307692307
seed285	S1	dominant_mean_ploidy	low_0_to_1pct	0.5780219780219781
seed286	S1	dominant_mean_ploidy	low_0_to_1pct	0.7758241758241758
seed287	S1	dominant_mean_ploidy	low_0_to_1pct	0.8769230769230769
seed288	S1	dominant_mean_ploidy	low_0_to_1pct	0.7494505494505495
seed289	S1	dominant_mean_ploidy	low_0_to_1pct	0.7186813186813187
seed290	S1	dominant_mean_ploidy	low_0_to_1pct	0.5956043956043956
seed291	S1	dominant_mean_ploidy	low_0_to_1pct	0.9164835164835166
seed292	S1	dominant_mean_ploidy	low_0_to_1pct	0.9736263736263736
seed293	S1	dominant_mean_ploidy	low_0_to_1pct	0.8901098901098902
seed294	S1	dominant_mean_ploidy	low_0_to_1pct	0.7890109890109891
seed295	S1	dominant_mean_ploidy	low_0_to_1pct	0.9692307692307693
seed296	S1	dominant_mean_ploidy	low_0_to_1pct	0.9032967032967033
seed297	S1	dominant_mean_ploidy	low_0_to_1pct	0.8945054945054945
seed298	S1	dominant_mean_ploidy	low_0_to_1pct	0.8769230769230769
seed299	S1	dominant_mean_ploidy	low_0_to_1pct	0.7978021978021977
seed300	S1	dominant_mean_ploidy	low_0_to_1pct	0.8769230769230769
seed301	S1	dominant_mean_ploidy	low_0_to_1pct	0.7846153846153847
seed302	S1	dominant_mean_ploidy	low_0_to_1pct	0.8769230769230769
seed303	S1	dominant_mean_ploidy	low_0_to_1pct	0.6791208791208792
seed304	S1	dominant_mean_ploidy	low_0_to_1pct	0.9120879120879121
seed305	S1	dominant_mean_ploidy	low_0_to_1pct	0.8197802197802198
seed306	S1	dominant_mean_ploidy	low_0_to_1pct	0.7626373626373627
seed307	S1	dominant_mean_ploidy	low_0_to_1pct	0.8285714285714285
seed308	S1	dominant_mean_ploidy	low_0_to_1pct	0.9164835164835166
seed309	S1	dominant_mean_ploidy	low_0_to_1pct	0.9164835164835166
seed310	S1	dominant_mean_ploidy	low_0_to_1pct	0.7406593406593407
seed311	S1	dominant_mean_ploidy	low_0_to_1pct	0.7890109890109891
seed312	S1	dominant_mean_ploidy	low_0_to_1pct	0.6747252747252748
seed313	S1	dominant_mean_ploidy	low_0_to_1pct	0.7406593406593407
seed314	S1	dominant_mean_ploidy	low_0_to_1pct	0.8549450549450549
seed315	S1	dominant_mean_ploidy	low_0_to_1pct	0.8109890109890111
seed316	S1	dominant_mean_ploidy	low_0_to_1pct	0.7010989010989012
seed317	S1	dominant_mean_ploidy	low_0_to_1pct	0.7318681318681319
seed318	S1	dominant_mean_ploidy	low_0_to_1pct	0.7186813186813187
seed319	S1	dominant_mean_ploidy	low_0_to_1pct	0.9076923076923077
seed320	S1	dominant_mean_ploidy	low_0_to_1pct	0.8505494505494505
seed321	S1	dominant_mean_ploidy	low_0_to_1pct	0.832967032967033
seed322	S1	dominant_mean_ploidy	low_0_to_1pct	0.7142857142857143
seed323	S1	dominant_mean_ploidy	low_0_to_1pct	0.832967032967033
seed324	S1	dominant_mean_ploidy	low_0_to_1pct	0.6307692307692307
seed325	S1	dominant_mean_ploidy	low_0_to_1pct	0.7714285714285714
seed326	S1	dominant_mean_ploidy	low_0_to_1pct	0.9076923076923077
seed327	S1	dominant_mean_ploidy	low_0_to_1pct	0.6263736263736264
seed328	S1	dominant_mean_ploidy	low_0_to_1pct	0.8153846153846154
seed329	S1	dominant_mean_ploidy	low_0_to_1pct	0.7846153846153847
seed330	S1	dominant_mean_ploidy	low_0_to_1pct	0.9120879120879121
seed331	S1	dominant_mean_ploidy	low_0_to_1pct	0.6571428571428571
seed332	S1	dominant_mean_ploidy	low_0_to_1pct	0.8813186813186813
seed333	S1	dominant_mean_ploidy	low_0_to_1pct	0.8197802197802198
seed334	S1	dominant_mean_ploidy	low_0_to_1pct	0.9340659340659341
seed335	S1	dominant_mean_ploidy	low_0_to_1pct	0.7846153846153847
seed336	S1	dominant_mean_ploidy	low_0_to_1pct	0.832967032967033
seed337	S1	dominant_mean_ploidy	low_0_to_1pct	0.8813186813186813
seed338	S1	dominant_mean_ploidy	low_0_to_1pct	0.9076923076923077
seed339	S1	dominant_mean_ploidy	low_0_to_1pct	0.9428571428571428
seed340	S1	dominant_mean_ploidy	low_0_to_1pct	0.9164835164835166
seed341	S1	dominant_mean_ploidy	low_0_to_1pct	0.8769230769230769
seed342	S1	dominant_mean_ploidy	low_0_to_1pct	0.8593406593406594
seed343	S1	dominant_mean_ploidy	low_0_to_1pct	0.5648351648351648
seed344	S1	dominant_mean_ploidy	low_0_to_1pct	0.7846153846153847
seed345	S1	dominant_mean_ploidy	low_0_to_1pct	0.832967032967033
seed346	S1	dominant_mean_ploidy	low_0_to_1pct	0.7582417582417583
seed347	S1	dominant_mean_ploidy	low_0_to_1pct	0.5560439560439561
seed348	S1	dominant_mean_ploidy	low_0_to_1pct	0.9516483516483516
seed349	S1	dominant_mean_ploidy	low_0_to_1pct	0.5604395604395604
seed350	S1	dominant_mean_ploidy	low_0_to_1pct	0.8461538461538461
seed351	S1	dominant_mean_ploidy	low_0_to_1pct	0.7582417582417583
seed352	S1	dominant_mean_ploidy	low_0_to_1pct	0.7890109890109891
seed353	S1	dominant_mean_ploidy	low_0_to_1pct	0.9120879120879121
seed354	S1	dominant_mean_ploidy	low_0_to_1pct	0.767032967032967
seed355	S1	dominant_mean_ploidy	low_0_to_1pct	0.9120879120879121
seed356	S1	dominant_mean_ploidy	low_0_to_1pct	0.8241758241758241
seed357	S1	dominant_mean_ploidy	low_0_to_1pct	0.8241758241758241
seed358	S1	dominant_mean_ploidy	low_0_to_1pct	0.8769230769230769
seed359	S1	dominant_mean_ploidy	low_0_to_1pct	0.6923076923076923
seed360	S1	dominant_mean_ploidy	low_0_to_1pct	0.7494505494505495
seed361	S1	dominant_mean_ploidy	low_0_to_1pct	0.7142857142857143
seed362	S1	dominant_mean_ploidy	low_0_to_1pct	0.6175824175824175
seed363	S1	dominant_mean_ploidy	low_0_to_1pct	0.8417582417582418
seed364	S1	dominant_mean_ploidy	low_0_to_1pct	0.6175824175824175
seed365	S1	dominant_mean_ploidy	low_0_to_1pct	0.7318681318681319
seed366	S1	dominant_mean_ploidy	low_0_to_1pct	0.9736263736263736
seed367	S1	dominant_mean_ploidy	low_0_to_1pct	0.7758241758241758
seed368	S1	dominant_mean_ploidy	low_0_to_1pct	0.9032967032967033
seed369	S1	dominant_mean_ploidy	low_0_to_1pct	0.9208791208791209
seed370	S1	dominant_mean_ploidy	low_0_to_1pct	0.8857142857142857
seed371	S1	dominant_mean_ploidy	low_0_to_1pct	0.7714285714285714
seed372	S1	dominant_mean_ploidy	low_0_to_1pct	0.7714285714285714
seed373	S1	dominant_mean_ploidy	low_0_to_1pct	0.8769230769230769
seed374	S1	dominant_mean_ploidy	low_0_to_1pct	0.8417582417582418
seed375	S1	dominant_mean_ploidy	low_0_to_1pct	0.9076923076923077
seed376	S1	dominant_mean_ploidy	low_0_to_1pct	0.6527472527472528
seed377	S1	dominant_mean_ploidy	low_0_to_1pct	0.7846153846153847
seed378	S1	dominant_mean_ploidy	low_0_to_1pct	0.6791208791208792
seed379	S1	dominant_mean_ploidy	low_0_to_1pct	0.665934065934066
seed380	S1	dominant_mean_ploidy	low_0_to_1pct	0.9296703296703297
seed381	S1	dominant_mean_ploidy	low_0_to_1pct	0.9076923076923077
seed382	S1	dominant_mean_ploidy	low_0_to_1pct	0.8197802197802198
seed383	S1	dominant_mean_ploidy	low_0_to_1pct	0.9516483516483516
seed384	S1	dominant_mean_ploidy	low_0_to_1pct	0.8197802197802198
seed385	S1	dominant_mean_ploidy	low_0_to_1pct	0.9120879120879121
seed386	S1	dominant_mean_ploidy	low_0_to_1pct	0.8549450549450549
seed387	S1	dominant_mean_ploidy	low_0_to_1pct	0.8109890109890111
seed388	S1	dominant_mean_ploidy	low_0_to_1pct	0.8549450549450549
seed389	S1	dominant_mean_ploidy	low_0_to_1pct	0.9604395604395607
seed390	S1	dominant_mean_ploidy	low_0_to_1pct	0.5428571428571429
seed391	S1	dominant_mean_ploidy	low_0_to_1pct	0.6395604395604396
seed392	S1	dominant_mean_ploidy	low_0_to_1pct	0.6879120879120879
seed393	S1	dominant_mean_ploidy	low_0_to_1pct	0.8901098901098902
seed394	S1	dominant_mean_ploidy	low_0_to_1pct	0.8637362637362638
seed395	S1	dominant_mean_ploidy	low_0_to_1pct	0.7538461538461538
seed396	S1	dominant_mean_ploidy	low_0_to_1pct	0.7802197802197802
seed397	S1	dominant_mean_ploidy	low_0_to_1pct	0.5604395604395604
seed398	S1	dominant_mean_ploidy	low_0_to_1pct	0.8109890109890111
seed399	S1	dominant_mean_ploidy	low_0_to_1pct	0.7098901098901099
seed400	S1	dominant_mean_ploidy	low_0_to_1pct	0.5824175824175825
seed401	S1	dominant_mean_ploidy	low_0_to_1pct	0.8681318681318682
seed402	S1	dominant_mean_ploidy	low_0_to_1pct	0.5604395604395604
seed403	S1	dominant_mean_ploidy	low_0_to_1pct	0.9516483516483516
seed404	S1	dominant_mean_ploidy	low_0_to_1pct	0.8637362637362638
seed405	S1	dominant_mean_ploidy	low_0_to_1pct	0.8197802197802198
seed406	S1	dominant_mean_ploidy	low_0_to_1pct	0.6835164835164835
seed407	S1	dominant_mean_ploidy	low_0_to_1pct	0.6351648351648352
seed408	S1	dominant_mean_ploidy	low_0_to_1pct	0.8065934065934066
seed409	S1	dominant_mean_ploidy	low_0_to_1pct	0.9252747252747253
seed410	S1	dominant_mean_ploidy	low_0_to_1pct	0.8505494505494505
seed411	S1	dominant_mean_ploidy	low_0_to_1pct	0.8241758241758241
seed412	S1	dominant_mean_ploidy	low_0_to_1pct	0.5120879120879122
seed413	S1	dominant_mean_ploidy	low_0_to_1pct	0.6
seed414	S1	dominant_mean_ploidy	low_0_to_1pct	0.8241758241758241
seed415	S1	dominant_mean_ploidy	low_0_to_1pct	0.745054945054945
seed416	S1	dominant_mean_ploidy	low_0_to_1pct	0.9604395604395607
seed417	S1	dominant_mean_ploidy	low_0_to_1pct	0.8021978021978022
seed418	S1	dominant_mean_ploidy	low_0_to_1pct	0.8901098901098902
seed419	S1	dominant_mean_ploidy	low_0_to_1pct	0.8989010989010989
seed420	S1	dominant_mean_ploidy	low_0_to_1pct	0.7494505494505495
seed421	S1	dominant_mean_ploidy	low_0_to_1pct	0.7758241758241758
seed422	S1	dominant_mean_ploidy	low_0_to_1pct	0.6923076923076923
seed423	S1	dominant_mean_ploidy	low_0_to_1pct	0.8197802197802198
seed424	S1	dominant_mean_ploidy	low_0_to_1pct	0.9164835164835166
seed425	S1	dominant_mean_ploidy	low_0_to_1pct	0.6615384615384616
seed426	S1	dominant_mean_ploidy	low_0_to_1pct	0.5076923076923077
seed427	S1	dominant_mean_ploidy	low_0_to_1pct	0.5824175824175825
seed428	S1	dominant_mean_ploidy	low_0_to_1pct	0.9428571428571428
seed429	S1	dominant_mean_ploidy	low_0_to_1pct	0.9472527472527472
seed430	S1	dominant_mean_ploidy	low_0_to_1pct	0.832967032967033
seed431	S1	dominant_mean_ploidy	low_0_to_1pct	0.7934065934065934
seed432	S1	dominant_mean_ploidy	low_0_to_1pct	0.7406593406593407
seed433	S1	dominant_mean_ploidy	low_0_to_1pct	0.6307692307692307
seed434	S1	dominant_mean_ploidy	low_0_to_1pct	0.7186813186813187
seed435	S1	dominant_mean_ploidy	low_0_to_1pct	0.956043956043956
seed436	S1	dominant_mean_ploidy	low_0_to_1pct	0.6791208791208792
seed437	S1	dominant_mean_ploidy	low_0_to_1pct	0.8373626373626375
seed438	S1	dominant_mean_ploidy	low_0_to_1pct	0.7582417582417583
seed439	S1	dominant_mean_ploidy	low_0_to_1pct	0.9428571428571428
seed440	S1	dominant_mean_ploidy	low_0_to_1pct	0.9296703296703297
seed441	S1	dominant_mean_ploidy	low_0_to_1pct	0.8593406593406594
seed442	S1	dominant_mean_ploidy	low_0_to_1pct	0.8285714285714285
seed443	S1	dominant_mean_ploidy	low_0_to_1pct	0.8285714285714285
seed444	S1	dominant_mean_ploidy	low_0_to_1pct	0.9692307692307693
seed445	S1	dominant_mean_ploidy	low_0_to_1pct	0.5384615384615385
seed446	S1	dominant_mean_ploidy	low_0_to_1pct	0.7098901098901099
seed447	S1	dominant_mean_ploidy	low_0_to_1pct	0.8989010989010989
seed448	S1	dominant_mean_ploidy	low_0_to_1pct	0.6131868131868132
seed449	S1	dominant_mean_ploidy	low_0_to_1pct	0.8989010989010989
seed450	S1	dominant_mean_ploidy	low_0_to_1pct	0.8593406593406594
seed451	S1	dominant_mean_ploidy	low_0_to_1pct	0.7582417582417583
seed452	S1	dominant_mean_ploidy	low_0_to_1pct	0.8021978021978022
seed453	S1	dominant_mean_ploidy	low_0_to_1pct	0.8505494505494505
seed454	S1	dominant_mean_ploidy	low_0_to_1pct	0.8065934065934066
seed455	S1	dominant_mean_ploidy	low_0_to_1pct	0.7274725274725276
seed456	S1	dominant_mean_ploidy	low_0_to_1pct	0.5912087912087912
seed457	S1	dominant_mean_ploidy	low_0_to_1pct	0.6175824175824175
seed458	S1	dominant_mean_ploidy	low_0_to_1pct	0.9208791208791209
seed459	S1	dominant_mean_ploidy	low_0_to_1pct	0.9340659340659341
seed460	S1	dominant_mean_ploidy	low_0_to_1pct	0.7010989010989012
seed461	S1	dominant_mean_ploidy	low_0_to_1pct	0.8681318681318682
seed462	S1	dominant_mean_ploidy	low_0_to_1pct	0.9516483516483516
seed463	S1	dominant_mean_ploidy	low_0_to_1pct	0.9032967032967033
seed464	S1	dominant_mean_ploidy	low_0_to_1pct	0.8681318681318682
seed465	S1	dominant_mean_ploidy	low_0_to_1pct	0.8549450549450549
seed466	S1	dominant_mean_ploidy	low_0_to_1pct	0.8021978021978022
seed467	S1	dominant_mean_ploidy	low_0_to_1pct	0.8637362637362638
seed468	S1	dominant_mean_ploidy	low_0_to_1pct	0.9648351648351648
seed469	S1	dominant_mean_ploidy	low_0_to_1pct	0.8901098901098902
seed470	S1	dominant_mean_ploidy	low_0_to_1pct	0.8813186813186813
seed471	S1	dominant_mean_ploidy	low_0_to_1pct	0.7406593406593407
seed472	S1	dominant_mean_ploidy	low_0_to_1pct	0.8769230769230769
seed473	S1	dominant_mean_ploidy	low_0_to_1pct	0.7098901098901099
seed474	S1	dominant_mean_ploidy	low_0_to_1pct	0.8109890109890111
seed475	S1	dominant_mean_ploidy	low_0_to_1pct	0.6175824175824175
seed476	S1	dominant_mean_ploidy	low_0_to_1pct	0.8989010989010989
seed477	S1	dominant_mean_ploidy	low_0_to_1pct	0.8945054945054945
seed478	S1	dominant_mean_ploidy	low_0_to_1pct	0.5912087912087912
seed479	S1	dominant_mean_ploidy	low_0_to_1pct	0.7406593406593407
seed480	S1	dominant_mean_ploidy	low_0_to_1pct	0.8593406593406594
seed481	S1	dominant_mean_ploidy	low_0_to_1pct	0.8681318681318682
seed482	S1	dominant_mean_ploidy	low_0_to_1pct	0.9076923076923077
seed483	S1	dominant_mean_ploidy	low_0_to_1pct	0.8109890109890111
seed484	S1	dominant_mean_ploidy	low_0_to_1pct	0.832967032967033
seed485	S1	dominant_mean_ploidy	low_0_to_1pct	0.6307692307692307
seed486	S1	dominant_mean_ploidy	low_0_to_1pct	0.8285714285714285
seed487	S1	dominant_mean_ploidy	low_0_to_1pct	0.7538461538461538
seed488	S1	dominant_mean_ploidy	low_0_to_1pct	0.8813186813186813
seed489	S1	dominant_mean_ploidy	low_0_to_1pct	0.832967032967033
seed490	S1	dominant_mean_ploidy	low_0_to_1pct	0.9076923076923077
seed491	S1	dominant_mean_ploidy	low_0_to_1pct	0.7010989010989012
seed492	S1	dominant_mean_ploidy	low_0_to_1pct	0.6087912087912088
seed493	S1	dominant_mean_ploidy	low_0_to_1pct	0.6967032967032967
seed494	S1	dominant_mean_ploidy	low_0_to_1pct	0.7626373626373627
seed495	S1	dominant_mean_ploidy	low_0_to_1pct	0.7978021978021977
seed496	S1	dominant_mean_ploidy	low_0_to_1pct	0.5472527472527472
seed497	S1	dominant_mean_ploidy	low_0_to_1pct	0.7758241758241758
seed498	S1	dominant_mean_ploidy	low_0_to_1pct	0.6967032967032967
seed499	S1	dominant_mean_ploidy	low_0_to_1pct	0.8505494505494505
seed500	S1	dominant_mean_ploidy	low_0_to_1pct	0.8285714285714285
seed1	S1	dominant_mean_ploidy	high_3_to_5pct	0.7626373626373627
seed2	S1	dominant_mean_ploidy	high_3_to_5pct	0.4153846153846154
seed3	S1	dominant_mean_ploidy	high_3_to_5pct	0.8109890109890111
seed4	S1	dominant_mean_ploidy	high_3_to_5pct	0.8065934065934066
seed5	S1	dominant_mean_ploidy	high_3_to_5pct	0.8725274725274725
seed6	S1	dominant_mean_ploidy	high_3_to_5pct	0.8681318681318682
seed7	S1	dominant_mean_ploidy	high_3_to_5pct	0.8417582417582418
seed8	S1	dominant_mean_ploidy	high_3_to_5pct	0.8593406593406594
seed9	S1	dominant_mean_ploidy	high_3_to_5pct	0.9076923076923077
seed10	S1	dominant_mean_ploidy	high_3_to_5pct	0.9164835164835166
seed11	S1	dominant_mean_ploidy	high_3_to_5pct	0.9780219780219781
seed12	S1	dominant_mean_ploidy	high_3_to_5pct	0.8769230769230769
seed13	S1	dominant_mean_ploidy	high_3_to_5pct	0.832967032967033
seed14	S1	dominant_mean_ploidy	high_3_to_5pct	0.9604395604395607
seed15	S1	dominant_mean_ploidy	high_3_to_5pct	0.8901098901098902
seed16	S1	dominant_mean_ploidy	high_3_to_5pct	0.7758241758241758
seed17	S1	dominant_mean_ploidy	high_3_to_5pct	0.9648351648351648
seed18	S1	dominant_mean_ploidy	high_3_to_5pct	0.8857142857142857
seed19	S1	dominant_mean_ploidy	high_3_to_5pct	0.6571428571428571
seed20	S1	dominant_mean_ploidy	high_3_to_5pct	0.9384615384615385
seed21	S1	dominant_mean_ploidy	high_3_to_5pct	0.6879120879120879
seed22	S1	dominant_mean_ploidy	high_3_to_5pct	0.9384615384615385
seed23	S1	dominant_mean_ploidy	high_3_to_5pct	0.8065934065934066
seed24	S1	dominant_mean_ploidy	high_3_to_5pct	0.9032967032967033
seed25	S1	dominant_mean_ploidy	high_3_to_5pct	0.9384615384615385
seed26	S1	dominant_mean_ploidy	high_3_to_5pct	0.9692307692307693
seed27	S1	dominant_mean_ploidy	high_3_to_5pct	0.8593406593406594
seed28	S1	dominant_mean_ploidy	high_3_to_5pct	0.7054945054945055
seed29	S1	dominant_mean_ploidy	high_3_to_5pct	0.8813186813186813
seed30	S1	dominant_mean_ploidy	high_3_to_5pct	0.9384615384615385
seed31	S1	dominant_mean_ploidy	high_3_to_5pct	0.6923076923076923
seed32	S1	dominant_mean_ploidy	high_3_to_5pct	0.8725274725274725
seed33	S1	dominant_mean_ploidy	high_3_to_5pct	0.5648351648351648
seed34	S1	dominant_mean_ploidy	high_3_to_5pct	0.9076923076923077
seed35	S1	dominant_mean_ploidy	high_3_to_5pct	0.9340659340659341
seed36	S1	dominant_mean_ploidy	high_3_to_5pct	0.9428571428571428
seed37	S1	dominant_mean_ploidy	high_3_to_5pct	0.9340659340659341
seed38	S1	dominant_mean_ploidy	high_3_to_5pct	0.7010989010989012
seed39	S1	dominant_mean_ploidy	high_3_to_5pct	0.7538461538461538
seed40	S1	dominant_mean_ploidy	high_3_to_5pct	0.8989010989010989
seed41	S1	dominant_mean_ploidy	high_3_to_5pct	0.8945054945054945
seed42	S1	dominant_mean_ploidy	high_3_to_5pct	0.9340659340659341
seed43	S1	dominant_mean_ploidy	high_3_to_5pct	0.8989010989010989
seed44	S1	dominant_mean_ploidy	high_3_to_5pct	0.7626373626373627
seed45	S1	dominant_mean_ploidy	high_3_to_5pct	0.9736263736263736
seed46	S1	dominant_mean_ploidy	high_3_to_5pct	0.9120879120879121
seed47	S1	dominant_mean_ploidy	high_3_to_5pct	0.9472527472527472
seed48	S1	dominant_mean_ploidy	high_3_to_5pct	0.8197802197802198
seed49	S1	dominant_mean_ploidy	high_3_to_5pct	0.9648351648351648
seed50	S1	dominant_mean_ploidy	high_3_to_5pct	0.8285714285714285
seed51	S1	dominant_mean_ploidy	high_3_to_5pct	0.9032967032967033
seed52	S1	dominant_mean_ploidy	high_3_to_5pct	0.8153846153846154
seed53	S1	dominant_mean_ploidy	high_3_to_5pct	0.5472527472527472
seed54	S1	dominant_mean_ploidy	high_3_to_5pct	0.9296703296703297
seed55	S1	dominant_mean_ploidy	high_3_to_5pct	0.9384615384615385
seed56	S1	dominant_mean_ploidy	high_3_to_5pct	0.9340659340659341
seed57	S1	dominant_mean_ploidy	high_3_to_5pct	0.9120879120879121
seed58	S1	dominant_mean_ploidy	high_3_to_5pct	0.9472527472527472
seed59	S1	dominant_mean_ploidy	high_3_to_5pct	0.9076923076923077
seed60	S1	dominant_mean_ploidy	high_3_to_5pct	0.8505494505494505
seed61	S1	dominant_mean_ploidy	high_3_to_5pct	0.6043956043956044
seed62	S1	dominant_mean_ploidy	high_3_to_5pct	0.8109890109890111
seed63	S1	dominant_mean_ploidy	high_3_to_5pct	0.621978021978022
seed64	S1	dominant_mean_ploidy	high_3_to_5pct	0.7978021978021977
seed65	S1	dominant_mean_ploidy	high_3_to_5pct	0.9208791208791209
seed66	S1	dominant_mean_ploidy	high_3_to_5pct	0.48571428571428577
seed67	S1	dominant_mean_ploidy	high_3_to_5pct	0.9296703296703297
seed68	S1	dominant_mean_ploidy	high_3_to_5pct	0.956043956043956
seed69	S1	dominant_mean_ploidy	high_3_to_5pct	0.9208791208791209
seed70	S1	dominant_mean_ploidy	high_3_to_5pct	0.8241758241758241
seed71	S1	dominant_mean_ploidy	high_3_to_5pct	0.8637362637362638
seed72	S1	dominant_mean_ploidy	high_3_to_5pct	0.8461538461538461
seed73	S1	dominant_mean_ploidy	high_3_to_5pct	0.9252747252747253
seed74	S1	dominant_mean_ploidy	high_3_to_5pct	0.8857142857142857
seed75	S1	dominant_mean_ploidy	high_3_to_5pct	0.9384615384615385
seed76	S1	dominant_mean_ploidy	high_3_to_5pct	0.9472527472527472
seed77	S1	dominant_mean_ploidy	high_3_to_5pct	0.9516483516483516
seed78	S1	dominant_mean_ploidy	high_3_to_5pct	0.7406593406593407
seed79	S1	dominant_mean_ploidy	high_3_to_5pct	0.9120879120879121
seed80	S1	dominant_mean_ploidy	high_3_to_5pct	0.9164835164835166
seed81	S1	dominant_mean_ploidy	high_3_to_5pct	0.8109890109890111
seed82	S1	dominant_mean_ploidy	high_3_to_5pct	0.8065934065934066
seed83	S1	dominant_mean_ploidy	high_3_to_5pct	0.8461538461538461
seed84	S1	dominant_mean_ploidy	high_3_to_5pct	0.8901098901098902
seed85	S1	dominant_mean_ploidy	high_3_to_5pct	0.9164835164835166
seed86	S1	dominant_mean_ploidy	high_3_to_5pct	0.8725274725274725
seed87	S1	dominant_mean_ploidy	high_3_to_5pct	0.8241758241758241
seed88	S1	dominant_mean_ploidy	high_3_to_5pct	0.8461538461538461
seed89	S1	dominant_mean_ploidy	high_3_to_5pct	0.8901098901098902
seed90	S1	dominant_mean_ploidy	high_3_to_5pct	0.5604395604395604
seed91	S1	dominant_mean_ploidy	high_3_to_5pct	0.9208791208791209
seed92	S1	dominant_mean_ploidy	high_3_to_5pct	0.8153846153846154
seed93	S1	dominant_mean_ploidy	high_3_to_5pct	0.9208791208791209
seed94	S1	dominant_mean_ploidy	high_3_to_5pct	0.8681318681318682
seed95	S1	dominant_mean_ploidy	high_3_to_5pct	0.9296703296703297
seed96	S1	dominant_mean_ploidy	high_3_to_5pct	0.8989010989010989
seed97	S1	dominant_mean_ploidy	high_3_to_5pct	0.7802197802197802
seed98	S1	dominant_mean_ploidy	high_3_to_5pct	0.7934065934065934
seed99	S1	dominant_mean_ploidy	high_3_to_5pct	0.9296703296703297
seed100	S1	dominant_mean_ploidy	high_3_to_5pct	0.9780219780219781
seed101	S1	dominant_mean_ploidy	high_3_to_5pct	0.7846153846153847
seed102	S1	dominant_mean_ploidy	high_3_to_5pct	0.9472527472527472
seed103	S1	dominant_mean_ploidy	high_3_to_5pct	0.8593406593406594
seed104	S1	dominant_mean_ploidy	high_3_to_5pct	0.9472527472527472
seed105	S1	dominant_mean_ploidy	high_3_to_5pct	0.48571428571428577
seed106	S1	dominant_mean_ploidy	high_3_to_5pct	0.9428571428571428
seed107	S1	dominant_mean_ploidy	high_3_to_5pct	0.9032967032967033
seed108	S1	dominant_mean_ploidy	high_3_to_5pct	0.9384615384615385
seed109	S1	dominant_mean_ploidy	high_3_to_5pct	0.8945054945054945
seed110	S1	dominant_mean_ploidy	high_3_to_5pct	0.8681318681318682
seed111	S1	dominant_mean_ploidy	high_3_to_5pct	0.9120879120879121
seed112	S1	dominant_mean_ploidy	high_3_to_5pct	0.9604395604395607
seed113	S1	dominant_mean_ploidy	high_3_to_5pct	0.9032967032967033
seed114	S1	dominant_mean_ploidy	high_3_to_5pct	0.7758241758241758
seed115	S1	dominant_mean_ploidy	high_3_to_5pct	0.8505494505494505
seed116	S1	dominant_mean_ploidy	high_3_to_5pct	0.9120879120879121
seed117	S1	dominant_mean_ploidy	high_3_to_5pct	0.956043956043956
seed118	S1	dominant_mean_ploidy	high_3_to_5pct	0.9648351648351648
seed119	S1	dominant_mean_ploidy	high_3_to_5pct	0.956043956043956
seed120	S1	dominant_mean_ploidy	high_3_to_5pct	0.956043956043956
seed121	S1	dominant_mean_ploidy	high_3_to_5pct	0.9208791208791209
seed122	S1	dominant_mean_ploidy	high_3_to_5pct	0.832967032967033
seed123	S1	dominant_mean_ploidy	high_3_to_5pct	0.8637362637362638
seed124	S1	dominant_mean_ploidy	high_3_to_5pct	0.8945054945054945
seed125	S1	dominant_mean_ploidy	high_3_to_5pct	0.9252747252747253
seed126	S1	dominant_mean_ploidy	high_3_to_5pct	0.8241758241758241
seed127	S1	dominant_mean_ploidy	high_3_to_5pct	0.8373626373626375
seed128	S1	dominant_mean_ploidy	high_3_to_5pct	0.9384615384615385
seed129	S1	dominant_mean_ploidy	high_3_to_5pct	0.6307692307692307
seed130	S1	dominant_mean_ploidy	high_3_to_5pct	0.9032967032967033
seed131	S1	dominant_mean_ploidy	high_3_to_5pct	0.8637362637362638
seed132	S1	dominant_mean_ploidy	high_3_to_5pct	0.9692307692307693
seed133	S1	dominant_mean_ploidy	high_3_to_5pct	0.7494505494505495
seed134	S1	dominant_mean_ploidy	high_3_to_5pct	0.8901098901098902
seed135	S1	dominant_mean_ploidy	high_3_to_5pct	0.9516483516483516
seed136	S1	dominant_mean_ploidy	high_3_to_5pct	0.8725274725274725
seed137	S1	dominant_mean_ploidy	high_3_to_5pct	0.8989010989010989
seed138	S1	dominant_mean_ploidy	high_3_to_5pct	0.8549450549450549
seed139	S1	dominant_mean_ploidy	high_3_to_5pct	0.7582417582417583
seed140	S1	dominant_mean_ploidy	high_3_to_5pct	0.9340659340659341
seed141	S1	dominant_mean_ploidy	high_3_to_5pct	0.8901098901098902
seed142	S1	dominant_mean_ploidy	high_3_to_5pct	0.8725274725274725
seed143	S1	dominant_mean_ploidy	high_3_to_5pct	0.9384615384615385
seed144	S1	dominant_mean_ploidy	high_3_to_5pct	0.8505494505494505
seed145	S1	dominant_mean_ploidy	high_3_to_5pct	0.8285714285714285
seed146	S1	dominant_mean_ploidy	high_3_to_5pct	0.8945054945054945
seed147	S1	dominant_mean_ploidy	high_3_to_5pct	0.7054945054945055
seed148	S1	dominant_mean_ploidy	high_3_to_5pct	0.6835164835164835
seed149	S1	dominant_mean_ploidy	high_3_to_5pct	0.9208791208791209
seed150	S1	dominant_mean_ploidy	high_3_to_5pct	0.7362637362637363
seed151	S1	dominant_mean_ploidy	high_3_to_5pct	0.9648351648351648
seed152	S1	dominant_mean_ploidy	high_3_to_5pct	0.8769230769230769
seed153	S1	dominant_mean_ploidy	high_3_to_5pct	0.8373626373626375
seed154	S1	dominant_mean_ploidy	high_3_to_5pct	0.9472527472527472
seed155	S1	dominant_mean_ploidy	high_3_to_5pct	0.8109890109890111
seed156	S1	dominant_mean_ploidy	high_3_to_5pct	0.8285714285714285
seed157	S1	dominant_mean_ploidy	high_3_to_5pct	0.9428571428571428
seed158	S1	dominant_mean_ploidy	high_3_to_5pct	0.8901098901098902
seed159	S1	dominant_mean_ploidy	high_3_to_5pct	0.9120879120879121
seed160	S1	dominant_mean_ploidy	high_3_to_5pct	0.7098901098901099
seed161	S1	dominant_mean_ploidy	high_3_to_5pct	0.9604395604395607
seed162	S1	dominant_mean_ploidy	high_3_to_5pct	0.7582417582417583
seed163	S1	dominant_mean_ploidy	high_3_to_5pct	0.8901098901098902
seed164	S1	dominant_mean_ploidy	high_3_to_5pct	0.8989010989010989
seed165	S1	dominant_mean_ploidy	high_3_to_5pct	0.7538461538461538
seed166	S1	dominant_mean_ploidy	high_3_to_5pct	0.8769230769230769
seed167	S1	dominant_mean_ploidy	high_3_to_5pct	0.8153846153846154
seed168	S1	dominant_mean_ploidy	high_3_to_5pct	0.8681318681318682
seed169	S1	dominant_mean_ploidy	high_3_to_5pct	0.8769230769230769
seed170	S1	dominant_mean_ploidy	high_3_to_5pct	0.9120879120879121
seed171	S1	dominant_mean_ploidy	high_3_to_5pct	0.832967032967033
seed172	S1	dominant_mean_ploidy	high_3_to_5pct	0.8769230769230769
seed173	S1	dominant_mean_ploidy	high_3_to_5pct	0.9736263736263736
seed174	S1	dominant_mean_ploidy	high_3_to_5pct	0.8725274725274725
seed175	S1	dominant_mean_ploidy	high_3_to_5pct	0.9384615384615385
seed176	S1	dominant_mean_ploidy	high_3_to_5pct	0.8989010989010989
seed177	S1	dominant_mean_ploidy	high_3_to_5pct	0.8989010989010989
seed178	S1	dominant_mean_ploidy	high_3_to_5pct	0.745054945054945
seed179	S1	dominant_mean_ploidy	high_3_to_5pct	0.6043956043956044
seed180	S1	dominant_mean_ploidy	high_3_to_5pct	0.9296703296703297
seed181	S1	dominant_mean_ploidy	high_3_to_5pct	0.9164835164835166
seed182	S1	dominant_mean_ploidy	high_3_to_5pct	0.9516483516483516
seed183	S1	dominant_mean_ploidy	high_3_to_5pct	0.9516483516483516
seed184	S1	dominant_mean_ploidy	high_3_to_5pct	0.8945054945054945
seed185	S1	dominant_mean_ploidy	high_3_to_5pct	0.8945054945054945
seed186	S1	dominant_mean_ploidy	high_3_to_5pct	0.7934065934065934
seed187	S1	dominant_mean_ploidy	high_3_to_5pct	0.7626373626373627
seed188	S1	dominant_mean_ploidy	high_3_to_5pct	0.7714285714285714
seed189	S1	dominant_mean_ploidy	high_3_to_5pct	0.7318681318681319
seed190	S1	dominant_mean_ploidy	high_3_to_5pct	0.8021978021978022
seed191	S1	dominant_mean_ploidy	high_3_to_5pct	0.8505494505494505
seed192	S1	dominant_mean_ploidy	high_3_to_5pct	0.9780219780219781
seed193	S1	dominant_mean_ploidy	high_3_to_5pct	0.9384615384615385
seed194	S1	dominant_mean_ploidy	high_3_to_5pct	0.8989010989010989
seed195	S1	dominant_mean_ploidy	high_3_to_5pct	0.8153846153846154
seed196	S1	dominant_mean_ploidy	high_3_to_5pct	0.8637362637362638
seed197	S1	dominant_mean_ploidy	high_3_to_5pct	0.9472527472527472
seed198	S1	dominant_mean_ploidy	high_3_to_5pct	0.5956043956043956
seed199	S1	dominant_mean_ploidy	high_3_to_5pct	0.9516483516483516
seed200	S1	dominant_mean_ploidy	high_3_to_5pct	0.9428571428571428
seed201	S1	dominant_mean_ploidy	high_3_to_5pct	0.8813186813186813
seed202	S1	dominant_mean_ploidy	high_3_to_5pct	0.9736263736263736
seed203	S1	dominant_mean_ploidy	high_3_to_5pct	0.8945054945054945
seed204	S1	dominant_mean_ploidy	high_3_to_5pct	0.9296703296703297
seed205	S1	dominant_mean_ploidy	high_3_to_5pct	0.9472527472527472
seed206	S1	dominant_mean_ploidy	high_3_to_5pct	0.9384615384615385
seed207	S1	dominant_mean_ploidy	high_3_to_5pct	0.8417582417582418
seed208	S1	dominant_mean_ploidy	high_3_to_5pct	0.9252747252747253
seed209	S1	dominant_mean_ploidy	high_3_to_5pct	0.7186813186813187
seed210	S1	dominant_mean_ploidy	high_3_to_5pct	0.9384615384615385
seed211	S1	dominant_mean_ploidy	high_3_to_5pct	0.956043956043956
seed212	S1	dominant_mean_ploidy	high_3_to_5pct	0.956043956043956
seed213	S1	dominant_mean_ploidy	high_3_to_5pct	0.956043956043956
seed214	S1	dominant_mean_ploidy	high_3_to_5pct	0.8725274725274725
seed215	S1	dominant_mean_ploidy	high_3_to_5pct	0.8637362637362638
seed216	S1	dominant_mean_ploidy	high_3_to_5pct	0.8813186813186813
seed217	S1	dominant_mean_ploidy	high_3_to_5pct	0.7582417582417583
seed218	S1	dominant_mean_ploidy	high_3_to_5pct	0.7978021978021977
seed219	S1	dominant_mean_ploidy	high_3_to_5pct	0.9252747252747253
seed220	S1	dominant_mean_ploidy	high_3_to_5pct	0.8153846153846154
seed221	S1	dominant_mean_ploidy	high_3_to_5pct	0.9516483516483516
seed222	S1	dominant_mean_ploidy	high_3_to_5pct	0.9208791208791209
seed223	S1	dominant_mean_ploidy	high_3_to_5pct	0.8241758241758241
seed224	S1	dominant_mean_ploidy	high_3_to_5pct	0.8549450549450549
seed225	S1	dominant_mean_ploidy	high_3_to_5pct	0.9428571428571428
seed226	S1	dominant_mean_ploidy	high_3_to_5pct	0.8681318681318682
seed227	S1	dominant_mean_ploidy	high_3_to_5pct	0.9736263736263736
seed228	S1	dominant_mean_ploidy	high_3_to_5pct	0.8197802197802198
seed229	S1	dominant_mean_ploidy	high_3_to_5pct	0.9604395604395607
seed230	S1	dominant_mean_ploidy	high_3_to_5pct	0.7978021978021977
seed231	S1	dominant_mean_ploidy	high_3_to_5pct	0.8461538461538461
seed232	S1	dominant_mean_ploidy	high_3_to_5pct	0.8373626373626375
seed233	S1	dominant_mean_ploidy	high_3_to_5pct	0.7890109890109891
seed234	S1	dominant_mean_ploidy	high_3_to_5pct	0.9164835164835166
seed235	S1	dominant_mean_ploidy	high_3_to_5pct	0.8153846153846154
seed236	S1	dominant_mean_ploidy	high_3_to_5pct	0.8549450549450549
seed237	S1	dominant_mean_ploidy	high_3_to_5pct	0.7802197802197802
seed238	S1	dominant_mean_ploidy	high_3_to_5pct	0.9296703296703297
seed239	S1	dominant_mean_ploidy	high_3_to_5pct	0.7934065934065934
seed240	S1	dominant_mean_ploidy	high_3_to_5pct	0.6747252747252748
seed241	S1	dominant_mean_ploidy	high_3_to_5pct	0.7318681318681319
seed242	S1	dominant_mean_ploidy	high_3_to_5pct	0.9296703296703297
seed243	S1	dominant_mean_ploidy	high_3_to_5pct	0.8593406593406594
seed244	S1	dominant_mean_ploidy	high_3_to_5pct	0.8901098901098902
seed245	S1	dominant_mean_ploidy	high_3_to_5pct	0.9736263736263736
seed246	S1	dominant_mean_ploidy	high_3_to_5pct	0.832967032967033
seed247	S1	dominant_mean_ploidy	high_3_to_5pct	0.7274725274725276
seed248	S1	dominant_mean_ploidy	high_3_to_5pct	0.8901098901098902
seed249	S1	dominant_mean_ploidy	high_3_to_5pct	0.7142857142857143
seed250	S1	dominant_mean_ploidy	high_3_to_5pct	0.9252747252747253
seed251	S1	dominant_mean_ploidy	high_3_to_5pct	0.9736263736263736
seed252	S1	dominant_mean_ploidy	high_3_to_5pct	0.9252747252747253
seed253	S1	dominant_mean_ploidy	high_3_to_5pct	0.8109890109890111
seed254	S1	dominant_mean_ploidy	high_3_to_5pct	0.8945054945054945
seed255	S1	dominant_mean_ploidy	high_3_to_5pct	0.8285714285714285
seed256	S1	dominant_mean_ploidy	high_3_to_5pct	0.8461538461538461
seed257	S1	dominant_mean_ploidy	high_3_to_5pct	0.9516483516483516
seed258	S1	dominant_mean_ploidy	high_3_to_5pct	0.7890109890109891
seed259	S1	dominant_mean_ploidy	high_3_to_5pct	0.8153846153846154
seed260	S1	dominant_mean_ploidy	high_3_to_5pct	0.9164835164835166
seed261	S1	dominant_mean_ploidy	high_3_to_5pct	0.8065934065934066
seed262	S1	dominant_mean_ploidy	high_3_to_5pct	0.9208791208791209
seed263	S1	dominant_mean_ploidy	high_3_to_5pct	0.9296703296703297
seed264	S1	dominant_mean_ploidy	high_3_to_5pct	0.956043956043956
seed265	S1	dominant_mean_ploidy	high_3_to_5pct	0.9868131868131869
seed266	S1	dominant_mean_ploidy	high_3_to_5pct	0.9032967032967033
seed267	S1	dominant_mean_ploidy	high_3_to_5pct	0.8021978021978022
seed268	S1	dominant_mean_ploidy	high_3_to_5pct	0.9604395604395607
seed269	S1	dominant_mean_ploidy	high_3_to_5pct	0.9120879120879121
seed270	S1	dominant_mean_ploidy	high_3_to_5pct	0.8769230769230769
seed271	S1	dominant_mean_ploidy	high_3_to_5pct	0.9472527472527472
seed272	S1	dominant_mean_ploidy	high_3_to_5pct	0.9340659340659341
seed273	S1	dominant_mean_ploidy	high_3_to_5pct	0.6043956043956044
seed274	S1	dominant_mean_ploidy	high_3_to_5pct	0.8637362637362638
seed275	S1	dominant_mean_ploidy	high_3_to_5pct	0.9164835164835166
seed276	S1	dominant_mean_ploidy	high_3_to_5pct	0.9340659340659341
seed277	S1	dominant_mean_ploidy	high_3_to_5pct	0.7010989010989012
seed278	S1	dominant_mean_ploidy	high_3_to_5pct	0.7230769230769231
seed279	S1	dominant_mean_ploidy	high_3_to_5pct	0.8681318681318682
seed280	S1	dominant_mean_ploidy	high_3_to_5pct	0.9604395604395607
seed281	S1	dominant_mean_ploidy	high_3_to_5pct	0.9428571428571428
seed282	S1	dominant_mean_ploidy	high_3_to_5pct	0.7626373626373627
seed283	S1	dominant_mean_ploidy	high_3_to_5pct	0.956043956043956
seed284	S1	dominant_mean_ploidy	high_3_to_5pct	0.8417582417582418
seed285	S1	dominant_mean_ploidy	high_3_to_5pct	0.8109890109890111
seed286	S1	dominant_mean_ploidy	high_3_to_5pct	0.8813186813186813
seed287	S1	dominant_mean_ploidy	high_3_to_5pct	0.8593406593406594
seed288	S1	dominant_mean_ploidy	high_3_to_5pct	0.9692307692307693
seed289	S1	dominant_mean_ploidy	high_3_to_5pct	0.5428571428571429
seed290	S1	dominant_mean_ploidy	high_3_to_5pct	0.832967032967033
seed291	S1	dominant_mean_ploidy	high_3_to_5pct	0.7890109890109891
seed292	S1	dominant_mean_ploidy	high_3_to_5pct	0.9736263736263736
seed293	S1	dominant_mean_ploidy	high_3_to_5pct	0.7890109890109891
seed294	S1	dominant_mean_ploidy	high_3_to_5pct	0.9076923076923077
seed295	S1	dominant_mean_ploidy	high_3_to_5pct	0.7978021978021977
seed296	S1	dominant_mean_ploidy	high_3_to_5pct	0.7098901098901099
seed297	S1	dominant_mean_ploidy	high_3_to_5pct	0.9516483516483516
seed298	S1	dominant_mean_ploidy	high_3_to_5pct	0.9296703296703297
seed299	S1	dominant_mean_ploidy	high_3_to_5pct	0.8593406593406594
seed300	S1	dominant_mean_ploidy	high_3_to_5pct	0.9252747252747253
seed301	S1	dominant_mean_ploidy	high_3_to_5pct	0.9384615384615385
seed302	S1	dominant_mean_ploidy	high_3_to_5pct	0.9032967032967033
seed303	S1	dominant_mean_ploidy	high_3_to_5pct	0.9164835164835166
seed304	S1	dominant_mean_ploidy	high_3_to_5pct	0.9384615384615385
seed305	S1	dominant_mean_ploidy	high_3_to_5pct	0.8857142857142857
seed306	S1	dominant_mean_ploidy	high_3_to_5pct	0.7010989010989012
seed307	S1	dominant_mean_ploidy	high_3_to_5pct	0.9472527472527472
seed308	S1	dominant_mean_ploidy	high_3_to_5pct	0.8373626373626375
seed309	S1	dominant_mean_ploidy	high_3_to_5pct	0.8989010989010989
seed310	S1	dominant_mean_ploidy	high_3_to_5pct	0.8153846153846154
seed311	S1	dominant_mean_ploidy	high_3_to_5pct	0.8065934065934066
seed312	S1	dominant_mean_ploidy	high_3_to_5pct	0.8373626373626375
seed313	S1	dominant_mean_ploidy	high_3_to_5pct	0.7362637362637363
seed314	S1	dominant_mean_ploidy	high_3_to_5pct	0.9340659340659341
seed315	S1	dominant_mean_ploidy	high_3_to_5pct	0.9208791208791209
seed316	S1	dominant_mean_ploidy	high_3_to_5pct	0.9208791208791209
seed317	S1	dominant_mean_ploidy	high_3_to_5pct	0.9120879120879121
seed318	S1	dominant_mean_ploidy	high_3_to_5pct	0.8769230769230769
seed319	S1	dominant_mean_ploidy	high_3_to_5pct	0.9252747252747253
seed320	S1	dominant_mean_ploidy	high_3_to_5pct	0.8945054945054945
seed321	S1	dominant_mean_ploidy	high_3_to_5pct	0.7318681318681319
seed322	S1	dominant_mean_ploidy	high_3_to_5pct	0.8813186813186813
seed323	S1	dominant_mean_ploidy	high_3_to_5pct	0.8945054945054945
seed324	S1	dominant_mean_ploidy	high_3_to_5pct	0.9120879120879121
seed325	S1	dominant_mean_ploidy	high_3_to_5pct	0.9032967032967033
seed326	S1	dominant_mean_ploidy	high_3_to_5pct	0.5780219780219781
seed327	S1	dominant_mean_ploidy	high_3_to_5pct	0.7802197802197802
seed328	S1	dominant_mean_ploidy	high_3_to_5pct	0.8505494505494505
seed329	S1	dominant_mean_ploidy	high_3_to_5pct	0.8549450549450549
seed330	S1	dominant_mean_ploidy	high_3_to_5pct	0.9076923076923077
seed331	S1	dominant_mean_ploidy	high_3_to_5pct	0.8989010989010989
seed332	S1	dominant_mean_ploidy	high_3_to_5pct	0.8109890109890111
seed333	S1	dominant_mean_ploidy	high_3_to_5pct	0.8549450549450549
seed334	S1	dominant_mean_ploidy	high_3_to_5pct	0.8681318681318682
seed335	S1	dominant_mean_ploidy	high_3_to_5pct	0.7934065934065934
seed336	S1	dominant_mean_ploidy	high_3_to_5pct	0.8901098901098902
seed337	S1	dominant_mean_ploidy	high_3_to_5pct	0.7802197802197802
seed338	S1	dominant_mean_ploidy	high_3_to_5pct	0.9076923076923077
seed339	S1	dominant_mean_ploidy	high_3_to_5pct	0.8989010989010989
seed340	S1	dominant_mean_ploidy	high_3_to_5pct	0.9604395604395607
seed341	S1	dominant_mean_ploidy	high_3_to_5pct	0.8505494505494505
seed342	S1	dominant_mean_ploidy	high_3_to_5pct	0.9296703296703297
seed343	S1	dominant_mean_ploidy	high_3_to_5pct	0.8505494505494505
seed344	S1	dominant_mean_ploidy	high_3_to_5pct	0.9032967032967033
seed345	S1	dominant_mean_ploidy	high_3_to_5pct	0.7846153846153847
seed346	S1	dominant_mean_ploidy	high_3_to_5pct	0.6351648351648352
seed347	S1	dominant_mean_ploidy	high_3_to_5pct	0.7934065934065934
seed348	S1	dominant_mean_ploidy	high_3_to_5pct	0.7098901098901099
seed349	S1	dominant_mean_ploidy	high_3_to_5pct	0.8109890109890111
seed350	S1	dominant_mean_ploidy	high_3_to_5pct	0.9208791208791209
seed351	S1	dominant_mean_ploidy	high_3_to_5pct	0.8725274725274725
seed352	S1	dominant_mean_ploidy	high_3_to_5pct	0.9120879120879121
seed353	S1	dominant_mean_ploidy	high_3_to_5pct	0.6615384615384616
seed354	S1	dominant_mean_ploidy	high_3_to_5pct	0.8549450549450549
seed355	S1	dominant_mean_ploidy	high_3_to_5pct	0.8813186813186813
seed356	S1	dominant_mean_ploidy	high_3_to_5pct	0.9516483516483516
seed357	S1	dominant_mean_ploidy	high_3_to_5pct	0.8373626373626375
seed358	S1	dominant_mean_ploidy	high_3_to_5pct	0.9428571428571428
seed359	S1	dominant_mean_ploidy	high_3_to_5pct	0.8725274725274725
seed360	S1	dominant_mean_ploidy	high_3_to_5pct	0.767032967032967
seed361	S1	dominant_mean_ploidy	high_3_to_5pct	0.7318681318681319
seed362	S1	dominant_mean_ploidy	high_3_to_5pct	0.7274725274725276
seed363	S1	dominant_mean_ploidy	high_3_to_5pct	0.8241758241758241
seed364	S1	dominant_mean_ploidy	high_3_to_5pct	0.7802197802197802
seed365	S1	dominant_mean_ploidy	high_3_to_5pct	0.9120879120879121
seed366	S1	dominant_mean_ploidy	high_3_to_5pct	0.9516483516483516
seed367	S1	dominant_mean_ploidy	high_3_to_5pct	0.9604395604395607
seed368	S1	dominant_mean_ploidy	high_3_to_5pct	0.7802197802197802
seed369	S1	dominant_mean_ploidy	high_3_to_5pct	0.9472527472527472
seed370	S1	dominant_mean_ploidy	high_3_to_5pct	0.8725274725274725
seed371	S1	dominant_mean_ploidy	high_3_to_5pct	0.9032967032967033
seed372	S1	dominant_mean_ploidy	high_3_to_5pct	0.7098901098901099
seed373	S1	dominant_mean_ploidy	high_3_to_5pct	0.9516483516483516
seed374	S1	dominant_mean_ploidy	high_3_to_5pct	0.2087912087912088
seed375	S1	dominant_mean_ploidy	high_3_to_5pct	0.6527472527472528
seed376	S1	dominant_mean_ploidy	high_3_to_5pct	0.6087912087912088
seed377	S1	dominant_mean_ploidy	high_3_to_5pct	0.8417582417582418
seed378	S1	dominant_mean_ploidy	high_3_to_5pct	0.8901098901098902
seed379	S1	dominant_mean_ploidy	high_3_to_5pct	0.9164835164835166
seed380	S1	dominant_mean_ploidy	high_3_to_5pct	0.9208791208791209
seed381	S1	dominant_mean_ploidy	high_3_to_5pct	0.832967032967033
seed382	S1	dominant_mean_ploidy	high_3_to_5pct	0.8505494505494505
seed383	S1	dominant_mean_ploidy	high_3_to_5pct	0.8373626373626375
seed384	S1	dominant_mean_ploidy	high_3_to_5pct	0.7142857142857143
seed385	S1	dominant_mean_ploidy	high_3_to_5pct	0.8065934065934066
seed386	S1	dominant_mean_ploidy	high_3_to_5pct	0.9428571428571428
seed387	S1	dominant_mean_ploidy	high_3_to_5pct	0.9604395604395607
seed388	S1	dominant_mean_ploidy	high_3_to_5pct	0.8945054945054945
seed389	S1	dominant_mean_ploidy	high_3_to_5pct	0.9208791208791209
seed390	S1	dominant_mean_ploidy	high_3_to_5pct	0.8989010989010989
seed391	S1	dominant_mean_ploidy	high_3_to_5pct	0.9252747252747253
seed392	S1	dominant_mean_ploidy	high_3_to_5pct	0.7142857142857143
seed393	S1	dominant_mean_ploidy	high_3_to_5pct	0.9648351648351648
seed394	S1	dominant_mean_ploidy	high_3_to_5pct	0.9340659340659341
seed395	S1	dominant_mean_ploidy	high_3_to_5pct	0.8901098901098902
seed396	S1	dominant_mean_ploidy	high_3_to_5pct	0.8901098901098902
seed397	S1	dominant_mean_ploidy	high_3_to_5pct	0.7406593406593407
seed398	S1	dominant_mean_ploidy	high_3_to_5pct	0.745054945054945
seed399	S1	dominant_mean_ploidy	high_3_to_5pct	0.8373626373626375
seed400	S1	dominant_mean_ploidy	high_3_to_5pct	0.7846153846153847
seed401	S1	dominant_mean_ploidy	high_3_to_5pct	0.7846153846153847
seed402	S1	dominant_mean_ploidy	high_3_to_5pct	0.7274725274725276
seed403	S1	dominant_mean_ploidy	high_3_to_5pct	0.8505494505494505
seed404	S1	dominant_mean_ploidy	high_3_to_5pct	0.8593406593406594
seed405	S1	dominant_mean_ploidy	high_3_to_5pct	0.8417582417582418
seed406	S1	dominant_mean_ploidy	high_3_to_5pct	0.8725274725274725
seed407	S1	dominant_mean_ploidy	high_3_to_5pct	0.5384615384615385
seed408	S1	dominant_mean_ploidy	high_3_to_5pct	0.9032967032967033
seed409	S1	dominant_mean_ploidy	high_3_to_5pct	0.9912087912087912
seed410	S1	dominant_mean_ploidy	high_3_to_5pct	0.6879120879120879
seed411	S1	dominant_mean_ploidy	high_3_to_5pct	0.8065934065934066
seed412	S1	dominant_mean_ploidy	high_3_to_5pct	0.6263736263736264
seed413	S1	dominant_mean_ploidy	high_3_to_5pct	0.9252747252747253
seed414	S1	dominant_mean_ploidy	high_3_to_5pct	0.9384615384615385
seed415	S1	dominant_mean_ploidy	high_3_to_5pct	0.9164835164835166
seed416	S1	dominant_mean_ploidy	high_3_to_5pct	0.8857142857142857
seed417	S1	dominant_mean_ploidy	high_3_to_5pct	0.9076923076923077
seed418	S1	dominant_mean_ploidy	high_3_to_5pct	0.9384615384615385
seed419	S1	dominant_mean_ploidy	high_3_to_5pct	0.9164835164835166
seed420	S1	dominant_mean_ploidy	high_3_to_5pct	0.8065934065934066
seed421	S1	dominant_mean_ploidy	high_3_to_5pct	0.3626373626373627
seed422	S1	dominant_mean_ploidy	high_3_to_5pct	0.8505494505494505
seed423	S1	dominant_mean_ploidy	high_3_to_5pct	0.8813186813186813
seed424	S1	dominant_mean_ploidy	high_3_to_5pct	0.8857142857142857
seed425	S1	dominant_mean_ploidy	high_3_to_5pct	0.8505494505494505
seed426	S1	dominant_mean_ploidy	high_3_to_5pct	0.7714285714285714
seed427	S1	dominant_mean_ploidy	high_3_to_5pct	0.9120879120879121
seed428	S1	dominant_mean_ploidy	high_3_to_5pct	0.8285714285714285
seed429	S1	dominant_mean_ploidy	high_3_to_5pct	0.8373626373626375
seed430	S1	dominant_mean_ploidy	high_3_to_5pct	0.8241758241758241
seed431	S1	dominant_mean_ploidy	high_3_to_5pct	0.8505494505494505
seed432	S1	dominant_mean_ploidy	high_3_to_5pct	0.8901098901098902
seed433	S1	dominant_mean_ploidy	high_3_to_5pct	0.8813186813186813
seed434	S1	dominant_mean_ploidy	high_3_to_5pct	0.8065934065934066
seed435	S1	dominant_mean_ploidy	high_3_to_5pct	0.8461538461538461
seed436	S1	dominant_mean_ploidy	high_3_to_5pct	0.6131868131868132
seed437	S1	dominant_mean_ploidy	high_3_to_5pct	0.8373626373626375
seed438	S1	dominant_mean_ploidy	high_3_to_5pct	0.9428571428571428
seed439	S1	dominant_mean_ploidy	high_3_to_5pct	0.8637362637362638
seed440	S1	dominant_mean_ploidy	high_3_to_5pct	0.9296703296703297
seed441	S1	dominant_mean_ploidy	high_3_to_5pct	0.8681318681318682
seed442	S1	dominant_mean_ploidy	high_3_to_5pct	0.9164835164835166
seed443	S1	dominant_mean_ploidy	high_3_to_5pct	0.8945054945054945
seed444	S1	dominant_mean_ploidy	high_3_to_5pct	0.956043956043956
seed445	S1	dominant_mean_ploidy	high_3_to_5pct	0.8637362637362638
seed446	S1	dominant_mean_ploidy	high_3_to_5pct	0.7802197802197802
seed447	S1	dominant_mean_ploidy	high_3_to_5pct	0.8945054945054945
seed448	S1	dominant_mean_ploidy	high_3_to_5pct	0.956043956043956
seed449	S1	dominant_mean_ploidy	high_3_to_5pct	0.9164835164835166
seed450	S1	dominant_mean_ploidy	high_3_to_5pct	0.9868131868131869
seed451	S1	dominant_mean_ploidy	high_3_to_5pct	0.8505494505494505
seed452	S1	dominant_mean_ploidy	high_3_to_5pct	0.8461538461538461
seed453	S1	dominant_mean_ploidy	high_3_to_5pct	0.9076923076923077
seed454	S1	dominant_mean_ploidy	high_3_to_5pct	0.9604395604395607
seed455	S1	dominant_mean_ploidy	high_3_to_5pct	0.8153846153846154
seed456	S1	dominant_mean_ploidy	high_3_to_5pct	0.8637362637362638
seed457	S1	dominant_mean_ploidy	high_3_to_5pct	0.6439560439560439
seed458	S1	dominant_mean_ploidy	high_3_to_5pct	0.7054945054945055
seed459	S1	dominant_mean_ploidy	high_3_to_5pct	0.8945054945054945
seed460	S1	dominant_mean_ploidy	high_3_to_5pct	0.8901098901098902
seed461	S1	dominant_mean_ploidy	high_3_to_5pct	0.8945054945054945
seed462	S1	dominant_mean_ploidy	high_3_to_5pct	0.8945054945054945
seed463	S1	dominant_mean_ploidy	high_3_to_5pct	0.8197802197802198
seed464	S1	dominant_mean_ploidy	high_3_to_5pct	0.8637362637362638
seed465	S1	dominant_mean_ploidy	high_3_to_5pct	0.8725274725274725
seed466	S1	dominant_mean_ploidy	high_3_to_5pct	0.9120879120879121
seed467	S1	dominant_mean_ploidy	high_3_to_5pct	0.9340659340659341
seed468	S1	dominant_mean_ploidy	high_3_to_5pct	0.9736263736263736
seed469	S1	dominant_mean_ploidy	high_3_to_5pct	0.8153846153846154
seed470	S1	dominant_mean_ploidy	high_3_to_5pct	0.9164835164835166
seed471	S1	dominant_mean_ploidy	high_3_to_5pct	0.8021978021978022
seed472	S1	dominant_mean_ploidy	high_3_to_5pct	0.8989010989010989
seed473	S1	dominant_mean_ploidy	high_3_to_5pct	0.8285714285714285
seed474	S1	dominant_mean_ploidy	high_3_to_5pct	0.6879120879120879
seed475	S1	dominant_mean_ploidy	high_3_to_5pct	0.9032967032967033
seed476	S1	dominant_mean_ploidy	high_3_to_5pct	0.7934065934065934
seed477	S1	dominant_mean_ploidy	high_3_to_5pct	0.9340659340659341
seed478	S1	dominant_mean_ploidy	high_3_to_5pct	0.7846153846153847
seed479	S1	dominant_mean_ploidy	high_3_to_5pct	0.8945054945054945
seed480	S1	dominant_mean_ploidy	high_3_to_5pct	0.9340659340659341
seed481	S1	dominant_mean_ploidy	high_3_to_5pct	0.8197802197802198
seed482	S1	dominant_mean_ploidy	high_3_to_5pct	0.9120879120879121
seed483	S1	dominant_mean_ploidy	high_3_to_5pct	0.8989010989010989
seed484	S1	dominant_mean_ploidy	high_3_to_5pct	0.9208791208791209
seed485	S1	dominant_mean_ploidy	high_3_to_5pct	0.9032967032967033
seed486	S1	dominant_mean_ploidy	high_3_to_5pct	0.9296703296703297
seed487	S1	dominant_mean_ploidy	high_3_to_5pct	0.8285714285714285
seed488	S1	dominant_mean_ploidy	high_3_to_5pct	0.9296703296703297
seed489	S1	dominant_mean_ploidy	high_3_to_5pct	0.7978021978021977
seed490	S1	dominant_mean_ploidy	high_3_to_5pct	0.956043956043956
seed491	S1	dominant_mean_ploidy	high_3_to_5pct	0.7538461538461538
seed492	S1	dominant_mean_ploidy	high_3_to_5pct	0.8021978021978022
seed493	S1	dominant_mean_ploidy	high_3_to_5pct	0.7758241758241758
seed494	S1	dominant_mean_ploidy	high_3_to_5pct	0.8593406593406594
seed495	S1	dominant_mean_ploidy	high_3_to_5pct	0.8725274725274725
seed496	S1	dominant_mean_ploidy	high_3_to_5pct	0.9384615384615385
seed497	S1	dominant_mean_ploidy	high_3_to_5pct	0.9824175824175824
seed498	S1	dominant_mean_ploidy	high_3_to_5pct	0.8857142857142857
seed499	S1	dominant_mean_ploidy	high_3_to_5pct	0.9076923076923077
seed500	S1	dominant_mean_ploidy	high_3_to_5pct	0.8373626373626375
seed1	S1	dominant_growth_rate	low_0_to_1pct	0.8373626373626375
seed2	S1	dominant_growth_rate	low_0_to_1pct	0.8725274725274725
seed3	S1	dominant_growth_rate	low_0_to_1pct	0.8901098901098902
seed4	S1	dominant_growth_rate	low_0_to_1pct	0.9032967032967033
seed5	S1	dominant_growth_rate	low_0_to_1pct	0.8065934065934066
seed6	S1	dominant_growth_rate	low_0_to_1pct	0.7582417582417583
seed7	S1	dominant_growth_rate	low_0_to_1pct	0.6923076923076923
seed8	S1	dominant_growth_rate	low_0_to_1pct	0.5384615384615385
seed9	S1	dominant_growth_rate	low_0_to_1pct	0.832967032967033
seed10	S1	dominant_growth_rate	low_0_to_1pct	0.9164835164835166
seed11	S1	dominant_growth_rate	low_0_to_1pct	0.8857142857142857
seed12	S1	dominant_growth_rate	low_0_to_1pct	0.8769230769230769
seed13	S1	dominant_growth_rate	low_0_to_1pct	0.9340659340659341
seed14	S1	dominant_growth_rate	low_0_to_1pct	0.8373626373626375
seed15	S1	dominant_growth_rate	low_0_to_1pct	0.9384615384615385
seed16	S1	dominant_growth_rate	low_0_to_1pct	0.956043956043956
seed17	S1	dominant_growth_rate	low_0_to_1pct	0.9164835164835166
seed18	S1	dominant_growth_rate	low_0_to_1pct	0.9164835164835166
seed19	S1	dominant_growth_rate	low_0_to_1pct	0.9516483516483516
seed20	S1	dominant_growth_rate	low_0_to_1pct	0.9472527472527472
seed21	S1	dominant_growth_rate	low_0_to_1pct	0.9208791208791209
seed22	S1	dominant_growth_rate	low_0_to_1pct	0.8769230769230769
seed23	S1	dominant_growth_rate	low_0_to_1pct	0.8197802197802198
seed24	S1	dominant_growth_rate	low_0_to_1pct	0.8109890109890111
seed25	S1	dominant_growth_rate	low_0_to_1pct	0.9296703296703297
seed26	S1	dominant_growth_rate	low_0_to_1pct	0.6923076923076923
seed27	S1	dominant_growth_rate	low_0_to_1pct	0.8813186813186813
seed28	S1	dominant_growth_rate	low_0_to_1pct	0.832967032967033
seed29	S1	dominant_growth_rate	low_0_to_1pct	0.9340659340659341
seed30	S1	dominant_growth_rate	low_0_to_1pct	0.7714285714285714
seed31	S1	dominant_growth_rate	low_0_to_1pct	0.6527472527472528
seed32	S1	dominant_growth_rate	low_0_to_1pct	0.8813186813186813
seed33	S1	dominant_growth_rate	low_0_to_1pct	0.7758241758241758
seed34	S1	dominant_growth_rate	low_0_to_1pct	0.7978021978021977
seed35	S1	dominant_growth_rate	low_0_to_1pct	0.8813186813186813
seed36	S1	dominant_growth_rate	low_0_to_1pct	0.6747252747252748
seed37	S1	dominant_growth_rate	low_0_to_1pct	0.9736263736263736
seed38	S1	dominant_growth_rate	low_0_to_1pct	0.9384615384615385
seed39	S1	dominant_growth_rate	low_0_to_1pct	0.8505494505494505
seed40	S1	dominant_growth_rate	low_0_to_1pct	0.7582417582417583
seed41	S1	dominant_growth_rate	low_0_to_1pct	0.8989010989010989
seed42	S1	dominant_growth_rate	low_0_to_1pct	0.7846153846153847
seed43	S1	dominant_growth_rate	low_0_to_1pct	0.9252747252747253
seed44	S1	dominant_growth_rate	low_0_to_1pct	0.8769230769230769
seed45	S1	dominant_growth_rate	low_0_to_1pct	0.5296703296703297
seed46	S1	dominant_growth_rate	low_0_to_1pct	0.6263736263736264
seed47	S1	dominant_growth_rate	low_0_to_1pct	0.8901098901098902
seed48	S1	dominant_growth_rate	low_0_to_1pct	0.5032967032967033
seed49	S1	dominant_growth_rate	low_0_to_1pct	0.8989010989010989
seed50	S1	dominant_growth_rate	low_0_to_1pct	0.9120879120879121
seed51	S1	dominant_growth_rate	low_0_to_1pct	0.9208791208791209
seed52	S1	dominant_growth_rate	low_0_to_1pct	0.7362637362637363
seed53	S1	dominant_growth_rate	low_0_to_1pct	0.9604395604395607
seed54	S1	dominant_growth_rate	low_0_to_1pct	0.9692307692307693
seed55	S1	dominant_growth_rate	low_0_to_1pct	0.9296703296703297
seed56	S1	dominant_growth_rate	low_0_to_1pct	0.9208791208791209
seed57	S1	dominant_growth_rate	low_0_to_1pct	0.7538461538461538
seed58	S1	dominant_growth_rate	low_0_to_1pct	0.9780219780219781
seed59	S1	dominant_growth_rate	low_0_to_1pct	0.7054945054945055
seed60	S1	dominant_growth_rate	low_0_to_1pct	0.9296703296703297
seed61	S1	dominant_growth_rate	low_0_to_1pct	0.9472527472527472
seed62	S1	dominant_growth_rate	low_0_to_1pct	0.5912087912087912
seed63	S1	dominant_growth_rate	low_0_to_1pct	0.9472527472527472
seed64	S1	dominant_growth_rate	low_0_to_1pct	0.8989010989010989
seed65	S1	dominant_growth_rate	low_0_to_1pct	0.9692307692307693
seed66	S1	dominant_growth_rate	low_0_to_1pct	0.9340659340659341
seed67	S1	dominant_growth_rate	low_0_to_1pct	0.9164835164835166
seed68	S1	dominant_growth_rate	low_0_to_1pct	0.7318681318681319
seed69	S1	dominant_growth_rate	low_0_to_1pct	0.7274725274725276
seed70	S1	dominant_growth_rate	low_0_to_1pct	0.8725274725274725
seed71	S1	dominant_growth_rate	low_0_to_1pct	0.8769230769230769
seed72	S1	dominant_growth_rate	low_0_to_1pct	0.7714285714285714
seed73	S1	dominant_growth_rate	low_0_to_1pct	0.8725274725274725
seed74	S1	dominant_growth_rate	low_0_to_1pct	0.7538461538461538
seed75	S1	dominant_growth_rate	low_0_to_1pct	0.9384615384615385
seed76	S1	dominant_growth_rate	low_0_to_1pct	0.9120879120879121
seed77	S1	dominant_growth_rate	low_0_to_1pct	0.9120879120879121
seed78	S1	dominant_growth_rate	low_0_to_1pct	0.7626373626373627
seed79	S1	dominant_growth_rate	low_0_to_1pct	0.5252747252747253
seed80	S1	dominant_growth_rate	low_0_to_1pct	0.9032967032967033
seed81	S1	dominant_growth_rate	low_0_to_1pct	0.8241758241758241
seed82	S1	dominant_growth_rate	low_0_to_1pct	0.7186813186813187
seed83	S1	dominant_growth_rate	low_0_to_1pct	0.8637362637362638
seed84	S1	dominant_growth_rate	low_0_to_1pct	0.9120879120879121
seed85	S1	dominant_growth_rate	low_0_to_1pct	0.8989010989010989
seed86	S1	dominant_growth_rate	low_0_to_1pct	0.6527472527472528
seed87	S1	dominant_growth_rate	low_0_to_1pct	0.767032967032967
seed88	S1	dominant_growth_rate	low_0_to_1pct	0.9164835164835166
seed89	S1	dominant_growth_rate	low_0_to_1pct	0.9296703296703297
seed90	S1	dominant_growth_rate	low_0_to_1pct	0.7538461538461538
seed91	S1	dominant_growth_rate	low_0_to_1pct	0.8681318681318682
seed92	S1	dominant_growth_rate	low_0_to_1pct	0.9120879120879121
seed93	S1	dominant_growth_rate	low_0_to_1pct	0.832967032967033
seed94	S1	dominant_growth_rate	low_0_to_1pct	0.9164835164835166
seed95	S1	dominant_growth_rate	low_0_to_1pct	0.9384615384615385
seed96	S1	dominant_growth_rate	low_0_to_1pct	0.9736263736263736
seed97	S1	dominant_growth_rate	low_0_to_1pct	0.8945054945054945
seed98	S1	dominant_growth_rate	low_0_to_1pct	0.9648351648351648
seed99	S1	dominant_growth_rate	low_0_to_1pct	0.8021978021978022
seed100	S1	dominant_growth_rate	low_0_to_1pct	0.6483516483516484
seed101	S1	dominant_growth_rate	low_0_to_1pct	0.8153846153846154
seed102	S1	dominant_growth_rate	low_0_to_1pct	0.8945054945054945
seed103	S1	dominant_growth_rate	low_0_to_1pct	0.6703296703296703
seed104	S1	dominant_growth_rate	low_0_to_1pct	0.7758241758241758
seed105	S1	dominant_growth_rate	low_0_to_1pct	0.9032967032967033
seed106	S1	dominant_growth_rate	low_0_to_1pct	0.9604395604395607
seed107	S1	dominant_growth_rate	low_0_to_1pct	0.47252747252747257
seed108	S1	dominant_growth_rate	low_0_to_1pct	0.8593406593406594
seed109	S1	dominant_growth_rate	low_0_to_1pct	0.8637362637362638
seed110	S1	dominant_growth_rate	low_0_to_1pct	0.7230769230769231
seed111	S1	dominant_growth_rate	low_0_to_1pct	0.4813186813186813
seed112	S1	dominant_growth_rate	low_0_to_1pct	0.8593406593406594
seed113	S1	dominant_growth_rate	low_0_to_1pct	0.9164835164835166
seed114	S1	dominant_growth_rate	low_0_to_1pct	0.9208791208791209
seed115	S1	dominant_growth_rate	low_0_to_1pct	0.9296703296703297
seed116	S1	dominant_growth_rate	low_0_to_1pct	0.6483516483516484
seed117	S1	dominant_growth_rate	low_0_to_1pct	0.8153846153846154
seed118	S1	dominant_growth_rate	low_0_to_1pct	0.9472527472527472
seed119	S1	dominant_growth_rate	low_0_to_1pct	0.7758241758241758
seed120	S1	dominant_growth_rate	low_0_to_1pct	0.9252747252747253
seed121	S1	dominant_growth_rate	low_0_to_1pct	0.9296703296703297
seed122	S1	dominant_growth_rate	low_0_to_1pct	0.3538461538461538
seed123	S1	dominant_growth_rate	low_0_to_1pct	0.9076923076923077
seed124	S1	dominant_growth_rate	low_0_to_1pct	0.8813186813186813
seed125	S1	dominant_growth_rate	low_0_to_1pct	0.9120879120879121
seed126	S1	dominant_growth_rate	low_0_to_1pct	0.9120879120879121
seed127	S1	dominant_growth_rate	low_0_to_1pct	0.767032967032967
seed128	S1	dominant_growth_rate	low_0_to_1pct	0.6835164835164835
seed129	S1	dominant_growth_rate	low_0_to_1pct	0.4065934065934066
seed130	S1	dominant_growth_rate	low_0_to_1pct	0.8813186813186813
seed131	S1	dominant_growth_rate	low_0_to_1pct	0.9208791208791209
seed132	S1	dominant_growth_rate	low_0_to_1pct	0.9340659340659341
seed133	S1	dominant_growth_rate	low_0_to_1pct	0.9516483516483516
seed134	S1	dominant_growth_rate	low_0_to_1pct	0.7846153846153847
seed135	S1	dominant_growth_rate	low_0_to_1pct	0.9428571428571428
seed136	S1	dominant_growth_rate	low_0_to_1pct	0.6087912087912088
seed137	S1	dominant_growth_rate	low_0_to_1pct	0.8197802197802198
seed138	S1	dominant_growth_rate	low_0_to_1pct	0.4461538461538462
seed139	S1	dominant_growth_rate	low_0_to_1pct	0.6791208791208792
seed140	S1	dominant_growth_rate	low_0_to_1pct	0.8901098901098902
seed141	S1	dominant_growth_rate	low_0_to_1pct	0.8197802197802198
seed142	S1	dominant_growth_rate	low_0_to_1pct	0.8857142857142857
seed143	S1	dominant_growth_rate	low_0_to_1pct	0.7758241758241758
seed144	S1	dominant_growth_rate	low_0_to_1pct	0.9692307692307693
seed145	S1	dominant_growth_rate	low_0_to_1pct	0.9428571428571428
seed146	S1	dominant_growth_rate	low_0_to_1pct	0.9648351648351648
seed147	S1	dominant_growth_rate	low_0_to_1pct	0.6439560439560439
seed148	S1	dominant_growth_rate	low_0_to_1pct	0.5912087912087912
seed149	S1	dominant_growth_rate	low_0_to_1pct	0.9516483516483516
seed150	S1	dominant_growth_rate	low_0_to_1pct	0.8065934065934066
seed151	S1	dominant_growth_rate	low_0_to_1pct	0.9076923076923077
seed152	S1	dominant_growth_rate	low_0_to_1pct	0.9516483516483516
seed153	S1	dominant_growth_rate	low_0_to_1pct	0.9120879120879121
seed154	S1	dominant_growth_rate	low_0_to_1pct	0.8725274725274725
seed155	S1	dominant_growth_rate	low_0_to_1pct	0.8725274725274725
seed156	S1	dominant_growth_rate	low_0_to_1pct	0.8813186813186813
seed157	S1	dominant_growth_rate	low_0_to_1pct	0.767032967032967
seed158	S1	dominant_growth_rate	low_0_to_1pct	0.832967032967033
seed159	S1	dominant_growth_rate	low_0_to_1pct	0.9472527472527472
seed160	S1	dominant_growth_rate	low_0_to_1pct	0.8945054945054945
seed161	S1	dominant_growth_rate	low_0_to_1pct	0.9384615384615385
seed162	S1	dominant_growth_rate	low_0_to_1pct	0.9164835164835166
seed163	S1	dominant_growth_rate	low_0_to_1pct	0.8681318681318682
seed164	S1	dominant_growth_rate	low_0_to_1pct	0.8637362637362638
seed165	S1	dominant_growth_rate	low_0_to_1pct	0.7538461538461538
seed166	S1	dominant_growth_rate	low_0_to_1pct	0.389010989010989
seed167	S1	dominant_growth_rate	low_0_to_1pct	0.8901098901098902
seed168	S1	dominant_growth_rate	low_0_to_1pct	0.8373626373626375
seed169	S1	dominant_growth_rate	low_0_to_1pct	0.8637362637362638
seed170	S1	dominant_growth_rate	low_0_to_1pct	0.9296703296703297
seed171	S1	dominant_growth_rate	low_0_to_1pct	0.9824175824175824
seed172	S1	dominant_growth_rate	low_0_to_1pct	0.6043956043956044
seed173	S1	dominant_growth_rate	low_0_to_1pct	0.9692307692307693
seed174	S1	dominant_growth_rate	low_0_to_1pct	0.45054945054945056
seed175	S1	dominant_growth_rate	low_0_to_1pct	0.8725274725274725
seed176	S1	dominant_growth_rate	low_0_to_1pct	0.9428571428571428
seed177	S1	dominant_growth_rate	low_0_to_1pct	0.745054945054945
seed178	S1	dominant_growth_rate	low_0_to_1pct	0.8505494505494505
seed179	S1	dominant_growth_rate	low_0_to_1pct	0.9472527472527472
seed180	S1	dominant_growth_rate	low_0_to_1pct	0.8637362637362638
seed181	S1	dominant_growth_rate	low_0_to_1pct	0.7142857142857143
seed182	S1	dominant_growth_rate	low_0_to_1pct	0.745054945054945
seed183	S1	dominant_growth_rate	low_0_to_1pct	0.9076923076923077
seed184	S1	dominant_growth_rate	low_0_to_1pct	0.7538461538461538
seed185	S1	dominant_growth_rate	low_0_to_1pct	0.956043956043956
seed186	S1	dominant_growth_rate	low_0_to_1pct	0.9164835164835166
seed187	S1	dominant_growth_rate	low_0_to_1pct	0.8065934065934066
seed188	S1	dominant_growth_rate	low_0_to_1pct	0.8505494505494505
seed189	S1	dominant_growth_rate	low_0_to_1pct	0.8461538461538461
seed190	S1	dominant_growth_rate	low_0_to_1pct	0.8593406593406594
seed191	S1	dominant_growth_rate	low_0_to_1pct	0.9472527472527472
seed192	S1	dominant_growth_rate	low_0_to_1pct	0.9296703296703297
seed193	S1	dominant_growth_rate	low_0_to_1pct	0.9340659340659341
seed194	S1	dominant_growth_rate	low_0_to_1pct	0.6395604395604396
seed195	S1	dominant_growth_rate	low_0_to_1pct	0.9076923076923077
seed196	S1	dominant_growth_rate	low_0_to_1pct	0.8461538461538461
seed197	S1	dominant_growth_rate	low_0_to_1pct	0.8153846153846154
seed198	S1	dominant_growth_rate	low_0_to_1pct	0.8945054945054945
seed199	S1	dominant_growth_rate	low_0_to_1pct	0.8901098901098902
seed200	S1	dominant_growth_rate	low_0_to_1pct	0.6615384615384616
seed201	S1	dominant_growth_rate	low_0_to_1pct	0.8593406593406594
seed202	S1	dominant_growth_rate	low_0_to_1pct	0.9516483516483516
seed203	S1	dominant_growth_rate	low_0_to_1pct	0.9384615384615385
seed204	S1	dominant_growth_rate	low_0_to_1pct	0.7934065934065934
seed205	S1	dominant_growth_rate	low_0_to_1pct	0.9076923076923077
seed206	S1	dominant_growth_rate	low_0_to_1pct	0.9824175824175824
seed207	S1	dominant_growth_rate	low_0_to_1pct	0.9076923076923077
seed208	S1	dominant_growth_rate	low_0_to_1pct	0.9780219780219781
seed209	S1	dominant_growth_rate	low_0_to_1pct	0.8593406593406594
seed210	S1	dominant_growth_rate	low_0_to_1pct	0.9384615384615385
seed211	S1	dominant_growth_rate	low_0_to_1pct	0.8593406593406594
seed212	S1	dominant_growth_rate	low_0_to_1pct	0.9384615384615385
seed213	S1	dominant_growth_rate	low_0_to_1pct	0.9868131868131869
seed214	S1	dominant_growth_rate	low_0_to_1pct	0.6307692307692307
seed215	S1	dominant_growth_rate	low_0_to_1pct	0.9472527472527472
seed216	S1	dominant_growth_rate	low_0_to_1pct	0.9252747252747253
seed217	S1	dominant_growth_rate	low_0_to_1pct	0.5692307692307692
seed218	S1	dominant_growth_rate	low_0_to_1pct	0.7494505494505495
seed219	S1	dominant_growth_rate	low_0_to_1pct	0.9208791208791209
seed220	S1	dominant_growth_rate	low_0_to_1pct	0.8725274725274725
seed221	S1	dominant_growth_rate	low_0_to_1pct	0.8065934065934066
seed222	S1	dominant_growth_rate	low_0_to_1pct	0.9516483516483516
seed223	S1	dominant_growth_rate	low_0_to_1pct	0.9648351648351648
seed224	S1	dominant_growth_rate	low_0_to_1pct	0.2835164835164835
seed225	S1	dominant_growth_rate	low_0_to_1pct	0.7846153846153847
seed226	S1	dominant_growth_rate	low_0_to_1pct	0.9384615384615385
seed227	S1	dominant_growth_rate	low_0_to_1pct	0.8505494505494505
seed228	S1	dominant_growth_rate	low_0_to_1pct	0.9076923076923077
seed229	S1	dominant_growth_rate	low_0_to_1pct	0.767032967032967
seed230	S1	dominant_growth_rate	low_0_to_1pct	0.9164835164835166
seed231	S1	dominant_growth_rate	low_0_to_1pct	0.7538461538461538
seed232	S1	dominant_growth_rate	low_0_to_1pct	0.9120879120879121
seed233	S1	dominant_growth_rate	low_0_to_1pct	0.9208791208791209
seed234	S1	dominant_growth_rate	low_0_to_1pct	0.9868131868131869
seed235	S1	dominant_growth_rate	low_0_to_1pct	0.9428571428571428
seed236	S1	dominant_growth_rate	low_0_to_1pct	0.6263736263736264
seed237	S1	dominant_growth_rate	low_0_to_1pct	0.9472527472527472
seed238	S1	dominant_growth_rate	low_0_to_1pct	0.8813186813186813
seed239	S1	dominant_growth_rate	low_0_to_1pct	0.8725274725274725
seed240	S1	dominant_growth_rate	low_0_to_1pct	0.9824175824175824
seed241	S1	dominant_growth_rate	low_0_to_1pct	0.8769230769230769
seed242	S1	dominant_growth_rate	low_0_to_1pct	0.9032967032967033
seed243	S1	dominant_growth_rate	low_0_to_1pct	0.6835164835164835
seed244	S1	dominant_growth_rate	low_0_to_1pct	0.9164835164835166
seed245	S1	dominant_growth_rate	low_0_to_1pct	0.6615384615384616
seed246	S1	dominant_growth_rate	low_0_to_1pct	0.8373626373626375
seed247	S1	dominant_growth_rate	low_0_to_1pct	0.832967032967033
seed248	S1	dominant_growth_rate	low_0_to_1pct	0.9120879120879121
seed249	S1	dominant_growth_rate	low_0_to_1pct	0.5340659340659341
seed250	S1	dominant_growth_rate	low_0_to_1pct	0.8989010989010989
seed251	S1	dominant_growth_rate	low_0_to_1pct	0.9164835164835166
seed252	S1	dominant_growth_rate	low_0_to_1pct	0.9736263736263736
seed253	S1	dominant_growth_rate	low_0_to_1pct	0.9032967032967033
seed254	S1	dominant_growth_rate	low_0_to_1pct	0.832967032967033
seed255	S1	dominant_growth_rate	low_0_to_1pct	0.8945054945054945
seed256	S1	dominant_growth_rate	low_0_to_1pct	0.8857142857142857
seed257	S1	dominant_growth_rate	low_0_to_1pct	0.6483516483516484
seed258	S1	dominant_growth_rate	low_0_to_1pct	0.8241758241758241
seed259	S1	dominant_growth_rate	low_0_to_1pct	0.8593406593406594
seed260	S1	dominant_growth_rate	low_0_to_1pct	0.8505494505494505
seed261	S1	dominant_growth_rate	low_0_to_1pct	0.7802197802197802
seed262	S1	dominant_growth_rate	low_0_to_1pct	0.7978021978021977
seed263	S1	dominant_growth_rate	low_0_to_1pct	0.6087912087912088
seed264	S1	dominant_growth_rate	low_0_to_1pct	0.8945054945054945
seed265	S1	dominant_growth_rate	low_0_to_1pct	0.9076923076923077
seed266	S1	dominant_growth_rate	low_0_to_1pct	0.9428571428571428
seed267	S1	dominant_growth_rate	low_0_to_1pct	0.7010989010989012
seed268	S1	dominant_growth_rate	low_0_to_1pct	0.8901098901098902
seed269	S1	dominant_growth_rate	low_0_to_1pct	0.8021978021978022
seed270	S1	dominant_growth_rate	low_0_to_1pct	0.8549450549450549
seed271	S1	dominant_growth_rate	low_0_to_1pct	0.9692307692307693
seed272	S1	dominant_growth_rate	low_0_to_1pct	0.9208791208791209
seed273	S1	dominant_growth_rate	low_0_to_1pct	0.8241758241758241
seed274	S1	dominant_growth_rate	low_0_to_1pct	0.6747252747252748
seed275	S1	dominant_growth_rate	low_0_to_1pct	0.9208791208791209
seed276	S1	dominant_growth_rate	low_0_to_1pct	0.8901098901098902
seed277	S1	dominant_growth_rate	low_0_to_1pct	0.7362637362637363
seed278	S1	dominant_growth_rate	low_0_to_1pct	0.8945054945054945
seed279	S1	dominant_growth_rate	low_0_to_1pct	0.9032967032967033
seed280	S1	dominant_growth_rate	low_0_to_1pct	0.8725274725274725
seed281	S1	dominant_growth_rate	low_0_to_1pct	0.767032967032967
seed282	S1	dominant_growth_rate	low_0_to_1pct	0.9120879120879121
seed283	S1	dominant_growth_rate	low_0_to_1pct	0.6967032967032967
seed284	S1	dominant_growth_rate	low_0_to_1pct	0.5296703296703297
seed285	S1	dominant_growth_rate	low_0_to_1pct	0.6703296703296703
seed286	S1	dominant_growth_rate	low_0_to_1pct	0.9120879120879121
seed287	S1	dominant_growth_rate	low_0_to_1pct	0.8549450549450549
seed288	S1	dominant_growth_rate	low_0_to_1pct	0.7274725274725276
seed289	S1	dominant_growth_rate	low_0_to_1pct	0.9340659340659341
seed290	S1	dominant_growth_rate	low_0_to_1pct	0.767032967032967
seed291	S1	dominant_growth_rate	low_0_to_1pct	0.8989010989010989
seed292	S1	dominant_growth_rate	low_0_to_1pct	0.9692307692307693
seed293	S1	dominant_growth_rate	low_0_to_1pct	0.9120879120879121
seed294	S1	dominant_growth_rate	low_0_to_1pct	0.5472527472527472
seed295	S1	dominant_growth_rate	low_0_to_1pct	0.9736263736263736
seed296	S1	dominant_growth_rate	low_0_to_1pct	0.9472527472527472
seed297	S1	dominant_growth_rate	low_0_to_1pct	0.8989010989010989
seed298	S1	dominant_growth_rate	low_0_to_1pct	0.9384615384615385
seed299	S1	dominant_growth_rate	low_0_to_1pct	0.9252747252747253
seed300	S1	dominant_growth_rate	low_0_to_1pct	0.8857142857142857
seed301	S1	dominant_growth_rate	low_0_to_1pct	0.8989010989010989
seed302	S1	dominant_growth_rate	low_0_to_1pct	0.832967032967033
seed303	S1	dominant_growth_rate	low_0_to_1pct	0.6043956043956044
seed304	S1	dominant_growth_rate	low_0_to_1pct	0.9252747252747253
seed305	S1	dominant_growth_rate	low_0_to_1pct	0.7274725274725276
seed306	S1	dominant_growth_rate	low_0_to_1pct	0.8197802197802198
seed307	S1	dominant_growth_rate	low_0_to_1pct	0.5824175824175825
seed308	S1	dominant_growth_rate	low_0_to_1pct	0.9384615384615385
seed309	S1	dominant_growth_rate	low_0_to_1pct	0.9516483516483516
seed310	S1	dominant_growth_rate	low_0_to_1pct	0.9296703296703297
seed311	S1	dominant_growth_rate	low_0_to_1pct	0.9076923076923077
seed312	S1	dominant_growth_rate	low_0_to_1pct	0.7758241758241758
seed313	S1	dominant_growth_rate	low_0_to_1pct	0.9604395604395607
seed314	S1	dominant_growth_rate	low_0_to_1pct	0.9428571428571428
seed315	S1	dominant_growth_rate	low_0_to_1pct	0.7098901098901099
seed316	S1	dominant_growth_rate	low_0_to_1pct	0.745054945054945
seed317	S1	dominant_growth_rate	low_0_to_1pct	0.7142857142857143
seed318	S1	dominant_growth_rate	low_0_to_1pct	0.8857142857142857
seed319	S1	dominant_growth_rate	low_0_to_1pct	0.8549450549450549
seed320	S1	dominant_growth_rate	low_0_to_1pct	0.767032967032967
seed321	S1	dominant_growth_rate	low_0_to_1pct	0.7890109890109891
seed322	S1	dominant_growth_rate	low_0_to_1pct	0.8813186813186813
seed323	S1	dominant_growth_rate	low_0_to_1pct	0.8945054945054945
seed324	S1	dominant_growth_rate	low_0_to_1pct	0.7186813186813187
seed325	S1	dominant_growth_rate	low_0_to_1pct	0.8989010989010989
seed326	S1	dominant_growth_rate	low_0_to_1pct	0.8681318681318682
seed327	S1	dominant_growth_rate	low_0_to_1pct	0.6703296703296703
seed328	S1	dominant_growth_rate	low_0_to_1pct	0.8461538461538461
seed329	S1	dominant_growth_rate	low_0_to_1pct	0.6835164835164835
seed330	S1	dominant_growth_rate	low_0_to_1pct	0.8681318681318682
seed331	S1	dominant_growth_rate	low_0_to_1pct	0.8681318681318682
seed332	S1	dominant_growth_rate	low_0_to_1pct	0.9428571428571428
seed333	S1	dominant_growth_rate	low_0_to_1pct	0.8989010989010989
seed334	S1	dominant_growth_rate	low_0_to_1pct	0.9472527472527472
seed335	S1	dominant_growth_rate	low_0_to_1pct	0.7758241758241758
seed336	S1	dominant_growth_rate	low_0_to_1pct	0.9296703296703297
seed337	S1	dominant_growth_rate	low_0_to_1pct	0.9208791208791209
seed338	S1	dominant_growth_rate	low_0_to_1pct	0.9692307692307693
seed339	S1	dominant_growth_rate	low_0_to_1pct	0.9516483516483516
seed340	S1	dominant_growth_rate	low_0_to_1pct	0.9384615384615385
seed341	S1	dominant_growth_rate	low_0_to_1pct	0.8989010989010989
seed342	S1	dominant_growth_rate	low_0_to_1pct	0.8945054945054945
seed343	S1	dominant_growth_rate	low_0_to_1pct	0.3274725274725274
seed344	S1	dominant_growth_rate	low_0_to_1pct	0.8681318681318682
seed345	S1	dominant_growth_rate	low_0_to_1pct	0.8769230769230769
seed346	S1	dominant_growth_rate	low_0_to_1pct	0.9032967032967033
seed347	S1	dominant_growth_rate	low_0_to_1pct	0.7582417582417583
seed348	S1	dominant_growth_rate	low_0_to_1pct	0.9164835164835166
seed349	S1	dominant_growth_rate	low_0_to_1pct	0.6175824175824175
seed350	S1	dominant_growth_rate	low_0_to_1pct	0.8945054945054945
seed351	S1	dominant_growth_rate	low_0_to_1pct	0.7274725274725276
seed352	S1	dominant_growth_rate	low_0_to_1pct	0.7714285714285714
seed353	S1	dominant_growth_rate	low_0_to_1pct	0.9472527472527472
seed354	S1	dominant_growth_rate	low_0_to_1pct	0.7714285714285714
seed355	S1	dominant_growth_rate	low_0_to_1pct	0.9252747252747253
seed356	S1	dominant_growth_rate	low_0_to_1pct	0.8901098901098902
seed357	S1	dominant_growth_rate	low_0_to_1pct	0.8857142857142857
seed358	S1	dominant_growth_rate	low_0_to_1pct	0.7846153846153847
seed359	S1	dominant_growth_rate	low_0_to_1pct	0.7626373626373627
seed360	S1	dominant_growth_rate	low_0_to_1pct	0.6263736263736264
seed361	S1	dominant_growth_rate	low_0_to_1pct	0.7802197802197802
seed362	S1	dominant_growth_rate	low_0_to_1pct	0.6439560439560439
seed363	S1	dominant_growth_rate	low_0_to_1pct	0.5912087912087912
seed364	S1	dominant_growth_rate	low_0_to_1pct	0.8109890109890111
seed365	S1	dominant_growth_rate	low_0_to_1pct	0.8549450549450549
seed366	S1	dominant_growth_rate	low_0_to_1pct	0.9384615384615385
seed367	S1	dominant_growth_rate	low_0_to_1pct	0.8813186813186813
seed368	S1	dominant_growth_rate	low_0_to_1pct	0.9340659340659341
seed369	S1	dominant_growth_rate	low_0_to_1pct	0.8197802197802198
seed370	S1	dominant_growth_rate	low_0_to_1pct	0.8021978021978022
seed371	S1	dominant_growth_rate	low_0_to_1pct	0.7098901098901099
seed372	S1	dominant_growth_rate	low_0_to_1pct	0.8681318681318682
seed373	S1	dominant_growth_rate	low_0_to_1pct	0.9296703296703297
seed374	S1	dominant_growth_rate	low_0_to_1pct	0.7934065934065934
seed375	S1	dominant_growth_rate	low_0_to_1pct	0.9032967032967033
seed376	S1	dominant_growth_rate	low_0_to_1pct	0.7626373626373627
seed377	S1	dominant_growth_rate	low_0_to_1pct	0.7406593406593407
seed378	S1	dominant_growth_rate	low_0_to_1pct	0.8945054945054945
seed379	S1	dominant_growth_rate	low_0_to_1pct	0.8857142857142857
seed380	S1	dominant_growth_rate	low_0_to_1pct	0.8901098901098902
seed381	S1	dominant_growth_rate	low_0_to_1pct	0.9164835164835166
seed382	S1	dominant_growth_rate	low_0_to_1pct	0.7494505494505495
seed383	S1	dominant_growth_rate	low_0_to_1pct	0.9032967032967033
seed384	S1	dominant_growth_rate	low_0_to_1pct	0.8945054945054945
seed385	S1	dominant_growth_rate	low_0_to_1pct	0.9120879120879121
seed386	S1	dominant_growth_rate	low_0_to_1pct	0.9516483516483516
seed387	S1	dominant_growth_rate	low_0_to_1pct	0.8989010989010989
seed388	S1	dominant_growth_rate	low_0_to_1pct	0.9164835164835166
seed389	S1	dominant_growth_rate	low_0_to_1pct	0.7978021978021977
seed390	S1	dominant_growth_rate	low_0_to_1pct	0.7142857142857143
seed391	S1	dominant_growth_rate	low_0_to_1pct	0.6043956043956044
seed392	S1	dominant_growth_rate	low_0_to_1pct	0.7230769230769231
seed393	S1	dominant_growth_rate	low_0_to_1pct	0.9164835164835166
seed394	S1	dominant_growth_rate	low_0_to_1pct	0.8813186813186813
seed395	S1	dominant_growth_rate	low_0_to_1pct	0.8813186813186813
seed396	S1	dominant_growth_rate	low_0_to_1pct	0.8769230769230769
seed397	S1	dominant_growth_rate	low_0_to_1pct	0.7934065934065934
seed398	S1	dominant_growth_rate	low_0_to_1pct	0.8417582417582418
seed399	S1	dominant_growth_rate	low_0_to_1pct	0.8813186813186813
seed400	S1	dominant_growth_rate	low_0_to_1pct	0.7802197802197802
seed401	S1	dominant_growth_rate	low_0_to_1pct	0.8681318681318682
seed402	S1	dominant_growth_rate	low_0_to_1pct	0.6263736263736264
seed403	S1	dominant_growth_rate	low_0_to_1pct	0.9604395604395607
seed404	S1	dominant_growth_rate	low_0_to_1pct	0.8241758241758241
seed405	S1	dominant_growth_rate	low_0_to_1pct	0.7406593406593407
seed406	S1	dominant_growth_rate	low_0_to_1pct	0.8065934065934066
seed407	S1	dominant_growth_rate	low_0_to_1pct	0.6395604395604396
seed408	S1	dominant_growth_rate	low_0_to_1pct	0.9296703296703297
seed409	S1	dominant_growth_rate	low_0_to_1pct	0.8241758241758241
seed410	S1	dominant_growth_rate	low_0_to_1pct	0.9032967032967033
seed411	S1	dominant_growth_rate	low_0_to_1pct	0.8857142857142857
seed412	S1	dominant_growth_rate	low_0_to_1pct	0.5824175824175825
seed413	S1	dominant_growth_rate	low_0_to_1pct	0.6131868131868132
seed414	S1	dominant_growth_rate	low_0_to_1pct	0.956043956043956
seed415	S1	dominant_growth_rate	low_0_to_1pct	0.8857142857142857
seed416	S1	dominant_growth_rate	low_0_to_1pct	0.9604395604395607
seed417	S1	dominant_growth_rate	low_0_to_1pct	0.8109890109890111
seed418	S1	dominant_growth_rate	low_0_to_1pct	0.8505494505494505
seed419	S1	dominant_growth_rate	low_0_to_1pct	0.9032967032967033
seed420	S1	dominant_growth_rate	low_0_to_1pct	0.7098901098901099
seed421	S1	dominant_growth_rate	low_0_to_1pct	0.8813186813186813
seed422	S1	dominant_growth_rate	low_0_to_1pct	0.7494505494505495
seed423	S1	dominant_growth_rate	low_0_to_1pct	0.767032967032967
seed424	S1	dominant_growth_rate	low_0_to_1pct	0.9032967032967033
seed425	S1	dominant_growth_rate	low_0_to_1pct	0.6747252747252748
seed426	S1	dominant_growth_rate	low_0_to_1pct	0.4197802197802198
seed427	S1	dominant_growth_rate	low_0_to_1pct	0.5032967032967033
seed428	S1	dominant_growth_rate	low_0_to_1pct	0.9384615384615385
seed429	S1	dominant_growth_rate	low_0_to_1pct	0.9208791208791209
seed430	S1	dominant_growth_rate	low_0_to_1pct	0.8197802197802198
seed431	S1	dominant_growth_rate	low_0_to_1pct	0.8989010989010989
seed432	S1	dominant_growth_rate	low_0_to_1pct	0.6351648351648352
seed433	S1	dominant_growth_rate	low_0_to_1pct	0.8593406593406594
seed434	S1	dominant_growth_rate	low_0_to_1pct	0.7582417582417583
seed435	S1	dominant_growth_rate	low_0_to_1pct	0.9472527472527472
seed436	S1	dominant_growth_rate	low_0_to_1pct	0.47252747252747257
seed437	S1	dominant_growth_rate	low_0_to_1pct	0.8901098901098902
seed438	S1	dominant_growth_rate	low_0_to_1pct	0.7538461538461538
seed439	S1	dominant_growth_rate	low_0_to_1pct	0.9252747252747253
seed440	S1	dominant_growth_rate	low_0_to_1pct	0.7978021978021977
seed441	S1	dominant_growth_rate	low_0_to_1pct	0.8989010989010989
seed442	S1	dominant_growth_rate	low_0_to_1pct	0.7538461538461538
seed443	S1	dominant_growth_rate	low_0_to_1pct	0.9604395604395607
seed444	S1	dominant_growth_rate	low_0_to_1pct	0.9296703296703297
seed445	S1	dominant_growth_rate	low_0_to_1pct	0.8461538461538461
seed446	S1	dominant_growth_rate	low_0_to_1pct	0.9472527472527472
seed447	S1	dominant_growth_rate	low_0_to_1pct	0.9736263736263736
seed448	S1	dominant_growth_rate	low_0_to_1pct	0.35824175824175825
seed449	S1	dominant_growth_rate	low_0_to_1pct	0.9824175824175824
seed450	S1	dominant_growth_rate	low_0_to_1pct	0.8285714285714285
seed451	S1	dominant_growth_rate	low_0_to_1pct	0.8549450549450549
seed452	S1	dominant_growth_rate	low_0_to_1pct	0.9208791208791209
seed453	S1	dominant_growth_rate	low_0_to_1pct	0.9032967032967033
seed454	S1	dominant_growth_rate	low_0_to_1pct	0.5824175824175825
seed455	S1	dominant_growth_rate	low_0_to_1pct	0.6087912087912088
seed456	S1	dominant_growth_rate	low_0_to_1pct	0.832967032967033
seed457	S1	dominant_growth_rate	low_0_to_1pct	0.745054945054945
seed458	S1	dominant_growth_rate	low_0_to_1pct	0.8109890109890111
seed459	S1	dominant_growth_rate	low_0_to_1pct	0.9208791208791209
seed460	S1	dominant_growth_rate	low_0_to_1pct	0.9076923076923077
seed461	S1	dominant_growth_rate	low_0_to_1pct	0.832967032967033
seed462	S1	dominant_growth_rate	low_0_to_1pct	0.9648351648351648
seed463	S1	dominant_growth_rate	low_0_to_1pct	0.9428571428571428
seed464	S1	dominant_growth_rate	low_0_to_1pct	0.8813186813186813
seed465	S1	dominant_growth_rate	low_0_to_1pct	0.8901098901098902
seed466	S1	dominant_growth_rate	low_0_to_1pct	0.8505494505494505
seed467	S1	dominant_growth_rate	low_0_to_1pct	0.8725274725274725
seed468	S1	dominant_growth_rate	low_0_to_1pct	0.9604395604395607
seed469	S1	dominant_growth_rate	low_0_to_1pct	0.7582417582417583
seed470	S1	dominant_growth_rate	low_0_to_1pct	0.6967032967032967
seed471	S1	dominant_growth_rate	low_0_to_1pct	0.7274725274725276
seed472	S1	dominant_growth_rate	low_0_to_1pct	0.9340659340659341
seed473	S1	dominant_growth_rate	low_0_to_1pct	0.7582417582417583
seed474	S1	dominant_growth_rate	low_0_to_1pct	0.9076923076923077
seed475	S1	dominant_growth_rate	low_0_to_1pct	0.7274725274725276
seed476	S1	dominant_growth_rate	low_0_to_1pct	0.9296703296703297
seed477	S1	dominant_growth_rate	low_0_to_1pct	0.9208791208791209
seed478	S1	dominant_growth_rate	low_0_to_1pct	0.7098901098901099
seed479	S1	dominant_growth_rate	low_0_to_1pct	0.8857142857142857
seed480	S1	dominant_growth_rate	low_0_to_1pct	0.9120879120879121
seed481	S1	dominant_growth_rate	low_0_to_1pct	0.6791208791208792
seed482	S1	dominant_growth_rate	low_0_to_1pct	0.9208791208791209
seed483	S1	dominant_growth_rate	low_0_to_1pct	0.8813186813186813
seed484	S1	dominant_growth_rate	low_0_to_1pct	0.8549450549450549
seed485	S1	dominant_growth_rate	low_0_to_1pct	0.7978021978021977
seed486	S1	dominant_growth_rate	low_0_to_1pct	0.7802197802197802
seed487	S1	dominant_growth_rate	low_0_to_1pct	0.8241758241758241
seed488	S1	dominant_growth_rate	low_0_to_1pct	0.9208791208791209
seed489	S1	dominant_growth_rate	low_0_to_1pct	0.9516483516483516
seed490	S1	dominant_growth_rate	low_0_to_1pct	0.9120879120879121
seed491	S1	dominant_growth_rate	low_0_to_1pct	0.8725274725274725
seed492	S1	dominant_growth_rate	low_0_to_1pct	0.6175824175824175
seed493	S1	dominant_growth_rate	low_0_to_1pct	0.6175824175824175
seed494	S1	dominant_growth_rate	low_0_to_1pct	0.9164835164835166
seed495	S1	dominant_growth_rate	low_0_to_1pct	0.6439560439560439
seed496	S1	dominant_growth_rate	low_0_to_1pct	0.4681318681318682
seed497	S1	dominant_growth_rate	low_0_to_1pct	0.8857142857142857
seed498	S1	dominant_growth_rate	low_0_to_1pct	0.7934065934065934
seed499	S1	dominant_growth_rate	low_0_to_1pct	0.8857142857142857
seed500	S1	dominant_growth_rate	low_0_to_1pct	0.7890109890109891
seed1	S1	dominant_growth_rate	high_3_to_5pct	0.7274725274725276
seed2	S1	dominant_growth_rate	high_3_to_5pct	0.6571428571428571
seed3	S1	dominant_growth_rate	high_3_to_5pct	0.9076923076923077
seed4	S1	dominant_growth_rate	high_3_to_5pct	0.7494505494505495
seed5	S1	dominant_growth_rate	high_3_to_5pct	0.8989010989010989
seed6	S1	dominant_growth_rate	high_3_to_5pct	0.6395604395604396
seed7	S1	dominant_growth_rate	high_3_to_5pct	0.9428571428571428
seed8	S1	dominant_growth_rate	high_3_to_5pct	0.956043956043956
seed9	S1	dominant_growth_rate	high_3_to_5pct	0.6923076923076923
seed10	S1	dominant_growth_rate	high_3_to_5pct	0.9296703296703297
seed11	S1	dominant_growth_rate	high_3_to_5pct	0.8813186813186813
seed12	S1	dominant_growth_rate	high_3_to_5pct	0.9472527472527472
seed13	S1	dominant_growth_rate	high_3_to_5pct	0.7802197802197802
seed14	S1	dominant_growth_rate	high_3_to_5pct	0.8901098901098902
seed15	S1	dominant_growth_rate	high_3_to_5pct	0.9736263736263736
seed16	S1	dominant_growth_rate	high_3_to_5pct	0.8637362637362638
seed17	S1	dominant_growth_rate	high_3_to_5pct	0.9120879120879121
seed18	S1	dominant_growth_rate	high_3_to_5pct	0.6395604395604396
seed19	S1	dominant_growth_rate	high_3_to_5pct	0.7362637362637363
seed20	S1	dominant_growth_rate	high_3_to_5pct	0.956043956043956
seed21	S1	dominant_growth_rate	high_3_to_5pct	0.6747252747252748
seed22	S1	dominant_growth_rate	high_3_to_5pct	0.9692307692307693
seed23	S1	dominant_growth_rate	high_3_to_5pct	0.8549450549450549
seed24	S1	dominant_growth_rate	high_3_to_5pct	0.8373626373626375
seed25	S1	dominant_growth_rate	high_3_to_5pct	0.8197802197802198
seed26	S1	dominant_growth_rate	high_3_to_5pct	0.7714285714285714
seed27	S1	dominant_growth_rate	high_3_to_5pct	0.8153846153846154
seed28	S1	dominant_growth_rate	high_3_to_5pct	0.5692307692307692
seed29	S1	dominant_growth_rate	high_3_to_5pct	0.8857142857142857
seed30	S1	dominant_growth_rate	high_3_to_5pct	0.9384615384615385
seed31	S1	dominant_growth_rate	high_3_to_5pct	0.8505494505494505
seed32	S1	dominant_growth_rate	high_3_to_5pct	0.7978021978021977
seed33	S1	dominant_growth_rate	high_3_to_5pct	0.7054945054945055
seed34	S1	dominant_growth_rate	high_3_to_5pct	0.9340659340659341
seed35	S1	dominant_growth_rate	high_3_to_5pct	0.6439560439560439
seed36	S1	dominant_growth_rate	high_3_to_5pct	0.9384615384615385
seed37	S1	dominant_growth_rate	high_3_to_5pct	0.9340659340659341
seed38	S1	dominant_growth_rate	high_3_to_5pct	0.7274725274725276
seed39	S1	dominant_growth_rate	high_3_to_5pct	0.8417582417582418
seed40	S1	dominant_growth_rate	high_3_to_5pct	0.7978021978021977
seed41	S1	dominant_growth_rate	high_3_to_5pct	0.8857142857142857
seed42	S1	dominant_growth_rate	high_3_to_5pct	0.8241758241758241
seed43	S1	dominant_growth_rate	high_3_to_5pct	0.8637362637362638
seed44	S1	dominant_growth_rate	high_3_to_5pct	0.8153846153846154
seed45	S1	dominant_growth_rate	high_3_to_5pct	0.9604395604395607
seed46	S1	dominant_growth_rate	high_3_to_5pct	0.9340659340659341
seed47	S1	dominant_growth_rate	high_3_to_5pct	0.7890109890109891
seed48	S1	dominant_growth_rate	high_3_to_5pct	0.665934065934066
seed49	S1	dominant_growth_rate	high_3_to_5pct	0.9340659340659341
seed50	S1	dominant_growth_rate	high_3_to_5pct	0.9428571428571428
seed51	S1	dominant_growth_rate	high_3_to_5pct	0.956043956043956
seed52	S1	dominant_growth_rate	high_3_to_5pct	0.8593406593406594
seed53	S1	dominant_growth_rate	high_3_to_5pct	0.7846153846153847
seed54	S1	dominant_growth_rate	high_3_to_5pct	0.7098901098901099
seed55	S1	dominant_growth_rate	high_3_to_5pct	0.7142857142857143
seed56	S1	dominant_growth_rate	high_3_to_5pct	0.9340659340659341
seed57	S1	dominant_growth_rate	high_3_to_5pct	0.6351648351648352
seed58	S1	dominant_growth_rate	high_3_to_5pct	0.9032967032967033
seed59	S1	dominant_growth_rate	high_3_to_5pct	0.5296703296703297
seed60	S1	dominant_growth_rate	high_3_to_5pct	0.767032967032967
seed61	S1	dominant_growth_rate	high_3_to_5pct	0.6967032967032967
seed62	S1	dominant_growth_rate	high_3_to_5pct	0.9032967032967033
seed63	S1	dominant_growth_rate	high_3_to_5pct	0.6747252747252748
seed64	S1	dominant_growth_rate	high_3_to_5pct	0.8769230769230769
seed65	S1	dominant_growth_rate	high_3_to_5pct	0.8417582417582418
seed66	S1	dominant_growth_rate	high_3_to_5pct	0.6879120879120879
seed67	S1	dominant_growth_rate	high_3_to_5pct	0.9692307692307693
seed68	S1	dominant_growth_rate	high_3_to_5pct	0.7978021978021977
seed69	S1	dominant_growth_rate	high_3_to_5pct	0.9428571428571428
seed70	S1	dominant_growth_rate	high_3_to_5pct	0.9340659340659341
seed71	S1	dominant_growth_rate	high_3_to_5pct	0.9252747252747253
seed72	S1	dominant_growth_rate	high_3_to_5pct	0.5384615384615385
seed73	S1	dominant_growth_rate	high_3_to_5pct	0.9340659340659341
seed74	S1	dominant_growth_rate	high_3_to_5pct	0.7494505494505495
seed75	S1	dominant_growth_rate	high_3_to_5pct	0.8945054945054945
seed76	S1	dominant_growth_rate	high_3_to_5pct	0.9252747252747253
seed77	S1	dominant_growth_rate	high_3_to_5pct	0.8989010989010989
seed78	S1	dominant_growth_rate	high_3_to_5pct	0.5736263736263736
seed79	S1	dominant_growth_rate	high_3_to_5pct	0.9912087912087912
seed80	S1	dominant_growth_rate	high_3_to_5pct	0.9780219780219781
seed81	S1	dominant_growth_rate	high_3_to_5pct	0.8593406593406594
seed82	S1	dominant_growth_rate	high_3_to_5pct	0.8065934065934066
seed83	S1	dominant_growth_rate	high_3_to_5pct	0.9164835164835166
seed84	S1	dominant_growth_rate	high_3_to_5pct	0.9164835164835166
seed85	S1	dominant_growth_rate	high_3_to_5pct	0.9076923076923077
seed86	S1	dominant_growth_rate	high_3_to_5pct	0.8285714285714285
seed87	S1	dominant_growth_rate	high_3_to_5pct	0.9208791208791209
seed88	S1	dominant_growth_rate	high_3_to_5pct	0.8593406593406594
seed89	S1	dominant_growth_rate	high_3_to_5pct	0.7846153846153847
seed90	S1	dominant_growth_rate	high_3_to_5pct	0.6439560439560439
seed91	S1	dominant_growth_rate	high_3_to_5pct	0.7538461538461538
seed92	S1	dominant_growth_rate	high_3_to_5pct	0.9032967032967033
seed93	S1	dominant_growth_rate	high_3_to_5pct	0.9736263736263736
seed94	S1	dominant_growth_rate	high_3_to_5pct	0.7626373626373627
seed95	S1	dominant_growth_rate	high_3_to_5pct	0.956043956043956
seed96	S1	dominant_growth_rate	high_3_to_5pct	0.9120879120879121
seed97	S1	dominant_growth_rate	high_3_to_5pct	0.5824175824175825
seed98	S1	dominant_growth_rate	high_3_to_5pct	0.7186813186813187
seed99	S1	dominant_growth_rate	high_3_to_5pct	0.8549450549450549
seed100	S1	dominant_growth_rate	high_3_to_5pct	0.8989010989010989
seed101	S1	dominant_growth_rate	high_3_to_5pct	0.9340659340659341
seed102	S1	dominant_growth_rate	high_3_to_5pct	0.9076923076923077
seed103	S1	dominant_growth_rate	high_3_to_5pct	0.9120879120879121
seed104	S1	dominant_growth_rate	high_3_to_5pct	0.8109890109890111
seed105	S1	dominant_growth_rate	high_3_to_5pct	0.6483516483516484
seed106	S1	dominant_growth_rate	high_3_to_5pct	0.8065934065934066
seed107	S1	dominant_growth_rate	high_3_to_5pct	0.9648351648351648
seed108	S1	dominant_growth_rate	high_3_to_5pct	0.8021978021978022
seed109	S1	dominant_growth_rate	high_3_to_5pct	0.8945054945054945
seed110	S1	dominant_growth_rate	high_3_to_5pct	0.7230769230769231
seed111	S1	dominant_growth_rate	high_3_to_5pct	0.9824175824175824
seed112	S1	dominant_growth_rate	high_3_to_5pct	0.8065934065934066
seed113	S1	dominant_growth_rate	high_3_to_5pct	0.7494505494505495
seed114	S1	dominant_growth_rate	high_3_to_5pct	0.8461538461538461
seed115	S1	dominant_growth_rate	high_3_to_5pct	0.8285714285714285
seed116	S1	dominant_growth_rate	high_3_to_5pct	0.9252747252747253
seed117	S1	dominant_growth_rate	high_3_to_5pct	0.9692307692307693
seed118	S1	dominant_growth_rate	high_3_to_5pct	0.7494505494505495
seed119	S1	dominant_growth_rate	high_3_to_5pct	0.8725274725274725
seed120	S1	dominant_growth_rate	high_3_to_5pct	0.9516483516483516
seed121	S1	dominant_growth_rate	high_3_to_5pct	0.8637362637362638
seed122	S1	dominant_growth_rate	high_3_to_5pct	0.5824175824175825
seed123	S1	dominant_growth_rate	high_3_to_5pct	0.8373626373626375
seed124	S1	dominant_growth_rate	high_3_to_5pct	0.8461538461538461
seed125	S1	dominant_growth_rate	high_3_to_5pct	0.956043956043956
seed126	S1	dominant_growth_rate	high_3_to_5pct	0.8813186813186813
seed127	S1	dominant_growth_rate	high_3_to_5pct	0.8549450549450549
seed128	S1	dominant_growth_rate	high_3_to_5pct	0.8505494505494505
seed129	S1	dominant_growth_rate	high_3_to_5pct	0.7186813186813187
seed130	S1	dominant_growth_rate	high_3_to_5pct	0.9428571428571428
seed131	S1	dominant_growth_rate	high_3_to_5pct	0.9428571428571428
seed132	S1	dominant_growth_rate	high_3_to_5pct	0.9296703296703297
seed133	S1	dominant_growth_rate	high_3_to_5pct	0.8461538461538461
seed134	S1	dominant_growth_rate	high_3_to_5pct	0.9208791208791209
seed135	S1	dominant_growth_rate	high_3_to_5pct	0.9296703296703297
seed136	S1	dominant_growth_rate	high_3_to_5pct	0.665934065934066
seed137	S1	dominant_growth_rate	high_3_to_5pct	0.956043956043956
seed138	S1	dominant_growth_rate	high_3_to_5pct	0.9164835164835166
seed139	S1	dominant_growth_rate	high_3_to_5pct	0.7582417582417583
seed140	S1	dominant_growth_rate	high_3_to_5pct	0.9252747252747253
seed141	S1	dominant_growth_rate	high_3_to_5pct	0.9120879120879121
seed142	S1	dominant_growth_rate	high_3_to_5pct	0.7890109890109891
seed143	S1	dominant_growth_rate	high_3_to_5pct	0.8505494505494505
seed144	S1	dominant_growth_rate	high_3_to_5pct	0.7890109890109891
seed145	S1	dominant_growth_rate	high_3_to_5pct	0.8637362637362638
seed146	S1	dominant_growth_rate	high_3_to_5pct	0.8725274725274725
seed147	S1	dominant_growth_rate	high_3_to_5pct	0.46373626373626364
seed148	S1	dominant_growth_rate	high_3_to_5pct	0.9472527472527472
seed149	S1	dominant_growth_rate	high_3_to_5pct	0.8681318681318682
seed150	S1	dominant_growth_rate	high_3_to_5pct	0.7274725274725276
seed151	S1	dominant_growth_rate	high_3_to_5pct	0.8769230769230769
seed152	S1	dominant_growth_rate	high_3_to_5pct	0.8153846153846154
seed153	S1	dominant_growth_rate	high_3_to_5pct	0.7054945054945055
seed154	S1	dominant_growth_rate	high_3_to_5pct	0.9648351648351648
seed155	S1	dominant_growth_rate	high_3_to_5pct	0.8373626373626375
seed156	S1	dominant_growth_rate	high_3_to_5pct	0.7142857142857143
seed157	S1	dominant_growth_rate	high_3_to_5pct	0.8637362637362638
seed158	S1	dominant_growth_rate	high_3_to_5pct	0.9648351648351648
seed159	S1	dominant_growth_rate	high_3_to_5pct	0.8593406593406594
seed160	S1	dominant_growth_rate	high_3_to_5pct	0.6043956043956044
seed161	S1	dominant_growth_rate	high_3_to_5pct	0.9120879120879121
seed162	S1	dominant_growth_rate	high_3_to_5pct	0.8417582417582418
seed163	S1	dominant_growth_rate	high_3_to_5pct	0.8637362637362638
seed164	S1	dominant_growth_rate	high_3_to_5pct	0.9340659340659341
seed165	S1	dominant_growth_rate	high_3_to_5pct	0.6703296703296703
seed166	S1	dominant_growth_rate	high_3_to_5pct	0.956043956043956
seed167	S1	dominant_growth_rate	high_3_to_5pct	0.6923076923076923
seed168	S1	dominant_growth_rate	high_3_to_5pct	0.6835164835164835
seed169	S1	dominant_growth_rate	high_3_to_5pct	0.6747252747252748
seed170	S1	dominant_growth_rate	high_3_to_5pct	0.9648351648351648
seed171	S1	dominant_growth_rate	high_3_to_5pct	0.8725274725274725
seed172	S1	dominant_growth_rate	high_3_to_5pct	0.7626373626373627
seed173	S1	dominant_growth_rate	high_3_to_5pct	0.9296703296703297
seed174	S1	dominant_growth_rate	high_3_to_5pct	0.9032967032967033
seed175	S1	dominant_growth_rate	high_3_to_5pct	0.9296703296703297
seed176	S1	dominant_growth_rate	high_3_to_5pct	0.8417582417582418
seed177	S1	dominant_growth_rate	high_3_to_5pct	0.9296703296703297
seed178	S1	dominant_growth_rate	high_3_to_5pct	0.6967032967032967
seed179	S1	dominant_growth_rate	high_3_to_5pct	0.7318681318681319
seed180	S1	dominant_growth_rate	high_3_to_5pct	0.9164835164835166
seed181	S1	dominant_growth_rate	high_3_to_5pct	0.8505494505494505
seed182	S1	dominant_growth_rate	high_3_to_5pct	0.8593406593406594
seed183	S1	dominant_growth_rate	high_3_to_5pct	0.6131868131868132
seed184	S1	dominant_growth_rate	high_3_to_5pct	0.9208791208791209
seed185	S1	dominant_growth_rate	high_3_to_5pct	0.9076923076923077
seed186	S1	dominant_growth_rate	high_3_to_5pct	0.7758241758241758
seed187	S1	dominant_growth_rate	high_3_to_5pct	0.832967032967033
seed188	S1	dominant_growth_rate	high_3_to_5pct	0.5340659340659341
seed189	S1	dominant_growth_rate	high_3_to_5pct	0.7538461538461538
seed190	S1	dominant_growth_rate	high_3_to_5pct	0.8065934065934066
seed191	S1	dominant_growth_rate	high_3_to_5pct	0.8153846153846154
seed192	S1	dominant_growth_rate	high_3_to_5pct	0.9516483516483516
seed193	S1	dominant_growth_rate	high_3_to_5pct	0.8549450549450549
seed194	S1	dominant_growth_rate	high_3_to_5pct	0.9604395604395607
seed195	S1	dominant_growth_rate	high_3_to_5pct	0.8153846153846154
seed196	S1	dominant_growth_rate	high_3_to_5pct	0.8593406593406594
seed197	S1	dominant_growth_rate	high_3_to_5pct	0.9472527472527472
seed198	S1	dominant_growth_rate	high_3_to_5pct	0.6
seed199	S1	dominant_growth_rate	high_3_to_5pct	0.9604395604395607
seed200	S1	dominant_growth_rate	high_3_to_5pct	0.9032967032967033
seed201	S1	dominant_growth_rate	high_3_to_5pct	0.6747252747252748
seed202	S1	dominant_growth_rate	high_3_to_5pct	0.8769230769230769
seed203	S1	dominant_growth_rate	high_3_to_5pct	0.8109890109890111
seed204	S1	dominant_growth_rate	high_3_to_5pct	0.7010989010989012
seed205	S1	dominant_growth_rate	high_3_to_5pct	0.9384615384615385
seed206	S1	dominant_growth_rate	high_3_to_5pct	0.9428571428571428
seed207	S1	dominant_growth_rate	high_3_to_5pct	0.8857142857142857
seed208	S1	dominant_growth_rate	high_3_to_5pct	0.9296703296703297
seed209	S1	dominant_growth_rate	high_3_to_5pct	0.6791208791208792
seed210	S1	dominant_growth_rate	high_3_to_5pct	0.9208791208791209
seed211	S1	dominant_growth_rate	high_3_to_5pct	0.8065934065934066
seed212	S1	dominant_growth_rate	high_3_to_5pct	0.9824175824175824
seed213	S1	dominant_growth_rate	high_3_to_5pct	0.8725274725274725
seed214	S1	dominant_growth_rate	high_3_to_5pct	0.6131868131868132
seed215	S1	dominant_growth_rate	high_3_to_5pct	0.7890109890109891
seed216	S1	dominant_growth_rate	high_3_to_5pct	0.9912087912087912
seed217	S1	dominant_growth_rate	high_3_to_5pct	0.7582417582417583
seed218	S1	dominant_growth_rate	high_3_to_5pct	0.7978021978021977
seed219	S1	dominant_growth_rate	high_3_to_5pct	0.8549450549450549
seed220	S1	dominant_growth_rate	high_3_to_5pct	0.7142857142857143
seed221	S1	dominant_growth_rate	high_3_to_5pct	0.7318681318681319
seed222	S1	dominant_growth_rate	high_3_to_5pct	0.7098901098901099
seed223	S1	dominant_growth_rate	high_3_to_5pct	0.7406593406593407
seed224	S1	dominant_growth_rate	high_3_to_5pct	0.9516483516483516
seed225	S1	dominant_growth_rate	high_3_to_5pct	0.8725274725274725
seed226	S1	dominant_growth_rate	high_3_to_5pct	0.8109890109890111
seed227	S1	dominant_growth_rate	high_3_to_5pct	0.8153846153846154
seed228	S1	dominant_growth_rate	high_3_to_5pct	0.9076923076923077
seed229	S1	dominant_growth_rate	high_3_to_5pct	0.8901098901098902
seed230	S1	dominant_growth_rate	high_3_to_5pct	0.767032967032967
seed231	S1	dominant_growth_rate	high_3_to_5pct	0.7626373626373627
seed232	S1	dominant_growth_rate	high_3_to_5pct	0.9208791208791209
seed233	S1	dominant_growth_rate	high_3_to_5pct	0.7538461538461538
seed234	S1	dominant_growth_rate	high_3_to_5pct	0.9340659340659341
seed235	S1	dominant_growth_rate	high_3_to_5pct	0.956043956043956
seed236	S1	dominant_growth_rate	high_3_to_5pct	0.8417582417582418
seed237	S1	dominant_growth_rate	high_3_to_5pct	0.6835164835164835
seed238	S1	dominant_growth_rate	high_3_to_5pct	0.9516483516483516
seed239	S1	dominant_growth_rate	high_3_to_5pct	0.7362637362637363
seed240	S1	dominant_growth_rate	high_3_to_5pct	0.9208791208791209
seed241	S1	dominant_growth_rate	high_3_to_5pct	0.5120879120879122
seed242	S1	dominant_growth_rate	high_3_to_5pct	0.9120879120879121
seed243	S1	dominant_growth_rate	high_3_to_5pct	0.9648351648351648
seed244	S1	dominant_growth_rate	high_3_to_5pct	0.5516483516483517
seed245	S1	dominant_growth_rate	high_3_to_5pct	0.7186813186813187
seed246	S1	dominant_growth_rate	high_3_to_5pct	0.6791208791208792
seed247	S1	dominant_growth_rate	high_3_to_5pct	0.9340659340659341
seed248	S1	dominant_growth_rate	high_3_to_5pct	0.7846153846153847
seed249	S1	dominant_growth_rate	high_3_to_5pct	0.8241758241758241
seed250	S1	dominant_growth_rate	high_3_to_5pct	0.9692307692307693
seed251	S1	dominant_growth_rate	high_3_to_5pct	0.9472527472527472
seed252	S1	dominant_growth_rate	high_3_to_5pct	0.7978021978021977
seed253	S1	dominant_growth_rate	high_3_to_5pct	0.7142857142857143
seed254	S1	dominant_growth_rate	high_3_to_5pct	0.9384615384615385
seed255	S1	dominant_growth_rate	high_3_to_5pct	0.8989010989010989
seed256	S1	dominant_growth_rate	high_3_to_5pct	0.7802197802197802
seed257	S1	dominant_growth_rate	high_3_to_5pct	0.9648351648351648
seed258	S1	dominant_growth_rate	high_3_to_5pct	0.7098901098901099
seed259	S1	dominant_growth_rate	high_3_to_5pct	0.6703296703296703
seed260	S1	dominant_growth_rate	high_3_to_5pct	0.9340659340659341
seed261	S1	dominant_growth_rate	high_3_to_5pct	0.9472527472527472
seed262	S1	dominant_growth_rate	high_3_to_5pct	0.8945054945054945
seed263	S1	dominant_growth_rate	high_3_to_5pct	0.8593406593406594
seed264	S1	dominant_growth_rate	high_3_to_5pct	0.9516483516483516
seed265	S1	dominant_growth_rate	high_3_to_5pct	0.8505494505494505
seed266	S1	dominant_growth_rate	high_3_to_5pct	0.7802197802197802
seed267	S1	dominant_growth_rate	high_3_to_5pct	0.767032967032967
seed268	S1	dominant_growth_rate	high_3_to_5pct	0.9824175824175824
seed269	S1	dominant_growth_rate	high_3_to_5pct	0.767032967032967
seed270	S1	dominant_growth_rate	high_3_to_5pct	0.9692307692307693
seed271	S1	dominant_growth_rate	high_3_to_5pct	0.9120879120879121
seed272	S1	dominant_growth_rate	high_3_to_5pct	0.5340659340659341
seed273	S1	dominant_growth_rate	high_3_to_5pct	0.6879120879120879
seed274	S1	dominant_growth_rate	high_3_to_5pct	0.9032967032967033
seed275	S1	dominant_growth_rate	high_3_to_5pct	0.9692307692307693
seed276	S1	dominant_growth_rate	high_3_to_5pct	0.9780219780219781
seed277	S1	dominant_growth_rate	high_3_to_5pct	0.7054945054945055
seed278	S1	dominant_growth_rate	high_3_to_5pct	0.6263736263736264
seed279	S1	dominant_growth_rate	high_3_to_5pct	0.7714285714285714
seed280	S1	dominant_growth_rate	high_3_to_5pct	0.9516483516483516
seed281	S1	dominant_growth_rate	high_3_to_5pct	0.9076923076923077
seed282	S1	dominant_growth_rate	high_3_to_5pct	0.8505494505494505
seed283	S1	dominant_growth_rate	high_3_to_5pct	0.8725274725274725
seed284	S1	dominant_growth_rate	high_3_to_5pct	0.6571428571428571
seed285	S1	dominant_growth_rate	high_3_to_5pct	0.6835164835164835
seed286	S1	dominant_growth_rate	high_3_to_5pct	0.8769230769230769
seed287	S1	dominant_growth_rate	high_3_to_5pct	0.9252747252747253
seed288	S1	dominant_growth_rate	high_3_to_5pct	0.9824175824175824
seed289	S1	dominant_growth_rate	high_3_to_5pct	0.7362637362637363
seed290	S1	dominant_growth_rate	high_3_to_5pct	0.9076923076923077
seed291	S1	dominant_growth_rate	high_3_to_5pct	0.6615384615384616
seed292	S1	dominant_growth_rate	high_3_to_5pct	0.9208791208791209
seed293	S1	dominant_growth_rate	high_3_to_5pct	0.8945054945054945
seed294	S1	dominant_growth_rate	high_3_to_5pct	0.9604395604395607
seed295	S1	dominant_growth_rate	high_3_to_5pct	0.8945054945054945
seed296	S1	dominant_growth_rate	high_3_to_5pct	0.6835164835164835
seed297	S1	dominant_growth_rate	high_3_to_5pct	0.9164835164835166
seed298	S1	dominant_growth_rate	high_3_to_5pct	0.7758241758241758
seed299	S1	dominant_growth_rate	high_3_to_5pct	0.7054945054945055
seed300	S1	dominant_growth_rate	high_3_to_5pct	0.9604395604395607
seed301	S1	dominant_growth_rate	high_3_to_5pct	0.9252747252747253
seed302	S1	dominant_growth_rate	high_3_to_5pct	0.9032967032967033
seed303	S1	dominant_growth_rate	high_3_to_5pct	0.9736263736263736
seed304	S1	dominant_growth_rate	high_3_to_5pct	0.9076923076923077
seed305	S1	dominant_growth_rate	high_3_to_5pct	0.9120879120879121
seed306	S1	dominant_growth_rate	high_3_to_5pct	0.7978021978021977
seed307	S1	dominant_growth_rate	high_3_to_5pct	0.745054945054945
seed308	S1	dominant_growth_rate	high_3_to_5pct	0.8373626373626375
seed309	S1	dominant_growth_rate	high_3_to_5pct	0.745054945054945
seed310	S1	dominant_growth_rate	high_3_to_5pct	0.8769230769230769
seed311	S1	dominant_growth_rate	high_3_to_5pct	0.832967032967033
seed312	S1	dominant_growth_rate	high_3_to_5pct	0.8901098901098902
seed313	S1	dominant_growth_rate	high_3_to_5pct	0.7142857142857143
seed314	S1	dominant_growth_rate	high_3_to_5pct	0.8989010989010989
seed315	S1	dominant_growth_rate	high_3_to_5pct	0.8505494505494505
seed316	S1	dominant_growth_rate	high_3_to_5pct	0.7978021978021977
seed317	S1	dominant_growth_rate	high_3_to_5pct	0.9384615384615385
seed318	S1	dominant_growth_rate	high_3_to_5pct	0.8417582417582418
seed319	S1	dominant_growth_rate	high_3_to_5pct	0.8945054945054945
seed320	S1	dominant_growth_rate	high_3_to_5pct	0.9120879120879121
seed321	S1	dominant_growth_rate	high_3_to_5pct	0.8197802197802198
seed322	S1	dominant_growth_rate	high_3_to_5pct	0.9076923076923077
seed323	S1	dominant_growth_rate	high_3_to_5pct	0.8857142857142857
seed324	S1	dominant_growth_rate	high_3_to_5pct	0.8813186813186813
seed325	S1	dominant_growth_rate	high_3_to_5pct	0.9032967032967033
seed326	S1	dominant_growth_rate	high_3_to_5pct	0.7494505494505495
seed327	S1	dominant_growth_rate	high_3_to_5pct	0.7010989010989012
seed328	S1	dominant_growth_rate	high_3_to_5pct	0.7054945054945055
seed329	S1	dominant_growth_rate	high_3_to_5pct	0.9472527472527472
seed330	S1	dominant_growth_rate	high_3_to_5pct	0.8725274725274725
seed331	S1	dominant_growth_rate	high_3_to_5pct	0.8945054945054945
seed332	S1	dominant_growth_rate	high_3_to_5pct	0.767032967032967
seed333	S1	dominant_growth_rate	high_3_to_5pct	0.6791208791208792
seed334	S1	dominant_growth_rate	high_3_to_5pct	0.7362637362637363
seed335	S1	dominant_growth_rate	high_3_to_5pct	0.9472527472527472
seed336	S1	dominant_growth_rate	high_3_to_5pct	0.6439560439560439
seed337	S1	dominant_growth_rate	high_3_to_5pct	0.9208791208791209
seed338	S1	dominant_growth_rate	high_3_to_5pct	0.6351648351648352
seed339	S1	dominant_growth_rate	high_3_to_5pct	0.8681318681318682
seed340	S1	dominant_growth_rate	high_3_to_5pct	0.9516483516483516
seed341	S1	dominant_growth_rate	high_3_to_5pct	0.9032967032967033
seed342	S1	dominant_growth_rate	high_3_to_5pct	0.8021978021978022
seed343	S1	dominant_growth_rate	high_3_to_5pct	0.8681318681318682
seed344	S1	dominant_growth_rate	high_3_to_5pct	0.9164835164835166
seed345	S1	dominant_growth_rate	high_3_to_5pct	0.6879120879120879
seed346	S1	dominant_growth_rate	high_3_to_5pct	0.6351648351648352
seed347	S1	dominant_growth_rate	high_3_to_5pct	0.8549450549450549
seed348	S1	dominant_growth_rate	high_3_to_5pct	0.7626373626373627
seed349	S1	dominant_growth_rate	high_3_to_5pct	0.5472527472527472
seed350	S1	dominant_growth_rate	high_3_to_5pct	0.9032967032967033
seed351	S1	dominant_growth_rate	high_3_to_5pct	0.9120879120879121
seed352	S1	dominant_growth_rate	high_3_to_5pct	0.9384615384615385
seed353	S1	dominant_growth_rate	high_3_to_5pct	0.8241758241758241
seed354	S1	dominant_growth_rate	high_3_to_5pct	0.8197802197802198
seed355	S1	dominant_growth_rate	high_3_to_5pct	0.9604395604395607
seed356	S1	dominant_growth_rate	high_3_to_5pct	0.956043956043956
seed357	S1	dominant_growth_rate	high_3_to_5pct	0.7758241758241758
seed358	S1	dominant_growth_rate	high_3_to_5pct	0.9120879120879121
seed359	S1	dominant_growth_rate	high_3_to_5pct	0.745054945054945
seed360	S1	dominant_growth_rate	high_3_to_5pct	0.8285714285714285
seed361	S1	dominant_growth_rate	high_3_to_5pct	0.6791208791208792
seed362	S1	dominant_growth_rate	high_3_to_5pct	0.8065934065934066
seed363	S1	dominant_growth_rate	high_3_to_5pct	0.9208791208791209
seed364	S1	dominant_growth_rate	high_3_to_5pct	0.621978021978022
seed365	S1	dominant_growth_rate	high_3_to_5pct	0.8505494505494505
seed366	S1	dominant_growth_rate	high_3_to_5pct	0.8989010989010989
seed367	S1	dominant_growth_rate	high_3_to_5pct	0.9824175824175824
seed368	S1	dominant_growth_rate	high_3_to_5pct	0.7098901098901099
seed369	S1	dominant_growth_rate	high_3_to_5pct	0.9604395604395607
seed370	S1	dominant_growth_rate	high_3_to_5pct	0.8637362637362638
seed371	S1	dominant_growth_rate	high_3_to_5pct	0.8769230769230769
seed372	S1	dominant_growth_rate	high_3_to_5pct	0.621978021978022
seed373	S1	dominant_growth_rate	high_3_to_5pct	0.8549450549450549
seed374	S1	dominant_growth_rate	high_3_to_5pct	0.7274725274725276
seed375	S1	dominant_growth_rate	high_3_to_5pct	0.7186813186813187
seed376	S1	dominant_growth_rate	high_3_to_5pct	0.6351648351648352
seed377	S1	dominant_growth_rate	high_3_to_5pct	0.7846153846153847
seed378	S1	dominant_growth_rate	high_3_to_5pct	0.9032967032967033
seed379	S1	dominant_growth_rate	high_3_to_5pct	0.5736263736263736
seed380	S1	dominant_growth_rate	high_3_to_5pct	0.9428571428571428
seed381	S1	dominant_growth_rate	high_3_to_5pct	0.7538461538461538
seed382	S1	dominant_growth_rate	high_3_to_5pct	0.8901098901098902
seed383	S1	dominant_growth_rate	high_3_to_5pct	0.9780219780219781
seed384	S1	dominant_growth_rate	high_3_to_5pct	0.7626373626373627
seed385	S1	dominant_growth_rate	high_3_to_5pct	0.665934065934066
seed386	S1	dominant_growth_rate	high_3_to_5pct	0.9384615384615385
seed387	S1	dominant_growth_rate	high_3_to_5pct	0.8725274725274725
seed388	S1	dominant_growth_rate	high_3_to_5pct	0.9208791208791209
seed389	S1	dominant_growth_rate	high_3_to_5pct	0.9120879120879121
seed390	S1	dominant_growth_rate	high_3_to_5pct	0.9208791208791209
seed391	S1	dominant_growth_rate	high_3_to_5pct	0.6703296703296703
seed392	S1	dominant_growth_rate	high_3_to_5pct	0.6703296703296703
seed393	S1	dominant_growth_rate	high_3_to_5pct	0.9428571428571428
seed394	S1	dominant_growth_rate	high_3_to_5pct	0.9692307692307693
seed395	S1	dominant_growth_rate	high_3_to_5pct	0.6879120879120879
seed396	S1	dominant_growth_rate	high_3_to_5pct	0.5648351648351648
seed397	S1	dominant_growth_rate	high_3_to_5pct	0.7758241758241758
seed398	S1	dominant_growth_rate	high_3_to_5pct	0.6483516483516484
seed399	S1	dominant_growth_rate	high_3_to_5pct	0.9032967032967033
seed400	S1	dominant_growth_rate	high_3_to_5pct	0.7758241758241758
seed401	S1	dominant_growth_rate	high_3_to_5pct	0.6395604395604396
seed402	S1	dominant_growth_rate	high_3_to_5pct	0.7890109890109891
seed403	S1	dominant_growth_rate	high_3_to_5pct	0.956043956043956
seed404	S1	dominant_growth_rate	high_3_to_5pct	0.8681318681318682
seed405	S1	dominant_growth_rate	high_3_to_5pct	0.7934065934065934
seed406	S1	dominant_growth_rate	high_3_to_5pct	0.8945054945054945
seed407	S1	dominant_growth_rate	high_3_to_5pct	0.7934065934065934
seed408	S1	dominant_growth_rate	high_3_to_5pct	0.8593406593406594
seed409	S1	dominant_growth_rate	high_3_to_5pct	0.9428571428571428
seed410	S1	dominant_growth_rate	high_3_to_5pct	0.6703296703296703
seed411	S1	dominant_growth_rate	high_3_to_5pct	0.7714285714285714
seed412	S1	dominant_growth_rate	high_3_to_5pct	0.9516483516483516
seed413	S1	dominant_growth_rate	high_3_to_5pct	0.9692307692307693
seed414	S1	dominant_growth_rate	high_3_to_5pct	0.767032967032967
seed415	S1	dominant_growth_rate	high_3_to_5pct	0.9472527472527472
seed416	S1	dominant_growth_rate	high_3_to_5pct	0.9780219780219781
seed417	S1	dominant_growth_rate	high_3_to_5pct	0.8505494505494505
seed418	S1	dominant_growth_rate	high_3_to_5pct	0.8945054945054945
seed419	S1	dominant_growth_rate	high_3_to_5pct	0.6835164835164835
seed420	S1	dominant_growth_rate	high_3_to_5pct	0.7318681318681319
seed421	S1	dominant_growth_rate	high_3_to_5pct	0.367032967032967
seed422	S1	dominant_growth_rate	high_3_to_5pct	0.9208791208791209
seed423	S1	dominant_growth_rate	high_3_to_5pct	0.832967032967033
seed424	S1	dominant_growth_rate	high_3_to_5pct	0.6351648351648352
seed425	S1	dominant_growth_rate	high_3_to_5pct	0.9252747252747253
seed426	S1	dominant_growth_rate	high_3_to_5pct	0.9516483516483516
seed427	S1	dominant_growth_rate	high_3_to_5pct	0.8461538461538461
seed428	S1	dominant_growth_rate	high_3_to_5pct	0.8769230769230769
seed429	S1	dominant_growth_rate	high_3_to_5pct	0.7758241758241758
seed430	S1	dominant_growth_rate	high_3_to_5pct	0.5780219780219781
seed431	S1	dominant_growth_rate	high_3_to_5pct	0.7230769230769231
seed432	S1	dominant_growth_rate	high_3_to_5pct	0.9472527472527472
seed433	S1	dominant_growth_rate	high_3_to_5pct	0.7758241758241758
seed434	S1	dominant_growth_rate	high_3_to_5pct	0.8373626373626375
seed435	S1	dominant_growth_rate	high_3_to_5pct	0.9076923076923077
seed436	S1	dominant_growth_rate	high_3_to_5pct	0.7978021978021977
seed437	S1	dominant_growth_rate	high_3_to_5pct	0.7538461538461538
seed438	S1	dominant_growth_rate	high_3_to_5pct	0.9428571428571428
seed439	S1	dominant_growth_rate	high_3_to_5pct	0.9296703296703297
seed440	S1	dominant_growth_rate	high_3_to_5pct	0.8285714285714285
seed441	S1	dominant_growth_rate	high_3_to_5pct	0.7142857142857143
seed442	S1	dominant_growth_rate	high_3_to_5pct	0.9340659340659341
seed443	S1	dominant_growth_rate	high_3_to_5pct	0.9076923076923077
seed444	S1	dominant_growth_rate	high_3_to_5pct	0.956043956043956
seed445	S1	dominant_growth_rate	high_3_to_5pct	0.5780219780219781
seed446	S1	dominant_growth_rate	high_3_to_5pct	0.7230769230769231
seed447	S1	dominant_growth_rate	high_3_to_5pct	0.6879120879120879
seed448	S1	dominant_growth_rate	high_3_to_5pct	0.9296703296703297
seed449	S1	dominant_growth_rate	high_3_to_5pct	0.7846153846153847
seed450	S1	dominant_growth_rate	high_3_to_5pct	0.9340659340659341
seed451	S1	dominant_growth_rate	high_3_to_5pct	0.8681318681318682
seed452	S1	dominant_growth_rate	high_3_to_5pct	0.6879120879120879
seed453	S1	dominant_growth_rate	high_3_to_5pct	0.9164835164835166
seed454	S1	dominant_growth_rate	high_3_to_5pct	0.9384615384615385
seed455	S1	dominant_growth_rate	high_3_to_5pct	0.7714285714285714
seed456	S1	dominant_growth_rate	high_3_to_5pct	0.7538461538461538
seed457	S1	dominant_growth_rate	high_3_to_5pct	0.6175824175824175
seed458	S1	dominant_growth_rate	high_3_to_5pct	0.8857142857142857
seed459	S1	dominant_growth_rate	high_3_to_5pct	0.7010989010989012
seed460	S1	dominant_growth_rate	high_3_to_5pct	0.9120879120879121
seed461	S1	dominant_growth_rate	high_3_to_5pct	0.9252747252747253
seed462	S1	dominant_growth_rate	high_3_to_5pct	0.7142857142857143
seed463	S1	dominant_growth_rate	high_3_to_5pct	0.7582417582417583
seed464	S1	dominant_growth_rate	high_3_to_5pct	0.9516483516483516
seed465	S1	dominant_growth_rate	high_3_to_5pct	0.7318681318681319
seed466	S1	dominant_growth_rate	high_3_to_5pct	0.8989010989010989
seed467	S1	dominant_growth_rate	high_3_to_5pct	0.5560439560439561
seed468	S1	dominant_growth_rate	high_3_to_5pct	0.8681318681318682
seed469	S1	dominant_growth_rate	high_3_to_5pct	0.8373626373626375
seed470	S1	dominant_growth_rate	high_3_to_5pct	0.8461538461538461
seed471	S1	dominant_growth_rate	high_3_to_5pct	0.5736263736263736
seed472	S1	dominant_growth_rate	high_3_to_5pct	0.767032967032967
seed473	S1	dominant_growth_rate	high_3_to_5pct	0.8021978021978022
seed474	S1	dominant_growth_rate	high_3_to_5pct	0.5956043956043956
seed475	S1	dominant_growth_rate	high_3_to_5pct	0.9384615384615385
seed476	S1	dominant_growth_rate	high_3_to_5pct	0.9296703296703297
seed477	S1	dominant_growth_rate	high_3_to_5pct	0.8989010989010989
seed478	S1	dominant_growth_rate	high_3_to_5pct	0.8461538461538461
seed479	S1	dominant_growth_rate	high_3_to_5pct	0.8857142857142857
seed480	S1	dominant_growth_rate	high_3_to_5pct	0.5648351648351648
seed481	S1	dominant_growth_rate	high_3_to_5pct	0.9032967032967033
seed482	S1	dominant_growth_rate	high_3_to_5pct	0.9692307692307693
seed483	S1	dominant_growth_rate	high_3_to_5pct	0.9428571428571428
seed484	S1	dominant_growth_rate	high_3_to_5pct	0.5912087912087912
seed485	S1	dominant_growth_rate	high_3_to_5pct	0.9428571428571428
seed486	S1	dominant_growth_rate	high_3_to_5pct	0.7406593406593407
seed487	S1	dominant_growth_rate	high_3_to_5pct	0.8549450549450549
seed488	S1	dominant_growth_rate	high_3_to_5pct	0.9296703296703297
seed489	S1	dominant_growth_rate	high_3_to_5pct	0.8681318681318682
seed490	S1	dominant_growth_rate	high_3_to_5pct	0.8153846153846154
seed491	S1	dominant_growth_rate	high_3_to_5pct	0.6131868131868132
seed492	S1	dominant_growth_rate	high_3_to_5pct	0.8857142857142857
seed493	S1	dominant_growth_rate	high_3_to_5pct	0.8153846153846154
seed494	S1	dominant_growth_rate	high_3_to_5pct	0.7098901098901099
seed495	S1	dominant_growth_rate	high_3_to_5pct	0.8681318681318682
seed496	S1	dominant_growth_rate	high_3_to_5pct	0.956043956043956
seed497	S1	dominant_growth_rate	high_3_to_5pct	0.7934065934065934
seed498	S1	dominant_growth_rate	high_3_to_5pct	0.8593406593406594
seed499	S1	dominant_growth_rate	high_3_to_5pct	0.7538461538461538
seed500	S1	dominant_growth_rate	high_3_to_5pct	0.7098901098901099
seed1	ST	dominant_mean_ploidy	low_0_to_1pct	0.12087912087912088
seed2	ST	dominant_mean_ploidy	low_0_to_1pct	0.6
seed3	ST	dominant_mean_ploidy	low_0_to_1pct	0.7582417582417583
seed4	ST	dominant_mean_ploidy	low_0_to_1pct	0.8461538461538461
seed5	ST	dominant_mean_ploidy	low_0_to_1pct	0.6351648351648352
seed6	ST	dominant_mean_ploidy	low_0_to_1pct	0.7978021978021977
seed7	ST	dominant_mean_ploidy	low_0_to_1pct	0.4021978021978022
seed8	ST	dominant_mean_ploidy	low_0_to_1pct	0.37142857142857144
seed9	ST	dominant_mean_ploidy	low_0_to_1pct	0.6483516483516484
seed10	ST	dominant_mean_ploidy	low_0_to_1pct	0.8681318681318682
seed11	ST	dominant_mean_ploidy	low_0_to_1pct	0.8021978021978022
seed12	ST	dominant_mean_ploidy	low_0_to_1pct	0.7934065934065934
seed13	ST	dominant_mean_ploidy	low_0_to_1pct	0.9120879120879121
seed14	ST	dominant_mean_ploidy	low_0_to_1pct	0.8153846153846154
seed15	ST	dominant_mean_ploidy	low_0_to_1pct	0.9164835164835166
seed16	ST	dominant_mean_ploidy	low_0_to_1pct	0.9164835164835166
seed17	ST	dominant_mean_ploidy	low_0_to_1pct	0.6395604395604396
seed18	ST	dominant_mean_ploidy	low_0_to_1pct	0.767032967032967
seed19	ST	dominant_mean_ploidy	low_0_to_1pct	0.7978021978021977
seed20	ST	dominant_mean_ploidy	low_0_to_1pct	0.8725274725274725
seed21	ST	dominant_mean_ploidy	low_0_to_1pct	0.8813186813186813
seed22	ST	dominant_mean_ploidy	low_0_to_1pct	0.7714285714285714
seed23	ST	dominant_mean_ploidy	low_0_to_1pct	0.7846153846153847
seed24	ST	dominant_mean_ploidy	low_0_to_1pct	0.6307692307692307
seed25	ST	dominant_mean_ploidy	low_0_to_1pct	0.9604395604395607
seed26	ST	dominant_mean_ploidy	low_0_to_1pct	0.7582417582417583
seed27	ST	dominant_mean_ploidy	low_0_to_1pct	0.8637362637362638
seed28	ST	dominant_mean_ploidy	low_0_to_1pct	0.6483516483516484
seed29	ST	dominant_mean_ploidy	low_0_to_1pct	0.7890109890109891
seed30	ST	dominant_mean_ploidy	low_0_to_1pct	0.7054945054945055
seed31	ST	dominant_mean_ploidy	low_0_to_1pct	0.8021978021978022
seed32	ST	dominant_mean_ploidy	low_0_to_1pct	0.7846153846153847
seed33	ST	dominant_mean_ploidy	low_0_to_1pct	0.8021978021978022
seed34	ST	dominant_mean_ploidy	low_0_to_1pct	0.8593406593406594
seed35	ST	dominant_mean_ploidy	low_0_to_1pct	0.5648351648351648
seed36	ST	dominant_mean_ploidy	low_0_to_1pct	0.8857142857142857
seed37	ST	dominant_mean_ploidy	low_0_to_1pct	0.9252747252747253
seed38	ST	dominant_mean_ploidy	low_0_to_1pct	0.8769230769230769
seed39	ST	dominant_mean_ploidy	low_0_to_1pct	0.8857142857142857
seed40	ST	dominant_mean_ploidy	low_0_to_1pct	0.6703296703296703
seed41	ST	dominant_mean_ploidy	low_0_to_1pct	0.8241758241758241
seed42	ST	dominant_mean_ploidy	low_0_to_1pct	0.8285714285714285
seed43	ST	dominant_mean_ploidy	low_0_to_1pct	0.8989010989010989
seed44	ST	dominant_mean_ploidy	low_0_to_1pct	0.3494505494505495
seed45	ST	dominant_mean_ploidy	low_0_to_1pct	0.7274725274725276
seed46	ST	dominant_mean_ploidy	low_0_to_1pct	0.8461538461538461
seed47	ST	dominant_mean_ploidy	low_0_to_1pct	0.8417582417582418
seed48	ST	dominant_mean_ploidy	low_0_to_1pct	0.3230769230769231
seed49	ST	dominant_mean_ploidy	low_0_to_1pct	0.8637362637362638
seed50	ST	dominant_mean_ploidy	low_0_to_1pct	0.8153846153846154
seed51	ST	dominant_mean_ploidy	low_0_to_1pct	0.9120879120879121
seed52	ST	dominant_mean_ploidy	low_0_to_1pct	0.7714285714285714
seed53	ST	dominant_mean_ploidy	low_0_to_1pct	0.7406593406593407
seed54	ST	dominant_mean_ploidy	low_0_to_1pct	0.8945054945054945
seed55	ST	dominant_mean_ploidy	low_0_to_1pct	0.9076923076923077
seed56	ST	dominant_mean_ploidy	low_0_to_1pct	0.9340659340659341
seed57	ST	dominant_mean_ploidy	low_0_to_1pct	0.5648351648351648
seed58	ST	dominant_mean_ploidy	low_0_to_1pct	0.9120879120879121
seed59	ST	dominant_mean_ploidy	low_0_to_1pct	0.4901098901098901
seed60	ST	dominant_mean_ploidy	low_0_to_1pct	0.8109890109890111
seed61	ST	dominant_mean_ploidy	low_0_to_1pct	0.8285714285714285
seed62	ST	dominant_mean_ploidy	low_0_to_1pct	0.3494505494505495
seed63	ST	dominant_mean_ploidy	low_0_to_1pct	0.7802197802197802
seed64	ST	dominant_mean_ploidy	low_0_to_1pct	0.8505494505494505
seed65	ST	dominant_mean_ploidy	low_0_to_1pct	0.8989010989010989
seed66	ST	dominant_mean_ploidy	low_0_to_1pct	0.7934065934065934
seed67	ST	dominant_mean_ploidy	low_0_to_1pct	0.8989010989010989
seed68	ST	dominant_mean_ploidy	low_0_to_1pct	0.6835164835164835
seed69	ST	dominant_mean_ploidy	low_0_to_1pct	0.8549450549450549
seed70	ST	dominant_mean_ploidy	low_0_to_1pct	0.6351648351648352
seed71	ST	dominant_mean_ploidy	low_0_to_1pct	0.9032967032967033
seed72	ST	dominant_mean_ploidy	low_0_to_1pct	0.6835164835164835
seed73	ST	dominant_mean_ploidy	low_0_to_1pct	0.8417582417582418
seed74	ST	dominant_mean_ploidy	low_0_to_1pct	0.8197802197802198
seed75	ST	dominant_mean_ploidy	low_0_to_1pct	0.9208791208791209
seed76	ST	dominant_mean_ploidy	low_0_to_1pct	0.8065934065934066
seed77	ST	dominant_mean_ploidy	low_0_to_1pct	0.7538461538461538
seed78	ST	dominant_mean_ploidy	low_0_to_1pct	0.5252747252747253
seed79	ST	dominant_mean_ploidy	low_0_to_1pct	0.5076923076923077
seed80	ST	dominant_mean_ploidy	low_0_to_1pct	0.8417582417582418
seed81	ST	dominant_mean_ploidy	low_0_to_1pct	0.8373626373626375
seed82	ST	dominant_mean_ploidy	low_0_to_1pct	0.3494505494505495
seed83	ST	dominant_mean_ploidy	low_0_to_1pct	0.7626373626373627
seed84	ST	dominant_mean_ploidy	low_0_to_1pct	0.9032967032967033
seed85	ST	dominant_mean_ploidy	low_0_to_1pct	0.9208791208791209
seed86	ST	dominant_mean_ploidy	low_0_to_1pct	0.7758241758241758
seed87	ST	dominant_mean_ploidy	low_0_to_1pct	0.6043956043956044
seed88	ST	dominant_mean_ploidy	low_0_to_1pct	0.8813186813186813
seed89	ST	dominant_mean_ploidy	low_0_to_1pct	0.7494505494505495
seed90	ST	dominant_mean_ploidy	low_0_to_1pct	0.6747252747252748
seed91	ST	dominant_mean_ploidy	low_0_to_1pct	0.9208791208791209
seed92	ST	dominant_mean_ploidy	low_0_to_1pct	0.8461538461538461
seed93	ST	dominant_mean_ploidy	low_0_to_1pct	0.8769230769230769
seed94	ST	dominant_mean_ploidy	low_0_to_1pct	0.7406593406593407
seed95	ST	dominant_mean_ploidy	low_0_to_1pct	0.8769230769230769
seed96	ST	dominant_mean_ploidy	low_0_to_1pct	0.8945054945054945
seed97	ST	dominant_mean_ploidy	low_0_to_1pct	0.6967032967032967
seed98	ST	dominant_mean_ploidy	low_0_to_1pct	0.6835164835164835
seed99	ST	dominant_mean_ploidy	low_0_to_1pct	0.6571428571428571
seed100	ST	dominant_mean_ploidy	low_0_to_1pct	0.8021978021978022
seed101	ST	dominant_mean_ploidy	low_0_to_1pct	0.5208791208791209
seed102	ST	dominant_mean_ploidy	low_0_to_1pct	0.8945054945054945
seed103	ST	dominant_mean_ploidy	low_0_to_1pct	0.7186813186813187
seed104	ST	dominant_mean_ploidy	low_0_to_1pct	0.7538461538461538
seed105	ST	dominant_mean_ploidy	low_0_to_1pct	0.8241758241758241
seed106	ST	dominant_mean_ploidy	low_0_to_1pct	0.9384615384615385
seed107	ST	dominant_mean_ploidy	low_0_to_1pct	0.6703296703296703
seed108	ST	dominant_mean_ploidy	low_0_to_1pct	0.6351648351648352
seed109	ST	dominant_mean_ploidy	low_0_to_1pct	0.4593406593406593
seed110	ST	dominant_mean_ploidy	low_0_to_1pct	0.7186813186813187
seed111	ST	dominant_mean_ploidy	low_0_to_1pct	0.43736263736263736
seed112	ST	dominant_mean_ploidy	low_0_to_1pct	0.9208791208791209
seed113	ST	dominant_mean_ploidy	low_0_to_1pct	0.6615384615384616
seed114	ST	dominant_mean_ploidy	low_0_to_1pct	0.9252747252747253
seed115	ST	dominant_mean_ploidy	low_0_to_1pct	0.8461538461538461
seed116	ST	dominant_mean_ploidy	low_0_to_1pct	0.7054945054945055
seed117	ST	dominant_mean_ploidy	low_0_to_1pct	0.6747252747252748
seed118	ST	dominant_mean_ploidy	low_0_to_1pct	0.9252747252747253
seed119	ST	dominant_mean_ploidy	low_0_to_1pct	0.5604395604395604
seed120	ST	dominant_mean_ploidy	low_0_to_1pct	0.8989010989010989
seed121	ST	dominant_mean_ploidy	low_0_to_1pct	0.8505494505494505
seed122	ST	dominant_mean_ploidy	low_0_to_1pct	0.5340659340659341
seed123	ST	dominant_mean_ploidy	low_0_to_1pct	0.6571428571428571
seed124	ST	dominant_mean_ploidy	low_0_to_1pct	0.665934065934066
seed125	ST	dominant_mean_ploidy	low_0_to_1pct	0.745054945054945
seed126	ST	dominant_mean_ploidy	low_0_to_1pct	0.8285714285714285
seed127	ST	dominant_mean_ploidy	low_0_to_1pct	0.5692307692307692
seed128	ST	dominant_mean_ploidy	low_0_to_1pct	0.8461538461538461
seed129	ST	dominant_mean_ploidy	low_0_to_1pct	0.44175824175824174
seed130	ST	dominant_mean_ploidy	low_0_to_1pct	0.832967032967033
seed131	ST	dominant_mean_ploidy	low_0_to_1pct	0.8945054945054945
seed132	ST	dominant_mean_ploidy	low_0_to_1pct	0.8021978021978022
seed133	ST	dominant_mean_ploidy	low_0_to_1pct	0.8373626373626375
seed134	ST	dominant_mean_ploidy	low_0_to_1pct	0.5868131868131868
seed135	ST	dominant_mean_ploidy	low_0_to_1pct	0.9032967032967033
seed136	ST	dominant_mean_ploidy	low_0_to_1pct	0.8065934065934066
seed137	ST	dominant_mean_ploidy	low_0_to_1pct	0.7494505494505495
seed138	ST	dominant_mean_ploidy	low_0_to_1pct	0.39780219780219783
seed139	ST	dominant_mean_ploidy	low_0_to_1pct	0.7362637362637363
seed140	ST	dominant_mean_ploidy	low_0_to_1pct	0.9208791208791209
seed141	ST	dominant_mean_ploidy	low_0_to_1pct	0.7846153846153847
seed142	ST	dominant_mean_ploidy	low_0_to_1pct	0.8373626373626375
seed143	ST	dominant_mean_ploidy	low_0_to_1pct	0.9252747252747253
seed144	ST	dominant_mean_ploidy	low_0_to_1pct	0.7714285714285714
seed145	ST	dominant_mean_ploidy	low_0_to_1pct	0.9516483516483516
seed146	ST	dominant_mean_ploidy	low_0_to_1pct	0.8813186813186813
seed147	ST	dominant_mean_ploidy	low_0_to_1pct	0.7714285714285714
seed148	ST	dominant_mean_ploidy	low_0_to_1pct	0.5032967032967033
seed149	ST	dominant_mean_ploidy	low_0_to_1pct	0.9428571428571428
seed150	ST	dominant_mean_ploidy	low_0_to_1pct	0.7010989010989012
seed151	ST	dominant_mean_ploidy	low_0_to_1pct	0.8461538461538461
seed152	ST	dominant_mean_ploidy	low_0_to_1pct	0.745054945054945
seed153	ST	dominant_mean_ploidy	low_0_to_1pct	0.9208791208791209
seed154	ST	dominant_mean_ploidy	low_0_to_1pct	0.9296703296703297
seed155	ST	dominant_mean_ploidy	low_0_to_1pct	0.7054945054945055
seed156	ST	dominant_mean_ploidy	low_0_to_1pct	0.6747252747252748
seed157	ST	dominant_mean_ploidy	low_0_to_1pct	0.7406593406593407
seed158	ST	dominant_mean_ploidy	low_0_to_1pct	0.7582417582417583
seed159	ST	dominant_mean_ploidy	low_0_to_1pct	0.48571428571428577
seed160	ST	dominant_mean_ploidy	low_0_to_1pct	0.8769230769230769
seed161	ST	dominant_mean_ploidy	low_0_to_1pct	0.8901098901098902
seed162	ST	dominant_mean_ploidy	low_0_to_1pct	0.6835164835164835
seed163	ST	dominant_mean_ploidy	low_0_to_1pct	0.9384615384615385
seed164	ST	dominant_mean_ploidy	low_0_to_1pct	0.8373626373626375
seed165	ST	dominant_mean_ploidy	low_0_to_1pct	0.7274725274725276
seed166	ST	dominant_mean_ploidy	low_0_to_1pct	0.665934065934066
seed167	ST	dominant_mean_ploidy	low_0_to_1pct	0.6615384615384616
seed168	ST	dominant_mean_ploidy	low_0_to_1pct	0.7802197802197802
seed169	ST	dominant_mean_ploidy	low_0_to_1pct	0.7098901098901099
seed170	ST	dominant_mean_ploidy	low_0_to_1pct	0.9208791208791209
seed171	ST	dominant_mean_ploidy	low_0_to_1pct	0.9340659340659341
seed172	ST	dominant_mean_ploidy	low_0_to_1pct	0.47252747252747257
seed173	ST	dominant_mean_ploidy	low_0_to_1pct	0.9120879120879121
seed174	ST	dominant_mean_ploidy	low_0_to_1pct	0.8901098901098902
seed175	ST	dominant_mean_ploidy	low_0_to_1pct	0.9252747252747253
seed176	ST	dominant_mean_ploidy	low_0_to_1pct	0.8241758241758241
seed177	ST	dominant_mean_ploidy	low_0_to_1pct	0.8461538461538461
seed178	ST	dominant_mean_ploidy	low_0_to_1pct	0.7010989010989012
seed179	ST	dominant_mean_ploidy	low_0_to_1pct	0.8901098901098902
seed180	ST	dominant_mean_ploidy	low_0_to_1pct	0.8153846153846154
seed181	ST	dominant_mean_ploidy	low_0_to_1pct	0.7626373626373627
seed182	ST	dominant_mean_ploidy	low_0_to_1pct	0.9252747252747253
seed183	ST	dominant_mean_ploidy	low_0_to_1pct	0.8241758241758241
seed184	ST	dominant_mean_ploidy	low_0_to_1pct	0.7362637362637363
seed185	ST	dominant_mean_ploidy	low_0_to_1pct	0.8769230769230769
seed186	ST	dominant_mean_ploidy	low_0_to_1pct	0.6395604395604396
seed187	ST	dominant_mean_ploidy	low_0_to_1pct	0.7230769230769231
seed188	ST	dominant_mean_ploidy	low_0_to_1pct	0.7010989010989012
seed189	ST	dominant_mean_ploidy	low_0_to_1pct	0.7054945054945055
seed190	ST	dominant_mean_ploidy	low_0_to_1pct	0.9164835164835166
seed191	ST	dominant_mean_ploidy	low_0_to_1pct	0.832967032967033
seed192	ST	dominant_mean_ploidy	low_0_to_1pct	0.9120879120879121
seed193	ST	dominant_mean_ploidy	low_0_to_1pct	0.8945054945054945
seed194	ST	dominant_mean_ploidy	low_0_to_1pct	0.621978021978022
seed195	ST	dominant_mean_ploidy	low_0_to_1pct	0.9252747252747253
seed196	ST	dominant_mean_ploidy	low_0_to_1pct	0.8901098901098902
seed197	ST	dominant_mean_ploidy	low_0_to_1pct	0.7626373626373627
seed198	ST	dominant_mean_ploidy	low_0_to_1pct	0.8461538461538461
seed199	ST	dominant_mean_ploidy	low_0_to_1pct	0.8945054945054945
seed200	ST	dominant_mean_ploidy	low_0_to_1pct	0.6791208791208792
seed201	ST	dominant_mean_ploidy	low_0_to_1pct	0.5472527472527472
seed202	ST	dominant_mean_ploidy	low_0_to_1pct	0.9692307692307693
seed203	ST	dominant_mean_ploidy	low_0_to_1pct	0.7098901098901099
seed204	ST	dominant_mean_ploidy	low_0_to_1pct	0.7318681318681319
seed205	ST	dominant_mean_ploidy	low_0_to_1pct	0.8681318681318682
seed206	ST	dominant_mean_ploidy	low_0_to_1pct	0.9384615384615385
seed207	ST	dominant_mean_ploidy	low_0_to_1pct	0.8549450549450549
seed208	ST	dominant_mean_ploidy	low_0_to_1pct	0.9516483516483516
seed209	ST	dominant_mean_ploidy	low_0_to_1pct	0.7318681318681319
seed210	ST	dominant_mean_ploidy	low_0_to_1pct	0.9736263736263736
seed211	ST	dominant_mean_ploidy	low_0_to_1pct	0.6615384615384616
seed212	ST	dominant_mean_ploidy	low_0_to_1pct	0.9428571428571428
seed213	ST	dominant_mean_ploidy	low_0_to_1pct	0.9516483516483516
seed214	ST	dominant_mean_ploidy	low_0_to_1pct	0.8153846153846154
seed215	ST	dominant_mean_ploidy	low_0_to_1pct	0.9472527472527472
seed216	ST	dominant_mean_ploidy	low_0_to_1pct	0.9164835164835166
seed217	ST	dominant_mean_ploidy	low_0_to_1pct	0.16483516483516483
seed218	ST	dominant_mean_ploidy	low_0_to_1pct	0.621978021978022
seed219	ST	dominant_mean_ploidy	low_0_to_1pct	0.9868131868131869
seed220	ST	dominant_mean_ploidy	low_0_to_1pct	0.8769230769230769
seed221	ST	dominant_mean_ploidy	low_0_to_1pct	0.8417582417582418
seed222	ST	dominant_mean_ploidy	low_0_to_1pct	0.8373626373626375
seed223	ST	dominant_mean_ploidy	low_0_to_1pct	0.7230769230769231
seed224	ST	dominant_mean_ploidy	low_0_to_1pct	0.48571428571428577
seed225	ST	dominant_mean_ploidy	low_0_to_1pct	0.8593406593406594
seed226	ST	dominant_mean_ploidy	low_0_to_1pct	0.8637362637362638
seed227	ST	dominant_mean_ploidy	low_0_to_1pct	0.8725274725274725
seed228	ST	dominant_mean_ploidy	low_0_to_1pct	0.8153846153846154
seed229	ST	dominant_mean_ploidy	low_0_to_1pct	0.5340659340659341
seed230	ST	dominant_mean_ploidy	low_0_to_1pct	0.6879120879120879
seed231	ST	dominant_mean_ploidy	low_0_to_1pct	0.8989010989010989
seed232	ST	dominant_mean_ploidy	low_0_to_1pct	0.9076923076923077
seed233	ST	dominant_mean_ploidy	low_0_to_1pct	0.8681318681318682
seed234	ST	dominant_mean_ploidy	low_0_to_1pct	0.8901098901098902
seed235	ST	dominant_mean_ploidy	low_0_to_1pct	0.9428571428571428
seed236	ST	dominant_mean_ploidy	low_0_to_1pct	0.9032967032967033
seed237	ST	dominant_mean_ploidy	low_0_to_1pct	0.8945054945054945
seed238	ST	dominant_mean_ploidy	low_0_to_1pct	0.9032967032967033
seed239	ST	dominant_mean_ploidy	low_0_to_1pct	0.6263736263736264
seed240	ST	dominant_mean_ploidy	low_0_to_1pct	0.9208791208791209
seed241	ST	dominant_mean_ploidy	low_0_to_1pct	0.8417582417582418
seed242	ST	dominant_mean_ploidy	low_0_to_1pct	0.7802197802197802
seed243	ST	dominant_mean_ploidy	low_0_to_1pct	0.6527472527472528
seed244	ST	dominant_mean_ploidy	low_0_to_1pct	0.6483516483516484
seed245	ST	dominant_mean_ploidy	low_0_to_1pct	0.8901098901098902
seed246	ST	dominant_mean_ploidy	low_0_to_1pct	0.6483516483516484
seed247	ST	dominant_mean_ploidy	low_0_to_1pct	0.8945054945054945
seed248	ST	dominant_mean_ploidy	low_0_to_1pct	0.8285714285714285
seed249	ST	dominant_mean_ploidy	low_0_to_1pct	0.2923076923076923
seed250	ST	dominant_mean_ploidy	low_0_to_1pct	0.7890109890109891
seed251	ST	dominant_mean_ploidy	low_0_to_1pct	0.9384615384615385
seed252	ST	dominant_mean_ploidy	low_0_to_1pct	0.8593406593406594
seed253	ST	dominant_mean_ploidy	low_0_to_1pct	0.9164835164835166
seed254	ST	dominant_mean_ploidy	low_0_to_1pct	0.8197802197802198
seed255	ST	dominant_mean_ploidy	low_0_to_1pct	0.8505494505494505
seed256	ST	dominant_mean_ploidy	low_0_to_1pct	0.7230769230769231
seed257	ST	dominant_mean_ploidy	low_0_to_1pct	0.5516483516483517
seed258	ST	dominant_mean_ploidy	low_0_to_1pct	0.8505494505494505
seed259	ST	dominant_mean_ploidy	low_0_to_1pct	0.7978021978021977
seed260	ST	dominant_mean_ploidy	low_0_to_1pct	0.5912087912087912
seed261	ST	dominant_mean_ploidy	low_0_to_1pct	0.8989010989010989
seed262	ST	dominant_mean_ploidy	low_0_to_1pct	0.7846153846153847
seed263	ST	dominant_mean_ploidy	low_0_to_1pct	0.745054945054945
seed264	ST	dominant_mean_ploidy	low_0_to_1pct	0.9252747252747253
seed265	ST	dominant_mean_ploidy	low_0_to_1pct	0.745054945054945
seed266	ST	dominant_mean_ploidy	low_0_to_1pct	0.8725274725274725
seed267	ST	dominant_mean_ploidy	low_0_to_1pct	0.5824175824175825
seed268	ST	dominant_mean_ploidy	low_0_to_1pct	0.8373626373626375
seed269	ST	dominant_mean_ploidy	low_0_to_1pct	0.9120879120879121
seed270	ST	dominant_mean_ploidy	low_0_to_1pct	0.8109890109890111
seed271	ST	dominant_mean_ploidy	low_0_to_1pct	0.9516483516483516
seed272	ST	dominant_mean_ploidy	low_0_to_1pct	0.8505494505494505
seed273	ST	dominant_mean_ploidy	low_0_to_1pct	0.6527472527472528
seed274	ST	dominant_mean_ploidy	low_0_to_1pct	0.6615384615384616
seed275	ST	dominant_mean_ploidy	low_0_to_1pct	0.8769230769230769
seed276	ST	dominant_mean_ploidy	low_0_to_1pct	0.9120879120879121
seed277	ST	dominant_mean_ploidy	low_0_to_1pct	0.6615384615384616
seed278	ST	dominant_mean_ploidy	low_0_to_1pct	0.7626373626373627
seed279	ST	dominant_mean_ploidy	low_0_to_1pct	0.8065934065934066
seed280	ST	dominant_mean_ploidy	low_0_to_1pct	0.8153846153846154
seed281	ST	dominant_mean_ploidy	low_0_to_1pct	0.9296703296703297
seed282	ST	dominant_mean_ploidy	low_0_to_1pct	0.9428571428571428
seed283	ST	dominant_mean_ploidy	low_0_to_1pct	0.6571428571428571
seed284	ST	dominant_mean_ploidy	low_0_to_1pct	0.5692307692307692
seed285	ST	dominant_mean_ploidy	low_0_to_1pct	0.6879120879120879
seed286	ST	dominant_mean_ploidy	low_0_to_1pct	0.8945054945054945
seed287	ST	dominant_mean_ploidy	low_0_to_1pct	0.7714285714285714
seed288	ST	dominant_mean_ploidy	low_0_to_1pct	0.6923076923076923
seed289	ST	dominant_mean_ploidy	low_0_to_1pct	0.5956043956043956
seed290	ST	dominant_mean_ploidy	low_0_to_1pct	0.6923076923076923
seed291	ST	dominant_mean_ploidy	low_0_to_1pct	0.7978021978021977
seed292	ST	dominant_mean_ploidy	low_0_to_1pct	0.9868131868131869
seed293	ST	dominant_mean_ploidy	low_0_to_1pct	0.8725274725274725
seed294	ST	dominant_mean_ploidy	low_0_to_1pct	0.7934065934065934
seed295	ST	dominant_mean_ploidy	low_0_to_1pct	0.9384615384615385
seed296	ST	dominant_mean_ploidy	low_0_to_1pct	0.8813186813186813
seed297	ST	dominant_mean_ploidy	low_0_to_1pct	0.9032967032967033
seed298	ST	dominant_mean_ploidy	low_0_to_1pct	0.9208791208791209
seed299	ST	dominant_mean_ploidy	low_0_to_1pct	0.8549450549450549
seed300	ST	dominant_mean_ploidy	low_0_to_1pct	0.832967032967033
seed301	ST	dominant_mean_ploidy	low_0_to_1pct	0.8769230769230769
seed302	ST	dominant_mean_ploidy	low_0_to_1pct	0.8725274725274725
seed303	ST	dominant_mean_ploidy	low_0_to_1pct	0.7362637362637363
seed304	ST	dominant_mean_ploidy	low_0_to_1pct	0.9164835164835166
seed305	ST	dominant_mean_ploidy	low_0_to_1pct	0.6527472527472528
seed306	ST	dominant_mean_ploidy	low_0_to_1pct	0.7978021978021977
seed307	ST	dominant_mean_ploidy	low_0_to_1pct	0.7098901098901099
seed308	ST	dominant_mean_ploidy	low_0_to_1pct	0.8945054945054945
seed309	ST	dominant_mean_ploidy	low_0_to_1pct	0.9516483516483516
seed310	ST	dominant_mean_ploidy	low_0_to_1pct	0.767032967032967
seed311	ST	dominant_mean_ploidy	low_0_to_1pct	0.9120879120879121
seed312	ST	dominant_mean_ploidy	low_0_to_1pct	0.7714285714285714
seed313	ST	dominant_mean_ploidy	low_0_to_1pct	0.7494505494505495
seed314	ST	dominant_mean_ploidy	low_0_to_1pct	0.9648351648351648
seed315	ST	dominant_mean_ploidy	low_0_to_1pct	0.832967032967033
seed316	ST	dominant_mean_ploidy	low_0_to_1pct	0.6923076923076923
seed317	ST	dominant_mean_ploidy	low_0_to_1pct	0.7362637362637363
seed318	ST	dominant_mean_ploidy	low_0_to_1pct	0.832967032967033
seed319	ST	dominant_mean_ploidy	low_0_to_1pct	0.7758241758241758
seed320	ST	dominant_mean_ploidy	low_0_to_1pct	0.7714285714285714
seed321	ST	dominant_mean_ploidy	low_0_to_1pct	0.8681318681318682
seed322	ST	dominant_mean_ploidy	low_0_to_1pct	0.5956043956043956
seed323	ST	dominant_mean_ploidy	low_0_to_1pct	0.8681318681318682
seed324	ST	dominant_mean_ploidy	low_0_to_1pct	0.7934065934065934
seed325	ST	dominant_mean_ploidy	low_0_to_1pct	0.8637362637362638
seed326	ST	dominant_mean_ploidy	low_0_to_1pct	0.745054945054945
seed327	ST	dominant_mean_ploidy	low_0_to_1pct	0.23956043956043957
seed328	ST	dominant_mean_ploidy	low_0_to_1pct	0.8109890109890111
seed329	ST	dominant_mean_ploidy	low_0_to_1pct	0.7890109890109891
seed330	ST	dominant_mean_ploidy	low_0_to_1pct	0.8417582417582418
seed331	ST	dominant_mean_ploidy	low_0_to_1pct	0.45054945054945056
seed332	ST	dominant_mean_ploidy	low_0_to_1pct	0.832967032967033
seed333	ST	dominant_mean_ploidy	low_0_to_1pct	0.7714285714285714
seed334	ST	dominant_mean_ploidy	low_0_to_1pct	0.9164835164835166
seed335	ST	dominant_mean_ploidy	low_0_to_1pct	0.8505494505494505
seed336	ST	dominant_mean_ploidy	low_0_to_1pct	0.8637362637362638
seed337	ST	dominant_mean_ploidy	low_0_to_1pct	0.8989010989010989
seed338	ST	dominant_mean_ploidy	low_0_to_1pct	0.9120879120879121
seed339	ST	dominant_mean_ploidy	low_0_to_1pct	0.8417582417582418
seed340	ST	dominant_mean_ploidy	low_0_to_1pct	0.8813186813186813
seed341	ST	dominant_mean_ploidy	low_0_to_1pct	0.9296703296703297
seed342	ST	dominant_mean_ploidy	low_0_to_1pct	0.8461538461538461
seed343	ST	dominant_mean_ploidy	low_0_to_1pct	0.5296703296703297
seed344	ST	dominant_mean_ploidy	low_0_to_1pct	0.7362637362637363
seed345	ST	dominant_mean_ploidy	low_0_to_1pct	0.8549450549450549
seed346	ST	dominant_mean_ploidy	low_0_to_1pct	0.7538461538461538
seed347	ST	dominant_mean_ploidy	low_0_to_1pct	0.7582417582417583
seed348	ST	dominant_mean_ploidy	low_0_to_1pct	0.8417582417582418
seed349	ST	dominant_mean_ploidy	low_0_to_1pct	0.4197802197802198
seed350	ST	dominant_mean_ploidy	low_0_to_1pct	0.8725274725274725
seed351	ST	dominant_mean_ploidy	low_0_to_1pct	0.389010989010989
seed352	ST	dominant_mean_ploidy	low_0_to_1pct	0.8857142857142857
seed353	ST	dominant_mean_ploidy	low_0_to_1pct	0.8769230769230769
seed354	ST	dominant_mean_ploidy	low_0_to_1pct	0.832967032967033
seed355	ST	dominant_mean_ploidy	low_0_to_1pct	0.9472527472527472
seed356	ST	dominant_mean_ploidy	low_0_to_1pct	0.7978021978021977
seed357	ST	dominant_mean_ploidy	low_0_to_1pct	0.7846153846153847
seed358	ST	dominant_mean_ploidy	low_0_to_1pct	0.7802197802197802
seed359	ST	dominant_mean_ploidy	low_0_to_1pct	0.6923076923076923
seed360	ST	dominant_mean_ploidy	low_0_to_1pct	0.5076923076923077
seed361	ST	dominant_mean_ploidy	low_0_to_1pct	0.7274725274725276
seed362	ST	dominant_mean_ploidy	low_0_to_1pct	0.5120879120879122
seed363	ST	dominant_mean_ploidy	low_0_to_1pct	0.5472527472527472
seed364	ST	dominant_mean_ploidy	low_0_to_1pct	0.45054945054945056
seed365	ST	dominant_mean_ploidy	low_0_to_1pct	0.7494505494505495
seed366	ST	dominant_mean_ploidy	low_0_to_1pct	0.9604395604395607
seed367	ST	dominant_mean_ploidy	low_0_to_1pct	0.9120879120879121
seed368	ST	dominant_mean_ploidy	low_0_to_1pct	0.8241758241758241
seed369	ST	dominant_mean_ploidy	low_0_to_1pct	0.9428571428571428
seed370	ST	dominant_mean_ploidy	low_0_to_1pct	0.8725274725274725
seed371	ST	dominant_mean_ploidy	low_0_to_1pct	0.767032967032967
seed372	ST	dominant_mean_ploidy	low_0_to_1pct	0.7098901098901099
seed373	ST	dominant_mean_ploidy	low_0_to_1pct	0.8769230769230769
seed374	ST	dominant_mean_ploidy	low_0_to_1pct	0.7802197802197802
seed375	ST	dominant_mean_ploidy	low_0_to_1pct	0.9164835164835166
seed376	ST	dominant_mean_ploidy	low_0_to_1pct	0.621978021978022
seed377	ST	dominant_mean_ploidy	low_0_to_1pct	0.8153846153846154
seed378	ST	dominant_mean_ploidy	low_0_to_1pct	0.5956043956043956
seed379	ST	dominant_mean_ploidy	low_0_to_1pct	0.767032967032967
seed380	ST	dominant_mean_ploidy	low_0_to_1pct	0.8857142857142857
seed381	ST	dominant_mean_ploidy	low_0_to_1pct	0.7494505494505495
seed382	ST	dominant_mean_ploidy	low_0_to_1pct	0.6967032967032967
seed383	ST	dominant_mean_ploidy	low_0_to_1pct	0.8725274725274725
seed384	ST	dominant_mean_ploidy	low_0_to_1pct	0.745054945054945
seed385	ST	dominant_mean_ploidy	low_0_to_1pct	0.9472527472527472
seed386	ST	dominant_mean_ploidy	low_0_to_1pct	0.8945054945054945
seed387	ST	dominant_mean_ploidy	low_0_to_1pct	0.8417582417582418
seed388	ST	dominant_mean_ploidy	low_0_to_1pct	0.832967032967033
seed389	ST	dominant_mean_ploidy	low_0_to_1pct	0.8813186813186813
seed390	ST	dominant_mean_ploidy	low_0_to_1pct	0.4461538461538462
seed391	ST	dominant_mean_ploidy	low_0_to_1pct	0.7626373626373627
seed392	ST	dominant_mean_ploidy	low_0_to_1pct	0.7626373626373627
seed393	ST	dominant_mean_ploidy	low_0_to_1pct	0.8109890109890111
seed394	ST	dominant_mean_ploidy	low_0_to_1pct	0.8417582417582418
seed395	ST	dominant_mean_ploidy	low_0_to_1pct	0.7538461538461538
seed396	ST	dominant_mean_ploidy	low_0_to_1pct	0.7714285714285714
seed397	ST	dominant_mean_ploidy	low_0_to_1pct	0.7054945054945055
seed398	ST	dominant_mean_ploidy	low_0_to_1pct	0.6967032967032967
seed399	ST	dominant_mean_ploidy	low_0_to_1pct	0.7362637362637363
seed400	ST	dominant_mean_ploidy	low_0_to_1pct	0.5912087912087912
seed401	ST	dominant_mean_ploidy	low_0_to_1pct	0.8813186813186813
seed402	ST	dominant_mean_ploidy	low_0_to_1pct	0.7142857142857143
seed403	ST	dominant_mean_ploidy	low_0_to_1pct	0.9120879120879121
seed404	ST	dominant_mean_ploidy	low_0_to_1pct	0.8021978021978022
seed405	ST	dominant_mean_ploidy	low_0_to_1pct	0.7362637362637363
seed406	ST	dominant_mean_ploidy	low_0_to_1pct	0.7098901098901099
seed407	ST	dominant_mean_ploidy	low_0_to_1pct	0.4241758241758242
seed408	ST	dominant_mean_ploidy	low_0_to_1pct	0.8637362637362638
seed409	ST	dominant_mean_ploidy	low_0_to_1pct	0.9120879120879121
seed410	ST	dominant_mean_ploidy	low_0_to_1pct	0.8593406593406594
seed411	ST	dominant_mean_ploidy	low_0_to_1pct	0.7934065934065934
seed412	ST	dominant_mean_ploidy	low_0_to_1pct	0.5516483516483517
seed413	ST	dominant_mean_ploidy	low_0_to_1pct	0.5780219780219781
seed414	ST	dominant_mean_ploidy	low_0_to_1pct	0.8989010989010989
seed415	ST	dominant_mean_ploidy	low_0_to_1pct	0.8109890109890111
seed416	ST	dominant_mean_ploidy	low_0_to_1pct	0.9516483516483516
seed417	ST	dominant_mean_ploidy	low_0_to_1pct	0.6747252747252748
seed418	ST	dominant_mean_ploidy	low_0_to_1pct	0.832967032967033
seed419	ST	dominant_mean_ploidy	low_0_to_1pct	0.7846153846153847
seed420	ST	dominant_mean_ploidy	low_0_to_1pct	0.5780219780219781
seed421	ST	dominant_mean_ploidy	low_0_to_1pct	0.4065934065934066
seed422	ST	dominant_mean_ploidy	low_0_to_1pct	0.2879120879120879
seed423	ST	dominant_mean_ploidy	low_0_to_1pct	0.8549450549450549
seed424	ST	dominant_mean_ploidy	low_0_to_1pct	0.9208791208791209
seed425	ST	dominant_mean_ploidy	low_0_to_1pct	0.6263736263736264
seed426	ST	dominant_mean_ploidy	low_0_to_1pct	0.4945054945054946
seed427	ST	dominant_mean_ploidy	low_0_to_1pct	0.665934065934066
seed428	ST	dominant_mean_ploidy	low_0_to_1pct	0.8989010989010989
seed429	ST	dominant_mean_ploidy	low_0_to_1pct	0.8901098901098902
seed430	ST	dominant_mean_ploidy	low_0_to_1pct	0.5428571428571429
seed431	ST	dominant_mean_ploidy	low_0_to_1pct	0.6703296703296703
seed432	ST	dominant_mean_ploidy	low_0_to_1pct	0.8593406593406594
seed433	ST	dominant_mean_ploidy	low_0_to_1pct	0.4197802197802198
seed434	ST	dominant_mean_ploidy	low_0_to_1pct	0.6527472527472528
seed435	ST	dominant_mean_ploidy	low_0_to_1pct	0.9516483516483516
seed436	ST	dominant_mean_ploidy	low_0_to_1pct	0.6835164835164835
seed437	ST	dominant_mean_ploidy	low_0_to_1pct	0.745054945054945
seed438	ST	dominant_mean_ploidy	low_0_to_1pct	0.8857142857142857
seed439	ST	dominant_mean_ploidy	low_0_to_1pct	0.9340659340659341
seed440	ST	dominant_mean_ploidy	low_0_to_1pct	0.8857142857142857
seed441	ST	dominant_mean_ploidy	low_0_to_1pct	0.7538461538461538
seed442	ST	dominant_mean_ploidy	low_0_to_1pct	0.8065934065934066
seed443	ST	dominant_mean_ploidy	low_0_to_1pct	0.9032967032967033
seed444	ST	dominant_mean_ploidy	low_0_to_1pct	0.9428571428571428
seed445	ST	dominant_mean_ploidy	low_0_to_1pct	0.5296703296703297
seed446	ST	dominant_mean_ploidy	low_0_to_1pct	0.6263736263736264
seed447	ST	dominant_mean_ploidy	low_0_to_1pct	0.7494505494505495
seed448	ST	dominant_mean_ploidy	low_0_to_1pct	0.4681318681318682
seed449	ST	dominant_mean_ploidy	low_0_to_1pct	0.9340659340659341
seed450	ST	dominant_mean_ploidy	low_0_to_1pct	0.8197802197802198
seed451	ST	dominant_mean_ploidy	low_0_to_1pct	0.767032967032967
seed452	ST	dominant_mean_ploidy	low_0_to_1pct	0.7978021978021977
seed453	ST	dominant_mean_ploidy	low_0_to_1pct	0.8769230769230769
seed454	ST	dominant_mean_ploidy	low_0_to_1pct	0.9384615384615385
seed455	ST	dominant_mean_ploidy	low_0_to_1pct	0.7362637362637363
seed456	ST	dominant_mean_ploidy	low_0_to_1pct	0.6307692307692307
seed457	ST	dominant_mean_ploidy	low_0_to_1pct	0.7406593406593407
seed458	ST	dominant_mean_ploidy	low_0_to_1pct	0.8725274725274725
seed459	ST	dominant_mean_ploidy	low_0_to_1pct	0.8681318681318682
seed460	ST	dominant_mean_ploidy	low_0_to_1pct	0.7582417582417583
seed461	ST	dominant_mean_ploidy	low_0_to_1pct	0.745054945054945
seed462	ST	dominant_mean_ploidy	low_0_to_1pct	0.9032967032967033
seed463	ST	dominant_mean_ploidy	low_0_to_1pct	0.9164835164835166
seed464	ST	dominant_mean_ploidy	low_0_to_1pct	0.8461538461538461
seed465	ST	dominant_mean_ploidy	low_0_to_1pct	0.8065934065934066
seed466	ST	dominant_mean_ploidy	low_0_to_1pct	0.9164835164835166
seed467	ST	dominant_mean_ploidy	low_0_to_1pct	0.8857142857142857
seed468	ST	dominant_mean_ploidy	low_0_to_1pct	0.8769230769230769
seed469	ST	dominant_mean_ploidy	low_0_to_1pct	0.7934065934065934
seed470	ST	dominant_mean_ploidy	low_0_to_1pct	0.9208791208791209
seed471	ST	dominant_mean_ploidy	low_0_to_1pct	0.7186813186813187
seed472	ST	dominant_mean_ploidy	low_0_to_1pct	0.8241758241758241
seed473	ST	dominant_mean_ploidy	low_0_to_1pct	0.8285714285714285
seed474	ST	dominant_mean_ploidy	low_0_to_1pct	0.8417582417582418
seed475	ST	dominant_mean_ploidy	low_0_to_1pct	0.6615384615384616
seed476	ST	dominant_mean_ploidy	low_0_to_1pct	0.9120879120879121
seed477	ST	dominant_mean_ploidy	low_0_to_1pct	0.8901098901098902
seed478	ST	dominant_mean_ploidy	low_0_to_1pct	0.6307692307692307
seed479	ST	dominant_mean_ploidy	low_0_to_1pct	0.7846153846153847
seed480	ST	dominant_mean_ploidy	low_0_to_1pct	0.9296703296703297
seed481	ST	dominant_mean_ploidy	low_0_to_1pct	0.8021978021978022
seed482	ST	dominant_mean_ploidy	low_0_to_1pct	0.8725274725274725
seed483	ST	dominant_mean_ploidy	low_0_to_1pct	0.7582417582417583
seed484	ST	dominant_mean_ploidy	low_0_to_1pct	0.8505494505494505
seed485	ST	dominant_mean_ploidy	low_0_to_1pct	0.6263736263736264
seed486	ST	dominant_mean_ploidy	low_0_to_1pct	0.7714285714285714
seed487	ST	dominant_mean_ploidy	low_0_to_1pct	0.7494505494505495
seed488	ST	dominant_mean_ploidy	low_0_to_1pct	0.8461538461538461
seed489	ST	dominant_mean_ploidy	low_0_to_1pct	0.8901098901098902
seed490	ST	dominant_mean_ploidy	low_0_to_1pct	0.8417582417582418
seed491	ST	dominant_mean_ploidy	low_0_to_1pct	0.5164835164835165
seed492	ST	dominant_mean_ploidy	low_0_to_1pct	0.5956043956043956
seed493	ST	dominant_mean_ploidy	low_0_to_1pct	0.2967032967032967
seed494	ST	dominant_mean_ploidy	low_0_to_1pct	0.6307692307692307
seed495	ST	dominant_mean_ploidy	low_0_to_1pct	0.5824175824175825
seed496	ST	dominant_mean_ploidy	low_0_to_1pct	0.46373626373626364
seed497	ST	dominant_mean_ploidy	low_0_to_1pct	0.7846153846153847
seed498	ST	dominant_mean_ploidy	low_0_to_1pct	0.8021978021978022
seed499	ST	dominant_mean_ploidy	low_0_to_1pct	0.8285714285714285
seed500	ST	dominant_mean_ploidy	low_0_to_1pct	0.9164835164835166
seed1	ST	dominant_mean_ploidy	high_3_to_5pct	0.6043956043956044
seed2	ST	dominant_mean_ploidy	high_3_to_5pct	0.23956043956043957
seed3	ST	dominant_mean_ploidy	high_3_to_5pct	0.5428571428571429
seed4	ST	dominant_mean_ploidy	high_3_to_5pct	0.5736263736263736
seed5	ST	dominant_mean_ploidy	high_3_to_5pct	0.9296703296703297
seed6	ST	dominant_mean_ploidy	high_3_to_5pct	0.5692307692307692
seed7	ST	dominant_mean_ploidy	high_3_to_5pct	0.7802197802197802
seed8	ST	dominant_mean_ploidy	high_3_to_5pct	0.7890109890109891
seed9	ST	dominant_mean_ploidy	high_3_to_5pct	0.8065934065934066
seed10	ST	dominant_mean_ploidy	high_3_to_5pct	0.8373626373626375
seed11	ST	dominant_mean_ploidy	high_3_to_5pct	0.8857142857142857
seed12	ST	dominant_mean_ploidy	high_3_to_5pct	0.8725274725274725
seed13	ST	dominant_mean_ploidy	high_3_to_5pct	0.832967032967033
seed14	ST	dominant_mean_ploidy	high_3_to_5pct	0.9516483516483516
seed15	ST	dominant_mean_ploidy	high_3_to_5pct	0.9120879120879121
seed16	ST	dominant_mean_ploidy	high_3_to_5pct	0.8593406593406594
seed17	ST	dominant_mean_ploidy	high_3_to_5pct	0.9076923076923077
seed18	ST	dominant_mean_ploidy	high_3_to_5pct	0.9032967032967033
seed19	ST	dominant_mean_ploidy	high_3_to_5pct	0.5648351648351648
seed20	ST	dominant_mean_ploidy	high_3_to_5pct	0.9516483516483516
seed21	ST	dominant_mean_ploidy	high_3_to_5pct	0.45054945054945056
seed22	ST	dominant_mean_ploidy	high_3_to_5pct	0.8681318681318682
seed23	ST	dominant_mean_ploidy	high_3_to_5pct	0.6
seed24	ST	dominant_mean_ploidy	high_3_to_5pct	0.8637362637362638
seed25	ST	dominant_mean_ploidy	high_3_to_5pct	0.9340659340659341
seed26	ST	dominant_mean_ploidy	high_3_to_5pct	0.9032967032967033
seed27	ST	dominant_mean_ploidy	high_3_to_5pct	0.767032967032967
seed28	ST	dominant_mean_ploidy	high_3_to_5pct	0.5472527472527472
seed29	ST	dominant_mean_ploidy	high_3_to_5pct	0.5208791208791209
seed30	ST	dominant_mean_ploidy	high_3_to_5pct	0.8461538461538461
seed31	ST	dominant_mean_ploidy	high_3_to_5pct	0.3450549450549451
seed32	ST	dominant_mean_ploidy	high_3_to_5pct	0.6395604395604396
seed33	ST	dominant_mean_ploidy	high_3_to_5pct	0.621978021978022
seed34	ST	dominant_mean_ploidy	high_3_to_5pct	0.6571428571428571
seed35	ST	dominant_mean_ploidy	high_3_to_5pct	0.9296703296703297
seed36	ST	dominant_mean_ploidy	high_3_to_5pct	0.8373626373626375
seed37	ST	dominant_mean_ploidy	high_3_to_5pct	0.8285714285714285
seed38	ST	dominant_mean_ploidy	high_3_to_5pct	0.4153846153846154
seed39	ST	dominant_mean_ploidy	high_3_to_5pct	0.6175824175824175
seed40	ST	dominant_mean_ploidy	high_3_to_5pct	0.767032967032967
seed41	ST	dominant_mean_ploidy	high_3_to_5pct	0.6307692307692307
seed42	ST	dominant_mean_ploidy	high_3_to_5pct	0.8505494505494505
seed43	ST	dominant_mean_ploidy	high_3_to_5pct	0.6527472527472528
seed44	ST	dominant_mean_ploidy	high_3_to_5pct	0.8021978021978022
seed45	ST	dominant_mean_ploidy	high_3_to_5pct	0.9032967032967033
seed46	ST	dominant_mean_ploidy	high_3_to_5pct	0.8461538461538461
seed47	ST	dominant_mean_ploidy	high_3_to_5pct	0.9604395604395607
seed48	ST	dominant_mean_ploidy	high_3_to_5pct	0.7098901098901099
seed49	ST	dominant_mean_ploidy	high_3_to_5pct	0.9252747252747253
seed50	ST	dominant_mean_ploidy	high_3_to_5pct	0.8373626373626375
seed51	ST	dominant_mean_ploidy	high_3_to_5pct	0.9120879120879121
seed52	ST	dominant_mean_ploidy	high_3_to_5pct	0.7538461538461538
seed53	ST	dominant_mean_ploidy	high_3_to_5pct	0.410989010989011
seed54	ST	dominant_mean_ploidy	high_3_to_5pct	0.8901098901098902
seed55	ST	dominant_mean_ploidy	high_3_to_5pct	0.9164835164835166
seed56	ST	dominant_mean_ploidy	high_3_to_5pct	0.7890109890109891
seed57	ST	dominant_mean_ploidy	high_3_to_5pct	0.8197802197802198
seed58	ST	dominant_mean_ploidy	high_3_to_5pct	0.8637362637362638
seed59	ST	dominant_mean_ploidy	high_3_to_5pct	0.7890109890109891
seed60	ST	dominant_mean_ploidy	high_3_to_5pct	0.7758241758241758
seed61	ST	dominant_mean_ploidy	high_3_to_5pct	0.5120879120879122
seed62	ST	dominant_mean_ploidy	high_3_to_5pct	0.745054945054945
seed63	ST	dominant_mean_ploidy	high_3_to_5pct	0.43736263736263736
seed64	ST	dominant_mean_ploidy	high_3_to_5pct	0.6175824175824175
seed65	ST	dominant_mean_ploidy	high_3_to_5pct	0.8285714285714285
seed66	ST	dominant_mean_ploidy	high_3_to_5pct	0.44175824175824174
seed67	ST	dominant_mean_ploidy	high_3_to_5pct	0.9164835164835166
seed68	ST	dominant_mean_ploidy	high_3_to_5pct	0.9296703296703297
seed69	ST	dominant_mean_ploidy	high_3_to_5pct	0.8725274725274725
seed70	ST	dominant_mean_ploidy	high_3_to_5pct	0.8417582417582418
seed71	ST	dominant_mean_ploidy	high_3_to_5pct	0.7934065934065934
seed72	ST	dominant_mean_ploidy	high_3_to_5pct	0.7274725274725276
seed73	ST	dominant_mean_ploidy	high_3_to_5pct	0.5472527472527472
seed74	ST	dominant_mean_ploidy	high_3_to_5pct	0.8417582417582418
seed75	ST	dominant_mean_ploidy	high_3_to_5pct	0.9384615384615385
seed76	ST	dominant_mean_ploidy	high_3_to_5pct	0.8109890109890111
seed77	ST	dominant_mean_ploidy	high_3_to_5pct	0.7230769230769231
seed78	ST	dominant_mean_ploidy	high_3_to_5pct	0.6791208791208792
seed79	ST	dominant_mean_ploidy	high_3_to_5pct	0.8593406593406594
seed80	ST	dominant_mean_ploidy	high_3_to_5pct	0.8857142857142857
seed81	ST	dominant_mean_ploidy	high_3_to_5pct	0.7010989010989012
seed82	ST	dominant_mean_ploidy	high_3_to_5pct	0.9076923076923077
seed83	ST	dominant_mean_ploidy	high_3_to_5pct	0.8989010989010989
seed84	ST	dominant_mean_ploidy	high_3_to_5pct	0.956043956043956
seed85	ST	dominant_mean_ploidy	high_3_to_5pct	0.6439560439560439
seed86	ST	dominant_mean_ploidy	high_3_to_5pct	0.8813186813186813
seed87	ST	dominant_mean_ploidy	high_3_to_5pct	0.7802197802197802
seed88	ST	dominant_mean_ploidy	high_3_to_5pct	0.5560439560439561
seed89	ST	dominant_mean_ploidy	high_3_to_5pct	0.8021978021978022
seed90	ST	dominant_mean_ploidy	high_3_to_5pct	0.5956043956043956
seed91	ST	dominant_mean_ploidy	high_3_to_5pct	0.8813186813186813
seed92	ST	dominant_mean_ploidy	high_3_to_5pct	0.6131868131868132
seed93	ST	dominant_mean_ploidy	high_3_to_5pct	0.9032967032967033
seed94	ST	dominant_mean_ploidy	high_3_to_5pct	0.8197802197802198
seed95	ST	dominant_mean_ploidy	high_3_to_5pct	0.8857142857142857
seed96	ST	dominant_mean_ploidy	high_3_to_5pct	0.5560439560439561
seed97	ST	dominant_mean_ploidy	high_3_to_5pct	0.7494505494505495
seed98	ST	dominant_mean_ploidy	high_3_to_5pct	0.49890109890109896
seed99	ST	dominant_mean_ploidy	high_3_to_5pct	0.7362637362637363
seed100	ST	dominant_mean_ploidy	high_3_to_5pct	0.9472527472527472
seed101	ST	dominant_mean_ploidy	high_3_to_5pct	0.44175824175824174
seed102	ST	dominant_mean_ploidy	high_3_to_5pct	0.8637362637362638
seed103	ST	dominant_mean_ploidy	high_3_to_5pct	0.7758241758241758
seed104	ST	dominant_mean_ploidy	high_3_to_5pct	0.9076923076923077
seed105	ST	dominant_mean_ploidy	high_3_to_5pct	0.38461538461538464
seed106	ST	dominant_mean_ploidy	high_3_to_5pct	0.8593406593406594
seed107	ST	dominant_mean_ploidy	high_3_to_5pct	0.8505494505494505
seed108	ST	dominant_mean_ploidy	high_3_to_5pct	0.8637362637362638
seed109	ST	dominant_mean_ploidy	high_3_to_5pct	0.8285714285714285
seed110	ST	dominant_mean_ploidy	high_3_to_5pct	0.8373626373626375
seed111	ST	dominant_mean_ploidy	high_3_to_5pct	0.8241758241758241
seed112	ST	dominant_mean_ploidy	high_3_to_5pct	0.9208791208791209
seed113	ST	dominant_mean_ploidy	high_3_to_5pct	0.7626373626373627
seed114	ST	dominant_mean_ploidy	high_3_to_5pct	0.48571428571428577
seed115	ST	dominant_mean_ploidy	high_3_to_5pct	0.621978021978022
seed116	ST	dominant_mean_ploidy	high_3_to_5pct	0.8945054945054945
seed117	ST	dominant_mean_ploidy	high_3_to_5pct	0.9604395604395607
seed118	ST	dominant_mean_ploidy	high_3_to_5pct	0.9208791208791209
seed119	ST	dominant_mean_ploidy	high_3_to_5pct	0.8505494505494505
seed120	ST	dominant_mean_ploidy	high_3_to_5pct	0.9076923076923077
seed121	ST	dominant_mean_ploidy	high_3_to_5pct	0.6351648351648352
seed122	ST	dominant_mean_ploidy	high_3_to_5pct	0.8285714285714285
seed123	ST	dominant_mean_ploidy	high_3_to_5pct	0.7714285714285714
seed124	ST	dominant_mean_ploidy	high_3_to_5pct	0.6351648351648352
seed125	ST	dominant_mean_ploidy	high_3_to_5pct	0.9472527472527472
seed126	ST	dominant_mean_ploidy	high_3_to_5pct	0.6087912087912088
seed127	ST	dominant_mean_ploidy	high_3_to_5pct	0.7626373626373627
seed128	ST	dominant_mean_ploidy	high_3_to_5pct	0.8813186813186813
seed129	ST	dominant_mean_ploidy	high_3_to_5pct	0.5736263736263736
seed130	ST	dominant_mean_ploidy	high_3_to_5pct	0.8637362637362638
seed131	ST	dominant_mean_ploidy	high_3_to_5pct	0.8813186813186813
seed132	ST	dominant_mean_ploidy	high_3_to_5pct	0.9296703296703297
seed133	ST	dominant_mean_ploidy	high_3_to_5pct	0.43736263736263736
seed134	ST	dominant_mean_ploidy	high_3_to_5pct	0.8681318681318682
seed135	ST	dominant_mean_ploidy	high_3_to_5pct	0.9208791208791209
seed136	ST	dominant_mean_ploidy	high_3_to_5pct	0.4241758241758242
seed137	ST	dominant_mean_ploidy	high_3_to_5pct	0.8989010989010989
seed138	ST	dominant_mean_ploidy	high_3_to_5pct	0.767032967032967
seed139	ST	dominant_mean_ploidy	high_3_to_5pct	0.7274725274725276
seed140	ST	dominant_mean_ploidy	high_3_to_5pct	0.4593406593406593
seed141	ST	dominant_mean_ploidy	high_3_to_5pct	0.8021978021978022
seed142	ST	dominant_mean_ploidy	high_3_to_5pct	0.8813186813186813
seed143	ST	dominant_mean_ploidy	high_3_to_5pct	0.9428571428571428
seed144	ST	dominant_mean_ploidy	high_3_to_5pct	0.5340659340659341
seed145	ST	dominant_mean_ploidy	high_3_to_5pct	0.8813186813186813
seed146	ST	dominant_mean_ploidy	high_3_to_5pct	0.6791208791208792
seed147	ST	dominant_mean_ploidy	high_3_to_5pct	0.5516483516483517
seed148	ST	dominant_mean_ploidy	high_3_to_5pct	0.6967032967032967
seed149	ST	dominant_mean_ploidy	high_3_to_5pct	0.8549450549450549
seed150	ST	dominant_mean_ploidy	high_3_to_5pct	0.2571428571428571
seed151	ST	dominant_mean_ploidy	high_3_to_5pct	0.9428571428571428
seed152	ST	dominant_mean_ploidy	high_3_to_5pct	0.6527472527472528
seed153	ST	dominant_mean_ploidy	high_3_to_5pct	0.8813186813186813
seed154	ST	dominant_mean_ploidy	high_3_to_5pct	0.9384615384615385
seed155	ST	dominant_mean_ploidy	high_3_to_5pct	0.6703296703296703
seed156	ST	dominant_mean_ploidy	high_3_to_5pct	0.8857142857142857
seed157	ST	dominant_mean_ploidy	high_3_to_5pct	0.8637362637362638
seed158	ST	dominant_mean_ploidy	high_3_to_5pct	0.8637362637362638
seed159	ST	dominant_mean_ploidy	high_3_to_5pct	0.8197802197802198
seed160	ST	dominant_mean_ploidy	high_3_to_5pct	0.5692307692307692
seed161	ST	dominant_mean_ploidy	high_3_to_5pct	0.6923076923076923
seed162	ST	dominant_mean_ploidy	high_3_to_5pct	0.7714285714285714
seed163	ST	dominant_mean_ploidy	high_3_to_5pct	0.7406593406593407
seed164	ST	dominant_mean_ploidy	high_3_to_5pct	0.8681318681318682
seed165	ST	dominant_mean_ploidy	high_3_to_5pct	0.5340659340659341
seed166	ST	dominant_mean_ploidy	high_3_to_5pct	0.8461538461538461
seed167	ST	dominant_mean_ploidy	high_3_to_5pct	0.7758241758241758
seed168	ST	dominant_mean_ploidy	high_3_to_5pct	0.6923076923076923
seed169	ST	dominant_mean_ploidy	high_3_to_5pct	0.7626373626373627
seed170	ST	dominant_mean_ploidy	high_3_to_5pct	0.9384615384615385
seed171	ST	dominant_mean_ploidy	high_3_to_5pct	0.8901098901098902
seed172	ST	dominant_mean_ploidy	high_3_to_5pct	0.8857142857142857
seed173	ST	dominant_mean_ploidy	high_3_to_5pct	0.9428571428571428
seed174	ST	dominant_mean_ploidy	high_3_to_5pct	0.7494505494505495
seed175	ST	dominant_mean_ploidy	high_3_to_5pct	0.8373626373626375
seed176	ST	dominant_mean_ploidy	high_3_to_5pct	0.6483516483516484
seed177	ST	dominant_mean_ploidy	high_3_to_5pct	0.8461538461538461
seed178	ST	dominant_mean_ploidy	high_3_to_5pct	0.7318681318681319
seed179	ST	dominant_mean_ploidy	high_3_to_5pct	0.5516483516483517
seed180	ST	dominant_mean_ploidy	high_3_to_5pct	0.9516483516483516
seed181	ST	dominant_mean_ploidy	high_3_to_5pct	0.832967032967033
seed182	ST	dominant_mean_ploidy	high_3_to_5pct	0.7978021978021977
seed183	ST	dominant_mean_ploidy	high_3_to_5pct	0.9384615384615385
seed184	ST	dominant_mean_ploidy	high_3_to_5pct	0.8945054945054945
seed185	ST	dominant_mean_ploidy	high_3_to_5pct	0.8857142857142857
seed186	ST	dominant_mean_ploidy	high_3_to_5pct	0.6043956043956044
seed187	ST	dominant_mean_ploidy	high_3_to_5pct	0.8109890109890111
seed188	ST	dominant_mean_ploidy	high_3_to_5pct	0.8109890109890111
seed189	ST	dominant_mean_ploidy	high_3_to_5pct	0.6923076923076923
seed190	ST	dominant_mean_ploidy	high_3_to_5pct	0.49890109890109896
seed191	ST	dominant_mean_ploidy	high_3_to_5pct	0.5824175824175825
seed192	ST	dominant_mean_ploidy	high_3_to_5pct	0.8989010989010989
seed193	ST	dominant_mean_ploidy	high_3_to_5pct	0.9120879120879121
seed194	ST	dominant_mean_ploidy	high_3_to_5pct	0.8417582417582418
seed195	ST	dominant_mean_ploidy	high_3_to_5pct	0.8241758241758241
seed196	ST	dominant_mean_ploidy	high_3_to_5pct	0.8681318681318682
seed197	ST	dominant_mean_ploidy	high_3_to_5pct	0.7890109890109891
seed198	ST	dominant_mean_ploidy	high_3_to_5pct	0.4021978021978022
seed199	ST	dominant_mean_ploidy	high_3_to_5pct	0.8593406593406594
seed200	ST	dominant_mean_ploidy	high_3_to_5pct	0.8549450549450549
seed201	ST	dominant_mean_ploidy	high_3_to_5pct	0.8197802197802198
seed202	ST	dominant_mean_ploidy	high_3_to_5pct	0.8549450549450549
seed203	ST	dominant_mean_ploidy	high_3_to_5pct	0.621978021978022
seed204	ST	dominant_mean_ploidy	high_3_to_5pct	0.7978021978021977
seed205	ST	dominant_mean_ploidy	high_3_to_5pct	0.9252747252747253
seed206	ST	dominant_mean_ploidy	high_3_to_5pct	0.7494505494505495
seed207	ST	dominant_mean_ploidy	high_3_to_5pct	0.5164835164835165
seed208	ST	dominant_mean_ploidy	high_3_to_5pct	0.9516483516483516
seed209	ST	dominant_mean_ploidy	high_3_to_5pct	0.6571428571428571
seed210	ST	dominant_mean_ploidy	high_3_to_5pct	0.6483516483516484
seed211	ST	dominant_mean_ploidy	high_3_to_5pct	0.6527472527472528
seed212	ST	dominant_mean_ploidy	high_3_to_5pct	0.8769230769230769
seed213	ST	dominant_mean_ploidy	high_3_to_5pct	0.9296703296703297
seed214	ST	dominant_mean_ploidy	high_3_to_5pct	0.49890109890109896
seed215	ST	dominant_mean_ploidy	high_3_to_5pct	0.7890109890109891
seed216	ST	dominant_mean_ploidy	high_3_to_5pct	0.8637362637362638
seed217	ST	dominant_mean_ploidy	high_3_to_5pct	0.8417582417582418
seed218	ST	dominant_mean_ploidy	high_3_to_5pct	0.8021978021978022
seed219	ST	dominant_mean_ploidy	high_3_to_5pct	0.8065934065934066
seed220	ST	dominant_mean_ploidy	high_3_to_5pct	0.6263736263736264
seed221	ST	dominant_mean_ploidy	high_3_to_5pct	0.8021978021978022
seed222	ST	dominant_mean_ploidy	high_3_to_5pct	0.8901098901098902
seed223	ST	dominant_mean_ploidy	high_3_to_5pct	0.42857142857142855
seed224	ST	dominant_mean_ploidy	high_3_to_5pct	0.745054945054945
seed225	ST	dominant_mean_ploidy	high_3_to_5pct	0.6967032967032967
seed226	ST	dominant_mean_ploidy	high_3_to_5pct	0.6043956043956044
seed227	ST	dominant_mean_ploidy	high_3_to_5pct	0.8769230769230769
seed228	ST	dominant_mean_ploidy	high_3_to_5pct	0.5208791208791209
seed229	ST	dominant_mean_ploidy	high_3_to_5pct	0.8593406593406594
seed230	ST	dominant_mean_ploidy	high_3_to_5pct	0.5956043956043956
seed231	ST	dominant_mean_ploidy	high_3_to_5pct	0.7142857142857143
seed232	ST	dominant_mean_ploidy	high_3_to_5pct	0.9032967032967033
seed233	ST	dominant_mean_ploidy	high_3_to_5pct	0.7538461538461538
seed234	ST	dominant_mean_ploidy	high_3_to_5pct	0.7714285714285714
seed235	ST	dominant_mean_ploidy	high_3_to_5pct	0.9208791208791209
seed236	ST	dominant_mean_ploidy	high_3_to_5pct	0.8461538461538461
seed237	ST	dominant_mean_ploidy	high_3_to_5pct	0.5032967032967033
seed238	ST	dominant_mean_ploidy	high_3_to_5pct	0.8901098901098902
seed239	ST	dominant_mean_ploidy	high_3_to_5pct	0.7010989010989012
seed240	ST	dominant_mean_ploidy	high_3_to_5pct	0.7890109890109891
seed241	ST	dominant_mean_ploidy	high_3_to_5pct	0.8241758241758241
seed242	ST	dominant_mean_ploidy	high_3_to_5pct	0.7538461538461538
seed243	ST	dominant_mean_ploidy	high_3_to_5pct	0.7802197802197802
seed244	ST	dominant_mean_ploidy	high_3_to_5pct	0.8725274725274725
seed245	ST	dominant_mean_ploidy	high_3_to_5pct	0.8813186813186813
seed246	ST	dominant_mean_ploidy	high_3_to_5pct	0.7230769230769231
seed247	ST	dominant_mean_ploidy	high_3_to_5pct	0.7846153846153847
seed248	ST	dominant_mean_ploidy	high_3_to_5pct	0.5868131868131868
seed249	ST	dominant_mean_ploidy	high_3_to_5pct	0.6879120879120879
seed250	ST	dominant_mean_ploidy	high_3_to_5pct	0.9252747252747253
seed251	ST	dominant_mean_ploidy	high_3_to_5pct	0.8725274725274725
seed252	ST	dominant_mean_ploidy	high_3_to_5pct	0.7406593406593407
seed253	ST	dominant_mean_ploidy	high_3_to_5pct	0.5560439560439561
seed254	ST	dominant_mean_ploidy	high_3_to_5pct	0.6175824175824175
seed255	ST	dominant_mean_ploidy	high_3_to_5pct	0.8857142857142857
seed256	ST	dominant_mean_ploidy	high_3_to_5pct	0.7758241758241758
seed257	ST	dominant_mean_ploidy	high_3_to_5pct	0.8945054945054945
seed258	ST	dominant_mean_ploidy	high_3_to_5pct	0.8417582417582418
seed259	ST	dominant_mean_ploidy	high_3_to_5pct	0.7714285714285714
seed260	ST	dominant_mean_ploidy	high_3_to_5pct	0.7538461538461538
seed261	ST	dominant_mean_ploidy	high_3_to_5pct	0.7758241758241758
seed262	ST	dominant_mean_ploidy	high_3_to_5pct	0.6175824175824175
seed263	ST	dominant_mean_ploidy	high_3_to_5pct	0.9472527472527472
seed264	ST	dominant_mean_ploidy	high_3_to_5pct	0.9384615384615385
seed265	ST	dominant_mean_ploidy	high_3_to_5pct	0.8681318681318682
seed266	ST	dominant_mean_ploidy	high_3_to_5pct	0.9516483516483516
seed267	ST	dominant_mean_ploidy	high_3_to_5pct	0.767032967032967
seed268	ST	dominant_mean_ploidy	high_3_to_5pct	0.8681318681318682
seed269	ST	dominant_mean_ploidy	high_3_to_5pct	0.8857142857142857
seed270	ST	dominant_mean_ploidy	high_3_to_5pct	0.7802197802197802
seed271	ST	dominant_mean_ploidy	high_3_to_5pct	0.6791208791208792
seed272	ST	dominant_mean_ploidy	high_3_to_5pct	0.9164835164835166
seed273	ST	dominant_mean_ploidy	high_3_to_5pct	0.432967032967033
seed274	ST	dominant_mean_ploidy	high_3_to_5pct	0.6307692307692307
seed275	ST	dominant_mean_ploidy	high_3_to_5pct	0.9076923076923077
seed276	ST	dominant_mean_ploidy	high_3_to_5pct	0.9252747252747253
seed277	ST	dominant_mean_ploidy	high_3_to_5pct	0.3230769230769231
seed278	ST	dominant_mean_ploidy	high_3_to_5pct	0.5692307692307692
seed279	ST	dominant_mean_ploidy	high_3_to_5pct	0.7362637362637363
seed280	ST	dominant_mean_ploidy	high_3_to_5pct	0.9384615384615385
seed281	ST	dominant_mean_ploidy	high_3_to_5pct	0.8241758241758241
seed282	ST	dominant_mean_ploidy	high_3_to_5pct	0.8153846153846154
seed283	ST	dominant_mean_ploidy	high_3_to_5pct	0.8725274725274725
seed284	ST	dominant_mean_ploidy	high_3_to_5pct	0.7406593406593407
seed285	ST	dominant_mean_ploidy	high_3_to_5pct	0.7934065934065934
seed286	ST	dominant_mean_ploidy	high_3_to_5pct	0.6263736263736264
seed287	ST	dominant_mean_ploidy	high_3_to_5pct	0.6263736263736264
seed288	ST	dominant_mean_ploidy	high_3_to_5pct	0.8417582417582418
seed289	ST	dominant_mean_ploidy	high_3_to_5pct	0.4769230769230769
seed290	ST	dominant_mean_ploidy	high_3_to_5pct	0.745054945054945
seed291	ST	dominant_mean_ploidy	high_3_to_5pct	0.6967032967032967
seed292	ST	dominant_mean_ploidy	high_3_to_5pct	0.8945054945054945
seed293	ST	dominant_mean_ploidy	high_3_to_5pct	0.8065934065934066
seed294	ST	dominant_mean_ploidy	high_3_to_5pct	0.9296703296703297
seed295	ST	dominant_mean_ploidy	high_3_to_5pct	0.9164835164835166
seed296	ST	dominant_mean_ploidy	high_3_to_5pct	0.5472527472527472
seed297	ST	dominant_mean_ploidy	high_3_to_5pct	0.9076923076923077
seed298	ST	dominant_mean_ploidy	high_3_to_5pct	0.745054945054945
seed299	ST	dominant_mean_ploidy	high_3_to_5pct	0.7890109890109891
seed300	ST	dominant_mean_ploidy	high_3_to_5pct	0.9076923076923077
seed301	ST	dominant_mean_ploidy	high_3_to_5pct	0.9076923076923077
seed302	ST	dominant_mean_ploidy	high_3_to_5pct	0.8549450549450549
seed303	ST	dominant_mean_ploidy	high_3_to_5pct	0.8505494505494505
seed304	ST	dominant_mean_ploidy	high_3_to_5pct	0.9428571428571428
seed305	ST	dominant_mean_ploidy	high_3_to_5pct	0.8505494505494505
seed306	ST	dominant_mean_ploidy	high_3_to_5pct	0.410989010989011
seed307	ST	dominant_mean_ploidy	high_3_to_5pct	0.8989010989010989
seed308	ST	dominant_mean_ploidy	high_3_to_5pct	0.6175824175824175
seed309	ST	dominant_mean_ploidy	high_3_to_5pct	0.9428571428571428
seed310	ST	dominant_mean_ploidy	high_3_to_5pct	0.6131868131868132
seed311	ST	dominant_mean_ploidy	high_3_to_5pct	0.5120879120879122
seed312	ST	dominant_mean_ploidy	high_3_to_5pct	0.8109890109890111
seed313	ST	dominant_mean_ploidy	high_3_to_5pct	0.6703296703296703
seed314	ST	dominant_mean_ploidy	high_3_to_5pct	0.6571428571428571
seed315	ST	dominant_mean_ploidy	high_3_to_5pct	0.6087912087912088
seed316	ST	dominant_mean_ploidy	high_3_to_5pct	0.8593406593406594
seed317	ST	dominant_mean_ploidy	high_3_to_5pct	0.9384615384615385
seed318	ST	dominant_mean_ploidy	high_3_to_5pct	0.6395604395604396
seed319	ST	dominant_mean_ploidy	high_3_to_5pct	0.8549450549450549
seed320	ST	dominant_mean_ploidy	high_3_to_5pct	0.7978021978021977
seed321	ST	dominant_mean_ploidy	high_3_to_5pct	0.6923076923076923
seed322	ST	dominant_mean_ploidy	high_3_to_5pct	0.8901098901098902
seed323	ST	dominant_mean_ploidy	high_3_to_5pct	0.8813186813186813
seed324	ST	dominant_mean_ploidy	high_3_to_5pct	0.621978021978022
seed325	ST	dominant_mean_ploidy	high_3_to_5pct	0.9164835164835166
seed326	ST	dominant_mean_ploidy	high_3_to_5pct	0.4241758241758242
seed327	ST	dominant_mean_ploidy	high_3_to_5pct	0.7362637362637363
seed328	ST	dominant_mean_ploidy	high_3_to_5pct	0.5868131868131868
seed329	ST	dominant_mean_ploidy	high_3_to_5pct	0.8769230769230769
seed330	ST	dominant_mean_ploidy	high_3_to_5pct	0.6439560439560439
seed331	ST	dominant_mean_ploidy	high_3_to_5pct	0.8197802197802198
seed332	ST	dominant_mean_ploidy	high_3_to_5pct	0.4945054945054946
seed333	ST	dominant_mean_ploidy	high_3_to_5pct	0.8021978021978022
seed334	ST	dominant_mean_ploidy	high_3_to_5pct	0.8593406593406594
seed335	ST	dominant_mean_ploidy	high_3_to_5pct	0.7714285714285714
seed336	ST	dominant_mean_ploidy	high_3_to_5pct	0.7934065934065934
seed337	ST	dominant_mean_ploidy	high_3_to_5pct	0.3538461538461538
seed338	ST	dominant_mean_ploidy	high_3_to_5pct	0.8769230769230769
seed339	ST	dominant_mean_ploidy	high_3_to_5pct	0.6087912087912088
seed340	ST	dominant_mean_ploidy	high_3_to_5pct	0.8725274725274725
seed341	ST	dominant_mean_ploidy	high_3_to_5pct	0.8197802197802198
seed342	ST	dominant_mean_ploidy	high_3_to_5pct	0.8769230769230769
seed343	ST	dominant_mean_ploidy	high_3_to_5pct	0.6835164835164835
seed344	ST	dominant_mean_ploidy	high_3_to_5pct	0.8901098901098902
seed345	ST	dominant_mean_ploidy	high_3_to_5pct	0.767032967032967
seed346	ST	dominant_mean_ploidy	high_3_to_5pct	0.5472527472527472
seed347	ST	dominant_mean_ploidy	high_3_to_5pct	0.8769230769230769
seed348	ST	dominant_mean_ploidy	high_3_to_5pct	0.5032967032967033
seed349	ST	dominant_mean_ploidy	high_3_to_5pct	0.6703296703296703
seed350	ST	dominant_mean_ploidy	high_3_to_5pct	0.8989010989010989
seed351	ST	dominant_mean_ploidy	high_3_to_5pct	0.745054945054945
seed352	ST	dominant_mean_ploidy	high_3_to_5pct	0.9164835164835166
seed353	ST	dominant_mean_ploidy	high_3_to_5pct	0.4065934065934066
seed354	ST	dominant_mean_ploidy	high_3_to_5pct	0.8637362637362638
seed355	ST	dominant_mean_ploidy	high_3_to_5pct	0.8593406593406594
seed356	ST	dominant_mean_ploidy	high_3_to_5pct	0.8857142857142857
seed357	ST	dominant_mean_ploidy	high_3_to_5pct	0.5428571428571429
seed358	ST	dominant_mean_ploidy	high_3_to_5pct	0.8901098901098902
seed359	ST	dominant_mean_ploidy	high_3_to_5pct	0.8417582417582418
seed360	ST	dominant_mean_ploidy	high_3_to_5pct	0.6879120879120879
seed361	ST	dominant_mean_ploidy	high_3_to_5pct	0.4901098901098901
seed362	ST	dominant_mean_ploidy	high_3_to_5pct	0.6351648351648352
seed363	ST	dominant_mean_ploidy	high_3_to_5pct	0.832967032967033
seed364	ST	dominant_mean_ploidy	high_3_to_5pct	0.5692307692307692
seed365	ST	dominant_mean_ploidy	high_3_to_5pct	0.6747252747252748
seed366	ST	dominant_mean_ploidy	high_3_to_5pct	0.8593406593406594
seed367	ST	dominant_mean_ploidy	high_3_to_5pct	0.8197802197802198
seed368	ST	dominant_mean_ploidy	high_3_to_5pct	0.6307692307692307
seed369	ST	dominant_mean_ploidy	high_3_to_5pct	0.8901098901098902
seed370	ST	dominant_mean_ploidy	high_3_to_5pct	0.7186813186813187
seed371	ST	dominant_mean_ploidy	high_3_to_5pct	0.8021978021978022
seed372	ST	dominant_mean_ploidy	high_3_to_5pct	0.6527472527472528
seed373	ST	dominant_mean_ploidy	high_3_to_5pct	0.9164835164835166
seed374	ST	dominant_mean_ploidy	high_3_to_5pct	0.1824175824175824
seed375	ST	dominant_mean_ploidy	high_3_to_5pct	0.6043956043956044
seed376	ST	dominant_mean_ploidy	high_3_to_5pct	0.5516483516483517
seed377	ST	dominant_mean_ploidy	high_3_to_5pct	0.8637362637362638
seed378	ST	dominant_mean_ploidy	high_3_to_5pct	0.8021978021978022
seed379	ST	dominant_mean_ploidy	high_3_to_5pct	0.8857142857142857
seed380	ST	dominant_mean_ploidy	high_3_to_5pct	0.8065934065934066
seed381	ST	dominant_mean_ploidy	high_3_to_5pct	0.5912087912087912
seed382	ST	dominant_mean_ploidy	high_3_to_5pct	0.5472527472527472
seed383	ST	dominant_mean_ploidy	high_3_to_5pct	0.7934065934065934
seed384	ST	dominant_mean_ploidy	high_3_to_5pct	0.745054945054945
seed385	ST	dominant_mean_ploidy	high_3_to_5pct	0.6175824175824175
seed386	ST	dominant_mean_ploidy	high_3_to_5pct	0.8637362637362638
seed387	ST	dominant_mean_ploidy	high_3_to_5pct	0.8989010989010989
seed388	ST	dominant_mean_ploidy	high_3_to_5pct	0.5912087912087912
seed389	ST	dominant_mean_ploidy	high_3_to_5pct	0.8373626373626375
seed390	ST	dominant_mean_ploidy	high_3_to_5pct	0.8109890109890111
seed391	ST	dominant_mean_ploidy	high_3_to_5pct	0.5824175824175825
seed392	ST	dominant_mean_ploidy	high_3_to_5pct	0.665934065934066
seed393	ST	dominant_mean_ploidy	high_3_to_5pct	0.9428571428571428
seed394	ST	dominant_mean_ploidy	high_3_to_5pct	0.9428571428571428
seed395	ST	dominant_mean_ploidy	high_3_to_5pct	0.7582417582417583
seed396	ST	dominant_mean_ploidy	high_3_to_5pct	0.8769230769230769
seed397	ST	dominant_mean_ploidy	high_3_to_5pct	0.7758241758241758
seed398	ST	dominant_mean_ploidy	high_3_to_5pct	0.6879120879120879
seed399	ST	dominant_mean_ploidy	high_3_to_5pct	0.7978021978021977
seed400	ST	dominant_mean_ploidy	high_3_to_5pct	0.7406593406593407
seed401	ST	dominant_mean_ploidy	high_3_to_5pct	0.7142857142857143
seed402	ST	dominant_mean_ploidy	high_3_to_5pct	0.7230769230769231
seed403	ST	dominant_mean_ploidy	high_3_to_5pct	0.9252747252747253
seed404	ST	dominant_mean_ploidy	high_3_to_5pct	0.9032967032967033
seed405	ST	dominant_mean_ploidy	high_3_to_5pct	0.8109890109890111
seed406	ST	dominant_mean_ploidy	high_3_to_5pct	0.8153846153846154
seed407	ST	dominant_mean_ploidy	high_3_to_5pct	0.4813186813186813
seed408	ST	dominant_mean_ploidy	high_3_to_5pct	0.8241758241758241
seed409	ST	dominant_mean_ploidy	high_3_to_5pct	0.9648351648351648
seed410	ST	dominant_mean_ploidy	high_3_to_5pct	0.5120879120879122
seed411	ST	dominant_mean_ploidy	high_3_to_5pct	0.8021978021978022
seed412	ST	dominant_mean_ploidy	high_3_to_5pct	0.7406593406593407
seed413	ST	dominant_mean_ploidy	high_3_to_5pct	0.9208791208791209
seed414	ST	dominant_mean_ploidy	high_3_to_5pct	0.7802197802197802
seed415	ST	dominant_mean_ploidy	high_3_to_5pct	0.8857142857142857
seed416	ST	dominant_mean_ploidy	high_3_to_5pct	0.8593406593406594
seed417	ST	dominant_mean_ploidy	high_3_to_5pct	0.7582417582417583
seed418	ST	dominant_mean_ploidy	high_3_to_5pct	0.8813186813186813
seed419	ST	dominant_mean_ploidy	high_3_to_5pct	0.8989010989010989
seed420	ST	dominant_mean_ploidy	high_3_to_5pct	0.6527472527472528
seed421	ST	dominant_mean_ploidy	high_3_to_5pct	0.4593406593406593
seed422	ST	dominant_mean_ploidy	high_3_to_5pct	0.7538461538461538
seed423	ST	dominant_mean_ploidy	high_3_to_5pct	0.5604395604395604
seed424	ST	dominant_mean_ploidy	high_3_to_5pct	0.8373626373626375
seed425	ST	dominant_mean_ploidy	high_3_to_5pct	0.8241758241758241
seed426	ST	dominant_mean_ploidy	high_3_to_5pct	0.8197802197802198
seed427	ST	dominant_mean_ploidy	high_3_to_5pct	0.5956043956043956
seed428	ST	dominant_mean_ploidy	high_3_to_5pct	0.5956043956043956
seed429	ST	dominant_mean_ploidy	high_3_to_5pct	0.6043956043956044
seed430	ST	dominant_mean_ploidy	high_3_to_5pct	0.6791208791208792
seed431	ST	dominant_mean_ploidy	high_3_to_5pct	0.5076923076923077
seed432	ST	dominant_mean_ploidy	high_3_to_5pct	0.6703296703296703
seed433	ST	dominant_mean_ploidy	high_3_to_5pct	0.8109890109890111
seed434	ST	dominant_mean_ploidy	high_3_to_5pct	0.8373626373626375
seed435	ST	dominant_mean_ploidy	high_3_to_5pct	0.8945054945054945
seed436	ST	dominant_mean_ploidy	high_3_to_5pct	0.6
seed437	ST	dominant_mean_ploidy	high_3_to_5pct	0.7890109890109891
seed438	ST	dominant_mean_ploidy	high_3_to_5pct	0.9120879120879121
seed439	ST	dominant_mean_ploidy	high_3_to_5pct	0.7934065934065934
seed440	ST	dominant_mean_ploidy	high_3_to_5pct	0.9208791208791209
seed441	ST	dominant_mean_ploidy	high_3_to_5pct	0.6175824175824175
seed442	ST	dominant_mean_ploidy	high_3_to_5pct	0.8021978021978022
seed443	ST	dominant_mean_ploidy	high_3_to_5pct	0.6747252747252748
seed444	ST	dominant_mean_ploidy	high_3_to_5pct	0.6791208791208792
seed445	ST	dominant_mean_ploidy	high_3_to_5pct	0.9076923076923077
seed446	ST	dominant_mean_ploidy	high_3_to_5pct	0.7582417582417583
seed447	ST	dominant_mean_ploidy	high_3_to_5pct	0.7890109890109891
seed448	ST	dominant_mean_ploidy	high_3_to_5pct	0.8769230769230769
seed449	ST	dominant_mean_ploidy	high_3_to_5pct	0.9120879120879121
seed450	ST	dominant_mean_ploidy	high_3_to_5pct	0.9164835164835166
seed451	ST	dominant_mean_ploidy	high_3_to_5pct	0.6
seed452	ST	dominant_mean_ploidy	high_3_to_5pct	0.8505494505494505
seed453	ST	dominant_mean_ploidy	high_3_to_5pct	0.8153846153846154
seed454	ST	dominant_mean_ploidy	high_3_to_5pct	0.9736263736263736
seed455	ST	dominant_mean_ploidy	high_3_to_5pct	0.7406593406593407
seed456	ST	dominant_mean_ploidy	high_3_to_5pct	0.6571428571428571
seed457	ST	dominant_mean_ploidy	high_3_to_5pct	0.5384615384615385
seed458	ST	dominant_mean_ploidy	high_3_to_5pct	0.7098901098901099
seed459	ST	dominant_mean_ploidy	high_3_to_5pct	0.8593406593406594
seed460	ST	dominant_mean_ploidy	high_3_to_5pct	0.9164835164835166
seed461	ST	dominant_mean_ploidy	high_3_to_5pct	0.8725274725274725
seed462	ST	dominant_mean_ploidy	high_3_to_5pct	0.9428571428571428
seed463	ST	dominant_mean_ploidy	high_3_to_5pct	0.8637362637362638
seed464	ST	dominant_mean_ploidy	high_3_to_5pct	0.8769230769230769
seed465	ST	dominant_mean_ploidy	high_3_to_5pct	0.9252747252747253
seed466	ST	dominant_mean_ploidy	high_3_to_5pct	0.4681318681318682
seed467	ST	dominant_mean_ploidy	high_3_to_5pct	0.9340659340659341
seed468	ST	dominant_mean_ploidy	high_3_to_5pct	0.9296703296703297
seed469	ST	dominant_mean_ploidy	high_3_to_5pct	0.7978021978021977
seed470	ST	dominant_mean_ploidy	high_3_to_5pct	0.7890109890109891
seed471	ST	dominant_mean_ploidy	high_3_to_5pct	0.7978021978021977
seed472	ST	dominant_mean_ploidy	high_3_to_5pct	0.767032967032967
seed473	ST	dominant_mean_ploidy	high_3_to_5pct	0.6483516483516484
seed474	ST	dominant_mean_ploidy	high_3_to_5pct	0.3758241758241759
seed475	ST	dominant_mean_ploidy	high_3_to_5pct	0.8065934065934066
seed476	ST	dominant_mean_ploidy	high_3_to_5pct	0.9032967032967033
seed477	ST	dominant_mean_ploidy	high_3_to_5pct	0.8857142857142857
seed478	ST	dominant_mean_ploidy	high_3_to_5pct	0.6175824175824175
seed479	ST	dominant_mean_ploidy	high_3_to_5pct	0.4813186813186813
seed480	ST	dominant_mean_ploidy	high_3_to_5pct	0.9296703296703297
seed481	ST	dominant_mean_ploidy	high_3_to_5pct	0.7406593406593407
seed482	ST	dominant_mean_ploidy	high_3_to_5pct	0.8945054945054945
seed483	ST	dominant_mean_ploidy	high_3_to_5pct	0.832967032967033
seed484	ST	dominant_mean_ploidy	high_3_to_5pct	0.832967032967033
seed485	ST	dominant_mean_ploidy	high_3_to_5pct	0.8417582417582418
seed486	ST	dominant_mean_ploidy	high_3_to_5pct	0.8549450549450549
seed487	ST	dominant_mean_ploidy	high_3_to_5pct	0.5516483516483517
seed488	ST	dominant_mean_ploidy	high_3_to_5pct	0.8241758241758241
seed489	ST	dominant_mean_ploidy	high_3_to_5pct	0.7230769230769231
seed490	ST	dominant_mean_ploidy	high_3_to_5pct	0.9604395604395607
seed491	ST	dominant_mean_ploidy	high_3_to_5pct	0.6395604395604396
seed492	ST	dominant_mean_ploidy	high_3_to_5pct	0.7714285714285714
seed493	ST	dominant_mean_ploidy	high_3_to_5pct	0.7098901098901099
seed494	ST	dominant_mean_ploidy	high_3_to_5pct	0.8197802197802198
seed495	ST	dominant_mean_ploidy	high_3_to_5pct	0.665934065934066
seed496	ST	dominant_mean_ploidy	high_3_to_5pct	0.8373626373626375
seed497	ST	dominant_mean_ploidy	high_3_to_5pct	0.7978021978021977
seed498	ST	dominant_mean_ploidy	high_3_to_5pct	0.7714285714285714
seed499	ST	dominant_mean_ploidy	high_3_to_5pct	0.8153846153846154
seed500	ST	dominant_mean_ploidy	high_3_to_5pct	0.8241758241758241
seed1	ST	dominant_growth_rate	low_0_to_1pct	0.8021978021978022
seed2	ST	dominant_growth_rate	low_0_to_1pct	0.7626373626373627
seed3	ST	dominant_growth_rate	low_0_to_1pct	0.9120879120879121
seed4	ST	dominant_growth_rate	low_0_to_1pct	0.9120879120879121
seed5	ST	dominant_growth_rate	low_0_to_1pct	0.8065934065934066
seed6	ST	dominant_growth_rate	low_0_to_1pct	0.6483516483516484
seed7	ST	dominant_growth_rate	low_0_to_1pct	0.6879120879120879
seed8	ST	dominant_growth_rate	low_0_to_1pct	0.5384615384615385
seed9	ST	dominant_growth_rate	low_0_to_1pct	0.7406593406593407
seed10	ST	dominant_growth_rate	low_0_to_1pct	0.9076923076923077
seed11	ST	dominant_growth_rate	low_0_to_1pct	0.8813186813186813
seed12	ST	dominant_growth_rate	low_0_to_1pct	0.9076923076923077
seed13	ST	dominant_growth_rate	low_0_to_1pct	0.9296703296703297
seed14	ST	dominant_growth_rate	low_0_to_1pct	0.8593406593406594
seed15	ST	dominant_growth_rate	low_0_to_1pct	0.9296703296703297
seed16	ST	dominant_growth_rate	low_0_to_1pct	0.9340659340659341
seed17	ST	dominant_growth_rate	low_0_to_1pct	0.8857142857142857
seed18	ST	dominant_growth_rate	low_0_to_1pct	0.9472527472527472
seed19	ST	dominant_growth_rate	low_0_to_1pct	0.9252747252747253
seed20	ST	dominant_growth_rate	low_0_to_1pct	0.9428571428571428
seed21	ST	dominant_growth_rate	low_0_to_1pct	0.9252747252747253
seed22	ST	dominant_growth_rate	low_0_to_1pct	0.8813186813186813
seed23	ST	dominant_growth_rate	low_0_to_1pct	0.6703296703296703
seed24	ST	dominant_growth_rate	low_0_to_1pct	0.8241758241758241
seed25	ST	dominant_growth_rate	low_0_to_1pct	0.9164835164835166
seed26	ST	dominant_growth_rate	low_0_to_1pct	0.7274725274725276
seed27	ST	dominant_growth_rate	low_0_to_1pct	0.8637362637362638
seed28	ST	dominant_growth_rate	low_0_to_1pct	0.7714285714285714
seed29	ST	dominant_growth_rate	low_0_to_1pct	0.8945054945054945
seed30	ST	dominant_growth_rate	low_0_to_1pct	0.767032967032967
seed31	ST	dominant_growth_rate	low_0_to_1pct	0.7978021978021977
seed32	ST	dominant_growth_rate	low_0_to_1pct	0.8769230769230769
seed33	ST	dominant_growth_rate	low_0_to_1pct	0.8285714285714285
seed34	ST	dominant_growth_rate	low_0_to_1pct	0.8109890109890111
seed35	ST	dominant_growth_rate	low_0_to_1pct	0.8197802197802198
seed36	ST	dominant_growth_rate	low_0_to_1pct	0.6791208791208792
seed37	ST	dominant_growth_rate	low_0_to_1pct	0.9692307692307693
seed38	ST	dominant_growth_rate	low_0_to_1pct	0.9252747252747253
seed39	ST	dominant_growth_rate	low_0_to_1pct	0.8461538461538461
seed40	ST	dominant_growth_rate	low_0_to_1pct	0.8153846153846154
seed41	ST	dominant_growth_rate	low_0_to_1pct	0.8769230769230769
seed42	ST	dominant_growth_rate	low_0_to_1pct	0.8505494505494505
seed43	ST	dominant_growth_rate	low_0_to_1pct	0.9428571428571428
seed44	ST	dominant_growth_rate	low_0_to_1pct	0.8681318681318682
seed45	ST	dominant_growth_rate	low_0_to_1pct	0.745054945054945
seed46	ST	dominant_growth_rate	low_0_to_1pct	0.6527472527472528
seed47	ST	dominant_growth_rate	low_0_to_1pct	0.9164835164835166
seed48	ST	dominant_growth_rate	low_0_to_1pct	0.47252747252747257
seed49	ST	dominant_growth_rate	low_0_to_1pct	0.8637362637362638
seed50	ST	dominant_growth_rate	low_0_to_1pct	0.9252747252747253
seed51	ST	dominant_growth_rate	low_0_to_1pct	0.9164835164835166
seed52	ST	dominant_growth_rate	low_0_to_1pct	0.8065934065934066
seed53	ST	dominant_growth_rate	low_0_to_1pct	0.9208791208791209
seed54	ST	dominant_growth_rate	low_0_to_1pct	0.9516483516483516
seed55	ST	dominant_growth_rate	low_0_to_1pct	0.9340659340659341
seed56	ST	dominant_growth_rate	low_0_to_1pct	0.9164835164835166
seed57	ST	dominant_growth_rate	low_0_to_1pct	0.5736263736263736
seed58	ST	dominant_growth_rate	low_0_to_1pct	0.9824175824175824
seed59	ST	dominant_growth_rate	low_0_to_1pct	0.3934065934065934
seed60	ST	dominant_growth_rate	low_0_to_1pct	0.9340659340659341
seed61	ST	dominant_growth_rate	low_0_to_1pct	0.8989010989010989
seed62	ST	dominant_growth_rate	low_0_to_1pct	0.6703296703296703
seed63	ST	dominant_growth_rate	low_0_to_1pct	0.9604395604395607
seed64	ST	dominant_growth_rate	low_0_to_1pct	0.8989010989010989
seed65	ST	dominant_growth_rate	low_0_to_1pct	0.956043956043956
seed66	ST	dominant_growth_rate	low_0_to_1pct	0.8461538461538461
seed67	ST	dominant_growth_rate	low_0_to_1pct	0.9340659340659341
seed68	ST	dominant_growth_rate	low_0_to_1pct	0.6483516483516484
seed69	ST	dominant_growth_rate	low_0_to_1pct	0.7978021978021977
seed70	ST	dominant_growth_rate	low_0_to_1pct	0.8417582417582418
seed71	ST	dominant_growth_rate	low_0_to_1pct	0.8021978021978022
seed72	ST	dominant_growth_rate	low_0_to_1pct	0.7582417582417583
seed73	ST	dominant_growth_rate	low_0_to_1pct	0.8901098901098902
seed74	ST	dominant_growth_rate	low_0_to_1pct	0.8153846153846154
seed75	ST	dominant_growth_rate	low_0_to_1pct	0.9032967032967033
seed76	ST	dominant_growth_rate	low_0_to_1pct	0.8857142857142857
seed77	ST	dominant_growth_rate	low_0_to_1pct	0.9296703296703297
seed78	ST	dominant_growth_rate	low_0_to_1pct	0.5780219780219781
seed79	ST	dominant_growth_rate	low_0_to_1pct	0.5692307692307692
seed80	ST	dominant_growth_rate	low_0_to_1pct	0.8945054945054945
seed81	ST	dominant_growth_rate	low_0_to_1pct	0.8813186813186813
seed82	ST	dominant_growth_rate	low_0_to_1pct	0.6967032967032967
seed83	ST	dominant_growth_rate	low_0_to_1pct	0.9076923076923077
seed84	ST	dominant_growth_rate	low_0_to_1pct	0.8857142857142857
seed85	ST	dominant_growth_rate	low_0_to_1pct	0.9032967032967033
seed86	ST	dominant_growth_rate	low_0_to_1pct	0.5692307692307692
seed87	ST	dominant_growth_rate	low_0_to_1pct	0.7626373626373627
seed88	ST	dominant_growth_rate	low_0_to_1pct	0.9076923076923077
seed89	ST	dominant_growth_rate	low_0_to_1pct	0.9120879120879121
seed90	ST	dominant_growth_rate	low_0_to_1pct	0.665934065934066
seed91	ST	dominant_growth_rate	low_0_to_1pct	0.8637362637362638
seed92	ST	dominant_growth_rate	low_0_to_1pct	0.9164835164835166
seed93	ST	dominant_growth_rate	low_0_to_1pct	0.956043956043956
seed94	ST	dominant_growth_rate	low_0_to_1pct	0.9208791208791209
seed95	ST	dominant_growth_rate	low_0_to_1pct	0.9384615384615385
seed96	ST	dominant_growth_rate	low_0_to_1pct	0.9824175824175824
seed97	ST	dominant_growth_rate	low_0_to_1pct	0.8945054945054945
seed98	ST	dominant_growth_rate	low_0_to_1pct	0.9164835164835166
seed99	ST	dominant_growth_rate	low_0_to_1pct	0.8065934065934066
seed100	ST	dominant_growth_rate	low_0_to_1pct	0.6131868131868132
seed101	ST	dominant_growth_rate	low_0_to_1pct	0.8549450549450549
seed102	ST	dominant_growth_rate	low_0_to_1pct	0.9120879120879121
seed103	ST	dominant_growth_rate	low_0_to_1pct	0.6703296703296703
seed104	ST	dominant_growth_rate	low_0_to_1pct	0.6483516483516484
seed105	ST	dominant_growth_rate	low_0_to_1pct	0.8945054945054945
seed106	ST	dominant_growth_rate	low_0_to_1pct	0.9252747252747253
seed107	ST	dominant_growth_rate	low_0_to_1pct	0.5384615384615385
seed108	ST	dominant_growth_rate	low_0_to_1pct	0.8945054945054945
seed109	ST	dominant_growth_rate	low_0_to_1pct	0.8857142857142857
seed110	ST	dominant_growth_rate	low_0_to_1pct	0.8461538461538461
seed111	ST	dominant_growth_rate	low_0_to_1pct	0.45494505494505494
seed112	ST	dominant_growth_rate	low_0_to_1pct	0.8901098901098902
seed113	ST	dominant_growth_rate	low_0_to_1pct	0.8989010989010989
seed114	ST	dominant_growth_rate	low_0_to_1pct	0.9296703296703297
seed115	ST	dominant_growth_rate	low_0_to_1pct	0.9076923076923077
seed116	ST	dominant_growth_rate	low_0_to_1pct	0.6483516483516484
seed117	ST	dominant_growth_rate	low_0_to_1pct	0.8153846153846154
seed118	ST	dominant_growth_rate	low_0_to_1pct	0.9340659340659341
seed119	ST	dominant_growth_rate	low_0_to_1pct	0.6835164835164835
seed120	ST	dominant_growth_rate	low_0_to_1pct	0.9296703296703297
seed121	ST	dominant_growth_rate	low_0_to_1pct	0.9120879120879121
seed122	ST	dominant_growth_rate	low_0_to_1pct	0.2175824175824176
seed123	ST	dominant_growth_rate	low_0_to_1pct	0.9208791208791209
seed124	ST	dominant_growth_rate	low_0_to_1pct	0.8945054945054945
seed125	ST	dominant_growth_rate	low_0_to_1pct	0.9120879120879121
seed126	ST	dominant_growth_rate	low_0_to_1pct	0.9340659340659341
seed127	ST	dominant_growth_rate	low_0_to_1pct	0.7538461538461538
seed128	ST	dominant_growth_rate	low_0_to_1pct	0.6483516483516484
seed129	ST	dominant_growth_rate	low_0_to_1pct	0.26153846153846155
seed130	ST	dominant_growth_rate	low_0_to_1pct	0.8901098901098902
seed131	ST	dominant_growth_rate	low_0_to_1pct	0.8945054945054945
seed132	ST	dominant_growth_rate	low_0_to_1pct	0.8725274725274725
seed133	ST	dominant_growth_rate	low_0_to_1pct	0.9516483516483516
seed134	ST	dominant_growth_rate	low_0_to_1pct	0.8021978021978022
seed135	ST	dominant_growth_rate	low_0_to_1pct	0.9428571428571428
seed136	ST	dominant_growth_rate	low_0_to_1pct	0.5208791208791209
seed137	ST	dominant_growth_rate	low_0_to_1pct	0.7934065934065934
seed138	ST	dominant_growth_rate	low_0_to_1pct	0.5120879120879122
seed139	ST	dominant_growth_rate	low_0_to_1pct	0.6967032967032967
seed140	ST	dominant_growth_rate	low_0_to_1pct	0.9164835164835166
seed141	ST	dominant_growth_rate	low_0_to_1pct	0.8681318681318682
seed142	ST	dominant_growth_rate	low_0_to_1pct	0.8945054945054945
seed143	ST	dominant_growth_rate	low_0_to_1pct	0.745054945054945
seed144	ST	dominant_growth_rate	low_0_to_1pct	0.9340659340659341
seed145	ST	dominant_growth_rate	low_0_to_1pct	0.9428571428571428
seed146	ST	dominant_growth_rate	low_0_to_1pct	0.9736263736263736
seed147	ST	dominant_growth_rate	low_0_to_1pct	0.5780219780219781
seed148	ST	dominant_growth_rate	low_0_to_1pct	0.6131868131868132
seed149	ST	dominant_growth_rate	low_0_to_1pct	0.9472527472527472
seed150	ST	dominant_growth_rate	low_0_to_1pct	0.8241758241758241
seed151	ST	dominant_growth_rate	low_0_to_1pct	0.9032967032967033
seed152	ST	dominant_growth_rate	low_0_to_1pct	0.9340659340659341
seed153	ST	dominant_growth_rate	low_0_to_1pct	0.8901098901098902
seed154	ST	dominant_growth_rate	low_0_to_1pct	0.9252747252747253
seed155	ST	dominant_growth_rate	low_0_to_1pct	0.8417582417582418
seed156	ST	dominant_growth_rate	low_0_to_1pct	0.8417582417582418
seed157	ST	dominant_growth_rate	low_0_to_1pct	0.8285714285714285
seed158	ST	dominant_growth_rate	low_0_to_1pct	0.8505494505494505
seed159	ST	dominant_growth_rate	low_0_to_1pct	0.8637362637362638
seed160	ST	dominant_growth_rate	low_0_to_1pct	0.8461538461538461
seed161	ST	dominant_growth_rate	low_0_to_1pct	0.9472527472527472
seed162	ST	dominant_growth_rate	low_0_to_1pct	0.8681318681318682
seed163	ST	dominant_growth_rate	low_0_to_1pct	0.9076923076923077
seed164	ST	dominant_growth_rate	low_0_to_1pct	0.8681318681318682
seed165	ST	dominant_growth_rate	low_0_to_1pct	0.5824175824175825
seed166	ST	dominant_growth_rate	low_0_to_1pct	0.45494505494505494
seed167	ST	dominant_growth_rate	low_0_to_1pct	0.8681318681318682
seed168	ST	dominant_growth_rate	low_0_to_1pct	0.8505494505494505
seed169	ST	dominant_growth_rate	low_0_to_1pct	0.8461538461538461
seed170	ST	dominant_growth_rate	low_0_to_1pct	0.9208791208791209
seed171	ST	dominant_growth_rate	low_0_to_1pct	0.9648351648351648
seed172	ST	dominant_growth_rate	low_0_to_1pct	0.6175824175824175
seed173	ST	dominant_growth_rate	low_0_to_1pct	0.9692307692307693
seed174	ST	dominant_growth_rate	low_0_to_1pct	0.5120879120879122
seed175	ST	dominant_growth_rate	low_0_to_1pct	0.8945054945054945
seed176	ST	dominant_growth_rate	low_0_to_1pct	0.9516483516483516
seed177	ST	dominant_growth_rate	low_0_to_1pct	0.7890109890109891
seed178	ST	dominant_growth_rate	low_0_to_1pct	0.8549450549450549
seed179	ST	dominant_growth_rate	low_0_to_1pct	0.8989010989010989
seed180	ST	dominant_growth_rate	low_0_to_1pct	0.8681318681318682
seed181	ST	dominant_growth_rate	low_0_to_1pct	0.7010989010989012
seed182	ST	dominant_growth_rate	low_0_to_1pct	0.7318681318681319
seed183	ST	dominant_growth_rate	low_0_to_1pct	0.9384615384615385
seed184	ST	dominant_growth_rate	low_0_to_1pct	0.7758241758241758
seed185	ST	dominant_growth_rate	low_0_to_1pct	0.9384615384615385
seed186	ST	dominant_growth_rate	low_0_to_1pct	0.8593406593406594
seed187	ST	dominant_growth_rate	low_0_to_1pct	0.8285714285714285
seed188	ST	dominant_growth_rate	low_0_to_1pct	0.7362637362637363
seed189	ST	dominant_growth_rate	low_0_to_1pct	0.8593406593406594
seed190	ST	dominant_growth_rate	low_0_to_1pct	0.8989010989010989
seed191	ST	dominant_growth_rate	low_0_to_1pct	0.8989010989010989
seed192	ST	dominant_growth_rate	low_0_to_1pct	0.9384615384615385
seed193	ST	dominant_growth_rate	low_0_to_1pct	0.9428571428571428
seed194	ST	dominant_growth_rate	low_0_to_1pct	0.6175824175824175
seed195	ST	dominant_growth_rate	low_0_to_1pct	0.9076923076923077
seed196	ST	dominant_growth_rate	low_0_to_1pct	0.8373626373626375
seed197	ST	dominant_growth_rate	low_0_to_1pct	0.8109890109890111
seed198	ST	dominant_growth_rate	low_0_to_1pct	0.8989010989010989
seed199	ST	dominant_growth_rate	low_0_to_1pct	0.8681318681318682
seed200	ST	dominant_growth_rate	low_0_to_1pct	0.665934065934066
seed201	ST	dominant_growth_rate	low_0_to_1pct	0.8285714285714285
seed202	ST	dominant_growth_rate	low_0_to_1pct	0.9648351648351648
seed203	ST	dominant_growth_rate	low_0_to_1pct	0.9516483516483516
seed204	ST	dominant_growth_rate	low_0_to_1pct	0.7142857142857143
seed205	ST	dominant_growth_rate	low_0_to_1pct	0.8769230769230769
seed206	ST	dominant_growth_rate	low_0_to_1pct	0.956043956043956
seed207	ST	dominant_growth_rate	low_0_to_1pct	0.8945054945054945
seed208	ST	dominant_growth_rate	low_0_to_1pct	0.9868131868131869
seed209	ST	dominant_growth_rate	low_0_to_1pct	0.8505494505494505
seed210	ST	dominant_growth_rate	low_0_to_1pct	0.9472527472527472
seed211	ST	dominant_growth_rate	low_0_to_1pct	0.8153846153846154
seed212	ST	dominant_growth_rate	low_0_to_1pct	0.9296703296703297
seed213	ST	dominant_growth_rate	low_0_to_1pct	0.9648351648351648
seed214	ST	dominant_growth_rate	low_0_to_1pct	0.4769230769230769
seed215	ST	dominant_growth_rate	low_0_to_1pct	0.9384615384615385
seed216	ST	dominant_growth_rate	low_0_to_1pct	0.9648351648351648
seed217	ST	dominant_growth_rate	low_0_to_1pct	0.5208791208791209
seed218	ST	dominant_growth_rate	low_0_to_1pct	0.7098901098901099
seed219	ST	dominant_growth_rate	low_0_to_1pct	0.9296703296703297
seed220	ST	dominant_growth_rate	low_0_to_1pct	0.7802197802197802
seed221	ST	dominant_growth_rate	low_0_to_1pct	0.8681318681318682
seed222	ST	dominant_growth_rate	low_0_to_1pct	0.9428571428571428
seed223	ST	dominant_growth_rate	low_0_to_1pct	0.9604395604395607
seed224	ST	dominant_growth_rate	low_0_to_1pct	0.4241758241758242
seed225	ST	dominant_growth_rate	low_0_to_1pct	0.8417582417582418
seed226	ST	dominant_growth_rate	low_0_to_1pct	0.9296703296703297
seed227	ST	dominant_growth_rate	low_0_to_1pct	0.8989010989010989
seed228	ST	dominant_growth_rate	low_0_to_1pct	0.8901098901098902
seed229	ST	dominant_growth_rate	low_0_to_1pct	0.7406593406593407
seed230	ST	dominant_growth_rate	low_0_to_1pct	0.9164835164835166
seed231	ST	dominant_growth_rate	low_0_to_1pct	0.7230769230769231
seed232	ST	dominant_growth_rate	low_0_to_1pct	0.9252747252747253
seed233	ST	dominant_growth_rate	low_0_to_1pct	0.9208791208791209
seed234	ST	dominant_growth_rate	low_0_to_1pct	0.9780219780219781
seed235	ST	dominant_growth_rate	low_0_to_1pct	0.9604395604395607
seed236	ST	dominant_growth_rate	low_0_to_1pct	0.5868131868131868
seed237	ST	dominant_growth_rate	low_0_to_1pct	0.9252747252747253
seed238	ST	dominant_growth_rate	low_0_to_1pct	0.9164835164835166
seed239	ST	dominant_growth_rate	low_0_to_1pct	0.8593406593406594
seed240	ST	dominant_growth_rate	low_0_to_1pct	0.9780219780219781
seed241	ST	dominant_growth_rate	low_0_to_1pct	0.8549450549450549
seed242	ST	dominant_growth_rate	low_0_to_1pct	0.9164835164835166
seed243	ST	dominant_growth_rate	low_0_to_1pct	0.6879120879120879
seed244	ST	dominant_growth_rate	low_0_to_1pct	0.8989010989010989
seed245	ST	dominant_growth_rate	low_0_to_1pct	0.5780219780219781
seed246	ST	dominant_growth_rate	low_0_to_1pct	0.7714285714285714
seed247	ST	dominant_growth_rate	low_0_to_1pct	0.8769230769230769
seed248	ST	dominant_growth_rate	low_0_to_1pct	0.8901098901098902
seed249	ST	dominant_growth_rate	low_0_to_1pct	0.5824175824175825
seed250	ST	dominant_growth_rate	low_0_to_1pct	0.8945054945054945
seed251	ST	dominant_growth_rate	low_0_to_1pct	0.9384615384615385
seed252	ST	dominant_growth_rate	low_0_to_1pct	0.9340659340659341
seed253	ST	dominant_growth_rate	low_0_to_1pct	0.8637362637362638
seed254	ST	dominant_growth_rate	low_0_to_1pct	0.8637362637362638
seed255	ST	dominant_growth_rate	low_0_to_1pct	0.8813186813186813
seed256	ST	dominant_growth_rate	low_0_to_1pct	0.8681318681318682
seed257	ST	dominant_growth_rate	low_0_to_1pct	0.5296703296703297
seed258	ST	dominant_growth_rate	low_0_to_1pct	0.8241758241758241
seed259	ST	dominant_growth_rate	low_0_to_1pct	0.8153846153846154
seed260	ST	dominant_growth_rate	low_0_to_1pct	0.832967032967033
seed261	ST	dominant_growth_rate	low_0_to_1pct	0.8285714285714285
seed262	ST	dominant_growth_rate	low_0_to_1pct	0.8505494505494505
seed263	ST	dominant_growth_rate	low_0_to_1pct	0.5472527472527472
seed264	ST	dominant_growth_rate	low_0_to_1pct	0.9032967032967033
seed265	ST	dominant_growth_rate	low_0_to_1pct	0.9076923076923077
seed266	ST	dominant_growth_rate	low_0_to_1pct	0.9296703296703297
seed267	ST	dominant_growth_rate	low_0_to_1pct	0.7494505494505495
seed268	ST	dominant_growth_rate	low_0_to_1pct	0.8901098901098902
seed269	ST	dominant_growth_rate	low_0_to_1pct	0.7758241758241758
seed270	ST	dominant_growth_rate	low_0_to_1pct	0.8241758241758241
seed271	ST	dominant_growth_rate	low_0_to_1pct	0.9428571428571428
seed272	ST	dominant_growth_rate	low_0_to_1pct	0.9296703296703297
seed273	ST	dominant_growth_rate	low_0_to_1pct	0.832967032967033
seed274	ST	dominant_growth_rate	low_0_to_1pct	0.6351648351648352
seed275	ST	dominant_growth_rate	low_0_to_1pct	0.9164835164835166
seed276	ST	dominant_growth_rate	low_0_to_1pct	0.8813186813186813
seed277	ST	dominant_growth_rate	low_0_to_1pct	0.7186813186813187
seed278	ST	dominant_growth_rate	low_0_to_1pct	0.9032967032967033
seed279	ST	dominant_growth_rate	low_0_to_1pct	0.9032967032967033
seed280	ST	dominant_growth_rate	low_0_to_1pct	0.8813186813186813
seed281	ST	dominant_growth_rate	low_0_to_1pct	0.8241758241758241
seed282	ST	dominant_growth_rate	low_0_to_1pct	0.9252747252747253
seed283	ST	dominant_growth_rate	low_0_to_1pct	0.6791208791208792
seed284	ST	dominant_growth_rate	low_0_to_1pct	0.5252747252747253
seed285	ST	dominant_growth_rate	low_0_to_1pct	0.5648351648351648
seed286	ST	dominant_growth_rate	low_0_to_1pct	0.9076923076923077
seed287	ST	dominant_growth_rate	low_0_to_1pct	0.8681318681318682
seed288	ST	dominant_growth_rate	low_0_to_1pct	0.7978021978021977
seed289	ST	dominant_growth_rate	low_0_to_1pct	0.8241758241758241
seed290	ST	dominant_growth_rate	low_0_to_1pct	0.767032967032967
seed291	ST	dominant_growth_rate	low_0_to_1pct	0.8945054945054945
seed292	ST	dominant_growth_rate	low_0_to_1pct	0.9516483516483516
seed293	ST	dominant_growth_rate	low_0_to_1pct	0.9296703296703297
seed294	ST	dominant_growth_rate	low_0_to_1pct	0.6483516483516484
seed295	ST	dominant_growth_rate	low_0_to_1pct	0.9780219780219781
seed296	ST	dominant_growth_rate	low_0_to_1pct	0.8989010989010989
seed297	ST	dominant_growth_rate	low_0_to_1pct	0.8945054945054945
seed298	ST	dominant_growth_rate	low_0_to_1pct	0.956043956043956
seed299	ST	dominant_growth_rate	low_0_to_1pct	0.9120879120879121
seed300	ST	dominant_growth_rate	low_0_to_1pct	0.8989010989010989
seed301	ST	dominant_growth_rate	low_0_to_1pct	0.8813186813186813
seed302	ST	dominant_growth_rate	low_0_to_1pct	0.8637362637362638
seed303	ST	dominant_growth_rate	low_0_to_1pct	0.5164835164835165
seed304	ST	dominant_growth_rate	low_0_to_1pct	0.8989010989010989
seed305	ST	dominant_growth_rate	low_0_to_1pct	0.6879120879120879
seed306	ST	dominant_growth_rate	low_0_to_1pct	0.8637362637362638
seed307	ST	dominant_growth_rate	low_0_to_1pct	0.5120879120879122
seed308	ST	dominant_growth_rate	low_0_to_1pct	0.9208791208791209
seed309	ST	dominant_growth_rate	low_0_to_1pct	0.9120879120879121
seed310	ST	dominant_growth_rate	low_0_to_1pct	0.9252747252747253
seed311	ST	dominant_growth_rate	low_0_to_1pct	0.8945054945054945
seed312	ST	dominant_growth_rate	low_0_to_1pct	0.7890109890109891
seed313	ST	dominant_growth_rate	low_0_to_1pct	0.956043956043956
seed314	ST	dominant_growth_rate	low_0_to_1pct	0.9340659340659341
seed315	ST	dominant_growth_rate	low_0_to_1pct	0.7054945054945055
seed316	ST	dominant_growth_rate	low_0_to_1pct	0.6307692307692307
seed317	ST	dominant_growth_rate	low_0_to_1pct	0.7318681318681319
seed318	ST	dominant_growth_rate	low_0_to_1pct	0.9032967032967033
seed319	ST	dominant_growth_rate	low_0_to_1pct	0.8769230769230769
seed320	ST	dominant_growth_rate	low_0_to_1pct	0.8153846153846154
seed321	ST	dominant_growth_rate	low_0_to_1pct	0.8021978021978022
seed322	ST	dominant_growth_rate	low_0_to_1pct	0.8065934065934066
seed323	ST	dominant_growth_rate	low_0_to_1pct	0.9076923076923077
seed324	ST	dominant_growth_rate	low_0_to_1pct	0.8109890109890111
seed325	ST	dominant_growth_rate	low_0_to_1pct	0.9472527472527472
seed326	ST	dominant_growth_rate	low_0_to_1pct	0.7230769230769231
seed327	ST	dominant_growth_rate	low_0_to_1pct	0.665934065934066
seed328	ST	dominant_growth_rate	low_0_to_1pct	0.6747252747252748
seed329	ST	dominant_growth_rate	low_0_to_1pct	0.6835164835164835
seed330	ST	dominant_growth_rate	low_0_to_1pct	0.9120879120879121
seed331	ST	dominant_growth_rate	low_0_to_1pct	0.8725274725274725
seed332	ST	dominant_growth_rate	low_0_to_1pct	0.9076923076923077
seed333	ST	dominant_growth_rate	low_0_to_1pct	0.8813186813186813
seed334	ST	dominant_growth_rate	low_0_to_1pct	0.9428571428571428
seed335	ST	dominant_growth_rate	low_0_to_1pct	0.7802197802197802
seed336	ST	dominant_growth_rate	low_0_to_1pct	0.9428571428571428
seed337	ST	dominant_growth_rate	low_0_to_1pct	0.9164835164835166
seed338	ST	dominant_growth_rate	low_0_to_1pct	0.9384615384615385
seed339	ST	dominant_growth_rate	low_0_to_1pct	0.9516483516483516
seed340	ST	dominant_growth_rate	low_0_to_1pct	0.9208791208791209
seed341	ST	dominant_growth_rate	low_0_to_1pct	0.9120879120879121
seed342	ST	dominant_growth_rate	low_0_to_1pct	0.8681318681318682
seed343	ST	dominant_growth_rate	low_0_to_1pct	0.4769230769230769
seed344	ST	dominant_growth_rate	low_0_to_1pct	0.8637362637362638
seed345	ST	dominant_growth_rate	low_0_to_1pct	0.8857142857142857
seed346	ST	dominant_growth_rate	low_0_to_1pct	0.9120879120879121
seed347	ST	dominant_growth_rate	low_0_to_1pct	0.7362637362637363
seed348	ST	dominant_growth_rate	low_0_to_1pct	0.7626373626373627
seed349	ST	dominant_growth_rate	low_0_to_1pct	0.5208791208791209
seed350	ST	dominant_growth_rate	low_0_to_1pct	0.8637362637362638
seed351	ST	dominant_growth_rate	low_0_to_1pct	0.6747252747252748
seed352	ST	dominant_growth_rate	low_0_to_1pct	0.7582417582417583
seed353	ST	dominant_growth_rate	low_0_to_1pct	0.9780219780219781
seed354	ST	dominant_growth_rate	low_0_to_1pct	0.8197802197802198
seed355	ST	dominant_growth_rate	low_0_to_1pct	0.9340659340659341
seed356	ST	dominant_growth_rate	low_0_to_1pct	0.8901098901098902
seed357	ST	dominant_growth_rate	low_0_to_1pct	0.8637362637362638
seed358	ST	dominant_growth_rate	low_0_to_1pct	0.8461538461538461
seed359	ST	dominant_growth_rate	low_0_to_1pct	0.6615384615384616
seed360	ST	dominant_growth_rate	low_0_to_1pct	0.7494505494505495
seed361	ST	dominant_growth_rate	low_0_to_1pct	0.7758241758241758
seed362	ST	dominant_growth_rate	low_0_to_1pct	0.4901098901098901
seed363	ST	dominant_growth_rate	low_0_to_1pct	0.6571428571428571
seed364	ST	dominant_growth_rate	low_0_to_1pct	0.7142857142857143
seed365	ST	dominant_growth_rate	low_0_to_1pct	0.8637362637362638
seed366	ST	dominant_growth_rate	low_0_to_1pct	0.956043956043956
seed367	ST	dominant_growth_rate	low_0_to_1pct	0.9252747252747253
seed368	ST	dominant_growth_rate	low_0_to_1pct	0.8725274725274725
seed369	ST	dominant_growth_rate	low_0_to_1pct	0.8505494505494505
seed370	ST	dominant_growth_rate	low_0_to_1pct	0.8549450549450549
seed371	ST	dominant_growth_rate	low_0_to_1pct	0.7582417582417583
seed372	ST	dominant_growth_rate	low_0_to_1pct	0.7758241758241758
seed373	ST	dominant_growth_rate	low_0_to_1pct	0.8813186813186813
seed374	ST	dominant_growth_rate	low_0_to_1pct	0.8505494505494505
seed375	ST	dominant_growth_rate	low_0_to_1pct	0.8593406593406594
seed376	ST	dominant_growth_rate	low_0_to_1pct	0.7230769230769231
seed377	ST	dominant_growth_rate	low_0_to_1pct	0.8241758241758241
seed378	ST	dominant_growth_rate	low_0_to_1pct	0.8769230769230769
seed379	ST	dominant_growth_rate	low_0_to_1pct	0.8593406593406594
seed380	ST	dominant_growth_rate	low_0_to_1pct	0.8769230769230769
seed381	ST	dominant_growth_rate	low_0_to_1pct	0.9032967032967033
seed382	ST	dominant_growth_rate	low_0_to_1pct	0.7626373626373627
seed383	ST	dominant_growth_rate	low_0_to_1pct	0.9296703296703297
seed384	ST	dominant_growth_rate	low_0_to_1pct	0.9032967032967033
seed385	ST	dominant_growth_rate	low_0_to_1pct	0.8901098901098902
seed386	ST	dominant_growth_rate	low_0_to_1pct	0.9692307692307693
seed387	ST	dominant_growth_rate	low_0_to_1pct	0.8461538461538461
seed388	ST	dominant_growth_rate	low_0_to_1pct	0.9076923076923077
seed389	ST	dominant_growth_rate	low_0_to_1pct	0.8197802197802198
seed390	ST	dominant_growth_rate	low_0_to_1pct	0.7010989010989012
seed391	ST	dominant_growth_rate	low_0_to_1pct	0.48571428571428577
seed392	ST	dominant_growth_rate	low_0_to_1pct	0.665934065934066
seed393	ST	dominant_growth_rate	low_0_to_1pct	0.9252747252747253
seed394	ST	dominant_growth_rate	low_0_to_1pct	0.8769230769230769
seed395	ST	dominant_growth_rate	low_0_to_1pct	0.8989010989010989
seed396	ST	dominant_growth_rate	low_0_to_1pct	0.8153846153846154
seed397	ST	dominant_growth_rate	low_0_to_1pct	0.7934065934065934
seed398	ST	dominant_growth_rate	low_0_to_1pct	0.8197802197802198
seed399	ST	dominant_growth_rate	low_0_to_1pct	0.8241758241758241
seed400	ST	dominant_growth_rate	low_0_to_1pct	0.8021978021978022
seed401	ST	dominant_growth_rate	low_0_to_1pct	0.8549450549450549
seed402	ST	dominant_growth_rate	low_0_to_1pct	0.6043956043956044
seed403	ST	dominant_growth_rate	low_0_to_1pct	0.9648351648351648
seed404	ST	dominant_growth_rate	low_0_to_1pct	0.8373626373626375
seed405	ST	dominant_growth_rate	low_0_to_1pct	0.6835164835164835
seed406	ST	dominant_growth_rate	low_0_to_1pct	0.8197802197802198
seed407	ST	dominant_growth_rate	low_0_to_1pct	0.5912087912087912
seed408	ST	dominant_growth_rate	low_0_to_1pct	0.9428571428571428
seed409	ST	dominant_growth_rate	low_0_to_1pct	0.8637362637362638
seed410	ST	dominant_growth_rate	low_0_to_1pct	0.9120879120879121
seed411	ST	dominant_growth_rate	low_0_to_1pct	0.8681318681318682
seed412	ST	dominant_growth_rate	low_0_to_1pct	0.4945054945054946
seed413	ST	dominant_growth_rate	low_0_to_1pct	0.6483516483516484
seed414	ST	dominant_growth_rate	low_0_to_1pct	0.9340659340659341
seed415	ST	dominant_growth_rate	low_0_to_1pct	0.8549450549450549
seed416	ST	dominant_growth_rate	low_0_to_1pct	0.956043956043956
seed417	ST	dominant_growth_rate	low_0_to_1pct	0.7582417582417583
seed418	ST	dominant_growth_rate	low_0_to_1pct	0.8813186813186813
seed419	ST	dominant_growth_rate	low_0_to_1pct	0.8901098901098902
seed420	ST	dominant_growth_rate	low_0_to_1pct	0.6395604395604396
seed421	ST	dominant_growth_rate	low_0_to_1pct	0.6835164835164835
seed422	ST	dominant_growth_rate	low_0_to_1pct	0.8417582417582418
seed423	ST	dominant_growth_rate	low_0_to_1pct	0.7626373626373627
seed424	ST	dominant_growth_rate	low_0_to_1pct	0.9208791208791209
seed425	ST	dominant_growth_rate	low_0_to_1pct	0.6923076923076923
seed426	ST	dominant_growth_rate	low_0_to_1pct	0.5384615384615385
seed427	ST	dominant_growth_rate	low_0_to_1pct	0.5384615384615385
seed428	ST	dominant_growth_rate	low_0_to_1pct	0.9604395604395607
seed429	ST	dominant_growth_rate	low_0_to_1pct	0.9252747252747253
seed430	ST	dominant_growth_rate	low_0_to_1pct	0.7318681318681319
seed431	ST	dominant_growth_rate	low_0_to_1pct	0.7758241758241758
seed432	ST	dominant_growth_rate	low_0_to_1pct	0.6791208791208792
seed433	ST	dominant_growth_rate	low_0_to_1pct	0.7406593406593407
seed434	ST	dominant_growth_rate	low_0_to_1pct	0.767032967032967
seed435	ST	dominant_growth_rate	low_0_to_1pct	0.9164835164835166
seed436	ST	dominant_growth_rate	low_0_to_1pct	0.3758241758241759
seed437	ST	dominant_growth_rate	low_0_to_1pct	0.8769230769230769
seed438	ST	dominant_growth_rate	low_0_to_1pct	0.7758241758241758
seed439	ST	dominant_growth_rate	low_0_to_1pct	0.9252747252747253
seed440	ST	dominant_growth_rate	low_0_to_1pct	0.8813186813186813
seed441	ST	dominant_growth_rate	low_0_to_1pct	0.9164835164835166
seed442	ST	dominant_growth_rate	low_0_to_1pct	0.8285714285714285
seed443	ST	dominant_growth_rate	low_0_to_1pct	0.9648351648351648
seed444	ST	dominant_growth_rate	low_0_to_1pct	0.9516483516483516
seed445	ST	dominant_growth_rate	low_0_to_1pct	0.832967032967033
seed446	ST	dominant_growth_rate	low_0_to_1pct	0.8373626373626375
seed447	ST	dominant_growth_rate	low_0_to_1pct	0.9384615384615385
seed448	ST	dominant_growth_rate	low_0_to_1pct	0.4813186813186813
seed449	ST	dominant_growth_rate	low_0_to_1pct	0.9692307692307693
seed450	ST	dominant_growth_rate	low_0_to_1pct	0.8241758241758241
seed451	ST	dominant_growth_rate	low_0_to_1pct	0.8725274725274725
seed452	ST	dominant_growth_rate	low_0_to_1pct	0.8549450549450549
seed453	ST	dominant_growth_rate	low_0_to_1pct	0.9296703296703297
seed454	ST	dominant_growth_rate	low_0_to_1pct	0.6923076923076923
seed455	ST	dominant_growth_rate	low_0_to_1pct	0.5692307692307692
seed456	ST	dominant_growth_rate	low_0_to_1pct	0.8021978021978022
seed457	ST	dominant_growth_rate	low_0_to_1pct	0.7714285714285714
seed458	ST	dominant_growth_rate	low_0_to_1pct	0.8153846153846154
seed459	ST	dominant_growth_rate	low_0_to_1pct	0.9296703296703297
seed460	ST	dominant_growth_rate	low_0_to_1pct	0.9340659340659341
seed461	ST	dominant_growth_rate	low_0_to_1pct	0.832967032967033
seed462	ST	dominant_growth_rate	low_0_to_1pct	0.9472527472527472
seed463	ST	dominant_growth_rate	low_0_to_1pct	0.9428571428571428
seed464	ST	dominant_growth_rate	low_0_to_1pct	0.8857142857142857
seed465	ST	dominant_growth_rate	low_0_to_1pct	0.8989010989010989
seed466	ST	dominant_growth_rate	low_0_to_1pct	0.9032967032967033
seed467	ST	dominant_growth_rate	low_0_to_1pct	0.8901098901098902
seed468	ST	dominant_growth_rate	low_0_to_1pct	0.9428571428571428
seed469	ST	dominant_growth_rate	low_0_to_1pct	0.8725274725274725
seed470	ST	dominant_growth_rate	low_0_to_1pct	0.8285714285714285
seed471	ST	dominant_growth_rate	low_0_to_1pct	0.6835164835164835
seed472	ST	dominant_growth_rate	low_0_to_1pct	0.9340659340659341
seed473	ST	dominant_growth_rate	low_0_to_1pct	0.7274725274725276
seed474	ST	dominant_growth_rate	low_0_to_1pct	0.9384615384615385
seed475	ST	dominant_growth_rate	low_0_to_1pct	0.7494505494505495
seed476	ST	dominant_growth_rate	low_0_to_1pct	0.8901098901098902
seed477	ST	dominant_growth_rate	low_0_to_1pct	0.9208791208791209
seed478	ST	dominant_growth_rate	low_0_to_1pct	0.7230769230769231
seed479	ST	dominant_growth_rate	low_0_to_1pct	0.9032967032967033
seed480	ST	dominant_growth_rate	low_0_to_1pct	0.8857142857142857
seed481	ST	dominant_growth_rate	low_0_to_1pct	0.7406593406593407
seed482	ST	dominant_growth_rate	low_0_to_1pct	0.9428571428571428
seed483	ST	dominant_growth_rate	low_0_to_1pct	0.8725274725274725
seed484	ST	dominant_growth_rate	low_0_to_1pct	0.8109890109890111
seed485	ST	dominant_growth_rate	low_0_to_1pct	0.7978021978021977
seed486	ST	dominant_growth_rate	low_0_to_1pct	0.8109890109890111
seed487	ST	dominant_growth_rate	low_0_to_1pct	0.8285714285714285
seed488	ST	dominant_growth_rate	low_0_to_1pct	0.9120879120879121
seed489	ST	dominant_growth_rate	low_0_to_1pct	0.9340659340659341
seed490	ST	dominant_growth_rate	low_0_to_1pct	0.8725274725274725
seed491	ST	dominant_growth_rate	low_0_to_1pct	0.6703296703296703
seed492	ST	dominant_growth_rate	low_0_to_1pct	0.6967032967032967
seed493	ST	dominant_growth_rate	low_0_to_1pct	0.7274725274725276
seed494	ST	dominant_growth_rate	low_0_to_1pct	0.9076923076923077
seed495	ST	dominant_growth_rate	low_0_to_1pct	0.6439560439560439
seed496	ST	dominant_growth_rate	low_0_to_1pct	0.3934065934065934
seed497	ST	dominant_growth_rate	low_0_to_1pct	0.8241758241758241
seed498	ST	dominant_growth_rate	low_0_to_1pct	0.7934065934065934
seed499	ST	dominant_growth_rate	low_0_to_1pct	0.9076923076923077
seed500	ST	dominant_growth_rate	low_0_to_1pct	0.745054945054945
seed1	ST	dominant_growth_rate	high_3_to_5pct	0.6923076923076923
seed2	ST	dominant_growth_rate	high_3_to_5pct	0.5032967032967033
seed3	ST	dominant_growth_rate	high_3_to_5pct	0.9076923076923077
seed4	ST	dominant_growth_rate	high_3_to_5pct	0.8241758241758241
seed5	ST	dominant_growth_rate	high_3_to_5pct	0.8373626373626375
seed6	ST	dominant_growth_rate	high_3_to_5pct	0.6835164835164835
seed7	ST	dominant_growth_rate	high_3_to_5pct	0.8681318681318682
seed8	ST	dominant_growth_rate	high_3_to_5pct	0.9208791208791209
seed9	ST	dominant_growth_rate	high_3_to_5pct	0.7054945054945055
seed10	ST	dominant_growth_rate	high_3_to_5pct	0.8989010989010989
seed11	ST	dominant_growth_rate	high_3_to_5pct	0.8857142857142857
seed12	ST	dominant_growth_rate	high_3_to_5pct	0.9384615384615385
seed13	ST	dominant_growth_rate	high_3_to_5pct	0.7626373626373627
seed14	ST	dominant_growth_rate	high_3_to_5pct	0.8681318681318682
seed15	ST	dominant_growth_rate	high_3_to_5pct	0.9604395604395607
seed16	ST	dominant_growth_rate	high_3_to_5pct	0.8461538461538461
seed17	ST	dominant_growth_rate	high_3_to_5pct	0.8945054945054945
seed18	ST	dominant_growth_rate	high_3_to_5pct	0.6351648351648352
seed19	ST	dominant_growth_rate	high_3_to_5pct	0.7846153846153847
seed20	ST	dominant_growth_rate	high_3_to_5pct	0.956043956043956
seed21	ST	dominant_growth_rate	high_3_to_5pct	0.3802197802197802
seed22	ST	dominant_growth_rate	high_3_to_5pct	0.956043956043956
seed23	ST	dominant_growth_rate	high_3_to_5pct	0.8681318681318682
seed24	ST	dominant_growth_rate	high_3_to_5pct	0.8769230769230769
seed25	ST	dominant_growth_rate	high_3_to_5pct	0.8285714285714285
seed26	ST	dominant_growth_rate	high_3_to_5pct	0.8109890109890111
seed27	ST	dominant_growth_rate	high_3_to_5pct	0.8417582417582418
seed28	ST	dominant_growth_rate	high_3_to_5pct	0.5604395604395604
seed29	ST	dominant_growth_rate	high_3_to_5pct	0.8857142857142857
seed30	ST	dominant_growth_rate	high_3_to_5pct	0.9032967032967033
seed31	ST	dominant_growth_rate	high_3_to_5pct	0.8021978021978022
seed32	ST	dominant_growth_rate	high_3_to_5pct	0.7934065934065934
seed33	ST	dominant_growth_rate	high_3_to_5pct	0.6703296703296703
seed34	ST	dominant_growth_rate	high_3_to_5pct	0.956043956043956
seed35	ST	dominant_growth_rate	high_3_to_5pct	0.7274725274725276
seed36	ST	dominant_growth_rate	high_3_to_5pct	0.956043956043956
seed37	ST	dominant_growth_rate	high_3_to_5pct	0.8945054945054945
seed38	ST	dominant_growth_rate	high_3_to_5pct	0.7802197802197802
seed39	ST	dominant_growth_rate	high_3_to_5pct	0.7846153846153847
seed40	ST	dominant_growth_rate	high_3_to_5pct	0.8637362637362638
seed41	ST	dominant_growth_rate	high_3_to_5pct	0.8461538461538461
seed42	ST	dominant_growth_rate	high_3_to_5pct	0.8549450549450549
seed43	ST	dominant_growth_rate	high_3_to_5pct	0.8637362637362638
seed44	ST	dominant_growth_rate	high_3_to_5pct	0.8417582417582418
seed45	ST	dominant_growth_rate	high_3_to_5pct	0.8901098901098902
seed46	ST	dominant_growth_rate	high_3_to_5pct	0.9516483516483516
seed47	ST	dominant_growth_rate	high_3_to_5pct	0.7934065934065934
seed48	ST	dominant_growth_rate	high_3_to_5pct	0.5692307692307692
seed49	ST	dominant_growth_rate	high_3_to_5pct	0.9340659340659341
seed50	ST	dominant_growth_rate	high_3_to_5pct	0.9252747252747253
seed51	ST	dominant_growth_rate	high_3_to_5pct	0.9340659340659341
seed52	ST	dominant_growth_rate	high_3_to_5pct	0.8461538461538461
seed53	ST	dominant_growth_rate	high_3_to_5pct	0.6923076923076923
seed54	ST	dominant_growth_rate	high_3_to_5pct	0.7318681318681319
seed55	ST	dominant_growth_rate	high_3_to_5pct	0.7274725274725276
seed56	ST	dominant_growth_rate	high_3_to_5pct	0.8681318681318682
seed57	ST	dominant_growth_rate	high_3_to_5pct	0.6483516483516484
seed58	ST	dominant_growth_rate	high_3_to_5pct	0.8505494505494505
seed59	ST	dominant_growth_rate	high_3_to_5pct	0.5824175824175825
seed60	ST	dominant_growth_rate	high_3_to_5pct	0.7758241758241758
seed61	ST	dominant_growth_rate	high_3_to_5pct	0.5164835164835165
seed62	ST	dominant_growth_rate	high_3_to_5pct	0.8065934065934066
seed63	ST	dominant_growth_rate	high_3_to_5pct	0.7230769230769231
seed64	ST	dominant_growth_rate	high_3_to_5pct	0.9296703296703297
seed65	ST	dominant_growth_rate	high_3_to_5pct	0.8725274725274725
seed66	ST	dominant_growth_rate	high_3_to_5pct	0.3010989010989011
seed67	ST	dominant_growth_rate	high_3_to_5pct	0.9296703296703297
seed68	ST	dominant_growth_rate	high_3_to_5pct	0.7714285714285714
seed69	ST	dominant_growth_rate	high_3_to_5pct	0.9736263736263736
seed70	ST	dominant_growth_rate	high_3_to_5pct	0.9032967032967033
seed71	ST	dominant_growth_rate	high_3_to_5pct	0.9164835164835166
seed72	ST	dominant_growth_rate	high_3_to_5pct	0.5560439560439561
seed73	ST	dominant_growth_rate	high_3_to_5pct	0.9296703296703297
seed74	ST	dominant_growth_rate	high_3_to_5pct	0.7538461538461538
seed75	ST	dominant_growth_rate	high_3_to_5pct	0.8197802197802198
seed76	ST	dominant_growth_rate	high_3_to_5pct	0.9208791208791209
seed77	ST	dominant_growth_rate	high_3_to_5pct	0.9252747252747253
seed78	ST	dominant_growth_rate	high_3_to_5pct	0.5692307692307692
seed79	ST	dominant_growth_rate	high_3_to_5pct	0.9472527472527472
seed80	ST	dominant_growth_rate	high_3_to_5pct	0.8769230769230769
seed81	ST	dominant_growth_rate	high_3_to_5pct	0.8153846153846154
seed82	ST	dominant_growth_rate	high_3_to_5pct	0.7890109890109891
seed83	ST	dominant_growth_rate	high_3_to_5pct	0.8901098901098902
seed84	ST	dominant_growth_rate	high_3_to_5pct	0.8681318681318682
seed85	ST	dominant_growth_rate	high_3_to_5pct	0.8989010989010989
seed86	ST	dominant_growth_rate	high_3_to_5pct	0.8505494505494505
seed87	ST	dominant_growth_rate	high_3_to_5pct	0.9164835164835166
seed88	ST	dominant_growth_rate	high_3_to_5pct	0.8769230769230769
seed89	ST	dominant_growth_rate	high_3_to_5pct	0.7846153846153847
seed90	ST	dominant_growth_rate	high_3_to_5pct	0.6791208791208792
seed91	ST	dominant_growth_rate	high_3_to_5pct	0.7362637362637363
seed92	ST	dominant_growth_rate	high_3_to_5pct	0.9076923076923077
seed93	ST	dominant_growth_rate	high_3_to_5pct	0.956043956043956
seed94	ST	dominant_growth_rate	high_3_to_5pct	0.7758241758241758
seed95	ST	dominant_growth_rate	high_3_to_5pct	0.9340659340659341
seed96	ST	dominant_growth_rate	high_3_to_5pct	0.8857142857142857
seed97	ST	dominant_growth_rate	high_3_to_5pct	0.6351648351648352
seed98	ST	dominant_growth_rate	high_3_to_5pct	0.2175824175824176
seed99	ST	dominant_growth_rate	high_3_to_5pct	0.8989010989010989
seed100	ST	dominant_growth_rate	high_3_to_5pct	0.832967032967033
seed101	ST	dominant_growth_rate	high_3_to_5pct	0.9032967032967033
seed102	ST	dominant_growth_rate	high_3_to_5pct	0.8901098901098902
seed103	ST	dominant_growth_rate	high_3_to_5pct	0.9208791208791209
seed104	ST	dominant_growth_rate	high_3_to_5pct	0.8065934065934066
seed105	ST	dominant_growth_rate	high_3_to_5pct	0.4945054945054946
seed106	ST	dominant_growth_rate	high_3_to_5pct	0.767032967032967
seed107	ST	dominant_growth_rate	high_3_to_5pct	0.8857142857142857
seed108	ST	dominant_growth_rate	high_3_to_5pct	0.7582417582417583
seed109	ST	dominant_growth_rate	high_3_to_5pct	0.9208791208791209
seed110	ST	dominant_growth_rate	high_3_to_5pct	0.7142857142857143
seed111	ST	dominant_growth_rate	high_3_to_5pct	0.9296703296703297
seed112	ST	dominant_growth_rate	high_3_to_5pct	0.832967032967033
seed113	ST	dominant_growth_rate	high_3_to_5pct	0.8109890109890111
seed114	ST	dominant_growth_rate	high_3_to_5pct	0.8593406593406594
seed115	ST	dominant_growth_rate	high_3_to_5pct	0.6527472527472528
seed116	ST	dominant_growth_rate	high_3_to_5pct	0.8725274725274725
seed117	ST	dominant_growth_rate	high_3_to_5pct	0.9428571428571428
seed118	ST	dominant_growth_rate	high_3_to_5pct	0.7406593406593407
seed119	ST	dominant_growth_rate	high_3_to_5pct	0.8593406593406594
seed120	ST	dominant_growth_rate	high_3_to_5pct	0.956043956043956
seed121	ST	dominant_growth_rate	high_3_to_5pct	0.8901098901098902
seed122	ST	dominant_growth_rate	high_3_to_5pct	0.5736263736263736
seed123	ST	dominant_growth_rate	high_3_to_5pct	0.7626373626373627
seed124	ST	dominant_growth_rate	high_3_to_5pct	0.6923076923076923
seed125	ST	dominant_growth_rate	high_3_to_5pct	0.9648351648351648
seed126	ST	dominant_growth_rate	high_3_to_5pct	0.8989010989010989
seed127	ST	dominant_growth_rate	high_3_to_5pct	0.832967032967033
seed128	ST	dominant_growth_rate	high_3_to_5pct	0.8109890109890111
seed129	ST	dominant_growth_rate	high_3_to_5pct	0.7098901098901099
seed130	ST	dominant_growth_rate	high_3_to_5pct	0.9428571428571428
seed131	ST	dominant_growth_rate	high_3_to_5pct	0.9032967032967033
seed132	ST	dominant_growth_rate	high_3_to_5pct	0.8725274725274725
seed133	ST	dominant_growth_rate	high_3_to_5pct	0.7186813186813187
seed134	ST	dominant_growth_rate	high_3_to_5pct	0.8769230769230769
seed135	ST	dominant_growth_rate	high_3_to_5pct	0.8989010989010989
seed136	ST	dominant_growth_rate	high_3_to_5pct	0.665934065934066
seed137	ST	dominant_growth_rate	high_3_to_5pct	0.9252747252747253
seed138	ST	dominant_growth_rate	high_3_to_5pct	0.8461538461538461
seed139	ST	dominant_growth_rate	high_3_to_5pct	0.767032967032967
seed140	ST	dominant_growth_rate	high_3_to_5pct	0.9208791208791209
seed141	ST	dominant_growth_rate	high_3_to_5pct	0.8813186813186813
seed142	ST	dominant_growth_rate	high_3_to_5pct	0.7758241758241758
seed143	ST	dominant_growth_rate	high_3_to_5pct	0.8065934065934066
seed144	ST	dominant_growth_rate	high_3_to_5pct	0.7934065934065934
seed145	ST	dominant_growth_rate	high_3_to_5pct	0.8549450549450549
seed146	ST	dominant_growth_rate	high_3_to_5pct	0.7758241758241758
seed147	ST	dominant_growth_rate	high_3_to_5pct	0.4681318681318682
seed148	ST	dominant_growth_rate	high_3_to_5pct	0.8857142857142857
seed149	ST	dominant_growth_rate	high_3_to_5pct	0.9076923076923077
seed150	ST	dominant_growth_rate	high_3_to_5pct	0.7362637362637363
seed151	ST	dominant_growth_rate	high_3_to_5pct	0.7846153846153847
seed152	ST	dominant_growth_rate	high_3_to_5pct	0.832967032967033
seed153	ST	dominant_growth_rate	high_3_to_5pct	0.7054945054945055
seed154	ST	dominant_growth_rate	high_3_to_5pct	0.956043956043956
seed155	ST	dominant_growth_rate	high_3_to_5pct	0.8461538461538461
seed156	ST	dominant_growth_rate	high_3_to_5pct	0.7186813186813187
seed157	ST	dominant_growth_rate	high_3_to_5pct	0.8373626373626375
seed158	ST	dominant_growth_rate	high_3_to_5pct	0.9252747252747253
seed159	ST	dominant_growth_rate	high_3_to_5pct	0.7538461538461538
seed160	ST	dominant_growth_rate	high_3_to_5pct	0.6439560439560439
seed161	ST	dominant_growth_rate	high_3_to_5pct	0.9340659340659341
seed162	ST	dominant_growth_rate	high_3_to_5pct	0.8461538461538461
seed163	ST	dominant_growth_rate	high_3_to_5pct	0.8901098901098902
seed164	ST	dominant_growth_rate	high_3_to_5pct	0.9252747252747253
seed165	ST	dominant_growth_rate	high_3_to_5pct	0.6703296703296703
seed166	ST	dominant_growth_rate	high_3_to_5pct	0.9164835164835166
seed167	ST	dominant_growth_rate	high_3_to_5pct	0.7406593406593407
seed168	ST	dominant_growth_rate	high_3_to_5pct	0.7098901098901099
seed169	ST	dominant_growth_rate	high_3_to_5pct	0.745054945054945
seed170	ST	dominant_growth_rate	high_3_to_5pct	0.9516483516483516
seed171	ST	dominant_growth_rate	high_3_to_5pct	0.8505494505494505
seed172	ST	dominant_growth_rate	high_3_to_5pct	0.745054945054945
seed173	ST	dominant_growth_rate	high_3_to_5pct	0.9252747252747253
seed174	ST	dominant_growth_rate	high_3_to_5pct	0.9296703296703297
seed175	ST	dominant_growth_rate	high_3_to_5pct	0.9384615384615385
seed176	ST	dominant_growth_rate	high_3_to_5pct	0.8505494505494505
seed177	ST	dominant_growth_rate	high_3_to_5pct	0.9252747252747253
seed178	ST	dominant_growth_rate	high_3_to_5pct	0.7186813186813187
seed179	ST	dominant_growth_rate	high_3_to_5pct	0.6791208791208792
seed180	ST	dominant_growth_rate	high_3_to_5pct	0.8681318681318682
seed181	ST	dominant_growth_rate	high_3_to_5pct	0.8857142857142857
seed182	ST	dominant_growth_rate	high_3_to_5pct	0.8681318681318682
seed183	ST	dominant_growth_rate	high_3_to_5pct	0.6395604395604396
seed184	ST	dominant_growth_rate	high_3_to_5pct	0.8857142857142857
seed185	ST	dominant_growth_rate	high_3_to_5pct	0.8901098901098902
seed186	ST	dominant_growth_rate	high_3_to_5pct	0.7758241758241758
seed187	ST	dominant_growth_rate	high_3_to_5pct	0.832967032967033
seed188	ST	dominant_growth_rate	high_3_to_5pct	0.5824175824175825
seed189	ST	dominant_growth_rate	high_3_to_5pct	0.7318681318681319
seed190	ST	dominant_growth_rate	high_3_to_5pct	0.6615384615384616
seed191	ST	dominant_growth_rate	high_3_to_5pct	0.6263736263736264
seed192	ST	dominant_growth_rate	high_3_to_5pct	0.9208791208791209
seed193	ST	dominant_growth_rate	high_3_to_5pct	0.8065934065934066
seed194	ST	dominant_growth_rate	high_3_to_5pct	0.9164835164835166
seed195	ST	dominant_growth_rate	high_3_to_5pct	0.7934065934065934
seed196	ST	dominant_growth_rate	high_3_to_5pct	0.8637362637362638
seed197	ST	dominant_growth_rate	high_3_to_5pct	0.9296703296703297
seed198	ST	dominant_growth_rate	high_3_to_5pct	0.6571428571428571
seed199	ST	dominant_growth_rate	high_3_to_5pct	0.9340659340659341
seed200	ST	dominant_growth_rate	high_3_to_5pct	0.8461538461538461
seed201	ST	dominant_growth_rate	high_3_to_5pct	0.7406593406593407
seed202	ST	dominant_growth_rate	high_3_to_5pct	0.8857142857142857
seed203	ST	dominant_growth_rate	high_3_to_5pct	0.8417582417582418
seed204	ST	dominant_growth_rate	high_3_to_5pct	0.7406593406593407
seed205	ST	dominant_growth_rate	high_3_to_5pct	0.9296703296703297
seed206	ST	dominant_growth_rate	high_3_to_5pct	0.9164835164835166
seed207	ST	dominant_growth_rate	high_3_to_5pct	0.8549450549450549
seed208	ST	dominant_growth_rate	high_3_to_5pct	0.8461538461538461
seed209	ST	dominant_growth_rate	high_3_to_5pct	0.6967032967032967
seed210	ST	dominant_growth_rate	high_3_to_5pct	0.9208791208791209
seed211	ST	dominant_growth_rate	high_3_to_5pct	0.8241758241758241
seed212	ST	dominant_growth_rate	high_3_to_5pct	0.9472527472527472
seed213	ST	dominant_growth_rate	high_3_to_5pct	0.8989010989010989
seed214	ST	dominant_growth_rate	high_3_to_5pct	0.6351648351648352
seed215	ST	dominant_growth_rate	high_3_to_5pct	0.8021978021978022
seed216	ST	dominant_growth_rate	high_3_to_5pct	0.9516483516483516
seed217	ST	dominant_growth_rate	high_3_to_5pct	0.7274725274725276
seed218	ST	dominant_growth_rate	high_3_to_5pct	0.8109890109890111
seed219	ST	dominant_growth_rate	high_3_to_5pct	0.8989010989010989
seed220	ST	dominant_growth_rate	high_3_to_5pct	0.6923076923076923
seed221	ST	dominant_growth_rate	high_3_to_5pct	0.7406593406593407
seed222	ST	dominant_growth_rate	high_3_to_5pct	0.7802197802197802
seed223	ST	dominant_growth_rate	high_3_to_5pct	0.17362637362637365
seed224	ST	dominant_growth_rate	high_3_to_5pct	0.8373626373626375
seed225	ST	dominant_growth_rate	high_3_to_5pct	0.8681318681318682
seed226	ST	dominant_growth_rate	high_3_to_5pct	0.6615384615384616
seed227	ST	dominant_growth_rate	high_3_to_5pct	0.8461538461538461
seed228	ST	dominant_growth_rate	high_3_to_5pct	0.9252747252747253
seed229	ST	dominant_growth_rate	high_3_to_5pct	0.9076923076923077
seed230	ST	dominant_growth_rate	high_3_to_5pct	0.7846153846153847
seed231	ST	dominant_growth_rate	high_3_to_5pct	0.7846153846153847
seed232	ST	dominant_growth_rate	high_3_to_5pct	0.8637362637362638
seed233	ST	dominant_growth_rate	high_3_to_5pct	0.7934065934065934
seed234	ST	dominant_growth_rate	high_3_to_5pct	0.8857142857142857
seed235	ST	dominant_growth_rate	high_3_to_5pct	0.8681318681318682
seed236	ST	dominant_growth_rate	high_3_to_5pct	0.8109890109890111
seed237	ST	dominant_growth_rate	high_3_to_5pct	0.7186813186813187
seed238	ST	dominant_growth_rate	high_3_to_5pct	0.9780219780219781
seed239	ST	dominant_growth_rate	high_3_to_5pct	0.8065934065934066
seed240	ST	dominant_growth_rate	high_3_to_5pct	0.8989010989010989
seed241	ST	dominant_growth_rate	high_3_to_5pct	0.5824175824175825
seed242	ST	dominant_growth_rate	high_3_to_5pct	0.956043956043956
seed243	ST	dominant_growth_rate	high_3_to_5pct	0.9208791208791209
seed244	ST	dominant_growth_rate	high_3_to_5pct	0.5824175824175825
seed245	ST	dominant_growth_rate	high_3_to_5pct	0.7098901098901099
seed246	ST	dominant_growth_rate	high_3_to_5pct	0.7142857142857143
seed247	ST	dominant_growth_rate	high_3_to_5pct	0.9208791208791209
seed248	ST	dominant_growth_rate	high_3_to_5pct	0.7186813186813187
seed249	ST	dominant_growth_rate	high_3_to_5pct	0.7274725274725276
seed250	ST	dominant_growth_rate	high_3_to_5pct	0.9516483516483516
seed251	ST	dominant_growth_rate	high_3_to_5pct	0.9604395604395607
seed252	ST	dominant_growth_rate	high_3_to_5pct	0.8505494505494505
seed253	ST	dominant_growth_rate	high_3_to_5pct	0.745054945054945
seed254	ST	dominant_growth_rate	high_3_to_5pct	0.956043956043956
seed255	ST	dominant_growth_rate	high_3_to_5pct	0.8549450549450549
seed256	ST	dominant_growth_rate	high_3_to_5pct	0.7714285714285714
seed257	ST	dominant_growth_rate	high_3_to_5pct	0.9120879120879121
seed258	ST	dominant_growth_rate	high_3_to_5pct	0.5912087912087912
seed259	ST	dominant_growth_rate	high_3_to_5pct	0.5780219780219781
seed260	ST	dominant_growth_rate	high_3_to_5pct	0.9736263736263736
seed261	ST	dominant_growth_rate	high_3_to_5pct	0.8945054945054945
seed262	ST	dominant_growth_rate	high_3_to_5pct	0.9164835164835166
seed263	ST	dominant_growth_rate	high_3_to_5pct	0.8681318681318682
seed264	ST	dominant_growth_rate	high_3_to_5pct	0.9296703296703297
seed265	ST	dominant_growth_rate	high_3_to_5pct	0.8549450549450549
seed266	ST	dominant_growth_rate	high_3_to_5pct	0.7626373626373627
seed267	ST	dominant_growth_rate	high_3_to_5pct	0.6483516483516484
seed268	ST	dominant_growth_rate	high_3_to_5pct	0.9604395604395607
seed269	ST	dominant_growth_rate	high_3_to_5pct	0.7494505494505495
seed270	ST	dominant_growth_rate	high_3_to_5pct	0.9252747252747253
seed271	ST	dominant_growth_rate	high_3_to_5pct	0.9516483516483516
seed272	ST	dominant_growth_rate	high_3_to_5pct	0.5956043956043956
seed273	ST	dominant_growth_rate	high_3_to_5pct	0.6791208791208792
seed274	ST	dominant_growth_rate	high_3_to_5pct	0.8593406593406594
seed275	ST	dominant_growth_rate	high_3_to_5pct	0.9648351648351648
seed276	ST	dominant_growth_rate	high_3_to_5pct	0.9472527472527472
seed277	ST	dominant_growth_rate	high_3_to_5pct	0.7098901098901099
seed278	ST	dominant_growth_rate	high_3_to_5pct	0.6835164835164835
seed279	ST	dominant_growth_rate	high_3_to_5pct	0.7582417582417583
seed280	ST	dominant_growth_rate	high_3_to_5pct	0.956043956043956
seed281	ST	dominant_growth_rate	high_3_to_5pct	0.9032967032967033
seed282	ST	dominant_growth_rate	high_3_to_5pct	0.8461538461538461
seed283	ST	dominant_growth_rate	high_3_to_5pct	0.8285714285714285
seed284	ST	dominant_growth_rate	high_3_to_5pct	0.6307692307692307
seed285	ST	dominant_growth_rate	high_3_to_5pct	0.7054945054945055
seed286	ST	dominant_growth_rate	high_3_to_5pct	0.7890109890109891
seed287	ST	dominant_growth_rate	high_3_to_5pct	0.9340659340659341
seed288	ST	dominant_growth_rate	high_3_to_5pct	0.9384615384615385
seed289	ST	dominant_growth_rate	high_3_to_5pct	0.6439560439560439
seed290	ST	dominant_growth_rate	high_3_to_5pct	0.8725274725274725
seed291	ST	dominant_growth_rate	high_3_to_5pct	0.7054945054945055
seed292	ST	dominant_growth_rate	high_3_to_5pct	0.8901098901098902
seed293	ST	dominant_growth_rate	high_3_to_5pct	0.7538461538461538
seed294	ST	dominant_growth_rate	high_3_to_5pct	0.9780219780219781
seed295	ST	dominant_growth_rate	high_3_to_5pct	0.8637362637362638
seed296	ST	dominant_growth_rate	high_3_to_5pct	0.7186813186813187
seed297	ST	dominant_growth_rate	high_3_to_5pct	0.8681318681318682
seed298	ST	dominant_growth_rate	high_3_to_5pct	0.8153846153846154
seed299	ST	dominant_growth_rate	high_3_to_5pct	0.7186813186813187
seed300	ST	dominant_growth_rate	high_3_to_5pct	0.9076923076923077
seed301	ST	dominant_growth_rate	high_3_to_5pct	0.8857142857142857
seed302	ST	dominant_growth_rate	high_3_to_5pct	0.8593406593406594
seed303	ST	dominant_growth_rate	high_3_to_5pct	0.9296703296703297
seed304	ST	dominant_growth_rate	high_3_to_5pct	0.8593406593406594
seed305	ST	dominant_growth_rate	high_3_to_5pct	0.8813186813186813
seed306	ST	dominant_growth_rate	high_3_to_5pct	0.7978021978021977
seed307	ST	dominant_growth_rate	high_3_to_5pct	0.7274725274725276
seed308	ST	dominant_growth_rate	high_3_to_5pct	0.6879120879120879
seed309	ST	dominant_growth_rate	high_3_to_5pct	0.6703296703296703
seed310	ST	dominant_growth_rate	high_3_to_5pct	0.8901098901098902
seed311	ST	dominant_growth_rate	high_3_to_5pct	0.7846153846153847
seed312	ST	dominant_growth_rate	high_3_to_5pct	0.8681318681318682
seed313	ST	dominant_growth_rate	high_3_to_5pct	0.7054945054945055
seed314	ST	dominant_growth_rate	high_3_to_5pct	0.9296703296703297
seed315	ST	dominant_growth_rate	high_3_to_5pct	0.8505494505494505
seed316	ST	dominant_growth_rate	high_3_to_5pct	0.7582417582417583
seed317	ST	dominant_growth_rate	high_3_to_5pct	0.9208791208791209
seed318	ST	dominant_growth_rate	high_3_to_5pct	0.665934065934066
seed319	ST	dominant_growth_rate	high_3_to_5pct	0.9120879120879121
seed320	ST	dominant_growth_rate	high_3_to_5pct	0.8593406593406594
seed321	ST	dominant_growth_rate	high_3_to_5pct	0.6439560439560439
seed322	ST	dominant_growth_rate	high_3_to_5pct	0.8989010989010989
seed323	ST	dominant_growth_rate	high_3_to_5pct	0.8373626373626375
seed324	ST	dominant_growth_rate	high_3_to_5pct	0.8593406593406594
seed325	ST	dominant_growth_rate	high_3_to_5pct	0.9340659340659341
seed326	ST	dominant_growth_rate	high_3_to_5pct	0.4681318681318682
seed327	ST	dominant_growth_rate	high_3_to_5pct	0.6527472527472528
seed328	ST	dominant_growth_rate	high_3_to_5pct	0.7230769230769231
seed329	ST	dominant_growth_rate	high_3_to_5pct	0.9120879120879121
seed330	ST	dominant_growth_rate	high_3_to_5pct	0.8945054945054945
seed331	ST	dominant_growth_rate	high_3_to_5pct	0.8417582417582418
seed332	ST	dominant_growth_rate	high_3_to_5pct	0.4153846153846154
seed333	ST	dominant_growth_rate	high_3_to_5pct	0.665934065934066
seed334	ST	dominant_growth_rate	high_3_to_5pct	0.7318681318681319
seed335	ST	dominant_growth_rate	high_3_to_5pct	0.9032967032967033
seed336	ST	dominant_growth_rate	high_3_to_5pct	0.6351648351648352
seed337	ST	dominant_growth_rate	high_3_to_5pct	0.9076923076923077
seed338	ST	dominant_growth_rate	high_3_to_5pct	0.6879120879120879
seed339	ST	dominant_growth_rate	high_3_to_5pct	0.8901098901098902
seed340	ST	dominant_growth_rate	high_3_to_5pct	0.9472527472527472
seed341	ST	dominant_growth_rate	high_3_to_5pct	0.8241758241758241
seed342	ST	dominant_growth_rate	high_3_to_5pct	0.6835164835164835
seed343	ST	dominant_growth_rate	high_3_to_5pct	0.8109890109890111
seed344	ST	dominant_growth_rate	high_3_to_5pct	0.9384615384615385
seed345	ST	dominant_growth_rate	high_3_to_5pct	0.7098901098901099
seed346	ST	dominant_growth_rate	high_3_to_5pct	0.6307692307692307
seed347	ST	dominant_growth_rate	high_3_to_5pct	0.7802197802197802
seed348	ST	dominant_growth_rate	high_3_to_5pct	0.4021978021978022
seed349	ST	dominant_growth_rate	high_3_to_5pct	0.5868131868131868
seed350	ST	dominant_growth_rate	high_3_to_5pct	0.8461538461538461
seed351	ST	dominant_growth_rate	high_3_to_5pct	0.9120879120879121
seed352	ST	dominant_growth_rate	high_3_to_5pct	0.8945054945054945
seed353	ST	dominant_growth_rate	high_3_to_5pct	0.8373626373626375
seed354	ST	dominant_growth_rate	high_3_to_5pct	0.7406593406593407
seed355	ST	dominant_growth_rate	high_3_to_5pct	0.9120879120879121
seed356	ST	dominant_growth_rate	high_3_to_5pct	0.9164835164835166
seed357	ST	dominant_growth_rate	high_3_to_5pct	0.7758241758241758
seed358	ST	dominant_growth_rate	high_3_to_5pct	0.9164835164835166
seed359	ST	dominant_growth_rate	high_3_to_5pct	0.7582417582417583
seed360	ST	dominant_growth_rate	high_3_to_5pct	0.8417582417582418
seed361	ST	dominant_growth_rate	high_3_to_5pct	0.7186813186813187
seed362	ST	dominant_growth_rate	high_3_to_5pct	0.8021978021978022
seed363	ST	dominant_growth_rate	high_3_to_5pct	0.9252747252747253
seed364	ST	dominant_growth_rate	high_3_to_5pct	0.6571428571428571
seed365	ST	dominant_growth_rate	high_3_to_5pct	0.8197802197802198
seed366	ST	dominant_growth_rate	high_3_to_5pct	0.8901098901098902
seed367	ST	dominant_growth_rate	high_3_to_5pct	0.9648351648351648
seed368	ST	dominant_growth_rate	high_3_to_5pct	0.6307692307692307
seed369	ST	dominant_growth_rate	high_3_to_5pct	0.9384615384615385
seed370	ST	dominant_growth_rate	high_3_to_5pct	0.8857142857142857
seed371	ST	dominant_growth_rate	high_3_to_5pct	0.9120879120879121
seed372	ST	dominant_growth_rate	high_3_to_5pct	0.6351648351648352
seed373	ST	dominant_growth_rate	high_3_to_5pct	0.8285714285714285
seed374	ST	dominant_growth_rate	high_3_to_5pct	0.5428571428571429
seed375	ST	dominant_growth_rate	high_3_to_5pct	0.5956043956043956
seed376	ST	dominant_growth_rate	high_3_to_5pct	0.6043956043956044
seed377	ST	dominant_growth_rate	high_3_to_5pct	0.7582417582417583
seed378	ST	dominant_growth_rate	high_3_to_5pct	0.9296703296703297
seed379	ST	dominant_growth_rate	high_3_to_5pct	0.5956043956043956
seed380	ST	dominant_growth_rate	high_3_to_5pct	0.9384615384615385
seed381	ST	dominant_growth_rate	high_3_to_5pct	0.6967032967032967
seed382	ST	dominant_growth_rate	high_3_to_5pct	0.8857142857142857
seed383	ST	dominant_growth_rate	high_3_to_5pct	0.9340659340659341
seed384	ST	dominant_growth_rate	high_3_to_5pct	0.8197802197802198
seed385	ST	dominant_growth_rate	high_3_to_5pct	0.6923076923076923
seed386	ST	dominant_growth_rate	high_3_to_5pct	0.9428571428571428
seed387	ST	dominant_growth_rate	high_3_to_5pct	0.8593406593406594
seed388	ST	dominant_growth_rate	high_3_to_5pct	0.7186813186813187
seed389	ST	dominant_growth_rate	high_3_to_5pct	0.9384615384615385
seed390	ST	dominant_growth_rate	high_3_to_5pct	0.8417582417582418
seed391	ST	dominant_growth_rate	high_3_to_5pct	0.6615384615384616
seed392	ST	dominant_growth_rate	high_3_to_5pct	0.6967032967032967
seed393	ST	dominant_growth_rate	high_3_to_5pct	0.9296703296703297
seed394	ST	dominant_growth_rate	high_3_to_5pct	0.9692307692307693
seed395	ST	dominant_growth_rate	high_3_to_5pct	0.7362637362637363
seed396	ST	dominant_growth_rate	high_3_to_5pct	0.6483516483516484
seed397	ST	dominant_growth_rate	high_3_to_5pct	0.7098901098901099
seed398	ST	dominant_growth_rate	high_3_to_5pct	0.7010989010989012
seed399	ST	dominant_growth_rate	high_3_to_5pct	0.9208791208791209
seed400	ST	dominant_growth_rate	high_3_to_5pct	0.6307692307692307
seed401	ST	dominant_growth_rate	high_3_to_5pct	0.665934065934066
seed402	ST	dominant_growth_rate	high_3_to_5pct	0.8285714285714285
seed403	ST	dominant_growth_rate	high_3_to_5pct	0.9120879120879121
seed404	ST	dominant_growth_rate	high_3_to_5pct	0.8373626373626375
seed405	ST	dominant_growth_rate	high_3_to_5pct	0.8241758241758241
seed406	ST	dominant_growth_rate	high_3_to_5pct	0.8373626373626375
seed407	ST	dominant_growth_rate	high_3_to_5pct	0.6747252747252748
seed408	ST	dominant_growth_rate	high_3_to_5pct	0.8417582417582418
seed409	ST	dominant_growth_rate	high_3_to_5pct	0.9164835164835166
seed410	ST	dominant_growth_rate	high_3_to_5pct	0.6483516483516484
seed411	ST	dominant_growth_rate	high_3_to_5pct	0.8109890109890111
seed412	ST	dominant_growth_rate	high_3_to_5pct	0.9516483516483516
seed413	ST	dominant_growth_rate	high_3_to_5pct	0.9076923076923077
seed414	ST	dominant_growth_rate	high_3_to_5pct	0.7494505494505495
seed415	ST	dominant_growth_rate	high_3_to_5pct	0.8549450549450549
seed416	ST	dominant_growth_rate	high_3_to_5pct	0.956043956043956
seed417	ST	dominant_growth_rate	high_3_to_5pct	0.8153846153846154
seed418	ST	dominant_growth_rate	high_3_to_5pct	0.8681318681318682
seed419	ST	dominant_growth_rate	high_3_to_5pct	0.7274725274725276
seed420	ST	dominant_growth_rate	high_3_to_5pct	0.6043956043956044
seed421	ST	dominant_growth_rate	high_3_to_5pct	0.3494505494505495
seed422	ST	dominant_growth_rate	high_3_to_5pct	0.9120879120879121
seed423	ST	dominant_growth_rate	high_3_to_5pct	0.8637362637362638
seed424	ST	dominant_growth_rate	high_3_to_5pct	0.7098901098901099
seed425	ST	dominant_growth_rate	high_3_to_5pct	0.8813186813186813
seed426	ST	dominant_growth_rate	high_3_to_5pct	0.9252747252747253
seed427	ST	dominant_growth_rate	high_3_to_5pct	0.8637362637362638
seed428	ST	dominant_growth_rate	high_3_to_5pct	0.6747252747252748
seed429	ST	dominant_growth_rate	high_3_to_5pct	0.8197802197802198
seed430	ST	dominant_growth_rate	high_3_to_5pct	0.6571428571428571
seed431	ST	dominant_growth_rate	high_3_to_5pct	0.8241758241758241
seed432	ST	dominant_growth_rate	high_3_to_5pct	0.9428571428571428
seed433	ST	dominant_growth_rate	high_3_to_5pct	0.7230769230769231
seed434	ST	dominant_growth_rate	high_3_to_5pct	0.7714285714285714
seed435	ST	dominant_growth_rate	high_3_to_5pct	0.9428571428571428
seed436	ST	dominant_growth_rate	high_3_to_5pct	0.7626373626373627
seed437	ST	dominant_growth_rate	high_3_to_5pct	0.7582417582417583
seed438	ST	dominant_growth_rate	high_3_to_5pct	0.956043956043956
seed439	ST	dominant_growth_rate	high_3_to_5pct	0.9428571428571428
seed440	ST	dominant_growth_rate	high_3_to_5pct	0.8637362637362638
seed441	ST	dominant_growth_rate	high_3_to_5pct	0.7758241758241758
seed442	ST	dominant_growth_rate	high_3_to_5pct	0.8681318681318682
seed443	ST	dominant_growth_rate	high_3_to_5pct	0.8373626373626375
seed444	ST	dominant_growth_rate	high_3_to_5pct	0.9516483516483516
seed445	ST	dominant_growth_rate	high_3_to_5pct	0.6087912087912088
seed446	ST	dominant_growth_rate	high_3_to_5pct	0.7582417582417583
seed447	ST	dominant_growth_rate	high_3_to_5pct	0.7318681318681319
seed448	ST	dominant_growth_rate	high_3_to_5pct	0.9340659340659341
seed449	ST	dominant_growth_rate	high_3_to_5pct	0.7494505494505495
seed450	ST	dominant_growth_rate	high_3_to_5pct	0.956043956043956
seed451	ST	dominant_growth_rate	high_3_to_5pct	0.8637362637362638
seed452	ST	dominant_growth_rate	high_3_to_5pct	0.7230769230769231
seed453	ST	dominant_growth_rate	high_3_to_5pct	0.9340659340659341
seed454	ST	dominant_growth_rate	high_3_to_5pct	0.9296703296703297
seed455	ST	dominant_growth_rate	high_3_to_5pct	0.7934065934065934
seed456	ST	dominant_growth_rate	high_3_to_5pct	0.767032967032967
seed457	ST	dominant_growth_rate	high_3_to_5pct	0.6351648351648352
seed458	ST	dominant_growth_rate	high_3_to_5pct	0.9384615384615385
seed459	ST	dominant_growth_rate	high_3_to_5pct	0.7802197802197802
seed460	ST	dominant_growth_rate	high_3_to_5pct	0.9208791208791209
seed461	ST	dominant_growth_rate	high_3_to_5pct	0.9032967032967033
seed462	ST	dominant_growth_rate	high_3_to_5pct	0.745054945054945
seed463	ST	dominant_growth_rate	high_3_to_5pct	0.7142857142857143
seed464	ST	dominant_growth_rate	high_3_to_5pct	0.9164835164835166
seed465	ST	dominant_growth_rate	high_3_to_5pct	0.7274725274725276
seed466	ST	dominant_growth_rate	high_3_to_5pct	0.9208791208791209
seed467	ST	dominant_growth_rate	high_3_to_5pct	0.6175824175824175
seed468	ST	dominant_growth_rate	high_3_to_5pct	0.8153846153846154
seed469	ST	dominant_growth_rate	high_3_to_5pct	0.8461538461538461
seed470	ST	dominant_growth_rate	high_3_to_5pct	0.8285714285714285
seed471	ST	dominant_growth_rate	high_3_to_5pct	0.6483516483516484
seed472	ST	dominant_growth_rate	high_3_to_5pct	0.832967032967033
seed473	ST	dominant_growth_rate	high_3_to_5pct	0.8593406593406594
seed474	ST	dominant_growth_rate	high_3_to_5pct	0.6439560439560439
seed475	ST	dominant_growth_rate	high_3_to_5pct	0.8857142857142857
seed476	ST	dominant_growth_rate	high_3_to_5pct	0.9208791208791209
seed477	ST	dominant_growth_rate	high_3_to_5pct	0.8593406593406594
seed478	ST	dominant_growth_rate	high_3_to_5pct	0.6747252747252748
seed479	ST	dominant_growth_rate	high_3_to_5pct	0.8769230769230769
seed480	ST	dominant_growth_rate	high_3_to_5pct	0.6
seed481	ST	dominant_growth_rate	high_3_to_5pct	0.8593406593406594
seed482	ST	dominant_growth_rate	high_3_to_5pct	0.956043956043956
seed483	ST	dominant_growth_rate	high_3_to_5pct	0.9604395604395607
seed484	ST	dominant_growth_rate	high_3_to_5pct	0.6571428571428571
seed485	ST	dominant_growth_rate	high_3_to_5pct	0.9076923076923077
seed486	ST	dominant_growth_rate	high_3_to_5pct	0.767032967032967
seed487	ST	dominant_growth_rate	high_3_to_5pct	0.9120879120879121
seed488	ST	dominant_growth_rate	high_3_to_5pct	0.9516483516483516
seed489	ST	dominant_growth_rate	high_3_to_5pct	0.8681318681318682
seed490	ST	dominant_growth_rate	high_3_to_5pct	0.7890109890109891
seed491	ST	dominant_growth_rate	high_3_to_5pct	0.6527472527472528
seed492	ST	dominant_growth_rate	high_3_to_5pct	0.8945054945054945
seed493	ST	dominant_growth_rate	high_3_to_5pct	0.7802197802197802
seed494	ST	dominant_growth_rate	high_3_to_5pct	0.7538461538461538
seed495	ST	dominant_growth_rate	high_3_to_5pct	0.8549450549450549
seed496	ST	dominant_growth_rate	high_3_to_5pct	0.9340659340659341
seed497	ST	dominant_growth_rate	high_3_to_5pct	0.7362637362637363
seed498	ST	dominant_growth_rate	high_3_to_5pct	0.8901098901098902
seed499	ST	dominant_growth_rate	high_3_to_5pct	0.7230769230769231
seed500	ST	dominant_growth_rate	high_3_to_5pct	0.7406593406593407
