fit_seed	output	index	N	n_cells	n_valid_repeat_cells	repeat_range_p90	repeat_range_tolerance	repeat_status	n_valid_resolution_cells	resolution_delta_p90	resolution_delta_tolerance	resolution_status	convergence_status	diagnostic_only	included_in_full_analysis
seed1	dominant_mean_ploidy	S1	513	2814	2814	0.028526876212598497	0.1	passed	0	nan	0.05	not_tested	resolution_not_tested	TRUE	TRUE
seed1	dominant_mean_ploidy	ST	513	2814	2814	0.1413899399556529	0.1	not_passed	0	nan	0.05	not_tested	not_passed	TRUE	TRUE
seed1	dominant_growth_rate	S1	513	2814	2814	0.022852441568639248	0.1	passed	0	nan	0.05	not_tested	resolution_not_tested	TRUE	TRUE
seed1	dominant_growth_rate	ST	513	2814	2814	0.02580771651440278	0.1	passed	0	nan	0.05	not_tested	resolution_not_tested	TRUE	TRUE
seed2	dominant_mean_ploidy	S1	513	2814	2814	0.0024607787198590095	0.1	passed	2814	0.0029440168787375045	0.05	passed	passed	TRUE	TRUE
seed2	dominant_mean_ploidy	ST	513	2814	2814	0.07203672245306603	0.1	passed	2814	0.022207157161612184	0.05	passed	passed	TRUE	TRUE
seed2	dominant_growth_rate	S1	513	2814	2814	0.002407534078704977	0.1	passed	2814	0.0036236049819858354	0.05	passed	passed	TRUE	TRUE
seed2	dominant_growth_rate	ST	513	2814	2814	0.0025228987018771523	0.1	passed	2814	0.006350059285784549	0.05	passed	passed	TRUE	TRUE
seed3	dominant_mean_ploidy	S1	513	2814	2814	0.021815327814789374	0.1	passed	0	nan	0.05	not_tested	resolution_not_tested	TRUE	TRUE
seed3	dominant_mean_ploidy	ST	513	2814	2814	0.06519170553182967	0.1	passed	0	nan	0.05	not_tested	resolution_not_tested	TRUE	TRUE
seed3	dominant_growth_rate	S1	513	2814	2814	0.027282334976994706	0.1	passed	0	nan	0.05	not_tested	resolution_not_tested	TRUE	TRUE
seed3	dominant_growth_rate	ST	513	2814	2814	0.030804617472502155	0.1	passed	0	nan	0.05	not_tested	resolution_not_tested	TRUE	TRUE
seed4	dominant_mean_ploidy	S1	513	2814	2814	0.034243177146148135	0.1	passed	0	nan	0.05	not_tested	resolution_not_tested	TRUE	TRUE
seed4	dominant_mean_ploidy	ST	513	2814	2814	0.11978522651160337	0.1	not_passed	0	nan	0.05	not_tested	not_passed	TRUE	TRUE
seed4	dominant_growth_rate	S1	513	2814	2814	0.062225086376571835	0.1	passed	0	nan	0.05	not_tested	resolution_not_tested	TRUE	TRUE
seed4	dominant_growth_rate	ST	513	2814	2814	0.06804472244490241	0.1	passed	0	nan	0.05	not_tested	resolution_not_tested	TRUE	TRUE
seed5	dominant_mean_ploidy	S1	513	2814	2814	0.051798212120973366	0.1	passed	0	nan	0.05	not_tested	resolution_not_tested	TRUE	TRUE
seed5	dominant_mean_ploidy	ST	513	2814	2814	0.15639949753205165	0.1	not_passed	0	nan	0.05	not_tested	not_passed	TRUE	TRUE
seed5	dominant_growth_rate	S1	513	2814	2814	0.018440082508925548	0.1	passed	0	nan	0.05	not_tested	resolution_not_tested	TRUE	TRUE
seed5	dominant_growth_rate	ST	513	2814	2814	0.03570035238227146	0.1	passed	0	nan	0.05	not_tested	resolution_not_tested	TRUE	TRUE
seed6	dominant_mean_ploidy	S1	513	2814	2814	0.06228778162095689	0.1	passed	0	nan	0.05	not_tested	resolution_not_tested	TRUE	TRUE
seed6	dominant_mean_ploidy	ST	513	2814	2814	0.358601332309978	0.1	not_passed	0	nan	0.05	not_tested	not_passed	TRUE	TRUE
seed6	dominant_growth_rate	S1	513	2814	2814	0.02562129884903107	0.1	passed	0	nan	0.05	not_tested	resolution_not_tested	TRUE	TRUE
seed6	dominant_growth_rate	ST	513	2814	2814	0.03482896746168183	0.1	passed	0	nan	0.05	not_tested	resolution_not_tested	TRUE	TRUE
seed7	dominant_mean_ploidy	S1	513	2814	2814	0.03356652528547971	0.1	passed	0	nan	0.05	not_tested	resolution_not_tested	TRUE	TRUE
seed7	dominant_mean_ploidy	ST	513	2814	2814	0.11008282792274826	0.1	not_passed	0	nan	0.05	not_tested	not_passed	TRUE	TRUE
seed7	dominant_growth_rate	S1	513	2814	2814	0.04365784720852902	0.1	passed	0	nan	0.05	not_tested	resolution_not_tested	TRUE	TRUE
seed7	dominant_growth_rate	ST	513	2814	2814	0.07683593722386116	0.1	passed	0	nan	0.05	not_tested	resolution_not_tested	TRUE	TRUE
seed8	dominant_mean_ploidy	S1	513	2814	2814	0.05333150869819686	0.1	passed	0	nan	0.05	not_tested	resolution_not_tested	TRUE	TRUE
seed8	dominant_mean_ploidy	ST	513	2814	2814	0.1691055081038868	0.1	not_passed	0	nan	0.05	not_tested	not_passed	TRUE	TRUE
seed8	dominant_growth_rate	S1	513	2814	2814	0.02269678465356635	0.1	passed	0	nan	0.05	not_tested	resolution_not_tested	TRUE	TRUE
seed8	dominant_growth_rate	ST	513	2814	2814	0.03492488578575518	0.1	passed	0	nan	0.05	not_tested	resolution_not_tested	TRUE	TRUE
seed9	dominant_mean_ploidy	S1	513	2814	2814	0.033139096761478505	0.1	passed	0	nan	0.05	not_tested	resolution_not_tested	TRUE	TRUE
seed9	dominant_mean_ploidy	ST	513	2814	2814	0.12850936531666826	0.1	not_passed	0	nan	0.05	not_tested	not_passed	TRUE	TRUE
seed9	dominant_growth_rate	S1	513	2814	2814	0.07056322784512122	0.1	passed	0	nan	0.05	not_tested	resolution_not_tested	TRUE	TRUE
seed9	dominant_growth_rate	ST	513	2814	2814	0.08121440654687945	0.1	passed	0	nan	0.05	not_tested	resolution_not_tested	TRUE	TRUE
seed10	dominant_mean_ploidy	S1	513	2814	2814	0.08186356570757194	0.1	passed	0	nan	0.05	not_tested	resolution_not_tested	TRUE	TRUE
seed10	dominant_mean_ploidy	ST	513	2814	2814	0.24008397564410625	0.1	not_passed	0	nan	0.05	not_tested	not_passed	TRUE	TRUE
seed10	dominant_growth_rate	S1	513	2814	2814	0.04057314717702605	0.1	passed	0	nan	0.05	not_tested	resolution_not_tested	TRUE	TRUE
seed10	dominant_growth_rate	ST	513	2814	2814	0.0526611947168604	0.1	passed	0	nan	0.05	not_tested	resolution_not_tested	TRUE	TRUE
seed11	dominant_mean_ploidy	S1	513	2814	2814	0.07512512216312378	0.1	passed	0	nan	0.05	not_tested	resolution_not_tested	TRUE	TRUE
seed11	dominant_mean_ploidy	ST	513	2814	2814	0.21765230303106672	0.1	not_passed	0	nan	0.05	not_tested	not_passed	TRUE	TRUE
seed11	dominant_growth_rate	S1	513	2814	2814	0.05408588911987107	0.1	passed	0	nan	0.05	not_tested	resolution_not_tested	TRUE	TRUE
seed11	dominant_growth_rate	ST	513	2814	2814	0.08063185360305937	0.1	passed	0	nan	0.05	not_tested	resolution_not_tested	TRUE	TRUE
seed12	dominant_mean_ploidy	S1	513	2814	2814	0.05468307591682099	0.1	passed	0	nan	0.05	not_tested	resolution_not_tested	TRUE	TRUE
seed12	dominant_mean_ploidy	ST	513	2814	2814	0.21584715524004963	0.1	not_passed	0	nan	0.05	not_tested	not_passed	TRUE	TRUE
seed12	dominant_growth_rate	S1	513	2814	2814	0.050392146876748686	0.1	passed	0	nan	0.05	not_tested	resolution_not_tested	TRUE	TRUE
seed12	dominant_growth_rate	ST	513	2814	2814	0.07045661270507857	0.1	passed	0	nan	0.05	not_tested	resolution_not_tested	TRUE	TRUE
seed13	dominant_mean_ploidy	S1	513	2814	2814	0.07083150063284077	0.1	passed	0	nan	0.05	not_tested	resolution_not_tested	TRUE	TRUE
seed13	dominant_mean_ploidy	ST	513	2814	2814	0.21164199184062893	0.1	not_passed	0	nan	0.05	not_tested	not_passed	TRUE	TRUE
seed13	dominant_growth_rate	S1	513	2814	2814	0.03354181172548007	0.1	passed	0	nan	0.05	not_tested	resolution_not_tested	TRUE	TRUE
seed13	dominant_growth_rate	ST	513	2814	2814	0.05220137011981483	0.1	passed	0	nan	0.05	not_tested	resolution_not_tested	TRUE	TRUE
seed14	dominant_mean_ploidy	S1	513	2814	2814	0.055282862988685934	0.1	passed	0	nan	0.05	not_tested	resolution_not_tested	TRUE	TRUE
seed14	dominant_mean_ploidy	ST	513	2814	2814	0.1709289210317837	0.1	not_passed	0	nan	0.05	not_tested	not_passed	TRUE	TRUE
seed14	dominant_growth_rate	S1	513	2814	2814	0.051660898871237385	0.1	passed	0	nan	0.05	not_tested	resolution_not_tested	TRUE	TRUE
seed14	dominant_growth_rate	ST	513	2814	2814	0.06301282872897461	0.1	passed	0	nan	0.05	not_tested	resolution_not_tested	TRUE	TRUE
seed15	dominant_mean_ploidy	S1	513	2814	2814	0.04866461352917748	0.1	passed	0	nan	0.05	not_tested	resolution_not_tested	TRUE	TRUE
seed15	dominant_mean_ploidy	ST	513	2814	2814	0.18354606808969484	0.1	not_passed	0	nan	0.05	not_tested	not_passed	TRUE	TRUE
seed15	dominant_growth_rate	S1	513	2814	2814	0.05685086249110291	0.1	passed	0	nan	0.05	not_tested	resolution_not_tested	TRUE	TRUE
seed15	dominant_growth_rate	ST	513	2814	2814	0.07598998663062052	0.1	passed	0	nan	0.05	not_tested	resolution_not_tested	TRUE	TRUE
seed16	dominant_mean_ploidy	S1	513	2814	2814	0.04658105222282452	0.1	passed	0	nan	0.05	not_tested	resolution_not_tested	TRUE	TRUE
seed16	dominant_mean_ploidy	ST	513	2814	2814	0.1678223990063829	0.1	not_passed	0	nan	0.05	not_tested	not_passed	TRUE	TRUE
seed16	dominant_growth_rate	S1	513	2814	2814	0.03677295466252108	0.1	passed	0	nan	0.05	not_tested	resolution_not_tested	TRUE	TRUE
seed16	dominant_growth_rate	ST	513	2814	2814	0.04606602497076467	0.1	passed	0	nan	0.05	not_tested	resolution_not_tested	TRUE	TRUE
seed17	dominant_mean_ploidy	S1	513	2814	2814	0.05007556707003043	0.1	passed	0	nan	0.05	not_tested	resolution_not_tested	TRUE	TRUE
seed17	dominant_mean_ploidy	ST	513	2814	2814	0.15309398964810902	0.1	not_passed	0	nan	0.05	not_tested	not_passed	TRUE	TRUE
seed17	dominant_growth_rate	S1	513	2814	2814	0.06544001839431424	0.1	passed	0	nan	0.05	not_tested	resolution_not_tested	TRUE	TRUE
seed17	dominant_growth_rate	ST	513	2814	2814	0.07619215391018136	0.1	passed	0	nan	0.05	not_tested	resolution_not_tested	TRUE	TRUE
seed18	dominant_mean_ploidy	S1	513	2814	2814	0.04826988567394286	0.1	passed	0	nan	0.05	not_tested	resolution_not_tested	TRUE	TRUE
seed18	dominant_mean_ploidy	ST	513	2814	2814	0.12687578441375394	0.1	not_passed	0	nan	0.05	not_tested	not_passed	TRUE	TRUE
seed18	dominant_growth_rate	S1	513	2814	2814	0.04367742312791168	0.1	passed	0	nan	0.05	not_tested	resolution_not_tested	TRUE	TRUE
seed18	dominant_growth_rate	ST	513	2814	2814	0.04167447194213108	0.1	passed	0	nan	0.05	not_tested	resolution_not_tested	TRUE	TRUE
seed19	dominant_mean_ploidy	S1	513	2814	2814	0.051592173393976634	0.1	passed	0	nan	0.05	not_tested	resolution_not_tested	TRUE	TRUE
seed19	dominant_mean_ploidy	ST	513	2814	2814	0.1917071940995192	0.1	not_passed	0	nan	0.05	not_tested	not_passed	TRUE	TRUE
seed19	dominant_growth_rate	S1	513	2814	2814	0.0199373355503324	0.1	passed	0	nan	0.05	not_tested	resolution_not_tested	TRUE	TRUE
seed19	dominant_growth_rate	ST	513	2814	2814	0.022236603392326266	0.1	passed	0	nan	0.05	not_tested	resolution_not_tested	TRUE	TRUE
seed20	dominant_mean_ploidy	S1	513	2814	2814	0.058323057041454025	0.1	passed	0	nan	0.05	not_tested	resolution_not_tested	TRUE	TRUE
seed20	dominant_mean_ploidy	ST	513	2814	2814	0.17222668061101024	0.1	not_passed	0	nan	0.05	not_tested	not_passed	TRUE	TRUE
seed20	dominant_growth_rate	S1	513	2814	2814	0.03675626279424485	0.1	passed	0	nan	0.05	not_tested	resolution_not_tested	TRUE	TRUE
seed20	dominant_growth_rate	ST	513	2814	2814	0.0556080595584886	0.1	passed	0	nan	0.05	not_tested	resolution_not_tested	TRUE	TRUE
seed21	dominant_mean_ploidy	S1	513	2814	2814	0.006340096355555424	0.1	passed	0	nan	0.05	not_tested	resolution_not_tested	TRUE	TRUE
seed21	dominant_mean_ploidy	ST	513	2814	2814	0.1109362966917064	0.1	not_passed	0	nan	0.05	not_tested	not_passed	TRUE	TRUE
seed21	dominant_growth_rate	S1	513	2814	2814	0.008328563377038451	0.1	passed	0	nan	0.05	not_tested	resolution_not_tested	TRUE	TRUE
seed21	dominant_growth_rate	ST	513	2814	2814	0.009213075806214268	0.1	passed	0	nan	0.05	not_tested	resolution_not_tested	TRUE	TRUE
seed22	dominant_mean_ploidy	S1	513	2814	2814	0.06510898549614302	0.1	passed	0	nan	0.05	not_tested	resolution_not_tested	TRUE	TRUE
seed22	dominant_mean_ploidy	ST	513	2814	2814	0.15507591468599122	0.1	not_passed	0	nan	0.05	not_tested	not_passed	TRUE	TRUE
seed22	dominant_growth_rate	S1	513	2814	2814	0.06631283410143474	0.1	passed	0	nan	0.05	not_tested	resolution_not_tested	TRUE	TRUE
seed22	dominant_growth_rate	ST	513	2814	2814	0.09904875968196779	0.1	passed	0	nan	0.05	not_tested	resolution_not_tested	TRUE	TRUE
seed23	dominant_mean_ploidy	S1	513	2814	2814	0.017503699127017432	0.1	passed	0	nan	0.05	not_tested	resolution_not_tested	TRUE	TRUE
seed23	dominant_mean_ploidy	ST	513	2814	2814	0.08343873154064259	0.1	passed	0	nan	0.05	not_tested	resolution_not_tested	TRUE	TRUE
seed23	dominant_growth_rate	S1	513	2814	2814	0.0077268961587155195	0.1	passed	0	nan	0.05	not_tested	resolution_not_tested	TRUE	TRUE
seed23	dominant_growth_rate	ST	513	2814	2814	0.007897007881653779	0.1	passed	0	nan	0.05	not_tested	resolution_not_tested	TRUE	TRUE
seed24	dominant_mean_ploidy	S1	513	2814	2814	0.047301647252702854	0.1	passed	0	nan	0.05	not_tested	resolution_not_tested	TRUE	TRUE
seed24	dominant_mean_ploidy	ST	513	2814	2814	0.11704944969970349	0.1	not_passed	0	nan	0.05	not_tested	not_passed	TRUE	TRUE
seed24	dominant_growth_rate	S1	513	2814	2814	0.05773444993886894	0.1	passed	0	nan	0.05	not_tested	resolution_not_tested	TRUE	TRUE
seed24	dominant_growth_rate	ST	513	2814	2814	0.09422963122068465	0.1	passed	0	nan	0.05	not_tested	resolution_not_tested	TRUE	TRUE
seed25	dominant_mean_ploidy	S1	513	2814	2814	0.04463668481683052	0.1	passed	2814	0.028652430536581844	0.05	passed	passed	TRUE	TRUE
seed25	dominant_mean_ploidy	ST	513	2814	2814	0.17903558043358694	0.1	not_passed	2814	0.09600459133959628	0.05	not_passed	not_passed	TRUE	TRUE
seed25	dominant_growth_rate	S1	513	2814	2814	0.04443705915188773	0.1	passed	2814	0.03212588982453612	0.05	passed	passed	TRUE	TRUE
seed25	dominant_growth_rate	ST	513	2814	2814	0.05943414573842431	0.1	passed	2814	0.04454438501632831	0.05	passed	passed	TRUE	TRUE
seed26	dominant_mean_ploidy	S1	513	2814	2814	0.06600470546842567	0.1	passed	0	nan	0.05	not_tested	resolution_not_tested	TRUE	TRUE
seed26	dominant_mean_ploidy	ST	513	2814	2814	0.26574411243570417	0.1	not_passed	0	nan	0.05	not_tested	not_passed	TRUE	TRUE
seed26	dominant_growth_rate	S1	513	2814	2814	0.032339048256370656	0.1	passed	0	nan	0.05	not_tested	resolution_not_tested	TRUE	TRUE
seed26	dominant_growth_rate	ST	513	2814	2814	0.05198432198768073	0.1	passed	0	nan	0.05	not_tested	resolution_not_tested	TRUE	TRUE
seed27	dominant_mean_ploidy	S1	513	2814	2814	0.049285734337707526	0.1	passed	0	nan	0.05	not_tested	resolution_not_tested	TRUE	TRUE
seed27	dominant_mean_ploidy	ST	513	2814	2814	0.1425998721793576	0.1	not_passed	0	nan	0.05	not_tested	not_passed	TRUE	TRUE
seed27	dominant_growth_rate	S1	513	2814	2814	0.0609157902184827	0.1	passed	0	nan	0.05	not_tested	resolution_not_tested	TRUE	TRUE
seed27	dominant_growth_rate	ST	513	2814	2814	0.07672721880777475	0.1	passed	0	nan	0.05	not_tested	resolution_not_tested	TRUE	TRUE
seed28	dominant_mean_ploidy	S1	513	2814	2814	0.006982535337453543	0.1	passed	0	nan	0.05	not_tested	resolution_not_tested	TRUE	TRUE
seed28	dominant_mean_ploidy	ST	513	2814	2814	0.009253332566209166	0.1	passed	0	nan	0.05	not_tested	resolution_not_tested	TRUE	TRUE
seed28	dominant_growth_rate	S1	513	2814	2814	0.014284521152536773	0.1	passed	0	nan	0.05	not_tested	resolution_not_tested	TRUE	TRUE
seed28	dominant_growth_rate	ST	513	2814	2814	0.01562995283760267	0.1	passed	0	nan	0.05	not_tested	resolution_not_tested	TRUE	TRUE
seed29	dominant_mean_ploidy	S1	513	2814	2814	0.04034176818626362	0.1	passed	0	nan	0.05	not_tested	resolution_not_tested	TRUE	TRUE
seed29	dominant_mean_ploidy	ST	513	2814	2814	0.15757482930597427	0.1	not_passed	0	nan	0.05	not_tested	not_passed	TRUE	TRUE
seed29	dominant_growth_rate	S1	513	2814	2814	0.02594937810112195	0.1	passed	0	nan	0.05	not_tested	resolution_not_tested	TRUE	TRUE
seed29	dominant_growth_rate	ST	513	2814	2814	0.029429489406871737	0.1	passed	0	nan	0.05	not_tested	resolution_not_tested	TRUE	TRUE
seed30	dominant_mean_ploidy	S1	513	2814	2814	0.05802919686585854	0.1	passed	0	nan	0.05	not_tested	resolution_not_tested	TRUE	TRUE
seed30	dominant_mean_ploidy	ST	513	2814	2814	0.29504997938448074	0.1	not_passed	0	nan	0.05	not_tested	not_passed	TRUE	TRUE
seed30	dominant_growth_rate	S1	513	2814	2814	0.06923671337295283	0.1	passed	0	nan	0.05	not_tested	resolution_not_tested	TRUE	TRUE
seed30	dominant_growth_rate	ST	513	2814	2814	0.10223143683670477	0.1	not_passed	0	nan	0.05	not_tested	not_passed	TRUE	TRUE
seed31	dominant_mean_ploidy	S1	513	2814	2814	0.021493110201626846	0.1	passed	0	nan	0.05	not_tested	resolution_not_tested	TRUE	TRUE
seed31	dominant_mean_ploidy	ST	513	2814	2814	0.12513697238265303	0.1	not_passed	0	nan	0.05	not_tested	not_passed	TRUE	TRUE
seed31	dominant_growth_rate	S1	513	2814	2814	0.019770020924138033	0.1	passed	0	nan	0.05	not_tested	resolution_not_tested	TRUE	TRUE
seed31	dominant_growth_rate	ST	513	2814	2814	0.023421367391329932	0.1	passed	0	nan	0.05	not_tested	resolution_not_tested	TRUE	TRUE
seed32	dominant_mean_ploidy	S1	513	2814	2814	0.05338515439556916	0.1	passed	0	nan	0.05	not_tested	resolution_not_tested	TRUE	TRUE
seed32	dominant_mean_ploidy	ST	513	2814	2814	0.157610812253147	0.1	not_passed	0	nan	0.05	not_tested	not_passed	TRUE	TRUE
seed32	dominant_growth_rate	S1	513	2814	2814	0.020658131758137143	0.1	passed	0	nan	0.05	not_tested	resolution_not_tested	TRUE	TRUE
seed32	dominant_growth_rate	ST	513	2814	2814	0.02889831744033668	0.1	passed	0	nan	0.05	not_tested	resolution_not_tested	TRUE	TRUE
seed33	dominant_mean_ploidy	S1	513	2814	2814	0.06288336574217522	0.1	passed	0	nan	0.05	not_tested	resolution_not_tested	TRUE	TRUE
seed33	dominant_mean_ploidy	ST	513	2814	2814	0.11965895648288649	0.1	not_passed	0	nan	0.05	not_tested	not_passed	TRUE	TRUE
seed33	dominant_growth_rate	S1	513	2814	2814	0.02338025773498586	0.1	passed	0	nan	0.05	not_tested	resolution_not_tested	TRUE	TRUE
seed33	dominant_growth_rate	ST	513	2814	2814	0.030299856891931088	0.1	passed	0	nan	0.05	not_tested	resolution_not_tested	TRUE	TRUE
seed34	dominant_mean_ploidy	S1	513	2814	2814	0.02623121636773718	0.1	passed	0	nan	0.05	not_tested	resolution_not_tested	TRUE	TRUE
seed34	dominant_mean_ploidy	ST	513	2814	2814	0.056860530003452266	0.1	passed	0	nan	0.05	not_tested	resolution_not_tested	TRUE	TRUE
seed34	dominant_growth_rate	S1	513	2814	2814	0.05181743479762231	0.1	passed	0	nan	0.05	not_tested	resolution_not_tested	TRUE	TRUE
seed34	dominant_growth_rate	ST	513	2814	2814	0.06859290202705674	0.1	passed	0	nan	0.05	not_tested	resolution_not_tested	TRUE	TRUE
seed35	dominant_mean_ploidy	S1	513	2814	2814	0.05682192446119637	0.1	passed	0	nan	0.05	not_tested	resolution_not_tested	TRUE	TRUE
seed35	dominant_mean_ploidy	ST	513	2814	2814	0.16432374332165878	0.1	not_passed	0	nan	0.05	not_tested	not_passed	TRUE	TRUE
seed35	dominant_growth_rate	S1	513	2814	2814	0.061279087763975816	0.1	passed	0	nan	0.05	not_tested	resolution_not_tested	TRUE	TRUE
seed35	dominant_growth_rate	ST	513	2814	2814	0.07052651269139813	0.1	passed	0	nan	0.05	not_tested	resolution_not_tested	TRUE	TRUE
seed36	dominant_mean_ploidy	S1	513	2814	2814	0.07228185842990124	0.1	passed	0	nan	0.05	not_tested	resolution_not_tested	TRUE	TRUE
seed36	dominant_mean_ploidy	ST	513	2814	2814	0.34023127977630324	0.1	not_passed	0	nan	0.05	not_tested	not_passed	TRUE	TRUE
seed36	dominant_growth_rate	S1	513	2814	2814	0.10106005762970068	0.1	not_passed	0	nan	0.05	not_tested	not_passed	TRUE	TRUE
seed36	dominant_growth_rate	ST	513	2814	2814	0.1246258728982159	0.1	not_passed	0	nan	0.05	not_tested	not_passed	TRUE	TRUE
seed37	dominant_mean_ploidy	S1	513	2814	2814	0.07817449675839971	0.1	passed	0	nan	0.05	not_tested	resolution_not_tested	TRUE	TRUE
seed37	dominant_mean_ploidy	ST	513	2814	2814	0.18801324876780118	0.1	not_passed	0	nan	0.05	not_tested	not_passed	TRUE	TRUE
seed37	dominant_growth_rate	S1	513	2814	2814	0.06199609342550981	0.1	passed	0	nan	0.05	not_tested	resolution_not_tested	TRUE	TRUE
seed37	dominant_growth_rate	ST	513	2814	2814	0.08934617877854391	0.1	passed	0	nan	0.05	not_tested	resolution_not_tested	TRUE	TRUE
seed38	dominant_mean_ploidy	S1	513	2814	2814	0.0430274734196749	0.1	passed	0	nan	0.05	not_tested	resolution_not_tested	TRUE	TRUE
seed38	dominant_mean_ploidy	ST	513	2814	2814	0.13578896384391578	0.1	not_passed	0	nan	0.05	not_tested	not_passed	TRUE	TRUE
seed38	dominant_growth_rate	S1	513	2814	2814	0.017657949042880938	0.1	passed	0	nan	0.05	not_tested	resolution_not_tested	TRUE	TRUE
seed38	dominant_growth_rate	ST	513	2814	2814	0.019462593786763516	0.1	passed	0	nan	0.05	not_tested	resolution_not_tested	TRUE	TRUE
seed39	dominant_mean_ploidy	S1	513	2814	2814	0.013740868711606976	0.1	passed	0	nan	0.05	not_tested	resolution_not_tested	TRUE	TRUE
seed39	dominant_mean_ploidy	ST	513	2814	2814	0.06034095377262835	0.1	passed	0	nan	0.05	not_tested	resolution_not_tested	TRUE	TRUE
seed39	dominant_growth_rate	S1	513	2814	2814	0.017338914099686638	0.1	passed	0	nan	0.05	not_tested	resolution_not_tested	TRUE	TRUE
seed39	dominant_growth_rate	ST	513	2814	2814	0.018042103710460996	0.1	passed	0	nan	0.05	not_tested	resolution_not_tested	TRUE	TRUE
seed40	dominant_mean_ploidy	S1	513	2814	2814	0.05761764717741188	0.1	passed	0	nan	0.05	not_tested	resolution_not_tested	TRUE	TRUE
seed40	dominant_mean_ploidy	ST	513	2814	2814	0.2052002642232696	0.1	not_passed	0	nan	0.05	not_tested	not_passed	TRUE	TRUE
seed40	dominant_growth_rate	S1	513	2814	2814	0.03627441260324785	0.1	passed	0	nan	0.05	not_tested	resolution_not_tested	TRUE	TRUE
seed40	dominant_growth_rate	ST	513	2814	2814	0.048739746622182674	0.1	passed	0	nan	0.05	not_tested	resolution_not_tested	TRUE	TRUE
seed41	dominant_mean_ploidy	S1	513	2814	2814	0.019017337458741745	0.1	passed	0	nan	0.05	not_tested	resolution_not_tested	TRUE	TRUE
seed41	dominant_mean_ploidy	ST	513	2814	2814	0.07304521594965102	0.1	passed	0	nan	0.05	not_tested	resolution_not_tested	TRUE	TRUE
seed41	dominant_growth_rate	S1	513	2814	2814	0.02077283978105147	0.1	passed	0	nan	0.05	not_tested	resolution_not_tested	TRUE	TRUE
seed41	dominant_growth_rate	ST	513	2814	2814	0.02025668249417011	0.1	passed	0	nan	0.05	not_tested	resolution_not_tested	TRUE	TRUE
seed42	dominant_mean_ploidy	S1	513	2814	2814	0.045995270819495546	0.1	passed	0	nan	0.05	not_tested	resolution_not_tested	TRUE	TRUE
seed42	dominant_mean_ploidy	ST	513	2814	2814	0.1473311325843717	0.1	not_passed	0	nan	0.05	not_tested	not_passed	TRUE	TRUE
seed42	dominant_growth_rate	S1	513	2814	2814	0.029312586282546498	0.1	passed	0	nan	0.05	not_tested	resolution_not_tested	TRUE	TRUE
seed42	dominant_growth_rate	ST	513	2814	2814	0.04286652339780569	0.1	passed	0	nan	0.05	not_tested	resolution_not_tested	TRUE	TRUE
seed43	dominant_mean_ploidy	S1	513	2814	2814	0.018405767019509866	0.1	passed	0	nan	0.05	not_tested	resolution_not_tested	TRUE	TRUE
seed43	dominant_mean_ploidy	ST	513	2814	2814	0.11783383794423984	0.1	not_passed	0	nan	0.05	not_tested	not_passed	TRUE	TRUE
seed43	dominant_growth_rate	S1	513	2814	2814	0.020902830287192996	0.1	passed	0	nan	0.05	not_tested	resolution_not_tested	TRUE	TRUE
seed43	dominant_growth_rate	ST	513	2814	2814	0.02246565321519241	0.1	passed	0	nan	0.05	not_tested	resolution_not_tested	TRUE	TRUE
seed44	dominant_mean_ploidy	S1	513	2814	2814	0.011675118920538742	0.1	passed	0	nan	0.05	not_tested	resolution_not_tested	TRUE	TRUE
seed44	dominant_mean_ploidy	ST	513	2814	2814	0.03660591818171769	0.1	passed	0	nan	0.05	not_tested	resolution_not_tested	TRUE	TRUE
seed44	dominant_growth_rate	S1	513	2814	2814	0.03913461373952441	0.1	passed	0	nan	0.05	not_tested	resolution_not_tested	TRUE	TRUE
seed44	dominant_growth_rate	ST	513	2814	2814	0.03926554807704254	0.1	passed	0	nan	0.05	not_tested	resolution_not_tested	TRUE	TRUE
seed45	dominant_mean_ploidy	S1	513	2814	2814	0.05734842925411758	0.1	passed	0	nan	0.05	not_tested	resolution_not_tested	TRUE	TRUE
seed45	dominant_mean_ploidy	ST	513	2814	2814	0.17630429814733856	0.1	not_passed	0	nan	0.05	not_tested	not_passed	TRUE	TRUE
seed45	dominant_growth_rate	S1	513	2814	2814	0.032306961798289104	0.1	passed	0	nan	0.05	not_tested	resolution_not_tested	TRUE	TRUE
seed45	dominant_growth_rate	ST	513	2814	2814	0.044427286758025354	0.1	passed	0	nan	0.05	not_tested	resolution_not_tested	TRUE	TRUE
seed46	dominant_mean_ploidy	S1	513	2814	2814	0.07309152204632499	0.1	passed	0	nan	0.05	not_tested	resolution_not_tested	TRUE	TRUE
seed46	dominant_mean_ploidy	ST	513	2814	2814	0.44043735522352584	0.1	not_passed	0	nan	0.05	not_tested	not_passed	TRUE	TRUE
seed46	dominant_growth_rate	S1	513	2814	2814	0.16822639229874717	0.1	not_passed	0	nan	0.05	not_tested	not_passed	TRUE	TRUE
seed46	dominant_growth_rate	ST	513	2814	2814	0.1920120737648884	0.1	not_passed	0	nan	0.05	not_tested	not_passed	TRUE	TRUE
seed47	dominant_mean_ploidy	S1	513	2814	2814	0.044644088149707196	0.1	passed	0	nan	0.05	not_tested	resolution_not_tested	TRUE	TRUE
seed47	dominant_mean_ploidy	ST	513	2814	2814	0.10025540431377775	0.1	not_passed	0	nan	0.05	not_tested	not_passed	TRUE	TRUE
seed47	dominant_growth_rate	S1	513	2814	2814	0.025258927821063797	0.1	passed	0	nan	0.05	not_tested	resolution_not_tested	TRUE	TRUE
seed47	dominant_growth_rate	ST	513	2814	2814	0.031172358024580325	0.1	passed	0	nan	0.05	not_tested	resolution_not_tested	TRUE	TRUE
seed48	dominant_mean_ploidy	S1	513	2814	2814	0.01932820311505099	0.1	passed	0	nan	0.05	not_tested	resolution_not_tested	TRUE	TRUE
seed48	dominant_mean_ploidy	ST	513	2814	2814	0.09580118954176925	0.1	passed	0	nan	0.05	not_tested	resolution_not_tested	TRUE	TRUE
seed48	dominant_growth_rate	S1	513	2814	2814	0.013624264436645108	0.1	passed	0	nan	0.05	not_tested	resolution_not_tested	TRUE	TRUE
seed48	dominant_growth_rate	ST	513	2814	2814	0.013509610513709367	0.1	passed	0	nan	0.05	not_tested	resolution_not_tested	TRUE	TRUE
seed49	dominant_mean_ploidy	S1	513	2814	2814	0.08492254838399645	0.1	passed	0	nan	0.05	not_tested	resolution_not_tested	TRUE	TRUE
seed49	dominant_mean_ploidy	ST	513	2814	2814	0.2616601068443798	0.1	not_passed	0	nan	0.05	not_tested	not_passed	TRUE	TRUE
seed49	dominant_growth_rate	S1	513	2814	2814	0.05533769981561927	0.1	passed	0	nan	0.05	not_tested	resolution_not_tested	TRUE	TRUE
seed49	dominant_growth_rate	ST	513	2814	2814	0.08053066370341636	0.1	passed	0	nan	0.05	not_tested	resolution_not_tested	TRUE	TRUE
seed50	dominant_mean_ploidy	S1	513	2814	2814	0.07807877186338212	0.1	passed	0	nan	0.05	not_tested	resolution_not_tested	TRUE	TRUE
seed50	dominant_mean_ploidy	ST	513	2814	2814	0.4020676715336904	0.1	not_passed	0	nan	0.05	not_tested	not_passed	TRUE	TRUE
seed50	dominant_growth_rate	S1	513	2814	2814	0.06628380332034801	0.1	passed	0	nan	0.05	not_tested	resolution_not_tested	TRUE	TRUE
seed50	dominant_growth_rate	ST	513	2814	2814	0.09573524044150813	0.1	passed	0	nan	0.05	not_tested	resolution_not_tested	TRUE	TRUE
seed51	dominant_mean_ploidy	S1	513	2814	2814	0.04602456117462344	0.1	passed	0	nan	0.05	not_tested	resolution_not_tested	TRUE	TRUE
seed51	dominant_mean_ploidy	ST	513	2814	2814	0.13385494207767554	0.1	not_passed	0	nan	0.05	not_tested	not_passed	TRUE	TRUE
seed51	dominant_growth_rate	S1	513	2814	2814	0.05056616672110775	0.1	passed	0	nan	0.05	not_tested	resolution_not_tested	TRUE	TRUE
seed51	dominant_growth_rate	ST	513	2814	2814	0.05132985613065999	0.1	passed	0	nan	0.05	not_tested	resolution_not_tested	TRUE	TRUE
seed52	dominant_mean_ploidy	S1	513	2814	2814	0.05088024569672076	0.1	passed	0	nan	0.05	not_tested	resolution_not_tested	TRUE	TRUE
seed52	dominant_mean_ploidy	ST	513	2814	2814	0.12557203105025133	0.1	not_passed	0	nan	0.05	not_tested	not_passed	TRUE	TRUE
seed52	dominant_growth_rate	S1	513	2814	2814	0.04003823368465753	0.1	passed	0	nan	0.05	not_tested	resolution_not_tested	TRUE	TRUE
seed52	dominant_growth_rate	ST	513	2814	2814	0.06352363014621626	0.1	passed	0	nan	0.05	not_tested	resolution_not_tested	TRUE	TRUE
seed53	dominant_mean_ploidy	S1	513	2814	2814	0.025241846046769538	0.1	passed	0	nan	0.05	not_tested	resolution_not_tested	TRUE	TRUE
seed53	dominant_mean_ploidy	ST	513	2814	2814	0.20312575009652953	0.1	not_passed	0	nan	0.05	not_tested	not_passed	TRUE	TRUE
seed53	dominant_growth_rate	S1	513	2814	2814	0.017289339895889065	0.1	passed	0	nan	0.05	not_tested	resolution_not_tested	TRUE	TRUE
seed53	dominant_growth_rate	ST	513	2814	2814	0.01917355393094971	0.1	passed	0	nan	0.05	not_tested	resolution_not_tested	TRUE	TRUE
seed54	dominant_mean_ploidy	S1	513	2814	2814	0.03340015767392494	0.1	passed	0	nan	0.05	not_tested	resolution_not_tested	TRUE	TRUE
seed54	dominant_mean_ploidy	ST	513	2814	2814	0.13999022318491366	0.1	not_passed	0	nan	0.05	not_tested	not_passed	TRUE	TRUE
seed54	dominant_growth_rate	S1	513	2814	2814	0.047740142795305154	0.1	passed	0	nan	0.05	not_tested	resolution_not_tested	TRUE	TRUE
seed54	dominant_growth_rate	ST	513	2814	2814	0.05901971234386851	0.1	passed	0	nan	0.05	not_tested	resolution_not_tested	TRUE	TRUE
seed55	dominant_mean_ploidy	S1	513	2814	2814	0.044408031874824054	0.1	passed	0	nan	0.05	not_tested	resolution_not_tested	TRUE	TRUE
seed55	dominant_mean_ploidy	ST	513	2814	2814	0.10977969339478086	0.1	not_passed	0	nan	0.05	not_tested	not_passed	TRUE	TRUE
seed55	dominant_growth_rate	S1	513	2814	2814	0.060692178496844676	0.1	passed	0	nan	0.05	not_tested	resolution_not_tested	TRUE	TRUE
seed55	dominant_growth_rate	ST	513	2814	2814	0.07844000487760748	0.1	passed	0	nan	0.05	not_tested	resolution_not_tested	TRUE	TRUE
seed56	dominant_mean_ploidy	S1	513	2814	2814	0.050239675959006296	0.1	passed	0	nan	0.05	not_tested	resolution_not_tested	TRUE	TRUE
seed56	dominant_mean_ploidy	ST	513	2814	2814	0.20006549050947334	0.1	not_passed	0	nan	0.05	not_tested	not_passed	TRUE	TRUE
seed56	dominant_growth_rate	S1	513	2814	2814	0.050359649860703494	0.1	passed	0	nan	0.05	not_tested	resolution_not_tested	TRUE	TRUE
seed56	dominant_growth_rate	ST	513	2814	2814	0.0674783771828929	0.1	passed	0	nan	0.05	not_tested	resolution_not_tested	TRUE	TRUE
seed57	dominant_mean_ploidy	S1	513	2814	2814	0.0568193421803516	0.1	passed	0	nan	0.05	not_tested	resolution_not_tested	TRUE	TRUE
seed57	dominant_mean_ploidy	ST	513	2814	2814	0.1533483977737626	0.1	not_passed	0	nan	0.05	not_tested	not_passed	TRUE	TRUE
seed57	dominant_growth_rate	S1	513	2814	2814	0.05819255795013191	0.1	passed	0	nan	0.05	not_tested	resolution_not_tested	TRUE	TRUE
seed57	dominant_growth_rate	ST	513	2814	2814	0.05766429250613972	0.1	passed	0	nan	0.05	not_tested	resolution_not_tested	TRUE	TRUE
seed58	dominant_mean_ploidy	S1	513	2814	2814	0.05629467703878558	0.1	passed	0	nan	0.05	not_tested	resolution_not_tested	TRUE	TRUE
seed58	dominant_mean_ploidy	ST	513	2814	2814	0.13232377837166134	0.1	not_passed	0	nan	0.05	not_tested	not_passed	TRUE	TRUE
seed58	dominant_growth_rate	S1	513	2814	2814	0.04192985768253173	0.1	passed	0	nan	0.05	not_tested	resolution_not_tested	TRUE	TRUE
seed58	dominant_growth_rate	ST	513	2814	2814	0.052850926553035645	0.1	passed	0	nan	0.05	not_tested	resolution_not_tested	TRUE	TRUE
seed59	dominant_mean_ploidy	S1	513	2814	2814	0.029806213342560593	0.1	passed	0	nan	0.05	not_tested	resolution_not_tested	TRUE	TRUE
seed59	dominant_mean_ploidy	ST	513	2814	2814	0.13823814668311932	0.1	not_passed	0	nan	0.05	not_tested	not_passed	TRUE	TRUE
seed59	dominant_growth_rate	S1	513	2814	2814	0.019360635721783332	0.1	passed	0	nan	0.05	not_tested	resolution_not_tested	TRUE	TRUE
seed59	dominant_growth_rate	ST	513	2814	2814	0.023026737565129286	0.1	passed	0	nan	0.05	not_tested	resolution_not_tested	TRUE	TRUE
seed60	dominant_mean_ploidy	S1	513	2814	2814	0.06415132218107755	0.1	passed	0	nan	0.05	not_tested	resolution_not_tested	TRUE	TRUE
seed60	dominant_mean_ploidy	ST	513	2814	2814	0.17686905623764151	0.1	not_passed	0	nan	0.05	not_tested	not_passed	TRUE	TRUE
seed60	dominant_growth_rate	S1	513	2814	2814	0.049117537371738	0.1	passed	0	nan	0.05	not_tested	resolution_not_tested	TRUE	TRUE
seed60	dominant_growth_rate	ST	513	2814	2814	0.05239976374132515	0.1	passed	0	nan	0.05	not_tested	resolution_not_tested	TRUE	TRUE
seed61	dominant_mean_ploidy	S1	513	2814	2814	0.02703467149357499	0.1	passed	0	nan	0.05	not_tested	resolution_not_tested	TRUE	TRUE
seed61	dominant_mean_ploidy	ST	513	2814	2814	0.06673649038261	0.1	passed	0	nan	0.05	not_tested	resolution_not_tested	TRUE	TRUE
seed61	dominant_growth_rate	S1	513	2814	2814	0.012033374742174049	0.1	passed	0	nan	0.05	not_tested	resolution_not_tested	TRUE	TRUE
seed61	dominant_growth_rate	ST	513	2814	2814	0.011887967520691314	0.1	passed	0	nan	0.05	not_tested	resolution_not_tested	TRUE	TRUE
seed62	dominant_mean_ploidy	S1	513	2814	2814	0.05998080306718914	0.1	passed	0	nan	0.05	not_tested	resolution_not_tested	TRUE	TRUE
seed62	dominant_mean_ploidy	ST	513	2814	2814	0.39979411788304664	0.1	not_passed	0	nan	0.05	not_tested	not_passed	TRUE	TRUE
seed62	dominant_growth_rate	S1	513	2814	2814	0.03069097108084205	0.1	passed	0	nan	0.05	not_tested	resolution_not_tested	TRUE	TRUE
seed62	dominant_growth_rate	ST	513	2814	2814	0.046369371858844	0.1	passed	0	nan	0.05	not_tested	resolution_not_tested	TRUE	TRUE
seed63	dominant_mean_ploidy	S1	513	2814	2814	0.064840888287856	0.1	passed	0	nan	0.05	not_tested	resolution_not_tested	TRUE	TRUE
seed63	dominant_mean_ploidy	ST	513	2814	2814	0.20201918966892962	0.1	not_passed	0	nan	0.05	not_tested	not_passed	TRUE	TRUE
seed63	dominant_growth_rate	S1	513	2814	2814	0.02504457942537548	0.1	passed	0	nan	0.05	not_tested	resolution_not_tested	TRUE	TRUE
seed63	dominant_growth_rate	ST	513	2814	2814	0.026930160158374242	0.1	passed	0	nan	0.05	not_tested	resolution_not_tested	TRUE	TRUE
seed64	dominant_mean_ploidy	S1	513	2814	2814	0.026962491645349657	0.1	passed	0	nan	0.05	not_tested	resolution_not_tested	TRUE	TRUE
seed64	dominant_mean_ploidy	ST	513	2814	2814	0.20498277676871374	0.1	not_passed	0	nan	0.05	not_tested	not_passed	TRUE	TRUE
seed64	dominant_growth_rate	S1	513	2814	2814	0.045825441952685474	0.1	passed	0	nan	0.05	not_tested	resolution_not_tested	TRUE	TRUE
seed64	dominant_growth_rate	ST	513	2814	2814	0.04792218836707708	0.1	passed	0	nan	0.05	not_tested	resolution_not_tested	TRUE	TRUE
seed65	dominant_mean_ploidy	S1	513	2814	2814	0.05101327170618643	0.1	passed	0	nan	0.05	not_tested	resolution_not_tested	TRUE	TRUE
seed65	dominant_mean_ploidy	ST	513	2814	2814	0.20190062896848243	0.1	not_passed	0	nan	0.05	not_tested	not_passed	TRUE	TRUE
seed65	dominant_growth_rate	S1	513	2814	2814	0.0387792188298541	0.1	passed	0	nan	0.05	not_tested	resolution_not_tested	TRUE	TRUE
seed65	dominant_growth_rate	ST	513	2814	2814	0.04727894321152408	0.1	passed	0	nan	0.05	not_tested	resolution_not_tested	TRUE	TRUE
seed66	dominant_mean_ploidy	S1	513	2814	2814	0.032668040844558995	0.1	passed	2814	0.02117853132162218	0.05	passed	passed	TRUE	TRUE
seed66	dominant_mean_ploidy	ST	513	2814	2814	0.08097642445474507	0.1	passed	2814	0.05407934781142786	0.05	not_passed	not_passed	TRUE	TRUE
seed66	dominant_growth_rate	S1	513	2814	2814	0.0048430896541348245	0.1	passed	2814	0.004745253989653216	0.05	passed	passed	TRUE	TRUE
seed66	dominant_growth_rate	ST	513	2814	2814	0.005116988102213407	0.1	passed	2814	0.0064919839802326336	0.05	passed	passed	TRUE	TRUE
seed67	dominant_mean_ploidy	S1	513	2814	2814	0.09190136277577776	0.1	passed	0	nan	0.05	not_tested	resolution_not_tested	TRUE	TRUE
seed67	dominant_mean_ploidy	ST	513	2814	2814	0.2670731294780483	0.1	not_passed	0	nan	0.05	not_tested	not_passed	TRUE	TRUE
seed67	dominant_growth_rate	S1	513	2814	2814	0.0550461684841048	0.1	passed	0	nan	0.05	not_tested	resolution_not_tested	TRUE	TRUE
seed67	dominant_growth_rate	ST	513	2814	2814	0.06730827348692951	0.1	passed	0	nan	0.05	not_tested	resolution_not_tested	TRUE	TRUE
seed68	dominant_mean_ploidy	S1	513	2814	2814	0.05257153793018464	0.1	passed	0	nan	0.05	not_tested	resolution_not_tested	TRUE	TRUE
seed68	dominant_mean_ploidy	ST	513	2814	2814	0.18196142483147354	0.1	not_passed	0	nan	0.05	not_tested	not_passed	TRUE	TRUE
seed68	dominant_growth_rate	S1	513	2814	2814	0.028869831924521024	0.1	passed	0	nan	0.05	not_tested	resolution_not_tested	TRUE	TRUE
seed68	dominant_growth_rate	ST	513	2814	2814	0.044618960748624995	0.1	passed	0	nan	0.05	not_tested	resolution_not_tested	TRUE	TRUE
seed69	dominant_mean_ploidy	S1	513	2814	2814	0.0897221991560773	0.1	passed	0	nan	0.05	not_tested	resolution_not_tested	TRUE	TRUE
seed69	dominant_mean_ploidy	ST	513	2814	2814	0.21630042639362942	0.1	not_passed	0	nan	0.05	not_tested	not_passed	TRUE	TRUE
seed69	dominant_growth_rate	S1	513	2814	2814	0.059609242781287666	0.1	passed	0	nan	0.05	not_tested	resolution_not_tested	TRUE	TRUE
seed69	dominant_growth_rate	ST	513	2814	2814	0.08554844658722334	0.1	passed	0	nan	0.05	not_tested	resolution_not_tested	TRUE	TRUE
seed70	dominant_mean_ploidy	S1	513	2814	2814	0.05276279960550221	0.1	passed	0	nan	0.05	not_tested	resolution_not_tested	TRUE	TRUE
seed70	dominant_mean_ploidy	ST	513	2814	2814	0.1709559769417804	0.1	not_passed	0	nan	0.05	not_tested	not_passed	TRUE	TRUE
seed70	dominant_growth_rate	S1	513	2814	2814	0.027378565901920855	0.1	passed	0	nan	0.05	not_tested	resolution_not_tested	TRUE	TRUE
seed70	dominant_growth_rate	ST	513	2814	2814	0.05403603605114543	0.1	passed	0	nan	0.05	not_tested	resolution_not_tested	TRUE	TRUE
seed71	dominant_mean_ploidy	S1	513	2814	2814	0.035512620127419986	0.1	passed	0	nan	0.05	not_tested	resolution_not_tested	TRUE	TRUE
seed71	dominant_mean_ploidy	ST	513	2814	2814	0.09847914064630249	0.1	passed	0	nan	0.05	not_tested	resolution_not_tested	TRUE	TRUE
seed71	dominant_growth_rate	S1	513	2814	2814	0.06687686126976476	0.1	passed	0	nan	0.05	not_tested	resolution_not_tested	TRUE	TRUE
seed71	dominant_growth_rate	ST	513	2814	2814	0.07048040894804736	0.1	passed	0	nan	0.05	not_tested	resolution_not_tested	TRUE	TRUE
seed72	dominant_mean_ploidy	S1	513	2814	2814	0.04800249103903626	0.1	passed	0	nan	0.05	not_tested	resolution_not_tested	TRUE	TRUE
seed72	dominant_mean_ploidy	ST	513	2814	2814	0.11096198789534134	0.1	not_passed	0	nan	0.05	not_tested	not_passed	TRUE	TRUE
seed72	dominant_growth_rate	S1	513	2814	2814	0.04904801127405135	0.1	passed	0	nan	0.05	not_tested	resolution_not_tested	TRUE	TRUE
seed72	dominant_growth_rate	ST	513	2814	2814	0.09410646337801765	0.1	passed	0	nan	0.05	not_tested	resolution_not_tested	TRUE	TRUE
seed73	dominant_mean_ploidy	S1	513	2814	2814	0.022844504417339997	0.1	passed	0	nan	0.05	not_tested	resolution_not_tested	TRUE	TRUE
seed73	dominant_mean_ploidy	ST	513	2814	2814	0.0727161829178031	0.1	passed	0	nan	0.05	not_tested	resolution_not_tested	TRUE	TRUE
seed73	dominant_growth_rate	S1	513	2814	2814	0.0411611982746567	0.1	passed	0	nan	0.05	not_tested	resolution_not_tested	TRUE	TRUE
seed73	dominant_growth_rate	ST	513	2814	2814	0.05573837008814171	0.1	passed	0	nan	0.05	not_tested	resolution_not_tested	TRUE	TRUE
seed74	dominant_mean_ploidy	S1	513	2814	2814	0.0590827211922992	0.1	passed	0	nan	0.05	not_tested	resolution_not_tested	TRUE	TRUE
seed74	dominant_mean_ploidy	ST	513	2814	2814	0.22527890565609432	0.1	not_passed	0	nan	0.05	not_tested	not_passed	TRUE	TRUE
seed74	dominant_growth_rate	S1	513	2814	2814	0.02871991374721108	0.1	passed	0	nan	0.05	not_tested	resolution_not_tested	TRUE	TRUE
seed74	dominant_growth_rate	ST	513	2814	2814	0.03281874521085802	0.1	passed	0	nan	0.05	not_tested	resolution_not_tested	TRUE	TRUE
seed75	dominant_mean_ploidy	S1	513	2814	2814	0.06748401733655922	0.1	passed	0	nan	0.05	not_tested	resolution_not_tested	TRUE	TRUE
seed75	dominant_mean_ploidy	ST	513	2814	2814	0.2713014326612554	0.1	not_passed	0	nan	0.05	not_tested	not_passed	TRUE	TRUE
seed75	dominant_growth_rate	S1	513	2814	2814	0.061590778140938135	0.1	passed	0	nan	0.05	not_tested	resolution_not_tested	TRUE	TRUE
seed75	dominant_growth_rate	ST	513	2814	2814	0.11178278397909885	0.1	not_passed	0	nan	0.05	not_tested	not_passed	TRUE	TRUE
seed76	dominant_mean_ploidy	S1	513	2814	2814	0.06620220358249483	0.1	passed	0	nan	0.05	not_tested	resolution_not_tested	TRUE	TRUE
seed76	dominant_mean_ploidy	ST	513	2814	2814	0.17589451452845936	0.1	not_passed	0	nan	0.05	not_tested	not_passed	TRUE	TRUE
seed76	dominant_growth_rate	S1	513	2814	2814	0.06063524186091355	0.1	passed	0	nan	0.05	not_tested	resolution_not_tested	TRUE	TRUE
seed76	dominant_growth_rate	ST	513	2814	2814	0.0798477145394929	0.1	passed	0	nan	0.05	not_tested	resolution_not_tested	TRUE	TRUE
seed77	dominant_mean_ploidy	S1	513	2814	2814	0.04386581341774804	0.1	passed	0	nan	0.05	not_tested	resolution_not_tested	TRUE	TRUE
seed77	dominant_mean_ploidy	ST	513	2814	2814	0.18861896515231016	0.1	not_passed	0	nan	0.05	not_tested	not_passed	TRUE	TRUE
seed77	dominant_growth_rate	S1	513	2814	2814	0.047259799384681334	0.1	passed	0	nan	0.05	not_tested	resolution_not_tested	TRUE	TRUE
seed77	dominant_growth_rate	ST	513	2814	2814	0.05303507223012991	0.1	passed	0	nan	0.05	not_tested	resolution_not_tested	TRUE	TRUE
seed78	dominant_mean_ploidy	S1	513	2814	2814	0.02522224468524017	0.1	passed	0	nan	0.05	not_tested	resolution_not_tested	TRUE	TRUE
seed78	dominant_mean_ploidy	ST	513	2814	2814	0.11919259844577242	0.1	not_passed	0	nan	0.05	not_tested	not_passed	TRUE	TRUE
seed78	dominant_growth_rate	S1	513	2814	2814	0.02311869156411632	0.1	passed	0	nan	0.05	not_tested	resolution_not_tested	TRUE	TRUE
seed78	dominant_growth_rate	ST	513	2814	2814	0.02934915106510197	0.1	passed	0	nan	0.05	not_tested	resolution_not_tested	TRUE	TRUE
seed79	dominant_mean_ploidy	S1	513	2814	2814	0.05684870581253469	0.1	passed	0	nan	0.05	not_tested	resolution_not_tested	TRUE	TRUE
seed79	dominant_mean_ploidy	ST	513	2814	2814	0.233760594914188	0.1	not_passed	0	nan	0.05	not_tested	not_passed	TRUE	TRUE
seed79	dominant_growth_rate	S1	513	2814	2814	0.024570454873401183	0.1	passed	0	nan	0.05	not_tested	resolution_not_tested	TRUE	TRUE
seed79	dominant_growth_rate	ST	513	2814	2814	0.03803923799693124	0.1	passed	0	nan	0.05	not_tested	resolution_not_tested	TRUE	TRUE
seed80	dominant_mean_ploidy	S1	513	2814	2814	0.06578193122260774	0.1	passed	0	nan	0.05	not_tested	resolution_not_tested	TRUE	TRUE
seed80	dominant_mean_ploidy	ST	513	2814	2814	0.20844819972089587	0.1	not_passed	0	nan	0.05	not_tested	not_passed	TRUE	TRUE
seed80	dominant_growth_rate	S1	513	2814	2814	0.06081819184819576	0.1	passed	0	nan	0.05	not_tested	resolution_not_tested	TRUE	TRUE
seed80	dominant_growth_rate	ST	513	2814	2814	0.07675613599760295	0.1	passed	0	nan	0.05	not_tested	resolution_not_tested	TRUE	TRUE
seed81	dominant_mean_ploidy	S1	513	2814	2814	0.046538830434986425	0.1	passed	0	nan	0.05	not_tested	resolution_not_tested	TRUE	TRUE
seed81	dominant_mean_ploidy	ST	513	2814	2814	0.23948423152032486	0.1	not_passed	0	nan	0.05	not_tested	not_passed	TRUE	TRUE
seed81	dominant_growth_rate	S1	513	2814	2814	0.032184986149515524	0.1	passed	0	nan	0.05	not_tested	resolution_not_tested	TRUE	TRUE
seed81	dominant_growth_rate	ST	513	2814	2814	0.036617646369078834	0.1	passed	0	nan	0.05	not_tested	resolution_not_tested	TRUE	TRUE
seed82	dominant_mean_ploidy	S1	513	2814	2814	0.024232735896612304	0.1	passed	0	nan	0.05	not_tested	resolution_not_tested	TRUE	TRUE
seed82	dominant_mean_ploidy	ST	513	2814	2814	0.17751996096624187	0.1	not_passed	0	nan	0.05	not_tested	not_passed	TRUE	TRUE
seed82	dominant_growth_rate	S1	513	2814	2814	0.054175476659201326	0.1	passed	0	nan	0.05	not_tested	resolution_not_tested	TRUE	TRUE
seed82	dominant_growth_rate	ST	513	2814	2814	0.06763351795963216	0.1	passed	0	nan	0.05	not_tested	resolution_not_tested	TRUE	TRUE
seed83	dominant_mean_ploidy	S1	513	2814	2814	0.04511304137775562	0.1	passed	0	nan	0.05	not_tested	resolution_not_tested	TRUE	TRUE
seed83	dominant_mean_ploidy	ST	513	2814	2814	0.36986619379992525	0.1	not_passed	0	nan	0.05	not_tested	not_passed	TRUE	TRUE
seed83	dominant_growth_rate	S1	513	2814	2814	0.045113215292833825	0.1	passed	0	nan	0.05	not_tested	resolution_not_tested	TRUE	TRUE
seed83	dominant_growth_rate	ST	513	2814	2814	0.07168693706254615	0.1	passed	0	nan	0.05	not_tested	resolution_not_tested	TRUE	TRUE
seed84	dominant_mean_ploidy	S1	513	2814	2814	0.05579269812878619	0.1	passed	0	nan	0.05	not_tested	resolution_not_tested	TRUE	TRUE
seed84	dominant_mean_ploidy	ST	513	2814	2814	0.25869486468259834	0.1	not_passed	0	nan	0.05	not_tested	not_passed	TRUE	TRUE
seed84	dominant_growth_rate	S1	513	2814	2814	0.02902802722049188	0.1	passed	0	nan	0.05	not_tested	resolution_not_tested	TRUE	TRUE
seed84	dominant_growth_rate	ST	513	2814	2814	0.038257191716373797	0.1	passed	0	nan	0.05	not_tested	resolution_not_tested	TRUE	TRUE
seed85	dominant_mean_ploidy	S1	513	2814	2814	0.026575721254587382	0.1	passed	0	nan	0.05	not_tested	resolution_not_tested	TRUE	TRUE
seed85	dominant_mean_ploidy	ST	513	2814	2814	0.116666247076217	0.1	not_passed	0	nan	0.05	not_tested	not_passed	TRUE	TRUE
seed85	dominant_growth_rate	S1	513	2814	2814	0.04250888097772937	0.1	passed	0	nan	0.05	not_tested	resolution_not_tested	TRUE	TRUE
seed85	dominant_growth_rate	ST	513	2814	2814	0.05400045600801833	0.1	passed	0	nan	0.05	not_tested	resolution_not_tested	TRUE	TRUE
seed86	dominant_mean_ploidy	S1	513	2814	2814	0.056400680375106746	0.1	passed	0	nan	0.05	not_tested	resolution_not_tested	TRUE	TRUE
seed86	dominant_mean_ploidy	ST	513	2814	2814	0.27726946183173506	0.1	not_passed	0	nan	0.05	not_tested	not_passed	TRUE	TRUE
seed86	dominant_growth_rate	S1	513	2814	2814	0.041695654023992744	0.1	passed	0	nan	0.05	not_tested	resolution_not_tested	TRUE	TRUE
seed86	dominant_growth_rate	ST	513	2814	2814	0.0619107192922498	0.1	passed	0	nan	0.05	not_tested	resolution_not_tested	TRUE	TRUE
seed87	dominant_mean_ploidy	S1	513	2814	2814	0.04983916007803519	0.1	passed	0	nan	0.05	not_tested	resolution_not_tested	TRUE	TRUE
seed87	dominant_mean_ploidy	ST	513	2814	2814	0.19572805582035285	0.1	not_passed	0	nan	0.05	not_tested	not_passed	TRUE	TRUE
seed87	dominant_growth_rate	S1	513	2814	2814	0.06239504546156911	0.1	passed	0	nan	0.05	not_tested	resolution_not_tested	TRUE	TRUE
seed87	dominant_growth_rate	ST	513	2814	2814	0.07890687085287114	0.1	passed	0	nan	0.05	not_tested	resolution_not_tested	TRUE	TRUE
seed88	dominant_mean_ploidy	S1	513	2814	2814	0.018837617847437656	0.1	passed	0	nan	0.05	not_tested	resolution_not_tested	TRUE	TRUE
seed88	dominant_mean_ploidy	ST	513	2814	2814	0.1274524715616143	0.1	not_passed	0	nan	0.05	not_tested	not_passed	TRUE	TRUE
seed88	dominant_growth_rate	S1	513	2814	2814	0.010735442444083292	0.1	passed	0	nan	0.05	not_tested	resolution_not_tested	TRUE	TRUE
seed88	dominant_growth_rate	ST	513	2814	2814	0.011992151922392245	0.1	passed	0	nan	0.05	not_tested	resolution_not_tested	TRUE	TRUE
seed89	dominant_mean_ploidy	S1	513	2814	2814	0.04251724420262372	0.1	passed	0	nan	0.05	not_tested	resolution_not_tested	TRUE	TRUE
seed89	dominant_mean_ploidy	ST	513	2814	2814	0.1142874826745032	0.1	not_passed	0	nan	0.05	not_tested	not_passed	TRUE	TRUE
seed89	dominant_growth_rate	S1	513	2814	2814	0.04562470060468174	0.1	passed	0	nan	0.05	not_tested	resolution_not_tested	TRUE	TRUE
seed89	dominant_growth_rate	ST	513	2814	2814	0.05742046367259496	0.1	passed	0	nan	0.05	not_tested	resolution_not_tested	TRUE	TRUE
seed90	dominant_mean_ploidy	S1	513	2814	2814	0.06007043792754861	0.1	passed	0	nan	0.05	not_tested	resolution_not_tested	TRUE	TRUE
seed90	dominant_mean_ploidy	ST	513	2814	2814	0.19078552009546787	0.1	not_passed	0	nan	0.05	not_tested	not_passed	TRUE	TRUE
seed90	dominant_growth_rate	S1	513	2814	2814	0.007513968480568095	0.1	passed	0	nan	0.05	not_tested	resolution_not_tested	TRUE	TRUE
seed90	dominant_growth_rate	ST	513	2814	2814	0.010155699664126572	0.1	passed	0	nan	0.05	not_tested	resolution_not_tested	TRUE	TRUE
seed91	dominant_mean_ploidy	S1	513	2814	2814	0.06121720759134844	0.1	passed	0	nan	0.05	not_tested	resolution_not_tested	TRUE	TRUE
seed91	dominant_mean_ploidy	ST	513	2814	2814	0.21850607613191322	0.1	not_passed	0	nan	0.05	not_tested	not_passed	TRUE	TRUE
seed91	dominant_growth_rate	S1	513	2814	2814	0.049392428451748814	0.1	passed	0	nan	0.05	not_tested	resolution_not_tested	TRUE	TRUE
seed91	dominant_growth_rate	ST	513	2814	2814	0.06674543792293514	0.1	passed	0	nan	0.05	not_tested	resolution_not_tested	TRUE	TRUE
seed92	dominant_mean_ploidy	S1	513	2814	2814	0.013235231608588464	0.1	passed	0	nan	0.05	not_tested	resolution_not_tested	TRUE	TRUE
seed92	dominant_mean_ploidy	ST	513	2814	2814	0.04993669142476084	0.1	passed	0	nan	0.05	not_tested	resolution_not_tested	TRUE	TRUE
seed92	dominant_growth_rate	S1	513	2814	2814	0.02033815189713168	0.1	passed	0	nan	0.05	not_tested	resolution_not_tested	TRUE	TRUE
seed92	dominant_growth_rate	ST	513	2814	2814	0.025817100366219557	0.1	passed	0	nan	0.05	not_tested	resolution_not_tested	TRUE	TRUE
seed93	dominant_mean_ploidy	S1	513	2814	2814	0.07139122334458806	0.1	passed	0	nan	0.05	not_tested	resolution_not_tested	TRUE	TRUE
seed93	dominant_mean_ploidy	ST	513	2814	2814	0.24464782069822796	0.1	not_passed	0	nan	0.05	not_tested	not_passed	TRUE	TRUE
seed93	dominant_growth_rate	S1	513	2814	2814	0.07529740961661517	0.1	passed	0	nan	0.05	not_tested	resolution_not_tested	TRUE	TRUE
seed93	dominant_growth_rate	ST	513	2814	2814	0.11539714378180037	0.1	not_passed	0	nan	0.05	not_tested	not_passed	TRUE	TRUE
seed94	dominant_mean_ploidy	S1	513	2814	2814	0.061800768705858315	0.1	passed	0	nan	0.05	not_tested	resolution_not_tested	TRUE	TRUE
seed94	dominant_mean_ploidy	ST	513	2814	2814	0.15368182591768484	0.1	not_passed	0	nan	0.05	not_tested	not_passed	TRUE	TRUE
seed94	dominant_growth_rate	S1	513	2814	2814	0.05329147295444095	0.1	passed	0	nan	0.05	not_tested	resolution_not_tested	TRUE	TRUE
seed94	dominant_growth_rate	ST	513	2814	2814	0.06974403951088701	0.1	passed	0	nan	0.05	not_tested	resolution_not_tested	TRUE	TRUE
seed95	dominant_mean_ploidy	S1	513	2814	2814	0.052227075748121105	0.1	passed	0	nan	0.05	not_tested	resolution_not_tested	TRUE	TRUE
seed95	dominant_mean_ploidy	ST	513	2814	2814	0.15285415057590937	0.1	not_passed	0	nan	0.05	not_tested	not_passed	TRUE	TRUE
seed95	dominant_growth_rate	S1	513	2814	2814	0.0658629506508754	0.1	passed	0	nan	0.05	not_tested	resolution_not_tested	TRUE	TRUE
seed95	dominant_growth_rate	ST	513	2814	2814	0.08613751424918492	0.1	passed	0	nan	0.05	not_tested	resolution_not_tested	TRUE	TRUE
seed96	dominant_mean_ploidy	S1	513	2814	2814	0.02785376081854832	0.1	passed	0	nan	0.05	not_tested	resolution_not_tested	TRUE	TRUE
seed96	dominant_mean_ploidy	ST	513	2814	2814	0.1663146521464986	0.1	not_passed	0	nan	0.05	not_tested	not_passed	TRUE	TRUE
seed96	dominant_growth_rate	S1	513	2814	2814	0.023481889107253965	0.1	passed	0	nan	0.05	not_tested	resolution_not_tested	TRUE	TRUE
seed96	dominant_growth_rate	ST	513	2814	2814	0.029293056097773603	0.1	passed	0	nan	0.05	not_tested	resolution_not_tested	TRUE	TRUE
seed97	dominant_mean_ploidy	S1	513	2814	2814	0.04193111107671601	0.1	passed	0	nan	0.05	not_tested	resolution_not_tested	TRUE	TRUE
seed97	dominant_mean_ploidy	ST	513	2814	2814	0.1763004096628599	0.1	not_passed	0	nan	0.05	not_tested	not_passed	TRUE	TRUE
seed97	dominant_growth_rate	S1	513	2814	2814	0.05060505267833313	0.1	passed	0	nan	0.05	not_tested	resolution_not_tested	TRUE	TRUE
seed97	dominant_growth_rate	ST	513	2814	2814	0.06512283100620253	0.1	passed	0	nan	0.05	not_tested	resolution_not_tested	TRUE	TRUE
seed98	dominant_mean_ploidy	S1	513	2814	2814	0.0076481490453918066	0.1	passed	0	nan	0.05	not_tested	resolution_not_tested	TRUE	TRUE
seed98	dominant_mean_ploidy	ST	513	2814	2814	0.06745774857157405	0.1	passed	0	nan	0.05	not_tested	resolution_not_tested	TRUE	TRUE
seed98	dominant_growth_rate	S1	513	2814	2814	0.003234225962879064	0.1	passed	0	nan	0.05	not_tested	resolution_not_tested	TRUE	TRUE
seed98	dominant_growth_rate	ST	513	2814	2814	0.0037177413915519225	0.1	passed	0	nan	0.05	not_tested	resolution_not_tested	TRUE	TRUE
seed99	dominant_mean_ploidy	S1	513	2814	2814	0.03545655624674084	0.1	passed	0	nan	0.05	not_tested	resolution_not_tested	TRUE	TRUE
seed99	dominant_mean_ploidy	ST	513	2814	2814	0.10887642336898222	0.1	not_passed	0	nan	0.05	not_tested	not_passed	TRUE	TRUE
seed99	dominant_growth_rate	S1	513	2814	2814	0.058102267028514336	0.1	passed	0	nan	0.05	not_tested	resolution_not_tested	TRUE	TRUE
seed99	dominant_growth_rate	ST	513	2814	2814	0.07715739325578802	0.1	passed	0	nan	0.05	not_tested	resolution_not_tested	TRUE	TRUE
seed100	dominant_mean_ploidy	S1	513	2814	2814	0.04186779852518348	0.1	passed	0	nan	0.05	not_tested	resolution_not_tested	TRUE	TRUE
seed100	dominant_mean_ploidy	ST	513	2814	2814	0.12929645693952532	0.1	not_passed	0	nan	0.05	not_tested	not_passed	TRUE	TRUE
seed100	dominant_growth_rate	S1	513	2814	2814	0.04644318921191573	0.1	passed	0	nan	0.05	not_tested	resolution_not_tested	TRUE	TRUE
seed100	dominant_growth_rate	ST	513	2814	2814	0.06802168769168848	0.1	passed	0	nan	0.05	not_tested	resolution_not_tested	TRUE	TRUE
seed101	dominant_mean_ploidy	S1	513	2814	2814	0.03621940391883695	0.1	passed	0	nan	0.05	not_tested	resolution_not_tested	TRUE	TRUE
seed101	dominant_mean_ploidy	ST	513	2814	2814	0.5950403594437869	0.1	not_passed	0	nan	0.05	not_tested	not_passed	TRUE	TRUE
seed101	dominant_growth_rate	S1	513	2814	2814	0.03875892009656857	0.1	passed	0	nan	0.05	not_tested	resolution_not_tested	TRUE	TRUE
seed101	dominant_growth_rate	ST	513	2814	2814	0.05153578387260947	0.1	passed	0	nan	0.05	not_tested	resolution_not_tested	TRUE	TRUE
seed102	dominant_mean_ploidy	S1	513	2814	2814	0.05882986744346048	0.1	passed	0	nan	0.05	not_tested	resolution_not_tested	TRUE	TRUE
seed102	dominant_mean_ploidy	ST	513	2814	2814	0.16462095457543374	0.1	not_passed	0	nan	0.05	not_tested	not_passed	TRUE	TRUE
seed102	dominant_growth_rate	S1	513	2814	2814	0.07150132394965478	0.1	passed	0	nan	0.05	not_tested	resolution_not_tested	TRUE	TRUE
seed102	dominant_growth_rate	ST	513	2814	2814	0.10384864774873313	0.1	not_passed	0	nan	0.05	not_tested	not_passed	TRUE	TRUE
seed103	dominant_mean_ploidy	S1	513	2814	2814	0.051286338204536056	0.1	passed	0	nan	0.05	not_tested	resolution_not_tested	TRUE	TRUE
seed103	dominant_mean_ploidy	ST	513	2814	2814	0.22997962443981831	0.1	not_passed	0	nan	0.05	not_tested	not_passed	TRUE	TRUE
seed103	dominant_growth_rate	S1	513	2814	2814	0.0411662836660496	0.1	passed	0	nan	0.05	not_tested	resolution_not_tested	TRUE	TRUE
seed103	dominant_growth_rate	ST	513	2814	2814	0.04923248465292751	0.1	passed	0	nan	0.05	not_tested	resolution_not_tested	TRUE	TRUE
seed104	dominant_mean_ploidy	S1	513	2814	2814	0.053414382467665104	0.1	passed	0	nan	0.05	not_tested	resolution_not_tested	TRUE	TRUE
seed104	dominant_mean_ploidy	ST	513	2814	2814	0.2041437294145186	0.1	not_passed	0	nan	0.05	not_tested	not_passed	TRUE	TRUE
seed104	dominant_growth_rate	S1	513	2814	2814	0.053964989446831535	0.1	passed	0	nan	0.05	not_tested	resolution_not_tested	TRUE	TRUE
seed104	dominant_growth_rate	ST	513	2814	2814	0.07156871176762458	0.1	passed	0	nan	0.05	not_tested	resolution_not_tested	TRUE	TRUE
seed105	dominant_mean_ploidy	S1	513	2814	2814	0.02129632207928439	0.1	passed	0	nan	0.05	not_tested	resolution_not_tested	TRUE	TRUE
seed105	dominant_mean_ploidy	ST	513	2814	2814	0.07830246885379394	0.1	passed	0	nan	0.05	not_tested	resolution_not_tested	TRUE	TRUE
seed105	dominant_growth_rate	S1	513	2814	2814	0.007873926244165906	0.1	passed	0	nan	0.05	not_tested	resolution_not_tested	TRUE	TRUE
seed105	dominant_growth_rate	ST	513	2814	2814	0.008268097099905114	0.1	passed	0	nan	0.05	not_tested	resolution_not_tested	TRUE	TRUE
seed106	dominant_mean_ploidy	S1	513	2814	2814	0.05053841953140414	0.1	passed	0	nan	0.05	not_tested	resolution_not_tested	TRUE	TRUE
seed106	dominant_mean_ploidy	ST	513	2814	2814	0.15664844640743864	0.1	not_passed	0	nan	0.05	not_tested	not_passed	TRUE	TRUE
seed106	dominant_growth_rate	S1	513	2814	2814	0.04948114592513967	0.1	passed	0	nan	0.05	not_tested	resolution_not_tested	TRUE	TRUE
seed106	dominant_growth_rate	ST	513	2814	2814	0.06027015173025318	0.1	passed	0	nan	0.05	not_tested	resolution_not_tested	TRUE	TRUE
seed107	dominant_mean_ploidy	S1	513	2814	2814	0.06852576426807752	0.1	passed	0	nan	0.05	not_tested	resolution_not_tested	TRUE	TRUE
seed107	dominant_mean_ploidy	ST	513	2814	2814	0.16491053800222566	0.1	not_passed	0	nan	0.05	not_tested	not_passed	TRUE	TRUE
seed107	dominant_growth_rate	S1	513	2814	2814	0.03344033485016705	0.1	passed	0	nan	0.05	not_tested	resolution_not_tested	TRUE	TRUE
seed107	dominant_growth_rate	ST	513	2814	2814	0.0411732785525414	0.1	passed	0	nan	0.05	not_tested	resolution_not_tested	TRUE	TRUE
seed108	dominant_mean_ploidy	S1	513	2814	2814	0.043602312093431066	0.1	passed	0	nan	0.05	not_tested	resolution_not_tested	TRUE	TRUE
seed108	dominant_mean_ploidy	ST	513	2814	2814	0.14108134674160494	0.1	not_passed	0	nan	0.05	not_tested	not_passed	TRUE	TRUE
seed108	dominant_growth_rate	S1	513	2814	2814	0.04830507087074119	0.1	passed	0	nan	0.05	not_tested	resolution_not_tested	TRUE	TRUE
seed108	dominant_growth_rate	ST	513	2814	2814	0.06351277896624848	0.1	passed	0	nan	0.05	not_tested	resolution_not_tested	TRUE	TRUE
seed109	dominant_mean_ploidy	S1	513	2814	2814	0.04357513175308228	0.1	passed	0	nan	0.05	not_tested	resolution_not_tested	TRUE	TRUE
seed109	dominant_mean_ploidy	ST	513	2814	2814	0.1975070680300932	0.1	not_passed	0	nan	0.05	not_tested	not_passed	TRUE	TRUE
seed109	dominant_growth_rate	S1	513	2814	2814	0.049495905709570444	0.1	passed	0	nan	0.05	not_tested	resolution_not_tested	TRUE	TRUE
seed109	dominant_growth_rate	ST	513	2814	2814	0.062493893119238454	0.1	passed	0	nan	0.05	not_tested	resolution_not_tested	TRUE	TRUE
seed110	dominant_mean_ploidy	S1	513	2814	2814	0.056279646419192364	0.1	passed	0	nan	0.05	not_tested	resolution_not_tested	TRUE	TRUE
seed110	dominant_mean_ploidy	ST	513	2814	2814	0.13856988754545196	0.1	not_passed	0	nan	0.05	not_tested	not_passed	TRUE	TRUE
seed110	dominant_growth_rate	S1	513	2814	2814	0.08537751586802293	0.1	passed	0	nan	0.05	not_tested	resolution_not_tested	TRUE	TRUE
seed110	dominant_growth_rate	ST	513	2814	2814	0.10477960402444972	0.1	not_passed	0	nan	0.05	not_tested	not_passed	TRUE	TRUE
seed111	dominant_mean_ploidy	S1	513	2814	2814	0.059555465060822675	0.1	passed	0	nan	0.05	not_tested	resolution_not_tested	TRUE	TRUE
seed111	dominant_mean_ploidy	ST	513	2814	2814	0.1830497351838191	0.1	not_passed	0	nan	0.05	not_tested	not_passed	TRUE	TRUE
seed111	dominant_growth_rate	S1	513	2814	2814	0.01734617735195201	0.1	passed	0	nan	0.05	not_tested	resolution_not_tested	TRUE	TRUE
seed111	dominant_growth_rate	ST	513	2814	2814	0.029723135168455775	0.1	passed	0	nan	0.05	not_tested	resolution_not_tested	TRUE	TRUE
seed112	dominant_mean_ploidy	S1	513	2814	2814	0.06221325790433725	0.1	passed	0	nan	0.05	not_tested	resolution_not_tested	TRUE	TRUE
seed112	dominant_mean_ploidy	ST	513	2814	2814	0.19283877335193877	0.1	not_passed	0	nan	0.05	not_tested	not_passed	TRUE	TRUE
seed112	dominant_growth_rate	S1	513	2814	2814	0.03671866445775643	0.1	passed	0	nan	0.05	not_tested	resolution_not_tested	TRUE	TRUE
seed112	dominant_growth_rate	ST	513	2814	2814	0.06152324745195506	0.1	passed	0	nan	0.05	not_tested	resolution_not_tested	TRUE	TRUE
seed113	dominant_mean_ploidy	S1	513	2814	2814	0.03212966687583359	0.1	passed	0	nan	0.05	not_tested	resolution_not_tested	TRUE	TRUE
seed113	dominant_mean_ploidy	ST	513	2814	2814	0.10929057350719255	0.1	not_passed	0	nan	0.05	not_tested	not_passed	TRUE	TRUE
seed113	dominant_growth_rate	S1	513	2814	2814	0.04136162969795879	0.1	passed	0	nan	0.05	not_tested	resolution_not_tested	TRUE	TRUE
seed113	dominant_growth_rate	ST	513	2814	2814	0.05005046648684946	0.1	passed	0	nan	0.05	not_tested	resolution_not_tested	TRUE	TRUE
seed114	dominant_mean_ploidy	S1	513	2814	2814	0.03451313711354532	0.1	passed	0	nan	0.05	not_tested	resolution_not_tested	TRUE	TRUE
seed114	dominant_mean_ploidy	ST	513	2814	2814	0.14516287644778642	0.1	not_passed	0	nan	0.05	not_tested	not_passed	TRUE	TRUE
seed114	dominant_growth_rate	S1	513	2814	2814	0.011990715487098883	0.1	passed	0	nan	0.05	not_tested	resolution_not_tested	TRUE	TRUE
seed114	dominant_growth_rate	ST	513	2814	2814	0.0152675399030067	0.1	passed	0	nan	0.05	not_tested	resolution_not_tested	TRUE	TRUE
seed115	dominant_mean_ploidy	S1	513	2814	2814	0.017509338432646775	0.1	passed	0	nan	0.05	not_tested	resolution_not_tested	TRUE	TRUE
seed115	dominant_mean_ploidy	ST	513	2814	2814	0.024786009450759997	0.1	passed	0	nan	0.05	not_tested	resolution_not_tested	TRUE	TRUE
seed115	dominant_growth_rate	S1	513	2814	2814	0.01260887418847771	0.1	passed	0	nan	0.05	not_tested	resolution_not_tested	TRUE	TRUE
seed115	dominant_growth_rate	ST	513	2814	2814	0.014159533580307561	0.1	passed	0	nan	0.05	not_tested	resolution_not_tested	TRUE	TRUE
seed116	dominant_mean_ploidy	S1	513	2814	2814	0.03107144640039076	0.1	passed	0	nan	0.05	not_tested	resolution_not_tested	TRUE	TRUE
seed116	dominant_mean_ploidy	ST	513	2814	2814	0.10809736009176726	0.1	not_passed	0	nan	0.05	not_tested	not_passed	TRUE	TRUE
seed116	dominant_growth_rate	S1	513	2814	2814	0.044291131446796896	0.1	passed	0	nan	0.05	not_tested	resolution_not_tested	TRUE	TRUE
seed116	dominant_growth_rate	ST	513	2814	2814	0.060784831223378334	0.1	passed	0	nan	0.05	not_tested	resolution_not_tested	TRUE	TRUE
seed117	dominant_mean_ploidy	S1	513	2814	2814	0.07072234260414402	0.1	passed	0	nan	0.05	not_tested	resolution_not_tested	TRUE	TRUE
seed117	dominant_mean_ploidy	ST	513	2814	2814	0.22079445346715898	0.1	not_passed	0	nan	0.05	not_tested	not_passed	TRUE	TRUE
seed117	dominant_growth_rate	S1	513	2814	2814	0.05298139057340869	0.1	passed	0	nan	0.05	not_tested	resolution_not_tested	TRUE	TRUE
seed117	dominant_growth_rate	ST	513	2814	2814	0.07180116834790667	0.1	passed	0	nan	0.05	not_tested	resolution_not_tested	TRUE	TRUE
seed118	dominant_mean_ploidy	S1	513	2814	2814	0.0287341465965548	0.1	passed	0	nan	0.05	not_tested	resolution_not_tested	TRUE	TRUE
seed118	dominant_mean_ploidy	ST	513	2814	2814	0.11861962082457421	0.1	not_passed	0	nan	0.05	not_tested	not_passed	TRUE	TRUE
seed118	dominant_growth_rate	S1	513	2814	2814	0.05216517012802	0.1	passed	0	nan	0.05	not_tested	resolution_not_tested	TRUE	TRUE
seed118	dominant_growth_rate	ST	513	2814	2814	0.05697018507814287	0.1	passed	0	nan	0.05	not_tested	resolution_not_tested	TRUE	TRUE
seed119	dominant_mean_ploidy	S1	513	2814	2814	0.053101247598391646	0.1	passed	0	nan	0.05	not_tested	resolution_not_tested	TRUE	TRUE
seed119	dominant_mean_ploidy	ST	513	2814	2814	0.17243167559745326	0.1	not_passed	0	nan	0.05	not_tested	not_passed	TRUE	TRUE
seed119	dominant_growth_rate	S1	513	2814	2814	0.04205332552978277	0.1	passed	0	nan	0.05	not_tested	resolution_not_tested	TRUE	TRUE
seed119	dominant_growth_rate	ST	513	2814	2814	0.0515999502618572	0.1	passed	0	nan	0.05	not_tested	resolution_not_tested	TRUE	TRUE
seed120	dominant_mean_ploidy	S1	513	2814	2814	0.06316180796313997	0.1	passed	0	nan	0.05	not_tested	resolution_not_tested	TRUE	TRUE
seed120	dominant_mean_ploidy	ST	513	2814	2814	0.14746382380761508	0.1	not_passed	0	nan	0.05	not_tested	not_passed	TRUE	TRUE
seed120	dominant_growth_rate	S1	513	2814	2814	0.053546855194744045	0.1	passed	0	nan	0.05	not_tested	resolution_not_tested	TRUE	TRUE
seed120	dominant_growth_rate	ST	513	2814	2814	0.07043246530126955	0.1	passed	0	nan	0.05	not_tested	resolution_not_tested	TRUE	TRUE
seed121	dominant_mean_ploidy	S1	513	2814	2814	0.01997636115099571	0.1	passed	0	nan	0.05	not_tested	resolution_not_tested	TRUE	TRUE
seed121	dominant_mean_ploidy	ST	513	2814	2814	0.1347157465872963	0.1	not_passed	0	nan	0.05	not_tested	not_passed	TRUE	TRUE
seed121	dominant_growth_rate	S1	513	2814	2814	0.017492770144965322	0.1	passed	0	nan	0.05	not_tested	resolution_not_tested	TRUE	TRUE
seed121	dominant_growth_rate	ST	513	2814	2814	0.019903748358272712	0.1	passed	0	nan	0.05	not_tested	resolution_not_tested	TRUE	TRUE
seed122	dominant_mean_ploidy	S1	513	2814	2814	0.04925030034050289	0.1	passed	0	nan	0.05	not_tested	resolution_not_tested	TRUE	TRUE
seed122	dominant_mean_ploidy	ST	513	2814	2814	0.19762710974312186	0.1	not_passed	0	nan	0.05	not_tested	not_passed	TRUE	TRUE
seed122	dominant_growth_rate	S1	513	2814	2814	0.017274282183259243	0.1	passed	0	nan	0.05	not_tested	resolution_not_tested	TRUE	TRUE
seed122	dominant_growth_rate	ST	513	2814	2814	0.026191173765006032	0.1	passed	0	nan	0.05	not_tested	resolution_not_tested	TRUE	TRUE
seed123	dominant_mean_ploidy	S1	513	2814	2814	0.05483043246614473	0.1	passed	0	nan	0.05	not_tested	resolution_not_tested	TRUE	TRUE
seed123	dominant_mean_ploidy	ST	513	2814	2814	0.1637897320466815	0.1	not_passed	0	nan	0.05	not_tested	not_passed	TRUE	TRUE
seed123	dominant_growth_rate	S1	513	2814	2814	0.024931417991498114	0.1	passed	0	nan	0.05	not_tested	resolution_not_tested	TRUE	TRUE
seed123	dominant_growth_rate	ST	513	2814	2814	0.06921936403388952	0.1	passed	0	nan	0.05	not_tested	resolution_not_tested	TRUE	TRUE
seed124	dominant_mean_ploidy	S1	513	2814	2814	0.015224818396625206	0.1	passed	0	nan	0.05	not_tested	resolution_not_tested	TRUE	TRUE
seed124	dominant_mean_ploidy	ST	513	2814	2814	0.11132639973976252	0.1	not_passed	0	nan	0.05	not_tested	not_passed	TRUE	TRUE
seed124	dominant_growth_rate	S1	513	2814	2814	0.011115903343282354	0.1	passed	0	nan	0.05	not_tested	resolution_not_tested	TRUE	TRUE
seed124	dominant_growth_rate	ST	513	2814	2814	0.015965134746973676	0.1	passed	0	nan	0.05	not_tested	resolution_not_tested	TRUE	TRUE
seed125	dominant_mean_ploidy	S1	513	2814	2814	0.07697624868619721	0.1	passed	0	nan	0.05	not_tested	resolution_not_tested	TRUE	TRUE
seed125	dominant_mean_ploidy	ST	513	2814	2814	0.20456170741777382	0.1	not_passed	0	nan	0.05	not_tested	not_passed	TRUE	TRUE
seed125	dominant_growth_rate	S1	513	2814	2814	0.0487746217586765	0.1	passed	0	nan	0.05	not_tested	resolution_not_tested	TRUE	TRUE
seed125	dominant_growth_rate	ST	513	2814	2814	0.0671269454510638	0.1	passed	0	nan	0.05	not_tested	resolution_not_tested	TRUE	TRUE
seed126	dominant_mean_ploidy	S1	513	2814	2814	0.0259303767210309	0.1	passed	0	nan	0.05	not_tested	resolution_not_tested	TRUE	TRUE
seed126	dominant_mean_ploidy	ST	513	2814	2814	0.09097774104717465	0.1	passed	0	nan	0.05	not_tested	resolution_not_tested	TRUE	TRUE
seed126	dominant_growth_rate	S1	513	2814	2814	0.04231627950790208	0.1	passed	0	nan	0.05	not_tested	resolution_not_tested	TRUE	TRUE
seed126	dominant_growth_rate	ST	513	2814	2814	0.04421860528663303	0.1	passed	0	nan	0.05	not_tested	resolution_not_tested	TRUE	TRUE
seed127	dominant_mean_ploidy	S1	513	2814	2814	0.04102010629710052	0.1	passed	0	nan	0.05	not_tested	resolution_not_tested	TRUE	TRUE
seed127	dominant_mean_ploidy	ST	513	2814	2814	0.22334163653003297	0.1	not_passed	0	nan	0.05	not_tested	not_passed	TRUE	TRUE
seed127	dominant_growth_rate	S1	513	2814	2814	0.02701171698804965	0.1	passed	0	nan	0.05	not_tested	resolution_not_tested	TRUE	TRUE
seed127	dominant_growth_rate	ST	513	2814	2814	0.038379846006085065	0.1	passed	0	nan	0.05	not_tested	resolution_not_tested	TRUE	TRUE
seed128	dominant_mean_ploidy	S1	513	2814	2814	0.04660368484221856	0.1	passed	0	nan	0.05	not_tested	resolution_not_tested	TRUE	TRUE
seed128	dominant_mean_ploidy	ST	513	2814	2814	0.10358737707938712	0.1	not_passed	0	nan	0.05	not_tested	not_passed	TRUE	TRUE
seed128	dominant_growth_rate	S1	513	2814	2814	0.026152787537881892	0.1	passed	0	nan	0.05	not_tested	resolution_not_tested	TRUE	TRUE
seed128	dominant_growth_rate	ST	513	2814	2814	0.037419975427982366	0.1	passed	0	nan	0.05	not_tested	resolution_not_tested	TRUE	TRUE
seed129	dominant_mean_ploidy	S1	513	2814	2814	0.036171676277798194	0.1	passed	0	nan	0.05	not_tested	resolution_not_tested	TRUE	TRUE
seed129	dominant_mean_ploidy	ST	513	2814	2814	0.12777260966087603	0.1	not_passed	0	nan	0.05	not_tested	not_passed	TRUE	TRUE
seed129	dominant_growth_rate	S1	513	2814	2814	0.024937414106519836	0.1	passed	0	nan	0.05	not_tested	resolution_not_tested	TRUE	TRUE
seed129	dominant_growth_rate	ST	513	2814	2814	0.03514788661584403	0.1	passed	0	nan	0.05	not_tested	resolution_not_tested	TRUE	TRUE
seed130	dominant_mean_ploidy	S1	513	2814	2814	0.046777205485065323	0.1	passed	0	nan	0.05	not_tested	resolution_not_tested	TRUE	TRUE
seed130	dominant_mean_ploidy	ST	513	2814	2814	0.13205487096588728	0.1	not_passed	0	nan	0.05	not_tested	not_passed	TRUE	TRUE
seed130	dominant_growth_rate	S1	513	2814	2814	0.04752601419109429	0.1	passed	0	nan	0.05	not_tested	resolution_not_tested	TRUE	TRUE
seed130	dominant_growth_rate	ST	513	2814	2814	0.05906857796281332	0.1	passed	0	nan	0.05	not_tested	resolution_not_tested	TRUE	TRUE
seed131	dominant_mean_ploidy	S1	513	2814	2814	0.07730213529853215	0.1	passed	0	nan	0.05	not_tested	resolution_not_tested	TRUE	TRUE
seed131	dominant_mean_ploidy	ST	513	2814	2814	0.28563640496991366	0.1	not_passed	0	nan	0.05	not_tested	not_passed	TRUE	TRUE
seed131	dominant_growth_rate	S1	513	2814	2814	0.050424100414264275	0.1	passed	0	nan	0.05	not_tested	resolution_not_tested	TRUE	TRUE
seed131	dominant_growth_rate	ST	513	2814	2814	0.06787471804443825	0.1	passed	0	nan	0.05	not_tested	resolution_not_tested	TRUE	TRUE
seed132	dominant_mean_ploidy	S1	513	2814	2814	0.046057335407171274	0.1	passed	0	nan	0.05	not_tested	resolution_not_tested	TRUE	TRUE
seed132	dominant_mean_ploidy	ST	513	2814	2814	0.1260404999679874	0.1	not_passed	0	nan	0.05	not_tested	not_passed	TRUE	TRUE
seed132	dominant_growth_rate	S1	513	2814	2814	0.03457964657311499	0.1	passed	0	nan	0.05	not_tested	resolution_not_tested	TRUE	TRUE
seed132	dominant_growth_rate	ST	513	2814	2814	0.05600463033609108	0.1	passed	0	nan	0.05	not_tested	resolution_not_tested	TRUE	TRUE
seed133	dominant_mean_ploidy	S1	513	2814	2814	0.023256572801183914	0.1	passed	0	nan	0.05	not_tested	resolution_not_tested	TRUE	TRUE
seed133	dominant_mean_ploidy	ST	513	2814	2814	0.13215963248016277	0.1	not_passed	0	nan	0.05	not_tested	not_passed	TRUE	TRUE
seed133	dominant_growth_rate	S1	513	2814	2814	0.01672396479626402	0.1	passed	0	nan	0.05	not_tested	resolution_not_tested	TRUE	TRUE
seed133	dominant_growth_rate	ST	513	2814	2814	0.021028537703274775	0.1	passed	0	nan	0.05	not_tested	resolution_not_tested	TRUE	TRUE
seed134	dominant_mean_ploidy	S1	513	2814	2814	0.024946418258544153	0.1	passed	0	nan	0.05	not_tested	resolution_not_tested	TRUE	TRUE
seed134	dominant_mean_ploidy	ST	513	2814	2814	0.09125004014317152	0.1	passed	0	nan	0.05	not_tested	resolution_not_tested	TRUE	TRUE
seed134	dominant_growth_rate	S1	513	2814	2814	0.03518774816800308	0.1	passed	0	nan	0.05	not_tested	resolution_not_tested	TRUE	TRUE
seed134	dominant_growth_rate	ST	513	2814	2814	0.0509292439995551	0.1	passed	0	nan	0.05	not_tested	resolution_not_tested	TRUE	TRUE
seed135	dominant_mean_ploidy	S1	513	2814	2814	0.04517032074076285	0.1	passed	0	nan	0.05	not_tested	resolution_not_tested	TRUE	TRUE
seed135	dominant_mean_ploidy	ST	513	2814	2814	0.13854801494392266	0.1	not_passed	0	nan	0.05	not_tested	not_passed	TRUE	TRUE
seed135	dominant_growth_rate	S1	513	2814	2814	0.041787162469420096	0.1	passed	0	nan	0.05	not_tested	resolution_not_tested	TRUE	TRUE
seed135	dominant_growth_rate	ST	513	2814	2814	0.06789855505424643	0.1	passed	0	nan	0.05	not_tested	resolution_not_tested	TRUE	TRUE
seed136	dominant_mean_ploidy	S1	513	2814	2814	0.054106776745664775	0.1	passed	0	nan	0.05	not_tested	resolution_not_tested	TRUE	TRUE
seed136	dominant_mean_ploidy	ST	513	2814	2814	0.2077233711307213	0.1	not_passed	0	nan	0.05	not_tested	not_passed	TRUE	TRUE
seed136	dominant_growth_rate	S1	513	2814	2814	0.017578436446926853	0.1	passed	0	nan	0.05	not_tested	resolution_not_tested	TRUE	TRUE
seed136	dominant_growth_rate	ST	513	2814	2814	0.02862004191663854	0.1	passed	0	nan	0.05	not_tested	resolution_not_tested	TRUE	TRUE
seed137	dominant_mean_ploidy	S1	513	2814	2814	0.030260332316819568	0.1	passed	0	nan	0.05	not_tested	resolution_not_tested	TRUE	TRUE
seed137	dominant_mean_ploidy	ST	513	2814	2814	0.09867853137586607	0.1	passed	0	nan	0.05	not_tested	resolution_not_tested	TRUE	TRUE
seed137	dominant_growth_rate	S1	513	2814	2814	0.029572924367929312	0.1	passed	0	nan	0.05	not_tested	resolution_not_tested	TRUE	TRUE
seed137	dominant_growth_rate	ST	513	2814	2814	0.041080512446063096	0.1	passed	0	nan	0.05	not_tested	resolution_not_tested	TRUE	TRUE
seed138	dominant_mean_ploidy	S1	513	2814	2814	0.031468856099714004	0.1	passed	2814	0.015113070263697476	0.05	passed	passed	TRUE	TRUE
seed138	dominant_mean_ploidy	ST	513	2814	2814	0.12923851807258813	0.1	not_passed	2814	0.11331996359833542	0.05	not_passed	not_passed	TRUE	TRUE
seed138	dominant_growth_rate	S1	513	2814	2814	0.035013146233864256	0.1	passed	2814	0.03412250937581385	0.05	passed	passed	TRUE	TRUE
seed138	dominant_growth_rate	ST	513	2814	2814	0.04815415576177994	0.1	passed	2814	0.06363403213654661	0.05	not_passed	not_passed	TRUE	TRUE
seed139	dominant_mean_ploidy	S1	513	2814	2814	0.08075240045263192	0.1	passed	0	nan	0.05	not_tested	resolution_not_tested	TRUE	TRUE
seed139	dominant_mean_ploidy	ST	513	2814	2814	0.20860321995279446	0.1	not_passed	0	nan	0.05	not_tested	not_passed	TRUE	TRUE
seed139	dominant_growth_rate	S1	513	2814	2814	0.030271150971671795	0.1	passed	0	nan	0.05	not_tested	resolution_not_tested	TRUE	TRUE
seed139	dominant_growth_rate	ST	513	2814	2814	0.029048712973854068	0.1	passed	0	nan	0.05	not_tested	resolution_not_tested	TRUE	TRUE
seed140	dominant_mean_ploidy	S1	513	2814	2814	0.024133516879012995	0.1	passed	0	nan	0.05	not_tested	resolution_not_tested	TRUE	TRUE
seed140	dominant_mean_ploidy	ST	513	2814	2814	0.08146050361966292	0.1	passed	0	nan	0.05	not_tested	resolution_not_tested	TRUE	TRUE
seed140	dominant_growth_rate	S1	513	2814	2814	0.051504753830335856	0.1	passed	0	nan	0.05	not_tested	resolution_not_tested	TRUE	TRUE
seed140	dominant_growth_rate	ST	513	2814	2814	0.05436634303575715	0.1	passed	0	nan	0.05	not_tested	resolution_not_tested	TRUE	TRUE
seed141	dominant_mean_ploidy	S1	513	2814	2814	0.0938344534289631	0.1	passed	0	nan	0.05	not_tested	resolution_not_tested	TRUE	TRUE
seed141	dominant_mean_ploidy	ST	513	2814	2814	0.2886367179649424	0.1	not_passed	0	nan	0.05	not_tested	not_passed	TRUE	TRUE
seed141	dominant_growth_rate	S1	513	2814	2814	0.07393540935454392	0.1	passed	0	nan	0.05	not_tested	resolution_not_tested	TRUE	TRUE
seed141	dominant_growth_rate	ST	513	2814	2814	0.08631541967041212	0.1	passed	0	nan	0.05	not_tested	resolution_not_tested	TRUE	TRUE
seed142	dominant_mean_ploidy	S1	513	2814	2814	0.0373222131331187	0.1	passed	0	nan	0.05	not_tested	resolution_not_tested	TRUE	TRUE
seed142	dominant_mean_ploidy	ST	513	2814	2814	0.3449133543657949	0.1	not_passed	0	nan	0.05	not_tested	not_passed	TRUE	TRUE
seed142	dominant_growth_rate	S1	513	2814	2814	0.04984980884685969	0.1	passed	0	nan	0.05	not_tested	resolution_not_tested	TRUE	TRUE
seed142	dominant_growth_rate	ST	513	2814	2814	0.06106296915715205	0.1	passed	0	nan	0.05	not_tested	resolution_not_tested	TRUE	TRUE
seed143	dominant_mean_ploidy	S1	513	2814	2814	0.05988456669803434	0.1	passed	0	nan	0.05	not_tested	resolution_not_tested	TRUE	TRUE
seed143	dominant_mean_ploidy	ST	513	2814	2814	0.18590460580839893	0.1	not_passed	0	nan	0.05	not_tested	not_passed	TRUE	TRUE
seed143	dominant_growth_rate	S1	513	2814	2814	0.0735140365656428	0.1	passed	0	nan	0.05	not_tested	resolution_not_tested	TRUE	TRUE
seed143	dominant_growth_rate	ST	513	2814	2814	0.12220330399033333	0.1	not_passed	0	nan	0.05	not_tested	not_passed	TRUE	TRUE
seed144	dominant_mean_ploidy	S1	513	2814	2814	0.02063371685458453	0.1	passed	0	nan	0.05	not_tested	resolution_not_tested	TRUE	TRUE
seed144	dominant_mean_ploidy	ST	513	2814	2814	0.14064076590476562	0.1	not_passed	0	nan	0.05	not_tested	not_passed	TRUE	TRUE
seed144	dominant_growth_rate	S1	513	2814	2814	0.009791688973797417	0.1	passed	0	nan	0.05	not_tested	resolution_not_tested	TRUE	TRUE
seed144	dominant_growth_rate	ST	513	2814	2814	0.011972102037182967	0.1	passed	0	nan	0.05	not_tested	resolution_not_tested	TRUE	TRUE
seed145	dominant_mean_ploidy	S1	513	2814	2814	0.04260121981249555	0.1	passed	0	nan	0.05	not_tested	resolution_not_tested	TRUE	TRUE
seed145	dominant_mean_ploidy	ST	513	2814	2814	0.131113697261128	0.1	not_passed	0	nan	0.05	not_tested	not_passed	TRUE	TRUE
seed145	dominant_growth_rate	S1	513	2814	2814	0.06349164323549461	0.1	passed	0	nan	0.05	not_tested	resolution_not_tested	TRUE	TRUE
seed145	dominant_growth_rate	ST	513	2814	2814	0.08693618427695564	0.1	passed	0	nan	0.05	not_tested	resolution_not_tested	TRUE	TRUE
seed146	dominant_mean_ploidy	S1	513	2814	2814	0.008945490428755467	0.1	passed	0	nan	0.05	not_tested	resolution_not_tested	TRUE	TRUE
seed146	dominant_mean_ploidy	ST	513	2814	2814	0.09260828171578676	0.1	passed	0	nan	0.05	not_tested	resolution_not_tested	TRUE	TRUE
seed146	dominant_growth_rate	S1	513	2814	2814	0.010217560237182025	0.1	passed	0	nan	0.05	not_tested	resolution_not_tested	TRUE	TRUE
seed146	dominant_growth_rate	ST	513	2814	2814	0.011575797762574768	0.1	passed	0	nan	0.05	not_tested	resolution_not_tested	TRUE	TRUE
seed147	dominant_mean_ploidy	S1	513	2814	2814	0.0563632502442183	0.1	passed	0	nan	0.05	not_tested	resolution_not_tested	TRUE	TRUE
seed147	dominant_mean_ploidy	ST	513	2814	2814	0.15626452078129538	0.1	not_passed	0	nan	0.05	not_tested	not_passed	TRUE	TRUE
seed147	dominant_growth_rate	S1	513	2814	2814	0.011570108754794707	0.1	passed	0	nan	0.05	not_tested	resolution_not_tested	TRUE	TRUE
seed147	dominant_growth_rate	ST	513	2814	2814	0.013062205456912293	0.1	passed	0	nan	0.05	not_tested	resolution_not_tested	TRUE	TRUE
seed148	dominant_mean_ploidy	S1	513	2814	2814	0.05152724812733774	0.1	passed	0	nan	0.05	not_tested	resolution_not_tested	TRUE	TRUE
seed148	dominant_mean_ploidy	ST	513	2814	2814	0.1959392436339095	0.1	not_passed	0	nan	0.05	not_tested	not_passed	TRUE	TRUE
seed148	dominant_growth_rate	S1	513	2814	2814	0.036305249284414025	0.1	passed	0	nan	0.05	not_tested	resolution_not_tested	TRUE	TRUE
seed148	dominant_growth_rate	ST	513	2814	2814	0.04629503459499486	0.1	passed	0	nan	0.05	not_tested	resolution_not_tested	TRUE	TRUE
seed149	dominant_mean_ploidy	S1	513	2814	2814	0.060025762803699347	0.1	passed	0	nan	0.05	not_tested	resolution_not_tested	TRUE	TRUE
seed149	dominant_mean_ploidy	ST	513	2814	2814	0.19282677726407266	0.1	not_passed	0	nan	0.05	not_tested	not_passed	TRUE	TRUE
seed149	dominant_growth_rate	S1	513	2814	2814	0.037629976697865906	0.1	passed	0	nan	0.05	not_tested	resolution_not_tested	TRUE	TRUE
seed149	dominant_growth_rate	ST	513	2814	2814	0.0454466383223378	0.1	passed	0	nan	0.05	not_tested	resolution_not_tested	TRUE	TRUE
seed150	dominant_mean_ploidy	S1	513	2814	2814	0.01845568711450455	0.1	passed	0	nan	0.05	not_tested	resolution_not_tested	TRUE	TRUE
seed150	dominant_mean_ploidy	ST	513	2814	2814	0.06893312602250014	0.1	passed	0	nan	0.05	not_tested	resolution_not_tested	TRUE	TRUE
seed150	dominant_growth_rate	S1	513	2814	2814	0.039780827098480846	0.1	passed	0	nan	0.05	not_tested	resolution_not_tested	TRUE	TRUE
seed150	dominant_growth_rate	ST	513	2814	2814	0.04546738736106578	0.1	passed	0	nan	0.05	not_tested	resolution_not_tested	TRUE	TRUE
seed151	dominant_mean_ploidy	S1	513	2814	2814	0.06826877429936158	0.1	passed	0	nan	0.05	not_tested	resolution_not_tested	TRUE	TRUE
seed151	dominant_mean_ploidy	ST	513	2814	2814	0.17998746188539852	0.1	not_passed	0	nan	0.05	not_tested	not_passed	TRUE	TRUE
seed151	dominant_growth_rate	S1	513	2814	2814	0.04800840655821471	0.1	passed	0	nan	0.05	not_tested	resolution_not_tested	TRUE	TRUE
seed151	dominant_growth_rate	ST	513	2814	2814	0.07001023011603436	0.1	passed	0	nan	0.05	not_tested	resolution_not_tested	TRUE	TRUE
seed152	dominant_mean_ploidy	S1	513	2814	2814	0.02640923287859884	0.1	passed	0	nan	0.05	not_tested	resolution_not_tested	TRUE	TRUE
seed152	dominant_mean_ploidy	ST	513	2814	2814	0.1482857492553857	0.1	not_passed	0	nan	0.05	not_tested	not_passed	TRUE	TRUE
seed152	dominant_growth_rate	S1	513	2814	2814	0.024380598751175066	0.1	passed	0	nan	0.05	not_tested	resolution_not_tested	TRUE	TRUE
seed152	dominant_growth_rate	ST	513	2814	2814	0.02689934282112752	0.1	passed	0	nan	0.05	not_tested	resolution_not_tested	TRUE	TRUE
seed153	dominant_mean_ploidy	S1	513	2814	2814	0.06349313113309088	0.1	passed	0	nan	0.05	not_tested	resolution_not_tested	TRUE	TRUE
seed153	dominant_mean_ploidy	ST	513	2814	2814	0.2545019140389803	0.1	not_passed	0	nan	0.05	not_tested	not_passed	TRUE	TRUE
seed153	dominant_growth_rate	S1	513	2814	2814	0.025647436328150194	0.1	passed	0	nan	0.05	not_tested	resolution_not_tested	TRUE	TRUE
seed153	dominant_growth_rate	ST	513	2814	2814	0.03685136334709758	0.1	passed	0	nan	0.05	not_tested	resolution_not_tested	TRUE	TRUE
seed154	dominant_mean_ploidy	S1	513	2814	2814	0.04518324605560509	0.1	passed	0	nan	0.05	not_tested	resolution_not_tested	TRUE	TRUE
seed154	dominant_mean_ploidy	ST	513	2814	2814	0.11736928583955294	0.1	not_passed	0	nan	0.05	not_tested	not_passed	TRUE	TRUE
seed154	dominant_growth_rate	S1	513	2814	2814	0.04274965195921669	0.1	passed	0	nan	0.05	not_tested	resolution_not_tested	TRUE	TRUE
seed154	dominant_growth_rate	ST	513	2814	2814	0.07915616687801512	0.1	passed	0	nan	0.05	not_tested	resolution_not_tested	TRUE	TRUE
seed155	dominant_mean_ploidy	S1	513	2814	2814	0.025149276819086755	0.1	passed	0	nan	0.05	not_tested	resolution_not_tested	TRUE	TRUE
seed155	dominant_mean_ploidy	ST	513	2814	2814	0.13335757373868332	0.1	not_passed	0	nan	0.05	not_tested	not_passed	TRUE	TRUE
seed155	dominant_growth_rate	S1	513	2814	2814	0.01739730279384347	0.1	passed	0	nan	0.05	not_tested	resolution_not_tested	TRUE	TRUE
seed155	dominant_growth_rate	ST	513	2814	2814	0.017208879646544842	0.1	passed	0	nan	0.05	not_tested	resolution_not_tested	TRUE	TRUE
seed156	dominant_mean_ploidy	S1	513	2814	2814	0.05388441439577512	0.1	passed	0	nan	0.05	not_tested	resolution_not_tested	TRUE	TRUE
seed156	dominant_mean_ploidy	ST	513	2814	2814	0.22473614639340314	0.1	not_passed	0	nan	0.05	not_tested	not_passed	TRUE	TRUE
seed156	dominant_growth_rate	S1	513	2814	2814	0.053065516156906	0.1	passed	0	nan	0.05	not_tested	resolution_not_tested	TRUE	TRUE
seed156	dominant_growth_rate	ST	513	2814	2814	0.05882099089269836	0.1	passed	0	nan	0.05	not_tested	resolution_not_tested	TRUE	TRUE
seed157	dominant_mean_ploidy	S1	513	2814	2814	0.06413802925332775	0.1	passed	0	nan	0.05	not_tested	resolution_not_tested	TRUE	TRUE
seed157	dominant_mean_ploidy	ST	513	2814	2814	0.18921372335428757	0.1	not_passed	0	nan	0.05	not_tested	not_passed	TRUE	TRUE
seed157	dominant_growth_rate	S1	513	2814	2814	0.047481890253114965	0.1	passed	0	nan	0.05	not_tested	resolution_not_tested	TRUE	TRUE
seed157	dominant_growth_rate	ST	513	2814	2814	0.061218476088306696	0.1	passed	0	nan	0.05	not_tested	resolution_not_tested	TRUE	TRUE
seed158	dominant_mean_ploidy	S1	513	2814	2814	0.053118346462742695	0.1	passed	0	nan	0.05	not_tested	resolution_not_tested	TRUE	TRUE
seed158	dominant_mean_ploidy	ST	513	2814	2814	0.20916868588289392	0.1	not_passed	0	nan	0.05	not_tested	not_passed	TRUE	TRUE
seed158	dominant_growth_rate	S1	513	2814	2814	0.04912916336373592	0.1	passed	0	nan	0.05	not_tested	resolution_not_tested	TRUE	TRUE
seed158	dominant_growth_rate	ST	513	2814	2814	0.08385942565947764	0.1	passed	0	nan	0.05	not_tested	resolution_not_tested	TRUE	TRUE
seed159	dominant_mean_ploidy	S1	513	2814	2814	0.009753867564062681	0.1	passed	0	nan	0.05	not_tested	resolution_not_tested	TRUE	TRUE
seed159	dominant_mean_ploidy	ST	513	2814	2814	0.09181206038358065	0.1	passed	0	nan	0.05	not_tested	resolution_not_tested	TRUE	TRUE
seed159	dominant_growth_rate	S1	513	2814	2814	0.022405343064300462	0.1	passed	0	nan	0.05	not_tested	resolution_not_tested	TRUE	TRUE
seed159	dominant_growth_rate	ST	513	2814	2814	0.025062889740177643	0.1	passed	0	nan	0.05	not_tested	resolution_not_tested	TRUE	TRUE
seed160	dominant_mean_ploidy	S1	513	2814	2814	0.03126858264329018	0.1	passed	0	nan	0.05	not_tested	resolution_not_tested	TRUE	TRUE
seed160	dominant_mean_ploidy	ST	513	2814	2814	0.08559669722189744	0.1	passed	0	nan	0.05	not_tested	resolution_not_tested	TRUE	TRUE
seed160	dominant_growth_rate	S1	513	2814	2814	0.039372712667030636	0.1	passed	0	nan	0.05	not_tested	resolution_not_tested	TRUE	TRUE
seed160	dominant_growth_rate	ST	513	2814	2814	0.06746663704570925	0.1	passed	0	nan	0.05	not_tested	resolution_not_tested	TRUE	TRUE
seed161	dominant_mean_ploidy	S1	513	2814	2814	0.024067816524473647	0.1	passed	0	nan	0.05	not_tested	resolution_not_tested	TRUE	TRUE
seed161	dominant_mean_ploidy	ST	513	2814	2814	0.15772867517472672	0.1	not_passed	0	nan	0.05	not_tested	not_passed	TRUE	TRUE
seed161	dominant_growth_rate	S1	513	2814	2814	0.04267035435674042	0.1	passed	0	nan	0.05	not_tested	resolution_not_tested	TRUE	TRUE
seed161	dominant_growth_rate	ST	513	2814	2814	0.048865257112486384	0.1	passed	0	nan	0.05	not_tested	resolution_not_tested	TRUE	TRUE
seed162	dominant_mean_ploidy	S1	513	2814	2814	0.015726938759325706	0.1	passed	0	nan	0.05	not_tested	resolution_not_tested	TRUE	TRUE
seed162	dominant_mean_ploidy	ST	513	2814	2814	0.0890851930417715	0.1	passed	0	nan	0.05	not_tested	resolution_not_tested	TRUE	TRUE
seed162	dominant_growth_rate	S1	513	2814	2814	0.02628103103567977	0.1	passed	0	nan	0.05	not_tested	resolution_not_tested	TRUE	TRUE
seed162	dominant_growth_rate	ST	513	2814	2814	0.030192949390951736	0.1	passed	0	nan	0.05	not_tested	resolution_not_tested	TRUE	TRUE
seed163	dominant_mean_ploidy	S1	513	2814	2814	0.013012630615719951	0.1	passed	0	nan	0.05	not_tested	resolution_not_tested	TRUE	TRUE
seed163	dominant_mean_ploidy	ST	513	2814	2814	0.06410720012177552	0.1	passed	0	nan	0.05	not_tested	resolution_not_tested	TRUE	TRUE
seed163	dominant_growth_rate	S1	513	2814	2814	0.016544699372539988	0.1	passed	0	nan	0.05	not_tested	resolution_not_tested	TRUE	TRUE
seed163	dominant_growth_rate	ST	513	2814	2814	0.021293391228345976	0.1	passed	0	nan	0.05	not_tested	resolution_not_tested	TRUE	TRUE
seed164	dominant_mean_ploidy	S1	513	2814	2814	0.08985830236352572	0.1	passed	0	nan	0.05	not_tested	resolution_not_tested	TRUE	TRUE
seed164	dominant_mean_ploidy	ST	513	2814	2814	0.2305202949932329	0.1	not_passed	0	nan	0.05	not_tested	not_passed	TRUE	TRUE
seed164	dominant_growth_rate	S1	513	2814	2814	0.05233263271549868	0.1	passed	0	nan	0.05	not_tested	resolution_not_tested	TRUE	TRUE
seed164	dominant_growth_rate	ST	513	2814	2814	0.07290165700374776	0.1	passed	0	nan	0.05	not_tested	resolution_not_tested	TRUE	TRUE
seed165	dominant_mean_ploidy	S1	513	2814	2814	0.04676166152732988	0.1	passed	2814	0.03883826560693291	0.05	passed	passed	TRUE	TRUE
seed165	dominant_mean_ploidy	ST	513	2814	2814	0.22613054655836176	0.1	not_passed	2814	0.20800208776382395	0.05	not_passed	not_passed	TRUE	TRUE
seed165	dominant_growth_rate	S1	513	2814	2814	0.016181260469698085	0.1	passed	2814	0.018747957940967105	0.05	passed	passed	TRUE	TRUE
seed165	dominant_growth_rate	ST	513	2814	2814	0.019400566082576044	0.1	passed	2814	0.02133502683533221	0.05	passed	passed	TRUE	TRUE
seed166	dominant_mean_ploidy	S1	513	2814	2814	0.06212901607567134	0.1	passed	0	nan	0.05	not_tested	resolution_not_tested	TRUE	TRUE
seed166	dominant_mean_ploidy	ST	513	2814	2814	0.1199020616811904	0.1	not_passed	0	nan	0.05	not_tested	not_passed	TRUE	TRUE
seed166	dominant_growth_rate	S1	513	2814	2814	0.02716033623871877	0.1	passed	0	nan	0.05	not_tested	resolution_not_tested	TRUE	TRUE
seed166	dominant_growth_rate	ST	513	2814	2814	0.04063537051185675	0.1	passed	0	nan	0.05	not_tested	resolution_not_tested	TRUE	TRUE
seed167	dominant_mean_ploidy	S1	513	2814	2814	0.003636171733440937	0.1	passed	0	nan	0.05	not_tested	resolution_not_tested	TRUE	TRUE
seed167	dominant_mean_ploidy	ST	513	2814	2814	0.011378993783200765	0.1	passed	0	nan	0.05	not_tested	resolution_not_tested	TRUE	TRUE
seed167	dominant_growth_rate	S1	513	2814	2814	0.06029377287099349	0.1	passed	0	nan	0.05	not_tested	resolution_not_tested	TRUE	TRUE
seed167	dominant_growth_rate	ST	513	2814	2814	0.06474868463288698	0.1	passed	0	nan	0.05	not_tested	resolution_not_tested	TRUE	TRUE
seed168	dominant_mean_ploidy	S1	513	2814	2814	0.040270464596989214	0.1	passed	0	nan	0.05	not_tested	resolution_not_tested	TRUE	TRUE
seed168	dominant_mean_ploidy	ST	513	2814	2814	0.2075079310339931	0.1	not_passed	0	nan	0.05	not_tested	not_passed	TRUE	TRUE
seed168	dominant_growth_rate	S1	513	2814	2814	0.056095978682483755	0.1	passed	0	nan	0.05	not_tested	resolution_not_tested	TRUE	TRUE
seed168	dominant_growth_rate	ST	513	2814	2814	0.061845426978201945	0.1	passed	0	nan	0.05	not_tested	resolution_not_tested	TRUE	TRUE
seed169	dominant_mean_ploidy	S1	513	2814	2814	0.045296220607343306	0.1	passed	0	nan	0.05	not_tested	resolution_not_tested	TRUE	TRUE
seed169	dominant_mean_ploidy	ST	513	2814	2814	0.21852941484268557	0.1	not_passed	0	nan	0.05	not_tested	not_passed	TRUE	TRUE
seed169	dominant_growth_rate	S1	513	2814	2814	0.059722415740441466	0.1	passed	0	nan	0.05	not_tested	resolution_not_tested	TRUE	TRUE
seed169	dominant_growth_rate	ST	513	2814	2814	0.061746786733860484	0.1	passed	0	nan	0.05	not_tested	resolution_not_tested	TRUE	TRUE
seed170	dominant_mean_ploidy	S1	513	2814	2814	0.07933965280213397	0.1	passed	0	nan	0.05	not_tested	resolution_not_tested	TRUE	TRUE
seed170	dominant_mean_ploidy	ST	513	2814	2814	0.18266934463351897	0.1	not_passed	0	nan	0.05	not_tested	not_passed	TRUE	TRUE
seed170	dominant_growth_rate	S1	513	2814	2814	0.06819458886172552	0.1	passed	0	nan	0.05	not_tested	resolution_not_tested	TRUE	TRUE
seed170	dominant_growth_rate	ST	513	2814	2814	0.11185594063656948	0.1	not_passed	0	nan	0.05	not_tested	not_passed	TRUE	TRUE
seed171	dominant_mean_ploidy	S1	513	2814	2814	0.05528731059338942	0.1	passed	0	nan	0.05	not_tested	resolution_not_tested	TRUE	TRUE
seed171	dominant_mean_ploidy	ST	513	2814	2814	0.11629288445219652	0.1	not_passed	0	nan	0.05	not_tested	not_passed	TRUE	TRUE
seed171	dominant_growth_rate	S1	513	2814	2814	0.03563738223733448	0.1	passed	0	nan	0.05	not_tested	resolution_not_tested	TRUE	TRUE
seed171	dominant_growth_rate	ST	513	2814	2814	0.045252106506446656	0.1	passed	0	nan	0.05	not_tested	resolution_not_tested	TRUE	TRUE
seed172	dominant_mean_ploidy	S1	513	2814	2814	0.04643303113885323	0.1	passed	0	nan	0.05	not_tested	resolution_not_tested	TRUE	TRUE
seed172	dominant_mean_ploidy	ST	513	2814	2814	0.40327662912432644	0.1	not_passed	0	nan	0.05	not_tested	not_passed	TRUE	TRUE
seed172	dominant_growth_rate	S1	513	2814	2814	0.03921276931224263	0.1	passed	0	nan	0.05	not_tested	resolution_not_tested	TRUE	TRUE
seed172	dominant_growth_rate	ST	513	2814	2814	0.056526106979115816	0.1	passed	0	nan	0.05	not_tested	resolution_not_tested	TRUE	TRUE
seed173	dominant_mean_ploidy	S1	513	2814	2814	0.0821748087836394	0.1	passed	0	nan	0.05	not_tested	resolution_not_tested	TRUE	TRUE
seed173	dominant_mean_ploidy	ST	513	2814	2814	0.22972983569367966	0.1	not_passed	0	nan	0.05	not_tested	not_passed	TRUE	TRUE
seed173	dominant_growth_rate	S1	513	2814	2814	0.07815444393361214	0.1	passed	0	nan	0.05	not_tested	resolution_not_tested	TRUE	TRUE
seed173	dominant_growth_rate	ST	513	2814	2814	0.10203346354563077	0.1	not_passed	0	nan	0.05	not_tested	not_passed	TRUE	TRUE
seed174	dominant_mean_ploidy	S1	513	2814	2814	0.08279871922922989	0.1	passed	0	nan	0.05	not_tested	resolution_not_tested	TRUE	TRUE
seed174	dominant_mean_ploidy	ST	513	2814	2814	0.4754238074760754	0.1	not_passed	0	nan	0.05	not_tested	not_passed	TRUE	TRUE
seed174	dominant_growth_rate	S1	513	2814	2814	0.13063683910710266	0.1	not_passed	0	nan	0.05	not_tested	not_passed	TRUE	TRUE
seed174	dominant_growth_rate	ST	513	2814	2814	0.14698476838949903	0.1	not_passed	0	nan	0.05	not_tested	not_passed	TRUE	TRUE
seed175	dominant_mean_ploidy	S1	513	2814	2814	0.06805047608037522	0.1	passed	0	nan	0.05	not_tested	resolution_not_tested	TRUE	TRUE
seed175	dominant_mean_ploidy	ST	513	2814	2814	0.27686594287093036	0.1	not_passed	0	nan	0.05	not_tested	not_passed	TRUE	TRUE
seed175	dominant_growth_rate	S1	513	2814	2814	0.06641312052297932	0.1	passed	0	nan	0.05	not_tested	resolution_not_tested	TRUE	TRUE
seed175	dominant_growth_rate	ST	513	2814	2814	0.10080557371799463	0.1	not_passed	0	nan	0.05	not_tested	not_passed	TRUE	TRUE
seed176	dominant_mean_ploidy	S1	513	2814	2814	0.01350848441849554	0.1	passed	0	nan	0.05	not_tested	resolution_not_tested	TRUE	TRUE
seed176	dominant_mean_ploidy	ST	513	2814	2814	0.09225615741115144	0.1	passed	0	nan	0.05	not_tested	resolution_not_tested	TRUE	TRUE
seed176	dominant_growth_rate	S1	513	2814	2814	0.011374411133971246	0.1	passed	0	nan	0.05	not_tested	resolution_not_tested	TRUE	TRUE
seed176	dominant_growth_rate	ST	513	2814	2814	0.012815067250396531	0.1	passed	0	nan	0.05	not_tested	resolution_not_tested	TRUE	TRUE
seed177	dominant_mean_ploidy	S1	513	2814	2814	0.08544552900207826	0.1	passed	0	nan	0.05	not_tested	resolution_not_tested	TRUE	TRUE
seed177	dominant_mean_ploidy	ST	513	2814	2814	0.21079167525702147	0.1	not_passed	0	nan	0.05	not_tested	not_passed	TRUE	TRUE
seed177	dominant_growth_rate	S1	513	2814	2814	0.05842537034065211	0.1	passed	0	nan	0.05	not_tested	resolution_not_tested	TRUE	TRUE
seed177	dominant_growth_rate	ST	513	2814	2814	0.0816715851119984	0.1	passed	0	nan	0.05	not_tested	resolution_not_tested	TRUE	TRUE
seed178	dominant_mean_ploidy	S1	513	2814	2814	0.06682509095063606	0.1	passed	0	nan	0.05	not_tested	resolution_not_tested	TRUE	TRUE
seed178	dominant_mean_ploidy	ST	513	2814	2814	0.1258769977991743	0.1	not_passed	0	nan	0.05	not_tested	not_passed	TRUE	TRUE
seed178	dominant_growth_rate	S1	513	2814	2814	0.06762481856451905	0.1	passed	0	nan	0.05	not_tested	resolution_not_tested	TRUE	TRUE
seed178	dominant_growth_rate	ST	513	2814	2814	0.08200156834638171	0.1	passed	0	nan	0.05	not_tested	resolution_not_tested	TRUE	TRUE
seed179	dominant_mean_ploidy	S1	513	2814	2814	0.049808482049752766	0.1	passed	0	nan	0.05	not_tested	resolution_not_tested	TRUE	TRUE
seed179	dominant_mean_ploidy	ST	513	2814	2814	0.1601158549407551	0.1	not_passed	0	nan	0.05	not_tested	not_passed	TRUE	TRUE
seed179	dominant_growth_rate	S1	513	2814	2814	0.012657403964892722	0.1	passed	0	nan	0.05	not_tested	resolution_not_tested	TRUE	TRUE
seed179	dominant_growth_rate	ST	513	2814	2814	0.012868604658419358	0.1	passed	0	nan	0.05	not_tested	resolution_not_tested	TRUE	TRUE
seed180	dominant_mean_ploidy	S1	513	2814	2814	0.04975067216857701	0.1	passed	0	nan	0.05	not_tested	resolution_not_tested	TRUE	TRUE
seed180	dominant_mean_ploidy	ST	513	2814	2814	0.1303651122046967	0.1	not_passed	0	nan	0.05	not_tested	not_passed	TRUE	TRUE
seed180	dominant_growth_rate	S1	513	2814	2814	0.04889740229743321	0.1	passed	0	nan	0.05	not_tested	resolution_not_tested	TRUE	TRUE
seed180	dominant_growth_rate	ST	513	2814	2814	0.10055136286583763	0.1	not_passed	0	nan	0.05	not_tested	not_passed	TRUE	TRUE
seed181	dominant_mean_ploidy	S1	513	2814	2814	0.06959937956103263	0.1	passed	0	nan	0.05	not_tested	resolution_not_tested	TRUE	TRUE
seed181	dominant_mean_ploidy	ST	513	2814	2814	0.2125900313420939	0.1	not_passed	0	nan	0.05	not_tested	not_passed	TRUE	TRUE
seed181	dominant_growth_rate	S1	513	2814	2814	0.022244019073239526	0.1	passed	0	nan	0.05	not_tested	resolution_not_tested	TRUE	TRUE
seed181	dominant_growth_rate	ST	513	2814	2814	0.04419715460648344	0.1	passed	0	nan	0.05	not_tested	resolution_not_tested	TRUE	TRUE
seed182	dominant_mean_ploidy	S1	513	2814	2814	0.05382467019107188	0.1	passed	0	nan	0.05	not_tested	resolution_not_tested	TRUE	TRUE
seed182	dominant_mean_ploidy	ST	513	2814	2814	0.20383403031858252	0.1	not_passed	0	nan	0.05	not_tested	not_passed	TRUE	TRUE
seed182	dominant_growth_rate	S1	513	2814	2814	0.050287047575316504	0.1	passed	0	nan	0.05	not_tested	resolution_not_tested	TRUE	TRUE
seed182	dominant_growth_rate	ST	513	2814	2814	0.06892026478949498	0.1	passed	0	nan	0.05	not_tested	resolution_not_tested	TRUE	TRUE
seed183	dominant_mean_ploidy	S1	513	2814	2814	0.06643616711760311	0.1	passed	0	nan	0.05	not_tested	resolution_not_tested	TRUE	TRUE
seed183	dominant_mean_ploidy	ST	513	2814	2814	0.15734285746024967	0.1	not_passed	0	nan	0.05	not_tested	not_passed	TRUE	TRUE
seed183	dominant_growth_rate	S1	513	2814	2814	0.04186149264212942	0.1	passed	0	nan	0.05	not_tested	resolution_not_tested	TRUE	TRUE
seed183	dominant_growth_rate	ST	513	2814	2814	0.050896321897985645	0.1	passed	0	nan	0.05	not_tested	resolution_not_tested	TRUE	TRUE
seed184	dominant_mean_ploidy	S1	513	2814	2814	0.06463026923501919	0.1	passed	0	nan	0.05	not_tested	resolution_not_tested	TRUE	TRUE
seed184	dominant_mean_ploidy	ST	513	2814	2814	0.29078346190805593	0.1	not_passed	0	nan	0.05	not_tested	not_passed	TRUE	TRUE
seed184	dominant_growth_rate	S1	513	2814	2814	0.09319034072933965	0.1	passed	0	nan	0.05	not_tested	resolution_not_tested	TRUE	TRUE
seed184	dominant_growth_rate	ST	513	2814	2814	0.11493918286291126	0.1	not_passed	0	nan	0.05	not_tested	not_passed	TRUE	TRUE
seed185	dominant_mean_ploidy	S1	513	2814	2814	0.0448715438723762	0.1	passed	0	nan	0.05	not_tested	resolution_not_tested	TRUE	TRUE
seed185	dominant_mean_ploidy	ST	513	2814	2814	0.13287646069746512	0.1	not_passed	0	nan	0.05	not_tested	not_passed	TRUE	TRUE
seed185	dominant_growth_rate	S1	513	2814	2814	0.048858603613862316	0.1	passed	0	nan	0.05	not_tested	resolution_not_tested	TRUE	TRUE
seed185	dominant_growth_rate	ST	513	2814	2814	0.06201391781807063	0.1	passed	0	nan	0.05	not_tested	resolution_not_tested	TRUE	TRUE
seed186	dominant_mean_ploidy	S1	513	2814	2814	0.006626836909610765	0.1	passed	0	nan	0.05	not_tested	resolution_not_tested	TRUE	TRUE
seed186	dominant_mean_ploidy	ST	513	2814	2814	0.012275763107204756	0.1	passed	0	nan	0.05	not_tested	resolution_not_tested	TRUE	TRUE
seed186	dominant_growth_rate	S1	513	2814	2814	0.011917366887119633	0.1	passed	0	nan	0.05	not_tested	resolution_not_tested	TRUE	TRUE
seed186	dominant_growth_rate	ST	513	2814	2814	0.013832424404353076	0.1	passed	0	nan	0.05	not_tested	resolution_not_tested	TRUE	TRUE
seed187	dominant_mean_ploidy	S1	513	2814	2814	0.06446347164149886	0.1	passed	0	nan	0.05	not_tested	resolution_not_tested	TRUE	TRUE
seed187	dominant_mean_ploidy	ST	513	2814	2814	0.1943605009405301	0.1	not_passed	0	nan	0.05	not_tested	not_passed	TRUE	TRUE
seed187	dominant_growth_rate	S1	513	2814	2814	0.05400860249199412	0.1	passed	0	nan	0.05	not_tested	resolution_not_tested	TRUE	TRUE
seed187	dominant_growth_rate	ST	513	2814	2814	0.05748104612192671	0.1	passed	0	nan	0.05	not_tested	resolution_not_tested	TRUE	TRUE
seed188	dominant_mean_ploidy	S1	513	2814	2814	0.03889551603052731	0.1	passed	0	nan	0.05	not_tested	resolution_not_tested	TRUE	TRUE
seed188	dominant_mean_ploidy	ST	513	2814	2814	0.2160049096867869	0.1	not_passed	0	nan	0.05	not_tested	not_passed	TRUE	TRUE
seed188	dominant_growth_rate	S1	513	2814	2814	0.03211870123450411	0.1	passed	0	nan	0.05	not_tested	resolution_not_tested	TRUE	TRUE
seed188	dominant_growth_rate	ST	513	2814	2814	0.03745731858868768	0.1	passed	0	nan	0.05	not_tested	resolution_not_tested	TRUE	TRUE
seed189	dominant_mean_ploidy	S1	513	2814	2814	0.0280939814265766	0.1	passed	0	nan	0.05	not_tested	resolution_not_tested	TRUE	TRUE
seed189	dominant_mean_ploidy	ST	513	2814	2814	0.0940367058773187	0.1	passed	0	nan	0.05	not_tested	resolution_not_tested	TRUE	TRUE
seed189	dominant_growth_rate	S1	513	2814	2814	0.03072310534919639	0.1	passed	0	nan	0.05	not_tested	resolution_not_tested	TRUE	TRUE
seed189	dominant_growth_rate	ST	513	2814	2814	0.031771099521912746	0.1	passed	0	nan	0.05	not_tested	resolution_not_tested	TRUE	TRUE
seed190	dominant_mean_ploidy	S1	513	2814	2814	0.023341852724912054	0.1	passed	0	nan	0.05	not_tested	resolution_not_tested	TRUE	TRUE
seed190	dominant_mean_ploidy	ST	513	2814	2814	0.11720289283823423	0.1	not_passed	0	nan	0.05	not_tested	not_passed	TRUE	TRUE
seed190	dominant_growth_rate	S1	513	2814	2814	0.009114874143331706	0.1	passed	0	nan	0.05	not_tested	resolution_not_tested	TRUE	TRUE
seed190	dominant_growth_rate	ST	513	2814	2814	0.010037568025101905	0.1	passed	0	nan	0.05	not_tested	resolution_not_tested	TRUE	TRUE
seed191	dominant_mean_ploidy	S1	513	2814	2814	0.006378539694534978	0.1	passed	0	nan	0.05	not_tested	resolution_not_tested	TRUE	TRUE
seed191	dominant_mean_ploidy	ST	513	2814	2814	0.008375072055029372	0.1	passed	0	nan	0.05	not_tested	resolution_not_tested	TRUE	TRUE
seed191	dominant_growth_rate	S1	513	2814	2814	0.008785730146563111	0.1	passed	0	nan	0.05	not_tested	resolution_not_tested	TRUE	TRUE
seed191	dominant_growth_rate	ST	513	2814	2814	0.008073994844314194	0.1	passed	0	nan	0.05	not_tested	resolution_not_tested	TRUE	TRUE
seed192	dominant_mean_ploidy	S1	513	2814	2814	0.07722893921081739	0.1	passed	0	nan	0.05	not_tested	resolution_not_tested	TRUE	TRUE
seed192	dominant_mean_ploidy	ST	513	2814	2814	0.24483578872442038	0.1	not_passed	0	nan	0.05	not_tested	not_passed	TRUE	TRUE
seed192	dominant_growth_rate	S1	513	2814	2814	0.06216842963363367	0.1	passed	0	nan	0.05	not_tested	resolution_not_tested	TRUE	TRUE
seed192	dominant_growth_rate	ST	513	2814	2814	0.09524986883217582	0.1	passed	0	nan	0.05	not_tested	resolution_not_tested	TRUE	TRUE
seed193	dominant_mean_ploidy	S1	513	2814	2814	0.030811221438263103	0.1	passed	0	nan	0.05	not_tested	resolution_not_tested	TRUE	TRUE
seed193	dominant_mean_ploidy	ST	513	2814	2814	0.07680674292570233	0.1	passed	0	nan	0.05	not_tested	resolution_not_tested	TRUE	TRUE
seed193	dominant_growth_rate	S1	513	2814	2814	0.02986414256272875	0.1	passed	0	nan	0.05	not_tested	resolution_not_tested	TRUE	TRUE
seed193	dominant_growth_rate	ST	513	2814	2814	0.04183121860163476	0.1	passed	0	nan	0.05	not_tested	resolution_not_tested	TRUE	TRUE
seed194	dominant_mean_ploidy	S1	513	2814	2814	0.04529097749833203	0.1	passed	0	nan	0.05	not_tested	resolution_not_tested	TRUE	TRUE
seed194	dominant_mean_ploidy	ST	513	2814	2814	0.1554386803416009	0.1	not_passed	0	nan	0.05	not_tested	not_passed	TRUE	TRUE
seed194	dominant_growth_rate	S1	513	2814	2814	0.031772599872596015	0.1	passed	0	nan	0.05	not_tested	resolution_not_tested	TRUE	TRUE
seed194	dominant_growth_rate	ST	513	2814	2814	0.043067980344734	0.1	passed	0	nan	0.05	not_tested	resolution_not_tested	TRUE	TRUE
seed195	dominant_mean_ploidy	S1	513	2814	2814	0.05321622582485596	0.1	passed	0	nan	0.05	not_tested	resolution_not_tested	TRUE	TRUE
seed195	dominant_mean_ploidy	ST	513	2814	2814	0.1619538513281894	0.1	not_passed	0	nan	0.05	not_tested	not_passed	TRUE	TRUE
seed195	dominant_growth_rate	S1	513	2814	2814	0.04315824886899106	0.1	passed	0	nan	0.05	not_tested	resolution_not_tested	TRUE	TRUE
seed195	dominant_growth_rate	ST	513	2814	2814	0.05662315855364426	0.1	passed	0	nan	0.05	not_tested	resolution_not_tested	TRUE	TRUE
seed196	dominant_mean_ploidy	S1	513	2814	2814	0.04738192344165647	0.1	passed	0	nan	0.05	not_tested	resolution_not_tested	TRUE	TRUE
seed196	dominant_mean_ploidy	ST	513	2814	2814	0.15532017073560622	0.1	not_passed	0	nan	0.05	not_tested	not_passed	TRUE	TRUE
seed196	dominant_growth_rate	S1	513	2814	2814	0.043786374286240826	0.1	passed	0	nan	0.05	not_tested	resolution_not_tested	TRUE	TRUE
seed196	dominant_growth_rate	ST	513	2814	2814	0.05528109031759119	0.1	passed	0	nan	0.05	not_tested	resolution_not_tested	TRUE	TRUE
seed197	dominant_mean_ploidy	S1	513	2814	2814	0.052362052542870234	0.1	passed	0	nan	0.05	not_tested	resolution_not_tested	TRUE	TRUE
seed197	dominant_mean_ploidy	ST	513	2814	2814	0.11014600181838907	0.1	not_passed	0	nan	0.05	not_tested	not_passed	TRUE	TRUE
seed197	dominant_growth_rate	S1	513	2814	2814	0.05249849167136526	0.1	passed	0	nan	0.05	not_tested	resolution_not_tested	TRUE	TRUE
seed197	dominant_growth_rate	ST	513	2814	2814	0.06529646162644712	0.1	passed	0	nan	0.05	not_tested	resolution_not_tested	TRUE	TRUE
seed198	dominant_mean_ploidy	S1	513	2814	2814	0.04941514289518493	0.1	passed	0	nan	0.05	not_tested	resolution_not_tested	TRUE	TRUE
seed198	dominant_mean_ploidy	ST	513	2814	2814	0.13093149774652454	0.1	not_passed	0	nan	0.05	not_tested	not_passed	TRUE	TRUE
seed198	dominant_growth_rate	S1	513	2814	2814	0.02890798652613168	0.1	passed	0	nan	0.05	not_tested	resolution_not_tested	TRUE	TRUE
seed198	dominant_growth_rate	ST	513	2814	2814	0.03606257967170795	0.1	passed	0	nan	0.05	not_tested	resolution_not_tested	TRUE	TRUE
seed199	dominant_mean_ploidy	S1	513	2814	2814	0.055011118531230474	0.1	passed	0	nan	0.05	not_tested	resolution_not_tested	TRUE	TRUE
seed199	dominant_mean_ploidy	ST	513	2814	2814	0.20183302944451334	0.1	not_passed	0	nan	0.05	not_tested	not_passed	TRUE	TRUE
seed199	dominant_growth_rate	S1	513	2814	2814	0.048397685290167726	0.1	passed	0	nan	0.05	not_tested	resolution_not_tested	TRUE	TRUE
seed199	dominant_growth_rate	ST	513	2814	2814	0.06896177166268395	0.1	passed	0	nan	0.05	not_tested	resolution_not_tested	TRUE	TRUE
seed200	dominant_mean_ploidy	S1	513	2814	2814	0.034834720221701636	0.1	passed	0	nan	0.05	not_tested	resolution_not_tested	TRUE	TRUE
seed200	dominant_mean_ploidy	ST	513	2814	2814	0.1309546902703389	0.1	not_passed	0	nan	0.05	not_tested	not_passed	TRUE	TRUE
seed200	dominant_growth_rate	S1	513	2814	2814	0.026567857061399826	0.1	passed	0	nan	0.05	not_tested	resolution_not_tested	TRUE	TRUE
seed200	dominant_growth_rate	ST	513	2814	2814	0.04041866483656529	0.1	passed	0	nan	0.05	not_tested	resolution_not_tested	TRUE	TRUE
seed201	dominant_mean_ploidy	S1	513	2814	2814	0.02412011424536881	0.1	passed	0	nan	0.05	not_tested	resolution_not_tested	TRUE	TRUE
seed201	dominant_mean_ploidy	ST	513	2814	2814	0.1131975682525392	0.1	not_passed	0	nan	0.05	not_tested	not_passed	TRUE	TRUE
seed201	dominant_growth_rate	S1	513	2814	2814	0.034363000879201425	0.1	passed	0	nan	0.05	not_tested	resolution_not_tested	TRUE	TRUE
seed201	dominant_growth_rate	ST	513	2814	2814	0.034575716936309134	0.1	passed	0	nan	0.05	not_tested	resolution_not_tested	TRUE	TRUE
seed202	dominant_mean_ploidy	S1	513	2814	2814	0.06665187961701756	0.1	passed	0	nan	0.05	not_tested	resolution_not_tested	TRUE	TRUE
seed202	dominant_mean_ploidy	ST	513	2814	2814	0.18335147229499	0.1	not_passed	0	nan	0.05	not_tested	not_passed	TRUE	TRUE
seed202	dominant_growth_rate	S1	513	2814	2814	0.05268303619492216	0.1	passed	0	nan	0.05	not_tested	resolution_not_tested	TRUE	TRUE
seed202	dominant_growth_rate	ST	513	2814	2814	0.07153047962607416	0.1	passed	0	nan	0.05	not_tested	resolution_not_tested	TRUE	TRUE
seed203	dominant_mean_ploidy	S1	513	2814	2814	0.012813144711327943	0.1	passed	0	nan	0.05	not_tested	resolution_not_tested	TRUE	TRUE
seed203	dominant_mean_ploidy	ST	513	2814	2814	0.03891018473941854	0.1	passed	0	nan	0.05	not_tested	resolution_not_tested	TRUE	TRUE
seed203	dominant_growth_rate	S1	513	2814	2814	0.024014824261216473	0.1	passed	0	nan	0.05	not_tested	resolution_not_tested	TRUE	TRUE
seed203	dominant_growth_rate	ST	513	2814	2814	0.027059886866981176	0.1	passed	0	nan	0.05	not_tested	resolution_not_tested	TRUE	TRUE
seed204	dominant_mean_ploidy	S1	513	2814	2814	0.02942326433434707	0.1	passed	0	nan	0.05	not_tested	resolution_not_tested	TRUE	TRUE
seed204	dominant_mean_ploidy	ST	513	2814	2814	0.09315835398015315	0.1	passed	0	nan	0.05	not_tested	resolution_not_tested	TRUE	TRUE
seed204	dominant_growth_rate	S1	513	2814	2814	0.056459518382511335	0.1	passed	0	nan	0.05	not_tested	resolution_not_tested	TRUE	TRUE
seed204	dominant_growth_rate	ST	513	2814	2814	0.07539301532166075	0.1	passed	0	nan	0.05	not_tested	resolution_not_tested	TRUE	TRUE
seed205	dominant_mean_ploidy	S1	513	2814	2814	0.07309734381520581	0.1	passed	0	nan	0.05	not_tested	resolution_not_tested	TRUE	TRUE
seed205	dominant_mean_ploidy	ST	513	2814	2814	0.21436505494729133	0.1	not_passed	0	nan	0.05	not_tested	not_passed	TRUE	TRUE
seed205	dominant_growth_rate	S1	513	2814	2814	0.047429633401346274	0.1	passed	0	nan	0.05	not_tested	resolution_not_tested	TRUE	TRUE
seed205	dominant_growth_rate	ST	513	2814	2814	0.07315707501418818	0.1	passed	0	nan	0.05	not_tested	resolution_not_tested	TRUE	TRUE
seed206	dominant_mean_ploidy	S1	513	2814	2814	0.05499603980712359	0.1	passed	0	nan	0.05	not_tested	resolution_not_tested	TRUE	TRUE
seed206	dominant_mean_ploidy	ST	513	2814	2814	0.1208406885070285	0.1	not_passed	0	nan	0.05	not_tested	not_passed	TRUE	TRUE
seed206	dominant_growth_rate	S1	513	2814	2814	0.04587276056756641	0.1	passed	0	nan	0.05	not_tested	resolution_not_tested	TRUE	TRUE
seed206	dominant_growth_rate	ST	513	2814	2814	0.06284325182306932	0.1	passed	0	nan	0.05	not_tested	resolution_not_tested	TRUE	TRUE
seed207	dominant_mean_ploidy	S1	513	2814	2814	0.02532810717701612	0.1	passed	0	nan	0.05	not_tested	resolution_not_tested	TRUE	TRUE
seed207	dominant_mean_ploidy	ST	513	2814	2814	0.12285576369505904	0.1	not_passed	0	nan	0.05	not_tested	not_passed	TRUE	TRUE
seed207	dominant_growth_rate	S1	513	2814	2814	0.01750517749561475	0.1	passed	0	nan	0.05	not_tested	resolution_not_tested	TRUE	TRUE
seed207	dominant_growth_rate	ST	513	2814	2814	0.02401822871456899	0.1	passed	0	nan	0.05	not_tested	resolution_not_tested	TRUE	TRUE
seed208	dominant_mean_ploidy	S1	513	2814	2814	0.05990901020898165	0.1	passed	0	nan	0.05	not_tested	resolution_not_tested	TRUE	TRUE
seed208	dominant_mean_ploidy	ST	513	2814	2814	0.23547948315173597	0.1	not_passed	0	nan	0.05	not_tested	not_passed	TRUE	TRUE
seed208	dominant_growth_rate	S1	513	2814	2814	0.036664071522883715	0.1	passed	0	nan	0.05	not_tested	resolution_not_tested	TRUE	TRUE
seed208	dominant_growth_rate	ST	513	2814	2814	0.05341332221078235	0.1	passed	0	nan	0.05	not_tested	resolution_not_tested	TRUE	TRUE
seed209	dominant_mean_ploidy	S1	513	2814	2814	0.04560287324986013	0.1	passed	0	nan	0.05	not_tested	resolution_not_tested	TRUE	TRUE
seed209	dominant_mean_ploidy	ST	513	2814	2814	0.10634622317060116	0.1	not_passed	0	nan	0.05	not_tested	not_passed	TRUE	TRUE
seed209	dominant_growth_rate	S1	513	2814	2814	0.032837773851292565	0.1	passed	0	nan	0.05	not_tested	resolution_not_tested	TRUE	TRUE
seed209	dominant_growth_rate	ST	513	2814	2814	0.036475560927934296	0.1	passed	0	nan	0.05	not_tested	resolution_not_tested	TRUE	TRUE
seed210	dominant_mean_ploidy	S1	513	2814	2814	0.031241637623503744	0.1	passed	0	nan	0.05	not_tested	resolution_not_tested	TRUE	TRUE
seed210	dominant_mean_ploidy	ST	513	2814	2814	0.10636350301643521	0.1	not_passed	0	nan	0.05	not_tested	not_passed	TRUE	TRUE
seed210	dominant_growth_rate	S1	513	2814	2814	0.05706173202267573	0.1	passed	0	nan	0.05	not_tested	resolution_not_tested	TRUE	TRUE
seed210	dominant_growth_rate	ST	513	2814	2814	0.07347357887970879	0.1	passed	0	nan	0.05	not_tested	resolution_not_tested	TRUE	TRUE
seed211	dominant_mean_ploidy	S1	513	2814	2814	0.06335552824049986	0.1	passed	0	nan	0.05	not_tested	resolution_not_tested	TRUE	TRUE
seed211	dominant_mean_ploidy	ST	513	2814	2814	0.18907372092142022	0.1	not_passed	0	nan	0.05	not_tested	not_passed	TRUE	TRUE
seed211	dominant_growth_rate	S1	513	2814	2814	0.06482553235226508	0.1	passed	0	nan	0.05	not_tested	resolution_not_tested	TRUE	TRUE
seed211	dominant_growth_rate	ST	513	2814	2814	0.07494188379225784	0.1	passed	0	nan	0.05	not_tested	resolution_not_tested	TRUE	TRUE
seed212	dominant_mean_ploidy	S1	513	2814	2814	0.06906304811914354	0.1	passed	0	nan	0.05	not_tested	resolution_not_tested	TRUE	TRUE
seed212	dominant_mean_ploidy	ST	513	2814	2814	0.21950643138038148	0.1	not_passed	0	nan	0.05	not_tested	not_passed	TRUE	TRUE
seed212	dominant_growth_rate	S1	513	2814	2814	0.04058622101288237	0.1	passed	0	nan	0.05	not_tested	resolution_not_tested	TRUE	TRUE
seed212	dominant_growth_rate	ST	513	2814	2814	0.06961555711741103	0.1	passed	0	nan	0.05	not_tested	resolution_not_tested	TRUE	TRUE
seed213	dominant_mean_ploidy	S1	513	2814	2814	0.06552114278341051	0.1	passed	0	nan	0.05	not_tested	resolution_not_tested	TRUE	TRUE
seed213	dominant_mean_ploidy	ST	513	2814	2814	0.1660693718818098	0.1	not_passed	0	nan	0.05	not_tested	not_passed	TRUE	TRUE
seed213	dominant_growth_rate	S1	513	2814	2814	0.05057543864848517	0.1	passed	0	nan	0.05	not_tested	resolution_not_tested	TRUE	TRUE
seed213	dominant_growth_rate	ST	513	2814	2814	0.06491955165757915	0.1	passed	0	nan	0.05	not_tested	resolution_not_tested	TRUE	TRUE
seed214	dominant_mean_ploidy	S1	513	2814	2814	0.010342821062242631	0.1	passed	2814	0.0050393327413286474	0.05	passed	passed	TRUE	TRUE
seed214	dominant_mean_ploidy	ST	513	2814	2814	0.06413114071326419	0.1	passed	2814	0.031316012811547216	0.05	passed	passed	TRUE	TRUE
seed214	dominant_growth_rate	S1	513	2814	2814	0.018120134220372487	0.1	passed	2814	0.015211548024043871	0.05	passed	passed	TRUE	TRUE
seed214	dominant_growth_rate	ST	513	2814	2814	0.019050744153682735	0.1	passed	2814	0.01989584276856691	0.05	passed	passed	TRUE	TRUE
seed215	dominant_mean_ploidy	S1	513	2814	2814	0.037317478353959335	0.1	passed	0	nan	0.05	not_tested	resolution_not_tested	TRUE	TRUE
seed215	dominant_mean_ploidy	ST	513	2814	2814	0.10748209668786203	0.1	not_passed	0	nan	0.05	not_tested	not_passed	TRUE	TRUE
seed215	dominant_growth_rate	S1	513	2814	2814	0.03102701215451653	0.1	passed	0	nan	0.05	not_tested	resolution_not_tested	TRUE	TRUE
seed215	dominant_growth_rate	ST	513	2814	2814	0.04038770637337732	0.1	passed	0	nan	0.05	not_tested	resolution_not_tested	TRUE	TRUE
seed216	dominant_mean_ploidy	S1	513	2814	2814	0.05679940046472307	0.1	passed	0	nan	0.05	not_tested	resolution_not_tested	TRUE	TRUE
seed216	dominant_mean_ploidy	ST	513	2814	2814	0.1506884325336516	0.1	not_passed	0	nan	0.05	not_tested	not_passed	TRUE	TRUE
seed216	dominant_growth_rate	S1	513	2814	2814	0.04769995541895952	0.1	passed	0	nan	0.05	not_tested	resolution_not_tested	TRUE	TRUE
seed216	dominant_growth_rate	ST	513	2814	2814	0.056188989700315314	0.1	passed	0	nan	0.05	not_tested	resolution_not_tested	TRUE	TRUE
seed217	dominant_mean_ploidy	S1	513	2814	2814	0.03657226916869818	0.1	passed	0	nan	0.05	not_tested	resolution_not_tested	TRUE	TRUE
seed217	dominant_mean_ploidy	ST	513	2814	2814	0.3807136819562171	0.1	not_passed	0	nan	0.05	not_tested	not_passed	TRUE	TRUE
seed217	dominant_growth_rate	S1	513	2814	2814	0.028348858361985627	0.1	passed	0	nan	0.05	not_tested	resolution_not_tested	TRUE	TRUE
seed217	dominant_growth_rate	ST	513	2814	2814	0.035721600674323145	0.1	passed	0	nan	0.05	not_tested	resolution_not_tested	TRUE	TRUE
seed218	dominant_mean_ploidy	S1	513	2814	2814	0.032264416112114794	0.1	passed	0	nan	0.05	not_tested	resolution_not_tested	TRUE	TRUE
seed218	dominant_mean_ploidy	ST	513	2814	2814	0.11226357612702975	0.1	not_passed	0	nan	0.05	not_tested	not_passed	TRUE	TRUE
seed218	dominant_growth_rate	S1	513	2814	2814	0.02007867445683778	0.1	passed	0	nan	0.05	not_tested	resolution_not_tested	TRUE	TRUE
seed218	dominant_growth_rate	ST	513	2814	2814	0.02629845598785645	0.1	passed	0	nan	0.05	not_tested	resolution_not_tested	TRUE	TRUE
seed219	dominant_mean_ploidy	S1	513	2814	2814	0.057371966923417575	0.1	passed	0	nan	0.05	not_tested	resolution_not_tested	TRUE	TRUE
seed219	dominant_mean_ploidy	ST	513	2814	2814	0.18327083572803904	0.1	not_passed	0	nan	0.05	not_tested	not_passed	TRUE	TRUE
seed219	dominant_growth_rate	S1	513	2814	2814	0.06865449675575407	0.1	passed	0	nan	0.05	not_tested	resolution_not_tested	TRUE	TRUE
seed219	dominant_growth_rate	ST	513	2814	2814	0.09084738371684088	0.1	passed	0	nan	0.05	not_tested	resolution_not_tested	TRUE	TRUE
seed220	dominant_mean_ploidy	S1	513	2814	2814	0.019421894123343667	0.1	passed	0	nan	0.05	not_tested	resolution_not_tested	TRUE	TRUE
seed220	dominant_mean_ploidy	ST	513	2814	2814	0.12060124853638328	0.1	not_passed	0	nan	0.05	not_tested	not_passed	TRUE	TRUE
seed220	dominant_growth_rate	S1	513	2814	2814	0.013711516932143404	0.1	passed	0	nan	0.05	not_tested	resolution_not_tested	TRUE	TRUE
seed220	dominant_growth_rate	ST	513	2814	2814	0.013999261974605114	0.1	passed	0	nan	0.05	not_tested	resolution_not_tested	TRUE	TRUE
seed221	dominant_mean_ploidy	S1	513	2814	2814	0.06384002732229935	0.1	passed	0	nan	0.05	not_tested	resolution_not_tested	TRUE	TRUE
seed221	dominant_mean_ploidy	ST	513	2814	2814	0.20692461829706082	0.1	not_passed	0	nan	0.05	not_tested	not_passed	TRUE	TRUE
seed221	dominant_growth_rate	S1	513	2814	2814	0.022120010802758477	0.1	passed	0	nan	0.05	not_tested	resolution_not_tested	TRUE	TRUE
seed221	dominant_growth_rate	ST	513	2814	2814	0.033009611469467334	0.1	passed	0	nan	0.05	not_tested	resolution_not_tested	TRUE	TRUE
seed222	dominant_mean_ploidy	S1	513	2814	2814	0.03461085544609469	0.1	passed	0	nan	0.05	not_tested	resolution_not_tested	TRUE	TRUE
seed222	dominant_mean_ploidy	ST	513	2814	2814	0.15125629427991177	0.1	not_passed	0	nan	0.05	not_tested	not_passed	TRUE	TRUE
seed222	dominant_growth_rate	S1	513	2814	2814	0.030231873597937584	0.1	passed	0	nan	0.05	not_tested	resolution_not_tested	TRUE	TRUE
seed222	dominant_growth_rate	ST	513	2814	2814	0.03501454648614213	0.1	passed	0	nan	0.05	not_tested	resolution_not_tested	TRUE	TRUE
seed223	dominant_mean_ploidy	S1	513	2814	2814	0.0057050221817246385	0.1	passed	0	nan	0.05	not_tested	resolution_not_tested	TRUE	TRUE
seed223	dominant_mean_ploidy	ST	513	2814	2814	0.08875088669779728	0.1	passed	0	nan	0.05	not_tested	resolution_not_tested	TRUE	TRUE
seed223	dominant_growth_rate	S1	513	2814	2814	0.005047865554629028	0.1	passed	0	nan	0.05	not_tested	resolution_not_tested	TRUE	TRUE
seed223	dominant_growth_rate	ST	513	2814	2814	0.0031232650527179716	0.1	passed	0	nan	0.05	not_tested	resolution_not_tested	TRUE	TRUE
seed224	dominant_mean_ploidy	S1	513	2814	2814	0.05698559627896722	0.1	passed	0	nan	0.05	not_tested	resolution_not_tested	TRUE	TRUE
seed224	dominant_mean_ploidy	ST	513	2814	2814	0.14498537930692035	0.1	not_passed	0	nan	0.05	not_tested	not_passed	TRUE	TRUE
seed224	dominant_growth_rate	S1	513	2814	2814	0.013202812818220284	0.1	passed	0	nan	0.05	not_tested	resolution_not_tested	TRUE	TRUE
seed224	dominant_growth_rate	ST	513	2814	2814	0.022301153561447882	0.1	passed	0	nan	0.05	not_tested	resolution_not_tested	TRUE	TRUE
seed225	dominant_mean_ploidy	S1	513	2814	2814	0.02383222808889218	0.1	passed	0	nan	0.05	not_tested	resolution_not_tested	TRUE	TRUE
seed225	dominant_mean_ploidy	ST	513	2814	2814	0.08696500153765349	0.1	passed	0	nan	0.05	not_tested	resolution_not_tested	TRUE	TRUE
seed225	dominant_growth_rate	S1	513	2814	2814	0.03211070676523217	0.1	passed	0	nan	0.05	not_tested	resolution_not_tested	TRUE	TRUE
seed225	dominant_growth_rate	ST	513	2814	2814	0.041500953435694016	0.1	passed	0	nan	0.05	not_tested	resolution_not_tested	TRUE	TRUE
seed226	dominant_mean_ploidy	S1	513	2814	2814	0.009891185536185133	0.1	passed	0	nan	0.05	not_tested	resolution_not_tested	TRUE	TRUE
seed226	dominant_mean_ploidy	ST	513	2814	2814	0.010341786992808516	0.1	passed	0	nan	0.05	not_tested	resolution_not_tested	TRUE	TRUE
seed226	dominant_growth_rate	S1	513	2814	2814	0.012708076312266375	0.1	passed	0	nan	0.05	not_tested	resolution_not_tested	TRUE	TRUE
seed226	dominant_growth_rate	ST	513	2814	2814	0.013965647417384488	0.1	passed	0	nan	0.05	not_tested	resolution_not_tested	TRUE	TRUE
seed227	dominant_mean_ploidy	S1	513	2814	2814	0.05750287331922402	0.1	passed	0	nan	0.05	not_tested	resolution_not_tested	TRUE	TRUE
seed227	dominant_mean_ploidy	ST	513	2814	2814	0.19115560917100205	0.1	not_passed	0	nan	0.05	not_tested	not_passed	TRUE	TRUE
seed227	dominant_growth_rate	S1	513	2814	2814	0.03326108900444072	0.1	passed	0	nan	0.05	not_tested	resolution_not_tested	TRUE	TRUE
seed227	dominant_growth_rate	ST	513	2814	2814	0.035578657561557474	0.1	passed	0	nan	0.05	not_tested	resolution_not_tested	TRUE	TRUE
seed228	dominant_mean_ploidy	S1	513	2814	2814	0.018681421556093925	0.1	passed	0	nan	0.05	not_tested	resolution_not_tested	TRUE	TRUE
seed228	dominant_mean_ploidy	ST	513	2814	2814	0.09297263920216507	0.1	passed	0	nan	0.05	not_tested	resolution_not_tested	TRUE	TRUE
seed228	dominant_growth_rate	S1	513	2814	2814	0.030566087410822753	0.1	passed	0	nan	0.05	not_tested	resolution_not_tested	TRUE	TRUE
seed228	dominant_growth_rate	ST	513	2814	2814	0.032141214563895154	0.1	passed	0	nan	0.05	not_tested	resolution_not_tested	TRUE	TRUE
seed229	dominant_mean_ploidy	S1	513	2814	2814	0.03819804479820348	0.1	passed	0	nan	0.05	not_tested	resolution_not_tested	TRUE	TRUE
seed229	dominant_mean_ploidy	ST	513	2814	2814	0.12955126413964088	0.1	not_passed	0	nan	0.05	not_tested	not_passed	TRUE	TRUE
seed229	dominant_growth_rate	S1	513	2814	2814	0.027603197667340314	0.1	passed	0	nan	0.05	not_tested	resolution_not_tested	TRUE	TRUE
seed229	dominant_growth_rate	ST	513	2814	2814	0.04359461745009763	0.1	passed	0	nan	0.05	not_tested	resolution_not_tested	TRUE	TRUE
seed230	dominant_mean_ploidy	S1	513	2814	2814	0.021646896078890514	0.1	passed	0	nan	0.05	not_tested	resolution_not_tested	TRUE	TRUE
seed230	dominant_mean_ploidy	ST	513	2814	2814	0.13358848675590032	0.1	not_passed	0	nan	0.05	not_tested	not_passed	TRUE	TRUE
seed230	dominant_growth_rate	S1	513	2814	2814	0.03891603625197272	0.1	passed	0	nan	0.05	not_tested	resolution_not_tested	TRUE	TRUE
seed230	dominant_growth_rate	ST	513	2814	2814	0.043051610307186766	0.1	passed	0	nan	0.05	not_tested	resolution_not_tested	TRUE	TRUE
seed231	dominant_mean_ploidy	S1	513	2814	2814	0.015078163856906942	0.1	passed	0	nan	0.05	not_tested	resolution_not_tested	TRUE	TRUE
seed231	dominant_mean_ploidy	ST	513	2814	2814	0.0682127802992095	0.1	passed	0	nan	0.05	not_tested	resolution_not_tested	TRUE	TRUE
seed231	dominant_growth_rate	S1	513	2814	2814	0.03354129501514282	0.1	passed	0	nan	0.05	not_tested	resolution_not_tested	TRUE	TRUE
seed231	dominant_growth_rate	ST	513	2814	2814	0.03937352651089753	0.1	passed	0	nan	0.05	not_tested	resolution_not_tested	TRUE	TRUE
seed232	dominant_mean_ploidy	S1	513	2814	2814	0.059732099816563	0.1	passed	0	nan	0.05	not_tested	resolution_not_tested	TRUE	TRUE
seed232	dominant_mean_ploidy	ST	513	2814	2814	0.20072745790133692	0.1	not_passed	0	nan	0.05	not_tested	not_passed	TRUE	TRUE
seed232	dominant_growth_rate	S1	513	2814	2814	0.030293623593322747	0.1	passed	0	nan	0.05	not_tested	resolution_not_tested	TRUE	TRUE
seed232	dominant_growth_rate	ST	513	2814	2814	0.04319080778978412	0.1	passed	0	nan	0.05	not_tested	resolution_not_tested	TRUE	TRUE
seed233	dominant_mean_ploidy	S1	513	2814	2814	0.06831660497285408	0.1	passed	0	nan	0.05	not_tested	resolution_not_tested	TRUE	TRUE
seed233	dominant_mean_ploidy	ST	513	2814	2814	0.14532602119044452	0.1	not_passed	0	nan	0.05	not_tested	not_passed	TRUE	TRUE
seed233	dominant_growth_rate	S1	513	2814	2814	0.040517312369669586	0.1	passed	0	nan	0.05	not_tested	resolution_not_tested	TRUE	TRUE
seed233	dominant_growth_rate	ST	513	2814	2814	0.04933875645388898	0.1	passed	0	nan	0.05	not_tested	resolution_not_tested	TRUE	TRUE
seed234	dominant_mean_ploidy	S1	513	2814	2814	0.07084535227634141	0.1	passed	0	nan	0.05	not_tested	resolution_not_tested	TRUE	TRUE
seed234	dominant_mean_ploidy	ST	513	2814	2814	0.261236977006474	0.1	not_passed	0	nan	0.05	not_tested	not_passed	TRUE	TRUE
seed234	dominant_growth_rate	S1	513	2814	2814	0.05797588270129193	0.1	passed	0	nan	0.05	not_tested	resolution_not_tested	TRUE	TRUE
seed234	dominant_growth_rate	ST	513	2814	2814	0.08550376269768749	0.1	passed	0	nan	0.05	not_tested	resolution_not_tested	TRUE	TRUE
seed235	dominant_mean_ploidy	S1	513	2814	2814	0.02810446648070684	0.1	passed	0	nan	0.05	not_tested	resolution_not_tested	TRUE	TRUE
seed235	dominant_mean_ploidy	ST	513	2814	2814	0.12324982636240187	0.1	not_passed	0	nan	0.05	not_tested	not_passed	TRUE	TRUE
seed235	dominant_growth_rate	S1	513	2814	2814	0.03138182468145178	0.1	passed	0	nan	0.05	not_tested	resolution_not_tested	TRUE	TRUE
seed235	dominant_growth_rate	ST	513	2814	2814	0.05417976516883876	0.1	passed	0	nan	0.05	not_tested	resolution_not_tested	TRUE	TRUE
seed236	dominant_mean_ploidy	S1	513	2814	2814	0.07112185116547588	0.1	passed	0	nan	0.05	not_tested	resolution_not_tested	TRUE	TRUE
seed236	dominant_mean_ploidy	ST	513	2814	2814	0.22691132673501946	0.1	not_passed	0	nan	0.05	not_tested	not_passed	TRUE	TRUE
seed236	dominant_growth_rate	S1	513	2814	2814	0.026892607269942064	0.1	passed	0	nan	0.05	not_tested	resolution_not_tested	TRUE	TRUE
seed236	dominant_growth_rate	ST	513	2814	2814	0.04164284279378521	0.1	passed	0	nan	0.05	not_tested	resolution_not_tested	TRUE	TRUE
seed237	dominant_mean_ploidy	S1	513	2814	2814	0.009387241610768845	0.1	passed	0	nan	0.05	not_tested	resolution_not_tested	TRUE	TRUE
seed237	dominant_mean_ploidy	ST	513	2814	2814	0.011787461263847611	0.1	passed	0	nan	0.05	not_tested	resolution_not_tested	TRUE	TRUE
seed237	dominant_growth_rate	S1	513	2814	2814	0.024351773231207737	0.1	passed	0	nan	0.05	not_tested	resolution_not_tested	TRUE	TRUE
seed237	dominant_growth_rate	ST	513	2814	2814	0.027434439911893718	0.1	passed	0	nan	0.05	not_tested	resolution_not_tested	TRUE	TRUE
seed238	dominant_mean_ploidy	S1	513	2814	2814	0.08324326005280804	0.1	passed	0	nan	0.05	not_tested	resolution_not_tested	TRUE	TRUE
seed238	dominant_mean_ploidy	ST	513	2814	2814	0.22266891516415993	0.1	not_passed	0	nan	0.05	not_tested	not_passed	TRUE	TRUE
seed238	dominant_growth_rate	S1	513	2814	2814	0.0767686235466666	0.1	passed	0	nan	0.05	not_tested	resolution_not_tested	TRUE	TRUE
seed238	dominant_growth_rate	ST	513	2814	2814	0.10102240745004185	0.1	not_passed	0	nan	0.05	not_tested	not_passed	TRUE	TRUE
seed239	dominant_mean_ploidy	S1	513	2814	2814	0.029053992613222186	0.1	passed	0	nan	0.05	not_tested	resolution_not_tested	TRUE	TRUE
seed239	dominant_mean_ploidy	ST	513	2814	2814	0.12299977133495633	0.1	not_passed	0	nan	0.05	not_tested	not_passed	TRUE	TRUE
seed239	dominant_growth_rate	S1	513	2814	2814	0.04566671385466597	0.1	passed	0	nan	0.05	not_tested	resolution_not_tested	TRUE	TRUE
seed239	dominant_growth_rate	ST	513	2814	2814	0.05511321978031728	0.1	passed	0	nan	0.05	not_tested	resolution_not_tested	TRUE	TRUE
seed240	dominant_mean_ploidy	S1	513	2814	2814	0.04764072070292491	0.1	passed	0	nan	0.05	not_tested	resolution_not_tested	TRUE	TRUE
seed240	dominant_mean_ploidy	ST	513	2814	2814	0.15132769124696013	0.1	not_passed	0	nan	0.05	not_tested	not_passed	TRUE	TRUE
seed240	dominant_growth_rate	S1	513	2814	2814	0.050856638986308086	0.1	passed	0	nan	0.05	not_tested	resolution_not_tested	TRUE	TRUE
seed240	dominant_growth_rate	ST	513	2814	2814	0.07890207233624309	0.1	passed	0	nan	0.05	not_tested	resolution_not_tested	TRUE	TRUE
seed241	dominant_mean_ploidy	S1	513	2814	2814	0.03931097992669309	0.1	passed	0	nan	0.05	not_tested	resolution_not_tested	TRUE	TRUE
seed241	dominant_mean_ploidy	ST	513	2814	2814	0.14766756101860246	0.1	not_passed	0	nan	0.05	not_tested	not_passed	TRUE	TRUE
seed241	dominant_growth_rate	S1	513	2814	2814	0.04558793506543058	0.1	passed	0	nan	0.05	not_tested	resolution_not_tested	TRUE	TRUE
seed241	dominant_growth_rate	ST	513	2814	2814	0.054396025185390315	0.1	passed	0	nan	0.05	not_tested	resolution_not_tested	TRUE	TRUE
seed242	dominant_mean_ploidy	S1	513	2814	2814	0.04150401785642041	0.1	passed	0	nan	0.05	not_tested	resolution_not_tested	TRUE	TRUE
seed242	dominant_mean_ploidy	ST	513	2814	2814	0.11186467283579546	0.1	not_passed	0	nan	0.05	not_tested	not_passed	TRUE	TRUE
seed242	dominant_growth_rate	S1	513	2814	2814	0.05616492709150184	0.1	passed	0	nan	0.05	not_tested	resolution_not_tested	TRUE	TRUE
seed242	dominant_growth_rate	ST	513	2814	2814	0.07194732136850214	0.1	passed	0	nan	0.05	not_tested	resolution_not_tested	TRUE	TRUE
seed243	dominant_mean_ploidy	S1	513	2814	2814	0.06267609216560241	0.1	passed	0	nan	0.05	not_tested	resolution_not_tested	TRUE	TRUE
seed243	dominant_mean_ploidy	ST	513	2814	2814	0.16308744472878856	0.1	not_passed	0	nan	0.05	not_tested	not_passed	TRUE	TRUE
seed243	dominant_growth_rate	S1	513	2814	2814	0.019922183610742775	0.1	passed	0	nan	0.05	not_tested	resolution_not_tested	TRUE	TRUE
seed243	dominant_growth_rate	ST	513	2814	2814	0.03718789266802206	0.1	passed	0	nan	0.05	not_tested	resolution_not_tested	TRUE	TRUE
seed244	dominant_mean_ploidy	S1	513	2814	2814	0.042977020760421994	0.1	passed	0	nan	0.05	not_tested	resolution_not_tested	TRUE	TRUE
seed244	dominant_mean_ploidy	ST	513	2814	2814	0.17708162091930563	0.1	not_passed	0	nan	0.05	not_tested	not_passed	TRUE	TRUE
seed244	dominant_growth_rate	S1	513	2814	2814	0.03731297282674539	0.1	passed	0	nan	0.05	not_tested	resolution_not_tested	TRUE	TRUE
seed244	dominant_growth_rate	ST	513	2814	2814	0.04383124534614268	0.1	passed	0	nan	0.05	not_tested	resolution_not_tested	TRUE	TRUE
seed245	dominant_mean_ploidy	S1	513	2814	2814	0.07034680652674424	0.1	passed	0	nan	0.05	not_tested	resolution_not_tested	TRUE	TRUE
seed245	dominant_mean_ploidy	ST	513	2814	2814	0.2617245349864862	0.1	not_passed	0	nan	0.05	not_tested	not_passed	TRUE	TRUE
seed245	dominant_growth_rate	S1	513	2814	2814	0.05392700976931135	0.1	passed	0	nan	0.05	not_tested	resolution_not_tested	TRUE	TRUE
seed245	dominant_growth_rate	ST	513	2814	2814	0.07684331571391691	0.1	passed	0	nan	0.05	not_tested	resolution_not_tested	TRUE	TRUE
seed246	dominant_mean_ploidy	S1	513	2814	2814	0.015249820582693027	0.1	passed	0	nan	0.05	not_tested	resolution_not_tested	TRUE	TRUE
seed246	dominant_mean_ploidy	ST	513	2814	2814	0.09405956572092374	0.1	passed	0	nan	0.05	not_tested	resolution_not_tested	TRUE	TRUE
seed246	dominant_growth_rate	S1	513	2814	2814	0.03826457606520447	0.1	passed	0	nan	0.05	not_tested	resolution_not_tested	TRUE	TRUE
seed246	dominant_growth_rate	ST	513	2814	2814	0.04541009321353981	0.1	passed	0	nan	0.05	not_tested	resolution_not_tested	TRUE	TRUE
seed247	dominant_mean_ploidy	S1	513	2814	2814	0.03479247417726556	0.1	passed	0	nan	0.05	not_tested	resolution_not_tested	TRUE	TRUE
seed247	dominant_mean_ploidy	ST	513	2814	2814	0.15689322440436176	0.1	not_passed	0	nan	0.05	not_tested	not_passed	TRUE	TRUE
seed247	dominant_growth_rate	S1	513	2814	2814	0.02727653771564018	0.1	passed	0	nan	0.05	not_tested	resolution_not_tested	TRUE	TRUE
seed247	dominant_growth_rate	ST	513	2814	2814	0.03346937961249291	0.1	passed	0	nan	0.05	not_tested	resolution_not_tested	TRUE	TRUE
seed248	dominant_mean_ploidy	S1	513	2814	2814	0.018573825003676034	0.1	passed	0	nan	0.05	not_tested	resolution_not_tested	TRUE	TRUE
seed248	dominant_mean_ploidy	ST	513	2814	2814	0.0762328614447245	0.1	passed	0	nan	0.05	not_tested	resolution_not_tested	TRUE	TRUE
seed248	dominant_growth_rate	S1	513	2814	2814	0.018085034444424452	0.1	passed	0	nan	0.05	not_tested	resolution_not_tested	TRUE	TRUE
seed248	dominant_growth_rate	ST	513	2814	2814	0.02169799546339506	0.1	passed	0	nan	0.05	not_tested	resolution_not_tested	TRUE	TRUE
seed249	dominant_mean_ploidy	S1	513	2814	2814	0.09608285276002229	0.1	passed	0	nan	0.05	not_tested	resolution_not_tested	TRUE	TRUE
seed249	dominant_mean_ploidy	ST	513	2814	2814	0.30538944239939925	0.1	not_passed	0	nan	0.05	not_tested	not_passed	TRUE	TRUE
seed249	dominant_growth_rate	S1	513	2814	2814	0.014326756642019108	0.1	passed	0	nan	0.05	not_tested	resolution_not_tested	TRUE	TRUE
seed249	dominant_growth_rate	ST	513	2814	2814	0.03213191138183226	0.1	passed	0	nan	0.05	not_tested	resolution_not_tested	TRUE	TRUE
seed250	dominant_mean_ploidy	S1	513	2814	2814	0.05648986057737	0.1	passed	0	nan	0.05	not_tested	resolution_not_tested	TRUE	TRUE
seed250	dominant_mean_ploidy	ST	513	2814	2814	0.14289242473584174	0.1	not_passed	0	nan	0.05	not_tested	not_passed	TRUE	TRUE
seed250	dominant_growth_rate	S1	513	2814	2814	0.030594280097192245	0.1	passed	0	nan	0.05	not_tested	resolution_not_tested	TRUE	TRUE
seed250	dominant_growth_rate	ST	513	2814	2814	0.04592971623510331	0.1	passed	0	nan	0.05	not_tested	resolution_not_tested	TRUE	TRUE
seed251	dominant_mean_ploidy	S1	513	2814	2814	0.06596679258937639	0.1	passed	0	nan	0.05	not_tested	resolution_not_tested	TRUE	TRUE
seed251	dominant_mean_ploidy	ST	513	2814	2814	0.18236041911915488	0.1	not_passed	0	nan	0.05	not_tested	not_passed	TRUE	TRUE
seed251	dominant_growth_rate	S1	513	2814	2814	0.05125547969687335	0.1	passed	0	nan	0.05	not_tested	resolution_not_tested	TRUE	TRUE
seed251	dominant_growth_rate	ST	513	2814	2814	0.07316168672433468	0.1	passed	0	nan	0.05	not_tested	resolution_not_tested	TRUE	TRUE
seed252	dominant_mean_ploidy	S1	513	2814	2814	0.04021979894943463	0.1	passed	0	nan	0.05	not_tested	resolution_not_tested	TRUE	TRUE
seed252	dominant_mean_ploidy	ST	513	2814	2814	0.09028172352768035	0.1	passed	0	nan	0.05	not_tested	resolution_not_tested	TRUE	TRUE
seed252	dominant_growth_rate	S1	513	2814	2814	0.0375572618558574	0.1	passed	0	nan	0.05	not_tested	resolution_not_tested	TRUE	TRUE
seed252	dominant_growth_rate	ST	513	2814	2814	0.044063592935803864	0.1	passed	0	nan	0.05	not_tested	resolution_not_tested	TRUE	TRUE
seed253	dominant_mean_ploidy	S1	513	2814	2814	0.05789970123864272	0.1	passed	0	nan	0.05	not_tested	resolution_not_tested	TRUE	TRUE
seed253	dominant_mean_ploidy	ST	513	2814	2814	0.24131583740855275	0.1	not_passed	0	nan	0.05	not_tested	not_passed	TRUE	TRUE
seed253	dominant_growth_rate	S1	513	2814	2814	0.0319544426085797	0.1	passed	0	nan	0.05	not_tested	resolution_not_tested	TRUE	TRUE
seed253	dominant_growth_rate	ST	513	2814	2814	0.040590967509803746	0.1	passed	0	nan	0.05	not_tested	resolution_not_tested	TRUE	TRUE
seed254	dominant_mean_ploidy	S1	513	2814	2814	0.036228929290698555	0.1	passed	0	nan	0.05	not_tested	resolution_not_tested	TRUE	TRUE
seed254	dominant_mean_ploidy	ST	513	2814	2814	0.0975317110656504	0.1	passed	0	nan	0.05	not_tested	resolution_not_tested	TRUE	TRUE
seed254	dominant_growth_rate	S1	513	2814	2814	0.055021329852568295	0.1	passed	0	nan	0.05	not_tested	resolution_not_tested	TRUE	TRUE
seed254	dominant_growth_rate	ST	513	2814	2814	0.06396478860939134	0.1	passed	0	nan	0.05	not_tested	resolution_not_tested	TRUE	TRUE
seed255	dominant_mean_ploidy	S1	513	2814	2814	0.07367907889630022	0.1	passed	0	nan	0.05	not_tested	resolution_not_tested	TRUE	TRUE
seed255	dominant_mean_ploidy	ST	513	2814	2814	0.25256297955176965	0.1	not_passed	0	nan	0.05	not_tested	not_passed	TRUE	TRUE
seed255	dominant_growth_rate	S1	513	2814	2814	0.08206593127119072	0.1	passed	0	nan	0.05	not_tested	resolution_not_tested	TRUE	TRUE
seed255	dominant_growth_rate	ST	513	2814	2814	0.09562933025890621	0.1	passed	0	nan	0.05	not_tested	resolution_not_tested	TRUE	TRUE
seed256	dominant_mean_ploidy	S1	513	2814	2814	0.0711762183413473	0.1	passed	0	nan	0.05	not_tested	resolution_not_tested	TRUE	TRUE
seed256	dominant_mean_ploidy	ST	513	2814	2814	0.17444535061631475	0.1	not_passed	0	nan	0.05	not_tested	not_passed	TRUE	TRUE
seed256	dominant_growth_rate	S1	513	2814	2814	0.022999227024140013	0.1	passed	0	nan	0.05	not_tested	resolution_not_tested	TRUE	TRUE
seed256	dominant_growth_rate	ST	513	2814	2814	0.03476291906826722	0.1	passed	0	nan	0.05	not_tested	resolution_not_tested	TRUE	TRUE
seed257	dominant_mean_ploidy	S1	513	2814	2814	0.0716624231841712	0.1	passed	0	nan	0.05	not_tested	resolution_not_tested	TRUE	TRUE
seed257	dominant_mean_ploidy	ST	513	2814	2814	0.20455847534785845	0.1	not_passed	0	nan	0.05	not_tested	not_passed	TRUE	TRUE
seed257	dominant_growth_rate	S1	513	2814	2814	0.04113146156767499	0.1	passed	0	nan	0.05	not_tested	resolution_not_tested	TRUE	TRUE
seed257	dominant_growth_rate	ST	513	2814	2814	0.05969801061630468	0.1	passed	0	nan	0.05	not_tested	resolution_not_tested	TRUE	TRUE
seed258	dominant_mean_ploidy	S1	513	2814	2814	0.04935374897350402	0.1	passed	0	nan	0.05	not_tested	resolution_not_tested	TRUE	TRUE
seed258	dominant_mean_ploidy	ST	513	2814	2814	0.13037541670311342	0.1	not_passed	0	nan	0.05	not_tested	not_passed	TRUE	TRUE
seed258	dominant_growth_rate	S1	513	2814	2814	0.018537407149765206	0.1	passed	0	nan	0.05	not_tested	resolution_not_tested	TRUE	TRUE
seed258	dominant_growth_rate	ST	513	2814	2814	0.032944631796401176	0.1	passed	0	nan	0.05	not_tested	resolution_not_tested	TRUE	TRUE
seed259	dominant_mean_ploidy	S1	513	2814	2814	0.01032262522383928	0.1	passed	0	nan	0.05	not_tested	resolution_not_tested	TRUE	TRUE
seed259	dominant_mean_ploidy	ST	513	2814	2814	0.09205966367938402	0.1	passed	0	nan	0.05	not_tested	resolution_not_tested	TRUE	TRUE
seed259	dominant_growth_rate	S1	513	2814	2814	0.01523267016500815	0.1	passed	0	nan	0.05	not_tested	resolution_not_tested	TRUE	TRUE
seed259	dominant_growth_rate	ST	513	2814	2814	0.01572955491105838	0.1	passed	0	nan	0.05	not_tested	resolution_not_tested	TRUE	TRUE
seed260	dominant_mean_ploidy	S1	513	2814	2814	0.033823877676947715	0.1	passed	0	nan	0.05	not_tested	resolution_not_tested	TRUE	TRUE
seed260	dominant_mean_ploidy	ST	513	2814	2814	0.08725777974711468	0.1	passed	0	nan	0.05	not_tested	resolution_not_tested	TRUE	TRUE
seed260	dominant_growth_rate	S1	513	2814	2814	0.0565143814430283	0.1	passed	0	nan	0.05	not_tested	resolution_not_tested	TRUE	TRUE
seed260	dominant_growth_rate	ST	513	2814	2814	0.07160797123476721	0.1	passed	0	nan	0.05	not_tested	resolution_not_tested	TRUE	TRUE
seed261	dominant_mean_ploidy	S1	513	2814	2814	0.04447134010152147	0.1	passed	0	nan	0.05	not_tested	resolution_not_tested	TRUE	TRUE
seed261	dominant_mean_ploidy	ST	513	2814	2814	0.17986228143323602	0.1	not_passed	0	nan	0.05	not_tested	not_passed	TRUE	TRUE
seed261	dominant_growth_rate	S1	513	2814	2814	0.04566838415209683	0.1	passed	0	nan	0.05	not_tested	resolution_not_tested	TRUE	TRUE
seed261	dominant_growth_rate	ST	513	2814	2814	0.07922007653070606	0.1	passed	0	nan	0.05	not_tested	resolution_not_tested	TRUE	TRUE
seed262	dominant_mean_ploidy	S1	513	2814	2814	0.019440776322705907	0.1	passed	0	nan	0.05	not_tested	resolution_not_tested	TRUE	TRUE
seed262	dominant_mean_ploidy	ST	513	2814	2814	0.07902998787042174	0.1	passed	0	nan	0.05	not_tested	resolution_not_tested	TRUE	TRUE
seed262	dominant_growth_rate	S1	513	2814	2814	0.016900347497389088	0.1	passed	0	nan	0.05	not_tested	resolution_not_tested	TRUE	TRUE
seed262	dominant_growth_rate	ST	513	2814	2814	0.0194811769785644	0.1	passed	0	nan	0.05	not_tested	resolution_not_tested	TRUE	TRUE
seed263	dominant_mean_ploidy	S1	513	2814	2814	0.050489938874783646	0.1	passed	0	nan	0.05	not_tested	resolution_not_tested	TRUE	TRUE
seed263	dominant_mean_ploidy	ST	513	2814	2814	0.2164453813847575	0.1	not_passed	0	nan	0.05	not_tested	not_passed	TRUE	TRUE
seed263	dominant_growth_rate	S1	513	2814	2814	0.050297978743604935	0.1	passed	0	nan	0.05	not_tested	resolution_not_tested	TRUE	TRUE
seed263	dominant_growth_rate	ST	513	2814	2814	0.06805076613743938	0.1	passed	0	nan	0.05	not_tested	resolution_not_tested	TRUE	TRUE
seed264	dominant_mean_ploidy	S1	513	2814	2814	0.06126050539660447	0.1	passed	0	nan	0.05	not_tested	resolution_not_tested	TRUE	TRUE
seed264	dominant_mean_ploidy	ST	513	2814	2814	0.18135645736932418	0.1	not_passed	0	nan	0.05	not_tested	not_passed	TRUE	TRUE
seed264	dominant_growth_rate	S1	513	2814	2814	0.08128770985079581	0.1	passed	0	nan	0.05	not_tested	resolution_not_tested	TRUE	TRUE
seed264	dominant_growth_rate	ST	513	2814	2814	0.11454775180861113	0.1	not_passed	0	nan	0.05	not_tested	not_passed	TRUE	TRUE
seed265	dominant_mean_ploidy	S1	513	2814	2814	0.05398687494072681	0.1	passed	0	nan	0.05	not_tested	resolution_not_tested	TRUE	TRUE
seed265	dominant_mean_ploidy	ST	513	2814	2814	0.21563437713031136	0.1	not_passed	0	nan	0.05	not_tested	not_passed	TRUE	TRUE
seed265	dominant_growth_rate	S1	513	2814	2814	0.035517121918816626	0.1	passed	0	nan	0.05	not_tested	resolution_not_tested	TRUE	TRUE
seed265	dominant_growth_rate	ST	513	2814	2814	0.038399316941007136	0.1	passed	0	nan	0.05	not_tested	resolution_not_tested	TRUE	TRUE
seed266	dominant_mean_ploidy	S1	513	2814	2814	0.034183336366659704	0.1	passed	0	nan	0.05	not_tested	resolution_not_tested	TRUE	TRUE
seed266	dominant_mean_ploidy	ST	513	2814	2814	0.12417613249314939	0.1	not_passed	0	nan	0.05	not_tested	not_passed	TRUE	TRUE
seed266	dominant_growth_rate	S1	513	2814	2814	0.05306792836792988	0.1	passed	0	nan	0.05	not_tested	resolution_not_tested	TRUE	TRUE
seed266	dominant_growth_rate	ST	513	2814	2814	0.0528424457175121	0.1	passed	0	nan	0.05	not_tested	resolution_not_tested	TRUE	TRUE
seed267	dominant_mean_ploidy	S1	513	2814	2814	0.04860611966331953	0.1	passed	0	nan	0.05	not_tested	resolution_not_tested	TRUE	TRUE
seed267	dominant_mean_ploidy	ST	513	2814	2814	0.1385655273530169	0.1	not_passed	0	nan	0.05	not_tested	not_passed	TRUE	TRUE
seed267	dominant_growth_rate	S1	513	2814	2814	0.011280123902969527	0.1	passed	0	nan	0.05	not_tested	resolution_not_tested	TRUE	TRUE
seed267	dominant_growth_rate	ST	513	2814	2814	0.024541200392239025	0.1	passed	0	nan	0.05	not_tested	resolution_not_tested	TRUE	TRUE
seed268	dominant_mean_ploidy	S1	513	2814	2814	0.08011086116111922	0.1	passed	0	nan	0.05	not_tested	resolution_not_tested	TRUE	TRUE
seed268	dominant_mean_ploidy	ST	513	2814	2814	0.18943216595422957	0.1	not_passed	0	nan	0.05	not_tested	not_passed	TRUE	TRUE
seed268	dominant_growth_rate	S1	513	2814	2814	0.056003874547695794	0.1	passed	0	nan	0.05	not_tested	resolution_not_tested	TRUE	TRUE
seed268	dominant_growth_rate	ST	513	2814	2814	0.07462292937585491	0.1	passed	0	nan	0.05	not_tested	resolution_not_tested	TRUE	TRUE
seed269	dominant_mean_ploidy	S1	513	2814	2814	0.06223871404997608	0.1	passed	0	nan	0.05	not_tested	resolution_not_tested	TRUE	TRUE
seed269	dominant_mean_ploidy	ST	513	2814	2814	0.16521902120142312	0.1	not_passed	0	nan	0.05	not_tested	not_passed	TRUE	TRUE
seed269	dominant_growth_rate	S1	513	2814	2814	0.026548560287297917	0.1	passed	0	nan	0.05	not_tested	resolution_not_tested	TRUE	TRUE
seed269	dominant_growth_rate	ST	513	2814	2814	0.03422848808339832	0.1	passed	0	nan	0.05	not_tested	resolution_not_tested	TRUE	TRUE
seed270	dominant_mean_ploidy	S1	513	2814	2814	0.07143320088376114	0.1	passed	0	nan	0.05	not_tested	resolution_not_tested	TRUE	TRUE
seed270	dominant_mean_ploidy	ST	513	2814	2814	0.22602008802993911	0.1	not_passed	0	nan	0.05	not_tested	not_passed	TRUE	TRUE
seed270	dominant_growth_rate	S1	513	2814	2814	0.04607648377357024	0.1	passed	0	nan	0.05	not_tested	resolution_not_tested	TRUE	TRUE
seed270	dominant_growth_rate	ST	513	2814	2814	0.06652531660596456	0.1	passed	0	nan	0.05	not_tested	resolution_not_tested	TRUE	TRUE
seed271	dominant_mean_ploidy	S1	513	2814	2814	0.020468108148002602	0.1	passed	0	nan	0.05	not_tested	resolution_not_tested	TRUE	TRUE
seed271	dominant_mean_ploidy	ST	513	2814	2814	0.08292379024981633	0.1	passed	0	nan	0.05	not_tested	resolution_not_tested	TRUE	TRUE
seed271	dominant_growth_rate	S1	513	2814	2814	0.03864261306388357	0.1	passed	0	nan	0.05	not_tested	resolution_not_tested	TRUE	TRUE
seed271	dominant_growth_rate	ST	513	2814	2814	0.04184962498477112	0.1	passed	0	nan	0.05	not_tested	resolution_not_tested	TRUE	TRUE
seed272	dominant_mean_ploidy	S1	513	2814	2814	0.04126089607863131	0.1	passed	0	nan	0.05	not_tested	resolution_not_tested	TRUE	TRUE
seed272	dominant_mean_ploidy	ST	513	2814	2814	0.12859111921285296	0.1	not_passed	0	nan	0.05	not_tested	not_passed	TRUE	TRUE
seed272	dominant_growth_rate	S1	513	2814	2814	0.04413350890591457	0.1	passed	0	nan	0.05	not_tested	resolution_not_tested	TRUE	TRUE
seed272	dominant_growth_rate	ST	513	2814	2814	0.05360458785218747	0.1	passed	0	nan	0.05	not_tested	resolution_not_tested	TRUE	TRUE
seed273	dominant_mean_ploidy	S1	513	2814	2814	0.05046040797743991	0.1	passed	0	nan	0.05	not_tested	resolution_not_tested	TRUE	TRUE
seed273	dominant_mean_ploidy	ST	513	2814	2814	0.13319050770305343	0.1	not_passed	0	nan	0.05	not_tested	not_passed	TRUE	TRUE
seed273	dominant_growth_rate	S1	513	2814	2814	0.02539737209604919	0.1	passed	0	nan	0.05	not_tested	resolution_not_tested	TRUE	TRUE
seed273	dominant_growth_rate	ST	513	2814	2814	0.028714600585223286	0.1	passed	0	nan	0.05	not_tested	resolution_not_tested	TRUE	TRUE
seed274	dominant_mean_ploidy	S1	513	2814	2814	0.020743827023995003	0.1	passed	0	nan	0.05	not_tested	resolution_not_tested	TRUE	TRUE
seed274	dominant_mean_ploidy	ST	513	2814	2814	0.09467674626497923	0.1	passed	0	nan	0.05	not_tested	resolution_not_tested	TRUE	TRUE
seed274	dominant_growth_rate	S1	513	2814	2814	0.019313145909843184	0.1	passed	0	nan	0.05	not_tested	resolution_not_tested	TRUE	TRUE
seed274	dominant_growth_rate	ST	513	2814	2814	0.029316395169289324	0.1	passed	0	nan	0.05	not_tested	resolution_not_tested	TRUE	TRUE
seed275	dominant_mean_ploidy	S1	513	2814	2814	0.07519278544048003	0.1	passed	0	nan	0.05	not_tested	resolution_not_tested	TRUE	TRUE
seed275	dominant_mean_ploidy	ST	513	2814	2814	0.22110004126286253	0.1	not_passed	0	nan	0.05	not_tested	not_passed	TRUE	TRUE
seed275	dominant_growth_rate	S1	513	2814	2814	0.09016558899716376	0.1	passed	0	nan	0.05	not_tested	resolution_not_tested	TRUE	TRUE
seed275	dominant_growth_rate	ST	513	2814	2814	0.12431742780137366	0.1	not_passed	0	nan	0.05	not_tested	not_passed	TRUE	TRUE
seed276	dominant_mean_ploidy	S1	513	2814	2814	0.030075401589820295	0.1	passed	0	nan	0.05	not_tested	resolution_not_tested	TRUE	TRUE
seed276	dominant_mean_ploidy	ST	513	2814	2814	0.12492594485171449	0.1	not_passed	0	nan	0.05	not_tested	not_passed	TRUE	TRUE
seed276	dominant_growth_rate	S1	513	2814	2814	0.037937156421692673	0.1	passed	0	nan	0.05	not_tested	resolution_not_tested	TRUE	TRUE
seed276	dominant_growth_rate	ST	513	2814	2814	0.06811169069830106	0.1	passed	0	nan	0.05	not_tested	resolution_not_tested	TRUE	TRUE
seed277	dominant_mean_ploidy	S1	513	2814	2814	0.022051063498363065	0.1	passed	0	nan	0.05	not_tested	resolution_not_tested	TRUE	TRUE
seed277	dominant_mean_ploidy	ST	513	2814	2814	0.12200423699427425	0.1	not_passed	0	nan	0.05	not_tested	not_passed	TRUE	TRUE
seed277	dominant_growth_rate	S1	513	2814	2814	0.03246547457832627	0.1	passed	0	nan	0.05	not_tested	resolution_not_tested	TRUE	TRUE
seed277	dominant_growth_rate	ST	513	2814	2814	0.0411001472101186	0.1	passed	0	nan	0.05	not_tested	resolution_not_tested	TRUE	TRUE
seed278	dominant_mean_ploidy	S1	513	2814	2814	0.042228420016297105	0.1	passed	0	nan	0.05	not_tested	resolution_not_tested	TRUE	TRUE
seed278	dominant_mean_ploidy	ST	513	2814	2814	0.15154116209829346	0.1	not_passed	0	nan	0.05	not_tested	not_passed	TRUE	TRUE
seed278	dominant_growth_rate	S1	513	2814	2814	0.045323928080621204	0.1	passed	0	nan	0.05	not_tested	resolution_not_tested	TRUE	TRUE
seed278	dominant_growth_rate	ST	513	2814	2814	0.04680071270861982	0.1	passed	0	nan	0.05	not_tested	resolution_not_tested	TRUE	TRUE
seed279	dominant_mean_ploidy	S1	513	2814	2814	0.04339499928454984	0.1	passed	0	nan	0.05	not_tested	resolution_not_tested	TRUE	TRUE
seed279	dominant_mean_ploidy	ST	513	2814	2814	0.16663543361623134	0.1	not_passed	0	nan	0.05	not_tested	not_passed	TRUE	TRUE
seed279	dominant_growth_rate	S1	513	2814	2814	0.04668779955211238	0.1	passed	0	nan	0.05	not_tested	resolution_not_tested	TRUE	TRUE
seed279	dominant_growth_rate	ST	513	2814	2814	0.058260498784720165	0.1	passed	0	nan	0.05	not_tested	resolution_not_tested	TRUE	TRUE
seed280	dominant_mean_ploidy	S1	513	2814	2814	0.06606930821489601	0.1	passed	0	nan	0.05	not_tested	resolution_not_tested	TRUE	TRUE
seed280	dominant_mean_ploidy	ST	513	2814	2814	0.17498722909348163	0.1	not_passed	0	nan	0.05	not_tested	not_passed	TRUE	TRUE
seed280	dominant_growth_rate	S1	513	2814	2814	0.05371692275812382	0.1	passed	0	nan	0.05	not_tested	resolution_not_tested	TRUE	TRUE
seed280	dominant_growth_rate	ST	513	2814	2814	0.06448334330914228	0.1	passed	0	nan	0.05	not_tested	resolution_not_tested	TRUE	TRUE
seed281	dominant_mean_ploidy	S1	513	2814	2814	0.0795037172468657	0.1	passed	0	nan	0.05	not_tested	resolution_not_tested	TRUE	TRUE
seed281	dominant_mean_ploidy	ST	513	2814	2814	0.25178962378966835	0.1	not_passed	0	nan	0.05	not_tested	not_passed	TRUE	TRUE
seed281	dominant_growth_rate	S1	513	2814	2814	0.05265706522082648	0.1	passed	0	nan	0.05	not_tested	resolution_not_tested	TRUE	TRUE
seed281	dominant_growth_rate	ST	513	2814	2814	0.09752483624530536	0.1	passed	0	nan	0.05	not_tested	resolution_not_tested	TRUE	TRUE
seed282	dominant_mean_ploidy	S1	513	2814	2814	0.05319762219582841	0.1	passed	0	nan	0.05	not_tested	resolution_not_tested	TRUE	TRUE
seed282	dominant_mean_ploidy	ST	513	2814	2814	0.1345170975203659	0.1	not_passed	0	nan	0.05	not_tested	not_passed	TRUE	TRUE
seed282	dominant_growth_rate	S1	513	2814	2814	0.04961575231372606	0.1	passed	0	nan	0.05	not_tested	resolution_not_tested	TRUE	TRUE
seed282	dominant_growth_rate	ST	513	2814	2814	0.06805626678157464	0.1	passed	0	nan	0.05	not_tested	resolution_not_tested	TRUE	TRUE
seed283	dominant_mean_ploidy	S1	513	2814	2814	0.0421900483080177	0.1	passed	0	nan	0.05	not_tested	resolution_not_tested	TRUE	TRUE
seed283	dominant_mean_ploidy	ST	513	2814	2814	0.19763087176043379	0.1	not_passed	0	nan	0.05	not_tested	not_passed	TRUE	TRUE
seed283	dominant_growth_rate	S1	513	2814	2814	0.03190197567873278	0.1	passed	0	nan	0.05	not_tested	resolution_not_tested	TRUE	TRUE
seed283	dominant_growth_rate	ST	513	2814	2814	0.048656564106158824	0.1	passed	0	nan	0.05	not_tested	resolution_not_tested	TRUE	TRUE
seed284	dominant_mean_ploidy	S1	513	2814	2814	0.03331198981795283	0.1	passed	0	nan	0.05	not_tested	resolution_not_tested	TRUE	TRUE
seed284	dominant_mean_ploidy	ST	513	2814	2814	0.3436845436119344	0.1	not_passed	0	nan	0.05	not_tested	not_passed	TRUE	TRUE
seed284	dominant_growth_rate	S1	513	2814	2814	0.024774326797812857	0.1	passed	0	nan	0.05	not_tested	resolution_not_tested	TRUE	TRUE
seed284	dominant_growth_rate	ST	513	2814	2814	0.034009323522881954	0.1	passed	0	nan	0.05	not_tested	resolution_not_tested	TRUE	TRUE
seed285	dominant_mean_ploidy	S1	513	2814	2814	0.04845151898442031	0.1	passed	0	nan	0.05	not_tested	resolution_not_tested	TRUE	TRUE
seed285	dominant_mean_ploidy	ST	513	2814	2814	0.2250637253904753	0.1	not_passed	0	nan	0.05	not_tested	not_passed	TRUE	TRUE
seed285	dominant_growth_rate	S1	513	2814	2814	0.027800201801891185	0.1	passed	0	nan	0.05	not_tested	resolution_not_tested	TRUE	TRUE
seed285	dominant_growth_rate	ST	513	2814	2814	0.03585125248817906	0.1	passed	0	nan	0.05	not_tested	resolution_not_tested	TRUE	TRUE
seed286	dominant_mean_ploidy	S1	513	2814	2814	0.014114963716519748	0.1	passed	0	nan	0.05	not_tested	resolution_not_tested	TRUE	TRUE
seed286	dominant_mean_ploidy	ST	513	2814	2814	0.09696932327736575	0.1	passed	0	nan	0.05	not_tested	resolution_not_tested	TRUE	TRUE
seed286	dominant_growth_rate	S1	513	2814	2814	0.013746803988289466	0.1	passed	0	nan	0.05	not_tested	resolution_not_tested	TRUE	TRUE
seed286	dominant_growth_rate	ST	513	2814	2814	0.01600489999961148	0.1	passed	0	nan	0.05	not_tested	resolution_not_tested	TRUE	TRUE
seed287	dominant_mean_ploidy	S1	513	2814	2814	0.022736511919097296	0.1	passed	0	nan	0.05	not_tested	resolution_not_tested	TRUE	TRUE
seed287	dominant_mean_ploidy	ST	513	2814	2814	0.06283476558152477	0.1	passed	0	nan	0.05	not_tested	resolution_not_tested	TRUE	TRUE
seed287	dominant_growth_rate	S1	513	2814	2814	0.04518952379218949	0.1	passed	0	nan	0.05	not_tested	resolution_not_tested	TRUE	TRUE
seed287	dominant_growth_rate	ST	513	2814	2814	0.05379560492632569	0.1	passed	0	nan	0.05	not_tested	resolution_not_tested	TRUE	TRUE
seed288	dominant_mean_ploidy	S1	513	2814	2814	0.06714892124151843	0.1	passed	0	nan	0.05	not_tested	resolution_not_tested	TRUE	TRUE
seed288	dominant_mean_ploidy	ST	513	2814	2814	0.17947282939329287	0.1	not_passed	0	nan	0.05	not_tested	not_passed	TRUE	TRUE
seed288	dominant_growth_rate	S1	513	2814	2814	0.06412582212664461	0.1	passed	0	nan	0.05	not_tested	resolution_not_tested	TRUE	TRUE
seed288	dominant_growth_rate	ST	513	2814	2814	0.0849851204055242	0.1	passed	0	nan	0.05	not_tested	resolution_not_tested	TRUE	TRUE
seed289	dominant_mean_ploidy	S1	513	2814	2814	0.029404649110328408	0.1	passed	0	nan	0.05	not_tested	resolution_not_tested	TRUE	TRUE
seed289	dominant_mean_ploidy	ST	513	2814	2814	0.13551474710048067	0.1	not_passed	0	nan	0.05	not_tested	not_passed	TRUE	TRUE
seed289	dominant_growth_rate	S1	513	2814	2814	0.010756139582760752	0.1	passed	0	nan	0.05	not_tested	resolution_not_tested	TRUE	TRUE
seed289	dominant_growth_rate	ST	513	2814	2814	0.013280833791605755	0.1	passed	0	nan	0.05	not_tested	resolution_not_tested	TRUE	TRUE
seed290	dominant_mean_ploidy	S1	513	2814	2814	0.02182695642869081	0.1	passed	0	nan	0.05	not_tested	resolution_not_tested	TRUE	TRUE
seed290	dominant_mean_ploidy	ST	513	2814	2814	0.03885921935257716	0.1	passed	0	nan	0.05	not_tested	resolution_not_tested	TRUE	TRUE
seed290	dominant_growth_rate	S1	513	2814	2814	0.043018329399026285	0.1	passed	0	nan	0.05	not_tested	resolution_not_tested	TRUE	TRUE
seed290	dominant_growth_rate	ST	513	2814	2814	0.0693293549387424	0.1	passed	0	nan	0.05	not_tested	resolution_not_tested	TRUE	TRUE
seed291	dominant_mean_ploidy	S1	513	2814	2814	0.06159677554481192	0.1	passed	0	nan	0.05	not_tested	resolution_not_tested	TRUE	TRUE
seed291	dominant_mean_ploidy	ST	513	2814	2814	0.16855213053688556	0.1	not_passed	0	nan	0.05	not_tested	not_passed	TRUE	TRUE
seed291	dominant_growth_rate	S1	513	2814	2814	0.02915724933059993	0.1	passed	0	nan	0.05	not_tested	resolution_not_tested	TRUE	TRUE
seed291	dominant_growth_rate	ST	513	2814	2814	0.03316953131626297	0.1	passed	0	nan	0.05	not_tested	resolution_not_tested	TRUE	TRUE
seed292	dominant_mean_ploidy	S1	513	2814	2814	0.05200114146705788	0.1	passed	0	nan	0.05	not_tested	resolution_not_tested	TRUE	TRUE
seed292	dominant_mean_ploidy	ST	513	2814	2814	0.14002148780339105	0.1	not_passed	0	nan	0.05	not_tested	not_passed	TRUE	TRUE
seed292	dominant_growth_rate	S1	513	2814	2814	0.07720264142239763	0.1	passed	0	nan	0.05	not_tested	resolution_not_tested	TRUE	TRUE
seed292	dominant_growth_rate	ST	513	2814	2814	0.11144174886122375	0.1	not_passed	0	nan	0.05	not_tested	not_passed	TRUE	TRUE
seed293	dominant_mean_ploidy	S1	513	2814	2814	0.05600481282586038	0.1	passed	0	nan	0.05	not_tested	resolution_not_tested	TRUE	TRUE
seed293	dominant_mean_ploidy	ST	513	2814	2814	0.1268636629867919	0.1	not_passed	0	nan	0.05	not_tested	not_passed	TRUE	TRUE
seed293	dominant_growth_rate	S1	513	2814	2814	0.05477906019064835	0.1	passed	0	nan	0.05	not_tested	resolution_not_tested	TRUE	TRUE
seed293	dominant_growth_rate	ST	513	2814	2814	0.09150562714325884	0.1	passed	0	nan	0.05	not_tested	resolution_not_tested	TRUE	TRUE
seed294	dominant_mean_ploidy	S1	513	2814	2814	0.049571587736682944	0.1	passed	0	nan	0.05	not_tested	resolution_not_tested	TRUE	TRUE
seed294	dominant_mean_ploidy	ST	513	2814	2814	0.1100725484504468	0.1	not_passed	0	nan	0.05	not_tested	not_passed	TRUE	TRUE
seed294	dominant_growth_rate	S1	513	2814	2814	0.07190803126526318	0.1	passed	0	nan	0.05	not_tested	resolution_not_tested	TRUE	TRUE
seed294	dominant_growth_rate	ST	513	2814	2814	0.08221549664274821	0.1	passed	0	nan	0.05	not_tested	resolution_not_tested	TRUE	TRUE
seed295	dominant_mean_ploidy	S1	513	2814	2814	0.06163850964489689	0.1	passed	0	nan	0.05	not_tested	resolution_not_tested	TRUE	TRUE
seed295	dominant_mean_ploidy	ST	513	2814	2814	0.1898225765239279	0.1	not_passed	0	nan	0.05	not_tested	not_passed	TRUE	TRUE
seed295	dominant_growth_rate	S1	513	2814	2814	0.05459401390908598	0.1	passed	0	nan	0.05	not_tested	resolution_not_tested	TRUE	TRUE
seed295	dominant_growth_rate	ST	513	2814	2814	0.08219967276640382	0.1	passed	0	nan	0.05	not_tested	resolution_not_tested	TRUE	TRUE
seed296	dominant_mean_ploidy	S1	513	2814	2814	0.06511316898626612	0.1	passed	0	nan	0.05	not_tested	resolution_not_tested	TRUE	TRUE
seed296	dominant_mean_ploidy	ST	513	2814	2814	0.2009834246047951	0.1	not_passed	0	nan	0.05	not_tested	not_passed	TRUE	TRUE
seed296	dominant_growth_rate	S1	513	2814	2814	0.03065921736402936	0.1	passed	0	nan	0.05	not_tested	resolution_not_tested	TRUE	TRUE
seed296	dominant_growth_rate	ST	513	2814	2814	0.03510387880171106	0.1	passed	0	nan	0.05	not_tested	resolution_not_tested	TRUE	TRUE
seed297	dominant_mean_ploidy	S1	513	2814	2814	0.0775604153485262	0.1	passed	0	nan	0.05	not_tested	resolution_not_tested	TRUE	TRUE
seed297	dominant_mean_ploidy	ST	513	2814	2814	0.2033140899298354	0.1	not_passed	0	nan	0.05	not_tested	not_passed	TRUE	TRUE
seed297	dominant_growth_rate	S1	513	2814	2814	0.041606171160391246	0.1	passed	0	nan	0.05	not_tested	resolution_not_tested	TRUE	TRUE
seed297	dominant_growth_rate	ST	513	2814	2814	0.06564876065187435	0.1	passed	0	nan	0.05	not_tested	resolution_not_tested	TRUE	TRUE
seed298	dominant_mean_ploidy	S1	513	2814	2814	0.022161464733005228	0.1	passed	0	nan	0.05	not_tested	resolution_not_tested	TRUE	TRUE
seed298	dominant_mean_ploidy	ST	513	2814	2814	0.11292661847446236	0.1	not_passed	0	nan	0.05	not_tested	not_passed	TRUE	TRUE
seed298	dominant_growth_rate	S1	513	2814	2814	0.03976309739846832	0.1	passed	0	nan	0.05	not_tested	resolution_not_tested	TRUE	TRUE
seed298	dominant_growth_rate	ST	513	2814	2814	0.049652903345668	0.1	passed	0	nan	0.05	not_tested	resolution_not_tested	TRUE	TRUE
seed299	dominant_mean_ploidy	S1	513	2814	2814	0.035399688693557654	0.1	passed	0	nan	0.05	not_tested	resolution_not_tested	TRUE	TRUE
seed299	dominant_mean_ploidy	ST	513	2814	2814	0.10008625375363038	0.1	not_passed	0	nan	0.05	not_tested	not_passed	TRUE	TRUE
seed299	dominant_growth_rate	S1	513	2814	2814	0.026902566616820354	0.1	passed	0	nan	0.05	not_tested	resolution_not_tested	TRUE	TRUE
seed299	dominant_growth_rate	ST	513	2814	2814	0.03326680360228455	0.1	passed	0	nan	0.05	not_tested	resolution_not_tested	TRUE	TRUE
seed300	dominant_mean_ploidy	S1	513	2814	2814	0.05826405396148564	0.1	passed	0	nan	0.05	not_tested	resolution_not_tested	TRUE	TRUE
seed300	dominant_mean_ploidy	ST	513	2814	2814	0.3073004616266975	0.1	not_passed	0	nan	0.05	not_tested	not_passed	TRUE	TRUE
seed300	dominant_growth_rate	S1	513	2814	2814	0.04478803636158569	0.1	passed	0	nan	0.05	not_tested	resolution_not_tested	TRUE	TRUE
seed300	dominant_growth_rate	ST	513	2814	2814	0.05328316694260743	0.1	passed	0	nan	0.05	not_tested	resolution_not_tested	TRUE	TRUE
seed301	dominant_mean_ploidy	S1	513	2814	2814	0.08990738183402475	0.1	passed	0	nan	0.05	not_tested	resolution_not_tested	TRUE	TRUE
seed301	dominant_mean_ploidy	ST	513	2814	2814	0.20375352440264513	0.1	not_passed	0	nan	0.05	not_tested	not_passed	TRUE	TRUE
seed301	dominant_growth_rate	S1	513	2814	2814	0.03280267124056848	0.1	passed	0	nan	0.05	not_tested	resolution_not_tested	TRUE	TRUE
seed301	dominant_growth_rate	ST	513	2814	2814	0.05310505953155929	0.1	passed	0	nan	0.05	not_tested	resolution_not_tested	TRUE	TRUE
seed302	dominant_mean_ploidy	S1	513	2814	2814	0.06232673660839571	0.1	passed	0	nan	0.05	not_tested	resolution_not_tested	TRUE	TRUE
seed302	dominant_mean_ploidy	ST	513	2814	2814	0.179157188203266	0.1	not_passed	0	nan	0.05	not_tested	not_passed	TRUE	TRUE
seed302	dominant_growth_rate	S1	513	2814	2814	0.03777174780774444	0.1	passed	0	nan	0.05	not_tested	resolution_not_tested	TRUE	TRUE
seed302	dominant_growth_rate	ST	513	2814	2814	0.06865765231616222	0.1	passed	0	nan	0.05	not_tested	resolution_not_tested	TRUE	TRUE
seed303	dominant_mean_ploidy	S1	513	2814	2814	0.05348139413716897	0.1	passed	0	nan	0.05	not_tested	resolution_not_tested	TRUE	TRUE
seed303	dominant_mean_ploidy	ST	513	2814	2814	0.2118666562064494	0.1	not_passed	0	nan	0.05	not_tested	not_passed	TRUE	TRUE
seed303	dominant_growth_rate	S1	513	2814	2814	0.032716849728788217	0.1	passed	0	nan	0.05	not_tested	resolution_not_tested	TRUE	TRUE
seed303	dominant_growth_rate	ST	513	2814	2814	0.04533712952240748	0.1	passed	0	nan	0.05	not_tested	resolution_not_tested	TRUE	TRUE
seed304	dominant_mean_ploidy	S1	513	2814	2814	0.04030613770587739	0.1	passed	0	nan	0.05	not_tested	resolution_not_tested	TRUE	TRUE
seed304	dominant_mean_ploidy	ST	513	2814	2814	0.12986972160164612	0.1	not_passed	0	nan	0.05	not_tested	not_passed	TRUE	TRUE
seed304	dominant_growth_rate	S1	513	2814	2814	0.04135110000008241	0.1	passed	0	nan	0.05	not_tested	resolution_not_tested	TRUE	TRUE
seed304	dominant_growth_rate	ST	513	2814	2814	0.05837451554441069	0.1	passed	0	nan	0.05	not_tested	resolution_not_tested	TRUE	TRUE
seed305	dominant_mean_ploidy	S1	513	2814	2814	0.046865770514612534	0.1	passed	0	nan	0.05	not_tested	resolution_not_tested	TRUE	TRUE
seed305	dominant_mean_ploidy	ST	513	2814	2814	0.15115952769145594	0.1	not_passed	0	nan	0.05	not_tested	not_passed	TRUE	TRUE
seed305	dominant_growth_rate	S1	513	2814	2814	0.053307241139109514	0.1	passed	0	nan	0.05	not_tested	resolution_not_tested	TRUE	TRUE
seed305	dominant_growth_rate	ST	513	2814	2814	0.06890080345346251	0.1	passed	0	nan	0.05	not_tested	resolution_not_tested	TRUE	TRUE
seed306	dominant_mean_ploidy	S1	513	2814	2814	0.03921476510656581	0.1	passed	0	nan	0.05	not_tested	resolution_not_tested	TRUE	TRUE
seed306	dominant_mean_ploidy	ST	513	2814	2814	0.44709720223818866	0.1	not_passed	0	nan	0.05	not_tested	not_passed	TRUE	TRUE
seed306	dominant_growth_rate	S1	513	2814	2814	0.031514435881007656	0.1	passed	0	nan	0.05	not_tested	resolution_not_tested	TRUE	TRUE
seed306	dominant_growth_rate	ST	513	2814	2814	0.04352280154031504	0.1	passed	0	nan	0.05	not_tested	resolution_not_tested	TRUE	TRUE
seed307	dominant_mean_ploidy	S1	513	2814	2814	0.032269403610400475	0.1	passed	0	nan	0.05	not_tested	resolution_not_tested	TRUE	TRUE
seed307	dominant_mean_ploidy	ST	513	2814	2814	0.10071731374771409	0.1	not_passed	0	nan	0.05	not_tested	not_passed	TRUE	TRUE
seed307	dominant_growth_rate	S1	513	2814	2814	0.016537247086599108	0.1	passed	0	nan	0.05	not_tested	resolution_not_tested	TRUE	TRUE
seed307	dominant_growth_rate	ST	513	2814	2814	0.021794615224211226	0.1	passed	0	nan	0.05	not_tested	resolution_not_tested	TRUE	TRUE
seed308	dominant_mean_ploidy	S1	513	2814	2814	0.012785303413323464	0.1	passed	0	nan	0.05	not_tested	resolution_not_tested	TRUE	TRUE
seed308	dominant_mean_ploidy	ST	513	2814	2814	0.1137874829373031	0.1	not_passed	0	nan	0.05	not_tested	not_passed	TRUE	TRUE
seed308	dominant_growth_rate	S1	513	2814	2814	0.0059896200831385	0.1	passed	0	nan	0.05	not_tested	resolution_not_tested	TRUE	TRUE
seed308	dominant_growth_rate	ST	513	2814	2814	0.006294547141331446	0.1	passed	0	nan	0.05	not_tested	resolution_not_tested	TRUE	TRUE
seed309	dominant_mean_ploidy	S1	513	2814	2814	0.030463820395740925	0.1	passed	0	nan	0.05	not_tested	resolution_not_tested	TRUE	TRUE
seed309	dominant_mean_ploidy	ST	513	2814	2814	0.08026572603405935	0.1	passed	0	nan	0.05	not_tested	resolution_not_tested	TRUE	TRUE
seed309	dominant_growth_rate	S1	513	2814	2814	0.029201897412399577	0.1	passed	0	nan	0.05	not_tested	resolution_not_tested	TRUE	TRUE
seed309	dominant_growth_rate	ST	513	2814	2814	0.037107616401750546	0.1	passed	0	nan	0.05	not_tested	resolution_not_tested	TRUE	TRUE
seed310	dominant_mean_ploidy	S1	513	2814	2814	0.018122230320621196	0.1	passed	0	nan	0.05	not_tested	resolution_not_tested	TRUE	TRUE
seed310	dominant_mean_ploidy	ST	513	2814	2814	0.08932230140313047	0.1	passed	0	nan	0.05	not_tested	resolution_not_tested	TRUE	TRUE
seed310	dominant_growth_rate	S1	513	2814	2814	0.016735128031227613	0.1	passed	0	nan	0.05	not_tested	resolution_not_tested	TRUE	TRUE
seed310	dominant_growth_rate	ST	513	2814	2814	0.016766483231714265	0.1	passed	0	nan	0.05	not_tested	resolution_not_tested	TRUE	TRUE
seed311	dominant_mean_ploidy	S1	513	2814	2814	0.01681757083488968	0.1	passed	0	nan	0.05	not_tested	resolution_not_tested	TRUE	TRUE
seed311	dominant_mean_ploidy	ST	513	2814	2814	0.09207842205535825	0.1	passed	0	nan	0.05	not_tested	resolution_not_tested	TRUE	TRUE
seed311	dominant_growth_rate	S1	513	2814	2814	0.011600797323322715	0.1	passed	0	nan	0.05	not_tested	resolution_not_tested	TRUE	TRUE
seed311	dominant_growth_rate	ST	513	2814	2814	0.013073135543488098	0.1	passed	0	nan	0.05	not_tested	resolution_not_tested	TRUE	TRUE
seed312	dominant_mean_ploidy	S1	513	2814	2814	0.06067306679292515	0.1	passed	0	nan	0.05	not_tested	resolution_not_tested	TRUE	TRUE
seed312	dominant_mean_ploidy	ST	513	2814	2814	0.2187908743641021	0.1	not_passed	0	nan	0.05	not_tested	not_passed	TRUE	TRUE
seed312	dominant_growth_rate	S1	513	2814	2814	0.05074906555469842	0.1	passed	0	nan	0.05	not_tested	resolution_not_tested	TRUE	TRUE
seed312	dominant_growth_rate	ST	513	2814	2814	0.07267962482949426	0.1	passed	0	nan	0.05	not_tested	resolution_not_tested	TRUE	TRUE
seed313	dominant_mean_ploidy	S1	513	2814	2814	0.01529787581352683	0.1	passed	0	nan	0.05	not_tested	resolution_not_tested	TRUE	TRUE
seed313	dominant_mean_ploidy	ST	513	2814	2814	0.08776774173630542	0.1	passed	0	nan	0.05	not_tested	resolution_not_tested	TRUE	TRUE
seed313	dominant_growth_rate	S1	513	2814	2814	0.004942140521958539	0.1	passed	0	nan	0.05	not_tested	resolution_not_tested	TRUE	TRUE
seed313	dominant_growth_rate	ST	513	2814	2814	0.006323031727019257	0.1	passed	0	nan	0.05	not_tested	resolution_not_tested	TRUE	TRUE
seed314	dominant_mean_ploidy	S1	513	2814	2814	0.023916166663810894	0.1	passed	0	nan	0.05	not_tested	resolution_not_tested	TRUE	TRUE
seed314	dominant_mean_ploidy	ST	513	2814	2814	0.11135549076135706	0.1	not_passed	0	nan	0.05	not_tested	not_passed	TRUE	TRUE
seed314	dominant_growth_rate	S1	513	2814	2814	0.05657056161082592	0.1	passed	0	nan	0.05	not_tested	resolution_not_tested	TRUE	TRUE
seed314	dominant_growth_rate	ST	513	2814	2814	0.06364401145001473	0.1	passed	0	nan	0.05	not_tested	resolution_not_tested	TRUE	TRUE
seed315	dominant_mean_ploidy	S1	513	2814	2814	0.013231821196758036	0.1	passed	0	nan	0.05	not_tested	resolution_not_tested	TRUE	TRUE
seed315	dominant_mean_ploidy	ST	513	2814	2814	0.05278967313493444	0.1	passed	0	nan	0.05	not_tested	resolution_not_tested	TRUE	TRUE
seed315	dominant_growth_rate	S1	513	2814	2814	0.014579480647169686	0.1	passed	0	nan	0.05	not_tested	resolution_not_tested	TRUE	TRUE
seed315	dominant_growth_rate	ST	513	2814	2814	0.01681218300494216	0.1	passed	0	nan	0.05	not_tested	resolution_not_tested	TRUE	TRUE
seed316	dominant_mean_ploidy	S1	513	2814	2814	0.08037475984001215	0.1	passed	0	nan	0.05	not_tested	resolution_not_tested	TRUE	TRUE
seed316	dominant_mean_ploidy	ST	513	2814	2814	0.23440338612228945	0.1	not_passed	0	nan	0.05	not_tested	not_passed	TRUE	TRUE
seed316	dominant_growth_rate	S1	513	2814	2814	0.048762269093507324	0.1	passed	0	nan	0.05	not_tested	resolution_not_tested	TRUE	TRUE
seed316	dominant_growth_rate	ST	513	2814	2814	0.07879964119474621	0.1	passed	0	nan	0.05	not_tested	resolution_not_tested	TRUE	TRUE
seed317	dominant_mean_ploidy	S1	513	2814	2814	0.0859500839039212	0.1	passed	0	nan	0.05	not_tested	resolution_not_tested	TRUE	TRUE
seed317	dominant_mean_ploidy	ST	513	2814	2814	0.2353798470772351	0.1	not_passed	0	nan	0.05	not_tested	not_passed	TRUE	TRUE
seed317	dominant_growth_rate	S1	513	2814	2814	0.10280538683201235	0.1	not_passed	0	nan	0.05	not_tested	not_passed	TRUE	TRUE
seed317	dominant_growth_rate	ST	513	2814	2814	0.14700707997540483	0.1	not_passed	0	nan	0.05	not_tested	not_passed	TRUE	TRUE
seed318	dominant_mean_ploidy	S1	513	2814	2814	0.011989417078066479	0.1	passed	0	nan	0.05	not_tested	resolution_not_tested	TRUE	TRUE
seed318	dominant_mean_ploidy	ST	513	2814	2814	0.06970638146603016	0.1	passed	0	nan	0.05	not_tested	resolution_not_tested	TRUE	TRUE
seed318	dominant_growth_rate	S1	513	2814	2814	0.011282691046652492	0.1	passed	0	nan	0.05	not_tested	resolution_not_tested	TRUE	TRUE
seed318	dominant_growth_rate	ST	513	2814	2814	0.012569971491130417	0.1	passed	0	nan	0.05	not_tested	resolution_not_tested	TRUE	TRUE
seed319	dominant_mean_ploidy	S1	513	2814	2814	0.053155277812421596	0.1	passed	0	nan	0.05	not_tested	resolution_not_tested	TRUE	TRUE
seed319	dominant_mean_ploidy	ST	513	2814	2814	0.20699888390769894	0.1	not_passed	0	nan	0.05	not_tested	not_passed	TRUE	TRUE
seed319	dominant_growth_rate	S1	513	2814	2814	0.06602160019834089	0.1	passed	0	nan	0.05	not_tested	resolution_not_tested	TRUE	TRUE
seed319	dominant_growth_rate	ST	513	2814	2814	0.08334690399684935	0.1	passed	0	nan	0.05	not_tested	resolution_not_tested	TRUE	TRUE
seed320	dominant_mean_ploidy	S1	513	2814	2814	0.0354620728344976	0.1	passed	0	nan	0.05	not_tested	resolution_not_tested	TRUE	TRUE
seed320	dominant_mean_ploidy	ST	513	2814	2814	0.08947567440411906	0.1	passed	0	nan	0.05	not_tested	resolution_not_tested	TRUE	TRUE
seed320	dominant_growth_rate	S1	513	2814	2814	0.038981104050451416	0.1	passed	0	nan	0.05	not_tested	resolution_not_tested	TRUE	TRUE
seed320	dominant_growth_rate	ST	513	2814	2814	0.05193840114513263	0.1	passed	0	nan	0.05	not_tested	resolution_not_tested	TRUE	TRUE
seed321	dominant_mean_ploidy	S1	513	2814	2814	0.04022750367282032	0.1	passed	0	nan	0.05	not_tested	resolution_not_tested	TRUE	TRUE
seed321	dominant_mean_ploidy	ST	513	2814	2814	0.10807909279579087	0.1	not_passed	0	nan	0.05	not_tested	not_passed	TRUE	TRUE
seed321	dominant_growth_rate	S1	513	2814	2814	0.010631571446098168	0.1	passed	0	nan	0.05	not_tested	resolution_not_tested	TRUE	TRUE
seed321	dominant_growth_rate	ST	513	2814	2814	0.022411907685755062	0.1	passed	0	nan	0.05	not_tested	resolution_not_tested	TRUE	TRUE
seed322	dominant_mean_ploidy	S1	513	2814	2814	0.03974276053232997	0.1	passed	0	nan	0.05	not_tested	resolution_not_tested	TRUE	TRUE
seed322	dominant_mean_ploidy	ST	513	2814	2814	0.11466890084392	0.1	not_passed	0	nan	0.05	not_tested	not_passed	TRUE	TRUE
seed322	dominant_growth_rate	S1	513	2814	2814	0.04098635722411613	0.1	passed	0	nan	0.05	not_tested	resolution_not_tested	TRUE	TRUE
seed322	dominant_growth_rate	ST	513	2814	2814	0.05268172197573863	0.1	passed	0	nan	0.05	not_tested	resolution_not_tested	TRUE	TRUE
seed323	dominant_mean_ploidy	S1	513	2814	2814	0.05434469971852376	0.1	passed	0	nan	0.05	not_tested	resolution_not_tested	TRUE	TRUE
seed323	dominant_mean_ploidy	ST	513	2814	2814	0.16305309255895695	0.1	not_passed	0	nan	0.05	not_tested	not_passed	TRUE	TRUE
seed323	dominant_growth_rate	S1	513	2814	2814	0.043312952320938174	0.1	passed	0	nan	0.05	not_tested	resolution_not_tested	TRUE	TRUE
seed323	dominant_growth_rate	ST	513	2814	2814	0.06481348492539693	0.1	passed	0	nan	0.05	not_tested	resolution_not_tested	TRUE	TRUE
seed324	dominant_mean_ploidy	S1	513	2814	2814	0.02308951664824391	0.1	passed	0	nan	0.05	not_tested	resolution_not_tested	TRUE	TRUE
seed324	dominant_mean_ploidy	ST	513	2814	2814	0.06527924759739533	0.1	passed	0	nan	0.05	not_tested	resolution_not_tested	TRUE	TRUE
seed324	dominant_growth_rate	S1	513	2814	2814	0.026956712293645945	0.1	passed	0	nan	0.05	not_tested	resolution_not_tested	TRUE	TRUE
seed324	dominant_growth_rate	ST	513	2814	2814	0.03285104073719417	0.1	passed	0	nan	0.05	not_tested	resolution_not_tested	TRUE	TRUE
seed325	dominant_mean_ploidy	S1	513	2814	2814	0.042026599087500595	0.1	passed	0	nan	0.05	not_tested	resolution_not_tested	TRUE	TRUE
seed325	dominant_mean_ploidy	ST	513	2814	2814	0.11897151323734272	0.1	not_passed	0	nan	0.05	not_tested	not_passed	TRUE	TRUE
seed325	dominant_growth_rate	S1	513	2814	2814	0.04681298160996747	0.1	passed	0	nan	0.05	not_tested	resolution_not_tested	TRUE	TRUE
seed325	dominant_growth_rate	ST	513	2814	2814	0.06301610760572013	0.1	passed	0	nan	0.05	not_tested	resolution_not_tested	TRUE	TRUE
seed326	dominant_mean_ploidy	S1	513	2814	2814	0.03147948171637694	0.1	passed	0	nan	0.05	not_tested	resolution_not_tested	TRUE	TRUE
seed326	dominant_mean_ploidy	ST	513	2814	2814	0.10656117918654284	0.1	not_passed	0	nan	0.05	not_tested	not_passed	TRUE	TRUE
seed326	dominant_growth_rate	S1	513	2814	2814	0.007143068919171594	0.1	passed	0	nan	0.05	not_tested	resolution_not_tested	TRUE	TRUE
seed326	dominant_growth_rate	ST	513	2814	2814	0.010390583468002415	0.1	passed	0	nan	0.05	not_tested	resolution_not_tested	TRUE	TRUE
seed327	dominant_mean_ploidy	S1	513	2814	2814	0.01912549641888951	0.1	passed	0	nan	0.05	not_tested	resolution_not_tested	TRUE	TRUE
seed327	dominant_mean_ploidy	ST	513	2814	2814	0.1251759026912959	0.1	not_passed	0	nan	0.05	not_tested	not_passed	TRUE	TRUE
seed327	dominant_growth_rate	S1	513	2814	2814	0.021102539815666222	0.1	passed	0	nan	0.05	not_tested	resolution_not_tested	TRUE	TRUE
seed327	dominant_growth_rate	ST	513	2814	2814	0.022375534630179446	0.1	passed	0	nan	0.05	not_tested	resolution_not_tested	TRUE	TRUE
seed328	dominant_mean_ploidy	S1	513	2814	2814	0.01742533821240032	0.1	passed	0	nan	0.05	not_tested	resolution_not_tested	TRUE	TRUE
seed328	dominant_mean_ploidy	ST	513	2814	2814	0.12062084646826111	0.1	not_passed	0	nan	0.05	not_tested	not_passed	TRUE	TRUE
seed328	dominant_growth_rate	S1	513	2814	2814	0.005588095866331936	0.1	passed	0	nan	0.05	not_tested	resolution_not_tested	TRUE	TRUE
seed328	dominant_growth_rate	ST	513	2814	2814	0.007157528479844312	0.1	passed	0	nan	0.05	not_tested	resolution_not_tested	TRUE	TRUE
seed329	dominant_mean_ploidy	S1	513	2814	2814	0.03850251009342332	0.1	passed	0	nan	0.05	not_tested	resolution_not_tested	TRUE	TRUE
seed329	dominant_mean_ploidy	ST	513	2814	2814	0.07634711361907985	0.1	passed	0	nan	0.05	not_tested	resolution_not_tested	TRUE	TRUE
seed329	dominant_growth_rate	S1	513	2814	2814	0.04148539118273051	0.1	passed	0	nan	0.05	not_tested	resolution_not_tested	TRUE	TRUE
seed329	dominant_growth_rate	ST	513	2814	2814	0.05003538430001214	0.1	passed	0	nan	0.05	not_tested	resolution_not_tested	TRUE	TRUE
seed330	dominant_mean_ploidy	S1	513	2814	2814	0.026711771101595675	0.1	passed	0	nan	0.05	not_tested	resolution_not_tested	TRUE	TRUE
seed330	dominant_mean_ploidy	ST	513	2814	2814	0.18468049136171535	0.1	not_passed	0	nan	0.05	not_tested	not_passed	TRUE	TRUE
seed330	dominant_growth_rate	S1	513	2814	2814	0.017439952508752483	0.1	passed	0	nan	0.05	not_tested	resolution_not_tested	TRUE	TRUE
seed330	dominant_growth_rate	ST	513	2814	2814	0.01964118588119005	0.1	passed	0	nan	0.05	not_tested	resolution_not_tested	TRUE	TRUE
seed331	dominant_mean_ploidy	S1	513	2814	2814	0.03033315504449012	0.1	passed	0	nan	0.05	not_tested	resolution_not_tested	TRUE	TRUE
seed331	dominant_mean_ploidy	ST	513	2814	2814	0.2344813203517922	0.1	not_passed	0	nan	0.05	not_tested	not_passed	TRUE	TRUE
seed331	dominant_growth_rate	S1	513	2814	2814	0.04673875464401722	0.1	passed	0	nan	0.05	not_tested	resolution_not_tested	TRUE	TRUE
seed331	dominant_growth_rate	ST	513	2814	2814	0.06189311962719587	0.1	passed	0	nan	0.05	not_tested	resolution_not_tested	TRUE	TRUE
seed332	dominant_mean_ploidy	S1	513	2814	2814	0.007706388081203049	0.1	passed	0	nan	0.05	not_tested	resolution_not_tested	TRUE	TRUE
seed332	dominant_mean_ploidy	ST	513	2814	2814	0.06298278767983945	0.1	passed	0	nan	0.05	not_tested	resolution_not_tested	TRUE	TRUE
seed332	dominant_growth_rate	S1	513	2814	2814	0.006274876696822674	0.1	passed	0	nan	0.05	not_tested	resolution_not_tested	TRUE	TRUE
seed332	dominant_growth_rate	ST	513	2814	2814	0.005740387243155799	0.1	passed	0	nan	0.05	not_tested	resolution_not_tested	TRUE	TRUE
seed333	dominant_mean_ploidy	S1	513	2814	2814	0.044917484300210156	0.1	passed	0	nan	0.05	not_tested	resolution_not_tested	TRUE	TRUE
seed333	dominant_mean_ploidy	ST	513	2814	2814	0.14293296879316458	0.1	not_passed	0	nan	0.05	not_tested	not_passed	TRUE	TRUE
seed333	dominant_growth_rate	S1	513	2814	2814	0.03478728817689125	0.1	passed	0	nan	0.05	not_tested	resolution_not_tested	TRUE	TRUE
seed333	dominant_growth_rate	ST	513	2814	2814	0.03626127500009096	0.1	passed	0	nan	0.05	not_tested	resolution_not_tested	TRUE	TRUE
seed334	dominant_mean_ploidy	S1	513	2814	2814	0.04703375442710158	0.1	passed	0	nan	0.05	not_tested	resolution_not_tested	TRUE	TRUE
seed334	dominant_mean_ploidy	ST	513	2814	2814	0.188605627888362	0.1	not_passed	0	nan	0.05	not_tested	not_passed	TRUE	TRUE
seed334	dominant_growth_rate	S1	513	2814	2814	0.04299444777378543	0.1	passed	0	nan	0.05	not_tested	resolution_not_tested	TRUE	TRUE
seed334	dominant_growth_rate	ST	513	2814	2814	0.056105924473392646	0.1	passed	0	nan	0.05	not_tested	resolution_not_tested	TRUE	TRUE
seed335	dominant_mean_ploidy	S1	513	2814	2814	0.06045933336667576	0.1	passed	0	nan	0.05	not_tested	resolution_not_tested	TRUE	TRUE
seed335	dominant_mean_ploidy	ST	513	2814	2814	0.19405908417067222	0.1	not_passed	0	nan	0.05	not_tested	not_passed	TRUE	TRUE
seed335	dominant_growth_rate	S1	513	2814	2814	0.06449400483282607	0.1	passed	0	nan	0.05	not_tested	resolution_not_tested	TRUE	TRUE
seed335	dominant_growth_rate	ST	513	2814	2814	0.08101800074117575	0.1	passed	0	nan	0.05	not_tested	resolution_not_tested	TRUE	TRUE
seed336	dominant_mean_ploidy	S1	513	2814	2814	0.048654983093857775	0.1	passed	0	nan	0.05	not_tested	resolution_not_tested	TRUE	TRUE
seed336	dominant_mean_ploidy	ST	513	2814	2814	0.17645344450549288	0.1	not_passed	0	nan	0.05	not_tested	not_passed	TRUE	TRUE
seed336	dominant_growth_rate	S1	513	2814	2814	0.026773445127643063	0.1	passed	0	nan	0.05	not_tested	resolution_not_tested	TRUE	TRUE
seed336	dominant_growth_rate	ST	513	2814	2814	0.0358007851543834	0.1	passed	0	nan	0.05	not_tested	resolution_not_tested	TRUE	TRUE
seed337	dominant_mean_ploidy	S1	513	2814	2814	0.03527546286486003	0.1	passed	0	nan	0.05	not_tested	resolution_not_tested	TRUE	TRUE
seed337	dominant_mean_ploidy	ST	513	2814	2814	0.1957941897402088	0.1	not_passed	0	nan	0.05	not_tested	not_passed	TRUE	TRUE
seed337	dominant_growth_rate	S1	513	2814	2814	0.023377016613196865	0.1	passed	0	nan	0.05	not_tested	resolution_not_tested	TRUE	TRUE
seed337	dominant_growth_rate	ST	513	2814	2814	0.027653068034263192	0.1	passed	0	nan	0.05	not_tested	resolution_not_tested	TRUE	TRUE
seed338	dominant_mean_ploidy	S1	513	2814	2814	0.054403753254489304	0.1	passed	0	nan	0.05	not_tested	resolution_not_tested	TRUE	TRUE
seed338	dominant_mean_ploidy	ST	513	2814	2814	0.17618950577165274	0.1	not_passed	0	nan	0.05	not_tested	not_passed	TRUE	TRUE
seed338	dominant_growth_rate	S1	513	2814	2814	0.037649364565428174	0.1	passed	0	nan	0.05	not_tested	resolution_not_tested	TRUE	TRUE
seed338	dominant_growth_rate	ST	513	2814	2814	0.05725770922066586	0.1	passed	0	nan	0.05	not_tested	resolution_not_tested	TRUE	TRUE
seed339	dominant_mean_ploidy	S1	513	2814	2814	0.02540086285424475	0.1	passed	0	nan	0.05	not_tested	resolution_not_tested	TRUE	TRUE
seed339	dominant_mean_ploidy	ST	513	2814	2814	0.1199827048849252	0.1	not_passed	0	nan	0.05	not_tested	not_passed	TRUE	TRUE
seed339	dominant_growth_rate	S1	513	2814	2814	0.0318166488551207	0.1	passed	0	nan	0.05	not_tested	resolution_not_tested	TRUE	TRUE
seed339	dominant_growth_rate	ST	513	2814	2814	0.035865677093908574	0.1	passed	0	nan	0.05	not_tested	resolution_not_tested	TRUE	TRUE
seed340	dominant_mean_ploidy	S1	513	2814	2814	0.04580508373498372	0.1	passed	0	nan	0.05	not_tested	resolution_not_tested	TRUE	TRUE
seed340	dominant_mean_ploidy	ST	513	2814	2814	0.15551937457829604	0.1	not_passed	0	nan	0.05	not_tested	not_passed	TRUE	TRUE
seed340	dominant_growth_rate	S1	513	2814	2814	0.04194836439932222	0.1	passed	0	nan	0.05	not_tested	resolution_not_tested	TRUE	TRUE
seed340	dominant_growth_rate	ST	513	2814	2814	0.06913496866119305	0.1	passed	0	nan	0.05	not_tested	resolution_not_tested	TRUE	TRUE
seed341	dominant_mean_ploidy	S1	513	2814	2814	0.06698811222616088	0.1	passed	0	nan	0.05	not_tested	resolution_not_tested	TRUE	TRUE
seed341	dominant_mean_ploidy	ST	513	2814	2814	0.13929390211667397	0.1	not_passed	0	nan	0.05	not_tested	not_passed	TRUE	TRUE
seed341	dominant_growth_rate	S1	513	2814	2814	0.04251117178102203	0.1	passed	0	nan	0.05	not_tested	resolution_not_tested	TRUE	TRUE
seed341	dominant_growth_rate	ST	513	2814	2814	0.06681910522996318	0.1	passed	0	nan	0.05	not_tested	resolution_not_tested	TRUE	TRUE
seed342	dominant_mean_ploidy	S1	513	2814	2814	0.06350166374525701	0.1	passed	0	nan	0.05	not_tested	resolution_not_tested	TRUE	TRUE
seed342	dominant_mean_ploidy	ST	513	2814	2814	0.13172380653808713	0.1	not_passed	0	nan	0.05	not_tested	not_passed	TRUE	TRUE
seed342	dominant_growth_rate	S1	513	2814	2814	0.033932270219986994	0.1	passed	0	nan	0.05	not_tested	resolution_not_tested	TRUE	TRUE
seed342	dominant_growth_rate	ST	513	2814	2814	0.04515508900534187	0.1	passed	0	nan	0.05	not_tested	resolution_not_tested	TRUE	TRUE
seed343	dominant_mean_ploidy	S1	513	2814	2814	0.05631352793571146	0.1	passed	0	nan	0.05	not_tested	resolution_not_tested	TRUE	TRUE
seed343	dominant_mean_ploidy	ST	513	2814	2814	0.41154388242696155	0.1	not_passed	0	nan	0.05	not_tested	not_passed	TRUE	TRUE
seed343	dominant_growth_rate	S1	513	2814	2814	0.04779730212479406	0.1	passed	0	nan	0.05	not_tested	resolution_not_tested	TRUE	TRUE
seed343	dominant_growth_rate	ST	513	2814	2814	0.051503804517317245	0.1	passed	0	nan	0.05	not_tested	resolution_not_tested	TRUE	TRUE
seed344	dominant_mean_ploidy	S1	513	2814	2814	0.0751859275717978	0.1	passed	0	nan	0.05	not_tested	resolution_not_tested	TRUE	TRUE
seed344	dominant_mean_ploidy	ST	513	2814	2814	0.17132023761811338	0.1	not_passed	0	nan	0.05	not_tested	not_passed	TRUE	TRUE
seed344	dominant_growth_rate	S1	513	2814	2814	0.0665054519565418	0.1	passed	0	nan	0.05	not_tested	resolution_not_tested	TRUE	TRUE
seed344	dominant_growth_rate	ST	513	2814	2814	0.08725384718075381	0.1	passed	0	nan	0.05	not_tested	resolution_not_tested	TRUE	TRUE
seed345	dominant_mean_ploidy	S1	513	2814	2814	0.023067977697126946	0.1	passed	0	nan	0.05	not_tested	resolution_not_tested	TRUE	TRUE
seed345	dominant_mean_ploidy	ST	513	2814	2814	0.13362677114608962	0.1	not_passed	0	nan	0.05	not_tested	not_passed	TRUE	TRUE
seed345	dominant_growth_rate	S1	513	2814	2814	0.06519319993168093	0.1	passed	0	nan	0.05	not_tested	resolution_not_tested	TRUE	TRUE
seed345	dominant_growth_rate	ST	513	2814	2814	0.07641881321445224	0.1	passed	0	nan	0.05	not_tested	resolution_not_tested	TRUE	TRUE
seed346	dominant_mean_ploidy	S1	513	2814	2814	0.042199293015861214	0.1	passed	0	nan	0.05	not_tested	resolution_not_tested	TRUE	TRUE
seed346	dominant_mean_ploidy	ST	513	2814	2814	0.14155049732052435	0.1	not_passed	0	nan	0.05	not_tested	not_passed	TRUE	TRUE
seed346	dominant_growth_rate	S1	513	2814	2814	0.03899292241553002	0.1	passed	0	nan	0.05	not_tested	resolution_not_tested	TRUE	TRUE
seed346	dominant_growth_rate	ST	513	2814	2814	0.04485322404380893	0.1	passed	0	nan	0.05	not_tested	resolution_not_tested	TRUE	TRUE
seed347	dominant_mean_ploidy	S1	513	2814	2814	0.03709624214714759	0.1	passed	0	nan	0.05	not_tested	resolution_not_tested	TRUE	TRUE
seed347	dominant_mean_ploidy	ST	513	2814	2814	0.13546859103597383	0.1	not_passed	0	nan	0.05	not_tested	not_passed	TRUE	TRUE
seed347	dominant_growth_rate	S1	513	2814	2814	0.03073185774268076	0.1	passed	0	nan	0.05	not_tested	resolution_not_tested	TRUE	TRUE
seed347	dominant_growth_rate	ST	513	2814	2814	0.03987188053007568	0.1	passed	0	nan	0.05	not_tested	resolution_not_tested	TRUE	TRUE
seed348	dominant_mean_ploidy	S1	513	2814	2814	0.004913442306168785	0.1	passed	0	nan	0.05	not_tested	resolution_not_tested	TRUE	TRUE
seed348	dominant_mean_ploidy	ST	513	2814	2814	0.005996939180938982	0.1	passed	0	nan	0.05	not_tested	resolution_not_tested	TRUE	TRUE
seed348	dominant_growth_rate	S1	513	2814	2814	0.005213240307436519	0.1	passed	0	nan	0.05	not_tested	resolution_not_tested	TRUE	TRUE
seed348	dominant_growth_rate	ST	513	2814	2814	0.002351463070176687	0.1	passed	0	nan	0.05	not_tested	resolution_not_tested	TRUE	TRUE
seed349	dominant_mean_ploidy	S1	513	2814	2814	0.04627805820870707	0.1	passed	0	nan	0.05	not_tested	resolution_not_tested	TRUE	TRUE
seed349	dominant_mean_ploidy	ST	513	2814	2814	0.18044528339682128	0.1	not_passed	0	nan	0.05	not_tested	not_passed	TRUE	TRUE
seed349	dominant_growth_rate	S1	513	2814	2814	0.033704315421817094	0.1	passed	0	nan	0.05	not_tested	resolution_not_tested	TRUE	TRUE
seed349	dominant_growth_rate	ST	513	2814	2814	0.04110444670809391	0.1	passed	0	nan	0.05	not_tested	resolution_not_tested	TRUE	TRUE
seed350	dominant_mean_ploidy	S1	513	2814	2814	0.073814769561518	0.1	passed	0	nan	0.05	not_tested	resolution_not_tested	TRUE	TRUE
seed350	dominant_mean_ploidy	ST	513	2814	2814	0.1989639841340078	0.1	not_passed	0	nan	0.05	not_tested	not_passed	TRUE	TRUE
seed350	dominant_growth_rate	S1	513	2814	2814	0.05631881006241665	0.1	passed	0	nan	0.05	not_tested	resolution_not_tested	TRUE	TRUE
seed350	dominant_growth_rate	ST	513	2814	2814	0.09040553828786407	0.1	passed	0	nan	0.05	not_tested	resolution_not_tested	TRUE	TRUE
seed351	dominant_mean_ploidy	S1	513	2814	2814	0.05469993254994569	0.1	passed	0	nan	0.05	not_tested	resolution_not_tested	TRUE	TRUE
seed351	dominant_mean_ploidy	ST	513	2814	2814	0.25769263150564525	0.1	not_passed	0	nan	0.05	not_tested	not_passed	TRUE	TRUE
seed351	dominant_growth_rate	S1	513	2814	2814	0.048869573363031917	0.1	passed	0	nan	0.05	not_tested	resolution_not_tested	TRUE	TRUE
seed351	dominant_growth_rate	ST	513	2814	2814	0.059077747702174666	0.1	passed	0	nan	0.05	not_tested	resolution_not_tested	TRUE	TRUE
seed352	dominant_mean_ploidy	S1	513	2814	2814	0.05496962002461015	0.1	passed	0	nan	0.05	not_tested	resolution_not_tested	TRUE	TRUE
seed352	dominant_mean_ploidy	ST	513	2814	2814	0.2000256690596409	0.1	not_passed	0	nan	0.05	not_tested	not_passed	TRUE	TRUE
seed352	dominant_growth_rate	S1	513	2814	2814	0.04393620321052325	0.1	passed	0	nan	0.05	not_tested	resolution_not_tested	TRUE	TRUE
seed352	dominant_growth_rate	ST	513	2814	2814	0.06464811006387661	0.1	passed	0	nan	0.05	not_tested	resolution_not_tested	TRUE	TRUE
seed353	dominant_mean_ploidy	S1	513	2814	2814	0.020835661252253217	0.1	passed	0	nan	0.05	not_tested	resolution_not_tested	TRUE	TRUE
seed353	dominant_mean_ploidy	ST	513	2814	2814	0.11038341246305684	0.1	not_passed	0	nan	0.05	not_tested	not_passed	TRUE	TRUE
seed353	dominant_growth_rate	S1	513	2814	2814	0.016786997135484476	0.1	passed	0	nan	0.05	not_tested	resolution_not_tested	TRUE	TRUE
seed353	dominant_growth_rate	ST	513	2814	2814	0.020517068550153075	0.1	passed	0	nan	0.05	not_tested	resolution_not_tested	TRUE	TRUE
seed354	dominant_mean_ploidy	S1	513	2814	2814	0.07474005620231085	0.1	passed	0	nan	0.05	not_tested	resolution_not_tested	TRUE	TRUE
seed354	dominant_mean_ploidy	ST	513	2814	2814	0.1857591905763181	0.1	not_passed	0	nan	0.05	not_tested	not_passed	TRUE	TRUE
seed354	dominant_growth_rate	S1	513	2814	2814	0.06034511332515733	0.1	passed	0	nan	0.05	not_tested	resolution_not_tested	TRUE	TRUE
seed354	dominant_growth_rate	ST	513	2814	2814	0.07991343163465146	0.1	passed	0	nan	0.05	not_tested	resolution_not_tested	TRUE	TRUE
seed355	dominant_mean_ploidy	S1	513	2814	2814	0.04304587713937663	0.1	passed	0	nan	0.05	not_tested	resolution_not_tested	TRUE	TRUE
seed355	dominant_mean_ploidy	ST	513	2814	2814	0.09706353119819341	0.1	passed	0	nan	0.05	not_tested	resolution_not_tested	TRUE	TRUE
seed355	dominant_growth_rate	S1	513	2814	2814	0.04481106119912226	0.1	passed	0	nan	0.05	not_tested	resolution_not_tested	TRUE	TRUE
seed355	dominant_growth_rate	ST	513	2814	2814	0.05686615170578439	0.1	passed	0	nan	0.05	not_tested	resolution_not_tested	TRUE	TRUE
seed356	dominant_mean_ploidy	S1	513	2814	2814	0.06202693413625288	0.1	passed	0	nan	0.05	not_tested	resolution_not_tested	TRUE	TRUE
seed356	dominant_mean_ploidy	ST	513	2814	2814	0.15180053353554693	0.1	not_passed	0	nan	0.05	not_tested	not_passed	TRUE	TRUE
seed356	dominant_growth_rate	S1	513	2814	2814	0.06720205760464734	0.1	passed	0	nan	0.05	not_tested	resolution_not_tested	TRUE	TRUE
seed356	dominant_growth_rate	ST	513	2814	2814	0.09759730276478255	0.1	passed	0	nan	0.05	not_tested	resolution_not_tested	TRUE	TRUE
seed357	dominant_mean_ploidy	S1	513	2814	2814	0.026137013841414945	0.1	passed	0	nan	0.05	not_tested	resolution_not_tested	TRUE	TRUE
seed357	dominant_mean_ploidy	ST	513	2814	2814	0.15671934511461244	0.1	not_passed	0	nan	0.05	not_tested	not_passed	TRUE	TRUE
seed357	dominant_growth_rate	S1	513	2814	2814	0.04244542257139397	0.1	passed	0	nan	0.05	not_tested	resolution_not_tested	TRUE	TRUE
seed357	dominant_growth_rate	ST	513	2814	2814	0.047367196192250625	0.1	passed	0	nan	0.05	not_tested	resolution_not_tested	TRUE	TRUE
seed358	dominant_mean_ploidy	S1	513	2814	2814	0.059103110883195746	0.1	passed	0	nan	0.05	not_tested	resolution_not_tested	TRUE	TRUE
seed358	dominant_mean_ploidy	ST	513	2814	2814	0.19128621477135044	0.1	not_passed	0	nan	0.05	not_tested	not_passed	TRUE	TRUE
seed358	dominant_growth_rate	S1	513	2814	2814	0.05423475710978395	0.1	passed	0	nan	0.05	not_tested	resolution_not_tested	TRUE	TRUE
seed358	dominant_growth_rate	ST	513	2814	2814	0.08671901461412126	0.1	passed	0	nan	0.05	not_tested	resolution_not_tested	TRUE	TRUE
seed359	dominant_mean_ploidy	S1	513	2814	2814	0.05903293870607037	0.1	passed	0	nan	0.05	not_tested	resolution_not_tested	TRUE	TRUE
seed359	dominant_mean_ploidy	ST	513	2814	2814	0.2275742429232068	0.1	not_passed	0	nan	0.05	not_tested	not_passed	TRUE	TRUE
seed359	dominant_growth_rate	S1	513	2814	2814	0.0600449588210339	0.1	passed	0	nan	0.05	not_tested	resolution_not_tested	TRUE	TRUE
seed359	dominant_growth_rate	ST	513	2814	2814	0.07679008218403527	0.1	passed	0	nan	0.05	not_tested	resolution_not_tested	TRUE	TRUE
seed360	dominant_mean_ploidy	S1	513	2814	2814	0.049002008550387596	0.1	passed	0	nan	0.05	not_tested	resolution_not_tested	TRUE	TRUE
seed360	dominant_mean_ploidy	ST	513	2814	2814	0.23884622579778517	0.1	not_passed	0	nan	0.05	not_tested	not_passed	TRUE	TRUE
seed360	dominant_growth_rate	S1	513	2814	2814	0.063283164177526	0.1	passed	0	nan	0.05	not_tested	resolution_not_tested	TRUE	TRUE
seed360	dominant_growth_rate	ST	513	2814	2814	0.07377094165786807	0.1	passed	0	nan	0.05	not_tested	resolution_not_tested	TRUE	TRUE
seed361	dominant_mean_ploidy	S1	513	2814	2814	0.03810170984527771	0.1	passed	0	nan	0.05	not_tested	resolution_not_tested	TRUE	TRUE
seed361	dominant_mean_ploidy	ST	513	2814	2814	0.14252720612359432	0.1	not_passed	0	nan	0.05	not_tested	not_passed	TRUE	TRUE
seed361	dominant_growth_rate	S1	513	2814	2814	0.040825776499936156	0.1	passed	0	nan	0.05	not_tested	resolution_not_tested	TRUE	TRUE
seed361	dominant_growth_rate	ST	513	2814	2814	0.04888846960330434	0.1	passed	0	nan	0.05	not_tested	resolution_not_tested	TRUE	TRUE
seed362	dominant_mean_ploidy	S1	513	2814	2814	0.03431558489708324	0.1	passed	0	nan	0.05	not_tested	resolution_not_tested	TRUE	TRUE
seed362	dominant_mean_ploidy	ST	513	2814	2814	0.09722490283092133	0.1	passed	0	nan	0.05	not_tested	resolution_not_tested	TRUE	TRUE
seed362	dominant_growth_rate	S1	513	2814	2814	0.0533947534115535	0.1	passed	0	nan	0.05	not_tested	resolution_not_tested	TRUE	TRUE
seed362	dominant_growth_rate	ST	513	2814	2814	0.06785582180377159	0.1	passed	0	nan	0.05	not_tested	resolution_not_tested	TRUE	TRUE
seed363	dominant_mean_ploidy	S1	513	2814	2814	0.0690954638650812	0.1	passed	0	nan	0.05	not_tested	resolution_not_tested	TRUE	TRUE
seed363	dominant_mean_ploidy	ST	513	2814	2814	0.22600348069533077	0.1	not_passed	0	nan	0.05	not_tested	not_passed	TRUE	TRUE
seed363	dominant_growth_rate	S1	513	2814	2814	0.08525713641463153	0.1	passed	0	nan	0.05	not_tested	resolution_not_tested	TRUE	TRUE
seed363	dominant_growth_rate	ST	513	2814	2814	0.09842846737097273	0.1	passed	0	nan	0.05	not_tested	resolution_not_tested	TRUE	TRUE
seed364	dominant_mean_ploidy	S1	513	2814	2814	0.006143355929429019	0.1	passed	0	nan	0.05	not_tested	resolution_not_tested	TRUE	TRUE
seed364	dominant_mean_ploidy	ST	513	2814	2814	0.0601527681173787	0.1	passed	0	nan	0.05	not_tested	resolution_not_tested	TRUE	TRUE
seed364	dominant_growth_rate	S1	513	2814	2814	0.014849717078243571	0.1	passed	0	nan	0.05	not_tested	resolution_not_tested	TRUE	TRUE
seed364	dominant_growth_rate	ST	513	2814	2814	0.015011928060945718	0.1	passed	0	nan	0.05	not_tested	resolution_not_tested	TRUE	TRUE
seed365	dominant_mean_ploidy	S1	513	2814	2814	0.028957332471904806	0.1	passed	0	nan	0.05	not_tested	resolution_not_tested	TRUE	TRUE
seed365	dominant_mean_ploidy	ST	513	2814	2814	0.12140958689098692	0.1	not_passed	0	nan	0.05	not_tested	not_passed	TRUE	TRUE
seed365	dominant_growth_rate	S1	513	2814	2814	0.04011491862761922	0.1	passed	0	nan	0.05	not_tested	resolution_not_tested	TRUE	TRUE
seed365	dominant_growth_rate	ST	513	2814	2814	0.05109389439066362	0.1	passed	0	nan	0.05	not_tested	resolution_not_tested	TRUE	TRUE
seed366	dominant_mean_ploidy	S1	513	2814	2814	0.07519699925184027	0.1	passed	0	nan	0.05	not_tested	resolution_not_tested	TRUE	TRUE
seed366	dominant_mean_ploidy	ST	513	2814	2814	0.15300100938690897	0.1	not_passed	0	nan	0.05	not_tested	not_passed	TRUE	TRUE
seed366	dominant_growth_rate	S1	513	2814	2814	0.05927443087179978	0.1	passed	0	nan	0.05	not_tested	resolution_not_tested	TRUE	TRUE
seed366	dominant_growth_rate	ST	513	2814	2814	0.08190967020479571	0.1	passed	0	nan	0.05	not_tested	resolution_not_tested	TRUE	TRUE
seed367	dominant_mean_ploidy	S1	513	2814	2814	0.06724142434185043	0.1	passed	0	nan	0.05	not_tested	resolution_not_tested	TRUE	TRUE
seed367	dominant_mean_ploidy	ST	513	2814	2814	0.19733989921278006	0.1	not_passed	0	nan	0.05	not_tested	not_passed	TRUE	TRUE
seed367	dominant_growth_rate	S1	513	2814	2814	0.06293257655157335	0.1	passed	0	nan	0.05	not_tested	resolution_not_tested	TRUE	TRUE
seed367	dominant_growth_rate	ST	513	2814	2814	0.07304895606456333	0.1	passed	0	nan	0.05	not_tested	resolution_not_tested	TRUE	TRUE
seed368	dominant_mean_ploidy	S1	513	2814	2814	0.023108548188554023	0.1	passed	0	nan	0.05	not_tested	resolution_not_tested	TRUE	TRUE
seed368	dominant_mean_ploidy	ST	513	2814	2814	0.06949021270093919	0.1	passed	0	nan	0.05	not_tested	resolution_not_tested	TRUE	TRUE
seed368	dominant_growth_rate	S1	513	2814	2814	0.01609518157418279	0.1	passed	0	nan	0.05	not_tested	resolution_not_tested	TRUE	TRUE
seed368	dominant_growth_rate	ST	513	2814	2814	0.018771371665031168	0.1	passed	0	nan	0.05	not_tested	resolution_not_tested	TRUE	TRUE
seed369	dominant_mean_ploidy	S1	513	2814	2814	0.09451634077752731	0.1	passed	0	nan	0.05	not_tested	resolution_not_tested	TRUE	TRUE
seed369	dominant_mean_ploidy	ST	513	2814	2814	0.22497777155228288	0.1	not_passed	0	nan	0.05	not_tested	not_passed	TRUE	TRUE
seed369	dominant_growth_rate	S1	513	2814	2814	0.07405757943385316	0.1	passed	0	nan	0.05	not_tested	resolution_not_tested	TRUE	TRUE
seed369	dominant_growth_rate	ST	513	2814	2814	0.10360239816387519	0.1	not_passed	0	nan	0.05	not_tested	not_passed	TRUE	TRUE
seed370	dominant_mean_ploidy	S1	513	2814	2814	0.041569829267478466	0.1	passed	0	nan	0.05	not_tested	resolution_not_tested	TRUE	TRUE
seed370	dominant_mean_ploidy	ST	513	2814	2814	0.19623088151104556	0.1	not_passed	0	nan	0.05	not_tested	not_passed	TRUE	TRUE
seed370	dominant_growth_rate	S1	513	2814	2814	0.05466648298748283	0.1	passed	0	nan	0.05	not_tested	resolution_not_tested	TRUE	TRUE
seed370	dominant_growth_rate	ST	513	2814	2814	0.06808865204457967	0.1	passed	0	nan	0.05	not_tested	resolution_not_tested	TRUE	TRUE
seed371	dominant_mean_ploidy	S1	513	2814	2814	0.05035223796151373	0.1	passed	0	nan	0.05	not_tested	resolution_not_tested	TRUE	TRUE
seed371	dominant_mean_ploidy	ST	513	2814	2814	0.1889832426642164	0.1	not_passed	0	nan	0.05	not_tested	not_passed	TRUE	TRUE
seed371	dominant_growth_rate	S1	513	2814	2814	0.05850314290451373	0.1	passed	0	nan	0.05	not_tested	resolution_not_tested	TRUE	TRUE
seed371	dominant_growth_rate	ST	513	2814	2814	0.08513528230001657	0.1	passed	0	nan	0.05	not_tested	resolution_not_tested	TRUE	TRUE
seed372	dominant_mean_ploidy	S1	513	2814	2814	0.03358555391959214	0.1	passed	0	nan	0.05	not_tested	resolution_not_tested	TRUE	TRUE
seed372	dominant_mean_ploidy	ST	513	2814	2814	0.13988641506132368	0.1	not_passed	0	nan	0.05	not_tested	not_passed	TRUE	TRUE
seed372	dominant_growth_rate	S1	513	2814	2814	0.02595029131627887	0.1	passed	0	nan	0.05	not_tested	resolution_not_tested	TRUE	TRUE
seed372	dominant_growth_rate	ST	513	2814	2814	0.02736518007303857	0.1	passed	0	nan	0.05	not_tested	resolution_not_tested	TRUE	TRUE
seed373	dominant_mean_ploidy	S1	513	2814	2814	0.036229763606016235	0.1	passed	0	nan	0.05	not_tested	resolution_not_tested	TRUE	TRUE
seed373	dominant_mean_ploidy	ST	513	2814	2814	0.12449124594787123	0.1	not_passed	0	nan	0.05	not_tested	not_passed	TRUE	TRUE
seed373	dominant_growth_rate	S1	513	2814	2814	0.023425501954025485	0.1	passed	0	nan	0.05	not_tested	resolution_not_tested	TRUE	TRUE
seed373	dominant_growth_rate	ST	513	2814	2814	0.030631241457300666	0.1	passed	0	nan	0.05	not_tested	resolution_not_tested	TRUE	TRUE
seed374	dominant_mean_ploidy	S1	513	2814	2814	0.026593287864713062	0.1	passed	0	nan	0.05	not_tested	resolution_not_tested	TRUE	TRUE
seed374	dominant_mean_ploidy	ST	513	2814	2814	0.0826071347238912	0.1	passed	0	nan	0.05	not_tested	resolution_not_tested	TRUE	TRUE
seed374	dominant_growth_rate	S1	513	2814	2814	0.006149914295801532	0.1	passed	0	nan	0.05	not_tested	resolution_not_tested	TRUE	TRUE
seed374	dominant_growth_rate	ST	513	2814	2814	0.009369809397555552	0.1	passed	0	nan	0.05	not_tested	resolution_not_tested	TRUE	TRUE
seed375	dominant_mean_ploidy	S1	513	2814	2814	0.06549577720518926	0.1	passed	0	nan	0.05	not_tested	resolution_not_tested	TRUE	TRUE
seed375	dominant_mean_ploidy	ST	513	2814	2814	0.17595122228946566	0.1	not_passed	0	nan	0.05	not_tested	not_passed	TRUE	TRUE
seed375	dominant_growth_rate	S1	513	2814	2814	0.020481823820628037	0.1	passed	0	nan	0.05	not_tested	resolution_not_tested	TRUE	TRUE
seed375	dominant_growth_rate	ST	513	2814	2814	0.025046651969156942	0.1	passed	0	nan	0.05	not_tested	resolution_not_tested	TRUE	TRUE
seed376	dominant_mean_ploidy	S1	513	2814	2814	0.040886733574907505	0.1	passed	0	nan	0.05	not_tested	resolution_not_tested	TRUE	TRUE
seed376	dominant_mean_ploidy	ST	513	2814	2814	0.1349934129472185	0.1	not_passed	0	nan	0.05	not_tested	not_passed	TRUE	TRUE
seed376	dominant_growth_rate	S1	513	2814	2814	0.021414794848356355	0.1	passed	0	nan	0.05	not_tested	resolution_not_tested	TRUE	TRUE
seed376	dominant_growth_rate	ST	513	2814	2814	0.026563268003910463	0.1	passed	0	nan	0.05	not_tested	resolution_not_tested	TRUE	TRUE
seed377	dominant_mean_ploidy	S1	513	2814	2814	0.06011771666977706	0.1	passed	0	nan	0.05	not_tested	resolution_not_tested	TRUE	TRUE
seed377	dominant_mean_ploidy	ST	513	2814	2814	0.15829221166888477	0.1	not_passed	0	nan	0.05	not_tested	not_passed	TRUE	TRUE
seed377	dominant_growth_rate	S1	513	2814	2814	0.05562178108264391	0.1	passed	0	nan	0.05	not_tested	resolution_not_tested	TRUE	TRUE
seed377	dominant_growth_rate	ST	513	2814	2814	0.057098233548582136	0.1	passed	0	nan	0.05	not_tested	resolution_not_tested	TRUE	TRUE
seed378	dominant_mean_ploidy	S1	513	2814	2814	0.033192904980280366	0.1	passed	0	nan	0.05	not_tested	resolution_not_tested	TRUE	TRUE
seed378	dominant_mean_ploidy	ST	513	2814	2814	0.10201955847016676	0.1	not_passed	0	nan	0.05	not_tested	not_passed	TRUE	TRUE
seed378	dominant_growth_rate	S1	513	2814	2814	0.04632215372241024	0.1	passed	0	nan	0.05	not_tested	resolution_not_tested	TRUE	TRUE
seed378	dominant_growth_rate	ST	513	2814	2814	0.0730904801962837	0.1	passed	0	nan	0.05	not_tested	resolution_not_tested	TRUE	TRUE
seed379	dominant_mean_ploidy	S1	513	2814	2814	0.06929821957204597	0.1	passed	0	nan	0.05	not_tested	resolution_not_tested	TRUE	TRUE
seed379	dominant_mean_ploidy	ST	513	2814	2814	0.1984584299256388	0.1	not_passed	0	nan	0.05	not_tested	not_passed	TRUE	TRUE
seed379	dominant_growth_rate	S1	513	2814	2814	0.0270252021760482	0.1	passed	0	nan	0.05	not_tested	resolution_not_tested	TRUE	TRUE
seed379	dominant_growth_rate	ST	513	2814	2814	0.03549835017093715	0.1	passed	0	nan	0.05	not_tested	resolution_not_tested	TRUE	TRUE
seed380	dominant_mean_ploidy	S1	513	2814	2814	0.02800995853167488	0.1	passed	0	nan	0.05	not_tested	resolution_not_tested	TRUE	TRUE
seed380	dominant_mean_ploidy	ST	513	2814	2814	0.09072210153709306	0.1	passed	0	nan	0.05	not_tested	resolution_not_tested	TRUE	TRUE
seed380	dominant_growth_rate	S1	513	2814	2814	0.048651815910951614	0.1	passed	0	nan	0.05	not_tested	resolution_not_tested	TRUE	TRUE
seed380	dominant_growth_rate	ST	513	2814	2814	0.059514411845909665	0.1	passed	0	nan	0.05	not_tested	resolution_not_tested	TRUE	TRUE
seed381	dominant_mean_ploidy	S1	513	2814	2814	0.006791299648378691	0.1	passed	0	nan	0.05	not_tested	resolution_not_tested	TRUE	TRUE
seed381	dominant_mean_ploidy	ST	513	2814	2814	0.007802682570560628	0.1	passed	0	nan	0.05	not_tested	resolution_not_tested	TRUE	TRUE
seed381	dominant_growth_rate	S1	513	2814	2814	0.021684109742217128	0.1	passed	0	nan	0.05	not_tested	resolution_not_tested	TRUE	TRUE
seed381	dominant_growth_rate	ST	513	2814	2814	0.02402967835941267	0.1	passed	0	nan	0.05	not_tested	resolution_not_tested	TRUE	TRUE
seed382	dominant_mean_ploidy	S1	513	2814	2814	0.026989659234177853	0.1	passed	0	nan	0.05	not_tested	resolution_not_tested	TRUE	TRUE
seed382	dominant_mean_ploidy	ST	513	2814	2814	0.07616813198533344	0.1	passed	0	nan	0.05	not_tested	resolution_not_tested	TRUE	TRUE
seed382	dominant_growth_rate	S1	513	2814	2814	0.027713034402677906	0.1	passed	0	nan	0.05	not_tested	resolution_not_tested	TRUE	TRUE
seed382	dominant_growth_rate	ST	513	2814	2814	0.03661148810511319	0.1	passed	0	nan	0.05	not_tested	resolution_not_tested	TRUE	TRUE
seed383	dominant_mean_ploidy	S1	513	2814	2814	0.035636928480824386	0.1	passed	0	nan	0.05	not_tested	resolution_not_tested	TRUE	TRUE
seed383	dominant_mean_ploidy	ST	513	2814	2814	0.12172394943276639	0.1	not_passed	0	nan	0.05	not_tested	not_passed	TRUE	TRUE
seed383	dominant_growth_rate	S1	513	2814	2814	0.022010055309437195	0.1	passed	0	nan	0.05	not_tested	resolution_not_tested	TRUE	TRUE
seed383	dominant_growth_rate	ST	513	2814	2814	0.03726683531235022	0.1	passed	0	nan	0.05	not_tested	resolution_not_tested	TRUE	TRUE
seed384	dominant_mean_ploidy	S1	513	2814	2814	0.006689040641042564	0.1	passed	0	nan	0.05	not_tested	resolution_not_tested	TRUE	TRUE
seed384	dominant_mean_ploidy	ST	513	2814	2814	0.01719532044630786	0.1	passed	0	nan	0.05	not_tested	resolution_not_tested	TRUE	TRUE
seed384	dominant_growth_rate	S1	513	2814	2814	0.057924587326554956	0.1	passed	0	nan	0.05	not_tested	resolution_not_tested	TRUE	TRUE
seed384	dominant_growth_rate	ST	513	2814	2814	0.06232288922441393	0.1	passed	0	nan	0.05	not_tested	resolution_not_tested	TRUE	TRUE
seed385	dominant_mean_ploidy	S1	513	2814	2814	0.051168043723851336	0.1	passed	0	nan	0.05	not_tested	resolution_not_tested	TRUE	TRUE
seed385	dominant_mean_ploidy	ST	513	2814	2814	0.153590092674924	0.1	not_passed	0	nan	0.05	not_tested	not_passed	TRUE	TRUE
seed385	dominant_growth_rate	S1	513	2814	2814	0.01751737680785614	0.1	passed	0	nan	0.05	not_tested	resolution_not_tested	TRUE	TRUE
seed385	dominant_growth_rate	ST	513	2814	2814	0.02442885527516423	0.1	passed	0	nan	0.05	not_tested	resolution_not_tested	TRUE	TRUE
seed386	dominant_mean_ploidy	S1	513	2814	2814	0.05267868594047096	0.1	passed	0	nan	0.05	not_tested	resolution_not_tested	TRUE	TRUE
seed386	dominant_mean_ploidy	ST	513	2814	2814	0.15548403333359978	0.1	not_passed	0	nan	0.05	not_tested	not_passed	TRUE	TRUE
seed386	dominant_growth_rate	S1	513	2814	2814	0.047647040293689026	0.1	passed	0	nan	0.05	not_tested	resolution_not_tested	TRUE	TRUE
seed386	dominant_growth_rate	ST	513	2814	2814	0.0524663854210757	0.1	passed	0	nan	0.05	not_tested	resolution_not_tested	TRUE	TRUE
seed387	dominant_mean_ploidy	S1	513	2814	2814	0.08142465260802755	0.1	passed	0	nan	0.05	not_tested	resolution_not_tested	TRUE	TRUE
seed387	dominant_mean_ploidy	ST	513	2814	2814	0.2666992791146996	0.1	not_passed	0	nan	0.05	not_tested	not_passed	TRUE	TRUE
seed387	dominant_growth_rate	S1	513	2814	2814	0.0680195192294956	0.1	passed	0	nan	0.05	not_tested	resolution_not_tested	TRUE	TRUE
seed387	dominant_growth_rate	ST	513	2814	2814	0.0799963272173881	0.1	passed	0	nan	0.05	not_tested	resolution_not_tested	TRUE	TRUE
seed388	dominant_mean_ploidy	S1	513	2814	2814	0.021555626326019976	0.1	passed	0	nan	0.05	not_tested	resolution_not_tested	TRUE	TRUE
seed388	dominant_mean_ploidy	ST	513	2814	2814	0.15350863913271262	0.1	not_passed	0	nan	0.05	not_tested	not_passed	TRUE	TRUE
seed388	dominant_growth_rate	S1	513	2814	2814	0.01681001768501637	0.1	passed	0	nan	0.05	not_tested	resolution_not_tested	TRUE	TRUE
seed388	dominant_growth_rate	ST	513	2814	2814	0.020621896508502047	0.1	passed	0	nan	0.05	not_tested	resolution_not_tested	TRUE	TRUE
seed389	dominant_mean_ploidy	S1	513	2814	2814	0.062008577147976626	0.1	passed	0	nan	0.05	not_tested	resolution_not_tested	TRUE	TRUE
seed389	dominant_mean_ploidy	ST	513	2814	2814	0.21761956165001906	0.1	not_passed	0	nan	0.05	not_tested	not_passed	TRUE	TRUE
seed389	dominant_growth_rate	S1	513	2814	2814	0.04704537015188571	0.1	passed	0	nan	0.05	not_tested	resolution_not_tested	TRUE	TRUE
seed389	dominant_growth_rate	ST	513	2814	2814	0.05969779406274034	0.1	passed	0	nan	0.05	not_tested	resolution_not_tested	TRUE	TRUE
seed390	dominant_mean_ploidy	S1	513	2814	2814	0.03216181445402643	0.1	passed	0	nan	0.05	not_tested	resolution_not_tested	TRUE	TRUE
seed390	dominant_mean_ploidy	ST	513	2814	2814	0.17024396947149265	0.1	not_passed	0	nan	0.05	not_tested	not_passed	TRUE	TRUE
seed390	dominant_growth_rate	S1	513	2814	2814	0.03713480554362877	0.1	passed	0	nan	0.05	not_tested	resolution_not_tested	TRUE	TRUE
seed390	dominant_growth_rate	ST	513	2814	2814	0.053313548253671975	0.1	passed	0	nan	0.05	not_tested	resolution_not_tested	TRUE	TRUE
seed391	dominant_mean_ploidy	S1	513	2814	2814	0.058526437331749656	0.1	passed	0	nan	0.05	not_tested	resolution_not_tested	TRUE	TRUE
seed391	dominant_mean_ploidy	ST	513	2814	2814	0.17801330035717408	0.1	not_passed	0	nan	0.05	not_tested	not_passed	TRUE	TRUE
seed391	dominant_growth_rate	S1	513	2814	2814	0.0231017900564723	0.1	passed	0	nan	0.05	not_tested	resolution_not_tested	TRUE	TRUE
seed391	dominant_growth_rate	ST	513	2814	2814	0.030820703341498435	0.1	passed	0	nan	0.05	not_tested	resolution_not_tested	TRUE	TRUE
seed392	dominant_mean_ploidy	S1	513	2814	2814	0.06698406291264009	0.1	passed	0	nan	0.05	not_tested	resolution_not_tested	TRUE	TRUE
seed392	dominant_mean_ploidy	ST	513	2814	2814	0.36307590458176336	0.1	not_passed	0	nan	0.05	not_tested	not_passed	TRUE	TRUE
seed392	dominant_growth_rate	S1	513	2814	2814	0.010627997951925252	0.1	passed	0	nan	0.05	not_tested	resolution_not_tested	TRUE	TRUE
seed392	dominant_growth_rate	ST	513	2814	2814	0.012740596892080763	0.1	passed	0	nan	0.05	not_tested	resolution_not_tested	TRUE	TRUE
seed393	dominant_mean_ploidy	S1	513	2814	2814	0.050689826290297835	0.1	passed	0	nan	0.05	not_tested	resolution_not_tested	TRUE	TRUE
seed393	dominant_mean_ploidy	ST	513	2814	2814	0.22203714813201564	0.1	not_passed	0	nan	0.05	not_tested	not_passed	TRUE	TRUE
seed393	dominant_growth_rate	S1	513	2814	2814	0.034549640085216105	0.1	passed	0	nan	0.05	not_tested	resolution_not_tested	TRUE	TRUE
seed393	dominant_growth_rate	ST	513	2814	2814	0.04889236991380574	0.1	passed	0	nan	0.05	not_tested	resolution_not_tested	TRUE	TRUE
seed394	dominant_mean_ploidy	S1	513	2814	2814	0.07043483931650234	0.1	passed	0	nan	0.05	not_tested	resolution_not_tested	TRUE	TRUE
seed394	dominant_mean_ploidy	ST	513	2814	2814	0.1535100491359905	0.1	not_passed	0	nan	0.05	not_tested	not_passed	TRUE	TRUE
seed394	dominant_growth_rate	S1	513	2814	2814	0.0758489145746308	0.1	passed	0	nan	0.05	not_tested	resolution_not_tested	TRUE	TRUE
seed394	dominant_growth_rate	ST	513	2814	2814	0.1188829822665044	0.1	not_passed	0	nan	0.05	not_tested	not_passed	TRUE	TRUE
seed395	dominant_mean_ploidy	S1	513	2814	2814	0.03059148049460699	0.1	passed	2814	0.020939122808089	0.05	passed	passed	TRUE	TRUE
seed395	dominant_mean_ploidy	ST	513	2814	2814	0.16021521289659918	0.1	not_passed	2814	0.08845334237178332	0.05	not_passed	not_passed	TRUE	TRUE
seed395	dominant_growth_rate	S1	513	2814	2814	0.05154646029616499	0.1	passed	2814	0.020351418204152746	0.05	passed	passed	TRUE	TRUE
seed395	dominant_growth_rate	ST	513	2814	2814	0.04926386861532582	0.1	passed	2814	0.02652601494501951	0.05	passed	passed	TRUE	TRUE
seed396	dominant_mean_ploidy	S1	513	2814	2814	0.04312231335586586	0.1	passed	0	nan	0.05	not_tested	resolution_not_tested	TRUE	TRUE
seed396	dominant_mean_ploidy	ST	513	2814	2814	0.15857388971517034	0.1	not_passed	0	nan	0.05	not_tested	not_passed	TRUE	TRUE
seed396	dominant_growth_rate	S1	513	2814	2814	0.037527238212825886	0.1	passed	0	nan	0.05	not_tested	resolution_not_tested	TRUE	TRUE
seed396	dominant_growth_rate	ST	513	2814	2814	0.04911001398863619	0.1	passed	0	nan	0.05	not_tested	resolution_not_tested	TRUE	TRUE
seed397	dominant_mean_ploidy	S1	513	2814	2814	0.03658496750253905	0.1	passed	0	nan	0.05	not_tested	resolution_not_tested	TRUE	TRUE
seed397	dominant_mean_ploidy	ST	513	2814	2814	0.11524951097585759	0.1	not_passed	0	nan	0.05	not_tested	not_passed	TRUE	TRUE
seed397	dominant_growth_rate	S1	513	2814	2814	0.03852765213730963	0.1	passed	0	nan	0.05	not_tested	resolution_not_tested	TRUE	TRUE
seed397	dominant_growth_rate	ST	513	2814	2814	0.04906873503140898	0.1	passed	0	nan	0.05	not_tested	resolution_not_tested	TRUE	TRUE
seed398	dominant_mean_ploidy	S1	513	2814	2814	0.012132621220816282	0.1	passed	0	nan	0.05	not_tested	resolution_not_tested	TRUE	TRUE
seed398	dominant_mean_ploidy	ST	513	2814	2814	0.09798834730466016	0.1	passed	0	nan	0.05	not_tested	resolution_not_tested	TRUE	TRUE
seed398	dominant_growth_rate	S1	513	2814	2814	0.05700175579689266	0.1	passed	0	nan	0.05	not_tested	resolution_not_tested	TRUE	TRUE
seed398	dominant_growth_rate	ST	513	2814	2814	0.061686488120953384	0.1	passed	0	nan	0.05	not_tested	resolution_not_tested	TRUE	TRUE
seed399	dominant_mean_ploidy	S1	513	2814	2814	0.047766080953397565	0.1	passed	0	nan	0.05	not_tested	resolution_not_tested	TRUE	TRUE
seed399	dominant_mean_ploidy	ST	513	2814	2814	0.19292452661679327	0.1	not_passed	0	nan	0.05	not_tested	not_passed	TRUE	TRUE
seed399	dominant_growth_rate	S1	513	2814	2814	0.03498493609499169	0.1	passed	0	nan	0.05	not_tested	resolution_not_tested	TRUE	TRUE
seed399	dominant_growth_rate	ST	513	2814	2814	0.04292437047305468	0.1	passed	0	nan	0.05	not_tested	resolution_not_tested	TRUE	TRUE
seed400	dominant_mean_ploidy	S1	513	2814	2814	0.03970077207653852	0.1	passed	0	nan	0.05	not_tested	resolution_not_tested	TRUE	TRUE
seed400	dominant_mean_ploidy	ST	513	2814	2814	0.21097018787798716	0.1	not_passed	0	nan	0.05	not_tested	not_passed	TRUE	TRUE
seed400	dominant_growth_rate	S1	513	2814	2814	0.01668428372701459	0.1	passed	0	nan	0.05	not_tested	resolution_not_tested	TRUE	TRUE
seed400	dominant_growth_rate	ST	513	2814	2814	0.01697101235634743	0.1	passed	0	nan	0.05	not_tested	resolution_not_tested	TRUE	TRUE
seed401	dominant_mean_ploidy	S1	513	2814	2814	0.04192299585576968	0.1	passed	0	nan	0.05	not_tested	resolution_not_tested	TRUE	TRUE
seed401	dominant_mean_ploidy	ST	513	2814	2814	0.14002408444536177	0.1	not_passed	0	nan	0.05	not_tested	not_passed	TRUE	TRUE
seed401	dominant_growth_rate	S1	513	2814	2814	0.016649634906155786	0.1	passed	0	nan	0.05	not_tested	resolution_not_tested	TRUE	TRUE
seed401	dominant_growth_rate	ST	513	2814	2814	0.02404770752354702	0.1	passed	0	nan	0.05	not_tested	resolution_not_tested	TRUE	TRUE
seed402	dominant_mean_ploidy	S1	513	2814	2814	0.04659562029427777	0.1	passed	0	nan	0.05	not_tested	resolution_not_tested	TRUE	TRUE
seed402	dominant_mean_ploidy	ST	513	2814	2814	0.16733934539137885	0.1	not_passed	0	nan	0.05	not_tested	not_passed	TRUE	TRUE
seed402	dominant_growth_rate	S1	513	2814	2814	0.03449524458428347	0.1	passed	0	nan	0.05	not_tested	resolution_not_tested	TRUE	TRUE
seed402	dominant_growth_rate	ST	513	2814	2814	0.037601504416232036	0.1	passed	0	nan	0.05	not_tested	resolution_not_tested	TRUE	TRUE
seed403	dominant_mean_ploidy	S1	513	2814	2814	0.029511351711890618	0.1	passed	0	nan	0.05	not_tested	resolution_not_tested	TRUE	TRUE
seed403	dominant_mean_ploidy	ST	513	2814	2814	0.13448078297007865	0.1	not_passed	0	nan	0.05	not_tested	not_passed	TRUE	TRUE
seed403	dominant_growth_rate	S1	513	2814	2814	0.05409515760744903	0.1	passed	0	nan	0.05	not_tested	resolution_not_tested	TRUE	TRUE
seed403	dominant_growth_rate	ST	513	2814	2814	0.08484675438975228	0.1	passed	0	nan	0.05	not_tested	resolution_not_tested	TRUE	TRUE
seed404	dominant_mean_ploidy	S1	513	2814	2814	0.0723949589335528	0.1	passed	0	nan	0.05	not_tested	resolution_not_tested	TRUE	TRUE
seed404	dominant_mean_ploidy	ST	513	2814	2814	0.13369274888272972	0.1	not_passed	0	nan	0.05	not_tested	not_passed	TRUE	TRUE
seed404	dominant_growth_rate	S1	513	2814	2814	0.031717820909179996	0.1	passed	0	nan	0.05	not_tested	resolution_not_tested	TRUE	TRUE
seed404	dominant_growth_rate	ST	513	2814	2814	0.06072189687463923	0.1	passed	0	nan	0.05	not_tested	resolution_not_tested	TRUE	TRUE
seed405	dominant_mean_ploidy	S1	513	2814	2814	0.060267464886147065	0.1	passed	0	nan	0.05	not_tested	resolution_not_tested	TRUE	TRUE
seed405	dominant_mean_ploidy	ST	513	2814	2814	0.13216127702653147	0.1	not_passed	0	nan	0.05	not_tested	not_passed	TRUE	TRUE
seed405	dominant_growth_rate	S1	513	2814	2814	0.02831552206060225	0.1	passed	0	nan	0.05	not_tested	resolution_not_tested	TRUE	TRUE
seed405	dominant_growth_rate	ST	513	2814	2814	0.03543409244593053	0.1	passed	0	nan	0.05	not_tested	resolution_not_tested	TRUE	TRUE
seed406	dominant_mean_ploidy	S1	513	2814	2814	0.051813261473688504	0.1	passed	0	nan	0.05	not_tested	resolution_not_tested	TRUE	TRUE
seed406	dominant_mean_ploidy	ST	513	2814	2814	0.21900783948585942	0.1	not_passed	0	nan	0.05	not_tested	not_passed	TRUE	TRUE
seed406	dominant_growth_rate	S1	513	2814	2814	0.04751884473004453	0.1	passed	0	nan	0.05	not_tested	resolution_not_tested	TRUE	TRUE
seed406	dominant_growth_rate	ST	513	2814	2814	0.05267273426930789	0.1	passed	0	nan	0.05	not_tested	resolution_not_tested	TRUE	TRUE
seed407	dominant_mean_ploidy	S1	513	2814	2814	0.06488311244086971	0.1	passed	0	nan	0.05	not_tested	resolution_not_tested	TRUE	TRUE
seed407	dominant_mean_ploidy	ST	513	2814	2814	0.319820969301584	0.1	not_passed	0	nan	0.05	not_tested	not_passed	TRUE	TRUE
seed407	dominant_growth_rate	S1	513	2814	2814	0.023399869382412272	0.1	passed	0	nan	0.05	not_tested	resolution_not_tested	TRUE	TRUE
seed407	dominant_growth_rate	ST	513	2814	2814	0.04521842183062006	0.1	passed	0	nan	0.05	not_tested	resolution_not_tested	TRUE	TRUE
seed408	dominant_mean_ploidy	S1	513	2814	2814	0.045718123754572126	0.1	passed	0	nan	0.05	not_tested	resolution_not_tested	TRUE	TRUE
seed408	dominant_mean_ploidy	ST	513	2814	2814	0.21652346066282815	0.1	not_passed	0	nan	0.05	not_tested	not_passed	TRUE	TRUE
seed408	dominant_growth_rate	S1	513	2814	2814	0.05741668480854268	0.1	passed	0	nan	0.05	not_tested	resolution_not_tested	TRUE	TRUE
seed408	dominant_growth_rate	ST	513	2814	2814	0.07056112533556415	0.1	passed	0	nan	0.05	not_tested	resolution_not_tested	TRUE	TRUE
seed409	dominant_mean_ploidy	S1	513	2814	2814	0.05719534528571939	0.1	passed	0	nan	0.05	not_tested	resolution_not_tested	TRUE	TRUE
seed409	dominant_mean_ploidy	ST	513	2814	2814	0.14651849585853724	0.1	not_passed	0	nan	0.05	not_tested	not_passed	TRUE	TRUE
seed409	dominant_growth_rate	S1	513	2814	2814	0.03662252119541005	0.1	passed	0	nan	0.05	not_tested	resolution_not_tested	TRUE	TRUE
seed409	dominant_growth_rate	ST	513	2814	2814	0.05476491482398059	0.1	passed	0	nan	0.05	not_tested	resolution_not_tested	TRUE	TRUE
seed410	dominant_mean_ploidy	S1	513	2814	2814	0.015352525588876731	0.1	passed	0	nan	0.05	not_tested	resolution_not_tested	TRUE	TRUE
seed410	dominant_mean_ploidy	ST	513	2814	2814	0.059026869344592434	0.1	passed	0	nan	0.05	not_tested	resolution_not_tested	TRUE	TRUE
seed410	dominant_growth_rate	S1	513	2814	2814	0.025169900765305866	0.1	passed	0	nan	0.05	not_tested	resolution_not_tested	TRUE	TRUE
seed410	dominant_growth_rate	ST	513	2814	2814	0.04552881061323249	0.1	passed	0	nan	0.05	not_tested	resolution_not_tested	TRUE	TRUE
seed411	dominant_mean_ploidy	S1	513	2814	2814	0.047610075044868055	0.1	passed	0	nan	0.05	not_tested	resolution_not_tested	TRUE	TRUE
seed411	dominant_mean_ploidy	ST	513	2814	2814	0.1126876628696906	0.1	not_passed	0	nan	0.05	not_tested	not_passed	TRUE	TRUE
seed411	dominant_growth_rate	S1	513	2814	2814	0.03625177873262982	0.1	passed	0	nan	0.05	not_tested	resolution_not_tested	TRUE	TRUE
seed411	dominant_growth_rate	ST	513	2814	2814	0.04767037344206145	0.1	passed	0	nan	0.05	not_tested	resolution_not_tested	TRUE	TRUE
seed412	dominant_mean_ploidy	S1	513	2814	2814	0.05430000369574388	0.1	passed	0	nan	0.05	not_tested	resolution_not_tested	TRUE	TRUE
seed412	dominant_mean_ploidy	ST	513	2814	2814	0.14384890783247312	0.1	not_passed	0	nan	0.05	not_tested	not_passed	TRUE	TRUE
seed412	dominant_growth_rate	S1	513	2814	2814	0.056748734997133475	0.1	passed	0	nan	0.05	not_tested	resolution_not_tested	TRUE	TRUE
seed412	dominant_growth_rate	ST	513	2814	2814	0.08415878323605391	0.1	passed	0	nan	0.05	not_tested	resolution_not_tested	TRUE	TRUE
seed413	dominant_mean_ploidy	S1	513	2814	2814	0.06223167978405003	0.1	passed	0	nan	0.05	not_tested	resolution_not_tested	TRUE	TRUE
seed413	dominant_mean_ploidy	ST	513	2814	2814	0.2776949684837651	0.1	not_passed	0	nan	0.05	not_tested	not_passed	TRUE	TRUE
seed413	dominant_growth_rate	S1	513	2814	2814	0.04234771089644825	0.1	passed	0	nan	0.05	not_tested	resolution_not_tested	TRUE	TRUE
seed413	dominant_growth_rate	ST	513	2814	2814	0.06118115769586455	0.1	passed	0	nan	0.05	not_tested	resolution_not_tested	TRUE	TRUE
seed414	dominant_mean_ploidy	S1	513	2814	2814	0.04236726820991224	0.1	passed	0	nan	0.05	not_tested	resolution_not_tested	TRUE	TRUE
seed414	dominant_mean_ploidy	ST	513	2814	2814	0.08405289557311933	0.1	passed	0	nan	0.05	not_tested	resolution_not_tested	TRUE	TRUE
seed414	dominant_growth_rate	S1	513	2814	2814	0.026712499685925026	0.1	passed	0	nan	0.05	not_tested	resolution_not_tested	TRUE	TRUE
seed414	dominant_growth_rate	ST	513	2814	2814	0.03656427663918206	0.1	passed	0	nan	0.05	not_tested	resolution_not_tested	TRUE	TRUE
seed415	dominant_mean_ploidy	S1	513	2814	2814	0.05355725740029805	0.1	passed	0	nan	0.05	not_tested	resolution_not_tested	TRUE	TRUE
seed415	dominant_mean_ploidy	ST	513	2814	2814	0.20945467165341417	0.1	not_passed	0	nan	0.05	not_tested	not_passed	TRUE	TRUE
seed415	dominant_growth_rate	S1	513	2814	2814	0.02816148267634428	0.1	passed	0	nan	0.05	not_tested	resolution_not_tested	TRUE	TRUE
seed415	dominant_growth_rate	ST	513	2814	2814	0.07578543605773018	0.1	passed	0	nan	0.05	not_tested	resolution_not_tested	TRUE	TRUE
seed416	dominant_mean_ploidy	S1	513	2814	2814	0.0770698272894886	0.1	passed	0	nan	0.05	not_tested	resolution_not_tested	TRUE	TRUE
seed416	dominant_mean_ploidy	ST	513	2814	2814	0.17733975053636905	0.1	not_passed	0	nan	0.05	not_tested	not_passed	TRUE	TRUE
seed416	dominant_growth_rate	S1	513	2814	2814	0.08783618254769258	0.1	passed	0	nan	0.05	not_tested	resolution_not_tested	TRUE	TRUE
seed416	dominant_growth_rate	ST	513	2814	2814	0.12747793066068933	0.1	not_passed	0	nan	0.05	not_tested	not_passed	TRUE	TRUE
seed417	dominant_mean_ploidy	S1	513	2814	2814	0.053352326342529066	0.1	passed	0	nan	0.05	not_tested	resolution_not_tested	TRUE	TRUE
seed417	dominant_mean_ploidy	ST	513	2814	2814	0.22417065809000689	0.1	not_passed	0	nan	0.05	not_tested	not_passed	TRUE	TRUE
seed417	dominant_growth_rate	S1	513	2814	2814	0.05822678478877151	0.1	passed	0	nan	0.05	not_tested	resolution_not_tested	TRUE	TRUE
seed417	dominant_growth_rate	ST	513	2814	2814	0.07660746272771544	0.1	passed	0	nan	0.05	not_tested	resolution_not_tested	TRUE	TRUE
seed418	dominant_mean_ploidy	S1	513	2814	2814	0.06280422013063339	0.1	passed	0	nan	0.05	not_tested	resolution_not_tested	TRUE	TRUE
seed418	dominant_mean_ploidy	ST	513	2814	2814	0.1844276026566242	0.1	not_passed	0	nan	0.05	not_tested	not_passed	TRUE	TRUE
seed418	dominant_growth_rate	S1	513	2814	2814	0.08150675942090546	0.1	passed	0	nan	0.05	not_tested	resolution_not_tested	TRUE	TRUE
seed418	dominant_growth_rate	ST	513	2814	2814	0.10121060157561497	0.1	not_passed	0	nan	0.05	not_tested	not_passed	TRUE	TRUE
seed419	dominant_mean_ploidy	S1	513	2814	2814	0.02374426376355534	0.1	passed	0	nan	0.05	not_tested	resolution_not_tested	TRUE	TRUE
seed419	dominant_mean_ploidy	ST	513	2814	2814	0.17045822965180119	0.1	not_passed	0	nan	0.05	not_tested	not_passed	TRUE	TRUE
seed419	dominant_growth_rate	S1	513	2814	2814	0.04603774182200742	0.1	passed	0	nan	0.05	not_tested	resolution_not_tested	TRUE	TRUE
seed419	dominant_growth_rate	ST	513	2814	2814	0.04570845534163182	0.1	passed	0	nan	0.05	not_tested	resolution_not_tested	TRUE	TRUE
seed420	dominant_mean_ploidy	S1	513	2814	2814	0.012842692187298175	0.1	passed	0	nan	0.05	not_tested	resolution_not_tested	TRUE	TRUE
seed420	dominant_mean_ploidy	ST	513	2814	2814	0.05769430156169899	0.1	passed	0	nan	0.05	not_tested	resolution_not_tested	TRUE	TRUE
seed420	dominant_growth_rate	S1	513	2814	2814	0.017290161470415864	0.1	passed	0	nan	0.05	not_tested	resolution_not_tested	TRUE	TRUE
seed420	dominant_growth_rate	ST	513	2814	2814	0.01827413960970123	0.1	passed	0	nan	0.05	not_tested	resolution_not_tested	TRUE	TRUE
seed421	dominant_mean_ploidy	S1	513	2814	2814	0.002238333198758402	0.1	passed	0	nan	0.05	not_tested	resolution_not_tested	TRUE	TRUE
seed421	dominant_mean_ploidy	ST	513	2814	2814	0.0036446868115188272	0.1	passed	0	nan	0.05	not_tested	resolution_not_tested	TRUE	TRUE
seed421	dominant_growth_rate	S1	513	2814	2814	0.0019336294085364081	0.1	passed	0	nan	0.05	not_tested	resolution_not_tested	TRUE	TRUE
seed421	dominant_growth_rate	ST	513	2814	2814	0.0027319081215079945	0.1	passed	0	nan	0.05	not_tested	resolution_not_tested	TRUE	TRUE
seed422	dominant_mean_ploidy	S1	513	2814	2814	0.0451736346304356	0.1	passed	0	nan	0.05	not_tested	resolution_not_tested	TRUE	TRUE
seed422	dominant_mean_ploidy	ST	513	2814	2814	0.17614657956103882	0.1	not_passed	0	nan	0.05	not_tested	not_passed	TRUE	TRUE
seed422	dominant_growth_rate	S1	513	2814	2814	0.041838613152042924	0.1	passed	0	nan	0.05	not_tested	resolution_not_tested	TRUE	TRUE
seed422	dominant_growth_rate	ST	513	2814	2814	0.05790288074264283	0.1	passed	0	nan	0.05	not_tested	resolution_not_tested	TRUE	TRUE
seed423	dominant_mean_ploidy	S1	513	2814	2814	0.027517195587988333	0.1	passed	0	nan	0.05	not_tested	resolution_not_tested	TRUE	TRUE
seed423	dominant_mean_ploidy	ST	513	2814	2814	0.1727509772543324	0.1	not_passed	0	nan	0.05	not_tested	not_passed	TRUE	TRUE
seed423	dominant_growth_rate	S1	513	2814	2814	0.03483097002483741	0.1	passed	0	nan	0.05	not_tested	resolution_not_tested	TRUE	TRUE
seed423	dominant_growth_rate	ST	513	2814	2814	0.04589638000254668	0.1	passed	0	nan	0.05	not_tested	resolution_not_tested	TRUE	TRUE
seed424	dominant_mean_ploidy	S1	513	2814	2814	0.029176786691831984	0.1	passed	0	nan	0.05	not_tested	resolution_not_tested	TRUE	TRUE
seed424	dominant_mean_ploidy	ST	513	2814	2814	0.10683047869940845	0.1	not_passed	0	nan	0.05	not_tested	not_passed	TRUE	TRUE
seed424	dominant_growth_rate	S1	513	2814	2814	0.026789475440499453	0.1	passed	0	nan	0.05	not_tested	resolution_not_tested	TRUE	TRUE
seed424	dominant_growth_rate	ST	513	2814	2814	0.0329288563965539	0.1	passed	0	nan	0.05	not_tested	resolution_not_tested	TRUE	TRUE
seed425	dominant_mean_ploidy	S1	513	2814	2814	0.03286014549542841	0.1	passed	0	nan	0.05	not_tested	resolution_not_tested	TRUE	TRUE
seed425	dominant_mean_ploidy	ST	513	2814	2814	0.06813418556708536	0.1	passed	0	nan	0.05	not_tested	resolution_not_tested	TRUE	TRUE
seed425	dominant_growth_rate	S1	513	2814	2814	0.03712500208472269	0.1	passed	0	nan	0.05	not_tested	resolution_not_tested	TRUE	TRUE
seed425	dominant_growth_rate	ST	513	2814	2814	0.05842422945874896	0.1	passed	0	nan	0.05	not_tested	resolution_not_tested	TRUE	TRUE
seed426	dominant_mean_ploidy	S1	513	2814	2814	0.04779220547173272	0.1	passed	0	nan	0.05	not_tested	resolution_not_tested	TRUE	TRUE
seed426	dominant_mean_ploidy	ST	513	2814	2814	0.11832599125076355	0.1	not_passed	0	nan	0.05	not_tested	not_passed	TRUE	TRUE
seed426	dominant_growth_rate	S1	513	2814	2814	0.05098032124441498	0.1	passed	0	nan	0.05	not_tested	resolution_not_tested	TRUE	TRUE
seed426	dominant_growth_rate	ST	513	2814	2814	0.07267789007651852	0.1	passed	0	nan	0.05	not_tested	resolution_not_tested	TRUE	TRUE
seed427	dominant_mean_ploidy	S1	513	2814	2814	0.019828315270590896	0.1	passed	0	nan	0.05	not_tested	resolution_not_tested	TRUE	TRUE
seed427	dominant_mean_ploidy	ST	513	2814	2814	0.0953953694658181	0.1	passed	0	nan	0.05	not_tested	resolution_not_tested	TRUE	TRUE
seed427	dominant_growth_rate	S1	513	2814	2814	0.01165098615014378	0.1	passed	0	nan	0.05	not_tested	resolution_not_tested	TRUE	TRUE
seed427	dominant_growth_rate	ST	513	2814	2814	0.015557927570427952	0.1	passed	0	nan	0.05	not_tested	resolution_not_tested	TRUE	TRUE
seed428	dominant_mean_ploidy	S1	513	2814	2814	0.012087685583737549	0.1	passed	0	nan	0.05	not_tested	resolution_not_tested	TRUE	TRUE
seed428	dominant_mean_ploidy	ST	513	2814	2814	0.09812019125388699	0.1	passed	0	nan	0.05	not_tested	resolution_not_tested	TRUE	TRUE
seed428	dominant_growth_rate	S1	513	2814	2814	0.010368402927713146	0.1	passed	0	nan	0.05	not_tested	resolution_not_tested	TRUE	TRUE
seed428	dominant_growth_rate	ST	513	2814	2814	0.010918469952905215	0.1	passed	0	nan	0.05	not_tested	resolution_not_tested	TRUE	TRUE
seed429	dominant_mean_ploidy	S1	513	2814	2814	0.010705283253302141	0.1	passed	0	nan	0.05	not_tested	resolution_not_tested	TRUE	TRUE
seed429	dominant_mean_ploidy	ST	513	2814	2814	0.013058649155593566	0.1	passed	0	nan	0.05	not_tested	resolution_not_tested	TRUE	TRUE
seed429	dominant_growth_rate	S1	513	2814	2814	0.019040721774312753	0.1	passed	0	nan	0.05	not_tested	resolution_not_tested	TRUE	TRUE
seed429	dominant_growth_rate	ST	513	2814	2814	0.020039909460729963	0.1	passed	0	nan	0.05	not_tested	resolution_not_tested	TRUE	TRUE
seed430	dominant_mean_ploidy	S1	513	2814	2814	0.04110608715974337	0.1	passed	0	nan	0.05	not_tested	resolution_not_tested	TRUE	TRUE
seed430	dominant_mean_ploidy	ST	513	2814	2814	0.15161146373133524	0.1	not_passed	0	nan	0.05	not_tested	not_passed	TRUE	TRUE
seed430	dominant_growth_rate	S1	513	2814	2814	0.03465000929127964	0.1	passed	0	nan	0.05	not_tested	resolution_not_tested	TRUE	TRUE
seed430	dominant_growth_rate	ST	513	2814	2814	0.039617449405726604	0.1	passed	0	nan	0.05	not_tested	resolution_not_tested	TRUE	TRUE
seed431	dominant_mean_ploidy	S1	513	2814	2814	0.013098547928425706	0.1	passed	0	nan	0.05	not_tested	resolution_not_tested	TRUE	TRUE
seed431	dominant_mean_ploidy	ST	513	2814	2814	0.12544177010541308	0.1	not_passed	0	nan	0.05	not_tested	not_passed	TRUE	TRUE
seed431	dominant_growth_rate	S1	513	2814	2814	0.014353013041195968	0.1	passed	0	nan	0.05	not_tested	resolution_not_tested	TRUE	TRUE
seed431	dominant_growth_rate	ST	513	2814	2814	0.015490984262967578	0.1	passed	0	nan	0.05	not_tested	resolution_not_tested	TRUE	TRUE
seed432	dominant_mean_ploidy	S1	513	2814	2814	0.0320794874976149	0.1	passed	0	nan	0.05	not_tested	resolution_not_tested	TRUE	TRUE
seed432	dominant_mean_ploidy	ST	513	2814	2814	0.1119224567921269	0.1	not_passed	0	nan	0.05	not_tested	not_passed	TRUE	TRUE
seed432	dominant_growth_rate	S1	513	2814	2814	0.056929237334504765	0.1	passed	0	nan	0.05	not_tested	resolution_not_tested	TRUE	TRUE
seed432	dominant_growth_rate	ST	513	2814	2814	0.07585517160786193	0.1	passed	0	nan	0.05	not_tested	resolution_not_tested	TRUE	TRUE
seed433	dominant_mean_ploidy	S1	513	2814	2814	0.05608622770134062	0.1	passed	0	nan	0.05	not_tested	resolution_not_tested	TRUE	TRUE
seed433	dominant_mean_ploidy	ST	513	2814	2814	0.15467894637987892	0.1	not_passed	0	nan	0.05	not_tested	not_passed	TRUE	TRUE
seed433	dominant_growth_rate	S1	513	2814	2814	0.043816911339946	0.1	passed	0	nan	0.05	not_tested	resolution_not_tested	TRUE	TRUE
seed433	dominant_growth_rate	ST	513	2814	2814	0.058045152591405386	0.1	passed	0	nan	0.05	not_tested	resolution_not_tested	TRUE	TRUE
seed434	dominant_mean_ploidy	S1	513	2814	2814	0.05781274255264254	0.1	passed	0	nan	0.05	not_tested	resolution_not_tested	TRUE	TRUE
seed434	dominant_mean_ploidy	ST	513	2814	2814	0.19725239453045373	0.1	not_passed	0	nan	0.05	not_tested	not_passed	TRUE	TRUE
seed434	dominant_growth_rate	S1	513	2814	2814	0.033288502981699365	0.1	passed	0	nan	0.05	not_tested	resolution_not_tested	TRUE	TRUE
seed434	dominant_growth_rate	ST	513	2814	2814	0.07892340587435775	0.1	passed	0	nan	0.05	not_tested	resolution_not_tested	TRUE	TRUE
seed435	dominant_mean_ploidy	S1	513	2814	2814	0.03467250505993116	0.1	passed	0	nan	0.05	not_tested	resolution_not_tested	TRUE	TRUE
seed435	dominant_mean_ploidy	ST	513	2814	2814	0.11013656276464012	0.1	not_passed	0	nan	0.05	not_tested	not_passed	TRUE	TRUE
seed435	dominant_growth_rate	S1	513	2814	2814	0.04998070376875535	0.1	passed	0	nan	0.05	not_tested	resolution_not_tested	TRUE	TRUE
seed435	dominant_growth_rate	ST	513	2814	2814	0.0634097323117381	0.1	passed	0	nan	0.05	not_tested	resolution_not_tested	TRUE	TRUE
seed436	dominant_mean_ploidy	S1	513	2814	2814	0.05290203991957827	0.1	passed	0	nan	0.05	not_tested	resolution_not_tested	TRUE	TRUE
seed436	dominant_mean_ploidy	ST	513	2814	2814	0.18226751216196077	0.1	not_passed	0	nan	0.05	not_tested	not_passed	TRUE	TRUE
seed436	dominant_growth_rate	S1	513	2814	2814	0.026709076734624276	0.1	passed	0	nan	0.05	not_tested	resolution_not_tested	TRUE	TRUE
seed436	dominant_growth_rate	ST	513	2814	2814	0.036973191646246455	0.1	passed	0	nan	0.05	not_tested	resolution_not_tested	TRUE	TRUE
seed437	dominant_mean_ploidy	S1	513	2814	2814	0.05849573375708395	0.1	passed	0	nan	0.05	not_tested	resolution_not_tested	TRUE	TRUE
seed437	dominant_mean_ploidy	ST	513	2814	2814	0.14443774135656878	0.1	not_passed	0	nan	0.05	not_tested	not_passed	TRUE	TRUE
seed437	dominant_growth_rate	S1	513	2814	2814	0.045249284585110815	0.1	passed	0	nan	0.05	not_tested	resolution_not_tested	TRUE	TRUE
seed437	dominant_growth_rate	ST	513	2814	2814	0.04981324583160421	0.1	passed	0	nan	0.05	not_tested	resolution_not_tested	TRUE	TRUE
seed438	dominant_mean_ploidy	S1	513	2814	2814	0.063330626376176	0.1	passed	0	nan	0.05	not_tested	resolution_not_tested	TRUE	TRUE
seed438	dominant_mean_ploidy	ST	513	2814	2814	0.20098552424823976	0.1	not_passed	0	nan	0.05	not_tested	not_passed	TRUE	TRUE
seed438	dominant_growth_rate	S1	513	2814	2814	0.0382457000744972	0.1	passed	0	nan	0.05	not_tested	resolution_not_tested	TRUE	TRUE
seed438	dominant_growth_rate	ST	513	2814	2814	0.05825981018778084	0.1	passed	0	nan	0.05	not_tested	resolution_not_tested	TRUE	TRUE
seed439	dominant_mean_ploidy	S1	513	2814	2814	0.03821154995081238	0.1	passed	0	nan	0.05	not_tested	resolution_not_tested	TRUE	TRUE
seed439	dominant_mean_ploidy	ST	513	2814	2814	0.23661127999278228	0.1	not_passed	0	nan	0.05	not_tested	not_passed	TRUE	TRUE
seed439	dominant_growth_rate	S1	513	2814	2814	0.0631280007495754	0.1	passed	0	nan	0.05	not_tested	resolution_not_tested	TRUE	TRUE
seed439	dominant_growth_rate	ST	513	2814	2814	0.08132125010084017	0.1	passed	0	nan	0.05	not_tested	resolution_not_tested	TRUE	TRUE
seed440	dominant_mean_ploidy	S1	513	2814	2814	0.07657229975128364	0.1	passed	0	nan	0.05	not_tested	resolution_not_tested	TRUE	TRUE
seed440	dominant_mean_ploidy	ST	513	2814	2814	0.19827123021731188	0.1	not_passed	0	nan	0.05	not_tested	not_passed	TRUE	TRUE
seed440	dominant_growth_rate	S1	513	2814	2814	0.06333884595953379	0.1	passed	0	nan	0.05	not_tested	resolution_not_tested	TRUE	TRUE
seed440	dominant_growth_rate	ST	513	2814	2814	0.07918491074062528	0.1	passed	0	nan	0.05	not_tested	resolution_not_tested	TRUE	TRUE
seed441	dominant_mean_ploidy	S1	513	2814	2814	0.0391648458424878	0.1	passed	0	nan	0.05	not_tested	resolution_not_tested	TRUE	TRUE
seed441	dominant_mean_ploidy	ST	513	2814	2814	0.10701750555776131	0.1	not_passed	0	nan	0.05	not_tested	not_passed	TRUE	TRUE
seed441	dominant_growth_rate	S1	513	2814	2814	0.029315793504272988	0.1	passed	0	nan	0.05	not_tested	resolution_not_tested	TRUE	TRUE
seed441	dominant_growth_rate	ST	513	2814	2814	0.040214633331351064	0.1	passed	0	nan	0.05	not_tested	resolution_not_tested	TRUE	TRUE
seed442	dominant_mean_ploidy	S1	513	2814	2814	0.06288749199061636	0.1	passed	0	nan	0.05	not_tested	resolution_not_tested	TRUE	TRUE
seed442	dominant_mean_ploidy	ST	513	2814	2814	0.2589152572468805	0.1	not_passed	0	nan	0.05	not_tested	not_passed	TRUE	TRUE
seed442	dominant_growth_rate	S1	513	2814	2814	0.1052708142546793	0.1	not_passed	0	nan	0.05	not_tested	not_passed	TRUE	TRUE
seed442	dominant_growth_rate	ST	513	2814	2814	0.18367886492337776	0.1	not_passed	0	nan	0.05	not_tested	not_passed	TRUE	TRUE
seed443	dominant_mean_ploidy	S1	513	2814	2814	0.016246002947301785	0.1	passed	0	nan	0.05	not_tested	resolution_not_tested	TRUE	TRUE
seed443	dominant_mean_ploidy	ST	513	2814	2814	0.12467216077966284	0.1	not_passed	0	nan	0.05	not_tested	not_passed	TRUE	TRUE
seed443	dominant_growth_rate	S1	513	2814	2814	0.01524614168915309	0.1	passed	0	nan	0.05	not_tested	resolution_not_tested	TRUE	TRUE
seed443	dominant_growth_rate	ST	513	2814	2814	0.01815599877575458	0.1	passed	0	nan	0.05	not_tested	resolution_not_tested	TRUE	TRUE
seed444	dominant_mean_ploidy	S1	513	2814	2814	0.029949234843904347	0.1	passed	0	nan	0.05	not_tested	resolution_not_tested	TRUE	TRUE
seed444	dominant_mean_ploidy	ST	513	2814	2814	0.11778661161068604	0.1	not_passed	0	nan	0.05	not_tested	not_passed	TRUE	TRUE
seed444	dominant_growth_rate	S1	513	2814	2814	0.055843508794403994	0.1	passed	0	nan	0.05	not_tested	resolution_not_tested	TRUE	TRUE
seed444	dominant_growth_rate	ST	513	2814	2814	0.07136669939836046	0.1	passed	0	nan	0.05	not_tested	resolution_not_tested	TRUE	TRUE
seed445	dominant_mean_ploidy	S1	513	2814	2814	0.0732435226572634	0.1	passed	0	nan	0.05	not_tested	resolution_not_tested	TRUE	TRUE
seed445	dominant_mean_ploidy	ST	513	2814	2814	0.1840887372493555	0.1	not_passed	0	nan	0.05	not_tested	not_passed	TRUE	TRUE
seed445	dominant_growth_rate	S1	513	2814	2814	0.03701496214809837	0.1	passed	0	nan	0.05	not_tested	resolution_not_tested	TRUE	TRUE
seed445	dominant_growth_rate	ST	513	2814	2814	0.06767090139498315	0.1	passed	0	nan	0.05	not_tested	resolution_not_tested	TRUE	TRUE
seed446	dominant_mean_ploidy	S1	513	2814	2814	0.04503025289987223	0.1	passed	0	nan	0.05	not_tested	resolution_not_tested	TRUE	TRUE
seed446	dominant_mean_ploidy	ST	513	2814	2814	0.14317629567741313	0.1	not_passed	0	nan	0.05	not_tested	not_passed	TRUE	TRUE
seed446	dominant_growth_rate	S1	513	2814	2814	0.041688829013876876	0.1	passed	0	nan	0.05	not_tested	resolution_not_tested	TRUE	TRUE
seed446	dominant_growth_rate	ST	513	2814	2814	0.05171995951888226	0.1	passed	0	nan	0.05	not_tested	resolution_not_tested	TRUE	TRUE
seed447	dominant_mean_ploidy	S1	513	2814	2814	0.03674297926150568	0.1	passed	0	nan	0.05	not_tested	resolution_not_tested	TRUE	TRUE
seed447	dominant_mean_ploidy	ST	513	2814	2814	0.13136067217757538	0.1	not_passed	0	nan	0.05	not_tested	not_passed	TRUE	TRUE
seed447	dominant_growth_rate	S1	513	2814	2814	0.04896569774304924	0.1	passed	0	nan	0.05	not_tested	resolution_not_tested	TRUE	TRUE
seed447	dominant_growth_rate	ST	513	2814	2814	0.06891941310901802	0.1	passed	0	nan	0.05	not_tested	resolution_not_tested	TRUE	TRUE
seed448	dominant_mean_ploidy	S1	513	2814	2814	0.04845293631931463	0.1	passed	0	nan	0.05	not_tested	resolution_not_tested	TRUE	TRUE
seed448	dominant_mean_ploidy	ST	513	2814	2814	0.1872019630177864	0.1	not_passed	0	nan	0.05	not_tested	not_passed	TRUE	TRUE
seed448	dominant_growth_rate	S1	513	2814	2814	0.03007679682547469	0.1	passed	0	nan	0.05	not_tested	resolution_not_tested	TRUE	TRUE
seed448	dominant_growth_rate	ST	513	2814	2814	0.03783200726871621	0.1	passed	0	nan	0.05	not_tested	resolution_not_tested	TRUE	TRUE
seed449	dominant_mean_ploidy	S1	513	2814	2814	0.04324776981077068	0.1	passed	0	nan	0.05	not_tested	resolution_not_tested	TRUE	TRUE
seed449	dominant_mean_ploidy	ST	513	2814	2814	0.15657238850406915	0.1	not_passed	0	nan	0.05	not_tested	not_passed	TRUE	TRUE
seed449	dominant_growth_rate	S1	513	2814	2814	0.048163294456054044	0.1	passed	0	nan	0.05	not_tested	resolution_not_tested	TRUE	TRUE
seed449	dominant_growth_rate	ST	513	2814	2814	0.057382130715854636	0.1	passed	0	nan	0.05	not_tested	resolution_not_tested	TRUE	TRUE
seed450	dominant_mean_ploidy	S1	513	2814	2814	0.07120052413388028	0.1	passed	0	nan	0.05	not_tested	resolution_not_tested	TRUE	TRUE
seed450	dominant_mean_ploidy	ST	513	2814	2814	0.20934565949510844	0.1	not_passed	0	nan	0.05	not_tested	not_passed	TRUE	TRUE
seed450	dominant_growth_rate	S1	513	2814	2814	0.0603176662430331	0.1	passed	0	nan	0.05	not_tested	resolution_not_tested	TRUE	TRUE
seed450	dominant_growth_rate	ST	513	2814	2814	0.08453328866655896	0.1	passed	0	nan	0.05	not_tested	resolution_not_tested	TRUE	TRUE
seed451	dominant_mean_ploidy	S1	513	2814	2814	0.025583327038508227	0.1	passed	0	nan	0.05	not_tested	resolution_not_tested	TRUE	TRUE
seed451	dominant_mean_ploidy	ST	513	2814	2814	0.08632312420528461	0.1	passed	0	nan	0.05	not_tested	resolution_not_tested	TRUE	TRUE
seed451	dominant_growth_rate	S1	513	2814	2814	0.03202751199534361	0.1	passed	0	nan	0.05	not_tested	resolution_not_tested	TRUE	TRUE
seed451	dominant_growth_rate	ST	513	2814	2814	0.04287822778556573	0.1	passed	0	nan	0.05	not_tested	resolution_not_tested	TRUE	TRUE
seed452	dominant_mean_ploidy	S1	513	2814	2814	0.05377363731423895	0.1	passed	0	nan	0.05	not_tested	resolution_not_tested	TRUE	TRUE
seed452	dominant_mean_ploidy	ST	513	2814	2814	0.2245361378600462	0.1	not_passed	0	nan	0.05	not_tested	not_passed	TRUE	TRUE
seed452	dominant_growth_rate	S1	513	2814	2814	0.025566432457003945	0.1	passed	0	nan	0.05	not_tested	resolution_not_tested	TRUE	TRUE
seed452	dominant_growth_rate	ST	513	2814	2814	0.035108523443962036	0.1	passed	0	nan	0.05	not_tested	resolution_not_tested	TRUE	TRUE
seed453	dominant_mean_ploidy	S1	513	2814	2814	0.04685679362597803	0.1	passed	0	nan	0.05	not_tested	resolution_not_tested	TRUE	TRUE
seed453	dominant_mean_ploidy	ST	513	2814	2814	0.12759725758551685	0.1	not_passed	0	nan	0.05	not_tested	not_passed	TRUE	TRUE
seed453	dominant_growth_rate	S1	513	2814	2814	0.04749857341524949	0.1	passed	0	nan	0.05	not_tested	resolution_not_tested	TRUE	TRUE
seed453	dominant_growth_rate	ST	513	2814	2814	0.0740981546277726	0.1	passed	0	nan	0.05	not_tested	resolution_not_tested	TRUE	TRUE
seed454	dominant_mean_ploidy	S1	513	2814	2814	0.03728024595892248	0.1	passed	0	nan	0.05	not_tested	resolution_not_tested	TRUE	TRUE
seed454	dominant_mean_ploidy	ST	513	2814	2814	0.16007441456651608	0.1	not_passed	0	nan	0.05	not_tested	not_passed	TRUE	TRUE
seed454	dominant_growth_rate	S1	513	2814	2814	0.047390899508919636	0.1	passed	0	nan	0.05	not_tested	resolution_not_tested	TRUE	TRUE
seed454	dominant_growth_rate	ST	513	2814	2814	0.06482810062131744	0.1	passed	0	nan	0.05	not_tested	resolution_not_tested	TRUE	TRUE
seed455	dominant_mean_ploidy	S1	513	2814	2814	0.05534304372779757	0.1	passed	0	nan	0.05	not_tested	resolution_not_tested	TRUE	TRUE
seed455	dominant_mean_ploidy	ST	513	2814	2814	0.16366306351729357	0.1	not_passed	0	nan	0.05	not_tested	not_passed	TRUE	TRUE
seed455	dominant_growth_rate	S1	513	2814	2814	0.021867124134063106	0.1	passed	0	nan	0.05	not_tested	resolution_not_tested	TRUE	TRUE
seed455	dominant_growth_rate	ST	513	2814	2814	0.025867712759140415	0.1	passed	0	nan	0.05	not_tested	resolution_not_tested	TRUE	TRUE
seed456	dominant_mean_ploidy	S1	513	2814	2814	0.027699855043081586	0.1	passed	0	nan	0.05	not_tested	resolution_not_tested	TRUE	TRUE
seed456	dominant_mean_ploidy	ST	513	2814	2814	0.10182027013513806	0.1	not_passed	0	nan	0.05	not_tested	not_passed	TRUE	TRUE
seed456	dominant_growth_rate	S1	513	2814	2814	0.02210352771017751	0.1	passed	0	nan	0.05	not_tested	resolution_not_tested	TRUE	TRUE
seed456	dominant_growth_rate	ST	513	2814	2814	0.026190553218734675	0.1	passed	0	nan	0.05	not_tested	resolution_not_tested	TRUE	TRUE
seed457	dominant_mean_ploidy	S1	513	2814	2814	0.01008727265245577	0.1	passed	0	nan	0.05	not_tested	resolution_not_tested	TRUE	TRUE
seed457	dominant_mean_ploidy	ST	513	2814	2814	0.0471716691172506	0.1	passed	0	nan	0.05	not_tested	resolution_not_tested	TRUE	TRUE
seed457	dominant_growth_rate	S1	513	2814	2814	0.03517676958340695	0.1	passed	0	nan	0.05	not_tested	resolution_not_tested	TRUE	TRUE
seed457	dominant_growth_rate	ST	513	2814	2814	0.05583734799293543	0.1	passed	0	nan	0.05	not_tested	resolution_not_tested	TRUE	TRUE
seed458	dominant_mean_ploidy	S1	513	2814	2814	0.05916271046975766	0.1	passed	0	nan	0.05	not_tested	resolution_not_tested	TRUE	TRUE
seed458	dominant_mean_ploidy	ST	513	2814	2814	0.21761210042592902	0.1	not_passed	0	nan	0.05	not_tested	not_passed	TRUE	TRUE
seed458	dominant_growth_rate	S1	513	2814	2814	0.07114976086543853	0.1	passed	0	nan	0.05	not_tested	resolution_not_tested	TRUE	TRUE
seed458	dominant_growth_rate	ST	513	2814	2814	0.08993328780886248	0.1	passed	0	nan	0.05	not_tested	resolution_not_tested	TRUE	TRUE
seed459	dominant_mean_ploidy	S1	513	2814	2814	0.03649795542704112	0.1	passed	0	nan	0.05	not_tested	resolution_not_tested	TRUE	TRUE
seed459	dominant_mean_ploidy	ST	513	2814	2814	0.09600051281358489	0.1	passed	0	nan	0.05	not_tested	resolution_not_tested	TRUE	TRUE
seed459	dominant_growth_rate	S1	513	2814	2814	0.04710817981344955	0.1	passed	0	nan	0.05	not_tested	resolution_not_tested	TRUE	TRUE
seed459	dominant_growth_rate	ST	513	2814	2814	0.06364086977507867	0.1	passed	0	nan	0.05	not_tested	resolution_not_tested	TRUE	TRUE
seed460	dominant_mean_ploidy	S1	513	2814	2814	0.032673276477763843	0.1	passed	0	nan	0.05	not_tested	resolution_not_tested	TRUE	TRUE
seed460	dominant_mean_ploidy	ST	513	2814	2814	0.24830140458309932	0.1	not_passed	0	nan	0.05	not_tested	not_passed	TRUE	TRUE
seed460	dominant_growth_rate	S1	513	2814	2814	0.04745084680835176	0.1	passed	0	nan	0.05	not_tested	resolution_not_tested	TRUE	TRUE
seed460	dominant_growth_rate	ST	513	2814	2814	0.06607465366791533	0.1	passed	0	nan	0.05	not_tested	resolution_not_tested	TRUE	TRUE
seed461	dominant_mean_ploidy	S1	513	2814	2814	0.07384768021540003	0.1	passed	0	nan	0.05	not_tested	resolution_not_tested	TRUE	TRUE
seed461	dominant_mean_ploidy	ST	513	2814	2814	0.1878818270102864	0.1	not_passed	0	nan	0.05	not_tested	not_passed	TRUE	TRUE
seed461	dominant_growth_rate	S1	513	2814	2814	0.04300639787522706	0.1	passed	0	nan	0.05	not_tested	resolution_not_tested	TRUE	TRUE
seed461	dominant_growth_rate	ST	513	2814	2814	0.05611122760456436	0.1	passed	0	nan	0.05	not_tested	resolution_not_tested	TRUE	TRUE
seed462	dominant_mean_ploidy	S1	513	2814	2814	0.02997058329149762	0.1	passed	0	nan	0.05	not_tested	resolution_not_tested	TRUE	TRUE
seed462	dominant_mean_ploidy	ST	513	2814	2814	0.10057887334400716	0.1	not_passed	0	nan	0.05	not_tested	not_passed	TRUE	TRUE
seed462	dominant_growth_rate	S1	513	2814	2814	0.06182125550624982	0.1	passed	0	nan	0.05	not_tested	resolution_not_tested	TRUE	TRUE
seed462	dominant_growth_rate	ST	513	2814	2814	0.07499095689001141	0.1	passed	0	nan	0.05	not_tested	resolution_not_tested	TRUE	TRUE
seed463	dominant_mean_ploidy	S1	513	2814	2814	0.0424079667426354	0.1	passed	0	nan	0.05	not_tested	resolution_not_tested	TRUE	TRUE
seed463	dominant_mean_ploidy	ST	513	2814	2814	0.21801454272972168	0.1	not_passed	0	nan	0.05	not_tested	not_passed	TRUE	TRUE
seed463	dominant_growth_rate	S1	513	2814	2814	0.035716519768386926	0.1	passed	0	nan	0.05	not_tested	resolution_not_tested	TRUE	TRUE
seed463	dominant_growth_rate	ST	513	2814	2814	0.045517272442890694	0.1	passed	0	nan	0.05	not_tested	resolution_not_tested	TRUE	TRUE
seed464	dominant_mean_ploidy	S1	513	2814	2814	0.08499951565768109	0.1	passed	2814	0.046528382962957276	0.05	passed	passed	TRUE	TRUE
seed464	dominant_mean_ploidy	ST	513	2814	2814	0.2303303893383031	0.1	not_passed	2814	0.17801847650219374	0.05	not_passed	not_passed	TRUE	TRUE
seed464	dominant_growth_rate	S1	513	2814	2814	0.03809770257854337	0.1	passed	2814	0.050459091960386795	0.05	not_passed	not_passed	TRUE	TRUE
seed464	dominant_growth_rate	ST	513	2814	2814	0.05333601346261893	0.1	passed	2814	0.08358822918338901	0.05	not_passed	not_passed	TRUE	TRUE
seed465	dominant_mean_ploidy	S1	513	2814	2814	0.05237021636080123	0.1	passed	0	nan	0.05	not_tested	resolution_not_tested	TRUE	TRUE
seed465	dominant_mean_ploidy	ST	513	2814	2814	0.3103867605695763	0.1	not_passed	0	nan	0.05	not_tested	not_passed	TRUE	TRUE
seed465	dominant_growth_rate	S1	513	2814	2814	0.02896531926777867	0.1	passed	0	nan	0.05	not_tested	resolution_not_tested	TRUE	TRUE
seed465	dominant_growth_rate	ST	513	2814	2814	0.037662147558028304	0.1	passed	0	nan	0.05	not_tested	resolution_not_tested	TRUE	TRUE
seed466	dominant_mean_ploidy	S1	513	2814	2814	0.04059364470234303	0.1	passed	0	nan	0.05	not_tested	resolution_not_tested	TRUE	TRUE
seed466	dominant_mean_ploidy	ST	513	2814	2814	0.14152586892462263	0.1	not_passed	0	nan	0.05	not_tested	not_passed	TRUE	TRUE
seed466	dominant_growth_rate	S1	513	2814	2814	0.030014519315061373	0.1	passed	0	nan	0.05	not_tested	resolution_not_tested	TRUE	TRUE
seed466	dominant_growth_rate	ST	513	2814	2814	0.036825505248771206	0.1	passed	0	nan	0.05	not_tested	resolution_not_tested	TRUE	TRUE
seed467	dominant_mean_ploidy	S1	513	2814	2814	0.03589164795718964	0.1	passed	0	nan	0.05	not_tested	resolution_not_tested	TRUE	TRUE
seed467	dominant_mean_ploidy	ST	513	2814	2814	0.1300198419776938	0.1	not_passed	0	nan	0.05	not_tested	not_passed	TRUE	TRUE
seed467	dominant_growth_rate	S1	513	2814	2814	0.033862263883727	0.1	passed	0	nan	0.05	not_tested	resolution_not_tested	TRUE	TRUE
seed467	dominant_growth_rate	ST	513	2814	2814	0.04925230146915942	0.1	passed	0	nan	0.05	not_tested	resolution_not_tested	TRUE	TRUE
seed468	dominant_mean_ploidy	S1	513	2814	2814	0.06700091926345624	0.1	passed	0	nan	0.05	not_tested	resolution_not_tested	TRUE	TRUE
seed468	dominant_mean_ploidy	ST	513	2814	2814	0.21297263666401678	0.1	not_passed	0	nan	0.05	not_tested	not_passed	TRUE	TRUE
seed468	dominant_growth_rate	S1	513	2814	2814	0.0375648574716295	0.1	passed	0	nan	0.05	not_tested	resolution_not_tested	TRUE	TRUE
seed468	dominant_growth_rate	ST	513	2814	2814	0.06173797501372076	0.1	passed	0	nan	0.05	not_tested	resolution_not_tested	TRUE	TRUE
seed469	dominant_mean_ploidy	S1	513	2814	2814	0.06461354555288455	0.1	passed	0	nan	0.05	not_tested	resolution_not_tested	TRUE	TRUE
seed469	dominant_mean_ploidy	ST	513	2814	2814	0.22427661516398176	0.1	not_passed	0	nan	0.05	not_tested	not_passed	TRUE	TRUE
seed469	dominant_growth_rate	S1	513	2814	2814	0.045982567279347714	0.1	passed	0	nan	0.05	not_tested	resolution_not_tested	TRUE	TRUE
seed469	dominant_growth_rate	ST	513	2814	2814	0.05187816195186952	0.1	passed	0	nan	0.05	not_tested	resolution_not_tested	TRUE	TRUE
seed470	dominant_mean_ploidy	S1	513	2814	2814	0.06124180627801671	0.1	passed	0	nan	0.05	not_tested	resolution_not_tested	TRUE	TRUE
seed470	dominant_mean_ploidy	ST	513	2814	2814	0.2173021134327491	0.1	not_passed	0	nan	0.05	not_tested	not_passed	TRUE	TRUE
seed470	dominant_growth_rate	S1	513	2814	2814	0.06285363717057807	0.1	passed	0	nan	0.05	not_tested	resolution_not_tested	TRUE	TRUE
seed470	dominant_growth_rate	ST	513	2814	2814	0.06715831942647267	0.1	passed	0	nan	0.05	not_tested	resolution_not_tested	TRUE	TRUE
seed471	dominant_mean_ploidy	S1	513	2814	2814	0.060288429814783294	0.1	passed	0	nan	0.05	not_tested	resolution_not_tested	TRUE	TRUE
seed471	dominant_mean_ploidy	ST	513	2814	2814	0.14070654646994804	0.1	not_passed	0	nan	0.05	not_tested	not_passed	TRUE	TRUE
seed471	dominant_growth_rate	S1	513	2814	2814	0.014093040322826166	0.1	passed	0	nan	0.05	not_tested	resolution_not_tested	TRUE	TRUE
seed471	dominant_growth_rate	ST	513	2814	2814	0.038619838825424774	0.1	passed	0	nan	0.05	not_tested	resolution_not_tested	TRUE	TRUE
seed472	dominant_mean_ploidy	S1	513	2814	2814	0.03380184732543151	0.1	passed	0	nan	0.05	not_tested	resolution_not_tested	TRUE	TRUE
seed472	dominant_mean_ploidy	ST	513	2814	2814	0.09790897552357261	0.1	passed	0	nan	0.05	not_tested	resolution_not_tested	TRUE	TRUE
seed472	dominant_growth_rate	S1	513	2814	2814	0.032055495241467634	0.1	passed	0	nan	0.05	not_tested	resolution_not_tested	TRUE	TRUE
seed472	dominant_growth_rate	ST	513	2814	2814	0.03303038516857332	0.1	passed	0	nan	0.05	not_tested	resolution_not_tested	TRUE	TRUE
seed473	dominant_mean_ploidy	S1	513	2814	2814	0.025654036448961345	0.1	passed	0	nan	0.05	not_tested	resolution_not_tested	TRUE	TRUE
seed473	dominant_mean_ploidy	ST	513	2814	2814	0.13956900204783826	0.1	not_passed	0	nan	0.05	not_tested	not_passed	TRUE	TRUE
seed473	dominant_growth_rate	S1	513	2814	2814	0.04059859294807296	0.1	passed	0	nan	0.05	not_tested	resolution_not_tested	TRUE	TRUE
seed473	dominant_growth_rate	ST	513	2814	2814	0.05340132986639169	0.1	passed	0	nan	0.05	not_tested	resolution_not_tested	TRUE	TRUE
seed474	dominant_mean_ploidy	S1	513	2814	2814	0.09293278484859648	0.1	passed	0	nan	0.05	not_tested	resolution_not_tested	TRUE	TRUE
seed474	dominant_mean_ploidy	ST	513	2814	2814	0.24206551912977456	0.1	not_passed	0	nan	0.05	not_tested	not_passed	TRUE	TRUE
seed474	dominant_growth_rate	S1	513	2814	2814	0.027370076590409086	0.1	passed	0	nan	0.05	not_tested	resolution_not_tested	TRUE	TRUE
seed474	dominant_growth_rate	ST	513	2814	2814	0.02888076685300026	0.1	passed	0	nan	0.05	not_tested	resolution_not_tested	TRUE	TRUE
seed475	dominant_mean_ploidy	S1	513	2814	2814	0.038343657968089445	0.1	passed	0	nan	0.05	not_tested	resolution_not_tested	TRUE	TRUE
seed475	dominant_mean_ploidy	ST	513	2814	2814	0.06040584466088716	0.1	passed	0	nan	0.05	not_tested	resolution_not_tested	TRUE	TRUE
seed475	dominant_growth_rate	S1	513	2814	2814	0.0408126650804633	0.1	passed	0	nan	0.05	not_tested	resolution_not_tested	TRUE	TRUE
seed475	dominant_growth_rate	ST	513	2814	2814	0.05481370864295349	0.1	passed	0	nan	0.05	not_tested	resolution_not_tested	TRUE	TRUE
seed476	dominant_mean_ploidy	S1	513	2814	2814	0.07698521128493026	0.1	passed	0	nan	0.05	not_tested	resolution_not_tested	TRUE	TRUE
seed476	dominant_mean_ploidy	ST	513	2814	2814	0.13549541277198796	0.1	not_passed	0	nan	0.05	not_tested	not_passed	TRUE	TRUE
seed476	dominant_growth_rate	S1	513	2814	2814	0.08420843279563654	0.1	passed	0	nan	0.05	not_tested	resolution_not_tested	TRUE	TRUE
seed476	dominant_growth_rate	ST	513	2814	2814	0.11083965512249953	0.1	not_passed	0	nan	0.05	not_tested	not_passed	TRUE	TRUE
seed477	dominant_mean_ploidy	S1	513	2814	2814	0.07803285211732196	0.1	passed	0	nan	0.05	not_tested	resolution_not_tested	TRUE	TRUE
seed477	dominant_mean_ploidy	ST	513	2814	2814	0.16479421843292216	0.1	not_passed	0	nan	0.05	not_tested	not_passed	TRUE	TRUE
seed477	dominant_growth_rate	S1	513	2814	2814	0.049881013968667176	0.1	passed	0	nan	0.05	not_tested	resolution_not_tested	TRUE	TRUE
seed477	dominant_growth_rate	ST	513	2814	2814	0.07237526964186798	0.1	passed	0	nan	0.05	not_tested	resolution_not_tested	TRUE	TRUE
seed478	dominant_mean_ploidy	S1	513	2814	2814	0.010268254393399432	0.1	passed	0	nan	0.05	not_tested	resolution_not_tested	TRUE	TRUE
seed478	dominant_mean_ploidy	ST	513	2814	2814	0.06053994940410874	0.1	passed	0	nan	0.05	not_tested	resolution_not_tested	TRUE	TRUE
seed478	dominant_growth_rate	S1	513	2814	2814	0.010925031813897361	0.1	passed	0	nan	0.05	not_tested	resolution_not_tested	TRUE	TRUE
seed478	dominant_growth_rate	ST	513	2814	2814	0.014711054355022119	0.1	passed	0	nan	0.05	not_tested	resolution_not_tested	TRUE	TRUE
seed479	dominant_mean_ploidy	S1	513	2814	2814	0.028593702725487825	0.1	passed	0	nan	0.05	not_tested	resolution_not_tested	TRUE	TRUE
seed479	dominant_mean_ploidy	ST	513	2814	2814	0.1803195415018616	0.1	not_passed	0	nan	0.05	not_tested	not_passed	TRUE	TRUE
seed479	dominant_growth_rate	S1	513	2814	2814	0.020354686243388567	0.1	passed	0	nan	0.05	not_tested	resolution_not_tested	TRUE	TRUE
seed479	dominant_growth_rate	ST	513	2814	2814	0.025044488817388445	0.1	passed	0	nan	0.05	not_tested	resolution_not_tested	TRUE	TRUE
seed480	dominant_mean_ploidy	S1	513	2814	2814	0.05279863975621746	0.1	passed	0	nan	0.05	not_tested	resolution_not_tested	TRUE	TRUE
seed480	dominant_mean_ploidy	ST	513	2814	2814	0.10894242107663489	0.1	not_passed	0	nan	0.05	not_tested	not_passed	TRUE	TRUE
seed480	dominant_growth_rate	S1	513	2814	2814	0.024496812077376112	0.1	passed	0	nan	0.05	not_tested	resolution_not_tested	TRUE	TRUE
seed480	dominant_growth_rate	ST	513	2814	2814	0.03537726486499101	0.1	passed	0	nan	0.05	not_tested	resolution_not_tested	TRUE	TRUE
seed481	dominant_mean_ploidy	S1	513	2814	2814	0.05727697739041453	0.1	passed	0	nan	0.05	not_tested	resolution_not_tested	TRUE	TRUE
seed481	dominant_mean_ploidy	ST	513	2814	2814	0.4014504410589893	0.1	not_passed	0	nan	0.05	not_tested	not_passed	TRUE	TRUE
seed481	dominant_growth_rate	S1	513	2814	2814	0.0875551385935246	0.1	passed	0	nan	0.05	not_tested	resolution_not_tested	TRUE	TRUE
seed481	dominant_growth_rate	ST	513	2814	2814	0.1340084902320624	0.1	not_passed	0	nan	0.05	not_tested	not_passed	TRUE	TRUE
seed482	dominant_mean_ploidy	S1	513	2814	2814	0.056663464296191526	0.1	passed	0	nan	0.05	not_tested	resolution_not_tested	TRUE	TRUE
seed482	dominant_mean_ploidy	ST	513	2814	2814	0.15835917392425838	0.1	not_passed	0	nan	0.05	not_tested	not_passed	TRUE	TRUE
seed482	dominant_growth_rate	S1	513	2814	2814	0.05723289576722027	0.1	passed	0	nan	0.05	not_tested	resolution_not_tested	TRUE	TRUE
seed482	dominant_growth_rate	ST	513	2814	2814	0.08086401057241716	0.1	passed	0	nan	0.05	not_tested	resolution_not_tested	TRUE	TRUE
seed483	dominant_mean_ploidy	S1	513	2814	2814	0.06036343395262901	0.1	passed	0	nan	0.05	not_tested	resolution_not_tested	TRUE	TRUE
seed483	dominant_mean_ploidy	ST	513	2814	2814	0.15327743542760128	0.1	not_passed	0	nan	0.05	not_tested	not_passed	TRUE	TRUE
seed483	dominant_growth_rate	S1	513	2814	2814	0.05216265848194275	0.1	passed	0	nan	0.05	not_tested	resolution_not_tested	TRUE	TRUE
seed483	dominant_growth_rate	ST	513	2814	2814	0.07759124980466027	0.1	passed	0	nan	0.05	not_tested	resolution_not_tested	TRUE	TRUE
seed484	dominant_mean_ploidy	S1	513	2814	2814	0.06324298778788184	0.1	passed	0	nan	0.05	not_tested	resolution_not_tested	TRUE	TRUE
seed484	dominant_mean_ploidy	ST	513	2814	2814	0.2539474957585393	0.1	not_passed	0	nan	0.05	not_tested	not_passed	TRUE	TRUE
seed484	dominant_growth_rate	S1	513	2814	2814	0.035509937540652715	0.1	passed	0	nan	0.05	not_tested	resolution_not_tested	TRUE	TRUE
seed484	dominant_growth_rate	ST	513	2814	2814	0.04307305647853323	0.1	passed	0	nan	0.05	not_tested	resolution_not_tested	TRUE	TRUE
seed485	dominant_mean_ploidy	S1	513	2814	2814	0.032241200606891084	0.1	passed	0	nan	0.05	not_tested	resolution_not_tested	TRUE	TRUE
seed485	dominant_mean_ploidy	ST	513	2814	2814	0.09429218021105486	0.1	passed	0	nan	0.05	not_tested	resolution_not_tested	TRUE	TRUE
seed485	dominant_growth_rate	S1	513	2814	2814	0.039589272845342034	0.1	passed	0	nan	0.05	not_tested	resolution_not_tested	TRUE	TRUE
seed485	dominant_growth_rate	ST	513	2814	2814	0.06307217753930659	0.1	passed	0	nan	0.05	not_tested	resolution_not_tested	TRUE	TRUE
seed486	dominant_mean_ploidy	S1	513	2814	2814	0.06420500074646841	0.1	passed	0	nan	0.05	not_tested	resolution_not_tested	TRUE	TRUE
seed486	dominant_mean_ploidy	ST	513	2814	2814	0.2665547534457943	0.1	not_passed	0	nan	0.05	not_tested	not_passed	TRUE	TRUE
seed486	dominant_growth_rate	S1	513	2814	2814	0.05111945151126933	0.1	passed	0	nan	0.05	not_tested	resolution_not_tested	TRUE	TRUE
seed486	dominant_growth_rate	ST	513	2814	2814	0.04789796853612084	0.1	passed	0	nan	0.05	not_tested	resolution_not_tested	TRUE	TRUE
seed487	dominant_mean_ploidy	S1	513	2814	2814	0.0448226617301803	0.1	passed	0	nan	0.05	not_tested	resolution_not_tested	TRUE	TRUE
seed487	dominant_mean_ploidy	ST	513	2814	2814	0.14310551867143834	0.1	not_passed	0	nan	0.05	not_tested	not_passed	TRUE	TRUE
seed487	dominant_growth_rate	S1	513	2814	2814	0.061588791471848266	0.1	passed	0	nan	0.05	not_tested	resolution_not_tested	TRUE	TRUE
seed487	dominant_growth_rate	ST	513	2814	2814	0.07259608134411699	0.1	passed	0	nan	0.05	not_tested	resolution_not_tested	TRUE	TRUE
seed488	dominant_mean_ploidy	S1	513	2814	2814	0.0860126681257123	0.1	passed	0	nan	0.05	not_tested	resolution_not_tested	TRUE	TRUE
seed488	dominant_mean_ploidy	ST	513	2814	2814	0.21509994361254997	0.1	not_passed	0	nan	0.05	not_tested	not_passed	TRUE	TRUE
seed488	dominant_growth_rate	S1	513	2814	2814	0.07045817757879985	0.1	passed	0	nan	0.05	not_tested	resolution_not_tested	TRUE	TRUE
seed488	dominant_growth_rate	ST	513	2814	2814	0.09058073065078012	0.1	passed	0	nan	0.05	not_tested	resolution_not_tested	TRUE	TRUE
seed489	dominant_mean_ploidy	S1	513	2814	2814	0.06812506716979565	0.1	passed	0	nan	0.05	not_tested	resolution_not_tested	TRUE	TRUE
seed489	dominant_mean_ploidy	ST	513	2814	2814	0.23060552417985986	0.1	not_passed	0	nan	0.05	not_tested	not_passed	TRUE	TRUE
seed489	dominant_growth_rate	S1	513	2814	2814	0.03050420826192224	0.1	passed	0	nan	0.05	not_tested	resolution_not_tested	TRUE	TRUE
seed489	dominant_growth_rate	ST	513	2814	2814	0.04357305886688525	0.1	passed	0	nan	0.05	not_tested	resolution_not_tested	TRUE	TRUE
seed490	dominant_mean_ploidy	S1	513	2814	2814	0.06692013901203019	0.1	passed	0	nan	0.05	not_tested	resolution_not_tested	TRUE	TRUE
seed490	dominant_mean_ploidy	ST	513	2814	2814	0.22912961412924057	0.1	not_passed	0	nan	0.05	not_tested	not_passed	TRUE	TRUE
seed490	dominant_growth_rate	S1	513	2814	2814	0.06391922050079209	0.1	passed	0	nan	0.05	not_tested	resolution_not_tested	TRUE	TRUE
seed490	dominant_growth_rate	ST	513	2814	2814	0.08767138367610935	0.1	passed	0	nan	0.05	not_tested	resolution_not_tested	TRUE	TRUE
seed491	dominant_mean_ploidy	S1	513	2814	2814	0.03928255795671793	0.1	passed	0	nan	0.05	not_tested	resolution_not_tested	TRUE	TRUE
seed491	dominant_mean_ploidy	ST	513	2814	2814	0.14497569064531796	0.1	not_passed	0	nan	0.05	not_tested	not_passed	TRUE	TRUE
seed491	dominant_growth_rate	S1	513	2814	2814	0.02442973238389652	0.1	passed	0	nan	0.05	not_tested	resolution_not_tested	TRUE	TRUE
seed491	dominant_growth_rate	ST	513	2814	2814	0.02924041874498257	0.1	passed	0	nan	0.05	not_tested	resolution_not_tested	TRUE	TRUE
seed492	dominant_mean_ploidy	S1	513	2814	2814	0.05964447962552295	0.1	passed	0	nan	0.05	not_tested	resolution_not_tested	TRUE	TRUE
seed492	dominant_mean_ploidy	ST	513	2814	2814	0.23975831004959566	0.1	not_passed	0	nan	0.05	not_tested	not_passed	TRUE	TRUE
seed492	dominant_growth_rate	S1	513	2814	2814	0.03392520214495323	0.1	passed	0	nan	0.05	not_tested	resolution_not_tested	TRUE	TRUE
seed492	dominant_growth_rate	ST	513	2814	2814	0.0574986709557633	0.1	passed	0	nan	0.05	not_tested	resolution_not_tested	TRUE	TRUE
seed493	dominant_mean_ploidy	S1	513	2814	2814	0.05168820695674555	0.1	passed	0	nan	0.05	not_tested	resolution_not_tested	TRUE	TRUE
seed493	dominant_mean_ploidy	ST	513	2814	2814	0.1382455295916528	0.1	not_passed	0	nan	0.05	not_tested	not_passed	TRUE	TRUE
seed493	dominant_growth_rate	S1	513	2814	2814	0.028139942385619603	0.1	passed	0	nan	0.05	not_tested	resolution_not_tested	TRUE	TRUE
seed493	dominant_growth_rate	ST	513	2814	2814	0.04669923669457012	0.1	passed	0	nan	0.05	not_tested	resolution_not_tested	TRUE	TRUE
seed494	dominant_mean_ploidy	S1	513	2814	2814	0.039190282830352995	0.1	passed	0	nan	0.05	not_tested	resolution_not_tested	TRUE	TRUE
seed494	dominant_mean_ploidy	ST	513	2814	2814	0.3331873469904321	0.1	not_passed	0	nan	0.05	not_tested	not_passed	TRUE	TRUE
seed494	dominant_growth_rate	S1	513	2814	2814	0.016851083274640747	0.1	passed	0	nan	0.05	not_tested	resolution_not_tested	TRUE	TRUE
seed494	dominant_growth_rate	ST	513	2814	2814	0.018643302658393493	0.1	passed	0	nan	0.05	not_tested	resolution_not_tested	TRUE	TRUE
seed495	dominant_mean_ploidy	S1	513	2814	2814	0.03957968660996994	0.1	passed	0	nan	0.05	not_tested	resolution_not_tested	TRUE	TRUE
seed495	dominant_mean_ploidy	ST	513	2814	2814	0.22336184439076562	0.1	not_passed	0	nan	0.05	not_tested	not_passed	TRUE	TRUE
seed495	dominant_growth_rate	S1	513	2814	2814	0.05826521687171226	0.1	passed	0	nan	0.05	not_tested	resolution_not_tested	TRUE	TRUE
seed495	dominant_growth_rate	ST	513	2814	2814	0.07032036234714421	0.1	passed	0	nan	0.05	not_tested	resolution_not_tested	TRUE	TRUE
seed496	dominant_mean_ploidy	S1	513	2814	2814	0.04884830209641479	0.1	passed	0	nan	0.05	not_tested	resolution_not_tested	TRUE	TRUE
seed496	dominant_mean_ploidy	ST	513	2814	2814	0.12266705248425501	0.1	not_passed	0	nan	0.05	not_tested	not_passed	TRUE	TRUE
seed496	dominant_growth_rate	S1	513	2814	2814	0.04029029043232801	0.1	passed	0	nan	0.05	not_tested	resolution_not_tested	TRUE	TRUE
seed496	dominant_growth_rate	ST	513	2814	2814	0.060594214583886544	0.1	passed	0	nan	0.05	not_tested	resolution_not_tested	TRUE	TRUE
seed497	dominant_mean_ploidy	S1	513	2814	2814	0.06501906328765869	0.1	passed	0	nan	0.05	not_tested	resolution_not_tested	TRUE	TRUE
seed497	dominant_mean_ploidy	ST	513	2814	2814	0.22699966239420422	0.1	not_passed	0	nan	0.05	not_tested	not_passed	TRUE	TRUE
seed497	dominant_growth_rate	S1	513	2814	2814	0.047956461056460974	0.1	passed	0	nan	0.05	not_tested	resolution_not_tested	TRUE	TRUE
seed497	dominant_growth_rate	ST	513	2814	2814	0.06490536119417945	0.1	passed	0	nan	0.05	not_tested	resolution_not_tested	TRUE	TRUE
seed498	dominant_mean_ploidy	S1	513	2814	2814	0.04654003027368735	0.1	passed	0	nan	0.05	not_tested	resolution_not_tested	TRUE	TRUE
seed498	dominant_mean_ploidy	ST	513	2814	2814	0.14924306445459026	0.1	not_passed	0	nan	0.05	not_tested	not_passed	TRUE	TRUE
seed498	dominant_growth_rate	S1	513	2814	2814	0.02773852666942533	0.1	passed	0	nan	0.05	not_tested	resolution_not_tested	TRUE	TRUE
seed498	dominant_growth_rate	ST	513	2814	2814	0.03617844373194001	0.1	passed	0	nan	0.05	not_tested	resolution_not_tested	TRUE	TRUE
seed499	dominant_mean_ploidy	S1	513	2814	2814	0.04792970838698071	0.1	passed	0	nan	0.05	not_tested	resolution_not_tested	TRUE	TRUE
seed499	dominant_mean_ploidy	ST	513	2814	2814	0.37203423398657376	0.1	not_passed	0	nan	0.05	not_tested	not_passed	TRUE	TRUE
seed499	dominant_growth_rate	S1	513	2814	2814	0.03663243691145437	0.1	passed	0	nan	0.05	not_tested	resolution_not_tested	TRUE	TRUE
seed499	dominant_growth_rate	ST	513	2814	2814	0.0531402593106407	0.1	passed	0	nan	0.05	not_tested	resolution_not_tested	TRUE	TRUE
seed500	dominant_mean_ploidy	S1	513	2814	2814	0.038672944564785997	0.1	passed	0	nan	0.05	not_tested	resolution_not_tested	TRUE	TRUE
seed500	dominant_mean_ploidy	ST	513	2814	2814	0.1549608198176059	0.1	not_passed	0	nan	0.05	not_tested	not_passed	TRUE	TRUE
seed500	dominant_growth_rate	S1	513	2814	2814	0.022122322605507203	0.1	passed	0	nan	0.05	not_tested	resolution_not_tested	TRUE	TRUE
seed500	dominant_growth_rate	ST	513	2814	2814	0.028865538308220143	0.1	passed	0	nan	0.05	not_tested	resolution_not_tested	TRUE	TRUE
