pair,joint_seed,rank_within_pair,warm_start_invivo_seed,warm_start_invivo_cluster,warm_start_invivo_subcluster,warm_start_invitro_seed,parameter,vivo_natural,vitro_natural,ratio_vivo_to_vitro,abs_delta_over_sigma,welsch_saturation_fraction,penalty_region,penalty_paid,projection_applied,feasible_at_solution
fit_joint_tsne_vi_seed138_C03Sc01_vt_seed10,seed122,1,138,C03,Sc01,10,O2_crit,0.296043037597807,1.51075656041509,0.195956810881871,1.08898405711672,0.999395911126375,saturating,0.07995167289011,False,True
fit_joint_tsne_vi_seed138_C03Sc01_vt_seed10,seed122,1,138,C03,Sc01,10,mu_hp,0.161400185956118,0.005,32.2800371912236,2.32143696372266,0.999999999999998,saturating,0.0799999999999998,False,True
fit_joint_tsne_vi_seed138_C03Sc01_vt_seed10,seed122,1,138,C03,Sc01,10,p_misseg,0.5,0.0105535150770604,47.3775795409458,2.57780441448003,1.0,saturating,0.08,False,True
fit_joint_tsne_vi_seed138_C03Sc01_vt_seed10,seed122,1,138,C03,Sc01,10,k_o_mis,0.0024215018683425,0.0001128986825222,21.4484510735125,2.0483014377518,0.999999999995908,saturating,0.0799999999996727,False,True
fit_joint_tsne_vi_seed138_C03Sc01_vt_seed10,seed122,1,138,C03,Sc01,10,buffer_smax,0.994780507585621,1.0,0.994780507585621,0.0080299883298138,0.0004029232582188,near_quadratic,3.22338606575112e-05,False,True
fit_joint_tsne_vi_seed138_C03Sc01_vt_seed10,seed122,1,138,C03,Sc01,10,buffer_beta,0.0443120341210791,1.59113027351929,0.0278494067132975,2.39259084974667,1.0,saturating,0.08,False,True
fit_joint_tsne_vi_seed138_C03Sc01_vt_seed10,seed122,1,138,C03,Sc01,10,buffer_n_exp,0.233986362749007,3.15756611375965,0.0741033930309076,1.73871062489086,0.999999993773593,saturating,0.0799999995018875,False,True
fit_joint_tsne_vi_seed138_C03Sc01_vt_seed10,seed122,1,138,C03,Sc01,10,n_O,3.24178176126502,1.86857483366499,1.73489533459393,2.11262604246158,0.999999999999232,saturating,0.0799999999999386,False,True
fit_joint_tsne_vi_seed138_C03Sc01_vt_seed10,seed122,1,138,C03,Sc01,10,alpha_o2,3.18987617049993,0.5,6.37975234099986,1.23815972298438,0.999931006404232,saturating,0.0799944805123386,False,True
fit_joint_tsne_vi_seed138_C03Sc01_vt_seed10,seed122,1,138,C03,Sc01,10,gamma_growth,2.24248148487991,1.5,1.49498765658661,1.14227920750755,0.99971270792432,saturating,0.0799770166339456,False,True
fit_joint_tsne_vi_seed138_C03Sc01_vt_seed10,seed122,1,138,C03,Sc01,10,lam_max,0.133774912185916,1.34641182234245,0.0993566084061693,1.54277421815601,0.999999653697027,saturating,0.0799999722957622,False,True
fit_joint_tsne_vi_seed138_C03Sc01_vt_seed10,seed122,1,138,C03,Sc01,10,p_mis_base,1.88663371722364e-05,2.97358074585132e-06,6.34465272165834,1.23447362417601,0.999926962098645,saturating,0.0799941569678917,False,True
fit_joint_tsne_vi_seed138_C03Sc01_vt_seed10,seed122,1,138,C03,Sc01,10,p_wgd,0.0003082760118478,0.0003208881211296,0.960696241302375,0.0267906284003548,0.0044758146162339,near_quadratic,0.0003580651692987,False,True
fit_joint_tsne_vi_seed138_C03Sc01_vt_seed10,seed122,1,138,C03,Sc01,10,gamma_mu,2.86709650984494,1.32328025859447,2.16665856777025,2.37510192500072,1.0,saturating,0.08,False,True
fit_joint_tsne_vi_seed138_C03Sc01_vt_seed10,seed86,2,138,C03,Sc01,10,O2_crit,0.305038038179295,1.5566595353666,0.195956810881871,1.08898405711672,0.999395911126375,saturating,0.07995167289011,False,True
fit_joint_tsne_vi_seed138_C03Sc01_vt_seed10,seed86,2,138,C03,Sc01,10,mu_hp,0.161400185956118,0.005,32.2800371912236,2.32143696372266,0.999999999999998,saturating,0.0799999999999998,False,True
fit_joint_tsne_vi_seed138_C03Sc01_vt_seed10,seed86,2,138,C03,Sc01,10,p_misseg,0.5,0.0105535150770604,47.3775795409458,2.57780441448003,1.0,saturating,0.08,False,True
fit_joint_tsne_vi_seed138_C03Sc01_vt_seed10,seed86,2,138,C03,Sc01,10,k_o_mis,0.0024215018683425,0.0001128986825222,21.4484510735125,2.0483014377518,0.999999999995908,saturating,0.0799999999996727,False,True
fit_joint_tsne_vi_seed138_C03Sc01_vt_seed10,seed86,2,138,C03,Sc01,10,buffer_smax,0.994780507585621,1.0,0.994780507585621,0.0080299883298138,0.0004029232582188,near_quadratic,3.22338606575112e-05,False,True
fit_joint_tsne_vi_seed138_C03Sc01_vt_seed10,seed86,2,138,C03,Sc01,10,buffer_beta,0.0443120341210791,1.59113027351929,0.0278494067132975,2.39259084974667,1.0,saturating,0.08,False,True
fit_joint_tsne_vi_seed138_C03Sc01_vt_seed10,seed86,2,138,C03,Sc01,10,buffer_n_exp,0.233986362749007,3.15756611375965,0.0741033930309076,1.73871062489086,0.999999993773593,saturating,0.0799999995018875,False,True
fit_joint_tsne_vi_seed138_C03Sc01_vt_seed10,seed86,2,138,C03,Sc01,10,n_O,3.24178176126502,1.86857483366499,1.73489533459393,2.11262604246158,0.999999999999232,saturating,0.0799999999999386,False,True
fit_joint_tsne_vi_seed138_C03Sc01_vt_seed10,seed86,2,138,C03,Sc01,10,alpha_o2,3.18987617049993,0.5,6.37975234099986,1.23815972298438,0.999931006404232,saturating,0.0799944805123386,False,True
fit_joint_tsne_vi_seed138_C03Sc01_vt_seed10,seed86,2,138,C03,Sc01,10,gamma_growth,2.24248148487991,1.5,1.49498765658661,1.14227920750755,0.99971270792432,saturating,0.0799770166339456,False,True
fit_joint_tsne_vi_seed138_C03Sc01_vt_seed10,seed86,2,138,C03,Sc01,10,lam_max,0.133983896023196,1.3485151936293,0.0993566084061693,1.54277421815601,0.999999653697027,saturating,0.0799999722957622,False,True
fit_joint_tsne_vi_seed138_C03Sc01_vt_seed10,seed86,2,138,C03,Sc01,10,p_mis_base,4.85202279139004e-05,1.0711024168313e-05,4.52993356671162,1.00937205070335,0.998283897597588,saturating,0.0798627118078071,False,True
fit_joint_tsne_vi_seed138_C03Sc01_vt_seed10,seed86,2,138,C03,Sc01,10,p_wgd,0.000567669916914,0.0004253126985504,1.33471189279957,0.192903892641349,0.207509252776132,near_quadratic,0.0166007402220906,False,True
fit_joint_tsne_vi_seed138_C03Sc01_vt_seed10,seed86,2,138,C03,Sc01,10,gamma_mu,2.70184973425361,1.38532201769978,1.95034057044717,2.02542725623666,0.999999999992675,saturating,0.079999999999414,False,True
fit_joint_tsne_vi_seed138_C03Sc01_vt_seed10,seed180,3,138,C03,Sc01,10,O2_crit,0.302474222113353,1.54357595815179,0.195956810881871,1.08898405711672,0.999395911126375,saturating,0.07995167289011,False,True
fit_joint_tsne_vi_seed138_C03Sc01_vt_seed10,seed180,3,138,C03,Sc01,10,mu_hp,0.161400185956118,0.005,32.2800371912236,2.32143696372266,0.999999999999998,saturating,0.0799999999999998,False,True
fit_joint_tsne_vi_seed138_C03Sc01_vt_seed10,seed180,3,138,C03,Sc01,10,p_misseg,0.5,0.0105535150770604,47.3775795409458,2.57780441448003,1.0,saturating,0.08,False,True
fit_joint_tsne_vi_seed138_C03Sc01_vt_seed10,seed180,3,138,C03,Sc01,10,k_o_mis,0.0024215018683425,0.0001128986825222,21.4484510735125,2.0483014377518,0.999999999995908,saturating,0.0799999999996727,False,True
fit_joint_tsne_vi_seed138_C03Sc01_vt_seed10,seed180,3,138,C03,Sc01,10,buffer_smax,0.994780507585621,1.0,0.994780507585621,0.0080299883298138,0.0004029232582188,near_quadratic,3.22338606575112e-05,False,True
fit_joint_tsne_vi_seed138_C03Sc01_vt_seed10,seed180,3,138,C03,Sc01,10,buffer_beta,0.0443120341210791,1.59113027351929,0.0278494067132975,2.39259084974667,1.0,saturating,0.08,False,True
fit_joint_tsne_vi_seed138_C03Sc01_vt_seed10,seed180,3,138,C03,Sc01,10,buffer_n_exp,0.233986362749007,3.15756611375965,0.0741033930309076,1.73871062489086,0.999999993773593,saturating,0.0799999995018875,False,True
fit_joint_tsne_vi_seed138_C03Sc01_vt_seed10,seed180,3,138,C03,Sc01,10,n_O,3.24178176126502,1.86857483366499,1.73489533459393,2.11262604246158,0.999999999999232,saturating,0.0799999999999386,False,True
fit_joint_tsne_vi_seed138_C03Sc01_vt_seed10,seed180,3,138,C03,Sc01,10,alpha_o2,3.18987617049993,0.5,6.37975234099986,1.23815972298438,0.999931006404232,saturating,0.0799944805123386,False,True
fit_joint_tsne_vi_seed138_C03Sc01_vt_seed10,seed180,3,138,C03,Sc01,10,gamma_growth,2.24248148487991,1.5,1.49498765658661,1.14227920750755,0.99971270792432,saturating,0.0799770166339456,False,True
fit_joint_tsne_vi_seed138_C03Sc01_vt_seed10,seed180,3,138,C03,Sc01,10,lam_max,0.133983896023196,1.3485151936293,0.0993566084061693,1.54277421815601,0.999999653697027,saturating,0.0799999722957622,False,True
fit_joint_tsne_vi_seed138_C03Sc01_vt_seed10,seed180,3,138,C03,Sc01,10,p_mis_base,6.04573383347829e-05,8.59616629101321e-06,7.03305825970206,1.30329879229365,0.9999754837253,saturating,0.079998038698024,False,True
fit_joint_tsne_vi_seed138_C03Sc01_vt_seed10,seed180,3,138,C03,Sc01,10,p_wgd,0.0005795976843145,0.000416560022206,1.39139056418569,0.220690852050191,0.262436303318865,near_quadratic,0.0209949042655092,False,True
fit_joint_tsne_vi_seed138_C03Sc01_vt_seed10,seed180,3,138,C03,Sc01,10,gamma_mu,2.75784910632574,1.42498990767594,1.93534641296063,2.05055261330738,0.999999999996138,saturating,0.079999999999691,False,True
fit_joint_tsne_vi_seed138_C03Sc01_vt_seed10,seed354,4,138,C03,Sc01,10,O2_crit,0.309206587113616,1.57793232969083,0.195956810881871,1.08898405711672,0.999395911126375,saturating,0.07995167289011,False,True
fit_joint_tsne_vi_seed138_C03Sc01_vt_seed10,seed354,4,138,C03,Sc01,10,mu_hp,0.161400185956118,0.005,32.2800371912236,2.32143696372266,0.999999999999998,saturating,0.0799999999999998,False,True
fit_joint_tsne_vi_seed138_C03Sc01_vt_seed10,seed354,4,138,C03,Sc01,10,p_misseg,0.5,0.0105535150770604,47.3775795409458,2.57780441448003,1.0,saturating,0.08,False,True
fit_joint_tsne_vi_seed138_C03Sc01_vt_seed10,seed354,4,138,C03,Sc01,10,k_o_mis,0.0024215018683425,0.0001128986825222,21.4484510735125,2.0483014377518,0.999999999995908,saturating,0.0799999999996727,False,True
fit_joint_tsne_vi_seed138_C03Sc01_vt_seed10,seed354,4,138,C03,Sc01,10,buffer_smax,0.994780507585621,1.0,0.994780507585621,0.0080299883298138,0.0004029232582188,near_quadratic,3.22338606575112e-05,False,True
fit_joint_tsne_vi_seed138_C03Sc01_vt_seed10,seed354,4,138,C03,Sc01,10,buffer_beta,0.0443120341210791,1.59113027351929,0.0278494067132975,2.39259084974667,1.0,saturating,0.08,False,True
fit_joint_tsne_vi_seed138_C03Sc01_vt_seed10,seed354,4,138,C03,Sc01,10,buffer_n_exp,0.233986362749007,3.15756611375965,0.0741033930309076,1.73871062489086,0.999999993773593,saturating,0.0799999995018875,False,True
fit_joint_tsne_vi_seed138_C03Sc01_vt_seed10,seed354,4,138,C03,Sc01,10,n_O,3.24178176126502,1.86857483366499,1.73489533459393,2.11262604246158,0.999999999999232,saturating,0.0799999999999386,False,True
fit_joint_tsne_vi_seed138_C03Sc01_vt_seed10,seed354,4,138,C03,Sc01,10,alpha_o2,3.18987617049993,0.5,6.37975234099986,1.23815972298438,0.999931006404232,saturating,0.0799944805123386,False,True
fit_joint_tsne_vi_seed138_C03Sc01_vt_seed10,seed354,4,138,C03,Sc01,10,gamma_growth,2.24248148487991,1.5,1.49498765658661,1.14227920750755,0.99971270792432,saturating,0.0799770166339456,False,True
fit_joint_tsne_vi_seed138_C03Sc01_vt_seed10,seed354,4,138,C03,Sc01,10,lam_max,0.133983896023196,1.3485151936293,0.0993566084061693,1.54277421815601,0.999999653697027,saturating,0.0799999722957622,False,True
fit_joint_tsne_vi_seed138_C03Sc01_vt_seed10,seed354,4,138,C03,Sc01,10,p_mis_base,4.36697990268037e-05,1.19007035850762e-05,3.66951405138488,0.868628546229119,0.991046602374524,saturating,0.0792837281899619,False,True
fit_joint_tsne_vi_seed138_C03Sc01_vt_seed10,seed354,4,138,C03,Sc01,10,p_wgd,0.0005368724019378,0.0004497106265421,1.19381746894873,0.118366045487675,0.0838413719073943,near_quadratic,0.0067073097525915,False,True
fit_joint_tsne_vi_seed138_C03Sc01_vt_seed10,seed354,4,138,C03,Sc01,10,gamma_mu,2.59557246441327,1.27904474785944,2.0293054396706,2.02542725623666,0.999999999992675,saturating,0.079999999999414,False,True
fit_joint_tsne_vi_seed138_C03Sc01_vt_seed10,seed148,5,138,C03,Sc01,10,O2_crit,0.310828023141718,1.58620678578554,0.195956810881871,1.08898405711672,0.999395911126375,saturating,0.07995167289011,False,True
fit_joint_tsne_vi_seed138_C03Sc01_vt_seed10,seed148,5,138,C03,Sc01,10,mu_hp,0.161400185956118,0.005,32.2800371912236,2.32143696372266,0.999999999999998,saturating,0.0799999999999998,False,True
fit_joint_tsne_vi_seed138_C03Sc01_vt_seed10,seed148,5,138,C03,Sc01,10,p_misseg,0.5,0.0105535150770604,47.3775795409458,2.57780441448003,1.0,saturating,0.08,False,True
fit_joint_tsne_vi_seed138_C03Sc01_vt_seed10,seed148,5,138,C03,Sc01,10,k_o_mis,0.0024215018683425,0.0001128986825222,21.4484510735125,2.0483014377518,0.999999999995908,saturating,0.0799999999996727,False,True
fit_joint_tsne_vi_seed138_C03Sc01_vt_seed10,seed148,5,138,C03,Sc01,10,buffer_smax,0.994780507585621,1.0,0.994780507585621,0.0080299883298138,0.0004029232582188,near_quadratic,3.22338606575112e-05,False,True
fit_joint_tsne_vi_seed138_C03Sc01_vt_seed10,seed148,5,138,C03,Sc01,10,buffer_beta,0.0438055833792672,1.60952585337874,0.0272164521540986,2.40795152095814,1.0,saturating,0.08,False,True
fit_joint_tsne_vi_seed138_C03Sc01_vt_seed10,seed148,5,138,C03,Sc01,10,buffer_n_exp,0.233986362749007,3.15756611375965,0.0741033930309076,1.73871062489086,0.999999993773593,saturating,0.0799999995018875,False,True
fit_joint_tsne_vi_seed138_C03Sc01_vt_seed10,seed148,5,138,C03,Sc01,10,n_O,3.24178176126502,1.86857483366499,1.73489533459393,2.11262604246158,0.999999999999232,saturating,0.0799999999999386,False,True
fit_joint_tsne_vi_seed138_C03Sc01_vt_seed10,seed148,5,138,C03,Sc01,10,alpha_o2,3.18987617049993,0.5,6.37975234099986,1.23815972298438,0.999931006404232,saturating,0.0799944805123386,False,True
fit_joint_tsne_vi_seed138_C03Sc01_vt_seed10,seed148,5,138,C03,Sc01,10,gamma_growth,2.24248148487991,1.5,1.49498765658661,1.14227920750755,0.99971270792432,saturating,0.0799770166339456,False,True
fit_joint_tsne_vi_seed138_C03Sc01_vt_seed10,seed148,5,138,C03,Sc01,10,lam_max,0.133983896023196,1.3485151936293,0.0993566084061693,1.54277421815601,0.999999653697027,saturating,0.0799999722957622,False,True
fit_joint_tsne_vi_seed138_C03Sc01_vt_seed10,seed148,5,138,C03,Sc01,10,p_mis_base,6.08420119443504e-05,8.54181703118546e-06,7.12284186399935,1.31177431164733,0.99997865512789,saturating,0.0799982924102313,False,True
fit_joint_tsne_vi_seed138_C03Sc01_vt_seed10,seed148,5,138,C03,Sc01,10,p_wgd,0.0005208900930161,0.0004635089580042,1.12379725142533,0.0779814854862721,0.0372937504136932,near_quadratic,0.0029835000330954,False,True
fit_joint_tsne_vi_seed138_C03Sc01_vt_seed10,seed148,5,138,C03,Sc01,10,gamma_mu,2.58295418987274,1.26642647331891,2.03956111490912,2.02542725623666,0.999999999992675,saturating,0.079999999999414,False,True
fit_joint_tsne_vi_seed138_C03Sc01_vt_seed10,seed485,6,138,C03,Sc01,10,O2_crit,0.310828023141718,1.58620678578554,0.195956810881871,1.08898405711672,0.999395911126375,saturating,0.07995167289011,False,True
fit_joint_tsne_vi_seed138_C03Sc01_vt_seed10,seed485,6,138,C03,Sc01,10,mu_hp,0.161400185956118,0.005,32.2800371912236,2.32143696372266,0.999999999999998,saturating,0.0799999999999998,False,True
fit_joint_tsne_vi_seed138_C03Sc01_vt_seed10,seed485,6,138,C03,Sc01,10,p_misseg,0.5,0.0105535150770604,47.3775795409458,2.57780441448003,1.0,saturating,0.08,False,True
fit_joint_tsne_vi_seed138_C03Sc01_vt_seed10,seed485,6,138,C03,Sc01,10,k_o_mis,0.0024215018683425,0.0001128986825222,21.4484510735125,2.0483014377518,0.999999999995908,saturating,0.0799999999996727,False,True
fit_joint_tsne_vi_seed138_C03Sc01_vt_seed10,seed485,6,138,C03,Sc01,10,buffer_smax,0.994780507585621,1.0,0.994780507585621,0.0080299883298138,0.0004029232582188,near_quadratic,3.22338606575112e-05,False,True
fit_joint_tsne_vi_seed138_C03Sc01_vt_seed10,seed485,6,138,C03,Sc01,10,buffer_beta,0.0443120341210791,1.59113027351929,0.0278494067132975,2.39259084974667,1.0,saturating,0.08,False,True
fit_joint_tsne_vi_seed138_C03Sc01_vt_seed10,seed485,6,138,C03,Sc01,10,buffer_n_exp,0.229923471665171,3.10273878510898,0.0741033930309076,1.73871062489086,0.999999993773593,saturating,0.0799999995018875,False,True
fit_joint_tsne_vi_seed138_C03Sc01_vt_seed10,seed485,6,138,C03,Sc01,10,n_O,3.24178176126502,1.86857483366499,1.73489533459393,2.11262604246158,0.999999999999232,saturating,0.0799999999999386,False,True
fit_joint_tsne_vi_seed138_C03Sc01_vt_seed10,seed485,6,138,C03,Sc01,10,alpha_o2,3.18987617049993,0.5,6.37975234099986,1.23815972298438,0.999931006404232,saturating,0.0799944805123386,False,True
fit_joint_tsne_vi_seed138_C03Sc01_vt_seed10,seed485,6,138,C03,Sc01,10,gamma_growth,2.24248148487991,1.5,1.49498765658661,1.14227920750755,0.99971270792432,saturating,0.0799770166339456,False,True
fit_joint_tsne_vi_seed138_C03Sc01_vt_seed10,seed485,6,138,C03,Sc01,10,lam_max,0.133983896023196,1.3485151936293,0.0993566084061693,1.54277421815601,0.999999653697027,saturating,0.0799999722957622,False,True
fit_joint_tsne_vi_seed138_C03Sc01_vt_seed10,seed485,6,138,C03,Sc01,10,p_mis_base,7.34958042117419e-05,7.07117010844019e-06,10.3937259441711,1.56426347909073,0.999999771847472,saturating,0.0799999817477978,False,True
fit_joint_tsne_vi_seed138_C03Sc01_vt_seed10,seed485,6,138,C03,Sc01,10,p_wgd,0.0005007237814064,0.0004821764677732,1.03846582086184,0.0252187801922595,0.0039670284353681,near_quadratic,0.0003173622748294,False,True
fit_joint_tsne_vi_seed138_C03Sc01_vt_seed10,seed485,6,138,C03,Sc01,10,gamma_mu,2.51652771655383,1.2,2.09710643046153,2.02542725623666,0.999999999992675,saturating,0.079999999999414,False,True
fit_joint_tsne_vi_seed138_C03Sc01_vt_seed10,seed268,7,138,C03,Sc01,10,O2_crit,0.310828023141718,1.58620678578554,0.195956810881871,1.08898405711672,0.999395911126375,saturating,0.07995167289011,False,True
fit_joint_tsne_vi_seed138_C03Sc01_vt_seed10,seed268,7,138,C03,Sc01,10,mu_hp,0.161400185956118,0.005,32.2800371912236,2.32143696372266,0.999999999999998,saturating,0.0799999999999998,False,True
fit_joint_tsne_vi_seed138_C03Sc01_vt_seed10,seed268,7,138,C03,Sc01,10,p_misseg,0.5,0.0105535150770604,47.3775795409458,2.57780441448003,1.0,saturating,0.08,False,True
fit_joint_tsne_vi_seed138_C03Sc01_vt_seed10,seed268,7,138,C03,Sc01,10,k_o_mis,0.0024215018683425,0.0001128986825222,21.4484510735125,2.0483014377518,0.999999999995908,saturating,0.0799999999996727,False,True
fit_joint_tsne_vi_seed138_C03Sc01_vt_seed10,seed268,7,138,C03,Sc01,10,buffer_smax,0.994780507585621,1.0,0.994780507585621,0.0080299883298138,0.0004029232582188,near_quadratic,3.22338606575112e-05,False,True
fit_joint_tsne_vi_seed138_C03Sc01_vt_seed10,seed268,7,138,C03,Sc01,10,buffer_beta,0.0443120341210791,1.59113027351929,0.0278494067132975,2.39259084974667,1.0,saturating,0.08,False,True
fit_joint_tsne_vi_seed138_C03Sc01_vt_seed10,seed268,7,138,C03,Sc01,10,buffer_n_exp,0.233986362749007,3.15756611375965,0.0741033930309076,1.73871062489086,0.999999993773593,saturating,0.0799999995018875,False,True
fit_joint_tsne_vi_seed138_C03Sc01_vt_seed10,seed268,7,138,C03,Sc01,10,n_O,3.24178176126502,1.86857483366499,1.73489533459393,2.11262604246158,0.999999999999232,saturating,0.0799999999999386,False,True
fit_joint_tsne_vi_seed138_C03Sc01_vt_seed10,seed268,7,138,C03,Sc01,10,alpha_o2,3.18987617049993,0.5,6.37975234099986,1.23815972298438,0.999931006404232,saturating,0.0799944805123386,False,True
fit_joint_tsne_vi_seed138_C03Sc01_vt_seed10,seed268,7,138,C03,Sc01,10,gamma_growth,2.24248148487991,1.5,1.49498765658661,1.14227920750755,0.99971270792432,saturating,0.0799770166339456,False,True
fit_joint_tsne_vi_seed138_C03Sc01_vt_seed10,seed268,7,138,C03,Sc01,10,lam_max,0.133983896023196,1.3485151936293,0.0993566084061693,1.54277421815601,0.999999653697027,saturating,0.0799999722957622,False,True
fit_joint_tsne_vi_seed138_C03Sc01_vt_seed10,seed268,7,138,C03,Sc01,10,p_mis_base,6.08420119443504e-05,8.54181703118546e-06,7.12284186399935,1.31177431164733,0.99997865512789,saturating,0.0799982924102313,False,True
fit_joint_tsne_vi_seed138_C03Sc01_vt_seed10,seed268,7,138,C03,Sc01,10,p_wgd,0.0005175411294584,0.0004665082840879,1.10939322432457,0.0693623216543433,0.0296219808207072,near_quadratic,0.0023697584656565,False,True
fit_joint_tsne_vi_seed138_C03Sc01_vt_seed10,seed268,7,138,C03,Sc01,10,gamma_mu,2.57175341495853,1.2552256984047,2.04883744670543,2.02542725623666,0.999999999992675,saturating,0.079999999999414,False,True
fit_joint_tsne_vi_seed138_C03Sc01_vt_seed10,seed451,8,138,C03,Sc01,10,O2_crit,0.310828023141718,1.58620678578554,0.195956810881871,1.08898405711672,0.999395911126375,saturating,0.07995167289011,False,True
fit_joint_tsne_vi_seed138_C03Sc01_vt_seed10,seed451,8,138,C03,Sc01,10,mu_hp,0.161400185956118,0.005,32.2800371912236,2.32143696372266,0.999999999999998,saturating,0.0799999999999998,False,True
fit_joint_tsne_vi_seed138_C03Sc01_vt_seed10,seed451,8,138,C03,Sc01,10,p_misseg,0.5,0.0105535150770604,47.3775795409458,2.57780441448003,1.0,saturating,0.08,False,True
fit_joint_tsne_vi_seed138_C03Sc01_vt_seed10,seed451,8,138,C03,Sc01,10,k_o_mis,0.0024215018683425,0.0001128986825222,21.4484510735125,2.0483014377518,0.999999999995908,saturating,0.0799999999996727,False,True
fit_joint_tsne_vi_seed138_C03Sc01_vt_seed10,seed451,8,138,C03,Sc01,10,buffer_smax,0.994780507585621,1.0,0.994780507585621,0.0080299883298138,0.0004029232582188,near_quadratic,3.22338606575112e-05,False,True
fit_joint_tsne_vi_seed138_C03Sc01_vt_seed10,seed451,8,138,C03,Sc01,10,buffer_beta,0.0443120341210791,1.59113027351929,0.0278494067132975,2.39259084974667,1.0,saturating,0.08,False,True
fit_joint_tsne_vi_seed138_C03Sc01_vt_seed10,seed451,8,138,C03,Sc01,10,buffer_n_exp,0.230243490554999,3.1070573308157,0.0741033930309077,1.73871062489086,0.999999993773593,saturating,0.0799999995018875,False,True
fit_joint_tsne_vi_seed138_C03Sc01_vt_seed10,seed451,8,138,C03,Sc01,10,n_O,3.24178176126502,1.86857483366499,1.73489533459393,2.11262604246158,0.999999999999232,saturating,0.0799999999999386,False,True
fit_joint_tsne_vi_seed138_C03Sc01_vt_seed10,seed451,8,138,C03,Sc01,10,alpha_o2,3.18987617049993,0.5,6.37975234099986,1.23815972298438,0.999931006404232,saturating,0.0799944805123386,False,True
fit_joint_tsne_vi_seed138_C03Sc01_vt_seed10,seed451,8,138,C03,Sc01,10,gamma_growth,2.24248148487991,1.5,1.49498765658661,1.14227920750755,0.99971270792432,saturating,0.0799770166339456,False,True
fit_joint_tsne_vi_seed138_C03Sc01_vt_seed10,seed451,8,138,C03,Sc01,10,lam_max,0.133983896023196,1.3485151936293,0.0993566084061693,1.54277421815601,0.999999653697027,saturating,0.0799999722957622,False,True
fit_joint_tsne_vi_seed138_C03Sc01_vt_seed10,seed451,8,138,C03,Sc01,10,p_mis_base,5.11132293114368e-05,1.01676481967371e-05,5.02704542116626,1.07894278346599,0.999307868479901,saturating,0.0799446294783921,False,True
fit_joint_tsne_vi_seed138_C03Sc01_vt_seed10,seed451,8,138,C03,Sc01,10,p_wgd,0.0005213652049346,0.0004630865695743,1.1258482521182,0.0791997814064111,0.0384452599000563,near_quadratic,0.0030756207920045,False,True
fit_joint_tsne_vi_seed138_C03Sc01_vt_seed10,seed451,8,138,C03,Sc01,10,gamma_mu,2.5628031598439,1.24627544329007,2.05636978056657,2.02542725623666,0.999999999992675,saturating,0.079999999999414,False,True
fit_joint_tsne_vi_seed138_C03Sc01_vt_seed10,seed355,9,138,C03,Sc01,10,O2_crit,0.310828023141718,1.58620678578554,0.195956810881871,1.08898405711672,0.999395911126375,saturating,0.07995167289011,False,True
fit_joint_tsne_vi_seed138_C03Sc01_vt_seed10,seed355,9,138,C03,Sc01,10,mu_hp,0.161400185956118,0.005,32.2800371912236,2.32143696372266,0.999999999999998,saturating,0.0799999999999998,False,True
fit_joint_tsne_vi_seed138_C03Sc01_vt_seed10,seed355,9,138,C03,Sc01,10,p_misseg,0.5,0.0105535150770604,47.3775795409458,2.57780441448003,1.0,saturating,0.08,False,True
fit_joint_tsne_vi_seed138_C03Sc01_vt_seed10,seed355,9,138,C03,Sc01,10,k_o_mis,0.0024215018683425,0.0001128986825222,21.4484510735125,2.0483014377518,0.999999999995908,saturating,0.0799999999996727,False,True
fit_joint_tsne_vi_seed138_C03Sc01_vt_seed10,seed355,9,138,C03,Sc01,10,buffer_smax,0.994780507585621,1.0,0.994780507585621,0.0080299883298138,0.0004029232582188,near_quadratic,3.22338606575112e-05,False,True
fit_joint_tsne_vi_seed138_C03Sc01_vt_seed10,seed355,9,138,C03,Sc01,10,buffer_beta,0.0443120341210791,1.59113027351929,0.0278494067132975,2.39259084974667,1.0,saturating,0.08,False,True
fit_joint_tsne_vi_seed138_C03Sc01_vt_seed10,seed355,9,138,C03,Sc01,10,buffer_n_exp,0.233986362749007,3.15756611375965,0.0741033930309076,1.73871062489086,0.999999993773593,saturating,0.0799999995018875,False,True
fit_joint_tsne_vi_seed138_C03Sc01_vt_seed10,seed355,9,138,C03,Sc01,10,n_O,3.24178176126502,1.86857483366499,1.73489533459393,2.11262604246158,0.999999999999232,saturating,0.0799999999999386,False,True
fit_joint_tsne_vi_seed138_C03Sc01_vt_seed10,seed355,9,138,C03,Sc01,10,alpha_o2,3.18987617049993,0.5,6.37975234099986,1.23815972298438,0.999931006404232,saturating,0.0799944805123386,False,True
fit_joint_tsne_vi_seed138_C03Sc01_vt_seed10,seed355,9,138,C03,Sc01,10,gamma_growth,2.24248148487991,1.5,1.49498765658661,1.14227920750755,0.99971270792432,saturating,0.0799770166339456,False,True
fit_joint_tsne_vi_seed138_C03Sc01_vt_seed10,seed355,9,138,C03,Sc01,10,lam_max,0.133983896023196,1.3485151936293,0.0993566084061693,1.54277421815601,0.999999653697027,saturating,0.0799999722957622,False,True
fit_joint_tsne_vi_seed138_C03Sc01_vt_seed10,seed355,9,138,C03,Sc01,10,p_mis_base,4.47225827401242e-05,1.16205572665099e-05,3.84857470381504,0.900461416876144,0.993703064991258,saturating,0.0794962451993006,False,True
fit_joint_tsne_vi_seed138_C03Sc01_vt_seed10,seed355,9,138,C03,Sc01,10,p_wgd,0.0005081528785968,0.0004751271407047,1.06950926407422,0.0448993088869855,0.0125206310383171,near_quadratic,0.0010016504830653,False,True
fit_joint_tsne_vi_seed138_C03Sc01_vt_seed10,seed355,9,138,C03,Sc01,10,gamma_mu,2.51652771655383,1.2,2.09710643046153,2.02542725623666,0.999999999992675,saturating,0.079999999999414,False,True
fit_joint_tsne_vi_seed138_C03Sc01_vt_seed10,seed187,10,138,C03,Sc01,10,O2_crit,0.310828023141718,1.58620678578554,0.195956810881871,1.08898405711672,0.999395911126375,saturating,0.07995167289011,False,True
fit_joint_tsne_vi_seed138_C03Sc01_vt_seed10,seed187,10,138,C03,Sc01,10,mu_hp,0.161400185956118,0.005,32.2800371912236,2.32143696372266,0.999999999999998,saturating,0.0799999999999998,False,True
fit_joint_tsne_vi_seed138_C03Sc01_vt_seed10,seed187,10,138,C03,Sc01,10,p_misseg,0.5,0.0105535150770604,47.3775795409458,2.57780441448003,1.0,saturating,0.08,False,True
fit_joint_tsne_vi_seed138_C03Sc01_vt_seed10,seed187,10,138,C03,Sc01,10,k_o_mis,0.0024215018683425,0.0001128986825222,21.4484510735125,2.0483014377518,0.999999999995908,saturating,0.0799999999996727,False,True
fit_joint_tsne_vi_seed138_C03Sc01_vt_seed10,seed187,10,138,C03,Sc01,10,buffer_smax,0.994780507585621,1.0,0.994780507585621,0.0080299883298138,0.0004029232582188,near_quadratic,3.22338606575112e-05,False,True
fit_joint_tsne_vi_seed138_C03Sc01_vt_seed10,seed187,10,138,C03,Sc01,10,buffer_beta,0.0443120341210791,1.59113027351929,0.0278494067132975,2.39259084974667,1.0,saturating,0.08,False,True
fit_joint_tsne_vi_seed138_C03Sc01_vt_seed10,seed187,10,138,C03,Sc01,10,buffer_n_exp,0.233986362749007,3.15756611375965,0.0741033930309076,1.73871062489086,0.999999993773593,saturating,0.0799999995018875,False,True
fit_joint_tsne_vi_seed138_C03Sc01_vt_seed10,seed187,10,138,C03,Sc01,10,n_O,3.24178176126502,1.86857483366499,1.73489533459393,2.11262604246158,0.999999999999232,saturating,0.0799999999999386,False,True
fit_joint_tsne_vi_seed138_C03Sc01_vt_seed10,seed187,10,138,C03,Sc01,10,alpha_o2,3.18987617049993,0.5,6.37975234099986,1.23815972298438,0.999931006404232,saturating,0.0799944805123386,False,True
fit_joint_tsne_vi_seed138_C03Sc01_vt_seed10,seed187,10,138,C03,Sc01,10,gamma_growth,2.24248148487991,1.5,1.49498765658661,1.14227920750755,0.99971270792432,saturating,0.0799770166339456,False,True
fit_joint_tsne_vi_seed138_C03Sc01_vt_seed10,seed187,10,138,C03,Sc01,10,lam_max,0.133983896023196,1.3485151936293,0.0993566084061693,1.54277421815601,0.999999653697027,saturating,0.0799999722957622,False,True
fit_joint_tsne_vi_seed138_C03Sc01_vt_seed10,seed187,10,138,C03,Sc01,10,p_mis_base,3.57267124739146e-05,5.01579470049539e-06,7.12284186399935,1.31177431164733,0.99997865512789,saturating,0.0799982924102313,False,True
fit_joint_tsne_vi_seed138_C03Sc01_vt_seed10,seed187,10,138,C03,Sc01,10,p_wgd,0.0004916518783737,0.0004910735316362,1.00117771922175,0.0007864246267395,3.8653906140329e-06,near_quadratic,3.09231249122632e-07,False,True
fit_joint_tsne_vi_seed138_C03Sc01_vt_seed10,seed187,10,138,C03,Sc01,10,gamma_mu,2.51652771655383,1.2,2.09710643046153,2.02542725623666,0.999999999992675,saturating,0.079999999999414,False,True
fit_joint_tsne_vi_seed25_C02Sc01_vt_seed10,seed497,1,25,C02,Sc01,10,O2_crit,0.168760323014007,1.58620678578554,0.10639238498178,1.49706070075049,0.99999917463666,saturating,0.0799999339709328,False,True
fit_joint_tsne_vi_seed25_C02Sc01_vt_seed10,seed497,1,25,C02,Sc01,10,mu_hp,0.0498842540247737,0.005,9.97685080495474,1.53691304272948,0.999999612339403,saturating,0.0799999689871523,False,True
fit_joint_tsne_vi_seed25_C02Sc01_vt_seed10,seed497,1,25,C02,Sc01,10,p_misseg,0.186505530221572,0.0105535150770604,17.6723611857976,1.91891473695002,0.999999999898804,saturating,0.0799999999919043,False,True
fit_joint_tsne_vi_seed25_C02Sc01_vt_seed10,seed497,1,25,C02,Sc01,10,k_o_mis,0.0027445872539549,0.0001128986825222,24.3101796463744,2.13198179721054,0.99999999999954,saturating,0.0799999999999632,False,True
fit_joint_tsne_vi_seed25_C02Sc01_vt_seed10,seed497,1,25,C02,Sc01,10,buffer_smax,0.91383579399473,1.0,0.91383579399473,0.132560316931185,0.104010410696479,near_quadratic,0.0083208328557183,False,True
fit_joint_tsne_vi_seed25_C02Sc01_vt_seed10,seed497,1,25,C02,Sc01,10,buffer_beta,0.227352097320628,1.59113027351929,0.142887167131681,1.30001042148819,0.999974136280166,saturating,0.0799979309024133,False,True
fit_joint_tsne_vi_seed25_C02Sc01_vt_seed10,seed497,1,25,C02,Sc01,10,buffer_n_exp,10.0,3.15756611375965,3.1669962368874,0.770226995894605,0.975468816075587,saturating,0.0780375052860469,False,True
fit_joint_tsne_vi_seed25_C02Sc01_vt_seed10,seed497,1,25,C02,Sc01,10,n_O,1.6636073078992,1.86857483366499,0.890308098946313,0.315334655024293,0.462848259765992,near_quadratic,0.0370278607812793,False,True
fit_joint_tsne_vi_seed25_C02Sc01_vt_seed10,seed497,1,25,C02,Sc01,10,alpha_o2,1.74037848667329,0.5,3.48075697334658,0.83334415673373,0.986968561857116,saturating,0.0789574849485693,False,True
fit_joint_tsne_vi_seed25_C02Sc01_vt_seed10,seed497,1,25,C02,Sc01,10,gamma_growth,2.86237213071632,1.5,1.90824808714421,2.09595712417895,0.999999999998809,saturating,0.0799999999999048,False,True
fit_joint_tsne_vi_seed25_C02Sc01_vt_seed10,seed497,1,25,C02,Sc01,10,lam_max,0.238802464684995,1.3485151936293,0.1770854832138,1.15664159867771,0.999766276946059,saturating,0.0799813021556847,False,True
fit_joint_tsne_vi_seed25_C02Sc01_vt_seed10,seed497,1,25,C02,Sc01,10,p_mis_base,0.0004953454600379,8.54181703118544e-06,57.9906427671654,2.712858342287,1.0,saturating,0.08,False,True
fit_joint_tsne_vi_seed25_C02Sc01_vt_seed10,seed497,1,25,C02,Sc01,10,p_wgd,1.24027325450911e-05,0.0003312053922759,0.0374472542849141,2.19473849265265,0.999999999999916,saturating,0.0799999999999933,False,True
fit_joint_tsne_vi_seed25_C02Sc01_vt_seed10,seed497,1,25,C02,Sc01,10,gamma_mu,2.6787234895116,1.2,2.232269574593,2.27495921463323,0.999999999999991,saturating,0.0799999999999993,False,True
fit_joint_tsne_vi_seed25_C02Sc01_vt_seed10,seed389,2,25,C02,Sc01,10,O2_crit,0.168760323014007,1.58620678578554,0.10639238498178,1.49706070075049,0.99999917463666,saturating,0.0799999339709328,False,True
fit_joint_tsne_vi_seed25_C02Sc01_vt_seed10,seed389,2,25,C02,Sc01,10,mu_hp,0.0498842540247737,0.005,9.97685080495474,1.53691304272948,0.999999612339403,saturating,0.0799999689871523,False,True
fit_joint_tsne_vi_seed25_C02Sc01_vt_seed10,seed389,2,25,C02,Sc01,10,p_misseg,0.186505530221572,0.0105535150770604,17.6723611857976,1.91891473695002,0.999999999898804,saturating,0.0799999999919043,False,True
fit_joint_tsne_vi_seed25_C02Sc01_vt_seed10,seed389,2,25,C02,Sc01,10,k_o_mis,0.0027445872539549,0.0001128986825222,24.3101796463744,2.13198179721054,0.99999999999954,saturating,0.0799999999999632,False,True
fit_joint_tsne_vi_seed25_C02Sc01_vt_seed10,seed389,2,25,C02,Sc01,10,buffer_smax,0.91383579399473,1.0,0.91383579399473,0.132560316931185,0.104010410696479,near_quadratic,0.0083208328557183,False,True
fit_joint_tsne_vi_seed25_C02Sc01_vt_seed10,seed389,2,25,C02,Sc01,10,buffer_beta,0.227352097320628,1.59113027351929,0.142887167131681,1.30001042148819,0.999974136280166,saturating,0.0799979309024133,False,True
fit_joint_tsne_vi_seed25_C02Sc01_vt_seed10,seed389,2,25,C02,Sc01,10,buffer_n_exp,10.0,3.15756611375965,3.1669962368874,0.770226995894605,0.975468816075587,saturating,0.0780375052860469,False,True
fit_joint_tsne_vi_seed25_C02Sc01_vt_seed10,seed389,2,25,C02,Sc01,10,n_O,1.6636073078992,1.86857483366499,0.890308098946313,0.315334655024293,0.462848259765992,near_quadratic,0.0370278607812793,False,True
fit_joint_tsne_vi_seed25_C02Sc01_vt_seed10,seed389,2,25,C02,Sc01,10,alpha_o2,1.74037848667329,0.5,3.48075697334658,0.83334415673373,0.986968561857116,saturating,0.0789574849485693,False,True
fit_joint_tsne_vi_seed25_C02Sc01_vt_seed10,seed389,2,25,C02,Sc01,10,gamma_growth,2.86237213071632,1.5,1.90824808714421,2.09595712417895,0.999999999998809,saturating,0.0799999999999048,False,True
fit_joint_tsne_vi_seed25_C02Sc01_vt_seed10,seed389,2,25,C02,Sc01,10,lam_max,0.238802464684995,1.3485151936293,0.1770854832138,1.15664159867771,0.999766276946059,saturating,0.0799813021556847,False,True
fit_joint_tsne_vi_seed25_C02Sc01_vt_seed10,seed389,2,25,C02,Sc01,10,p_mis_base,0.0004953454600379,8.54181703118544e-06,57.9906427671654,2.712858342287,1.0,saturating,0.08,False,True
fit_joint_tsne_vi_seed25_C02Sc01_vt_seed10,seed389,2,25,C02,Sc01,10,p_wgd,1.24027325450911e-05,0.0003312053922759,0.0374472542849141,2.19473849265265,0.999999999999916,saturating,0.0799999999999933,False,True
fit_joint_tsne_vi_seed25_C02Sc01_vt_seed10,seed389,2,25,C02,Sc01,10,gamma_mu,2.65379880939097,1.22492468012063,2.1664995835741,2.19826789118514,0.999999999999924,saturating,0.0799999999999939,False,True
fit_joint_tsne_vi_seed25_C02Sc01_vt_seed10,seed298,3,25,C02,Sc01,10,O2_crit,0.168760323014007,1.58620678578554,0.10639238498178,1.49706070075049,0.99999917463666,saturating,0.0799999339709328,False,True
fit_joint_tsne_vi_seed25_C02Sc01_vt_seed10,seed298,3,25,C02,Sc01,10,mu_hp,0.0498842540247737,0.005,9.97685080495474,1.53691304272948,0.999999612339403,saturating,0.0799999689871523,False,True
fit_joint_tsne_vi_seed25_C02Sc01_vt_seed10,seed298,3,25,C02,Sc01,10,p_misseg,0.186505530221572,0.0105535150770604,17.6723611857976,1.91891473695002,0.999999999898804,saturating,0.0799999999919043,False,True
fit_joint_tsne_vi_seed25_C02Sc01_vt_seed10,seed298,3,25,C02,Sc01,10,k_o_mis,0.0027445872539549,0.0001128986825222,24.3101796463744,2.13198179721054,0.99999999999954,saturating,0.0799999999999632,False,True
fit_joint_tsne_vi_seed25_C02Sc01_vt_seed10,seed298,3,25,C02,Sc01,10,buffer_smax,0.91383579399473,1.0,0.91383579399473,0.132560316931185,0.104010410696479,near_quadratic,0.0083208328557183,False,True
fit_joint_tsne_vi_seed25_C02Sc01_vt_seed10,seed298,3,25,C02,Sc01,10,buffer_beta,0.227352097320628,1.59113027351929,0.142887167131681,1.30001042148819,0.999974136280166,saturating,0.0799979309024133,False,True
fit_joint_tsne_vi_seed25_C02Sc01_vt_seed10,seed298,3,25,C02,Sc01,10,buffer_n_exp,10.0,3.15756611375965,3.1669962368874,0.770226995894605,0.975468816075587,saturating,0.0780375052860469,False,True
fit_joint_tsne_vi_seed25_C02Sc01_vt_seed10,seed298,3,25,C02,Sc01,10,n_O,1.6636073078992,1.86857483366499,0.890308098946313,0.315334655024293,0.462848259765992,near_quadratic,0.0370278607812793,False,True
fit_joint_tsne_vi_seed25_C02Sc01_vt_seed10,seed298,3,25,C02,Sc01,10,alpha_o2,1.74037848667329,0.5,3.48075697334658,0.83334415673373,0.986968561857116,saturating,0.0789574849485693,False,True
fit_joint_tsne_vi_seed25_C02Sc01_vt_seed10,seed298,3,25,C02,Sc01,10,gamma_growth,2.86237213071632,1.5,1.90824808714421,2.09595712417895,0.999999999998809,saturating,0.0799999999999048,False,True
fit_joint_tsne_vi_seed25_C02Sc01_vt_seed10,seed298,3,25,C02,Sc01,10,lam_max,0.238802464684995,1.3485151936293,0.1770854832138,1.15664159867771,0.999766276946059,saturating,0.0799813021556847,False,True
fit_joint_tsne_vi_seed25_C02Sc01_vt_seed10,seed298,3,25,C02,Sc01,10,p_mis_base,0.0004953454600379,8.54181703118544e-06,57.9906427671654,2.712858342287,1.0,saturating,0.08,False,True
fit_joint_tsne_vi_seed25_C02Sc01_vt_seed10,seed298,3,25,C02,Sc01,10,p_wgd,1.24027325450911e-05,0.0003312053922759,0.0374472542849141,2.19473849265265,0.999999999999916,saturating,0.0799999999999933,False,True
fit_joint_tsne_vi_seed25_C02Sc01_vt_seed10,seed298,3,25,C02,Sc01,10,gamma_mu,2.6787234895116,1.2,2.232269574593,2.27495921463323,0.999999999999991,saturating,0.0799999999999993,False,True
fit_joint_tsne_vi_seed25_C02Sc01_vt_seed10,seed26,4,25,C02,Sc01,10,O2_crit,0.168760323014007,1.58620678578554,0.10639238498178,1.49706070075049,0.99999917463666,saturating,0.0799999339709328,False,True
fit_joint_tsne_vi_seed25_C02Sc01_vt_seed10,seed26,4,25,C02,Sc01,10,mu_hp,0.0498842540247737,0.005,9.97685080495474,1.53691304272948,0.999999612339403,saturating,0.0799999689871523,False,True
fit_joint_tsne_vi_seed25_C02Sc01_vt_seed10,seed26,4,25,C02,Sc01,10,p_misseg,0.186505530221572,0.0105535150770604,17.6723611857976,1.91891473695002,0.999999999898804,saturating,0.0799999999919043,False,True
fit_joint_tsne_vi_seed25_C02Sc01_vt_seed10,seed26,4,25,C02,Sc01,10,k_o_mis,0.0027445872539549,0.0001128986825222,24.3101796463744,2.13198179721054,0.99999999999954,saturating,0.0799999999999632,False,True
fit_joint_tsne_vi_seed25_C02Sc01_vt_seed10,seed26,4,25,C02,Sc01,10,buffer_smax,0.91383579399473,1.0,0.91383579399473,0.132560316931185,0.104010410696479,near_quadratic,0.0083208328557183,False,True
fit_joint_tsne_vi_seed25_C02Sc01_vt_seed10,seed26,4,25,C02,Sc01,10,buffer_beta,0.227352097320628,1.59113027351929,0.142887167131681,1.30001042148819,0.999974136280166,saturating,0.0799979309024133,False,True
fit_joint_tsne_vi_seed25_C02Sc01_vt_seed10,seed26,4,25,C02,Sc01,10,buffer_n_exp,10.0,3.15756611375965,3.1669962368874,0.770226995894605,0.975468816075587,saturating,0.0780375052860469,False,True
fit_joint_tsne_vi_seed25_C02Sc01_vt_seed10,seed26,4,25,C02,Sc01,10,n_O,1.6636073078992,1.86857483366499,0.890308098946313,0.315334655024293,0.462848259765992,near_quadratic,0.0370278607812793,False,True
fit_joint_tsne_vi_seed25_C02Sc01_vt_seed10,seed26,4,25,C02,Sc01,10,alpha_o2,1.74037848667329,0.5,3.48075697334658,0.83334415673373,0.986968561857116,saturating,0.0789574849485693,False,True
fit_joint_tsne_vi_seed25_C02Sc01_vt_seed10,seed26,4,25,C02,Sc01,10,gamma_growth,2.86237213071632,1.5,1.90824808714421,2.09595712417895,0.999999999998809,saturating,0.0799999999999048,False,True
fit_joint_tsne_vi_seed25_C02Sc01_vt_seed10,seed26,4,25,C02,Sc01,10,lam_max,0.238802464684995,1.3485151936293,0.1770854832138,1.15664159867771,0.999766276946059,saturating,0.0799813021556847,False,True
fit_joint_tsne_vi_seed25_C02Sc01_vt_seed10,seed26,4,25,C02,Sc01,10,p_mis_base,0.0004953454600379,8.54181703118544e-06,57.9906427671654,2.712858342287,1.0,saturating,0.08,False,True
fit_joint_tsne_vi_seed25_C02Sc01_vt_seed10,seed26,4,25,C02,Sc01,10,p_wgd,1.24027325450911e-05,0.0003312053922759,0.0374472542849141,2.19473849265265,0.999999999999916,saturating,0.0799999999999933,False,True
fit_joint_tsne_vi_seed25_C02Sc01_vt_seed10,seed26,4,25,C02,Sc01,10,gamma_mu,2.6787234895116,1.2,2.232269574593,2.27495921463323,0.999999999999991,saturating,0.0799999999999993,False,True
fit_joint_tsne_vi_seed25_C02Sc01_vt_seed10,seed98,5,25,C02,Sc01,10,O2_crit,0.168760323014007,1.58620678578554,0.10639238498178,1.49706070075049,0.99999917463666,saturating,0.0799999339709328,False,True
fit_joint_tsne_vi_seed25_C02Sc01_vt_seed10,seed98,5,25,C02,Sc01,10,mu_hp,0.0498842540247737,0.005,9.97685080495474,1.53691304272948,0.999999612339403,saturating,0.0799999689871523,False,True
fit_joint_tsne_vi_seed25_C02Sc01_vt_seed10,seed98,5,25,C02,Sc01,10,p_misseg,0.186505530221572,0.0105535150770604,17.6723611857976,1.91891473695002,0.999999999898804,saturating,0.0799999999919043,False,True
fit_joint_tsne_vi_seed25_C02Sc01_vt_seed10,seed98,5,25,C02,Sc01,10,k_o_mis,0.0027445872539549,0.0001128986825222,24.3101796463744,2.13198179721054,0.99999999999954,saturating,0.0799999999999632,False,True
fit_joint_tsne_vi_seed25_C02Sc01_vt_seed10,seed98,5,25,C02,Sc01,10,buffer_smax,0.91383579399473,1.0,0.91383579399473,0.132560316931185,0.104010410696479,near_quadratic,0.0083208328557183,False,True
fit_joint_tsne_vi_seed25_C02Sc01_vt_seed10,seed98,5,25,C02,Sc01,10,buffer_beta,0.227352097320628,1.59113027351929,0.142887167131681,1.30001042148819,0.999974136280166,saturating,0.0799979309024133,False,True
fit_joint_tsne_vi_seed25_C02Sc01_vt_seed10,seed98,5,25,C02,Sc01,10,buffer_n_exp,10.0,3.15756611375965,3.1669962368874,0.770226995894605,0.975468816075587,saturating,0.0780375052860469,False,True
fit_joint_tsne_vi_seed25_C02Sc01_vt_seed10,seed98,5,25,C02,Sc01,10,n_O,1.6636073078992,1.86857483366499,0.890308098946313,0.315334655024293,0.462848259765992,near_quadratic,0.0370278607812793,False,True
fit_joint_tsne_vi_seed25_C02Sc01_vt_seed10,seed98,5,25,C02,Sc01,10,alpha_o2,1.74037848667329,0.5,3.48075697334658,0.83334415673373,0.986968561857116,saturating,0.0789574849485693,False,True
fit_joint_tsne_vi_seed25_C02Sc01_vt_seed10,seed98,5,25,C02,Sc01,10,gamma_growth,2.86237213071632,1.5,1.90824808714421,2.09595712417895,0.999999999998809,saturating,0.0799999999999048,False,True
fit_joint_tsne_vi_seed25_C02Sc01_vt_seed10,seed98,5,25,C02,Sc01,10,lam_max,0.238482853434302,1.34671035200766,0.1770854832138,1.15664159867771,0.999766276946059,saturating,0.0799813021556847,False,True
fit_joint_tsne_vi_seed25_C02Sc01_vt_seed10,seed98,5,25,C02,Sc01,10,p_mis_base,0.0004953454600379,8.54181703118544e-06,57.9906427671654,2.712858342287,1.0,saturating,0.08,False,True
fit_joint_tsne_vi_seed25_C02Sc01_vt_seed10,seed98,5,25,C02,Sc01,10,p_wgd,1.24027325450911e-05,0.0003312053922759,0.0374472542849141,2.19473849265265,0.999999999999916,saturating,0.0799999999999933,False,True
fit_joint_tsne_vi_seed25_C02Sc01_vt_seed10,seed98,5,25,C02,Sc01,10,gamma_mu,2.6787234895116,1.2,2.232269574593,2.27495921463323,0.999999999999991,saturating,0.0799999999999993,False,True
fit_joint_tsne_vi_seed25_C02Sc01_vt_seed10,seed291,6,25,C02,Sc01,10,O2_crit,0.168760323014007,1.58620678578554,0.10639238498178,1.49706070075049,0.99999917463666,saturating,0.0799999339709328,False,True
fit_joint_tsne_vi_seed25_C02Sc01_vt_seed10,seed291,6,25,C02,Sc01,10,mu_hp,0.0498842540247737,0.005,9.97685080495474,1.53691304272948,0.999999612339403,saturating,0.0799999689871523,False,True
fit_joint_tsne_vi_seed25_C02Sc01_vt_seed10,seed291,6,25,C02,Sc01,10,p_misseg,0.186505530221572,0.0105535150770604,17.6723611857976,1.91891473695002,0.999999999898804,saturating,0.0799999999919043,False,True
fit_joint_tsne_vi_seed25_C02Sc01_vt_seed10,seed291,6,25,C02,Sc01,10,k_o_mis,0.0027445872539549,0.0001128986825222,24.3101796463744,2.13198179721054,0.99999999999954,saturating,0.0799999999999632,False,True
fit_joint_tsne_vi_seed25_C02Sc01_vt_seed10,seed291,6,25,C02,Sc01,10,buffer_smax,0.91383579399473,1.0,0.91383579399473,0.132560316931185,0.104010410696479,near_quadratic,0.0083208328557183,False,True
fit_joint_tsne_vi_seed25_C02Sc01_vt_seed10,seed291,6,25,C02,Sc01,10,buffer_beta,0.227352097320628,1.59113027351929,0.142887167131681,1.30001042148819,0.999974136280166,saturating,0.0799979309024133,False,True
fit_joint_tsne_vi_seed25_C02Sc01_vt_seed10,seed291,6,25,C02,Sc01,10,buffer_n_exp,10.0,3.15756611375965,3.1669962368874,0.770226995894605,0.975468816075587,saturating,0.0780375052860469,False,True
fit_joint_tsne_vi_seed25_C02Sc01_vt_seed10,seed291,6,25,C02,Sc01,10,n_O,1.6636073078992,1.86857483366499,0.890308098946313,0.315334655024293,0.462848259765992,near_quadratic,0.0370278607812793,False,True
fit_joint_tsne_vi_seed25_C02Sc01_vt_seed10,seed291,6,25,C02,Sc01,10,alpha_o2,1.74037848667329,0.5,3.48075697334658,0.83334415673373,0.986968561857116,saturating,0.0789574849485693,False,True
fit_joint_tsne_vi_seed25_C02Sc01_vt_seed10,seed291,6,25,C02,Sc01,10,gamma_growth,2.86237213071632,1.5,1.90824808714421,2.09595712417895,0.999999999998809,saturating,0.0799999999999048,False,True
fit_joint_tsne_vi_seed25_C02Sc01_vt_seed10,seed291,6,25,C02,Sc01,10,lam_max,0.238802464684995,1.3485151936293,0.1770854832138,1.15664159867771,0.999766276946059,saturating,0.0799813021556847,False,True
fit_joint_tsne_vi_seed25_C02Sc01_vt_seed10,seed291,6,25,C02,Sc01,10,p_mis_base,0.0004953454600379,8.54181703118544e-06,57.9906427671654,2.712858342287,1.0,saturating,0.08,False,True
fit_joint_tsne_vi_seed25_C02Sc01_vt_seed10,seed291,6,25,C02,Sc01,10,p_wgd,1.24027325450911e-05,0.0003312053922759,0.0374472542849141,2.19473849265265,0.999999999999916,saturating,0.0799999999999933,False,True
fit_joint_tsne_vi_seed25_C02Sc01_vt_seed10,seed291,6,25,C02,Sc01,10,gamma_mu,2.6787234895116,1.2,2.232269574593,2.27495921463323,0.999999999999991,saturating,0.0799999999999993,False,True
fit_joint_tsne_vi_seed25_C02Sc01_vt_seed10,seed458,7,25,C02,Sc01,10,O2_crit,0.168760323014007,1.58620678578554,0.10639238498178,1.49706070075049,0.99999917463666,saturating,0.0799999339709328,False,True
fit_joint_tsne_vi_seed25_C02Sc01_vt_seed10,seed458,7,25,C02,Sc01,10,mu_hp,0.0498842540247737,0.005,9.97685080495474,1.53691304272948,0.999999612339403,saturating,0.0799999689871523,False,True
fit_joint_tsne_vi_seed25_C02Sc01_vt_seed10,seed458,7,25,C02,Sc01,10,p_misseg,0.186505530221572,0.0105535150770604,17.6723611857976,1.91891473695002,0.999999999898804,saturating,0.0799999999919043,False,True
fit_joint_tsne_vi_seed25_C02Sc01_vt_seed10,seed458,7,25,C02,Sc01,10,k_o_mis,0.0027445872539549,0.0001128986825222,24.3101796463744,2.13198179721054,0.99999999999954,saturating,0.0799999999999632,False,True
fit_joint_tsne_vi_seed25_C02Sc01_vt_seed10,seed458,7,25,C02,Sc01,10,buffer_smax,0.91383579399473,1.0,0.91383579399473,0.132560316931185,0.104010410696479,near_quadratic,0.0083208328557183,False,True
fit_joint_tsne_vi_seed25_C02Sc01_vt_seed10,seed458,7,25,C02,Sc01,10,buffer_beta,0.227352097320628,1.59113027351929,0.142887167131681,1.30001042148819,0.999974136280166,saturating,0.0799979309024133,False,True
fit_joint_tsne_vi_seed25_C02Sc01_vt_seed10,seed458,7,25,C02,Sc01,10,buffer_n_exp,10.0,3.15756611375965,3.1669962368874,0.770226995894605,0.975468816075587,saturating,0.0780375052860469,False,True
fit_joint_tsne_vi_seed25_C02Sc01_vt_seed10,seed458,7,25,C02,Sc01,10,n_O,1.6636073078992,1.86857483366499,0.890308098946313,0.315334655024293,0.462848259765992,near_quadratic,0.0370278607812793,False,True
fit_joint_tsne_vi_seed25_C02Sc01_vt_seed10,seed458,7,25,C02,Sc01,10,alpha_o2,1.74037848667329,0.5,3.48075697334658,0.83334415673373,0.986968561857116,saturating,0.0789574849485693,False,True
fit_joint_tsne_vi_seed25_C02Sc01_vt_seed10,seed458,7,25,C02,Sc01,10,gamma_growth,2.86237213071632,1.5,1.90824808714421,2.09595712417895,0.999999999998809,saturating,0.0799999999999048,False,True
fit_joint_tsne_vi_seed25_C02Sc01_vt_seed10,seed458,7,25,C02,Sc01,10,lam_max,0.238802464684995,1.3485151936293,0.1770854832138,1.15664159867771,0.999766276946059,saturating,0.0799813021556847,False,True
fit_joint_tsne_vi_seed25_C02Sc01_vt_seed10,seed458,7,25,C02,Sc01,10,p_mis_base,0.0004953454600379,8.54181703118544e-06,57.9906427671654,2.712858342287,1.0,saturating,0.08,False,True
fit_joint_tsne_vi_seed25_C02Sc01_vt_seed10,seed458,7,25,C02,Sc01,10,p_wgd,1.24027325450911e-05,0.0003312053922759,0.0374472542849141,2.19473849265265,0.999999999999916,saturating,0.0799999999999933,False,True
fit_joint_tsne_vi_seed25_C02Sc01_vt_seed10,seed458,7,25,C02,Sc01,10,gamma_mu,2.6787234895116,1.2,2.232269574593,2.27495921463323,0.999999999999991,saturating,0.0799999999999993,False,True
fit_joint_tsne_vi_seed25_C02Sc01_vt_seed10,seed285,8,25,C02,Sc01,10,O2_crit,0.168760323014007,1.58620678578554,0.10639238498178,1.49706070075049,0.99999917463666,saturating,0.0799999339709328,False,True
fit_joint_tsne_vi_seed25_C02Sc01_vt_seed10,seed285,8,25,C02,Sc01,10,mu_hp,0.0498842540247737,0.005,9.97685080495474,1.53691304272948,0.999999612339403,saturating,0.0799999689871523,False,True
fit_joint_tsne_vi_seed25_C02Sc01_vt_seed10,seed285,8,25,C02,Sc01,10,p_misseg,0.186505530221572,0.0105535150770604,17.6723611857976,1.91891473695002,0.999999999898804,saturating,0.0799999999919043,False,True
fit_joint_tsne_vi_seed25_C02Sc01_vt_seed10,seed285,8,25,C02,Sc01,10,k_o_mis,0.0027445872539549,0.0001128986825222,24.3101796463744,2.13198179721054,0.99999999999954,saturating,0.0799999999999632,False,True
fit_joint_tsne_vi_seed25_C02Sc01_vt_seed10,seed285,8,25,C02,Sc01,10,buffer_smax,0.91383579399473,1.0,0.91383579399473,0.132560316931185,0.104010410696479,near_quadratic,0.0083208328557183,False,True
fit_joint_tsne_vi_seed25_C02Sc01_vt_seed10,seed285,8,25,C02,Sc01,10,buffer_beta,0.227352097320628,1.59113027351929,0.142887167131681,1.30001042148819,0.999974136280166,saturating,0.0799979309024133,False,True
fit_joint_tsne_vi_seed25_C02Sc01_vt_seed10,seed285,8,25,C02,Sc01,10,buffer_n_exp,10.0,3.15756611375965,3.1669962368874,0.770226995894605,0.975468816075587,saturating,0.0780375052860469,False,True
fit_joint_tsne_vi_seed25_C02Sc01_vt_seed10,seed285,8,25,C02,Sc01,10,n_O,1.6636073078992,1.86857483366499,0.890308098946313,0.315334655024293,0.462848259765992,near_quadratic,0.0370278607812793,False,True
fit_joint_tsne_vi_seed25_C02Sc01_vt_seed10,seed285,8,25,C02,Sc01,10,alpha_o2,1.74037848667329,0.5,3.48075697334658,0.83334415673373,0.986968561857116,saturating,0.0789574849485693,False,True
fit_joint_tsne_vi_seed25_C02Sc01_vt_seed10,seed285,8,25,C02,Sc01,10,gamma_growth,2.86237213071632,1.5,1.90824808714421,2.09595712417895,0.999999999998809,saturating,0.0799999999999048,False,True
fit_joint_tsne_vi_seed25_C02Sc01_vt_seed10,seed285,8,25,C02,Sc01,10,lam_max,0.238802464684995,1.3485151936293,0.1770854832138,1.15664159867771,0.999766276946059,saturating,0.0799813021556847,False,True
fit_joint_tsne_vi_seed25_C02Sc01_vt_seed10,seed285,8,25,C02,Sc01,10,p_mis_base,0.0004953454600379,8.54181703118544e-06,57.9906427671654,2.712858342287,1.0,saturating,0.08,False,True
fit_joint_tsne_vi_seed25_C02Sc01_vt_seed10,seed285,8,25,C02,Sc01,10,p_wgd,1.24027325450911e-05,0.0003312053922759,0.0374472542849141,2.19473849265265,0.999999999999916,saturating,0.0799999999999933,False,True
fit_joint_tsne_vi_seed25_C02Sc01_vt_seed10,seed285,8,25,C02,Sc01,10,gamma_mu,2.6787234895116,1.2,2.232269574593,2.27495921463323,0.999999999999991,saturating,0.0799999999999993,False,True
fit_joint_tsne_vi_seed25_C02Sc01_vt_seed10,seed299,9,25,C02,Sc01,10,O2_crit,0.168760323014007,1.58620678578554,0.10639238498178,1.49706070075049,0.99999917463666,saturating,0.0799999339709328,False,True
fit_joint_tsne_vi_seed25_C02Sc01_vt_seed10,seed299,9,25,C02,Sc01,10,mu_hp,0.0498842540247737,0.005,9.97685080495474,1.53691304272948,0.999999612339403,saturating,0.0799999689871523,False,True
fit_joint_tsne_vi_seed25_C02Sc01_vt_seed10,seed299,9,25,C02,Sc01,10,p_misseg,0.186505530221572,0.0105535150770604,17.6723611857976,1.91891473695002,0.999999999898804,saturating,0.0799999999919043,False,True
fit_joint_tsne_vi_seed25_C02Sc01_vt_seed10,seed299,9,25,C02,Sc01,10,k_o_mis,0.0027445872539549,0.0001128986825222,24.3101796463744,2.13198179721054,0.99999999999954,saturating,0.0799999999999632,False,True
fit_joint_tsne_vi_seed25_C02Sc01_vt_seed10,seed299,9,25,C02,Sc01,10,buffer_smax,0.91383579399473,1.0,0.91383579399473,0.132560316931185,0.104010410696479,near_quadratic,0.0083208328557183,False,True
fit_joint_tsne_vi_seed25_C02Sc01_vt_seed10,seed299,9,25,C02,Sc01,10,buffer_beta,0.227352097320628,1.59113027351929,0.142887167131681,1.30001042148819,0.999974136280166,saturating,0.0799979309024133,False,True
fit_joint_tsne_vi_seed25_C02Sc01_vt_seed10,seed299,9,25,C02,Sc01,10,buffer_n_exp,10.0,3.15756611375965,3.1669962368874,0.770226995894605,0.975468816075587,saturating,0.0780375052860469,False,True
fit_joint_tsne_vi_seed25_C02Sc01_vt_seed10,seed299,9,25,C02,Sc01,10,n_O,1.6636073078992,1.86857483366499,0.890308098946313,0.315334655024293,0.462848259765992,near_quadratic,0.0370278607812793,False,True
fit_joint_tsne_vi_seed25_C02Sc01_vt_seed10,seed299,9,25,C02,Sc01,10,alpha_o2,1.74037848667329,0.5,3.48075697334658,0.83334415673373,0.986968561857116,saturating,0.0789574849485693,False,True
fit_joint_tsne_vi_seed25_C02Sc01_vt_seed10,seed299,9,25,C02,Sc01,10,gamma_growth,2.86237213071632,1.5,1.90824808714421,2.09595712417895,0.999999999998809,saturating,0.0799999999999048,False,True
fit_joint_tsne_vi_seed25_C02Sc01_vt_seed10,seed299,9,25,C02,Sc01,10,lam_max,0.238802464684995,1.3485151936293,0.1770854832138,1.15664159867771,0.999766276946059,saturating,0.0799813021556847,False,True
fit_joint_tsne_vi_seed25_C02Sc01_vt_seed10,seed299,9,25,C02,Sc01,10,p_mis_base,0.0004953454600379,8.54181703118544e-06,57.9906427671654,2.712858342287,1.0,saturating,0.08,False,True
fit_joint_tsne_vi_seed25_C02Sc01_vt_seed10,seed299,9,25,C02,Sc01,10,p_wgd,1.24027325450911e-05,0.0003312053922759,0.0374472542849141,2.19473849265265,0.999999999999916,saturating,0.0799999999999933,False,True
fit_joint_tsne_vi_seed25_C02Sc01_vt_seed10,seed299,9,25,C02,Sc01,10,gamma_mu,2.6787234895116,1.2,2.232269574593,2.27495921463323,0.999999999999991,saturating,0.0799999999999993,False,True
fit_joint_tsne_vi_seed25_C02Sc01_vt_seed10,seed375,10,25,C02,Sc01,10,O2_crit,0.168760323014007,1.58620678578554,0.10639238498178,1.49706070075049,0.99999917463666,saturating,0.0799999339709328,False,True
fit_joint_tsne_vi_seed25_C02Sc01_vt_seed10,seed375,10,25,C02,Sc01,10,mu_hp,0.0498842540247737,0.005,9.97685080495474,1.53691304272948,0.999999612339403,saturating,0.0799999689871523,False,True
fit_joint_tsne_vi_seed25_C02Sc01_vt_seed10,seed375,10,25,C02,Sc01,10,p_misseg,0.186505530221572,0.0105535150770604,17.6723611857976,1.91891473695002,0.999999999898804,saturating,0.0799999999919043,False,True
fit_joint_tsne_vi_seed25_C02Sc01_vt_seed10,seed375,10,25,C02,Sc01,10,k_o_mis,0.0027445872539549,0.0001128986825222,24.3101796463744,2.13198179721054,0.99999999999954,saturating,0.0799999999999632,False,True
fit_joint_tsne_vi_seed25_C02Sc01_vt_seed10,seed375,10,25,C02,Sc01,10,buffer_smax,0.91383579399473,1.0,0.91383579399473,0.132560316931185,0.104010410696479,near_quadratic,0.0083208328557183,False,True
fit_joint_tsne_vi_seed25_C02Sc01_vt_seed10,seed375,10,25,C02,Sc01,10,buffer_beta,0.227352097320628,1.59113027351929,0.142887167131681,1.30001042148819,0.999974136280166,saturating,0.0799979309024133,False,True
fit_joint_tsne_vi_seed25_C02Sc01_vt_seed10,seed375,10,25,C02,Sc01,10,buffer_n_exp,10.0,3.15756611375965,3.1669962368874,0.770226995894605,0.975468816075587,saturating,0.0780375052860469,False,True
fit_joint_tsne_vi_seed25_C02Sc01_vt_seed10,seed375,10,25,C02,Sc01,10,n_O,1.6636073078992,1.86857483366499,0.890308098946313,0.315334655024293,0.462848259765992,near_quadratic,0.0370278607812793,False,True
fit_joint_tsne_vi_seed25_C02Sc01_vt_seed10,seed375,10,25,C02,Sc01,10,alpha_o2,1.74037848667329,0.5,3.48075697334658,0.83334415673373,0.986968561857116,saturating,0.0789574849485693,False,True
fit_joint_tsne_vi_seed25_C02Sc01_vt_seed10,seed375,10,25,C02,Sc01,10,gamma_growth,2.86237213071632,1.5,1.90824808714421,2.09595712417895,0.999999999998809,saturating,0.0799999999999048,False,True
fit_joint_tsne_vi_seed25_C02Sc01_vt_seed10,seed375,10,25,C02,Sc01,10,lam_max,0.238802464684995,1.3485151936293,0.1770854832138,1.15664159867771,0.999766276946059,saturating,0.0799813021556847,False,True
fit_joint_tsne_vi_seed25_C02Sc01_vt_seed10,seed375,10,25,C02,Sc01,10,p_mis_base,0.0004953454600379,8.54181703118544e-06,57.9906427671654,2.712858342287,1.0,saturating,0.08,False,True
fit_joint_tsne_vi_seed25_C02Sc01_vt_seed10,seed375,10,25,C02,Sc01,10,p_wgd,1.24027325450911e-05,0.0003312053922759,0.0374472542849141,2.19473849265265,0.999999999999916,saturating,0.0799999999999933,False,True
fit_joint_tsne_vi_seed25_C02Sc01_vt_seed10,seed375,10,25,C02,Sc01,10,gamma_mu,2.6787234895116,1.2,2.232269574593,2.27495921463323,0.999999999999991,saturating,0.0799999999999993,False,True
fit_joint_tsne_vi_seed290_C01Sc02_vt_seed10,seed155,1,290,C01,Sc02,10,O2_crit,0.104793819950214,1.58620678578554,0.0660656737124705,1.81542174135808,0.999999998867089,saturating,0.0799999999093672,False,True
fit_joint_tsne_vi_seed290_C01Sc02_vt_seed10,seed155,1,290,C01,Sc02,10,mu_hp,0.14893296184244,0.005,29.786592368488,2.26772434170295,0.999999999999989,saturating,0.0799999999999991,False,True
fit_joint_tsne_vi_seed290_C01Sc02_vt_seed10,seed155,1,290,C01,Sc02,10,p_misseg,0.5,0.0105535150770604,47.3775795409458,2.57780441448003,1.0,saturating,0.08,False,True
fit_joint_tsne_vi_seed290_C01Sc02_vt_seed10,seed155,1,290,C01,Sc02,10,k_o_mis,0.001,0.0001128986825222,8.85749928749526,1.45740173241569,0.999998283329348,saturating,0.0799998626663478,False,True
fit_joint_tsne_vi_seed290_C01Sc02_vt_seed10,seed155,1,290,C01,Sc02,10,buffer_smax,0.964934689479191,1.0,0.964934689479191,0.0539466315704753,0.0180245727534289,near_quadratic,0.0014419658202743,False,True
fit_joint_tsne_vi_seed290_C01Sc02_vt_seed10,seed155,1,290,C01,Sc02,10,buffer_beta,0.017263986991193,1.59113027351929,0.0108501404809602,3.02240713661634,1.0,saturating,0.08,False,True
fit_joint_tsne_vi_seed290_C01Sc02_vt_seed10,seed155,1,290,C01,Sc02,10,buffer_n_exp,0.895463273281003,3.15756611375965,0.283592881675181,0.842007191328303,0.98809861726092,saturating,0.0790478893808736,False,True
fit_joint_tsne_vi_seed290_C01Sc02_vt_seed10,seed155,1,290,C01,Sc02,10,n_O,2.58680928137211,1.86857483366499,1.38437553303572,1.10497607339557,0.999514861318835,saturating,0.0799611889055069,False,True
fit_joint_tsne_vi_seed290_C01Sc02_vt_seed10,seed155,1,290,C01,Sc02,10,alpha_o2,1.28796322640611,0.5,2.57592645281222,0.632205321539603,0.917752501538713,saturating,0.0734202001230971,False,True
fit_joint_tsne_vi_seed290_C01Sc02_vt_seed10,seed155,1,290,C01,Sc02,10,gamma_growth,2.56231479917397,1.5,1.70820986611598,1.63433046026765,0.999999943778991,saturating,0.0799999955023193,False,True
fit_joint_tsne_vi_seed290_C01Sc02_vt_seed10,seed155,1,290,C01,Sc02,10,lam_max,0.133751932601592,1.3485151936293,0.0991845944587553,1.5439319662442,0.999999661346026,saturating,0.0799999729076821,False,True
fit_joint_tsne_vi_seed290_C01Sc02_vt_seed10,seed155,1,290,C01,Sc02,10,p_mis_base,1.82087869985962e-05,9.7221856718864e-06,1.87291084670913,0.419257084332031,0.666663617852094,saturating,0.0533330894281676,False,True
fit_joint_tsne_vi_seed290_C01Sc02_vt_seed10,seed155,1,290,C01,Sc02,10,p_wgd,0.0001875950517515,0.0001844001451495,1.01732594407384,0.0114771078677245,0.0008229362333885,near_quadratic,6.58348986710866e-05,False,True
fit_joint_tsne_vi_seed290_C01Sc02_vt_seed10,seed155,1,290,C01,Sc02,10,gamma_mu,2.86128357101961,1.2,2.38440297584968,2.55582087849171,1.0,saturating,0.08,False,True
fit_joint_tsne_vi_seed290_C01Sc02_vt_seed10,seed28,2,290,C01,Sc02,10,O2_crit,0.104793819950214,1.58620678578554,0.0660656737124705,1.81542174135808,0.999999998867089,saturating,0.0799999999093672,False,True
fit_joint_tsne_vi_seed290_C01Sc02_vt_seed10,seed28,2,290,C01,Sc02,10,mu_hp,0.14893296184244,0.005,29.786592368488,2.26772434170295,0.999999999999989,saturating,0.0799999999999991,False,True
fit_joint_tsne_vi_seed290_C01Sc02_vt_seed10,seed28,2,290,C01,Sc02,10,p_misseg,0.5,0.0105535150770604,47.3775795409458,2.57780441448003,1.0,saturating,0.08,False,True
fit_joint_tsne_vi_seed290_C01Sc02_vt_seed10,seed28,2,290,C01,Sc02,10,k_o_mis,0.001,0.0001128986825222,8.85749928749526,1.45740173241569,0.999998283329348,saturating,0.0799998626663478,False,True
fit_joint_tsne_vi_seed290_C01Sc02_vt_seed10,seed28,2,290,C01,Sc02,10,buffer_smax,0.964934689479191,1.0,0.964934689479191,0.0539466315704753,0.0180245727534289,near_quadratic,0.0014419658202743,False,True
fit_joint_tsne_vi_seed290_C01Sc02_vt_seed10,seed28,2,290,C01,Sc02,10,buffer_beta,0.017263986991193,1.59113027351929,0.0108501404809602,3.02240713661634,1.0,saturating,0.08,False,True
fit_joint_tsne_vi_seed290_C01Sc02_vt_seed10,seed28,2,290,C01,Sc02,10,buffer_n_exp,0.895463273281003,3.15756611375965,0.283592881675181,0.842007191328303,0.98809861726092,saturating,0.0790478893808736,False,True
fit_joint_tsne_vi_seed290_C01Sc02_vt_seed10,seed28,2,290,C01,Sc02,10,n_O,2.58680928137211,1.86857483366499,1.38437553303572,1.10497607339557,0.999514861318835,saturating,0.0799611889055069,False,True
fit_joint_tsne_vi_seed290_C01Sc02_vt_seed10,seed28,2,290,C01,Sc02,10,alpha_o2,1.28796322640611,0.5,2.57592645281222,0.632205321539603,0.917752501538713,saturating,0.0734202001230971,False,True
fit_joint_tsne_vi_seed290_C01Sc02_vt_seed10,seed28,2,290,C01,Sc02,10,gamma_growth,2.56231479917397,1.5,1.70820986611598,1.63433046026765,0.999999943778991,saturating,0.0799999955023193,False,True
fit_joint_tsne_vi_seed290_C01Sc02_vt_seed10,seed28,2,290,C01,Sc02,10,lam_max,0.133751932601592,1.3485151936293,0.0991845944587553,1.5439319662442,0.999999661346026,saturating,0.0799999729076821,False,True
fit_joint_tsne_vi_seed290_C01Sc02_vt_seed10,seed28,2,290,C01,Sc02,10,p_mis_base,1.32879323676373e-05,1.33225548687572e-05,0.997401211594848,0.0017386285497871,1.88925042476917e-05,near_quadratic,1.51140033981534e-06,False,True
fit_joint_tsne_vi_seed290_C01Sc02_vt_seed10,seed28,2,290,C01,Sc02,10,p_wgd,0.0001089025940434,0.0003176467473172,0.342841835980478,0.715240288980538,0.959127760762298,saturating,0.0767302208609838,False,True
fit_joint_tsne_vi_seed290_C01Sc02_vt_seed10,seed28,2,290,C01,Sc02,10,gamma_mu,2.86128357101961,1.2,2.38440297584968,2.55582087849171,1.0,saturating,0.08,False,True
fit_joint_tsne_vi_seed290_C01Sc02_vt_seed10,seed211,3,290,C01,Sc02,10,O2_crit,0.104793819950214,1.58620678578554,0.0660656737124705,1.81542174135808,0.999999998867089,saturating,0.0799999999093672,False,True
fit_joint_tsne_vi_seed290_C01Sc02_vt_seed10,seed211,3,290,C01,Sc02,10,mu_hp,0.14893296184244,0.005,29.786592368488,2.26772434170295,0.999999999999989,saturating,0.0799999999999991,False,True
fit_joint_tsne_vi_seed290_C01Sc02_vt_seed10,seed211,3,290,C01,Sc02,10,p_misseg,0.5,0.0105535150770604,47.3775795409458,2.57780441448003,1.0,saturating,0.08,False,True
fit_joint_tsne_vi_seed290_C01Sc02_vt_seed10,seed211,3,290,C01,Sc02,10,k_o_mis,0.001,0.0001128986825222,8.85749928749526,1.45740173241569,0.999998283329348,saturating,0.0799998626663478,False,True
fit_joint_tsne_vi_seed290_C01Sc02_vt_seed10,seed211,3,290,C01,Sc02,10,buffer_smax,0.964934689479191,1.0,0.964934689479191,0.0539466315704753,0.0180245727534289,near_quadratic,0.0014419658202743,False,True
fit_joint_tsne_vi_seed290_C01Sc02_vt_seed10,seed211,3,290,C01,Sc02,10,buffer_beta,0.017263986991193,1.59113027351929,0.0108501404809602,3.02240713661634,1.0,saturating,0.08,False,True
fit_joint_tsne_vi_seed290_C01Sc02_vt_seed10,seed211,3,290,C01,Sc02,10,buffer_n_exp,0.895463273281003,3.15756611375965,0.283592881675181,0.842007191328303,0.98809861726092,saturating,0.0790478893808736,False,True
fit_joint_tsne_vi_seed290_C01Sc02_vt_seed10,seed211,3,290,C01,Sc02,10,n_O,2.58680928137211,1.86857483366499,1.38437553303572,1.10497607339557,0.999514861318835,saturating,0.0799611889055069,False,True
fit_joint_tsne_vi_seed290_C01Sc02_vt_seed10,seed211,3,290,C01,Sc02,10,alpha_o2,1.28796322640611,0.5,2.57592645281222,0.632205321539603,0.917752501538713,saturating,0.0734202001230971,False,True
fit_joint_tsne_vi_seed290_C01Sc02_vt_seed10,seed211,3,290,C01,Sc02,10,gamma_growth,2.56231479917397,1.5,1.70820986611598,1.63433046026765,0.999999943778991,saturating,0.0799999955023193,False,True
fit_joint_tsne_vi_seed290_C01Sc02_vt_seed10,seed211,3,290,C01,Sc02,10,lam_max,0.133751932601592,1.3485151936293,0.0991845944587553,1.5439319662442,0.999999661346026,saturating,0.0799999729076821,False,True
fit_joint_tsne_vi_seed290_C01Sc02_vt_seed10,seed211,3,290,C01,Sc02,10,p_mis_base,1.29741254622754e-05,1.36447892827095e-05,0.950848356355052,0.0336749844569344,0.0070624713157208,near_quadratic,0.0005649977052576,False,True
fit_joint_tsne_vi_seed290_C01Sc02_vt_seed10,seed211,3,290,C01,Sc02,10,p_wgd,0.0001104485337526,0.0003132006700043,0.352644627966802,0.696404196338706,0.951738325853436,saturating,0.0761390660682749,False,True
fit_joint_tsne_vi_seed290_C01Sc02_vt_seed10,seed211,3,290,C01,Sc02,10,gamma_mu,2.86128357101961,1.2,2.38440297584968,2.55582087849171,1.0,saturating,0.08,False,True
fit_joint_tsne_vi_seed290_C01Sc02_vt_seed10,seed176,4,290,C01,Sc02,10,O2_crit,0.104793819950214,1.58620678578554,0.0660656737124705,1.81542174135808,0.999999998867089,saturating,0.0799999999093672,False,True
fit_joint_tsne_vi_seed290_C01Sc02_vt_seed10,seed176,4,290,C01,Sc02,10,mu_hp,0.14893296184244,0.005,29.786592368488,2.26772434170295,0.999999999999989,saturating,0.0799999999999991,False,True
fit_joint_tsne_vi_seed290_C01Sc02_vt_seed10,seed176,4,290,C01,Sc02,10,p_misseg,0.5,0.0105535150770604,47.3775795409458,2.57780441448003,1.0,saturating,0.08,False,True
fit_joint_tsne_vi_seed290_C01Sc02_vt_seed10,seed176,4,290,C01,Sc02,10,k_o_mis,0.001,0.0001128986825222,8.85749928749526,1.45740173241569,0.999998283329348,saturating,0.0799998626663478,False,True
fit_joint_tsne_vi_seed290_C01Sc02_vt_seed10,seed176,4,290,C01,Sc02,10,buffer_smax,0.964934689479191,1.0,0.964934689479191,0.0539466315704753,0.0180245727534289,near_quadratic,0.0014419658202743,False,True
fit_joint_tsne_vi_seed290_C01Sc02_vt_seed10,seed176,4,290,C01,Sc02,10,buffer_beta,0.017263986991193,1.59113027351929,0.0108501404809602,3.02240713661634,1.0,saturating,0.08,False,True
fit_joint_tsne_vi_seed290_C01Sc02_vt_seed10,seed176,4,290,C01,Sc02,10,buffer_n_exp,0.895463273281003,3.15756611375965,0.283592881675181,0.842007191328303,0.98809861726092,saturating,0.0790478893808736,False,True
fit_joint_tsne_vi_seed290_C01Sc02_vt_seed10,seed176,4,290,C01,Sc02,10,n_O,2.58680928137211,1.86857483366499,1.38437553303572,1.10497607339557,0.999514861318835,saturating,0.0799611889055069,False,True
fit_joint_tsne_vi_seed290_C01Sc02_vt_seed10,seed176,4,290,C01,Sc02,10,alpha_o2,1.28796322640611,0.5,2.57592645281222,0.632205321539603,0.917752501538713,saturating,0.0734202001230971,False,True
fit_joint_tsne_vi_seed290_C01Sc02_vt_seed10,seed176,4,290,C01,Sc02,10,gamma_growth,2.56231479917397,1.5,1.70820986611598,1.63433046026765,0.999999943778991,saturating,0.0799999955023193,False,True
fit_joint_tsne_vi_seed290_C01Sc02_vt_seed10,seed176,4,290,C01,Sc02,10,lam_max,0.133751932601592,1.3485151936293,0.0991845944587553,1.5439319662442,0.999999661346026,saturating,0.0799999729076821,False,True
fit_joint_tsne_vi_seed290_C01Sc02_vt_seed10,seed176,4,290,C01,Sc02,10,p_mis_base,1.91278499025562e-05,9.25505004284485e-06,2.06674732324588,0.485057513572839,0.770190585623119,saturating,0.0616152468498496,False,True
fit_joint_tsne_vi_seed290_C01Sc02_vt_seed10,seed176,4,290,C01,Sc02,10,p_wgd,0.0001734253541476,0.000199466536726,0.869445857907453,0.0934730110542919,0.053143306171975,near_quadratic,0.004251464493758,False,True
fit_joint_tsne_vi_seed290_C01Sc02_vt_seed10,seed176,4,290,C01,Sc02,10,gamma_mu,2.86128357101961,1.2,2.38440297584968,2.55582087849171,1.0,saturating,0.08,False,True
fit_joint_tsne_vi_seed290_C01Sc02_vt_seed10,seed307,5,290,C01,Sc02,10,O2_crit,0.104793819950214,1.58620678578554,0.0660656737124705,1.81542174135808,0.999999998867089,saturating,0.0799999999093672,False,True
fit_joint_tsne_vi_seed290_C01Sc02_vt_seed10,seed307,5,290,C01,Sc02,10,mu_hp,0.14893296184244,0.005,29.786592368488,2.26772434170295,0.999999999999989,saturating,0.0799999999999991,False,True
fit_joint_tsne_vi_seed290_C01Sc02_vt_seed10,seed307,5,290,C01,Sc02,10,p_misseg,0.5,0.0105535150770604,47.3775795409458,2.57780441448003,1.0,saturating,0.08,False,True
fit_joint_tsne_vi_seed290_C01Sc02_vt_seed10,seed307,5,290,C01,Sc02,10,k_o_mis,0.001,0.0001128986825222,8.85749928749526,1.45740173241569,0.999998283329348,saturating,0.0799998626663478,False,True
fit_joint_tsne_vi_seed290_C01Sc02_vt_seed10,seed307,5,290,C01,Sc02,10,buffer_smax,0.964934689479191,1.0,0.964934689479191,0.0539466315704753,0.0180245727534289,near_quadratic,0.0014419658202743,False,True
fit_joint_tsne_vi_seed290_C01Sc02_vt_seed10,seed307,5,290,C01,Sc02,10,buffer_beta,0.017263986991193,1.59113027351929,0.0108501404809602,3.02240713661634,1.0,saturating,0.08,False,True
fit_joint_tsne_vi_seed290_C01Sc02_vt_seed10,seed307,5,290,C01,Sc02,10,buffer_n_exp,0.913744179866743,3.22202791011277,0.283592881675181,0.842007191328303,0.98809861726092,saturating,0.0790478893808736,False,True
fit_joint_tsne_vi_seed290_C01Sc02_vt_seed10,seed307,5,290,C01,Sc02,10,n_O,2.58680928137211,1.86857483366499,1.38437553303572,1.10497607339557,0.999514861318835,saturating,0.0799611889055069,False,True
fit_joint_tsne_vi_seed290_C01Sc02_vt_seed10,seed307,5,290,C01,Sc02,10,alpha_o2,1.28796322640611,0.5,2.57592645281222,0.632205321539603,0.917752501538713,saturating,0.0734202001230971,False,True
fit_joint_tsne_vi_seed290_C01Sc02_vt_seed10,seed307,5,290,C01,Sc02,10,gamma_growth,2.56231479917397,1.5,1.70820986611598,1.63433046026765,0.999999943778991,saturating,0.0799999955023193,False,True
fit_joint_tsne_vi_seed290_C01Sc02_vt_seed10,seed307,5,290,C01,Sc02,10,lam_max,0.133751932601592,1.3485151936293,0.0991845944587553,1.5439319662442,0.999999661346026,saturating,0.0799999729076821,False,True
fit_joint_tsne_vi_seed290_C01Sc02_vt_seed10,seed307,5,290,C01,Sc02,10,p_mis_base,2.14063977009859e-05,8.26992054118612e-06,2.58846473728219,0.635449619929121,0.91983965771846,saturating,0.0735871726174768,False,True
fit_joint_tsne_vi_seed290_C01Sc02_vt_seed10,seed307,5,290,C01,Sc02,10,p_wgd,0.0002440727843028,0.000269812570191,0.90460123533159,0.0669889592511405,0.0276573383983455,near_quadratic,0.0022125870718676,False,True
fit_joint_tsne_vi_seed290_C01Sc02_vt_seed10,seed307,5,290,C01,Sc02,10,gamma_mu,2.86128357101961,1.2,2.38440297584968,2.55582087849171,1.0,saturating,0.08,False,True
fit_joint_tsne_vi_seed290_C01Sc02_vt_seed10,seed241,6,290,C01,Sc02,10,O2_crit,0.104793819950214,1.58620678578554,0.0660656737124705,1.81542174135808,0.999999998867089,saturating,0.0799999999093672,False,True
fit_joint_tsne_vi_seed290_C01Sc02_vt_seed10,seed241,6,290,C01,Sc02,10,mu_hp,0.14893296184244,0.005,29.786592368488,2.26772434170295,0.999999999999989,saturating,0.0799999999999991,False,True
fit_joint_tsne_vi_seed290_C01Sc02_vt_seed10,seed241,6,290,C01,Sc02,10,p_misseg,0.5,0.0105535150770604,47.3775795409458,2.57780441448003,1.0,saturating,0.08,False,True
fit_joint_tsne_vi_seed290_C01Sc02_vt_seed10,seed241,6,290,C01,Sc02,10,k_o_mis,0.001,0.0001128986825222,8.85749928749526,1.45740173241569,0.999998283329348,saturating,0.0799998626663478,False,True
fit_joint_tsne_vi_seed290_C01Sc02_vt_seed10,seed241,6,290,C01,Sc02,10,buffer_smax,0.964934689479191,1.0,0.964934689479191,0.0539466315704753,0.0180245727534289,near_quadratic,0.0014419658202743,False,True
fit_joint_tsne_vi_seed290_C01Sc02_vt_seed10,seed241,6,290,C01,Sc02,10,buffer_beta,0.017263986991193,1.59113027351929,0.0108501404809602,3.02240713661634,1.0,saturating,0.08,False,True
fit_joint_tsne_vi_seed290_C01Sc02_vt_seed10,seed241,6,290,C01,Sc02,10,buffer_n_exp,0.895463273281003,3.15756611375965,0.283592881675181,0.842007191328303,0.98809861726092,saturating,0.0790478893808736,False,True
fit_joint_tsne_vi_seed290_C01Sc02_vt_seed10,seed241,6,290,C01,Sc02,10,n_O,2.58680928137211,1.86857483366499,1.38437553303572,1.10497607339557,0.999514861318835,saturating,0.0799611889055069,False,True
fit_joint_tsne_vi_seed290_C01Sc02_vt_seed10,seed241,6,290,C01,Sc02,10,alpha_o2,1.28796322640611,0.5,2.57592645281222,0.632205321539603,0.917752501538713,saturating,0.0734202001230971,False,True
fit_joint_tsne_vi_seed290_C01Sc02_vt_seed10,seed241,6,290,C01,Sc02,10,gamma_growth,2.56231479917397,1.5,1.70820986611598,1.63433046026765,0.999999943778991,saturating,0.0799999955023193,False,True
fit_joint_tsne_vi_seed290_C01Sc02_vt_seed10,seed241,6,290,C01,Sc02,10,lam_max,0.133751932601592,1.3485151936293,0.0991845944587553,1.5439319662442,0.999999661346026,saturating,0.0799999729076821,False,True
fit_joint_tsne_vi_seed290_C01Sc02_vt_seed10,seed241,6,290,C01,Sc02,10,p_mis_base,1.43864210929017e-05,1.23052986505121e-05,1.169124090483,0.104400937685182,0.0658537082022957,near_quadratic,0.0052682966561836,False,True
fit_joint_tsne_vi_seed290_C01Sc02_vt_seed10,seed241,6,290,C01,Sc02,10,p_wgd,0.0001044444190193,0.0003312053922759,0.315346372538218,0.771095631347777,0.975673231590017,saturating,0.0780538585272014,False,True
fit_joint_tsne_vi_seed290_C01Sc02_vt_seed10,seed241,6,290,C01,Sc02,10,gamma_mu,2.86128357101961,1.2,2.38440297584968,2.55582087849171,1.0,saturating,0.08,False,True
fit_joint_tsne_vi_seed290_C01Sc02_vt_seed10,seed303,7,290,C01,Sc02,10,O2_crit,0.104793819950214,1.58620678578554,0.0660656737124705,1.81542174135808,0.999999998867089,saturating,0.0799999999093672,False,True
fit_joint_tsne_vi_seed290_C01Sc02_vt_seed10,seed303,7,290,C01,Sc02,10,mu_hp,0.14893296184244,0.005,29.786592368488,2.26772434170295,0.999999999999989,saturating,0.0799999999999991,False,True
fit_joint_tsne_vi_seed290_C01Sc02_vt_seed10,seed303,7,290,C01,Sc02,10,p_misseg,0.5,0.0105535150770604,47.3775795409458,2.57780441448003,1.0,saturating,0.08,False,True
fit_joint_tsne_vi_seed290_C01Sc02_vt_seed10,seed303,7,290,C01,Sc02,10,k_o_mis,0.001,0.0001128986825222,8.85749928749526,1.45740173241569,0.999998283329348,saturating,0.0799998626663478,False,True
fit_joint_tsne_vi_seed290_C01Sc02_vt_seed10,seed303,7,290,C01,Sc02,10,buffer_smax,0.964934689479191,1.0,0.964934689479191,0.0539466315704753,0.0180245727534289,near_quadratic,0.0014419658202743,False,True
fit_joint_tsne_vi_seed290_C01Sc02_vt_seed10,seed303,7,290,C01,Sc02,10,buffer_beta,0.017263986991193,1.59113027351929,0.0108501404809602,3.02240713661634,1.0,saturating,0.08,False,True
fit_joint_tsne_vi_seed290_C01Sc02_vt_seed10,seed303,7,290,C01,Sc02,10,buffer_n_exp,0.895463273281003,3.15756611375965,0.283592881675181,0.842007191328303,0.98809861726092,saturating,0.0790478893808736,False,True
fit_joint_tsne_vi_seed290_C01Sc02_vt_seed10,seed303,7,290,C01,Sc02,10,n_O,2.58680928137211,1.86857483366499,1.38437553303572,1.10497607339557,0.999514861318835,saturating,0.0799611889055069,False,True
fit_joint_tsne_vi_seed290_C01Sc02_vt_seed10,seed303,7,290,C01,Sc02,10,alpha_o2,1.28796322640611,0.5,2.57592645281222,0.632205321539603,0.917752501538713,saturating,0.0734202001230971,False,True
fit_joint_tsne_vi_seed290_C01Sc02_vt_seed10,seed303,7,290,C01,Sc02,10,gamma_growth,2.56231479917397,1.5,1.70820986611598,1.63433046026765,0.999999943778991,saturating,0.0799999955023193,False,True
fit_joint_tsne_vi_seed290_C01Sc02_vt_seed10,seed303,7,290,C01,Sc02,10,lam_max,0.133751932601592,1.3485151936293,0.0991845944587553,1.5439319662442,0.999999661346026,saturating,0.0799999729076821,False,True
fit_joint_tsne_vi_seed290_C01Sc02_vt_seed10,seed303,7,290,C01,Sc02,10,p_mis_base,1.93341617844409e-05,9.15629082004716e-06,2.11157139549455,0.499393492580423,0.789593020827749,saturating,0.0631674416662199,False,True
fit_joint_tsne_vi_seed290_C01Sc02_vt_seed10,seed303,7,290,C01,Sc02,10,p_wgd,0.0001732791765817,0.0001996348058359,0.867980790504746,0.0945998249147628,0.0543966058871451,near_quadratic,0.0043517284709716,False,True
fit_joint_tsne_vi_seed290_C01Sc02_vt_seed10,seed303,7,290,C01,Sc02,10,gamma_mu,2.86128357101961,1.2,2.38440297584968,2.55582087849171,1.0,saturating,0.08,False,True
fit_joint_tsne_vi_seed290_C01Sc02_vt_seed10,seed130,8,290,C01,Sc02,10,O2_crit,0.104793819950214,1.58620678578554,0.0660656737124705,1.81542174135808,0.999999998867089,saturating,0.0799999999093672,False,True
fit_joint_tsne_vi_seed290_C01Sc02_vt_seed10,seed130,8,290,C01,Sc02,10,mu_hp,0.14893296184244,0.005,29.786592368488,2.26772434170295,0.999999999999989,saturating,0.0799999999999991,False,True
fit_joint_tsne_vi_seed290_C01Sc02_vt_seed10,seed130,8,290,C01,Sc02,10,p_misseg,0.5,0.0105535150770604,47.3775795409458,2.57780441448003,1.0,saturating,0.08,False,True
fit_joint_tsne_vi_seed290_C01Sc02_vt_seed10,seed130,8,290,C01,Sc02,10,k_o_mis,0.001,0.0001128986825222,8.85749928749526,1.45740173241569,0.999998283329348,saturating,0.0799998626663478,False,True
fit_joint_tsne_vi_seed290_C01Sc02_vt_seed10,seed130,8,290,C01,Sc02,10,buffer_smax,0.964934689479191,1.0,0.964934689479191,0.0539466315704753,0.0180245727534289,near_quadratic,0.0014419658202743,False,True
fit_joint_tsne_vi_seed290_C01Sc02_vt_seed10,seed130,8,290,C01,Sc02,10,buffer_beta,0.017263986991193,1.59113027351929,0.0108501404809602,3.02240713661634,1.0,saturating,0.08,False,True
fit_joint_tsne_vi_seed290_C01Sc02_vt_seed10,seed130,8,290,C01,Sc02,10,buffer_n_exp,0.87721161940614,3.22326383426448,0.272150113832153,0.869525353376364,0.991133406697286,saturating,0.0792906725357829,False,True
fit_joint_tsne_vi_seed290_C01Sc02_vt_seed10,seed130,8,290,C01,Sc02,10,n_O,2.58680928137211,1.86857483366499,1.38437553303572,1.10497607339557,0.999514861318835,saturating,0.0799611889055069,False,True
fit_joint_tsne_vi_seed290_C01Sc02_vt_seed10,seed130,8,290,C01,Sc02,10,alpha_o2,1.28796322640611,0.5,2.57592645281222,0.632205321539603,0.917752501538713,saturating,0.0734202001230971,False,True
fit_joint_tsne_vi_seed290_C01Sc02_vt_seed10,seed130,8,290,C01,Sc02,10,gamma_growth,2.56231479917397,1.5,1.70820986611598,1.63433046026765,0.999999943778991,saturating,0.0799999955023193,False,True
fit_joint_tsne_vi_seed290_C01Sc02_vt_seed10,seed130,8,290,C01,Sc02,10,lam_max,0.133751932601592,1.3485151936293,0.0991845944587553,1.5439319662442,0.999999661346026,saturating,0.0799999729076821,False,True
fit_joint_tsne_vi_seed290_C01Sc02_vt_seed10,seed130,8,290,C01,Sc02,10,p_mis_base,2.0725005863959e-05,8.54181703118544e-06,2.42629943819843,0.592222150241248,0.88831180018234,saturating,0.0710649440145872,False,True
fit_joint_tsne_vi_seed290_C01Sc02_vt_seed10,seed130,8,290,C01,Sc02,10,p_wgd,0.0001680469835442,0.0002058504951575,0.816354526695222,0.135571068829407,0.108519724413849,near_quadratic,0.0086815779531079,False,True
fit_joint_tsne_vi_seed290_C01Sc02_vt_seed10,seed130,8,290,C01,Sc02,10,gamma_mu,2.86128357101961,1.2,2.38440297584968,2.55582087849171,1.0,saturating,0.08,False,True
fit_joint_tsne_vi_seed290_C01Sc02_vt_seed10,seed405,9,290,C01,Sc02,10,O2_crit,0.104793819950214,1.58620678578554,0.0660656737124705,1.81542174135808,0.999999998867089,saturating,0.0799999999093672,False,True
fit_joint_tsne_vi_seed290_C01Sc02_vt_seed10,seed405,9,290,C01,Sc02,10,mu_hp,0.14893296184244,0.005,29.786592368488,2.26772434170295,0.999999999999989,saturating,0.0799999999999991,False,True
fit_joint_tsne_vi_seed290_C01Sc02_vt_seed10,seed405,9,290,C01,Sc02,10,p_misseg,0.5,0.0105535150770604,47.3775795409458,2.57780441448003,1.0,saturating,0.08,False,True
fit_joint_tsne_vi_seed290_C01Sc02_vt_seed10,seed405,9,290,C01,Sc02,10,k_o_mis,0.001,0.0001128986825222,8.85749928749526,1.45740173241569,0.999998283329348,saturating,0.0799998626663478,False,True
fit_joint_tsne_vi_seed290_C01Sc02_vt_seed10,seed405,9,290,C01,Sc02,10,buffer_smax,0.964934689479191,1.0,0.964934689479191,0.0539466315704753,0.0180245727534289,near_quadratic,0.0014419658202743,False,True
fit_joint_tsne_vi_seed290_C01Sc02_vt_seed10,seed405,9,290,C01,Sc02,10,buffer_beta,0.017263986991193,1.59113027351929,0.0108501404809602,3.02240713661634,1.0,saturating,0.08,False,True
fit_joint_tsne_vi_seed290_C01Sc02_vt_seed10,seed405,9,290,C01,Sc02,10,buffer_n_exp,0.895463273281003,3.15756611375965,0.283592881675181,0.842007191328303,0.98809861726092,saturating,0.0790478893808736,False,True
fit_joint_tsne_vi_seed290_C01Sc02_vt_seed10,seed405,9,290,C01,Sc02,10,n_O,2.58680928137211,1.86857483366499,1.38437553303572,1.10497607339557,0.999514861318835,saturating,0.0799611889055069,False,True
fit_joint_tsne_vi_seed290_C01Sc02_vt_seed10,seed405,9,290,C01,Sc02,10,alpha_o2,1.28796322640611,0.5,2.57592645281222,0.632205321539603,0.917752501538713,saturating,0.0734202001230971,False,True
fit_joint_tsne_vi_seed290_C01Sc02_vt_seed10,seed405,9,290,C01,Sc02,10,gamma_growth,2.56231479917397,1.5,1.70820986611598,1.63433046026765,0.999999943778991,saturating,0.0799999955023193,False,True
fit_joint_tsne_vi_seed290_C01Sc02_vt_seed10,seed405,9,290,C01,Sc02,10,lam_max,0.133751932601592,1.3485151936293,0.0991845944587553,1.5439319662442,0.999999661346026,saturating,0.0799999729076821,False,True
fit_joint_tsne_vi_seed290_C01Sc02_vt_seed10,seed405,9,290,C01,Sc02,10,p_mis_base,1.91660270026003e-05,9.23661476821277e-06,2.07500556032271,0.487721945867703,0.773883370481402,saturating,0.0619106696385121,False,True
fit_joint_tsne_vi_seed290_C01Sc02_vt_seed10,seed405,9,290,C01,Sc02,10,p_wgd,0.0001664389340445,0.0002078393193929,0.800805807730233,0.148419670551308,0.128620326032538,near_quadratic,0.010289626082603,False,True
fit_joint_tsne_vi_seed290_C01Sc02_vt_seed10,seed405,9,290,C01,Sc02,10,gamma_mu,2.86128357101961,1.2,2.38440297584968,2.55582087849171,1.0,saturating,0.08,False,True
fit_joint_tsne_vi_seed290_C01Sc02_vt_seed10,seed357,10,290,C01,Sc02,10,O2_crit,0.104793819950214,1.58620678578554,0.0660656737124705,1.81542174135808,0.999999998867089,saturating,0.0799999999093672,False,True
fit_joint_tsne_vi_seed290_C01Sc02_vt_seed10,seed357,10,290,C01,Sc02,10,mu_hp,0.14893296184244,0.005,29.786592368488,2.26772434170295,0.999999999999989,saturating,0.0799999999999991,False,True
fit_joint_tsne_vi_seed290_C01Sc02_vt_seed10,seed357,10,290,C01,Sc02,10,p_misseg,0.5,0.0105535150770604,47.3775795409458,2.57780441448003,1.0,saturating,0.08,False,True
fit_joint_tsne_vi_seed290_C01Sc02_vt_seed10,seed357,10,290,C01,Sc02,10,k_o_mis,0.001,0.0001128986825222,8.85749928749526,1.45740173241569,0.999998283329348,saturating,0.0799998626663478,False,True
fit_joint_tsne_vi_seed290_C01Sc02_vt_seed10,seed357,10,290,C01,Sc02,10,buffer_smax,0.964934689479191,1.0,0.964934689479191,0.0539466315704753,0.0180245727534289,near_quadratic,0.0014419658202743,False,True
fit_joint_tsne_vi_seed290_C01Sc02_vt_seed10,seed357,10,290,C01,Sc02,10,buffer_beta,0.017263986991193,1.59113027351929,0.0108501404809602,3.02240713661634,1.0,saturating,0.08,False,True
fit_joint_tsne_vi_seed290_C01Sc02_vt_seed10,seed357,10,290,C01,Sc02,10,buffer_n_exp,0.895463273281003,3.15756611375965,0.283592881675181,0.842007191328303,0.98809861726092,saturating,0.0790478893808736,False,True
fit_joint_tsne_vi_seed290_C01Sc02_vt_seed10,seed357,10,290,C01,Sc02,10,n_O,2.58680928137211,1.86857483366499,1.38437553303572,1.10497607339557,0.999514861318835,saturating,0.0799611889055069,False,True
fit_joint_tsne_vi_seed290_C01Sc02_vt_seed10,seed357,10,290,C01,Sc02,10,alpha_o2,1.28796322640611,0.5,2.57592645281222,0.632205321539603,0.917752501538713,saturating,0.0734202001230971,False,True
fit_joint_tsne_vi_seed290_C01Sc02_vt_seed10,seed357,10,290,C01,Sc02,10,gamma_growth,2.56231479917397,1.5,1.70820986611598,1.63433046026765,0.999999943778991,saturating,0.0799999955023193,False,True
fit_joint_tsne_vi_seed290_C01Sc02_vt_seed10,seed357,10,290,C01,Sc02,10,lam_max,0.133751932601592,1.3485151936293,0.0991845944587553,1.5439319662442,0.999999661346026,saturating,0.0799999729076821,False,True
fit_joint_tsne_vi_seed290_C01Sc02_vt_seed10,seed357,10,290,C01,Sc02,10,p_mis_base,1.21132201969661e-05,1.4614545528077e-05,0.828846861758001,0.125424157763494,0.0936412870964338,near_quadratic,0.0074913029677147,False,True
fit_joint_tsne_vi_seed290_C01Sc02_vt_seed10,seed357,10,290,C01,Sc02,10,p_wgd,9.02739554346123e-05,0.0003831952926597,0.235582109602702,0.965934913067319,0.997066148170604,saturating,0.0797652918536483,False,True
fit_joint_tsne_vi_seed290_C01Sc02_vt_seed10,seed357,10,290,C01,Sc02,10,gamma_mu,2.86128357101961,1.2,2.38440297584968,2.55582087849171,1.0,saturating,0.08,False,True
fit_joint_tsne_vi_seed311_C03Sc02_vt_seed10,seed18,1,311,C03,Sc02,10,O2_crit,0.518155342380994,1.58620678578554,0.326663173442665,0.747538189536394,0.969577822243836,saturating,0.0775662257795069,False,True
fit_joint_tsne_vi_seed311_C03Sc02_vt_seed10,seed18,1,311,C03,Sc02,10,mu_hp,0.114055064805876,0.005,22.8110129611752,2.08945318658087,0.999999999998588,saturating,0.0799999999998871,False,True
fit_joint_tsne_vi_seed311_C03Sc02_vt_seed10,seed18,1,311,C03,Sc02,10,p_misseg,0.168924457323728,0.0105535150770604,16.0064638265321,1.85276214998099,0.999999999518708,saturating,0.0799999999614967,False,True
fit_joint_tsne_vi_seed311_C03Sc02_vt_seed10,seed18,1,311,C03,Sc02,10,k_o_mis,0.0014419734506073,0.0001128986825222,12.7722788113414,1.70195136979112,0.999999986274225,saturating,0.079999998901938,False,True
fit_joint_tsne_vi_seed311_C03Sc02_vt_seed10,seed18,1,311,C03,Sc02,10,buffer_smax,0.90411284701051,1.0,0.90411284701051,0.147518696906908,0.127167001115603,near_quadratic,0.0101733600892482,False,True
fit_joint_tsne_vi_seed311_C03Sc02_vt_seed10,seed18,1,311,C03,Sc02,10,buffer_beta,0.0989585048654445,1.59113027351929,0.0621938420205948,1.85577325206779,0.999999999551153,saturating,0.0799999999640923,False,True
fit_joint_tsne_vi_seed311_C03Sc02_vt_seed10,seed18,1,311,C03,Sc02,10,buffer_n_exp,8.13488252900956,3.15756611375965,2.57631423568944,0.632305897325947,0.917817851637188,saturating,0.0734254281309751,False,True
fit_joint_tsne_vi_seed311_C03Sc02_vt_seed10,seed18,1,311,C03,Sc02,10,n_O,4.892143175585,1.86857483366499,2.61811466549062,4.65164360295386,1.0,saturating,0.08,False,True
fit_joint_tsne_vi_seed311_C03Sc02_vt_seed10,seed18,1,311,C03,Sc02,10,alpha_o2,3.45051262568834,0.5,6.90102525137668,1.29063633311611,0.999969897080641,saturating,0.0799975917664513,False,True
fit_joint_tsne_vi_seed311_C03Sc02_vt_seed10,seed18,1,311,C03,Sc02,10,gamma_growth,1.93001693578451,1.5,1.28667795718967,0.661564516591554,0.935133408720227,saturating,0.0748106726976182,False,True
fit_joint_tsne_vi_seed311_C03Sc02_vt_seed10,seed18,1,311,C03,Sc02,10,lam_max,0.3,1.3485151936293,0.222466903908291,1.00420706040509,0.998168644500201,saturating,0.0798534915600161,False,True
fit_joint_tsne_vi_seed311_C03Sc02_vt_seed10,seed18,1,311,C03,Sc02,10,p_mis_base,0.047147263115454,8.54181703118544e-06,5519.58241944582,5.75677880414572,1.0,saturating,0.08,False,True
fit_joint_tsne_vi_seed311_C03Sc02_vt_seed10,seed18,1,311,C03,Sc02,10,p_wgd,0.0003804021281193,0.0003437732548949,1.10654951396848,0.0676474642434468,0.0281959809725763,near_quadratic,0.0022556784778061,False,True
fit_joint_tsne_vi_seed311_C03Sc02_vt_seed10,seed18,1,311,C03,Sc02,10,gamma_mu,2.14714151516203,1.20830083986902,1.77699248756194,1.44437026968155,0.999997825657471,saturating,0.0799998260525977,False,True
fit_joint_tsne_vi_seed311_C03Sc02_vt_seed10,seed402,2,311,C03,Sc02,10,O2_crit,0.518155342380994,1.58620678578554,0.326663173442665,0.747538189536394,0.969577822243836,saturating,0.0775662257795069,False,True
fit_joint_tsne_vi_seed311_C03Sc02_vt_seed10,seed402,2,311,C03,Sc02,10,mu_hp,0.114055064805876,0.005,22.8110129611752,2.08945318658087,0.999999999998588,saturating,0.0799999999998871,False,True
fit_joint_tsne_vi_seed311_C03Sc02_vt_seed10,seed402,2,311,C03,Sc02,10,p_misseg,0.168924457323728,0.0105535150770604,16.0064638265321,1.85276214998099,0.999999999518708,saturating,0.0799999999614967,False,True
fit_joint_tsne_vi_seed311_C03Sc02_vt_seed10,seed402,2,311,C03,Sc02,10,k_o_mis,0.0014419734506073,0.0001128986825222,12.7722788113414,1.70195136979112,0.999999986274225,saturating,0.079999998901938,False,True
fit_joint_tsne_vi_seed311_C03Sc02_vt_seed10,seed402,2,311,C03,Sc02,10,buffer_smax,0.90411284701051,1.0,0.90411284701051,0.147518696906908,0.127167001115603,near_quadratic,0.0101733600892482,False,True
fit_joint_tsne_vi_seed311_C03Sc02_vt_seed10,seed402,2,311,C03,Sc02,10,buffer_beta,0.0989585048654445,1.59113027351929,0.0621938420205948,1.85577325206779,0.999999999551153,saturating,0.0799999999640923,False,True
fit_joint_tsne_vi_seed311_C03Sc02_vt_seed10,seed402,2,311,C03,Sc02,10,buffer_n_exp,8.13488252900956,3.15756611375965,2.57631423568944,0.632305897325947,0.917817851637188,saturating,0.0734254281309751,False,True
fit_joint_tsne_vi_seed311_C03Sc02_vt_seed10,seed402,2,311,C03,Sc02,10,n_O,4.892143175585,1.86857483366499,2.61811466549062,4.65164360295386,1.0,saturating,0.08,False,True
fit_joint_tsne_vi_seed311_C03Sc02_vt_seed10,seed402,2,311,C03,Sc02,10,alpha_o2,3.45051262568834,0.5,6.90102525137668,1.29063633311611,0.999969897080641,saturating,0.0799975917664513,False,True
fit_joint_tsne_vi_seed311_C03Sc02_vt_seed10,seed402,2,311,C03,Sc02,10,gamma_growth,1.93001693578451,1.5,1.28667795718967,0.661564516591554,0.935133408720227,saturating,0.0748106726976182,False,True
fit_joint_tsne_vi_seed311_C03Sc02_vt_seed10,seed402,2,311,C03,Sc02,10,lam_max,0.3,1.3485151936293,0.222466903908291,1.00420706040509,0.998168644500201,saturating,0.0798534915600161,False,True
fit_joint_tsne_vi_seed311_C03Sc02_vt_seed10,seed402,2,311,C03,Sc02,10,p_mis_base,0.047147263115454,8.54181703118544e-06,5519.58241944582,5.75677880414572,1.0,saturating,0.08,False,True
fit_joint_tsne_vi_seed311_C03Sc02_vt_seed10,seed402,2,311,C03,Sc02,10,p_wgd,0.0005536281831226,0.0004963396940777,1.11542193729112,0.0729833563403069,0.0327430154531854,near_quadratic,0.0026194412362548,False,True
fit_joint_tsne_vi_seed311_C03Sc02_vt_seed10,seed402,2,311,C03,Sc02,10,gamma_mu,2.13884067529301,1.2,1.78236722941084,1.44437026968155,0.999997825657471,saturating,0.0799998260525977,False,True
fit_joint_tsne_vi_seed311_C03Sc02_vt_seed10,seed255,3,311,C03,Sc02,10,O2_crit,0.518155342380994,1.58620678578554,0.326663173442665,0.747538189536394,0.969577822243836,saturating,0.0775662257795069,False,True
fit_joint_tsne_vi_seed311_C03Sc02_vt_seed10,seed255,3,311,C03,Sc02,10,mu_hp,0.114055064805876,0.005,22.8110129611752,2.08945318658087,0.999999999998588,saturating,0.0799999999998871,False,True
fit_joint_tsne_vi_seed311_C03Sc02_vt_seed10,seed255,3,311,C03,Sc02,10,p_misseg,0.168924457323728,0.0105535150770604,16.0064638265321,1.85276214998099,0.999999999518708,saturating,0.0799999999614967,False,True
fit_joint_tsne_vi_seed311_C03Sc02_vt_seed10,seed255,3,311,C03,Sc02,10,k_o_mis,0.0014419734506073,0.0001128986825222,12.7722788113414,1.70195136979112,0.999999986274225,saturating,0.079999998901938,False,True
fit_joint_tsne_vi_seed311_C03Sc02_vt_seed10,seed255,3,311,C03,Sc02,10,buffer_smax,0.90411284701051,1.0,0.90411284701051,0.147518696906908,0.127167001115603,near_quadratic,0.0101733600892482,False,True
fit_joint_tsne_vi_seed311_C03Sc02_vt_seed10,seed255,3,311,C03,Sc02,10,buffer_beta,0.0989585048654445,1.59113027351929,0.0621938420205948,1.85577325206779,0.999999999551153,saturating,0.0799999999640923,False,True
fit_joint_tsne_vi_seed311_C03Sc02_vt_seed10,seed255,3,311,C03,Sc02,10,buffer_n_exp,8.13488252900956,3.15756611375965,2.57631423568944,0.632305897325947,0.917817851637188,saturating,0.0734254281309751,False,True
fit_joint_tsne_vi_seed311_C03Sc02_vt_seed10,seed255,3,311,C03,Sc02,10,n_O,4.892143175585,1.86857483366499,2.61811466549062,4.65164360295386,1.0,saturating,0.08,False,True
fit_joint_tsne_vi_seed311_C03Sc02_vt_seed10,seed255,3,311,C03,Sc02,10,alpha_o2,3.45051262568834,0.5,6.90102525137668,1.29063633311611,0.999969897080641,saturating,0.0799975917664513,False,True
fit_joint_tsne_vi_seed311_C03Sc02_vt_seed10,seed255,3,311,C03,Sc02,10,gamma_growth,1.92842089837505,1.50159603740946,1.28424746092294,0.65665363225475,0.932455082279755,saturating,0.0745964065823804,False,True
fit_joint_tsne_vi_seed311_C03Sc02_vt_seed10,seed255,3,311,C03,Sc02,10,lam_max,0.3,1.3485151936293,0.222466903908291,1.00420706040509,0.998168644500201,saturating,0.0798534915600161,False,True
fit_joint_tsne_vi_seed311_C03Sc02_vt_seed10,seed255,3,311,C03,Sc02,10,p_mis_base,0.047147263115454,8.54181703118544e-06,5519.58241944582,5.75677880414572,1.0,saturating,0.08,False,True
fit_joint_tsne_vi_seed311_C03Sc02_vt_seed10,seed255,3,311,C03,Sc02,10,p_wgd,0.0005193410988147,0.0005000012189684,1.03867966539404,0.0253563528685266,0.0040103409610563,near_quadratic,0.0003208272768845,False,True
fit_joint_tsne_vi_seed311_C03Sc02_vt_seed10,seed255,3,311,C03,Sc02,10,gamma_mu,2.13884067529301,1.2,1.78236722941084,1.44437026968155,0.999997825657471,saturating,0.0799998260525977,False,True
fit_joint_tsne_vi_seed311_C03Sc02_vt_seed10,seed43,4,311,C03,Sc02,10,O2_crit,0.518155342380994,1.58620678578554,0.326663173442665,0.747538189536394,0.969577822243836,saturating,0.0775662257795069,False,True
fit_joint_tsne_vi_seed311_C03Sc02_vt_seed10,seed43,4,311,C03,Sc02,10,mu_hp,0.114055064805876,0.005,22.8110129611752,2.08945318658087,0.999999999998588,saturating,0.0799999999998871,False,True
fit_joint_tsne_vi_seed311_C03Sc02_vt_seed10,seed43,4,311,C03,Sc02,10,p_misseg,0.168924457323728,0.0105535150770604,16.0064638265321,1.85276214998099,0.999999999518708,saturating,0.0799999999614967,False,True
fit_joint_tsne_vi_seed311_C03Sc02_vt_seed10,seed43,4,311,C03,Sc02,10,k_o_mis,0.0014419734506073,0.0001128986825222,12.7722788113414,1.70195136979112,0.999999986274225,saturating,0.079999998901938,False,True
fit_joint_tsne_vi_seed311_C03Sc02_vt_seed10,seed43,4,311,C03,Sc02,10,buffer_smax,0.90411284701051,1.0,0.90411284701051,0.147518696906908,0.127167001115603,near_quadratic,0.0101733600892482,False,True
fit_joint_tsne_vi_seed311_C03Sc02_vt_seed10,seed43,4,311,C03,Sc02,10,buffer_beta,0.0989585048654445,1.59113027351929,0.0621938420205948,1.85577325206779,0.999999999551153,saturating,0.0799999999640923,False,True
fit_joint_tsne_vi_seed311_C03Sc02_vt_seed10,seed43,4,311,C03,Sc02,10,buffer_n_exp,8.13488252900956,3.15756611375965,2.57631423568944,0.632305897325947,0.917817851637188,saturating,0.0734254281309751,False,True
fit_joint_tsne_vi_seed311_C03Sc02_vt_seed10,seed43,4,311,C03,Sc02,10,n_O,4.892143175585,1.86857483366499,2.61811466549062,4.65164360295386,1.0,saturating,0.08,False,True
fit_joint_tsne_vi_seed311_C03Sc02_vt_seed10,seed43,4,311,C03,Sc02,10,alpha_o2,3.45051262568834,0.5,6.90102525137668,1.29063633311611,0.999969897080641,saturating,0.0799975917664513,False,True
fit_joint_tsne_vi_seed311_C03Sc02_vt_seed10,seed43,4,311,C03,Sc02,10,gamma_growth,1.93001693578451,1.5,1.28667795718967,0.661564516591554,0.935133408720227,saturating,0.0748106726976182,False,True
fit_joint_tsne_vi_seed311_C03Sc02_vt_seed10,seed43,4,311,C03,Sc02,10,lam_max,0.3,1.3485151936293,0.222466903908291,1.00420706040509,0.998168644500201,saturating,0.0798534915600161,False,True
fit_joint_tsne_vi_seed311_C03Sc02_vt_seed10,seed43,4,311,C03,Sc02,10,p_mis_base,0.047147263115454,8.54181703118544e-06,5519.58241944582,5.75677880414572,1.0,saturating,0.08,False,True
fit_joint_tsne_vi_seed311_C03Sc02_vt_seed10,seed43,4,311,C03,Sc02,10,p_wgd,0.0005443072200279,0.0005048392395563,1.07817930418057,0.0502938326500028,0.01568487578894,near_quadratic,0.0012547900631152,False,True
fit_joint_tsne_vi_seed311_C03Sc02_vt_seed10,seed43,4,311,C03,Sc02,10,gamma_mu,2.13884067529301,1.2,1.78236722941084,1.44437026968155,0.999997825657471,saturating,0.0799998260525977,False,True
fit_joint_tsne_vi_seed311_C03Sc02_vt_seed10,seed34,5,311,C03,Sc02,10,O2_crit,0.518155342380994,1.58620678578554,0.326663173442665,0.747538189536394,0.969577822243836,saturating,0.0775662257795069,False,True
fit_joint_tsne_vi_seed311_C03Sc02_vt_seed10,seed34,5,311,C03,Sc02,10,mu_hp,0.114055064805876,0.005,22.8110129611752,2.08945318658087,0.999999999998588,saturating,0.0799999999998871,False,True
fit_joint_tsne_vi_seed311_C03Sc02_vt_seed10,seed34,5,311,C03,Sc02,10,p_misseg,0.168924457323728,0.0105535150770604,16.0064638265321,1.85276214998099,0.999999999518708,saturating,0.0799999999614967,False,True
fit_joint_tsne_vi_seed311_C03Sc02_vt_seed10,seed34,5,311,C03,Sc02,10,k_o_mis,0.0014419734506073,0.0001128986825222,12.7722788113414,1.70195136979112,0.999999986274225,saturating,0.079999998901938,False,True
fit_joint_tsne_vi_seed311_C03Sc02_vt_seed10,seed34,5,311,C03,Sc02,10,buffer_smax,0.90411284701051,1.0,0.90411284701051,0.147518696906908,0.127167001115603,near_quadratic,0.0101733600892482,False,True
fit_joint_tsne_vi_seed311_C03Sc02_vt_seed10,seed34,5,311,C03,Sc02,10,buffer_beta,0.0989585048654445,1.59113027351929,0.0621938420205948,1.85577325206779,0.999999999551153,saturating,0.0799999999640923,False,True
fit_joint_tsne_vi_seed311_C03Sc02_vt_seed10,seed34,5,311,C03,Sc02,10,buffer_n_exp,8.13488252900956,3.15756611375965,2.57631423568944,0.632305897325947,0.917817851637188,saturating,0.0734254281309751,False,True
fit_joint_tsne_vi_seed311_C03Sc02_vt_seed10,seed34,5,311,C03,Sc02,10,n_O,4.892143175585,1.86857483366499,2.61811466549062,4.65164360295386,1.0,saturating,0.08,False,True
fit_joint_tsne_vi_seed311_C03Sc02_vt_seed10,seed34,5,311,C03,Sc02,10,alpha_o2,3.45051262568834,0.5,6.90102525137668,1.29063633311611,0.999969897080641,saturating,0.0799975917664513,False,True
fit_joint_tsne_vi_seed311_C03Sc02_vt_seed10,seed34,5,311,C03,Sc02,10,gamma_growth,1.93001693578451,1.5,1.28667795718967,0.661564516591554,0.935133408720227,saturating,0.0748106726976182,False,True
fit_joint_tsne_vi_seed311_C03Sc02_vt_seed10,seed34,5,311,C03,Sc02,10,lam_max,0.3,1.3485151936293,0.222466903908291,1.00420706040509,0.998168644500201,saturating,0.0798534915600161,False,True
fit_joint_tsne_vi_seed311_C03Sc02_vt_seed10,seed34,5,311,C03,Sc02,10,p_mis_base,0.047147263115454,8.54181703118544e-06,5519.58241944582,5.75677880414572,1.0,saturating,0.08,False,True
fit_joint_tsne_vi_seed311_C03Sc02_vt_seed10,seed34,5,311,C03,Sc02,10,p_wgd,0.0005492622984572,0.000500284916361,1.09789897815129,0.0624036628771113,0.0240450555695483,near_quadratic,0.0019236044455638,False,True
fit_joint_tsne_vi_seed311_C03Sc02_vt_seed10,seed34,5,311,C03,Sc02,10,gamma_mu,2.13884067529301,1.2,1.78236722941084,1.44437026968155,0.999997825657471,saturating,0.0799998260525977,False,True
fit_joint_tsne_vi_seed311_C03Sc02_vt_seed10,seed155,6,311,C03,Sc02,10,O2_crit,0.518155342380994,1.58620678578554,0.326663173442665,0.747538189536394,0.969577822243836,saturating,0.0775662257795069,False,True
fit_joint_tsne_vi_seed311_C03Sc02_vt_seed10,seed155,6,311,C03,Sc02,10,mu_hp,0.114055064805876,0.005,22.8110129611752,2.08945318658087,0.999999999998588,saturating,0.0799999999998871,False,True
fit_joint_tsne_vi_seed311_C03Sc02_vt_seed10,seed155,6,311,C03,Sc02,10,p_misseg,0.168924457323728,0.0105535150770604,16.0064638265321,1.85276214998099,0.999999999518708,saturating,0.0799999999614967,False,True
fit_joint_tsne_vi_seed311_C03Sc02_vt_seed10,seed155,6,311,C03,Sc02,10,k_o_mis,0.0014419734506073,0.0001128986825222,12.7722788113414,1.70195136979112,0.999999986274225,saturating,0.079999998901938,False,True
fit_joint_tsne_vi_seed311_C03Sc02_vt_seed10,seed155,6,311,C03,Sc02,10,buffer_smax,0.90411284701051,1.0,0.90411284701051,0.147518696906908,0.127167001115603,near_quadratic,0.0101733600892482,False,True
fit_joint_tsne_vi_seed311_C03Sc02_vt_seed10,seed155,6,311,C03,Sc02,10,buffer_beta,0.0989585048654445,1.59113027351929,0.0621938420205948,1.85577325206779,0.999999999551153,saturating,0.0799999999640923,False,True
fit_joint_tsne_vi_seed311_C03Sc02_vt_seed10,seed155,6,311,C03,Sc02,10,buffer_n_exp,8.13488252900956,3.15756611375965,2.57631423568944,0.632305897325947,0.917817851637188,saturating,0.0734254281309751,False,True
fit_joint_tsne_vi_seed311_C03Sc02_vt_seed10,seed155,6,311,C03,Sc02,10,n_O,4.892143175585,1.86857483366499,2.61811466549062,4.65164360295386,1.0,saturating,0.08,False,True
fit_joint_tsne_vi_seed311_C03Sc02_vt_seed10,seed155,6,311,C03,Sc02,10,alpha_o2,3.45051262568834,0.5,6.90102525137668,1.29063633311611,0.999969897080641,saturating,0.0799975917664513,False,True
fit_joint_tsne_vi_seed311_C03Sc02_vt_seed10,seed155,6,311,C03,Sc02,10,gamma_growth,1.93001693578451,1.5,1.28667795718967,0.661564516591554,0.935133408720227,saturating,0.0748106726976182,False,True
fit_joint_tsne_vi_seed311_C03Sc02_vt_seed10,seed155,6,311,C03,Sc02,10,lam_max,0.3,1.3485151936293,0.222466903908291,1.00420706040509,0.998168644500201,saturating,0.0798534915600161,False,True
fit_joint_tsne_vi_seed311_C03Sc02_vt_seed10,seed155,6,311,C03,Sc02,10,p_mis_base,0.047147263115454,8.54181703118544e-06,5519.58241944582,5.75677880414572,1.0,saturating,0.08,False,True
fit_joint_tsne_vi_seed311_C03Sc02_vt_seed10,seed155,6,311,C03,Sc02,10,p_wgd,0.0005319971509518,0.0005165208921744,1.02996250299232,0.0197252522873411,0.0024288304677413,near_quadratic,0.0001943064374193,False,True
fit_joint_tsne_vi_seed311_C03Sc02_vt_seed10,seed155,6,311,C03,Sc02,10,gamma_mu,2.13884067529301,1.2,1.78236722941084,1.44437026968155,0.999997825657471,saturating,0.0799998260525977,False,True
fit_joint_tsne_vi_seed311_C03Sc02_vt_seed10,seed264,7,311,C03,Sc02,10,O2_crit,0.518155342380994,1.58620678578554,0.326663173442665,0.747538189536394,0.969577822243836,saturating,0.0775662257795069,False,True
fit_joint_tsne_vi_seed311_C03Sc02_vt_seed10,seed264,7,311,C03,Sc02,10,mu_hp,0.114055064805876,0.005,22.8110129611752,2.08945318658087,0.999999999998588,saturating,0.0799999999998871,False,True
fit_joint_tsne_vi_seed311_C03Sc02_vt_seed10,seed264,7,311,C03,Sc02,10,p_misseg,0.168924457323728,0.0105535150770604,16.0064638265321,1.85276214998099,0.999999999518708,saturating,0.0799999999614967,False,True
fit_joint_tsne_vi_seed311_C03Sc02_vt_seed10,seed264,7,311,C03,Sc02,10,k_o_mis,0.0014419734506073,0.0001128986825222,12.7722788113414,1.70195136979112,0.999999986274225,saturating,0.079999998901938,False,True
fit_joint_tsne_vi_seed311_C03Sc02_vt_seed10,seed264,7,311,C03,Sc02,10,buffer_smax,0.90411284701051,1.0,0.90411284701051,0.147518696906908,0.127167001115603,near_quadratic,0.0101733600892482,False,True
fit_joint_tsne_vi_seed311_C03Sc02_vt_seed10,seed264,7,311,C03,Sc02,10,buffer_beta,0.0989585048654445,1.59113027351929,0.0621938420205948,1.85577325206779,0.999999999551153,saturating,0.0799999999640923,False,True
fit_joint_tsne_vi_seed311_C03Sc02_vt_seed10,seed264,7,311,C03,Sc02,10,buffer_n_exp,8.13488252900956,3.15756611375965,2.57631423568944,0.632305897325947,0.917817851637188,saturating,0.0734254281309751,False,True
fit_joint_tsne_vi_seed311_C03Sc02_vt_seed10,seed264,7,311,C03,Sc02,10,n_O,4.892143175585,1.86857483366499,2.61811466549062,4.65164360295386,1.0,saturating,0.08,False,True
fit_joint_tsne_vi_seed311_C03Sc02_vt_seed10,seed264,7,311,C03,Sc02,10,alpha_o2,3.45051262568834,0.5,6.90102525137668,1.29063633311611,0.999969897080641,saturating,0.0799975917664513,False,True
fit_joint_tsne_vi_seed311_C03Sc02_vt_seed10,seed264,7,311,C03,Sc02,10,gamma_growth,1.93001693578451,1.5,1.28667795718967,0.661564516591554,0.935133408720227,saturating,0.0748106726976182,False,True
fit_joint_tsne_vi_seed311_C03Sc02_vt_seed10,seed264,7,311,C03,Sc02,10,lam_max,0.3,1.3485151936293,0.222466903908291,1.00420706040509,0.998168644500201,saturating,0.0798534915600161,False,True
fit_joint_tsne_vi_seed311_C03Sc02_vt_seed10,seed264,7,311,C03,Sc02,10,p_mis_base,0.047147263115454,8.54181703118544e-06,5519.58241944582,5.75677880414572,1.0,saturating,0.08,False,True
fit_joint_tsne_vi_seed311_C03Sc02_vt_seed10,seed264,7,311,C03,Sc02,10,p_wgd,0.0005241334026356,0.0005242704274563,0.999738637135634,0.0001746512089228,1.90644011688335e-07,near_quadratic,1.52515209350668e-08,False,True
fit_joint_tsne_vi_seed311_C03Sc02_vt_seed10,seed264,7,311,C03,Sc02,10,gamma_mu,2.13884067529301,1.2,1.78236722941084,1.44437026968155,0.999997825657471,saturating,0.0799998260525977,False,True
fit_joint_tsne_vi_seed311_C03Sc02_vt_seed10,seed432,8,311,C03,Sc02,10,O2_crit,0.518155342380994,1.58620678578554,0.326663173442665,0.747538189536394,0.969577822243836,saturating,0.0775662257795069,False,True
fit_joint_tsne_vi_seed311_C03Sc02_vt_seed10,seed432,8,311,C03,Sc02,10,mu_hp,0.114055064805876,0.005,22.8110129611752,2.08945318658087,0.999999999998588,saturating,0.0799999999998871,False,True
fit_joint_tsne_vi_seed311_C03Sc02_vt_seed10,seed432,8,311,C03,Sc02,10,p_misseg,0.168924457323728,0.0105535150770604,16.0064638265321,1.85276214998099,0.999999999518708,saturating,0.0799999999614967,False,True
fit_joint_tsne_vi_seed311_C03Sc02_vt_seed10,seed432,8,311,C03,Sc02,10,k_o_mis,0.0014419734506073,0.0001128986825222,12.7722788113414,1.70195136979112,0.999999986274225,saturating,0.079999998901938,False,True
fit_joint_tsne_vi_seed311_C03Sc02_vt_seed10,seed432,8,311,C03,Sc02,10,buffer_smax,0.90411284701051,1.0,0.90411284701051,0.147518696906908,0.127167001115603,near_quadratic,0.0101733600892482,False,True
fit_joint_tsne_vi_seed311_C03Sc02_vt_seed10,seed432,8,311,C03,Sc02,10,buffer_beta,0.0989585048654445,1.59113027351929,0.0621938420205948,1.85577325206779,0.999999999551153,saturating,0.0799999999640923,False,True
fit_joint_tsne_vi_seed311_C03Sc02_vt_seed10,seed432,8,311,C03,Sc02,10,buffer_n_exp,8.13488252900956,3.15756611375965,2.57631423568944,0.632305897325947,0.917817851637188,saturating,0.0734254281309751,False,True
fit_joint_tsne_vi_seed311_C03Sc02_vt_seed10,seed432,8,311,C03,Sc02,10,n_O,4.892143175585,1.86857483366499,2.61811466549062,4.65164360295386,1.0,saturating,0.08,False,True
fit_joint_tsne_vi_seed311_C03Sc02_vt_seed10,seed432,8,311,C03,Sc02,10,alpha_o2,3.45051262568834,0.5,6.90102525137668,1.29063633311611,0.999969897080641,saturating,0.0799975917664513,False,True
fit_joint_tsne_vi_seed311_C03Sc02_vt_seed10,seed432,8,311,C03,Sc02,10,gamma_growth,1.93001693578451,1.5,1.28667795718967,0.661564516591554,0.935133408720227,saturating,0.0748106726976182,False,True
fit_joint_tsne_vi_seed311_C03Sc02_vt_seed10,seed432,8,311,C03,Sc02,10,lam_max,0.3,1.3485151936293,0.222466903908291,1.00420706040509,0.998168644500201,saturating,0.0798534915600161,False,True
fit_joint_tsne_vi_seed311_C03Sc02_vt_seed10,seed432,8,311,C03,Sc02,10,p_mis_base,0.047147263115454,8.54181703118544e-06,5519.58241944582,5.75677880414572,1.0,saturating,0.08,False,True
fit_joint_tsne_vi_seed311_C03Sc02_vt_seed10,seed432,8,311,C03,Sc02,10,p_wgd,0.0005940140280624,0.000462594534914,1.28409218706575,0.167071082398451,0.160085070002811,near_quadratic,0.0128068056002249,False,True
fit_joint_tsne_vi_seed311_C03Sc02_vt_seed10,seed432,8,311,C03,Sc02,10,gamma_mu,2.13884067529301,1.2,1.78236722941084,1.44437026968155,0.999997825657471,saturating,0.0799998260525977,False,True
fit_joint_tsne_vi_seed311_C03Sc02_vt_seed10,seed200,9,311,C03,Sc02,10,O2_crit,0.518155342380994,1.58620678578554,0.326663173442665,0.747538189536394,0.969577822243836,saturating,0.0775662257795069,False,True
fit_joint_tsne_vi_seed311_C03Sc02_vt_seed10,seed200,9,311,C03,Sc02,10,mu_hp,0.114055064805876,0.005,22.8110129611752,2.08945318658087,0.999999999998588,saturating,0.0799999999998871,False,True
fit_joint_tsne_vi_seed311_C03Sc02_vt_seed10,seed200,9,311,C03,Sc02,10,p_misseg,0.168924457323728,0.0105535150770604,16.0064638265321,1.85276214998099,0.999999999518708,saturating,0.0799999999614967,False,True
fit_joint_tsne_vi_seed311_C03Sc02_vt_seed10,seed200,9,311,C03,Sc02,10,k_o_mis,0.0014419734506073,0.0001128986825222,12.7722788113414,1.70195136979112,0.999999986274225,saturating,0.079999998901938,False,True
fit_joint_tsne_vi_seed311_C03Sc02_vt_seed10,seed200,9,311,C03,Sc02,10,buffer_smax,0.90411284701051,1.0,0.90411284701051,0.147518696906908,0.127167001115603,near_quadratic,0.0101733600892482,False,True
fit_joint_tsne_vi_seed311_C03Sc02_vt_seed10,seed200,9,311,C03,Sc02,10,buffer_beta,0.0989585048654445,1.59113027351929,0.0621938420205948,1.85577325206779,0.999999999551153,saturating,0.0799999999640923,False,True
fit_joint_tsne_vi_seed311_C03Sc02_vt_seed10,seed200,9,311,C03,Sc02,10,buffer_n_exp,8.13488252900956,3.15756611375965,2.57631423568944,0.632305897325947,0.917817851637188,saturating,0.0734254281309751,False,True
fit_joint_tsne_vi_seed311_C03Sc02_vt_seed10,seed200,9,311,C03,Sc02,10,n_O,4.892143175585,1.86857483366499,2.61811466549062,4.65164360295386,1.0,saturating,0.08,False,True
fit_joint_tsne_vi_seed311_C03Sc02_vt_seed10,seed200,9,311,C03,Sc02,10,alpha_o2,3.45051262568834,0.5,6.90102525137668,1.29063633311611,0.999969897080641,saturating,0.0799975917664513,False,True
fit_joint_tsne_vi_seed311_C03Sc02_vt_seed10,seed200,9,311,C03,Sc02,10,gamma_growth,1.93001693578451,1.5,1.28667795718967,0.661564516591554,0.935133408720227,saturating,0.0748106726976182,False,True
fit_joint_tsne_vi_seed311_C03Sc02_vt_seed10,seed200,9,311,C03,Sc02,10,lam_max,0.3,1.3485151936293,0.222466903908291,1.00420706040509,0.998168644500201,saturating,0.0798534915600161,False,True
fit_joint_tsne_vi_seed311_C03Sc02_vt_seed10,seed200,9,311,C03,Sc02,10,p_mis_base,0.047147263115454,8.54181703118544e-06,5519.58241944582,5.75677880414572,1.0,saturating,0.08,False,True
fit_joint_tsne_vi_seed311_C03Sc02_vt_seed10,seed200,9,311,C03,Sc02,10,p_wgd,0.000596278047431,0.0004608381009963,1.29389919397246,0.172154526652753,0.169088827005978,near_quadratic,0.0135271061604782,False,True
fit_joint_tsne_vi_seed311_C03Sc02_vt_seed10,seed200,9,311,C03,Sc02,10,gamma_mu,2.13884067529301,1.2,1.78236722941084,1.44437026968155,0.999997825657471,saturating,0.0799998260525977,False,True
fit_joint_tsne_vi_seed311_C03Sc02_vt_seed10,seed249,10,311,C03,Sc02,10,O2_crit,0.518155342380994,1.58620678578554,0.326663173442665,0.747538189536394,0.969577822243836,saturating,0.0775662257795069,False,True
fit_joint_tsne_vi_seed311_C03Sc02_vt_seed10,seed249,10,311,C03,Sc02,10,mu_hp,0.114055064805876,0.005,22.8110129611752,2.08945318658087,0.999999999998588,saturating,0.0799999999998871,False,True
fit_joint_tsne_vi_seed311_C03Sc02_vt_seed10,seed249,10,311,C03,Sc02,10,p_misseg,0.168924457323728,0.0105535150770604,16.0064638265321,1.85276214998099,0.999999999518708,saturating,0.0799999999614967,False,True
fit_joint_tsne_vi_seed311_C03Sc02_vt_seed10,seed249,10,311,C03,Sc02,10,k_o_mis,0.0014419734506073,0.0001128986825222,12.7722788113414,1.70195136979112,0.999999986274225,saturating,0.079999998901938,False,True
fit_joint_tsne_vi_seed311_C03Sc02_vt_seed10,seed249,10,311,C03,Sc02,10,buffer_smax,0.90411284701051,1.0,0.90411284701051,0.147518696906908,0.127167001115603,near_quadratic,0.0101733600892482,False,True
fit_joint_tsne_vi_seed311_C03Sc02_vt_seed10,seed249,10,311,C03,Sc02,10,buffer_beta,0.0989585048654445,1.59113027351929,0.0621938420205948,1.85577325206779,0.999999999551153,saturating,0.0799999999640923,False,True
fit_joint_tsne_vi_seed311_C03Sc02_vt_seed10,seed249,10,311,C03,Sc02,10,buffer_n_exp,8.13488252900956,3.15756611375965,2.57631423568944,0.632305897325947,0.917817851637188,saturating,0.0734254281309751,False,True
fit_joint_tsne_vi_seed311_C03Sc02_vt_seed10,seed249,10,311,C03,Sc02,10,n_O,4.892143175585,1.86857483366499,2.61811466549062,4.65164360295386,1.0,saturating,0.08,False,True
fit_joint_tsne_vi_seed311_C03Sc02_vt_seed10,seed249,10,311,C03,Sc02,10,alpha_o2,3.45051262568834,0.5,6.90102525137668,1.29063633311611,0.999969897080641,saturating,0.0799975917664513,False,True
fit_joint_tsne_vi_seed311_C03Sc02_vt_seed10,seed249,10,311,C03,Sc02,10,gamma_growth,1.93001693578451,1.5,1.28667795718967,0.661564516591554,0.935133408720227,saturating,0.0748106726976182,False,True
fit_joint_tsne_vi_seed311_C03Sc02_vt_seed10,seed249,10,311,C03,Sc02,10,lam_max,0.3,1.3485151936293,0.222466903908291,1.00420706040509,0.998168644500201,saturating,0.0798534915600161,False,True
fit_joint_tsne_vi_seed311_C03Sc02_vt_seed10,seed249,10,311,C03,Sc02,10,p_mis_base,0.047147263115454,8.54181703118544e-06,5519.58241944582,5.75677880414572,1.0,saturating,0.08,False,True
fit_joint_tsne_vi_seed311_C03Sc02_vt_seed10,seed249,10,311,C03,Sc02,10,p_wgd,0.0005979548628228,0.0004595457953911,1.30118666914134,0.1759070849515,0.175844160090376,near_quadratic,0.0140675328072301,False,True
fit_joint_tsne_vi_seed311_C03Sc02_vt_seed10,seed249,10,311,C03,Sc02,10,gamma_mu,2.13884067529301,1.2,1.78236722941084,1.44437026968155,0.999997825657471,saturating,0.0799998260525977,False,True
fit_joint_tsne_vi_seed322_C02Sc02_vt_seed10,seed54,1,322,C02,Sc02,10,O2_crit,0.964966092977485,1.58620678578554,0.608348231532501,0.33207346169669,0.498024969099835,near_quadratic,0.0398419975279868,False,True
fit_joint_tsne_vi_seed322_C02Sc02_vt_seed10,seed54,1,322,C02,Sc02,10,mu_hp,0.0517425924579758,0.005,10.3485184915952,1.56135104621006,0.999999758490447,saturating,0.0799999806792358,False,True
fit_joint_tsne_vi_seed322_C02Sc02_vt_seed10,seed54,1,322,C02,Sc02,10,p_misseg,0.119402963709347,0.0105535150770604,11.3140468211285,1.62095072562611,0.999999926188984,saturating,0.0799999940951187,False,True
fit_joint_tsne_vi_seed322_C02Sc02_vt_seed10,seed54,1,322,C02,Sc02,10,k_o_mis,0.0042245534597161,0.0001128986825222,37.4189792594213,2.42014144052746,1.0,saturating,0.08,False,True
fit_joint_tsne_vi_seed322_C02Sc02_vt_seed10,seed54,1,322,C02,Sc02,10,buffer_smax,0.901526352688421,1.0,0.901526352688421,0.151497918940891,0.133633822058846,near_quadratic,0.0106907057647077,False,True
fit_joint_tsne_vi_seed322_C02Sc02_vt_seed10,seed54,1,322,C02,Sc02,10,buffer_beta,0.126370833117348,1.59113027351929,0.0794220531282073,1.69239829268015,0.999999983190555,saturating,0.0799999986552444,False,True
fit_joint_tsne_vi_seed322_C02Sc02_vt_seed10,seed54,1,322,C02,Sc02,10,buffer_n_exp,10.0,3.15756611375965,3.1669962368874,0.770226995894605,0.975468816075587,saturating,0.0780375052860469,False,True
fit_joint_tsne_vi_seed322_C02Sc02_vt_seed10,seed54,1,322,C02,Sc02,10,n_O,3.67451194478828,1.86857483366499,1.96647834412987,2.77836478634352,1.0,saturating,0.08,False,True
fit_joint_tsne_vi_seed322_C02Sc02_vt_seed10,seed54,1,322,C02,Sc02,10,alpha_o2,0.50000009018371,0.5,1.00000018036742,1.20511643399477e-07,9.08162434143378e-14,near_quadratic,7.26529947314703e-15,False,True
fit_joint_tsne_vi_seed322_C02Sc02_vt_seed10,seed54,1,322,C02,Sc02,10,gamma_growth,2.54837815028773,1.5,1.69891876685849,1.61288946198112,0.999999913127786,saturating,0.0799999930502229,False,True
fit_joint_tsne_vi_seed322_C02Sc02_vt_seed10,seed54,1,322,C02,Sc02,10,lam_max,0.246676660646755,1.3485151936293,0.182924643201733,1.13496582060621,0.99968119194258,saturating,0.0799744953554064,False,True
fit_joint_tsne_vi_seed322_C02Sc02_vt_seed10,seed54,1,322,C02,Sc02,10,p_mis_base,0.0116273646647229,8.54181703118544e-06,1361.22848596176,4.8214323520778,1.0,saturating,0.08,False,True
fit_joint_tsne_vi_seed322_C02Sc02_vt_seed10,seed54,1,322,C02,Sc02,10,p_wgd,0.0003977219706563,0.00047665054247,0.834409982196491,0.120954629242391,0.0873817743800924,near_quadratic,0.0069905419504074,False,True
fit_joint_tsne_vi_seed322_C02Sc02_vt_seed10,seed54,1,322,C02,Sc02,10,gamma_mu,2.55320667335387,1.2,2.12767222779489,2.08185642054441,0.999999999998279,saturating,0.0799999999998624,False,True
fit_joint_tsne_vi_seed322_C02Sc02_vt_seed10,seed52,2,322,C02,Sc02,10,O2_crit,0.964966092977485,1.58620678578554,0.608348231532501,0.33207346169669,0.498024969099835,near_quadratic,0.0398419975279868,False,True
fit_joint_tsne_vi_seed322_C02Sc02_vt_seed10,seed52,2,322,C02,Sc02,10,mu_hp,0.0517425924579758,0.005,10.3485184915952,1.56135104621006,0.999999758490447,saturating,0.0799999806792358,False,True
fit_joint_tsne_vi_seed322_C02Sc02_vt_seed10,seed52,2,322,C02,Sc02,10,p_misseg,0.119402963709347,0.0105535150770604,11.3140468211285,1.62095072562611,0.999999926188984,saturating,0.0799999940951187,False,True
fit_joint_tsne_vi_seed322_C02Sc02_vt_seed10,seed52,2,322,C02,Sc02,10,k_o_mis,0.0042245534597161,0.0001128986825222,37.4189792594213,2.42014144052746,1.0,saturating,0.08,False,True
fit_joint_tsne_vi_seed322_C02Sc02_vt_seed10,seed52,2,322,C02,Sc02,10,buffer_smax,0.901526352688421,1.0,0.901526352688421,0.151497918940891,0.133633822058846,near_quadratic,0.0106907057647077,False,True
fit_joint_tsne_vi_seed322_C02Sc02_vt_seed10,seed52,2,322,C02,Sc02,10,buffer_beta,0.126370833117348,1.59113027351929,0.0794220531282073,1.69239829268015,0.999999983190555,saturating,0.0799999986552444,False,True
fit_joint_tsne_vi_seed322_C02Sc02_vt_seed10,seed52,2,322,C02,Sc02,10,buffer_n_exp,10.0,3.15756611375965,3.1669962368874,0.770226995894605,0.975468816075587,saturating,0.0780375052860469,False,True
fit_joint_tsne_vi_seed322_C02Sc02_vt_seed10,seed52,2,322,C02,Sc02,10,n_O,3.67451194478828,1.86857483366499,1.96647834412987,2.77836478634352,1.0,saturating,0.08,False,True
fit_joint_tsne_vi_seed322_C02Sc02_vt_seed10,seed52,2,322,C02,Sc02,10,alpha_o2,0.50000009018371,0.5,1.00000018036742,1.20511643399477e-07,9.08162434143378e-14,near_quadratic,7.26529947314703e-15,False,True
fit_joint_tsne_vi_seed322_C02Sc02_vt_seed10,seed52,2,322,C02,Sc02,10,gamma_growth,2.54837815028773,1.5,1.69891876685849,1.61288946198112,0.999999913127786,saturating,0.0799999930502229,False,True
fit_joint_tsne_vi_seed322_C02Sc02_vt_seed10,seed52,2,322,C02,Sc02,10,lam_max,0.246676660646755,1.3485151936293,0.182924643201733,1.13496582060621,0.99968119194258,saturating,0.0799744953554064,False,True
fit_joint_tsne_vi_seed322_C02Sc02_vt_seed10,seed52,2,322,C02,Sc02,10,p_mis_base,0.0116273646647229,8.54181703118544e-06,1361.22848596176,4.8214323520778,1.0,saturating,0.08,False,True
fit_joint_tsne_vi_seed322_C02Sc02_vt_seed10,seed52,2,322,C02,Sc02,10,p_wgd,0.0001716193849733,0.0001771733443027,0.968652398862759,0.0212800641051312,0.0028262556503889,near_quadratic,0.0002261004520311,False,True
fit_joint_tsne_vi_seed322_C02Sc02_vt_seed10,seed52,2,322,C02,Sc02,10,gamma_mu,2.55320667335387,1.2,2.12767222779489,2.08185642054441,0.999999999998279,saturating,0.0799999999998624,False,True
fit_joint_tsne_vi_seed322_C02Sc02_vt_seed10,seed80,3,322,C02,Sc02,10,O2_crit,0.964966092977485,1.58620678578554,0.608348231532501,0.33207346169669,0.498024969099835,near_quadratic,0.0398419975279868,False,True
fit_joint_tsne_vi_seed322_C02Sc02_vt_seed10,seed80,3,322,C02,Sc02,10,mu_hp,0.0517425924579758,0.005,10.3485184915952,1.56135104621006,0.999999758490447,saturating,0.0799999806792358,False,True
fit_joint_tsne_vi_seed322_C02Sc02_vt_seed10,seed80,3,322,C02,Sc02,10,p_misseg,0.119402963709347,0.0105535150770604,11.3140468211285,1.62095072562611,0.999999926188984,saturating,0.0799999940951187,False,True
fit_joint_tsne_vi_seed322_C02Sc02_vt_seed10,seed80,3,322,C02,Sc02,10,k_o_mis,0.0042245534597161,0.0001128986825222,37.4189792594213,2.42014144052746,1.0,saturating,0.08,False,True
fit_joint_tsne_vi_seed322_C02Sc02_vt_seed10,seed80,3,322,C02,Sc02,10,buffer_smax,0.901526352688421,1.0,0.901526352688421,0.151497918940891,0.133633822058846,near_quadratic,0.0106907057647077,False,True
fit_joint_tsne_vi_seed322_C02Sc02_vt_seed10,seed80,3,322,C02,Sc02,10,buffer_beta,0.126370833117348,1.59113027351929,0.0794220531282073,1.69239829268015,0.999999983190555,saturating,0.0799999986552444,False,True
fit_joint_tsne_vi_seed322_C02Sc02_vt_seed10,seed80,3,322,C02,Sc02,10,buffer_n_exp,10.0,3.15756611375965,3.1669962368874,0.770226995894605,0.975468816075587,saturating,0.0780375052860469,False,True
fit_joint_tsne_vi_seed322_C02Sc02_vt_seed10,seed80,3,322,C02,Sc02,10,n_O,3.65402306090135,1.88906371755192,1.93430376484954,2.71532206669143,1.0,saturating,0.08,False,True
fit_joint_tsne_vi_seed322_C02Sc02_vt_seed10,seed80,3,322,C02,Sc02,10,alpha_o2,0.500000085093757,0.500000005089952,1.00000016000761,1.06908331755805e-07,7.13873404833976e-14,near_quadratic,5.7109872386718105e-15,False,True
fit_joint_tsne_vi_seed322_C02Sc02_vt_seed10,seed80,3,322,C02,Sc02,10,gamma_growth,2.54837815028773,1.5,1.69891876685849,1.61288946198112,0.999999913127786,saturating,0.0799999930502229,False,True
fit_joint_tsne_vi_seed322_C02Sc02_vt_seed10,seed80,3,322,C02,Sc02,10,lam_max,0.246676660646755,1.3485151936293,0.182924643201733,1.13496582060621,0.99968119194258,saturating,0.0799744953554064,False,True
fit_joint_tsne_vi_seed322_C02Sc02_vt_seed10,seed80,3,322,C02,Sc02,10,p_mis_base,0.0114100360233335,8.7045142817978e-06,1310.81823223534,4.79621918980874,1.0,saturating,0.08,False,True
fit_joint_tsne_vi_seed322_C02Sc02_vt_seed10,seed80,3,322,C02,Sc02,10,p_wgd,0.0001890647542524,0.0002549787325363,0.741492250634866,0.199835974524403,0.220879924529792,near_quadratic,0.0176703939623833,False,True
fit_joint_tsne_vi_seed322_C02Sc02_vt_seed10,seed80,3,322,C02,Sc02,10,gamma_mu,2.55320667335387,1.2,2.12767222779489,2.08185642054441,0.999999999998279,saturating,0.0799999999998624,False,True
fit_joint_tsne_vi_seed322_C02Sc02_vt_seed10,seed174,4,322,C02,Sc02,10,O2_crit,0.964966092977485,1.58620678578554,0.608348231532501,0.33207346169669,0.498024969099835,near_quadratic,0.0398419975279868,False,True
fit_joint_tsne_vi_seed322_C02Sc02_vt_seed10,seed174,4,322,C02,Sc02,10,mu_hp,0.0517425924579758,0.005,10.3485184915952,1.56135104621006,0.999999758490447,saturating,0.0799999806792358,False,True
fit_joint_tsne_vi_seed322_C02Sc02_vt_seed10,seed174,4,322,C02,Sc02,10,p_misseg,0.119402963709347,0.0105535150770604,11.3140468211285,1.62095072562611,0.999999926188984,saturating,0.0799999940951187,False,True
fit_joint_tsne_vi_seed322_C02Sc02_vt_seed10,seed174,4,322,C02,Sc02,10,k_o_mis,0.0042245534597161,0.0001128986825222,37.4189792594213,2.42014144052746,1.0,saturating,0.08,False,True
fit_joint_tsne_vi_seed322_C02Sc02_vt_seed10,seed174,4,322,C02,Sc02,10,buffer_smax,0.901526352688421,1.0,0.901526352688421,0.151497918940891,0.133633822058846,near_quadratic,0.0106907057647077,False,True
fit_joint_tsne_vi_seed322_C02Sc02_vt_seed10,seed174,4,322,C02,Sc02,10,buffer_beta,0.126370833117348,1.59113027351929,0.0794220531282073,1.69239829268015,0.999999983190555,saturating,0.0799999986552444,False,True
fit_joint_tsne_vi_seed322_C02Sc02_vt_seed10,seed174,4,322,C02,Sc02,10,buffer_n_exp,10.0,3.15756611375965,3.1669962368874,0.770226995894605,0.975468816075587,saturating,0.0780375052860469,False,True
fit_joint_tsne_vi_seed322_C02Sc02_vt_seed10,seed174,4,322,C02,Sc02,10,n_O,3.67451194478828,1.86857483366499,1.96647834412987,2.77836478634352,1.0,saturating,0.08,False,True
fit_joint_tsne_vi_seed322_C02Sc02_vt_seed10,seed174,4,322,C02,Sc02,10,alpha_o2,0.50000009018371,0.5,1.00000018036742,1.20511643399477e-07,9.08162434143378e-14,near_quadratic,7.26529947314703e-15,False,True
fit_joint_tsne_vi_seed322_C02Sc02_vt_seed10,seed174,4,322,C02,Sc02,10,gamma_growth,2.54837815028773,1.5,1.69891876685849,1.61288946198112,0.999999913127786,saturating,0.0799999930502229,False,True
fit_joint_tsne_vi_seed322_C02Sc02_vt_seed10,seed174,4,322,C02,Sc02,10,lam_max,0.246676660646755,1.3485151936293,0.182924643201733,1.13496582060621,0.99968119194258,saturating,0.0799744953554064,False,True
fit_joint_tsne_vi_seed322_C02Sc02_vt_seed10,seed174,4,322,C02,Sc02,10,p_mis_base,0.0116273646647229,8.54181703118544e-06,1361.22848596176,4.8214323520778,1.0,saturating,0.08,False,True
fit_joint_tsne_vi_seed322_C02Sc02_vt_seed10,seed174,4,322,C02,Sc02,10,p_wgd,0.0001451725909851,0.0002094498705063,0.693113777698588,0.244916104880149,0.312641552499548,near_quadratic,0.0250113241999639,False,True
fit_joint_tsne_vi_seed322_C02Sc02_vt_seed10,seed174,4,322,C02,Sc02,10,gamma_mu,2.55320667335387,1.2,2.12767222779489,2.08185642054441,0.999999999998279,saturating,0.0799999999998624,False,True
fit_joint_tsne_vi_seed322_C02Sc02_vt_seed10,seed336,5,322,C02,Sc02,10,O2_crit,0.964966092977485,1.58620678578554,0.608348231532501,0.33207346169669,0.498024969099835,near_quadratic,0.0398419975279868,False,True
fit_joint_tsne_vi_seed322_C02Sc02_vt_seed10,seed336,5,322,C02,Sc02,10,mu_hp,0.0517425924579758,0.005,10.3485184915952,1.56135104621006,0.999999758490447,saturating,0.0799999806792358,False,True
fit_joint_tsne_vi_seed322_C02Sc02_vt_seed10,seed336,5,322,C02,Sc02,10,p_misseg,0.119402963709347,0.0105535150770604,11.3140468211285,1.62095072562611,0.999999926188984,saturating,0.0799999940951187,False,True
fit_joint_tsne_vi_seed322_C02Sc02_vt_seed10,seed336,5,322,C02,Sc02,10,k_o_mis,0.0042245534597161,0.0001128986825222,37.4189792594213,2.42014144052746,1.0,saturating,0.08,False,True
fit_joint_tsne_vi_seed322_C02Sc02_vt_seed10,seed336,5,322,C02,Sc02,10,buffer_smax,0.901526352688421,1.0,0.901526352688421,0.151497918940891,0.133633822058846,near_quadratic,0.0106907057647077,False,True
fit_joint_tsne_vi_seed322_C02Sc02_vt_seed10,seed336,5,322,C02,Sc02,10,buffer_beta,0.126370833117348,1.59113027351929,0.0794220531282073,1.69239829268015,0.999999983190555,saturating,0.0799999986552444,False,True
fit_joint_tsne_vi_seed322_C02Sc02_vt_seed10,seed336,5,322,C02,Sc02,10,buffer_n_exp,10.0,3.15756611375965,3.1669962368874,0.770226995894605,0.975468816075587,saturating,0.0780375052860469,False,True
fit_joint_tsne_vi_seed322_C02Sc02_vt_seed10,seed336,5,322,C02,Sc02,10,n_O,3.67451194478828,1.86857483366499,1.96647834412987,2.77836478634352,1.0,saturating,0.08,False,True
fit_joint_tsne_vi_seed322_C02Sc02_vt_seed10,seed336,5,322,C02,Sc02,10,alpha_o2,0.50000009018371,0.5,1.00000018036742,1.20511643399477e-07,9.08162434143378e-14,near_quadratic,7.26529947314703e-15,False,True
fit_joint_tsne_vi_seed322_C02Sc02_vt_seed10,seed336,5,322,C02,Sc02,10,gamma_growth,2.54837815028773,1.5,1.69891876685849,1.61288946198112,0.999999913127786,saturating,0.0799999930502229,False,True
fit_joint_tsne_vi_seed322_C02Sc02_vt_seed10,seed336,5,322,C02,Sc02,10,lam_max,0.246676660646755,1.3485151936293,0.182924643201733,1.13496582060621,0.99968119194258,saturating,0.0799744953554064,False,True
fit_joint_tsne_vi_seed322_C02Sc02_vt_seed10,seed336,5,322,C02,Sc02,10,p_mis_base,0.0116273646647229,8.54181703118544e-06,1361.22848596176,4.8214323520778,1.0,saturating,0.08,False,True
fit_joint_tsne_vi_seed322_C02Sc02_vt_seed10,seed336,5,322,C02,Sc02,10,p_wgd,0.0001437289020466,0.0002115536955332,0.679396791837324,0.25827155112663,0.340913974310859,near_quadratic,0.0272731179448688,False,True
fit_joint_tsne_vi_seed322_C02Sc02_vt_seed10,seed336,5,322,C02,Sc02,10,gamma_mu,2.55320667335387,1.2,2.12767222779489,2.08185642054441,0.999999999998279,saturating,0.0799999999998624,False,True
fit_joint_tsne_vi_seed322_C02Sc02_vt_seed10,seed132,6,322,C02,Sc02,10,O2_crit,0.964966092977485,1.58620678578554,0.608348231532501,0.33207346169669,0.498024969099835,near_quadratic,0.0398419975279868,False,True
fit_joint_tsne_vi_seed322_C02Sc02_vt_seed10,seed132,6,322,C02,Sc02,10,mu_hp,0.0517425924579758,0.005,10.3485184915952,1.56135104621006,0.999999758490447,saturating,0.0799999806792358,False,True
fit_joint_tsne_vi_seed322_C02Sc02_vt_seed10,seed132,6,322,C02,Sc02,10,p_misseg,0.119402963709347,0.0105535150770604,11.3140468211285,1.62095072562611,0.999999926188984,saturating,0.0799999940951187,False,True
fit_joint_tsne_vi_seed322_C02Sc02_vt_seed10,seed132,6,322,C02,Sc02,10,k_o_mis,0.0042245534597161,0.0001128986825222,37.4189792594213,2.42014144052746,1.0,saturating,0.08,False,True
fit_joint_tsne_vi_seed322_C02Sc02_vt_seed10,seed132,6,322,C02,Sc02,10,buffer_smax,0.901526352688421,1.0,0.901526352688421,0.151497918940891,0.133633822058846,near_quadratic,0.0106907057647077,False,True
fit_joint_tsne_vi_seed322_C02Sc02_vt_seed10,seed132,6,322,C02,Sc02,10,buffer_beta,0.126370833117348,1.59113027351929,0.0794220531282073,1.69239829268015,0.999999983190555,saturating,0.0799999986552444,False,True
fit_joint_tsne_vi_seed322_C02Sc02_vt_seed10,seed132,6,322,C02,Sc02,10,buffer_n_exp,10.0,3.15756611375965,3.1669962368874,0.770226995894605,0.975468816075587,saturating,0.0780375052860469,False,True
fit_joint_tsne_vi_seed322_C02Sc02_vt_seed10,seed132,6,322,C02,Sc02,10,n_O,3.67451194478828,1.86857483366499,1.96647834412987,2.77836478634352,1.0,saturating,0.08,False,True
fit_joint_tsne_vi_seed322_C02Sc02_vt_seed10,seed132,6,322,C02,Sc02,10,alpha_o2,0.50000009018371,0.5,1.00000018036742,1.20511643399477e-07,9.08162434143378e-14,near_quadratic,7.26529947314703e-15,False,True
fit_joint_tsne_vi_seed322_C02Sc02_vt_seed10,seed132,6,322,C02,Sc02,10,gamma_growth,2.54837815028773,1.5,1.69891876685849,1.61288946198112,0.999999913127786,saturating,0.0799999930502229,False,True
fit_joint_tsne_vi_seed322_C02Sc02_vt_seed10,seed132,6,322,C02,Sc02,10,lam_max,0.246676660646755,1.3485151936293,0.182924643201733,1.13496582060621,0.99968119194258,saturating,0.0799744953554064,False,True
fit_joint_tsne_vi_seed322_C02Sc02_vt_seed10,seed132,6,322,C02,Sc02,10,p_mis_base,0.0116273646647229,8.54181703118544e-06,1361.22848596176,4.8214323520778,1.0,saturating,0.08,False,True
fit_joint_tsne_vi_seed322_C02Sc02_vt_seed10,seed132,6,322,C02,Sc02,10,p_wgd,0.000143530832523,0.0002118456351739,0.677525559614283,0.260114332937214,0.344837291155526,near_quadratic,0.0275869832924421,False,True
fit_joint_tsne_vi_seed322_C02Sc02_vt_seed10,seed132,6,322,C02,Sc02,10,gamma_mu,2.55320667335387,1.2,2.12767222779489,2.08185642054441,0.999999999998279,saturating,0.0799999999998624,False,True
fit_joint_tsne_vi_seed322_C02Sc02_vt_seed10,seed433,7,322,C02,Sc02,10,O2_crit,0.964966092977485,1.58620678578554,0.608348231532501,0.33207346169669,0.498024969099835,near_quadratic,0.0398419975279868,False,True
fit_joint_tsne_vi_seed322_C02Sc02_vt_seed10,seed433,7,322,C02,Sc02,10,mu_hp,0.0517425924579758,0.005,10.3485184915952,1.56135104621006,0.999999758490447,saturating,0.0799999806792358,False,True
fit_joint_tsne_vi_seed322_C02Sc02_vt_seed10,seed433,7,322,C02,Sc02,10,p_misseg,0.119402963709347,0.0105535150770604,11.3140468211285,1.62095072562611,0.999999926188984,saturating,0.0799999940951187,False,True
fit_joint_tsne_vi_seed322_C02Sc02_vt_seed10,seed433,7,322,C02,Sc02,10,k_o_mis,0.0042245534597161,0.0001128986825222,37.4189792594213,2.42014144052746,1.0,saturating,0.08,False,True
fit_joint_tsne_vi_seed322_C02Sc02_vt_seed10,seed433,7,322,C02,Sc02,10,buffer_smax,0.901526352688421,1.0,0.901526352688421,0.151497918940891,0.133633822058846,near_quadratic,0.0106907057647077,False,True
fit_joint_tsne_vi_seed322_C02Sc02_vt_seed10,seed433,7,322,C02,Sc02,10,buffer_beta,0.126370833117348,1.59113027351929,0.0794220531282073,1.69239829268015,0.999999983190555,saturating,0.0799999986552444,False,True
fit_joint_tsne_vi_seed322_C02Sc02_vt_seed10,seed433,7,322,C02,Sc02,10,buffer_n_exp,10.0,3.15756611375965,3.1669962368874,0.770226995894605,0.975468816075587,saturating,0.0780375052860469,False,True
fit_joint_tsne_vi_seed322_C02Sc02_vt_seed10,seed433,7,322,C02,Sc02,10,n_O,3.67451194478828,1.86857483366499,1.96647834412987,2.77836478634352,1.0,saturating,0.08,False,True
fit_joint_tsne_vi_seed322_C02Sc02_vt_seed10,seed433,7,322,C02,Sc02,10,alpha_o2,0.50000009018371,0.5,1.00000018036742,1.20511643399477e-07,9.08162434143378e-14,near_quadratic,7.26529947314703e-15,False,True
fit_joint_tsne_vi_seed322_C02Sc02_vt_seed10,seed433,7,322,C02,Sc02,10,gamma_growth,2.54837815028773,1.5,1.69891876685849,1.61288946198112,0.999999913127786,saturating,0.0799999930502229,False,True
fit_joint_tsne_vi_seed322_C02Sc02_vt_seed10,seed433,7,322,C02,Sc02,10,lam_max,0.246676660646755,1.3485151936293,0.182924643201733,1.13496582060621,0.99968119194258,saturating,0.0799744953554064,False,True
fit_joint_tsne_vi_seed322_C02Sc02_vt_seed10,seed433,7,322,C02,Sc02,10,p_mis_base,0.0116273646647229,8.54181703118544e-06,1361.22848596176,4.8214323520778,1.0,saturating,0.08,False,True
fit_joint_tsne_vi_seed322_C02Sc02_vt_seed10,seed433,7,322,C02,Sc02,10,p_wgd,0.0001434543867341,0.0002119585261568,0.676804039616519,0.260826242773946,0.346354128945674,near_quadratic,0.0277083303156539,False,True
fit_joint_tsne_vi_seed322_C02Sc02_vt_seed10,seed433,7,322,C02,Sc02,10,gamma_mu,2.55320667335387,1.2,2.12767222779489,2.08185642054441,0.999999999998279,saturating,0.0799999999998624,False,True
fit_joint_tsne_vi_seed322_C02Sc02_vt_seed10,seed211,8,322,C02,Sc02,10,O2_crit,0.964966092977485,1.58620678578554,0.608348231532501,0.33207346169669,0.498024969099835,near_quadratic,0.0398419975279868,False,True
fit_joint_tsne_vi_seed322_C02Sc02_vt_seed10,seed211,8,322,C02,Sc02,10,mu_hp,0.0517425924579758,0.005,10.3485184915952,1.56135104621006,0.999999758490447,saturating,0.0799999806792358,False,True
fit_joint_tsne_vi_seed322_C02Sc02_vt_seed10,seed211,8,322,C02,Sc02,10,p_misseg,0.119402963709347,0.0105535150770604,11.3140468211285,1.62095072562611,0.999999926188984,saturating,0.0799999940951187,False,True
fit_joint_tsne_vi_seed322_C02Sc02_vt_seed10,seed211,8,322,C02,Sc02,10,k_o_mis,0.0042245534597161,0.0001128986825222,37.4189792594213,2.42014144052746,1.0,saturating,0.08,False,True
fit_joint_tsne_vi_seed322_C02Sc02_vt_seed10,seed211,8,322,C02,Sc02,10,buffer_smax,0.901526352688421,1.0,0.901526352688421,0.151497918940891,0.133633822058846,near_quadratic,0.0106907057647077,False,True
fit_joint_tsne_vi_seed322_C02Sc02_vt_seed10,seed211,8,322,C02,Sc02,10,buffer_beta,0.126370833117348,1.59113027351929,0.0794220531282073,1.69239829268015,0.999999983190555,saturating,0.0799999986552444,False,True
fit_joint_tsne_vi_seed322_C02Sc02_vt_seed10,seed211,8,322,C02,Sc02,10,buffer_n_exp,10.0,3.15756611375965,3.1669962368874,0.770226995894605,0.975468816075587,saturating,0.0780375052860469,False,True
fit_joint_tsne_vi_seed322_C02Sc02_vt_seed10,seed211,8,322,C02,Sc02,10,n_O,3.67451194478828,1.86857483366499,1.96647834412987,2.77836478634352,1.0,saturating,0.08,False,True
fit_joint_tsne_vi_seed322_C02Sc02_vt_seed10,seed211,8,322,C02,Sc02,10,alpha_o2,0.50000009018371,0.5,1.00000018036742,1.20511643399477e-07,9.08162434143378e-14,near_quadratic,7.26529947314703e-15,False,True
fit_joint_tsne_vi_seed322_C02Sc02_vt_seed10,seed211,8,322,C02,Sc02,10,gamma_growth,2.54837815028773,1.5,1.69891876685849,1.61288946198112,0.999999913127786,saturating,0.0799999930502229,False,True
fit_joint_tsne_vi_seed322_C02Sc02_vt_seed10,seed211,8,322,C02,Sc02,10,lam_max,0.246676660646755,1.3485151936293,0.182924643201733,1.13496582060621,0.99968119194258,saturating,0.0799744953554064,False,True
fit_joint_tsne_vi_seed322_C02Sc02_vt_seed10,seed211,8,322,C02,Sc02,10,p_mis_base,0.0116273646647229,8.54181703118544e-06,1361.22848596176,4.8214323520778,1.0,saturating,0.08,False,True
fit_joint_tsne_vi_seed322_C02Sc02_vt_seed10,seed211,8,322,C02,Sc02,10,p_wgd,0.0001414706481969,0.0002149306642079,0.658215284069698,0.279433903694802,0.38615981261027,near_quadratic,0.0308927850088216,False,True
fit_joint_tsne_vi_seed322_C02Sc02_vt_seed10,seed211,8,322,C02,Sc02,10,gamma_mu,2.55320667335387,1.2,2.12767222779489,2.08185642054441,0.999999999998279,saturating,0.0799999999998624,False,True
fit_joint_tsne_vi_seed322_C02Sc02_vt_seed10,seed438,9,322,C02,Sc02,10,O2_crit,0.964966092977485,1.58620678578554,0.608348231532501,0.33207346169669,0.498024969099835,near_quadratic,0.0398419975279868,False,True
fit_joint_tsne_vi_seed322_C02Sc02_vt_seed10,seed438,9,322,C02,Sc02,10,mu_hp,0.0517425924579758,0.005,10.3485184915952,1.56135104621006,0.999999758490447,saturating,0.0799999806792358,False,True
fit_joint_tsne_vi_seed322_C02Sc02_vt_seed10,seed438,9,322,C02,Sc02,10,p_misseg,0.119402963709347,0.0105535150770604,11.3140468211285,1.62095072562611,0.999999926188984,saturating,0.0799999940951187,False,True
fit_joint_tsne_vi_seed322_C02Sc02_vt_seed10,seed438,9,322,C02,Sc02,10,k_o_mis,0.0042245534597161,0.0001128986825222,37.4189792594213,2.42014144052746,1.0,saturating,0.08,False,True
fit_joint_tsne_vi_seed322_C02Sc02_vt_seed10,seed438,9,322,C02,Sc02,10,buffer_smax,0.901526352688421,1.0,0.901526352688421,0.151497918940891,0.133633822058846,near_quadratic,0.0106907057647077,False,True
fit_joint_tsne_vi_seed322_C02Sc02_vt_seed10,seed438,9,322,C02,Sc02,10,buffer_beta,0.126370833117348,1.59113027351929,0.0794220531282073,1.69239829268015,0.999999983190555,saturating,0.0799999986552444,False,True
fit_joint_tsne_vi_seed322_C02Sc02_vt_seed10,seed438,9,322,C02,Sc02,10,buffer_n_exp,10.0,3.15756611375965,3.1669962368874,0.770226995894605,0.975468816075587,saturating,0.0780375052860469,False,True
fit_joint_tsne_vi_seed322_C02Sc02_vt_seed10,seed438,9,322,C02,Sc02,10,n_O,3.67451194478828,1.86857483366499,1.96647834412987,2.77836478634352,1.0,saturating,0.08,False,True
fit_joint_tsne_vi_seed322_C02Sc02_vt_seed10,seed438,9,322,C02,Sc02,10,alpha_o2,0.50000009018371,0.5,1.00000018036742,1.20511643399477e-07,9.08162434143378e-14,near_quadratic,7.26529947314703e-15,False,True
fit_joint_tsne_vi_seed322_C02Sc02_vt_seed10,seed438,9,322,C02,Sc02,10,gamma_growth,2.54837815028773,1.5,1.69891876685849,1.61288946198112,0.999999913127786,saturating,0.0799999930502229,False,True
fit_joint_tsne_vi_seed322_C02Sc02_vt_seed10,seed438,9,322,C02,Sc02,10,lam_max,0.246676660646755,1.3485151936293,0.182924643201733,1.13496582060621,0.99968119194258,saturating,0.0799744953554064,False,True
fit_joint_tsne_vi_seed322_C02Sc02_vt_seed10,seed438,9,322,C02,Sc02,10,p_mis_base,0.0116273646647229,8.54181703118544e-06,1361.22848596176,4.8214323520778,1.0,saturating,0.08,False,True
fit_joint_tsne_vi_seed322_C02Sc02_vt_seed10,seed438,9,322,C02,Sc02,10,p_wgd,0.000138821252243,0.0002190326040977,0.633792639296551,0.304696629076899,0.440241715674736,near_quadratic,0.0352193372539789,False,True
fit_joint_tsne_vi_seed322_C02Sc02_vt_seed10,seed438,9,322,C02,Sc02,10,gamma_mu,2.54014285760502,1.21306381574885,2.09398947081521,2.0416600643941,0.999999999995151,saturating,0.0799999999996121,False,True
fit_joint_tsne_vi_seed322_C02Sc02_vt_seed10,seed295,10,322,C02,Sc02,10,O2_crit,0.964966092977485,1.58620678578554,0.608348231532501,0.33207346169669,0.498024969099835,near_quadratic,0.0398419975279868,False,True
fit_joint_tsne_vi_seed322_C02Sc02_vt_seed10,seed295,10,322,C02,Sc02,10,mu_hp,0.0517425924579758,0.005,10.3485184915952,1.56135104621006,0.999999758490447,saturating,0.0799999806792358,False,True
fit_joint_tsne_vi_seed322_C02Sc02_vt_seed10,seed295,10,322,C02,Sc02,10,p_misseg,0.119402963709347,0.0105535150770604,11.3140468211285,1.62095072562611,0.999999926188984,saturating,0.0799999940951187,False,True
fit_joint_tsne_vi_seed322_C02Sc02_vt_seed10,seed295,10,322,C02,Sc02,10,k_o_mis,0.0042245534597161,0.0001128986825222,37.4189792594213,2.42014144052746,1.0,saturating,0.08,False,True
fit_joint_tsne_vi_seed322_C02Sc02_vt_seed10,seed295,10,322,C02,Sc02,10,buffer_smax,0.901526352688421,1.0,0.901526352688421,0.151497918940891,0.133633822058846,near_quadratic,0.0106907057647077,False,True
fit_joint_tsne_vi_seed322_C02Sc02_vt_seed10,seed295,10,322,C02,Sc02,10,buffer_beta,0.126370833117348,1.59113027351929,0.0794220531282073,1.69239829268015,0.999999983190555,saturating,0.0799999986552444,False,True
fit_joint_tsne_vi_seed322_C02Sc02_vt_seed10,seed295,10,322,C02,Sc02,10,buffer_n_exp,10.0,3.15756611375965,3.1669962368874,0.770226995894605,0.975468816075587,saturating,0.0780375052860469,False,True
fit_joint_tsne_vi_seed322_C02Sc02_vt_seed10,seed295,10,322,C02,Sc02,10,n_O,3.67451194478828,1.86857483366499,1.96647834412987,2.77836478634352,1.0,saturating,0.08,False,True
fit_joint_tsne_vi_seed322_C02Sc02_vt_seed10,seed295,10,322,C02,Sc02,10,alpha_o2,0.50000009018371,0.5,1.00000018036742,1.20511643399477e-07,9.08162434143378e-14,near_quadratic,7.26529947314703e-15,False,True
fit_joint_tsne_vi_seed322_C02Sc02_vt_seed10,seed295,10,322,C02,Sc02,10,gamma_growth,2.54837815028773,1.5,1.69891876685849,1.61288946198112,0.999999913127786,saturating,0.0799999930502229,False,True
fit_joint_tsne_vi_seed322_C02Sc02_vt_seed10,seed295,10,322,C02,Sc02,10,lam_max,0.246676660646755,1.3485151936293,0.182924643201733,1.13496582060621,0.99968119194258,saturating,0.0799744953554064,False,True
fit_joint_tsne_vi_seed322_C02Sc02_vt_seed10,seed295,10,322,C02,Sc02,10,p_mis_base,0.0116273646647229,8.54181703118544e-06,1361.22848596176,4.8214323520778,1.0,saturating,0.08,False,True
fit_joint_tsne_vi_seed322_C02Sc02_vt_seed10,seed295,10,322,C02,Sc02,10,p_wgd,0.0001342676231667,0.000226461001288,0.592895122794273,0.349264803359543,0.53346017516213,near_quadratic,0.0426768140129704,False,True
fit_joint_tsne_vi_seed322_C02Sc02_vt_seed10,seed295,10,322,C02,Sc02,10,gamma_mu,2.55320667335387,1.2,2.12767222779489,2.08185642054441,0.999999999998279,saturating,0.0799999999998624,False,True
fit_joint_tsne_vi_seed366_C01Sc01_vt_seed10,seed472,1,366,C01,Sc01,10,O2_crit,0.222506744860626,1.58620678578554,0.14027600112077,1.31233326637487,0.999978849907156,saturating,0.0799983079925725,False,True
fit_joint_tsne_vi_seed366_C01Sc01_vt_seed10,seed472,1,366,C01,Sc01,10,mu_hp,0.0513477916983572,0.005,10.2695583396714,1.55623348677642,0.999999733166684,saturating,0.0799999786533347,False,True
fit_joint_tsne_vi_seed366_C01Sc01_vt_seed10,seed472,1,366,C01,Sc01,10,p_misseg,0.117357584120704,0.0105535150770604,11.1202365528238,1.6094061935071,0.999999906814793,saturating,0.0799999925451834,False,True
fit_joint_tsne_vi_seed366_C01Sc01_vt_seed10,seed472,1,366,C01,Sc01,10,k_o_mis,0.0010288852592723,0.0001128986825222,9.11335045091921,1.47642780191887,0.999998788915222,saturating,0.0799999031132178,False,True
fit_joint_tsne_vi_seed366_C01Sc01_vt_seed10,seed472,1,366,C01,Sc01,10,buffer_smax,0.908515590155285,1.0,0.908515590155285,0.140745245914946,0.11645022602955,near_quadratic,0.009316018082364,False,True
fit_joint_tsne_vi_seed366_C01Sc01_vt_seed10,seed472,1,366,C01,Sc01,10,buffer_beta,0.165387798276667,1.59113027351929,0.103943593449994,1.51261888183406,0.999999384049516,saturating,0.0799999507239613,False,True
fit_joint_tsne_vi_seed366_C01Sc01_vt_seed10,seed472,1,366,C01,Sc01,10,buffer_n_exp,10.0,3.15756611375965,3.1669962368874,0.770226995894605,0.975468816075587,saturating,0.0780375052860469,False,True
fit_joint_tsne_vi_seed366_C01Sc01_vt_seed10,seed472,1,366,C01,Sc01,10,n_O,2.17248485215607,1.86857483366499,1.1626426798733,0.467553874601661,0.744948912395799,saturating,0.0595959129916639,False,True
fit_joint_tsne_vi_seed366_C01Sc01_vt_seed10,seed472,1,366,C01,Sc01,10,alpha_o2,2.69193308007453,0.5,5.38386616014906,1.1247603923635,0.999631764222945,saturating,0.0799705411378356,False,True
fit_joint_tsne_vi_seed366_C01Sc01_vt_seed10,seed472,1,366,C01,Sc01,10,gamma_growth,3.30758726253307,1.5,2.20505817502205,2.78090348082011,1.0,saturating,0.08,False,True
fit_joint_tsne_vi_seed366_C01Sc01_vt_seed10,seed472,1,366,C01,Sc01,10,lam_max,0.238916831366556,1.3485151936293,0.177170292552323,1.15632168876682,0.999765193561565,saturating,0.0799812154849252,False,True
fit_joint_tsne_vi_seed366_C01Sc01_vt_seed10,seed472,1,366,C01,Sc01,10,p_mis_base,1.60455141986261e-05,1.55464994856065e-05,1.0320982040672,0.0211092651459228,0.0027811321852455,near_quadratic,0.0002224905748196,False,True
fit_joint_tsne_vi_seed366_C01Sc01_vt_seed10,seed472,1,366,C01,Sc01,10,p_wgd,0.0002497373957028,0.0002413736385842,1.03465066511686,0.0227596019538167,0.0032322617152263,near_quadratic,0.0002585809372181,False,True
fit_joint_tsne_vi_seed366_C01Sc01_vt_seed10,seed472,1,366,C01,Sc01,10,gamma_mu,2.63750521250042,1.2,2.19792101041702,2.21154648076988,0.999999999999947,saturating,0.0799999999999958,False,True
fit_joint_tsne_vi_seed366_C01Sc01_vt_seed10,seed386,2,366,C01,Sc01,10,O2_crit,0.222506744860626,1.58620678578554,0.14027600112077,1.31233326637487,0.999978849907156,saturating,0.0799983079925725,False,True
fit_joint_tsne_vi_seed366_C01Sc01_vt_seed10,seed386,2,366,C01,Sc01,10,mu_hp,0.0513477916983572,0.005,10.2695583396714,1.55623348677642,0.999999733166684,saturating,0.0799999786533347,False,True
fit_joint_tsne_vi_seed366_C01Sc01_vt_seed10,seed386,2,366,C01,Sc01,10,p_misseg,0.117357584120704,0.0105535150770604,11.1202365528238,1.6094061935071,0.999999906814793,saturating,0.0799999925451834,False,True
fit_joint_tsne_vi_seed366_C01Sc01_vt_seed10,seed386,2,366,C01,Sc01,10,k_o_mis,0.0010288852592723,0.0001128986825222,9.11335045091921,1.47642780191887,0.999998788915222,saturating,0.0799999031132178,False,True
fit_joint_tsne_vi_seed366_C01Sc01_vt_seed10,seed386,2,366,C01,Sc01,10,buffer_smax,0.908515590155285,1.0,0.908515590155285,0.140745245914946,0.11645022602955,near_quadratic,0.009316018082364,False,True
fit_joint_tsne_vi_seed366_C01Sc01_vt_seed10,seed386,2,366,C01,Sc01,10,buffer_beta,0.165387798276667,1.59113027351929,0.103943593449994,1.51261888183406,0.999999384049516,saturating,0.0799999507239613,False,True
fit_joint_tsne_vi_seed366_C01Sc01_vt_seed10,seed386,2,366,C01,Sc01,10,buffer_n_exp,10.0,3.15756611375965,3.1669962368874,0.770226995894605,0.975468816075587,saturating,0.0780375052860469,False,True
fit_joint_tsne_vi_seed366_C01Sc01_vt_seed10,seed386,2,366,C01,Sc01,10,n_O,2.17248485215607,1.86857483366499,1.1626426798733,0.467553874601661,0.744948912395799,saturating,0.0595959129916639,False,True
fit_joint_tsne_vi_seed366_C01Sc01_vt_seed10,seed386,2,366,C01,Sc01,10,alpha_o2,2.69193308007453,0.5,5.38386616014906,1.1247603923635,0.999631764222945,saturating,0.0799705411378356,False,True
fit_joint_tsne_vi_seed366_C01Sc01_vt_seed10,seed386,2,366,C01,Sc01,10,gamma_growth,3.30758726253307,1.5,2.20505817502205,2.78090348082011,1.0,saturating,0.08,False,True
fit_joint_tsne_vi_seed366_C01Sc01_vt_seed10,seed386,2,366,C01,Sc01,10,lam_max,0.238916831366556,1.3485151936293,0.177170292552323,1.15632168876682,0.999765193561565,saturating,0.0799812154849252,False,True
fit_joint_tsne_vi_seed366_C01Sc01_vt_seed10,seed386,2,366,C01,Sc01,10,p_mis_base,8.81599401735714e-06,8.54181703118544e-06,1.0320982040672,0.0211092651459228,0.0027811321852455,near_quadratic,0.0002224905748196,False,True
fit_joint_tsne_vi_seed366_C01Sc01_vt_seed10,seed386,2,366,C01,Sc01,10,p_wgd,0.0002384830661728,0.0002527643780278,0.943499507460583,0.0388589572550003,0.0093932214648653,near_quadratic,0.0007514577171892,False,True
fit_joint_tsne_vi_seed366_C01Sc01_vt_seed10,seed386,2,366,C01,Sc01,10,gamma_mu,2.63750521250042,1.2,2.19792101041702,2.21154648076988,0.999999999999947,saturating,0.0799999999999958,False,True
fit_joint_tsne_vi_seed366_C01Sc01_vt_seed10,seed494,3,366,C01,Sc01,10,O2_crit,0.222506744860626,1.58620678578554,0.14027600112077,1.31233326637487,0.999978849907156,saturating,0.0799983079925725,False,True
fit_joint_tsne_vi_seed366_C01Sc01_vt_seed10,seed494,3,366,C01,Sc01,10,mu_hp,0.0513477916983572,0.005,10.2695583396714,1.55623348677642,0.999999733166684,saturating,0.0799999786533347,False,True
fit_joint_tsne_vi_seed366_C01Sc01_vt_seed10,seed494,3,366,C01,Sc01,10,p_misseg,0.117357584120704,0.0105535150770604,11.1202365528238,1.6094061935071,0.999999906814793,saturating,0.0799999925451834,False,True
fit_joint_tsne_vi_seed366_C01Sc01_vt_seed10,seed494,3,366,C01,Sc01,10,k_o_mis,0.0010288852592723,0.0001128986825222,9.11335045091921,1.47642780191887,0.999998788915222,saturating,0.0799999031132178,False,True
fit_joint_tsne_vi_seed366_C01Sc01_vt_seed10,seed494,3,366,C01,Sc01,10,buffer_smax,0.908515590155285,1.0,0.908515590155285,0.140745245914946,0.11645022602955,near_quadratic,0.009316018082364,False,True
fit_joint_tsne_vi_seed366_C01Sc01_vt_seed10,seed494,3,366,C01,Sc01,10,buffer_beta,0.165387798276667,1.59113027351929,0.103943593449994,1.51261888183406,0.999999384049516,saturating,0.0799999507239613,False,True
fit_joint_tsne_vi_seed366_C01Sc01_vt_seed10,seed494,3,366,C01,Sc01,10,buffer_n_exp,10.0,3.15756611375965,3.1669962368874,0.770226995894605,0.975468816075587,saturating,0.0780375052860469,False,True
fit_joint_tsne_vi_seed366_C01Sc01_vt_seed10,seed494,3,366,C01,Sc01,10,n_O,2.17248485215607,1.86857483366499,1.1626426798733,0.467553874601661,0.744948912395799,saturating,0.0595959129916639,False,True
fit_joint_tsne_vi_seed366_C01Sc01_vt_seed10,seed494,3,366,C01,Sc01,10,alpha_o2,2.69193308007453,0.5,5.38386616014906,1.1247603923635,0.999631764222945,saturating,0.0799705411378356,False,True
fit_joint_tsne_vi_seed366_C01Sc01_vt_seed10,seed494,3,366,C01,Sc01,10,gamma_growth,3.30758726253307,1.5,2.20505817502205,2.78090348082011,1.0,saturating,0.08,False,True
fit_joint_tsne_vi_seed366_C01Sc01_vt_seed10,seed494,3,366,C01,Sc01,10,lam_max,0.238916831366556,1.3485151936293,0.177170292552323,1.15632168876682,0.999765193561565,saturating,0.0799812154849252,False,True
fit_joint_tsne_vi_seed366_C01Sc01_vt_seed10,seed494,3,366,C01,Sc01,10,p_mis_base,8.85183023805384e-06,8.50723588445666e-06,1.04050603019328,0.0265301561289377,0.0043893957210218,near_quadratic,0.0003511516576817,False,True
fit_joint_tsne_vi_seed366_C01Sc01_vt_seed10,seed494,3,366,C01,Sc01,10,p_wgd,0.0002436075335479,0.0002474472895539,0.984482529540558,0.0104492098053137,0.0006821796193292,near_quadratic,5.45743695463408e-05,False,True
fit_joint_tsne_vi_seed366_C01Sc01_vt_seed10,seed494,3,366,C01,Sc01,10,gamma_mu,2.63750521250042,1.2,2.19792101041702,2.21154648076988,0.999999999999947,saturating,0.0799999999999958,False,True
fit_joint_tsne_vi_seed366_C01Sc01_vt_seed10,seed71,4,366,C01,Sc01,10,O2_crit,0.222506744860626,1.58620678578554,0.14027600112077,1.31233326637487,0.999978849907156,saturating,0.0799983079925725,False,True
fit_joint_tsne_vi_seed366_C01Sc01_vt_seed10,seed71,4,366,C01,Sc01,10,mu_hp,0.0513477916983572,0.005,10.2695583396714,1.55623348677642,0.999999733166684,saturating,0.0799999786533347,False,True
fit_joint_tsne_vi_seed366_C01Sc01_vt_seed10,seed71,4,366,C01,Sc01,10,p_misseg,0.117357584120704,0.0105535150770604,11.1202365528238,1.6094061935071,0.999999906814793,saturating,0.0799999925451834,False,True
fit_joint_tsne_vi_seed366_C01Sc01_vt_seed10,seed71,4,366,C01,Sc01,10,k_o_mis,0.0010288852592723,0.0001128986825222,9.11335045091921,1.47642780191887,0.999998788915222,saturating,0.0799999031132178,False,True
fit_joint_tsne_vi_seed366_C01Sc01_vt_seed10,seed71,4,366,C01,Sc01,10,buffer_smax,0.908515590155285,1.0,0.908515590155285,0.140745245914946,0.11645022602955,near_quadratic,0.009316018082364,False,True
fit_joint_tsne_vi_seed366_C01Sc01_vt_seed10,seed71,4,366,C01,Sc01,10,buffer_beta,0.165387798276667,1.59113027351929,0.103943593449994,1.51261888183406,0.999999384049516,saturating,0.0799999507239613,False,True
fit_joint_tsne_vi_seed366_C01Sc01_vt_seed10,seed71,4,366,C01,Sc01,10,buffer_n_exp,10.0,3.15756611375965,3.1669962368874,0.770226995894605,0.975468816075587,saturating,0.0780375052860469,False,True
fit_joint_tsne_vi_seed366_C01Sc01_vt_seed10,seed71,4,366,C01,Sc01,10,n_O,2.17248485215607,1.86857483366499,1.1626426798733,0.467553874601661,0.744948912395799,saturating,0.0595959129916639,False,True
fit_joint_tsne_vi_seed366_C01Sc01_vt_seed10,seed71,4,366,C01,Sc01,10,alpha_o2,2.69193308007453,0.5,5.38386616014906,1.1247603923635,0.999631764222945,saturating,0.0799705411378356,False,True
fit_joint_tsne_vi_seed366_C01Sc01_vt_seed10,seed71,4,366,C01,Sc01,10,gamma_growth,3.30758726253307,1.5,2.20505817502205,2.78090348082011,1.0,saturating,0.08,False,True
fit_joint_tsne_vi_seed366_C01Sc01_vt_seed10,seed71,4,366,C01,Sc01,10,lam_max,0.238916831366556,1.3485151936293,0.177170292552323,1.15632168876682,0.999765193561565,saturating,0.0799812154849252,False,True
fit_joint_tsne_vi_seed366_C01Sc01_vt_seed10,seed71,4,366,C01,Sc01,10,p_mis_base,2.45486709361357e-06,2.38819100974874e-06,1.02791907497878,0.018398346597046,0.0021133833883401,near_quadratic,0.0001690706710672,False,True
fit_joint_tsne_vi_seed366_C01Sc01_vt_seed10,seed71,4,366,C01,Sc01,10,p_wgd,0.0002389886137428,0.0002522296897216,0.947503896177145,0.0360292238745525,0.0080803332560165,near_quadratic,0.0006464266604813,False,True
fit_joint_tsne_vi_seed366_C01Sc01_vt_seed10,seed71,4,366,C01,Sc01,10,gamma_mu,2.63750521250042,1.2,2.19792101041702,2.21154648076988,0.999999999999947,saturating,0.0799999999999958,False,True
fit_joint_tsne_vi_seed366_C01Sc01_vt_seed10,seed178,5,366,C01,Sc01,10,O2_crit,0.222506744860626,1.58620678578554,0.14027600112077,1.31233326637487,0.999978849907156,saturating,0.0799983079925725,False,True
fit_joint_tsne_vi_seed366_C01Sc01_vt_seed10,seed178,5,366,C01,Sc01,10,mu_hp,0.0513477916983572,0.005,10.2695583396714,1.55623348677642,0.999999733166684,saturating,0.0799999786533347,False,True
fit_joint_tsne_vi_seed366_C01Sc01_vt_seed10,seed178,5,366,C01,Sc01,10,p_misseg,0.117357584120704,0.0105535150770604,11.1202365528238,1.6094061935071,0.999999906814793,saturating,0.0799999925451834,False,True
fit_joint_tsne_vi_seed366_C01Sc01_vt_seed10,seed178,5,366,C01,Sc01,10,k_o_mis,0.0010288852592723,0.0001128986825222,9.11335045091921,1.47642780191887,0.999998788915222,saturating,0.0799999031132178,False,True
fit_joint_tsne_vi_seed366_C01Sc01_vt_seed10,seed178,5,366,C01,Sc01,10,buffer_smax,0.908515590155285,1.0,0.908515590155285,0.140745245914946,0.11645022602955,near_quadratic,0.009316018082364,False,True
fit_joint_tsne_vi_seed366_C01Sc01_vt_seed10,seed178,5,366,C01,Sc01,10,buffer_beta,0.165387798276667,1.59113027351929,0.103943593449994,1.51261888183406,0.999999384049516,saturating,0.0799999507239613,False,True
fit_joint_tsne_vi_seed366_C01Sc01_vt_seed10,seed178,5,366,C01,Sc01,10,buffer_n_exp,10.0,3.15756611375965,3.1669962368874,0.770226995894605,0.975468816075587,saturating,0.0780375052860469,False,True
fit_joint_tsne_vi_seed366_C01Sc01_vt_seed10,seed178,5,366,C01,Sc01,10,n_O,2.17248485215607,1.86857483366499,1.1626426798733,0.467553874601661,0.744948912395799,saturating,0.0595959129916639,False,True
fit_joint_tsne_vi_seed366_C01Sc01_vt_seed10,seed178,5,366,C01,Sc01,10,alpha_o2,2.69193308007453,0.5,5.38386616014906,1.1247603923635,0.999631764222945,saturating,0.0799705411378356,False,True
fit_joint_tsne_vi_seed366_C01Sc01_vt_seed10,seed178,5,366,C01,Sc01,10,gamma_growth,3.30758726253307,1.5,2.20505817502205,2.78090348082011,1.0,saturating,0.08,False,True
fit_joint_tsne_vi_seed366_C01Sc01_vt_seed10,seed178,5,366,C01,Sc01,10,lam_max,0.238916831366556,1.3485151936293,0.177170292552323,1.15632168876682,0.999765193561565,saturating,0.0799812154849252,False,True
fit_joint_tsne_vi_seed366_C01Sc01_vt_seed10,seed178,5,366,C01,Sc01,10,p_mis_base,8.81599401735714e-06,8.54181703118544e-06,1.0320982040672,0.0211092651459228,0.0027811321852455,near_quadratic,0.0002224905748196,False,True
fit_joint_tsne_vi_seed366_C01Sc01_vt_seed10,seed178,5,366,C01,Sc01,10,p_wgd,0.0002269650207681,0.0002655916920032,0.854563706629119,0.105008547137466,0.0665962879617078,near_quadratic,0.0053277030369366,False,True
fit_joint_tsne_vi_seed366_C01Sc01_vt_seed10,seed178,5,366,C01,Sc01,10,gamma_mu,2.63750521250042,1.2,2.19792101041702,2.21154648076988,0.999999999999947,saturating,0.0799999999999958,False,True
fit_joint_tsne_vi_seed366_C01Sc01_vt_seed10,seed251,6,366,C01,Sc01,10,O2_crit,0.222506744860626,1.58620678578554,0.14027600112077,1.31233326637487,0.999978849907156,saturating,0.0799983079925725,False,True
fit_joint_tsne_vi_seed366_C01Sc01_vt_seed10,seed251,6,366,C01,Sc01,10,mu_hp,0.0513477916983572,0.005,10.2695583396714,1.55623348677642,0.999999733166684,saturating,0.0799999786533347,False,True
fit_joint_tsne_vi_seed366_C01Sc01_vt_seed10,seed251,6,366,C01,Sc01,10,p_misseg,0.117357584120704,0.0105535150770604,11.1202365528238,1.6094061935071,0.999999906814793,saturating,0.0799999925451834,False,True
fit_joint_tsne_vi_seed366_C01Sc01_vt_seed10,seed251,6,366,C01,Sc01,10,k_o_mis,0.0010288852592723,0.0001128986825222,9.11335045091921,1.47642780191887,0.999998788915222,saturating,0.0799999031132178,False,True
fit_joint_tsne_vi_seed366_C01Sc01_vt_seed10,seed251,6,366,C01,Sc01,10,buffer_smax,0.908515590155285,1.0,0.908515590155285,0.140745245914946,0.11645022602955,near_quadratic,0.009316018082364,False,True
fit_joint_tsne_vi_seed366_C01Sc01_vt_seed10,seed251,6,366,C01,Sc01,10,buffer_beta,0.165387798276667,1.59113027351929,0.103943593449994,1.51261888183406,0.999999384049516,saturating,0.0799999507239613,False,True
fit_joint_tsne_vi_seed366_C01Sc01_vt_seed10,seed251,6,366,C01,Sc01,10,buffer_n_exp,10.0,3.15756611375965,3.1669962368874,0.770226995894605,0.975468816075587,saturating,0.0780375052860469,False,True
fit_joint_tsne_vi_seed366_C01Sc01_vt_seed10,seed251,6,366,C01,Sc01,10,n_O,2.17248485215607,1.86857483366499,1.1626426798733,0.467553874601661,0.744948912395799,saturating,0.0595959129916639,False,True
fit_joint_tsne_vi_seed366_C01Sc01_vt_seed10,seed251,6,366,C01,Sc01,10,alpha_o2,2.69193308007453,0.5,5.38386616014906,1.1247603923635,0.999631764222945,saturating,0.0799705411378356,False,True
fit_joint_tsne_vi_seed366_C01Sc01_vt_seed10,seed251,6,366,C01,Sc01,10,gamma_growth,3.30758726253307,1.5,2.20505817502205,2.78090348082011,1.0,saturating,0.08,False,True
fit_joint_tsne_vi_seed366_C01Sc01_vt_seed10,seed251,6,366,C01,Sc01,10,lam_max,0.238916831366556,1.3485151936293,0.177170292552323,1.15632168876682,0.999765193561565,saturating,0.0799812154849252,False,True
fit_joint_tsne_vi_seed366_C01Sc01_vt_seed10,seed251,6,366,C01,Sc01,10,p_mis_base,8.81599401735714e-06,8.54181703118544e-06,1.0320982040672,0.0211092651459228,0.0027811321852455,near_quadratic,0.0002224905748196,False,True
fit_joint_tsne_vi_seed366_C01Sc01_vt_seed10,seed251,6,366,C01,Sc01,10,p_wgd,0.0002309706530485,0.0002609856407977,0.884993719740847,0.0816304787900863,0.0407917689764752,near_quadratic,0.003263341518118,False,True
fit_joint_tsne_vi_seed366_C01Sc01_vt_seed10,seed251,6,366,C01,Sc01,10,gamma_mu,2.63750521250042,1.2,2.19792101041702,2.21154648076988,0.999999999999947,saturating,0.0799999999999958,False,True
fit_joint_tsne_vi_seed366_C01Sc01_vt_seed10,seed53,7,366,C01,Sc01,10,O2_crit,0.222506744860626,1.58620678578554,0.14027600112077,1.31233326637487,0.999978849907156,saturating,0.0799983079925725,False,True
fit_joint_tsne_vi_seed366_C01Sc01_vt_seed10,seed53,7,366,C01,Sc01,10,mu_hp,0.0513477916983572,0.005,10.2695583396714,1.55623348677642,0.999999733166684,saturating,0.0799999786533347,False,True
fit_joint_tsne_vi_seed366_C01Sc01_vt_seed10,seed53,7,366,C01,Sc01,10,p_misseg,0.117357584120704,0.0105535150770604,11.1202365528238,1.6094061935071,0.999999906814793,saturating,0.0799999925451834,False,True
fit_joint_tsne_vi_seed366_C01Sc01_vt_seed10,seed53,7,366,C01,Sc01,10,k_o_mis,0.0010288852592723,0.0001128986825222,9.11335045091921,1.47642780191887,0.999998788915222,saturating,0.0799999031132178,False,True
fit_joint_tsne_vi_seed366_C01Sc01_vt_seed10,seed53,7,366,C01,Sc01,10,buffer_smax,0.908515590155285,1.0,0.908515590155285,0.140745245914946,0.11645022602955,near_quadratic,0.009316018082364,False,True
fit_joint_tsne_vi_seed366_C01Sc01_vt_seed10,seed53,7,366,C01,Sc01,10,buffer_beta,0.165387798276667,1.59113027351929,0.103943593449994,1.51261888183406,0.999999384049516,saturating,0.0799999507239613,False,True
fit_joint_tsne_vi_seed366_C01Sc01_vt_seed10,seed53,7,366,C01,Sc01,10,buffer_n_exp,10.0,3.15756611375965,3.1669962368874,0.770226995894605,0.975468816075587,saturating,0.0780375052860469,False,True
fit_joint_tsne_vi_seed366_C01Sc01_vt_seed10,seed53,7,366,C01,Sc01,10,n_O,2.17248485215607,1.86857483366499,1.1626426798733,0.467553874601661,0.744948912395799,saturating,0.0595959129916639,False,True
fit_joint_tsne_vi_seed366_C01Sc01_vt_seed10,seed53,7,366,C01,Sc01,10,alpha_o2,2.69193308007453,0.5,5.38386616014906,1.1247603923635,0.999631764222945,saturating,0.0799705411378356,False,True
fit_joint_tsne_vi_seed366_C01Sc01_vt_seed10,seed53,7,366,C01,Sc01,10,gamma_growth,3.30758726253307,1.5,2.20505817502205,2.78090348082011,1.0,saturating,0.08,False,True
fit_joint_tsne_vi_seed366_C01Sc01_vt_seed10,seed53,7,366,C01,Sc01,10,lam_max,0.238916831366556,1.3485151936293,0.177170292552323,1.15632168876682,0.999765193561565,saturating,0.0799812154849252,False,True
fit_joint_tsne_vi_seed366_C01Sc01_vt_seed10,seed53,7,366,C01,Sc01,10,p_mis_base,8.80147342257894e-06,8.55590924709342e-06,1.02870111970495,0.0189064808447947,0.0022316001318203,near_quadratic,0.0001785280105456,False,True
fit_joint_tsne_vi_seed366_C01Sc01_vt_seed10,seed53,7,366,C01,Sc01,10,p_wgd,0.0002212535644509,0.0002724476961125,0.812095560387873,0.139065944200226,0.113851606363314,near_quadratic,0.0091081285090651,False,True
fit_joint_tsne_vi_seed366_C01Sc01_vt_seed10,seed53,7,366,C01,Sc01,10,gamma_mu,2.63750521250042,1.2,2.19792101041702,2.21154648076988,0.999999999999947,saturating,0.0799999999999958,False,True
fit_joint_tsne_vi_seed366_C01Sc01_vt_seed10,seed140,8,366,C01,Sc01,10,O2_crit,0.222506744860626,1.58620678578554,0.14027600112077,1.31233326637487,0.999978849907156,saturating,0.0799983079925725,False,True
fit_joint_tsne_vi_seed366_C01Sc01_vt_seed10,seed140,8,366,C01,Sc01,10,mu_hp,0.0513477916983572,0.005,10.2695583396714,1.55623348677642,0.999999733166684,saturating,0.0799999786533347,False,True
fit_joint_tsne_vi_seed366_C01Sc01_vt_seed10,seed140,8,366,C01,Sc01,10,p_misseg,0.117357584120704,0.0105535150770604,11.1202365528238,1.6094061935071,0.999999906814793,saturating,0.0799999925451834,False,True
fit_joint_tsne_vi_seed366_C01Sc01_vt_seed10,seed140,8,366,C01,Sc01,10,k_o_mis,0.0010288852592723,0.0001128986825222,9.11335045091921,1.47642780191887,0.999998788915222,saturating,0.0799999031132178,False,True
fit_joint_tsne_vi_seed366_C01Sc01_vt_seed10,seed140,8,366,C01,Sc01,10,buffer_smax,0.908515590155285,1.0,0.908515590155285,0.140745245914946,0.11645022602955,near_quadratic,0.009316018082364,False,True
fit_joint_tsne_vi_seed366_C01Sc01_vt_seed10,seed140,8,366,C01,Sc01,10,buffer_beta,0.165387798276667,1.59113027351929,0.103943593449994,1.51261888183406,0.999999384049516,saturating,0.0799999507239613,False,True
fit_joint_tsne_vi_seed366_C01Sc01_vt_seed10,seed140,8,366,C01,Sc01,10,buffer_n_exp,10.0,3.15756611375965,3.1669962368874,0.770226995894605,0.975468816075587,saturating,0.0780375052860469,False,True
fit_joint_tsne_vi_seed366_C01Sc01_vt_seed10,seed140,8,366,C01,Sc01,10,n_O,2.17248485215607,1.86857483366499,1.1626426798733,0.467553874601661,0.744948912395799,saturating,0.0595959129916639,False,True
fit_joint_tsne_vi_seed366_C01Sc01_vt_seed10,seed140,8,366,C01,Sc01,10,alpha_o2,2.69193308007453,0.5,5.38386616014906,1.1247603923635,0.999631764222945,saturating,0.0799705411378356,False,True
fit_joint_tsne_vi_seed366_C01Sc01_vt_seed10,seed140,8,366,C01,Sc01,10,gamma_growth,3.30758726253307,1.5,2.20505817502205,2.78090348082011,1.0,saturating,0.08,False,True
fit_joint_tsne_vi_seed366_C01Sc01_vt_seed10,seed140,8,366,C01,Sc01,10,lam_max,0.238916831366556,1.3485151936293,0.177170292552323,1.15632168876682,0.999765193561565,saturating,0.0799812154849252,False,True
fit_joint_tsne_vi_seed366_C01Sc01_vt_seed10,seed140,8,366,C01,Sc01,10,p_mis_base,8.81599401735714e-06,8.54181703118544e-06,1.0320982040672,0.0211092651459228,0.0027811321852455,near_quadratic,0.0002224905748196,False,True
fit_joint_tsne_vi_seed366_C01Sc01_vt_seed10,seed140,8,366,C01,Sc01,10,p_wgd,0.0002229428106229,0.0002703833495367,0.824543415875628,0.128902264434855,0.0986383468830458,near_quadratic,0.0078910677506436,False,True
fit_joint_tsne_vi_seed366_C01Sc01_vt_seed10,seed140,8,366,C01,Sc01,10,gamma_mu,2.63750521250042,1.2,2.19792101041702,2.21154648076988,0.999999999999947,saturating,0.0799999999999958,False,True
fit_joint_tsne_vi_seed366_C01Sc01_vt_seed10,seed276,9,366,C01,Sc01,10,O2_crit,0.222506744860626,1.58620678578554,0.14027600112077,1.31233326637487,0.999978849907156,saturating,0.0799983079925725,False,True
fit_joint_tsne_vi_seed366_C01Sc01_vt_seed10,seed276,9,366,C01,Sc01,10,mu_hp,0.0513477916983572,0.005,10.2695583396714,1.55623348677642,0.999999733166684,saturating,0.0799999786533347,False,True
fit_joint_tsne_vi_seed366_C01Sc01_vt_seed10,seed276,9,366,C01,Sc01,10,p_misseg,0.117357584120704,0.0105535150770604,11.1202365528238,1.6094061935071,0.999999906814793,saturating,0.0799999925451834,False,True
fit_joint_tsne_vi_seed366_C01Sc01_vt_seed10,seed276,9,366,C01,Sc01,10,k_o_mis,0.0010288852592723,0.0001128986825222,9.11335045091921,1.47642780191887,0.999998788915222,saturating,0.0799999031132178,False,True
fit_joint_tsne_vi_seed366_C01Sc01_vt_seed10,seed276,9,366,C01,Sc01,10,buffer_smax,0.908515590155285,1.0,0.908515590155285,0.140745245914946,0.11645022602955,near_quadratic,0.009316018082364,False,True
fit_joint_tsne_vi_seed366_C01Sc01_vt_seed10,seed276,9,366,C01,Sc01,10,buffer_beta,0.165387798276667,1.59113027351929,0.103943593449994,1.51261888183406,0.999999384049516,saturating,0.0799999507239613,False,True
fit_joint_tsne_vi_seed366_C01Sc01_vt_seed10,seed276,9,366,C01,Sc01,10,buffer_n_exp,10.0,3.15756611375965,3.1669962368874,0.770226995894605,0.975468816075587,saturating,0.0780375052860469,False,True
fit_joint_tsne_vi_seed366_C01Sc01_vt_seed10,seed276,9,366,C01,Sc01,10,n_O,2.17248485215607,1.86857483366499,1.1626426798733,0.467553874601661,0.744948912395799,saturating,0.0595959129916639,False,True
fit_joint_tsne_vi_seed366_C01Sc01_vt_seed10,seed276,9,366,C01,Sc01,10,alpha_o2,2.69193308007453,0.5,5.38386616014906,1.1247603923635,0.999631764222945,saturating,0.0799705411378356,False,True
fit_joint_tsne_vi_seed366_C01Sc01_vt_seed10,seed276,9,366,C01,Sc01,10,gamma_growth,3.30758726253307,1.5,2.20505817502205,2.78090348082011,1.0,saturating,0.08,False,True
fit_joint_tsne_vi_seed366_C01Sc01_vt_seed10,seed276,9,366,C01,Sc01,10,lam_max,0.238916831366556,1.3485151936293,0.177170292552323,1.15632168876682,0.999765193561565,saturating,0.0799812154849252,False,True
fit_joint_tsne_vi_seed366_C01Sc01_vt_seed10,seed276,9,366,C01,Sc01,10,p_mis_base,8.76664422649654e-06,8.58990120948304e-06,1.02057567516823,0.0136080199406521,0.0011566943047389,near_quadratic,9.25355443791176e-05,False,True
fit_joint_tsne_vi_seed366_C01Sc01_vt_seed10,seed276,9,366,C01,Sc01,10,p_wgd,0.0002211543961484,0.0002725698649503,0.811367743050913,0.139665018790725,0.114775934099939,near_quadratic,0.0091820747279951,False,True
fit_joint_tsne_vi_seed366_C01Sc01_vt_seed10,seed276,9,366,C01,Sc01,10,gamma_mu,2.63750521250042,1.2,2.19792101041702,2.21154648076988,0.999999999999947,saturating,0.0799999999999958,False,True
fit_joint_tsne_vi_seed366_C01Sc01_vt_seed10,seed279,10,366,C01,Sc01,10,O2_crit,0.222506744860626,1.58620678578554,0.14027600112077,1.31233326637487,0.999978849907156,saturating,0.0799983079925725,False,True
fit_joint_tsne_vi_seed366_C01Sc01_vt_seed10,seed279,10,366,C01,Sc01,10,mu_hp,0.0513477916983572,0.005,10.2695583396714,1.55623348677642,0.999999733166684,saturating,0.0799999786533347,False,True
fit_joint_tsne_vi_seed366_C01Sc01_vt_seed10,seed279,10,366,C01,Sc01,10,p_misseg,0.117357584120704,0.0105535150770604,11.1202365528238,1.6094061935071,0.999999906814793,saturating,0.0799999925451834,False,True
fit_joint_tsne_vi_seed366_C01Sc01_vt_seed10,seed279,10,366,C01,Sc01,10,k_o_mis,0.0010288852592723,0.0001128986825222,9.11335045091921,1.47642780191887,0.999998788915222,saturating,0.0799999031132178,False,True
fit_joint_tsne_vi_seed366_C01Sc01_vt_seed10,seed279,10,366,C01,Sc01,10,buffer_smax,0.908515590155285,1.0,0.908515590155285,0.140745245914946,0.11645022602955,near_quadratic,0.009316018082364,False,True
fit_joint_tsne_vi_seed366_C01Sc01_vt_seed10,seed279,10,366,C01,Sc01,10,buffer_beta,0.165387798276667,1.59113027351929,0.103943593449994,1.51261888183406,0.999999384049516,saturating,0.0799999507239613,False,True
fit_joint_tsne_vi_seed366_C01Sc01_vt_seed10,seed279,10,366,C01,Sc01,10,buffer_n_exp,10.0,3.15756611375965,3.1669962368874,0.770226995894605,0.975468816075587,saturating,0.0780375052860469,False,True
fit_joint_tsne_vi_seed366_C01Sc01_vt_seed10,seed279,10,366,C01,Sc01,10,n_O,2.17248485215607,1.86857483366499,1.1626426798733,0.467553874601661,0.744948912395799,saturating,0.0595959129916639,False,True
fit_joint_tsne_vi_seed366_C01Sc01_vt_seed10,seed279,10,366,C01,Sc01,10,alpha_o2,2.69193308007453,0.5,5.38386616014906,1.1247603923635,0.999631764222945,saturating,0.0799705411378356,False,True
fit_joint_tsne_vi_seed366_C01Sc01_vt_seed10,seed279,10,366,C01,Sc01,10,gamma_growth,3.30758726253307,1.5,2.20505817502205,2.78090348082011,1.0,saturating,0.08,False,True
fit_joint_tsne_vi_seed366_C01Sc01_vt_seed10,seed279,10,366,C01,Sc01,10,lam_max,0.238916831366556,1.3485151936293,0.177170292552323,1.15632168876682,0.999765193561565,saturating,0.0799812154849252,False,True
fit_joint_tsne_vi_seed366_C01Sc01_vt_seed10,seed279,10,366,C01,Sc01,10,p_mis_base,8.8087452304608e-06,8.54884616073189e-06,1.03040165477801,0.0200100730360084,0.0024993902031723,near_quadratic,0.0001999512162537,False,True
fit_joint_tsne_vi_seed366_C01Sc01_vt_seed10,seed279,10,366,C01,Sc01,10,p_wgd,0.0002189759623264,0.0002752814658327,0.795462061581449,0.152893120882994,0.135930363032022,near_quadratic,0.0108744290425618,False,True
fit_joint_tsne_vi_seed366_C01Sc01_vt_seed10,seed279,10,366,C01,Sc01,10,gamma_mu,2.63750521250042,1.2,2.19792101041702,2.21154648076988,0.999999999999947,saturating,0.0799999999999958,False,True
