parameter,center_name,delta_name,invitro_name,transform,projection_applied,projection_action,feasible_before_projection,feasible_after_projection,center_raw_transformed,delta_raw_transformed,vivo_raw_transformed,vitro_raw_transformed,center_transformed,delta_transformed,vivo_transformed,vitro_transformed,center_raw_natural,vivo_raw_natural,vitro_raw_natural,center_projected_natural,vivo_projected_natural,vitro_projected_natural,joint_union_lower_transformed,joint_union_upper_transformed,joint_union_lower_bound,joint_union_upper_bound,delta_dynamic_lower_transformed,delta_dynamic_upper_transformed,pair,seed,objective,rank,ratio_vivo_to_vitro
O2_crit,log10_O2_crit,delta__log10_O2_crit,log10_O2_crit,log10_nonnegative,False,none,True,True,-0.174725329727572,-0.707839637125871,-0.528645148290508,0.179194488835363,-0.174725329727572,-0.707839637125871,-0.528645148290508,0.179194488835363,0.668766746493947,0.296043037597807,1.51075656041509,0.668766746493947,0.296043037597807,1.51075656041509,-4.0,0.397940008672038,0.0001,2.5,-1.14533067679922,1.14533067679922,fit_joint_tsne_vi_seed138_C03Sc01_vt_seed10,seed122,19.9782357885732,1,0.19595681088187183
mu_hp,log10_mu_hp,delta__log10_mu_hp,log10_mu_hp,log10,False,none,True,True,-1.54656298245412,1.50893402641973,-0.79209596924425,-2.30102999566398,-1.54656298245412,1.50893402641973,-0.79209596924425,-2.30102999566398,0.0284077617875923,0.161400185956118,0.005,0.0284077617875923,0.161400185956118,0.005,-2.30102999566398,-0.522878745280338,0.005,0.3,-1.50893402641973,1.50893402641973,fit_joint_tsne_vi_seed138_C03Sc01_vt_seed10,seed122,19.9782357885732,1,32.2800371912236
p_misseg,log10_p_misseg,delta__log10_p_misseg,log10_p_misseg,log10,False,none,True,True,-1.13881643036999,1.67557286941202,-0.301029995663981,-1.976602865076,-1.13881643036999,1.67557286941202,-0.301029995663981,-1.976602865076,0.072641293618232,0.5,0.0105535150770604,0.072641293618232,0.5,0.0105535150770604,-2.30102999566398,-0.301029995663981,0.005,0.5,-1.67557286941202,1.67557286941202,fit_joint_tsne_vi_seed138_C03Sc01_vt_seed10,seed122,19.9782357885732,1,47.37757954094582
k_o_mis,log10_k_o_mis,delta__log10_k_o_mis,log10_k_o_mis,log10,False,none,True,True,-3.28161315880086,1.33139593453867,-2.61591519153153,-3.9473111260702,-3.28161315880086,1.33139593453867,-2.61591519153153,-3.9473111260702,0.0005228617127511,0.0024215018683425,0.0001128986825222,0.0005228617127511,0.0024215018683425,0.0001128986825222,-5.0,-1.69897000433602,1e-05,0.02,-3.16528630892969,3.16528630892969,fit_joint_tsne_vi_seed138_C03Sc01_vt_seed10,seed122,19.9782357885732,1,21.448451073521998
buffer_smax,buffer_smax,delta__buffer_smax,buffer_smax,identity,False,none,True,True,0.997390253792811,-0.005219492414379,0.994780507585621,1.0,0.997390253792811,-0.005219492414379,0.994780507585621,1.0,0.997390253792811,0.994780507585621,1.0,0.997390253792811,0.994780507585621,1.0,0.0,1.0,0.0,1.0,-0.0052194924143789,0.0052194924143789,fit_joint_tsne_vi_seed138_C03Sc01_vt_seed10,seed122,19.9782357885732,1,0.994780507585621
buffer_beta,log10_buffer_beta,delta__log10_buffer_beta,log10_buffer_beta,log10,False,none,True,True,-0.575886287278859,-1.55518405233534,-1.35347831344653,0.201705738888809,-0.575886287278859,-1.55518405233534,-1.35347831344653,0.201705738888809,0.265530071689194,0.0443120341210791,1.59113027351929,0.265530071689194,0.0443120341210791,1.59113027351929,-2.0,1.0,0.01,10.0,-2.84822742544228,2.84822742544228,fit_joint_tsne_vi_seed138_C03Sc01_vt_seed10,seed122,19.9782357885732,1,0.02784940671329756
buffer_n_exp,log10_buffer_n_exp,delta__log10_buffer_n_exp,log10_buffer_n_exp,log10,False,none,True,True,-0.0657285004210214,-1.13016190617906,-0.630809453510549,0.499352452668507,-0.0657285004210214,-1.13016190617906,-0.630809453510549,0.499352452668507,0.859550702459219,0.233986362749007,3.15756611375965,0.859550702459219,0.233986362749007,3.15756611375965,-1.0,1.0,0.1,10.0,-1.86854299915796,1.86854299915796,fit_joint_tsne_vi_seed138_C03Sc01_vt_seed10,seed122,19.9782357885732,1,0.07410339303090765
n_O,n_O,delta__n_O,n_O,identity,False,none,True,True,2.55517829746501,1.37320692760003,3.24178176126502,1.86857483366499,2.55517829746501,1.37320692760003,3.24178176126502,1.86857483366499,2.55517829746501,3.24178176126502,1.86857483366499,2.55517829746501,3.24178176126502,1.86857483366499,0.0001,5.0,0.0001,5.0,-4.88964340506999,4.88964340506999,fit_joint_tsne_vi_seed138_C03Sc01_vt_seed10,seed122,19.9782357885732,1,1.73489533459393
alpha_o2,log10_alpha_o2,delta__log10_alpha_o2,log10_alpha_o2,log10,False,none,True,True,0.101371914305943,0.804803819939848,0.503773824275867,-0.301029995663981,0.101371914305943,0.804803819939848,0.503773824275867,-0.301029995663981,1.26290858150935,3.18987617049993,0.5,1.26290858150935,3.18987617049993,0.5,-0.301029995663981,0.602059991327962,0.5,4.0,-0.804803819939848,0.804803819939848,fit_joint_tsne_vi_seed138_C03Sc01_vt_seed10,seed122,19.9782357885732,1,6.37975234099986
gamma_growth,gamma_growth,delta__gamma_growth,gamma_growth,identity,False,none,True,True,1.87124074243996,0.74248148487991,2.24248148487991,1.5,1.87124074243996,0.74248148487991,2.24248148487991,1.5,1.87124074243996,2.24248148487991,1.5,1.87124074243996,2.24248148487991,1.5,1.5,4.5,1.5,4.5,-0.74248148487991,0.74248148487991,fit_joint_tsne_vi_seed138_C03Sc01_vt_seed10,seed122,19.9782357885732,1,1.4949876565866067
lam_max,log10_lam_max,delta__log10_lam_max,log10_lam_max,log10,False,none,True,True,-0.372223704537548,-1.0028032418014,-0.87362532543825,0.129177916363154,-0.372223704537548,-1.0028032418014,-0.87362532543825,0.129177916363154,0.424400899268534,0.133774912185916,1.34641182234245,0.424400899268534,0.133774912185916,1.34641182234245,-2.30102999566398,0.176091259055681,0.005,1.5,-1.09662992718646,1.09662992718646,fit_joint_tsne_vi_seed138_C03Sc01_vt_seed10,seed122,19.9782357885732,1,0.09935660840616961
p_mis_base,log10_p_mis_base,delta__log10_p_mis_base,log10_p_mis_base,log10,False,none,True,True,-5.12551633613395,0.802407855714406,-4.72431240827675,-5.52672026399116,-5.12551633613395,0.802407855714406,-4.72431240827675,-5.52672026399116,7.49003183972546e-06,1.88663371722364e-05,2.97358074585132e-06,7.49003183972546e-06,1.88663371722364e-05,2.97358074585132e-06,-6.0,-1.0,1e-06,0.1,-1.74896732773209,1.74896732773209,fit_joint_tsne_vi_seed138_C03Sc01_vt_seed10,seed122,19.9782357885732,1,6.344652721658336
p_wgd,log10_p_wgd,delta__log10_p_wgd,log10_p_wgd,log10,False,none,True,True,-3.50235331386671,-0.0174139084602306,-3.51106026809683,-3.4936463596366,-3.50235331386671,-0.0174139084602306,-3.51106026809683,-3.4936463596366,0.0003145188551282,0.0003082760118478,0.0003208881211296,0.0003145188551282,0.0003082760118478,0.0003208881211296,-5.0,-3.0,1e-05,0.001,-1.00470662773343,1.00470662773343,fit_joint_tsne_vi_seed138_C03Sc01_vt_seed10,seed122,19.9782357885732,1,0.9606962413024125
gamma_mu,gamma_mu,delta__gamma_mu,gamma_mu,identity,False,none,True,True,2.09518838421971,1.54381625125047,2.86709650984494,1.32328025859447,2.09518838421971,1.54381625125047,2.86709650984494,1.32328025859447,2.09518838421971,2.86709650984494,1.32328025859447,2.09518838421971,2.86709650984494,1.32328025859447,1.2,3.5,1.2,3.5,-1.79037676843942,1.79037676843942,fit_joint_tsne_vi_seed138_C03Sc01_vt_seed10,seed122,19.9782357885732,1,2.1666585677702495
O2_crit,log10_O2_crit,delta__log10_O2_crit,log10_O2_crit,log10_nonnegative,False,none,True,True,-0.161726182282671,-0.707839637125871,-0.515646000845606,0.192193636280265,-0.161726182282671,-0.707839637125871,-0.515646000845606,0.192193636280265,0.689086620666314,0.305038038179295,1.5566595353666,0.689086620666314,0.305038038179295,1.5566595353666,-4.0,0.397940008672038,0.0001,2.5,-1.11933238190942,1.11933238190942,fit_joint_tsne_vi_seed138_C03Sc01_vt_seed10,seed86,20.0088357367508,2,0.1959568108818716
mu_hp,log10_mu_hp,delta__log10_mu_hp,log10_mu_hp,log10,False,none,True,True,-1.54656298245412,1.50893402641973,-0.79209596924425,-2.30102999566398,-1.54656298245412,1.50893402641973,-0.79209596924425,-2.30102999566398,0.0284077617875923,0.161400185956118,0.005,0.0284077617875923,0.161400185956118,0.005,-2.30102999566398,-0.522878745280338,0.005,0.3,-1.50893402641973,1.50893402641973,fit_joint_tsne_vi_seed138_C03Sc01_vt_seed10,seed86,20.0088357367508,2,32.2800371912236
p_misseg,log10_p_misseg,delta__log10_p_misseg,log10_p_misseg,log10,False,none,True,True,-1.13881643036999,1.67557286941202,-0.301029995663981,-1.976602865076,-1.13881643036999,1.67557286941202,-0.301029995663981,-1.976602865076,0.072641293618232,0.5,0.0105535150770604,0.072641293618232,0.5,0.0105535150770604,-2.30102999566398,-0.301029995663981,0.005,0.5,-1.67557286941202,1.67557286941202,fit_joint_tsne_vi_seed138_C03Sc01_vt_seed10,seed86,20.0088357367508,2,47.37757954094582
k_o_mis,log10_k_o_mis,delta__log10_k_o_mis,log10_k_o_mis,log10,False,none,True,True,-3.28161315880086,1.33139593453867,-2.61591519153153,-3.9473111260702,-3.28161315880086,1.33139593453867,-2.61591519153153,-3.9473111260702,0.0005228617127511,0.0024215018683425,0.0001128986825222,0.0005228617127511,0.0024215018683425,0.0001128986825222,-5.0,-1.69897000433602,1e-05,0.02,-3.16528630892969,3.16528630892969,fit_joint_tsne_vi_seed138_C03Sc01_vt_seed10,seed86,20.0088357367508,2,21.448451073521998
buffer_smax,buffer_smax,delta__buffer_smax,buffer_smax,identity,False,none,True,True,0.997390253792811,-0.005219492414379,0.994780507585621,1.0,0.997390253792811,-0.005219492414379,0.994780507585621,1.0,0.997390253792811,0.994780507585621,1.0,0.997390253792811,0.994780507585621,1.0,0.0,1.0,0.0,1.0,-0.0052194924143789,0.0052194924143789,fit_joint_tsne_vi_seed138_C03Sc01_vt_seed10,seed86,20.0088357367508,2,0.994780507585621
buffer_beta,log10_buffer_beta,delta__log10_buffer_beta,log10_buffer_beta,log10,False,none,True,True,-0.575886287278859,-1.55518405233534,-1.35347831344653,0.201705738888809,-0.575886287278859,-1.55518405233534,-1.35347831344653,0.201705738888809,0.265530071689194,0.0443120341210791,1.59113027351929,0.265530071689194,0.0443120341210791,1.59113027351929,-2.0,1.0,0.01,10.0,-2.84822742544228,2.84822742544228,fit_joint_tsne_vi_seed138_C03Sc01_vt_seed10,seed86,20.0088357367508,2,0.02784940671329756
buffer_n_exp,log10_buffer_n_exp,delta__log10_buffer_n_exp,log10_buffer_n_exp,log10,False,none,True,True,-0.0657285004210214,-1.13016190617906,-0.630809453510549,0.499352452668507,-0.0657285004210214,-1.13016190617906,-0.630809453510549,0.499352452668507,0.859550702459219,0.233986362749007,3.15756611375965,0.859550702459219,0.233986362749007,3.15756611375965,-1.0,1.0,0.1,10.0,-1.86854299915796,1.86854299915796,fit_joint_tsne_vi_seed138_C03Sc01_vt_seed10,seed86,20.0088357367508,2,0.07410339303090765
n_O,n_O,delta__n_O,n_O,identity,False,none,True,True,2.55517829746501,1.37320692760003,3.24178176126502,1.86857483366499,2.55517829746501,1.37320692760003,3.24178176126502,1.86857483366499,2.55517829746501,3.24178176126502,1.86857483366499,2.55517829746501,3.24178176126502,1.86857483366499,0.0001,5.0,0.0001,5.0,-4.88964340506999,4.88964340506999,fit_joint_tsne_vi_seed138_C03Sc01_vt_seed10,seed86,20.0088357367508,2,1.73489533459393
alpha_o2,log10_alpha_o2,delta__log10_alpha_o2,log10_alpha_o2,log10,False,none,True,True,0.101371914305943,0.804803819939848,0.503773824275867,-0.301029995663981,0.101371914305943,0.804803819939848,0.503773824275867,-0.301029995663981,1.26290858150935,3.18987617049993,0.5,1.26290858150935,3.18987617049993,0.5,-0.301029995663981,0.602059991327962,0.5,4.0,-0.804803819939848,0.804803819939848,fit_joint_tsne_vi_seed138_C03Sc01_vt_seed10,seed86,20.0088357367508,2,6.37975234099986
gamma_growth,gamma_growth,delta__gamma_growth,gamma_growth,identity,False,none,True,True,1.87124074243996,0.74248148487991,2.24248148487991,1.5,1.87124074243996,0.74248148487991,2.24248148487991,1.5,1.87124074243996,2.24248148487991,1.5,1.87124074243996,2.24248148487991,1.5,1.5,4.5,1.5,4.5,-0.74248148487991,0.74248148487991,fit_joint_tsne_vi_seed138_C03Sc01_vt_seed10,seed86,20.0088357367508,2,1.4949876565866067
lam_max,log10_lam_max,delta__log10_lam_max,log10_lam_max,log10,False,none,True,True,-0.37154577691773,-1.0028032418014,-0.872947397818432,0.129855843982972,-0.37154577691773,-1.0028032418014,-0.872947397818432,0.129855843982972,0.425063900477244,0.133983896023196,1.3485151936293,0.425063900477244,0.133983896023196,1.3485151936293,-2.30102999566398,0.176091259055681,0.005,1.5,-1.09527407194682,1.09527407194682,fit_joint_tsne_vi_seed138_C03Sc01_vt_seed10,seed86,20.0088357367508,2,0.09935660840616935
p_mis_base,log10_p_mis_base,delta__log10_p_mis_base,log10_p_mis_base,log10,False,none,True,True,-4.64212308426928,0.656091832957177,-4.31407716779069,-4.97016900074787,-4.64212308426928,0.656091832957177,-4.31407716779069,-4.97016900074787,2.27969588725742e-05,4.85202279139004e-05,1.0711024168313e-05,2.27969588725742e-05,4.85202279139004e-05,1.0711024168313e-05,-6.0,-1.0,1e-06,0.1,-2.71575383146144,2.71575383146144,fit_joint_tsne_vi_seed138_C03Sc01_vt_seed10,seed86,20.0088357367508,2,4.529933566711613
p_wgd,log10_p_wgd,delta__log10_p_wgd,log10_p_wgd,log10,False,none,True,True,-3.30859788526459,0.125387530216877,-3.24590412015615,-3.37129165037303,-3.30859788526459,0.125387530216877,-3.24590412015615,-3.37129165037303,0.0004913626199138,0.000567669916914,0.0004253126985504,0.0004913626199138,0.000567669916914,0.0004253126985504,-5.0,-3.0,1e-05,0.001,-0.617195770529179,0.617195770529179,fit_joint_tsne_vi_seed138_C03Sc01_vt_seed10,seed86,20.0088357367508,2,1.3347118927998116
gamma_mu,gamma_mu,delta__gamma_mu,gamma_mu,identity,False,none,True,True,2.04358587597669,1.31652771655383,2.70184973425361,1.38532201769978,2.04358587597669,1.31652771655383,2.70184973425361,1.38532201769978,2.04358587597669,2.70184973425361,1.38532201769978,2.04358587597669,2.70184973425361,1.38532201769978,1.2,3.5,1.2,3.5,-1.68717175195339,1.68717175195339,fit_joint_tsne_vi_seed138_C03Sc01_vt_seed10,seed86,20.0088357367508,2,1.9503405704471675
O2_crit,log10_O2_crit,delta__log10_O2_crit,log10_O2_crit,log10_nonnegative,False,none,True,True,-0.165391812931085,-0.707839637125871,-0.519311631494021,0.18852800563185,-0.165391812931085,-0.707839637125871,-0.519311631494021,0.18852800563185,0.683294912329102,0.302474222113353,1.54357595815179,0.683294912329102,0.302474222113353,1.54357595815179,-4.0,0.397940008672038,0.0001,2.5,-1.12666364320625,1.12666364320625,fit_joint_tsne_vi_seed138_C03Sc01_vt_seed10,seed180,20.0092830999986,3,0.19595681088187092
mu_hp,log10_mu_hp,delta__log10_mu_hp,log10_mu_hp,log10,False,none,True,True,-1.54656298245412,1.50893402641973,-0.79209596924425,-2.30102999566398,-1.54656298245412,1.50893402641973,-0.79209596924425,-2.30102999566398,0.0284077617875923,0.161400185956118,0.005,0.0284077617875923,0.161400185956118,0.005,-2.30102999566398,-0.522878745280338,0.005,0.3,-1.50893402641973,1.50893402641973,fit_joint_tsne_vi_seed138_C03Sc01_vt_seed10,seed180,20.0092830999986,3,32.2800371912236
p_misseg,log10_p_misseg,delta__log10_p_misseg,log10_p_misseg,log10,False,none,True,True,-1.13881643036999,1.67557286941202,-0.301029995663981,-1.976602865076,-1.13881643036999,1.67557286941202,-0.301029995663981,-1.976602865076,0.072641293618232,0.5,0.0105535150770604,0.072641293618232,0.5,0.0105535150770604,-2.30102999566398,-0.301029995663981,0.005,0.5,-1.67557286941202,1.67557286941202,fit_joint_tsne_vi_seed138_C03Sc01_vt_seed10,seed180,20.0092830999986,3,47.37757954094582
k_o_mis,log10_k_o_mis,delta__log10_k_o_mis,log10_k_o_mis,log10,False,none,True,True,-3.28161315880086,1.33139593453867,-2.61591519153153,-3.9473111260702,-3.28161315880086,1.33139593453867,-2.61591519153153,-3.9473111260702,0.0005228617127511,0.0024215018683425,0.0001128986825222,0.0005228617127511,0.0024215018683425,0.0001128986825222,-5.0,-1.69897000433602,1e-05,0.02,-3.16528630892969,3.16528630892969,fit_joint_tsne_vi_seed138_C03Sc01_vt_seed10,seed180,20.0092830999986,3,21.448451073521998
buffer_smax,buffer_smax,delta__buffer_smax,buffer_smax,identity,False,none,True,True,0.997390253792811,-0.005219492414379,0.994780507585621,1.0,0.997390253792811,-0.005219492414379,0.994780507585621,1.0,0.997390253792811,0.994780507585621,1.0,0.997390253792811,0.994780507585621,1.0,0.0,1.0,0.0,1.0,-0.0052194924143789,0.0052194924143789,fit_joint_tsne_vi_seed138_C03Sc01_vt_seed10,seed180,20.0092830999986,3,0.994780507585621
buffer_beta,log10_buffer_beta,delta__log10_buffer_beta,log10_buffer_beta,log10,False,none,True,True,-0.575886287278859,-1.55518405233534,-1.35347831344653,0.201705738888809,-0.575886287278859,-1.55518405233534,-1.35347831344653,0.201705738888809,0.265530071689194,0.0443120341210791,1.59113027351929,0.265530071689194,0.0443120341210791,1.59113027351929,-2.0,1.0,0.01,10.0,-2.84822742544228,2.84822742544228,fit_joint_tsne_vi_seed138_C03Sc01_vt_seed10,seed180,20.0092830999986,3,0.02784940671329756
buffer_n_exp,log10_buffer_n_exp,delta__log10_buffer_n_exp,log10_buffer_n_exp,log10,False,none,True,True,-0.0657285004210214,-1.13016190617906,-0.630809453510549,0.499352452668507,-0.0657285004210214,-1.13016190617906,-0.630809453510549,0.499352452668507,0.859550702459219,0.233986362749007,3.15756611375965,0.859550702459219,0.233986362749007,3.15756611375965,-1.0,1.0,0.1,10.0,-1.86854299915796,1.86854299915796,fit_joint_tsne_vi_seed138_C03Sc01_vt_seed10,seed180,20.0092830999986,3,0.07410339303090765
n_O,n_O,delta__n_O,n_O,identity,False,none,True,True,2.55517829746501,1.37320692760003,3.24178176126502,1.86857483366499,2.55517829746501,1.37320692760003,3.24178176126502,1.86857483366499,2.55517829746501,3.24178176126502,1.86857483366499,2.55517829746501,3.24178176126502,1.86857483366499,0.0001,5.0,0.0001,5.0,-4.88964340506999,4.88964340506999,fit_joint_tsne_vi_seed138_C03Sc01_vt_seed10,seed180,20.0092830999986,3,1.73489533459393
alpha_o2,log10_alpha_o2,delta__log10_alpha_o2,log10_alpha_o2,log10,False,none,True,True,0.101371914305943,0.804803819939848,0.503773824275867,-0.301029995663981,0.101371914305943,0.804803819939848,0.503773824275867,-0.301029995663981,1.26290858150935,3.18987617049993,0.5,1.26290858150935,3.18987617049993,0.5,-0.301029995663981,0.602059991327962,0.5,4.0,-0.804803819939848,0.804803819939848,fit_joint_tsne_vi_seed138_C03Sc01_vt_seed10,seed180,20.0092830999986,3,6.37975234099986
gamma_growth,gamma_growth,delta__gamma_growth,gamma_growth,identity,False,none,True,True,1.87124074243996,0.74248148487991,2.24248148487991,1.5,1.87124074243996,0.74248148487991,2.24248148487991,1.5,1.87124074243996,2.24248148487991,1.5,1.87124074243996,2.24248148487991,1.5,1.5,4.5,1.5,4.5,-0.74248148487991,0.74248148487991,fit_joint_tsne_vi_seed138_C03Sc01_vt_seed10,seed180,20.0092830999986,3,1.4949876565866067
lam_max,log10_lam_max,delta__log10_lam_max,log10_lam_max,log10,False,none,True,True,-0.37154577691773,-1.0028032418014,-0.872947397818432,0.129855843982972,-0.37154577691773,-1.0028032418014,-0.872947397818432,0.129855843982972,0.425063900477244,0.133983896023196,1.3485151936293,0.425063900477244,0.133983896023196,1.3485151936293,-2.30102999566398,0.176091259055681,0.005,1.5,-1.09527407194682,1.09527407194682,fit_joint_tsne_vi_seed138_C03Sc01_vt_seed10,seed180,20.0092830999986,3,0.09935660840616935
p_mis_base,log10_p_mis_base,delta__log10_p_mis_base,log10_p_mis_base,log10,False,none,True,True,-4.64212308426928,0.847144214990873,-4.21855097677384,-5.06569519176472,-4.64212308426928,0.847144214990873,-4.21855097677384,-5.06569519176472,2.27969588725742e-05,6.04573383347829e-05,8.59616629101321e-06,2.27969588725742e-05,6.04573383347829e-05,8.59616629101321e-06,-6.0,-1.0,1e-06,0.1,-2.71575383146144,2.71575383146144,fit_joint_tsne_vi_seed138_C03Sc01_vt_seed10,seed180,20.0092830999986,3,7.033058259702062
p_wgd,log10_p_wgd,delta__log10_p_wgd,log10_p_wgd,log10,False,none,True,True,-3.30859788526459,0.143449053832624,-3.23687335834828,-3.3803224121809,-3.30859788526459,0.143449053832624,-3.23687335834828,-3.3803224121809,0.0004913626199138,0.0005795976843145,0.000416560022206,0.0004913626199138,0.0005795976843145,0.000416560022206,-5.0,-3.0,1e-05,0.001,-0.617195770529179,0.617195770529179,fit_joint_tsne_vi_seed138_C03Sc01_vt_seed10,seed180,20.0092830999986,3,1.3913905641859061
gamma_mu,gamma_mu,delta__gamma_mu,gamma_mu,identity,False,none,True,True,2.09141950700084,1.3328591986498,2.75784910632574,1.42498990767594,2.09141950700084,1.3328591986498,2.75784910632574,1.42498990767594,2.09141950700084,2.75784910632574,1.42498990767594,2.09141950700084,2.75784910632574,1.42498990767594,1.2,3.5,1.2,3.5,-1.78283901400169,1.78283901400169,fit_joint_tsne_vi_seed138_C03Sc01_vt_seed10,seed180,20.0092830999986,3,1.935346412960637
O2_crit,log10_O2_crit,delta__log10_O2_crit,log10_O2_crit,log10_nonnegative,False,none,True,True,-0.155831444196523,-0.707839637125871,-0.509751262759459,0.198088374366412,-0.155831444196523,-0.707839637125871,-0.509751262759459,0.198088374366412,0.698503450499665,0.309206587113616,1.57793232969083,0.698503450499665,0.309206587113616,1.57793232969083,-4.0,0.397940008672038,0.0001,2.5,-1.10754290573712,1.10754290573712,fit_joint_tsne_vi_seed138_C03Sc01_vt_seed10,seed354,20.0103420352841,4,0.19595681088187092
mu_hp,log10_mu_hp,delta__log10_mu_hp,log10_mu_hp,log10,False,none,True,True,-1.54656298245412,1.50893402641973,-0.79209596924425,-2.30102999566398,-1.54656298245412,1.50893402641973,-0.79209596924425,-2.30102999566398,0.0284077617875923,0.161400185956118,0.005,0.0284077617875923,0.161400185956118,0.005,-2.30102999566398,-0.522878745280338,0.005,0.3,-1.50893402641973,1.50893402641973,fit_joint_tsne_vi_seed138_C03Sc01_vt_seed10,seed354,20.0103420352841,4,32.2800371912236
p_misseg,log10_p_misseg,delta__log10_p_misseg,log10_p_misseg,log10,False,none,True,True,-1.13881643036999,1.67557286941202,-0.301029995663981,-1.976602865076,-1.13881643036999,1.67557286941202,-0.301029995663981,-1.976602865076,0.072641293618232,0.5,0.0105535150770604,0.072641293618232,0.5,0.0105535150770604,-2.30102999566398,-0.301029995663981,0.005,0.5,-1.67557286941202,1.67557286941202,fit_joint_tsne_vi_seed138_C03Sc01_vt_seed10,seed354,20.0103420352841,4,47.37757954094582
k_o_mis,log10_k_o_mis,delta__log10_k_o_mis,log10_k_o_mis,log10,False,none,True,True,-3.28161315880086,1.33139593453867,-2.61591519153153,-3.9473111260702,-3.28161315880086,1.33139593453867,-2.61591519153153,-3.9473111260702,0.0005228617127511,0.0024215018683425,0.0001128986825222,0.0005228617127511,0.0024215018683425,0.0001128986825222,-5.0,-1.69897000433602,1e-05,0.02,-3.16528630892969,3.16528630892969,fit_joint_tsne_vi_seed138_C03Sc01_vt_seed10,seed354,20.0103420352841,4,21.448451073521998
buffer_smax,buffer_smax,delta__buffer_smax,buffer_smax,identity,False,none,True,True,0.997390253792811,-0.005219492414379,0.994780507585621,1.0,0.997390253792811,-0.005219492414379,0.994780507585621,1.0,0.997390253792811,0.994780507585621,1.0,0.997390253792811,0.994780507585621,1.0,0.0,1.0,0.0,1.0,-0.0052194924143789,0.0052194924143789,fit_joint_tsne_vi_seed138_C03Sc01_vt_seed10,seed354,20.0103420352841,4,0.994780507585621
buffer_beta,log10_buffer_beta,delta__log10_buffer_beta,log10_buffer_beta,log10,False,none,True,True,-0.575886287278859,-1.55518405233534,-1.35347831344653,0.201705738888809,-0.575886287278859,-1.55518405233534,-1.35347831344653,0.201705738888809,0.265530071689194,0.0443120341210791,1.59113027351929,0.265530071689194,0.0443120341210791,1.59113027351929,-2.0,1.0,0.01,10.0,-2.84822742544228,2.84822742544228,fit_joint_tsne_vi_seed138_C03Sc01_vt_seed10,seed354,20.0103420352841,4,0.02784940671329756
buffer_n_exp,log10_buffer_n_exp,delta__log10_buffer_n_exp,log10_buffer_n_exp,log10,False,none,True,True,-0.0657285004210214,-1.13016190617906,-0.630809453510549,0.499352452668507,-0.0657285004210214,-1.13016190617906,-0.630809453510549,0.499352452668507,0.859550702459219,0.233986362749007,3.15756611375965,0.859550702459219,0.233986362749007,3.15756611375965,-1.0,1.0,0.1,10.0,-1.86854299915796,1.86854299915796,fit_joint_tsne_vi_seed138_C03Sc01_vt_seed10,seed354,20.0103420352841,4,0.07410339303090765
n_O,n_O,delta__n_O,n_O,identity,False,none,True,True,2.55517829746501,1.37320692760003,3.24178176126502,1.86857483366499,2.55517829746501,1.37320692760003,3.24178176126502,1.86857483366499,2.55517829746501,3.24178176126502,1.86857483366499,2.55517829746501,3.24178176126502,1.86857483366499,0.0001,5.0,0.0001,5.0,-4.88964340506999,4.88964340506999,fit_joint_tsne_vi_seed138_C03Sc01_vt_seed10,seed354,20.0103420352841,4,1.73489533459393
alpha_o2,log10_alpha_o2,delta__log10_alpha_o2,log10_alpha_o2,log10,False,none,True,True,0.101371914305943,0.804803819939848,0.503773824275867,-0.301029995663981,0.101371914305943,0.804803819939848,0.503773824275867,-0.301029995663981,1.26290858150935,3.18987617049993,0.5,1.26290858150935,3.18987617049993,0.5,-0.301029995663981,0.602059991327962,0.5,4.0,-0.804803819939848,0.804803819939848,fit_joint_tsne_vi_seed138_C03Sc01_vt_seed10,seed354,20.0103420352841,4,6.37975234099986
gamma_growth,gamma_growth,delta__gamma_growth,gamma_growth,identity,False,none,True,True,1.87124074243996,0.74248148487991,2.24248148487991,1.5,1.87124074243996,0.74248148487991,2.24248148487991,1.5,1.87124074243996,2.24248148487991,1.5,1.87124074243996,2.24248148487991,1.5,1.5,4.5,1.5,4.5,-0.74248148487991,0.74248148487991,fit_joint_tsne_vi_seed138_C03Sc01_vt_seed10,seed354,20.0103420352841,4,1.4949876565866067
lam_max,log10_lam_max,delta__log10_lam_max,log10_lam_max,log10,False,none,True,True,-0.37154577691773,-1.0028032418014,-0.872947397818432,0.129855843982972,-0.37154577691773,-1.0028032418014,-0.872947397818432,0.129855843982972,0.425063900477244,0.133983896023196,1.3485151936293,0.425063900477244,0.133983896023196,1.3485151936293,-2.30102999566398,0.176091259055681,0.005,1.5,-1.09527407194682,1.09527407194682,fit_joint_tsne_vi_seed138_C03Sc01_vt_seed10,seed354,20.0103420352841,4,0.09935660840616935
p_mis_base,log10_p_mis_base,delta__log10_p_mis_base,log10_p_mis_base,log10,False,none,True,True,-4.64212308426928,0.564608555048927,-4.35981880674482,-4.92442736179374,-4.64212308426928,0.564608555048927,-4.35981880674482,-4.92442736179374,2.27969588725742e-05,4.36697990268037e-05,1.19007035850762e-05,2.27969588725742e-05,4.36697990268037e-05,1.19007035850762e-05,-6.0,-1.0,1e-06,0.1,-2.71575383146144,2.71575383146144,fit_joint_tsne_vi_seed138_C03Sc01_vt_seed10,seed354,20.0103420352841,4,3.669514051384894
p_wgd,log10_p_wgd,delta__log10_p_wgd,log10_p_wgd,log10,False,none,True,True,-3.30859788526459,0.0769379295669889,-3.2701289204811,-3.34706685004808,-3.30859788526459,0.0769379295669889,-3.2701289204811,-3.34706685004808,0.0004913626199138,0.0005368724019378,0.0004497106265421,0.0004913626199138,0.0005368724019378,0.0004497106265421,-5.0,-3.0,1e-05,0.001,-0.617195770529179,0.617195770529179,fit_joint_tsne_vi_seed138_C03Sc01_vt_seed10,seed354,20.0103420352841,4,1.1938174689486467
gamma_mu,gamma_mu,delta__gamma_mu,gamma_mu,identity,False,none,True,True,1.93730860613635,1.31652771655383,2.59557246441327,1.27904474785944,1.93730860613635,1.31652771655383,2.59557246441327,1.27904474785944,1.93730860613635,2.59557246441327,1.27904474785944,1.93730860613635,2.59557246441327,1.27904474785944,1.2,3.5,1.2,3.5,-1.4746172122727,1.4746172122727,fit_joint_tsne_vi_seed138_C03Sc01_vt_seed10,seed354,20.0103420352841,4,2.0293054396705976
O2_crit,log10_O2_crit,delta__log10_O2_crit,log10_O2_crit,log10_nonnegative,False,none,True,True,-0.153560015107474,-0.707839637125871,-0.507479833670409,0.200359803455462,-0.153560015107474,-0.707839637125871,-0.507479833670409,0.200359803455462,0.70216630474532,0.310828023141718,1.58620678578554,0.70216630474532,0.310828023141718,1.58620678578554,-4.0,0.397940008672038,0.0001,2.5,-1.10300004755902,1.10300004755902,fit_joint_tsne_vi_seed138_C03Sc01_vt_seed10,seed148,20.0131631688353,5,0.19595681088187128
mu_hp,log10_mu_hp,delta__log10_mu_hp,log10_mu_hp,log10,False,none,True,True,-1.54656298245412,1.50893402641973,-0.79209596924425,-2.30102999566398,-1.54656298245412,1.50893402641973,-0.79209596924425,-2.30102999566398,0.0284077617875923,0.161400185956118,0.005,0.0284077617875923,0.161400185956118,0.005,-2.30102999566398,-0.522878745280338,0.005,0.3,-1.50893402641973,1.50893402641973,fit_joint_tsne_vi_seed138_C03Sc01_vt_seed10,seed148,20.0131631688353,5,32.2800371912236
p_misseg,log10_p_misseg,delta__log10_p_misseg,log10_p_misseg,log10,False,none,True,True,-1.13881643036999,1.67557286941202,-0.301029995663981,-1.976602865076,-1.13881643036999,1.67557286941202,-0.301029995663981,-1.976602865076,0.072641293618232,0.5,0.0105535150770604,0.072641293618232,0.5,0.0105535150770604,-2.30102999566398,-0.301029995663981,0.005,0.5,-1.67557286941202,1.67557286941202,fit_joint_tsne_vi_seed138_C03Sc01_vt_seed10,seed148,20.0131631688353,5,47.37757954094582
k_o_mis,log10_k_o_mis,delta__log10_k_o_mis,log10_k_o_mis,log10,False,none,True,True,-3.28161315880086,1.33139593453867,-2.61591519153153,-3.9473111260702,-3.28161315880086,1.33139593453867,-2.61591519153153,-3.9473111260702,0.0005228617127511,0.0024215018683425,0.0001128986825222,0.0005228617127511,0.0024215018683425,0.0001128986825222,-5.0,-1.69897000433602,1e-05,0.02,-3.16528630892969,3.16528630892969,fit_joint_tsne_vi_seed138_C03Sc01_vt_seed10,seed148,20.0131631688353,5,21.448451073521998
buffer_smax,buffer_smax,delta__buffer_smax,buffer_smax,identity,False,none,True,True,0.997390253792811,-0.005219492414379,0.994780507585621,1.0,0.997390253792811,-0.005219492414379,0.994780507585621,1.0,0.997390253792811,0.994780507585621,1.0,0.997390253792811,0.994780507585621,1.0,0.0,1.0,0.0,1.0,-0.0052194924143789,0.0052194924143789,fit_joint_tsne_vi_seed138_C03Sc01_vt_seed10,seed148,20.0131631688353,5,0.994780507585621
buffer_beta,log10_buffer_beta,delta__log10_buffer_beta,log10_buffer_beta,log10,False,none,True,True,-0.575886287278859,-1.56516848862279,-1.35847053159025,0.206697957032536,-0.575886287278859,-1.56516848862279,-1.35847053159025,0.206697957032536,0.265530071689194,0.0438055833792672,1.60952585337874,0.265530071689194,0.0438055833792672,1.60952585337874,-2.0,1.0,0.01,10.0,-2.84822742544228,2.84822742544228,fit_joint_tsne_vi_seed138_C03Sc01_vt_seed10,seed148,20.0131631688353,5,0.027216452154098604
buffer_n_exp,log10_buffer_n_exp,delta__log10_buffer_n_exp,log10_buffer_n_exp,log10,False,none,True,True,-0.0657285004210214,-1.13016190617906,-0.630809453510549,0.499352452668507,-0.0657285004210214,-1.13016190617906,-0.630809453510549,0.499352452668507,0.859550702459219,0.233986362749007,3.15756611375965,0.859550702459219,0.233986362749007,3.15756611375965,-1.0,1.0,0.1,10.0,-1.86854299915796,1.86854299915796,fit_joint_tsne_vi_seed138_C03Sc01_vt_seed10,seed148,20.0131631688353,5,0.07410339303090765
n_O,n_O,delta__n_O,n_O,identity,False,none,True,True,2.55517829746501,1.37320692760003,3.24178176126502,1.86857483366499,2.55517829746501,1.37320692760003,3.24178176126502,1.86857483366499,2.55517829746501,3.24178176126502,1.86857483366499,2.55517829746501,3.24178176126502,1.86857483366499,0.0001,5.0,0.0001,5.0,-4.88964340506999,4.88964340506999,fit_joint_tsne_vi_seed138_C03Sc01_vt_seed10,seed148,20.0131631688353,5,1.73489533459393
alpha_o2,log10_alpha_o2,delta__log10_alpha_o2,log10_alpha_o2,log10,False,none,True,True,0.101371914305943,0.804803819939848,0.503773824275867,-0.301029995663981,0.101371914305943,0.804803819939848,0.503773824275867,-0.301029995663981,1.26290858150935,3.18987617049993,0.5,1.26290858150935,3.18987617049993,0.5,-0.301029995663981,0.602059991327962,0.5,4.0,-0.804803819939848,0.804803819939848,fit_joint_tsne_vi_seed138_C03Sc01_vt_seed10,seed148,20.0131631688353,5,6.37975234099986
gamma_growth,gamma_growth,delta__gamma_growth,gamma_growth,identity,False,none,True,True,1.87124074243996,0.74248148487991,2.24248148487991,1.5,1.87124074243996,0.74248148487991,2.24248148487991,1.5,1.87124074243996,2.24248148487991,1.5,1.87124074243996,2.24248148487991,1.5,1.5,4.5,1.5,4.5,-0.74248148487991,0.74248148487991,fit_joint_tsne_vi_seed138_C03Sc01_vt_seed10,seed148,20.0131631688353,5,1.4949876565866067
lam_max,log10_lam_max,delta__log10_lam_max,log10_lam_max,log10,False,none,True,True,-0.37154577691773,-1.0028032418014,-0.872947397818432,0.129855843982972,-0.37154577691773,-1.0028032418014,-0.872947397818432,0.129855843982972,0.425063900477244,0.133983896023196,1.3485151936293,0.425063900477244,0.133983896023196,1.3485151936293,-2.30102999566398,0.176091259055681,0.005,1.5,-1.09527407194682,1.09527407194682,fit_joint_tsne_vi_seed138_C03Sc01_vt_seed10,seed148,20.0131631688353,5,0.09935660840616935
p_mis_base,log10_p_mis_base,delta__log10_p_mis_base,log10_p_mis_base,log10,False,none,True,True,-4.64212308426928,0.852653302570762,-4.2157964329839,-5.06844973555466,-4.64212308426928,0.852653302570762,-4.2157964329839,-5.06844973555466,2.27969588725742e-05,6.08420119443504e-05,8.54181703118546e-06,2.27969588725742e-05,6.08420119443504e-05,8.54181703118546e-06,-6.0,-1.0,1e-06,0.1,-2.71575383146144,2.71575383146144,fit_joint_tsne_vi_seed138_C03Sc01_vt_seed10,seed148,20.0131631688353,5,7.122841863999346
p_wgd,log10_p_wgd,delta__log10_p_wgd,log10_p_wgd,log10,False,none,True,True,-3.30859788526459,0.0506879655660769,-3.28325390248155,-3.33394186804763,-3.30859788526459,0.0506879655660769,-3.28325390248155,-3.33394186804763,0.0004913626199138,0.0005208900930161,0.0004635089580042,0.0004913626199138,0.0005208900930161,0.0004635089580042,-5.0,-3.0,1e-05,0.001,-0.617195770529179,0.617195770529179,fit_joint_tsne_vi_seed138_C03Sc01_vt_seed10,seed148,20.0131631688353,5,1.1237972514252466
gamma_mu,gamma_mu,delta__gamma_mu,gamma_mu,identity,False,none,True,True,1.92469033159582,1.31652771655383,2.58295418987274,1.26642647331891,1.92469033159582,1.31652771655383,2.58295418987274,1.26642647331891,1.92469033159582,2.58295418987274,1.26642647331891,1.92469033159582,2.58295418987274,1.26642647331891,1.2,3.5,1.2,3.5,-1.44938066319164,1.44938066319164,fit_joint_tsne_vi_seed138_C03Sc01_vt_seed10,seed148,20.0131631688353,5,2.0395611149091195
O2_crit,log10_O2_crit,delta__log10_O2_crit,log10_O2_crit,log10_nonnegative,False,none,True,True,-0.153560015107474,-0.707839637125871,-0.507479833670409,0.200359803455462,-0.153560015107474,-0.707839637125871,-0.507479833670409,0.200359803455462,0.70216630474532,0.310828023141718,1.58620678578554,0.70216630474532,0.310828023141718,1.58620678578554,-4.0,0.397940008672038,0.0001,2.5,-1.10300004755902,1.10300004755902,fit_joint_tsne_vi_seed138_C03Sc01_vt_seed10,seed485,20.0143642467265,6,0.19595681088187128
mu_hp,log10_mu_hp,delta__log10_mu_hp,log10_mu_hp,log10,False,none,True,True,-1.54656298245412,1.50893402641973,-0.79209596924425,-2.30102999566398,-1.54656298245412,1.50893402641973,-0.79209596924425,-2.30102999566398,0.0284077617875923,0.161400185956118,0.005,0.0284077617875923,0.161400185956118,0.005,-2.30102999566398,-0.522878745280338,0.005,0.3,-1.50893402641973,1.50893402641973,fit_joint_tsne_vi_seed138_C03Sc01_vt_seed10,seed485,20.0143642467265,6,32.2800371912236
p_misseg,log10_p_misseg,delta__log10_p_misseg,log10_p_misseg,log10,False,none,True,True,-1.13881643036999,1.67557286941202,-0.301029995663981,-1.976602865076,-1.13881643036999,1.67557286941202,-0.301029995663981,-1.976602865076,0.072641293618232,0.5,0.0105535150770604,0.072641293618232,0.5,0.0105535150770604,-2.30102999566398,-0.301029995663981,0.005,0.5,-1.67557286941202,1.67557286941202,fit_joint_tsne_vi_seed138_C03Sc01_vt_seed10,seed485,20.0143642467265,6,47.37757954094582
k_o_mis,log10_k_o_mis,delta__log10_k_o_mis,log10_k_o_mis,log10,False,none,True,True,-3.28161315880086,1.33139593453867,-2.61591519153153,-3.9473111260702,-3.28161315880086,1.33139593453867,-2.61591519153153,-3.9473111260702,0.0005228617127511,0.0024215018683425,0.0001128986825222,0.0005228617127511,0.0024215018683425,0.0001128986825222,-5.0,-1.69897000433602,1e-05,0.02,-3.16528630892969,3.16528630892969,fit_joint_tsne_vi_seed138_C03Sc01_vt_seed10,seed485,20.0143642467265,6,21.448451073521998
buffer_smax,buffer_smax,delta__buffer_smax,buffer_smax,identity,False,none,True,True,0.997390253792811,-0.005219492414379,0.994780507585621,1.0,0.997390253792811,-0.005219492414379,0.994780507585621,1.0,0.997390253792811,0.994780507585621,1.0,0.997390253792811,0.994780507585621,1.0,0.0,1.0,0.0,1.0,-0.0052194924143789,0.0052194924143789,fit_joint_tsne_vi_seed138_C03Sc01_vt_seed10,seed485,20.0143642467265,6,0.994780507585621
buffer_beta,log10_buffer_beta,delta__log10_buffer_beta,log10_buffer_beta,log10,False,none,True,True,-0.575886287278859,-1.55518405233534,-1.35347831344653,0.201705738888809,-0.575886287278859,-1.55518405233534,-1.35347831344653,0.201705738888809,0.265530071689194,0.0443120341210791,1.59113027351929,0.265530071689194,0.0443120341210791,1.59113027351929,-2.0,1.0,0.01,10.0,-2.84822742544228,2.84822742544228,fit_joint_tsne_vi_seed138_C03Sc01_vt_seed10,seed485,20.0143642467265,6,0.02784940671329756
buffer_n_exp,log10_buffer_n_exp,delta__log10_buffer_n_exp,log10_buffer_n_exp,log10,False,none,True,True,-0.0733357385627183,-1.13016190617906,-0.638416691652246,0.49174521452681,-0.0733357385627183,-1.13016190617906,-0.638416691652246,0.49174521452681,0.844625640827007,0.229923471665171,3.10273878510898,0.844625640827007,0.229923471665171,3.10273878510898,-1.0,1.0,0.1,10.0,-1.85332852287456,1.85332852287456,fit_joint_tsne_vi_seed138_C03Sc01_vt_seed10,seed485,20.0143642467265,6,0.07410339303090743
n_O,n_O,delta__n_O,n_O,identity,False,none,True,True,2.55517829746501,1.37320692760003,3.24178176126502,1.86857483366499,2.55517829746501,1.37320692760003,3.24178176126502,1.86857483366499,2.55517829746501,3.24178176126502,1.86857483366499,2.55517829746501,3.24178176126502,1.86857483366499,0.0001,5.0,0.0001,5.0,-4.88964340506999,4.88964340506999,fit_joint_tsne_vi_seed138_C03Sc01_vt_seed10,seed485,20.0143642467265,6,1.73489533459393
alpha_o2,log10_alpha_o2,delta__log10_alpha_o2,log10_alpha_o2,log10,False,none,True,True,0.101371914305943,0.804803819939848,0.503773824275867,-0.301029995663981,0.101371914305943,0.804803819939848,0.503773824275867,-0.301029995663981,1.26290858150935,3.18987617049993,0.5,1.26290858150935,3.18987617049993,0.5,-0.301029995663981,0.602059991327962,0.5,4.0,-0.804803819939848,0.804803819939848,fit_joint_tsne_vi_seed138_C03Sc01_vt_seed10,seed485,20.0143642467265,6,6.37975234099986
gamma_growth,gamma_growth,delta__gamma_growth,gamma_growth,identity,False,none,True,True,1.87124074243996,0.74248148487991,2.24248148487991,1.5,1.87124074243996,0.74248148487991,2.24248148487991,1.5,1.87124074243996,2.24248148487991,1.5,1.87124074243996,2.24248148487991,1.5,1.5,4.5,1.5,4.5,-0.74248148487991,0.74248148487991,fit_joint_tsne_vi_seed138_C03Sc01_vt_seed10,seed485,20.0143642467265,6,1.4949876565866067
lam_max,log10_lam_max,delta__log10_lam_max,log10_lam_max,log10,False,none,True,True,-0.37154577691773,-1.0028032418014,-0.872947397818432,0.129855843982972,-0.37154577691773,-1.0028032418014,-0.872947397818432,0.129855843982972,0.425063900477244,0.133983896023196,1.3485151936293,0.425063900477244,0.133983896023196,1.3485151936293,-2.30102999566398,0.176091259055681,0.005,1.5,-1.09527407194682,1.09527407194682,fit_joint_tsne_vi_seed138_C03Sc01_vt_seed10,seed485,20.0143642467265,6,0.09935660840616935
p_mis_base,log10_p_mis_base,delta__log10_p_mis_base,log10_p_mis_base,log10,False,none,True,True,-4.64212308426928,1.01677126140897,-4.13373745356479,-5.15050871497377,-4.64212308426928,1.01677126140897,-4.13373745356479,-5.15050871497377,2.27969588725742e-05,7.34958042117419e-05,7.07117010844019e-06,2.27969588725742e-05,7.34958042117419e-05,7.07117010844019e-06,-6.0,-1.0,1e-06,0.1,-2.71575383146144,2.71575383146144,fit_joint_tsne_vi_seed138_C03Sc01_vt_seed10,seed485,20.0143642467265,6,10.39372594417109
p_wgd,log10_p_wgd,delta__log10_p_wgd,log10_p_wgd,log10,False,none,True,True,-3.30859788526459,0.0163922071249687,-3.30040178170211,-3.31679398882707,-3.30859788526459,0.0163922071249687,-3.30040178170211,-3.31679398882707,0.0004913626199138,0.0005007237814064,0.0004821764677732,0.0004913626199138,0.0005007237814064,0.0004821764677732,-5.0,-3.0,1e-05,0.001,-0.617195770529179,0.617195770529179,fit_joint_tsne_vi_seed138_C03Sc01_vt_seed10,seed485,20.0143642467265,6,1.0384658208619257
gamma_mu,gamma_mu,delta__gamma_mu,gamma_mu,identity,False,none,True,True,1.85826385827691,1.31652771655383,2.51652771655383,1.2,1.85826385827691,1.31652771655383,2.51652771655383,1.2,1.85826385827691,2.51652771655383,1.2,1.85826385827691,2.51652771655383,1.2,1.2,3.5,1.2,3.5,-1.31652771655383,1.31652771655383,fit_joint_tsne_vi_seed138_C03Sc01_vt_seed10,seed485,20.0143642467265,6,2.0971064304615252
O2_crit,log10_O2_crit,delta__log10_O2_crit,log10_O2_crit,log10_nonnegative,False,none,True,True,-0.153560015107474,-0.707839637125871,-0.507479833670409,0.200359803455462,-0.153560015107474,-0.707839637125871,-0.507479833670409,0.200359803455462,0.70216630474532,0.310828023141718,1.58620678578554,0.70216630474532,0.310828023141718,1.58620678578554,-4.0,0.397940008672038,0.0001,2.5,-1.10300004755902,1.10300004755902,fit_joint_tsne_vi_seed138_C03Sc01_vt_seed10,seed268,20.0144739447935,7,0.19595681088187128
mu_hp,log10_mu_hp,delta__log10_mu_hp,log10_mu_hp,log10,False,none,True,True,-1.54656298245412,1.50893402641973,-0.79209596924425,-2.30102999566398,-1.54656298245412,1.50893402641973,-0.79209596924425,-2.30102999566398,0.0284077617875923,0.161400185956118,0.005,0.0284077617875923,0.161400185956118,0.005,-2.30102999566398,-0.522878745280338,0.005,0.3,-1.50893402641973,1.50893402641973,fit_joint_tsne_vi_seed138_C03Sc01_vt_seed10,seed268,20.0144739447935,7,32.2800371912236
p_misseg,log10_p_misseg,delta__log10_p_misseg,log10_p_misseg,log10,False,none,True,True,-1.13881643036999,1.67557286941202,-0.301029995663981,-1.976602865076,-1.13881643036999,1.67557286941202,-0.301029995663981,-1.976602865076,0.072641293618232,0.5,0.0105535150770604,0.072641293618232,0.5,0.0105535150770604,-2.30102999566398,-0.301029995663981,0.005,0.5,-1.67557286941202,1.67557286941202,fit_joint_tsne_vi_seed138_C03Sc01_vt_seed10,seed268,20.0144739447935,7,47.37757954094582
k_o_mis,log10_k_o_mis,delta__log10_k_o_mis,log10_k_o_mis,log10,False,none,True,True,-3.28161315880086,1.33139593453867,-2.61591519153153,-3.9473111260702,-3.28161315880086,1.33139593453867,-2.61591519153153,-3.9473111260702,0.0005228617127511,0.0024215018683425,0.0001128986825222,0.0005228617127511,0.0024215018683425,0.0001128986825222,-5.0,-1.69897000433602,1e-05,0.02,-3.16528630892969,3.16528630892969,fit_joint_tsne_vi_seed138_C03Sc01_vt_seed10,seed268,20.0144739447935,7,21.448451073521998
buffer_smax,buffer_smax,delta__buffer_smax,buffer_smax,identity,False,none,True,True,0.997390253792811,-0.005219492414379,0.994780507585621,1.0,0.997390253792811,-0.005219492414379,0.994780507585621,1.0,0.997390253792811,0.994780507585621,1.0,0.997390253792811,0.994780507585621,1.0,0.0,1.0,0.0,1.0,-0.0052194924143789,0.0052194924143789,fit_joint_tsne_vi_seed138_C03Sc01_vt_seed10,seed268,20.0144739447935,7,0.994780507585621
buffer_beta,log10_buffer_beta,delta__log10_buffer_beta,log10_buffer_beta,log10,False,none,True,True,-0.575886287278859,-1.55518405233534,-1.35347831344653,0.201705738888809,-0.575886287278859,-1.55518405233534,-1.35347831344653,0.201705738888809,0.265530071689194,0.0443120341210791,1.59113027351929,0.265530071689194,0.0443120341210791,1.59113027351929,-2.0,1.0,0.01,10.0,-2.84822742544228,2.84822742544228,fit_joint_tsne_vi_seed138_C03Sc01_vt_seed10,seed268,20.0144739447935,7,0.02784940671329756
buffer_n_exp,log10_buffer_n_exp,delta__log10_buffer_n_exp,log10_buffer_n_exp,log10,False,none,True,True,-0.0657285004210214,-1.13016190617906,-0.630809453510549,0.499352452668507,-0.0657285004210214,-1.13016190617906,-0.630809453510549,0.499352452668507,0.859550702459219,0.233986362749007,3.15756611375965,0.859550702459219,0.233986362749007,3.15756611375965,-1.0,1.0,0.1,10.0,-1.86854299915796,1.86854299915796,fit_joint_tsne_vi_seed138_C03Sc01_vt_seed10,seed268,20.0144739447935,7,0.07410339303090765
n_O,n_O,delta__n_O,n_O,identity,False,none,True,True,2.55517829746501,1.37320692760003,3.24178176126502,1.86857483366499,2.55517829746501,1.37320692760003,3.24178176126502,1.86857483366499,2.55517829746501,3.24178176126502,1.86857483366499,2.55517829746501,3.24178176126502,1.86857483366499,0.0001,5.0,0.0001,5.0,-4.88964340506999,4.88964340506999,fit_joint_tsne_vi_seed138_C03Sc01_vt_seed10,seed268,20.0144739447935,7,1.73489533459393
alpha_o2,log10_alpha_o2,delta__log10_alpha_o2,log10_alpha_o2,log10,False,none,True,True,0.101371914305943,0.804803819939848,0.503773824275867,-0.301029995663981,0.101371914305943,0.804803819939848,0.503773824275867,-0.301029995663981,1.26290858150935,3.18987617049993,0.5,1.26290858150935,3.18987617049993,0.5,-0.301029995663981,0.602059991327962,0.5,4.0,-0.804803819939848,0.804803819939848,fit_joint_tsne_vi_seed138_C03Sc01_vt_seed10,seed268,20.0144739447935,7,6.37975234099986
gamma_growth,gamma_growth,delta__gamma_growth,gamma_growth,identity,False,none,True,True,1.87124074243996,0.74248148487991,2.24248148487991,1.5,1.87124074243996,0.74248148487991,2.24248148487991,1.5,1.87124074243996,2.24248148487991,1.5,1.87124074243996,2.24248148487991,1.5,1.5,4.5,1.5,4.5,-0.74248148487991,0.74248148487991,fit_joint_tsne_vi_seed138_C03Sc01_vt_seed10,seed268,20.0144739447935,7,1.4949876565866067
lam_max,log10_lam_max,delta__log10_lam_max,log10_lam_max,log10,False,none,True,True,-0.37154577691773,-1.0028032418014,-0.872947397818432,0.129855843982972,-0.37154577691773,-1.0028032418014,-0.872947397818432,0.129855843982972,0.425063900477244,0.133983896023196,1.3485151936293,0.425063900477244,0.133983896023196,1.3485151936293,-2.30102999566398,0.176091259055681,0.005,1.5,-1.09527407194682,1.09527407194682,fit_joint_tsne_vi_seed138_C03Sc01_vt_seed10,seed268,20.0144739447935,7,0.09935660840616935
p_mis_base,log10_p_mis_base,delta__log10_p_mis_base,log10_p_mis_base,log10,False,none,True,True,-4.64212308426928,0.852653302570762,-4.2157964329839,-5.06844973555466,-4.64212308426928,0.852653302570762,-4.2157964329839,-5.06844973555466,2.27969588725742e-05,6.08420119443504e-05,8.54181703118546e-06,2.27969588725742e-05,6.08420119443504e-05,8.54181703118546e-06,-6.0,-1.0,1e-06,0.1,-2.71575383146144,2.71575383146144,fit_joint_tsne_vi_seed138_C03Sc01_vt_seed10,seed268,20.0144739447935,7,7.122841863999346
p_wgd,log10_p_wgd,delta__log10_p_wgd,log10_p_wgd,log10,False,none,True,True,-3.30859788526459,0.0450855090753232,-3.28605513072693,-3.33114063980225,-3.30859788526459,0.0450855090753232,-3.28605513072693,-3.33114063980225,0.0004913626199138,0.0005175411294584,0.0004665082840879,0.0004913626199138,0.0005175411294584,0.0004665082840879,-5.0,-3.0,1e-05,0.001,-0.617195770529179,0.617195770529179,fit_joint_tsne_vi_seed138_C03Sc01_vt_seed10,seed268,20.0144739447935,7,1.1093932243245745
gamma_mu,gamma_mu,delta__gamma_mu,gamma_mu,identity,False,none,True,True,1.91348955668161,1.31652771655383,2.57175341495853,1.2552256984047,1.91348955668161,1.31652771655383,2.57175341495853,1.2552256984047,1.91348955668161,2.57175341495853,1.2552256984047,1.91348955668161,2.57175341495853,1.2552256984047,1.2,3.5,1.2,3.5,-1.42697911336323,1.42697911336323,fit_joint_tsne_vi_seed138_C03Sc01_vt_seed10,seed268,20.0144739447935,7,2.0488374467054333
O2_crit,log10_O2_crit,delta__log10_O2_crit,log10_O2_crit,log10_nonnegative,False,none,True,True,-0.153560015107474,-0.707839637125871,-0.507479833670409,0.200359803455462,-0.153560015107474,-0.707839637125871,-0.507479833670409,0.200359803455462,0.70216630474532,0.310828023141718,1.58620678578554,0.70216630474532,0.310828023141718,1.58620678578554,-4.0,0.397940008672038,0.0001,2.5,-1.10300004755902,1.10300004755902,fit_joint_tsne_vi_seed138_C03Sc01_vt_seed10,seed451,20.0145391109349,8,0.19595681088187128
mu_hp,log10_mu_hp,delta__log10_mu_hp,log10_mu_hp,log10,False,none,True,True,-1.54656298245412,1.50893402641973,-0.79209596924425,-2.30102999566398,-1.54656298245412,1.50893402641973,-0.79209596924425,-2.30102999566398,0.0284077617875923,0.161400185956118,0.005,0.0284077617875923,0.161400185956118,0.005,-2.30102999566398,-0.522878745280338,0.005,0.3,-1.50893402641973,1.50893402641973,fit_joint_tsne_vi_seed138_C03Sc01_vt_seed10,seed451,20.0145391109349,8,32.2800371912236
p_misseg,log10_p_misseg,delta__log10_p_misseg,log10_p_misseg,log10,False,none,True,True,-1.13881643036999,1.67557286941202,-0.301029995663981,-1.976602865076,-1.13881643036999,1.67557286941202,-0.301029995663981,-1.976602865076,0.072641293618232,0.5,0.0105535150770604,0.072641293618232,0.5,0.0105535150770604,-2.30102999566398,-0.301029995663981,0.005,0.5,-1.67557286941202,1.67557286941202,fit_joint_tsne_vi_seed138_C03Sc01_vt_seed10,seed451,20.0145391109349,8,47.37757954094582
k_o_mis,log10_k_o_mis,delta__log10_k_o_mis,log10_k_o_mis,log10,False,none,True,True,-3.28161315880086,1.33139593453867,-2.61591519153153,-3.9473111260702,-3.28161315880086,1.33139593453867,-2.61591519153153,-3.9473111260702,0.0005228617127511,0.0024215018683425,0.0001128986825222,0.0005228617127511,0.0024215018683425,0.0001128986825222,-5.0,-1.69897000433602,1e-05,0.02,-3.16528630892969,3.16528630892969,fit_joint_tsne_vi_seed138_C03Sc01_vt_seed10,seed451,20.0145391109349,8,21.448451073521998
buffer_smax,buffer_smax,delta__buffer_smax,buffer_smax,identity,False,none,True,True,0.997390253792811,-0.005219492414379,0.994780507585621,1.0,0.997390253792811,-0.005219492414379,0.994780507585621,1.0,0.997390253792811,0.994780507585621,1.0,0.997390253792811,0.994780507585621,1.0,0.0,1.0,0.0,1.0,-0.0052194924143789,0.0052194924143789,fit_joint_tsne_vi_seed138_C03Sc01_vt_seed10,seed451,20.0145391109349,8,0.994780507585621
buffer_beta,log10_buffer_beta,delta__log10_buffer_beta,log10_buffer_beta,log10,False,none,True,True,-0.575886287278859,-1.55518405233534,-1.35347831344653,0.201705738888809,-0.575886287278859,-1.55518405233534,-1.35347831344653,0.201705738888809,0.265530071689194,0.0443120341210791,1.59113027351929,0.265530071689194,0.0443120341210791,1.59113027351929,-2.0,1.0,0.01,10.0,-2.84822742544228,2.84822742544228,fit_joint_tsne_vi_seed138_C03Sc01_vt_seed10,seed451,20.0145391109349,8,0.02784940671329756
buffer_n_exp,log10_buffer_n_exp,delta__log10_buffer_n_exp,log10_buffer_n_exp,log10,False,none,True,True,-0.0727316862435688,-1.13016190617906,-0.637812639333097,0.492349266845959,-0.0727316862435688,-1.13016190617906,-0.637812639333097,0.492349266845959,0.845801232679111,0.230243490554999,3.1070573308157,0.845801232679111,0.230243490554999,3.1070573308157,-1.0,1.0,0.1,10.0,-1.85453662751286,1.85453662751286,fit_joint_tsne_vi_seed138_C03Sc01_vt_seed10,seed451,20.0145391109349,8,0.07410339303090775
n_O,n_O,delta__n_O,n_O,identity,False,none,True,True,2.55517829746501,1.37320692760003,3.24178176126502,1.86857483366499,2.55517829746501,1.37320692760003,3.24178176126502,1.86857483366499,2.55517829746501,3.24178176126502,1.86857483366499,2.55517829746501,3.24178176126502,1.86857483366499,0.0001,5.0,0.0001,5.0,-4.88964340506999,4.88964340506999,fit_joint_tsne_vi_seed138_C03Sc01_vt_seed10,seed451,20.0145391109349,8,1.73489533459393
alpha_o2,log10_alpha_o2,delta__log10_alpha_o2,log10_alpha_o2,log10,False,none,True,True,0.101371914305943,0.804803819939848,0.503773824275867,-0.301029995663981,0.101371914305943,0.804803819939848,0.503773824275867,-0.301029995663981,1.26290858150935,3.18987617049993,0.5,1.26290858150935,3.18987617049993,0.5,-0.301029995663981,0.602059991327962,0.5,4.0,-0.804803819939848,0.804803819939848,fit_joint_tsne_vi_seed138_C03Sc01_vt_seed10,seed451,20.0145391109349,8,6.37975234099986
gamma_growth,gamma_growth,delta__gamma_growth,gamma_growth,identity,False,none,True,True,1.87124074243996,0.74248148487991,2.24248148487991,1.5,1.87124074243996,0.74248148487991,2.24248148487991,1.5,1.87124074243996,2.24248148487991,1.5,1.87124074243996,2.24248148487991,1.5,1.5,4.5,1.5,4.5,-0.74248148487991,0.74248148487991,fit_joint_tsne_vi_seed138_C03Sc01_vt_seed10,seed451,20.0145391109349,8,1.4949876565866067
lam_max,log10_lam_max,delta__log10_lam_max,log10_lam_max,log10,False,none,True,True,-0.37154577691773,-1.0028032418014,-0.872947397818432,0.129855843982972,-0.37154577691773,-1.0028032418014,-0.872947397818432,0.129855843982972,0.425063900477244,0.133983896023196,1.3485151936293,0.425063900477244,0.133983896023196,1.3485151936293,-2.30102999566398,0.176091259055681,0.005,1.5,-1.09527407194682,1.09527407194682,fit_joint_tsne_vi_seed138_C03Sc01_vt_seed10,seed451,20.0145391109349,8,0.09935660840616935
p_mis_base,log10_p_mis_base,delta__log10_p_mis_base,log10_p_mis_base,log10,False,none,True,True,-4.64212308426928,0.701312809252892,-4.29146667964283,-4.99277948889573,-4.64212308426928,0.701312809252892,-4.29146667964283,-4.99277948889573,2.27969588725742e-05,5.11132293114368e-05,1.01676481967371e-05,2.27969588725742e-05,5.11132293114368e-05,1.01676481967371e-05,-6.0,-1.0,1e-06,0.1,-2.71575383146144,2.71575383146144,fit_joint_tsne_vi_seed138_C03Sc01_vt_seed10,seed451,20.0145391109349,8,5.027045421166277
p_wgd,log10_p_wgd,delta__log10_p_wgd,log10_p_wgd,log10,False,none,True,True,-3.30859788526459,0.0514798579141672,-3.28285795630751,-3.33433781422167,-3.30859788526459,0.0514798579141672,-3.28285795630751,-3.33433781422167,0.0004913626199138,0.0005213652049346,0.0004630865695743,0.0004913626199138,0.0005213652049346,0.0004630865695743,-5.0,-3.0,1e-05,0.001,-0.617195770529179,0.617195770529179,fit_joint_tsne_vi_seed138_C03Sc01_vt_seed10,seed451,20.0145391109349,8,1.1258482521181161
gamma_mu,gamma_mu,delta__gamma_mu,gamma_mu,identity,False,none,True,True,1.90453930156699,1.31652771655383,2.5628031598439,1.24627544329007,1.90453930156699,1.31652771655383,2.5628031598439,1.24627544329007,1.90453930156699,2.5628031598439,1.24627544329007,1.90453930156699,2.5628031598439,1.24627544329007,1.2,3.5,1.2,3.5,-1.40907860313397,1.40907860313397,fit_joint_tsne_vi_seed138_C03Sc01_vt_seed10,seed451,20.0145391109349,8,2.0563697805665653
O2_crit,log10_O2_crit,delta__log10_O2_crit,log10_O2_crit,log10_nonnegative,False,none,True,True,-0.153560015107474,-0.707839637125871,-0.507479833670409,0.200359803455462,-0.153560015107474,-0.707839637125871,-0.507479833670409,0.200359803455462,0.70216630474532,0.310828023141718,1.58620678578554,0.70216630474532,0.310828023141718,1.58620678578554,-4.0,0.397940008672038,0.0001,2.5,-1.10300004755902,1.10300004755902,fit_joint_tsne_vi_seed138_C03Sc01_vt_seed10,seed355,20.0190768726709,9,0.19595681088187128
mu_hp,log10_mu_hp,delta__log10_mu_hp,log10_mu_hp,log10,False,none,True,True,-1.54656298245412,1.50893402641973,-0.79209596924425,-2.30102999566398,-1.54656298245412,1.50893402641973,-0.79209596924425,-2.30102999566398,0.0284077617875923,0.161400185956118,0.005,0.0284077617875923,0.161400185956118,0.005,-2.30102999566398,-0.522878745280338,0.005,0.3,-1.50893402641973,1.50893402641973,fit_joint_tsne_vi_seed138_C03Sc01_vt_seed10,seed355,20.0190768726709,9,32.2800371912236
p_misseg,log10_p_misseg,delta__log10_p_misseg,log10_p_misseg,log10,False,none,True,True,-1.13881643036999,1.67557286941202,-0.301029995663981,-1.976602865076,-1.13881643036999,1.67557286941202,-0.301029995663981,-1.976602865076,0.072641293618232,0.5,0.0105535150770604,0.072641293618232,0.5,0.0105535150770604,-2.30102999566398,-0.301029995663981,0.005,0.5,-1.67557286941202,1.67557286941202,fit_joint_tsne_vi_seed138_C03Sc01_vt_seed10,seed355,20.0190768726709,9,47.37757954094582
k_o_mis,log10_k_o_mis,delta__log10_k_o_mis,log10_k_o_mis,log10,False,none,True,True,-3.28161315880086,1.33139593453867,-2.61591519153153,-3.9473111260702,-3.28161315880086,1.33139593453867,-2.61591519153153,-3.9473111260702,0.0005228617127511,0.0024215018683425,0.0001128986825222,0.0005228617127511,0.0024215018683425,0.0001128986825222,-5.0,-1.69897000433602,1e-05,0.02,-3.16528630892969,3.16528630892969,fit_joint_tsne_vi_seed138_C03Sc01_vt_seed10,seed355,20.0190768726709,9,21.448451073521998
buffer_smax,buffer_smax,delta__buffer_smax,buffer_smax,identity,False,none,True,True,0.997390253792811,-0.005219492414379,0.994780507585621,1.0,0.997390253792811,-0.005219492414379,0.994780507585621,1.0,0.997390253792811,0.994780507585621,1.0,0.997390253792811,0.994780507585621,1.0,0.0,1.0,0.0,1.0,-0.0052194924143789,0.0052194924143789,fit_joint_tsne_vi_seed138_C03Sc01_vt_seed10,seed355,20.0190768726709,9,0.994780507585621
buffer_beta,log10_buffer_beta,delta__log10_buffer_beta,log10_buffer_beta,log10,False,none,True,True,-0.575886287278859,-1.55518405233534,-1.35347831344653,0.201705738888809,-0.575886287278859,-1.55518405233534,-1.35347831344653,0.201705738888809,0.265530071689194,0.0443120341210791,1.59113027351929,0.265530071689194,0.0443120341210791,1.59113027351929,-2.0,1.0,0.01,10.0,-2.84822742544228,2.84822742544228,fit_joint_tsne_vi_seed138_C03Sc01_vt_seed10,seed355,20.0190768726709,9,0.02784940671329756
buffer_n_exp,log10_buffer_n_exp,delta__log10_buffer_n_exp,log10_buffer_n_exp,log10,False,none,True,True,-0.0657285004210214,-1.13016190617906,-0.630809453510549,0.499352452668507,-0.0657285004210214,-1.13016190617906,-0.630809453510549,0.499352452668507,0.859550702459219,0.233986362749007,3.15756611375965,0.859550702459219,0.233986362749007,3.15756611375965,-1.0,1.0,0.1,10.0,-1.86854299915796,1.86854299915796,fit_joint_tsne_vi_seed138_C03Sc01_vt_seed10,seed355,20.0190768726709,9,0.07410339303090765
n_O,n_O,delta__n_O,n_O,identity,False,none,True,True,2.55517829746501,1.37320692760003,3.24178176126502,1.86857483366499,2.55517829746501,1.37320692760003,3.24178176126502,1.86857483366499,2.55517829746501,3.24178176126502,1.86857483366499,2.55517829746501,3.24178176126502,1.86857483366499,0.0001,5.0,0.0001,5.0,-4.88964340506999,4.88964340506999,fit_joint_tsne_vi_seed138_C03Sc01_vt_seed10,seed355,20.0190768726709,9,1.73489533459393
alpha_o2,log10_alpha_o2,delta__log10_alpha_o2,log10_alpha_o2,log10,False,none,True,True,0.101371914305943,0.804803819939848,0.503773824275867,-0.301029995663981,0.101371914305943,0.804803819939848,0.503773824275867,-0.301029995663981,1.26290858150935,3.18987617049993,0.5,1.26290858150935,3.18987617049993,0.5,-0.301029995663981,0.602059991327962,0.5,4.0,-0.804803819939848,0.804803819939848,fit_joint_tsne_vi_seed138_C03Sc01_vt_seed10,seed355,20.0190768726709,9,6.37975234099986
gamma_growth,gamma_growth,delta__gamma_growth,gamma_growth,identity,False,none,True,True,1.87124074243996,0.74248148487991,2.24248148487991,1.5,1.87124074243996,0.74248148487991,2.24248148487991,1.5,1.87124074243996,2.24248148487991,1.5,1.87124074243996,2.24248148487991,1.5,1.5,4.5,1.5,4.5,-0.74248148487991,0.74248148487991,fit_joint_tsne_vi_seed138_C03Sc01_vt_seed10,seed355,20.0190768726709,9,1.4949876565866067
lam_max,log10_lam_max,delta__log10_lam_max,log10_lam_max,log10,False,none,True,True,-0.37154577691773,-1.0028032418014,-0.872947397818432,0.129855843982972,-0.37154577691773,-1.0028032418014,-0.872947397818432,0.129855843982972,0.425063900477244,0.133983896023196,1.3485151936293,0.425063900477244,0.133983896023196,1.3485151936293,-2.30102999566398,0.176091259055681,0.005,1.5,-1.09527407194682,1.09527407194682,fit_joint_tsne_vi_seed138_C03Sc01_vt_seed10,seed355,20.0190768726709,9,0.09935660840616935
p_mis_base,log10_p_mis_base,delta__log10_p_mis_base,log10_p_mis_base,log10,False,none,True,True,-4.64212308426928,0.585299920969493,-4.34947312378453,-4.93477304475403,-4.64212308426928,0.585299920969493,-4.34947312378453,-4.93477304475403,2.27969588725742e-05,4.47225827401242e-05,1.16205572665099e-05,2.27969588725742e-05,4.47225827401242e-05,1.16205572665099e-05,-6.0,-1.0,1e-06,0.1,-2.71575383146144,2.71575383146144,fit_joint_tsne_vi_seed138_C03Sc01_vt_seed10,seed355,20.0190768726709,9,3.8485747038150526
p_wgd,log10_p_wgd,delta__log10_p_wgd,log10_p_wgd,log10,False,none,True,True,-3.30859788526459,0.0291845507765406,-3.29400560987632,-3.32319016065286,-3.30859788526459,0.0291845507765406,-3.29400560987632,-3.32319016065286,0.0004913626199138,0.0005081528785968,0.0004751271407047,0.0004913626199138,0.0005081528785968,0.0004751271407047,-5.0,-3.0,1e-05,0.001,-0.617195770529179,0.617195770529179,fit_joint_tsne_vi_seed138_C03Sc01_vt_seed10,seed355,20.0190768726709,9,1.0695092640742787
gamma_mu,gamma_mu,delta__gamma_mu,gamma_mu,identity,False,none,True,True,1.85826385827691,1.31652771655383,2.51652771655383,1.2,1.85826385827691,1.31652771655383,2.51652771655383,1.2,1.85826385827691,2.51652771655383,1.2,1.85826385827691,2.51652771655383,1.2,1.2,3.5,1.2,3.5,-1.31652771655383,1.31652771655383,fit_joint_tsne_vi_seed138_C03Sc01_vt_seed10,seed355,20.0190768726709,9,2.0971064304615252
O2_crit,log10_O2_crit,delta__log10_O2_crit,log10_O2_crit,log10_nonnegative,False,none,True,True,-0.153560015107474,-0.707839637125871,-0.507479833670409,0.200359803455462,-0.153560015107474,-0.707839637125871,-0.507479833670409,0.200359803455462,0.70216630474532,0.310828023141718,1.58620678578554,0.70216630474532,0.310828023141718,1.58620678578554,-4.0,0.397940008672038,0.0001,2.5,-1.10300004755902,1.10300004755902,fit_joint_tsne_vi_seed138_C03Sc01_vt_seed10,seed187,20.0192429444527,10,0.19595681088187128
mu_hp,log10_mu_hp,delta__log10_mu_hp,log10_mu_hp,log10,False,none,True,True,-1.54656298245412,1.50893402641973,-0.79209596924425,-2.30102999566398,-1.54656298245412,1.50893402641973,-0.79209596924425,-2.30102999566398,0.0284077617875923,0.161400185956118,0.005,0.0284077617875923,0.161400185956118,0.005,-2.30102999566398,-0.522878745280338,0.005,0.3,-1.50893402641973,1.50893402641973,fit_joint_tsne_vi_seed138_C03Sc01_vt_seed10,seed187,20.0192429444527,10,32.2800371912236
p_misseg,log10_p_misseg,delta__log10_p_misseg,log10_p_misseg,log10,False,none,True,True,-1.13881643036999,1.67557286941202,-0.301029995663981,-1.976602865076,-1.13881643036999,1.67557286941202,-0.301029995663981,-1.976602865076,0.072641293618232,0.5,0.0105535150770604,0.072641293618232,0.5,0.0105535150770604,-2.30102999566398,-0.301029995663981,0.005,0.5,-1.67557286941202,1.67557286941202,fit_joint_tsne_vi_seed138_C03Sc01_vt_seed10,seed187,20.0192429444527,10,47.37757954094582
k_o_mis,log10_k_o_mis,delta__log10_k_o_mis,log10_k_o_mis,log10,False,none,True,True,-3.28161315880086,1.33139593453867,-2.61591519153153,-3.9473111260702,-3.28161315880086,1.33139593453867,-2.61591519153153,-3.9473111260702,0.0005228617127511,0.0024215018683425,0.0001128986825222,0.0005228617127511,0.0024215018683425,0.0001128986825222,-5.0,-1.69897000433602,1e-05,0.02,-3.16528630892969,3.16528630892969,fit_joint_tsne_vi_seed138_C03Sc01_vt_seed10,seed187,20.0192429444527,10,21.448451073521998
buffer_smax,buffer_smax,delta__buffer_smax,buffer_smax,identity,False,none,True,True,0.997390253792811,-0.005219492414379,0.994780507585621,1.0,0.997390253792811,-0.005219492414379,0.994780507585621,1.0,0.997390253792811,0.994780507585621,1.0,0.997390253792811,0.994780507585621,1.0,0.0,1.0,0.0,1.0,-0.0052194924143789,0.0052194924143789,fit_joint_tsne_vi_seed138_C03Sc01_vt_seed10,seed187,20.0192429444527,10,0.994780507585621
buffer_beta,log10_buffer_beta,delta__log10_buffer_beta,log10_buffer_beta,log10,False,none,True,True,-0.575886287278859,-1.55518405233534,-1.35347831344653,0.201705738888809,-0.575886287278859,-1.55518405233534,-1.35347831344653,0.201705738888809,0.265530071689194,0.0443120341210791,1.59113027351929,0.265530071689194,0.0443120341210791,1.59113027351929,-2.0,1.0,0.01,10.0,-2.84822742544228,2.84822742544228,fit_joint_tsne_vi_seed138_C03Sc01_vt_seed10,seed187,20.0192429444527,10,0.02784940671329756
buffer_n_exp,log10_buffer_n_exp,delta__log10_buffer_n_exp,log10_buffer_n_exp,log10,False,none,True,True,-0.0657285004210214,-1.13016190617906,-0.630809453510549,0.499352452668507,-0.0657285004210214,-1.13016190617906,-0.630809453510549,0.499352452668507,0.859550702459219,0.233986362749007,3.15756611375965,0.859550702459219,0.233986362749007,3.15756611375965,-1.0,1.0,0.1,10.0,-1.86854299915796,1.86854299915796,fit_joint_tsne_vi_seed138_C03Sc01_vt_seed10,seed187,20.0192429444527,10,0.07410339303090765
n_O,n_O,delta__n_O,n_O,identity,False,none,True,True,2.55517829746501,1.37320692760003,3.24178176126502,1.86857483366499,2.55517829746501,1.37320692760003,3.24178176126502,1.86857483366499,2.55517829746501,3.24178176126502,1.86857483366499,2.55517829746501,3.24178176126502,1.86857483366499,0.0001,5.0,0.0001,5.0,-4.88964340506999,4.88964340506999,fit_joint_tsne_vi_seed138_C03Sc01_vt_seed10,seed187,20.0192429444527,10,1.73489533459393
alpha_o2,log10_alpha_o2,delta__log10_alpha_o2,log10_alpha_o2,log10,False,none,True,True,0.101371914305943,0.804803819939848,0.503773824275867,-0.301029995663981,0.101371914305943,0.804803819939848,0.503773824275867,-0.301029995663981,1.26290858150935,3.18987617049993,0.5,1.26290858150935,3.18987617049993,0.5,-0.301029995663981,0.602059991327962,0.5,4.0,-0.804803819939848,0.804803819939848,fit_joint_tsne_vi_seed138_C03Sc01_vt_seed10,seed187,20.0192429444527,10,6.37975234099986
gamma_growth,gamma_growth,delta__gamma_growth,gamma_growth,identity,False,none,True,True,1.87124074243996,0.74248148487991,2.24248148487991,1.5,1.87124074243996,0.74248148487991,2.24248148487991,1.5,1.87124074243996,2.24248148487991,1.5,1.87124074243996,2.24248148487991,1.5,1.5,4.5,1.5,4.5,-0.74248148487991,0.74248148487991,fit_joint_tsne_vi_seed138_C03Sc01_vt_seed10,seed187,20.0192429444527,10,1.4949876565866067
lam_max,log10_lam_max,delta__log10_lam_max,log10_lam_max,log10,False,none,True,True,-0.37154577691773,-1.0028032418014,-0.872947397818432,0.129855843982972,-0.37154577691773,-1.0028032418014,-0.872947397818432,0.129855843982972,0.425063900477244,0.133983896023196,1.3485151936293,0.425063900477244,0.133983896023196,1.3485151936293,-2.30102999566398,0.176091259055681,0.005,1.5,-1.09527407194682,1.09527407194682,fit_joint_tsne_vi_seed138_C03Sc01_vt_seed10,seed187,20.0192429444527,10,0.09935660840616935
p_mis_base,log10_p_mis_base,delta__log10_p_mis_base,log10_p_mis_base,log10,False,none,True,True,-4.87333359646346,0.852653302570762,-4.44700694517808,-5.29966024774884,-4.87333359646346,0.852653302570762,-4.44700694517808,-5.29966024774884,1.33864803101033e-05,3.57267124739146e-05,5.01579470049539e-06,1.33864803101033e-05,3.57267124739146e-05,5.01579470049539e-06,-6.0,-1.0,1e-06,0.1,-2.25333280707308,2.25333280707308,fit_joint_tsne_vi_seed138_C03Sc01_vt_seed10,seed187,20.0192429444527,10,7.122841863999341
p_wgd,log10_p_wgd,delta__log10_p_wgd,log10_p_wgd,log10,False,none,True,True,-3.30859788526459,0.0005111760073806,-3.3083422972609,-3.30885347326828,-3.30859788526459,0.0005111760073806,-3.3083422972609,-3.30885347326828,0.0004913626199138,0.0004916518783737,0.0004910735316362,0.0004913626199138,0.0004916518783737,0.0004910735316362,-5.0,-3.0,1e-05,0.001,-0.617195770529179,0.617195770529179,fit_joint_tsne_vi_seed138_C03Sc01_vt_seed10,seed187,20.0192429444527,10,1.0011777192217488
gamma_mu,gamma_mu,delta__gamma_mu,gamma_mu,identity,False,none,True,True,1.85826385827691,1.31652771655383,2.51652771655383,1.2,1.85826385827691,1.31652771655383,2.51652771655383,1.2,1.85826385827691,2.51652771655383,1.2,1.85826385827691,2.51652771655383,1.2,1.2,3.5,1.2,3.5,-1.31652771655383,1.31652771655383,fit_joint_tsne_vi_seed138_C03Sc01_vt_seed10,seed187,20.0192429444527,10,2.0971064304615252
O2_crit,log10_O2_crit,delta__log10_O2_crit,log10_O2_crit,log10_nonnegative,False,none,True,True,-0.286184924288447,-0.973089455487817,-0.772729652032355,0.200359803455462,-0.286184924288447,-0.973089455487817,-0.772729652032355,0.200359803455462,0.517386479854448,0.168760323014007,1.58620678578554,0.517386479854448,0.168760323014007,1.58620678578554,-4.0,0.397940008672038,0.0001,2.5,-1.36824986592097,1.36824986592097,fit_joint_tsne_vi_seed25_C02Sc01_vt_seed10,seed497,18.9704641759336,1,0.10639238498178
mu_hp,log10_mu_hp,delta__log10_mu_hp,log10_mu_hp,log10,False,none,True,True,-1.8015332567769,0.998993477774163,-1.30203651788982,-2.30102999566398,-1.8015332567769,0.998993477774163,-1.30203651788982,-2.30102999566398,0.0157930766516176,0.0498842540247737,0.005,0.0157930766516176,0.0498842540247737,0.005,-2.30102999566398,-0.522878745280338,0.005,0.3,-0.998993477774163,0.998993477774163,fit_joint_tsne_vi_seed25_C02Sc01_vt_seed10,seed497,18.9704641759336,1,9.97685080495474
p_misseg,log10_p_misseg,delta__log10_p_misseg,log10_p_misseg,log10,False,none,True,True,-1.35295557556725,1.24729457901751,-0.729308286058489,-1.976602865076,-1.35295557556725,1.24729457901751,-0.729308286058489,-1.976602865076,0.0443654023440395,0.186505530221572,0.0105535150770604,0.0443654023440395,0.186505530221572,0.0105535150770604,-2.30102999566398,-0.301029995663981,0.005,0.5,-1.89614884019347,1.89614884019347,fit_joint_tsne_vi_seed25_C02Sc01_vt_seed10,seed497,18.9704641759336,1,17.672361185797605
k_o_mis,log10_k_o_mis,delta__log10_k_o_mis,log10_k_o_mis,log10,False,none,True,True,-3.25441704197678,1.38578816818685,-2.56152295788335,-3.9473111260702,-3.25441704197678,1.38578816818685,-2.56152295788335,-3.9473111260702,0.0005566509544039,0.0027445872539549,0.0001128986825222,0.0005566509544039,0.0027445872539549,0.0001128986825222,-5.0,-1.69897000433602,1e-05,0.02,-3.11089407528151,3.11089407528151,fit_joint_tsne_vi_seed25_C02Sc01_vt_seed10,seed497,18.9704641759336,1,24.31017964638528
buffer_smax,buffer_smax,delta__buffer_smax,buffer_smax,identity,False,none,True,True,0.956917896997365,-0.08616420600527,0.91383579399473,1.0,0.956917896997365,-0.08616420600527,0.91383579399473,1.0,0.956917896997365,0.91383579399473,1.0,0.956917896997365,0.91383579399473,1.0,0.0,1.0,0.0,1.0,-0.0861642060052699,0.0861642060052699,fit_joint_tsne_vi_seed25_C02Sc01_vt_seed10,seed497,18.9704641759336,1,0.91383579399473
buffer_beta,log10_buffer_beta,delta__log10_buffer_beta,log10_buffer_beta,log10,False,none,True,True,-0.220797648094854,-0.845006773967325,-0.643301035078516,0.201705738888809,-0.220797648094854,-0.845006773967325,-0.643301035078516,0.201705738888809,0.601453909119356,0.227352097320628,1.59113027351929,0.601453909119356,0.227352097320628,1.59113027351929,-2.0,1.0,0.01,10.0,-2.44159529618971,2.44159529618971,fit_joint_tsne_vi_seed25_C02Sc01_vt_seed10,seed497,18.9704641759336,1,0.14288716713168093
buffer_n_exp,log10_buffer_n_exp,delta__log10_buffer_n_exp,log10_buffer_n_exp,log10,False,none,True,True,0.749676226334253,0.500647547331493,1.0,0.499352452668507,0.749676226334253,0.500647547331493,1.0,0.499352452668507,5.61922246735227,10.0,3.15756611375965,5.61922246735227,10.0,3.15756611375965,-1.0,1.0,0.1,10.0,-0.500647547331493,0.500647547331493,fit_joint_tsne_vi_seed25_C02Sc01_vt_seed10,seed497,18.9704641759336,1,3.1669962368874054
n_O,n_O,delta__n_O,n_O,identity,False,none,True,True,1.7660910707821,-0.20496752576579,1.6636073078992,1.86857483366499,1.7660910707821,-0.20496752576579,1.6636073078992,1.86857483366499,1.7660910707821,1.6636073078992,1.86857483366499,1.7660910707821,1.6636073078992,1.86857483366499,0.0001,5.0,0.0001,5.0,-3.53198214156419,3.53198214156419,fit_joint_tsne_vi_seed25_C02Sc01_vt_seed10,seed497,18.9704641759336,1,0.8903080989463128
alpha_o2,log10_alpha_o2,delta__log10_alpha_o2,log10_alpha_o2,log10,False,none,True,True,-0.030193144725519,0.541673701876924,0.240643706212943,-0.301029995663981,-0.030193144725519,0.541673701876924,0.240643706212943,-0.301029995663981,0.932839344869547,1.74037848667329,0.5,0.932839344869547,1.74037848667329,0.5,-0.301029995663981,0.602059991327962,0.5,4.0,-0.541673701876924,0.541673701876924,fit_joint_tsne_vi_seed25_C02Sc01_vt_seed10,seed497,18.9704641759336,1,3.48075697334658
gamma_growth,gamma_growth,delta__gamma_growth,gamma_growth,identity,False,none,True,True,2.18118606535816,1.36237213071632,2.86237213071632,1.5,2.18118606535816,1.36237213071632,2.86237213071632,1.5,2.18118606535816,2.86237213071632,1.5,2.18118606535816,2.86237213071632,1.5,1.5,4.5,1.5,4.5,-1.36237213071632,1.36237213071632,fit_joint_tsne_vi_seed25_C02Sc01_vt_seed10,seed497,18.9704641759336,1,1.9082480871442133
lam_max,log10_lam_max,delta__log10_lam_max,log10_lam_max,log10,False,none,True,True,-0.246052675587283,-0.75181703914051,-0.621961195157538,0.129855843982972,-0.246052675587283,-0.75181703914051,-0.621961195157538,0.129855843982972,0.567475772085329,0.238802464684995,1.3485151936293,0.567475772085329,0.238802464684995,1.3485151936293,-2.30102999566398,0.176091259055681,0.005,1.5,-0.844287869285929,0.844287869285929,fit_joint_tsne_vi_seed25_C02Sc01_vt_seed10,seed497,18.9704641759336,1,0.1770854832137995
p_mis_base,log10_p_mis_base,delta__log10_p_mis_base,log10_p_mis_base,log10,False,none,True,True,-4.18677077431139,1.76335792248655,-3.30509181306811,-5.06844973555466,-4.18677077431139,1.76335792248655,-3.30509181306811,-5.06844973555466,6.50472926944133e-05,0.0004953454600379,8.54181703118544e-06,6.50472926944133e-05,0.0004953454600379,8.54181703118544e-06,-6.0,-1.0,1e-06,0.1,-3.62645845137723,3.62645845137723,fit_joint_tsne_vi_seed25_C02Sc01_vt_seed10,seed497,18.9704641759336,1,57.99064276715789
p_wgd,log10_p_wgd,delta__log10_p_wgd,log10_p_wgd,log10,False,none,True,True,-4.19319261129693,-1.42658002022422,-4.90648262140905,-3.47990260118482,-4.19319261129693,-1.42658002022422,-4.90648262140905,-3.47990260118482,6.40925260688811e-05,1.24027325450911e-05,0.0003312053922759,6.40925260688811e-05,1.24027325450911e-05,0.0003312053922759,-5.0,-3.0,1e-05,0.001,-1.61361477740613,1.61361477740613,fit_joint_tsne_vi_seed25_C02Sc01_vt_seed10,seed497,18.9704641759336,1,0.03744725428491636
gamma_mu,gamma_mu,delta__gamma_mu,gamma_mu,identity,False,none,True,True,1.9393617447558,1.4787234895116,2.6787234895116,1.2,1.9393617447558,1.4787234895116,2.6787234895116,1.2,1.9393617447558,2.6787234895116,1.2,1.9393617447558,2.6787234895116,1.2,1.2,3.5,1.2,3.5,-1.4787234895116,1.4787234895116,fit_joint_tsne_vi_seed25_C02Sc01_vt_seed10,seed497,18.9704641759336,1,2.232269574593
O2_crit,log10_O2_crit,delta__log10_O2_crit,log10_O2_crit,log10_nonnegative,False,none,True,True,-0.286184924288447,-0.973089455487817,-0.772729652032355,0.200359803455462,-0.286184924288447,-0.973089455487817,-0.772729652032355,0.200359803455462,0.517386479854448,0.168760323014007,1.58620678578554,0.517386479854448,0.168760323014007,1.58620678578554,-4.0,0.397940008672038,0.0001,2.5,-1.36824986592097,1.36824986592097,fit_joint_tsne_vi_seed25_C02Sc01_vt_seed10,seed389,18.9726945574714,2,0.10639238498178
mu_hp,log10_mu_hp,delta__log10_mu_hp,log10_mu_hp,log10,False,none,True,True,-1.8015332567769,0.998993477774163,-1.30203651788982,-2.30102999566398,-1.8015332567769,0.998993477774163,-1.30203651788982,-2.30102999566398,0.0157930766516176,0.0498842540247737,0.005,0.0157930766516176,0.0498842540247737,0.005,-2.30102999566398,-0.522878745280338,0.005,0.3,-0.998993477774163,0.998993477774163,fit_joint_tsne_vi_seed25_C02Sc01_vt_seed10,seed389,18.9726945574714,2,9.97685080495474
p_misseg,log10_p_misseg,delta__log10_p_misseg,log10_p_misseg,log10,False,none,True,True,-1.35295557556725,1.24729457901751,-0.729308286058489,-1.976602865076,-1.35295557556725,1.24729457901751,-0.729308286058489,-1.976602865076,0.0443654023440395,0.186505530221572,0.0105535150770604,0.0443654023440395,0.186505530221572,0.0105535150770604,-2.30102999566398,-0.301029995663981,0.005,0.5,-1.89614884019347,1.89614884019347,fit_joint_tsne_vi_seed25_C02Sc01_vt_seed10,seed389,18.9726945574714,2,17.672361185797605
k_o_mis,log10_k_o_mis,delta__log10_k_o_mis,log10_k_o_mis,log10,False,none,True,True,-3.25441704197678,1.38578816818685,-2.56152295788335,-3.9473111260702,-3.25441704197678,1.38578816818685,-2.56152295788335,-3.9473111260702,0.0005566509544039,0.0027445872539549,0.0001128986825222,0.0005566509544039,0.0027445872539549,0.0001128986825222,-5.0,-1.69897000433602,1e-05,0.02,-3.11089407528151,3.11089407528151,fit_joint_tsne_vi_seed25_C02Sc01_vt_seed10,seed389,18.9726945574714,2,24.31017964638528
buffer_smax,buffer_smax,delta__buffer_smax,buffer_smax,identity,False,none,True,True,0.956917896997365,-0.08616420600527,0.91383579399473,1.0,0.956917896997365,-0.08616420600527,0.91383579399473,1.0,0.956917896997365,0.91383579399473,1.0,0.956917896997365,0.91383579399473,1.0,0.0,1.0,0.0,1.0,-0.0861642060052699,0.0861642060052699,fit_joint_tsne_vi_seed25_C02Sc01_vt_seed10,seed389,18.9726945574714,2,0.91383579399473
buffer_beta,log10_buffer_beta,delta__log10_buffer_beta,log10_buffer_beta,log10,False,none,True,True,-0.220797648094854,-0.845006773967325,-0.643301035078516,0.201705738888809,-0.220797648094854,-0.845006773967325,-0.643301035078516,0.201705738888809,0.601453909119356,0.227352097320628,1.59113027351929,0.601453909119356,0.227352097320628,1.59113027351929,-2.0,1.0,0.01,10.0,-2.44159529618971,2.44159529618971,fit_joint_tsne_vi_seed25_C02Sc01_vt_seed10,seed389,18.9726945574714,2,0.14288716713168093
buffer_n_exp,log10_buffer_n_exp,delta__log10_buffer_n_exp,log10_buffer_n_exp,log10,False,none,True,True,0.749676226334253,0.500647547331493,1.0,0.499352452668507,0.749676226334253,0.500647547331493,1.0,0.499352452668507,5.61922246735227,10.0,3.15756611375965,5.61922246735227,10.0,3.15756611375965,-1.0,1.0,0.1,10.0,-0.500647547331493,0.500647547331493,fit_joint_tsne_vi_seed25_C02Sc01_vt_seed10,seed389,18.9726945574714,2,3.1669962368874054
n_O,n_O,delta__n_O,n_O,identity,False,none,True,True,1.7660910707821,-0.20496752576579,1.6636073078992,1.86857483366499,1.7660910707821,-0.20496752576579,1.6636073078992,1.86857483366499,1.7660910707821,1.6636073078992,1.86857483366499,1.7660910707821,1.6636073078992,1.86857483366499,0.0001,5.0,0.0001,5.0,-3.53198214156419,3.53198214156419,fit_joint_tsne_vi_seed25_C02Sc01_vt_seed10,seed389,18.9726945574714,2,0.8903080989463128
alpha_o2,log10_alpha_o2,delta__log10_alpha_o2,log10_alpha_o2,log10,False,none,True,True,-0.030193144725519,0.541673701876924,0.240643706212943,-0.301029995663981,-0.030193144725519,0.541673701876924,0.240643706212943,-0.301029995663981,0.932839344869547,1.74037848667329,0.5,0.932839344869547,1.74037848667329,0.5,-0.301029995663981,0.602059991327962,0.5,4.0,-0.541673701876924,0.541673701876924,fit_joint_tsne_vi_seed25_C02Sc01_vt_seed10,seed389,18.9726945574714,2,3.48075697334658
gamma_growth,gamma_growth,delta__gamma_growth,gamma_growth,identity,False,none,True,True,2.18118606535816,1.36237213071632,2.86237213071632,1.5,2.18118606535816,1.36237213071632,2.86237213071632,1.5,2.18118606535816,2.86237213071632,1.5,2.18118606535816,2.86237213071632,1.5,1.5,4.5,1.5,4.5,-1.36237213071632,1.36237213071632,fit_joint_tsne_vi_seed25_C02Sc01_vt_seed10,seed389,18.9726945574714,2,1.9082480871442133
lam_max,log10_lam_max,delta__log10_lam_max,log10_lam_max,log10,False,none,True,True,-0.246052675587283,-0.75181703914051,-0.621961195157538,0.129855843982972,-0.246052675587283,-0.75181703914051,-0.621961195157538,0.129855843982972,0.567475772085329,0.238802464684995,1.3485151936293,0.567475772085329,0.238802464684995,1.3485151936293,-2.30102999566398,0.176091259055681,0.005,1.5,-0.844287869285929,0.844287869285929,fit_joint_tsne_vi_seed25_C02Sc01_vt_seed10,seed389,18.9726945574714,2,0.1770854832137995
p_mis_base,log10_p_mis_base,delta__log10_p_mis_base,log10_p_mis_base,log10,False,none,True,True,-4.18677077431139,1.76335792248655,-3.30509181306811,-5.06844973555466,-4.18677077431139,1.76335792248655,-3.30509181306811,-5.06844973555466,6.50472926944133e-05,0.0004953454600379,8.54181703118544e-06,6.50472926944133e-05,0.0004953454600379,8.54181703118544e-06,-6.0,-1.0,1e-06,0.1,-3.62645845137723,3.62645845137723,fit_joint_tsne_vi_seed25_C02Sc01_vt_seed10,seed389,18.9726945574714,2,57.99064276715789
p_wgd,log10_p_wgd,delta__log10_p_wgd,log10_p_wgd,log10,False,none,True,True,-4.19319261129693,-1.42658002022422,-4.90648262140905,-3.47990260118482,-4.19319261129693,-1.42658002022422,-4.90648262140905,-3.47990260118482,6.40925260688811e-05,1.24027325450911e-05,0.0003312053922759,6.40925260688811e-05,1.24027325450911e-05,0.0003312053922759,-5.0,-3.0,1e-05,0.001,-1.61361477740613,1.61361477740613,fit_joint_tsne_vi_seed25_C02Sc01_vt_seed10,seed389,18.9726945574714,2,0.03744725428491636
gamma_mu,gamma_mu,delta__gamma_mu,gamma_mu,identity,False,none,True,True,1.9393617447558,1.42887412927034,2.65379880939097,1.22492468012063,1.9393617447558,1.42887412927034,2.65379880939097,1.22492468012063,1.9393617447558,2.65379880939097,1.22492468012063,1.9393617447558,2.65379880939097,1.22492468012063,1.2,3.5,1.2,3.5,-1.4787234895116,1.4787234895116,fit_joint_tsne_vi_seed25_C02Sc01_vt_seed10,seed389,18.9726945574714,2,2.16649958357409
O2_crit,log10_O2_crit,delta__log10_O2_crit,log10_O2_crit,log10_nonnegative,False,none,True,True,-0.286184924288447,-0.973089455487817,-0.772729652032355,0.200359803455462,-0.286184924288447,-0.973089455487817,-0.772729652032355,0.200359803455462,0.517386479854448,0.168760323014007,1.58620678578554,0.517386479854448,0.168760323014007,1.58620678578554,-4.0,0.397940008672038,0.0001,2.5,-1.36824986592097,1.36824986592097,fit_joint_tsne_vi_seed25_C02Sc01_vt_seed10,seed298,18.9726969603447,3,0.10639238498178
mu_hp,log10_mu_hp,delta__log10_mu_hp,log10_mu_hp,log10,False,none,True,True,-1.8015332567769,0.998993477774163,-1.30203651788982,-2.30102999566398,-1.8015332567769,0.998993477774163,-1.30203651788982,-2.30102999566398,0.0157930766516176,0.0498842540247737,0.005,0.0157930766516176,0.0498842540247737,0.005,-2.30102999566398,-0.522878745280338,0.005,0.3,-0.998993477774163,0.998993477774163,fit_joint_tsne_vi_seed25_C02Sc01_vt_seed10,seed298,18.9726969603447,3,9.97685080495474
p_misseg,log10_p_misseg,delta__log10_p_misseg,log10_p_misseg,log10,False,none,True,True,-1.35295557556725,1.24729457901751,-0.729308286058489,-1.976602865076,-1.35295557556725,1.24729457901751,-0.729308286058489,-1.976602865076,0.0443654023440395,0.186505530221572,0.0105535150770604,0.0443654023440395,0.186505530221572,0.0105535150770604,-2.30102999566398,-0.301029995663981,0.005,0.5,-1.89614884019347,1.89614884019347,fit_joint_tsne_vi_seed25_C02Sc01_vt_seed10,seed298,18.9726969603447,3,17.672361185797605
k_o_mis,log10_k_o_mis,delta__log10_k_o_mis,log10_k_o_mis,log10,False,none,True,True,-3.25441704197678,1.38578816818685,-2.56152295788335,-3.9473111260702,-3.25441704197678,1.38578816818685,-2.56152295788335,-3.9473111260702,0.0005566509544039,0.0027445872539549,0.0001128986825222,0.0005566509544039,0.0027445872539549,0.0001128986825222,-5.0,-1.69897000433602,1e-05,0.02,-3.11089407528151,3.11089407528151,fit_joint_tsne_vi_seed25_C02Sc01_vt_seed10,seed298,18.9726969603447,3,24.31017964638528
buffer_smax,buffer_smax,delta__buffer_smax,buffer_smax,identity,False,none,True,True,0.956917896997365,-0.08616420600527,0.91383579399473,1.0,0.956917896997365,-0.08616420600527,0.91383579399473,1.0,0.956917896997365,0.91383579399473,1.0,0.956917896997365,0.91383579399473,1.0,0.0,1.0,0.0,1.0,-0.0861642060052699,0.0861642060052699,fit_joint_tsne_vi_seed25_C02Sc01_vt_seed10,seed298,18.9726969603447,3,0.91383579399473
buffer_beta,log10_buffer_beta,delta__log10_buffer_beta,log10_buffer_beta,log10,False,none,True,True,-0.220797648094854,-0.845006773967325,-0.643301035078516,0.201705738888809,-0.220797648094854,-0.845006773967325,-0.643301035078516,0.201705738888809,0.601453909119356,0.227352097320628,1.59113027351929,0.601453909119356,0.227352097320628,1.59113027351929,-2.0,1.0,0.01,10.0,-2.44159529618971,2.44159529618971,fit_joint_tsne_vi_seed25_C02Sc01_vt_seed10,seed298,18.9726969603447,3,0.14288716713168093
buffer_n_exp,log10_buffer_n_exp,delta__log10_buffer_n_exp,log10_buffer_n_exp,log10,False,none,True,True,0.749676226334253,0.500647547331493,1.0,0.499352452668507,0.749676226334253,0.500647547331493,1.0,0.499352452668507,5.61922246735227,10.0,3.15756611375965,5.61922246735227,10.0,3.15756611375965,-1.0,1.0,0.1,10.0,-0.500647547331493,0.500647547331493,fit_joint_tsne_vi_seed25_C02Sc01_vt_seed10,seed298,18.9726969603447,3,3.1669962368874054
n_O,n_O,delta__n_O,n_O,identity,False,none,True,True,1.7660910707821,-0.20496752576579,1.6636073078992,1.86857483366499,1.7660910707821,-0.20496752576579,1.6636073078992,1.86857483366499,1.7660910707821,1.6636073078992,1.86857483366499,1.7660910707821,1.6636073078992,1.86857483366499,0.0001,5.0,0.0001,5.0,-3.53198214156419,3.53198214156419,fit_joint_tsne_vi_seed25_C02Sc01_vt_seed10,seed298,18.9726969603447,3,0.8903080989463128
alpha_o2,log10_alpha_o2,delta__log10_alpha_o2,log10_alpha_o2,log10,False,none,True,True,-0.030193144725519,0.541673701876924,0.240643706212943,-0.301029995663981,-0.030193144725519,0.541673701876924,0.240643706212943,-0.301029995663981,0.932839344869547,1.74037848667329,0.5,0.932839344869547,1.74037848667329,0.5,-0.301029995663981,0.602059991327962,0.5,4.0,-0.541673701876924,0.541673701876924,fit_joint_tsne_vi_seed25_C02Sc01_vt_seed10,seed298,18.9726969603447,3,3.48075697334658
gamma_growth,gamma_growth,delta__gamma_growth,gamma_growth,identity,False,none,True,True,2.18118606535816,1.36237213071632,2.86237213071632,1.5,2.18118606535816,1.36237213071632,2.86237213071632,1.5,2.18118606535816,2.86237213071632,1.5,2.18118606535816,2.86237213071632,1.5,1.5,4.5,1.5,4.5,-1.36237213071632,1.36237213071632,fit_joint_tsne_vi_seed25_C02Sc01_vt_seed10,seed298,18.9726969603447,3,1.9082480871442133
lam_max,log10_lam_max,delta__log10_lam_max,log10_lam_max,log10,False,none,True,True,-0.246052675587283,-0.75181703914051,-0.621961195157538,0.129855843982972,-0.246052675587283,-0.75181703914051,-0.621961195157538,0.129855843982972,0.567475772085329,0.238802464684995,1.3485151936293,0.567475772085329,0.238802464684995,1.3485151936293,-2.30102999566398,0.176091259055681,0.005,1.5,-0.844287869285929,0.844287869285929,fit_joint_tsne_vi_seed25_C02Sc01_vt_seed10,seed298,18.9726969603447,3,0.1770854832137995
p_mis_base,log10_p_mis_base,delta__log10_p_mis_base,log10_p_mis_base,log10,False,none,True,True,-4.18677077431139,1.76335792248655,-3.30509181306811,-5.06844973555466,-4.18677077431139,1.76335792248655,-3.30509181306811,-5.06844973555466,6.50472926944133e-05,0.0004953454600379,8.54181703118544e-06,6.50472926944133e-05,0.0004953454600379,8.54181703118544e-06,-6.0,-1.0,1e-06,0.1,-3.62645845137723,3.62645845137723,fit_joint_tsne_vi_seed25_C02Sc01_vt_seed10,seed298,18.9726969603447,3,57.99064276715789
p_wgd,log10_p_wgd,delta__log10_p_wgd,log10_p_wgd,log10,False,none,True,True,-4.19319261129693,-1.42658002022422,-4.90648262140905,-3.47990260118482,-4.19319261129693,-1.42658002022422,-4.90648262140905,-3.47990260118482,6.40925260688811e-05,1.24027325450911e-05,0.0003312053922759,6.40925260688811e-05,1.24027325450911e-05,0.0003312053922759,-5.0,-3.0,1e-05,0.001,-1.61361477740613,1.61361477740613,fit_joint_tsne_vi_seed25_C02Sc01_vt_seed10,seed298,18.9726969603447,3,0.03744725428491636
gamma_mu,gamma_mu,delta__gamma_mu,gamma_mu,identity,False,none,True,True,1.9393617447558,1.4787234895116,2.6787234895116,1.2,1.9393617447558,1.4787234895116,2.6787234895116,1.2,1.9393617447558,2.6787234895116,1.2,1.9393617447558,2.6787234895116,1.2,1.2,3.5,1.2,3.5,-1.4787234895116,1.4787234895116,fit_joint_tsne_vi_seed25_C02Sc01_vt_seed10,seed298,18.9726969603447,3,2.232269574593
O2_crit,log10_O2_crit,delta__log10_O2_crit,log10_O2_crit,log10_nonnegative,False,none,True,True,-0.286184924288447,-0.973089455487817,-0.772729652032355,0.200359803455462,-0.286184924288447,-0.973089455487817,-0.772729652032355,0.200359803455462,0.517386479854448,0.168760323014007,1.58620678578554,0.517386479854448,0.168760323014007,1.58620678578554,-4.0,0.397940008672038,0.0001,2.5,-1.36824986592097,1.36824986592097,fit_joint_tsne_vi_seed25_C02Sc01_vt_seed10,seed26,18.97270458352,4,0.10639238498178
mu_hp,log10_mu_hp,delta__log10_mu_hp,log10_mu_hp,log10,False,none,True,True,-1.8015332567769,0.998993477774163,-1.30203651788982,-2.30102999566398,-1.8015332567769,0.998993477774163,-1.30203651788982,-2.30102999566398,0.0157930766516176,0.0498842540247737,0.005,0.0157930766516176,0.0498842540247737,0.005,-2.30102999566398,-0.522878745280338,0.005,0.3,-0.998993477774163,0.998993477774163,fit_joint_tsne_vi_seed25_C02Sc01_vt_seed10,seed26,18.97270458352,4,9.97685080495474
p_misseg,log10_p_misseg,delta__log10_p_misseg,log10_p_misseg,log10,False,none,True,True,-1.35295557556725,1.24729457901751,-0.729308286058489,-1.976602865076,-1.35295557556725,1.24729457901751,-0.729308286058489,-1.976602865076,0.0443654023440395,0.186505530221572,0.0105535150770604,0.0443654023440395,0.186505530221572,0.0105535150770604,-2.30102999566398,-0.301029995663981,0.005,0.5,-1.89614884019347,1.89614884019347,fit_joint_tsne_vi_seed25_C02Sc01_vt_seed10,seed26,18.97270458352,4,17.672361185797605
k_o_mis,log10_k_o_mis,delta__log10_k_o_mis,log10_k_o_mis,log10,False,none,True,True,-3.25441704197678,1.38578816818685,-2.56152295788335,-3.9473111260702,-3.25441704197678,1.38578816818685,-2.56152295788335,-3.9473111260702,0.0005566509544039,0.0027445872539549,0.0001128986825222,0.0005566509544039,0.0027445872539549,0.0001128986825222,-5.0,-1.69897000433602,1e-05,0.02,-3.11089407528151,3.11089407528151,fit_joint_tsne_vi_seed25_C02Sc01_vt_seed10,seed26,18.97270458352,4,24.31017964638528
buffer_smax,buffer_smax,delta__buffer_smax,buffer_smax,identity,False,none,True,True,0.956917896997365,-0.08616420600527,0.91383579399473,1.0,0.956917896997365,-0.08616420600527,0.91383579399473,1.0,0.956917896997365,0.91383579399473,1.0,0.956917896997365,0.91383579399473,1.0,0.0,1.0,0.0,1.0,-0.0861642060052699,0.0861642060052699,fit_joint_tsne_vi_seed25_C02Sc01_vt_seed10,seed26,18.97270458352,4,0.91383579399473
buffer_beta,log10_buffer_beta,delta__log10_buffer_beta,log10_buffer_beta,log10,False,none,True,True,-0.220797648094854,-0.845006773967325,-0.643301035078516,0.201705738888809,-0.220797648094854,-0.845006773967325,-0.643301035078516,0.201705738888809,0.601453909119356,0.227352097320628,1.59113027351929,0.601453909119356,0.227352097320628,1.59113027351929,-2.0,1.0,0.01,10.0,-2.44159529618971,2.44159529618971,fit_joint_tsne_vi_seed25_C02Sc01_vt_seed10,seed26,18.97270458352,4,0.14288716713168093
buffer_n_exp,log10_buffer_n_exp,delta__log10_buffer_n_exp,log10_buffer_n_exp,log10,False,none,True,True,0.749676226334253,0.500647547331493,1.0,0.499352452668507,0.749676226334253,0.500647547331493,1.0,0.499352452668507,5.61922246735227,10.0,3.15756611375965,5.61922246735227,10.0,3.15756611375965,-1.0,1.0,0.1,10.0,-0.500647547331493,0.500647547331493,fit_joint_tsne_vi_seed25_C02Sc01_vt_seed10,seed26,18.97270458352,4,3.1669962368874054
n_O,n_O,delta__n_O,n_O,identity,False,none,True,True,1.7660910707821,-0.20496752576579,1.6636073078992,1.86857483366499,1.7660910707821,-0.20496752576579,1.6636073078992,1.86857483366499,1.7660910707821,1.6636073078992,1.86857483366499,1.7660910707821,1.6636073078992,1.86857483366499,0.0001,5.0,0.0001,5.0,-3.53198214156419,3.53198214156419,fit_joint_tsne_vi_seed25_C02Sc01_vt_seed10,seed26,18.97270458352,4,0.8903080989463128
alpha_o2,log10_alpha_o2,delta__log10_alpha_o2,log10_alpha_o2,log10,False,none,True,True,-0.030193144725519,0.541673701876924,0.240643706212943,-0.301029995663981,-0.030193144725519,0.541673701876924,0.240643706212943,-0.301029995663981,0.932839344869547,1.74037848667329,0.5,0.932839344869547,1.74037848667329,0.5,-0.301029995663981,0.602059991327962,0.5,4.0,-0.541673701876924,0.541673701876924,fit_joint_tsne_vi_seed25_C02Sc01_vt_seed10,seed26,18.97270458352,4,3.48075697334658
gamma_growth,gamma_growth,delta__gamma_growth,gamma_growth,identity,False,none,True,True,2.18118606535816,1.36237213071632,2.86237213071632,1.5,2.18118606535816,1.36237213071632,2.86237213071632,1.5,2.18118606535816,2.86237213071632,1.5,2.18118606535816,2.86237213071632,1.5,1.5,4.5,1.5,4.5,-1.36237213071632,1.36237213071632,fit_joint_tsne_vi_seed25_C02Sc01_vt_seed10,seed26,18.97270458352,4,1.9082480871442133
lam_max,log10_lam_max,delta__log10_lam_max,log10_lam_max,log10,False,none,True,True,-0.246052675587283,-0.75181703914051,-0.621961195157538,0.129855843982972,-0.246052675587283,-0.75181703914051,-0.621961195157538,0.129855843982972,0.567475772085329,0.238802464684995,1.3485151936293,0.567475772085329,0.238802464684995,1.3485151936293,-2.30102999566398,0.176091259055681,0.005,1.5,-0.844287869285929,0.844287869285929,fit_joint_tsne_vi_seed25_C02Sc01_vt_seed10,seed26,18.97270458352,4,0.1770854832137995
p_mis_base,log10_p_mis_base,delta__log10_p_mis_base,log10_p_mis_base,log10,False,none,True,True,-4.18677077431139,1.76335792248655,-3.30509181306811,-5.06844973555466,-4.18677077431139,1.76335792248655,-3.30509181306811,-5.06844973555466,6.50472926944133e-05,0.0004953454600379,8.54181703118544e-06,6.50472926944133e-05,0.0004953454600379,8.54181703118544e-06,-6.0,-1.0,1e-06,0.1,-3.62645845137723,3.62645845137723,fit_joint_tsne_vi_seed25_C02Sc01_vt_seed10,seed26,18.97270458352,4,57.99064276715789
p_wgd,log10_p_wgd,delta__log10_p_wgd,log10_p_wgd,log10,False,none,True,True,-4.19319261129693,-1.42658002022422,-4.90648262140905,-3.47990260118482,-4.19319261129693,-1.42658002022422,-4.90648262140905,-3.47990260118482,6.40925260688811e-05,1.24027325450911e-05,0.0003312053922759,6.40925260688811e-05,1.24027325450911e-05,0.0003312053922759,-5.0,-3.0,1e-05,0.001,-1.61361477740613,1.61361477740613,fit_joint_tsne_vi_seed25_C02Sc01_vt_seed10,seed26,18.97270458352,4,0.03744725428491636
gamma_mu,gamma_mu,delta__gamma_mu,gamma_mu,identity,False,none,True,True,1.9393617447558,1.4787234895116,2.6787234895116,1.2,1.9393617447558,1.4787234895116,2.6787234895116,1.2,1.9393617447558,2.6787234895116,1.2,1.9393617447558,2.6787234895116,1.2,1.2,3.5,1.2,3.5,-1.4787234895116,1.4787234895116,fit_joint_tsne_vi_seed25_C02Sc01_vt_seed10,seed26,18.97270458352,4,2.232269574593
O2_crit,log10_O2_crit,delta__log10_O2_crit,log10_O2_crit,log10_nonnegative,False,none,True,True,-0.286184924288447,-0.973089455487817,-0.772729652032355,0.200359803455462,-0.286184924288447,-0.973089455487817,-0.772729652032355,0.200359803455462,0.517386479854448,0.168760323014007,1.58620678578554,0.517386479854448,0.168760323014007,1.58620678578554,-4.0,0.397940008672038,0.0001,2.5,-1.36824986592097,1.36824986592097,fit_joint_tsne_vi_seed25_C02Sc01_vt_seed10,seed98,18.9727620578699,5,0.10639238498178
mu_hp,log10_mu_hp,delta__log10_mu_hp,log10_mu_hp,log10,False,none,True,True,-1.8015332567769,0.998993477774163,-1.30203651788982,-2.30102999566398,-1.8015332567769,0.998993477774163,-1.30203651788982,-2.30102999566398,0.0157930766516176,0.0498842540247737,0.005,0.0157930766516176,0.0498842540247737,0.005,-2.30102999566398,-0.522878745280338,0.005,0.3,-0.998993477774163,0.998993477774163,fit_joint_tsne_vi_seed25_C02Sc01_vt_seed10,seed98,18.9727620578699,5,9.97685080495474
p_misseg,log10_p_misseg,delta__log10_p_misseg,log10_p_misseg,log10,False,none,True,True,-1.35295557556725,1.24729457901751,-0.729308286058489,-1.976602865076,-1.35295557556725,1.24729457901751,-0.729308286058489,-1.976602865076,0.0443654023440395,0.186505530221572,0.0105535150770604,0.0443654023440395,0.186505530221572,0.0105535150770604,-2.30102999566398,-0.301029995663981,0.005,0.5,-1.89614884019347,1.89614884019347,fit_joint_tsne_vi_seed25_C02Sc01_vt_seed10,seed98,18.9727620578699,5,17.672361185797605
k_o_mis,log10_k_o_mis,delta__log10_k_o_mis,log10_k_o_mis,log10,False,none,True,True,-3.25441704197678,1.38578816818685,-2.56152295788335,-3.9473111260702,-3.25441704197678,1.38578816818685,-2.56152295788335,-3.9473111260702,0.0005566509544039,0.0027445872539549,0.0001128986825222,0.0005566509544039,0.0027445872539549,0.0001128986825222,-5.0,-1.69897000433602,1e-05,0.02,-3.11089407528151,3.11089407528151,fit_joint_tsne_vi_seed25_C02Sc01_vt_seed10,seed98,18.9727620578699,5,24.31017964638528
buffer_smax,buffer_smax,delta__buffer_smax,buffer_smax,identity,False,none,True,True,0.956917896997365,-0.08616420600527,0.91383579399473,1.0,0.956917896997365,-0.08616420600527,0.91383579399473,1.0,0.956917896997365,0.91383579399473,1.0,0.956917896997365,0.91383579399473,1.0,0.0,1.0,0.0,1.0,-0.0861642060052699,0.0861642060052699,fit_joint_tsne_vi_seed25_C02Sc01_vt_seed10,seed98,18.9727620578699,5,0.91383579399473
buffer_beta,log10_buffer_beta,delta__log10_buffer_beta,log10_buffer_beta,log10,False,none,True,True,-0.220797648094854,-0.845006773967325,-0.643301035078516,0.201705738888809,-0.220797648094854,-0.845006773967325,-0.643301035078516,0.201705738888809,0.601453909119356,0.227352097320628,1.59113027351929,0.601453909119356,0.227352097320628,1.59113027351929,-2.0,1.0,0.01,10.0,-2.44159529618971,2.44159529618971,fit_joint_tsne_vi_seed25_C02Sc01_vt_seed10,seed98,18.9727620578699,5,0.14288716713168093
buffer_n_exp,log10_buffer_n_exp,delta__log10_buffer_n_exp,log10_buffer_n_exp,log10,False,none,True,True,0.749676226334253,0.500647547331493,1.0,0.499352452668507,0.749676226334253,0.500647547331493,1.0,0.499352452668507,5.61922246735227,10.0,3.15756611375965,5.61922246735227,10.0,3.15756611375965,-1.0,1.0,0.1,10.0,-0.500647547331493,0.500647547331493,fit_joint_tsne_vi_seed25_C02Sc01_vt_seed10,seed98,18.9727620578699,5,3.1669962368874054
n_O,n_O,delta__n_O,n_O,identity,False,none,True,True,1.7660910707821,-0.20496752576579,1.6636073078992,1.86857483366499,1.7660910707821,-0.20496752576579,1.6636073078992,1.86857483366499,1.7660910707821,1.6636073078992,1.86857483366499,1.7660910707821,1.6636073078992,1.86857483366499,0.0001,5.0,0.0001,5.0,-3.53198214156419,3.53198214156419,fit_joint_tsne_vi_seed25_C02Sc01_vt_seed10,seed98,18.9727620578699,5,0.8903080989463128
alpha_o2,log10_alpha_o2,delta__log10_alpha_o2,log10_alpha_o2,log10,False,none,True,True,-0.030193144725519,0.541673701876924,0.240643706212943,-0.301029995663981,-0.030193144725519,0.541673701876924,0.240643706212943,-0.301029995663981,0.932839344869547,1.74037848667329,0.5,0.932839344869547,1.74037848667329,0.5,-0.301029995663981,0.602059991327962,0.5,4.0,-0.541673701876924,0.541673701876924,fit_joint_tsne_vi_seed25_C02Sc01_vt_seed10,seed98,18.9727620578699,5,3.48075697334658
gamma_growth,gamma_growth,delta__gamma_growth,gamma_growth,identity,False,none,True,True,2.18118606535816,1.36237213071632,2.86237213071632,1.5,2.18118606535816,1.36237213071632,2.86237213071632,1.5,2.18118606535816,2.86237213071632,1.5,2.18118606535816,2.86237213071632,1.5,1.5,4.5,1.5,4.5,-1.36237213071632,1.36237213071632,fit_joint_tsne_vi_seed25_C02Sc01_vt_seed10,seed98,18.9727620578699,5,1.9082480871442133
lam_max,log10_lam_max,delta__log10_lam_max,log10_lam_max,log10,False,none,True,True,-0.246634321064353,-0.75181703914051,-0.622542840634608,0.129274198505902,-0.246634321064353,-0.75181703914051,-0.622542840634608,0.129274198505902,0.566716267188705,0.238482853434302,1.34671035200766,0.566716267188705,0.238482853434302,1.34671035200766,-2.30102999566398,0.176091259055681,0.005,1.5,-0.845451160240068,0.845451160240068,fit_joint_tsne_vi_seed25_C02Sc01_vt_seed10,seed98,18.9727620578699,5,0.17708548321379913
p_mis_base,log10_p_mis_base,delta__log10_p_mis_base,log10_p_mis_base,log10,False,none,True,True,-4.18677077431139,1.76335792248655,-3.30509181306811,-5.06844973555466,-4.18677077431139,1.76335792248655,-3.30509181306811,-5.06844973555466,6.50472926944133e-05,0.0004953454600379,8.54181703118544e-06,6.50472926944133e-05,0.0004953454600379,8.54181703118544e-06,-6.0,-1.0,1e-06,0.1,-3.62645845137723,3.62645845137723,fit_joint_tsne_vi_seed25_C02Sc01_vt_seed10,seed98,18.9727620578699,5,57.99064276715789
p_wgd,log10_p_wgd,delta__log10_p_wgd,log10_p_wgd,log10,False,none,True,True,-4.19319261129693,-1.42658002022422,-4.90648262140905,-3.47990260118482,-4.19319261129693,-1.42658002022422,-4.90648262140905,-3.47990260118482,6.40925260688811e-05,1.24027325450911e-05,0.0003312053922759,6.40925260688811e-05,1.24027325450911e-05,0.0003312053922759,-5.0,-3.0,1e-05,0.001,-1.61361477740613,1.61361477740613,fit_joint_tsne_vi_seed25_C02Sc01_vt_seed10,seed98,18.9727620578699,5,0.03744725428491636
gamma_mu,gamma_mu,delta__gamma_mu,gamma_mu,identity,False,none,True,True,1.9393617447558,1.4787234895116,2.6787234895116,1.2,1.9393617447558,1.4787234895116,2.6787234895116,1.2,1.9393617447558,2.6787234895116,1.2,1.9393617447558,2.6787234895116,1.2,1.2,3.5,1.2,3.5,-1.4787234895116,1.4787234895116,fit_joint_tsne_vi_seed25_C02Sc01_vt_seed10,seed98,18.9727620578699,5,2.232269574593
O2_crit,log10_O2_crit,delta__log10_O2_crit,log10_O2_crit,log10_nonnegative,False,none,True,True,-0.286184924288447,-0.973089455487817,-0.772729652032355,0.200359803455462,-0.286184924288447,-0.973089455487817,-0.772729652032355,0.200359803455462,0.517386479854448,0.168760323014007,1.58620678578554,0.517386479854448,0.168760323014007,1.58620678578554,-4.0,0.397940008672038,0.0001,2.5,-1.36824986592097,1.36824986592097,fit_joint_tsne_vi_seed25_C02Sc01_vt_seed10,seed291,18.9727901150504,6,0.10639238498178
mu_hp,log10_mu_hp,delta__log10_mu_hp,log10_mu_hp,log10,False,none,True,True,-1.8015332567769,0.998993477774163,-1.30203651788982,-2.30102999566398,-1.8015332567769,0.998993477774163,-1.30203651788982,-2.30102999566398,0.0157930766516176,0.0498842540247737,0.005,0.0157930766516176,0.0498842540247737,0.005,-2.30102999566398,-0.522878745280338,0.005,0.3,-0.998993477774163,0.998993477774163,fit_joint_tsne_vi_seed25_C02Sc01_vt_seed10,seed291,18.9727901150504,6,9.97685080495474
p_misseg,log10_p_misseg,delta__log10_p_misseg,log10_p_misseg,log10,False,none,True,True,-1.35295557556725,1.24729457901751,-0.729308286058489,-1.976602865076,-1.35295557556725,1.24729457901751,-0.729308286058489,-1.976602865076,0.0443654023440395,0.186505530221572,0.0105535150770604,0.0443654023440395,0.186505530221572,0.0105535150770604,-2.30102999566398,-0.301029995663981,0.005,0.5,-1.89614884019347,1.89614884019347,fit_joint_tsne_vi_seed25_C02Sc01_vt_seed10,seed291,18.9727901150504,6,17.672361185797605
k_o_mis,log10_k_o_mis,delta__log10_k_o_mis,log10_k_o_mis,log10,False,none,True,True,-3.25441704197678,1.38578816818685,-2.56152295788335,-3.9473111260702,-3.25441704197678,1.38578816818685,-2.56152295788335,-3.9473111260702,0.0005566509544039,0.0027445872539549,0.0001128986825222,0.0005566509544039,0.0027445872539549,0.0001128986825222,-5.0,-1.69897000433602,1e-05,0.02,-3.11089407528151,3.11089407528151,fit_joint_tsne_vi_seed25_C02Sc01_vt_seed10,seed291,18.9727901150504,6,24.31017964638528
buffer_smax,buffer_smax,delta__buffer_smax,buffer_smax,identity,False,none,True,True,0.956917896997365,-0.08616420600527,0.91383579399473,1.0,0.956917896997365,-0.08616420600527,0.91383579399473,1.0,0.956917896997365,0.91383579399473,1.0,0.956917896997365,0.91383579399473,1.0,0.0,1.0,0.0,1.0,-0.0861642060052699,0.0861642060052699,fit_joint_tsne_vi_seed25_C02Sc01_vt_seed10,seed291,18.9727901150504,6,0.91383579399473
buffer_beta,log10_buffer_beta,delta__log10_buffer_beta,log10_buffer_beta,log10,False,none,True,True,-0.220797648094854,-0.845006773967325,-0.643301035078516,0.201705738888809,-0.220797648094854,-0.845006773967325,-0.643301035078516,0.201705738888809,0.601453909119356,0.227352097320628,1.59113027351929,0.601453909119356,0.227352097320628,1.59113027351929,-2.0,1.0,0.01,10.0,-2.44159529618971,2.44159529618971,fit_joint_tsne_vi_seed25_C02Sc01_vt_seed10,seed291,18.9727901150504,6,0.14288716713168093
buffer_n_exp,log10_buffer_n_exp,delta__log10_buffer_n_exp,log10_buffer_n_exp,log10,False,none,True,True,0.749676226334253,0.500647547331493,1.0,0.499352452668507,0.749676226334253,0.500647547331493,1.0,0.499352452668507,5.61922246735227,10.0,3.15756611375965,5.61922246735227,10.0,3.15756611375965,-1.0,1.0,0.1,10.0,-0.500647547331493,0.500647547331493,fit_joint_tsne_vi_seed25_C02Sc01_vt_seed10,seed291,18.9727901150504,6,3.1669962368874054
n_O,n_O,delta__n_O,n_O,identity,False,none,True,True,1.7660910707821,-0.20496752576579,1.6636073078992,1.86857483366499,1.7660910707821,-0.20496752576579,1.6636073078992,1.86857483366499,1.7660910707821,1.6636073078992,1.86857483366499,1.7660910707821,1.6636073078992,1.86857483366499,0.0001,5.0,0.0001,5.0,-3.53198214156419,3.53198214156419,fit_joint_tsne_vi_seed25_C02Sc01_vt_seed10,seed291,18.9727901150504,6,0.8903080989463128
alpha_o2,log10_alpha_o2,delta__log10_alpha_o2,log10_alpha_o2,log10,False,none,True,True,-0.030193144725519,0.541673701876924,0.240643706212943,-0.301029995663981,-0.030193144725519,0.541673701876924,0.240643706212943,-0.301029995663981,0.932839344869547,1.74037848667329,0.5,0.932839344869547,1.74037848667329,0.5,-0.301029995663981,0.602059991327962,0.5,4.0,-0.541673701876924,0.541673701876924,fit_joint_tsne_vi_seed25_C02Sc01_vt_seed10,seed291,18.9727901150504,6,3.48075697334658
gamma_growth,gamma_growth,delta__gamma_growth,gamma_growth,identity,False,none,True,True,2.18118606535816,1.36237213071632,2.86237213071632,1.5,2.18118606535816,1.36237213071632,2.86237213071632,1.5,2.18118606535816,2.86237213071632,1.5,2.18118606535816,2.86237213071632,1.5,1.5,4.5,1.5,4.5,-1.36237213071632,1.36237213071632,fit_joint_tsne_vi_seed25_C02Sc01_vt_seed10,seed291,18.9727901150504,6,1.9082480871442133
lam_max,log10_lam_max,delta__log10_lam_max,log10_lam_max,log10,False,none,True,True,-0.246052675587283,-0.75181703914051,-0.621961195157538,0.129855843982972,-0.246052675587283,-0.75181703914051,-0.621961195157538,0.129855843982972,0.567475772085329,0.238802464684995,1.3485151936293,0.567475772085329,0.238802464684995,1.3485151936293,-2.30102999566398,0.176091259055681,0.005,1.5,-0.844287869285929,0.844287869285929,fit_joint_tsne_vi_seed25_C02Sc01_vt_seed10,seed291,18.9727901150504,6,0.1770854832137995
p_mis_base,log10_p_mis_base,delta__log10_p_mis_base,log10_p_mis_base,log10,False,none,True,True,-4.18677077431139,1.76335792248655,-3.30509181306811,-5.06844973555466,-4.18677077431139,1.76335792248655,-3.30509181306811,-5.06844973555466,6.50472926944133e-05,0.0004953454600379,8.54181703118544e-06,6.50472926944133e-05,0.0004953454600379,8.54181703118544e-06,-6.0,-1.0,1e-06,0.1,-3.62645845137723,3.62645845137723,fit_joint_tsne_vi_seed25_C02Sc01_vt_seed10,seed291,18.9727901150504,6,57.99064276715789
p_wgd,log10_p_wgd,delta__log10_p_wgd,log10_p_wgd,log10,False,none,True,True,-4.19319261129693,-1.42658002022422,-4.90648262140905,-3.47990260118482,-4.19319261129693,-1.42658002022422,-4.90648262140905,-3.47990260118482,6.40925260688811e-05,1.24027325450911e-05,0.0003312053922759,6.40925260688811e-05,1.24027325450911e-05,0.0003312053922759,-5.0,-3.0,1e-05,0.001,-1.61361477740613,1.61361477740613,fit_joint_tsne_vi_seed25_C02Sc01_vt_seed10,seed291,18.9727901150504,6,0.03744725428491636
gamma_mu,gamma_mu,delta__gamma_mu,gamma_mu,identity,False,none,True,True,1.9393617447558,1.4787234895116,2.6787234895116,1.2,1.9393617447558,1.4787234895116,2.6787234895116,1.2,1.9393617447558,2.6787234895116,1.2,1.9393617447558,2.6787234895116,1.2,1.2,3.5,1.2,3.5,-1.4787234895116,1.4787234895116,fit_joint_tsne_vi_seed25_C02Sc01_vt_seed10,seed291,18.9727901150504,6,2.232269574593
O2_crit,log10_O2_crit,delta__log10_O2_crit,log10_O2_crit,log10_nonnegative,False,none,True,True,-0.286184924288447,-0.973089455487817,-0.772729652032355,0.200359803455462,-0.286184924288447,-0.973089455487817,-0.772729652032355,0.200359803455462,0.517386479854448,0.168760323014007,1.58620678578554,0.517386479854448,0.168760323014007,1.58620678578554,-4.0,0.397940008672038,0.0001,2.5,-1.36824986592097,1.36824986592097,fit_joint_tsne_vi_seed25_C02Sc01_vt_seed10,seed458,18.9728799471426,7,0.10639238498178
mu_hp,log10_mu_hp,delta__log10_mu_hp,log10_mu_hp,log10,False,none,True,True,-1.8015332567769,0.998993477774163,-1.30203651788982,-2.30102999566398,-1.8015332567769,0.998993477774163,-1.30203651788982,-2.30102999566398,0.0157930766516176,0.0498842540247737,0.005,0.0157930766516176,0.0498842540247737,0.005,-2.30102999566398,-0.522878745280338,0.005,0.3,-0.998993477774163,0.998993477774163,fit_joint_tsne_vi_seed25_C02Sc01_vt_seed10,seed458,18.9728799471426,7,9.97685080495474
p_misseg,log10_p_misseg,delta__log10_p_misseg,log10_p_misseg,log10,False,none,True,True,-1.35295557556725,1.24729457901751,-0.729308286058489,-1.976602865076,-1.35295557556725,1.24729457901751,-0.729308286058489,-1.976602865076,0.0443654023440395,0.186505530221572,0.0105535150770604,0.0443654023440395,0.186505530221572,0.0105535150770604,-2.30102999566398,-0.301029995663981,0.005,0.5,-1.89614884019347,1.89614884019347,fit_joint_tsne_vi_seed25_C02Sc01_vt_seed10,seed458,18.9728799471426,7,17.672361185797605
k_o_mis,log10_k_o_mis,delta__log10_k_o_mis,log10_k_o_mis,log10,False,none,True,True,-3.25441704197678,1.38578816818685,-2.56152295788335,-3.9473111260702,-3.25441704197678,1.38578816818685,-2.56152295788335,-3.9473111260702,0.0005566509544039,0.0027445872539549,0.0001128986825222,0.0005566509544039,0.0027445872539549,0.0001128986825222,-5.0,-1.69897000433602,1e-05,0.02,-3.11089407528151,3.11089407528151,fit_joint_tsne_vi_seed25_C02Sc01_vt_seed10,seed458,18.9728799471426,7,24.31017964638528
buffer_smax,buffer_smax,delta__buffer_smax,buffer_smax,identity,False,none,True,True,0.956917896997365,-0.08616420600527,0.91383579399473,1.0,0.956917896997365,-0.08616420600527,0.91383579399473,1.0,0.956917896997365,0.91383579399473,1.0,0.956917896997365,0.91383579399473,1.0,0.0,1.0,0.0,1.0,-0.0861642060052699,0.0861642060052699,fit_joint_tsne_vi_seed25_C02Sc01_vt_seed10,seed458,18.9728799471426,7,0.91383579399473
buffer_beta,log10_buffer_beta,delta__log10_buffer_beta,log10_buffer_beta,log10,False,none,True,True,-0.220797648094854,-0.845006773967325,-0.643301035078516,0.201705738888809,-0.220797648094854,-0.845006773967325,-0.643301035078516,0.201705738888809,0.601453909119356,0.227352097320628,1.59113027351929,0.601453909119356,0.227352097320628,1.59113027351929,-2.0,1.0,0.01,10.0,-2.44159529618971,2.44159529618971,fit_joint_tsne_vi_seed25_C02Sc01_vt_seed10,seed458,18.9728799471426,7,0.14288716713168093
buffer_n_exp,log10_buffer_n_exp,delta__log10_buffer_n_exp,log10_buffer_n_exp,log10,False,none,True,True,0.749676226334253,0.500647547331493,1.0,0.499352452668507,0.749676226334253,0.500647547331493,1.0,0.499352452668507,5.61922246735227,10.0,3.15756611375965,5.61922246735227,10.0,3.15756611375965,-1.0,1.0,0.1,10.0,-0.500647547331493,0.500647547331493,fit_joint_tsne_vi_seed25_C02Sc01_vt_seed10,seed458,18.9728799471426,7,3.1669962368874054
n_O,n_O,delta__n_O,n_O,identity,False,none,True,True,1.7660910707821,-0.20496752576579,1.6636073078992,1.86857483366499,1.7660910707821,-0.20496752576579,1.6636073078992,1.86857483366499,1.7660910707821,1.6636073078992,1.86857483366499,1.7660910707821,1.6636073078992,1.86857483366499,0.0001,5.0,0.0001,5.0,-3.53198214156419,3.53198214156419,fit_joint_tsne_vi_seed25_C02Sc01_vt_seed10,seed458,18.9728799471426,7,0.8903080989463128
alpha_o2,log10_alpha_o2,delta__log10_alpha_o2,log10_alpha_o2,log10,False,none,True,True,-0.030193144725519,0.541673701876924,0.240643706212943,-0.301029995663981,-0.030193144725519,0.541673701876924,0.240643706212943,-0.301029995663981,0.932839344869547,1.74037848667329,0.5,0.932839344869547,1.74037848667329,0.5,-0.301029995663981,0.602059991327962,0.5,4.0,-0.541673701876924,0.541673701876924,fit_joint_tsne_vi_seed25_C02Sc01_vt_seed10,seed458,18.9728799471426,7,3.48075697334658
gamma_growth,gamma_growth,delta__gamma_growth,gamma_growth,identity,False,none,True,True,2.18118606535816,1.36237213071632,2.86237213071632,1.5,2.18118606535816,1.36237213071632,2.86237213071632,1.5,2.18118606535816,2.86237213071632,1.5,2.18118606535816,2.86237213071632,1.5,1.5,4.5,1.5,4.5,-1.36237213071632,1.36237213071632,fit_joint_tsne_vi_seed25_C02Sc01_vt_seed10,seed458,18.9728799471426,7,1.9082480871442133
lam_max,log10_lam_max,delta__log10_lam_max,log10_lam_max,log10,False,none,True,True,-0.246052675587283,-0.75181703914051,-0.621961195157538,0.129855843982972,-0.246052675587283,-0.75181703914051,-0.621961195157538,0.129855843982972,0.567475772085329,0.238802464684995,1.3485151936293,0.567475772085329,0.238802464684995,1.3485151936293,-2.30102999566398,0.176091259055681,0.005,1.5,-0.844287869285929,0.844287869285929,fit_joint_tsne_vi_seed25_C02Sc01_vt_seed10,seed458,18.9728799471426,7,0.1770854832137995
p_mis_base,log10_p_mis_base,delta__log10_p_mis_base,log10_p_mis_base,log10,False,none,True,True,-4.18677077431139,1.76335792248655,-3.30509181306811,-5.06844973555466,-4.18677077431139,1.76335792248655,-3.30509181306811,-5.06844973555466,6.50472926944133e-05,0.0004953454600379,8.54181703118544e-06,6.50472926944133e-05,0.0004953454600379,8.54181703118544e-06,-6.0,-1.0,1e-06,0.1,-3.62645845137723,3.62645845137723,fit_joint_tsne_vi_seed25_C02Sc01_vt_seed10,seed458,18.9728799471426,7,57.99064276715789
p_wgd,log10_p_wgd,delta__log10_p_wgd,log10_p_wgd,log10,False,none,True,True,-4.19319261129693,-1.42658002022422,-4.90648262140905,-3.47990260118482,-4.19319261129693,-1.42658002022422,-4.90648262140905,-3.47990260118482,6.40925260688811e-05,1.24027325450911e-05,0.0003312053922759,6.40925260688811e-05,1.24027325450911e-05,0.0003312053922759,-5.0,-3.0,1e-05,0.001,-1.61361477740613,1.61361477740613,fit_joint_tsne_vi_seed25_C02Sc01_vt_seed10,seed458,18.9728799471426,7,0.03744725428491636
gamma_mu,gamma_mu,delta__gamma_mu,gamma_mu,identity,False,none,True,True,1.9393617447558,1.4787234895116,2.6787234895116,1.2,1.9393617447558,1.4787234895116,2.6787234895116,1.2,1.9393617447558,2.6787234895116,1.2,1.9393617447558,2.6787234895116,1.2,1.2,3.5,1.2,3.5,-1.4787234895116,1.4787234895116,fit_joint_tsne_vi_seed25_C02Sc01_vt_seed10,seed458,18.9728799471426,7,2.232269574593
O2_crit,log10_O2_crit,delta__log10_O2_crit,log10_O2_crit,log10_nonnegative,False,none,True,True,-0.286184924288447,-0.973089455487817,-0.772729652032355,0.200359803455462,-0.286184924288447,-0.973089455487817,-0.772729652032355,0.200359803455462,0.517386479854448,0.168760323014007,1.58620678578554,0.517386479854448,0.168760323014007,1.58620678578554,-4.0,0.397940008672038,0.0001,2.5,-1.36824986592097,1.36824986592097,fit_joint_tsne_vi_seed25_C02Sc01_vt_seed10,seed285,18.9728882956682,8,0.10639238498178
mu_hp,log10_mu_hp,delta__log10_mu_hp,log10_mu_hp,log10,False,none,True,True,-1.8015332567769,0.998993477774163,-1.30203651788982,-2.30102999566398,-1.8015332567769,0.998993477774163,-1.30203651788982,-2.30102999566398,0.0157930766516176,0.0498842540247737,0.005,0.0157930766516176,0.0498842540247737,0.005,-2.30102999566398,-0.522878745280338,0.005,0.3,-0.998993477774163,0.998993477774163,fit_joint_tsne_vi_seed25_C02Sc01_vt_seed10,seed285,18.9728882956682,8,9.97685080495474
p_misseg,log10_p_misseg,delta__log10_p_misseg,log10_p_misseg,log10,False,none,True,True,-1.35295557556725,1.24729457901751,-0.729308286058489,-1.976602865076,-1.35295557556725,1.24729457901751,-0.729308286058489,-1.976602865076,0.0443654023440395,0.186505530221572,0.0105535150770604,0.0443654023440395,0.186505530221572,0.0105535150770604,-2.30102999566398,-0.301029995663981,0.005,0.5,-1.89614884019347,1.89614884019347,fit_joint_tsne_vi_seed25_C02Sc01_vt_seed10,seed285,18.9728882956682,8,17.672361185797605
k_o_mis,log10_k_o_mis,delta__log10_k_o_mis,log10_k_o_mis,log10,False,none,True,True,-3.25441704197678,1.38578816818685,-2.56152295788335,-3.9473111260702,-3.25441704197678,1.38578816818685,-2.56152295788335,-3.9473111260702,0.0005566509544039,0.0027445872539549,0.0001128986825222,0.0005566509544039,0.0027445872539549,0.0001128986825222,-5.0,-1.69897000433602,1e-05,0.02,-3.11089407528151,3.11089407528151,fit_joint_tsne_vi_seed25_C02Sc01_vt_seed10,seed285,18.9728882956682,8,24.31017964638528
buffer_smax,buffer_smax,delta__buffer_smax,buffer_smax,identity,False,none,True,True,0.956917896997365,-0.08616420600527,0.91383579399473,1.0,0.956917896997365,-0.08616420600527,0.91383579399473,1.0,0.956917896997365,0.91383579399473,1.0,0.956917896997365,0.91383579399473,1.0,0.0,1.0,0.0,1.0,-0.0861642060052699,0.0861642060052699,fit_joint_tsne_vi_seed25_C02Sc01_vt_seed10,seed285,18.9728882956682,8,0.91383579399473
buffer_beta,log10_buffer_beta,delta__log10_buffer_beta,log10_buffer_beta,log10,False,none,True,True,-0.220797648094854,-0.845006773967325,-0.643301035078516,0.201705738888809,-0.220797648094854,-0.845006773967325,-0.643301035078516,0.201705738888809,0.601453909119356,0.227352097320628,1.59113027351929,0.601453909119356,0.227352097320628,1.59113027351929,-2.0,1.0,0.01,10.0,-2.44159529618971,2.44159529618971,fit_joint_tsne_vi_seed25_C02Sc01_vt_seed10,seed285,18.9728882956682,8,0.14288716713168093
buffer_n_exp,log10_buffer_n_exp,delta__log10_buffer_n_exp,log10_buffer_n_exp,log10,False,none,True,True,0.749676226334253,0.500647547331493,1.0,0.499352452668507,0.749676226334253,0.500647547331493,1.0,0.499352452668507,5.61922246735227,10.0,3.15756611375965,5.61922246735227,10.0,3.15756611375965,-1.0,1.0,0.1,10.0,-0.500647547331493,0.500647547331493,fit_joint_tsne_vi_seed25_C02Sc01_vt_seed10,seed285,18.9728882956682,8,3.1669962368874054
n_O,n_O,delta__n_O,n_O,identity,False,none,True,True,1.7660910707821,-0.20496752576579,1.6636073078992,1.86857483366499,1.7660910707821,-0.20496752576579,1.6636073078992,1.86857483366499,1.7660910707821,1.6636073078992,1.86857483366499,1.7660910707821,1.6636073078992,1.86857483366499,0.0001,5.0,0.0001,5.0,-3.53198214156419,3.53198214156419,fit_joint_tsne_vi_seed25_C02Sc01_vt_seed10,seed285,18.9728882956682,8,0.8903080989463128
alpha_o2,log10_alpha_o2,delta__log10_alpha_o2,log10_alpha_o2,log10,False,none,True,True,-0.030193144725519,0.541673701876924,0.240643706212943,-0.301029995663981,-0.030193144725519,0.541673701876924,0.240643706212943,-0.301029995663981,0.932839344869547,1.74037848667329,0.5,0.932839344869547,1.74037848667329,0.5,-0.301029995663981,0.602059991327962,0.5,4.0,-0.541673701876924,0.541673701876924,fit_joint_tsne_vi_seed25_C02Sc01_vt_seed10,seed285,18.9728882956682,8,3.48075697334658
gamma_growth,gamma_growth,delta__gamma_growth,gamma_growth,identity,False,none,True,True,2.18118606535816,1.36237213071632,2.86237213071632,1.5,2.18118606535816,1.36237213071632,2.86237213071632,1.5,2.18118606535816,2.86237213071632,1.5,2.18118606535816,2.86237213071632,1.5,1.5,4.5,1.5,4.5,-1.36237213071632,1.36237213071632,fit_joint_tsne_vi_seed25_C02Sc01_vt_seed10,seed285,18.9728882956682,8,1.9082480871442133
lam_max,log10_lam_max,delta__log10_lam_max,log10_lam_max,log10,False,none,True,True,-0.246052675587283,-0.75181703914051,-0.621961195157538,0.129855843982972,-0.246052675587283,-0.75181703914051,-0.621961195157538,0.129855843982972,0.567475772085329,0.238802464684995,1.3485151936293,0.567475772085329,0.238802464684995,1.3485151936293,-2.30102999566398,0.176091259055681,0.005,1.5,-0.844287869285929,0.844287869285929,fit_joint_tsne_vi_seed25_C02Sc01_vt_seed10,seed285,18.9728882956682,8,0.1770854832137995
p_mis_base,log10_p_mis_base,delta__log10_p_mis_base,log10_p_mis_base,log10,False,none,True,True,-4.18677077431139,1.76335792248655,-3.30509181306811,-5.06844973555466,-4.18677077431139,1.76335792248655,-3.30509181306811,-5.06844973555466,6.50472926944133e-05,0.0004953454600379,8.54181703118544e-06,6.50472926944133e-05,0.0004953454600379,8.54181703118544e-06,-6.0,-1.0,1e-06,0.1,-3.62645845137723,3.62645845137723,fit_joint_tsne_vi_seed25_C02Sc01_vt_seed10,seed285,18.9728882956682,8,57.99064276715789
p_wgd,log10_p_wgd,delta__log10_p_wgd,log10_p_wgd,log10,False,none,True,True,-4.19319261129693,-1.42658002022422,-4.90648262140905,-3.47990260118482,-4.19319261129693,-1.42658002022422,-4.90648262140905,-3.47990260118482,6.40925260688811e-05,1.24027325450911e-05,0.0003312053922759,6.40925260688811e-05,1.24027325450911e-05,0.0003312053922759,-5.0,-3.0,1e-05,0.001,-1.61361477740613,1.61361477740613,fit_joint_tsne_vi_seed25_C02Sc01_vt_seed10,seed285,18.9728882956682,8,0.03744725428491636
gamma_mu,gamma_mu,delta__gamma_mu,gamma_mu,identity,False,none,True,True,1.9393617447558,1.4787234895116,2.6787234895116,1.2,1.9393617447558,1.4787234895116,2.6787234895116,1.2,1.9393617447558,2.6787234895116,1.2,1.9393617447558,2.6787234895116,1.2,1.2,3.5,1.2,3.5,-1.4787234895116,1.4787234895116,fit_joint_tsne_vi_seed25_C02Sc01_vt_seed10,seed285,18.9728882956682,8,2.232269574593
O2_crit,log10_O2_crit,delta__log10_O2_crit,log10_O2_crit,log10_nonnegative,False,none,True,True,-0.286184924288447,-0.973089455487817,-0.772729652032355,0.200359803455462,-0.286184924288447,-0.973089455487817,-0.772729652032355,0.200359803455462,0.517386479854448,0.168760323014007,1.58620678578554,0.517386479854448,0.168760323014007,1.58620678578554,-4.0,0.397940008672038,0.0001,2.5,-1.36824986592097,1.36824986592097,fit_joint_tsne_vi_seed25_C02Sc01_vt_seed10,seed299,18.9729296968644,9,0.10639238498178
mu_hp,log10_mu_hp,delta__log10_mu_hp,log10_mu_hp,log10,False,none,True,True,-1.8015332567769,0.998993477774163,-1.30203651788982,-2.30102999566398,-1.8015332567769,0.998993477774163,-1.30203651788982,-2.30102999566398,0.0157930766516176,0.0498842540247737,0.005,0.0157930766516176,0.0498842540247737,0.005,-2.30102999566398,-0.522878745280338,0.005,0.3,-0.998993477774163,0.998993477774163,fit_joint_tsne_vi_seed25_C02Sc01_vt_seed10,seed299,18.9729296968644,9,9.97685080495474
p_misseg,log10_p_misseg,delta__log10_p_misseg,log10_p_misseg,log10,False,none,True,True,-1.35295557556725,1.24729457901751,-0.729308286058489,-1.976602865076,-1.35295557556725,1.24729457901751,-0.729308286058489,-1.976602865076,0.0443654023440395,0.186505530221572,0.0105535150770604,0.0443654023440395,0.186505530221572,0.0105535150770604,-2.30102999566398,-0.301029995663981,0.005,0.5,-1.89614884019347,1.89614884019347,fit_joint_tsne_vi_seed25_C02Sc01_vt_seed10,seed299,18.9729296968644,9,17.672361185797605
k_o_mis,log10_k_o_mis,delta__log10_k_o_mis,log10_k_o_mis,log10,False,none,True,True,-3.25441704197678,1.38578816818685,-2.56152295788335,-3.9473111260702,-3.25441704197678,1.38578816818685,-2.56152295788335,-3.9473111260702,0.0005566509544039,0.0027445872539549,0.0001128986825222,0.0005566509544039,0.0027445872539549,0.0001128986825222,-5.0,-1.69897000433602,1e-05,0.02,-3.11089407528151,3.11089407528151,fit_joint_tsne_vi_seed25_C02Sc01_vt_seed10,seed299,18.9729296968644,9,24.31017964638528
buffer_smax,buffer_smax,delta__buffer_smax,buffer_smax,identity,False,none,True,True,0.956917896997365,-0.08616420600527,0.91383579399473,1.0,0.956917896997365,-0.08616420600527,0.91383579399473,1.0,0.956917896997365,0.91383579399473,1.0,0.956917896997365,0.91383579399473,1.0,0.0,1.0,0.0,1.0,-0.0861642060052699,0.0861642060052699,fit_joint_tsne_vi_seed25_C02Sc01_vt_seed10,seed299,18.9729296968644,9,0.91383579399473
buffer_beta,log10_buffer_beta,delta__log10_buffer_beta,log10_buffer_beta,log10,False,none,True,True,-0.220797648094854,-0.845006773967325,-0.643301035078516,0.201705738888809,-0.220797648094854,-0.845006773967325,-0.643301035078516,0.201705738888809,0.601453909119356,0.227352097320628,1.59113027351929,0.601453909119356,0.227352097320628,1.59113027351929,-2.0,1.0,0.01,10.0,-2.44159529618971,2.44159529618971,fit_joint_tsne_vi_seed25_C02Sc01_vt_seed10,seed299,18.9729296968644,9,0.14288716713168093
buffer_n_exp,log10_buffer_n_exp,delta__log10_buffer_n_exp,log10_buffer_n_exp,log10,False,none,True,True,0.749676226334253,0.500647547331493,1.0,0.499352452668507,0.749676226334253,0.500647547331493,1.0,0.499352452668507,5.61922246735227,10.0,3.15756611375965,5.61922246735227,10.0,3.15756611375965,-1.0,1.0,0.1,10.0,-0.500647547331493,0.500647547331493,fit_joint_tsne_vi_seed25_C02Sc01_vt_seed10,seed299,18.9729296968644,9,3.1669962368874054
n_O,n_O,delta__n_O,n_O,identity,False,none,True,True,1.7660910707821,-0.20496752576579,1.6636073078992,1.86857483366499,1.7660910707821,-0.20496752576579,1.6636073078992,1.86857483366499,1.7660910707821,1.6636073078992,1.86857483366499,1.7660910707821,1.6636073078992,1.86857483366499,0.0001,5.0,0.0001,5.0,-3.53198214156419,3.53198214156419,fit_joint_tsne_vi_seed25_C02Sc01_vt_seed10,seed299,18.9729296968644,9,0.8903080989463128
alpha_o2,log10_alpha_o2,delta__log10_alpha_o2,log10_alpha_o2,log10,False,none,True,True,-0.030193144725519,0.541673701876924,0.240643706212943,-0.301029995663981,-0.030193144725519,0.541673701876924,0.240643706212943,-0.301029995663981,0.932839344869547,1.74037848667329,0.5,0.932839344869547,1.74037848667329,0.5,-0.301029995663981,0.602059991327962,0.5,4.0,-0.541673701876924,0.541673701876924,fit_joint_tsne_vi_seed25_C02Sc01_vt_seed10,seed299,18.9729296968644,9,3.48075697334658
gamma_growth,gamma_growth,delta__gamma_growth,gamma_growth,identity,False,none,True,True,2.18118606535816,1.36237213071632,2.86237213071632,1.5,2.18118606535816,1.36237213071632,2.86237213071632,1.5,2.18118606535816,2.86237213071632,1.5,2.18118606535816,2.86237213071632,1.5,1.5,4.5,1.5,4.5,-1.36237213071632,1.36237213071632,fit_joint_tsne_vi_seed25_C02Sc01_vt_seed10,seed299,18.9729296968644,9,1.9082480871442133
lam_max,log10_lam_max,delta__log10_lam_max,log10_lam_max,log10,False,none,True,True,-0.246052675587283,-0.75181703914051,-0.621961195157538,0.129855843982972,-0.246052675587283,-0.75181703914051,-0.621961195157538,0.129855843982972,0.567475772085329,0.238802464684995,1.3485151936293,0.567475772085329,0.238802464684995,1.3485151936293,-2.30102999566398,0.176091259055681,0.005,1.5,-0.844287869285929,0.844287869285929,fit_joint_tsne_vi_seed25_C02Sc01_vt_seed10,seed299,18.9729296968644,9,0.1770854832137995
p_mis_base,log10_p_mis_base,delta__log10_p_mis_base,log10_p_mis_base,log10,False,none,True,True,-4.18677077431139,1.76335792248655,-3.30509181306811,-5.06844973555466,-4.18677077431139,1.76335792248655,-3.30509181306811,-5.06844973555466,6.50472926944133e-05,0.0004953454600379,8.54181703118544e-06,6.50472926944133e-05,0.0004953454600379,8.54181703118544e-06,-6.0,-1.0,1e-06,0.1,-3.62645845137723,3.62645845137723,fit_joint_tsne_vi_seed25_C02Sc01_vt_seed10,seed299,18.9729296968644,9,57.99064276715789
p_wgd,log10_p_wgd,delta__log10_p_wgd,log10_p_wgd,log10,False,none,True,True,-4.19319261129693,-1.42658002022422,-4.90648262140905,-3.47990260118482,-4.19319261129693,-1.42658002022422,-4.90648262140905,-3.47990260118482,6.40925260688811e-05,1.24027325450911e-05,0.0003312053922759,6.40925260688811e-05,1.24027325450911e-05,0.0003312053922759,-5.0,-3.0,1e-05,0.001,-1.61361477740613,1.61361477740613,fit_joint_tsne_vi_seed25_C02Sc01_vt_seed10,seed299,18.9729296968644,9,0.03744725428491636
gamma_mu,gamma_mu,delta__gamma_mu,gamma_mu,identity,False,none,True,True,1.9393617447558,1.4787234895116,2.6787234895116,1.2,1.9393617447558,1.4787234895116,2.6787234895116,1.2,1.9393617447558,2.6787234895116,1.2,1.9393617447558,2.6787234895116,1.2,1.2,3.5,1.2,3.5,-1.4787234895116,1.4787234895116,fit_joint_tsne_vi_seed25_C02Sc01_vt_seed10,seed299,18.9729296968644,9,2.232269574593
O2_crit,log10_O2_crit,delta__log10_O2_crit,log10_O2_crit,log10_nonnegative,False,none,True,True,-0.286184924288447,-0.973089455487817,-0.772729652032355,0.200359803455462,-0.286184924288447,-0.973089455487817,-0.772729652032355,0.200359803455462,0.517386479854448,0.168760323014007,1.58620678578554,0.517386479854448,0.168760323014007,1.58620678578554,-4.0,0.397940008672038,0.0001,2.5,-1.36824986592097,1.36824986592097,fit_joint_tsne_vi_seed25_C02Sc01_vt_seed10,seed375,18.9729603576732,10,0.10639238498178
mu_hp,log10_mu_hp,delta__log10_mu_hp,log10_mu_hp,log10,False,none,True,True,-1.8015332567769,0.998993477774163,-1.30203651788982,-2.30102999566398,-1.8015332567769,0.998993477774163,-1.30203651788982,-2.30102999566398,0.0157930766516176,0.0498842540247737,0.005,0.0157930766516176,0.0498842540247737,0.005,-2.30102999566398,-0.522878745280338,0.005,0.3,-0.998993477774163,0.998993477774163,fit_joint_tsne_vi_seed25_C02Sc01_vt_seed10,seed375,18.9729603576732,10,9.97685080495474
p_misseg,log10_p_misseg,delta__log10_p_misseg,log10_p_misseg,log10,False,none,True,True,-1.35295557556725,1.24729457901751,-0.729308286058489,-1.976602865076,-1.35295557556725,1.24729457901751,-0.729308286058489,-1.976602865076,0.0443654023440395,0.186505530221572,0.0105535150770604,0.0443654023440395,0.186505530221572,0.0105535150770604,-2.30102999566398,-0.301029995663981,0.005,0.5,-1.89614884019347,1.89614884019347,fit_joint_tsne_vi_seed25_C02Sc01_vt_seed10,seed375,18.9729603576732,10,17.672361185797605
k_o_mis,log10_k_o_mis,delta__log10_k_o_mis,log10_k_o_mis,log10,False,none,True,True,-3.25441704197678,1.38578816818685,-2.56152295788335,-3.9473111260702,-3.25441704197678,1.38578816818685,-2.56152295788335,-3.9473111260702,0.0005566509544039,0.0027445872539549,0.0001128986825222,0.0005566509544039,0.0027445872539549,0.0001128986825222,-5.0,-1.69897000433602,1e-05,0.02,-3.11089407528151,3.11089407528151,fit_joint_tsne_vi_seed25_C02Sc01_vt_seed10,seed375,18.9729603576732,10,24.31017964638528
buffer_smax,buffer_smax,delta__buffer_smax,buffer_smax,identity,False,none,True,True,0.956917896997365,-0.08616420600527,0.91383579399473,1.0,0.956917896997365,-0.08616420600527,0.91383579399473,1.0,0.956917896997365,0.91383579399473,1.0,0.956917896997365,0.91383579399473,1.0,0.0,1.0,0.0,1.0,-0.0861642060052699,0.0861642060052699,fit_joint_tsne_vi_seed25_C02Sc01_vt_seed10,seed375,18.9729603576732,10,0.91383579399473
buffer_beta,log10_buffer_beta,delta__log10_buffer_beta,log10_buffer_beta,log10,False,none,True,True,-0.220797648094854,-0.845006773967325,-0.643301035078516,0.201705738888809,-0.220797648094854,-0.845006773967325,-0.643301035078516,0.201705738888809,0.601453909119356,0.227352097320628,1.59113027351929,0.601453909119356,0.227352097320628,1.59113027351929,-2.0,1.0,0.01,10.0,-2.44159529618971,2.44159529618971,fit_joint_tsne_vi_seed25_C02Sc01_vt_seed10,seed375,18.9729603576732,10,0.14288716713168093
buffer_n_exp,log10_buffer_n_exp,delta__log10_buffer_n_exp,log10_buffer_n_exp,log10,False,none,True,True,0.749676226334253,0.500647547331493,1.0,0.499352452668507,0.749676226334253,0.500647547331493,1.0,0.499352452668507,5.61922246735227,10.0,3.15756611375965,5.61922246735227,10.0,3.15756611375965,-1.0,1.0,0.1,10.0,-0.500647547331493,0.500647547331493,fit_joint_tsne_vi_seed25_C02Sc01_vt_seed10,seed375,18.9729603576732,10,3.1669962368874054
n_O,n_O,delta__n_O,n_O,identity,False,none,True,True,1.7660910707821,-0.20496752576579,1.6636073078992,1.86857483366499,1.7660910707821,-0.20496752576579,1.6636073078992,1.86857483366499,1.7660910707821,1.6636073078992,1.86857483366499,1.7660910707821,1.6636073078992,1.86857483366499,0.0001,5.0,0.0001,5.0,-3.53198214156419,3.53198214156419,fit_joint_tsne_vi_seed25_C02Sc01_vt_seed10,seed375,18.9729603576732,10,0.8903080989463128
alpha_o2,log10_alpha_o2,delta__log10_alpha_o2,log10_alpha_o2,log10,False,none,True,True,-0.030193144725519,0.541673701876924,0.240643706212943,-0.301029995663981,-0.030193144725519,0.541673701876924,0.240643706212943,-0.301029995663981,0.932839344869547,1.74037848667329,0.5,0.932839344869547,1.74037848667329,0.5,-0.301029995663981,0.602059991327962,0.5,4.0,-0.541673701876924,0.541673701876924,fit_joint_tsne_vi_seed25_C02Sc01_vt_seed10,seed375,18.9729603576732,10,3.48075697334658
gamma_growth,gamma_growth,delta__gamma_growth,gamma_growth,identity,False,none,True,True,2.18118606535816,1.36237213071632,2.86237213071632,1.5,2.18118606535816,1.36237213071632,2.86237213071632,1.5,2.18118606535816,2.86237213071632,1.5,2.18118606535816,2.86237213071632,1.5,1.5,4.5,1.5,4.5,-1.36237213071632,1.36237213071632,fit_joint_tsne_vi_seed25_C02Sc01_vt_seed10,seed375,18.9729603576732,10,1.9082480871442133
lam_max,log10_lam_max,delta__log10_lam_max,log10_lam_max,log10,False,none,True,True,-0.246052675587283,-0.75181703914051,-0.621961195157538,0.129855843982972,-0.246052675587283,-0.75181703914051,-0.621961195157538,0.129855843982972,0.567475772085329,0.238802464684995,1.3485151936293,0.567475772085329,0.238802464684995,1.3485151936293,-2.30102999566398,0.176091259055681,0.005,1.5,-0.844287869285929,0.844287869285929,fit_joint_tsne_vi_seed25_C02Sc01_vt_seed10,seed375,18.9729603576732,10,0.1770854832137995
p_mis_base,log10_p_mis_base,delta__log10_p_mis_base,log10_p_mis_base,log10,False,none,True,True,-4.18677077431139,1.76335792248655,-3.30509181306811,-5.06844973555466,-4.18677077431139,1.76335792248655,-3.30509181306811,-5.06844973555466,6.50472926944133e-05,0.0004953454600379,8.54181703118544e-06,6.50472926944133e-05,0.0004953454600379,8.54181703118544e-06,-6.0,-1.0,1e-06,0.1,-3.62645845137723,3.62645845137723,fit_joint_tsne_vi_seed25_C02Sc01_vt_seed10,seed375,18.9729603576732,10,57.99064276715789
p_wgd,log10_p_wgd,delta__log10_p_wgd,log10_p_wgd,log10,False,none,True,True,-4.19319261129693,-1.42658002022422,-4.90648262140905,-3.47990260118482,-4.19319261129693,-1.42658002022422,-4.90648262140905,-3.47990260118482,6.40925260688811e-05,1.24027325450911e-05,0.0003312053922759,6.40925260688811e-05,1.24027325450911e-05,0.0003312053922759,-5.0,-3.0,1e-05,0.001,-1.61361477740613,1.61361477740613,fit_joint_tsne_vi_seed25_C02Sc01_vt_seed10,seed375,18.9729603576732,10,0.03744725428491636
gamma_mu,gamma_mu,delta__gamma_mu,gamma_mu,identity,False,none,True,True,1.9393617447558,1.4787234895116,2.6787234895116,1.2,1.9393617447558,1.4787234895116,2.6787234895116,1.2,1.9393617447558,2.6787234895116,1.2,1.9393617447558,2.6787234895116,1.2,1.2,3.5,1.2,3.5,-1.4787234895116,1.4787234895116,fit_joint_tsne_vi_seed25_C02Sc01_vt_seed10,seed375,18.9729603576732,10,2.232269574593
O2_crit,log10_O2_crit,delta__log10_O2_crit,log10_O2_crit,log10_nonnegative,False,none,True,True,-0.389652262485913,-1.18002413188275,-0.979664328427288,0.200359803455462,-0.389652262485913,-1.18002413188275,-0.979664328427288,0.200359803455462,0.407706595866951,0.104793819950214,1.58620678578554,0.407706595866951,0.104793819950214,1.58620678578554,-4.0,0.397940008672038,0.0001,2.5,-1.5751845423159,1.5751845423159,fit_joint_tsne_vi_seed290_C01Sc02_vt_seed10,seed155,19.7913140832613,1,0.06606567371247045
mu_hp,log10_mu_hp,delta__log10_mu_hp,log10_mu_hp,log10,False,none,True,True,-1.56401958461052,1.47402082210692,-0.827009173557064,-2.30102999566398,-1.56401958461052,1.47402082210692,-0.827009173557064,-2.30102999566398,0.027288547216959,0.14893296184244,0.005,0.027288547216959,0.14893296184244,0.005,-2.30102999566398,-0.522878745280338,0.005,0.3,-1.47402082210692,1.47402082210692,fit_joint_tsne_vi_seed290_C01Sc02_vt_seed10,seed155,19.7913140832613,1,29.786592368488
p_misseg,log10_p_misseg,delta__log10_p_misseg,log10_p_misseg,log10,False,none,True,True,-1.13881643036999,1.67557286941202,-0.301029995663981,-1.976602865076,-1.13881643036999,1.67557286941202,-0.301029995663981,-1.976602865076,0.072641293618232,0.5,0.0105535150770604,0.072641293618232,0.5,0.0105535150770604,-2.30102999566398,-0.301029995663981,0.005,0.5,-1.67557286941202,1.67557286941202,fit_joint_tsne_vi_seed290_C01Sc02_vt_seed10,seed155,19.7913140832613,1,47.37757954094582
k_o_mis,log10_k_o_mis,delta__log10_k_o_mis,log10_k_o_mis,log10,False,none,True,True,-3.4736555630351,0.9473111260702,-3.0,-3.9473111260702,-3.4736555630351,0.9473111260702,-3.0,-3.9473111260702,0.0003360039918248,0.001,0.0001128986825222,0.0003360039918248,0.001,0.0001128986825222,-5.0,-1.69897000433602,1e-05,0.02,-3.0526888739298,3.0526888739298,fit_joint_tsne_vi_seed290_C01Sc02_vt_seed10,seed155,19.7913140832613,1,8.857499287499333
buffer_smax,buffer_smax,delta__buffer_smax,buffer_smax,identity,False,none,True,True,0.982467344739596,-0.035065310520809,0.964934689479191,1.0,0.982467344739596,-0.035065310520809,0.964934689479191,1.0,0.982467344739596,0.964934689479191,1.0,0.982467344739596,0.964934689479191,1.0,0.0,1.0,0.0,1.0,-0.035065310520809,0.035065310520809,fit_joint_tsne_vi_seed290_C01Sc02_vt_seed10,seed155,19.7913140832613,1,0.964934689479191
buffer_beta,log10_buffer_beta,delta__log10_buffer_beta,log10_buffer_beta,log10,False,none,True,True,-0.780576580511503,-1.96456463880062,-1.76285889991181,0.201705738888809,-0.780576580511503,-1.96456463880062,-1.76285889991181,0.201705738888809,0.165738505916188,0.017263986991193,1.59113027351929,0.165738505916188,0.017263986991193,1.59113027351929,-2.0,1.0,0.01,10.0,-2.43884683897699,2.43884683897699,fit_joint_tsne_vi_seed290_C01Sc02_vt_seed10,seed155,19.7913140832613,1,0.010850140480960248
buffer_n_exp,log10_buffer_n_exp,delta__log10_buffer_n_exp,log10_buffer_n_exp,log10,False,none,True,True,0.225700115486808,-0.547304674363397,-0.0479522216948905,0.499352452668507,0.225700115486808,-0.547304674363397,-0.0479522216948905,0.499352452668507,1.68151255952145,0.895463273281003,3.15756611375965,1.68151255952145,0.895463273281003,3.15756611375965,-1.0,1.0,0.1,10.0,-1.54859976902638,1.54859976902638,fit_joint_tsne_vi_seed290_C01Sc02_vt_seed10,seed155,19.7913140832613,1,0.2835928816751815
n_O,n_O,delta__n_O,n_O,identity,False,none,True,True,2.22769205751855,0.71823444770712,2.58680928137211,1.86857483366499,2.22769205751855,0.71823444770712,2.58680928137211,1.86857483366499,2.22769205751855,2.58680928137211,1.86857483366499,2.22769205751855,2.58680928137211,1.86857483366499,0.0001,5.0,0.0001,5.0,-4.4551841150371,4.4551841150371,fit_joint_tsne_vi_seed290_C01Sc02_vt_seed10,seed155,19.7913140832613,1,1.3843755330357241
alpha_o2,log10_alpha_o2,delta__log10_alpha_o2,log10_alpha_o2,log10,False,none,True,True,-0.0955632661636102,0.410933459000742,0.109903463336761,-0.301029995663981,-0.0955632661636102,0.410933459000742,0.109903463336761,-0.301029995663981,0.802484649823942,1.28796322640611,0.5,0.802484649823942,1.28796322640611,0.5,-0.301029995663981,0.602059991327962,0.5,4.0,-0.410933459000742,0.410933459000742,fit_joint_tsne_vi_seed290_C01Sc02_vt_seed10,seed155,19.7913140832613,1,2.57592645281222
gamma_growth,gamma_growth,delta__gamma_growth,gamma_growth,identity,False,none,True,True,2.03115739958699,1.06231479917397,2.56231479917397,1.5,2.03115739958699,1.06231479917397,2.56231479917397,1.5,2.03115739958699,2.56231479917397,1.5,2.03115739958699,2.56231479917397,1.5,1.5,4.5,1.5,4.5,-1.06231479917397,1.06231479917397,fit_joint_tsne_vi_seed290_C01Sc02_vt_seed10,seed155,19.7913140832613,1,1.70820986611598
lam_max,log10_lam_max,delta__log10_lam_max,log10_lam_max,log10,False,none,True,True,-0.371922045046392,-1.00355577805873,-0.873699934075755,0.129855843982972,-0.371922045046392,-1.00355577805873,-0.873699934075755,0.129855843982972,0.424695789113253,0.133751932601592,1.3485151936293,0.424695789113253,0.133751932601592,1.3485151936293,-2.30102999566398,0.176091259055681,0.005,1.5,-1.09602660820415,1.09602660820415,fit_joint_tsne_vi_seed290_C01Sc02_vt_seed10,seed155,19.7913140832613,1,0.09918459445875528
p_mis_base,log10_p_mis_base,delta__log10_p_mis_base,log10_p_mis_base,log10,False,none,True,True,-4.87597753672626,0.27251710481582,-4.73971898431834,-5.01223608913417,-4.87597753672626,0.27251710481582,-4.73971898431834,-5.01223608913417,1.33052323564898e-05,1.82087869985962e-05,9.7221856718864e-06,1.33052323564898e-05,1.82087869985962e-05,9.7221856718864e-06,-6.0,-1.0,1e-06,0.1,-2.24804492654749,2.24804492654749,fit_joint_tsne_vi_seed290_C01Sc02_vt_seed10,seed155,19.7913140832613,1,1.8729108467091373
p_wgd,log10_p_wgd,delta__log10_p_wgd,log10_p_wgd,log10,False,none,True,True,-3.73050868137285,0.0074601201140209,-3.72677862131584,-3.73423874142986,-3.73050868137285,0.0074601201140209,-3.72677862131584,-3.73423874142986,0.0001859907384046,0.0001875950517515,0.0001844001451495,0.0001859907384046,0.0001875950517515,0.0001844001451495,-5.0,-3.0,1e-05,0.001,-1.4610173627457,1.4610173627457,fit_joint_tsne_vi_seed290_C01Sc02_vt_seed10,seed155,19.7913140832613,1,1.01732594407347
gamma_mu,gamma_mu,delta__gamma_mu,gamma_mu,identity,False,none,True,True,2.0306417855098,1.66128357101961,2.86128357101961,1.2,2.0306417855098,1.66128357101961,2.86128357101961,1.2,2.0306417855098,2.86128357101961,1.2,2.0306417855098,2.86128357101961,1.2,1.2,3.5,1.2,3.5,-1.66128357101961,1.66128357101961,fit_joint_tsne_vi_seed290_C01Sc02_vt_seed10,seed155,19.7913140832613,1,2.384402975849675
O2_crit,log10_O2_crit,delta__log10_O2_crit,log10_O2_crit,log10_nonnegative,False,none,True,True,-0.389652262485913,-1.18002413188275,-0.979664328427288,0.200359803455462,-0.389652262485913,-1.18002413188275,-0.979664328427288,0.200359803455462,0.407706595866951,0.104793819950214,1.58620678578554,0.407706595866951,0.104793819950214,1.58620678578554,-4.0,0.397940008672038,0.0001,2.5,-1.5751845423159,1.5751845423159,fit_joint_tsne_vi_seed290_C01Sc02_vt_seed10,seed28,19.7934768653304,2,0.06606567371247045
mu_hp,log10_mu_hp,delta__log10_mu_hp,log10_mu_hp,log10,False,none,True,True,-1.56401958461052,1.47402082210692,-0.827009173557064,-2.30102999566398,-1.56401958461052,1.47402082210692,-0.827009173557064,-2.30102999566398,0.027288547216959,0.14893296184244,0.005,0.027288547216959,0.14893296184244,0.005,-2.30102999566398,-0.522878745280338,0.005,0.3,-1.47402082210692,1.47402082210692,fit_joint_tsne_vi_seed290_C01Sc02_vt_seed10,seed28,19.7934768653304,2,29.786592368488
p_misseg,log10_p_misseg,delta__log10_p_misseg,log10_p_misseg,log10,False,none,True,True,-1.13881643036999,1.67557286941202,-0.301029995663981,-1.976602865076,-1.13881643036999,1.67557286941202,-0.301029995663981,-1.976602865076,0.072641293618232,0.5,0.0105535150770604,0.072641293618232,0.5,0.0105535150770604,-2.30102999566398,-0.301029995663981,0.005,0.5,-1.67557286941202,1.67557286941202,fit_joint_tsne_vi_seed290_C01Sc02_vt_seed10,seed28,19.7934768653304,2,47.37757954094582
k_o_mis,log10_k_o_mis,delta__log10_k_o_mis,log10_k_o_mis,log10,False,none,True,True,-3.4736555630351,0.9473111260702,-3.0,-3.9473111260702,-3.4736555630351,0.9473111260702,-3.0,-3.9473111260702,0.0003360039918248,0.001,0.0001128986825222,0.0003360039918248,0.001,0.0001128986825222,-5.0,-1.69897000433602,1e-05,0.02,-3.0526888739298,3.0526888739298,fit_joint_tsne_vi_seed290_C01Sc02_vt_seed10,seed28,19.7934768653304,2,8.857499287499333
buffer_smax,buffer_smax,delta__buffer_smax,buffer_smax,identity,False,none,True,True,0.982467344739596,-0.035065310520809,0.964934689479191,1.0,0.982467344739596,-0.035065310520809,0.964934689479191,1.0,0.982467344739596,0.964934689479191,1.0,0.982467344739596,0.964934689479191,1.0,0.0,1.0,0.0,1.0,-0.035065310520809,0.035065310520809,fit_joint_tsne_vi_seed290_C01Sc02_vt_seed10,seed28,19.7934768653304,2,0.964934689479191
buffer_beta,log10_buffer_beta,delta__log10_buffer_beta,log10_buffer_beta,log10,False,none,True,True,-0.780576580511503,-1.96456463880062,-1.76285889991181,0.201705738888809,-0.780576580511503,-1.96456463880062,-1.76285889991181,0.201705738888809,0.165738505916188,0.017263986991193,1.59113027351929,0.165738505916188,0.017263986991193,1.59113027351929,-2.0,1.0,0.01,10.0,-2.43884683897699,2.43884683897699,fit_joint_tsne_vi_seed290_C01Sc02_vt_seed10,seed28,19.7934768653304,2,0.010850140480960248
buffer_n_exp,log10_buffer_n_exp,delta__log10_buffer_n_exp,log10_buffer_n_exp,log10,False,none,True,True,0.225700115486808,-0.547304674363397,-0.0479522216948905,0.499352452668507,0.225700115486808,-0.547304674363397,-0.0479522216948905,0.499352452668507,1.68151255952145,0.895463273281003,3.15756611375965,1.68151255952145,0.895463273281003,3.15756611375965,-1.0,1.0,0.1,10.0,-1.54859976902638,1.54859976902638,fit_joint_tsne_vi_seed290_C01Sc02_vt_seed10,seed28,19.7934768653304,2,0.2835928816751815
n_O,n_O,delta__n_O,n_O,identity,False,none,True,True,2.22769205751855,0.71823444770712,2.58680928137211,1.86857483366499,2.22769205751855,0.71823444770712,2.58680928137211,1.86857483366499,2.22769205751855,2.58680928137211,1.86857483366499,2.22769205751855,2.58680928137211,1.86857483366499,0.0001,5.0,0.0001,5.0,-4.4551841150371,4.4551841150371,fit_joint_tsne_vi_seed290_C01Sc02_vt_seed10,seed28,19.7934768653304,2,1.3843755330357241
alpha_o2,log10_alpha_o2,delta__log10_alpha_o2,log10_alpha_o2,log10,False,none,True,True,-0.0955632661636102,0.410933459000742,0.109903463336761,-0.301029995663981,-0.0955632661636102,0.410933459000742,0.109903463336761,-0.301029995663981,0.802484649823942,1.28796322640611,0.5,0.802484649823942,1.28796322640611,0.5,-0.301029995663981,0.602059991327962,0.5,4.0,-0.410933459000742,0.410933459000742,fit_joint_tsne_vi_seed290_C01Sc02_vt_seed10,seed28,19.7934768653304,2,2.57592645281222
gamma_growth,gamma_growth,delta__gamma_growth,gamma_growth,identity,False,none,True,True,2.03115739958699,1.06231479917397,2.56231479917397,1.5,2.03115739958699,1.06231479917397,2.56231479917397,1.5,2.03115739958699,2.56231479917397,1.5,2.03115739958699,2.56231479917397,1.5,1.5,4.5,1.5,4.5,-1.06231479917397,1.06231479917397,fit_joint_tsne_vi_seed290_C01Sc02_vt_seed10,seed28,19.7934768653304,2,1.70820986611598
lam_max,log10_lam_max,delta__log10_lam_max,log10_lam_max,log10,False,none,True,True,-0.371922045046392,-1.00355577805873,-0.873699934075755,0.129855843982972,-0.371922045046392,-1.00355577805873,-0.873699934075755,0.129855843982972,0.424695789113253,0.133751932601592,1.3485151936293,0.424695789113253,0.133751932601592,1.3485151936293,-2.30102999566398,0.176091259055681,0.005,1.5,-1.09602660820415,1.09602660820415,fit_joint_tsne_vi_seed290_C01Sc02_vt_seed10,seed28,19.7934768653304,2,0.09918459445875528
p_mis_base,log10_p_mis_base,delta__log10_p_mis_base,log10_p_mis_base,log10,False,none,True,True,-4.87597753672626,-0.0011301085573616,-4.87654259100494,-4.87541248244757,-4.87597753672626,-0.0011301085573616,-4.87654259100494,-4.87541248244757,1.33052323564898e-05,1.32879323676373e-05,1.33225548687572e-05,1.33052323564898e-05,1.32879323676373e-05,1.33225548687572e-05,-6.0,-1.0,1e-06,0.1,-2.24804492654749,2.24804492654749,fit_joint_tsne_vi_seed290_C01Sc02_vt_seed10,seed28,19.7934768653304,2,0.99740121159485
p_wgd,log10_p_wgd,delta__log10_p_wgd,log10_p_wgd,log10,False,none,True,True,-3.73050868137285,-0.46490618783735,-3.96296177529153,-3.49805558745417,-3.73050868137285,-0.46490618783735,-3.96296177529153,-3.49805558745417,0.0001859907384046,0.0001089025940434,0.0003176467473172,0.0001859907384046,0.0001089025940434,0.0003176467473172,-5.0,-3.0,1e-05,0.001,-1.4610173627457,1.4610173627457,fit_joint_tsne_vi_seed290_C01Sc02_vt_seed10,seed28,19.7934768653304,2,0.3428418359803022
gamma_mu,gamma_mu,delta__gamma_mu,gamma_mu,identity,False,none,True,True,2.0306417855098,1.66128357101961,2.86128357101961,1.2,2.0306417855098,1.66128357101961,2.86128357101961,1.2,2.0306417855098,2.86128357101961,1.2,2.0306417855098,2.86128357101961,1.2,1.2,3.5,1.2,3.5,-1.66128357101961,1.66128357101961,fit_joint_tsne_vi_seed290_C01Sc02_vt_seed10,seed28,19.7934768653304,2,2.384402975849675
O2_crit,log10_O2_crit,delta__log10_O2_crit,log10_O2_crit,log10_nonnegative,False,none,True,True,-0.389652262485913,-1.18002413188275,-0.979664328427288,0.200359803455462,-0.389652262485913,-1.18002413188275,-0.979664328427288,0.200359803455462,0.407706595866951,0.104793819950214,1.58620678578554,0.407706595866951,0.104793819950214,1.58620678578554,-4.0,0.397940008672038,0.0001,2.5,-1.5751845423159,1.5751845423159,fit_joint_tsne_vi_seed290_C01Sc02_vt_seed10,seed211,19.7935197992047,3,0.06606567371247045
mu_hp,log10_mu_hp,delta__log10_mu_hp,log10_mu_hp,log10,False,none,True,True,-1.56401958461052,1.47402082210692,-0.827009173557064,-2.30102999566398,-1.56401958461052,1.47402082210692,-0.827009173557064,-2.30102999566398,0.027288547216959,0.14893296184244,0.005,0.027288547216959,0.14893296184244,0.005,-2.30102999566398,-0.522878745280338,0.005,0.3,-1.47402082210692,1.47402082210692,fit_joint_tsne_vi_seed290_C01Sc02_vt_seed10,seed211,19.7935197992047,3,29.786592368488
p_misseg,log10_p_misseg,delta__log10_p_misseg,log10_p_misseg,log10,False,none,True,True,-1.13881643036999,1.67557286941202,-0.301029995663981,-1.976602865076,-1.13881643036999,1.67557286941202,-0.301029995663981,-1.976602865076,0.072641293618232,0.5,0.0105535150770604,0.072641293618232,0.5,0.0105535150770604,-2.30102999566398,-0.301029995663981,0.005,0.5,-1.67557286941202,1.67557286941202,fit_joint_tsne_vi_seed290_C01Sc02_vt_seed10,seed211,19.7935197992047,3,47.37757954094582
k_o_mis,log10_k_o_mis,delta__log10_k_o_mis,log10_k_o_mis,log10,False,none,True,True,-3.4736555630351,0.9473111260702,-3.0,-3.9473111260702,-3.4736555630351,0.9473111260702,-3.0,-3.9473111260702,0.0003360039918248,0.001,0.0001128986825222,0.0003360039918248,0.001,0.0001128986825222,-5.0,-1.69897000433602,1e-05,0.02,-3.0526888739298,3.0526888739298,fit_joint_tsne_vi_seed290_C01Sc02_vt_seed10,seed211,19.7935197992047,3,8.857499287499333
buffer_smax,buffer_smax,delta__buffer_smax,buffer_smax,identity,False,none,True,True,0.982467344739596,-0.035065310520809,0.964934689479191,1.0,0.982467344739596,-0.035065310520809,0.964934689479191,1.0,0.982467344739596,0.964934689479191,1.0,0.982467344739596,0.964934689479191,1.0,0.0,1.0,0.0,1.0,-0.035065310520809,0.035065310520809,fit_joint_tsne_vi_seed290_C01Sc02_vt_seed10,seed211,19.7935197992047,3,0.964934689479191
buffer_beta,log10_buffer_beta,delta__log10_buffer_beta,log10_buffer_beta,log10,False,none,True,True,-0.780576580511503,-1.96456463880062,-1.76285889991181,0.201705738888809,-0.780576580511503,-1.96456463880062,-1.76285889991181,0.201705738888809,0.165738505916188,0.017263986991193,1.59113027351929,0.165738505916188,0.017263986991193,1.59113027351929,-2.0,1.0,0.01,10.0,-2.43884683897699,2.43884683897699,fit_joint_tsne_vi_seed290_C01Sc02_vt_seed10,seed211,19.7935197992047,3,0.010850140480960248
buffer_n_exp,log10_buffer_n_exp,delta__log10_buffer_n_exp,log10_buffer_n_exp,log10,False,none,True,True,0.225700115486808,-0.547304674363397,-0.0479522216948905,0.499352452668507,0.225700115486808,-0.547304674363397,-0.0479522216948905,0.499352452668507,1.68151255952145,0.895463273281003,3.15756611375965,1.68151255952145,0.895463273281003,3.15756611375965,-1.0,1.0,0.1,10.0,-1.54859976902638,1.54859976902638,fit_joint_tsne_vi_seed290_C01Sc02_vt_seed10,seed211,19.7935197992047,3,0.2835928816751815
n_O,n_O,delta__n_O,n_O,identity,False,none,True,True,2.22769205751855,0.71823444770712,2.58680928137211,1.86857483366499,2.22769205751855,0.71823444770712,2.58680928137211,1.86857483366499,2.22769205751855,2.58680928137211,1.86857483366499,2.22769205751855,2.58680928137211,1.86857483366499,0.0001,5.0,0.0001,5.0,-4.4551841150371,4.4551841150371,fit_joint_tsne_vi_seed290_C01Sc02_vt_seed10,seed211,19.7935197992047,3,1.3843755330357241
alpha_o2,log10_alpha_o2,delta__log10_alpha_o2,log10_alpha_o2,log10,False,none,True,True,-0.0955632661636102,0.410933459000742,0.109903463336761,-0.301029995663981,-0.0955632661636102,0.410933459000742,0.109903463336761,-0.301029995663981,0.802484649823942,1.28796322640611,0.5,0.802484649823942,1.28796322640611,0.5,-0.301029995663981,0.602059991327962,0.5,4.0,-0.410933459000742,0.410933459000742,fit_joint_tsne_vi_seed290_C01Sc02_vt_seed10,seed211,19.7935197992047,3,2.57592645281222
gamma_growth,gamma_growth,delta__gamma_growth,gamma_growth,identity,False,none,True,True,2.03115739958699,1.06231479917397,2.56231479917397,1.5,2.03115739958699,1.06231479917397,2.56231479917397,1.5,2.03115739958699,2.56231479917397,1.5,2.03115739958699,2.56231479917397,1.5,1.5,4.5,1.5,4.5,-1.06231479917397,1.06231479917397,fit_joint_tsne_vi_seed290_C01Sc02_vt_seed10,seed211,19.7935197992047,3,1.70820986611598
lam_max,log10_lam_max,delta__log10_lam_max,log10_lam_max,log10,False,none,True,True,-0.371922045046392,-1.00355577805873,-0.873699934075755,0.129855843982972,-0.371922045046392,-1.00355577805873,-0.873699934075755,0.129855843982972,0.424695789113253,0.133751932601592,1.3485151936293,0.424695789113253,0.133751932601592,1.3485151936293,-2.30102999566398,0.176091259055681,0.005,1.5,-1.09602660820415,1.09602660820415,fit_joint_tsne_vi_seed290_C01Sc02_vt_seed10,seed211,19.7935197992047,3,0.09918459445875528
p_mis_base,log10_p_mis_base,delta__log10_p_mis_base,log10_p_mis_base,log10,False,none,True,True,-4.87597753672626,-0.0218887398970074,-4.88692190667476,-4.86503316677775,-4.87597753672626,-0.0218887398970074,-4.88692190667476,-4.86503316677775,1.33052323564898e-05,1.29741254622754e-05,1.36447892827095e-05,1.33052323564898e-05,1.29741254622754e-05,1.36447892827095e-05,-6.0,-1.0,1e-06,0.1,-2.24804492654749,2.24804492654749,fit_joint_tsne_vi_seed290_C01Sc02_vt_seed10,seed211,19.7935197992047,3,0.9508483563550552
p_wgd,log10_p_wgd,delta__log10_p_wgd,log10_p_wgd,log10,False,none,True,True,-3.73050868137285,-0.452662727620159,-3.95684004518293,-3.50417731756277,-3.73050868137285,-0.452662727620159,-3.95684004518293,-3.50417731756277,0.0001859907384046,0.0001104485337526,0.0003132006700043,0.0001859907384046,0.0001104485337526,0.0003132006700043,-5.0,-3.0,1e-05,0.001,-1.4610173627457,1.4610173627457,fit_joint_tsne_vi_seed290_C01Sc02_vt_seed10,seed211,19.7935197992047,3,0.3526446279667398
gamma_mu,gamma_mu,delta__gamma_mu,gamma_mu,identity,False,none,True,True,2.0306417855098,1.66128357101961,2.86128357101961,1.2,2.0306417855098,1.66128357101961,2.86128357101961,1.2,2.0306417855098,2.86128357101961,1.2,2.0306417855098,2.86128357101961,1.2,1.2,3.5,1.2,3.5,-1.66128357101961,1.66128357101961,fit_joint_tsne_vi_seed290_C01Sc02_vt_seed10,seed211,19.7935197992047,3,2.384402975849675
O2_crit,log10_O2_crit,delta__log10_O2_crit,log10_O2_crit,log10_nonnegative,False,none,True,True,-0.389652262485913,-1.18002413188275,-0.979664328427288,0.200359803455462,-0.389652262485913,-1.18002413188275,-0.979664328427288,0.200359803455462,0.407706595866951,0.104793819950214,1.58620678578554,0.407706595866951,0.104793819950214,1.58620678578554,-4.0,0.397940008672038,0.0001,2.5,-1.5751845423159,1.5751845423159,fit_joint_tsne_vi_seed290_C01Sc02_vt_seed10,seed176,19.7960448842897,4,0.06606567371247045
mu_hp,log10_mu_hp,delta__log10_mu_hp,log10_mu_hp,log10,False,none,True,True,-1.56401958461052,1.47402082210692,-0.827009173557064,-2.30102999566398,-1.56401958461052,1.47402082210692,-0.827009173557064,-2.30102999566398,0.027288547216959,0.14893296184244,0.005,0.027288547216959,0.14893296184244,0.005,-2.30102999566398,-0.522878745280338,0.005,0.3,-1.47402082210692,1.47402082210692,fit_joint_tsne_vi_seed290_C01Sc02_vt_seed10,seed176,19.7960448842897,4,29.786592368488
p_misseg,log10_p_misseg,delta__log10_p_misseg,log10_p_misseg,log10,False,none,True,True,-1.13881643036999,1.67557286941202,-0.301029995663981,-1.976602865076,-1.13881643036999,1.67557286941202,-0.301029995663981,-1.976602865076,0.072641293618232,0.5,0.0105535150770604,0.072641293618232,0.5,0.0105535150770604,-2.30102999566398,-0.301029995663981,0.005,0.5,-1.67557286941202,1.67557286941202,fit_joint_tsne_vi_seed290_C01Sc02_vt_seed10,seed176,19.7960448842897,4,47.37757954094582
k_o_mis,log10_k_o_mis,delta__log10_k_o_mis,log10_k_o_mis,log10,False,none,True,True,-3.4736555630351,0.9473111260702,-3.0,-3.9473111260702,-3.4736555630351,0.9473111260702,-3.0,-3.9473111260702,0.0003360039918248,0.001,0.0001128986825222,0.0003360039918248,0.001,0.0001128986825222,-5.0,-1.69897000433602,1e-05,0.02,-3.0526888739298,3.0526888739298,fit_joint_tsne_vi_seed290_C01Sc02_vt_seed10,seed176,19.7960448842897,4,8.857499287499333
buffer_smax,buffer_smax,delta__buffer_smax,buffer_smax,identity,False,none,True,True,0.982467344739596,-0.035065310520809,0.964934689479191,1.0,0.982467344739596,-0.035065310520809,0.964934689479191,1.0,0.982467344739596,0.964934689479191,1.0,0.982467344739596,0.964934689479191,1.0,0.0,1.0,0.0,1.0,-0.035065310520809,0.035065310520809,fit_joint_tsne_vi_seed290_C01Sc02_vt_seed10,seed176,19.7960448842897,4,0.964934689479191
buffer_beta,log10_buffer_beta,delta__log10_buffer_beta,log10_buffer_beta,log10,False,none,True,True,-0.780576580511503,-1.96456463880062,-1.76285889991181,0.201705738888809,-0.780576580511503,-1.96456463880062,-1.76285889991181,0.201705738888809,0.165738505916188,0.017263986991193,1.59113027351929,0.165738505916188,0.017263986991193,1.59113027351929,-2.0,1.0,0.01,10.0,-2.43884683897699,2.43884683897699,fit_joint_tsne_vi_seed290_C01Sc02_vt_seed10,seed176,19.7960448842897,4,0.010850140480960248
buffer_n_exp,log10_buffer_n_exp,delta__log10_buffer_n_exp,log10_buffer_n_exp,log10,False,none,True,True,0.225700115486808,-0.547304674363397,-0.0479522216948905,0.499352452668507,0.225700115486808,-0.547304674363397,-0.0479522216948905,0.499352452668507,1.68151255952145,0.895463273281003,3.15756611375965,1.68151255952145,0.895463273281003,3.15756611375965,-1.0,1.0,0.1,10.0,-1.54859976902638,1.54859976902638,fit_joint_tsne_vi_seed290_C01Sc02_vt_seed10,seed176,19.7960448842897,4,0.2835928816751815
n_O,n_O,delta__n_O,n_O,identity,False,none,True,True,2.22769205751855,0.71823444770712,2.58680928137211,1.86857483366499,2.22769205751855,0.71823444770712,2.58680928137211,1.86857483366499,2.22769205751855,2.58680928137211,1.86857483366499,2.22769205751855,2.58680928137211,1.86857483366499,0.0001,5.0,0.0001,5.0,-4.4551841150371,4.4551841150371,fit_joint_tsne_vi_seed290_C01Sc02_vt_seed10,seed176,19.7960448842897,4,1.3843755330357241
alpha_o2,log10_alpha_o2,delta__log10_alpha_o2,log10_alpha_o2,log10,False,none,True,True,-0.0955632661636102,0.410933459000742,0.109903463336761,-0.301029995663981,-0.0955632661636102,0.410933459000742,0.109903463336761,-0.301029995663981,0.802484649823942,1.28796322640611,0.5,0.802484649823942,1.28796322640611,0.5,-0.301029995663981,0.602059991327962,0.5,4.0,-0.410933459000742,0.410933459000742,fit_joint_tsne_vi_seed290_C01Sc02_vt_seed10,seed176,19.7960448842897,4,2.57592645281222
gamma_growth,gamma_growth,delta__gamma_growth,gamma_growth,identity,False,none,True,True,2.03115739958699,1.06231479917397,2.56231479917397,1.5,2.03115739958699,1.06231479917397,2.56231479917397,1.5,2.03115739958699,2.56231479917397,1.5,2.03115739958699,2.56231479917397,1.5,1.5,4.5,1.5,4.5,-1.06231479917397,1.06231479917397,fit_joint_tsne_vi_seed290_C01Sc02_vt_seed10,seed176,19.7960448842897,4,1.70820986611598
lam_max,log10_lam_max,delta__log10_lam_max,log10_lam_max,log10,False,none,True,True,-0.371922045046392,-1.00355577805873,-0.873699934075755,0.129855843982972,-0.371922045046392,-1.00355577805873,-0.873699934075755,0.129855843982972,0.424695789113253,0.133751932601592,1.3485151936293,0.424695789113253,0.133751932601592,1.3485151936293,-2.30102999566398,0.176091259055681,0.005,1.5,-1.09602660820415,1.09602660820415,fit_joint_tsne_vi_seed290_C01Sc02_vt_seed10,seed176,19.7960448842897,4,0.09918459445875528
p_mis_base,log10_p_mis_base,delta__log10_p_mis_base,log10_p_mis_base,log10,False,none,True,True,-4.87597753672626,0.315287383822346,-4.71833384481508,-5.03362122863743,-4.87597753672626,0.315287383822346,-4.71833384481508,-5.03362122863743,1.33052323564898e-05,1.91278499025562e-05,9.25505004284485e-06,1.33052323564898e-05,1.91278499025562e-05,9.25505004284485e-06,-6.0,-1.0,1e-06,0.1,-2.24804492654749,2.24804492654749,fit_joint_tsne_vi_seed290_C01Sc02_vt_seed10,seed176,19.7960448842897,4,2.0667473232458735
p_wgd,log10_p_wgd,delta__log10_p_wgd,log10_p_wgd,log10,False,none,True,True,-3.73050868137285,-0.0607574571852897,-3.76088740996549,-3.70012995278021,-3.73050868137285,-0.0607574571852897,-3.76088740996549,-3.70012995278021,0.0001859907384046,0.0001734253541476,0.000199466536726,0.0001859907384046,0.0001734253541476,0.000199466536726,-5.0,-3.0,1e-05,0.001,-1.4610173627457,1.4610173627457,fit_joint_tsne_vi_seed290_C01Sc02_vt_seed10,seed176,19.7960448842897,4,0.8694458579076257
gamma_mu,gamma_mu,delta__gamma_mu,gamma_mu,identity,False,none,True,True,2.0306417855098,1.66128357101961,2.86128357101961,1.2,2.0306417855098,1.66128357101961,2.86128357101961,1.2,2.0306417855098,2.86128357101961,1.2,2.0306417855098,2.86128357101961,1.2,1.2,3.5,1.2,3.5,-1.66128357101961,1.66128357101961,fit_joint_tsne_vi_seed290_C01Sc02_vt_seed10,seed176,19.7960448842897,4,2.384402975849675
O2_crit,log10_O2_crit,delta__log10_O2_crit,log10_O2_crit,log10_nonnegative,False,none,True,True,-0.389652262485913,-1.18002413188275,-0.979664328427288,0.200359803455462,-0.389652262485913,-1.18002413188275,-0.979664328427288,0.200359803455462,0.407706595866951,0.104793819950214,1.58620678578554,0.407706595866951,0.104793819950214,1.58620678578554,-4.0,0.397940008672038,0.0001,2.5,-1.5751845423159,1.5751845423159,fit_joint_tsne_vi_seed290_C01Sc02_vt_seed10,seed307,19.7980259039285,5,0.06606567371247045
mu_hp,log10_mu_hp,delta__log10_mu_hp,log10_mu_hp,log10,False,none,True,True,-1.56401958461052,1.47402082210692,-0.827009173557064,-2.30102999566398,-1.56401958461052,1.47402082210692,-0.827009173557064,-2.30102999566398,0.027288547216959,0.14893296184244,0.005,0.027288547216959,0.14893296184244,0.005,-2.30102999566398,-0.522878745280338,0.005,0.3,-1.47402082210692,1.47402082210692,fit_joint_tsne_vi_seed290_C01Sc02_vt_seed10,seed307,19.7980259039285,5,29.786592368488
p_misseg,log10_p_misseg,delta__log10_p_misseg,log10_p_misseg,log10,False,none,True,True,-1.13881643036999,1.67557286941202,-0.301029995663981,-1.976602865076,-1.13881643036999,1.67557286941202,-0.301029995663981,-1.976602865076,0.072641293618232,0.5,0.0105535150770604,0.072641293618232,0.5,0.0105535150770604,-2.30102999566398,-0.301029995663981,0.005,0.5,-1.67557286941202,1.67557286941202,fit_joint_tsne_vi_seed290_C01Sc02_vt_seed10,seed307,19.7980259039285,5,47.37757954094582
k_o_mis,log10_k_o_mis,delta__log10_k_o_mis,log10_k_o_mis,log10,False,none,True,True,-3.4736555630351,0.9473111260702,-3.0,-3.9473111260702,-3.4736555630351,0.9473111260702,-3.0,-3.9473111260702,0.0003360039918248,0.001,0.0001128986825222,0.0003360039918248,0.001,0.0001128986825222,-5.0,-1.69897000433602,1e-05,0.02,-3.0526888739298,3.0526888739298,fit_joint_tsne_vi_seed290_C01Sc02_vt_seed10,seed307,19.7980259039285,5,8.857499287499333
buffer_smax,buffer_smax,delta__buffer_smax,buffer_smax,identity,False,none,True,True,0.982467344739596,-0.035065310520809,0.964934689479191,1.0,0.982467344739596,-0.035065310520809,0.964934689479191,1.0,0.982467344739596,0.964934689479191,1.0,0.982467344739596,0.964934689479191,1.0,0.0,1.0,0.0,1.0,-0.035065310520809,0.035065310520809,fit_joint_tsne_vi_seed290_C01Sc02_vt_seed10,seed307,19.7980259039285,5,0.964934689479191
buffer_beta,log10_buffer_beta,delta__log10_buffer_beta,log10_buffer_beta,log10,False,none,True,True,-0.780576580511503,-1.96456463880062,-1.76285889991181,0.201705738888809,-0.780576580511503,-1.96456463880062,-1.76285889991181,0.201705738888809,0.165738505916188,0.017263986991193,1.59113027351929,0.165738505916188,0.017263986991193,1.59113027351929,-2.0,1.0,0.01,10.0,-2.43884683897699,2.43884683897699,fit_joint_tsne_vi_seed290_C01Sc02_vt_seed10,seed307,19.7980259039285,5,0.010850140480960248
buffer_n_exp,log10_buffer_n_exp,delta__log10_buffer_n_exp,log10_buffer_n_exp,log10,False,none,True,True,0.234476960898852,-0.547304674363397,-0.0391753762828464,0.508129298080551,0.234476960898852,-0.547304674363397,-0.0391753762828464,0.508129298080551,1.71584068323191,0.913744179866743,3.22202791011277,1.71584068323191,0.913744179866743,3.22202791011277,-1.0,1.0,0.1,10.0,-1.5310460782023,1.5310460782023,fit_joint_tsne_vi_seed290_C01Sc02_vt_seed10,seed307,19.7980259039285,5,0.2835928816751815
n_O,n_O,delta__n_O,n_O,identity,False,none,True,True,2.22769205751855,0.71823444770712,2.58680928137211,1.86857483366499,2.22769205751855,0.71823444770712,2.58680928137211,1.86857483366499,2.22769205751855,2.58680928137211,1.86857483366499,2.22769205751855,2.58680928137211,1.86857483366499,0.0001,5.0,0.0001,5.0,-4.4551841150371,4.4551841150371,fit_joint_tsne_vi_seed290_C01Sc02_vt_seed10,seed307,19.7980259039285,5,1.3843755330357241
alpha_o2,log10_alpha_o2,delta__log10_alpha_o2,log10_alpha_o2,log10,False,none,True,True,-0.0955632661636102,0.410933459000742,0.109903463336761,-0.301029995663981,-0.0955632661636102,0.410933459000742,0.109903463336761,-0.301029995663981,0.802484649823942,1.28796322640611,0.5,0.802484649823942,1.28796322640611,0.5,-0.301029995663981,0.602059991327962,0.5,4.0,-0.410933459000742,0.410933459000742,fit_joint_tsne_vi_seed290_C01Sc02_vt_seed10,seed307,19.7980259039285,5,2.57592645281222
gamma_growth,gamma_growth,delta__gamma_growth,gamma_growth,identity,False,none,True,True,2.03115739958699,1.06231479917397,2.56231479917397,1.5,2.03115739958699,1.06231479917397,2.56231479917397,1.5,2.03115739958699,2.56231479917397,1.5,2.03115739958699,2.56231479917397,1.5,1.5,4.5,1.5,4.5,-1.06231479917397,1.06231479917397,fit_joint_tsne_vi_seed290_C01Sc02_vt_seed10,seed307,19.7980259039285,5,1.70820986611598
lam_max,log10_lam_max,delta__log10_lam_max,log10_lam_max,log10,False,none,True,True,-0.371922045046392,-1.00355577805873,-0.873699934075755,0.129855843982972,-0.371922045046392,-1.00355577805873,-0.873699934075755,0.129855843982972,0.424695789113253,0.133751932601592,1.3485151936293,0.424695789113253,0.133751932601592,1.3485151936293,-2.30102999566398,0.176091259055681,0.005,1.5,-1.09602660820415,1.09602660820415,fit_joint_tsne_vi_seed290_C01Sc02_vt_seed10,seed307,19.7980259039285,5,0.09918459445875528
p_mis_base,log10_p_mis_base,delta__log10_p_mis_base,log10_p_mis_base,log10,False,none,True,True,-4.87597753672626,0.413042252953929,-4.66945641024929,-5.08249866320322,-4.87597753672626,0.413042252953929,-4.66945641024929,-5.08249866320322,1.33052323564898e-05,2.14063977009859e-05,8.26992054118612e-06,1.33052323564898e-05,2.14063977009859e-05,8.26992054118612e-06,-6.0,-1.0,1e-06,0.1,-2.24804492654749,2.24804492654749,fit_joint_tsne_vi_seed290_C01Sc02_vt_seed10,seed307,19.7980259039285,5,2.5884647372821883
p_wgd,log10_p_wgd,delta__log10_p_wgd,log10_p_wgd,log10,False,none,True,True,-3.59070923277562,-0.0435428235132413,-3.61248064453224,-3.568937821019,-3.59070923277562,-0.0435428235132413,-3.61248064453224,-3.568937821019,0.0002566201575216,0.0002440727843028,0.000269812570191,0.0002566201575216,0.0002440727843028,0.000269812570191,-5.0,-3.0,1e-05,0.001,-1.18141846555124,1.18141846555124,fit_joint_tsne_vi_seed290_C01Sc02_vt_seed10,seed307,19.7980259039285,5,0.9046012353317013
gamma_mu,gamma_mu,delta__gamma_mu,gamma_mu,identity,False,none,True,True,2.0306417855098,1.66128357101961,2.86128357101961,1.2,2.0306417855098,1.66128357101961,2.86128357101961,1.2,2.0306417855098,2.86128357101961,1.2,2.0306417855098,2.86128357101961,1.2,1.2,3.5,1.2,3.5,-1.66128357101961,1.66128357101961,fit_joint_tsne_vi_seed290_C01Sc02_vt_seed10,seed307,19.7980259039285,5,2.384402975849675
O2_crit,log10_O2_crit,delta__log10_O2_crit,log10_O2_crit,log10_nonnegative,False,none,True,True,-0.389652262485913,-1.18002413188275,-0.979664328427288,0.200359803455462,-0.389652262485913,-1.18002413188275,-0.979664328427288,0.200359803455462,0.407706595866951,0.104793819950214,1.58620678578554,0.407706595866951,0.104793819950214,1.58620678578554,-4.0,0.397940008672038,0.0001,2.5,-1.5751845423159,1.5751845423159,fit_joint_tsne_vi_seed290_C01Sc02_vt_seed10,seed241,19.7999952901528,6,0.06606567371247045
mu_hp,log10_mu_hp,delta__log10_mu_hp,log10_mu_hp,log10,False,none,True,True,-1.56401958461052,1.47402082210692,-0.827009173557064,-2.30102999566398,-1.56401958461052,1.47402082210692,-0.827009173557064,-2.30102999566398,0.027288547216959,0.14893296184244,0.005,0.027288547216959,0.14893296184244,0.005,-2.30102999566398,-0.522878745280338,0.005,0.3,-1.47402082210692,1.47402082210692,fit_joint_tsne_vi_seed290_C01Sc02_vt_seed10,seed241,19.7999952901528,6,29.786592368488
p_misseg,log10_p_misseg,delta__log10_p_misseg,log10_p_misseg,log10,False,none,True,True,-1.13881643036999,1.67557286941202,-0.301029995663981,-1.976602865076,-1.13881643036999,1.67557286941202,-0.301029995663981,-1.976602865076,0.072641293618232,0.5,0.0105535150770604,0.072641293618232,0.5,0.0105535150770604,-2.30102999566398,-0.301029995663981,0.005,0.5,-1.67557286941202,1.67557286941202,fit_joint_tsne_vi_seed290_C01Sc02_vt_seed10,seed241,19.7999952901528,6,47.37757954094582
k_o_mis,log10_k_o_mis,delta__log10_k_o_mis,log10_k_o_mis,log10,False,none,True,True,-3.4736555630351,0.9473111260702,-3.0,-3.9473111260702,-3.4736555630351,0.9473111260702,-3.0,-3.9473111260702,0.0003360039918248,0.001,0.0001128986825222,0.0003360039918248,0.001,0.0001128986825222,-5.0,-1.69897000433602,1e-05,0.02,-3.0526888739298,3.0526888739298,fit_joint_tsne_vi_seed290_C01Sc02_vt_seed10,seed241,19.7999952901528,6,8.857499287499333
buffer_smax,buffer_smax,delta__buffer_smax,buffer_smax,identity,False,none,True,True,0.982467344739596,-0.035065310520809,0.964934689479191,1.0,0.982467344739596,-0.035065310520809,0.964934689479191,1.0,0.982467344739596,0.964934689479191,1.0,0.982467344739596,0.964934689479191,1.0,0.0,1.0,0.0,1.0,-0.035065310520809,0.035065310520809,fit_joint_tsne_vi_seed290_C01Sc02_vt_seed10,seed241,19.7999952901528,6,0.964934689479191
buffer_beta,log10_buffer_beta,delta__log10_buffer_beta,log10_buffer_beta,log10,False,none,True,True,-0.780576580511503,-1.96456463880062,-1.76285889991181,0.201705738888809,-0.780576580511503,-1.96456463880062,-1.76285889991181,0.201705738888809,0.165738505916188,0.017263986991193,1.59113027351929,0.165738505916188,0.017263986991193,1.59113027351929,-2.0,1.0,0.01,10.0,-2.43884683897699,2.43884683897699,fit_joint_tsne_vi_seed290_C01Sc02_vt_seed10,seed241,19.7999952901528,6,0.010850140480960248
buffer_n_exp,log10_buffer_n_exp,delta__log10_buffer_n_exp,log10_buffer_n_exp,log10,False,none,True,True,0.225700115486808,-0.547304674363397,-0.0479522216948905,0.499352452668507,0.225700115486808,-0.547304674363397,-0.0479522216948905,0.499352452668507,1.68151255952145,0.895463273281003,3.15756611375965,1.68151255952145,0.895463273281003,3.15756611375965,-1.0,1.0,0.1,10.0,-1.54859976902638,1.54859976902638,fit_joint_tsne_vi_seed290_C01Sc02_vt_seed10,seed241,19.7999952901528,6,0.2835928816751815
n_O,n_O,delta__n_O,n_O,identity,False,none,True,True,2.22769205751855,0.71823444770712,2.58680928137211,1.86857483366499,2.22769205751855,0.71823444770712,2.58680928137211,1.86857483366499,2.22769205751855,2.58680928137211,1.86857483366499,2.22769205751855,2.58680928137211,1.86857483366499,0.0001,5.0,0.0001,5.0,-4.4551841150371,4.4551841150371,fit_joint_tsne_vi_seed290_C01Sc02_vt_seed10,seed241,19.7999952901528,6,1.3843755330357241
alpha_o2,log10_alpha_o2,delta__log10_alpha_o2,log10_alpha_o2,log10,False,none,True,True,-0.0955632661636102,0.410933459000742,0.109903463336761,-0.301029995663981,-0.0955632661636102,0.410933459000742,0.109903463336761,-0.301029995663981,0.802484649823942,1.28796322640611,0.5,0.802484649823942,1.28796322640611,0.5,-0.301029995663981,0.602059991327962,0.5,4.0,-0.410933459000742,0.410933459000742,fit_joint_tsne_vi_seed290_C01Sc02_vt_seed10,seed241,19.7999952901528,6,2.57592645281222
gamma_growth,gamma_growth,delta__gamma_growth,gamma_growth,identity,False,none,True,True,2.03115739958699,1.06231479917397,2.56231479917397,1.5,2.03115739958699,1.06231479917397,2.56231479917397,1.5,2.03115739958699,2.56231479917397,1.5,2.03115739958699,2.56231479917397,1.5,1.5,4.5,1.5,4.5,-1.06231479917397,1.06231479917397,fit_joint_tsne_vi_seed290_C01Sc02_vt_seed10,seed241,19.7999952901528,6,1.70820986611598
lam_max,log10_lam_max,delta__log10_lam_max,log10_lam_max,log10,False,none,True,True,-0.371922045046392,-1.00355577805873,-0.873699934075755,0.129855843982972,-0.371922045046392,-1.00355577805873,-0.873699934075755,0.129855843982972,0.424695789113253,0.133751932601592,1.3485151936293,0.424695789113253,0.133751932601592,1.3485151936293,-2.30102999566398,0.176091259055681,0.005,1.5,-1.09602660820415,1.09602660820415,fit_joint_tsne_vi_seed290_C01Sc02_vt_seed10,seed241,19.7999952901528,6,0.09918459445875528
p_mis_base,log10_p_mis_base,delta__log10_p_mis_base,log10_p_mis_base,log10,False,none,True,True,-4.87597753672626,0.067860609495368,-4.84204723197857,-4.90990784147394,-4.87597753672626,0.067860609495368,-4.84204723197857,-4.90990784147394,1.33052323564898e-05,1.43864210929017e-05,1.23052986505121e-05,1.33052323564898e-05,1.43864210929017e-05,1.23052986505121e-05,-6.0,-1.0,1e-06,0.1,-2.24804492654749,2.24804492654749,fit_joint_tsne_vi_seed290_C01Sc02_vt_seed10,seed241,19.7999952901528,6,1.1691240904830045
p_wgd,log10_p_wgd,delta__log10_p_wgd,log10_p_wgd,log10,False,none,True,True,-3.73050868137285,-0.501212160376055,-3.98111476156088,-3.47990260118482,-3.73050868137285,-0.501212160376055,-3.98111476156088,-3.47990260118482,0.0001859907384046,0.0001044444190193,0.0003312053922759,0.0001859907384046,0.0001044444190193,0.0003312053922759,-5.0,-3.0,1e-05,0.001,-1.4610173627457,1.4610173627457,fit_joint_tsne_vi_seed290_C01Sc02_vt_seed10,seed241,19.7999952901528,6,0.3153463725382102
gamma_mu,gamma_mu,delta__gamma_mu,gamma_mu,identity,False,none,True,True,2.0306417855098,1.66128357101961,2.86128357101961,1.2,2.0306417855098,1.66128357101961,2.86128357101961,1.2,2.0306417855098,2.86128357101961,1.2,2.0306417855098,2.86128357101961,1.2,1.2,3.5,1.2,3.5,-1.66128357101961,1.66128357101961,fit_joint_tsne_vi_seed290_C01Sc02_vt_seed10,seed241,19.7999952901528,6,2.384402975849675
O2_crit,log10_O2_crit,delta__log10_O2_crit,log10_O2_crit,log10_nonnegative,False,none,True,True,-0.389652262485913,-1.18002413188275,-0.979664328427288,0.200359803455462,-0.389652262485913,-1.18002413188275,-0.979664328427288,0.200359803455462,0.407706595866951,0.104793819950214,1.58620678578554,0.407706595866951,0.104793819950214,1.58620678578554,-4.0,0.397940008672038,0.0001,2.5,-1.5751845423159,1.5751845423159,fit_joint_tsne_vi_seed290_C01Sc02_vt_seed10,seed303,19.8003359414134,7,0.06606567371247045
mu_hp,log10_mu_hp,delta__log10_mu_hp,log10_mu_hp,log10,False,none,True,True,-1.56401958461052,1.47402082210692,-0.827009173557064,-2.30102999566398,-1.56401958461052,1.47402082210692,-0.827009173557064,-2.30102999566398,0.027288547216959,0.14893296184244,0.005,0.027288547216959,0.14893296184244,0.005,-2.30102999566398,-0.522878745280338,0.005,0.3,-1.47402082210692,1.47402082210692,fit_joint_tsne_vi_seed290_C01Sc02_vt_seed10,seed303,19.8003359414134,7,29.786592368488
p_misseg,log10_p_misseg,delta__log10_p_misseg,log10_p_misseg,log10,False,none,True,True,-1.13881643036999,1.67557286941202,-0.301029995663981,-1.976602865076,-1.13881643036999,1.67557286941202,-0.301029995663981,-1.976602865076,0.072641293618232,0.5,0.0105535150770604,0.072641293618232,0.5,0.0105535150770604,-2.30102999566398,-0.301029995663981,0.005,0.5,-1.67557286941202,1.67557286941202,fit_joint_tsne_vi_seed290_C01Sc02_vt_seed10,seed303,19.8003359414134,7,47.37757954094582
k_o_mis,log10_k_o_mis,delta__log10_k_o_mis,log10_k_o_mis,log10,False,none,True,True,-3.4736555630351,0.9473111260702,-3.0,-3.9473111260702,-3.4736555630351,0.9473111260702,-3.0,-3.9473111260702,0.0003360039918248,0.001,0.0001128986825222,0.0003360039918248,0.001,0.0001128986825222,-5.0,-1.69897000433602,1e-05,0.02,-3.0526888739298,3.0526888739298,fit_joint_tsne_vi_seed290_C01Sc02_vt_seed10,seed303,19.8003359414134,7,8.857499287499333
buffer_smax,buffer_smax,delta__buffer_smax,buffer_smax,identity,False,none,True,True,0.982467344739596,-0.035065310520809,0.964934689479191,1.0,0.982467344739596,-0.035065310520809,0.964934689479191,1.0,0.982467344739596,0.964934689479191,1.0,0.982467344739596,0.964934689479191,1.0,0.0,1.0,0.0,1.0,-0.035065310520809,0.035065310520809,fit_joint_tsne_vi_seed290_C01Sc02_vt_seed10,seed303,19.8003359414134,7,0.964934689479191
buffer_beta,log10_buffer_beta,delta__log10_buffer_beta,log10_buffer_beta,log10,False,none,True,True,-0.780576580511503,-1.96456463880062,-1.76285889991181,0.201705738888809,-0.780576580511503,-1.96456463880062,-1.76285889991181,0.201705738888809,0.165738505916188,0.017263986991193,1.59113027351929,0.165738505916188,0.017263986991193,1.59113027351929,-2.0,1.0,0.01,10.0,-2.43884683897699,2.43884683897699,fit_joint_tsne_vi_seed290_C01Sc02_vt_seed10,seed303,19.8003359414134,7,0.010850140480960248
buffer_n_exp,log10_buffer_n_exp,delta__log10_buffer_n_exp,log10_buffer_n_exp,log10,False,none,True,True,0.225700115486808,-0.547304674363397,-0.0479522216948905,0.499352452668507,0.225700115486808,-0.547304674363397,-0.0479522216948905,0.499352452668507,1.68151255952145,0.895463273281003,3.15756611375965,1.68151255952145,0.895463273281003,3.15756611375965,-1.0,1.0,0.1,10.0,-1.54859976902638,1.54859976902638,fit_joint_tsne_vi_seed290_C01Sc02_vt_seed10,seed303,19.8003359414134,7,0.2835928816751815
n_O,n_O,delta__n_O,n_O,identity,False,none,True,True,2.22769205751855,0.71823444770712,2.58680928137211,1.86857483366499,2.22769205751855,0.71823444770712,2.58680928137211,1.86857483366499,2.22769205751855,2.58680928137211,1.86857483366499,2.22769205751855,2.58680928137211,1.86857483366499,0.0001,5.0,0.0001,5.0,-4.4551841150371,4.4551841150371,fit_joint_tsne_vi_seed290_C01Sc02_vt_seed10,seed303,19.8003359414134,7,1.3843755330357241
alpha_o2,log10_alpha_o2,delta__log10_alpha_o2,log10_alpha_o2,log10,False,none,True,True,-0.0955632661636102,0.410933459000742,0.109903463336761,-0.301029995663981,-0.0955632661636102,0.410933459000742,0.109903463336761,-0.301029995663981,0.802484649823942,1.28796322640611,0.5,0.802484649823942,1.28796322640611,0.5,-0.301029995663981,0.602059991327962,0.5,4.0,-0.410933459000742,0.410933459000742,fit_joint_tsne_vi_seed290_C01Sc02_vt_seed10,seed303,19.8003359414134,7,2.57592645281222
gamma_growth,gamma_growth,delta__gamma_growth,gamma_growth,identity,False,none,True,True,2.03115739958699,1.06231479917397,2.56231479917397,1.5,2.03115739958699,1.06231479917397,2.56231479917397,1.5,2.03115739958699,2.56231479917397,1.5,2.03115739958699,2.56231479917397,1.5,1.5,4.5,1.5,4.5,-1.06231479917397,1.06231479917397,fit_joint_tsne_vi_seed290_C01Sc02_vt_seed10,seed303,19.8003359414134,7,1.70820986611598
lam_max,log10_lam_max,delta__log10_lam_max,log10_lam_max,log10,False,none,True,True,-0.371922045046392,-1.00355577805873,-0.873699934075755,0.129855843982972,-0.371922045046392,-1.00355577805873,-0.873699934075755,0.129855843982972,0.424695789113253,0.133751932601592,1.3485151936293,0.424695789113253,0.133751932601592,1.3485151936293,-2.30102999566398,0.176091259055681,0.005,1.5,-1.09602660820415,1.09602660820415,fit_joint_tsne_vi_seed290_C01Sc02_vt_seed10,seed303,19.8003359414134,7,0.09918459445875528
p_mis_base,log10_p_mis_base,delta__log10_p_mis_base,log10_p_mis_base,log10,False,none,True,True,-4.87597753672626,0.324605770177275,-4.71367465163762,-5.03828042181489,-4.87597753672626,0.324605770177275,-4.71367465163762,-5.03828042181489,1.33052323564898e-05,1.93341617844409e-05,9.15629082004716e-06,1.33052323564898e-05,1.93341617844409e-05,9.15629082004716e-06,-6.0,-1.0,1e-06,0.1,-2.24804492654749,2.24804492654749,fit_joint_tsne_vi_seed290_C01Sc02_vt_seed10,seed303,19.8003359414134,7,2.111571395494548
p_wgd,log10_p_wgd,delta__log10_p_wgd,log10_p_wgd,log10,False,none,True,True,-3.73050868137285,-0.0614898861945958,-3.76125362447015,-3.69976373827555,-3.73050868137285,-0.0614898861945958,-3.76125362447015,-3.69976373827555,0.0001859907384046,0.0001732791765817,0.0001996348058359,0.0001859907384046,0.0001732791765817,0.0001996348058359,-5.0,-3.0,1e-05,0.001,-1.4610173627457,1.4610173627457,fit_joint_tsne_vi_seed290_C01Sc02_vt_seed10,seed303,19.8003359414134,7,0.8679807905047161
gamma_mu,gamma_mu,delta__gamma_mu,gamma_mu,identity,False,none,True,True,2.0306417855098,1.66128357101961,2.86128357101961,1.2,2.0306417855098,1.66128357101961,2.86128357101961,1.2,2.0306417855098,2.86128357101961,1.2,2.0306417855098,2.86128357101961,1.2,1.2,3.5,1.2,3.5,-1.66128357101961,1.66128357101961,fit_joint_tsne_vi_seed290_C01Sc02_vt_seed10,seed303,19.8003359414134,7,2.384402975849675
O2_crit,log10_O2_crit,delta__log10_O2_crit,log10_O2_crit,log10_nonnegative,False,none,True,True,-0.389652262485913,-1.18002413188275,-0.979664328427288,0.200359803455462,-0.389652262485913,-1.18002413188275,-0.979664328427288,0.200359803455462,0.407706595866951,0.104793819950214,1.58620678578554,0.407706595866951,0.104793819950214,1.58620678578554,-4.0,0.397940008672038,0.0001,2.5,-1.5751845423159,1.5751845423159,fit_joint_tsne_vi_seed290_C01Sc02_vt_seed10,seed130,19.8025203483391,8,0.06606567371247045
mu_hp,log10_mu_hp,delta__log10_mu_hp,log10_mu_hp,log10,False,none,True,True,-1.56401958461052,1.47402082210692,-0.827009173557064,-2.30102999566398,-1.56401958461052,1.47402082210692,-0.827009173557064,-2.30102999566398,0.027288547216959,0.14893296184244,0.005,0.027288547216959,0.14893296184244,0.005,-2.30102999566398,-0.522878745280338,0.005,0.3,-1.47402082210692,1.47402082210692,fit_joint_tsne_vi_seed290_C01Sc02_vt_seed10,seed130,19.8025203483391,8,29.786592368488
p_misseg,log10_p_misseg,delta__log10_p_misseg,log10_p_misseg,log10,False,none,True,True,-1.13881643036999,1.67557286941202,-0.301029995663981,-1.976602865076,-1.13881643036999,1.67557286941202,-0.301029995663981,-1.976602865076,0.072641293618232,0.5,0.0105535150770604,0.072641293618232,0.5,0.0105535150770604,-2.30102999566398,-0.301029995663981,0.005,0.5,-1.67557286941202,1.67557286941202,fit_joint_tsne_vi_seed290_C01Sc02_vt_seed10,seed130,19.8025203483391,8,47.37757954094582
k_o_mis,log10_k_o_mis,delta__log10_k_o_mis,log10_k_o_mis,log10,False,none,True,True,-3.4736555630351,0.9473111260702,-3.0,-3.9473111260702,-3.4736555630351,0.9473111260702,-3.0,-3.9473111260702,0.0003360039918248,0.001,0.0001128986825222,0.0003360039918248,0.001,0.0001128986825222,-5.0,-1.69897000433602,1e-05,0.02,-3.0526888739298,3.0526888739298,fit_joint_tsne_vi_seed290_C01Sc02_vt_seed10,seed130,19.8025203483391,8,8.857499287499333
buffer_smax,buffer_smax,delta__buffer_smax,buffer_smax,identity,False,none,True,True,0.982467344739596,-0.035065310520809,0.964934689479191,1.0,0.982467344739596,-0.035065310520809,0.964934689479191,1.0,0.982467344739596,0.964934689479191,1.0,0.982467344739596,0.964934689479191,1.0,0.0,1.0,0.0,1.0,-0.035065310520809,0.035065310520809,fit_joint_tsne_vi_seed290_C01Sc02_vt_seed10,seed130,19.8025203483391,8,0.964934689479191
buffer_beta,log10_buffer_beta,delta__log10_buffer_beta,log10_buffer_beta,log10,False,none,True,True,-0.780576580511503,-1.96456463880062,-1.76285889991181,0.201705738888809,-0.780576580511503,-1.96456463880062,-1.76285889991181,0.201705738888809,0.165738505916188,0.017263986991193,1.59113027351929,0.165738505916188,0.017263986991193,1.59113027351929,-2.0,1.0,0.01,10.0,-2.43884683897699,2.43884683897699,fit_joint_tsne_vi_seed290_C01Sc02_vt_seed10,seed130,19.8025203483391,8,0.010850140480960248
buffer_n_exp,log10_buffer_n_exp,delta__log10_buffer_n_exp,log10_buffer_n_exp,log10,False,none,True,True,0.225700115486808,-0.565191479694636,-0.0568956243605102,0.508295855334126,0.225700115486808,-0.565191479694636,-0.0568956243605102,0.508295855334126,1.68151255952145,0.87721161940614,3.22326383426448,1.68151255952145,0.87721161940614,3.22326383426448,-1.0,1.0,0.1,10.0,-1.54859976902638,1.54859976902638,fit_joint_tsne_vi_seed290_C01Sc02_vt_seed10,seed130,19.8025203483391,8,0.27215011383215293
n_O,n_O,delta__n_O,n_O,identity,False,none,True,True,2.22769205751855,0.71823444770712,2.58680928137211,1.86857483366499,2.22769205751855,0.71823444770712,2.58680928137211,1.86857483366499,2.22769205751855,2.58680928137211,1.86857483366499,2.22769205751855,2.58680928137211,1.86857483366499,0.0001,5.0,0.0001,5.0,-4.4551841150371,4.4551841150371,fit_joint_tsne_vi_seed290_C01Sc02_vt_seed10,seed130,19.8025203483391,8,1.3843755330357241
alpha_o2,log10_alpha_o2,delta__log10_alpha_o2,log10_alpha_o2,log10,False,none,True,True,-0.0955632661636102,0.410933459000742,0.109903463336761,-0.301029995663981,-0.0955632661636102,0.410933459000742,0.109903463336761,-0.301029995663981,0.802484649823942,1.28796322640611,0.5,0.802484649823942,1.28796322640611,0.5,-0.301029995663981,0.602059991327962,0.5,4.0,-0.410933459000742,0.410933459000742,fit_joint_tsne_vi_seed290_C01Sc02_vt_seed10,seed130,19.8025203483391,8,2.57592645281222
gamma_growth,gamma_growth,delta__gamma_growth,gamma_growth,identity,False,none,True,True,2.03115739958699,1.06231479917397,2.56231479917397,1.5,2.03115739958699,1.06231479917397,2.56231479917397,1.5,2.03115739958699,2.56231479917397,1.5,2.03115739958699,2.56231479917397,1.5,1.5,4.5,1.5,4.5,-1.06231479917397,1.06231479917397,fit_joint_tsne_vi_seed290_C01Sc02_vt_seed10,seed130,19.8025203483391,8,1.70820986611598
lam_max,log10_lam_max,delta__log10_lam_max,log10_lam_max,log10,False,none,True,True,-0.371922045046392,-1.00355577805873,-0.873699934075755,0.129855843982972,-0.371922045046392,-1.00355577805873,-0.873699934075755,0.129855843982972,0.424695789113253,0.133751932601592,1.3485151936293,0.424695789113253,0.133751932601592,1.3485151936293,-2.30102999566398,0.176091259055681,0.005,1.5,-1.09602660820415,1.09602660820415,fit_joint_tsne_vi_seed290_C01Sc02_vt_seed10,seed130,19.8025203483391,8,0.09918459445875528
p_mis_base,log10_p_mis_base,delta__log10_p_mis_base,log10_p_mis_base,log10,False,none,True,True,-4.87597753672626,0.384944397656811,-4.68350533789785,-5.06844973555466,-4.87597753672626,0.384944397656811,-4.68350533789785,-5.06844973555466,1.33052323564898e-05,2.0725005863959e-05,8.54181703118544e-06,1.33052323564898e-05,2.0725005863959e-05,8.54181703118544e-06,-6.0,-1.0,1e-06,0.1,-2.24804492654749,2.24804492654749,fit_joint_tsne_vi_seed290_C01Sc02_vt_seed10,seed130,19.8025203483391,8,2.426299438198428
p_wgd,log10_p_wgd,delta__log10_p_wgd,log10_p_wgd,log10,False,none,True,True,-3.73050868137285,-0.0881211947391144,-3.77456927874241,-3.68644808400329,-3.73050868137285,-0.0881211947391144,-3.77456927874241,-3.68644808400329,0.0001859907384046,0.0001680469835442,0.0002058504951575,0.0001859907384046,0.0001680469835442,0.0002058504951575,-5.0,-3.0,1e-05,0.001,-1.4610173627457,1.4610173627457,fit_joint_tsne_vi_seed290_C01Sc02_vt_seed10,seed130,19.8025203483391,8,0.8163545266948431
gamma_mu,gamma_mu,delta__gamma_mu,gamma_mu,identity,False,none,True,True,2.0306417855098,1.66128357101961,2.86128357101961,1.2,2.0306417855098,1.66128357101961,2.86128357101961,1.2,2.0306417855098,2.86128357101961,1.2,2.0306417855098,2.86128357101961,1.2,1.2,3.5,1.2,3.5,-1.66128357101961,1.66128357101961,fit_joint_tsne_vi_seed290_C01Sc02_vt_seed10,seed130,19.8025203483391,8,2.384402975849675
O2_crit,log10_O2_crit,delta__log10_O2_crit,log10_O2_crit,log10_nonnegative,False,none,True,True,-0.389652262485913,-1.18002413188275,-0.979664328427288,0.200359803455462,-0.389652262485913,-1.18002413188275,-0.979664328427288,0.200359803455462,0.407706595866951,0.104793819950214,1.58620678578554,0.407706595866951,0.104793819950214,1.58620678578554,-4.0,0.397940008672038,0.0001,2.5,-1.5751845423159,1.5751845423159,fit_joint_tsne_vi_seed290_C01Sc02_vt_seed10,seed405,19.8026222250612,9,0.06606567371247045
mu_hp,log10_mu_hp,delta__log10_mu_hp,log10_mu_hp,log10,False,none,True,True,-1.56401958461052,1.47402082210692,-0.827009173557064,-2.30102999566398,-1.56401958461052,1.47402082210692,-0.827009173557064,-2.30102999566398,0.027288547216959,0.14893296184244,0.005,0.027288547216959,0.14893296184244,0.005,-2.30102999566398,-0.522878745280338,0.005,0.3,-1.47402082210692,1.47402082210692,fit_joint_tsne_vi_seed290_C01Sc02_vt_seed10,seed405,19.8026222250612,9,29.786592368488
p_misseg,log10_p_misseg,delta__log10_p_misseg,log10_p_misseg,log10,False,none,True,True,-1.13881643036999,1.67557286941202,-0.301029995663981,-1.976602865076,-1.13881643036999,1.67557286941202,-0.301029995663981,-1.976602865076,0.072641293618232,0.5,0.0105535150770604,0.072641293618232,0.5,0.0105535150770604,-2.30102999566398,-0.301029995663981,0.005,0.5,-1.67557286941202,1.67557286941202,fit_joint_tsne_vi_seed290_C01Sc02_vt_seed10,seed405,19.8026222250612,9,47.37757954094582
k_o_mis,log10_k_o_mis,delta__log10_k_o_mis,log10_k_o_mis,log10,False,none,True,True,-3.4736555630351,0.9473111260702,-3.0,-3.9473111260702,-3.4736555630351,0.9473111260702,-3.0,-3.9473111260702,0.0003360039918248,0.001,0.0001128986825222,0.0003360039918248,0.001,0.0001128986825222,-5.0,-1.69897000433602,1e-05,0.02,-3.0526888739298,3.0526888739298,fit_joint_tsne_vi_seed290_C01Sc02_vt_seed10,seed405,19.8026222250612,9,8.857499287499333
buffer_smax,buffer_smax,delta__buffer_smax,buffer_smax,identity,False,none,True,True,0.982467344739596,-0.035065310520809,0.964934689479191,1.0,0.982467344739596,-0.035065310520809,0.964934689479191,1.0,0.982467344739596,0.964934689479191,1.0,0.982467344739596,0.964934689479191,1.0,0.0,1.0,0.0,1.0,-0.035065310520809,0.035065310520809,fit_joint_tsne_vi_seed290_C01Sc02_vt_seed10,seed405,19.8026222250612,9,0.964934689479191
buffer_beta,log10_buffer_beta,delta__log10_buffer_beta,log10_buffer_beta,log10,False,none,True,True,-0.780576580511503,-1.96456463880062,-1.76285889991181,0.201705738888809,-0.780576580511503,-1.96456463880062,-1.76285889991181,0.201705738888809,0.165738505916188,0.017263986991193,1.59113027351929,0.165738505916188,0.017263986991193,1.59113027351929,-2.0,1.0,0.01,10.0,-2.43884683897699,2.43884683897699,fit_joint_tsne_vi_seed290_C01Sc02_vt_seed10,seed405,19.8026222250612,9,0.010850140480960248
buffer_n_exp,log10_buffer_n_exp,delta__log10_buffer_n_exp,log10_buffer_n_exp,log10,False,none,True,True,0.225700115486808,-0.547304674363397,-0.0479522216948905,0.499352452668507,0.225700115486808,-0.547304674363397,-0.0479522216948905,0.499352452668507,1.68151255952145,0.895463273281003,3.15756611375965,1.68151255952145,0.895463273281003,3.15756611375965,-1.0,1.0,0.1,10.0,-1.54859976902638,1.54859976902638,fit_joint_tsne_vi_seed290_C01Sc02_vt_seed10,seed405,19.8026222250612,9,0.2835928816751815
n_O,n_O,delta__n_O,n_O,identity,False,none,True,True,2.22769205751855,0.71823444770712,2.58680928137211,1.86857483366499,2.22769205751855,0.71823444770712,2.58680928137211,1.86857483366499,2.22769205751855,2.58680928137211,1.86857483366499,2.22769205751855,2.58680928137211,1.86857483366499,0.0001,5.0,0.0001,5.0,-4.4551841150371,4.4551841150371,fit_joint_tsne_vi_seed290_C01Sc02_vt_seed10,seed405,19.8026222250612,9,1.3843755330357241
alpha_o2,log10_alpha_o2,delta__log10_alpha_o2,log10_alpha_o2,log10,False,none,True,True,-0.0955632661636102,0.410933459000742,0.109903463336761,-0.301029995663981,-0.0955632661636102,0.410933459000742,0.109903463336761,-0.301029995663981,0.802484649823942,1.28796322640611,0.5,0.802484649823942,1.28796322640611,0.5,-0.301029995663981,0.602059991327962,0.5,4.0,-0.410933459000742,0.410933459000742,fit_joint_tsne_vi_seed290_C01Sc02_vt_seed10,seed405,19.8026222250612,9,2.57592645281222
gamma_growth,gamma_growth,delta__gamma_growth,gamma_growth,identity,False,none,True,True,2.03115739958699,1.06231479917397,2.56231479917397,1.5,2.03115739958699,1.06231479917397,2.56231479917397,1.5,2.03115739958699,2.56231479917397,1.5,2.03115739958699,2.56231479917397,1.5,1.5,4.5,1.5,4.5,-1.06231479917397,1.06231479917397,fit_joint_tsne_vi_seed290_C01Sc02_vt_seed10,seed405,19.8026222250612,9,1.70820986611598
lam_max,log10_lam_max,delta__log10_lam_max,log10_lam_max,log10,False,none,True,True,-0.371922045046392,-1.00355577805873,-0.873699934075755,0.129855843982972,-0.371922045046392,-1.00355577805873,-0.873699934075755,0.129855843982972,0.424695789113253,0.133751932601592,1.3485151936293,0.424695789113253,0.133751932601592,1.3485151936293,-2.30102999566398,0.176091259055681,0.005,1.5,-1.09602660820415,1.09602660820415,fit_joint_tsne_vi_seed290_C01Sc02_vt_seed10,seed405,19.8026222250612,9,0.09918459445875528
p_mis_base,log10_p_mis_base,delta__log10_p_mis_base,log10_p_mis_base,log10,False,none,True,True,-4.87597753672626,0.317019264814007,-4.71746790431925,-5.03448716913326,-4.87597753672626,0.317019264814007,-4.71746790431925,-5.03448716913326,1.33052323564898e-05,1.91660270026003e-05,9.23661476821277e-06,1.33052323564898e-05,1.91660270026003e-05,9.23661476821277e-06,-6.0,-1.0,1e-06,0.1,-2.24804492654749,2.24804492654749,fit_joint_tsne_vi_seed290_C01Sc02_vt_seed10,seed405,19.8026222250612,9,2.075005560322704
p_wgd,log10_p_wgd,delta__log10_p_wgd,log10_p_wgd,log10,False,none,True,True,-3.73050868137285,-0.0964727858583505,-3.77874507430203,-3.68227228844367,-3.73050868137285,-0.0964727858583505,-3.77874507430203,-3.68227228844367,0.0001859907384046,0.0001664389340445,0.0002078393193929,0.0001859907384046,0.0001664389340445,0.0002078393193929,-5.0,-3.0,1e-05,0.001,-1.4610173627457,1.4610173627457,fit_joint_tsne_vi_seed290_C01Sc02_vt_seed10,seed405,19.8026222250612,9,0.8008058077300735
gamma_mu,gamma_mu,delta__gamma_mu,gamma_mu,identity,False,none,True,True,2.0306417855098,1.66128357101961,2.86128357101961,1.2,2.0306417855098,1.66128357101961,2.86128357101961,1.2,2.0306417855098,2.86128357101961,1.2,2.0306417855098,2.86128357101961,1.2,1.2,3.5,1.2,3.5,-1.66128357101961,1.66128357101961,fit_joint_tsne_vi_seed290_C01Sc02_vt_seed10,seed405,19.8026222250612,9,2.384402975849675
O2_crit,log10_O2_crit,delta__log10_O2_crit,log10_O2_crit,log10_nonnegative,False,none,True,True,-0.389652262485913,-1.18002413188275,-0.979664328427288,0.200359803455462,-0.389652262485913,-1.18002413188275,-0.979664328427288,0.200359803455462,0.407706595866951,0.104793819950214,1.58620678578554,0.407706595866951,0.104793819950214,1.58620678578554,-4.0,0.397940008672038,0.0001,2.5,-1.5751845423159,1.5751845423159,fit_joint_tsne_vi_seed290_C01Sc02_vt_seed10,seed357,19.8055233823592,10,0.06606567371247045
mu_hp,log10_mu_hp,delta__log10_mu_hp,log10_mu_hp,log10,False,none,True,True,-1.56401958461052,1.47402082210692,-0.827009173557064,-2.30102999566398,-1.56401958461052,1.47402082210692,-0.827009173557064,-2.30102999566398,0.027288547216959,0.14893296184244,0.005,0.027288547216959,0.14893296184244,0.005,-2.30102999566398,-0.522878745280338,0.005,0.3,-1.47402082210692,1.47402082210692,fit_joint_tsne_vi_seed290_C01Sc02_vt_seed10,seed357,19.8055233823592,10,29.786592368488
p_misseg,log10_p_misseg,delta__log10_p_misseg,log10_p_misseg,log10,False,none,True,True,-1.13881643036999,1.67557286941202,-0.301029995663981,-1.976602865076,-1.13881643036999,1.67557286941202,-0.301029995663981,-1.976602865076,0.072641293618232,0.5,0.0105535150770604,0.072641293618232,0.5,0.0105535150770604,-2.30102999566398,-0.301029995663981,0.005,0.5,-1.67557286941202,1.67557286941202,fit_joint_tsne_vi_seed290_C01Sc02_vt_seed10,seed357,19.8055233823592,10,47.37757954094582
k_o_mis,log10_k_o_mis,delta__log10_k_o_mis,log10_k_o_mis,log10,False,none,True,True,-3.4736555630351,0.9473111260702,-3.0,-3.9473111260702,-3.4736555630351,0.9473111260702,-3.0,-3.9473111260702,0.0003360039918248,0.001,0.0001128986825222,0.0003360039918248,0.001,0.0001128986825222,-5.0,-1.69897000433602,1e-05,0.02,-3.0526888739298,3.0526888739298,fit_joint_tsne_vi_seed290_C01Sc02_vt_seed10,seed357,19.8055233823592,10,8.857499287499333
buffer_smax,buffer_smax,delta__buffer_smax,buffer_smax,identity,False,none,True,True,0.982467344739596,-0.035065310520809,0.964934689479191,1.0,0.982467344739596,-0.035065310520809,0.964934689479191,1.0,0.982467344739596,0.964934689479191,1.0,0.982467344739596,0.964934689479191,1.0,0.0,1.0,0.0,1.0,-0.035065310520809,0.035065310520809,fit_joint_tsne_vi_seed290_C01Sc02_vt_seed10,seed357,19.8055233823592,10,0.964934689479191
buffer_beta,log10_buffer_beta,delta__log10_buffer_beta,log10_buffer_beta,log10,False,none,True,True,-0.780576580511503,-1.96456463880062,-1.76285889991181,0.201705738888809,-0.780576580511503,-1.96456463880062,-1.76285889991181,0.201705738888809,0.165738505916188,0.017263986991193,1.59113027351929,0.165738505916188,0.017263986991193,1.59113027351929,-2.0,1.0,0.01,10.0,-2.43884683897699,2.43884683897699,fit_joint_tsne_vi_seed290_C01Sc02_vt_seed10,seed357,19.8055233823592,10,0.010850140480960248
buffer_n_exp,log10_buffer_n_exp,delta__log10_buffer_n_exp,log10_buffer_n_exp,log10,False,none,True,True,0.225700115486808,-0.547304674363397,-0.0479522216948905,0.499352452668507,0.225700115486808,-0.547304674363397,-0.0479522216948905,0.499352452668507,1.68151255952145,0.895463273281003,3.15756611375965,1.68151255952145,0.895463273281003,3.15756611375965,-1.0,1.0,0.1,10.0,-1.54859976902638,1.54859976902638,fit_joint_tsne_vi_seed290_C01Sc02_vt_seed10,seed357,19.8055233823592,10,0.2835928816751815
n_O,n_O,delta__n_O,n_O,identity,False,none,True,True,2.22769205751855,0.71823444770712,2.58680928137211,1.86857483366499,2.22769205751855,0.71823444770712,2.58680928137211,1.86857483366499,2.22769205751855,2.58680928137211,1.86857483366499,2.22769205751855,2.58680928137211,1.86857483366499,0.0001,5.0,0.0001,5.0,-4.4551841150371,4.4551841150371,fit_joint_tsne_vi_seed290_C01Sc02_vt_seed10,seed357,19.8055233823592,10,1.3843755330357241
alpha_o2,log10_alpha_o2,delta__log10_alpha_o2,log10_alpha_o2,log10,False,none,True,True,-0.0955632661636102,0.410933459000742,0.109903463336761,-0.301029995663981,-0.0955632661636102,0.410933459000742,0.109903463336761,-0.301029995663981,0.802484649823942,1.28796322640611,0.5,0.802484649823942,1.28796322640611,0.5,-0.301029995663981,0.602059991327962,0.5,4.0,-0.410933459000742,0.410933459000742,fit_joint_tsne_vi_seed290_C01Sc02_vt_seed10,seed357,19.8055233823592,10,2.57592645281222
gamma_growth,gamma_growth,delta__gamma_growth,gamma_growth,identity,False,none,True,True,2.03115739958699,1.06231479917397,2.56231479917397,1.5,2.03115739958699,1.06231479917397,2.56231479917397,1.5,2.03115739958699,2.56231479917397,1.5,2.03115739958699,2.56231479917397,1.5,1.5,4.5,1.5,4.5,-1.06231479917397,1.06231479917397,fit_joint_tsne_vi_seed290_C01Sc02_vt_seed10,seed357,19.8055233823592,10,1.70820986611598
lam_max,log10_lam_max,delta__log10_lam_max,log10_lam_max,log10,False,none,True,True,-0.371922045046392,-1.00355577805873,-0.873699934075755,0.129855843982972,-0.371922045046392,-1.00355577805873,-0.873699934075755,0.129855843982972,0.424695789113253,0.133751932601592,1.3485151936293,0.424695789113253,0.133751932601592,1.3485151936293,-2.30102999566398,0.176091259055681,0.005,1.5,-1.09602660820415,1.09602660820415,fit_joint_tsne_vi_seed290_C01Sc02_vt_seed10,seed357,19.8055233823592,10,0.09918459445875528
p_mis_base,log10_p_mis_base,delta__log10_p_mis_base,log10_p_mis_base,log10,False,none,True,True,-4.87597753672626,-0.0815257025462713,-4.91674038799939,-4.83521468545312,-4.87597753672626,-0.0815257025462713,-4.91674038799939,-4.83521468545312,1.33052323564898e-05,1.21132201969661e-05,1.4614545528077e-05,1.33052323564898e-05,1.21132201969661e-05,1.4614545528077e-05,-6.0,-1.0,1e-06,0.1,-2.24804492654749,2.24804492654749,fit_joint_tsne_vi_seed290_C01Sc02_vt_seed10,seed357,19.8055233823592,10,0.8288468617580045
p_wgd,log10_p_wgd,delta__log10_p_wgd,log10_p_wgd,log10,False,none,True,True,-3.73050868137285,-0.627857693493757,-4.04443752811973,-3.41657983462597,-3.73050868137285,-0.627857693493757,-4.04443752811973,-3.41657983462597,0.0001859907384046,9.02739554346123e-05,0.0003831952926597,0.0001859907384046,9.02739554346123e-05,0.0003831952926597,-5.0,-3.0,1e-05,0.001,-1.4610173627457,1.4610173627457,fit_joint_tsne_vi_seed290_C01Sc02_vt_seed10,seed357,19.8055233823592,10,0.23558210960274215
gamma_mu,gamma_mu,delta__gamma_mu,gamma_mu,identity,False,none,True,True,2.0306417855098,1.66128357101961,2.86128357101961,1.2,2.0306417855098,1.66128357101961,2.86128357101961,1.2,2.0306417855098,2.86128357101961,1.2,2.0306417855098,2.86128357101961,1.2,1.2,3.5,1.2,3.5,-1.66128357101961,1.66128357101961,fit_joint_tsne_vi_seed290_C01Sc02_vt_seed10,seed357,19.8055233823592,10,2.384402975849675
O2_crit,log10_O2_crit,delta__log10_O2_crit,log10_O2_crit,log10_nonnegative,False,none,True,True,-0.0425901081438662,-0.485899823198656,-0.285540019743194,0.200359803455462,-0.0425901081438662,-0.485899823198656,-0.285540019743194,0.200359803455462,0.906587844709911,0.518155342380994,1.58620678578554,0.906587844709911,0.518155342380994,1.58620678578554,-4.0,0.397940008672038,0.0001,2.5,-0.881060233631808,0.881060233631808,fit_joint_tsne_vi_seed311_C03Sc02_vt_seed10,seed18,19.4144872936097,1,0.326663173442665
mu_hp,log10_mu_hp,delta__log10_mu_hp,log10_mu_hp,log10,False,none,True,True,-1.6219577100252,1.35814457127756,-0.942885424386418,-2.30102999566398,-1.6219577100252,1.35814457127756,-0.942885424386418,-2.30102999566398,0.0238804381037991,0.114055064805876,0.005,0.0238804381037991,0.114055064805876,0.005,-2.30102999566398,-0.522878745280338,0.005,0.3,-1.35814457127756,1.35814457127756,fit_joint_tsne_vi_seed311_C03Sc02_vt_seed10,seed18,19.4144872936097,1,22.8110129611752
p_misseg,log10_p_misseg,delta__log10_p_misseg,log10_p_misseg,log10,False,none,True,True,-1.37445516633218,1.20429539748764,-0.772307467588359,-1.976602865076,-1.37445516633218,1.20429539748764,-0.772307467588359,-1.976602865076,0.0422225864585557,0.168924457323728,0.0105535150770604,0.0422225864585557,0.168924457323728,0.0105535150770604,-2.30102999566398,-0.301029995663981,0.005,0.5,-1.8531496586636,1.8531496586636,fit_joint_tsne_vi_seed311_C03Sc02_vt_seed10,seed18,19.4144872936097,1,16.00646382653206
k_o_mis,log10_k_o_mis,delta__log10_k_o_mis,log10_k_o_mis,log10,False,none,True,True,-3.39417693088808,1.10626839036423,-2.84104273570597,-3.9473111260702,-3.39417693088808,1.10626839036423,-2.84104273570597,-3.9473111260702,0.0004034809819627,0.0014419734506073,0.0001128986825222,0.0004034809819627,0.0014419734506073,0.0001128986825222,-5.0,-1.69897000433602,1e-05,0.02,-3.21164613822383,3.21164613822383,fit_joint_tsne_vi_seed311_C03Sc02_vt_seed10,seed18,19.4144872936097,1,12.772278811347116
buffer_smax,buffer_smax,delta__buffer_smax,buffer_smax,identity,False,none,True,True,0.952056423505255,-0.09588715298949,0.90411284701051,1.0,0.952056423505255,-0.09588715298949,0.90411284701051,1.0,0.952056423505255,0.90411284701051,1.0,0.952056423505255,0.90411284701051,1.0,0.0,1.0,0.0,1.0,-0.09588715298949,0.09588715298949,fit_joint_tsne_vi_seed311_C03Sc02_vt_seed10,seed18,19.4144872936097,1,0.90411284701051
buffer_beta,log10_buffer_beta,delta__log10_buffer_beta,log10_buffer_beta,log10,False,none,True,True,-0.401420568033222,-1.20625261384406,-1.00454687495525,0.201705738888809,-0.401420568033222,-1.20625261384406,-1.00454687495525,0.201705738888809,0.396807097861939,0.0989585048654445,1.59113027351929,0.396807097861939,0.0989585048654445,1.59113027351929,-2.0,1.0,0.01,10.0,-2.80284113606644,2.80284113606644,fit_joint_tsne_vi_seed311_C03Sc02_vt_seed10,seed18,19.4144872936097,1,0.06219384202059479
buffer_n_exp,log10_buffer_n_exp,delta__log10_buffer_n_exp,log10_buffer_n_exp,log10,False,none,True,True,0.704851869299439,0.410998833261865,0.910351285930372,0.499352452668507,0.704851869299439,0.410998833261865,0.910351285930372,0.499352452668507,5.06817811575481,8.13488252900956,3.15756611375965,5.06817811575481,8.13488252900956,3.15756611375965,-1.0,1.0,0.1,10.0,-0.590296261401121,0.590296261401121,fit_joint_tsne_vi_seed311_C03Sc02_vt_seed10,seed18,19.4144872936097,1,2.5763142356894377
n_O,n_O,delta__n_O,n_O,identity,False,none,True,True,3.38035900462499,3.02356834192001,4.892143175585,1.86857483366499,3.38035900462499,3.02356834192001,4.892143175585,1.86857483366499,3.38035900462499,4.892143175585,1.86857483366499,3.38035900462499,4.892143175585,1.86857483366499,0.0001,5.0,0.0001,5.0,-3.23928199075001,3.23928199075001,fit_joint_tsne_vi_seed311_C03Sc02_vt_seed10,seed18,19.4144872936097,1,2.618114665490616
alpha_o2,log10_alpha_o2,delta__log10_alpha_o2,log10_alpha_o2,log10,False,none,True,True,0.118426812598755,0.838913616525472,0.537883620861491,-0.301029995663981,0.118426812598755,0.838913616525472,0.537883620861491,-0.301029995663981,1.31349012666414,3.45051262568834,0.5,1.31349012666414,3.45051262568834,0.5,-0.301029995663981,0.602059991327962,0.5,4.0,-0.838913616525472,0.838913616525472,fit_joint_tsne_vi_seed311_C03Sc02_vt_seed10,seed18,19.4144872936097,1,6.90102525137668
gamma_growth,gamma_growth,delta__gamma_growth,gamma_growth,identity,False,none,True,True,1.71500846789226,0.43001693578451,1.93001693578451,1.5,1.71500846789226,0.43001693578451,1.93001693578451,1.5,1.71500846789226,1.93001693578451,1.5,1.71500846789226,1.93001693578451,1.5,1.5,4.5,1.5,4.5,-0.43001693578451,0.43001693578451,fit_joint_tsne_vi_seed311_C03Sc02_vt_seed10,seed18,19.4144872936097,1,1.2866779571896734
lam_max,log10_lam_max,delta__log10_lam_max,log10_lam_max,log10,False,none,True,True,-0.196511450648683,-0.65273458926331,-0.522878745280338,0.129855843982972,-0.196511450648683,-0.65273458926331,-0.522878745280338,0.129855843982972,0.636046034567302,0.3,1.3485151936293,0.636046034567302,0.3,1.3485151936293,-2.30102999566398,0.176091259055681,0.005,1.5,-0.745205419408728,0.745205419408728,fit_joint_tsne_vi_seed311_C03Sc02_vt_seed10,seed18,19.4144872936097,1,0.22246690390829105
p_mis_base,log10_p_mis_base,delta__log10_p_mis_base,log10_p_mis_base,log10,False,none,True,True,-3.1974966242073,3.74190622269472,-1.32654351285994,-5.06844973555466,-3.1974966242073,3.74190622269472,-1.32654351285994,-5.06844973555466,0.0006346048337771,0.047147263115454,8.54181703118544e-06,0.0006346048337771,0.047147263115454,8.54181703118544e-06,-6.0,-1.0,1e-06,0.1,-4.3949932484146,4.3949932484146,fit_joint_tsne_vi_seed311_C03Sc02_vt_seed10,seed18,19.4144872936097,1,5519.582419445815
p_wgd,log10_p_wgd,delta__log10_p_wgd,log10_p_wgd,log10,False,none,True,True,-3.4417424879925,0.0439708517582404,-3.41975706211338,-3.46372791387162,-3.4417424879925,0.0439708517582404,-3.41975706211338,-3.46372791387162,0.0003616242217448,0.0003804021281193,0.0003437732548949,0.0003616242217448,0.0003804021281193,0.0003437732548949,-5.0,-3.0,1e-05,0.001,-0.883484975985,0.883484975985,fit_joint_tsne_vi_seed311_C03Sc02_vt_seed10,seed18,19.4144872936097,1,1.1065495139684394
gamma_mu,gamma_mu,delta__gamma_mu,gamma_mu,identity,False,none,True,True,1.67772117751553,0.93884067529301,2.14714151516203,1.20830083986902,1.67772117751553,0.93884067529301,2.14714151516203,1.20830083986902,1.67772117751553,2.14714151516203,1.20830083986902,1.67772117751553,2.14714151516203,1.20830083986902,1.2,3.5,1.2,3.5,-0.955442355031054,0.955442355031054,fit_joint_tsne_vi_seed311_C03Sc02_vt_seed10,seed18,19.4144872936097,1,1.776992487561939
O2_crit,log10_O2_crit,delta__log10_O2_crit,log10_O2_crit,log10_nonnegative,False,none,True,True,-0.0425901081438662,-0.485899823198656,-0.285540019743194,0.200359803455462,-0.0425901081438662,-0.485899823198656,-0.285540019743194,0.200359803455462,0.906587844709911,0.518155342380994,1.58620678578554,0.906587844709911,0.518155342380994,1.58620678578554,-4.0,0.397940008672038,0.0001,2.5,-0.881060233631808,0.881060233631808,fit_joint_tsne_vi_seed311_C03Sc02_vt_seed10,seed402,19.4244061752049,2,0.326663173442665
mu_hp,log10_mu_hp,delta__log10_mu_hp,log10_mu_hp,log10,False,none,True,True,-1.6219577100252,1.35814457127756,-0.942885424386418,-2.30102999566398,-1.6219577100252,1.35814457127756,-0.942885424386418,-2.30102999566398,0.0238804381037991,0.114055064805876,0.005,0.0238804381037991,0.114055064805876,0.005,-2.30102999566398,-0.522878745280338,0.005,0.3,-1.35814457127756,1.35814457127756,fit_joint_tsne_vi_seed311_C03Sc02_vt_seed10,seed402,19.4244061752049,2,22.8110129611752
p_misseg,log10_p_misseg,delta__log10_p_misseg,log10_p_misseg,log10,False,none,True,True,-1.37445516633218,1.20429539748764,-0.772307467588359,-1.976602865076,-1.37445516633218,1.20429539748764,-0.772307467588359,-1.976602865076,0.0422225864585557,0.168924457323728,0.0105535150770604,0.0422225864585557,0.168924457323728,0.0105535150770604,-2.30102999566398,-0.301029995663981,0.005,0.5,-1.8531496586636,1.8531496586636,fit_joint_tsne_vi_seed311_C03Sc02_vt_seed10,seed402,19.4244061752049,2,16.00646382653206
k_o_mis,log10_k_o_mis,delta__log10_k_o_mis,log10_k_o_mis,log10,False,none,True,True,-3.39417693088808,1.10626839036423,-2.84104273570597,-3.9473111260702,-3.39417693088808,1.10626839036423,-2.84104273570597,-3.9473111260702,0.0004034809819627,0.0014419734506073,0.0001128986825222,0.0004034809819627,0.0014419734506073,0.0001128986825222,-5.0,-1.69897000433602,1e-05,0.02,-3.21164613822383,3.21164613822383,fit_joint_tsne_vi_seed311_C03Sc02_vt_seed10,seed402,19.4244061752049,2,12.772278811347116
buffer_smax,buffer_smax,delta__buffer_smax,buffer_smax,identity,False,none,True,True,0.952056423505255,-0.09588715298949,0.90411284701051,1.0,0.952056423505255,-0.09588715298949,0.90411284701051,1.0,0.952056423505255,0.90411284701051,1.0,0.952056423505255,0.90411284701051,1.0,0.0,1.0,0.0,1.0,-0.09588715298949,0.09588715298949,fit_joint_tsne_vi_seed311_C03Sc02_vt_seed10,seed402,19.4244061752049,2,0.90411284701051
buffer_beta,log10_buffer_beta,delta__log10_buffer_beta,log10_buffer_beta,log10,False,none,True,True,-0.401420568033222,-1.20625261384406,-1.00454687495525,0.201705738888809,-0.401420568033222,-1.20625261384406,-1.00454687495525,0.201705738888809,0.396807097861939,0.0989585048654445,1.59113027351929,0.396807097861939,0.0989585048654445,1.59113027351929,-2.0,1.0,0.01,10.0,-2.80284113606644,2.80284113606644,fit_joint_tsne_vi_seed311_C03Sc02_vt_seed10,seed402,19.4244061752049,2,0.06219384202059479
buffer_n_exp,log10_buffer_n_exp,delta__log10_buffer_n_exp,log10_buffer_n_exp,log10,False,none,True,True,0.704851869299439,0.410998833261865,0.910351285930372,0.499352452668507,0.704851869299439,0.410998833261865,0.910351285930372,0.499352452668507,5.06817811575481,8.13488252900956,3.15756611375965,5.06817811575481,8.13488252900956,3.15756611375965,-1.0,1.0,0.1,10.0,-0.590296261401121,0.590296261401121,fit_joint_tsne_vi_seed311_C03Sc02_vt_seed10,seed402,19.4244061752049,2,2.5763142356894377
n_O,n_O,delta__n_O,n_O,identity,False,none,True,True,3.38035900462499,3.02356834192001,4.892143175585,1.86857483366499,3.38035900462499,3.02356834192001,4.892143175585,1.86857483366499,3.38035900462499,4.892143175585,1.86857483366499,3.38035900462499,4.892143175585,1.86857483366499,0.0001,5.0,0.0001,5.0,-3.23928199075001,3.23928199075001,fit_joint_tsne_vi_seed311_C03Sc02_vt_seed10,seed402,19.4244061752049,2,2.618114665490616
alpha_o2,log10_alpha_o2,delta__log10_alpha_o2,log10_alpha_o2,log10,False,none,True,True,0.118426812598755,0.838913616525472,0.537883620861491,-0.301029995663981,0.118426812598755,0.838913616525472,0.537883620861491,-0.301029995663981,1.31349012666414,3.45051262568834,0.5,1.31349012666414,3.45051262568834,0.5,-0.301029995663981,0.602059991327962,0.5,4.0,-0.838913616525472,0.838913616525472,fit_joint_tsne_vi_seed311_C03Sc02_vt_seed10,seed402,19.4244061752049,2,6.90102525137668
gamma_growth,gamma_growth,delta__gamma_growth,gamma_growth,identity,False,none,True,True,1.71500846789226,0.43001693578451,1.93001693578451,1.5,1.71500846789226,0.43001693578451,1.93001693578451,1.5,1.71500846789226,1.93001693578451,1.5,1.71500846789226,1.93001693578451,1.5,1.5,4.5,1.5,4.5,-0.43001693578451,0.43001693578451,fit_joint_tsne_vi_seed311_C03Sc02_vt_seed10,seed402,19.4244061752049,2,1.2866779571896734
lam_max,log10_lam_max,delta__log10_lam_max,log10_lam_max,log10,False,none,True,True,-0.196511450648683,-0.65273458926331,-0.522878745280338,0.129855843982972,-0.196511450648683,-0.65273458926331,-0.522878745280338,0.129855843982972,0.636046034567302,0.3,1.3485151936293,0.636046034567302,0.3,1.3485151936293,-2.30102999566398,0.176091259055681,0.005,1.5,-0.745205419408728,0.745205419408728,fit_joint_tsne_vi_seed311_C03Sc02_vt_seed10,seed402,19.4244061752049,2,0.22246690390829105
p_mis_base,log10_p_mis_base,delta__log10_p_mis_base,log10_p_mis_base,log10,False,none,True,True,-3.1974966242073,3.74190622269472,-1.32654351285994,-5.06844973555466,-3.1974966242073,3.74190622269472,-1.32654351285994,-5.06844973555466,0.0006346048337771,0.047147263115454,8.54181703118544e-06,0.0006346048337771,0.047147263115454,8.54181703118544e-06,-6.0,-1.0,1e-06,0.1,-4.3949932484146,4.3949932484146,fit_joint_tsne_vi_seed311_C03Sc02_vt_seed10,seed402,19.4244061752049,2,5519.582419445815
p_wgd,log10_p_wgd,delta__log10_p_wgd,log10_p_wgd,log10,False,none,True,True,-3.28050140050511,0.0474391816211995,-3.25678180969451,-3.30422099131571,-3.28050140050511,0.0474391816211995,-3.25678180969451,-3.30422099131571,0.0005242019105687,0.0005536281831226,0.0004963396940777,0.0005242019105687,0.0005536281831226,0.0004963396940777,-5.0,-3.0,1e-05,0.001,-0.561002801010217,0.561002801010217,fit_joint_tsne_vi_seed311_C03Sc02_vt_seed10,seed402,19.4244061752049,2,1.1154219372910597
gamma_mu,gamma_mu,delta__gamma_mu,gamma_mu,identity,False,none,True,True,1.66942033764651,0.93884067529301,2.13884067529301,1.2,1.66942033764651,0.93884067529301,2.13884067529301,1.2,1.66942033764651,2.13884067529301,1.2,1.66942033764651,2.13884067529301,1.2,1.2,3.5,1.2,3.5,-0.93884067529301,0.93884067529301,fit_joint_tsne_vi_seed311_C03Sc02_vt_seed10,seed402,19.4244061752049,2,1.7823672294108417
O2_crit,log10_O2_crit,delta__log10_O2_crit,log10_O2_crit,log10_nonnegative,False,none,True,True,-0.0425901081438662,-0.485899823198656,-0.285540019743194,0.200359803455462,-0.0425901081438662,-0.485899823198656,-0.285540019743194,0.200359803455462,0.906587844709911,0.518155342380994,1.58620678578554,0.906587844709911,0.518155342380994,1.58620678578554,-4.0,0.397940008672038,0.0001,2.5,-0.881060233631808,0.881060233631808,fit_joint_tsne_vi_seed311_C03Sc02_vt_seed10,seed255,19.4244829936728,3,0.326663173442665
mu_hp,log10_mu_hp,delta__log10_mu_hp,log10_mu_hp,log10,False,none,True,True,-1.6219577100252,1.35814457127756,-0.942885424386418,-2.30102999566398,-1.6219577100252,1.35814457127756,-0.942885424386418,-2.30102999566398,0.0238804381037991,0.114055064805876,0.005,0.0238804381037991,0.114055064805876,0.005,-2.30102999566398,-0.522878745280338,0.005,0.3,-1.35814457127756,1.35814457127756,fit_joint_tsne_vi_seed311_C03Sc02_vt_seed10,seed255,19.4244829936728,3,22.8110129611752
p_misseg,log10_p_misseg,delta__log10_p_misseg,log10_p_misseg,log10,False,none,True,True,-1.37445516633218,1.20429539748764,-0.772307467588359,-1.976602865076,-1.37445516633218,1.20429539748764,-0.772307467588359,-1.976602865076,0.0422225864585557,0.168924457323728,0.0105535150770604,0.0422225864585557,0.168924457323728,0.0105535150770604,-2.30102999566398,-0.301029995663981,0.005,0.5,-1.8531496586636,1.8531496586636,fit_joint_tsne_vi_seed311_C03Sc02_vt_seed10,seed255,19.4244829936728,3,16.00646382653206
k_o_mis,log10_k_o_mis,delta__log10_k_o_mis,log10_k_o_mis,log10,False,none,True,True,-3.39417693088808,1.10626839036423,-2.84104273570597,-3.9473111260702,-3.39417693088808,1.10626839036423,-2.84104273570597,-3.9473111260702,0.0004034809819627,0.0014419734506073,0.0001128986825222,0.0004034809819627,0.0014419734506073,0.0001128986825222,-5.0,-1.69897000433602,1e-05,0.02,-3.21164613822383,3.21164613822383,fit_joint_tsne_vi_seed311_C03Sc02_vt_seed10,seed255,19.4244829936728,3,12.772278811347116
buffer_smax,buffer_smax,delta__buffer_smax,buffer_smax,identity,False,none,True,True,0.952056423505255,-0.09588715298949,0.90411284701051,1.0,0.952056423505255,-0.09588715298949,0.90411284701051,1.0,0.952056423505255,0.90411284701051,1.0,0.952056423505255,0.90411284701051,1.0,0.0,1.0,0.0,1.0,-0.09588715298949,0.09588715298949,fit_joint_tsne_vi_seed311_C03Sc02_vt_seed10,seed255,19.4244829936728,3,0.90411284701051
buffer_beta,log10_buffer_beta,delta__log10_buffer_beta,log10_buffer_beta,log10,False,none,True,True,-0.401420568033222,-1.20625261384406,-1.00454687495525,0.201705738888809,-0.401420568033222,-1.20625261384406,-1.00454687495525,0.201705738888809,0.396807097861939,0.0989585048654445,1.59113027351929,0.396807097861939,0.0989585048654445,1.59113027351929,-2.0,1.0,0.01,10.0,-2.80284113606644,2.80284113606644,fit_joint_tsne_vi_seed311_C03Sc02_vt_seed10,seed255,19.4244829936728,3,0.06219384202059479
buffer_n_exp,log10_buffer_n_exp,delta__log10_buffer_n_exp,log10_buffer_n_exp,log10,False,none,True,True,0.704851869299439,0.410998833261865,0.910351285930372,0.499352452668507,0.704851869299439,0.410998833261865,0.910351285930372,0.499352452668507,5.06817811575481,8.13488252900956,3.15756611375965,5.06817811575481,8.13488252900956,3.15756611375965,-1.0,1.0,0.1,10.0,-0.590296261401121,0.590296261401121,fit_joint_tsne_vi_seed311_C03Sc02_vt_seed10,seed255,19.4244829936728,3,2.5763142356894377
n_O,n_O,delta__n_O,n_O,identity,False,none,True,True,3.38035900462499,3.02356834192001,4.892143175585,1.86857483366499,3.38035900462499,3.02356834192001,4.892143175585,1.86857483366499,3.38035900462499,4.892143175585,1.86857483366499,3.38035900462499,4.892143175585,1.86857483366499,0.0001,5.0,0.0001,5.0,-3.23928199075001,3.23928199075001,fit_joint_tsne_vi_seed311_C03Sc02_vt_seed10,seed255,19.4244829936728,3,2.618114665490616
alpha_o2,log10_alpha_o2,delta__log10_alpha_o2,log10_alpha_o2,log10,False,none,True,True,0.118426812598755,0.838913616525472,0.537883620861491,-0.301029995663981,0.118426812598755,0.838913616525472,0.537883620861491,-0.301029995663981,1.31349012666414,3.45051262568834,0.5,1.31349012666414,3.45051262568834,0.5,-0.301029995663981,0.602059991327962,0.5,4.0,-0.838913616525472,0.838913616525472,fit_joint_tsne_vi_seed311_C03Sc02_vt_seed10,seed255,19.4244829936728,3,6.90102525137668
gamma_growth,gamma_growth,delta__gamma_growth,gamma_growth,identity,False,none,True,True,1.71500846789226,0.426824860965587,1.92842089837505,1.50159603740946,1.71500846789226,0.426824860965587,1.92842089837505,1.50159603740946,1.71500846789226,1.92842089837505,1.50159603740946,1.71500846789226,1.92842089837505,1.50159603740946,1.5,4.5,1.5,4.5,-0.43001693578451,0.43001693578451,fit_joint_tsne_vi_seed311_C03Sc02_vt_seed10,seed255,19.4244829936728,3,1.284247460922942
lam_max,log10_lam_max,delta__log10_lam_max,log10_lam_max,log10,False,none,True,True,-0.196511450648683,-0.65273458926331,-0.522878745280338,0.129855843982972,-0.196511450648683,-0.65273458926331,-0.522878745280338,0.129855843982972,0.636046034567302,0.3,1.3485151936293,0.636046034567302,0.3,1.3485151936293,-2.30102999566398,0.176091259055681,0.005,1.5,-0.745205419408728,0.745205419408728,fit_joint_tsne_vi_seed311_C03Sc02_vt_seed10,seed255,19.4244829936728,3,0.22246690390829105
p_mis_base,log10_p_mis_base,delta__log10_p_mis_base,log10_p_mis_base,log10,False,none,True,True,-3.1974966242073,3.74190622269472,-1.32654351285994,-5.06844973555466,-3.1974966242073,3.74190622269472,-1.32654351285994,-5.06844973555466,0.0006346048337771,0.047147263115454,8.54181703118544e-06,0.0006346048337771,0.047147263115454,8.54181703118544e-06,-6.0,-1.0,1e-06,0.1,-4.3949932484146,4.3949932484146,fit_joint_tsne_vi_seed311_C03Sc02_vt_seed10,seed255,19.4244829936728,3,5519.582419445815
p_wgd,log10_p_wgd,delta__log10_p_wgd,log10_p_wgd,log10,False,none,True,True,-3.29278812220045,0.0164816293645423,-3.28454730751818,-3.30102893688272,-3.29278812220045,0.0164816293645423,-3.28454730751818,-3.30102893688272,0.0005095794172332,0.0005193410988147,0.0005000012189684,0.0005095794172332,0.0005193410988147,0.0005000012189684,-5.0,-3.0,1e-05,0.001,-0.585576244400894,0.585576244400894,fit_joint_tsne_vi_seed311_C03Sc02_vt_seed10,seed255,19.4244829936728,3,1.0386796653940205
gamma_mu,gamma_mu,delta__gamma_mu,gamma_mu,identity,False,none,True,True,1.66942033764651,0.93884067529301,2.13884067529301,1.2,1.66942033764651,0.93884067529301,2.13884067529301,1.2,1.66942033764651,2.13884067529301,1.2,1.66942033764651,2.13884067529301,1.2,1.2,3.5,1.2,3.5,-0.93884067529301,0.93884067529301,fit_joint_tsne_vi_seed311_C03Sc02_vt_seed10,seed255,19.4244829936728,3,1.7823672294108417
O2_crit,log10_O2_crit,delta__log10_O2_crit,log10_O2_crit,log10_nonnegative,False,none,True,True,-0.0425901081438662,-0.485899823198656,-0.285540019743194,0.200359803455462,-0.0425901081438662,-0.485899823198656,-0.285540019743194,0.200359803455462,0.906587844709911,0.518155342380994,1.58620678578554,0.906587844709911,0.518155342380994,1.58620678578554,-4.0,0.397940008672038,0.0001,2.5,-0.881060233631808,0.881060233631808,fit_joint_tsne_vi_seed311_C03Sc02_vt_seed10,seed43,19.4258497359334,4,0.326663173442665
mu_hp,log10_mu_hp,delta__log10_mu_hp,log10_mu_hp,log10,False,none,True,True,-1.6219577100252,1.35814457127756,-0.942885424386418,-2.30102999566398,-1.6219577100252,1.35814457127756,-0.942885424386418,-2.30102999566398,0.0238804381037991,0.114055064805876,0.005,0.0238804381037991,0.114055064805876,0.005,-2.30102999566398,-0.522878745280338,0.005,0.3,-1.35814457127756,1.35814457127756,fit_joint_tsne_vi_seed311_C03Sc02_vt_seed10,seed43,19.4258497359334,4,22.8110129611752
p_misseg,log10_p_misseg,delta__log10_p_misseg,log10_p_misseg,log10,False,none,True,True,-1.37445516633218,1.20429539748764,-0.772307467588359,-1.976602865076,-1.37445516633218,1.20429539748764,-0.772307467588359,-1.976602865076,0.0422225864585557,0.168924457323728,0.0105535150770604,0.0422225864585557,0.168924457323728,0.0105535150770604,-2.30102999566398,-0.301029995663981,0.005,0.5,-1.8531496586636,1.8531496586636,fit_joint_tsne_vi_seed311_C03Sc02_vt_seed10,seed43,19.4258497359334,4,16.00646382653206
k_o_mis,log10_k_o_mis,delta__log10_k_o_mis,log10_k_o_mis,log10,False,none,True,True,-3.39417693088808,1.10626839036423,-2.84104273570597,-3.9473111260702,-3.39417693088808,1.10626839036423,-2.84104273570597,-3.9473111260702,0.0004034809819627,0.0014419734506073,0.0001128986825222,0.0004034809819627,0.0014419734506073,0.0001128986825222,-5.0,-1.69897000433602,1e-05,0.02,-3.21164613822383,3.21164613822383,fit_joint_tsne_vi_seed311_C03Sc02_vt_seed10,seed43,19.4258497359334,4,12.772278811347116
buffer_smax,buffer_smax,delta__buffer_smax,buffer_smax,identity,False,none,True,True,0.952056423505255,-0.09588715298949,0.90411284701051,1.0,0.952056423505255,-0.09588715298949,0.90411284701051,1.0,0.952056423505255,0.90411284701051,1.0,0.952056423505255,0.90411284701051,1.0,0.0,1.0,0.0,1.0,-0.09588715298949,0.09588715298949,fit_joint_tsne_vi_seed311_C03Sc02_vt_seed10,seed43,19.4258497359334,4,0.90411284701051
buffer_beta,log10_buffer_beta,delta__log10_buffer_beta,log10_buffer_beta,log10,False,none,True,True,-0.401420568033222,-1.20625261384406,-1.00454687495525,0.201705738888809,-0.401420568033222,-1.20625261384406,-1.00454687495525,0.201705738888809,0.396807097861939,0.0989585048654445,1.59113027351929,0.396807097861939,0.0989585048654445,1.59113027351929,-2.0,1.0,0.01,10.0,-2.80284113606644,2.80284113606644,fit_joint_tsne_vi_seed311_C03Sc02_vt_seed10,seed43,19.4258497359334,4,0.06219384202059479
buffer_n_exp,log10_buffer_n_exp,delta__log10_buffer_n_exp,log10_buffer_n_exp,log10,False,none,True,True,0.704851869299439,0.410998833261865,0.910351285930372,0.499352452668507,0.704851869299439,0.410998833261865,0.910351285930372,0.499352452668507,5.06817811575481,8.13488252900956,3.15756611375965,5.06817811575481,8.13488252900956,3.15756611375965,-1.0,1.0,0.1,10.0,-0.590296261401121,0.590296261401121,fit_joint_tsne_vi_seed311_C03Sc02_vt_seed10,seed43,19.4258497359334,4,2.5763142356894377
n_O,n_O,delta__n_O,n_O,identity,False,none,True,True,3.38035900462499,3.02356834192001,4.892143175585,1.86857483366499,3.38035900462499,3.02356834192001,4.892143175585,1.86857483366499,3.38035900462499,4.892143175585,1.86857483366499,3.38035900462499,4.892143175585,1.86857483366499,0.0001,5.0,0.0001,5.0,-3.23928199075001,3.23928199075001,fit_joint_tsne_vi_seed311_C03Sc02_vt_seed10,seed43,19.4258497359334,4,2.618114665490616
alpha_o2,log10_alpha_o2,delta__log10_alpha_o2,log10_alpha_o2,log10,False,none,True,True,0.118426812598755,0.838913616525472,0.537883620861491,-0.301029995663981,0.118426812598755,0.838913616525472,0.537883620861491,-0.301029995663981,1.31349012666414,3.45051262568834,0.5,1.31349012666414,3.45051262568834,0.5,-0.301029995663981,0.602059991327962,0.5,4.0,-0.838913616525472,0.838913616525472,fit_joint_tsne_vi_seed311_C03Sc02_vt_seed10,seed43,19.4258497359334,4,6.90102525137668
gamma_growth,gamma_growth,delta__gamma_growth,gamma_growth,identity,False,none,True,True,1.71500846789226,0.43001693578451,1.93001693578451,1.5,1.71500846789226,0.43001693578451,1.93001693578451,1.5,1.71500846789226,1.93001693578451,1.5,1.71500846789226,1.93001693578451,1.5,1.5,4.5,1.5,4.5,-0.43001693578451,0.43001693578451,fit_joint_tsne_vi_seed311_C03Sc02_vt_seed10,seed43,19.4258497359334,4,1.2866779571896734
lam_max,log10_lam_max,delta__log10_lam_max,log10_lam_max,log10,False,none,True,True,-0.196511450648683,-0.65273458926331,-0.522878745280338,0.129855843982972,-0.196511450648683,-0.65273458926331,-0.522878745280338,0.129855843982972,0.636046034567302,0.3,1.3485151936293,0.636046034567302,0.3,1.3485151936293,-2.30102999566398,0.176091259055681,0.005,1.5,-0.745205419408728,0.745205419408728,fit_joint_tsne_vi_seed311_C03Sc02_vt_seed10,seed43,19.4258497359334,4,0.22246690390829105
p_mis_base,log10_p_mis_base,delta__log10_p_mis_base,log10_p_mis_base,log10,False,none,True,True,-3.1974966242073,3.74190622269472,-1.32654351285994,-5.06844973555466,-3.1974966242073,3.74190622269472,-1.32654351285994,-5.06844973555466,0.0006346048337771,0.047147263115454,8.54181703118544e-06,0.0006346048337771,0.047147263115454,8.54181703118544e-06,-6.0,-1.0,1e-06,0.1,-4.3949932484146,4.3949932484146,fit_joint_tsne_vi_seed311_C03Sc02_vt_seed10,seed43,19.4258497359334,4,5519.582419445815
p_wgd,log10_p_wgd,delta__log10_p_wgd,log10_p_wgd,log10,False,none,True,True,-3.28050140050511,0.0326909912225019,-3.26415590489386,-3.29684689611636,-3.28050140050511,0.0326909912225019,-3.26415590489386,-3.29684689611636,0.0005242019105687,0.0005443072200279,0.0005048392395563,0.0005242019105687,0.0005443072200279,0.0005048392395563,-5.0,-3.0,1e-05,0.001,-0.561002801010217,0.561002801010217,fit_joint_tsne_vi_seed311_C03Sc02_vt_seed10,seed43,19.4258497359334,4,1.07817930418065
gamma_mu,gamma_mu,delta__gamma_mu,gamma_mu,identity,False,none,True,True,1.66942033764651,0.93884067529301,2.13884067529301,1.2,1.66942033764651,0.93884067529301,2.13884067529301,1.2,1.66942033764651,2.13884067529301,1.2,1.66942033764651,2.13884067529301,1.2,1.2,3.5,1.2,3.5,-0.93884067529301,0.93884067529301,fit_joint_tsne_vi_seed311_C03Sc02_vt_seed10,seed43,19.4258497359334,4,1.7823672294108417
O2_crit,log10_O2_crit,delta__log10_O2_crit,log10_O2_crit,log10_nonnegative,False,none,True,True,-0.0425901081438662,-0.485899823198656,-0.285540019743194,0.200359803455462,-0.0425901081438662,-0.485899823198656,-0.285540019743194,0.200359803455462,0.906587844709911,0.518155342380994,1.58620678578554,0.906587844709911,0.518155342380994,1.58620678578554,-4.0,0.397940008672038,0.0001,2.5,-0.881060233631808,0.881060233631808,fit_joint_tsne_vi_seed311_C03Sc02_vt_seed10,seed34,19.4263535185484,5,0.326663173442665
mu_hp,log10_mu_hp,delta__log10_mu_hp,log10_mu_hp,log10,False,none,True,True,-1.6219577100252,1.35814457127756,-0.942885424386418,-2.30102999566398,-1.6219577100252,1.35814457127756,-0.942885424386418,-2.30102999566398,0.0238804381037991,0.114055064805876,0.005,0.0238804381037991,0.114055064805876,0.005,-2.30102999566398,-0.522878745280338,0.005,0.3,-1.35814457127756,1.35814457127756,fit_joint_tsne_vi_seed311_C03Sc02_vt_seed10,seed34,19.4263535185484,5,22.8110129611752
p_misseg,log10_p_misseg,delta__log10_p_misseg,log10_p_misseg,log10,False,none,True,True,-1.37445516633218,1.20429539748764,-0.772307467588359,-1.976602865076,-1.37445516633218,1.20429539748764,-0.772307467588359,-1.976602865076,0.0422225864585557,0.168924457323728,0.0105535150770604,0.0422225864585557,0.168924457323728,0.0105535150770604,-2.30102999566398,-0.301029995663981,0.005,0.5,-1.8531496586636,1.8531496586636,fit_joint_tsne_vi_seed311_C03Sc02_vt_seed10,seed34,19.4263535185484,5,16.00646382653206
k_o_mis,log10_k_o_mis,delta__log10_k_o_mis,log10_k_o_mis,log10,False,none,True,True,-3.39417693088808,1.10626839036423,-2.84104273570597,-3.9473111260702,-3.39417693088808,1.10626839036423,-2.84104273570597,-3.9473111260702,0.0004034809819627,0.0014419734506073,0.0001128986825222,0.0004034809819627,0.0014419734506073,0.0001128986825222,-5.0,-1.69897000433602,1e-05,0.02,-3.21164613822383,3.21164613822383,fit_joint_tsne_vi_seed311_C03Sc02_vt_seed10,seed34,19.4263535185484,5,12.772278811347116
buffer_smax,buffer_smax,delta__buffer_smax,buffer_smax,identity,False,none,True,True,0.952056423505255,-0.09588715298949,0.90411284701051,1.0,0.952056423505255,-0.09588715298949,0.90411284701051,1.0,0.952056423505255,0.90411284701051,1.0,0.952056423505255,0.90411284701051,1.0,0.0,1.0,0.0,1.0,-0.09588715298949,0.09588715298949,fit_joint_tsne_vi_seed311_C03Sc02_vt_seed10,seed34,19.4263535185484,5,0.90411284701051
buffer_beta,log10_buffer_beta,delta__log10_buffer_beta,log10_buffer_beta,log10,False,none,True,True,-0.401420568033222,-1.20625261384406,-1.00454687495525,0.201705738888809,-0.401420568033222,-1.20625261384406,-1.00454687495525,0.201705738888809,0.396807097861939,0.0989585048654445,1.59113027351929,0.396807097861939,0.0989585048654445,1.59113027351929,-2.0,1.0,0.01,10.0,-2.80284113606644,2.80284113606644,fit_joint_tsne_vi_seed311_C03Sc02_vt_seed10,seed34,19.4263535185484,5,0.06219384202059479
buffer_n_exp,log10_buffer_n_exp,delta__log10_buffer_n_exp,log10_buffer_n_exp,log10,False,none,True,True,0.704851869299439,0.410998833261865,0.910351285930372,0.499352452668507,0.704851869299439,0.410998833261865,0.910351285930372,0.499352452668507,5.06817811575481,8.13488252900956,3.15756611375965,5.06817811575481,8.13488252900956,3.15756611375965,-1.0,1.0,0.1,10.0,-0.590296261401121,0.590296261401121,fit_joint_tsne_vi_seed311_C03Sc02_vt_seed10,seed34,19.4263535185484,5,2.5763142356894377
n_O,n_O,delta__n_O,n_O,identity,False,none,True,True,3.38035900462499,3.02356834192001,4.892143175585,1.86857483366499,3.38035900462499,3.02356834192001,4.892143175585,1.86857483366499,3.38035900462499,4.892143175585,1.86857483366499,3.38035900462499,4.892143175585,1.86857483366499,0.0001,5.0,0.0001,5.0,-3.23928199075001,3.23928199075001,fit_joint_tsne_vi_seed311_C03Sc02_vt_seed10,seed34,19.4263535185484,5,2.618114665490616
alpha_o2,log10_alpha_o2,delta__log10_alpha_o2,log10_alpha_o2,log10,False,none,True,True,0.118426812598755,0.838913616525472,0.537883620861491,-0.301029995663981,0.118426812598755,0.838913616525472,0.537883620861491,-0.301029995663981,1.31349012666414,3.45051262568834,0.5,1.31349012666414,3.45051262568834,0.5,-0.301029995663981,0.602059991327962,0.5,4.0,-0.838913616525472,0.838913616525472,fit_joint_tsne_vi_seed311_C03Sc02_vt_seed10,seed34,19.4263535185484,5,6.90102525137668
gamma_growth,gamma_growth,delta__gamma_growth,gamma_growth,identity,False,none,True,True,1.71500846789226,0.43001693578451,1.93001693578451,1.5,1.71500846789226,0.43001693578451,1.93001693578451,1.5,1.71500846789226,1.93001693578451,1.5,1.71500846789226,1.93001693578451,1.5,1.5,4.5,1.5,4.5,-0.43001693578451,0.43001693578451,fit_joint_tsne_vi_seed311_C03Sc02_vt_seed10,seed34,19.4263535185484,5,1.2866779571896734
lam_max,log10_lam_max,delta__log10_lam_max,log10_lam_max,log10,False,none,True,True,-0.196511450648683,-0.65273458926331,-0.522878745280338,0.129855843982972,-0.196511450648683,-0.65273458926331,-0.522878745280338,0.129855843982972,0.636046034567302,0.3,1.3485151936293,0.636046034567302,0.3,1.3485151936293,-2.30102999566398,0.176091259055681,0.005,1.5,-0.745205419408728,0.745205419408728,fit_joint_tsne_vi_seed311_C03Sc02_vt_seed10,seed34,19.4263535185484,5,0.22246690390829105
p_mis_base,log10_p_mis_base,delta__log10_p_mis_base,log10_p_mis_base,log10,False,none,True,True,-3.1974966242073,3.74190622269472,-1.32654351285994,-5.06844973555466,-3.1974966242073,3.74190622269472,-1.32654351285994,-5.06844973555466,0.0006346048337771,0.047147263115454,8.54181703118544e-06,0.0006346048337771,0.047147263115454,8.54181703118544e-06,-6.0,-1.0,1e-06,0.1,-4.3949932484146,4.3949932484146,fit_joint_tsne_vi_seed311_C03Sc02_vt_seed10,seed34,19.4263535185484,5,5519.582419445815
p_wgd,log10_p_wgd,delta__log10_p_wgd,log10_p_wgd,log10,False,none,True,True,-3.28050140050511,0.0405623808701223,-3.26022021007005,-3.30078259094017,-3.28050140050511,0.0405623808701223,-3.26022021007005,-3.30078259094017,0.0005242019105687,0.0005492622984572,0.000500284916361,0.0005242019105687,0.0005492622984572,0.000500284916361,-5.0,-3.0,1e-05,0.001,-0.561002801010217,0.561002801010217,fit_joint_tsne_vi_seed311_C03Sc02_vt_seed10,seed34,19.4263535185484,5,1.0978989781511992
gamma_mu,gamma_mu,delta__gamma_mu,gamma_mu,identity,False,none,True,True,1.66942033764651,0.93884067529301,2.13884067529301,1.2,1.66942033764651,0.93884067529301,2.13884067529301,1.2,1.66942033764651,2.13884067529301,1.2,1.66942033764651,2.13884067529301,1.2,1.2,3.5,1.2,3.5,-0.93884067529301,0.93884067529301,fit_joint_tsne_vi_seed311_C03Sc02_vt_seed10,seed34,19.4263535185484,5,1.7823672294108417
O2_crit,log10_O2_crit,delta__log10_O2_crit,log10_O2_crit,log10_nonnegative,False,none,True,True,-0.0425901081438662,-0.485899823198656,-0.285540019743194,0.200359803455462,-0.0425901081438662,-0.485899823198656,-0.285540019743194,0.200359803455462,0.906587844709911,0.518155342380994,1.58620678578554,0.906587844709911,0.518155342380994,1.58620678578554,-4.0,0.397940008672038,0.0001,2.5,-0.881060233631808,0.881060233631808,fit_joint_tsne_vi_seed311_C03Sc02_vt_seed10,seed155,19.4265068306356,6,0.326663173442665
mu_hp,log10_mu_hp,delta__log10_mu_hp,log10_mu_hp,log10,False,none,True,True,-1.6219577100252,1.35814457127756,-0.942885424386418,-2.30102999566398,-1.6219577100252,1.35814457127756,-0.942885424386418,-2.30102999566398,0.0238804381037991,0.114055064805876,0.005,0.0238804381037991,0.114055064805876,0.005,-2.30102999566398,-0.522878745280338,0.005,0.3,-1.35814457127756,1.35814457127756,fit_joint_tsne_vi_seed311_C03Sc02_vt_seed10,seed155,19.4265068306356,6,22.8110129611752
p_misseg,log10_p_misseg,delta__log10_p_misseg,log10_p_misseg,log10,False,none,True,True,-1.37445516633218,1.20429539748764,-0.772307467588359,-1.976602865076,-1.37445516633218,1.20429539748764,-0.772307467588359,-1.976602865076,0.0422225864585557,0.168924457323728,0.0105535150770604,0.0422225864585557,0.168924457323728,0.0105535150770604,-2.30102999566398,-0.301029995663981,0.005,0.5,-1.8531496586636,1.8531496586636,fit_joint_tsne_vi_seed311_C03Sc02_vt_seed10,seed155,19.4265068306356,6,16.00646382653206
k_o_mis,log10_k_o_mis,delta__log10_k_o_mis,log10_k_o_mis,log10,False,none,True,True,-3.39417693088808,1.10626839036423,-2.84104273570597,-3.9473111260702,-3.39417693088808,1.10626839036423,-2.84104273570597,-3.9473111260702,0.0004034809819627,0.0014419734506073,0.0001128986825222,0.0004034809819627,0.0014419734506073,0.0001128986825222,-5.0,-1.69897000433602,1e-05,0.02,-3.21164613822383,3.21164613822383,fit_joint_tsne_vi_seed311_C03Sc02_vt_seed10,seed155,19.4265068306356,6,12.772278811347116
buffer_smax,buffer_smax,delta__buffer_smax,buffer_smax,identity,False,none,True,True,0.952056423505255,-0.09588715298949,0.90411284701051,1.0,0.952056423505255,-0.09588715298949,0.90411284701051,1.0,0.952056423505255,0.90411284701051,1.0,0.952056423505255,0.90411284701051,1.0,0.0,1.0,0.0,1.0,-0.09588715298949,0.09588715298949,fit_joint_tsne_vi_seed311_C03Sc02_vt_seed10,seed155,19.4265068306356,6,0.90411284701051
buffer_beta,log10_buffer_beta,delta__log10_buffer_beta,log10_buffer_beta,log10,False,none,True,True,-0.401420568033222,-1.20625261384406,-1.00454687495525,0.201705738888809,-0.401420568033222,-1.20625261384406,-1.00454687495525,0.201705738888809,0.396807097861939,0.0989585048654445,1.59113027351929,0.396807097861939,0.0989585048654445,1.59113027351929,-2.0,1.0,0.01,10.0,-2.80284113606644,2.80284113606644,fit_joint_tsne_vi_seed311_C03Sc02_vt_seed10,seed155,19.4265068306356,6,0.06219384202059479
buffer_n_exp,log10_buffer_n_exp,delta__log10_buffer_n_exp,log10_buffer_n_exp,log10,False,none,True,True,0.704851869299439,0.410998833261865,0.910351285930372,0.499352452668507,0.704851869299439,0.410998833261865,0.910351285930372,0.499352452668507,5.06817811575481,8.13488252900956,3.15756611375965,5.06817811575481,8.13488252900956,3.15756611375965,-1.0,1.0,0.1,10.0,-0.590296261401121,0.590296261401121,fit_joint_tsne_vi_seed311_C03Sc02_vt_seed10,seed155,19.4265068306356,6,2.5763142356894377
n_O,n_O,delta__n_O,n_O,identity,False,none,True,True,3.38035900462499,3.02356834192001,4.892143175585,1.86857483366499,3.38035900462499,3.02356834192001,4.892143175585,1.86857483366499,3.38035900462499,4.892143175585,1.86857483366499,3.38035900462499,4.892143175585,1.86857483366499,0.0001,5.0,0.0001,5.0,-3.23928199075001,3.23928199075001,fit_joint_tsne_vi_seed311_C03Sc02_vt_seed10,seed155,19.4265068306356,6,2.618114665490616
alpha_o2,log10_alpha_o2,delta__log10_alpha_o2,log10_alpha_o2,log10,False,none,True,True,0.118426812598755,0.838913616525472,0.537883620861491,-0.301029995663981,0.118426812598755,0.838913616525472,0.537883620861491,-0.301029995663981,1.31349012666414,3.45051262568834,0.5,1.31349012666414,3.45051262568834,0.5,-0.301029995663981,0.602059991327962,0.5,4.0,-0.838913616525472,0.838913616525472,fit_joint_tsne_vi_seed311_C03Sc02_vt_seed10,seed155,19.4265068306356,6,6.90102525137668
gamma_growth,gamma_growth,delta__gamma_growth,gamma_growth,identity,False,none,True,True,1.71500846789226,0.43001693578451,1.93001693578451,1.5,1.71500846789226,0.43001693578451,1.93001693578451,1.5,1.71500846789226,1.93001693578451,1.5,1.71500846789226,1.93001693578451,1.5,1.5,4.5,1.5,4.5,-0.43001693578451,0.43001693578451,fit_joint_tsne_vi_seed311_C03Sc02_vt_seed10,seed155,19.4265068306356,6,1.2866779571896734
lam_max,log10_lam_max,delta__log10_lam_max,log10_lam_max,log10,False,none,True,True,-0.196511450648683,-0.65273458926331,-0.522878745280338,0.129855843982972,-0.196511450648683,-0.65273458926331,-0.522878745280338,0.129855843982972,0.636046034567302,0.3,1.3485151936293,0.636046034567302,0.3,1.3485151936293,-2.30102999566398,0.176091259055681,0.005,1.5,-0.745205419408728,0.745205419408728,fit_joint_tsne_vi_seed311_C03Sc02_vt_seed10,seed155,19.4265068306356,6,0.22246690390829105
p_mis_base,log10_p_mis_base,delta__log10_p_mis_base,log10_p_mis_base,log10,False,none,True,True,-3.1974966242073,3.74190622269472,-1.32654351285994,-5.06844973555466,-3.1974966242073,3.74190622269472,-1.32654351285994,-5.06844973555466,0.0006346048337771,0.047147263115454,8.54181703118544e-06,0.0006346048337771,0.047147263115454,8.54181703118544e-06,-6.0,-1.0,1e-06,0.1,-4.3949932484146,4.3949932484146,fit_joint_tsne_vi_seed311_C03Sc02_vt_seed10,seed155,19.4265068306356,6,5519.582419445815
p_wgd,log10_p_wgd,delta__log10_p_wgd,log10_p_wgd,log10,False,none,True,True,-3.28050140050511,0.0128214139867717,-3.27409069351172,-3.28691210749849,-3.28050140050511,0.0128214139867717,-3.27409069351172,-3.28691210749849,0.0005242019105687,0.0005319971509518,0.0005165208921744,0.0005242019105687,0.0005319971509518,0.0005165208921744,-5.0,-3.0,1e-05,0.001,-0.561002801010217,0.561002801010217,fit_joint_tsne_vi_seed311_C03Sc02_vt_seed10,seed155,19.4265068306356,6,1.0299625029923756
gamma_mu,gamma_mu,delta__gamma_mu,gamma_mu,identity,False,none,True,True,1.66942033764651,0.93884067529301,2.13884067529301,1.2,1.66942033764651,0.93884067529301,2.13884067529301,1.2,1.66942033764651,2.13884067529301,1.2,1.66942033764651,2.13884067529301,1.2,1.2,3.5,1.2,3.5,-0.93884067529301,0.93884067529301,fit_joint_tsne_vi_seed311_C03Sc02_vt_seed10,seed155,19.4265068306356,6,1.7823672294108417
O2_crit,log10_O2_crit,delta__log10_O2_crit,log10_O2_crit,log10_nonnegative,False,none,True,True,-0.0425901081438662,-0.485899823198656,-0.285540019743194,0.200359803455462,-0.0425901081438662,-0.485899823198656,-0.285540019743194,0.200359803455462,0.906587844709911,0.518155342380994,1.58620678578554,0.906587844709911,0.518155342380994,1.58620678578554,-4.0,0.397940008672038,0.0001,2.5,-0.881060233631808,0.881060233631808,fit_joint_tsne_vi_seed311_C03Sc02_vt_seed10,seed264,19.4271697311804,7,0.326663173442665
mu_hp,log10_mu_hp,delta__log10_mu_hp,log10_mu_hp,log10,False,none,True,True,-1.6219577100252,1.35814457127756,-0.942885424386418,-2.30102999566398,-1.6219577100252,1.35814457127756,-0.942885424386418,-2.30102999566398,0.0238804381037991,0.114055064805876,0.005,0.0238804381037991,0.114055064805876,0.005,-2.30102999566398,-0.522878745280338,0.005,0.3,-1.35814457127756,1.35814457127756,fit_joint_tsne_vi_seed311_C03Sc02_vt_seed10,seed264,19.4271697311804,7,22.8110129611752
p_misseg,log10_p_misseg,delta__log10_p_misseg,log10_p_misseg,log10,False,none,True,True,-1.37445516633218,1.20429539748764,-0.772307467588359,-1.976602865076,-1.37445516633218,1.20429539748764,-0.772307467588359,-1.976602865076,0.0422225864585557,0.168924457323728,0.0105535150770604,0.0422225864585557,0.168924457323728,0.0105535150770604,-2.30102999566398,-0.301029995663981,0.005,0.5,-1.8531496586636,1.8531496586636,fit_joint_tsne_vi_seed311_C03Sc02_vt_seed10,seed264,19.4271697311804,7,16.00646382653206
k_o_mis,log10_k_o_mis,delta__log10_k_o_mis,log10_k_o_mis,log10,False,none,True,True,-3.39417693088808,1.10626839036423,-2.84104273570597,-3.9473111260702,-3.39417693088808,1.10626839036423,-2.84104273570597,-3.9473111260702,0.0004034809819627,0.0014419734506073,0.0001128986825222,0.0004034809819627,0.0014419734506073,0.0001128986825222,-5.0,-1.69897000433602,1e-05,0.02,-3.21164613822383,3.21164613822383,fit_joint_tsne_vi_seed311_C03Sc02_vt_seed10,seed264,19.4271697311804,7,12.772278811347116
buffer_smax,buffer_smax,delta__buffer_smax,buffer_smax,identity,False,none,True,True,0.952056423505255,-0.09588715298949,0.90411284701051,1.0,0.952056423505255,-0.09588715298949,0.90411284701051,1.0,0.952056423505255,0.90411284701051,1.0,0.952056423505255,0.90411284701051,1.0,0.0,1.0,0.0,1.0,-0.09588715298949,0.09588715298949,fit_joint_tsne_vi_seed311_C03Sc02_vt_seed10,seed264,19.4271697311804,7,0.90411284701051
buffer_beta,log10_buffer_beta,delta__log10_buffer_beta,log10_buffer_beta,log10,False,none,True,True,-0.401420568033222,-1.20625261384406,-1.00454687495525,0.201705738888809,-0.401420568033222,-1.20625261384406,-1.00454687495525,0.201705738888809,0.396807097861939,0.0989585048654445,1.59113027351929,0.396807097861939,0.0989585048654445,1.59113027351929,-2.0,1.0,0.01,10.0,-2.80284113606644,2.80284113606644,fit_joint_tsne_vi_seed311_C03Sc02_vt_seed10,seed264,19.4271697311804,7,0.06219384202059479
buffer_n_exp,log10_buffer_n_exp,delta__log10_buffer_n_exp,log10_buffer_n_exp,log10,False,none,True,True,0.704851869299439,0.410998833261865,0.910351285930372,0.499352452668507,0.704851869299439,0.410998833261865,0.910351285930372,0.499352452668507,5.06817811575481,8.13488252900956,3.15756611375965,5.06817811575481,8.13488252900956,3.15756611375965,-1.0,1.0,0.1,10.0,-0.590296261401121,0.590296261401121,fit_joint_tsne_vi_seed311_C03Sc02_vt_seed10,seed264,19.4271697311804,7,2.5763142356894377
n_O,n_O,delta__n_O,n_O,identity,False,none,True,True,3.38035900462499,3.02356834192001,4.892143175585,1.86857483366499,3.38035900462499,3.02356834192001,4.892143175585,1.86857483366499,3.38035900462499,4.892143175585,1.86857483366499,3.38035900462499,4.892143175585,1.86857483366499,0.0001,5.0,0.0001,5.0,-3.23928199075001,3.23928199075001,fit_joint_tsne_vi_seed311_C03Sc02_vt_seed10,seed264,19.4271697311804,7,2.618114665490616
alpha_o2,log10_alpha_o2,delta__log10_alpha_o2,log10_alpha_o2,log10,False,none,True,True,0.118426812598755,0.838913616525472,0.537883620861491,-0.301029995663981,0.118426812598755,0.838913616525472,0.537883620861491,-0.301029995663981,1.31349012666414,3.45051262568834,0.5,1.31349012666414,3.45051262568834,0.5,-0.301029995663981,0.602059991327962,0.5,4.0,-0.838913616525472,0.838913616525472,fit_joint_tsne_vi_seed311_C03Sc02_vt_seed10,seed264,19.4271697311804,7,6.90102525137668
gamma_growth,gamma_growth,delta__gamma_growth,gamma_growth,identity,False,none,True,True,1.71500846789226,0.43001693578451,1.93001693578451,1.5,1.71500846789226,0.43001693578451,1.93001693578451,1.5,1.71500846789226,1.93001693578451,1.5,1.71500846789226,1.93001693578451,1.5,1.5,4.5,1.5,4.5,-0.43001693578451,0.43001693578451,fit_joint_tsne_vi_seed311_C03Sc02_vt_seed10,seed264,19.4271697311804,7,1.2866779571896734
lam_max,log10_lam_max,delta__log10_lam_max,log10_lam_max,log10,False,none,True,True,-0.196511450648683,-0.65273458926331,-0.522878745280338,0.129855843982972,-0.196511450648683,-0.65273458926331,-0.522878745280338,0.129855843982972,0.636046034567302,0.3,1.3485151936293,0.636046034567302,0.3,1.3485151936293,-2.30102999566398,0.176091259055681,0.005,1.5,-0.745205419408728,0.745205419408728,fit_joint_tsne_vi_seed311_C03Sc02_vt_seed10,seed264,19.4271697311804,7,0.22246690390829105
p_mis_base,log10_p_mis_base,delta__log10_p_mis_base,log10_p_mis_base,log10,False,none,True,True,-3.1974966242073,3.74190622269472,-1.32654351285994,-5.06844973555466,-3.1974966242073,3.74190622269472,-1.32654351285994,-5.06844973555466,0.0006346048337771,0.047147263115454,8.54181703118544e-06,0.0006346048337771,0.047147263115454,8.54181703118544e-06,-6.0,-1.0,1e-06,0.1,-4.3949932484146,4.3949932484146,fit_joint_tsne_vi_seed311_C03Sc02_vt_seed10,seed264,19.4271697311804,7,5519.582419445815
p_wgd,log10_p_wgd,delta__log10_p_wgd,log10_p_wgd,log10,False,none,True,True,-3.28050140050511,-0.0001135232857998,-3.28055816214801,-3.28044463886221,-3.28050140050511,-0.0001135232857998,-3.28055816214801,-3.28044463886221,0.0005242019105687,0.0005241334026356,0.0005242704274563,0.0005242019105687,0.0005241334026356,0.0005242704274563,-5.0,-3.0,1e-05,0.001,-0.561002801010217,0.561002801010217,fit_joint_tsne_vi_seed311_C03Sc02_vt_seed10,seed264,19.4271697311804,7,0.9997386371354858
gamma_mu,gamma_mu,delta__gamma_mu,gamma_mu,identity,False,none,True,True,1.66942033764651,0.93884067529301,2.13884067529301,1.2,1.66942033764651,0.93884067529301,2.13884067529301,1.2,1.66942033764651,2.13884067529301,1.2,1.66942033764651,2.13884067529301,1.2,1.2,3.5,1.2,3.5,-0.93884067529301,0.93884067529301,fit_joint_tsne_vi_seed311_C03Sc02_vt_seed10,seed264,19.4271697311804,7,1.7823672294108417
O2_crit,log10_O2_crit,delta__log10_O2_crit,log10_O2_crit,log10_nonnegative,False,none,True,True,-0.0425901081438662,-0.485899823198656,-0.285540019743194,0.200359803455462,-0.0425901081438662,-0.485899823198656,-0.285540019743194,0.200359803455462,0.906587844709911,0.518155342380994,1.58620678578554,0.906587844709911,0.518155342380994,1.58620678578554,-4.0,0.397940008672038,0.0001,2.5,-0.881060233631808,0.881060233631808,fit_joint_tsne_vi_seed311_C03Sc02_vt_seed10,seed432,19.4332192627959,8,0.326663173442665
mu_hp,log10_mu_hp,delta__log10_mu_hp,log10_mu_hp,log10,False,none,True,True,-1.6219577100252,1.35814457127756,-0.942885424386418,-2.30102999566398,-1.6219577100252,1.35814457127756,-0.942885424386418,-2.30102999566398,0.0238804381037991,0.114055064805876,0.005,0.0238804381037991,0.114055064805876,0.005,-2.30102999566398,-0.522878745280338,0.005,0.3,-1.35814457127756,1.35814457127756,fit_joint_tsne_vi_seed311_C03Sc02_vt_seed10,seed432,19.4332192627959,8,22.8110129611752
p_misseg,log10_p_misseg,delta__log10_p_misseg,log10_p_misseg,log10,False,none,True,True,-1.37445516633218,1.20429539748764,-0.772307467588359,-1.976602865076,-1.37445516633218,1.20429539748764,-0.772307467588359,-1.976602865076,0.0422225864585557,0.168924457323728,0.0105535150770604,0.0422225864585557,0.168924457323728,0.0105535150770604,-2.30102999566398,-0.301029995663981,0.005,0.5,-1.8531496586636,1.8531496586636,fit_joint_tsne_vi_seed311_C03Sc02_vt_seed10,seed432,19.4332192627959,8,16.00646382653206
k_o_mis,log10_k_o_mis,delta__log10_k_o_mis,log10_k_o_mis,log10,False,none,True,True,-3.39417693088808,1.10626839036423,-2.84104273570597,-3.9473111260702,-3.39417693088808,1.10626839036423,-2.84104273570597,-3.9473111260702,0.0004034809819627,0.0014419734506073,0.0001128986825222,0.0004034809819627,0.0014419734506073,0.0001128986825222,-5.0,-1.69897000433602,1e-05,0.02,-3.21164613822383,3.21164613822383,fit_joint_tsne_vi_seed311_C03Sc02_vt_seed10,seed432,19.4332192627959,8,12.772278811347116
buffer_smax,buffer_smax,delta__buffer_smax,buffer_smax,identity,False,none,True,True,0.952056423505255,-0.09588715298949,0.90411284701051,1.0,0.952056423505255,-0.09588715298949,0.90411284701051,1.0,0.952056423505255,0.90411284701051,1.0,0.952056423505255,0.90411284701051,1.0,0.0,1.0,0.0,1.0,-0.09588715298949,0.09588715298949,fit_joint_tsne_vi_seed311_C03Sc02_vt_seed10,seed432,19.4332192627959,8,0.90411284701051
buffer_beta,log10_buffer_beta,delta__log10_buffer_beta,log10_buffer_beta,log10,False,none,True,True,-0.401420568033222,-1.20625261384406,-1.00454687495525,0.201705738888809,-0.401420568033222,-1.20625261384406,-1.00454687495525,0.201705738888809,0.396807097861939,0.0989585048654445,1.59113027351929,0.396807097861939,0.0989585048654445,1.59113027351929,-2.0,1.0,0.01,10.0,-2.80284113606644,2.80284113606644,fit_joint_tsne_vi_seed311_C03Sc02_vt_seed10,seed432,19.4332192627959,8,0.06219384202059479
buffer_n_exp,log10_buffer_n_exp,delta__log10_buffer_n_exp,log10_buffer_n_exp,log10,False,none,True,True,0.704851869299439,0.410998833261865,0.910351285930372,0.499352452668507,0.704851869299439,0.410998833261865,0.910351285930372,0.499352452668507,5.06817811575481,8.13488252900956,3.15756611375965,5.06817811575481,8.13488252900956,3.15756611375965,-1.0,1.0,0.1,10.0,-0.590296261401121,0.590296261401121,fit_joint_tsne_vi_seed311_C03Sc02_vt_seed10,seed432,19.4332192627959,8,2.5763142356894377
n_O,n_O,delta__n_O,n_O,identity,False,none,True,True,3.38035900462499,3.02356834192001,4.892143175585,1.86857483366499,3.38035900462499,3.02356834192001,4.892143175585,1.86857483366499,3.38035900462499,4.892143175585,1.86857483366499,3.38035900462499,4.892143175585,1.86857483366499,0.0001,5.0,0.0001,5.0,-3.23928199075001,3.23928199075001,fit_joint_tsne_vi_seed311_C03Sc02_vt_seed10,seed432,19.4332192627959,8,2.618114665490616
alpha_o2,log10_alpha_o2,delta__log10_alpha_o2,log10_alpha_o2,log10,False,none,True,True,0.118426812598755,0.838913616525472,0.537883620861491,-0.301029995663981,0.118426812598755,0.838913616525472,0.537883620861491,-0.301029995663981,1.31349012666414,3.45051262568834,0.5,1.31349012666414,3.45051262568834,0.5,-0.301029995663981,0.602059991327962,0.5,4.0,-0.838913616525472,0.838913616525472,fit_joint_tsne_vi_seed311_C03Sc02_vt_seed10,seed432,19.4332192627959,8,6.90102525137668
gamma_growth,gamma_growth,delta__gamma_growth,gamma_growth,identity,False,none,True,True,1.71500846789226,0.43001693578451,1.93001693578451,1.5,1.71500846789226,0.43001693578451,1.93001693578451,1.5,1.71500846789226,1.93001693578451,1.5,1.71500846789226,1.93001693578451,1.5,1.5,4.5,1.5,4.5,-0.43001693578451,0.43001693578451,fit_joint_tsne_vi_seed311_C03Sc02_vt_seed10,seed432,19.4332192627959,8,1.2866779571896734
lam_max,log10_lam_max,delta__log10_lam_max,log10_lam_max,log10,False,none,True,True,-0.196511450648683,-0.65273458926331,-0.522878745280338,0.129855843982972,-0.196511450648683,-0.65273458926331,-0.522878745280338,0.129855843982972,0.636046034567302,0.3,1.3485151936293,0.636046034567302,0.3,1.3485151936293,-2.30102999566398,0.176091259055681,0.005,1.5,-0.745205419408728,0.745205419408728,fit_joint_tsne_vi_seed311_C03Sc02_vt_seed10,seed432,19.4332192627959,8,0.22246690390829105
p_mis_base,log10_p_mis_base,delta__log10_p_mis_base,log10_p_mis_base,log10,False,none,True,True,-3.1974966242073,3.74190622269472,-1.32654351285994,-5.06844973555466,-3.1974966242073,3.74190622269472,-1.32654351285994,-5.06844973555466,0.0006346048337771,0.047147263115454,8.54181703118544e-06,0.0006346048337771,0.047147263115454,8.54181703118544e-06,-6.0,-1.0,1e-06,0.1,-4.3949932484146,4.3949932484146,fit_joint_tsne_vi_seed311_C03Sc02_vt_seed10,seed432,19.4332192627959,8,5519.582419445815
p_wgd,log10_p_wgd,delta__log10_p_wgd,log10_p_wgd,log10,False,none,True,True,-3.28050140050511,0.108596203558993,-3.22620329872561,-3.33479950228461,-3.28050140050511,0.108596203558993,-3.22620329872561,-3.33479950228461,0.0005242019105687,0.0005940140280624,0.000462594534914,0.0005242019105687,0.0005940140280624,0.000462594534914,-5.0,-3.0,1e-05,0.001,-0.561002801010217,0.561002801010217,fit_joint_tsne_vi_seed311_C03Sc02_vt_seed10,seed432,19.4332192627959,8,1.2840921870657895
gamma_mu,gamma_mu,delta__gamma_mu,gamma_mu,identity,False,none,True,True,1.66942033764651,0.93884067529301,2.13884067529301,1.2,1.66942033764651,0.93884067529301,2.13884067529301,1.2,1.66942033764651,2.13884067529301,1.2,1.66942033764651,2.13884067529301,1.2,1.2,3.5,1.2,3.5,-0.93884067529301,0.93884067529301,fit_joint_tsne_vi_seed311_C03Sc02_vt_seed10,seed432,19.4332192627959,8,1.7823672294108417
O2_crit,log10_O2_crit,delta__log10_O2_crit,log10_O2_crit,log10_nonnegative,False,none,True,True,-0.0425901081438662,-0.485899823198656,-0.285540019743194,0.200359803455462,-0.0425901081438662,-0.485899823198656,-0.285540019743194,0.200359803455462,0.906587844709911,0.518155342380994,1.58620678578554,0.906587844709911,0.518155342380994,1.58620678578554,-4.0,0.397940008672038,0.0001,2.5,-0.881060233631808,0.881060233631808,fit_joint_tsne_vi_seed311_C03Sc02_vt_seed10,seed200,19.4337948735589,9,0.326663173442665
mu_hp,log10_mu_hp,delta__log10_mu_hp,log10_mu_hp,log10,False,none,True,True,-1.6219577100252,1.35814457127756,-0.942885424386418,-2.30102999566398,-1.6219577100252,1.35814457127756,-0.942885424386418,-2.30102999566398,0.0238804381037991,0.114055064805876,0.005,0.0238804381037991,0.114055064805876,0.005,-2.30102999566398,-0.522878745280338,0.005,0.3,-1.35814457127756,1.35814457127756,fit_joint_tsne_vi_seed311_C03Sc02_vt_seed10,seed200,19.4337948735589,9,22.8110129611752
p_misseg,log10_p_misseg,delta__log10_p_misseg,log10_p_misseg,log10,False,none,True,True,-1.37445516633218,1.20429539748764,-0.772307467588359,-1.976602865076,-1.37445516633218,1.20429539748764,-0.772307467588359,-1.976602865076,0.0422225864585557,0.168924457323728,0.0105535150770604,0.0422225864585557,0.168924457323728,0.0105535150770604,-2.30102999566398,-0.301029995663981,0.005,0.5,-1.8531496586636,1.8531496586636,fit_joint_tsne_vi_seed311_C03Sc02_vt_seed10,seed200,19.4337948735589,9,16.00646382653206
k_o_mis,log10_k_o_mis,delta__log10_k_o_mis,log10_k_o_mis,log10,False,none,True,True,-3.39417693088808,1.10626839036423,-2.84104273570597,-3.9473111260702,-3.39417693088808,1.10626839036423,-2.84104273570597,-3.9473111260702,0.0004034809819627,0.0014419734506073,0.0001128986825222,0.0004034809819627,0.0014419734506073,0.0001128986825222,-5.0,-1.69897000433602,1e-05,0.02,-3.21164613822383,3.21164613822383,fit_joint_tsne_vi_seed311_C03Sc02_vt_seed10,seed200,19.4337948735589,9,12.772278811347116
buffer_smax,buffer_smax,delta__buffer_smax,buffer_smax,identity,False,none,True,True,0.952056423505255,-0.09588715298949,0.90411284701051,1.0,0.952056423505255,-0.09588715298949,0.90411284701051,1.0,0.952056423505255,0.90411284701051,1.0,0.952056423505255,0.90411284701051,1.0,0.0,1.0,0.0,1.0,-0.09588715298949,0.09588715298949,fit_joint_tsne_vi_seed311_C03Sc02_vt_seed10,seed200,19.4337948735589,9,0.90411284701051
buffer_beta,log10_buffer_beta,delta__log10_buffer_beta,log10_buffer_beta,log10,False,none,True,True,-0.401420568033222,-1.20625261384406,-1.00454687495525,0.201705738888809,-0.401420568033222,-1.20625261384406,-1.00454687495525,0.201705738888809,0.396807097861939,0.0989585048654445,1.59113027351929,0.396807097861939,0.0989585048654445,1.59113027351929,-2.0,1.0,0.01,10.0,-2.80284113606644,2.80284113606644,fit_joint_tsne_vi_seed311_C03Sc02_vt_seed10,seed200,19.4337948735589,9,0.06219384202059479
buffer_n_exp,log10_buffer_n_exp,delta__log10_buffer_n_exp,log10_buffer_n_exp,log10,False,none,True,True,0.704851869299439,0.410998833261865,0.910351285930372,0.499352452668507,0.704851869299439,0.410998833261865,0.910351285930372,0.499352452668507,5.06817811575481,8.13488252900956,3.15756611375965,5.06817811575481,8.13488252900956,3.15756611375965,-1.0,1.0,0.1,10.0,-0.590296261401121,0.590296261401121,fit_joint_tsne_vi_seed311_C03Sc02_vt_seed10,seed200,19.4337948735589,9,2.5763142356894377
n_O,n_O,delta__n_O,n_O,identity,False,none,True,True,3.38035900462499,3.02356834192001,4.892143175585,1.86857483366499,3.38035900462499,3.02356834192001,4.892143175585,1.86857483366499,3.38035900462499,4.892143175585,1.86857483366499,3.38035900462499,4.892143175585,1.86857483366499,0.0001,5.0,0.0001,5.0,-3.23928199075001,3.23928199075001,fit_joint_tsne_vi_seed311_C03Sc02_vt_seed10,seed200,19.4337948735589,9,2.618114665490616
alpha_o2,log10_alpha_o2,delta__log10_alpha_o2,log10_alpha_o2,log10,False,none,True,True,0.118426812598755,0.838913616525472,0.537883620861491,-0.301029995663981,0.118426812598755,0.838913616525472,0.537883620861491,-0.301029995663981,1.31349012666414,3.45051262568834,0.5,1.31349012666414,3.45051262568834,0.5,-0.301029995663981,0.602059991327962,0.5,4.0,-0.838913616525472,0.838913616525472,fit_joint_tsne_vi_seed311_C03Sc02_vt_seed10,seed200,19.4337948735589,9,6.90102525137668
gamma_growth,gamma_growth,delta__gamma_growth,gamma_growth,identity,False,none,True,True,1.71500846789226,0.43001693578451,1.93001693578451,1.5,1.71500846789226,0.43001693578451,1.93001693578451,1.5,1.71500846789226,1.93001693578451,1.5,1.71500846789226,1.93001693578451,1.5,1.5,4.5,1.5,4.5,-0.43001693578451,0.43001693578451,fit_joint_tsne_vi_seed311_C03Sc02_vt_seed10,seed200,19.4337948735589,9,1.2866779571896734
lam_max,log10_lam_max,delta__log10_lam_max,log10_lam_max,log10,False,none,True,True,-0.196511450648683,-0.65273458926331,-0.522878745280338,0.129855843982972,-0.196511450648683,-0.65273458926331,-0.522878745280338,0.129855843982972,0.636046034567302,0.3,1.3485151936293,0.636046034567302,0.3,1.3485151936293,-2.30102999566398,0.176091259055681,0.005,1.5,-0.745205419408728,0.745205419408728,fit_joint_tsne_vi_seed311_C03Sc02_vt_seed10,seed200,19.4337948735589,9,0.22246690390829105
p_mis_base,log10_p_mis_base,delta__log10_p_mis_base,log10_p_mis_base,log10,False,none,True,True,-3.1974966242073,3.74190622269472,-1.32654351285994,-5.06844973555466,-3.1974966242073,3.74190622269472,-1.32654351285994,-5.06844973555466,0.0006346048337771,0.047147263115454,8.54181703118544e-06,0.0006346048337771,0.047147263115454,8.54181703118544e-06,-6.0,-1.0,1e-06,0.1,-4.3949932484146,4.3949932484146,fit_joint_tsne_vi_seed311_C03Sc02_vt_seed10,seed200,19.4337948735589,9,5519.582419445815
p_wgd,log10_p_wgd,delta__log10_p_wgd,log10_p_wgd,log10,False,none,True,True,-3.28050140050511,0.111900442324289,-3.22455117934296,-3.33645162166725,-3.28050140050511,0.111900442324289,-3.22455117934296,-3.33645162166725,0.0005242019105687,0.000596278047431,0.0004608381009963,0.0005242019105687,0.000596278047431,0.0004608381009963,-5.0,-3.0,1e-05,0.001,-0.561002801010217,0.561002801010217,fit_joint_tsne_vi_seed311_C03Sc02_vt_seed10,seed200,19.4337948735589,9,1.2938991939726516
gamma_mu,gamma_mu,delta__gamma_mu,gamma_mu,identity,False,none,True,True,1.66942033764651,0.93884067529301,2.13884067529301,1.2,1.66942033764651,0.93884067529301,2.13884067529301,1.2,1.66942033764651,2.13884067529301,1.2,1.66942033764651,2.13884067529301,1.2,1.2,3.5,1.2,3.5,-0.93884067529301,0.93884067529301,fit_joint_tsne_vi_seed311_C03Sc02_vt_seed10,seed200,19.4337948735589,9,1.7823672294108417
O2_crit,log10_O2_crit,delta__log10_O2_crit,log10_O2_crit,log10_nonnegative,False,none,True,True,-0.0425901081438662,-0.485899823198656,-0.285540019743194,0.200359803455462,-0.0425901081438662,-0.485899823198656,-0.285540019743194,0.200359803455462,0.906587844709911,0.518155342380994,1.58620678578554,0.906587844709911,0.518155342380994,1.58620678578554,-4.0,0.397940008672038,0.0001,2.5,-0.881060233631808,0.881060233631808,fit_joint_tsne_vi_seed311_C03Sc02_vt_seed10,seed249,19.4342101786089,10,0.326663173442665
mu_hp,log10_mu_hp,delta__log10_mu_hp,log10_mu_hp,log10,False,none,True,True,-1.6219577100252,1.35814457127756,-0.942885424386418,-2.30102999566398,-1.6219577100252,1.35814457127756,-0.942885424386418,-2.30102999566398,0.0238804381037991,0.114055064805876,0.005,0.0238804381037991,0.114055064805876,0.005,-2.30102999566398,-0.522878745280338,0.005,0.3,-1.35814457127756,1.35814457127756,fit_joint_tsne_vi_seed311_C03Sc02_vt_seed10,seed249,19.4342101786089,10,22.8110129611752
p_misseg,log10_p_misseg,delta__log10_p_misseg,log10_p_misseg,log10,False,none,True,True,-1.37445516633218,1.20429539748764,-0.772307467588359,-1.976602865076,-1.37445516633218,1.20429539748764,-0.772307467588359,-1.976602865076,0.0422225864585557,0.168924457323728,0.0105535150770604,0.0422225864585557,0.168924457323728,0.0105535150770604,-2.30102999566398,-0.301029995663981,0.005,0.5,-1.8531496586636,1.8531496586636,fit_joint_tsne_vi_seed311_C03Sc02_vt_seed10,seed249,19.4342101786089,10,16.00646382653206
k_o_mis,log10_k_o_mis,delta__log10_k_o_mis,log10_k_o_mis,log10,False,none,True,True,-3.39417693088808,1.10626839036423,-2.84104273570597,-3.9473111260702,-3.39417693088808,1.10626839036423,-2.84104273570597,-3.9473111260702,0.0004034809819627,0.0014419734506073,0.0001128986825222,0.0004034809819627,0.0014419734506073,0.0001128986825222,-5.0,-1.69897000433602,1e-05,0.02,-3.21164613822383,3.21164613822383,fit_joint_tsne_vi_seed311_C03Sc02_vt_seed10,seed249,19.4342101786089,10,12.772278811347116
buffer_smax,buffer_smax,delta__buffer_smax,buffer_smax,identity,False,none,True,True,0.952056423505255,-0.09588715298949,0.90411284701051,1.0,0.952056423505255,-0.09588715298949,0.90411284701051,1.0,0.952056423505255,0.90411284701051,1.0,0.952056423505255,0.90411284701051,1.0,0.0,1.0,0.0,1.0,-0.09588715298949,0.09588715298949,fit_joint_tsne_vi_seed311_C03Sc02_vt_seed10,seed249,19.4342101786089,10,0.90411284701051
buffer_beta,log10_buffer_beta,delta__log10_buffer_beta,log10_buffer_beta,log10,False,none,True,True,-0.401420568033222,-1.20625261384406,-1.00454687495525,0.201705738888809,-0.401420568033222,-1.20625261384406,-1.00454687495525,0.201705738888809,0.396807097861939,0.0989585048654445,1.59113027351929,0.396807097861939,0.0989585048654445,1.59113027351929,-2.0,1.0,0.01,10.0,-2.80284113606644,2.80284113606644,fit_joint_tsne_vi_seed311_C03Sc02_vt_seed10,seed249,19.4342101786089,10,0.06219384202059479
buffer_n_exp,log10_buffer_n_exp,delta__log10_buffer_n_exp,log10_buffer_n_exp,log10,False,none,True,True,0.704851869299439,0.410998833261865,0.910351285930372,0.499352452668507,0.704851869299439,0.410998833261865,0.910351285930372,0.499352452668507,5.06817811575481,8.13488252900956,3.15756611375965,5.06817811575481,8.13488252900956,3.15756611375965,-1.0,1.0,0.1,10.0,-0.590296261401121,0.590296261401121,fit_joint_tsne_vi_seed311_C03Sc02_vt_seed10,seed249,19.4342101786089,10,2.5763142356894377
n_O,n_O,delta__n_O,n_O,identity,False,none,True,True,3.38035900462499,3.02356834192001,4.892143175585,1.86857483366499,3.38035900462499,3.02356834192001,4.892143175585,1.86857483366499,3.38035900462499,4.892143175585,1.86857483366499,3.38035900462499,4.892143175585,1.86857483366499,0.0001,5.0,0.0001,5.0,-3.23928199075001,3.23928199075001,fit_joint_tsne_vi_seed311_C03Sc02_vt_seed10,seed249,19.4342101786089,10,2.618114665490616
alpha_o2,log10_alpha_o2,delta__log10_alpha_o2,log10_alpha_o2,log10,False,none,True,True,0.118426812598755,0.838913616525472,0.537883620861491,-0.301029995663981,0.118426812598755,0.838913616525472,0.537883620861491,-0.301029995663981,1.31349012666414,3.45051262568834,0.5,1.31349012666414,3.45051262568834,0.5,-0.301029995663981,0.602059991327962,0.5,4.0,-0.838913616525472,0.838913616525472,fit_joint_tsne_vi_seed311_C03Sc02_vt_seed10,seed249,19.4342101786089,10,6.90102525137668
gamma_growth,gamma_growth,delta__gamma_growth,gamma_growth,identity,False,none,True,True,1.71500846789226,0.43001693578451,1.93001693578451,1.5,1.71500846789226,0.43001693578451,1.93001693578451,1.5,1.71500846789226,1.93001693578451,1.5,1.71500846789226,1.93001693578451,1.5,1.5,4.5,1.5,4.5,-0.43001693578451,0.43001693578451,fit_joint_tsne_vi_seed311_C03Sc02_vt_seed10,seed249,19.4342101786089,10,1.2866779571896734
lam_max,log10_lam_max,delta__log10_lam_max,log10_lam_max,log10,False,none,True,True,-0.196511450648683,-0.65273458926331,-0.522878745280338,0.129855843982972,-0.196511450648683,-0.65273458926331,-0.522878745280338,0.129855843982972,0.636046034567302,0.3,1.3485151936293,0.636046034567302,0.3,1.3485151936293,-2.30102999566398,0.176091259055681,0.005,1.5,-0.745205419408728,0.745205419408728,fit_joint_tsne_vi_seed311_C03Sc02_vt_seed10,seed249,19.4342101786089,10,0.22246690390829105
p_mis_base,log10_p_mis_base,delta__log10_p_mis_base,log10_p_mis_base,log10,False,none,True,True,-3.1974966242073,3.74190622269472,-1.32654351285994,-5.06844973555466,-3.1974966242073,3.74190622269472,-1.32654351285994,-5.06844973555466,0.0006346048337771,0.047147263115454,8.54181703118544e-06,0.0006346048337771,0.047147263115454,8.54181703118544e-06,-6.0,-1.0,1e-06,0.1,-4.3949932484146,4.3949932484146,fit_joint_tsne_vi_seed311_C03Sc02_vt_seed10,seed249,19.4342101786089,10,5519.582419445815
p_wgd,log10_p_wgd,delta__log10_p_wgd,log10_p_wgd,log10,False,none,True,True,-3.28050140050511,0.114339605218475,-3.22333159789587,-3.33767120311435,-3.28050140050511,0.114339605218475,-3.22333159789587,-3.33767120311435,0.0005242019105687,0.0005979548628228,0.0004595457953911,0.0005242019105687,0.0005979548628228,0.0004595457953911,-5.0,-3.0,1e-05,0.001,-0.561002801010217,0.561002801010217,fit_joint_tsne_vi_seed311_C03Sc02_vt_seed10,seed249,19.4342101786089,10,1.3011866691412244
gamma_mu,gamma_mu,delta__gamma_mu,gamma_mu,identity,False,none,True,True,1.66942033764651,0.93884067529301,2.13884067529301,1.2,1.66942033764651,0.93884067529301,2.13884067529301,1.2,1.66942033764651,2.13884067529301,1.2,1.66942033764651,2.13884067529301,1.2,1.2,3.5,1.2,3.5,-0.93884067529301,0.93884067529301,fit_joint_tsne_vi_seed311_C03Sc02_vt_seed10,seed249,19.4342101786089,10,1.7823672294108417
O2_crit,log10_O2_crit,delta__log10_O2_crit,log10_O2_crit,log10_nonnegative,False,none,True,True,0.0924359284040376,-0.215847750102848,-0.0154879466473867,0.200359803455462,0.0924359284040376,-0.215847750102848,-0.0154879466473867,0.200359803455462,1.23718865365548,0.964966092977485,1.58620678578554,1.23718865365548,0.964966092977485,1.58620678578554,-4.0,0.397940008672038,0.0001,2.5,-0.611008160536,0.611008160536,fit_joint_tsne_vi_seed322_C02Sc02_vt_seed10,seed54,18.8900595387654,1,0.6083482315325005
mu_hp,log10_mu_hp,delta__log10_mu_hp,log10_mu_hp,log10,False,none,True,True,-1.79359090564571,1.01487818003654,-1.28615181562744,-2.30102999566398,-1.79359090564571,1.01487818003654,-1.28615181562744,-2.30102999566398,0.0160845566395185,0.0517425924579758,0.005,0.0160845566395185,0.0517425924579758,0.005,-2.30102999566398,-0.522878745280338,0.005,0.3,-1.01487818003654,1.01487818003654,fit_joint_tsne_vi_seed322_C02Sc02_vt_seed10,seed54,18.8900595387654,1,10.34851849159516
p_misseg,log10_p_misseg,delta__log10_p_misseg,log10_p_misseg,log10,False,none,True,True,-1.44979387924752,1.05361797165697,-0.922984893419034,-1.976602865076,-1.44979387924752,1.05361797165697,-0.922984893419034,-1.976602865076,0.0354981827387303,0.119402963709347,0.0105535150770604,0.0354981827387303,0.119402963709347,0.0105535150770604,-2.30102999566398,-0.301029995663981,0.005,0.5,-1.70247223283293,1.70247223283293,fit_joint_tsne_vi_seed322_C02Sc02_vt_seed10,seed54,18.8900595387654,1,11.314046821128509
k_o_mis,log10_k_o_mis,delta__log10_k_o_mis,log10_k_o_mis,log10,False,none,True,True,-3.16076515789878,1.57309193634285,-2.37421918972735,-3.9473111260702,-3.16076515789878,1.57309193634285,-2.37421918972735,-3.9473111260702,0.0006906131477511,0.0042245534597161,0.0001128986825222,0.0006906131477511,0.0042245534597161,0.0001128986825222,-5.0,-1.69897000433602,1e-05,0.02,-2.92359030712551,2.92359030712551,fit_joint_tsne_vi_seed322_C02Sc02_vt_seed10,seed54,18.8900595387654,1,37.4189792594382
buffer_smax,buffer_smax,delta__buffer_smax,buffer_smax,identity,False,none,True,True,0.95076317634421,-0.098473647311579,0.901526352688421,1.0,0.95076317634421,-0.098473647311579,0.901526352688421,1.0,0.95076317634421,0.901526352688421,1.0,0.95076317634421,0.901526352688421,1.0,0.0,1.0,0.0,1.0,-0.098473647311579,0.098473647311579,fit_joint_tsne_vi_seed322_C02Sc02_vt_seed10,seed54,18.8900595387654,1,0.901526352688421
buffer_beta,log10_buffer_beta,delta__log10_buffer_beta,log10_buffer_beta,log10,False,none,True,True,-0.348323706232239,-1.1000588902421,-0.898353151353286,0.201705738888809,-0.348323706232239,-1.1000588902421,-0.898353151353286,0.201705738888809,0.448411037177796,0.126370833117348,1.59113027351929,0.448411037177796,0.126370833117348,1.59113027351929,-2.0,1.0,0.01,10.0,-2.69664741246448,2.69664741246448,fit_joint_tsne_vi_seed322_C02Sc02_vt_seed10,seed54,18.8900595387654,1,0.07942205312820726
buffer_n_exp,log10_buffer_n_exp,delta__log10_buffer_n_exp,log10_buffer_n_exp,log10,False,none,True,True,0.749676226334253,0.500647547331493,1.0,0.499352452668507,0.749676226334253,0.500647547331493,1.0,0.499352452668507,5.61922246735227,10.0,3.15756611375965,5.61922246735227,10.0,3.15756611375965,-1.0,1.0,0.1,10.0,-0.500647547331493,0.500647547331493,fit_joint_tsne_vi_seed322_C02Sc02_vt_seed10,seed54,18.8900595387654,1,3.1669962368874054
n_O,n_O,delta__n_O,n_O,identity,False,none,True,True,2.77154338922664,1.80593711112329,3.67451194478828,1.86857483366499,2.77154338922664,1.80593711112329,3.67451194478828,1.86857483366499,2.77154338922664,3.67451194478828,1.86857483366499,2.77154338922664,3.67451194478828,1.86857483366499,0.0001,5.0,0.0001,5.0,-4.45691322154673,4.45691322154673,fit_joint_tsne_vi_seed322_C02Sc02_vt_seed10,seed54,18.8900595387654,1,1.9664783441298717
alpha_o2,log10_alpha_o2,delta__log10_alpha_o2,log10_alpha_o2,log10,False,none,True,True,-0.301029956497697,7.83325682096603e-08,-0.301029917331413,-0.301029995663981,-0.301029956497697,7.83325682096603e-08,-0.301029917331413,-0.301029995663981,0.500000045091853,0.50000009018371,0.5,0.500000045091853,0.50000009018371,0.5,-0.301029995663981,0.602059991327962,0.5,4.0,-7.83325682096603e-08,7.83325682096603e-08,fit_joint_tsne_vi_seed322_C02Sc02_vt_seed10,seed54,18.8900595387654,1,1.00000018036742
gamma_growth,gamma_growth,delta__gamma_growth,gamma_growth,identity,False,none,True,True,2.02418907514387,1.04837815028773,2.54837815028773,1.5,2.02418907514387,1.04837815028773,2.54837815028773,1.5,2.02418907514387,2.54837815028773,1.5,2.02418907514387,2.54837815028773,1.5,1.5,4.5,1.5,4.5,-1.04837815028773,1.04837815028773,fit_joint_tsne_vi_seed322_C02Sc02_vt_seed10,seed54,18.8900595387654,1,1.6989187668584866
lam_max,log10_lam_max,delta__log10_lam_max,log10_lam_max,log10,False,none,True,True,-0.239008047714046,-0.737727783394035,-0.607871939411063,0.129855843982972,-0.239008047714046,-0.737727783394035,-0.607871939411063,0.129855843982972,0.576755775693567,0.246676660646755,1.3485151936293,0.576755775693567,0.246676660646755,1.3485151936293,-2.30102999566398,0.176091259055681,0.005,1.5,-0.830198613539454,0.830198613539454,fit_joint_tsne_vi_seed322_C02Sc02_vt_seed10,seed54,18.8900595387654,1,0.18292464320173255
p_mis_base,log10_p_mis_base,delta__log10_p_mis_base,log10_p_mis_base,log10,False,none,True,True,-3.50148422112938,3.13393102885057,-1.93451870670409,-5.06844973555466,-3.50148422112938,3.13393102885057,-1.93451870670409,-5.06844973555466,0.0003151488878624,0.0116273646647229,8.54181703118544e-06,0.0003151488878624,0.0116273646647229,8.54181703118544e-06,-6.0,-1.0,1e-06,0.1,-4.99703155774125,4.99703155774125,fit_joint_tsne_vi_seed322_C02Sc02_vt_seed10,seed54,18.8900595387654,1,1361.228485961756
p_wgd,log10_p_wgd,delta__log10_p_wgd,log10_p_wgd,log10,False,none,True,True,-3.36111016288019,-0.0786205090075543,-3.40042041738396,-3.32179990837641,-3.36111016288019,-0.0786205090075543,-3.40042041738396,-3.32179990837641,0.0004354014160124,0.0003977219706563,0.00047665054247,0.0004354014160124,0.0003977219706563,0.00047665054247,-5.0,-3.0,1e-05,0.001,-0.722220325760372,0.722220325760372,fit_joint_tsne_vi_seed322_C02Sc02_vt_seed10,seed54,18.8900595387654,1,0.834409982196406
gamma_mu,gamma_mu,delta__gamma_mu,gamma_mu,identity,False,none,True,True,1.87660333667694,1.35320667335387,2.55320667335387,1.2,1.87660333667694,1.35320667335387,2.55320667335387,1.2,1.87660333667694,2.55320667335387,1.2,1.87660333667694,2.55320667335387,1.2,1.2,3.5,1.2,3.5,-1.35320667335387,1.35320667335387,fit_joint_tsne_vi_seed322_C02Sc02_vt_seed10,seed54,18.8900595387654,1,2.127672227794892
O2_crit,log10_O2_crit,delta__log10_O2_crit,log10_O2_crit,log10_nonnegative,False,none,True,True,0.0924359284040376,-0.215847750102848,-0.0154879466473867,0.200359803455462,0.0924359284040376,-0.215847750102848,-0.0154879466473867,0.200359803455462,1.23718865365548,0.964966092977485,1.58620678578554,1.23718865365548,0.964966092977485,1.58620678578554,-4.0,0.397940008672038,0.0001,2.5,-0.611008160536,0.611008160536,fit_joint_tsne_vi_seed322_C02Sc02_vt_seed10,seed52,18.8981309639056,2,0.6083482315325005
mu_hp,log10_mu_hp,delta__log10_mu_hp,log10_mu_hp,log10,False,none,True,True,-1.79359090564571,1.01487818003654,-1.28615181562744,-2.30102999566398,-1.79359090564571,1.01487818003654,-1.28615181562744,-2.30102999566398,0.0160845566395185,0.0517425924579758,0.005,0.0160845566395185,0.0517425924579758,0.005,-2.30102999566398,-0.522878745280338,0.005,0.3,-1.01487818003654,1.01487818003654,fit_joint_tsne_vi_seed322_C02Sc02_vt_seed10,seed52,18.8981309639056,2,10.34851849159516
p_misseg,log10_p_misseg,delta__log10_p_misseg,log10_p_misseg,log10,False,none,True,True,-1.44979387924752,1.05361797165697,-0.922984893419034,-1.976602865076,-1.44979387924752,1.05361797165697,-0.922984893419034,-1.976602865076,0.0354981827387303,0.119402963709347,0.0105535150770604,0.0354981827387303,0.119402963709347,0.0105535150770604,-2.30102999566398,-0.301029995663981,0.005,0.5,-1.70247223283293,1.70247223283293,fit_joint_tsne_vi_seed322_C02Sc02_vt_seed10,seed52,18.8981309639056,2,11.314046821128509
k_o_mis,log10_k_o_mis,delta__log10_k_o_mis,log10_k_o_mis,log10,False,none,True,True,-3.16076515789878,1.57309193634285,-2.37421918972735,-3.9473111260702,-3.16076515789878,1.57309193634285,-2.37421918972735,-3.9473111260702,0.0006906131477511,0.0042245534597161,0.0001128986825222,0.0006906131477511,0.0042245534597161,0.0001128986825222,-5.0,-1.69897000433602,1e-05,0.02,-2.92359030712551,2.92359030712551,fit_joint_tsne_vi_seed322_C02Sc02_vt_seed10,seed52,18.8981309639056,2,37.4189792594382
buffer_smax,buffer_smax,delta__buffer_smax,buffer_smax,identity,False,none,True,True,0.95076317634421,-0.098473647311579,0.901526352688421,1.0,0.95076317634421,-0.098473647311579,0.901526352688421,1.0,0.95076317634421,0.901526352688421,1.0,0.95076317634421,0.901526352688421,1.0,0.0,1.0,0.0,1.0,-0.098473647311579,0.098473647311579,fit_joint_tsne_vi_seed322_C02Sc02_vt_seed10,seed52,18.8981309639056,2,0.901526352688421
buffer_beta,log10_buffer_beta,delta__log10_buffer_beta,log10_buffer_beta,log10,False,none,True,True,-0.348323706232239,-1.1000588902421,-0.898353151353286,0.201705738888809,-0.348323706232239,-1.1000588902421,-0.898353151353286,0.201705738888809,0.448411037177796,0.126370833117348,1.59113027351929,0.448411037177796,0.126370833117348,1.59113027351929,-2.0,1.0,0.01,10.0,-2.69664741246448,2.69664741246448,fit_joint_tsne_vi_seed322_C02Sc02_vt_seed10,seed52,18.8981309639056,2,0.07942205312820726
buffer_n_exp,log10_buffer_n_exp,delta__log10_buffer_n_exp,log10_buffer_n_exp,log10,False,none,True,True,0.749676226334253,0.500647547331493,1.0,0.499352452668507,0.749676226334253,0.500647547331493,1.0,0.499352452668507,5.61922246735227,10.0,3.15756611375965,5.61922246735227,10.0,3.15756611375965,-1.0,1.0,0.1,10.0,-0.500647547331493,0.500647547331493,fit_joint_tsne_vi_seed322_C02Sc02_vt_seed10,seed52,18.8981309639056,2,3.1669962368874054
n_O,n_O,delta__n_O,n_O,identity,False,none,True,True,2.77154338922664,1.80593711112329,3.67451194478828,1.86857483366499,2.77154338922664,1.80593711112329,3.67451194478828,1.86857483366499,2.77154338922664,3.67451194478828,1.86857483366499,2.77154338922664,3.67451194478828,1.86857483366499,0.0001,5.0,0.0001,5.0,-4.45691322154673,4.45691322154673,fit_joint_tsne_vi_seed322_C02Sc02_vt_seed10,seed52,18.8981309639056,2,1.9664783441298717
alpha_o2,log10_alpha_o2,delta__log10_alpha_o2,log10_alpha_o2,log10,False,none,True,True,-0.301029956497697,7.83325682096603e-08,-0.301029917331413,-0.301029995663981,-0.301029956497697,7.83325682096603e-08,-0.301029917331413,-0.301029995663981,0.500000045091853,0.50000009018371,0.5,0.500000045091853,0.50000009018371,0.5,-0.301029995663981,0.602059991327962,0.5,4.0,-7.83325682096603e-08,7.83325682096603e-08,fit_joint_tsne_vi_seed322_C02Sc02_vt_seed10,seed52,18.8981309639056,2,1.00000018036742
gamma_growth,gamma_growth,delta__gamma_growth,gamma_growth,identity,False,none,True,True,2.02418907514387,1.04837815028773,2.54837815028773,1.5,2.02418907514387,1.04837815028773,2.54837815028773,1.5,2.02418907514387,2.54837815028773,1.5,2.02418907514387,2.54837815028773,1.5,1.5,4.5,1.5,4.5,-1.04837815028773,1.04837815028773,fit_joint_tsne_vi_seed322_C02Sc02_vt_seed10,seed52,18.8981309639056,2,1.6989187668584866
lam_max,log10_lam_max,delta__log10_lam_max,log10_lam_max,log10,False,none,True,True,-0.239008047714046,-0.737727783394035,-0.607871939411063,0.129855843982972,-0.239008047714046,-0.737727783394035,-0.607871939411063,0.129855843982972,0.576755775693567,0.246676660646755,1.3485151936293,0.576755775693567,0.246676660646755,1.3485151936293,-2.30102999566398,0.176091259055681,0.005,1.5,-0.830198613539454,0.830198613539454,fit_joint_tsne_vi_seed322_C02Sc02_vt_seed10,seed52,18.8981309639056,2,0.18292464320173255
p_mis_base,log10_p_mis_base,delta__log10_p_mis_base,log10_p_mis_base,log10,False,none,True,True,-3.50148422112938,3.13393102885057,-1.93451870670409,-5.06844973555466,-3.50148422112938,3.13393102885057,-1.93451870670409,-5.06844973555466,0.0003151488878624,0.0116273646647229,8.54181703118544e-06,0.0003151488878624,0.0116273646647229,8.54181703118544e-06,-6.0,-1.0,1e-06,0.1,-4.99703155774125,4.99703155774125,fit_joint_tsne_vi_seed322_C02Sc02_vt_seed10,seed52,18.8981309639056,2,1361.228485961756
p_wgd,log10_p_wgd,delta__log10_p_wgd,log10_p_wgd,log10,False,none,True,True,-3.75851763789394,-0.0138320416683353,-3.7654336587281,-3.75160161705977,-3.75851763789394,-0.0138320416683353,-3.7654336587281,-3.75160161705977,0.0001743742537845,0.0001716193849733,0.0001771733443027,0.0001743742537845,0.0001716193849733,0.0001771733443027,-5.0,-3.0,1e-05,0.001,-1.51703527578787,1.51703527578787,fit_joint_tsne_vi_seed322_C02Sc02_vt_seed10,seed52,18.8981309639056,2,0.9686523988624888
gamma_mu,gamma_mu,delta__gamma_mu,gamma_mu,identity,False,none,True,True,1.87660333667694,1.35320667335387,2.55320667335387,1.2,1.87660333667694,1.35320667335387,2.55320667335387,1.2,1.87660333667694,2.55320667335387,1.2,1.87660333667694,2.55320667335387,1.2,1.2,3.5,1.2,3.5,-1.35320667335387,1.35320667335387,fit_joint_tsne_vi_seed322_C02Sc02_vt_seed10,seed52,18.8981309639056,2,2.127672227794892
O2_crit,log10_O2_crit,delta__log10_O2_crit,log10_O2_crit,log10_nonnegative,False,none,True,True,0.0924359284040376,-0.215847750102848,-0.0154879466473867,0.200359803455462,0.0924359284040376,-0.215847750102848,-0.0154879466473867,0.200359803455462,1.23718865365548,0.964966092977485,1.58620678578554,1.23718865365548,0.964966092977485,1.58620678578554,-4.0,0.397940008672038,0.0001,2.5,-0.611008160536,0.611008160536,fit_joint_tsne_vi_seed322_C02Sc02_vt_seed10,seed80,18.9116797792825,3,0.6083482315325005
mu_hp,log10_mu_hp,delta__log10_mu_hp,log10_mu_hp,log10,False,none,True,True,-1.79359090564571,1.01487818003654,-1.28615181562744,-2.30102999566398,-1.79359090564571,1.01487818003654,-1.28615181562744,-2.30102999566398,0.0160845566395185,0.0517425924579758,0.005,0.0160845566395185,0.0517425924579758,0.005,-2.30102999566398,-0.522878745280338,0.005,0.3,-1.01487818003654,1.01487818003654,fit_joint_tsne_vi_seed322_C02Sc02_vt_seed10,seed80,18.9116797792825,3,10.34851849159516
p_misseg,log10_p_misseg,delta__log10_p_misseg,log10_p_misseg,log10,False,none,True,True,-1.44979387924752,1.05361797165697,-0.922984893419034,-1.976602865076,-1.44979387924752,1.05361797165697,-0.922984893419034,-1.976602865076,0.0354981827387303,0.119402963709347,0.0105535150770604,0.0354981827387303,0.119402963709347,0.0105535150770604,-2.30102999566398,-0.301029995663981,0.005,0.5,-1.70247223283293,1.70247223283293,fit_joint_tsne_vi_seed322_C02Sc02_vt_seed10,seed80,18.9116797792825,3,11.314046821128509
k_o_mis,log10_k_o_mis,delta__log10_k_o_mis,log10_k_o_mis,log10,False,none,True,True,-3.16076515789878,1.57309193634285,-2.37421918972735,-3.9473111260702,-3.16076515789878,1.57309193634285,-2.37421918972735,-3.9473111260702,0.0006906131477511,0.0042245534597161,0.0001128986825222,0.0006906131477511,0.0042245534597161,0.0001128986825222,-5.0,-1.69897000433602,1e-05,0.02,-2.92359030712551,2.92359030712551,fit_joint_tsne_vi_seed322_C02Sc02_vt_seed10,seed80,18.9116797792825,3,37.4189792594382
buffer_smax,buffer_smax,delta__buffer_smax,buffer_smax,identity,False,none,True,True,0.95076317634421,-0.098473647311579,0.901526352688421,1.0,0.95076317634421,-0.098473647311579,0.901526352688421,1.0,0.95076317634421,0.901526352688421,1.0,0.95076317634421,0.901526352688421,1.0,0.0,1.0,0.0,1.0,-0.098473647311579,0.098473647311579,fit_joint_tsne_vi_seed322_C02Sc02_vt_seed10,seed80,18.9116797792825,3,0.901526352688421
buffer_beta,log10_buffer_beta,delta__log10_buffer_beta,log10_buffer_beta,log10,False,none,True,True,-0.348323706232239,-1.1000588902421,-0.898353151353286,0.201705738888809,-0.348323706232239,-1.1000588902421,-0.898353151353286,0.201705738888809,0.448411037177796,0.126370833117348,1.59113027351929,0.448411037177796,0.126370833117348,1.59113027351929,-2.0,1.0,0.01,10.0,-2.69664741246448,2.69664741246448,fit_joint_tsne_vi_seed322_C02Sc02_vt_seed10,seed80,18.9116797792825,3,0.07942205312820726
buffer_n_exp,log10_buffer_n_exp,delta__log10_buffer_n_exp,log10_buffer_n_exp,log10,False,none,True,True,0.749676226334253,0.500647547331493,1.0,0.499352452668507,0.749676226334253,0.500647547331493,1.0,0.499352452668507,5.61922246735227,10.0,3.15756611375965,5.61922246735227,10.0,3.15756611375965,-1.0,1.0,0.1,10.0,-0.500647547331493,0.500647547331493,fit_joint_tsne_vi_seed322_C02Sc02_vt_seed10,seed80,18.9116797792825,3,3.1669962368874054
n_O,n_O,delta__n_O,n_O,identity,False,none,True,True,2.77154338922664,1.76495934334943,3.65402306090135,1.88906371755192,2.77154338922664,1.76495934334943,3.65402306090135,1.88906371755192,2.77154338922664,3.65402306090135,1.88906371755192,2.77154338922664,3.65402306090135,1.88906371755192,0.0001,5.0,0.0001,5.0,-4.45691322154673,4.45691322154673,fit_joint_tsne_vi_seed322_C02Sc02_vt_seed10,seed80,18.9116797792825,3,1.9343037648495418
alpha_o2,log10_alpha_o2,delta__log10_alpha_o2,log10_alpha_o2,log10,False,none,True,True,-0.301029956497697,6.94904156412734e-08,-0.301029921752489,-0.301029991242905,-0.301029956497697,6.94904156412734e-08,-0.301029921752489,-0.301029991242905,0.500000045091853,0.500000085093757,0.500000005089952,0.500000045091853,0.500000085093757,0.500000005089952,-0.301029995663981,0.602059991327962,0.5,4.0,-7.83325682096603e-08,7.83325682096603e-08,fit_joint_tsne_vi_seed322_C02Sc02_vt_seed10,seed80,18.9116797792825,3,1.0000001600076085
gamma_growth,gamma_growth,delta__gamma_growth,gamma_growth,identity,False,none,True,True,2.02418907514387,1.04837815028773,2.54837815028773,1.5,2.02418907514387,1.04837815028773,2.54837815028773,1.5,2.02418907514387,2.54837815028773,1.5,2.02418907514387,2.54837815028773,1.5,1.5,4.5,1.5,4.5,-1.04837815028773,1.04837815028773,fit_joint_tsne_vi_seed322_C02Sc02_vt_seed10,seed80,18.9116797792825,3,1.6989187668584866
lam_max,log10_lam_max,delta__log10_lam_max,log10_lam_max,log10,False,none,True,True,-0.239008047714046,-0.737727783394035,-0.607871939411063,0.129855843982972,-0.239008047714046,-0.737727783394035,-0.607871939411063,0.129855843982972,0.576755775693567,0.246676660646755,1.3485151936293,0.576755775693567,0.246676660646755,1.3485151936293,-2.30102999566398,0.176091259055681,0.005,1.5,-0.830198613539454,0.830198613539454,fit_joint_tsne_vi_seed322_C02Sc02_vt_seed10,seed80,18.9116797792825,3,0.18292464320173255
p_mis_base,log10_p_mis_base,delta__log10_p_mis_base,log10_p_mis_base,log10,False,none,True,True,-3.50148422112938,3.11754247337568,-1.94271298444153,-5.06025545781722,-3.50148422112938,3.11754247337568,-1.94271298444153,-5.06025545781722,0.0003151488878624,0.0114100360233335,8.7045142817978e-06,0.0003151488878624,0.0114100360233335,8.7045142817978e-06,-6.0,-1.0,1e-06,0.1,-4.99703155774125,4.99703155774125,fit_joint_tsne_vi_seed322_C02Sc02_vt_seed10,seed80,18.9116797792825,3,1310.8182322353443
p_wgd,log10_p_wgd,delta__log10_p_wgd,log10_p_wgd,log10,False,none,True,True,-3.65844273374643,-0.129893383440862,-3.72338942546686,-3.593496042026,-3.65844273374643,-0.129893383440862,-3.72338942546686,-3.593496042026,0.000219562044549,0.0001890647542524,0.0002549787325363,0.000219562044549,0.0001890647542524,0.0002549787325363,-5.0,-3.0,1e-05,0.001,-1.31688546749285,1.31688546749285,fit_joint_tsne_vi_seed322_C02Sc02_vt_seed10,seed80,18.9116797792825,3,0.7414922506349969
gamma_mu,gamma_mu,delta__gamma_mu,gamma_mu,identity,False,none,True,True,1.87660333667694,1.35320667335387,2.55320667335387,1.2,1.87660333667694,1.35320667335387,2.55320667335387,1.2,1.87660333667694,2.55320667335387,1.2,1.87660333667694,2.55320667335387,1.2,1.2,3.5,1.2,3.5,-1.35320667335387,1.35320667335387,fit_joint_tsne_vi_seed322_C02Sc02_vt_seed10,seed80,18.9116797792825,3,2.127672227794892
O2_crit,log10_O2_crit,delta__log10_O2_crit,log10_O2_crit,log10_nonnegative,False,none,True,True,0.0924359284040376,-0.215847750102848,-0.0154879466473867,0.200359803455462,0.0924359284040376,-0.215847750102848,-0.0154879466473867,0.200359803455462,1.23718865365548,0.964966092977485,1.58620678578554,1.23718865365548,0.964966092977485,1.58620678578554,-4.0,0.397940008672038,0.0001,2.5,-0.611008160536,0.611008160536,fit_joint_tsne_vi_seed322_C02Sc02_vt_seed10,seed174,18.9119696550321,4,0.6083482315325005
mu_hp,log10_mu_hp,delta__log10_mu_hp,log10_mu_hp,log10,False,none,True,True,-1.79359090564571,1.01487818003654,-1.28615181562744,-2.30102999566398,-1.79359090564571,1.01487818003654,-1.28615181562744,-2.30102999566398,0.0160845566395185,0.0517425924579758,0.005,0.0160845566395185,0.0517425924579758,0.005,-2.30102999566398,-0.522878745280338,0.005,0.3,-1.01487818003654,1.01487818003654,fit_joint_tsne_vi_seed322_C02Sc02_vt_seed10,seed174,18.9119696550321,4,10.34851849159516
p_misseg,log10_p_misseg,delta__log10_p_misseg,log10_p_misseg,log10,False,none,True,True,-1.44979387924752,1.05361797165697,-0.922984893419034,-1.976602865076,-1.44979387924752,1.05361797165697,-0.922984893419034,-1.976602865076,0.0354981827387303,0.119402963709347,0.0105535150770604,0.0354981827387303,0.119402963709347,0.0105535150770604,-2.30102999566398,-0.301029995663981,0.005,0.5,-1.70247223283293,1.70247223283293,fit_joint_tsne_vi_seed322_C02Sc02_vt_seed10,seed174,18.9119696550321,4,11.314046821128509
k_o_mis,log10_k_o_mis,delta__log10_k_o_mis,log10_k_o_mis,log10,False,none,True,True,-3.16076515789878,1.57309193634285,-2.37421918972735,-3.9473111260702,-3.16076515789878,1.57309193634285,-2.37421918972735,-3.9473111260702,0.0006906131477511,0.0042245534597161,0.0001128986825222,0.0006906131477511,0.0042245534597161,0.0001128986825222,-5.0,-1.69897000433602,1e-05,0.02,-2.92359030712551,2.92359030712551,fit_joint_tsne_vi_seed322_C02Sc02_vt_seed10,seed174,18.9119696550321,4,37.4189792594382
buffer_smax,buffer_smax,delta__buffer_smax,buffer_smax,identity,False,none,True,True,0.95076317634421,-0.098473647311579,0.901526352688421,1.0,0.95076317634421,-0.098473647311579,0.901526352688421,1.0,0.95076317634421,0.901526352688421,1.0,0.95076317634421,0.901526352688421,1.0,0.0,1.0,0.0,1.0,-0.098473647311579,0.098473647311579,fit_joint_tsne_vi_seed322_C02Sc02_vt_seed10,seed174,18.9119696550321,4,0.901526352688421
buffer_beta,log10_buffer_beta,delta__log10_buffer_beta,log10_buffer_beta,log10,False,none,True,True,-0.348323706232239,-1.1000588902421,-0.898353151353286,0.201705738888809,-0.348323706232239,-1.1000588902421,-0.898353151353286,0.201705738888809,0.448411037177796,0.126370833117348,1.59113027351929,0.448411037177796,0.126370833117348,1.59113027351929,-2.0,1.0,0.01,10.0,-2.69664741246448,2.69664741246448,fit_joint_tsne_vi_seed322_C02Sc02_vt_seed10,seed174,18.9119696550321,4,0.07942205312820726
buffer_n_exp,log10_buffer_n_exp,delta__log10_buffer_n_exp,log10_buffer_n_exp,log10,False,none,True,True,0.749676226334253,0.500647547331493,1.0,0.499352452668507,0.749676226334253,0.500647547331493,1.0,0.499352452668507,5.61922246735227,10.0,3.15756611375965,5.61922246735227,10.0,3.15756611375965,-1.0,1.0,0.1,10.0,-0.500647547331493,0.500647547331493,fit_joint_tsne_vi_seed322_C02Sc02_vt_seed10,seed174,18.9119696550321,4,3.1669962368874054
n_O,n_O,delta__n_O,n_O,identity,False,none,True,True,2.77154338922664,1.80593711112329,3.67451194478828,1.86857483366499,2.77154338922664,1.80593711112329,3.67451194478828,1.86857483366499,2.77154338922664,3.67451194478828,1.86857483366499,2.77154338922664,3.67451194478828,1.86857483366499,0.0001,5.0,0.0001,5.0,-4.45691322154673,4.45691322154673,fit_joint_tsne_vi_seed322_C02Sc02_vt_seed10,seed174,18.9119696550321,4,1.9664783441298717
alpha_o2,log10_alpha_o2,delta__log10_alpha_o2,log10_alpha_o2,log10,False,none,True,True,-0.301029956497697,7.83325682096603e-08,-0.301029917331413,-0.301029995663981,-0.301029956497697,7.83325682096603e-08,-0.301029917331413,-0.301029995663981,0.500000045091853,0.50000009018371,0.5,0.500000045091853,0.50000009018371,0.5,-0.301029995663981,0.602059991327962,0.5,4.0,-7.83325682096603e-08,7.83325682096603e-08,fit_joint_tsne_vi_seed322_C02Sc02_vt_seed10,seed174,18.9119696550321,4,1.00000018036742
gamma_growth,gamma_growth,delta__gamma_growth,gamma_growth,identity,False,none,True,True,2.02418907514387,1.04837815028773,2.54837815028773,1.5,2.02418907514387,1.04837815028773,2.54837815028773,1.5,2.02418907514387,2.54837815028773,1.5,2.02418907514387,2.54837815028773,1.5,1.5,4.5,1.5,4.5,-1.04837815028773,1.04837815028773,fit_joint_tsne_vi_seed322_C02Sc02_vt_seed10,seed174,18.9119696550321,4,1.6989187668584866
lam_max,log10_lam_max,delta__log10_lam_max,log10_lam_max,log10,False,none,True,True,-0.239008047714046,-0.737727783394035,-0.607871939411063,0.129855843982972,-0.239008047714046,-0.737727783394035,-0.607871939411063,0.129855843982972,0.576755775693567,0.246676660646755,1.3485151936293,0.576755775693567,0.246676660646755,1.3485151936293,-2.30102999566398,0.176091259055681,0.005,1.5,-0.830198613539454,0.830198613539454,fit_joint_tsne_vi_seed322_C02Sc02_vt_seed10,seed174,18.9119696550321,4,0.18292464320173255
p_mis_base,log10_p_mis_base,delta__log10_p_mis_base,log10_p_mis_base,log10,False,none,True,True,-3.50148422112938,3.13393102885057,-1.93451870670409,-5.06844973555466,-3.50148422112938,3.13393102885057,-1.93451870670409,-5.06844973555466,0.0003151488878624,0.0116273646647229,8.54181703118544e-06,0.0003151488878624,0.0116273646647229,8.54181703118544e-06,-6.0,-1.0,1e-06,0.1,-4.99703155774125,4.99703155774125,fit_joint_tsne_vi_seed322_C02Sc02_vt_seed10,seed174,18.9119696550321,4,1361.228485961756
p_wgd,log10_p_wgd,delta__log10_p_wgd,log10_p_wgd,log10,False,none,True,True,-3.75851763789394,-0.159195468172097,-3.83811537197999,-3.67891990380789,-3.75851763789394,-0.159195468172097,-3.83811537197999,-3.67891990380789,0.0001743742537845,0.0001451725909851,0.0002094498705063,0.0001743742537845,0.0001451725909851,0.0002094498705063,-5.0,-3.0,1e-05,0.001,-1.51703527578787,1.51703527578787,fit_joint_tsne_vi_seed322_C02Sc02_vt_seed10,seed174,18.9119696550321,4,0.6931137776985801
gamma_mu,gamma_mu,delta__gamma_mu,gamma_mu,identity,False,none,True,True,1.87660333667694,1.35320667335387,2.55320667335387,1.2,1.87660333667694,1.35320667335387,2.55320667335387,1.2,1.87660333667694,2.55320667335387,1.2,1.87660333667694,2.55320667335387,1.2,1.2,3.5,1.2,3.5,-1.35320667335387,1.35320667335387,fit_joint_tsne_vi_seed322_C02Sc02_vt_seed10,seed174,18.9119696550321,4,2.127672227794892
O2_crit,log10_O2_crit,delta__log10_O2_crit,log10_O2_crit,log10_nonnegative,False,none,True,True,0.0924359284040376,-0.215847750102848,-0.0154879466473867,0.200359803455462,0.0924359284040376,-0.215847750102848,-0.0154879466473867,0.200359803455462,1.23718865365548,0.964966092977485,1.58620678578554,1.23718865365548,0.964966092977485,1.58620678578554,-4.0,0.397940008672038,0.0001,2.5,-0.611008160536,0.611008160536,fit_joint_tsne_vi_seed322_C02Sc02_vt_seed10,seed336,18.9136730191388,5,0.6083482315325005
mu_hp,log10_mu_hp,delta__log10_mu_hp,log10_mu_hp,log10,False,none,True,True,-1.79359090564571,1.01487818003654,-1.28615181562744,-2.30102999566398,-1.79359090564571,1.01487818003654,-1.28615181562744,-2.30102999566398,0.0160845566395185,0.0517425924579758,0.005,0.0160845566395185,0.0517425924579758,0.005,-2.30102999566398,-0.522878745280338,0.005,0.3,-1.01487818003654,1.01487818003654,fit_joint_tsne_vi_seed322_C02Sc02_vt_seed10,seed336,18.9136730191388,5,10.34851849159516
p_misseg,log10_p_misseg,delta__log10_p_misseg,log10_p_misseg,log10,False,none,True,True,-1.44979387924752,1.05361797165697,-0.922984893419034,-1.976602865076,-1.44979387924752,1.05361797165697,-0.922984893419034,-1.976602865076,0.0354981827387303,0.119402963709347,0.0105535150770604,0.0354981827387303,0.119402963709347,0.0105535150770604,-2.30102999566398,-0.301029995663981,0.005,0.5,-1.70247223283293,1.70247223283293,fit_joint_tsne_vi_seed322_C02Sc02_vt_seed10,seed336,18.9136730191388,5,11.314046821128509
k_o_mis,log10_k_o_mis,delta__log10_k_o_mis,log10_k_o_mis,log10,False,none,True,True,-3.16076515789878,1.57309193634285,-2.37421918972735,-3.9473111260702,-3.16076515789878,1.57309193634285,-2.37421918972735,-3.9473111260702,0.0006906131477511,0.0042245534597161,0.0001128986825222,0.0006906131477511,0.0042245534597161,0.0001128986825222,-5.0,-1.69897000433602,1e-05,0.02,-2.92359030712551,2.92359030712551,fit_joint_tsne_vi_seed322_C02Sc02_vt_seed10,seed336,18.9136730191388,5,37.4189792594382
buffer_smax,buffer_smax,delta__buffer_smax,buffer_smax,identity,False,none,True,True,0.95076317634421,-0.098473647311579,0.901526352688421,1.0,0.95076317634421,-0.098473647311579,0.901526352688421,1.0,0.95076317634421,0.901526352688421,1.0,0.95076317634421,0.901526352688421,1.0,0.0,1.0,0.0,1.0,-0.098473647311579,0.098473647311579,fit_joint_tsne_vi_seed322_C02Sc02_vt_seed10,seed336,18.9136730191388,5,0.901526352688421
buffer_beta,log10_buffer_beta,delta__log10_buffer_beta,log10_buffer_beta,log10,False,none,True,True,-0.348323706232239,-1.1000588902421,-0.898353151353286,0.201705738888809,-0.348323706232239,-1.1000588902421,-0.898353151353286,0.201705738888809,0.448411037177796,0.126370833117348,1.59113027351929,0.448411037177796,0.126370833117348,1.59113027351929,-2.0,1.0,0.01,10.0,-2.69664741246448,2.69664741246448,fit_joint_tsne_vi_seed322_C02Sc02_vt_seed10,seed336,18.9136730191388,5,0.07942205312820726
buffer_n_exp,log10_buffer_n_exp,delta__log10_buffer_n_exp,log10_buffer_n_exp,log10,False,none,True,True,0.749676226334253,0.500647547331493,1.0,0.499352452668507,0.749676226334253,0.500647547331493,1.0,0.499352452668507,5.61922246735227,10.0,3.15756611375965,5.61922246735227,10.0,3.15756611375965,-1.0,1.0,0.1,10.0,-0.500647547331493,0.500647547331493,fit_joint_tsne_vi_seed322_C02Sc02_vt_seed10,seed336,18.9136730191388,5,3.1669962368874054
n_O,n_O,delta__n_O,n_O,identity,False,none,True,True,2.77154338922664,1.80593711112329,3.67451194478828,1.86857483366499,2.77154338922664,1.80593711112329,3.67451194478828,1.86857483366499,2.77154338922664,3.67451194478828,1.86857483366499,2.77154338922664,3.67451194478828,1.86857483366499,0.0001,5.0,0.0001,5.0,-4.45691322154673,4.45691322154673,fit_joint_tsne_vi_seed322_C02Sc02_vt_seed10,seed336,18.9136730191388,5,1.9664783441298717
alpha_o2,log10_alpha_o2,delta__log10_alpha_o2,log10_alpha_o2,log10,False,none,True,True,-0.301029956497697,7.83325682096603e-08,-0.301029917331413,-0.301029995663981,-0.301029956497697,7.83325682096603e-08,-0.301029917331413,-0.301029995663981,0.500000045091853,0.50000009018371,0.5,0.500000045091853,0.50000009018371,0.5,-0.301029995663981,0.602059991327962,0.5,4.0,-7.83325682096603e-08,7.83325682096603e-08,fit_joint_tsne_vi_seed322_C02Sc02_vt_seed10,seed336,18.9136730191388,5,1.00000018036742
gamma_growth,gamma_growth,delta__gamma_growth,gamma_growth,identity,False,none,True,True,2.02418907514387,1.04837815028773,2.54837815028773,1.5,2.02418907514387,1.04837815028773,2.54837815028773,1.5,2.02418907514387,2.54837815028773,1.5,2.02418907514387,2.54837815028773,1.5,1.5,4.5,1.5,4.5,-1.04837815028773,1.04837815028773,fit_joint_tsne_vi_seed322_C02Sc02_vt_seed10,seed336,18.9136730191388,5,1.6989187668584866
lam_max,log10_lam_max,delta__log10_lam_max,log10_lam_max,log10,False,none,True,True,-0.239008047714046,-0.737727783394035,-0.607871939411063,0.129855843982972,-0.239008047714046,-0.737727783394035,-0.607871939411063,0.129855843982972,0.576755775693567,0.246676660646755,1.3485151936293,0.576755775693567,0.246676660646755,1.3485151936293,-2.30102999566398,0.176091259055681,0.005,1.5,-0.830198613539454,0.830198613539454,fit_joint_tsne_vi_seed322_C02Sc02_vt_seed10,seed336,18.9136730191388,5,0.18292464320173255
p_mis_base,log10_p_mis_base,delta__log10_p_mis_base,log10_p_mis_base,log10,False,none,True,True,-3.50148422112938,3.13393102885057,-1.93451870670409,-5.06844973555466,-3.50148422112938,3.13393102885057,-1.93451870670409,-5.06844973555466,0.0003151488878624,0.0116273646647229,8.54181703118544e-06,0.0003151488878624,0.0116273646647229,8.54181703118544e-06,-6.0,-1.0,1e-06,0.1,-4.99703155774125,4.99703155774125,fit_joint_tsne_vi_seed322_C02Sc02_vt_seed10,seed336,18.9136730191388,5,1361.228485961756
p_wgd,log10_p_wgd,delta__log10_p_wgd,log10_p_wgd,log10,False,none,True,True,-3.75851763789394,-0.167876508232309,-3.84245589201009,-3.67457938377778,-3.75851763789394,-0.167876508232309,-3.84245589201009,-3.67457938377778,0.0001743742537845,0.0001437289020466,0.0002115536955332,0.0001743742537845,0.0001437289020466,0.0002115536955332,-5.0,-3.0,1e-05,0.001,-1.51703527578787,1.51703527578787,fit_joint_tsne_vi_seed322_C02Sc02_vt_seed10,seed336,18.9136730191388,5,0.6793967918373897
gamma_mu,gamma_mu,delta__gamma_mu,gamma_mu,identity,False,none,True,True,1.87660333667694,1.35320667335387,2.55320667335387,1.2,1.87660333667694,1.35320667335387,2.55320667335387,1.2,1.87660333667694,2.55320667335387,1.2,1.87660333667694,2.55320667335387,1.2,1.2,3.5,1.2,3.5,-1.35320667335387,1.35320667335387,fit_joint_tsne_vi_seed322_C02Sc02_vt_seed10,seed336,18.9136730191388,5,2.127672227794892
O2_crit,log10_O2_crit,delta__log10_O2_crit,log10_O2_crit,log10_nonnegative,False,none,True,True,0.0924359284040376,-0.215847750102848,-0.0154879466473867,0.200359803455462,0.0924359284040376,-0.215847750102848,-0.0154879466473867,0.200359803455462,1.23718865365548,0.964966092977485,1.58620678578554,1.23718865365548,0.964966092977485,1.58620678578554,-4.0,0.397940008672038,0.0001,2.5,-0.611008160536,0.611008160536,fit_joint_tsne_vi_seed322_C02Sc02_vt_seed10,seed132,18.9139107099569,6,0.6083482315325005
mu_hp,log10_mu_hp,delta__log10_mu_hp,log10_mu_hp,log10,False,none,True,True,-1.79359090564571,1.01487818003654,-1.28615181562744,-2.30102999566398,-1.79359090564571,1.01487818003654,-1.28615181562744,-2.30102999566398,0.0160845566395185,0.0517425924579758,0.005,0.0160845566395185,0.0517425924579758,0.005,-2.30102999566398,-0.522878745280338,0.005,0.3,-1.01487818003654,1.01487818003654,fit_joint_tsne_vi_seed322_C02Sc02_vt_seed10,seed132,18.9139107099569,6,10.34851849159516
p_misseg,log10_p_misseg,delta__log10_p_misseg,log10_p_misseg,log10,False,none,True,True,-1.44979387924752,1.05361797165697,-0.922984893419034,-1.976602865076,-1.44979387924752,1.05361797165697,-0.922984893419034,-1.976602865076,0.0354981827387303,0.119402963709347,0.0105535150770604,0.0354981827387303,0.119402963709347,0.0105535150770604,-2.30102999566398,-0.301029995663981,0.005,0.5,-1.70247223283293,1.70247223283293,fit_joint_tsne_vi_seed322_C02Sc02_vt_seed10,seed132,18.9139107099569,6,11.314046821128509
k_o_mis,log10_k_o_mis,delta__log10_k_o_mis,log10_k_o_mis,log10,False,none,True,True,-3.16076515789878,1.57309193634285,-2.37421918972735,-3.9473111260702,-3.16076515789878,1.57309193634285,-2.37421918972735,-3.9473111260702,0.0006906131477511,0.0042245534597161,0.0001128986825222,0.0006906131477511,0.0042245534597161,0.0001128986825222,-5.0,-1.69897000433602,1e-05,0.02,-2.92359030712551,2.92359030712551,fit_joint_tsne_vi_seed322_C02Sc02_vt_seed10,seed132,18.9139107099569,6,37.4189792594382
buffer_smax,buffer_smax,delta__buffer_smax,buffer_smax,identity,False,none,True,True,0.95076317634421,-0.098473647311579,0.901526352688421,1.0,0.95076317634421,-0.098473647311579,0.901526352688421,1.0,0.95076317634421,0.901526352688421,1.0,0.95076317634421,0.901526352688421,1.0,0.0,1.0,0.0,1.0,-0.098473647311579,0.098473647311579,fit_joint_tsne_vi_seed322_C02Sc02_vt_seed10,seed132,18.9139107099569,6,0.901526352688421
buffer_beta,log10_buffer_beta,delta__log10_buffer_beta,log10_buffer_beta,log10,False,none,True,True,-0.348323706232239,-1.1000588902421,-0.898353151353286,0.201705738888809,-0.348323706232239,-1.1000588902421,-0.898353151353286,0.201705738888809,0.448411037177796,0.126370833117348,1.59113027351929,0.448411037177796,0.126370833117348,1.59113027351929,-2.0,1.0,0.01,10.0,-2.69664741246448,2.69664741246448,fit_joint_tsne_vi_seed322_C02Sc02_vt_seed10,seed132,18.9139107099569,6,0.07942205312820726
buffer_n_exp,log10_buffer_n_exp,delta__log10_buffer_n_exp,log10_buffer_n_exp,log10,False,none,True,True,0.749676226334253,0.500647547331493,1.0,0.499352452668507,0.749676226334253,0.500647547331493,1.0,0.499352452668507,5.61922246735227,10.0,3.15756611375965,5.61922246735227,10.0,3.15756611375965,-1.0,1.0,0.1,10.0,-0.500647547331493,0.500647547331493,fit_joint_tsne_vi_seed322_C02Sc02_vt_seed10,seed132,18.9139107099569,6,3.1669962368874054
n_O,n_O,delta__n_O,n_O,identity,False,none,True,True,2.77154338922664,1.80593711112329,3.67451194478828,1.86857483366499,2.77154338922664,1.80593711112329,3.67451194478828,1.86857483366499,2.77154338922664,3.67451194478828,1.86857483366499,2.77154338922664,3.67451194478828,1.86857483366499,0.0001,5.0,0.0001,5.0,-4.45691322154673,4.45691322154673,fit_joint_tsne_vi_seed322_C02Sc02_vt_seed10,seed132,18.9139107099569,6,1.9664783441298717
alpha_o2,log10_alpha_o2,delta__log10_alpha_o2,log10_alpha_o2,log10,False,none,True,True,-0.301029956497697,7.83325682096603e-08,-0.301029917331413,-0.301029995663981,-0.301029956497697,7.83325682096603e-08,-0.301029917331413,-0.301029995663981,0.500000045091853,0.50000009018371,0.5,0.500000045091853,0.50000009018371,0.5,-0.301029995663981,0.602059991327962,0.5,4.0,-7.83325682096603e-08,7.83325682096603e-08,fit_joint_tsne_vi_seed322_C02Sc02_vt_seed10,seed132,18.9139107099569,6,1.00000018036742
gamma_growth,gamma_growth,delta__gamma_growth,gamma_growth,identity,False,none,True,True,2.02418907514387,1.04837815028773,2.54837815028773,1.5,2.02418907514387,1.04837815028773,2.54837815028773,1.5,2.02418907514387,2.54837815028773,1.5,2.02418907514387,2.54837815028773,1.5,1.5,4.5,1.5,4.5,-1.04837815028773,1.04837815028773,fit_joint_tsne_vi_seed322_C02Sc02_vt_seed10,seed132,18.9139107099569,6,1.6989187668584866
lam_max,log10_lam_max,delta__log10_lam_max,log10_lam_max,log10,False,none,True,True,-0.239008047714046,-0.737727783394035,-0.607871939411063,0.129855843982972,-0.239008047714046,-0.737727783394035,-0.607871939411063,0.129855843982972,0.576755775693567,0.246676660646755,1.3485151936293,0.576755775693567,0.246676660646755,1.3485151936293,-2.30102999566398,0.176091259055681,0.005,1.5,-0.830198613539454,0.830198613539454,fit_joint_tsne_vi_seed322_C02Sc02_vt_seed10,seed132,18.9139107099569,6,0.18292464320173255
p_mis_base,log10_p_mis_base,delta__log10_p_mis_base,log10_p_mis_base,log10,False,none,True,True,-3.50148422112938,3.13393102885057,-1.93451870670409,-5.06844973555466,-3.50148422112938,3.13393102885057,-1.93451870670409,-5.06844973555466,0.0003151488878624,0.0116273646647229,8.54181703118544e-06,0.0003151488878624,0.0116273646647229,8.54181703118544e-06,-6.0,-1.0,1e-06,0.1,-4.99703155774125,4.99703155774125,fit_joint_tsne_vi_seed322_C02Sc02_vt_seed10,seed132,18.9139107099569,6,1361.228485961756
p_wgd,log10_p_wgd,delta__log10_p_wgd,log10_p_wgd,log10,False,none,True,True,-3.75851763789394,-0.169074316409189,-3.84305479609853,-3.67398047968934,-3.75851763789394,-0.169074316409189,-3.84305479609853,-3.67398047968934,0.0001743742537845,0.000143530832523,0.0002118456351739,0.0001743742537845,0.000143530832523,0.0002118456351739,-5.0,-3.0,1e-05,0.001,-1.51703527578787,1.51703527578787,fit_joint_tsne_vi_seed322_C02Sc02_vt_seed10,seed132,18.9139107099569,6,0.677525559614095
gamma_mu,gamma_mu,delta__gamma_mu,gamma_mu,identity,False,none,True,True,1.87660333667694,1.35320667335387,2.55320667335387,1.2,1.87660333667694,1.35320667335387,2.55320667335387,1.2,1.87660333667694,2.55320667335387,1.2,1.87660333667694,2.55320667335387,1.2,1.2,3.5,1.2,3.5,-1.35320667335387,1.35320667335387,fit_joint_tsne_vi_seed322_C02Sc02_vt_seed10,seed132,18.9139107099569,6,2.127672227794892
O2_crit,log10_O2_crit,delta__log10_O2_crit,log10_O2_crit,log10_nonnegative,False,none,True,True,0.0924359284040376,-0.215847750102848,-0.0154879466473867,0.200359803455462,0.0924359284040376,-0.215847750102848,-0.0154879466473867,0.200359803455462,1.23718865365548,0.964966092977485,1.58620678578554,1.23718865365548,0.964966092977485,1.58620678578554,-4.0,0.397940008672038,0.0001,2.5,-0.611008160536,0.611008160536,fit_joint_tsne_vi_seed322_C02Sc02_vt_seed10,seed433,18.9139863793036,7,0.6083482315325005
mu_hp,log10_mu_hp,delta__log10_mu_hp,log10_mu_hp,log10,False,none,True,True,-1.79359090564571,1.01487818003654,-1.28615181562744,-2.30102999566398,-1.79359090564571,1.01487818003654,-1.28615181562744,-2.30102999566398,0.0160845566395185,0.0517425924579758,0.005,0.0160845566395185,0.0517425924579758,0.005,-2.30102999566398,-0.522878745280338,0.005,0.3,-1.01487818003654,1.01487818003654,fit_joint_tsne_vi_seed322_C02Sc02_vt_seed10,seed433,18.9139863793036,7,10.34851849159516
p_misseg,log10_p_misseg,delta__log10_p_misseg,log10_p_misseg,log10,False,none,True,True,-1.44979387924752,1.05361797165697,-0.922984893419034,-1.976602865076,-1.44979387924752,1.05361797165697,-0.922984893419034,-1.976602865076,0.0354981827387303,0.119402963709347,0.0105535150770604,0.0354981827387303,0.119402963709347,0.0105535150770604,-2.30102999566398,-0.301029995663981,0.005,0.5,-1.70247223283293,1.70247223283293,fit_joint_tsne_vi_seed322_C02Sc02_vt_seed10,seed433,18.9139863793036,7,11.314046821128509
k_o_mis,log10_k_o_mis,delta__log10_k_o_mis,log10_k_o_mis,log10,False,none,True,True,-3.16076515789878,1.57309193634285,-2.37421918972735,-3.9473111260702,-3.16076515789878,1.57309193634285,-2.37421918972735,-3.9473111260702,0.0006906131477511,0.0042245534597161,0.0001128986825222,0.0006906131477511,0.0042245534597161,0.0001128986825222,-5.0,-1.69897000433602,1e-05,0.02,-2.92359030712551,2.92359030712551,fit_joint_tsne_vi_seed322_C02Sc02_vt_seed10,seed433,18.9139863793036,7,37.4189792594382
buffer_smax,buffer_smax,delta__buffer_smax,buffer_smax,identity,False,none,True,True,0.95076317634421,-0.098473647311579,0.901526352688421,1.0,0.95076317634421,-0.098473647311579,0.901526352688421,1.0,0.95076317634421,0.901526352688421,1.0,0.95076317634421,0.901526352688421,1.0,0.0,1.0,0.0,1.0,-0.098473647311579,0.098473647311579,fit_joint_tsne_vi_seed322_C02Sc02_vt_seed10,seed433,18.9139863793036,7,0.901526352688421
buffer_beta,log10_buffer_beta,delta__log10_buffer_beta,log10_buffer_beta,log10,False,none,True,True,-0.348323706232239,-1.1000588902421,-0.898353151353286,0.201705738888809,-0.348323706232239,-1.1000588902421,-0.898353151353286,0.201705738888809,0.448411037177796,0.126370833117348,1.59113027351929,0.448411037177796,0.126370833117348,1.59113027351929,-2.0,1.0,0.01,10.0,-2.69664741246448,2.69664741246448,fit_joint_tsne_vi_seed322_C02Sc02_vt_seed10,seed433,18.9139863793036,7,0.07942205312820726
buffer_n_exp,log10_buffer_n_exp,delta__log10_buffer_n_exp,log10_buffer_n_exp,log10,False,none,True,True,0.749676226334253,0.500647547331493,1.0,0.499352452668507,0.749676226334253,0.500647547331493,1.0,0.499352452668507,5.61922246735227,10.0,3.15756611375965,5.61922246735227,10.0,3.15756611375965,-1.0,1.0,0.1,10.0,-0.500647547331493,0.500647547331493,fit_joint_tsne_vi_seed322_C02Sc02_vt_seed10,seed433,18.9139863793036,7,3.1669962368874054
n_O,n_O,delta__n_O,n_O,identity,False,none,True,True,2.77154338922664,1.80593711112329,3.67451194478828,1.86857483366499,2.77154338922664,1.80593711112329,3.67451194478828,1.86857483366499,2.77154338922664,3.67451194478828,1.86857483366499,2.77154338922664,3.67451194478828,1.86857483366499,0.0001,5.0,0.0001,5.0,-4.45691322154673,4.45691322154673,fit_joint_tsne_vi_seed322_C02Sc02_vt_seed10,seed433,18.9139863793036,7,1.9664783441298717
alpha_o2,log10_alpha_o2,delta__log10_alpha_o2,log10_alpha_o2,log10,False,none,True,True,-0.301029956497697,7.83325682096603e-08,-0.301029917331413,-0.301029995663981,-0.301029956497697,7.83325682096603e-08,-0.301029917331413,-0.301029995663981,0.500000045091853,0.50000009018371,0.5,0.500000045091853,0.50000009018371,0.5,-0.301029995663981,0.602059991327962,0.5,4.0,-7.83325682096603e-08,7.83325682096603e-08,fit_joint_tsne_vi_seed322_C02Sc02_vt_seed10,seed433,18.9139863793036,7,1.00000018036742
gamma_growth,gamma_growth,delta__gamma_growth,gamma_growth,identity,False,none,True,True,2.02418907514387,1.04837815028773,2.54837815028773,1.5,2.02418907514387,1.04837815028773,2.54837815028773,1.5,2.02418907514387,2.54837815028773,1.5,2.02418907514387,2.54837815028773,1.5,1.5,4.5,1.5,4.5,-1.04837815028773,1.04837815028773,fit_joint_tsne_vi_seed322_C02Sc02_vt_seed10,seed433,18.9139863793036,7,1.6989187668584866
lam_max,log10_lam_max,delta__log10_lam_max,log10_lam_max,log10,False,none,True,True,-0.239008047714046,-0.737727783394035,-0.607871939411063,0.129855843982972,-0.239008047714046,-0.737727783394035,-0.607871939411063,0.129855843982972,0.576755775693567,0.246676660646755,1.3485151936293,0.576755775693567,0.246676660646755,1.3485151936293,-2.30102999566398,0.176091259055681,0.005,1.5,-0.830198613539454,0.830198613539454,fit_joint_tsne_vi_seed322_C02Sc02_vt_seed10,seed433,18.9139863793036,7,0.18292464320173255
p_mis_base,log10_p_mis_base,delta__log10_p_mis_base,log10_p_mis_base,log10,False,none,True,True,-3.50148422112938,3.13393102885057,-1.93451870670409,-5.06844973555466,-3.50148422112938,3.13393102885057,-1.93451870670409,-5.06844973555466,0.0003151488878624,0.0116273646647229,8.54181703118544e-06,0.0003151488878624,0.0116273646647229,8.54181703118544e-06,-6.0,-1.0,1e-06,0.1,-4.99703155774125,4.99703155774125,fit_joint_tsne_vi_seed322_C02Sc02_vt_seed10,seed433,18.9139863793036,7,1361.228485961756
p_wgd,log10_p_wgd,delta__log10_p_wgd,log10_p_wgd,log10,False,none,True,True,-3.75851763789394,-0.169537057803065,-3.84328616679547,-3.6737491089924,-3.75851763789394,-0.169537057803065,-3.84328616679547,-3.6737491089924,0.0001743742537845,0.0001434543867341,0.0002119585261568,0.0001743742537845,0.0001434543867341,0.0002119585261568,-5.0,-3.0,1e-05,0.001,-1.51703527578787,1.51703527578787,fit_joint_tsne_vi_seed322_C02Sc02_vt_seed10,seed433,18.9139863793036,7,0.6768040396165859
gamma_mu,gamma_mu,delta__gamma_mu,gamma_mu,identity,False,none,True,True,1.87660333667694,1.35320667335387,2.55320667335387,1.2,1.87660333667694,1.35320667335387,2.55320667335387,1.2,1.87660333667694,2.55320667335387,1.2,1.87660333667694,2.55320667335387,1.2,1.2,3.5,1.2,3.5,-1.35320667335387,1.35320667335387,fit_joint_tsne_vi_seed322_C02Sc02_vt_seed10,seed433,18.9139863793036,7,2.127672227794892
O2_crit,log10_O2_crit,delta__log10_O2_crit,log10_O2_crit,log10_nonnegative,False,none,True,True,0.0924359284040376,-0.215847750102848,-0.0154879466473867,0.200359803455462,0.0924359284040376,-0.215847750102848,-0.0154879466473867,0.200359803455462,1.23718865365548,0.964966092977485,1.58620678578554,1.23718865365548,0.964966092977485,1.58620678578554,-4.0,0.397940008672038,0.0001,2.5,-0.611008160536,0.611008160536,fit_joint_tsne_vi_seed322_C02Sc02_vt_seed10,seed211,18.9163946218076,8,0.6083482315325005
mu_hp,log10_mu_hp,delta__log10_mu_hp,log10_mu_hp,log10,False,none,True,True,-1.79359090564571,1.01487818003654,-1.28615181562744,-2.30102999566398,-1.79359090564571,1.01487818003654,-1.28615181562744,-2.30102999566398,0.0160845566395185,0.0517425924579758,0.005,0.0160845566395185,0.0517425924579758,0.005,-2.30102999566398,-0.522878745280338,0.005,0.3,-1.01487818003654,1.01487818003654,fit_joint_tsne_vi_seed322_C02Sc02_vt_seed10,seed211,18.9163946218076,8,10.34851849159516
p_misseg,log10_p_misseg,delta__log10_p_misseg,log10_p_misseg,log10,False,none,True,True,-1.44979387924752,1.05361797165697,-0.922984893419034,-1.976602865076,-1.44979387924752,1.05361797165697,-0.922984893419034,-1.976602865076,0.0354981827387303,0.119402963709347,0.0105535150770604,0.0354981827387303,0.119402963709347,0.0105535150770604,-2.30102999566398,-0.301029995663981,0.005,0.5,-1.70247223283293,1.70247223283293,fit_joint_tsne_vi_seed322_C02Sc02_vt_seed10,seed211,18.9163946218076,8,11.314046821128509
k_o_mis,log10_k_o_mis,delta__log10_k_o_mis,log10_k_o_mis,log10,False,none,True,True,-3.16076515789878,1.57309193634285,-2.37421918972735,-3.9473111260702,-3.16076515789878,1.57309193634285,-2.37421918972735,-3.9473111260702,0.0006906131477511,0.0042245534597161,0.0001128986825222,0.0006906131477511,0.0042245534597161,0.0001128986825222,-5.0,-1.69897000433602,1e-05,0.02,-2.92359030712551,2.92359030712551,fit_joint_tsne_vi_seed322_C02Sc02_vt_seed10,seed211,18.9163946218076,8,37.4189792594382
buffer_smax,buffer_smax,delta__buffer_smax,buffer_smax,identity,False,none,True,True,0.95076317634421,-0.098473647311579,0.901526352688421,1.0,0.95076317634421,-0.098473647311579,0.901526352688421,1.0,0.95076317634421,0.901526352688421,1.0,0.95076317634421,0.901526352688421,1.0,0.0,1.0,0.0,1.0,-0.098473647311579,0.098473647311579,fit_joint_tsne_vi_seed322_C02Sc02_vt_seed10,seed211,18.9163946218076,8,0.901526352688421
buffer_beta,log10_buffer_beta,delta__log10_buffer_beta,log10_buffer_beta,log10,False,none,True,True,-0.348323706232239,-1.1000588902421,-0.898353151353286,0.201705738888809,-0.348323706232239,-1.1000588902421,-0.898353151353286,0.201705738888809,0.448411037177796,0.126370833117348,1.59113027351929,0.448411037177796,0.126370833117348,1.59113027351929,-2.0,1.0,0.01,10.0,-2.69664741246448,2.69664741246448,fit_joint_tsne_vi_seed322_C02Sc02_vt_seed10,seed211,18.9163946218076,8,0.07942205312820726
buffer_n_exp,log10_buffer_n_exp,delta__log10_buffer_n_exp,log10_buffer_n_exp,log10,False,none,True,True,0.749676226334253,0.500647547331493,1.0,0.499352452668507,0.749676226334253,0.500647547331493,1.0,0.499352452668507,5.61922246735227,10.0,3.15756611375965,5.61922246735227,10.0,3.15756611375965,-1.0,1.0,0.1,10.0,-0.500647547331493,0.500647547331493,fit_joint_tsne_vi_seed322_C02Sc02_vt_seed10,seed211,18.9163946218076,8,3.1669962368874054
n_O,n_O,delta__n_O,n_O,identity,False,none,True,True,2.77154338922664,1.80593711112329,3.67451194478828,1.86857483366499,2.77154338922664,1.80593711112329,3.67451194478828,1.86857483366499,2.77154338922664,3.67451194478828,1.86857483366499,2.77154338922664,3.67451194478828,1.86857483366499,0.0001,5.0,0.0001,5.0,-4.45691322154673,4.45691322154673,fit_joint_tsne_vi_seed322_C02Sc02_vt_seed10,seed211,18.9163946218076,8,1.9664783441298717
alpha_o2,log10_alpha_o2,delta__log10_alpha_o2,log10_alpha_o2,log10,False,none,True,True,-0.301029956497697,7.83325682096603e-08,-0.301029917331413,-0.301029995663981,-0.301029956497697,7.83325682096603e-08,-0.301029917331413,-0.301029995663981,0.500000045091853,0.50000009018371,0.5,0.500000045091853,0.50000009018371,0.5,-0.301029995663981,0.602059991327962,0.5,4.0,-7.83325682096603e-08,7.83325682096603e-08,fit_joint_tsne_vi_seed322_C02Sc02_vt_seed10,seed211,18.9163946218076,8,1.00000018036742
gamma_growth,gamma_growth,delta__gamma_growth,gamma_growth,identity,False,none,True,True,2.02418907514387,1.04837815028773,2.54837815028773,1.5,2.02418907514387,1.04837815028773,2.54837815028773,1.5,2.02418907514387,2.54837815028773,1.5,2.02418907514387,2.54837815028773,1.5,1.5,4.5,1.5,4.5,-1.04837815028773,1.04837815028773,fit_joint_tsne_vi_seed322_C02Sc02_vt_seed10,seed211,18.9163946218076,8,1.6989187668584866
lam_max,log10_lam_max,delta__log10_lam_max,log10_lam_max,log10,False,none,True,True,-0.239008047714046,-0.737727783394035,-0.607871939411063,0.129855843982972,-0.239008047714046,-0.737727783394035,-0.607871939411063,0.129855843982972,0.576755775693567,0.246676660646755,1.3485151936293,0.576755775693567,0.246676660646755,1.3485151936293,-2.30102999566398,0.176091259055681,0.005,1.5,-0.830198613539454,0.830198613539454,fit_joint_tsne_vi_seed322_C02Sc02_vt_seed10,seed211,18.9163946218076,8,0.18292464320173255
p_mis_base,log10_p_mis_base,delta__log10_p_mis_base,log10_p_mis_base,log10,False,none,True,True,-3.50148422112938,3.13393102885057,-1.93451870670409,-5.06844973555466,-3.50148422112938,3.13393102885057,-1.93451870670409,-5.06844973555466,0.0003151488878624,0.0116273646647229,8.54181703118544e-06,0.0003151488878624,0.0116273646647229,8.54181703118544e-06,-6.0,-1.0,1e-06,0.1,-4.99703155774125,4.99703155774125,fit_joint_tsne_vi_seed322_C02Sc02_vt_seed10,seed211,18.9163946218076,8,1361.228485961756
p_wgd,log10_p_wgd,delta__log10_p_wgd,log10_p_wgd,log10,False,none,True,True,-3.75851763789394,-0.181632037401621,-3.84933365659475,-3.66770161919313,-3.75851763789394,-0.181632037401621,-3.84933365659475,-3.66770161919313,0.0001743742537845,0.0001414706481969,0.0002149306642079,0.0001743742537845,0.0001414706481969,0.0002149306642079,-5.0,-3.0,1e-05,0.001,-1.51703527578787,1.51703527578787,fit_joint_tsne_vi_seed322_C02Sc02_vt_seed10,seed211,18.9163946218076,8,0.6582152840697363
gamma_mu,gamma_mu,delta__gamma_mu,gamma_mu,identity,False,none,True,True,1.87660333667694,1.35320667335387,2.55320667335387,1.2,1.87660333667694,1.35320667335387,2.55320667335387,1.2,1.87660333667694,2.55320667335387,1.2,1.87660333667694,2.55320667335387,1.2,1.2,3.5,1.2,3.5,-1.35320667335387,1.35320667335387,fit_joint_tsne_vi_seed322_C02Sc02_vt_seed10,seed211,18.9163946218076,8,2.127672227794892
O2_crit,log10_O2_crit,delta__log10_O2_crit,log10_O2_crit,log10_nonnegative,False,none,True,True,0.0924359284040376,-0.215847750102848,-0.0154879466473867,0.200359803455462,0.0924359284040376,-0.215847750102848,-0.0154879466473867,0.200359803455462,1.23718865365548,0.964966092977485,1.58620678578554,1.23718865365548,0.964966092977485,1.58620678578554,-4.0,0.397940008672038,0.0001,2.5,-0.611008160536,0.611008160536,fit_joint_tsne_vi_seed322_C02Sc02_vt_seed10,seed438,18.9198583280572,9,0.6083482315325005
mu_hp,log10_mu_hp,delta__log10_mu_hp,log10_mu_hp,log10,False,none,True,True,-1.79359090564571,1.01487818003654,-1.28615181562744,-2.30102999566398,-1.79359090564571,1.01487818003654,-1.28615181562744,-2.30102999566398,0.0160845566395185,0.0517425924579758,0.005,0.0160845566395185,0.0517425924579758,0.005,-2.30102999566398,-0.522878745280338,0.005,0.3,-1.01487818003654,1.01487818003654,fit_joint_tsne_vi_seed322_C02Sc02_vt_seed10,seed438,18.9198583280572,9,10.34851849159516
p_misseg,log10_p_misseg,delta__log10_p_misseg,log10_p_misseg,log10,False,none,True,True,-1.44979387924752,1.05361797165697,-0.922984893419034,-1.976602865076,-1.44979387924752,1.05361797165697,-0.922984893419034,-1.976602865076,0.0354981827387303,0.119402963709347,0.0105535150770604,0.0354981827387303,0.119402963709347,0.0105535150770604,-2.30102999566398,-0.301029995663981,0.005,0.5,-1.70247223283293,1.70247223283293,fit_joint_tsne_vi_seed322_C02Sc02_vt_seed10,seed438,18.9198583280572,9,11.314046821128509
k_o_mis,log10_k_o_mis,delta__log10_k_o_mis,log10_k_o_mis,log10,False,none,True,True,-3.16076515789878,1.57309193634285,-2.37421918972735,-3.9473111260702,-3.16076515789878,1.57309193634285,-2.37421918972735,-3.9473111260702,0.0006906131477511,0.0042245534597161,0.0001128986825222,0.0006906131477511,0.0042245534597161,0.0001128986825222,-5.0,-1.69897000433602,1e-05,0.02,-2.92359030712551,2.92359030712551,fit_joint_tsne_vi_seed322_C02Sc02_vt_seed10,seed438,18.9198583280572,9,37.4189792594382
buffer_smax,buffer_smax,delta__buffer_smax,buffer_smax,identity,False,none,True,True,0.95076317634421,-0.098473647311579,0.901526352688421,1.0,0.95076317634421,-0.098473647311579,0.901526352688421,1.0,0.95076317634421,0.901526352688421,1.0,0.95076317634421,0.901526352688421,1.0,0.0,1.0,0.0,1.0,-0.098473647311579,0.098473647311579,fit_joint_tsne_vi_seed322_C02Sc02_vt_seed10,seed438,18.9198583280572,9,0.901526352688421
buffer_beta,log10_buffer_beta,delta__log10_buffer_beta,log10_buffer_beta,log10,False,none,True,True,-0.348323706232239,-1.1000588902421,-0.898353151353286,0.201705738888809,-0.348323706232239,-1.1000588902421,-0.898353151353286,0.201705738888809,0.448411037177796,0.126370833117348,1.59113027351929,0.448411037177796,0.126370833117348,1.59113027351929,-2.0,1.0,0.01,10.0,-2.69664741246448,2.69664741246448,fit_joint_tsne_vi_seed322_C02Sc02_vt_seed10,seed438,18.9198583280572,9,0.07942205312820726
buffer_n_exp,log10_buffer_n_exp,delta__log10_buffer_n_exp,log10_buffer_n_exp,log10,False,none,True,True,0.749676226334253,0.500647547331493,1.0,0.499352452668507,0.749676226334253,0.500647547331493,1.0,0.499352452668507,5.61922246735227,10.0,3.15756611375965,5.61922246735227,10.0,3.15756611375965,-1.0,1.0,0.1,10.0,-0.500647547331493,0.500647547331493,fit_joint_tsne_vi_seed322_C02Sc02_vt_seed10,seed438,18.9198583280572,9,3.1669962368874054
n_O,n_O,delta__n_O,n_O,identity,False,none,True,True,2.77154338922664,1.80593711112329,3.67451194478828,1.86857483366499,2.77154338922664,1.80593711112329,3.67451194478828,1.86857483366499,2.77154338922664,3.67451194478828,1.86857483366499,2.77154338922664,3.67451194478828,1.86857483366499,0.0001,5.0,0.0001,5.0,-4.45691322154673,4.45691322154673,fit_joint_tsne_vi_seed322_C02Sc02_vt_seed10,seed438,18.9198583280572,9,1.9664783441298717
alpha_o2,log10_alpha_o2,delta__log10_alpha_o2,log10_alpha_o2,log10,False,none,True,True,-0.301029956497697,7.83325682096603e-08,-0.301029917331413,-0.301029995663981,-0.301029956497697,7.83325682096603e-08,-0.301029917331413,-0.301029995663981,0.500000045091853,0.50000009018371,0.5,0.500000045091853,0.50000009018371,0.5,-0.301029995663981,0.602059991327962,0.5,4.0,-7.83325682096603e-08,7.83325682096603e-08,fit_joint_tsne_vi_seed322_C02Sc02_vt_seed10,seed438,18.9198583280572,9,1.00000018036742
gamma_growth,gamma_growth,delta__gamma_growth,gamma_growth,identity,False,none,True,True,2.02418907514387,1.04837815028773,2.54837815028773,1.5,2.02418907514387,1.04837815028773,2.54837815028773,1.5,2.02418907514387,2.54837815028773,1.5,2.02418907514387,2.54837815028773,1.5,1.5,4.5,1.5,4.5,-1.04837815028773,1.04837815028773,fit_joint_tsne_vi_seed322_C02Sc02_vt_seed10,seed438,18.9198583280572,9,1.6989187668584866
lam_max,log10_lam_max,delta__log10_lam_max,log10_lam_max,log10,False,none,True,True,-0.239008047714046,-0.737727783394035,-0.607871939411063,0.129855843982972,-0.239008047714046,-0.737727783394035,-0.607871939411063,0.129855843982972,0.576755775693567,0.246676660646755,1.3485151936293,0.576755775693567,0.246676660646755,1.3485151936293,-2.30102999566398,0.176091259055681,0.005,1.5,-0.830198613539454,0.830198613539454,fit_joint_tsne_vi_seed322_C02Sc02_vt_seed10,seed438,18.9198583280572,9,0.18292464320173255
p_mis_base,log10_p_mis_base,delta__log10_p_mis_base,log10_p_mis_base,log10,False,none,True,True,-3.50148422112938,3.13393102885057,-1.93451870670409,-5.06844973555466,-3.50148422112938,3.13393102885057,-1.93451870670409,-5.06844973555466,0.0003151488878624,0.0116273646647229,8.54181703118544e-06,0.0003151488878624,0.0116273646647229,8.54181703118544e-06,-6.0,-1.0,1e-06,0.1,-4.99703155774125,4.99703155774125,fit_joint_tsne_vi_seed322_C02Sc02_vt_seed10,seed438,18.9198583280572,9,1361.228485961756
p_wgd,log10_p_wgd,delta__log10_p_wgd,log10_p_wgd,log10,False,none,True,True,-3.75851763789394,-0.198052808899984,-3.85754404234393,-3.65949123344395,-3.75851763789394,-0.198052808899984,-3.85754404234393,-3.65949123344395,0.0001743742537845,0.000138821252243,0.0002190326040977,0.0001743742537845,0.000138821252243,0.0002190326040977,-5.0,-3.0,1e-05,0.001,-1.51703527578787,1.51703527578787,fit_joint_tsne_vi_seed322_C02Sc02_vt_seed10,seed438,18.9198583280572,9,0.6337926392961957
gamma_mu,gamma_mu,delta__gamma_mu,gamma_mu,identity,False,none,True,True,1.87660333667694,1.32707904185617,2.54014285760502,1.21306381574885,1.87660333667694,1.32707904185617,2.54014285760502,1.21306381574885,1.87660333667694,2.54014285760502,1.21306381574885,1.87660333667694,2.54014285760502,1.21306381574885,1.2,3.5,1.2,3.5,-1.35320667335387,1.35320667335387,fit_joint_tsne_vi_seed322_C02Sc02_vt_seed10,seed438,18.9198583280572,9,2.093989470815215
O2_crit,log10_O2_crit,delta__log10_O2_crit,log10_O2_crit,log10_nonnegative,False,none,True,True,0.0924359284040376,-0.215847750102848,-0.0154879466473867,0.200359803455462,0.0924359284040376,-0.215847750102848,-0.0154879466473867,0.200359803455462,1.23718865365548,0.964966092977485,1.58620678578554,1.23718865365548,0.964966092977485,1.58620678578554,-4.0,0.397940008672038,0.0001,2.5,-0.611008160536,0.611008160536,fit_joint_tsne_vi_seed322_C02Sc02_vt_seed10,seed295,18.9255722200102,10,0.6083482315325005
mu_hp,log10_mu_hp,delta__log10_mu_hp,log10_mu_hp,log10,False,none,True,True,-1.79359090564571,1.01487818003654,-1.28615181562744,-2.30102999566398,-1.79359090564571,1.01487818003654,-1.28615181562744,-2.30102999566398,0.0160845566395185,0.0517425924579758,0.005,0.0160845566395185,0.0517425924579758,0.005,-2.30102999566398,-0.522878745280338,0.005,0.3,-1.01487818003654,1.01487818003654,fit_joint_tsne_vi_seed322_C02Sc02_vt_seed10,seed295,18.9255722200102,10,10.34851849159516
p_misseg,log10_p_misseg,delta__log10_p_misseg,log10_p_misseg,log10,False,none,True,True,-1.44979387924752,1.05361797165697,-0.922984893419034,-1.976602865076,-1.44979387924752,1.05361797165697,-0.922984893419034,-1.976602865076,0.0354981827387303,0.119402963709347,0.0105535150770604,0.0354981827387303,0.119402963709347,0.0105535150770604,-2.30102999566398,-0.301029995663981,0.005,0.5,-1.70247223283293,1.70247223283293,fit_joint_tsne_vi_seed322_C02Sc02_vt_seed10,seed295,18.9255722200102,10,11.314046821128509
k_o_mis,log10_k_o_mis,delta__log10_k_o_mis,log10_k_o_mis,log10,False,none,True,True,-3.16076515789878,1.57309193634285,-2.37421918972735,-3.9473111260702,-3.16076515789878,1.57309193634285,-2.37421918972735,-3.9473111260702,0.0006906131477511,0.0042245534597161,0.0001128986825222,0.0006906131477511,0.0042245534597161,0.0001128986825222,-5.0,-1.69897000433602,1e-05,0.02,-2.92359030712551,2.92359030712551,fit_joint_tsne_vi_seed322_C02Sc02_vt_seed10,seed295,18.9255722200102,10,37.4189792594382
buffer_smax,buffer_smax,delta__buffer_smax,buffer_smax,identity,False,none,True,True,0.95076317634421,-0.098473647311579,0.901526352688421,1.0,0.95076317634421,-0.098473647311579,0.901526352688421,1.0,0.95076317634421,0.901526352688421,1.0,0.95076317634421,0.901526352688421,1.0,0.0,1.0,0.0,1.0,-0.098473647311579,0.098473647311579,fit_joint_tsne_vi_seed322_C02Sc02_vt_seed10,seed295,18.9255722200102,10,0.901526352688421
buffer_beta,log10_buffer_beta,delta__log10_buffer_beta,log10_buffer_beta,log10,False,none,True,True,-0.348323706232239,-1.1000588902421,-0.898353151353286,0.201705738888809,-0.348323706232239,-1.1000588902421,-0.898353151353286,0.201705738888809,0.448411037177796,0.126370833117348,1.59113027351929,0.448411037177796,0.126370833117348,1.59113027351929,-2.0,1.0,0.01,10.0,-2.69664741246448,2.69664741246448,fit_joint_tsne_vi_seed322_C02Sc02_vt_seed10,seed295,18.9255722200102,10,0.07942205312820726
buffer_n_exp,log10_buffer_n_exp,delta__log10_buffer_n_exp,log10_buffer_n_exp,log10,False,none,True,True,0.749676226334253,0.500647547331493,1.0,0.499352452668507,0.749676226334253,0.500647547331493,1.0,0.499352452668507,5.61922246735227,10.0,3.15756611375965,5.61922246735227,10.0,3.15756611375965,-1.0,1.0,0.1,10.0,-0.500647547331493,0.500647547331493,fit_joint_tsne_vi_seed322_C02Sc02_vt_seed10,seed295,18.9255722200102,10,3.1669962368874054
n_O,n_O,delta__n_O,n_O,identity,False,none,True,True,2.77154338922664,1.80593711112329,3.67451194478828,1.86857483366499,2.77154338922664,1.80593711112329,3.67451194478828,1.86857483366499,2.77154338922664,3.67451194478828,1.86857483366499,2.77154338922664,3.67451194478828,1.86857483366499,0.0001,5.0,0.0001,5.0,-4.45691322154673,4.45691322154673,fit_joint_tsne_vi_seed322_C02Sc02_vt_seed10,seed295,18.9255722200102,10,1.9664783441298717
alpha_o2,log10_alpha_o2,delta__log10_alpha_o2,log10_alpha_o2,log10,False,none,True,True,-0.301029956497697,7.83325682096603e-08,-0.301029917331413,-0.301029995663981,-0.301029956497697,7.83325682096603e-08,-0.301029917331413,-0.301029995663981,0.500000045091853,0.50000009018371,0.5,0.500000045091853,0.50000009018371,0.5,-0.301029995663981,0.602059991327962,0.5,4.0,-7.83325682096603e-08,7.83325682096603e-08,fit_joint_tsne_vi_seed322_C02Sc02_vt_seed10,seed295,18.9255722200102,10,1.00000018036742
gamma_growth,gamma_growth,delta__gamma_growth,gamma_growth,identity,False,none,True,True,2.02418907514387,1.04837815028773,2.54837815028773,1.5,2.02418907514387,1.04837815028773,2.54837815028773,1.5,2.02418907514387,2.54837815028773,1.5,2.02418907514387,2.54837815028773,1.5,1.5,4.5,1.5,4.5,-1.04837815028773,1.04837815028773,fit_joint_tsne_vi_seed322_C02Sc02_vt_seed10,seed295,18.9255722200102,10,1.6989187668584866
lam_max,log10_lam_max,delta__log10_lam_max,log10_lam_max,log10,False,none,True,True,-0.239008047714046,-0.737727783394035,-0.607871939411063,0.129855843982972,-0.239008047714046,-0.737727783394035,-0.607871939411063,0.129855843982972,0.576755775693567,0.246676660646755,1.3485151936293,0.576755775693567,0.246676660646755,1.3485151936293,-2.30102999566398,0.176091259055681,0.005,1.5,-0.830198613539454,0.830198613539454,fit_joint_tsne_vi_seed322_C02Sc02_vt_seed10,seed295,18.9255722200102,10,0.18292464320173255
p_mis_base,log10_p_mis_base,delta__log10_p_mis_base,log10_p_mis_base,log10,False,none,True,True,-3.50148422112938,3.13393102885057,-1.93451870670409,-5.06844973555466,-3.50148422112938,3.13393102885057,-1.93451870670409,-5.06844973555466,0.0003151488878624,0.0116273646647229,8.54181703118544e-06,0.0003151488878624,0.0116273646647229,8.54181703118544e-06,-6.0,-1.0,1e-06,0.1,-4.99703155774125,4.99703155774125,fit_joint_tsne_vi_seed322_C02Sc02_vt_seed10,seed295,18.9255722200102,10,1361.228485961756
p_wgd,log10_p_wgd,delta__log10_p_wgd,log10_p_wgd,log10,False,none,True,True,-3.75851763789394,-0.227022122183703,-3.87202869898579,-3.64500657680209,-3.75851763789394,-0.227022122183703,-3.87202869898579,-3.64500657680209,0.0001743742537845,0.0001342676231667,0.000226461001288,0.0001743742537845,0.0001342676231667,0.000226461001288,-5.0,-3.0,1e-05,0.001,-1.51703527578787,1.51703527578787,fit_joint_tsne_vi_seed322_C02Sc02_vt_seed10,seed295,18.9255722200102,10,0.5928951227939958
gamma_mu,gamma_mu,delta__gamma_mu,gamma_mu,identity,False,none,True,True,1.87660333667694,1.35320667335387,2.55320667335387,1.2,1.87660333667694,1.35320667335387,2.55320667335387,1.2,1.87660333667694,2.55320667335387,1.2,1.87660333667694,2.55320667335387,1.2,1.2,3.5,1.2,3.5,-1.35320667335387,1.35320667335387,fit_joint_tsne_vi_seed322_C02Sc02_vt_seed10,seed295,18.9255722200102,10,2.127672227794892
O2_crit,log10_O2_crit,delta__log10_O2_crit,log10_O2_crit,log10_nonnegative,False,none,True,True,-0.226148508116371,-0.853016623143665,-0.652656819688203,0.200359803455462,-0.226148508116371,-0.853016623143665,-0.652656819688203,0.200359803455462,0.59408897362346,0.222506744860626,1.58620678578554,0.59408897362346,0.222506744860626,1.58620678578554,-4.0,0.397940008672038,0.0001,2.5,-1.24817703357682,1.24817703357682,fit_joint_tsne_vi_seed366_C01Sc01_vt_seed10,seed472,18.8522859133708,1,0.14027600112077038
mu_hp,log10_mu_hp,delta__log10_mu_hp,log10_mu_hp,log10,False,none,True,True,-1.79525411246165,1.01155176640467,-1.28947822925931,-2.30102999566398,-1.79525411246165,1.01155176640467,-1.28947822925931,-2.30102999566398,0.0160230758124583,0.0513477916983572,0.005,0.0160230758124583,0.0513477916983572,0.005,-2.30102999566398,-0.522878745280338,0.005,0.3,-1.01155176640467,1.01155176640467,fit_joint_tsne_vi_seed366_C01Sc01_vt_seed10,seed472,18.8522859133708,1,10.26955833967144
p_misseg,log10_p_misseg,delta__log10_p_misseg,log10_p_misseg,log10,False,none,True,True,-1.4535458521862,1.04611402577961,-0.930488839296389,-1.976602865076,-1.4535458521862,1.04611402577961,-0.930488839296389,-1.976602865076,0.035192826448372,0.117357584120704,0.0105535150770604,0.035192826448372,0.117357584120704,0.0105535150770604,-2.30102999566398,-0.301029995663981,0.005,0.5,-1.69496828695557,1.69496828695557,fit_joint_tsne_vi_seed366_C01Sc01_vt_seed10,seed472,18.8522859133708,1,11.120236552823787
k_o_mis,log10_k_o_mis,delta__log10_k_o_mis,log10_k_o_mis,log10,False,none,True,True,-3.46747209044657,0.959678071247266,-2.98763305482293,-3.9473111260702,-3.46747209044657,0.959678071247266,-2.98763305482293,-3.9473111260702,0.0003408222267376,0.0010288852592723,0.0001128986825222,0.0003408222267376,0.0010288852592723,0.0001128986825222,-5.0,-1.69897000433602,1e-05,0.02,-3.06505581910687,3.06505581910687,fit_joint_tsne_vi_seed366_C01Sc01_vt_seed10,seed472,18.8522859133708,1,9.113350450922965
buffer_smax,buffer_smax,delta__buffer_smax,buffer_smax,identity,False,none,True,True,0.954257795077643,-0.091484409844715,0.908515590155285,1.0,0.954257795077643,-0.091484409844715,0.908515590155285,1.0,0.954257795077643,0.908515590155285,1.0,0.954257795077643,0.908515590155285,1.0,0.0,1.0,0.0,1.0,-0.091484409844715,0.091484409844715,fit_joint_tsne_vi_seed366_C01Sc01_vt_seed10,seed472,18.8522859133708,1,0.908515590155285
buffer_beta,log10_buffer_beta,delta__log10_buffer_beta,log10_buffer_beta,log10,False,none,True,True,-0.28989539770726,-0.983202273192138,-0.781496534303329,0.201705738888809,-0.28989539770726,-0.983202273192138,-0.781496534303329,0.201705738888809,0.512984924445842,0.165387798276667,1.59113027351929,0.512984924445842,0.165387798276667,1.59113027351929,-2.0,1.0,0.01,10.0,-2.57979079541452,2.57979079541452,fit_joint_tsne_vi_seed366_C01Sc01_vt_seed10,seed472,18.8522859133708,1,0.1039435934499941
buffer_n_exp,log10_buffer_n_exp,delta__log10_buffer_n_exp,log10_buffer_n_exp,log10,False,none,True,True,0.749676226334253,0.500647547331493,1.0,0.499352452668507,0.749676226334253,0.500647547331493,1.0,0.499352452668507,5.61922246735227,10.0,3.15756611375965,5.61922246735227,10.0,3.15756611375965,-1.0,1.0,0.1,10.0,-0.500647547331493,0.500647547331493,fit_joint_tsne_vi_seed366_C01Sc01_vt_seed10,seed472,18.8522859133708,1,3.1669962368874054
n_O,n_O,delta__n_O,n_O,identity,False,none,True,True,2.02052984291053,0.30391001849108,2.17248485215607,1.86857483366499,2.02052984291053,0.30391001849108,2.17248485215607,1.86857483366499,2.02052984291053,2.17248485215607,1.86857483366499,2.02052984291053,2.17248485215607,1.86857483366499,0.0001,5.0,0.0001,5.0,-4.04085968582106,4.04085968582106,fit_joint_tsne_vi_seed366_C01Sc01_vt_seed10,seed472,18.8522859133708,1,1.1626426798733
alpha_o2,log10_alpha_o2,delta__log10_alpha_o2,log10_alpha_o2,log10,False,none,True,True,0.0645171318541569,0.731094255036276,0.430064259372295,-0.301029995663981,0.0645171318541569,0.731094255036276,0.430064259372295,-0.301029995663981,1.16015798063767,2.69193308007453,0.5,1.16015798063767,2.69193308007453,0.5,-0.301029995663981,0.602059991327962,0.5,4.0,-0.731094255036276,0.731094255036276,fit_joint_tsne_vi_seed366_C01Sc01_vt_seed10,seed472,18.8522859133708,1,5.38386616014906
gamma_growth,gamma_growth,delta__gamma_growth,gamma_growth,identity,False,none,True,True,2.40379363126653,1.80758726253307,3.30758726253307,1.5,2.40379363126653,1.80758726253307,3.30758726253307,1.5,2.40379363126653,3.30758726253307,1.5,2.40379363126653,3.30758726253307,1.5,1.5,4.5,1.5,4.5,-1.80758726253307,1.80758726253307,fit_joint_tsne_vi_seed366_C01Sc01_vt_seed10,seed472,18.8522859133708,1,2.2050581750220464
lam_max,log10_lam_max,delta__log10_lam_max,log10_lam_max,log10,False,none,True,True,-0.245948704866245,-0.751609097698433,-0.621753253715461,0.129855843982972,-0.245948704866245,-0.751609097698433,-0.621753253715461,0.129855843982972,0.567611642861182,0.238916831366556,1.3485151936293,0.567611642861182,0.238916831366556,1.3485151936293,-2.30102999566398,0.176091259055681,0.005,1.5,-0.844079927843852,0.844079927843852,fit_joint_tsne_vi_seed366_C01Sc01_vt_seed10,seed472,18.8522859133708,1,0.1771702925523233
p_mis_base,log10_p_mis_base,delta__log10_p_mis_base,log10_p_mis_base,log10,False,none,True,True,-4.80150687200655,0.0137210223448498,-4.79464636083412,-4.80836738317897,-4.80150687200655,0.0137210223448498,-4.79464636083412,-4.80836738317897,1.5794036160375e-05,1.60455141986261e-05,1.55464994856065e-05,1.5794036160375e-05,1.60455141986261e-05,1.55464994856065e-05,-6.0,-1.0,1e-06,0.1,-2.3969862559869,2.3969862559869,fit_joint_tsne_vi_seed366_C01Sc01_vt_seed10,seed472,18.8522859133708,1,1.0320982040671989
p_wgd,log10_p_wgd,delta__log10_p_wgd,log10_p_wgd,log10,False,none,True,True,-3.60991329211464,0.0147937412699808,-3.60251642147965,-3.61731016274963,-3.60991329211464,0.0147937412699808,-3.60251642147965,-3.61731016274963,0.0002455199052854,0.0002497373957028,0.0002413736385842,0.0002455199052854,0.0002497373957028,0.0002413736385842,-5.0,-3.0,1e-05,0.001,-1.21982658422928,1.21982658422928,fit_joint_tsne_vi_seed366_C01Sc01_vt_seed10,seed472,18.8522859133708,1,1.0346506651167808
gamma_mu,gamma_mu,delta__gamma_mu,gamma_mu,identity,False,none,True,True,1.91875260625021,1.43750521250042,2.63750521250042,1.2,1.91875260625021,1.43750521250042,2.63750521250042,1.2,1.91875260625021,2.63750521250042,1.2,1.91875260625021,2.63750521250042,1.2,1.2,3.5,1.2,3.5,-1.43750521250042,1.43750521250042,fit_joint_tsne_vi_seed366_C01Sc01_vt_seed10,seed472,18.8522859133708,1,2.1979210104170166
O2_crit,log10_O2_crit,delta__log10_O2_crit,log10_O2_crit,log10_nonnegative,False,none,True,True,-0.226148508116371,-0.853016623143665,-0.652656819688203,0.200359803455462,-0.226148508116371,-0.853016623143665,-0.652656819688203,0.200359803455462,0.59408897362346,0.222506744860626,1.58620678578554,0.59408897362346,0.222506744860626,1.58620678578554,-4.0,0.397940008672038,0.0001,2.5,-1.24817703357682,1.24817703357682,fit_joint_tsne_vi_seed366_C01Sc01_vt_seed10,seed386,18.8581768528694,2,0.14027600112077038
mu_hp,log10_mu_hp,delta__log10_mu_hp,log10_mu_hp,log10,False,none,True,True,-1.79525411246165,1.01155176640467,-1.28947822925931,-2.30102999566398,-1.79525411246165,1.01155176640467,-1.28947822925931,-2.30102999566398,0.0160230758124583,0.0513477916983572,0.005,0.0160230758124583,0.0513477916983572,0.005,-2.30102999566398,-0.522878745280338,0.005,0.3,-1.01155176640467,1.01155176640467,fit_joint_tsne_vi_seed366_C01Sc01_vt_seed10,seed386,18.8581768528694,2,10.26955833967144
p_misseg,log10_p_misseg,delta__log10_p_misseg,log10_p_misseg,log10,False,none,True,True,-1.4535458521862,1.04611402577961,-0.930488839296389,-1.976602865076,-1.4535458521862,1.04611402577961,-0.930488839296389,-1.976602865076,0.035192826448372,0.117357584120704,0.0105535150770604,0.035192826448372,0.117357584120704,0.0105535150770604,-2.30102999566398,-0.301029995663981,0.005,0.5,-1.69496828695557,1.69496828695557,fit_joint_tsne_vi_seed366_C01Sc01_vt_seed10,seed386,18.8581768528694,2,11.120236552823787
k_o_mis,log10_k_o_mis,delta__log10_k_o_mis,log10_k_o_mis,log10,False,none,True,True,-3.46747209044657,0.959678071247266,-2.98763305482293,-3.9473111260702,-3.46747209044657,0.959678071247266,-2.98763305482293,-3.9473111260702,0.0003408222267376,0.0010288852592723,0.0001128986825222,0.0003408222267376,0.0010288852592723,0.0001128986825222,-5.0,-1.69897000433602,1e-05,0.02,-3.06505581910687,3.06505581910687,fit_joint_tsne_vi_seed366_C01Sc01_vt_seed10,seed386,18.8581768528694,2,9.113350450922965
buffer_smax,buffer_smax,delta__buffer_smax,buffer_smax,identity,False,none,True,True,0.954257795077643,-0.091484409844715,0.908515590155285,1.0,0.954257795077643,-0.091484409844715,0.908515590155285,1.0,0.954257795077643,0.908515590155285,1.0,0.954257795077643,0.908515590155285,1.0,0.0,1.0,0.0,1.0,-0.091484409844715,0.091484409844715,fit_joint_tsne_vi_seed366_C01Sc01_vt_seed10,seed386,18.8581768528694,2,0.908515590155285
buffer_beta,log10_buffer_beta,delta__log10_buffer_beta,log10_buffer_beta,log10,False,none,True,True,-0.28989539770726,-0.983202273192138,-0.781496534303329,0.201705738888809,-0.28989539770726,-0.983202273192138,-0.781496534303329,0.201705738888809,0.512984924445842,0.165387798276667,1.59113027351929,0.512984924445842,0.165387798276667,1.59113027351929,-2.0,1.0,0.01,10.0,-2.57979079541452,2.57979079541452,fit_joint_tsne_vi_seed366_C01Sc01_vt_seed10,seed386,18.8581768528694,2,0.1039435934499941
buffer_n_exp,log10_buffer_n_exp,delta__log10_buffer_n_exp,log10_buffer_n_exp,log10,False,none,True,True,0.749676226334253,0.500647547331493,1.0,0.499352452668507,0.749676226334253,0.500647547331493,1.0,0.499352452668507,5.61922246735227,10.0,3.15756611375965,5.61922246735227,10.0,3.15756611375965,-1.0,1.0,0.1,10.0,-0.500647547331493,0.500647547331493,fit_joint_tsne_vi_seed366_C01Sc01_vt_seed10,seed386,18.8581768528694,2,3.1669962368874054
n_O,n_O,delta__n_O,n_O,identity,False,none,True,True,2.02052984291053,0.30391001849108,2.17248485215607,1.86857483366499,2.02052984291053,0.30391001849108,2.17248485215607,1.86857483366499,2.02052984291053,2.17248485215607,1.86857483366499,2.02052984291053,2.17248485215607,1.86857483366499,0.0001,5.0,0.0001,5.0,-4.04085968582106,4.04085968582106,fit_joint_tsne_vi_seed366_C01Sc01_vt_seed10,seed386,18.8581768528694,2,1.1626426798733
alpha_o2,log10_alpha_o2,delta__log10_alpha_o2,log10_alpha_o2,log10,False,none,True,True,0.0645171318541569,0.731094255036276,0.430064259372295,-0.301029995663981,0.0645171318541569,0.731094255036276,0.430064259372295,-0.301029995663981,1.16015798063767,2.69193308007453,0.5,1.16015798063767,2.69193308007453,0.5,-0.301029995663981,0.602059991327962,0.5,4.0,-0.731094255036276,0.731094255036276,fit_joint_tsne_vi_seed366_C01Sc01_vt_seed10,seed386,18.8581768528694,2,5.38386616014906
gamma_growth,gamma_growth,delta__gamma_growth,gamma_growth,identity,False,none,True,True,2.40379363126653,1.80758726253307,3.30758726253307,1.5,2.40379363126653,1.80758726253307,3.30758726253307,1.5,2.40379363126653,3.30758726253307,1.5,2.40379363126653,3.30758726253307,1.5,1.5,4.5,1.5,4.5,-1.80758726253307,1.80758726253307,fit_joint_tsne_vi_seed366_C01Sc01_vt_seed10,seed386,18.8581768528694,2,2.2050581750220464
lam_max,log10_lam_max,delta__log10_lam_max,log10_lam_max,log10,False,none,True,True,-0.245948704866245,-0.751609097698433,-0.621753253715461,0.129855843982972,-0.245948704866245,-0.751609097698433,-0.621753253715461,0.129855843982972,0.567611642861182,0.238916831366556,1.3485151936293,0.567611642861182,0.238916831366556,1.3485151936293,-2.30102999566398,0.176091259055681,0.005,1.5,-0.844079927843852,0.844079927843852,fit_joint_tsne_vi_seed366_C01Sc01_vt_seed10,seed386,18.8581768528694,2,0.1771702925523233
p_mis_base,log10_p_mis_base,delta__log10_p_mis_base,log10_p_mis_base,log10,False,none,True,True,-5.06158922438224,0.0137210223448498,-5.05472871320981,-5.06844973555466,-5.06158922438224,0.0137210223448498,-5.05472871320981,-5.06844973555466,8.67782275944203e-06,8.81599401735714e-06,8.54181703118544e-06,8.67782275944203e-06,8.81599401735714e-06,8.54181703118544e-06,-6.0,-1.0,1e-06,0.1,-1.87682155123553,1.87682155123553,fit_joint_tsne_vi_seed366_C01Sc01_vt_seed10,seed386,18.8581768528694,2,1.0320982040672029
p_wgd,log10_p_wgd,delta__log10_p_wgd,log10_p_wgd,log10,False,none,True,True,-3.60991329211464,-0.0252583222157502,-3.62254245322252,-3.59728413100677,-3.60991329211464,-0.0252583222157502,-3.62254245322252,-3.59728413100677,0.0002455199052854,0.0002384830661728,0.0002527643780278,0.0002455199052854,0.0002384830661728,0.0002527643780278,-5.0,-3.0,1e-05,0.001,-1.21982658422928,1.21982658422928,fit_joint_tsne_vi_seed366_C01Sc01_vt_seed10,seed386,18.8581768528694,2,0.9434995074605439
gamma_mu,gamma_mu,delta__gamma_mu,gamma_mu,identity,False,none,True,True,1.91875260625021,1.43750521250042,2.63750521250042,1.2,1.91875260625021,1.43750521250042,2.63750521250042,1.2,1.91875260625021,2.63750521250042,1.2,1.91875260625021,2.63750521250042,1.2,1.2,3.5,1.2,3.5,-1.43750521250042,1.43750521250042,fit_joint_tsne_vi_seed366_C01Sc01_vt_seed10,seed386,18.8581768528694,2,2.1979210104170166
O2_crit,log10_O2_crit,delta__log10_O2_crit,log10_O2_crit,log10_nonnegative,False,none,True,True,-0.226148508116371,-0.853016623143665,-0.652656819688203,0.200359803455462,-0.226148508116371,-0.853016623143665,-0.652656819688203,0.200359803455462,0.59408897362346,0.222506744860626,1.58620678578554,0.59408897362346,0.222506744860626,1.58620678578554,-4.0,0.397940008672038,0.0001,2.5,-1.24817703357682,1.24817703357682,fit_joint_tsne_vi_seed366_C01Sc01_vt_seed10,seed494,18.8584608366853,3,0.14027600112077038
mu_hp,log10_mu_hp,delta__log10_mu_hp,log10_mu_hp,log10,False,none,True,True,-1.79525411246165,1.01155176640467,-1.28947822925931,-2.30102999566398,-1.79525411246165,1.01155176640467,-1.28947822925931,-2.30102999566398,0.0160230758124583,0.0513477916983572,0.005,0.0160230758124583,0.0513477916983572,0.005,-2.30102999566398,-0.522878745280338,0.005,0.3,-1.01155176640467,1.01155176640467,fit_joint_tsne_vi_seed366_C01Sc01_vt_seed10,seed494,18.8584608366853,3,10.26955833967144
p_misseg,log10_p_misseg,delta__log10_p_misseg,log10_p_misseg,log10,False,none,True,True,-1.4535458521862,1.04611402577961,-0.930488839296389,-1.976602865076,-1.4535458521862,1.04611402577961,-0.930488839296389,-1.976602865076,0.035192826448372,0.117357584120704,0.0105535150770604,0.035192826448372,0.117357584120704,0.0105535150770604,-2.30102999566398,-0.301029995663981,0.005,0.5,-1.69496828695557,1.69496828695557,fit_joint_tsne_vi_seed366_C01Sc01_vt_seed10,seed494,18.8584608366853,3,11.120236552823787
k_o_mis,log10_k_o_mis,delta__log10_k_o_mis,log10_k_o_mis,log10,False,none,True,True,-3.46747209044657,0.959678071247266,-2.98763305482293,-3.9473111260702,-3.46747209044657,0.959678071247266,-2.98763305482293,-3.9473111260702,0.0003408222267376,0.0010288852592723,0.0001128986825222,0.0003408222267376,0.0010288852592723,0.0001128986825222,-5.0,-1.69897000433602,1e-05,0.02,-3.06505581910687,3.06505581910687,fit_joint_tsne_vi_seed366_C01Sc01_vt_seed10,seed494,18.8584608366853,3,9.113350450922965
buffer_smax,buffer_smax,delta__buffer_smax,buffer_smax,identity,False,none,True,True,0.954257795077643,-0.091484409844715,0.908515590155285,1.0,0.954257795077643,-0.091484409844715,0.908515590155285,1.0,0.954257795077643,0.908515590155285,1.0,0.954257795077643,0.908515590155285,1.0,0.0,1.0,0.0,1.0,-0.091484409844715,0.091484409844715,fit_joint_tsne_vi_seed366_C01Sc01_vt_seed10,seed494,18.8584608366853,3,0.908515590155285
buffer_beta,log10_buffer_beta,delta__log10_buffer_beta,log10_buffer_beta,log10,False,none,True,True,-0.28989539770726,-0.983202273192138,-0.781496534303329,0.201705738888809,-0.28989539770726,-0.983202273192138,-0.781496534303329,0.201705738888809,0.512984924445842,0.165387798276667,1.59113027351929,0.512984924445842,0.165387798276667,1.59113027351929,-2.0,1.0,0.01,10.0,-2.57979079541452,2.57979079541452,fit_joint_tsne_vi_seed366_C01Sc01_vt_seed10,seed494,18.8584608366853,3,0.1039435934499941
buffer_n_exp,log10_buffer_n_exp,delta__log10_buffer_n_exp,log10_buffer_n_exp,log10,False,none,True,True,0.749676226334253,0.500647547331493,1.0,0.499352452668507,0.749676226334253,0.500647547331493,1.0,0.499352452668507,5.61922246735227,10.0,3.15756611375965,5.61922246735227,10.0,3.15756611375965,-1.0,1.0,0.1,10.0,-0.500647547331493,0.500647547331493,fit_joint_tsne_vi_seed366_C01Sc01_vt_seed10,seed494,18.8584608366853,3,3.1669962368874054
n_O,n_O,delta__n_O,n_O,identity,False,none,True,True,2.02052984291053,0.30391001849108,2.17248485215607,1.86857483366499,2.02052984291053,0.30391001849108,2.17248485215607,1.86857483366499,2.02052984291053,2.17248485215607,1.86857483366499,2.02052984291053,2.17248485215607,1.86857483366499,0.0001,5.0,0.0001,5.0,-4.04085968582106,4.04085968582106,fit_joint_tsne_vi_seed366_C01Sc01_vt_seed10,seed494,18.8584608366853,3,1.1626426798733
alpha_o2,log10_alpha_o2,delta__log10_alpha_o2,log10_alpha_o2,log10,False,none,True,True,0.0645171318541569,0.731094255036276,0.430064259372295,-0.301029995663981,0.0645171318541569,0.731094255036276,0.430064259372295,-0.301029995663981,1.16015798063767,2.69193308007453,0.5,1.16015798063767,2.69193308007453,0.5,-0.301029995663981,0.602059991327962,0.5,4.0,-0.731094255036276,0.731094255036276,fit_joint_tsne_vi_seed366_C01Sc01_vt_seed10,seed494,18.8584608366853,3,5.38386616014906
gamma_growth,gamma_growth,delta__gamma_growth,gamma_growth,identity,False,none,True,True,2.40379363126653,1.80758726253307,3.30758726253307,1.5,2.40379363126653,1.80758726253307,3.30758726253307,1.5,2.40379363126653,3.30758726253307,1.5,2.40379363126653,3.30758726253307,1.5,1.5,4.5,1.5,4.5,-1.80758726253307,1.80758726253307,fit_joint_tsne_vi_seed366_C01Sc01_vt_seed10,seed494,18.8584608366853,3,2.2050581750220464
lam_max,log10_lam_max,delta__log10_lam_max,log10_lam_max,log10,False,none,True,True,-0.245948704866245,-0.751609097698433,-0.621753253715461,0.129855843982972,-0.245948704866245,-0.751609097698433,-0.621753253715461,0.129855843982972,0.567611642861182,0.238916831366556,1.3485151936293,0.567611642861182,0.238916831366556,1.3485151936293,-2.30102999566398,0.176091259055681,0.005,1.5,-0.844079927843852,0.844079927843852,fit_joint_tsne_vi_seed366_C01Sc01_vt_seed10,seed494,18.8584608366853,3,0.1771702925523233
p_mis_base,log10_p_mis_base,delta__log10_p_mis_base,log10_p_mis_base,log10,False,none,True,True,-5.06158922438224,0.0172446014838095,-5.05296692364033,-5.07021152512414,-5.06158922438224,0.0172446014838095,-5.05296692364033,-5.07021152512414,8.67782275944203e-06,8.85183023805384e-06,8.50723588445666e-06,8.67782275944203e-06,8.85183023805384e-06,8.50723588445666e-06,-6.0,-1.0,1e-06,0.1,-1.87682155123553,1.87682155123553,fit_joint_tsne_vi_seed366_C01Sc01_vt_seed10,seed494,18.8584608366853,3,1.040506030193283
p_wgd,log10_p_wgd,delta__log10_p_wgd,log10_p_wgd,log10,False,none,True,True,-3.60991329211464,-0.0067919863734539,-3.61330928530137,-3.60651729892791,-3.60991329211464,-0.0067919863734539,-3.61330928530137,-3.60651729892791,0.0002455199052854,0.0002436075335479,0.0002474472895539,0.0002455199052854,0.0002436075335479,0.0002474472895539,-5.0,-3.0,1e-05,0.001,-1.21982658422928,1.21982658422928,fit_joint_tsne_vi_seed366_C01Sc01_vt_seed10,seed494,18.8584608366853,3,0.9844825295402413
gamma_mu,gamma_mu,delta__gamma_mu,gamma_mu,identity,False,none,True,True,1.91875260625021,1.43750521250042,2.63750521250042,1.2,1.91875260625021,1.43750521250042,2.63750521250042,1.2,1.91875260625021,2.63750521250042,1.2,1.91875260625021,2.63750521250042,1.2,1.2,3.5,1.2,3.5,-1.43750521250042,1.43750521250042,fit_joint_tsne_vi_seed366_C01Sc01_vt_seed10,seed494,18.8584608366853,3,2.1979210104170166
O2_crit,log10_O2_crit,delta__log10_O2_crit,log10_O2_crit,log10_nonnegative,False,none,True,True,-0.226148508116371,-0.853016623143665,-0.652656819688203,0.200359803455462,-0.226148508116371,-0.853016623143665,-0.652656819688203,0.200359803455462,0.59408897362346,0.222506744860626,1.58620678578554,0.59408897362346,0.222506744860626,1.58620678578554,-4.0,0.397940008672038,0.0001,2.5,-1.24817703357682,1.24817703357682,fit_joint_tsne_vi_seed366_C01Sc01_vt_seed10,seed71,18.8597059816659,4,0.14027600112077038
mu_hp,log10_mu_hp,delta__log10_mu_hp,log10_mu_hp,log10,False,none,True,True,-1.79525411246165,1.01155176640467,-1.28947822925931,-2.30102999566398,-1.79525411246165,1.01155176640467,-1.28947822925931,-2.30102999566398,0.0160230758124583,0.0513477916983572,0.005,0.0160230758124583,0.0513477916983572,0.005,-2.30102999566398,-0.522878745280338,0.005,0.3,-1.01155176640467,1.01155176640467,fit_joint_tsne_vi_seed366_C01Sc01_vt_seed10,seed71,18.8597059816659,4,10.26955833967144
p_misseg,log10_p_misseg,delta__log10_p_misseg,log10_p_misseg,log10,False,none,True,True,-1.4535458521862,1.04611402577961,-0.930488839296389,-1.976602865076,-1.4535458521862,1.04611402577961,-0.930488839296389,-1.976602865076,0.035192826448372,0.117357584120704,0.0105535150770604,0.035192826448372,0.117357584120704,0.0105535150770604,-2.30102999566398,-0.301029995663981,0.005,0.5,-1.69496828695557,1.69496828695557,fit_joint_tsne_vi_seed366_C01Sc01_vt_seed10,seed71,18.8597059816659,4,11.120236552823787
k_o_mis,log10_k_o_mis,delta__log10_k_o_mis,log10_k_o_mis,log10,False,none,True,True,-3.46747209044657,0.959678071247266,-2.98763305482293,-3.9473111260702,-3.46747209044657,0.959678071247266,-2.98763305482293,-3.9473111260702,0.0003408222267376,0.0010288852592723,0.0001128986825222,0.0003408222267376,0.0010288852592723,0.0001128986825222,-5.0,-1.69897000433602,1e-05,0.02,-3.06505581910687,3.06505581910687,fit_joint_tsne_vi_seed366_C01Sc01_vt_seed10,seed71,18.8597059816659,4,9.113350450922965
buffer_smax,buffer_smax,delta__buffer_smax,buffer_smax,identity,False,none,True,True,0.954257795077643,-0.091484409844715,0.908515590155285,1.0,0.954257795077643,-0.091484409844715,0.908515590155285,1.0,0.954257795077643,0.908515590155285,1.0,0.954257795077643,0.908515590155285,1.0,0.0,1.0,0.0,1.0,-0.091484409844715,0.091484409844715,fit_joint_tsne_vi_seed366_C01Sc01_vt_seed10,seed71,18.8597059816659,4,0.908515590155285
buffer_beta,log10_buffer_beta,delta__log10_buffer_beta,log10_buffer_beta,log10,False,none,True,True,-0.28989539770726,-0.983202273192138,-0.781496534303329,0.201705738888809,-0.28989539770726,-0.983202273192138,-0.781496534303329,0.201705738888809,0.512984924445842,0.165387798276667,1.59113027351929,0.512984924445842,0.165387798276667,1.59113027351929,-2.0,1.0,0.01,10.0,-2.57979079541452,2.57979079541452,fit_joint_tsne_vi_seed366_C01Sc01_vt_seed10,seed71,18.8597059816659,4,0.1039435934499941
buffer_n_exp,log10_buffer_n_exp,delta__log10_buffer_n_exp,log10_buffer_n_exp,log10,False,none,True,True,0.749676226334253,0.500647547331493,1.0,0.499352452668507,0.749676226334253,0.500647547331493,1.0,0.499352452668507,5.61922246735227,10.0,3.15756611375965,5.61922246735227,10.0,3.15756611375965,-1.0,1.0,0.1,10.0,-0.500647547331493,0.500647547331493,fit_joint_tsne_vi_seed366_C01Sc01_vt_seed10,seed71,18.8597059816659,4,3.1669962368874054
n_O,n_O,delta__n_O,n_O,identity,False,none,True,True,2.02052984291053,0.30391001849108,2.17248485215607,1.86857483366499,2.02052984291053,0.30391001849108,2.17248485215607,1.86857483366499,2.02052984291053,2.17248485215607,1.86857483366499,2.02052984291053,2.17248485215607,1.86857483366499,0.0001,5.0,0.0001,5.0,-4.04085968582106,4.04085968582106,fit_joint_tsne_vi_seed366_C01Sc01_vt_seed10,seed71,18.8597059816659,4,1.1626426798733
alpha_o2,log10_alpha_o2,delta__log10_alpha_o2,log10_alpha_o2,log10,False,none,True,True,0.0645171318541569,0.731094255036276,0.430064259372295,-0.301029995663981,0.0645171318541569,0.731094255036276,0.430064259372295,-0.301029995663981,1.16015798063767,2.69193308007453,0.5,1.16015798063767,2.69193308007453,0.5,-0.301029995663981,0.602059991327962,0.5,4.0,-0.731094255036276,0.731094255036276,fit_joint_tsne_vi_seed366_C01Sc01_vt_seed10,seed71,18.8597059816659,4,5.38386616014906
gamma_growth,gamma_growth,delta__gamma_growth,gamma_growth,identity,False,none,True,True,2.40379363126653,1.80758726253307,3.30758726253307,1.5,2.40379363126653,1.80758726253307,3.30758726253307,1.5,2.40379363126653,3.30758726253307,1.5,2.40379363126653,3.30758726253307,1.5,1.5,4.5,1.5,4.5,-1.80758726253307,1.80758726253307,fit_joint_tsne_vi_seed366_C01Sc01_vt_seed10,seed71,18.8597059816659,4,2.2050581750220464
lam_max,log10_lam_max,delta__log10_lam_max,log10_lam_max,log10,False,none,True,True,-0.245948704866245,-0.751609097698433,-0.621753253715461,0.129855843982972,-0.245948704866245,-0.751609097698433,-0.621753253715461,0.129855843982972,0.567611642861182,0.238916831366556,1.3485151936293,0.567611642861182,0.238916831366556,1.3485151936293,-2.30102999566398,0.176091259055681,0.005,1.5,-0.844079927843852,0.844079927843852,fit_joint_tsne_vi_seed366_C01Sc01_vt_seed10,seed71,18.8597059816659,4,0.1771702925523233
p_mis_base,log10_p_mis_base,delta__log10_p_mis_base,log10_p_mis_base,log10,False,none,True,True,-5.61595147823096,0.0119589252880799,-5.60997201558692,-5.621930940875,-5.61595147823096,0.0119589252880799,-5.60997201558692,-5.621930940875,2.42129955253289e-06,2.45486709361357e-06,2.38819100974874e-06,2.42129955253289e-06,2.45486709361357e-06,2.38819100974874e-06,-6.0,-1.0,1e-06,0.1,-0.768097043538081,0.768097043538081,fit_joint_tsne_vi_seed366_C01Sc01_vt_seed10,seed71,18.8597059816659,4,1.0279190749787828
p_wgd,log10_p_wgd,delta__log10_p_wgd,log10_p_wgd,log10,False,none,True,True,-3.60991329211464,-0.0234189955184591,-3.62162278987387,-3.59820379435541,-3.60991329211464,-0.0234189955184591,-3.62162278987387,-3.59820379435541,0.0002455199052854,0.0002389886137428,0.0002522296897216,0.0002455199052854,0.0002389886137428,0.0002522296897216,-5.0,-3.0,1e-05,0.001,-1.21982658422928,1.21982658422928,fit_joint_tsne_vi_seed366_C01Sc01_vt_seed10,seed71,18.8597059816659,4,0.9475038961772703
gamma_mu,gamma_mu,delta__gamma_mu,gamma_mu,identity,False,none,True,True,1.91875260625021,1.43750521250042,2.63750521250042,1.2,1.91875260625021,1.43750521250042,2.63750521250042,1.2,1.91875260625021,2.63750521250042,1.2,1.91875260625021,2.63750521250042,1.2,1.2,3.5,1.2,3.5,-1.43750521250042,1.43750521250042,fit_joint_tsne_vi_seed366_C01Sc01_vt_seed10,seed71,18.8597059816659,4,2.1979210104170166
O2_crit,log10_O2_crit,delta__log10_O2_crit,log10_O2_crit,log10_nonnegative,False,none,True,True,-0.226148508116371,-0.853016623143665,-0.652656819688203,0.200359803455462,-0.226148508116371,-0.853016623143665,-0.652656819688203,0.200359803455462,0.59408897362346,0.222506744860626,1.58620678578554,0.59408897362346,0.222506744860626,1.58620678578554,-4.0,0.397940008672038,0.0001,2.5,-1.24817703357682,1.24817703357682,fit_joint_tsne_vi_seed366_C01Sc01_vt_seed10,seed178,18.8603905272211,5,0.14027600112077038
mu_hp,log10_mu_hp,delta__log10_mu_hp,log10_mu_hp,log10,False,none,True,True,-1.79525411246165,1.01155176640467,-1.28947822925931,-2.30102999566398,-1.79525411246165,1.01155176640467,-1.28947822925931,-2.30102999566398,0.0160230758124583,0.0513477916983572,0.005,0.0160230758124583,0.0513477916983572,0.005,-2.30102999566398,-0.522878745280338,0.005,0.3,-1.01155176640467,1.01155176640467,fit_joint_tsne_vi_seed366_C01Sc01_vt_seed10,seed178,18.8603905272211,5,10.26955833967144
p_misseg,log10_p_misseg,delta__log10_p_misseg,log10_p_misseg,log10,False,none,True,True,-1.4535458521862,1.04611402577961,-0.930488839296389,-1.976602865076,-1.4535458521862,1.04611402577961,-0.930488839296389,-1.976602865076,0.035192826448372,0.117357584120704,0.0105535150770604,0.035192826448372,0.117357584120704,0.0105535150770604,-2.30102999566398,-0.301029995663981,0.005,0.5,-1.69496828695557,1.69496828695557,fit_joint_tsne_vi_seed366_C01Sc01_vt_seed10,seed178,18.8603905272211,5,11.120236552823787
k_o_mis,log10_k_o_mis,delta__log10_k_o_mis,log10_k_o_mis,log10,False,none,True,True,-3.46747209044657,0.959678071247266,-2.98763305482293,-3.9473111260702,-3.46747209044657,0.959678071247266,-2.98763305482293,-3.9473111260702,0.0003408222267376,0.0010288852592723,0.0001128986825222,0.0003408222267376,0.0010288852592723,0.0001128986825222,-5.0,-1.69897000433602,1e-05,0.02,-3.06505581910687,3.06505581910687,fit_joint_tsne_vi_seed366_C01Sc01_vt_seed10,seed178,18.8603905272211,5,9.113350450922965
buffer_smax,buffer_smax,delta__buffer_smax,buffer_smax,identity,False,none,True,True,0.954257795077643,-0.091484409844715,0.908515590155285,1.0,0.954257795077643,-0.091484409844715,0.908515590155285,1.0,0.954257795077643,0.908515590155285,1.0,0.954257795077643,0.908515590155285,1.0,0.0,1.0,0.0,1.0,-0.091484409844715,0.091484409844715,fit_joint_tsne_vi_seed366_C01Sc01_vt_seed10,seed178,18.8603905272211,5,0.908515590155285
buffer_beta,log10_buffer_beta,delta__log10_buffer_beta,log10_buffer_beta,log10,False,none,True,True,-0.28989539770726,-0.983202273192138,-0.781496534303329,0.201705738888809,-0.28989539770726,-0.983202273192138,-0.781496534303329,0.201705738888809,0.512984924445842,0.165387798276667,1.59113027351929,0.512984924445842,0.165387798276667,1.59113027351929,-2.0,1.0,0.01,10.0,-2.57979079541452,2.57979079541452,fit_joint_tsne_vi_seed366_C01Sc01_vt_seed10,seed178,18.8603905272211,5,0.1039435934499941
buffer_n_exp,log10_buffer_n_exp,delta__log10_buffer_n_exp,log10_buffer_n_exp,log10,False,none,True,True,0.749676226334253,0.500647547331493,1.0,0.499352452668507,0.749676226334253,0.500647547331493,1.0,0.499352452668507,5.61922246735227,10.0,3.15756611375965,5.61922246735227,10.0,3.15756611375965,-1.0,1.0,0.1,10.0,-0.500647547331493,0.500647547331493,fit_joint_tsne_vi_seed366_C01Sc01_vt_seed10,seed178,18.8603905272211,5,3.1669962368874054
n_O,n_O,delta__n_O,n_O,identity,False,none,True,True,2.02052984291053,0.30391001849108,2.17248485215607,1.86857483366499,2.02052984291053,0.30391001849108,2.17248485215607,1.86857483366499,2.02052984291053,2.17248485215607,1.86857483366499,2.02052984291053,2.17248485215607,1.86857483366499,0.0001,5.0,0.0001,5.0,-4.04085968582106,4.04085968582106,fit_joint_tsne_vi_seed366_C01Sc01_vt_seed10,seed178,18.8603905272211,5,1.1626426798733
alpha_o2,log10_alpha_o2,delta__log10_alpha_o2,log10_alpha_o2,log10,False,none,True,True,0.0645171318541569,0.731094255036276,0.430064259372295,-0.301029995663981,0.0645171318541569,0.731094255036276,0.430064259372295,-0.301029995663981,1.16015798063767,2.69193308007453,0.5,1.16015798063767,2.69193308007453,0.5,-0.301029995663981,0.602059991327962,0.5,4.0,-0.731094255036276,0.731094255036276,fit_joint_tsne_vi_seed366_C01Sc01_vt_seed10,seed178,18.8603905272211,5,5.38386616014906
gamma_growth,gamma_growth,delta__gamma_growth,gamma_growth,identity,False,none,True,True,2.40379363126653,1.80758726253307,3.30758726253307,1.5,2.40379363126653,1.80758726253307,3.30758726253307,1.5,2.40379363126653,3.30758726253307,1.5,2.40379363126653,3.30758726253307,1.5,1.5,4.5,1.5,4.5,-1.80758726253307,1.80758726253307,fit_joint_tsne_vi_seed366_C01Sc01_vt_seed10,seed178,18.8603905272211,5,2.2050581750220464
lam_max,log10_lam_max,delta__log10_lam_max,log10_lam_max,log10,False,none,True,True,-0.245948704866245,-0.751609097698433,-0.621753253715461,0.129855843982972,-0.245948704866245,-0.751609097698433,-0.621753253715461,0.129855843982972,0.567611642861182,0.238916831366556,1.3485151936293,0.567611642861182,0.238916831366556,1.3485151936293,-2.30102999566398,0.176091259055681,0.005,1.5,-0.844079927843852,0.844079927843852,fit_joint_tsne_vi_seed366_C01Sc01_vt_seed10,seed178,18.8603905272211,5,0.1771702925523233
p_mis_base,log10_p_mis_base,delta__log10_p_mis_base,log10_p_mis_base,log10,False,none,True,True,-5.06158922438224,0.0137210223448498,-5.05472871320981,-5.06844973555466,-5.06158922438224,0.0137210223448498,-5.05472871320981,-5.06844973555466,8.67782275944203e-06,8.81599401735714e-06,8.54181703118544e-06,8.67782275944203e-06,8.81599401735714e-06,8.54181703118544e-06,-6.0,-1.0,1e-06,0.1,-1.87682155123553,1.87682155123553,fit_joint_tsne_vi_seed366_C01Sc01_vt_seed10,seed178,18.8603905272211,5,1.0320982040672029
p_wgd,log10_p_wgd,delta__log10_p_wgd,log10_p_wgd,log10,False,none,True,True,-3.60991329211464,-0.0682555556393532,-3.64404106993432,-3.57578551429496,-3.60991329211464,-0.0682555556393532,-3.64404106993432,-3.57578551429496,0.0002455199052854,0.0002269650207681,0.0002655916920032,0.0002455199052854,0.0002269650207681,0.0002655916920032,-5.0,-3.0,1e-05,0.001,-1.21982658422928,1.21982658422928,fit_joint_tsne_vi_seed366_C01Sc01_vt_seed10,seed178,18.8603905272211,5,0.8545637066289159
gamma_mu,gamma_mu,delta__gamma_mu,gamma_mu,identity,False,none,True,True,1.91875260625021,1.43750521250042,2.63750521250042,1.2,1.91875260625021,1.43750521250042,2.63750521250042,1.2,1.91875260625021,2.63750521250042,1.2,1.91875260625021,2.63750521250042,1.2,1.2,3.5,1.2,3.5,-1.43750521250042,1.43750521250042,fit_joint_tsne_vi_seed366_C01Sc01_vt_seed10,seed178,18.8603905272211,5,2.1979210104170166
O2_crit,log10_O2_crit,delta__log10_O2_crit,log10_O2_crit,log10_nonnegative,False,none,True,True,-0.226148508116371,-0.853016623143665,-0.652656819688203,0.200359803455462,-0.226148508116371,-0.853016623143665,-0.652656819688203,0.200359803455462,0.59408897362346,0.222506744860626,1.58620678578554,0.59408897362346,0.222506744860626,1.58620678578554,-4.0,0.397940008672038,0.0001,2.5,-1.24817703357682,1.24817703357682,fit_joint_tsne_vi_seed366_C01Sc01_vt_seed10,seed251,18.8607948153975,6,0.14027600112077038
mu_hp,log10_mu_hp,delta__log10_mu_hp,log10_mu_hp,log10,False,none,True,True,-1.79525411246165,1.01155176640467,-1.28947822925931,-2.30102999566398,-1.79525411246165,1.01155176640467,-1.28947822925931,-2.30102999566398,0.0160230758124583,0.0513477916983572,0.005,0.0160230758124583,0.0513477916983572,0.005,-2.30102999566398,-0.522878745280338,0.005,0.3,-1.01155176640467,1.01155176640467,fit_joint_tsne_vi_seed366_C01Sc01_vt_seed10,seed251,18.8607948153975,6,10.26955833967144
p_misseg,log10_p_misseg,delta__log10_p_misseg,log10_p_misseg,log10,False,none,True,True,-1.4535458521862,1.04611402577961,-0.930488839296389,-1.976602865076,-1.4535458521862,1.04611402577961,-0.930488839296389,-1.976602865076,0.035192826448372,0.117357584120704,0.0105535150770604,0.035192826448372,0.117357584120704,0.0105535150770604,-2.30102999566398,-0.301029995663981,0.005,0.5,-1.69496828695557,1.69496828695557,fit_joint_tsne_vi_seed366_C01Sc01_vt_seed10,seed251,18.8607948153975,6,11.120236552823787
k_o_mis,log10_k_o_mis,delta__log10_k_o_mis,log10_k_o_mis,log10,False,none,True,True,-3.46747209044657,0.959678071247266,-2.98763305482293,-3.9473111260702,-3.46747209044657,0.959678071247266,-2.98763305482293,-3.9473111260702,0.0003408222267376,0.0010288852592723,0.0001128986825222,0.0003408222267376,0.0010288852592723,0.0001128986825222,-5.0,-1.69897000433602,1e-05,0.02,-3.06505581910687,3.06505581910687,fit_joint_tsne_vi_seed366_C01Sc01_vt_seed10,seed251,18.8607948153975,6,9.113350450922965
buffer_smax,buffer_smax,delta__buffer_smax,buffer_smax,identity,False,none,True,True,0.954257795077643,-0.091484409844715,0.908515590155285,1.0,0.954257795077643,-0.091484409844715,0.908515590155285,1.0,0.954257795077643,0.908515590155285,1.0,0.954257795077643,0.908515590155285,1.0,0.0,1.0,0.0,1.0,-0.091484409844715,0.091484409844715,fit_joint_tsne_vi_seed366_C01Sc01_vt_seed10,seed251,18.8607948153975,6,0.908515590155285
buffer_beta,log10_buffer_beta,delta__log10_buffer_beta,log10_buffer_beta,log10,False,none,True,True,-0.28989539770726,-0.983202273192138,-0.781496534303329,0.201705738888809,-0.28989539770726,-0.983202273192138,-0.781496534303329,0.201705738888809,0.512984924445842,0.165387798276667,1.59113027351929,0.512984924445842,0.165387798276667,1.59113027351929,-2.0,1.0,0.01,10.0,-2.57979079541452,2.57979079541452,fit_joint_tsne_vi_seed366_C01Sc01_vt_seed10,seed251,18.8607948153975,6,0.1039435934499941
buffer_n_exp,log10_buffer_n_exp,delta__log10_buffer_n_exp,log10_buffer_n_exp,log10,False,none,True,True,0.749676226334253,0.500647547331493,1.0,0.499352452668507,0.749676226334253,0.500647547331493,1.0,0.499352452668507,5.61922246735227,10.0,3.15756611375965,5.61922246735227,10.0,3.15756611375965,-1.0,1.0,0.1,10.0,-0.500647547331493,0.500647547331493,fit_joint_tsne_vi_seed366_C01Sc01_vt_seed10,seed251,18.8607948153975,6,3.1669962368874054
n_O,n_O,delta__n_O,n_O,identity,False,none,True,True,2.02052984291053,0.30391001849108,2.17248485215607,1.86857483366499,2.02052984291053,0.30391001849108,2.17248485215607,1.86857483366499,2.02052984291053,2.17248485215607,1.86857483366499,2.02052984291053,2.17248485215607,1.86857483366499,0.0001,5.0,0.0001,5.0,-4.04085968582106,4.04085968582106,fit_joint_tsne_vi_seed366_C01Sc01_vt_seed10,seed251,18.8607948153975,6,1.1626426798733
alpha_o2,log10_alpha_o2,delta__log10_alpha_o2,log10_alpha_o2,log10,False,none,True,True,0.0645171318541569,0.731094255036276,0.430064259372295,-0.301029995663981,0.0645171318541569,0.731094255036276,0.430064259372295,-0.301029995663981,1.16015798063767,2.69193308007453,0.5,1.16015798063767,2.69193308007453,0.5,-0.301029995663981,0.602059991327962,0.5,4.0,-0.731094255036276,0.731094255036276,fit_joint_tsne_vi_seed366_C01Sc01_vt_seed10,seed251,18.8607948153975,6,5.38386616014906
gamma_growth,gamma_growth,delta__gamma_growth,gamma_growth,identity,False,none,True,True,2.40379363126653,1.80758726253307,3.30758726253307,1.5,2.40379363126653,1.80758726253307,3.30758726253307,1.5,2.40379363126653,3.30758726253307,1.5,2.40379363126653,3.30758726253307,1.5,1.5,4.5,1.5,4.5,-1.80758726253307,1.80758726253307,fit_joint_tsne_vi_seed366_C01Sc01_vt_seed10,seed251,18.8607948153975,6,2.2050581750220464
lam_max,log10_lam_max,delta__log10_lam_max,log10_lam_max,log10,False,none,True,True,-0.245948704866245,-0.751609097698433,-0.621753253715461,0.129855843982972,-0.245948704866245,-0.751609097698433,-0.621753253715461,0.129855843982972,0.567611642861182,0.238916831366556,1.3485151936293,0.567611642861182,0.238916831366556,1.3485151936293,-2.30102999566398,0.176091259055681,0.005,1.5,-0.844079927843852,0.844079927843852,fit_joint_tsne_vi_seed366_C01Sc01_vt_seed10,seed251,18.8607948153975,6,0.1771702925523233
p_mis_base,log10_p_mis_base,delta__log10_p_mis_base,log10_p_mis_base,log10,False,none,True,True,-5.06158922438224,0.0137210223448498,-5.05472871320981,-5.06844973555466,-5.06158922438224,0.0137210223448498,-5.05472871320981,-5.06844973555466,8.67782275944203e-06,8.81599401735714e-06,8.54181703118544e-06,8.67782275944203e-06,8.81599401735714e-06,8.54181703118544e-06,-6.0,-1.0,1e-06,0.1,-1.87682155123553,1.87682155123553,fit_joint_tsne_vi_seed366_C01Sc01_vt_seed10,seed251,18.8607948153975,6,1.0320982040672029
p_wgd,log10_p_wgd,delta__log10_p_wgd,log10_p_wgd,log10,False,none,True,True,-3.60991329211464,-0.0530598112135561,-3.63644319772142,-3.58338338650786,-3.60991329211464,-0.0530598112135561,-3.63644319772142,-3.58338338650786,0.0002455199052854,0.0002309706530485,0.0002609856407977,0.0002455199052854,0.0002309706530485,0.0002609856407977,-5.0,-3.0,1e-05,0.001,-1.21982658422928,1.21982658422928,fit_joint_tsne_vi_seed366_C01Sc01_vt_seed10,seed251,18.8607948153975,6,0.8849937197408276
gamma_mu,gamma_mu,delta__gamma_mu,gamma_mu,identity,False,none,True,True,1.91875260625021,1.43750521250042,2.63750521250042,1.2,1.91875260625021,1.43750521250042,2.63750521250042,1.2,1.91875260625021,2.63750521250042,1.2,1.91875260625021,2.63750521250042,1.2,1.2,3.5,1.2,3.5,-1.43750521250042,1.43750521250042,fit_joint_tsne_vi_seed366_C01Sc01_vt_seed10,seed251,18.8607948153975,6,2.1979210104170166
O2_crit,log10_O2_crit,delta__log10_O2_crit,log10_O2_crit,log10_nonnegative,False,none,True,True,-0.226148508116371,-0.853016623143665,-0.652656819688203,0.200359803455462,-0.226148508116371,-0.853016623143665,-0.652656819688203,0.200359803455462,0.59408897362346,0.222506744860626,1.58620678578554,0.59408897362346,0.222506744860626,1.58620678578554,-4.0,0.397940008672038,0.0001,2.5,-1.24817703357682,1.24817703357682,fit_joint_tsne_vi_seed366_C01Sc01_vt_seed10,seed53,18.8639915998995,7,0.14027600112077038
mu_hp,log10_mu_hp,delta__log10_mu_hp,log10_mu_hp,log10,False,none,True,True,-1.79525411246165,1.01155176640467,-1.28947822925931,-2.30102999566398,-1.79525411246165,1.01155176640467,-1.28947822925931,-2.30102999566398,0.0160230758124583,0.0513477916983572,0.005,0.0160230758124583,0.0513477916983572,0.005,-2.30102999566398,-0.522878745280338,0.005,0.3,-1.01155176640467,1.01155176640467,fit_joint_tsne_vi_seed366_C01Sc01_vt_seed10,seed53,18.8639915998995,7,10.26955833967144
p_misseg,log10_p_misseg,delta__log10_p_misseg,log10_p_misseg,log10,False,none,True,True,-1.4535458521862,1.04611402577961,-0.930488839296389,-1.976602865076,-1.4535458521862,1.04611402577961,-0.930488839296389,-1.976602865076,0.035192826448372,0.117357584120704,0.0105535150770604,0.035192826448372,0.117357584120704,0.0105535150770604,-2.30102999566398,-0.301029995663981,0.005,0.5,-1.69496828695557,1.69496828695557,fit_joint_tsne_vi_seed366_C01Sc01_vt_seed10,seed53,18.8639915998995,7,11.120236552823787
k_o_mis,log10_k_o_mis,delta__log10_k_o_mis,log10_k_o_mis,log10,False,none,True,True,-3.46747209044657,0.959678071247266,-2.98763305482293,-3.9473111260702,-3.46747209044657,0.959678071247266,-2.98763305482293,-3.9473111260702,0.0003408222267376,0.0010288852592723,0.0001128986825222,0.0003408222267376,0.0010288852592723,0.0001128986825222,-5.0,-1.69897000433602,1e-05,0.02,-3.06505581910687,3.06505581910687,fit_joint_tsne_vi_seed366_C01Sc01_vt_seed10,seed53,18.8639915998995,7,9.113350450922965
buffer_smax,buffer_smax,delta__buffer_smax,buffer_smax,identity,False,none,True,True,0.954257795077643,-0.091484409844715,0.908515590155285,1.0,0.954257795077643,-0.091484409844715,0.908515590155285,1.0,0.954257795077643,0.908515590155285,1.0,0.954257795077643,0.908515590155285,1.0,0.0,1.0,0.0,1.0,-0.091484409844715,0.091484409844715,fit_joint_tsne_vi_seed366_C01Sc01_vt_seed10,seed53,18.8639915998995,7,0.908515590155285
buffer_beta,log10_buffer_beta,delta__log10_buffer_beta,log10_buffer_beta,log10,False,none,True,True,-0.28989539770726,-0.983202273192138,-0.781496534303329,0.201705738888809,-0.28989539770726,-0.983202273192138,-0.781496534303329,0.201705738888809,0.512984924445842,0.165387798276667,1.59113027351929,0.512984924445842,0.165387798276667,1.59113027351929,-2.0,1.0,0.01,10.0,-2.57979079541452,2.57979079541452,fit_joint_tsne_vi_seed366_C01Sc01_vt_seed10,seed53,18.8639915998995,7,0.1039435934499941
buffer_n_exp,log10_buffer_n_exp,delta__log10_buffer_n_exp,log10_buffer_n_exp,log10,False,none,True,True,0.749676226334253,0.500647547331493,1.0,0.499352452668507,0.749676226334253,0.500647547331493,1.0,0.499352452668507,5.61922246735227,10.0,3.15756611375965,5.61922246735227,10.0,3.15756611375965,-1.0,1.0,0.1,10.0,-0.500647547331493,0.500647547331493,fit_joint_tsne_vi_seed366_C01Sc01_vt_seed10,seed53,18.8639915998995,7,3.1669962368874054
n_O,n_O,delta__n_O,n_O,identity,False,none,True,True,2.02052984291053,0.30391001849108,2.17248485215607,1.86857483366499,2.02052984291053,0.30391001849108,2.17248485215607,1.86857483366499,2.02052984291053,2.17248485215607,1.86857483366499,2.02052984291053,2.17248485215607,1.86857483366499,0.0001,5.0,0.0001,5.0,-4.04085968582106,4.04085968582106,fit_joint_tsne_vi_seed366_C01Sc01_vt_seed10,seed53,18.8639915998995,7,1.1626426798733
alpha_o2,log10_alpha_o2,delta__log10_alpha_o2,log10_alpha_o2,log10,False,none,True,True,0.0645171318541569,0.731094255036276,0.430064259372295,-0.301029995663981,0.0645171318541569,0.731094255036276,0.430064259372295,-0.301029995663981,1.16015798063767,2.69193308007453,0.5,1.16015798063767,2.69193308007453,0.5,-0.301029995663981,0.602059991327962,0.5,4.0,-0.731094255036276,0.731094255036276,fit_joint_tsne_vi_seed366_C01Sc01_vt_seed10,seed53,18.8639915998995,7,5.38386616014906
gamma_growth,gamma_growth,delta__gamma_growth,gamma_growth,identity,False,none,True,True,2.40379363126653,1.80758726253307,3.30758726253307,1.5,2.40379363126653,1.80758726253307,3.30758726253307,1.5,2.40379363126653,3.30758726253307,1.5,2.40379363126653,3.30758726253307,1.5,1.5,4.5,1.5,4.5,-1.80758726253307,1.80758726253307,fit_joint_tsne_vi_seed366_C01Sc01_vt_seed10,seed53,18.8639915998995,7,2.2050581750220464
lam_max,log10_lam_max,delta__log10_lam_max,log10_lam_max,log10,False,none,True,True,-0.245948704866245,-0.751609097698433,-0.621753253715461,0.129855843982972,-0.245948704866245,-0.751609097698433,-0.621753253715461,0.129855843982972,0.567611642861182,0.238916831366556,1.3485151936293,0.567611642861182,0.238916831366556,1.3485151936293,-2.30102999566398,0.176091259055681,0.005,1.5,-0.844079927843852,0.844079927843852,fit_joint_tsne_vi_seed366_C01Sc01_vt_seed10,seed53,18.8639915998995,7,0.1771702925523233
p_mis_base,log10_p_mis_base,delta__log10_p_mis_base,log10_p_mis_base,log10,False,none,True,True,-5.06158922438224,0.0122892125491165,-5.05544461810768,-5.06773383065679,-5.06158922438224,0.0122892125491165,-5.05544461810768,-5.06773383065679,8.67782275944203e-06,8.80147342257894e-06,8.55590924709342e-06,8.67782275944203e-06,8.80147342257894e-06,8.55590924709342e-06,-6.0,-1.0,1e-06,0.1,-1.87682155123553,1.87682155123553,fit_joint_tsne_vi_seed366_C01Sc01_vt_seed10,seed53,18.8639915998995,7,1.0287011197049503
p_wgd,log10_p_wgd,delta__log10_p_wgd,log10_p_wgd,log10,False,none,True,True,-3.60991329211464,-0.0903928637301472,-3.65510972397971,-3.56471686024957,-3.60991329211464,-0.0903928637301472,-3.65510972397971,-3.56471686024957,0.0002455199052854,0.0002212535644509,0.0002724476961125,0.0002455199052854,0.0002212535644509,0.0002724476961125,-5.0,-3.0,1e-05,0.001,-1.21982658422928,1.21982658422928,fit_joint_tsne_vi_seed366_C01Sc01_vt_seed10,seed53,18.8639915998995,7,0.8120955603879992
gamma_mu,gamma_mu,delta__gamma_mu,gamma_mu,identity,False,none,True,True,1.91875260625021,1.43750521250042,2.63750521250042,1.2,1.91875260625021,1.43750521250042,2.63750521250042,1.2,1.91875260625021,2.63750521250042,1.2,1.91875260625021,2.63750521250042,1.2,1.2,3.5,1.2,3.5,-1.43750521250042,1.43750521250042,fit_joint_tsne_vi_seed366_C01Sc01_vt_seed10,seed53,18.8639915998995,7,2.1979210104170166
O2_crit,log10_O2_crit,delta__log10_O2_crit,log10_O2_crit,log10_nonnegative,False,none,True,True,-0.226148508116371,-0.853016623143665,-0.652656819688203,0.200359803455462,-0.226148508116371,-0.853016623143665,-0.652656819688203,0.200359803455462,0.59408897362346,0.222506744860626,1.58620678578554,0.59408897362346,0.222506744860626,1.58620678578554,-4.0,0.397940008672038,0.0001,2.5,-1.24817703357682,1.24817703357682,fit_joint_tsne_vi_seed366_C01Sc01_vt_seed10,seed140,18.8644000810947,8,0.14027600112077038
mu_hp,log10_mu_hp,delta__log10_mu_hp,log10_mu_hp,log10,False,none,True,True,-1.79525411246165,1.01155176640467,-1.28947822925931,-2.30102999566398,-1.79525411246165,1.01155176640467,-1.28947822925931,-2.30102999566398,0.0160230758124583,0.0513477916983572,0.005,0.0160230758124583,0.0513477916983572,0.005,-2.30102999566398,-0.522878745280338,0.005,0.3,-1.01155176640467,1.01155176640467,fit_joint_tsne_vi_seed366_C01Sc01_vt_seed10,seed140,18.8644000810947,8,10.26955833967144
p_misseg,log10_p_misseg,delta__log10_p_misseg,log10_p_misseg,log10,False,none,True,True,-1.4535458521862,1.04611402577961,-0.930488839296389,-1.976602865076,-1.4535458521862,1.04611402577961,-0.930488839296389,-1.976602865076,0.035192826448372,0.117357584120704,0.0105535150770604,0.035192826448372,0.117357584120704,0.0105535150770604,-2.30102999566398,-0.301029995663981,0.005,0.5,-1.69496828695557,1.69496828695557,fit_joint_tsne_vi_seed366_C01Sc01_vt_seed10,seed140,18.8644000810947,8,11.120236552823787
k_o_mis,log10_k_o_mis,delta__log10_k_o_mis,log10_k_o_mis,log10,False,none,True,True,-3.46747209044657,0.959678071247266,-2.98763305482293,-3.9473111260702,-3.46747209044657,0.959678071247266,-2.98763305482293,-3.9473111260702,0.0003408222267376,0.0010288852592723,0.0001128986825222,0.0003408222267376,0.0010288852592723,0.0001128986825222,-5.0,-1.69897000433602,1e-05,0.02,-3.06505581910687,3.06505581910687,fit_joint_tsne_vi_seed366_C01Sc01_vt_seed10,seed140,18.8644000810947,8,9.113350450922965
buffer_smax,buffer_smax,delta__buffer_smax,buffer_smax,identity,False,none,True,True,0.954257795077643,-0.091484409844715,0.908515590155285,1.0,0.954257795077643,-0.091484409844715,0.908515590155285,1.0,0.954257795077643,0.908515590155285,1.0,0.954257795077643,0.908515590155285,1.0,0.0,1.0,0.0,1.0,-0.091484409844715,0.091484409844715,fit_joint_tsne_vi_seed366_C01Sc01_vt_seed10,seed140,18.8644000810947,8,0.908515590155285
buffer_beta,log10_buffer_beta,delta__log10_buffer_beta,log10_buffer_beta,log10,False,none,True,True,-0.28989539770726,-0.983202273192138,-0.781496534303329,0.201705738888809,-0.28989539770726,-0.983202273192138,-0.781496534303329,0.201705738888809,0.512984924445842,0.165387798276667,1.59113027351929,0.512984924445842,0.165387798276667,1.59113027351929,-2.0,1.0,0.01,10.0,-2.57979079541452,2.57979079541452,fit_joint_tsne_vi_seed366_C01Sc01_vt_seed10,seed140,18.8644000810947,8,0.1039435934499941
buffer_n_exp,log10_buffer_n_exp,delta__log10_buffer_n_exp,log10_buffer_n_exp,log10,False,none,True,True,0.749676226334253,0.500647547331493,1.0,0.499352452668507,0.749676226334253,0.500647547331493,1.0,0.499352452668507,5.61922246735227,10.0,3.15756611375965,5.61922246735227,10.0,3.15756611375965,-1.0,1.0,0.1,10.0,-0.500647547331493,0.500647547331493,fit_joint_tsne_vi_seed366_C01Sc01_vt_seed10,seed140,18.8644000810947,8,3.1669962368874054
n_O,n_O,delta__n_O,n_O,identity,False,none,True,True,2.02052984291053,0.30391001849108,2.17248485215607,1.86857483366499,2.02052984291053,0.30391001849108,2.17248485215607,1.86857483366499,2.02052984291053,2.17248485215607,1.86857483366499,2.02052984291053,2.17248485215607,1.86857483366499,0.0001,5.0,0.0001,5.0,-4.04085968582106,4.04085968582106,fit_joint_tsne_vi_seed366_C01Sc01_vt_seed10,seed140,18.8644000810947,8,1.1626426798733
alpha_o2,log10_alpha_o2,delta__log10_alpha_o2,log10_alpha_o2,log10,False,none,True,True,0.0645171318541569,0.731094255036276,0.430064259372295,-0.301029995663981,0.0645171318541569,0.731094255036276,0.430064259372295,-0.301029995663981,1.16015798063767,2.69193308007453,0.5,1.16015798063767,2.69193308007453,0.5,-0.301029995663981,0.602059991327962,0.5,4.0,-0.731094255036276,0.731094255036276,fit_joint_tsne_vi_seed366_C01Sc01_vt_seed10,seed140,18.8644000810947,8,5.38386616014906
gamma_growth,gamma_growth,delta__gamma_growth,gamma_growth,identity,False,none,True,True,2.40379363126653,1.80758726253307,3.30758726253307,1.5,2.40379363126653,1.80758726253307,3.30758726253307,1.5,2.40379363126653,3.30758726253307,1.5,2.40379363126653,3.30758726253307,1.5,1.5,4.5,1.5,4.5,-1.80758726253307,1.80758726253307,fit_joint_tsne_vi_seed366_C01Sc01_vt_seed10,seed140,18.8644000810947,8,2.2050581750220464
lam_max,log10_lam_max,delta__log10_lam_max,log10_lam_max,log10,False,none,True,True,-0.245948704866245,-0.751609097698433,-0.621753253715461,0.129855843982972,-0.245948704866245,-0.751609097698433,-0.621753253715461,0.129855843982972,0.567611642861182,0.238916831366556,1.3485151936293,0.567611642861182,0.238916831366556,1.3485151936293,-2.30102999566398,0.176091259055681,0.005,1.5,-0.844079927843852,0.844079927843852,fit_joint_tsne_vi_seed366_C01Sc01_vt_seed10,seed140,18.8644000810947,8,0.1771702925523233
p_mis_base,log10_p_mis_base,delta__log10_p_mis_base,log10_p_mis_base,log10,False,none,True,True,-5.06158922438224,0.0137210223448498,-5.05472871320981,-5.06844973555466,-5.06158922438224,0.0137210223448498,-5.05472871320981,-5.06844973555466,8.67782275944203e-06,8.81599401735714e-06,8.54181703118544e-06,8.67782275944203e-06,8.81599401735714e-06,8.54181703118544e-06,-6.0,-1.0,1e-06,0.1,-1.87682155123553,1.87682155123553,fit_joint_tsne_vi_seed366_C01Sc01_vt_seed10,seed140,18.8644000810947,8,1.0320982040672029
p_wgd,log10_p_wgd,delta__log10_p_wgd,log10_p_wgd,log10,False,none,True,True,-3.60991329211464,-0.083786471882656,-3.65180652805597,-3.56802005617331,-3.60991329211464,-0.083786471882656,-3.65180652805597,-3.56802005617331,0.0002455199052854,0.0002229428106229,0.0002703833495367,0.0002455199052854,0.0002229428106229,0.0002703833495367,-5.0,-3.0,1e-05,0.001,-1.21982658422928,1.21982658422928,fit_joint_tsne_vi_seed366_C01Sc01_vt_seed10,seed140,18.8644000810947,8,0.8245434158756852
gamma_mu,gamma_mu,delta__gamma_mu,gamma_mu,identity,False,none,True,True,1.91875260625021,1.43750521250042,2.63750521250042,1.2,1.91875260625021,1.43750521250042,2.63750521250042,1.2,1.91875260625021,2.63750521250042,1.2,1.91875260625021,2.63750521250042,1.2,1.2,3.5,1.2,3.5,-1.43750521250042,1.43750521250042,fit_joint_tsne_vi_seed366_C01Sc01_vt_seed10,seed140,18.8644000810947,8,2.1979210104170166
O2_crit,log10_O2_crit,delta__log10_O2_crit,log10_O2_crit,log10_nonnegative,False,none,True,True,-0.226148508116371,-0.853016623143665,-0.652656819688203,0.200359803455462,-0.226148508116371,-0.853016623143665,-0.652656819688203,0.200359803455462,0.59408897362346,0.222506744860626,1.58620678578554,0.59408897362346,0.222506744860626,1.58620678578554,-4.0,0.397940008672038,0.0001,2.5,-1.24817703357682,1.24817703357682,fit_joint_tsne_vi_seed366_C01Sc01_vt_seed10,seed276,18.8653472648041,9,0.14027600112077038
mu_hp,log10_mu_hp,delta__log10_mu_hp,log10_mu_hp,log10,False,none,True,True,-1.79525411246165,1.01155176640467,-1.28947822925931,-2.30102999566398,-1.79525411246165,1.01155176640467,-1.28947822925931,-2.30102999566398,0.0160230758124583,0.0513477916983572,0.005,0.0160230758124583,0.0513477916983572,0.005,-2.30102999566398,-0.522878745280338,0.005,0.3,-1.01155176640467,1.01155176640467,fit_joint_tsne_vi_seed366_C01Sc01_vt_seed10,seed276,18.8653472648041,9,10.26955833967144
p_misseg,log10_p_misseg,delta__log10_p_misseg,log10_p_misseg,log10,False,none,True,True,-1.4535458521862,1.04611402577961,-0.930488839296389,-1.976602865076,-1.4535458521862,1.04611402577961,-0.930488839296389,-1.976602865076,0.035192826448372,0.117357584120704,0.0105535150770604,0.035192826448372,0.117357584120704,0.0105535150770604,-2.30102999566398,-0.301029995663981,0.005,0.5,-1.69496828695557,1.69496828695557,fit_joint_tsne_vi_seed366_C01Sc01_vt_seed10,seed276,18.8653472648041,9,11.120236552823787
k_o_mis,log10_k_o_mis,delta__log10_k_o_mis,log10_k_o_mis,log10,False,none,True,True,-3.46747209044657,0.959678071247266,-2.98763305482293,-3.9473111260702,-3.46747209044657,0.959678071247266,-2.98763305482293,-3.9473111260702,0.0003408222267376,0.0010288852592723,0.0001128986825222,0.0003408222267376,0.0010288852592723,0.0001128986825222,-5.0,-1.69897000433602,1e-05,0.02,-3.06505581910687,3.06505581910687,fit_joint_tsne_vi_seed366_C01Sc01_vt_seed10,seed276,18.8653472648041,9,9.113350450922965
buffer_smax,buffer_smax,delta__buffer_smax,buffer_smax,identity,False,none,True,True,0.954257795077643,-0.091484409844715,0.908515590155285,1.0,0.954257795077643,-0.091484409844715,0.908515590155285,1.0,0.954257795077643,0.908515590155285,1.0,0.954257795077643,0.908515590155285,1.0,0.0,1.0,0.0,1.0,-0.091484409844715,0.091484409844715,fit_joint_tsne_vi_seed366_C01Sc01_vt_seed10,seed276,18.8653472648041,9,0.908515590155285
buffer_beta,log10_buffer_beta,delta__log10_buffer_beta,log10_buffer_beta,log10,False,none,True,True,-0.28989539770726,-0.983202273192138,-0.781496534303329,0.201705738888809,-0.28989539770726,-0.983202273192138,-0.781496534303329,0.201705738888809,0.512984924445842,0.165387798276667,1.59113027351929,0.512984924445842,0.165387798276667,1.59113027351929,-2.0,1.0,0.01,10.0,-2.57979079541452,2.57979079541452,fit_joint_tsne_vi_seed366_C01Sc01_vt_seed10,seed276,18.8653472648041,9,0.1039435934499941
buffer_n_exp,log10_buffer_n_exp,delta__log10_buffer_n_exp,log10_buffer_n_exp,log10,False,none,True,True,0.749676226334253,0.500647547331493,1.0,0.499352452668507,0.749676226334253,0.500647547331493,1.0,0.499352452668507,5.61922246735227,10.0,3.15756611375965,5.61922246735227,10.0,3.15756611375965,-1.0,1.0,0.1,10.0,-0.500647547331493,0.500647547331493,fit_joint_tsne_vi_seed366_C01Sc01_vt_seed10,seed276,18.8653472648041,9,3.1669962368874054
n_O,n_O,delta__n_O,n_O,identity,False,none,True,True,2.02052984291053,0.30391001849108,2.17248485215607,1.86857483366499,2.02052984291053,0.30391001849108,2.17248485215607,1.86857483366499,2.02052984291053,2.17248485215607,1.86857483366499,2.02052984291053,2.17248485215607,1.86857483366499,0.0001,5.0,0.0001,5.0,-4.04085968582106,4.04085968582106,fit_joint_tsne_vi_seed366_C01Sc01_vt_seed10,seed276,18.8653472648041,9,1.1626426798733
alpha_o2,log10_alpha_o2,delta__log10_alpha_o2,log10_alpha_o2,log10,False,none,True,True,0.0645171318541569,0.731094255036276,0.430064259372295,-0.301029995663981,0.0645171318541569,0.731094255036276,0.430064259372295,-0.301029995663981,1.16015798063767,2.69193308007453,0.5,1.16015798063767,2.69193308007453,0.5,-0.301029995663981,0.602059991327962,0.5,4.0,-0.731094255036276,0.731094255036276,fit_joint_tsne_vi_seed366_C01Sc01_vt_seed10,seed276,18.8653472648041,9,5.38386616014906
gamma_growth,gamma_growth,delta__gamma_growth,gamma_growth,identity,False,none,True,True,2.40379363126653,1.80758726253307,3.30758726253307,1.5,2.40379363126653,1.80758726253307,3.30758726253307,1.5,2.40379363126653,3.30758726253307,1.5,2.40379363126653,3.30758726253307,1.5,1.5,4.5,1.5,4.5,-1.80758726253307,1.80758726253307,fit_joint_tsne_vi_seed366_C01Sc01_vt_seed10,seed276,18.8653472648041,9,2.2050581750220464
lam_max,log10_lam_max,delta__log10_lam_max,log10_lam_max,log10,False,none,True,True,-0.245948704866245,-0.751609097698433,-0.621753253715461,0.129855843982972,-0.245948704866245,-0.751609097698433,-0.621753253715461,0.129855843982972,0.567611642861182,0.238916831366556,1.3485151936293,0.567611642861182,0.238916831366556,1.3485151936293,-2.30102999566398,0.176091259055681,0.005,1.5,-0.844079927843852,0.844079927843852,fit_joint_tsne_vi_seed366_C01Sc01_vt_seed10,seed276,18.8653472648041,9,0.1771702925523233
p_mis_base,log10_p_mis_base,delta__log10_p_mis_base,log10_p_mis_base,log10,False,none,True,True,-5.06158922438224,0.0088452129614238,-5.05716661790152,-5.06601183086295,-5.06158922438224,0.0088452129614238,-5.05716661790152,-5.06601183086295,8.67782275944203e-06,8.76664422649654e-06,8.58990120948304e-06,8.67782275944203e-06,8.76664422649654e-06,8.58990120948304e-06,-6.0,-1.0,1e-06,0.1,-1.87682155123553,1.87682155123553,fit_joint_tsne_vi_seed366_C01Sc01_vt_seed10,seed276,18.8653472648041,9,1.020575675168229
p_wgd,log10_p_wgd,delta__log10_p_wgd,log10_p_wgd,log10,False,none,True,True,-3.60991329211464,-0.0907822622139711,-3.65530442322163,-3.56452216100766,-3.60991329211464,-0.0907822622139711,-3.65530442322163,-3.56452216100766,0.0002455199052854,0.0002211543961484,0.0002725698649503,0.0002455199052854,0.0002211543961484,0.0002725698649503,-5.0,-3.0,1e-05,0.001,-1.21982658422928,1.21982658422928,fit_joint_tsne_vi_seed366_C01Sc01_vt_seed10,seed276,18.8653472648041,9,0.8113677430508504
gamma_mu,gamma_mu,delta__gamma_mu,gamma_mu,identity,False,none,True,True,1.91875260625021,1.43750521250042,2.63750521250042,1.2,1.91875260625021,1.43750521250042,2.63750521250042,1.2,1.91875260625021,2.63750521250042,1.2,1.91875260625021,2.63750521250042,1.2,1.2,3.5,1.2,3.5,-1.43750521250042,1.43750521250042,fit_joint_tsne_vi_seed366_C01Sc01_vt_seed10,seed276,18.8653472648041,9,2.1979210104170166
O2_crit,log10_O2_crit,delta__log10_O2_crit,log10_O2_crit,log10_nonnegative,False,none,True,True,-0.226148508116371,-0.853016623143665,-0.652656819688203,0.200359803455462,-0.226148508116371,-0.853016623143665,-0.652656819688203,0.200359803455462,0.59408897362346,0.222506744860626,1.58620678578554,0.59408897362346,0.222506744860626,1.58620678578554,-4.0,0.397940008672038,0.0001,2.5,-1.24817703357682,1.24817703357682,fit_joint_tsne_vi_seed366_C01Sc01_vt_seed10,seed279,18.8666264262352,10,0.14027600112077038
mu_hp,log10_mu_hp,delta__log10_mu_hp,log10_mu_hp,log10,False,none,True,True,-1.79525411246165,1.01155176640467,-1.28947822925931,-2.30102999566398,-1.79525411246165,1.01155176640467,-1.28947822925931,-2.30102999566398,0.0160230758124583,0.0513477916983572,0.005,0.0160230758124583,0.0513477916983572,0.005,-2.30102999566398,-0.522878745280338,0.005,0.3,-1.01155176640467,1.01155176640467,fit_joint_tsne_vi_seed366_C01Sc01_vt_seed10,seed279,18.8666264262352,10,10.26955833967144
p_misseg,log10_p_misseg,delta__log10_p_misseg,log10_p_misseg,log10,False,none,True,True,-1.4535458521862,1.04611402577961,-0.930488839296389,-1.976602865076,-1.4535458521862,1.04611402577961,-0.930488839296389,-1.976602865076,0.035192826448372,0.117357584120704,0.0105535150770604,0.035192826448372,0.117357584120704,0.0105535150770604,-2.30102999566398,-0.301029995663981,0.005,0.5,-1.69496828695557,1.69496828695557,fit_joint_tsne_vi_seed366_C01Sc01_vt_seed10,seed279,18.8666264262352,10,11.120236552823787
k_o_mis,log10_k_o_mis,delta__log10_k_o_mis,log10_k_o_mis,log10,False,none,True,True,-3.46747209044657,0.959678071247266,-2.98763305482293,-3.9473111260702,-3.46747209044657,0.959678071247266,-2.98763305482293,-3.9473111260702,0.0003408222267376,0.0010288852592723,0.0001128986825222,0.0003408222267376,0.0010288852592723,0.0001128986825222,-5.0,-1.69897000433602,1e-05,0.02,-3.06505581910687,3.06505581910687,fit_joint_tsne_vi_seed366_C01Sc01_vt_seed10,seed279,18.8666264262352,10,9.113350450922965
buffer_smax,buffer_smax,delta__buffer_smax,buffer_smax,identity,False,none,True,True,0.954257795077643,-0.091484409844715,0.908515590155285,1.0,0.954257795077643,-0.091484409844715,0.908515590155285,1.0,0.954257795077643,0.908515590155285,1.0,0.954257795077643,0.908515590155285,1.0,0.0,1.0,0.0,1.0,-0.091484409844715,0.091484409844715,fit_joint_tsne_vi_seed366_C01Sc01_vt_seed10,seed279,18.8666264262352,10,0.908515590155285
buffer_beta,log10_buffer_beta,delta__log10_buffer_beta,log10_buffer_beta,log10,False,none,True,True,-0.28989539770726,-0.983202273192138,-0.781496534303329,0.201705738888809,-0.28989539770726,-0.983202273192138,-0.781496534303329,0.201705738888809,0.512984924445842,0.165387798276667,1.59113027351929,0.512984924445842,0.165387798276667,1.59113027351929,-2.0,1.0,0.01,10.0,-2.57979079541452,2.57979079541452,fit_joint_tsne_vi_seed366_C01Sc01_vt_seed10,seed279,18.8666264262352,10,0.1039435934499941
buffer_n_exp,log10_buffer_n_exp,delta__log10_buffer_n_exp,log10_buffer_n_exp,log10,False,none,True,True,0.749676226334253,0.500647547331493,1.0,0.499352452668507,0.749676226334253,0.500647547331493,1.0,0.499352452668507,5.61922246735227,10.0,3.15756611375965,5.61922246735227,10.0,3.15756611375965,-1.0,1.0,0.1,10.0,-0.500647547331493,0.500647547331493,fit_joint_tsne_vi_seed366_C01Sc01_vt_seed10,seed279,18.8666264262352,10,3.1669962368874054
n_O,n_O,delta__n_O,n_O,identity,False,none,True,True,2.02052984291053,0.30391001849108,2.17248485215607,1.86857483366499,2.02052984291053,0.30391001849108,2.17248485215607,1.86857483366499,2.02052984291053,2.17248485215607,1.86857483366499,2.02052984291053,2.17248485215607,1.86857483366499,0.0001,5.0,0.0001,5.0,-4.04085968582106,4.04085968582106,fit_joint_tsne_vi_seed366_C01Sc01_vt_seed10,seed279,18.8666264262352,10,1.1626426798733
alpha_o2,log10_alpha_o2,delta__log10_alpha_o2,log10_alpha_o2,log10,False,none,True,True,0.0645171318541569,0.731094255036276,0.430064259372295,-0.301029995663981,0.0645171318541569,0.731094255036276,0.430064259372295,-0.301029995663981,1.16015798063767,2.69193308007453,0.5,1.16015798063767,2.69193308007453,0.5,-0.301029995663981,0.602059991327962,0.5,4.0,-0.731094255036276,0.731094255036276,fit_joint_tsne_vi_seed366_C01Sc01_vt_seed10,seed279,18.8666264262352,10,5.38386616014906
gamma_growth,gamma_growth,delta__gamma_growth,gamma_growth,identity,False,none,True,True,2.40379363126653,1.80758726253307,3.30758726253307,1.5,2.40379363126653,1.80758726253307,3.30758726253307,1.5,2.40379363126653,3.30758726253307,1.5,2.40379363126653,3.30758726253307,1.5,1.5,4.5,1.5,4.5,-1.80758726253307,1.80758726253307,fit_joint_tsne_vi_seed366_C01Sc01_vt_seed10,seed279,18.8666264262352,10,2.2050581750220464
lam_max,log10_lam_max,delta__log10_lam_max,log10_lam_max,log10,False,none,True,True,-0.245948704866245,-0.751609097698433,-0.621753253715461,0.129855843982972,-0.245948704866245,-0.751609097698433,-0.621753253715461,0.129855843982972,0.567611642861182,0.238916831366556,1.3485151936293,0.567611642861182,0.238916831366556,1.3485151936293,-2.30102999566398,0.176091259055681,0.005,1.5,-0.844079927843852,0.844079927843852,fit_joint_tsne_vi_seed366_C01Sc01_vt_seed10,seed279,18.8666264262352,10,0.1771702925523233
p_mis_base,log10_p_mis_base,delta__log10_p_mis_base,log10_p_mis_base,log10,False,none,True,True,-5.06158922438224,0.0130065474734055,-5.05508595064553,-5.06809249811894,-5.06158922438224,0.0130065474734055,-5.05508595064553,-5.06809249811894,8.67782275944203e-06,8.8087452304608e-06,8.54884616073189e-06,8.67782275944203e-06,8.8087452304608e-06,8.54884616073189e-06,-6.0,-1.0,1e-06,0.1,-1.87682155123553,1.87682155123553,fit_joint_tsne_vi_seed366_C01Sc01_vt_seed10,seed279,18.8666264262352,10,1.0304016547780126
p_wgd,log10_p_wgd,delta__log10_p_wgd,log10_p_wgd,log10,False,none,True,True,-3.60991329211464,-0.0993805285739461,-3.65960355640161,-3.56022302782767,-3.60991329211464,-0.0993805285739461,-3.65960355640161,-3.56022302782767,0.0002455199052854,0.0002189759623264,0.0002752814658327,0.0002455199052854,0.0002189759623264,0.0002752814658327,-5.0,-3.0,1e-05,0.001,-1.21982658422928,1.21982658422928,fit_joint_tsne_vi_seed366_C01Sc01_vt_seed10,seed279,18.8666264262352,10,0.7954620615812936
gamma_mu,gamma_mu,delta__gamma_mu,gamma_mu,identity,False,none,True,True,1.91875260625021,1.43750521250042,2.63750521250042,1.2,1.91875260625021,1.43750521250042,2.63750521250042,1.2,1.91875260625021,2.63750521250042,1.2,1.91875260625021,2.63750521250042,1.2,1.2,3.5,1.2,3.5,-1.43750521250042,1.43750521250042,fit_joint_tsne_vi_seed366_C01Sc01_vt_seed10,seed279,18.8666264262352,10,2.1979210104170166
