parameter	O2_pct	n_complete	spearman_rho	parameter_group	parameter_order	parameter_plot_label	parameter_display_label	display_order	importance_rank	peak_direction	peak_direction_order	within_direction_rank	max_abs_rho	rho_at_max_abs	O2_at_max_abs
p_mis_base	0	500	0.0654441337765351	Division and genome change	2	p_mis_base | Baseline missegregation probability	Baseline per-chromosome missegregation probability (p_mis_base)	1	2	Positive peak rho	1	1	0.65613411253645	0.65613411253645	4.175
p_mis_base	0.025	500	0.0621337525350101	Division and genome change	2	p_mis_base | Baseline missegregation probability	Baseline per-chromosome missegregation probability (p_mis_base)	1	2	Positive peak rho	1	1	0.65613411253645	0.65613411253645	4.175
p_mis_base	0.05	500	0.0619631598526394	Division and genome change	2	p_mis_base | Baseline missegregation probability	Baseline per-chromosome missegregation probability (p_mis_base)	1	2	Positive peak rho	1	1	0.65613411253645	0.65613411253645	4.175
p_mis_base	0.075	500	0.0648064992259969	Division and genome change	2	p_mis_base | Baseline missegregation probability	Baseline per-chromosome missegregation probability (p_mis_base)	1	2	Positive peak rho	1	1	0.65613411253645	0.65613411253645	4.175
p_mis_base	0.1	500	0.0567564830259321	Division and genome change	2	p_mis_base | Baseline missegregation probability	Baseline per-chromosome missegregation probability (p_mis_base)	1	2	Positive peak rho	1	1	0.65613411253645	0.65613411253645	4.175
p_mis_base	0.125	500	0.0491786927147709	Division and genome change	2	p_mis_base | Baseline missegregation probability	Baseline per-chromosome missegregation probability (p_mis_base)	1	2	Positive peak rho	1	1	0.65613411253645	0.65613411253645	4.175
p_mis_base	0.15	500	0.0526177144708579	Division and genome change	2	p_mis_base | Baseline missegregation probability	Baseline per-chromosome missegregation probability (p_mis_base)	1	2	Positive peak rho	1	1	0.65613411253645	0.65613411253645	4.175
p_mis_base	0.175	500	0.0556513266053064	Division and genome change	2	p_mis_base | Baseline missegregation probability	Baseline per-chromosome missegregation probability (p_mis_base)	1	2	Positive peak rho	1	1	0.65613411253645	0.65613411253645	4.175
p_mis_base	0.2	500	0.0512668930675723	Division and genome change	2	p_mis_base | Baseline missegregation probability	Baseline per-chromosome missegregation probability (p_mis_base)	1	2	Positive peak rho	1	1	0.65613411253645	0.65613411253645	4.175
p_mis_base	0.225	500	0.0532534290137161	Division and genome change	2	p_mis_base | Baseline missegregation probability	Baseline per-chromosome missegregation probability (p_mis_base)	1	2	Positive peak rho	1	1	0.65613411253645	0.65613411253645	4.175
p_mis_base	0.25	500	0.0495082620330481	Division and genome change	2	p_mis_base | Baseline missegregation probability	Baseline per-chromosome missegregation probability (p_mis_base)	1	2	Positive peak rho	1	1	0.65613411253645	0.65613411253645	4.175
p_mis_base	0.275	500	0.044248592994372	Division and genome change	2	p_mis_base | Baseline missegregation probability	Baseline per-chromosome missegregation probability (p_mis_base)	1	2	Positive peak rho	1	1	0.65613411253645	0.65613411253645	4.175
p_mis_base	0.3	500	0.0711763167052668	Division and genome change	2	p_mis_base | Baseline missegregation probability	Baseline per-chromosome missegregation probability (p_mis_base)	1	2	Positive peak rho	1	1	0.65613411253645	0.65613411253645	4.175
p_mis_base	0.325	500	0.0777269029076116	Division and genome change	2	p_mis_base | Baseline missegregation probability	Baseline per-chromosome missegregation probability (p_mis_base)	1	2	Positive peak rho	1	1	0.65613411253645	0.65613411253645	4.175
p_mis_base	0.35	500	0.0822230808923236	Division and genome change	2	p_mis_base | Baseline missegregation probability	Baseline per-chromosome missegregation probability (p_mis_base)	1	2	Positive peak rho	1	1	0.65613411253645	0.65613411253645	4.175
p_mis_base	0.375	500	0.0818586634346537	Division and genome change	2	p_mis_base | Baseline missegregation probability	Baseline per-chromosome missegregation probability (p_mis_base)	1	2	Positive peak rho	1	1	0.65613411253645	0.65613411253645	4.175
p_mis_base	0.4	500	0.100963027852111	Division and genome change	2	p_mis_base | Baseline missegregation probability	Baseline per-chromosome missegregation probability (p_mis_base)	1	2	Positive peak rho	1	1	0.65613411253645	0.65613411253645	4.175
p_mis_base	0.425	500	0.104459457837831	Division and genome change	2	p_mis_base | Baseline missegregation probability	Baseline per-chromosome missegregation probability (p_mis_base)	1	2	Positive peak rho	1	1	0.65613411253645	0.65613411253645	4.175
p_mis_base	0.45	500	0.0977207108828435	Division and genome change	2	p_mis_base | Baseline missegregation probability	Baseline per-chromosome missegregation probability (p_mis_base)	1	2	Positive peak rho	1	1	0.65613411253645	0.65613411253645	4.175
p_mis_base	0.475	500	0.0989802359209437	Division and genome change	2	p_mis_base | Baseline missegregation probability	Baseline per-chromosome missegregation probability (p_mis_base)	1	2	Positive peak rho	1	1	0.65613411253645	0.65613411253645	4.175
p_mis_base	0.5	500	0.123794799179197	Division and genome change	2	p_mis_base | Baseline missegregation probability	Baseline per-chromosome missegregation probability (p_mis_base)	1	2	Positive peak rho	1	1	0.65613411253645	0.65613411253645	4.175
p_mis_base	0.525	500	0.120000864003456	Division and genome change	2	p_mis_base | Baseline missegregation probability	Baseline per-chromosome missegregation probability (p_mis_base)	1	2	Positive peak rho	1	1	0.65613411253645	0.65613411253645	4.175
p_mis_base	0.55	500	0.126319225276901	Division and genome change	2	p_mis_base | Baseline missegregation probability	Baseline per-chromosome missegregation probability (p_mis_base)	1	2	Positive peak rho	1	1	0.65613411253645	0.65613411253645	4.175
p_mis_base	0.575	500	0.121322021288085	Division and genome change	2	p_mis_base | Baseline missegregation probability	Baseline per-chromosome missegregation probability (p_mis_base)	1	2	Positive peak rho	1	1	0.65613411253645	0.65613411253645	4.175
p_mis_base	0.6	500	0.141992727970912	Division and genome change	2	p_mis_base | Baseline missegregation probability	Baseline per-chromosome missegregation probability (p_mis_base)	1	2	Positive peak rho	1	1	0.65613411253645	0.65613411253645	4.175
p_mis_base	0.625	500	0.156313393253573	Division and genome change	2	p_mis_base | Baseline missegregation probability	Baseline per-chromosome missegregation probability (p_mis_base)	1	2	Positive peak rho	1	1	0.65613411253645	0.65613411253645	4.175
p_mis_base	0.65	500	0.176710786843147	Division and genome change	2	p_mis_base | Baseline missegregation probability	Baseline per-chromosome missegregation probability (p_mis_base)	1	2	Positive peak rho	1	1	0.65613411253645	0.65613411253645	4.175
p_mis_base	0.675	500	0.193140196560786	Division and genome change	2	p_mis_base | Baseline missegregation probability	Baseline per-chromosome missegregation probability (p_mis_base)	1	2	Positive peak rho	1	1	0.65613411253645	0.65613411253645	4.175
p_mis_base	0.7	500	0.200629666518666	Division and genome change	2	p_mis_base | Baseline missegregation probability	Baseline per-chromosome missegregation probability (p_mis_base)	1	2	Positive peak rho	1	1	0.65613411253645	0.65613411253645	4.175
p_mis_base	0.725	500	0.224621026484106	Division and genome change	2	p_mis_base | Baseline missegregation probability	Baseline per-chromosome missegregation probability (p_mis_base)	1	2	Positive peak rho	1	1	0.65613411253645	0.65613411253645	4.175
p_mis_base	0.75	500	0.232028704114816	Division and genome change	2	p_mis_base | Baseline missegregation probability	Baseline per-chromosome missegregation probability (p_mis_base)	1	2	Positive peak rho	1	1	0.65613411253645	0.65613411253645	4.175
p_mis_base	0.775	500	0.238829179316717	Division and genome change	2	p_mis_base | Baseline missegregation probability	Baseline per-chromosome missegregation probability (p_mis_base)	1	2	Positive peak rho	1	1	0.65613411253645	0.65613411253645	4.175
p_mis_base	0.8	500	0.23790536762147	Division and genome change	2	p_mis_base | Baseline missegregation probability	Baseline per-chromosome missegregation probability (p_mis_base)	1	2	Positive peak rho	1	1	0.65613411253645	0.65613411253645	4.175
p_mis_base	0.825	500	0.240880323521294	Division and genome change	2	p_mis_base | Baseline missegregation probability	Baseline per-chromosome missegregation probability (p_mis_base)	1	2	Positive peak rho	1	1	0.65613411253645	0.65613411253645	4.175
p_mis_base	0.85	500	0.251192012768051	Division and genome change	2	p_mis_base | Baseline missegregation probability	Baseline per-chromosome missegregation probability (p_mis_base)	1	2	Positive peak rho	1	1	0.65613411253645	0.65613411253645	4.175
p_mis_base	0.875	500	0.257853959415838	Division and genome change	2	p_mis_base | Baseline missegregation probability	Baseline per-chromosome missegregation probability (p_mis_base)	1	2	Positive peak rho	1	1	0.65613411253645	0.65613411253645	4.175
p_mis_base	0.9	500	0.280016416065664	Division and genome change	2	p_mis_base | Baseline missegregation probability	Baseline per-chromosome missegregation probability (p_mis_base)	1	2	Positive peak rho	1	1	0.65613411253645	0.65613411253645	4.175
p_mis_base	0.925	500	0.280538178152713	Division and genome change	2	p_mis_base | Baseline missegregation probability	Baseline per-chromosome missegregation probability (p_mis_base)	1	2	Positive peak rho	1	1	0.65613411253645	0.65613411253645	4.175
p_mis_base	0.95	500	0.28602316009264	Division and genome change	2	p_mis_base | Baseline missegregation probability	Baseline per-chromosome missegregation probability (p_mis_base)	1	2	Positive peak rho	1	1	0.65613411253645	0.65613411253645	4.175
p_mis_base	0.975	500	0.298902283609134	Division and genome change	2	p_mis_base | Baseline missegregation probability	Baseline per-chromosome missegregation probability (p_mis_base)	1	2	Positive peak rho	1	1	0.65613411253645	0.65613411253645	4.175
p_mis_base	1	500	0.299034476137905	Division and genome change	2	p_mis_base | Baseline missegregation probability	Baseline per-chromosome missegregation probability (p_mis_base)	1	2	Positive peak rho	1	1	0.65613411253645	0.65613411253645	4.175
p_mis_base	1.025	500	0.297280549122196	Division and genome change	2	p_mis_base | Baseline missegregation probability	Baseline per-chromosome missegregation probability (p_mis_base)	1	2	Positive peak rho	1	1	0.65613411253645	0.65613411253645	4.175
p_mis_base	1.05	500	0.298018408073632	Division and genome change	2	p_mis_base | Baseline missegregation probability	Baseline per-chromosome missegregation probability (p_mis_base)	1	2	Positive peak rho	1	1	0.65613411253645	0.65613411253645	4.175
p_mis_base	1.075	500	0.314979851919408	Division and genome change	2	p_mis_base | Baseline missegregation probability	Baseline per-chromosome missegregation probability (p_mis_base)	1	2	Positive peak rho	1	1	0.65613411253645	0.65613411253645	4.175
p_mis_base	1.1	500	0.319234876939508	Division and genome change	2	p_mis_base | Baseline missegregation probability	Baseline per-chromosome missegregation probability (p_mis_base)	1	2	Positive peak rho	1	1	0.65613411253645	0.65613411253645	4.175
p_mis_base	1.125	500	0.316704498817995	Division and genome change	2	p_mis_base | Baseline missegregation probability	Baseline per-chromosome missegregation probability (p_mis_base)	1	2	Positive peak rho	1	1	0.65613411253645	0.65613411253645	4.175
p_mis_base	1.15	500	0.340022992091968	Division and genome change	2	p_mis_base | Baseline missegregation probability	Baseline per-chromosome missegregation probability (p_mis_base)	1	2	Positive peak rho	1	1	0.65613411253645	0.65613411253645	4.175
p_mis_base	1.175	500	0.349688310753243	Division and genome change	2	p_mis_base | Baseline missegregation probability	Baseline per-chromosome missegregation probability (p_mis_base)	1	2	Positive peak rho	1	1	0.65613411253645	0.65613411253645	4.175
p_mis_base	1.2	500	0.359572510290041	Division and genome change	2	p_mis_base | Baseline missegregation probability	Baseline per-chromosome missegregation probability (p_mis_base)	1	2	Positive peak rho	1	1	0.65613411253645	0.65613411253645	4.175
p_mis_base	1.225	500	0.361243972975892	Division and genome change	2	p_mis_base | Baseline missegregation probability	Baseline per-chromosome missegregation probability (p_mis_base)	1	2	Positive peak rho	1	1	0.65613411253645	0.65613411253645	4.175
p_mis_base	1.25	500	0.364955155820623	Division and genome change	2	p_mis_base | Baseline missegregation probability	Baseline per-chromosome missegregation probability (p_mis_base)	1	2	Positive peak rho	1	1	0.65613411253645	0.65613411253645	4.175
p_mis_base	1.275	500	0.3687398749595	Division and genome change	2	p_mis_base | Baseline missegregation probability	Baseline per-chromosome missegregation probability (p_mis_base)	1	2	Positive peak rho	1	1	0.65613411253645	0.65613411253645	4.175
p_mis_base	1.3	500	0.377666086664347	Division and genome change	2	p_mis_base | Baseline missegregation probability	Baseline per-chromosome missegregation probability (p_mis_base)	1	2	Positive peak rho	1	1	0.65613411253645	0.65613411253645	4.175
p_mis_base	1.325	500	0.389721910887644	Division and genome change	2	p_mis_base | Baseline missegregation probability	Baseline per-chromosome missegregation probability (p_mis_base)	1	2	Positive peak rho	1	1	0.65613411253645	0.65613411253645	4.175
p_mis_base	1.35	500	0.396611858447434	Division and genome change	2	p_mis_base | Baseline missegregation probability	Baseline per-chromosome missegregation probability (p_mis_base)	1	2	Positive peak rho	1	1	0.65613411253645	0.65613411253645	4.175
p_mis_base	1.375	500	0.399035772143089	Division and genome change	2	p_mis_base | Baseline missegregation probability	Baseline per-chromosome missegregation probability (p_mis_base)	1	2	Positive peak rho	1	1	0.65613411253645	0.65613411253645	4.175
p_mis_base	1.4	500	0.406219000876004	Division and genome change	2	p_mis_base | Baseline missegregation probability	Baseline per-chromosome missegregation probability (p_mis_base)	1	2	Positive peak rho	1	1	0.65613411253645	0.65613411253645	4.175
p_mis_base	1.425	500	0.410166248664995	Division and genome change	2	p_mis_base | Baseline missegregation probability	Baseline per-chromosome missegregation probability (p_mis_base)	1	2	Positive peak rho	1	1	0.65613411253645	0.65613411253645	4.175
p_mis_base	1.45	500	0.4169768999076	Division and genome change	2	p_mis_base | Baseline missegregation probability	Baseline per-chromosome missegregation probability (p_mis_base)	1	2	Positive peak rho	1	1	0.65613411253645	0.65613411253645	4.175
p_mis_base	1.475	500	0.417261541046164	Division and genome change	2	p_mis_base | Baseline missegregation probability	Baseline per-chromosome missegregation probability (p_mis_base)	1	2	Positive peak rho	1	1	0.65613411253645	0.65613411253645	4.175
p_mis_base	1.5	500	0.418239976959908	Division and genome change	2	p_mis_base | Baseline missegregation probability	Baseline per-chromosome missegregation probability (p_mis_base)	1	2	Positive peak rho	1	1	0.65613411253645	0.65613411253645	4.175
p_mis_base	1.525	500	0.422943419773679	Division and genome change	2	p_mis_base | Baseline missegregation probability	Baseline per-chromosome missegregation probability (p_mis_base)	1	2	Positive peak rho	1	1	0.65613411253645	0.65613411253645	4.175
p_mis_base	1.55	500	0.426313129252517	Division and genome change	2	p_mis_base | Baseline missegregation probability	Baseline per-chromosome missegregation probability (p_mis_base)	1	2	Positive peak rho	1	1	0.65613411253645	0.65613411253645	4.175
p_mis_base	1.575	500	0.422550298201193	Division and genome change	2	p_mis_base | Baseline missegregation probability	Baseline per-chromosome missegregation probability (p_mis_base)	1	2	Positive peak rho	1	1	0.65613411253645	0.65613411253645	4.175
p_mis_base	1.6	500	0.430417433669735	Division and genome change	2	p_mis_base | Baseline missegregation probability	Baseline per-chromosome missegregation probability (p_mis_base)	1	2	Positive peak rho	1	1	0.65613411253645	0.65613411253645	4.175
p_mis_base	1.625	500	0.430910107640431	Division and genome change	2	p_mis_base | Baseline missegregation probability	Baseline per-chromosome missegregation probability (p_mis_base)	1	2	Positive peak rho	1	1	0.65613411253645	0.65613411253645	4.175
p_mis_base	1.65	500	0.432193344773379	Division and genome change	2	p_mis_base | Baseline missegregation probability	Baseline per-chromosome missegregation probability (p_mis_base)	1	2	Positive peak rho	1	1	0.65613411253645	0.65613411253645	4.175
p_mis_base	1.675	500	0.4437401749607	Division and genome change	2	p_mis_base | Baseline missegregation probability	Baseline per-chromosome missegregation probability (p_mis_base)	1	2	Positive peak rho	1	1	0.65613411253645	0.65613411253645	4.175
p_mis_base	1.7	500	0.452044496177985	Division and genome change	2	p_mis_base | Baseline missegregation probability	Baseline per-chromosome missegregation probability (p_mis_base)	1	2	Positive peak rho	1	1	0.65613411253645	0.65613411253645	4.175
p_mis_base	1.725	500	0.45890170760683	Division and genome change	2	p_mis_base | Baseline missegregation probability	Baseline per-chromosome missegregation probability (p_mis_base)	1	2	Positive peak rho	1	1	0.65613411253645	0.65613411253645	4.175
p_mis_base	1.75	500	0.471224508898036	Division and genome change	2	p_mis_base | Baseline missegregation probability	Baseline per-chromosome missegregation probability (p_mis_base)	1	2	Positive peak rho	1	1	0.65613411253645	0.65613411253645	4.175
p_mis_base	1.775	500	0.477104916419666	Division and genome change	2	p_mis_base | Baseline missegregation probability	Baseline per-chromosome missegregation probability (p_mis_base)	1	2	Positive peak rho	1	1	0.65613411253645	0.65613411253645	4.175
p_mis_base	1.8	500	0.48010291241165	Division and genome change	2	p_mis_base | Baseline missegregation probability	Baseline per-chromosome missegregation probability (p_mis_base)	1	2	Positive peak rho	1	1	0.65613411253645	0.65613411253645	4.175
p_mis_base	1.825	500	0.489505286021144	Division and genome change	2	p_mis_base | Baseline missegregation probability	Baseline per-chromosome missegregation probability (p_mis_base)	1	2	Positive peak rho	1	1	0.65613411253645	0.65613411253645	4.175
p_mis_base	1.85	500	0.49272619490478	Division and genome change	2	p_mis_base | Baseline missegregation probability	Baseline per-chromosome missegregation probability (p_mis_base)	1	2	Positive peak rho	1	1	0.65613411253645	0.65613411253645	4.175
p_mis_base	1.875	500	0.492318961275845	Division and genome change	2	p_mis_base | Baseline missegregation probability	Baseline per-chromosome missegregation probability (p_mis_base)	1	2	Positive peak rho	1	1	0.65613411253645	0.65613411253645	4.175
p_mis_base	1.9	500	0.503972063888256	Division and genome change	2	p_mis_base | Baseline missegregation probability	Baseline per-chromosome missegregation probability (p_mis_base)	1	2	Positive peak rho	1	1	0.65613411253645	0.65613411253645	4.175
p_mis_base	1.925	500	0.505958887835551	Division and genome change	2	p_mis_base | Baseline missegregation probability	Baseline per-chromosome missegregation probability (p_mis_base)	1	2	Positive peak rho	1	1	0.65613411253645	0.65613411253645	4.175
p_mis_base	1.95	500	0.511373213492854	Division and genome change	2	p_mis_base | Baseline missegregation probability	Baseline per-chromosome missegregation probability (p_mis_base)	1	2	Positive peak rho	1	1	0.65613411253645	0.65613411253645	4.175
p_mis_base	1.975	500	0.512409345637383	Division and genome change	2	p_mis_base | Baseline missegregation probability	Baseline per-chromosome missegregation probability (p_mis_base)	1	2	Positive peak rho	1	1	0.65613411253645	0.65613411253645	4.175
p_mis_base	2	500	0.513692294769179	Division and genome change	2	p_mis_base | Baseline missegregation probability	Baseline per-chromosome missegregation probability (p_mis_base)	1	2	Positive peak rho	1	1	0.65613411253645	0.65613411253645	4.175
p_mis_base	2.025	500	0.516610034440138	Division and genome change	2	p_mis_base | Baseline missegregation probability	Baseline per-chromosome missegregation probability (p_mis_base)	1	2	Positive peak rho	1	1	0.65613411253645	0.65613411253645	4.175
p_mis_base	2.05	500	0.525676118704475	Division and genome change	2	p_mis_base | Baseline missegregation probability	Baseline per-chromosome missegregation probability (p_mis_base)	1	2	Positive peak rho	1	1	0.65613411253645	0.65613411253645	4.175
p_mis_base	2.075	500	0.527536414145657	Division and genome change	2	p_mis_base | Baseline missegregation probability	Baseline per-chromosome missegregation probability (p_mis_base)	1	2	Positive peak rho	1	1	0.65613411253645	0.65613411253645	4.175
p_mis_base	2.1	500	0.532606674426698	Division and genome change	2	p_mis_base | Baseline missegregation probability	Baseline per-chromosome missegregation probability (p_mis_base)	1	2	Positive peak rho	1	1	0.65613411253645	0.65613411253645	4.175
p_mis_base	2.125	500	0.537807111228445	Division and genome change	2	p_mis_base | Baseline missegregation probability	Baseline per-chromosome missegregation probability (p_mis_base)	1	2	Positive peak rho	1	1	0.65613411253645	0.65613411253645	4.175
p_mis_base	2.15	500	0.538204360817443	Division and genome change	2	p_mis_base | Baseline missegregation probability	Baseline per-chromosome missegregation probability (p_mis_base)	1	2	Positive peak rho	1	1	0.65613411253645	0.65613411253645	4.175
p_mis_base	2.175	500	0.538823467293869	Division and genome change	2	p_mis_base | Baseline missegregation probability	Baseline per-chromosome missegregation probability (p_mis_base)	1	2	Positive peak rho	1	1	0.65613411253645	0.65613411253645	4.175
p_mis_base	2.2	500	0.54062184248737	Division and genome change	2	p_mis_base | Baseline missegregation probability	Baseline per-chromosome missegregation probability (p_mis_base)	1	2	Positive peak rho	1	1	0.65613411253645	0.65613411253645	4.175
p_mis_base	2.225	500	0.542754683018732	Division and genome change	2	p_mis_base | Baseline missegregation probability	Baseline per-chromosome missegregation probability (p_mis_base)	1	2	Positive peak rho	1	1	0.65613411253645	0.65613411253645	4.175
p_mis_base	2.25	500	0.544364321457286	Division and genome change	2	p_mis_base | Baseline missegregation probability	Baseline per-chromosome missegregation probability (p_mis_base)	1	2	Positive peak rho	1	1	0.65613411253645	0.65613411253645	4.175
p_mis_base	2.275	500	0.546406921627687	Division and genome change	2	p_mis_base | Baseline missegregation probability	Baseline per-chromosome missegregation probability (p_mis_base)	1	2	Positive peak rho	1	1	0.65613411253645	0.65613411253645	4.175
p_mis_base	2.3	500	0.55086306745227	Division and genome change	2	p_mis_base | Baseline missegregation probability	Baseline per-chromosome missegregation probability (p_mis_base)	1	2	Positive peak rho	1	1	0.65613411253645	0.65613411253645	4.175
p_mis_base	2.325	500	0.552224448897796	Division and genome change	2	p_mis_base | Baseline missegregation probability	Baseline per-chromosome missegregation probability (p_mis_base)	1	2	Positive peak rho	1	1	0.65613411253645	0.65613411253645	4.175
p_mis_base	2.35	500	0.553677990711963	Division and genome change	2	p_mis_base | Baseline missegregation probability	Baseline per-chromosome missegregation probability (p_mis_base)	1	2	Positive peak rho	1	1	0.65613411253645	0.65613411253645	4.175
p_mis_base	2.375	500	0.555376525506102	Division and genome change	2	p_mis_base | Baseline missegregation probability	Baseline per-chromosome missegregation probability (p_mis_base)	1	2	Positive peak rho	1	1	0.65613411253645	0.65613411253645	4.175
p_mis_base	2.4	500	0.563472141888568	Division and genome change	2	p_mis_base | Baseline missegregation probability	Baseline per-chromosome missegregation probability (p_mis_base)	1	2	Positive peak rho	1	1	0.65613411253645	0.65613411253645	4.175
p_mis_base	2.425	500	0.565811191244765	Division and genome change	2	p_mis_base | Baseline missegregation probability	Baseline per-chromosome missegregation probability (p_mis_base)	1	2	Positive peak rho	1	1	0.65613411253645	0.65613411253645	4.175
p_mis_base	2.45	500	0.567530750123001	Division and genome change	2	p_mis_base | Baseline missegregation probability	Baseline per-chromosome missegregation probability (p_mis_base)	1	2	Positive peak rho	1	1	0.65613411253645	0.65613411253645	4.175
p_mis_base	2.475	500	0.564522002088008	Division and genome change	2	p_mis_base | Baseline missegregation probability	Baseline per-chromosome missegregation probability (p_mis_base)	1	2	Positive peak rho	1	1	0.65613411253645	0.65613411253645	4.175
p_mis_base	2.5	500	0.566463321853287	Division and genome change	2	p_mis_base | Baseline missegregation probability	Baseline per-chromosome missegregation probability (p_mis_base)	1	2	Positive peak rho	1	1	0.65613411253645	0.65613411253645	4.175
p_mis_base	2.525	500	0.580975507902032	Division and genome change	2	p_mis_base | Baseline missegregation probability	Baseline per-chromosome missegregation probability (p_mis_base)	1	2	Positive peak rho	1	1	0.65613411253645	0.65613411253645	4.175
p_mis_base	2.55	500	0.582710234840939	Division and genome change	2	p_mis_base | Baseline missegregation probability	Baseline per-chromosome missegregation probability (p_mis_base)	1	2	Positive peak rho	1	1	0.65613411253645	0.65613411253645	4.175
p_mis_base	2.575	500	0.583928191712767	Division and genome change	2	p_mis_base | Baseline missegregation probability	Baseline per-chromosome missegregation probability (p_mis_base)	1	2	Positive peak rho	1	1	0.65613411253645	0.65613411253645	4.175
p_mis_base	2.6	500	0.585129156516626	Division and genome change	2	p_mis_base | Baseline missegregation probability	Baseline per-chromosome missegregation probability (p_mis_base)	1	2	Positive peak rho	1	1	0.65613411253645	0.65613411253645	4.175
p_mis_base	2.625	500	0.586642506570026	Division and genome change	2	p_mis_base | Baseline missegregation probability	Baseline per-chromosome missegregation probability (p_mis_base)	1	2	Positive peak rho	1	1	0.65613411253645	0.65613411253645	4.175
p_mis_base	2.65	500	0.588328273313093	Division and genome change	2	p_mis_base | Baseline missegregation probability	Baseline per-chromosome missegregation probability (p_mis_base)	1	2	Positive peak rho	1	1	0.65613411253645	0.65613411253645	4.175
p_mis_base	2.675	500	0.585414757659031	Division and genome change	2	p_mis_base | Baseline missegregation probability	Baseline per-chromosome missegregation probability (p_mis_base)	1	2	Positive peak rho	1	1	0.65613411253645	0.65613411253645	4.175
p_mis_base	2.7	500	0.587174636698547	Division and genome change	2	p_mis_base | Baseline missegregation probability	Baseline per-chromosome missegregation probability (p_mis_base)	1	2	Positive peak rho	1	1	0.65613411253645	0.65613411253645	4.175
p_mis_base	2.725	500	0.588400369601478	Division and genome change	2	p_mis_base | Baseline missegregation probability	Baseline per-chromosome missegregation probability (p_mis_base)	1	2	Positive peak rho	1	1	0.65613411253645	0.65613411253645	4.175
p_mis_base	2.75	500	0.589453493813975	Division and genome change	2	p_mis_base | Baseline missegregation probability	Baseline per-chromosome missegregation probability (p_mis_base)	1	2	Positive peak rho	1	1	0.65613411253645	0.65613411253645	4.175
p_mis_base	2.775	500	0.591203196812787	Division and genome change	2	p_mis_base | Baseline missegregation probability	Baseline per-chromosome missegregation probability (p_mis_base)	1	2	Positive peak rho	1	1	0.65613411253645	0.65613411253645	4.175
p_mis_base	2.8	500	0.593125316501266	Division and genome change	2	p_mis_base | Baseline missegregation probability	Baseline per-chromosome missegregation probability (p_mis_base)	1	2	Positive peak rho	1	1	0.65613411253645	0.65613411253645	4.175
p_mis_base	2.825	500	0.594632714530858	Division and genome change	2	p_mis_base | Baseline missegregation probability	Baseline per-chromosome missegregation probability (p_mis_base)	1	2	Positive peak rho	1	1	0.65613411253645	0.65613411253645	4.175
p_mis_base	2.85	500	0.600088416353665	Division and genome change	2	p_mis_base | Baseline missegregation probability	Baseline per-chromosome missegregation probability (p_mis_base)	1	2	Positive peak rho	1	1	0.65613411253645	0.65613411253645	4.175
p_mis_base	2.875	500	0.601468037872152	Division and genome change	2	p_mis_base | Baseline missegregation probability	Baseline per-chromosome missegregation probability (p_mis_base)	1	2	Positive peak rho	1	1	0.65613411253645	0.65613411253645	4.175
p_mis_base	2.9	500	0.602253897015588	Division and genome change	2	p_mis_base | Baseline missegregation probability	Baseline per-chromosome missegregation probability (p_mis_base)	1	2	Positive peak rho	1	1	0.65613411253645	0.65613411253645	4.175
p_mis_base	2.925	500	0.603550190200761	Division and genome change	2	p_mis_base | Baseline missegregation probability	Baseline per-chromosome missegregation probability (p_mis_base)	1	2	Positive peak rho	1	1	0.65613411253645	0.65613411253645	4.175
p_mis_base	2.95	500	0.608917283669135	Division and genome change	2	p_mis_base | Baseline missegregation probability	Baseline per-chromosome missegregation probability (p_mis_base)	1	2	Positive peak rho	1	1	0.65613411253645	0.65613411253645	4.175
p_mis_base	2.975	500	0.610059016236065	Division and genome change	2	p_mis_base | Baseline missegregation probability	Baseline per-chromosome missegregation probability (p_mis_base)	1	2	Positive peak rho	1	1	0.65613411253645	0.65613411253645	4.175
p_mis_base	3	500	0.61175553502214	Division and genome change	2	p_mis_base | Baseline missegregation probability	Baseline per-chromosome missegregation probability (p_mis_base)	1	2	Positive peak rho	1	1	0.65613411253645	0.65613411253645	4.175
p_mis_base	3.025	500	0.61423714494858	Division and genome change	2	p_mis_base | Baseline missegregation probability	Baseline per-chromosome missegregation probability (p_mis_base)	1	2	Positive peak rho	1	1	0.65613411253645	0.65613411253645	4.175
p_mis_base	3.05	500	0.617419557678231	Division and genome change	2	p_mis_base | Baseline missegregation probability	Baseline per-chromosome missegregation probability (p_mis_base)	1	2	Positive peak rho	1	1	0.65613411253645	0.65613411253645	4.175
p_mis_base	3.075	500	0.618340585362342	Division and genome change	2	p_mis_base | Baseline missegregation probability	Baseline per-chromosome missegregation probability (p_mis_base)	1	2	Positive peak rho	1	1	0.65613411253645	0.65613411253645	4.175
p_mis_base	3.1	500	0.619217452869811	Division and genome change	2	p_mis_base | Baseline missegregation probability	Baseline per-chromosome missegregation probability (p_mis_base)	1	2	Positive peak rho	1	1	0.65613411253645	0.65613411253645	4.175
p_mis_base	3.125	500	0.621755319021276	Division and genome change	2	p_mis_base | Baseline missegregation probability	Baseline per-chromosome missegregation probability (p_mis_base)	1	2	Positive peak rho	1	1	0.65613411253645	0.65613411253645	4.175
p_mis_base	3.15	500	0.622442585770343	Division and genome change	2	p_mis_base | Baseline missegregation probability	Baseline per-chromosome missegregation probability (p_mis_base)	1	2	Positive peak rho	1	1	0.65613411253645	0.65613411253645	4.175
p_mis_base	3.175	500	0.623402397609591	Division and genome change	2	p_mis_base | Baseline missegregation probability	Baseline per-chromosome missegregation probability (p_mis_base)	1	2	Positive peak rho	1	1	0.65613411253645	0.65613411253645	4.175
p_mis_base	3.2	500	0.62434665738663	Division and genome change	2	p_mis_base | Baseline missegregation probability	Baseline per-chromosome missegregation probability (p_mis_base)	1	2	Positive peak rho	1	1	0.65613411253645	0.65613411253645	4.175
p_mis_base	3.225	500	0.625816231264925	Division and genome change	2	p_mis_base | Baseline missegregation probability	Baseline per-chromosome missegregation probability (p_mis_base)	1	2	Positive peak rho	1	1	0.65613411253645	0.65613411253645	4.175
p_mis_base	3.25	500	0.627403213612855	Division and genome change	2	p_mis_base | Baseline missegregation probability	Baseline per-chromosome missegregation probability (p_mis_base)	1	2	Positive peak rho	1	1	0.65613411253645	0.65613411253645	4.175
p_mis_base	3.275	500	0.630807387229549	Division and genome change	2	p_mis_base | Baseline missegregation probability	Baseline per-chromosome missegregation probability (p_mis_base)	1	2	Positive peak rho	1	1	0.65613411253645	0.65613411253645	4.175
p_mis_base	3.3	500	0.631814047256189	Division and genome change	2	p_mis_base | Baseline missegregation probability	Baseline per-chromosome missegregation probability (p_mis_base)	1	2	Positive peak rho	1	1	0.65613411253645	0.65613411253645	4.175
p_mis_base	3.325	500	0.633844839379357	Division and genome change	2	p_mis_base | Baseline missegregation probability	Baseline per-chromosome missegregation probability (p_mis_base)	1	2	Positive peak rho	1	1	0.65613411253645	0.65613411253645	4.175
p_mis_base	3.35	500	0.634458089832359	Division and genome change	2	p_mis_base | Baseline missegregation probability	Baseline per-chromosome missegregation probability (p_mis_base)	1	2	Positive peak rho	1	1	0.65613411253645	0.65613411253645	4.175
p_mis_base	3.375	500	0.635131916527666	Division and genome change	2	p_mis_base | Baseline missegregation probability	Baseline per-chromosome missegregation probability (p_mis_base)	1	2	Positive peak rho	1	1	0.65613411253645	0.65613411253645	4.175
p_mis_base	3.4	500	0.637035028140113	Division and genome change	2	p_mis_base | Baseline missegregation probability	Baseline per-chromosome missegregation probability (p_mis_base)	1	2	Positive peak rho	1	1	0.65613411253645	0.65613411253645	4.175
p_mis_base	3.425	500	0.634214920859684	Division and genome change	2	p_mis_base | Baseline missegregation probability	Baseline per-chromosome missegregation probability (p_mis_base)	1	2	Positive peak rho	1	1	0.65613411253645	0.65613411253645	4.175
p_mis_base	3.45	500	0.634878091512366	Division and genome change	2	p_mis_base | Baseline missegregation probability	Baseline per-chromosome missegregation probability (p_mis_base)	1	2	Positive peak rho	1	1	0.65613411253645	0.65613411253645	4.175
p_mis_base	3.475	500	0.636087408349633	Division and genome change	2	p_mis_base | Baseline missegregation probability	Baseline per-chromosome missegregation probability (p_mis_base)	1	2	Positive peak rho	1	1	0.65613411253645	0.65613411253645	4.175
p_mis_base	3.5	500	0.63748238992956	Division and genome change	2	p_mis_base | Baseline missegregation probability	Baseline per-chromosome missegregation probability (p_mis_base)	1	2	Positive peak rho	1	1	0.65613411253645	0.65613411253645	4.175
p_mis_base	3.525	500	0.640495073980296	Division and genome change	2	p_mis_base | Baseline missegregation probability	Baseline per-chromosome missegregation probability (p_mis_base)	1	2	Positive peak rho	1	1	0.65613411253645	0.65613411253645	4.175
p_mis_base	3.55	500	0.640423745694983	Division and genome change	2	p_mis_base | Baseline missegregation probability	Baseline per-chromosome missegregation probability (p_mis_base)	1	2	Positive peak rho	1	1	0.65613411253645	0.65613411253645	4.175
p_mis_base	3.575	500	0.641241092964372	Division and genome change	2	p_mis_base | Baseline missegregation probability	Baseline per-chromosome missegregation probability (p_mis_base)	1	2	Positive peak rho	1	1	0.65613411253645	0.65613411253645	4.175
p_mis_base	3.6	500	0.642012744050976	Division and genome change	2	p_mis_base | Baseline missegregation probability	Baseline per-chromosome missegregation probability (p_mis_base)	1	2	Positive peak rho	1	1	0.65613411253645	0.65613411253645	4.175
p_mis_base	3.625	500	0.643069900279601	Division and genome change	2	p_mis_base | Baseline missegregation probability	Baseline per-chromosome missegregation probability (p_mis_base)	1	2	Positive peak rho	1	1	0.65613411253645	0.65613411253645	4.175
p_mis_base	3.65	500	0.643481645926584	Division and genome change	2	p_mis_base | Baseline missegregation probability	Baseline per-chromosome missegregation probability (p_mis_base)	1	2	Positive peak rho	1	1	0.65613411253645	0.65613411253645	4.175
p_mis_base	3.675	500	0.644061680246721	Division and genome change	2	p_mis_base | Baseline missegregation probability	Baseline per-chromosome missegregation probability (p_mis_base)	1	2	Positive peak rho	1	1	0.65613411253645	0.65613411253645	4.175
p_mis_base	3.7	500	0.645059892239569	Division and genome change	2	p_mis_base | Baseline missegregation probability	Baseline per-chromosome missegregation probability (p_mis_base)	1	2	Positive peak rho	1	1	0.65613411253645	0.65613411253645	4.175
p_mis_base	3.725	500	0.645080532322129	Division and genome change	2	p_mis_base | Baseline missegregation probability	Baseline per-chromosome missegregation probability (p_mis_base)	1	2	Positive peak rho	1	1	0.65613411253645	0.65613411253645	4.175
p_mis_base	3.75	500	0.645457237828951	Division and genome change	2	p_mis_base | Baseline missegregation probability	Baseline per-chromosome missegregation probability (p_mis_base)	1	2	Positive peak rho	1	1	0.65613411253645	0.65613411253645	4.175
p_mis_base	3.775	500	0.645989943959776	Division and genome change	2	p_mis_base | Baseline missegregation probability	Baseline per-chromosome missegregation probability (p_mis_base)	1	2	Positive peak rho	1	1	0.65613411253645	0.65613411253645	4.175
p_mis_base	3.8	500	0.646760347041388	Division and genome change	2	p_mis_base | Baseline missegregation probability	Baseline per-chromosome missegregation probability (p_mis_base)	1	2	Positive peak rho	1	1	0.65613411253645	0.65613411253645	4.175
p_mis_base	3.825	500	0.648244128976516	Division and genome change	2	p_mis_base | Baseline missegregation probability	Baseline per-chromosome missegregation probability (p_mis_base)	1	2	Positive peak rho	1	1	0.65613411253645	0.65613411253645	4.175
p_mis_base	3.85	500	0.649674150696603	Division and genome change	2	p_mis_base | Baseline missegregation probability	Baseline per-chromosome missegregation probability (p_mis_base)	1	2	Positive peak rho	1	1	0.65613411253645	0.65613411253645	4.175
p_mis_base	3.875	500	0.649695078780315	Division and genome change	2	p_mis_base | Baseline missegregation probability	Baseline per-chromosome missegregation probability (p_mis_base)	1	2	Positive peak rho	1	1	0.65613411253645	0.65613411253645	4.175
p_mis_base	3.9	500	0.650187368749475	Division and genome change	2	p_mis_base | Baseline missegregation probability	Baseline per-chromosome missegregation probability (p_mis_base)	1	2	Positive peak rho	1	1	0.65613411253645	0.65613411253645	4.175
p_mis_base	3.925	500	0.650860523442094	Division and genome change	2	p_mis_base | Baseline missegregation probability	Baseline per-chromosome missegregation probability (p_mis_base)	1	2	Positive peak rho	1	1	0.65613411253645	0.65613411253645	4.175
p_mis_base	3.95	500	0.651609710438842	Division and genome change	2	p_mis_base | Baseline missegregation probability	Baseline per-chromosome missegregation probability (p_mis_base)	1	2	Positive peak rho	1	1	0.65613411253645	0.65613411253645	4.175
p_mis_base	3.975	500	0.652151152604611	Division and genome change	2	p_mis_base | Baseline missegregation probability	Baseline per-chromosome missegregation probability (p_mis_base)	1	2	Positive peak rho	1	1	0.65613411253645	0.65613411253645	4.175
p_mis_base	4	500	0.652942579770319	Division and genome change	2	p_mis_base | Baseline missegregation probability	Baseline per-chromosome missegregation probability (p_mis_base)	1	2	Positive peak rho	1	1	0.65613411253645	0.65613411253645	4.175
p_mis_base	4.025	500	0.654144120576482	Division and genome change	2	p_mis_base | Baseline missegregation probability	Baseline per-chromosome missegregation probability (p_mis_base)	1	2	Positive peak rho	1	1	0.65613411253645	0.65613411253645	4.175
p_mis_base	4.05	500	0.654935355741423	Division and genome change	2	p_mis_base | Baseline missegregation probability	Baseline per-chromosome missegregation probability (p_mis_base)	1	2	Positive peak rho	1	1	0.65613411253645	0.65613411253645	4.175
p_mis_base	4.075	500	0.655037980151921	Division and genome change	2	p_mis_base | Baseline missegregation probability	Baseline per-chromosome missegregation probability (p_mis_base)	1	2	Positive peak rho	1	1	0.65613411253645	0.65613411253645	4.175
p_mis_base	4.1	500	0.655502622010488	Division and genome change	2	p_mis_base | Baseline missegregation probability	Baseline per-chromosome missegregation probability (p_mis_base)	1	2	Positive peak rho	1	1	0.65613411253645	0.65613411253645	4.175
p_mis_base	4.125	500	0.655642686570746	Division and genome change	2	p_mis_base | Baseline missegregation probability	Baseline per-chromosome missegregation probability (p_mis_base)	1	2	Positive peak rho	1	1	0.65613411253645	0.65613411253645	4.175
p_mis_base	4.15	500	0.655963135852543	Division and genome change	2	p_mis_base | Baseline missegregation probability	Baseline per-chromosome missegregation probability (p_mis_base)	1	2	Positive peak rho	1	1	0.65613411253645	0.65613411253645	4.175
p_mis_base	4.175	500	0.65613411253645	Division and genome change	2	p_mis_base | Baseline missegregation probability	Baseline per-chromosome missegregation probability (p_mis_base)	1	2	Positive peak rho	1	1	0.65613411253645	0.65613411253645	4.175
p_mis_base	4.2	500	0.655973023892096	Division and genome change	2	p_mis_base | Baseline missegregation probability	Baseline per-chromosome missegregation probability (p_mis_base)	1	2	Positive peak rho	1	1	0.65613411253645	0.65613411253645	4.175
p_mis_base	4.225	500	0.656014688058752	Division and genome change	2	p_mis_base | Baseline missegregation probability	Baseline per-chromosome missegregation probability (p_mis_base)	1	2	Positive peak rho	1	1	0.65613411253645	0.65613411253645	4.175
p_mis_base	4.25	500	0.656098784395138	Division and genome change	2	p_mis_base | Baseline missegregation probability	Baseline per-chromosome missegregation probability (p_mis_base)	1	2	Positive peak rho	1	1	0.65613411253645	0.65613411253645	4.175
p_mis_base	4.275	500	0.655928959715839	Division and genome change	2	p_mis_base | Baseline missegregation probability	Baseline per-chromosome missegregation probability (p_mis_base)	1	2	Positive peak rho	1	1	0.65613411253645	0.65613411253645	4.175
p_mis_base	4.3	500	0.65610867243469	Division and genome change	2	p_mis_base | Baseline missegregation probability	Baseline per-chromosome missegregation probability (p_mis_base)	1	2	Positive peak rho	1	1	0.65613411253645	0.65613411253645	4.175
p_mis_base	4.325	500	0.655804927219709	Division and genome change	2	p_mis_base | Baseline missegregation probability	Baseline per-chromosome missegregation probability (p_mis_base)	1	2	Positive peak rho	1	1	0.65613411253645	0.65613411253645	4.175
p_mis_base	4.35	500	0.655429469717879	Division and genome change	2	p_mis_base | Baseline missegregation probability	Baseline per-chromosome missegregation probability (p_mis_base)	1	2	Positive peak rho	1	1	0.65613411253645	0.65613411253645	4.175
p_mis_base	4.375	500	0.654994107976432	Division and genome change	2	p_mis_base | Baseline missegregation probability	Baseline per-chromosome missegregation probability (p_mis_base)	1	2	Positive peak rho	1	1	0.65613411253645	0.65613411253645	4.175
p_mis_base	4.4	500	0.654285817143269	Division and genome change	2	p_mis_base | Baseline missegregation probability	Baseline per-chromosome missegregation probability (p_mis_base)	1	2	Positive peak rho	1	1	0.65613411253645	0.65613411253645	4.175
p_mis_base	4.425	500	0.653422677690711	Division and genome change	2	p_mis_base | Baseline missegregation probability	Baseline per-chromosome missegregation probability (p_mis_base)	1	2	Positive peak rho	1	1	0.65613411253645	0.65613411253645	4.175
p_mis_base	4.45	500	0.652882579530318	Division and genome change	2	p_mis_base | Baseline missegregation probability	Baseline per-chromosome missegregation probability (p_mis_base)	1	2	Positive peak rho	1	1	0.65613411253645	0.65613411253645	4.175
p_mis_base	4.475	500	0.65199063996256	Division and genome change	2	p_mis_base | Baseline missegregation probability	Baseline per-chromosome missegregation probability (p_mis_base)	1	2	Positive peak rho	1	1	0.65613411253645	0.65613411253645	4.175
p_mis_base	4.5	500	0.651361741446966	Division and genome change	2	p_mis_base | Baseline missegregation probability	Baseline per-chromosome missegregation probability (p_mis_base)	1	2	Positive peak rho	1	1	0.65613411253645	0.65613411253645	4.175
p_mis_base	4.525	500	0.651058860235441	Division and genome change	2	p_mis_base | Baseline missegregation probability	Baseline per-chromosome missegregation probability (p_mis_base)	1	2	Positive peak rho	1	1	0.65613411253645	0.65613411253645	4.175
p_mis_base	4.55	500	0.649644390577562	Division and genome change	2	p_mis_base | Baseline missegregation probability	Baseline per-chromosome missegregation probability (p_mis_base)	1	2	Positive peak rho	1	1	0.65613411253645	0.65613411253645	4.175
p_mis_base	4.575	500	0.649317509270037	Division and genome change	2	p_mis_base | Baseline missegregation probability	Baseline per-chromosome missegregation probability (p_mis_base)	1	2	Positive peak rho	1	1	0.65613411253645	0.65613411253645	4.175
p_mis_base	4.6	500	0.648675650702603	Division and genome change	2	p_mis_base | Baseline missegregation probability	Baseline per-chromosome missegregation probability (p_mis_base)	1	2	Positive peak rho	1	1	0.65613411253645	0.65613411253645	4.175
p_mis_base	4.625	500	0.648130560522242	Division and genome change	2	p_mis_base | Baseline missegregation probability	Baseline per-chromosome missegregation probability (p_mis_base)	1	2	Positive peak rho	1	1	0.65613411253645	0.65613411253645	4.175
p_mis_base	4.65	500	0.647758463033852	Division and genome change	2	p_mis_base | Baseline missegregation probability	Baseline per-chromosome missegregation probability (p_mis_base)	1	2	Positive peak rho	1	1	0.65613411253645	0.65613411253645	4.175
p_mis_base	4.675	500	0.647835935343741	Division and genome change	2	p_mis_base | Baseline missegregation probability	Baseline per-chromosome missegregation probability (p_mis_base)	1	2	Positive peak rho	1	1	0.65613411253645	0.65613411253645	4.175
p_mis_base	4.7	500	0.647509918039672	Division and genome change	2	p_mis_base | Baseline missegregation probability	Baseline per-chromosome missegregation probability (p_mis_base)	1	2	Positive peak rho	1	1	0.65613411253645	0.65613411253645	4.175
p_mis_base	4.725	500	0.647365053460214	Division and genome change	2	p_mis_base | Baseline missegregation probability	Baseline per-chromosome missegregation probability (p_mis_base)	1	2	Positive peak rho	1	1	0.65613411253645	0.65613411253645	4.175
p_mis_base	4.75	500	0.647539390157561	Division and genome change	2	p_mis_base | Baseline missegregation probability	Baseline per-chromosome missegregation probability (p_mis_base)	1	2	Positive peak rho	1	1	0.65613411253645	0.65613411253645	4.175
p_mis_base	4.775	500	0.647304189216757	Division and genome change	2	p_mis_base | Baseline missegregation probability	Baseline per-chromosome missegregation probability (p_mis_base)	1	2	Positive peak rho	1	1	0.65613411253645	0.65613411253645	4.175
p_mis_base	4.8	500	0.646911163644655	Division and genome change	2	p_mis_base | Baseline missegregation probability	Baseline per-chromosome missegregation probability (p_mis_base)	1	2	Positive peak rho	1	1	0.65613411253645	0.65613411253645	4.175
p_mis_base	4.825	500	0.646912795651183	Division and genome change	2	p_mis_base | Baseline missegregation probability	Baseline per-chromosome missegregation probability (p_mis_base)	1	2	Positive peak rho	1	1	0.65613411253645	0.65613411253645	4.175
p_mis_base	4.85	500	0.647450589802359	Division and genome change	2	p_mis_base | Baseline missegregation probability	Baseline per-chromosome missegregation probability (p_mis_base)	1	2	Positive peak rho	1	1	0.65613411253645	0.65613411253645	4.175
p_mis_base	4.875	500	0.649052356209425	Division and genome change	2	p_mis_base | Baseline missegregation probability	Baseline per-chromosome missegregation probability (p_mis_base)	1	2	Positive peak rho	1	1	0.65613411253645	0.65613411253645	4.175
p_mis_base	4.9	500	0.648224160896644	Division and genome change	2	p_mis_base | Baseline missegregation probability	Baseline per-chromosome missegregation probability (p_mis_base)	1	2	Positive peak rho	1	1	0.65613411253645	0.65613411253645	4.175
p_mis_base	4.925	500	0.647829215316861	Division and genome change	2	p_mis_base | Baseline missegregation probability	Baseline per-chromosome missegregation probability (p_mis_base)	1	2	Positive peak rho	1	1	0.65613411253645	0.65613411253645	4.175
p_mis_base	4.95	500	0.647508286033144	Division and genome change	2	p_mis_base | Baseline missegregation probability	Baseline per-chromosome missegregation probability (p_mis_base)	1	2	Positive peak rho	1	1	0.65613411253645	0.65613411253645	4.175
p_mis_base	4.975	500	0.647397789591158	Division and genome change	2	p_mis_base | Baseline missegregation probability	Baseline per-chromosome missegregation probability (p_mis_base)	1	2	Positive peak rho	1	1	0.65613411253645	0.65613411253645	4.175
p_mis_base	5	500	0.647433405733623	Division and genome change	2	p_mis_base | Baseline missegregation probability	Baseline per-chromosome missegregation probability (p_mis_base)	1	2	Positive peak rho	1	1	0.65613411253645	0.65613411253645	4.175
lam_max	0	500	0.467205899343721	Division and genome change	1	lam_max | Maximum division rate	Maximum division rate (lam_max)	2	3	Positive peak rho	1	2	0.46994906480182	0.46994906480182	0.025
lam_max	0.025	500	0.46994906480182	Division and genome change	1	lam_max | Maximum division rate	Maximum division rate (lam_max)	2	3	Positive peak rho	1	2	0.46994906480182	0.46994906480182	0.025
lam_max	0.05	500	0.455585955858215	Division and genome change	1	lam_max | Maximum division rate	Maximum division rate (lam_max)	2	3	Positive peak rho	1	2	0.46994906480182	0.46994906480182	0.025
lam_max	0.075	500	0.433152890773311	Division and genome change	1	lam_max | Maximum division rate	Maximum division rate (lam_max)	2	3	Positive peak rho	1	2	0.46994906480182	0.46994906480182	0.025
lam_max	0.1	500	0.411803695510885	Division and genome change	1	lam_max | Maximum division rate	Maximum division rate (lam_max)	2	3	Positive peak rho	1	2	0.46994906480182	0.46994906480182	0.025
lam_max	0.125	500	0.387983605206139	Division and genome change	1	lam_max | Maximum division rate	Maximum division rate (lam_max)	2	3	Positive peak rho	1	2	0.46994906480182	0.46994906480182	0.025
lam_max	0.15	500	0.349953141843281	Division and genome change	1	lam_max | Maximum division rate	Maximum division rate (lam_max)	2	3	Positive peak rho	1	2	0.46994906480182	0.46994906480182	0.025
lam_max	0.175	500	0.3326261845966	Division and genome change	1	lam_max | Maximum division rate	Maximum division rate (lam_max)	2	3	Positive peak rho	1	2	0.46994906480182	0.46994906480182	0.025
lam_max	0.2	500	0.307700991044538	Division and genome change	1	lam_max | Maximum division rate	Maximum division rate (lam_max)	2	3	Positive peak rho	1	2	0.46994906480182	0.46994906480182	0.025
lam_max	0.225	500	0.295537664914282	Division and genome change	1	lam_max | Maximum division rate	Maximum division rate (lam_max)	2	3	Positive peak rho	1	2	0.46994906480182	0.46994906480182	0.025
lam_max	0.25	500	0.276523519032987	Division and genome change	1	lam_max | Maximum division rate	Maximum division rate (lam_max)	2	3	Positive peak rho	1	2	0.46994906480182	0.46994906480182	0.025
lam_max	0.275	500	0.255100296330325	Division and genome change	1	lam_max | Maximum division rate	Maximum division rate (lam_max)	2	3	Positive peak rho	1	2	0.46994906480182	0.46994906480182	0.025
lam_max	0.3	500	0.239445616063088	Division and genome change	1	lam_max | Maximum division rate	Maximum division rate (lam_max)	2	3	Positive peak rho	1	2	0.46994906480182	0.46994906480182	0.025
lam_max	0.325	500	0.220332493467371	Division and genome change	1	lam_max | Maximum division rate	Maximum division rate (lam_max)	2	3	Positive peak rho	1	2	0.46994906480182	0.46994906480182	0.025
lam_max	0.35	500	0.206018752236518	Division and genome change	1	lam_max | Maximum division rate	Maximum division rate (lam_max)	2	3	Positive peak rho	1	2	0.46994906480182	0.46994906480182	0.025
lam_max	0.375	500	0.199200409973926	Division and genome change	1	lam_max | Maximum division rate	Maximum division rate (lam_max)	2	3	Positive peak rho	1	2	0.46994906480182	0.46994906480182	0.025
lam_max	0.4	500	0.207180413606361	Division and genome change	1	lam_max | Maximum division rate	Maximum division rate (lam_max)	2	3	Positive peak rho	1	2	0.46994906480182	0.46994906480182	0.025
lam_max	0.425	500	0.203792089837634	Division and genome change	1	lam_max | Maximum division rate	Maximum division rate (lam_max)	2	3	Positive peak rho	1	2	0.46994906480182	0.46994906480182	0.025
lam_max	0.45	500	0.192251096086303	Division and genome change	1	lam_max | Maximum division rate	Maximum division rate (lam_max)	2	3	Positive peak rho	1	2	0.46994906480182	0.46994906480182	0.025
lam_max	0.475	500	0.181953029812609	Division and genome change	1	lam_max | Maximum division rate	Maximum division rate (lam_max)	2	3	Positive peak rho	1	2	0.46994906480182	0.46994906480182	0.025
lam_max	0.5	500	0.170301622252114	Division and genome change	1	lam_max | Maximum division rate	Maximum division rate (lam_max)	2	3	Positive peak rho	1	2	0.46994906480182	0.46994906480182	0.025
lam_max	0.525	500	0.164656040649622	Division and genome change	1	lam_max | Maximum division rate	Maximum division rate (lam_max)	2	3	Positive peak rho	1	2	0.46994906480182	0.46994906480182	0.025
lam_max	0.55	500	0.163750000760174	Division and genome change	1	lam_max | Maximum division rate	Maximum division rate (lam_max)	2	3	Positive peak rho	1	2	0.46994906480182	0.46994906480182	0.025
lam_max	0.575	500	0.157017219548128	Division and genome change	1	lam_max | Maximum division rate	Maximum division rate (lam_max)	2	3	Positive peak rho	1	2	0.46994906480182	0.46994906480182	0.025
lam_max	0.6	500	0.157400048546423	Division and genome change	1	lam_max | Maximum division rate	Maximum division rate (lam_max)	2	3	Positive peak rho	1	2	0.46994906480182	0.46994906480182	0.025
lam_max	0.625	500	0.167596387412023	Division and genome change	1	lam_max | Maximum division rate	Maximum division rate (lam_max)	2	3	Positive peak rho	1	2	0.46994906480182	0.46994906480182	0.025
lam_max	0.65	500	0.164233978073158	Division and genome change	1	lam_max | Maximum division rate	Maximum division rate (lam_max)	2	3	Positive peak rho	1	2	0.46994906480182	0.46994906480182	0.025
lam_max	0.675	500	0.163071882383261	Division and genome change	1	lam_max | Maximum division rate	Maximum division rate (lam_max)	2	3	Positive peak rho	1	2	0.46994906480182	0.46994906480182	0.025
lam_max	0.7	500	0.155256920371168	Division and genome change	1	lam_max | Maximum division rate	Maximum division rate (lam_max)	2	3	Positive peak rho	1	2	0.46994906480182	0.46994906480182	0.025
lam_max	0.725	500	0.158639308432497	Division and genome change	1	lam_max | Maximum division rate	Maximum division rate (lam_max)	2	3	Positive peak rho	1	2	0.46994906480182	0.46994906480182	0.025
lam_max	0.75	500	0.180118799710982	Division and genome change	1	lam_max | Maximum division rate	Maximum division rate (lam_max)	2	3	Positive peak rho	1	2	0.46994906480182	0.46994906480182	0.025
lam_max	0.775	500	0.182980631059262	Division and genome change	1	lam_max | Maximum division rate	Maximum division rate (lam_max)	2	3	Positive peak rho	1	2	0.46994906480182	0.46994906480182	0.025
lam_max	0.8	500	0.177801123131992	Division and genome change	1	lam_max | Maximum division rate	Maximum division rate (lam_max)	2	3	Positive peak rho	1	2	0.46994906480182	0.46994906480182	0.025
lam_max	0.825	500	0.187455913148624	Division and genome change	1	lam_max | Maximum division rate	Maximum division rate (lam_max)	2	3	Positive peak rho	1	2	0.46994906480182	0.46994906480182	0.025
lam_max	0.85	500	0.191753558336092	Division and genome change	1	lam_max | Maximum division rate	Maximum division rate (lam_max)	2	3	Positive peak rho	1	2	0.46994906480182	0.46994906480182	0.025
lam_max	0.875	500	0.187922565917251	Division and genome change	1	lam_max | Maximum division rate	Maximum division rate (lam_max)	2	3	Positive peak rho	1	2	0.46994906480182	0.46994906480182	0.025
lam_max	0.9	500	0.179208850941052	Division and genome change	1	lam_max | Maximum division rate	Maximum division rate (lam_max)	2	3	Positive peak rho	1	2	0.46994906480182	0.46994906480182	0.025
lam_max	0.925	500	0.180637908690519	Division and genome change	1	lam_max | Maximum division rate	Maximum division rate (lam_max)	2	3	Positive peak rho	1	2	0.46994906480182	0.46994906480182	0.025
lam_max	0.95	500	0.188317652392612	Division and genome change	1	lam_max | Maximum division rate	Maximum division rate (lam_max)	2	3	Positive peak rho	1	2	0.46994906480182	0.46994906480182	0.025
lam_max	0.975	500	0.186292562756351	Division and genome change	1	lam_max | Maximum division rate	Maximum division rate (lam_max)	2	3	Positive peak rho	1	2	0.46994906480182	0.46994906480182	0.025
lam_max	1	500	0.182016971376045	Division and genome change	1	lam_max | Maximum division rate	Maximum division rate (lam_max)	2	3	Positive peak rho	1	2	0.46994906480182	0.46994906480182	0.025
lam_max	1.025	500	0.184446799044414	Division and genome change	1	lam_max | Maximum division rate	Maximum division rate (lam_max)	2	3	Positive peak rho	1	2	0.46994906480182	0.46994906480182	0.025
lam_max	1.05	500	0.181370847909743	Division and genome change	1	lam_max | Maximum division rate	Maximum division rate (lam_max)	2	3	Positive peak rho	1	2	0.46994906480182	0.46994906480182	0.025
lam_max	1.075	500	0.195718417846988	Division and genome change	1	lam_max | Maximum division rate	Maximum division rate (lam_max)	2	3	Positive peak rho	1	2	0.46994906480182	0.46994906480182	0.025
lam_max	1.1	500	0.207697640532332	Division and genome change	1	lam_max | Maximum division rate	Maximum division rate (lam_max)	2	3	Positive peak rho	1	2	0.46994906480182	0.46994906480182	0.025
lam_max	1.125	500	0.212067382848686	Division and genome change	1	lam_max | Maximum division rate	Maximum division rate (lam_max)	2	3	Positive peak rho	1	2	0.46994906480182	0.46994906480182	0.025
lam_max	1.15	500	0.192714805130123	Division and genome change	1	lam_max | Maximum division rate	Maximum division rate (lam_max)	2	3	Positive peak rho	1	2	0.46994906480182	0.46994906480182	0.025
lam_max	1.175	500	0.197828923760444	Division and genome change	1	lam_max | Maximum division rate	Maximum division rate (lam_max)	2	3	Positive peak rho	1	2	0.46994906480182	0.46994906480182	0.025
lam_max	1.2	500	0.213370391267061	Division and genome change	1	lam_max | Maximum division rate	Maximum division rate (lam_max)	2	3	Positive peak rho	1	2	0.46994906480182	0.46994906480182	0.025
lam_max	1.225	500	0.221608718815779	Division and genome change	1	lam_max | Maximum division rate	Maximum division rate (lam_max)	2	3	Positive peak rho	1	2	0.46994906480182	0.46994906480182	0.025
lam_max	1.25	500	0.228217139719164	Division and genome change	1	lam_max | Maximum division rate	Maximum division rate (lam_max)	2	3	Positive peak rho	1	2	0.46994906480182	0.46994906480182	0.025
lam_max	1.275	500	0.227768487103867	Division and genome change	1	lam_max | Maximum division rate	Maximum division rate (lam_max)	2	3	Positive peak rho	1	2	0.46994906480182	0.46994906480182	0.025
lam_max	1.3	500	0.240650178602663	Division and genome change	1	lam_max | Maximum division rate	Maximum division rate (lam_max)	2	3	Positive peak rho	1	2	0.46994906480182	0.46994906480182	0.025
lam_max	1.325	500	0.24693001225666	Division and genome change	1	lam_max | Maximum division rate	Maximum division rate (lam_max)	2	3	Positive peak rho	1	2	0.46994906480182	0.46994906480182	0.025
lam_max	1.35	500	0.261672475638132	Division and genome change	1	lam_max | Maximum division rate	Maximum division rate (lam_max)	2	3	Positive peak rho	1	2	0.46994906480182	0.46994906480182	0.025
lam_max	1.375	500	0.263740080381856	Division and genome change	1	lam_max | Maximum division rate	Maximum division rate (lam_max)	2	3	Positive peak rho	1	2	0.46994906480182	0.46994906480182	0.025
lam_max	1.4	500	0.268662470837436	Division and genome change	1	lam_max | Maximum division rate	Maximum division rate (lam_max)	2	3	Positive peak rho	1	2	0.46994906480182	0.46994906480182	0.025
lam_max	1.425	500	0.268574882959974	Division and genome change	1	lam_max | Maximum division rate	Maximum division rate (lam_max)	2	3	Positive peak rho	1	2	0.46994906480182	0.46994906480182	0.025
lam_max	1.45	500	0.262930942122129	Division and genome change	1	lam_max | Maximum division rate	Maximum division rate (lam_max)	2	3	Positive peak rho	1	2	0.46994906480182	0.46994906480182	0.025
lam_max	1.475	500	0.264510853703521	Division and genome change	1	lam_max | Maximum division rate	Maximum division rate (lam_max)	2	3	Positive peak rho	1	2	0.46994906480182	0.46994906480182	0.025
lam_max	1.5	500	0.271019332736811	Division and genome change	1	lam_max | Maximum division rate	Maximum division rate (lam_max)	2	3	Positive peak rho	1	2	0.46994906480182	0.46994906480182	0.025
lam_max	1.525	500	0.272463639945935	Division and genome change	1	lam_max | Maximum division rate	Maximum division rate (lam_max)	2	3	Positive peak rho	1	2	0.46994906480182	0.46994906480182	0.025
lam_max	1.55	500	0.280998511575646	Division and genome change	1	lam_max | Maximum division rate	Maximum division rate (lam_max)	2	3	Positive peak rho	1	2	0.46994906480182	0.46994906480182	0.025
lam_max	1.575	500	0.281300943106255	Division and genome change	1	lam_max | Maximum division rate	Maximum division rate (lam_max)	2	3	Positive peak rho	1	2	0.46994906480182	0.46994906480182	0.025
lam_max	1.6	500	0.279721610618266	Division and genome change	1	lam_max | Maximum division rate	Maximum division rate (lam_max)	2	3	Positive peak rho	1	2	0.46994906480182	0.46994906480182	0.025
lam_max	1.625	500	0.280942532546524	Division and genome change	1	lam_max | Maximum division rate	Maximum division rate (lam_max)	2	3	Positive peak rho	1	2	0.46994906480182	0.46994906480182	0.025
lam_max	1.65	500	0.28245266337265	Division and genome change	1	lam_max | Maximum division rate	Maximum division rate (lam_max)	2	3	Positive peak rho	1	2	0.46994906480182	0.46994906480182	0.025
lam_max	1.675	500	0.281405517723588	Division and genome change	1	lam_max | Maximum division rate	Maximum division rate (lam_max)	2	3	Positive peak rho	1	2	0.46994906480182	0.46994906480182	0.025
lam_max	1.7	500	0.286788239178126	Division and genome change	1	lam_max | Maximum division rate	Maximum division rate (lam_max)	2	3	Positive peak rho	1	2	0.46994906480182	0.46994906480182	0.025
lam_max	1.725	500	0.287506073711045	Division and genome change	1	lam_max | Maximum division rate	Maximum division rate (lam_max)	2	3	Positive peak rho	1	2	0.46994906480182	0.46994906480182	0.025
lam_max	1.75	500	0.272838940729969	Division and genome change	1	lam_max | Maximum division rate	Maximum division rate (lam_max)	2	3	Positive peak rho	1	2	0.46994906480182	0.46994906480182	0.025
lam_max	1.775	500	0.270566336920978	Division and genome change	1	lam_max | Maximum division rate	Maximum division rate (lam_max)	2	3	Positive peak rho	1	2	0.46994906480182	0.46994906480182	0.025
lam_max	1.8	500	0.270601806392017	Division and genome change	1	lam_max | Maximum division rate	Maximum division rate (lam_max)	2	3	Positive peak rho	1	2	0.46994906480182	0.46994906480182	0.025
lam_max	1.825	500	0.270513880710069	Division and genome change	1	lam_max | Maximum division rate	Maximum division rate (lam_max)	2	3	Positive peak rho	1	2	0.46994906480182	0.46994906480182	0.025
lam_max	1.85	500	0.265964957242741	Division and genome change	1	lam_max | Maximum division rate	Maximum division rate (lam_max)	2	3	Positive peak rho	1	2	0.46994906480182	0.46994906480182	0.025
lam_max	1.875	500	0.267919638772547	Division and genome change	1	lam_max | Maximum division rate	Maximum division rate (lam_max)	2	3	Positive peak rho	1	2	0.46994906480182	0.46994906480182	0.025
lam_max	1.9	500	0.257723492938082	Division and genome change	1	lam_max | Maximum division rate	Maximum division rate (lam_max)	2	3	Positive peak rho	1	2	0.46994906480182	0.46994906480182	0.025
lam_max	1.925	500	0.257862813159697	Division and genome change	1	lam_max | Maximum division rate	Maximum division rate (lam_max)	2	3	Positive peak rho	1	2	0.46994906480182	0.46994906480182	0.025
lam_max	1.95	500	0.257647342155363	Division and genome change	1	lam_max | Maximum division rate	Maximum division rate (lam_max)	2	3	Positive peak rho	1	2	0.46994906480182	0.46994906480182	0.025
lam_max	1.975	500	0.255076891305218	Division and genome change	1	lam_max | Maximum division rate	Maximum division rate (lam_max)	2	3	Positive peak rho	1	2	0.46994906480182	0.46994906480182	0.025
lam_max	2	500	0.254867356008281	Division and genome change	1	lam_max | Maximum division rate	Maximum division rate (lam_max)	2	3	Positive peak rho	1	2	0.46994906480182	0.46994906480182	0.025
lam_max	2.025	500	0.252544129784163	Division and genome change	1	lam_max | Maximum division rate	Maximum division rate (lam_max)	2	3	Positive peak rho	1	2	0.46994906480182	0.46994906480182	0.025
lam_max	2.05	500	0.252121150309808	Division and genome change	1	lam_max | Maximum division rate	Maximum division rate (lam_max)	2	3	Positive peak rho	1	2	0.46994906480182	0.46994906480182	0.025
lam_max	2.075	500	0.250669363144207	Division and genome change	1	lam_max | Maximum division rate	Maximum division rate (lam_max)	2	3	Positive peak rho	1	2	0.46994906480182	0.46994906480182	0.025
lam_max	2.1	500	0.245830072592202	Division and genome change	1	lam_max | Maximum division rate	Maximum division rate (lam_max)	2	3	Positive peak rho	1	2	0.46994906480182	0.46994906480182	0.025
lam_max	2.125	500	0.249667579811847	Division and genome change	1	lam_max | Maximum division rate	Maximum division rate (lam_max)	2	3	Positive peak rho	1	2	0.46994906480182	0.46994906480182	0.025
lam_max	2.15	500	0.249266943691357	Division and genome change	1	lam_max | Maximum division rate	Maximum division rate (lam_max)	2	3	Positive peak rho	1	2	0.46994906480182	0.46994906480182	0.025
lam_max	2.175	500	0.249263179584226	Division and genome change	1	lam_max | Maximum division rate	Maximum division rate (lam_max)	2	3	Positive peak rho	1	2	0.46994906480182	0.46994906480182	0.025
lam_max	2.2	500	0.247785622762115	Division and genome change	1	lam_max | Maximum division rate	Maximum division rate (lam_max)	2	3	Positive peak rho	1	2	0.46994906480182	0.46994906480182	0.025
lam_max	2.225	500	0.246359460479672	Division and genome change	1	lam_max | Maximum division rate	Maximum division rate (lam_max)	2	3	Positive peak rho	1	2	0.46994906480182	0.46994906480182	0.025
lam_max	2.25	500	0.245251413507549	Division and genome change	1	lam_max | Maximum division rate	Maximum division rate (lam_max)	2	3	Positive peak rho	1	2	0.46994906480182	0.46994906480182	0.025
lam_max	2.275	500	0.243952941320844	Division and genome change	1	lam_max | Maximum division rate	Maximum division rate (lam_max)	2	3	Positive peak rho	1	2	0.46994906480182	0.46994906480182	0.025
lam_max	2.3	500	0.239480216894019	Division and genome change	1	lam_max | Maximum division rate	Maximum division rate (lam_max)	2	3	Positive peak rho	1	2	0.46994906480182	0.46994906480182	0.025
lam_max	2.325	500	0.238507581263029	Division and genome change	1	lam_max | Maximum division rate	Maximum division rate (lam_max)	2	3	Positive peak rho	1	2	0.46994906480182	0.46994906480182	0.025
lam_max	2.35	500	0.231874452374377	Division and genome change	1	lam_max | Maximum division rate	Maximum division rate (lam_max)	2	3	Positive peak rho	1	2	0.46994906480182	0.46994906480182	0.025
lam_max	2.375	500	0.230340385687523	Division and genome change	1	lam_max | Maximum division rate	Maximum division rate (lam_max)	2	3	Positive peak rho	1	2	0.46994906480182	0.46994906480182	0.025
lam_max	2.4	500	0.226476529717965	Division and genome change	1	lam_max | Maximum division rate	Maximum division rate (lam_max)	2	3	Positive peak rho	1	2	0.46994906480182	0.46994906480182	0.025
lam_max	2.425	500	0.224470260617356	Division and genome change	1	lam_max | Maximum division rate	Maximum division rate (lam_max)	2	3	Positive peak rho	1	2	0.46994906480182	0.46994906480182	0.025
lam_max	2.45	500	0.220206009816226	Division and genome change	1	lam_max | Maximum division rate	Maximum division rate (lam_max)	2	3	Positive peak rho	1	2	0.46994906480182	0.46994906480182	0.025
lam_max	2.475	500	0.214170891383501	Division and genome change	1	lam_max | Maximum division rate	Maximum division rate (lam_max)	2	3	Positive peak rho	1	2	0.46994906480182	0.46994906480182	0.025
lam_max	2.5	500	0.209655217529161	Division and genome change	1	lam_max | Maximum division rate	Maximum division rate (lam_max)	2	3	Positive peak rho	1	2	0.46994906480182	0.46994906480182	0.025
lam_max	2.525	500	0.196411930456909	Division and genome change	1	lam_max | Maximum division rate	Maximum division rate (lam_max)	2	3	Positive peak rho	1	2	0.46994906480182	0.46994906480182	0.025
lam_max	2.55	500	0.194828737346223	Division and genome change	1	lam_max | Maximum division rate	Maximum division rate (lam_max)	2	3	Positive peak rho	1	2	0.46994906480182	0.46994906480182	0.025
lam_max	2.575	500	0.192283332285832	Division and genome change	1	lam_max | Maximum division rate	Maximum division rate (lam_max)	2	3	Positive peak rho	1	2	0.46994906480182	0.46994906480182	0.025
lam_max	2.6	500	0.191164620343505	Division and genome change	1	lam_max | Maximum division rate	Maximum division rate (lam_max)	2	3	Positive peak rho	1	2	0.46994906480182	0.46994906480182	0.025
lam_max	2.625	500	0.190142134421927	Division and genome change	1	lam_max | Maximum division rate	Maximum division rate (lam_max)	2	3	Positive peak rho	1	2	0.46994906480182	0.46994906480182	0.025
lam_max	2.65	500	0.189220410752767	Division and genome change	1	lam_max | Maximum division rate	Maximum division rate (lam_max)	2	3	Positive peak rho	1	2	0.46994906480182	0.46994906480182	0.025
lam_max	2.675	500	0.178721736872126	Division and genome change	1	lam_max | Maximum division rate	Maximum division rate (lam_max)	2	3	Positive peak rho	1	2	0.46994906480182	0.46994906480182	0.025
lam_max	2.7	500	0.17807025679183	Division and genome change	1	lam_max | Maximum division rate	Maximum division rate (lam_max)	2	3	Positive peak rho	1	2	0.46994906480182	0.46994906480182	0.025
lam_max	2.725	500	0.177018237106612	Division and genome change	1	lam_max | Maximum division rate	Maximum division rate (lam_max)	2	3	Positive peak rho	1	2	0.46994906480182	0.46994906480182	0.025
lam_max	2.75	500	0.174932728725126	Division and genome change	1	lam_max | Maximum division rate	Maximum division rate (lam_max)	2	3	Positive peak rho	1	2	0.46994906480182	0.46994906480182	0.025
lam_max	2.775	500	0.173608824686397	Division and genome change	1	lam_max | Maximum division rate	Maximum division rate (lam_max)	2	3	Positive peak rho	1	2	0.46994906480182	0.46994906480182	0.025
lam_max	2.8	500	0.172551158840483	Division and genome change	1	lam_max | Maximum division rate	Maximum division rate (lam_max)	2	3	Positive peak rho	1	2	0.46994906480182	0.46994906480182	0.025
lam_max	2.825	500	0.171126251260417	Division and genome change	1	lam_max | Maximum division rate	Maximum division rate (lam_max)	2	3	Positive peak rho	1	2	0.46994906480182	0.46994906480182	0.025
lam_max	2.85	500	0.164266552077173	Division and genome change	1	lam_max | Maximum division rate	Maximum division rate (lam_max)	2	3	Positive peak rho	1	2	0.46994906480182	0.46994906480182	0.025
lam_max	2.875	500	0.162387442236681	Division and genome change	1	lam_max | Maximum division rate	Maximum division rate (lam_max)	2	3	Positive peak rho	1	2	0.46994906480182	0.46994906480182	0.025
lam_max	2.9	500	0.160500707666361	Division and genome change	1	lam_max | Maximum division rate	Maximum division rate (lam_max)	2	3	Positive peak rho	1	2	0.46994906480182	0.46994906480182	0.025
lam_max	2.925	500	0.159398885948338	Division and genome change	1	lam_max | Maximum division rate	Maximum division rate (lam_max)	2	3	Positive peak rho	1	2	0.46994906480182	0.46994906480182	0.025
lam_max	2.95	500	0.156231341540156	Division and genome change	1	lam_max | Maximum division rate	Maximum division rate (lam_max)	2	3	Positive peak rho	1	2	0.46994906480182	0.46994906480182	0.025
lam_max	2.975	500	0.154897592913548	Division and genome change	1	lam_max | Maximum division rate	Maximum division rate (lam_max)	2	3	Positive peak rho	1	2	0.46994906480182	0.46994906480182	0.025
lam_max	3	500	0.153564954215965	Division and genome change	1	lam_max | Maximum division rate	Maximum division rate (lam_max)	2	3	Positive peak rho	1	2	0.46994906480182	0.46994906480182	0.025
lam_max	3.025	500	0.152494837861849	Division and genome change	1	lam_max | Maximum division rate	Maximum division rate (lam_max)	2	3	Positive peak rho	1	2	0.46994906480182	0.46994906480182	0.025
lam_max	3.05	500	0.151242837920872	Division and genome change	1	lam_max | Maximum division rate	Maximum division rate (lam_max)	2	3	Positive peak rho	1	2	0.46994906480182	0.46994906480182	0.025
lam_max	3.075	500	0.149246220377009	Division and genome change	1	lam_max | Maximum division rate	Maximum division rate (lam_max)	2	3	Positive peak rho	1	2	0.46994906480182	0.46994906480182	0.025
lam_max	3.1	500	0.147214326393242	Division and genome change	1	lam_max | Maximum division rate	Maximum division rate (lam_max)	2	3	Positive peak rho	1	2	0.46994906480182	0.46994906480182	0.025
lam_max	3.125	500	0.142282380896484	Division and genome change	1	lam_max | Maximum division rate	Maximum division rate (lam_max)	2	3	Positive peak rho	1	2	0.46994906480182	0.46994906480182	0.025
lam_max	3.15	500	0.139792472287378	Division and genome change	1	lam_max | Maximum division rate	Maximum division rate (lam_max)	2	3	Positive peak rho	1	2	0.46994906480182	0.46994906480182	0.025
lam_max	3.175	500	0.136680086525994	Division and genome change	1	lam_max | Maximum division rate	Maximum division rate (lam_max)	2	3	Positive peak rho	1	2	0.46994906480182	0.46994906480182	0.025
lam_max	3.2	500	0.135477261266634	Division and genome change	1	lam_max | Maximum division rate	Maximum division rate (lam_max)	2	3	Positive peak rho	1	2	0.46994906480182	0.46994906480182	0.025
lam_max	3.225	500	0.134531119158909	Division and genome change	1	lam_max | Maximum division rate	Maximum division rate (lam_max)	2	3	Positive peak rho	1	2	0.46994906480182	0.46994906480182	0.025
lam_max	3.25	500	0.133777670381601	Division and genome change	1	lam_max | Maximum division rate	Maximum division rate (lam_max)	2	3	Positive peak rho	1	2	0.46994906480182	0.46994906480182	0.025
lam_max	3.275	500	0.129533543076285	Division and genome change	1	lam_max | Maximum division rate	Maximum division rate (lam_max)	2	3	Positive peak rho	1	2	0.46994906480182	0.46994906480182	0.025
lam_max	3.3	500	0.128534076117544	Division and genome change	1	lam_max | Maximum division rate	Maximum division rate (lam_max)	2	3	Positive peak rho	1	2	0.46994906480182	0.46994906480182	0.025
lam_max	3.325	500	0.131689845626497	Division and genome change	1	lam_max | Maximum division rate	Maximum division rate (lam_max)	2	3	Positive peak rho	1	2	0.46994906480182	0.46994906480182	0.025
lam_max	3.35	500	0.130566114874662	Division and genome change	1	lam_max | Maximum division rate	Maximum division rate (lam_max)	2	3	Positive peak rho	1	2	0.46994906480182	0.46994906480182	0.025
lam_max	3.375	500	0.129710890431477	Division and genome change	1	lam_max | Maximum division rate	Maximum division rate (lam_max)	2	3	Positive peak rho	1	2	0.46994906480182	0.46994906480182	0.025
lam_max	3.4	500	0.130093478140853	Division and genome change	1	lam_max | Maximum division rate	Maximum division rate (lam_max)	2	3	Positive peak rho	1	2	0.46994906480182	0.46994906480182	0.025
lam_max	3.425	500	0.1320100842793	Division and genome change	1	lam_max | Maximum division rate	Maximum division rate (lam_max)	2	3	Positive peak rho	1	2	0.46994906480182	0.46994906480182	0.025
lam_max	3.45	500	0.132297748928088	Division and genome change	1	lam_max | Maximum division rate	Maximum division rate (lam_max)	2	3	Positive peak rho	1	2	0.46994906480182	0.46994906480182	0.025
lam_max	3.475	500	0.13185710710489	Division and genome change	1	lam_max | Maximum division rate	Maximum division rate (lam_max)	2	3	Positive peak rho	1	2	0.46994906480182	0.46994906480182	0.025
lam_max	3.5	500	0.131837514444697	Division and genome change	1	lam_max | Maximum division rate	Maximum division rate (lam_max)	2	3	Positive peak rho	1	2	0.46994906480182	0.46994906480182	0.025
lam_max	3.525	500	0.135545642546173	Division and genome change	1	lam_max | Maximum division rate	Maximum division rate (lam_max)	2	3	Positive peak rho	1	2	0.46994906480182	0.46994906480182	0.025
lam_max	3.55	500	0.137598673439211	Division and genome change	1	lam_max | Maximum division rate	Maximum division rate (lam_max)	2	3	Positive peak rho	1	2	0.46994906480182	0.46994906480182	0.025
lam_max	3.575	500	0.136810479057621	Division and genome change	1	lam_max | Maximum division rate	Maximum division rate (lam_max)	2	3	Positive peak rho	1	2	0.46994906480182	0.46994906480182	0.025
lam_max	3.6	500	0.135572859936194	Division and genome change	1	lam_max | Maximum division rate	Maximum division rate (lam_max)	2	3	Positive peak rho	1	2	0.46994906480182	0.46994906480182	0.025
lam_max	3.625	500	0.134696353810386	Division and genome change	1	lam_max | Maximum division rate	Maximum division rate (lam_max)	2	3	Positive peak rho	1	2	0.46994906480182	0.46994906480182	0.025
lam_max	3.65	500	0.133489040577138	Division and genome change	1	lam_max | Maximum division rate	Maximum division rate (lam_max)	2	3	Positive peak rho	1	2	0.46994906480182	0.46994906480182	0.025
lam_max	3.675	500	0.132403481732231	Division and genome change	1	lam_max | Maximum division rate	Maximum division rate (lam_max)	2	3	Positive peak rho	1	2	0.46994906480182	0.46994906480182	0.025
lam_max	3.7	500	0.128587931804182	Division and genome change	1	lam_max | Maximum division rate	Maximum division rate (lam_max)	2	3	Positive peak rho	1	2	0.46994906480182	0.46994906480182	0.025
lam_max	3.725	500	0.128786512584213	Division and genome change	1	lam_max | Maximum division rate	Maximum division rate (lam_max)	2	3	Positive peak rho	1	2	0.46994906480182	0.46994906480182	0.025
lam_max	3.75	500	0.131973504879236	Division and genome change	1	lam_max | Maximum division rate	Maximum division rate (lam_max)	2	3	Positive peak rho	1	2	0.46994906480182	0.46994906480182	0.025
lam_max	3.775	500	0.131182463288405	Division and genome change	1	lam_max | Maximum division rate	Maximum division rate (lam_max)	2	3	Positive peak rho	1	2	0.46994906480182	0.46994906480182	0.025
lam_max	3.8	500	0.130725220787605	Division and genome change	1	lam_max | Maximum division rate	Maximum division rate (lam_max)	2	3	Positive peak rho	1	2	0.46994906480182	0.46994906480182	0.025
lam_max	3.825	500	0.130277002492362	Division and genome change	1	lam_max | Maximum division rate	Maximum division rate (lam_max)	2	3	Positive peak rho	1	2	0.46994906480182	0.46994906480182	0.025
lam_max	3.85	500	0.130415743620573	Division and genome change	1	lam_max | Maximum division rate	Maximum division rate (lam_max)	2	3	Positive peak rho	1	2	0.46994906480182	0.46994906480182	0.025
lam_max	3.875	500	0.133336111660512	Division and genome change	1	lam_max | Maximum division rate	Maximum division rate (lam_max)	2	3	Positive peak rho	1	2	0.46994906480182	0.46994906480182	0.025
lam_max	3.9	500	0.132569778054949	Division and genome change	1	lam_max | Maximum division rate	Maximum division rate (lam_max)	2	3	Positive peak rho	1	2	0.46994906480182	0.46994906480182	0.025
lam_max	3.925	500	0.131219283977388	Division and genome change	1	lam_max | Maximum division rate	Maximum division rate (lam_max)	2	3	Positive peak rho	1	2	0.46994906480182	0.46994906480182	0.025
lam_max	3.95	500	0.129406094269466	Division and genome change	1	lam_max | Maximum division rate	Maximum division rate (lam_max)	2	3	Positive peak rho	1	2	0.46994906480182	0.46994906480182	0.025
lam_max	3.975	500	0.12884813777403	Division and genome change	1	lam_max | Maximum division rate	Maximum division rate (lam_max)	2	3	Positive peak rho	1	2	0.46994906480182	0.46994906480182	0.025
lam_max	4	500	0.128418257436602	Division and genome change	1	lam_max | Maximum division rate	Maximum division rate (lam_max)	2	3	Positive peak rho	1	2	0.46994906480182	0.46994906480182	0.025
lam_max	4.025	500	0.127823335478833	Division and genome change	1	lam_max | Maximum division rate	Maximum division rate (lam_max)	2	3	Positive peak rho	1	2	0.46994906480182	0.46994906480182	0.025
lam_max	4.05	500	0.131368690075803	Division and genome change	1	lam_max | Maximum division rate	Maximum division rate (lam_max)	2	3	Positive peak rho	1	2	0.46994906480182	0.46994906480182	0.025
lam_max	4.075	500	0.130536243306536	Division and genome change	1	lam_max | Maximum division rate	Maximum division rate (lam_max)	2	3	Positive peak rho	1	2	0.46994906480182	0.46994906480182	0.025
lam_max	4.1	500	0.129755770170341	Division and genome change	1	lam_max | Maximum division rate	Maximum division rate (lam_max)	2	3	Positive peak rho	1	2	0.46994906480182	0.46994906480182	0.025
lam_max	4.125	500	0.128756061922682	Division and genome change	1	lam_max | Maximum division rate	Maximum division rate (lam_max)	2	3	Positive peak rho	1	2	0.46994906480182	0.46994906480182	0.025
lam_max	4.15	500	0.128213354886904	Division and genome change	1	lam_max | Maximum division rate	Maximum division rate (lam_max)	2	3	Positive peak rho	1	2	0.46994906480182	0.46994906480182	0.025
lam_max	4.175	500	0.127534174838749	Division and genome change	1	lam_max | Maximum division rate	Maximum division rate (lam_max)	2	3	Positive peak rho	1	2	0.46994906480182	0.46994906480182	0.025
lam_max	4.2	500	0.127462029452079	Division and genome change	1	lam_max | Maximum division rate	Maximum division rate (lam_max)	2	3	Positive peak rho	1	2	0.46994906480182	0.46994906480182	0.025
lam_max	4.225	500	0.127841721694433	Division and genome change	1	lam_max | Maximum division rate	Maximum division rate (lam_max)	2	3	Positive peak rho	1	2	0.46994906480182	0.46994906480182	0.025
lam_max	4.25	500	0.127024041806986	Division and genome change	1	lam_max | Maximum division rate	Maximum division rate (lam_max)	2	3	Positive peak rho	1	2	0.46994906480182	0.46994906480182	0.025
lam_max	4.275	500	0.125971443028363	Division and genome change	1	lam_max | Maximum division rate	Maximum division rate (lam_max)	2	3	Positive peak rho	1	2	0.46994906480182	0.46994906480182	0.025
lam_max	4.3	500	0.125345973893495	Division and genome change	1	lam_max | Maximum division rate	Maximum division rate (lam_max)	2	3	Positive peak rho	1	2	0.46994906480182	0.46994906480182	0.025
lam_max	4.325	500	0.124848966978905	Division and genome change	1	lam_max | Maximum division rate	Maximum division rate (lam_max)	2	3	Positive peak rho	1	2	0.46994906480182	0.46994906480182	0.025
lam_max	4.35	500	0.124028439882219	Division and genome change	1	lam_max | Maximum division rate	Maximum division rate (lam_max)	2	3	Positive peak rho	1	2	0.46994906480182	0.46994906480182	0.025
lam_max	4.375	500	0.123525449002446	Division and genome change	1	lam_max | Maximum division rate	Maximum division rate (lam_max)	2	3	Positive peak rho	1	2	0.46994906480182	0.46994906480182	0.025
lam_max	4.4	500	0.122982838482236	Division and genome change	1	lam_max | Maximum division rate	Maximum division rate (lam_max)	2	3	Positive peak rho	1	2	0.46994906480182	0.46994906480182	0.025
lam_max	4.425	500	0.1220189375101	Division and genome change	1	lam_max | Maximum division rate	Maximum division rate (lam_max)	2	3	Positive peak rho	1	2	0.46994906480182	0.46994906480182	0.025
lam_max	4.45	500	0.120919528681263	Division and genome change	1	lam_max | Maximum division rate	Maximum division rate (lam_max)	2	3	Positive peak rho	1	2	0.46994906480182	0.46994906480182	0.025
lam_max	4.475	500	0.120943609315343	Division and genome change	1	lam_max | Maximum division rate	Maximum division rate (lam_max)	2	3	Positive peak rho	1	2	0.46994906480182	0.46994906480182	0.025
lam_max	4.5	500	0.122939840796936	Division and genome change	1	lam_max | Maximum division rate	Maximum division rate (lam_max)	2	3	Positive peak rho	1	2	0.46994906480182	0.46994906480182	0.025
lam_max	4.525	500	0.122466528454155	Division and genome change	1	lam_max | Maximum division rate	Maximum division rate (lam_max)	2	3	Positive peak rho	1	2	0.46994906480182	0.46994906480182	0.025
lam_max	4.55	500	0.117629023440149	Division and genome change	1	lam_max | Maximum division rate	Maximum division rate (lam_max)	2	3	Positive peak rho	1	2	0.46994906480182	0.46994906480182	0.025
lam_max	4.575	500	0.117047275857337	Division and genome change	1	lam_max | Maximum division rate	Maximum division rate (lam_max)	2	3	Positive peak rho	1	2	0.46994906480182	0.46994906480182	0.025
lam_max	4.6	500	0.116741707570786	Division and genome change	1	lam_max | Maximum division rate	Maximum division rate (lam_max)	2	3	Positive peak rho	1	2	0.46994906480182	0.46994906480182	0.025
lam_max	4.625	500	0.116394251527962	Division and genome change	1	lam_max | Maximum division rate	Maximum division rate (lam_max)	2	3	Positive peak rho	1	2	0.46994906480182	0.46994906480182	0.025
lam_max	4.65	500	0.115988403566829	Division and genome change	1	lam_max | Maximum division rate	Maximum division rate (lam_max)	2	3	Positive peak rho	1	2	0.46994906480182	0.46994906480182	0.025
lam_max	4.675	500	0.116256186008723	Division and genome change	1	lam_max | Maximum division rate	Maximum division rate (lam_max)	2	3	Positive peak rho	1	2	0.46994906480182	0.46994906480182	0.025
lam_max	4.7	500	0.116417849584204	Division and genome change	1	lam_max | Maximum division rate	Maximum division rate (lam_max)	2	3	Positive peak rho	1	2	0.46994906480182	0.46994906480182	0.025
lam_max	4.725	500	0.115850627594293	Division and genome change	1	lam_max | Maximum division rate	Maximum division rate (lam_max)	2	3	Positive peak rho	1	2	0.46994906480182	0.46994906480182	0.025
lam_max	4.75	500	0.115453224745312	Division and genome change	1	lam_max | Maximum division rate	Maximum division rate (lam_max)	2	3	Positive peak rho	1	2	0.46994906480182	0.46994906480182	0.025
lam_max	4.775	500	0.115108422880593	Division and genome change	1	lam_max | Maximum division rate	Maximum division rate (lam_max)	2	3	Positive peak rho	1	2	0.46994906480182	0.46994906480182	0.025
lam_max	4.8	500	0.114788087712222	Division and genome change	1	lam_max | Maximum division rate	Maximum division rate (lam_max)	2	3	Positive peak rho	1	2	0.46994906480182	0.46994906480182	0.025
lam_max	4.825	500	0.114474267344655	Division and genome change	1	lam_max | Maximum division rate	Maximum division rate (lam_max)	2	3	Positive peak rho	1	2	0.46994906480182	0.46994906480182	0.025
lam_max	4.85	500	0.115092883874233	Division and genome change	1	lam_max | Maximum division rate	Maximum division rate (lam_max)	2	3	Positive peak rho	1	2	0.46994906480182	0.46994906480182	0.025
lam_max	4.875	500	0.11970526632716	Division and genome change	1	lam_max | Maximum division rate	Maximum division rate (lam_max)	2	3	Positive peak rho	1	2	0.46994906480182	0.46994906480182	0.025
lam_max	4.9	500	0.121836281798699	Division and genome change	1	lam_max | Maximum division rate	Maximum division rate (lam_max)	2	3	Positive peak rho	1	2	0.46994906480182	0.46994906480182	0.025
lam_max	4.925	500	0.121307666035769	Division and genome change	1	lam_max | Maximum division rate	Maximum division rate (lam_max)	2	3	Positive peak rho	1	2	0.46994906480182	0.46994906480182	0.025
lam_max	4.95	500	0.121087948346466	Division and genome change	1	lam_max | Maximum division rate	Maximum division rate (lam_max)	2	3	Positive peak rho	1	2	0.46994906480182	0.46994906480182	0.025
lam_max	4.975	500	0.120966049184775	Division and genome change	1	lam_max | Maximum division rate	Maximum division rate (lam_max)	2	3	Positive peak rho	1	2	0.46994906480182	0.46994906480182	0.025
lam_max	5	500	0.121856357036729	Division and genome change	1	lam_max | Maximum division rate	Maximum division rate (lam_max)	2	3	Positive peak rho	1	2	0.46994906480182	0.46994906480182	0.025
O2_crit	0	500	0.155141873688289	Oxygen response	6	O2_crit | Critical O2 level	Critical oxygen level (O2_crit)	3	8	Positive peak rho	1	3	0.278393527208259	0.278393527208259	0.975
O2_crit	0.025	500	0.126148984049675	Oxygen response	6	O2_crit | Critical O2 level	Critical oxygen level (O2_crit)	3	8	Positive peak rho	1	3	0.278393527208259	0.278393527208259	0.975
O2_crit	0.05	500	0.0966580377249079	Oxygen response	6	O2_crit | Critical O2 level	Critical oxygen level (O2_crit)	3	8	Positive peak rho	1	3	0.278393527208259	0.278393527208259	0.975
O2_crit	0.075	500	0.0577811997093416	Oxygen response	6	O2_crit | Critical O2 level	Critical oxygen level (O2_crit)	3	8	Positive peak rho	1	3	0.278393527208259	0.278393527208259	0.975
O2_crit	0.1	500	0.00694120905531284	Oxygen response	6	O2_crit | Critical O2 level	Critical oxygen level (O2_crit)	3	8	Positive peak rho	1	3	0.278393527208259	0.278393527208259	0.975
O2_crit	0.125	500	-0.043005006011189	Oxygen response	6	O2_crit | Critical O2 level	Critical oxygen level (O2_crit)	3	8	Positive peak rho	1	3	0.278393527208259	0.278393527208259	0.975
O2_crit	0.15	500	-0.0741217406898522	Oxygen response	6	O2_crit | Critical O2 level	Critical oxygen level (O2_crit)	3	8	Positive peak rho	1	3	0.278393527208259	0.278393527208259	0.975
O2_crit	0.175	500	-0.0949476718959734	Oxygen response	6	O2_crit | Critical O2 level	Critical oxygen level (O2_crit)	3	8	Positive peak rho	1	3	0.278393527208259	0.278393527208259	0.975
O2_crit	0.2	500	-0.119201246880512	Oxygen response	6	O2_crit | Critical O2 level	Critical oxygen level (O2_crit)	3	8	Positive peak rho	1	3	0.278393527208259	0.278393527208259	0.975
O2_crit	0.225	500	-0.121438277894535	Oxygen response	6	O2_crit | Critical O2 level	Critical oxygen level (O2_crit)	3	8	Positive peak rho	1	3	0.278393527208259	0.278393527208259	0.975
O2_crit	0.25	500	-0.117373951012307	Oxygen response	6	O2_crit | Critical O2 level	Critical oxygen level (O2_crit)	3	8	Positive peak rho	1	3	0.278393527208259	0.278393527208259	0.975
O2_crit	0.275	500	-0.121310595667745	Oxygen response	6	O2_crit | Critical O2 level	Critical oxygen level (O2_crit)	3	8	Positive peak rho	1	3	0.278393527208259	0.278393527208259	0.975
O2_crit	0.3	500	-0.0994055096410663	Oxygen response	6	O2_crit | Critical O2 level	Critical oxygen level (O2_crit)	3	8	Positive peak rho	1	3	0.278393527208259	0.278393527208259	0.975
O2_crit	0.325	500	-0.0976603912060432	Oxygen response	6	O2_crit | Critical O2 level	Critical oxygen level (O2_crit)	3	8	Positive peak rho	1	3	0.278393527208259	0.278393527208259	0.975
O2_crit	0.35	500	-0.0737867908482967	Oxygen response	6	O2_crit | Critical O2 level	Critical oxygen level (O2_crit)	3	8	Positive peak rho	1	3	0.278393527208259	0.278393527208259	0.975
O2_crit	0.375	500	-0.0798194400582438	Oxygen response	6	O2_crit | Critical O2 level	Critical oxygen level (O2_crit)	3	8	Positive peak rho	1	3	0.278393527208259	0.278393527208259	0.975
O2_crit	0.4	500	-0.0490447593450326	Oxygen response	6	O2_crit | Critical O2 level	Critical oxygen level (O2_crit)	3	8	Positive peak rho	1	3	0.278393527208259	0.278393527208259	0.975
O2_crit	0.425	500	-0.0454806011857924	Oxygen response	6	O2_crit | Critical O2 level	Critical oxygen level (O2_crit)	3	8	Positive peak rho	1	3	0.278393527208259	0.278393527208259	0.975
O2_crit	0.45	500	-0.030232559258564	Oxygen response	6	O2_crit | Critical O2 level	Critical oxygen level (O2_crit)	3	8	Positive peak rho	1	3	0.278393527208259	0.278393527208259	0.975
O2_crit	0.475	500	-0.000912015905639766	Oxygen response	6	O2_crit | Critical O2 level	Critical oxygen level (O2_crit)	3	8	Positive peak rho	1	3	0.278393527208259	0.278393527208259	0.975
O2_crit	0.5	500	0.0435207270054097	Oxygen response	6	O2_crit | Critical O2 level	Critical oxygen level (O2_crit)	3	8	Positive peak rho	1	3	0.278393527208259	0.278393527208259	0.975
O2_crit	0.525	500	0.0522413270934629	Oxygen response	6	O2_crit | Critical O2 level	Critical oxygen level (O2_crit)	3	8	Positive peak rho	1	3	0.278393527208259	0.278393527208259	0.975
O2_crit	0.55	500	0.0771284171265608	Oxygen response	6	O2_crit | Critical O2 level	Critical oxygen level (O2_crit)	3	8	Positive peak rho	1	3	0.278393527208259	0.278393527208259	0.975
O2_crit	0.575	500	0.0841271311847661	Oxygen response	6	O2_crit | Critical O2 level	Critical oxygen level (O2_crit)	3	8	Positive peak rho	1	3	0.278393527208259	0.278393527208259	0.975
O2_crit	0.6	500	0.094006087474656	Oxygen response	6	O2_crit | Critical O2 level	Critical oxygen level (O2_crit)	3	8	Positive peak rho	1	3	0.278393527208259	0.278393527208259	0.975
O2_crit	0.625	500	0.124231926616021	Oxygen response	6	O2_crit | Critical O2 level	Critical oxygen level (O2_crit)	3	8	Positive peak rho	1	3	0.278393527208259	0.278393527208259	0.975
O2_crit	0.65	500	0.153917276331201	Oxygen response	6	O2_crit | Critical O2 level	Critical oxygen level (O2_crit)	3	8	Positive peak rho	1	3	0.278393527208259	0.278393527208259	0.975
O2_crit	0.675	500	0.17164264146317	Oxygen response	6	O2_crit | Critical O2 level	Critical oxygen level (O2_crit)	3	8	Positive peak rho	1	3	0.278393527208259	0.278393527208259	0.975
O2_crit	0.7	500	0.181860387661586	Oxygen response	6	O2_crit | Critical O2 level	Critical oxygen level (O2_crit)	3	8	Positive peak rho	1	3	0.278393527208259	0.278393527208259	0.975
O2_crit	0.725	500	0.210178481531701	Oxygen response	6	O2_crit | Critical O2 level	Critical oxygen level (O2_crit)	3	8	Positive peak rho	1	3	0.278393527208259	0.278393527208259	0.975
O2_crit	0.75	500	0.223801503118428	Oxygen response	6	O2_crit | Critical O2 level	Critical oxygen level (O2_crit)	3	8	Positive peak rho	1	3	0.278393527208259	0.278393527208259	0.975
O2_crit	0.775	500	0.233642730750327	Oxygen response	6	O2_crit | Critical O2 level	Critical oxygen level (O2_crit)	3	8	Positive peak rho	1	3	0.278393527208259	0.278393527208259	0.975
O2_crit	0.8	500	0.236797153763749	Oxygen response	6	O2_crit | Critical O2 level	Critical oxygen level (O2_crit)	3	8	Positive peak rho	1	3	0.278393527208259	0.278393527208259	0.975
O2_crit	0.825	500	0.241569012985405	Oxygen response	6	O2_crit | Critical O2 level	Critical oxygen level (O2_crit)	3	8	Positive peak rho	1	3	0.278393527208259	0.278393527208259	0.975
O2_crit	0.85	500	0.252922362988854	Oxygen response	6	O2_crit | Critical O2 level	Critical oxygen level (O2_crit)	3	8	Positive peak rho	1	3	0.278393527208259	0.278393527208259	0.975
O2_crit	0.875	500	0.265694617738131	Oxygen response	6	O2_crit | Critical O2 level	Critical oxygen level (O2_crit)	3	8	Positive peak rho	1	3	0.278393527208259	0.278393527208259	0.975
O2_crit	0.9	500	0.26033177220962	Oxygen response	6	O2_crit | Critical O2 level	Critical oxygen level (O2_crit)	3	8	Positive peak rho	1	3	0.278393527208259	0.278393527208259	0.975
O2_crit	0.925	500	0.266295300214087	Oxygen response	6	O2_crit | Critical O2 level	Critical oxygen level (O2_crit)	3	8	Positive peak rho	1	3	0.278393527208259	0.278393527208259	0.975
O2_crit	0.95	500	0.275851978883426	Oxygen response	6	O2_crit | Critical O2 level	Critical oxygen level (O2_crit)	3	8	Positive peak rho	1	3	0.278393527208259	0.278393527208259	0.975
O2_crit	0.975	500	0.278393527208259	Oxygen response	6	O2_crit | Critical O2 level	Critical oxygen level (O2_crit)	3	8	Positive peak rho	1	3	0.278393527208259	0.278393527208259	0.975
O2_crit	1	500	0.270211880519601	Oxygen response	6	O2_crit | Critical O2 level	Critical oxygen level (O2_crit)	3	8	Positive peak rho	1	3	0.278393527208259	0.278393527208259	0.975
O2_crit	1.025	500	0.276276018278712	Oxygen response	6	O2_crit | Critical O2 level	Critical oxygen level (O2_crit)	3	8	Positive peak rho	1	3	0.278393527208259	0.278393527208259	0.975
O2_crit	1.05	500	0.260817156674769	Oxygen response	6	O2_crit | Critical O2 level	Critical oxygen level (O2_crit)	3	8	Positive peak rho	1	3	0.278393527208259	0.278393527208259	0.975
O2_crit	1.075	500	0.269477947719747	Oxygen response	6	O2_crit | Critical O2 level	Critical oxygen level (O2_crit)	3	8	Positive peak rho	1	3	0.278393527208259	0.278393527208259	0.975
O2_crit	1.1	500	0.264847498964302	Oxygen response	6	O2_crit | Critical O2 level	Critical oxygen level (O2_crit)	3	8	Positive peak rho	1	3	0.278393527208259	0.278393527208259	0.975
O2_crit	1.125	500	0.26287370454115	Oxygen response	6	O2_crit | Critical O2 level	Critical oxygen level (O2_crit)	3	8	Positive peak rho	1	3	0.278393527208259	0.278393527208259	0.975
O2_crit	1.15	500	0.244479975752858	Oxygen response	6	O2_crit | Critical O2 level	Critical oxygen level (O2_crit)	3	8	Positive peak rho	1	3	0.278393527208259	0.278393527208259	0.975
O2_crit	1.175	500	0.237643600525857	Oxygen response	6	O2_crit | Critical O2 level	Critical oxygen level (O2_crit)	3	8	Positive peak rho	1	3	0.278393527208259	0.278393527208259	0.975
O2_crit	1.2	500	0.236402394879118	Oxygen response	6	O2_crit | Critical O2 level	Critical oxygen level (O2_crit)	3	8	Positive peak rho	1	3	0.278393527208259	0.278393527208259	0.975
O2_crit	1.225	500	0.240969770534562	Oxygen response	6	O2_crit | Critical O2 level	Critical oxygen level (O2_crit)	3	8	Positive peak rho	1	3	0.278393527208259	0.278393527208259	0.975
O2_crit	1.25	500	0.239878039494674	Oxygen response	6	O2_crit | Critical O2 level	Critical oxygen level (O2_crit)	3	8	Positive peak rho	1	3	0.278393527208259	0.278393527208259	0.975
O2_crit	1.275	500	0.234608987601933	Oxygen response	6	O2_crit | Critical O2 level	Critical oxygen level (O2_crit)	3	8	Positive peak rho	1	3	0.278393527208259	0.278393527208259	0.975
O2_crit	1.3	500	0.23401646526829	Oxygen response	6	O2_crit | Critical O2 level	Critical oxygen level (O2_crit)	3	8	Positive peak rho	1	3	0.278393527208259	0.278393527208259	0.975
O2_crit	1.325	500	0.226529678698056	Oxygen response	6	O2_crit | Critical O2 level	Critical oxygen level (O2_crit)	3	8	Positive peak rho	1	3	0.278393527208259	0.278393527208259	0.975
O2_crit	1.35	500	0.220380483455536	Oxygen response	6	O2_crit | Critical O2 level	Critical oxygen level (O2_crit)	3	8	Positive peak rho	1	3	0.278393527208259	0.278393527208259	0.975
O2_crit	1.375	500	0.218060026986565	Oxygen response	6	O2_crit | Critical O2 level	Critical oxygen level (O2_crit)	3	8	Positive peak rho	1	3	0.278393527208259	0.278393527208259	0.975
O2_crit	1.4	500	0.206650900010361	Oxygen response	6	O2_crit | Critical O2 level	Critical oxygen level (O2_crit)	3	8	Positive peak rho	1	3	0.278393527208259	0.278393527208259	0.975
O2_crit	1.425	500	0.20459368013226	Oxygen response	6	O2_crit | Critical O2 level	Critical oxygen level (O2_crit)	3	8	Positive peak rho	1	3	0.278393527208259	0.278393527208259	0.975
O2_crit	1.45	500	0.19968281048625	Oxygen response	6	O2_crit | Critical O2 level	Critical oxygen level (O2_crit)	3	8	Positive peak rho	1	3	0.278393527208259	0.278393527208259	0.975
O2_crit	1.475	500	0.198948109673001	Oxygen response	6	O2_crit | Critical O2 level	Critical oxygen level (O2_crit)	3	8	Positive peak rho	1	3	0.278393527208259	0.278393527208259	0.975
O2_crit	1.5	500	0.196400801247712	Oxygen response	6	O2_crit | Critical O2 level	Critical oxygen level (O2_crit)	3	8	Positive peak rho	1	3	0.278393527208259	0.278393527208259	0.975
O2_crit	1.525	500	0.193397004861232	Oxygen response	6	O2_crit | Critical O2 level	Critical oxygen level (O2_crit)	3	8	Positive peak rho	1	3	0.278393527208259	0.278393527208259	0.975
O2_crit	1.55	500	0.192909604360923	Oxygen response	6	O2_crit | Critical O2 level	Critical oxygen level (O2_crit)	3	8	Positive peak rho	1	3	0.278393527208259	0.278393527208259	0.975
O2_crit	1.575	500	0.181334874496589	Oxygen response	6	O2_crit | Critical O2 level	Critical oxygen level (O2_crit)	3	8	Positive peak rho	1	3	0.278393527208259	0.278393527208259	0.975
O2_crit	1.6	500	0.175584086202322	Oxygen response	6	O2_crit | Critical O2 level	Critical oxygen level (O2_crit)	3	8	Positive peak rho	1	3	0.278393527208259	0.278393527208259	0.975
O2_crit	1.625	500	0.175249904374161	Oxygen response	6	O2_crit | Critical O2 level	Critical oxygen level (O2_crit)	3	8	Positive peak rho	1	3	0.278393527208259	0.278393527208259	0.975
O2_crit	1.65	500	0.174452034459237	Oxygen response	6	O2_crit | Critical O2 level	Critical oxygen level (O2_crit)	3	8	Positive peak rho	1	3	0.278393527208259	0.278393527208259	0.975
O2_crit	1.675	500	0.16423630429598	Oxygen response	6	O2_crit | Critical O2 level	Critical oxygen level (O2_crit)	3	8	Positive peak rho	1	3	0.278393527208259	0.278393527208259	0.975
O2_crit	1.7	500	0.154749322842167	Oxygen response	6	O2_crit | Critical O2 level	Critical oxygen level (O2_crit)	3	8	Positive peak rho	1	3	0.278393527208259	0.278393527208259	0.975
O2_crit	1.725	500	0.15707947548024	Oxygen response	6	O2_crit | Critical O2 level	Critical oxygen level (O2_crit)	3	8	Positive peak rho	1	3	0.278393527208259	0.278393527208259	0.975
O2_crit	1.75	500	0.139476128476278	Oxygen response	6	O2_crit | Critical O2 level	Critical oxygen level (O2_crit)	3	8	Positive peak rho	1	3	0.278393527208259	0.278393527208259	0.975
O2_crit	1.775	500	0.134568618888867	Oxygen response	6	O2_crit | Critical O2 level	Critical oxygen level (O2_crit)	3	8	Positive peak rho	1	3	0.278393527208259	0.278393527208259	0.975
O2_crit	1.8	500	0.13114903925109	Oxygen response	6	O2_crit | Critical O2 level	Critical oxygen level (O2_crit)	3	8	Positive peak rho	1	3	0.278393527208259	0.278393527208259	0.975
O2_crit	1.825	500	0.12348820164539	Oxygen response	6	O2_crit | Critical O2 level	Critical oxygen level (O2_crit)	3	8	Positive peak rho	1	3	0.278393527208259	0.278393527208259	0.975
O2_crit	1.85	500	0.117201628006978	Oxygen response	6	O2_crit | Critical O2 level	Critical oxygen level (O2_crit)	3	8	Positive peak rho	1	3	0.278393527208259	0.278393527208259	0.975
O2_crit	1.875	500	0.112666796919114	Oxygen response	6	O2_crit | Critical O2 level	Critical oxygen level (O2_crit)	3	8	Positive peak rho	1	3	0.278393527208259	0.278393527208259	0.975
O2_crit	1.9	500	0.103167431249319	Oxygen response	6	O2_crit | Critical O2 level	Critical oxygen level (O2_crit)	3	8	Positive peak rho	1	3	0.278393527208259	0.278393527208259	0.975
O2_crit	1.925	500	0.102950467465451	Oxygen response	6	O2_crit | Critical O2 level	Critical oxygen level (O2_crit)	3	8	Positive peak rho	1	3	0.278393527208259	0.278393527208259	0.975
O2_crit	1.95	500	0.101038594122207	Oxygen response	6	O2_crit | Critical O2 level	Critical oxygen level (O2_crit)	3	8	Positive peak rho	1	3	0.278393527208259	0.278393527208259	0.975
O2_crit	1.975	500	0.0997919163800347	Oxygen response	6	O2_crit | Critical O2 level	Critical oxygen level (O2_crit)	3	8	Positive peak rho	1	3	0.278393527208259	0.278393527208259	0.975
O2_crit	2	500	0.0997559157521805	Oxygen response	6	O2_crit | Critical O2 level	Critical oxygen level (O2_crit)	3	8	Positive peak rho	1	3	0.278393527208259	0.278393527208259	0.975
O2_crit	2.025	500	0.0980357577524696	Oxygen response	6	O2_crit | Critical O2 level	Critical oxygen level (O2_crit)	3	8	Positive peak rho	1	3	0.278393527208259	0.278393527208259	0.975
O2_crit	2.05	500	0.0949335596498545	Oxygen response	6	O2_crit | Critical O2 level	Critical oxygen level (O2_crit)	3	8	Positive peak rho	1	3	0.278393527208259	0.278393527208259	0.975
O2_crit	2.075	500	0.0994279740328473	Oxygen response	6	O2_crit | Critical O2 level	Critical oxygen level (O2_crit)	3	8	Positive peak rho	1	3	0.278393527208259	0.278393527208259	0.975
O2_crit	2.1	500	0.0922710492154321	Oxygen response	6	O2_crit | Critical O2 level	Critical oxygen level (O2_crit)	3	8	Positive peak rho	1	3	0.278393527208259	0.278393527208259	0.975
O2_crit	2.125	500	0.0874273807414164	Oxygen response	6	O2_crit | Critical O2 level	Critical oxygen level (O2_crit)	3	8	Positive peak rho	1	3	0.278393527208259	0.278393527208259	0.975
O2_crit	2.15	500	0.0870387659639396	Oxygen response	6	O2_crit | Critical O2 level	Critical oxygen level (O2_crit)	3	8	Positive peak rho	1	3	0.278393527208259	0.278393527208259	0.975
O2_crit	2.175	500	0.0877140417408102	Oxygen response	6	O2_crit | Critical O2 level	Critical oxygen level (O2_crit)	3	8	Positive peak rho	1	3	0.278393527208259	0.278393527208259	0.975
O2_crit	2.2	500	0.0866667594761129	Oxygen response	6	O2_crit | Critical O2 level	Critical oxygen level (O2_crit)	3	8	Positive peak rho	1	3	0.278393527208259	0.278393527208259	0.975
O2_crit	2.225	500	0.0870045893678967	Oxygen response	6	O2_crit | Critical O2 level	Critical oxygen level (O2_crit)	3	8	Positive peak rho	1	3	0.278393527208259	0.278393527208259	0.975
O2_crit	2.25	500	0.0873927241370021	Oxygen response	6	O2_crit | Critical O2 level	Critical oxygen level (O2_crit)	3	8	Positive peak rho	1	3	0.278393527208259	0.278393527208259	0.975
O2_crit	2.275	500	0.0869380602076221	Oxygen response	6	O2_crit | Critical O2 level	Critical oxygen level (O2_crit)	3	8	Positive peak rho	1	3	0.278393527208259	0.278393527208259	0.975
O2_crit	2.3	500	0.0814095157893081	Oxygen response	6	O2_crit | Critical O2 level	Critical oxygen level (O2_crit)	3	8	Positive peak rho	1	3	0.278393527208259	0.278393527208259	0.975
O2_crit	2.325	500	0.081542478108183	Oxygen response	6	O2_crit | Critical O2 level	Critical oxygen level (O2_crit)	3	8	Positive peak rho	1	3	0.278393527208259	0.278393527208259	0.975
O2_crit	2.35	500	0.078752285446971	Oxygen response	6	O2_crit | Critical O2 level	Critical oxygen level (O2_crit)	3	8	Positive peak rho	1	3	0.278393527208259	0.278393527208259	0.975
O2_crit	2.375	500	0.078832446844993	Oxygen response	6	O2_crit | Critical O2 level	Critical oxygen level (O2_crit)	3	8	Positive peak rho	1	3	0.278393527208259	0.278393527208259	0.975
O2_crit	2.4	500	0.0791886130565639	Oxygen response	6	O2_crit | Critical O2 level	Critical oxygen level (O2_crit)	3	8	Positive peak rho	1	3	0.278393527208259	0.278393527208259	0.975
O2_crit	2.425	500	0.0785461698522964	Oxygen response	6	O2_crit | Critical O2 level	Critical oxygen level (O2_crit)	3	8	Positive peak rho	1	3	0.278393527208259	0.278393527208259	0.975
O2_crit	2.45	500	0.0787323170987212	Oxygen response	6	O2_crit | Critical O2 level	Critical oxygen level (O2_crit)	3	8	Positive peak rho	1	3	0.278393527208259	0.278393527208259	0.975
O2_crit	2.475	500	0.0795808758976633	Oxygen response	6	O2_crit | Critical O2 level	Critical oxygen level (O2_crit)	3	8	Positive peak rho	1	3	0.278393527208259	0.278393527208259	0.975
O2_crit	2.5	500	0.0776079454895788	Oxygen response	6	O2_crit | Critical O2 level	Critical oxygen level (O2_crit)	3	8	Positive peak rho	1	3	0.278393527208259	0.278393527208259	0.975
O2_crit	2.525	500	0.0724509275507201	Oxygen response	6	O2_crit | Critical O2 level	Critical oxygen level (O2_crit)	3	8	Positive peak rho	1	3	0.278393527208259	0.278393527208259	0.975
O2_crit	2.55	500	0.0726284346464599	Oxygen response	6	O2_crit | Critical O2 level	Critical oxygen level (O2_crit)	3	8	Positive peak rho	1	3	0.278393527208259	0.278393527208259	0.975
O2_crit	2.575	500	0.0724681118504159	Oxygen response	6	O2_crit | Critical O2 level	Critical oxygen level (O2_crit)	3	8	Positive peak rho	1	3	0.278393527208259	0.278393527208259	0.975
O2_crit	2.6	500	0.0726264186113001	Oxygen response	6	O2_crit | Critical O2 level	Critical oxygen level (O2_crit)	3	8	Positive peak rho	1	3	0.278393527208259	0.278393527208259	0.975
O2_crit	2.625	500	0.0726242105727917	Oxygen response	6	O2_crit | Critical O2 level	Critical oxygen level (O2_crit)	3	8	Positive peak rho	1	3	0.278393527208259	0.278393527208259	0.975
O2_crit	2.65	500	0.0729633844880154	Oxygen response	6	O2_crit | Critical O2 level	Critical oxygen level (O2_crit)	3	8	Positive peak rho	1	3	0.278393527208259	0.278393527208259	0.975
O2_crit	2.675	500	0.0619253039828945	Oxygen response	6	O2_crit | Critical O2 level	Critical oxygen level (O2_crit)	3	8	Positive peak rho	1	3	0.278393527208259	0.278393527208259	0.975
O2_crit	2.7	500	0.0624075203927922	Oxygen response	6	O2_crit | Critical O2 level	Critical oxygen level (O2_crit)	3	8	Positive peak rho	1	3	0.278393527208259	0.278393527208259	0.975
O2_crit	2.725	500	0.0623041265895949	Oxygen response	6	O2_crit | Critical O2 level	Critical oxygen level (O2_crit)	3	8	Positive peak rho	1	3	0.278393527208259	0.278393527208259	0.975
O2_crit	2.75	500	0.0611393382755815	Oxygen response	6	O2_crit | Critical O2 level	Critical oxygen level (O2_crit)	3	8	Positive peak rho	1	3	0.278393527208259	0.278393527208259	0.975
O2_crit	2.775	500	0.0614388634993285	Oxygen response	6	O2_crit | Critical O2 level	Critical oxygen level (O2_crit)	3	8	Positive peak rho	1	3	0.278393527208259	0.278393527208259	0.975
O2_crit	2.8	500	0.06225958181273	Oxygen response	6	O2_crit | Critical O2 level	Critical oxygen level (O2_crit)	3	8	Positive peak rho	1	3	0.278393527208259	0.278393527208259	0.975
O2_crit	2.825	500	0.0626149800109067	Oxygen response	6	O2_crit | Critical O2 level	Critical oxygen level (O2_crit)	3	8	Positive peak rho	1	3	0.278393527208259	0.278393527208259	0.975
O2_crit	2.85	500	0.0598066430332561	Oxygen response	6	O2_crit | Critical O2 level	Critical oxygen level (O2_crit)	3	8	Positive peak rho	1	3	0.278393527208259	0.278393527208259	0.975
O2_crit	2.875	500	0.0595738389731323	Oxygen response	6	O2_crit | Critical O2 level	Critical oxygen level (O2_crit)	3	8	Positive peak rho	1	3	0.278393527208259	0.278393527208259	0.975
O2_crit	2.9	500	0.0588136977162001	Oxygen response	6	O2_crit | Critical O2 level	Critical oxygen level (O2_crit)	3	8	Positive peak rho	1	3	0.278393527208259	0.278393527208259	0.975
O2_crit	2.925	500	0.0588594905148307	Oxygen response	6	O2_crit | Critical O2 level	Critical oxygen level (O2_crit)	3	8	Positive peak rho	1	3	0.278393527208259	0.278393527208259	0.975
O2_crit	2.95	500	0.0632325587815362	Oxygen response	6	O2_crit | Critical O2 level	Critical oxygen level (O2_crit)	3	8	Positive peak rho	1	3	0.278393527208259	0.278393527208259	0.975
O2_crit	2.975	500	0.0634355063209596	Oxygen response	6	O2_crit | Critical O2 level	Critical oxygen level (O2_crit)	3	8	Positive peak rho	1	3	0.278393527208259	0.278393527208259	0.975
O2_crit	3	500	0.0637953205961531	Oxygen response	6	O2_crit | Critical O2 level	Critical oxygen level (O2_crit)	3	8	Positive peak rho	1	3	0.278393527208259	0.278393527208259	0.975
O2_crit	3.025	500	0.0667455480483863	Oxygen response	6	O2_crit | Critical O2 level	Critical oxygen level (O2_crit)	3	8	Positive peak rho	1	3	0.278393527208259	0.278393527208259	0.975
O2_crit	3.05	500	0.0681134759051717	Oxygen response	6	O2_crit | Critical O2 level	Critical oxygen level (O2_crit)	3	8	Positive peak rho	1	3	0.278393527208259	0.278393527208259	0.975
O2_crit	3.075	500	0.0671895557919215	Oxygen response	6	O2_crit | Critical O2 level	Critical oxygen level (O2_crit)	3	8	Positive peak rho	1	3	0.278393527208259	0.278393527208259	0.975
O2_crit	3.1	500	0.0672155722456508	Oxygen response	6	O2_crit | Critical O2 level	Critical oxygen level (O2_crit)	3	8	Positive peak rho	1	3	0.278393527208259	0.278393527208259	0.975
O2_crit	3.125	500	0.0684388255792994	Oxygen response	6	O2_crit | Critical O2 level	Critical oxygen level (O2_crit)	3	8	Positive peak rho	1	3	0.278393527208259	0.278393527208259	0.975
O2_crit	3.15	500	0.0684531298287668	Oxygen response	6	O2_crit | Critical O2 level	Critical oxygen level (O2_crit)	3	8	Positive peak rho	1	3	0.278393527208259	0.278393527208259	0.975
O2_crit	3.175	500	0.0680613469960388	Oxygen response	6	O2_crit | Critical O2 level	Critical oxygen level (O2_crit)	3	8	Positive peak rho	1	3	0.278393527208259	0.278393527208259	0.975
O2_crit	3.2	500	0.0681855731625544	Oxygen response	6	O2_crit | Critical O2 level	Critical oxygen level (O2_crit)	3	8	Positive peak rho	1	3	0.278393527208259	0.278393527208259	0.975
O2_crit	3.225	500	0.0685329072200917	Oxygen response	6	O2_crit | Critical O2 level	Critical oxygen level (O2_crit)	3	8	Positive peak rho	1	3	0.278393527208259	0.278393527208259	0.975
O2_crit	3.25	500	0.069133109687677	Oxygen response	6	O2_crit | Critical O2 level	Critical oxygen level (O2_crit)	3	8	Positive peak rho	1	3	0.278393527208259	0.278393527208259	0.975
O2_crit	3.275	500	0.0729125036006481	Oxygen response	6	O2_crit | Critical O2 level	Critical oxygen level (O2_crit)	3	8	Positive peak rho	1	3	0.278393527208259	0.278393527208259	0.975
O2_crit	3.3	500	0.0722696763896835	Oxygen response	6	O2_crit | Critical O2 level	Critical oxygen level (O2_crit)	3	8	Positive peak rho	1	3	0.278393527208259	0.278393527208259	0.975
O2_crit	3.325	500	0.0762009449513623	Oxygen response	6	O2_crit | Critical O2 level	Critical oxygen level (O2_crit)	3	8	Positive peak rho	1	3	0.278393527208259	0.278393527208259	0.975
O2_crit	3.35	500	0.0756525833878871	Oxygen response	6	O2_crit | Critical O2 level	Critical oxygen level (O2_crit)	3	8	Positive peak rho	1	3	0.278393527208259	0.278393527208259	0.975
O2_crit	3.375	500	0.0754787243557699	Oxygen response	6	O2_crit | Critical O2 level	Critical oxygen level (O2_crit)	3	8	Positive peak rho	1	3	0.278393527208259	0.278393527208259	0.975
O2_crit	3.4	500	0.076218129251058	Oxygen response	6	O2_crit | Critical O2 level	Critical oxygen level (O2_crit)	3	8	Positive peak rho	1	3	0.278393527208259	0.278393527208259	0.975
O2_crit	3.425	500	0.0756454792639905	Oxygen response	6	O2_crit | Critical O2 level	Critical oxygen level (O2_crit)	3	8	Positive peak rho	1	3	0.278393527208259	0.278393527208259	0.975
O2_crit	3.45	500	0.0762814903560814	Oxygen response	6	O2_crit | Critical O2 level	Critical oxygen level (O2_crit)	3	8	Positive peak rho	1	3	0.278393527208259	0.278393527208259	0.975
O2_crit	3.475	500	0.0763629957775433	Oxygen response	6	O2_crit | Critical O2 level	Critical oxygen level (O2_crit)	3	8	Positive peak rho	1	3	0.278393527208259	0.278393527208259	0.975
O2_crit	3.5	500	0.0767057217547153	Oxygen response	6	O2_crit | Critical O2 level	Critical oxygen level (O2_crit)	3	8	Positive peak rho	1	3	0.278393527208259	0.278393527208259	0.975
O2_crit	3.525	500	0.074779160155307	Oxygen response	6	O2_crit | Critical O2 level	Critical oxygen level (O2_crit)	3	8	Positive peak rho	1	3	0.278393527208259	0.278393527208259	0.975
O2_crit	3.55	500	0.0786853722799993	Oxygen response	6	O2_crit | Critical O2 level	Critical oxygen level (O2_crit)	3	8	Positive peak rho	1	3	0.278393527208259	0.278393527208259	0.975
O2_crit	3.575	500	0.0787689897382953	Oxygen response	6	O2_crit | Critical O2 level	Critical oxygen level (O2_crit)	3	8	Positive peak rho	1	3	0.278393527208259	0.278393527208259	0.975
O2_crit	3.6	500	0.078310773746967	Oxygen response	6	O2_crit | Critical O2 level	Critical oxygen level (O2_crit)	3	8	Positive peak rho	1	3	0.278393527208259	0.278393527208259	0.975
O2_crit	3.625	500	0.0782213961882144	Oxygen response	6	O2_crit | Critical O2 level	Critical oxygen level (O2_crit)	3	8	Positive peak rho	1	3	0.278393527208259	0.278393527208259	0.975
O2_crit	3.65	500	0.078276885155947	Oxygen response	6	O2_crit | Critical O2 level	Critical oxygen level (O2_crit)	3	8	Positive peak rho	1	3	0.278393527208259	0.278393527208259	0.975
O2_crit	3.675	500	0.0779483674265681	Oxygen response	6	O2_crit | Critical O2 level	Critical oxygen level (O2_crit)	3	8	Positive peak rho	1	3	0.278393527208259	0.278393527208259	0.975
O2_crit	3.7	500	0.0732028126636644	Oxygen response	6	O2_crit | Critical O2 level	Critical oxygen level (O2_crit)	3	8	Positive peak rho	1	3	0.278393527208259	0.278393527208259	0.975
O2_crit	3.725	500	0.0777889086455925	Oxygen response	6	O2_crit | Critical O2 level	Critical oxygen level (O2_crit)	3	8	Positive peak rho	1	3	0.278393527208259	0.278393527208259	0.975
O2_crit	3.75	500	0.0786806681979597	Oxygen response	6	O2_crit | Critical O2 level	Critical oxygen level (O2_crit)	3	8	Positive peak rho	1	3	0.278393527208259	0.278393527208259	0.975
O2_crit	3.775	500	0.0792700224763515	Oxygen response	6	O2_crit | Critical O2 level	Critical oxygen level (O2_crit)	3	8	Positive peak rho	1	3	0.278393527208259	0.278393527208259	0.975
O2_crit	3.8	500	0.0799292659736177	Oxygen response	6	O2_crit | Critical O2 level	Critical oxygen level (O2_crit)	3	8	Positive peak rho	1	3	0.278393527208259	0.278393527208259	0.975
O2_crit	3.825	500	0.0802003747017784	Oxygen response	6	O2_crit | Critical O2 level	Critical oxygen level (O2_crit)	3	8	Positive peak rho	1	3	0.278393527208259	0.278393527208259	0.975
O2_crit	3.85	500	0.081514157614271	Oxygen response	6	O2_crit | Critical O2 level	Critical oxygen level (O2_crit)	3	8	Positive peak rho	1	3	0.278393527208259	0.278393527208259	0.975
O2_crit	3.875	500	0.0890764975021617	Oxygen response	6	O2_crit | Critical O2 level	Critical oxygen level (O2_crit)	3	8	Positive peak rho	1	3	0.278393527208259	0.278393527208259	0.975
O2_crit	3.9	500	0.0890453929596957	Oxygen response	6	O2_crit | Critical O2 level	Critical oxygen level (O2_crit)	3	8	Positive peak rho	1	3	0.278393527208259	0.278393527208259	0.975
O2_crit	3.925	500	0.0893560543776589	Oxygen response	6	O2_crit | Critical O2 level	Critical oxygen level (O2_crit)	3	8	Positive peak rho	1	3	0.278393527208259	0.278393527208259	0.975
O2_crit	3.95	500	0.0888339012712615	Oxygen response	6	O2_crit | Critical O2 level	Critical oxygen level (O2_crit)	3	8	Positive peak rho	1	3	0.278393527208259	0.278393527208259	0.975
O2_crit	3.975	500	0.089373718685726	Oxygen response	6	O2_crit | Critical O2 level	Critical oxygen level (O2_crit)	3	8	Positive peak rho	1	3	0.278393527208259	0.278393527208259	0.975
O2_crit	4	500	0.0903252872811682	Oxygen response	6	O2_crit | Critical O2 level	Critical oxygen level (O2_crit)	3	8	Positive peak rho	1	3	0.278393527208259	0.278393527208259	0.975
O2_crit	4.025	500	0.0916026855591095	Oxygen response	6	O2_crit | Critical O2 level	Critical oxygen level (O2_crit)	3	8	Positive peak rho	1	3	0.278393527208259	0.278393527208259	0.975
O2_crit	4.05	500	0.098708921492506	Oxygen response	6	O2_crit | Critical O2 level	Critical oxygen level (O2_crit)	3	8	Positive peak rho	1	3	0.278393527208259	0.278393527208259	0.975
O2_crit	4.075	500	0.099177025656285	Oxygen response	6	O2_crit | Critical O2 level	Critical oxygen level (O2_crit)	3	8	Positive peak rho	1	3	0.278393527208259	0.278393527208259	0.975
O2_crit	4.1	500	0.0993868853162564	Oxygen response	6	O2_crit | Critical O2 level	Critical oxygen level (O2_crit)	3	8	Positive peak rho	1	3	0.278393527208259	0.278393527208259	0.975
O2_crit	4.125	500	0.0993507886867279	Oxygen response	6	O2_crit | Critical O2 level	Critical oxygen level (O2_crit)	3	8	Positive peak rho	1	3	0.278393527208259	0.278393527208259	0.975
O2_crit	4.15	500	0.0997191471109321	Oxygen response	6	O2_crit | Critical O2 level	Critical oxygen level (O2_crit)	3	8	Positive peak rho	1	3	0.278393527208259	0.278393527208259	0.975
O2_crit	4.175	500	0.0997185711008864	Oxygen response	6	O2_crit | Critical O2 level	Critical oxygen level (O2_crit)	3	8	Positive peak rho	1	3	0.278393527208259	0.278393527208259	0.975
O2_crit	4.2	500	0.100224115917634	Oxygen response	6	O2_crit | Critical O2 level	Critical oxygen level (O2_crit)	3	8	Positive peak rho	1	3	0.278393527208259	0.278393527208259	0.975
O2_crit	4.225	500	0.0994736708298036	Oxygen response	6	O2_crit | Critical O2 level	Critical oxygen level (O2_crit)	3	8	Positive peak rho	1	3	0.278393527208259	0.278393527208259	0.975
O2_crit	4.25	500	0.0996219934165629	Oxygen response	6	O2_crit | Critical O2 level	Critical oxygen level (O2_crit)	3	8	Positive peak rho	1	3	0.278393527208259	0.278393527208259	0.975
O2_crit	4.275	500	0.0995155275597887	Oxygen response	6	O2_crit | Critical O2 level	Critical oxygen level (O2_crit)	3	8	Positive peak rho	1	3	0.278393527208259	0.278393527208259	0.975
O2_crit	4.3	500	0.0998312770664887	Oxygen response	6	O2_crit | Critical O2 level	Critical oxygen level (O2_crit)	3	8	Positive peak rho	1	3	0.278393527208259	0.278393527208259	0.975
O2_crit	4.325	500	0.100836414596178	Oxygen response	6	O2_crit | Critical O2 level	Critical oxygen level (O2_crit)	3	8	Positive peak rho	1	3	0.278393527208259	0.278393527208259	0.975
O2_crit	4.35	500	0.101425576871221	Oxygen response	6	O2_crit | Critical O2 level	Critical oxygen level (O2_crit)	3	8	Positive peak rho	1	3	0.278393527208259	0.278393527208259	0.975
O2_crit	4.375	500	0.101742382396338	Oxygen response	6	O2_crit | Critical O2 level	Critical oxygen level (O2_crit)	3	8	Positive peak rho	1	3	0.278393527208259	0.278393527208259	0.975
O2_crit	4.4	500	0.102503291666665	Oxygen response	6	O2_crit | Critical O2 level	Critical oxygen level (O2_crit)	3	8	Positive peak rho	1	3	0.278393527208259	0.278393527208259	0.975
O2_crit	4.425	500	0.103024964764691	Oxygen response	6	O2_crit | Critical O2 level	Critical oxygen level (O2_crit)	3	8	Positive peak rho	1	3	0.278393527208259	0.278393527208259	0.975
O2_crit	4.45	500	0.103219176151755	Oxygen response	6	O2_crit | Critical O2 level	Critical oxygen level (O2_crit)	3	8	Positive peak rho	1	3	0.278393527208259	0.278393527208259	0.975
O2_crit	4.475	500	0.104377148346894	Oxygen response	6	O2_crit | Critical O2 level	Critical oxygen level (O2_crit)	3	8	Positive peak rho	1	3	0.278393527208259	0.278393527208259	0.975
O2_crit	4.5	500	0.107536275442356	Oxygen response	6	O2_crit | Critical O2 level	Critical oxygen level (O2_crit)	3	8	Positive peak rho	1	3	0.278393527208259	0.278393527208259	0.975
O2_crit	4.525	500	0.107742871045402	Oxygen response	6	O2_crit | Critical O2 level	Critical oxygen level (O2_crit)	3	8	Positive peak rho	1	3	0.278393527208259	0.278393527208259	0.975
O2_crit	4.55	500	0.102651614253424	Oxygen response	6	O2_crit | Critical O2 level	Critical oxygen level (O2_crit)	3	8	Positive peak rho	1	3	0.278393527208259	0.278393527208259	0.975
O2_crit	4.575	500	0.103192295682957	Oxygen response	6	O2_crit | Critical O2 level	Critical oxygen level (O2_crit)	3	8	Positive peak rho	1	3	0.278393527208259	0.278393527208259	0.975
O2_crit	4.6	500	0.103985173510818	Oxygen response	6	O2_crit | Critical O2 level	Critical oxygen level (O2_crit)	3	8	Positive peak rho	1	3	0.278393527208259	0.278393527208259	0.975
O2_crit	4.625	500	0.104493310372771	Oxygen response	6	O2_crit | Critical O2 level	Critical oxygen level (O2_crit)	3	8	Positive peak rho	1	3	0.278393527208259	0.278393527208259	0.975
O2_crit	4.65	500	0.10515149785162	Oxygen response	6	O2_crit | Critical O2 level	Critical oxygen level (O2_crit)	3	8	Positive peak rho	1	3	0.278393527208259	0.278393527208259	0.975
O2_crit	4.675	500	0.105847317986786	Oxygen response	6	O2_crit | Critical O2 level	Critical oxygen level (O2_crit)	3	8	Positive peak rho	1	3	0.278393527208259	0.278393527208259	0.975
O2_crit	4.7	500	0.106360638939149	Oxygen response	6	O2_crit | Critical O2 level	Critical oxygen level (O2_crit)	3	8	Positive peak rho	1	3	0.278393527208259	0.278393527208259	0.975
O2_crit	4.725	500	0.106699908856047	Oxygen response	6	O2_crit | Critical O2 level	Critical oxygen level (O2_crit)	3	8	Positive peak rho	1	3	0.278393527208259	0.278393527208259	0.975
O2_crit	4.75	500	0.106908136487556	Oxygen response	6	O2_crit | Critical O2 level	Critical oxygen level (O2_crit)	3	8	Positive peak rho	1	3	0.278393527208259	0.278393527208259	0.975
O2_crit	4.775	500	0.107742487038705	Oxygen response	6	O2_crit | Critical O2 level	Critical oxygen level (O2_crit)	3	8	Positive peak rho	1	3	0.278393527208259	0.278393527208259	0.975
O2_crit	4.8	500	0.108478723878742	Oxygen response	6	O2_crit | Critical O2 level	Critical oxygen level (O2_crit)	3	8	Positive peak rho	1	3	0.278393527208259	0.278393527208259	0.975
O2_crit	4.825	500	0.109265457599449	Oxygen response	6	O2_crit | Critical O2 level	Critical oxygen level (O2_crit)	3	8	Positive peak rho	1	3	0.278393527208259	0.278393527208259	0.975
O2_crit	4.85	500	0.110712202830817	Oxygen response	6	O2_crit | Critical O2 level	Critical oxygen level (O2_crit)	3	8	Positive peak rho	1	3	0.278393527208259	0.278393527208259	0.975
O2_crit	4.875	500	0.116421038393425	Oxygen response	6	O2_crit | Critical O2 level	Critical oxygen level (O2_crit)	3	8	Positive peak rho	1	3	0.278393527208259	0.278393527208259	0.975
O2_crit	4.9	500	0.118026570394048	Oxygen response	6	O2_crit | Critical O2 level	Critical oxygen level (O2_crit)	3	8	Positive peak rho	1	3	0.278393527208259	0.278393527208259	0.975
O2_crit	4.925	500	0.118512434867568	Oxygen response	6	O2_crit | Critical O2 level	Critical oxygen level (O2_crit)	3	8	Positive peak rho	1	3	0.278393527208259	0.278393527208259	0.975
O2_crit	4.95	500	0.119114941375336	Oxygen response	6	O2_crit | Critical O2 level	Critical oxygen level (O2_crit)	3	8	Positive peak rho	1	3	0.278393527208259	0.278393527208259	0.975
O2_crit	4.975	500	0.119583909554183	Oxygen response	6	O2_crit | Critical O2 level	Critical oxygen level (O2_crit)	3	8	Positive peak rho	1	3	0.278393527208259	0.278393527208259	0.975
O2_crit	5	500	0.119525636537897	Oxygen response	6	O2_crit | Critical O2 level	Critical oxygen level (O2_crit)	3	8	Positive peak rho	1	3	0.278393527208259	0.278393527208259	0.975
n_O	0	500	-0.0249440677762711	Oxygen response	7	n_O | O2-response Hill exponent	Oxygen-response Hill exponent (n_O)	4	10	Positive peak rho	1	4	0.253866775467102	0.253866775467102	5
n_O	0.025	500	-0.0552048288193153	Oxygen response	7	n_O | O2-response Hill exponent	Oxygen-response Hill exponent (n_O)	4	10	Positive peak rho	1	4	0.253866775467102	0.253866775467102	5
n_O	0.05	500	-0.0729264997059988	Oxygen response	7	n_O | O2-response Hill exponent	Oxygen-response Hill exponent (n_O)	4	10	Positive peak rho	1	4	0.253866775467102	0.253866775467102	5
n_O	0.075	500	-0.0897158148632595	Oxygen response	7	n_O | O2-response Hill exponent	Oxygen-response Hill exponent (n_O)	4	10	Positive peak rho	1	4	0.253866775467102	0.253866775467102	5
n_O	0.1	500	-0.1227248748995	Oxygen response	7	n_O | O2-response Hill exponent	Oxygen-response Hill exponent (n_O)	4	10	Positive peak rho	1	4	0.253866775467102	0.253866775467102	5
n_O	0.125	500	-0.14936699746799	Oxygen response	7	n_O | O2-response Hill exponent	Oxygen-response Hill exponent (n_O)	4	10	Positive peak rho	1	4	0.253866775467102	0.253866775467102	5
n_O	0.15	500	-0.144543458173833	Oxygen response	7	n_O | O2-response Hill exponent	Oxygen-response Hill exponent (n_O)	4	10	Positive peak rho	1	4	0.253866775467102	0.253866775467102	5
n_O	0.175	500	-0.141775383101532	Oxygen response	7	n_O | O2-response Hill exponent	Oxygen-response Hill exponent (n_O)	4	10	Positive peak rho	1	4	0.253866775467102	0.253866775467102	5
n_O	0.2	500	-0.142105144420578	Oxygen response	7	n_O | O2-response Hill exponent	Oxygen-response Hill exponent (n_O)	4	10	Positive peak rho	1	4	0.253866775467102	0.253866775467102	5
n_O	0.225	500	-0.13400732002928	Oxygen response	7	n_O | O2-response Hill exponent	Oxygen-response Hill exponent (n_O)	4	10	Positive peak rho	1	4	0.253866775467102	0.253866775467102	5
n_O	0.25	500	-0.132795027180109	Oxygen response	7	n_O | O2-response Hill exponent	Oxygen-response Hill exponent (n_O)	4	10	Positive peak rho	1	4	0.253866775467102	0.253866775467102	5
n_O	0.275	500	-0.125378229512918	Oxygen response	7	n_O | O2-response Hill exponent	Oxygen-response Hill exponent (n_O)	4	10	Positive peak rho	1	4	0.253866775467102	0.253866775467102	5
n_O	0.3	500	-0.101820023280093	Oxygen response	7	n_O | O2-response Hill exponent	Oxygen-response Hill exponent (n_O)	4	10	Positive peak rho	1	4	0.253866775467102	0.253866775467102	5
n_O	0.325	500	-0.0878504314017256	Oxygen response	7	n_O | O2-response Hill exponent	Oxygen-response Hill exponent (n_O)	4	10	Positive peak rho	1	4	0.253866775467102	0.253866775467102	5
n_O	0.35	500	-0.0633381733526934	Oxygen response	7	n_O | O2-response Hill exponent	Oxygen-response Hill exponent (n_O)	4	10	Positive peak rho	1	4	0.253866775467102	0.253866775467102	5
n_O	0.375	500	-0.0460444721778887	Oxygen response	7	n_O | O2-response Hill exponent	Oxygen-response Hill exponent (n_O)	4	10	Positive peak rho	1	4	0.253866775467102	0.253866775467102	5
n_O	0.4	500	-0.0126955707822831	Oxygen response	7	n_O | O2-response Hill exponent	Oxygen-response Hill exponent (n_O)	4	10	Positive peak rho	1	4	0.253866775467102	0.253866775467102	5
n_O	0.425	500	-0.0148967635870544	Oxygen response	7	n_O | O2-response Hill exponent	Oxygen-response Hill exponent (n_O)	4	10	Positive peak rho	1	4	0.253866775467102	0.253866775467102	5
n_O	0.45	500	-0.00215664862659451	Oxygen response	7	n_O | O2-response Hill exponent	Oxygen-response Hill exponent (n_O)	4	10	Positive peak rho	1	4	0.253866775467102	0.253866775467102	5
n_O	0.475	500	0.0141077364309457	Oxygen response	7	n_O | O2-response Hill exponent	Oxygen-response Hill exponent (n_O)	4	10	Positive peak rho	1	4	0.253866775467102	0.253866775467102	5
n_O	0.5	500	0.0404227856911428	Oxygen response	7	n_O | O2-response Hill exponent	Oxygen-response Hill exponent (n_O)	4	10	Positive peak rho	1	4	0.253866775467102	0.253866775467102	5
n_O	0.525	500	0.0545497221988888	Oxygen response	7	n_O | O2-response Hill exponent	Oxygen-response Hill exponent (n_O)	4	10	Positive peak rho	1	4	0.253866775467102	0.253866775467102	5
n_O	0.55	500	0.0786831627326509	Oxygen response	7	n_O | O2-response Hill exponent	Oxygen-response Hill exponent (n_O)	4	10	Positive peak rho	1	4	0.253866775467102	0.253866775467102	5
n_O	0.575	500	0.0908520754083016	Oxygen response	7	n_O | O2-response Hill exponent	Oxygen-response Hill exponent (n_O)	4	10	Positive peak rho	1	4	0.253866775467102	0.253866775467102	5
n_O	0.6	500	0.091376909507638	Oxygen response	7	n_O | O2-response Hill exponent	Oxygen-response Hill exponent (n_O)	4	10	Positive peak rho	1	4	0.253866775467102	0.253866775467102	5
n_O	0.625	500	0.10811947247789	Oxygen response	7	n_O | O2-response Hill exponent	Oxygen-response Hill exponent (n_O)	4	10	Positive peak rho	1	4	0.253866775467102	0.253866775467102	5
n_O	0.65	500	0.128370081480326	Oxygen response	7	n_O | O2-response Hill exponent	Oxygen-response Hill exponent (n_O)	4	10	Positive peak rho	1	4	0.253866775467102	0.253866775467102	5
n_O	0.675	500	0.131433069732279	Oxygen response	7	n_O | O2-response Hill exponent	Oxygen-response Hill exponent (n_O)	4	10	Positive peak rho	1	4	0.253866775467102	0.253866775467102	5
n_O	0.7	500	0.130914091656367	Oxygen response	7	n_O | O2-response Hill exponent	Oxygen-response Hill exponent (n_O)	4	10	Positive peak rho	1	4	0.253866775467102	0.253866775467102	5
n_O	0.725	500	0.157073044292177	Oxygen response	7	n_O | O2-response Hill exponent	Oxygen-response Hill exponent (n_O)	4	10	Positive peak rho	1	4	0.253866775467102	0.253866775467102	5
n_O	0.75	500	0.157055476221905	Oxygen response	7	n_O | O2-response Hill exponent	Oxygen-response Hill exponent (n_O)	4	10	Positive peak rho	1	4	0.253866775467102	0.253866775467102	5
n_O	0.775	500	0.151229980919924	Oxygen response	7	n_O | O2-response Hill exponent	Oxygen-response Hill exponent (n_O)	4	10	Positive peak rho	1	4	0.253866775467102	0.253866775467102	5
n_O	0.8	500	0.150067320269281	Oxygen response	7	n_O | O2-response Hill exponent	Oxygen-response Hill exponent (n_O)	4	10	Positive peak rho	1	4	0.253866775467102	0.253866775467102	5
n_O	0.825	500	0.147223692894772	Oxygen response	7	n_O | O2-response Hill exponent	Oxygen-response Hill exponent (n_O)	4	10	Positive peak rho	1	4	0.253866775467102	0.253866775467102	5
n_O	0.85	500	0.154489961959848	Oxygen response	7	n_O | O2-response Hill exponent	Oxygen-response Hill exponent (n_O)	4	10	Positive peak rho	1	4	0.253866775467102	0.253866775467102	5
n_O	0.875	500	0.162355561422246	Oxygen response	7	n_O | O2-response Hill exponent	Oxygen-response Hill exponent (n_O)	4	10	Positive peak rho	1	4	0.253866775467102	0.253866775467102	5
n_O	0.9	500	0.165925719702879	Oxygen response	7	n_O | O2-response Hill exponent	Oxygen-response Hill exponent (n_O)	4	10	Positive peak rho	1	4	0.253866775467102	0.253866775467102	5
n_O	0.925	500	0.167442045768183	Oxygen response	7	n_O | O2-response Hill exponent	Oxygen-response Hill exponent (n_O)	4	10	Positive peak rho	1	4	0.253866775467102	0.253866775467102	5
n_O	0.95	500	0.170122376489506	Oxygen response	7	n_O | O2-response Hill exponent	Oxygen-response Hill exponent (n_O)	4	10	Positive peak rho	1	4	0.253866775467102	0.253866775467102	5
n_O	0.975	500	0.174863835455342	Oxygen response	7	n_O | O2-response Hill exponent	Oxygen-response Hill exponent (n_O)	4	10	Positive peak rho	1	4	0.253866775467102	0.253866775467102	5
n_O	1	500	0.166472441889768	Oxygen response	7	n_O | O2-response Hill exponent	Oxygen-response Hill exponent (n_O)	4	10	Positive peak rho	1	4	0.253866775467102	0.253866775467102	5
n_O	1.025	500	0.160673538694155	Oxygen response	7	n_O | O2-response Hill exponent	Oxygen-response Hill exponent (n_O)	4	10	Positive peak rho	1	4	0.253866775467102	0.253866775467102	5
n_O	1.05	500	0.155410893643575	Oxygen response	7	n_O | O2-response Hill exponent	Oxygen-response Hill exponent (n_O)	4	10	Positive peak rho	1	4	0.253866775467102	0.253866775467102	5
n_O	1.075	500	0.145713606854427	Oxygen response	7	n_O | O2-response Hill exponent	Oxygen-response Hill exponent (n_O)	4	10	Positive peak rho	1	4	0.253866775467102	0.253866775467102	5
n_O	1.1	500	0.142074040296161	Oxygen response	7	n_O | O2-response Hill exponent	Oxygen-response Hill exponent (n_O)	4	10	Positive peak rho	1	4	0.253866775467102	0.253866775467102	5
n_O	1.125	500	0.13361698246793	Oxygen response	7	n_O | O2-response Hill exponent	Oxygen-response Hill exponent (n_O)	4	10	Positive peak rho	1	4	0.253866775467102	0.253866775467102	5
n_O	1.15	500	0.120720578882316	Oxygen response	7	n_O | O2-response Hill exponent	Oxygen-response Hill exponent (n_O)	4	10	Positive peak rho	1	4	0.253866775467102	0.253866775467102	5
n_O	1.175	500	0.108978483913936	Oxygen response	7	n_O | O2-response Hill exponent	Oxygen-response Hill exponent (n_O)	4	10	Positive peak rho	1	4	0.253866775467102	0.253866775467102	5
n_O	1.2	500	0.0983235932943732	Oxygen response	7	n_O | O2-response Hill exponent	Oxygen-response Hill exponent (n_O)	4	10	Positive peak rho	1	4	0.253866775467102	0.253866775467102	5
n_O	1.225	500	0.101923031692127	Oxygen response	7	n_O | O2-response Hill exponent	Oxygen-response Hill exponent (n_O)	4	10	Positive peak rho	1	4	0.253866775467102	0.253866775467102	5
n_O	1.25	500	0.0988436273745095	Oxygen response	7	n_O | O2-response Hill exponent	Oxygen-response Hill exponent (n_O)	4	10	Positive peak rho	1	4	0.253866775467102	0.253866775467102	5
n_O	1.275	500	0.0884929619718479	Oxygen response	7	n_O | O2-response Hill exponent	Oxygen-response Hill exponent (n_O)	4	10	Positive peak rho	1	4	0.253866775467102	0.253866775467102	5
n_O	1.3	500	0.084749138996556	Oxygen response	7	n_O | O2-response Hill exponent	Oxygen-response Hill exponent (n_O)	4	10	Positive peak rho	1	4	0.253866775467102	0.253866775467102	5
n_O	1.325	500	0.0714912939651759	Oxygen response	7	n_O | O2-response Hill exponent	Oxygen-response Hill exponent (n_O)	4	10	Positive peak rho	1	4	0.253866775467102	0.253866775467102	5
n_O	1.35	500	0.0622805371221485	Oxygen response	7	n_O | O2-response Hill exponent	Oxygen-response Hill exponent (n_O)	4	10	Positive peak rho	1	4	0.253866775467102	0.253866775467102	5
n_O	1.375	500	0.060814131256525	Oxygen response	7	n_O | O2-response Hill exponent	Oxygen-response Hill exponent (n_O)	4	10	Positive peak rho	1	4	0.253866775467102	0.253866775467102	5
n_O	1.4	500	0.0528215232860932	Oxygen response	7	n_O | O2-response Hill exponent	Oxygen-response Hill exponent (n_O)	4	10	Positive peak rho	1	4	0.253866775467102	0.253866775467102	5
n_O	1.425	500	0.0548377233508934	Oxygen response	7	n_O | O2-response Hill exponent	Oxygen-response Hill exponent (n_O)	4	10	Positive peak rho	1	4	0.253866775467102	0.253866775467102	5
n_O	1.45	500	0.0506624746498986	Oxygen response	7	n_O | O2-response Hill exponent	Oxygen-response Hill exponent (n_O)	4	10	Positive peak rho	1	4	0.253866775467102	0.253866775467102	5
n_O	1.475	500	0.0501917847671391	Oxygen response	7	n_O | O2-response Hill exponent	Oxygen-response Hill exponent (n_O)	4	10	Positive peak rho	1	4	0.253866775467102	0.253866775467102	5
n_O	1.5	500	0.0473509414037656	Oxygen response	7	n_O | O2-response Hill exponent	Oxygen-response Hill exponent (n_O)	4	10	Positive peak rho	1	4	0.253866775467102	0.253866775467102	5
n_O	1.525	500	0.0466101064404258	Oxygen response	7	n_O | O2-response Hill exponent	Oxygen-response Hill exponent (n_O)	4	10	Positive peak rho	1	4	0.253866775467102	0.253866775467102	5
n_O	1.55	500	0.0433625094500378	Oxygen response	7	n_O | O2-response Hill exponent	Oxygen-response Hill exponent (n_O)	4	10	Positive peak rho	1	4	0.253866775467102	0.253866775467102	5
n_O	1.575	500	0.0412308209232837	Oxygen response	7	n_O | O2-response Hill exponent	Oxygen-response Hill exponent (n_O)	4	10	Positive peak rho	1	4	0.253866775467102	0.253866775467102	5
n_O	1.6	500	0.0346524906099624	Oxygen response	7	n_O | O2-response Hill exponent	Oxygen-response Hill exponent (n_O)	4	10	Positive peak rho	1	4	0.253866775467102	0.253866775467102	5
n_O	1.625	500	0.0354509258037032	Oxygen response	7	n_O | O2-response Hill exponent	Oxygen-response Hill exponent (n_O)	4	10	Positive peak rho	1	4	0.253866775467102	0.253866775467102	5
n_O	1.65	500	0.0357671510686043	Oxygen response	7	n_O | O2-response Hill exponent	Oxygen-response Hill exponent (n_O)	4	10	Positive peak rho	1	4	0.253866775467102	0.253866775467102	5
n_O	1.675	500	0.0269930999723999	Oxygen response	7	n_O | O2-response Hill exponent	Oxygen-response Hill exponent (n_O)	4	10	Positive peak rho	1	4	0.253866775467102	0.253866775467102	5
n_O	1.7	500	0.0241747206988828	Oxygen response	7	n_O | O2-response Hill exponent	Oxygen-response Hill exponent (n_O)	4	10	Positive peak rho	1	4	0.253866775467102	0.253866775467102	5
n_O	1.725	500	0.0285526262105048	Oxygen response	7	n_O | O2-response Hill exponent	Oxygen-response Hill exponent (n_O)	4	10	Positive peak rho	1	4	0.253866775467102	0.253866775467102	5
n_O	1.75	500	0.0217434149736599	Oxygen response	7	n_O | O2-response Hill exponent	Oxygen-response Hill exponent (n_O)	4	10	Positive peak rho	1	4	0.253866775467102	0.253866775467102	5
n_O	1.775	500	0.0265353701414806	Oxygen response	7	n_O | O2-response Hill exponent	Oxygen-response Hill exponent (n_O)	4	10	Positive peak rho	1	4	0.253866775467102	0.253866775467102	5
n_O	1.8	500	0.0278244632978532	Oxygen response	7	n_O | O2-response Hill exponent	Oxygen-response Hill exponent (n_O)	4	10	Positive peak rho	1	4	0.253866775467102	0.253866775467102	5
n_O	1.825	500	0.0228992595970384	Oxygen response	7	n_O | O2-response Hill exponent	Oxygen-response Hill exponent (n_O)	4	10	Positive peak rho	1	4	0.253866775467102	0.253866775467102	5
n_O	1.85	500	0.0226394825579302	Oxygen response	7	n_O | O2-response Hill exponent	Oxygen-response Hill exponent (n_O)	4	10	Positive peak rho	1	4	0.253866775467102	0.253866775467102	5
n_O	1.875	500	0.0279466717866872	Oxygen response	7	n_O | O2-response Hill exponent	Oxygen-response Hill exponent (n_O)	4	10	Positive peak rho	1	4	0.253866775467102	0.253866775467102	5
n_O	1.9	500	0.0264405217620871	Oxygen response	7	n_O | O2-response Hill exponent	Oxygen-response Hill exponent (n_O)	4	10	Positive peak rho	1	4	0.253866775467102	0.253866775467102	5
n_O	1.925	500	0.0291800847203389	Oxygen response	7	n_O | O2-response Hill exponent	Oxygen-response Hill exponent (n_O)	4	10	Positive peak rho	1	4	0.253866775467102	0.253866775467102	5
n_O	1.95	500	0.0335883263533054	Oxygen response	7	n_O | O2-response Hill exponent	Oxygen-response Hill exponent (n_O)	4	10	Positive peak rho	1	4	0.253866775467102	0.253866775467102	5
n_O	1.975	500	0.0366493945975784	Oxygen response	7	n_O | O2-response Hill exponent	Oxygen-response Hill exponent (n_O)	4	10	Positive peak rho	1	4	0.253866775467102	0.253866775467102	5
n_O	2	500	0.0392207648830595	Oxygen response	7	n_O | O2-response Hill exponent	Oxygen-response Hill exponent (n_O)	4	10	Positive peak rho	1	4	0.253866775467102	0.253866775467102	5
n_O	2.025	500	0.0411111084444338	Oxygen response	7	n_O | O2-response Hill exponent	Oxygen-response Hill exponent (n_O)	4	10	Positive peak rho	1	4	0.253866775467102	0.253866775467102	5
n_O	2.05	500	0.0458661994647979	Oxygen response	7	n_O | O2-response Hill exponent	Oxygen-response Hill exponent (n_O)	4	10	Positive peak rho	1	4	0.253866775467102	0.253866775467102	5
n_O	2.075	500	0.0523228972915892	Oxygen response	7	n_O | O2-response Hill exponent	Oxygen-response Hill exponent (n_O)	4	10	Positive peak rho	1	4	0.253866775467102	0.253866775467102	5
n_O	2.1	500	0.0489116196464786	Oxygen response	7	n_O | O2-response Hill exponent	Oxygen-response Hill exponent (n_O)	4	10	Positive peak rho	1	4	0.253866775467102	0.253866775467102	5
n_O	2.125	500	0.0485905943623775	Oxygen response	7	n_O | O2-response Hill exponent	Oxygen-response Hill exponent (n_O)	4	10	Positive peak rho	1	4	0.253866775467102	0.253866775467102	5
n_O	2.15	500	0.0514196296785187	Oxygen response	7	n_O | O2-response Hill exponent	Oxygen-response Hill exponent (n_O)	4	10	Positive peak rho	1	4	0.253866775467102	0.253866775467102	5
n_O	2.175	500	0.0555916143664575	Oxygen response	7	n_O | O2-response Hill exponent	Oxygen-response Hill exponent (n_O)	4	10	Positive peak rho	1	4	0.253866775467102	0.253866775467102	5
n_O	2.2	500	0.0577404869619478	Oxygen response	7	n_O | O2-response Hill exponent	Oxygen-response Hill exponent (n_O)	4	10	Positive peak rho	1	4	0.253866775467102	0.253866775467102	5
n_O	2.225	500	0.0607141948567794	Oxygen response	7	n_O | O2-response Hill exponent	Oxygen-response Hill exponent (n_O)	4	10	Positive peak rho	1	4	0.253866775467102	0.253866775467102	5
n_O	2.25	500	0.0637798711194845	Oxygen response	7	n_O | O2-response Hill exponent	Oxygen-response Hill exponent (n_O)	4	10	Positive peak rho	1	4	0.253866775467102	0.253866775467102	5
n_O	2.275	500	0.0662885531542126	Oxygen response	7	n_O | O2-response Hill exponent	Oxygen-response Hill exponent (n_O)	4	10	Positive peak rho	1	4	0.253866775467102	0.253866775467102	5
n_O	2.3	500	0.0640396481585926	Oxygen response	7	n_O | O2-response Hill exponent	Oxygen-response Hill exponent (n_O)	4	10	Positive peak rho	1	4	0.253866775467102	0.253866775467102	5
n_O	2.325	500	0.0671747326989308	Oxygen response	7	n_O | O2-response Hill exponent	Oxygen-response Hill exponent (n_O)	4	10	Positive peak rho	1	4	0.253866775467102	0.253866775467102	5
n_O	2.35	500	0.074500138000552	Oxygen response	7	n_O | O2-response Hill exponent	Oxygen-response Hill exponent (n_O)	4	10	Positive peak rho	1	4	0.253866775467102	0.253866775467102	5
n_O	2.375	500	0.077251797007188	Oxygen response	7	n_O | O2-response Hill exponent	Oxygen-response Hill exponent (n_O)	4	10	Positive peak rho	1	4	0.253866775467102	0.253866775467102	5
n_O	2.4	500	0.0862168888675555	Oxygen response	7	n_O | O2-response Hill exponent	Oxygen-response Hill exponent (n_O)	4	10	Positive peak rho	1	4	0.253866775467102	0.253866775467102	5
n_O	2.425	500	0.0890751083004332	Oxygen response	7	n_O | O2-response Hill exponent	Oxygen-response Hill exponent (n_O)	4	10	Positive peak rho	1	4	0.253866775467102	0.253866775467102	5
n_O	2.45	500	0.0938059112236449	Oxygen response	7	n_O | O2-response Hill exponent	Oxygen-response Hill exponent (n_O)	4	10	Positive peak rho	1	4	0.253866775467102	0.253866775467102	5
n_O	2.475	500	0.102164088656355	Oxygen response	7	n_O | O2-response Hill exponent	Oxygen-response Hill exponent (n_O)	4	10	Positive peak rho	1	4	0.253866775467102	0.253866775467102	5
n_O	2.5	500	0.105467941871767	Oxygen response	7	n_O | O2-response Hill exponent	Oxygen-response Hill exponent (n_O)	4	10	Positive peak rho	1	4	0.253866775467102	0.253866775467102	5
n_O	2.525	500	0.109780567122268	Oxygen response	7	n_O | O2-response Hill exponent	Oxygen-response Hill exponent (n_O)	4	10	Positive peak rho	1	4	0.253866775467102	0.253866775467102	5
n_O	2.55	500	0.112738722954892	Oxygen response	7	n_O | O2-response Hill exponent	Oxygen-response Hill exponent (n_O)	4	10	Positive peak rho	1	4	0.253866775467102	0.253866775467102	5
n_O	2.575	500	0.115630350521402	Oxygen response	7	n_O | O2-response Hill exponent	Oxygen-response Hill exponent (n_O)	4	10	Positive peak rho	1	4	0.253866775467102	0.253866775467102	5
n_O	2.6	500	0.118049368197473	Oxygen response	7	n_O | O2-response Hill exponent	Oxygen-response Hill exponent (n_O)	4	10	Positive peak rho	1	4	0.253866775467102	0.253866775467102	5
n_O	2.625	500	0.119938559754239	Oxygen response	7	n_O | O2-response Hill exponent	Oxygen-response Hill exponent (n_O)	4	10	Positive peak rho	1	4	0.253866775467102	0.253866775467102	5
n_O	2.65	500	0.122266281065124	Oxygen response	7	n_O | O2-response Hill exponent	Oxygen-response Hill exponent (n_O)	4	10	Positive peak rho	1	4	0.253866775467102	0.253866775467102	5
n_O	2.675	500	0.117466837867351	Oxygen response	7	n_O | O2-response Hill exponent	Oxygen-response Hill exponent (n_O)	4	10	Positive peak rho	1	4	0.253866775467102	0.253866775467102	5
n_O	2.7	500	0.119887679550718	Oxygen response	7	n_O | O2-response Hill exponent	Oxygen-response Hill exponent (n_O)	4	10	Positive peak rho	1	4	0.253866775467102	0.253866775467102	5
n_O	2.725	500	0.122002856011424	Oxygen response	7	n_O | O2-response Hill exponent	Oxygen-response Hill exponent (n_O)	4	10	Positive peak rho	1	4	0.253866775467102	0.253866775467102	5
n_O	2.75	500	0.123884655538622	Oxygen response	7	n_O | O2-response Hill exponent	Oxygen-response Hill exponent (n_O)	4	10	Positive peak rho	1	4	0.253866775467102	0.253866775467102	5
n_O	2.775	500	0.126426937707751	Oxygen response	7	n_O | O2-response Hill exponent	Oxygen-response Hill exponent (n_O)	4	10	Positive peak rho	1	4	0.253866775467102	0.253866775467102	5
n_O	2.8	500	0.129003876015504	Oxygen response	7	n_O | O2-response Hill exponent	Oxygen-response Hill exponent (n_O)	4	10	Positive peak rho	1	4	0.253866775467102	0.253866775467102	5
n_O	2.825	500	0.131553934215737	Oxygen response	7	n_O | O2-response Hill exponent	Oxygen-response Hill exponent (n_O)	4	10	Positive peak rho	1	4	0.253866775467102	0.253866775467102	5
n_O	2.85	500	0.132277297109188	Oxygen response	7	n_O | O2-response Hill exponent	Oxygen-response Hill exponent (n_O)	4	10	Positive peak rho	1	4	0.253866775467102	0.253866775467102	5
n_O	2.875	500	0.135176988707955	Oxygen response	7	n_O | O2-response Hill exponent	Oxygen-response Hill exponent (n_O)	4	10	Positive peak rho	1	4	0.253866775467102	0.253866775467102	5
n_O	2.9	500	0.13635577742311	Oxygen response	7	n_O | O2-response Hill exponent	Oxygen-response Hill exponent (n_O)	4	10	Positive peak rho	1	4	0.253866775467102	0.253866775467102	5
n_O	2.925	500	0.138292105168421	Oxygen response	7	n_O | O2-response Hill exponent	Oxygen-response Hill exponent (n_O)	4	10	Positive peak rho	1	4	0.253866775467102	0.253866775467102	5
n_O	2.95	500	0.143400093600374	Oxygen response	7	n_O | O2-response Hill exponent	Oxygen-response Hill exponent (n_O)	4	10	Positive peak rho	1	4	0.253866775467102	0.253866775467102	5
n_O	2.975	500	0.145015492061968	Oxygen response	7	n_O | O2-response Hill exponent	Oxygen-response Hill exponent (n_O)	4	10	Positive peak rho	1	4	0.253866775467102	0.253866775467102	5
n_O	3	500	0.146978891915568	Oxygen response	7	n_O | O2-response Hill exponent	Oxygen-response Hill exponent (n_O)	4	10	Positive peak rho	1	4	0.253866775467102	0.253866775467102	5
n_O	3.025	500	0.15035301741207	Oxygen response	7	n_O | O2-response Hill exponent	Oxygen-response Hill exponent (n_O)	4	10	Positive peak rho	1	4	0.253866775467102	0.253866775467102	5
n_O	3.05	500	0.144939459757839	Oxygen response	7	n_O | O2-response Hill exponent	Oxygen-response Hill exponent (n_O)	4	10	Positive peak rho	1	4	0.253866775467102	0.253866775467102	5
n_O	3.075	500	0.145578246312985	Oxygen response	7	n_O | O2-response Hill exponent	Oxygen-response Hill exponent (n_O)	4	10	Positive peak rho	1	4	0.253866775467102	0.253866775467102	5
n_O	3.1	500	0.147333517334069	Oxygen response	7	n_O | O2-response Hill exponent	Oxygen-response Hill exponent (n_O)	4	10	Positive peak rho	1	4	0.253866775467102	0.253866775467102	5
n_O	3.125	500	0.152319489277957	Oxygen response	7	n_O | O2-response Hill exponent	Oxygen-response Hill exponent (n_O)	4	10	Positive peak rho	1	4	0.253866775467102	0.253866775467102	5
n_O	3.15	500	0.153962631850527	Oxygen response	7	n_O | O2-response Hill exponent	Oxygen-response Hill exponent (n_O)	4	10	Positive peak rho	1	4	0.253866775467102	0.253866775467102	5
n_O	3.175	500	0.156536210144841	Oxygen response	7	n_O | O2-response Hill exponent	Oxygen-response Hill exponent (n_O)	4	10	Positive peak rho	1	4	0.253866775467102	0.253866775467102	5
n_O	3.2	500	0.158289081156325	Oxygen response	7	n_O | O2-response Hill exponent	Oxygen-response Hill exponent (n_O)	4	10	Positive peak rho	1	4	0.253866775467102	0.253866775467102	5
n_O	3.225	500	0.159893823575294	Oxygen response	7	n_O | O2-response Hill exponent	Oxygen-response Hill exponent (n_O)	4	10	Positive peak rho	1	4	0.253866775467102	0.253866775467102	5
n_O	3.25	500	0.161839751359005	Oxygen response	7	n_O | O2-response Hill exponent	Oxygen-response Hill exponent (n_O)	4	10	Positive peak rho	1	4	0.253866775467102	0.253866775467102	5
n_O	3.275	500	0.167407293629175	Oxygen response	7	n_O | O2-response Hill exponent	Oxygen-response Hill exponent (n_O)	4	10	Positive peak rho	1	4	0.253866775467102	0.253866775467102	5
n_O	3.3	500	0.168812355249421	Oxygen response	7	n_O | O2-response Hill exponent	Oxygen-response Hill exponent (n_O)	4	10	Positive peak rho	1	4	0.253866775467102	0.253866775467102	5
n_O	3.325	500	0.173713078852315	Oxygen response	7	n_O | O2-response Hill exponent	Oxygen-response Hill exponent (n_O)	4	10	Positive peak rho	1	4	0.253866775467102	0.253866775467102	5
n_O	3.35	500	0.174453241812967	Oxygen response	7	n_O | O2-response Hill exponent	Oxygen-response Hill exponent (n_O)	4	10	Positive peak rho	1	4	0.253866775467102	0.253866775467102	5
n_O	3.375	500	0.175298621194485	Oxygen response	7	n_O | O2-response Hill exponent	Oxygen-response Hill exponent (n_O)	4	10	Positive peak rho	1	4	0.253866775467102	0.253866775467102	5
n_O	3.4	500	0.17535871743487	Oxygen response	7	n_O | O2-response Hill exponent	Oxygen-response Hill exponent (n_O)	4	10	Positive peak rho	1	4	0.253866775467102	0.253866775467102	5
n_O	3.425	500	0.174737978951916	Oxygen response	7	n_O | O2-response Hill exponent	Oxygen-response Hill exponent (n_O)	4	10	Positive peak rho	1	4	0.253866775467102	0.253866775467102	5
n_O	3.45	500	0.175663518654075	Oxygen response	7	n_O | O2-response Hill exponent	Oxygen-response Hill exponent (n_O)	4	10	Positive peak rho	1	4	0.253866775467102	0.253866775467102	5
n_O	3.475	500	0.176865251461006	Oxygen response	7	n_O | O2-response Hill exponent	Oxygen-response Hill exponent (n_O)	4	10	Positive peak rho	1	4	0.253866775467102	0.253866775467102	5
n_O	3.5	500	0.177429637718551	Oxygen response	7	n_O | O2-response Hill exponent	Oxygen-response Hill exponent (n_O)	4	10	Positive peak rho	1	4	0.253866775467102	0.253866775467102	5
n_O	3.525	500	0.174193656774627	Oxygen response	7	n_O | O2-response Hill exponent	Oxygen-response Hill exponent (n_O)	4	10	Positive peak rho	1	4	0.253866775467102	0.253866775467102	5
n_O	3.55	500	0.178598634394538	Oxygen response	7	n_O | O2-response Hill exponent	Oxygen-response Hill exponent (n_O)	4	10	Positive peak rho	1	4	0.253866775467102	0.253866775467102	5
n_O	3.575	500	0.179846735386942	Oxygen response	7	n_O | O2-response Hill exponent	Oxygen-response Hill exponent (n_O)	4	10	Positive peak rho	1	4	0.253866775467102	0.253866775467102	5
n_O	3.6	500	0.180545810183241	Oxygen response	7	n_O | O2-response Hill exponent	Oxygen-response Hill exponent (n_O)	4	10	Positive peak rho	1	4	0.253866775467102	0.253866775467102	5
n_O	3.625	500	0.181443221772887	Oxygen response	7	n_O | O2-response Hill exponent	Oxygen-response Hill exponent (n_O)	4	10	Positive peak rho	1	4	0.253866775467102	0.253866775467102	5
n_O	3.65	500	0.18252121008484	Oxygen response	7	n_O | O2-response Hill exponent	Oxygen-response Hill exponent (n_O)	4	10	Positive peak rho	1	4	0.253866775467102	0.253866775467102	5
n_O	3.675	500	0.183371869487478	Oxygen response	7	n_O | O2-response Hill exponent	Oxygen-response Hill exponent (n_O)	4	10	Positive peak rho	1	4	0.253866775467102	0.253866775467102	5
n_O	3.7	500	0.180914451657807	Oxygen response	7	n_O | O2-response Hill exponent	Oxygen-response Hill exponent (n_O)	4	10	Positive peak rho	1	4	0.253866775467102	0.253866775467102	5
n_O	3.725	500	0.183251389005556	Oxygen response	7	n_O | O2-response Hill exponent	Oxygen-response Hill exponent (n_O)	4	10	Positive peak rho	1	4	0.253866775467102	0.253866775467102	5
n_O	3.75	500	0.181929271717087	Oxygen response	7	n_O | O2-response Hill exponent	Oxygen-response Hill exponent (n_O)	4	10	Positive peak rho	1	4	0.253866775467102	0.253866775467102	5
n_O	3.775	500	0.183344605378422	Oxygen response	7	n_O | O2-response Hill exponent	Oxygen-response Hill exponent (n_O)	4	10	Positive peak rho	1	4	0.253866775467102	0.253866775467102	5
n_O	3.8	500	0.18512109248437	Oxygen response	7	n_O | O2-response Hill exponent	Oxygen-response Hill exponent (n_O)	4	10	Positive peak rho	1	4	0.253866775467102	0.253866775467102	5
n_O	3.825	500	0.185949575798303	Oxygen response	7	n_O | O2-response Hill exponent	Oxygen-response Hill exponent (n_O)	4	10	Positive peak rho	1	4	0.253866775467102	0.253866775467102	5
n_O	3.85	500	0.187402349609398	Oxygen response	7	n_O | O2-response Hill exponent	Oxygen-response Hill exponent (n_O)	4	10	Positive peak rho	1	4	0.253866775467102	0.253866775467102	5
n_O	3.875	500	0.192184320737283	Oxygen response	7	n_O | O2-response Hill exponent	Oxygen-response Hill exponent (n_O)	4	10	Positive peak rho	1	4	0.253866775467102	0.253866775467102	5
n_O	3.9	500	0.192945123780495	Oxygen response	7	n_O | O2-response Hill exponent	Oxygen-response Hill exponent (n_O)	4	10	Positive peak rho	1	4	0.253866775467102	0.253866775467102	5
n_O	3.925	500	0.194310153240613	Oxygen response	7	n_O | O2-response Hill exponent	Oxygen-response Hill exponent (n_O)	4	10	Positive peak rho	1	4	0.253866775467102	0.253866775467102	5
n_O	3.95	500	0.193681350725403	Oxygen response	7	n_O | O2-response Hill exponent	Oxygen-response Hill exponent (n_O)	4	10	Positive peak rho	1	4	0.253866775467102	0.253866775467102	5
n_O	3.975	500	0.194579626318505	Oxygen response	7	n_O | O2-response Hill exponent	Oxygen-response Hill exponent (n_O)	4	10	Positive peak rho	1	4	0.253866775467102	0.253866775467102	5
n_O	4	500	0.196148080592322	Oxygen response	7	n_O | O2-response Hill exponent	Oxygen-response Hill exponent (n_O)	4	10	Positive peak rho	1	4	0.253866775467102	0.253866775467102	5
n_O	4.025	500	0.198517946071784	Oxygen response	7	n_O | O2-response Hill exponent	Oxygen-response Hill exponent (n_O)	4	10	Positive peak rho	1	4	0.253866775467102	0.253866775467102	5
n_O	4.05	500	0.204960723842895	Oxygen response	7	n_O | O2-response Hill exponent	Oxygen-response Hill exponent (n_O)	4	10	Positive peak rho	1	4	0.253866775467102	0.253866775467102	5
n_O	4.075	500	0.206087480349921	Oxygen response	7	n_O | O2-response Hill exponent	Oxygen-response Hill exponent (n_O)	4	10	Positive peak rho	1	4	0.253866775467102	0.253866775467102	5
n_O	4.1	500	0.207381373525494	Oxygen response	7	n_O | O2-response Hill exponent	Oxygen-response Hill exponent (n_O)	4	10	Positive peak rho	1	4	0.253866775467102	0.253866775467102	5
n_O	4.125	500	0.208119904479618	Oxygen response	7	n_O | O2-response Hill exponent	Oxygen-response Hill exponent (n_O)	4	10	Positive peak rho	1	4	0.253866775467102	0.253866775467102	5
n_O	4.15	500	0.209144900579602	Oxygen response	7	n_O | O2-response Hill exponent	Oxygen-response Hill exponent (n_O)	4	10	Positive peak rho	1	4	0.253866775467102	0.253866775467102	5
n_O	4.175	500	0.209941511766047	Oxygen response	7	n_O | O2-response Hill exponent	Oxygen-response Hill exponent (n_O)	4	10	Positive peak rho	1	4	0.253866775467102	0.253866775467102	5
n_O	4.2	500	0.210863211452846	Oxygen response	7	n_O | O2-response Hill exponent	Oxygen-response Hill exponent (n_O)	4	10	Positive peak rho	1	4	0.253866775467102	0.253866775467102	5
n_O	4.225	500	0.211065772263089	Oxygen response	7	n_O | O2-response Hill exponent	Oxygen-response Hill exponent (n_O)	4	10	Positive peak rho	1	4	0.253866775467102	0.253866775467102	5
n_O	4.25	500	0.212298225192901	Oxygen response	7	n_O | O2-response Hill exponent	Oxygen-response Hill exponent (n_O)	4	10	Positive peak rho	1	4	0.253866775467102	0.253866775467102	5
n_O	4.275	500	0.212899763599054	Oxygen response	7	n_O | O2-response Hill exponent	Oxygen-response Hill exponent (n_O)	4	10	Positive peak rho	1	4	0.253866775467102	0.253866775467102	5
n_O	4.3	500	0.214058680234721	Oxygen response	7	n_O | O2-response Hill exponent	Oxygen-response Hill exponent (n_O)	4	10	Positive peak rho	1	4	0.253866775467102	0.253866775467102	5
n_O	4.325	500	0.215639038556154	Oxygen response	7	n_O | O2-response Hill exponent	Oxygen-response Hill exponent (n_O)	4	10	Positive peak rho	1	4	0.253866775467102	0.253866775467102	5
n_O	4.35	500	0.21722256489026	Oxygen response	7	n_O | O2-response Hill exponent	Oxygen-response Hill exponent (n_O)	4	10	Positive peak rho	1	4	0.253866775467102	0.253866775467102	5
n_O	4.375	500	0.218377545510182	Oxygen response	7	n_O | O2-response Hill exponent	Oxygen-response Hill exponent (n_O)	4	10	Positive peak rho	1	4	0.253866775467102	0.253866775467102	5
n_O	4.4	500	0.220169104676419	Oxygen response	7	n_O | O2-response Hill exponent	Oxygen-response Hill exponent (n_O)	4	10	Positive peak rho	1	4	0.253866775467102	0.253866775467102	5
n_O	4.425	500	0.221739478957916	Oxygen response	7	n_O | O2-response Hill exponent	Oxygen-response Hill exponent (n_O)	4	10	Positive peak rho	1	4	0.253866775467102	0.253866775467102	5
n_O	4.45	500	0.223076092304369	Oxygen response	7	n_O | O2-response Hill exponent	Oxygen-response Hill exponent (n_O)	4	10	Positive peak rho	1	4	0.253866775467102	0.253866775467102	5
n_O	4.475	500	0.224913155652623	Oxygen response	7	n_O | O2-response Hill exponent	Oxygen-response Hill exponent (n_O)	4	10	Positive peak rho	1	4	0.253866775467102	0.253866775467102	5
n_O	4.5	500	0.228586034344137	Oxygen response	7	n_O | O2-response Hill exponent	Oxygen-response Hill exponent (n_O)	4	10	Positive peak rho	1	4	0.253866775467102	0.253866775467102	5
n_O	4.525	500	0.229710486841947	Oxygen response	7	n_O | O2-response Hill exponent	Oxygen-response Hill exponent (n_O)	4	10	Positive peak rho	1	4	0.253866775467102	0.253866775467102	5
n_O	4.55	500	0.229570902283609	Oxygen response	7	n_O | O2-response Hill exponent	Oxygen-response Hill exponent (n_O)	4	10	Positive peak rho	1	4	0.253866775467102	0.253866775467102	5
n_O	4.575	500	0.230830235320941	Oxygen response	7	n_O | O2-response Hill exponent	Oxygen-response Hill exponent (n_O)	4	10	Positive peak rho	1	4	0.253866775467102	0.253866775467102	5
n_O	4.6	500	0.232793731174925	Oxygen response	7	n_O | O2-response Hill exponent	Oxygen-response Hill exponent (n_O)	4	10	Positive peak rho	1	4	0.253866775467102	0.253866775467102	5
n_O	4.625	500	0.234196104784419	Oxygen response	7	n_O | O2-response Hill exponent	Oxygen-response Hill exponent (n_O)	4	10	Positive peak rho	1	4	0.253866775467102	0.253866775467102	5
n_O	4.65	500	0.235217932871731	Oxygen response	7	n_O | O2-response Hill exponent	Oxygen-response Hill exponent (n_O)	4	10	Positive peak rho	1	4	0.253866775467102	0.253866775467102	5
n_O	4.675	500	0.236334321337285	Oxygen response	7	n_O | O2-response Hill exponent	Oxygen-response Hill exponent (n_O)	4	10	Positive peak rho	1	4	0.253866775467102	0.253866775467102	5
n_O	4.7	500	0.237393301573206	Oxygen response	7	n_O | O2-response Hill exponent	Oxygen-response Hill exponent (n_O)	4	10	Positive peak rho	1	4	0.253866775467102	0.253866775467102	5
n_O	4.725	500	0.238678362713451	Oxygen response	7	n_O | O2-response Hill exponent	Oxygen-response Hill exponent (n_O)	4	10	Positive peak rho	1	4	0.253866775467102	0.253866775467102	5
n_O	4.75	500	0.23934527738111	Oxygen response	7	n_O | O2-response Hill exponent	Oxygen-response Hill exponent (n_O)	4	10	Positive peak rho	1	4	0.253866775467102	0.253866775467102	5
n_O	4.775	500	0.240540866163465	Oxygen response	7	n_O | O2-response Hill exponent	Oxygen-response Hill exponent (n_O)	4	10	Positive peak rho	1	4	0.253866775467102	0.253866775467102	5
n_O	4.8	500	0.241807207228829	Oxygen response	7	n_O | O2-response Hill exponent	Oxygen-response Hill exponent (n_O)	4	10	Positive peak rho	1	4	0.253866775467102	0.253866775467102	5
n_O	4.825	500	0.243169452677811	Oxygen response	7	n_O | O2-response Hill exponent	Oxygen-response Hill exponent (n_O)	4	10	Positive peak rho	1	4	0.253866775467102	0.253866775467102	5
n_O	4.85	500	0.244807027228109	Oxygen response	7	n_O | O2-response Hill exponent	Oxygen-response Hill exponent (n_O)	4	10	Positive peak rho	1	4	0.253866775467102	0.253866775467102	5
n_O	4.875	500	0.248595010380042	Oxygen response	7	n_O | O2-response Hill exponent	Oxygen-response Hill exponent (n_O)	4	10	Positive peak rho	1	4	0.253866775467102	0.253866775467102	5
n_O	4.9	500	0.250958155832623	Oxygen response	7	n_O | O2-response Hill exponent	Oxygen-response Hill exponent (n_O)	4	10	Positive peak rho	1	4	0.253866775467102	0.253866775467102	5
n_O	4.925	500	0.252247536990148	Oxygen response	7	n_O | O2-response Hill exponent	Oxygen-response Hill exponent (n_O)	4	10	Positive peak rho	1	4	0.253866775467102	0.253866775467102	5
n_O	4.95	500	0.253271861087444	Oxygen response	7	n_O | O2-response Hill exponent	Oxygen-response Hill exponent (n_O)	4	10	Positive peak rho	1	4	0.253866775467102	0.253866775467102	5
n_O	4.975	500	0.253796695186781	Oxygen response	7	n_O | O2-response Hill exponent	Oxygen-response Hill exponent (n_O)	4	10	Positive peak rho	1	4	0.253866775467102	0.253866775467102	5
n_O	5	500	0.253866775467102	Oxygen response	7	n_O | O2-response Hill exponent	Oxygen-response Hill exponent (n_O)	4	10	Positive peak rho	1	4	0.253866775467102	0.253866775467102	5
gamma_growth	0	500	0.0818597194388778	Ploidy-linked growth and death	12	gamma_growth | Ploidy exponent of growth penalty	Ploidy exponent of the resource-stress growth penalty (gamma_growth)	5	13	Positive peak rho	1	5	0.189060084240337	0.189060084240337	0.4
gamma_growth	0.025	500	0.0759051996207985	Ploidy-linked growth and death	12	gamma_growth | Ploidy exponent of growth penalty	Ploidy exponent of the resource-stress growth penalty (gamma_growth)	5	13	Positive peak rho	1	5	0.189060084240337	0.189060084240337	0.4
gamma_growth	0.05	500	0.078190104760419	Ploidy-linked growth and death	12	gamma_growth | Ploidy exponent of growth penalty	Ploidy exponent of the resource-stress growth penalty (gamma_growth)	5	13	Positive peak rho	1	5	0.189060084240337	0.189060084240337	0.4
gamma_growth	0.075	500	0.0712021408085632	Ploidy-linked growth and death	12	gamma_growth | Ploidy exponent of growth penalty	Ploidy exponent of the resource-stress growth penalty (gamma_growth)	5	13	Positive peak rho	1	5	0.189060084240337	0.189060084240337	0.4
gamma_growth	0.1	500	0.0805409621638487	Ploidy-linked growth and death	12	gamma_growth | Ploidy exponent of growth penalty	Ploidy exponent of the resource-stress growth penalty (gamma_growth)	5	13	Positive peak rho	1	5	0.189060084240337	0.189060084240337	0.4
gamma_growth	0.125	500	0.0887218268873076	Ploidy-linked growth and death	12	gamma_growth | Ploidy exponent of growth penalty	Ploidy exponent of the resource-stress growth penalty (gamma_growth)	5	13	Positive peak rho	1	5	0.189060084240337	0.189060084240337	0.4
gamma_growth	0.15	500	0.108732530930124	Ploidy-linked growth and death	12	gamma_growth | Ploidy exponent of growth penalty	Ploidy exponent of the resource-stress growth penalty (gamma_growth)	5	13	Positive peak rho	1	5	0.189060084240337	0.189060084240337	0.4
gamma_growth	0.175	500	0.121814407257629	Ploidy-linked growth and death	12	gamma_growth | Ploidy exponent of growth penalty	Ploidy exponent of the resource-stress growth penalty (gamma_growth)	5	13	Positive peak rho	1	5	0.189060084240337	0.189060084240337	0.4
gamma_growth	0.2	500	0.129561062244249	Ploidy-linked growth and death	12	gamma_growth | Ploidy exponent of growth penalty	Ploidy exponent of the resource-stress growth penalty (gamma_growth)	5	13	Positive peak rho	1	5	0.189060084240337	0.189060084240337	0.4
gamma_growth	0.225	500	0.118796059184237	Ploidy-linked growth and death	12	gamma_growth | Ploidy exponent of growth penalty	Ploidy exponent of the resource-stress growth penalty (gamma_growth)	5	13	Positive peak rho	1	5	0.189060084240337	0.189060084240337	0.4
gamma_growth	0.25	500	0.138348553394214	Ploidy-linked growth and death	12	gamma_growth | Ploidy exponent of growth penalty	Ploidy exponent of the resource-stress growth penalty (gamma_growth)	5	13	Positive peak rho	1	5	0.189060084240337	0.189060084240337	0.4
gamma_growth	0.275	500	0.151383389533558	Ploidy-linked growth and death	12	gamma_growth | Ploidy exponent of growth penalty	Ploidy exponent of the resource-stress growth penalty (gamma_growth)	5	13	Positive peak rho	1	5	0.189060084240337	0.189060084240337	0.4
gamma_growth	0.3	500	0.160288577154309	Ploidy-linked growth and death	12	gamma_growth | Ploidy exponent of growth penalty	Ploidy exponent of the resource-stress growth penalty (gamma_growth)	5	13	Positive peak rho	1	5	0.189060084240337	0.189060084240337	0.4
gamma_growth	0.325	500	0.163091980367921	Ploidy-linked growth and death	12	gamma_growth | Ploidy exponent of growth penalty	Ploidy exponent of the resource-stress growth penalty (gamma_growth)	5	13	Positive peak rho	1	5	0.189060084240337	0.189060084240337	0.4
gamma_growth	0.35	500	0.180768147072588	Ploidy-linked growth and death	12	gamma_growth | Ploidy exponent of growth penalty	Ploidy exponent of the resource-stress growth penalty (gamma_growth)	5	13	Positive peak rho	1	5	0.189060084240337	0.189060084240337	0.4
gamma_growth	0.375	500	0.185911847647391	Ploidy-linked growth and death	12	gamma_growth | Ploidy exponent of growth penalty	Ploidy exponent of the resource-stress growth penalty (gamma_growth)	5	13	Positive peak rho	1	5	0.189060084240337	0.189060084240337	0.4
gamma_growth	0.4	500	0.189060084240337	Ploidy-linked growth and death	12	gamma_growth | Ploidy exponent of growth penalty	Ploidy exponent of the resource-stress growth penalty (gamma_growth)	5	13	Positive peak rho	1	5	0.189060084240337	0.189060084240337	0.4
gamma_growth	0.425	500	0.183350461401846	Ploidy-linked growth and death	12	gamma_growth | Ploidy exponent of growth penalty	Ploidy exponent of the resource-stress growth penalty (gamma_growth)	5	13	Positive peak rho	1	5	0.189060084240337	0.189060084240337	0.4
gamma_growth	0.45	500	0.18552727010908	Ploidy-linked growth and death	12	gamma_growth | Ploidy exponent of growth penalty	Ploidy exponent of the resource-stress growth penalty (gamma_growth)	5	13	Positive peak rho	1	5	0.189060084240337	0.189060084240337	0.4
gamma_growth	0.475	500	0.178362569450278	Ploidy-linked growth and death	12	gamma_growth | Ploidy exponent of growth penalty	Ploidy exponent of the resource-stress growth penalty (gamma_growth)	5	13	Positive peak rho	1	5	0.189060084240337	0.189060084240337	0.4
gamma_growth	0.5	500	0.170681482725931	Ploidy-linked growth and death	12	gamma_growth | Ploidy exponent of growth penalty	Ploidy exponent of the resource-stress growth penalty (gamma_growth)	5	13	Positive peak rho	1	5	0.189060084240337	0.189060084240337	0.4
gamma_growth	0.525	500	0.17036237744951	Ploidy-linked growth and death	12	gamma_growth | Ploidy exponent of growth penalty	Ploidy exponent of the resource-stress growth penalty (gamma_growth)	5	13	Positive peak rho	1	5	0.189060084240337	0.189060084240337	0.4
gamma_growth	0.55	500	0.157563798255193	Ploidy-linked growth and death	12	gamma_growth | Ploidy exponent of growth penalty	Ploidy exponent of the resource-stress growth penalty (gamma_growth)	5	13	Positive peak rho	1	5	0.189060084240337	0.189060084240337	0.4
gamma_growth	0.575	500	0.157202356809427	Ploidy-linked growth and death	12	gamma_growth | Ploidy exponent of growth penalty	Ploidy exponent of the resource-stress growth penalty (gamma_growth)	5	13	Positive peak rho	1	5	0.189060084240337	0.189060084240337	0.4
gamma_growth	0.6	500	0.156500594002376	Ploidy-linked growth and death	12	gamma_growth | Ploidy exponent of growth penalty	Ploidy exponent of the resource-stress growth penalty (gamma_growth)	5	13	Positive peak rho	1	5	0.189060084240337	0.189060084240337	0.4
gamma_growth	0.625	500	0.141789399157597	Ploidy-linked growth and death	12	gamma_growth | Ploidy exponent of growth penalty	Ploidy exponent of the resource-stress growth penalty (gamma_growth)	5	13	Positive peak rho	1	5	0.189060084240337	0.189060084240337	0.4
gamma_growth	0.65	500	0.129411685646743	Ploidy-linked growth and death	12	gamma_growth | Ploidy exponent of growth penalty	Ploidy exponent of the resource-stress growth penalty (gamma_growth)	5	13	Positive peak rho	1	5	0.189060084240337	0.189060084240337	0.4
gamma_growth	0.675	500	0.129731462925852	Ploidy-linked growth and death	12	gamma_growth | Ploidy exponent of growth penalty	Ploidy exponent of the resource-stress growth penalty (gamma_growth)	5	13	Positive peak rho	1	5	0.189060084240337	0.189060084240337	0.4
gamma_growth	0.7	500	0.122750891003564	Ploidy-linked growth and death	12	gamma_growth | Ploidy exponent of growth penalty	Ploidy exponent of the resource-stress growth penalty (gamma_growth)	5	13	Positive peak rho	1	5	0.189060084240337	0.189060084240337	0.4
gamma_growth	0.725	500	0.130783627134509	Ploidy-linked growth and death	12	gamma_growth | Ploidy exponent of growth penalty	Ploidy exponent of the resource-stress growth penalty (gamma_growth)	5	13	Positive peak rho	1	5	0.189060084240337	0.189060084240337	0.4
gamma_growth	0.75	500	0.112127968511874	Ploidy-linked growth and death	12	gamma_growth | Ploidy exponent of growth penalty	Ploidy exponent of the resource-stress growth penalty (gamma_growth)	5	13	Positive peak rho	1	5	0.189060084240337	0.189060084240337	0.4
gamma_growth	0.775	500	0.109112404449618	Ploidy-linked growth and death	12	gamma_growth | Ploidy exponent of growth penalty	Ploidy exponent of the resource-stress growth penalty (gamma_growth)	5	13	Positive peak rho	1	5	0.189060084240337	0.189060084240337	0.4
gamma_growth	0.8	500	0.111326365305461	Ploidy-linked growth and death	12	gamma_growth | Ploidy exponent of growth penalty	Ploidy exponent of the resource-stress growth penalty (gamma_growth)	5	13	Positive peak rho	1	5	0.189060084240337	0.189060084240337	0.4
gamma_growth	0.825	500	0.112904131616526	Ploidy-linked growth and death	12	gamma_growth | Ploidy exponent of growth penalty	Ploidy exponent of the resource-stress growth penalty (gamma_growth)	5	13	Positive peak rho	1	5	0.189060084240337	0.189060084240337	0.4
gamma_growth	0.85	500	0.116628370513482	Ploidy-linked growth and death	12	gamma_growth | Ploidy exponent of growth penalty	Ploidy exponent of the resource-stress growth penalty (gamma_growth)	5	13	Positive peak rho	1	5	0.189060084240337	0.189060084240337	0.4
gamma_growth	0.875	500	0.127852639410558	Ploidy-linked growth and death	12	gamma_growth | Ploidy exponent of growth penalty	Ploidy exponent of the resource-stress growth penalty (gamma_growth)	5	13	Positive peak rho	1	5	0.189060084240337	0.189060084240337	0.4
gamma_growth	0.9	500	0.128692258769035	Ploidy-linked growth and death	12	gamma_growth | Ploidy exponent of growth penalty	Ploidy exponent of the resource-stress growth penalty (gamma_growth)	5	13	Positive peak rho	1	5	0.189060084240337	0.189060084240337	0.4
gamma_growth	0.925	500	0.123002892011568	Ploidy-linked growth and death	12	gamma_growth | Ploidy exponent of growth penalty	Ploidy exponent of the resource-stress growth penalty (gamma_growth)	5	13	Positive peak rho	1	5	0.189060084240337	0.189060084240337	0.4
gamma_growth	0.95	500	0.1187236748947	Ploidy-linked growth and death	12	gamma_growth | Ploidy exponent of growth penalty	Ploidy exponent of the resource-stress growth penalty (gamma_growth)	5	13	Positive peak rho	1	5	0.189060084240337	0.189060084240337	0.4
gamma_growth	0.975	500	0.111672158688635	Ploidy-linked growth and death	12	gamma_growth | Ploidy exponent of growth penalty	Ploidy exponent of the resource-stress growth penalty (gamma_growth)	5	13	Positive peak rho	1	5	0.189060084240337	0.189060084240337	0.4
gamma_growth	1	500	0.111796671186685	Ploidy-linked growth and death	12	gamma_growth | Ploidy exponent of growth penalty	Ploidy exponent of the resource-stress growth penalty (gamma_growth)	5	13	Positive peak rho	1	5	0.189060084240337	0.189060084240337	0.4
gamma_growth	1.025	500	0.112160320641283	Ploidy-linked growth and death	12	gamma_growth | Ploidy exponent of growth penalty	Ploidy exponent of the resource-stress growth penalty (gamma_growth)	5	13	Positive peak rho	1	5	0.189060084240337	0.189060084240337	0.4
gamma_growth	1.05	500	0.108060624242497	Ploidy-linked growth and death	12	gamma_growth | Ploidy exponent of growth penalty	Ploidy exponent of the resource-stress growth penalty (gamma_growth)	5	13	Positive peak rho	1	5	0.189060084240337	0.189060084240337	0.4
gamma_growth	1.075	500	0.0923879855519422	Ploidy-linked growth and death	12	gamma_growth | Ploidy exponent of growth penalty	Ploidy exponent of the resource-stress growth penalty (gamma_growth)	5	13	Positive peak rho	1	5	0.189060084240337	0.189060084240337	0.4
gamma_growth	1.1	500	0.0759131676526706	Ploidy-linked growth and death	12	gamma_growth | Ploidy exponent of growth penalty	Ploidy exponent of the resource-stress growth penalty (gamma_growth)	5	13	Positive peak rho	1	5	0.189060084240337	0.189060084240337	0.4
gamma_growth	1.125	500	0.0822012888051552	Ploidy-linked growth and death	12	gamma_growth | Ploidy exponent of growth penalty	Ploidy exponent of the resource-stress growth penalty (gamma_growth)	5	13	Positive peak rho	1	5	0.189060084240337	0.189060084240337	0.4
gamma_growth	1.15	500	0.0671588926355705	Ploidy-linked growth and death	12	gamma_growth | Ploidy exponent of growth penalty	Ploidy exponent of the resource-stress growth penalty (gamma_growth)	5	13	Positive peak rho	1	5	0.189060084240337	0.189060084240337	0.4
gamma_growth	1.175	500	0.0527674750699003	Ploidy-linked growth and death	12	gamma_growth | Ploidy exponent of growth penalty	Ploidy exponent of the resource-stress growth penalty (gamma_growth)	5	13	Positive peak rho	1	5	0.189060084240337	0.189060084240337	0.4
gamma_growth	1.2	500	0.0522072168288673	Ploidy-linked growth and death	12	gamma_growth | Ploidy exponent of growth penalty	Ploidy exponent of the resource-stress growth penalty (gamma_growth)	5	13	Positive peak rho	1	5	0.189060084240337	0.189060084240337	0.4
gamma_growth	1.225	500	0.0542417529670119	Ploidy-linked growth and death	12	gamma_growth | Ploidy exponent of growth penalty	Ploidy exponent of the resource-stress growth penalty (gamma_growth)	5	13	Positive peak rho	1	5	0.189060084240337	0.189060084240337	0.4
gamma_growth	1.25	500	0.0432114048456194	Ploidy-linked growth and death	12	gamma_growth | Ploidy exponent of growth penalty	Ploidy exponent of the resource-stress growth penalty (gamma_growth)	5	13	Positive peak rho	1	5	0.189060084240337	0.189060084240337	0.4
gamma_growth	1.275	500	0.0442157608630435	Ploidy-linked growth and death	12	gamma_growth | Ploidy exponent of growth penalty	Ploidy exponent of the resource-stress growth penalty (gamma_growth)	5	13	Positive peak rho	1	5	0.189060084240337	0.189060084240337	0.4
gamma_growth	1.3	500	0.0460249840999364	Ploidy-linked growth and death	12	gamma_growth | Ploidy exponent of growth penalty	Ploidy exponent of the resource-stress growth penalty (gamma_growth)	5	13	Positive peak rho	1	5	0.189060084240337	0.189060084240337	0.4
gamma_growth	1.325	500	0.0437980631922528	Ploidy-linked growth and death	12	gamma_growth | Ploidy exponent of growth penalty	Ploidy exponent of the resource-stress growth penalty (gamma_growth)	5	13	Positive peak rho	1	5	0.189060084240337	0.189060084240337	0.4
gamma_growth	1.35	500	0.0434062856251425	Ploidy-linked growth and death	12	gamma_growth | Ploidy exponent of growth penalty	Ploidy exponent of the resource-stress growth penalty (gamma_growth)	5	13	Positive peak rho	1	5	0.189060084240337	0.189060084240337	0.4
gamma_growth	1.375	500	0.0425541862167449	Ploidy-linked growth and death	12	gamma_growth | Ploidy exponent of growth penalty	Ploidy exponent of the resource-stress growth penalty (gamma_growth)	5	13	Positive peak rho	1	5	0.189060084240337	0.189060084240337	0.4
gamma_growth	1.4	500	0.0376364705458822	Ploidy-linked growth and death	12	gamma_growth | Ploidy exponent of growth penalty	Ploidy exponent of the resource-stress growth penalty (gamma_growth)	5	13	Positive peak rho	1	5	0.189060084240337	0.189060084240337	0.4
gamma_growth	1.425	500	0.0317982071928288	Ploidy-linked growth and death	12	gamma_growth | Ploidy exponent of growth penalty	Ploidy exponent of the resource-stress growth penalty (gamma_growth)	5	13	Positive peak rho	1	5	0.189060084240337	0.189060084240337	0.4
gamma_growth	1.45	500	0.0292205968823875	Ploidy-linked growth and death	12	gamma_growth | Ploidy exponent of growth penalty	Ploidy exponent of the resource-stress growth penalty (gamma_growth)	5	13	Positive peak rho	1	5	0.189060084240337	0.189060084240337	0.4
gamma_growth	1.475	500	0.0289420037680151	Ploidy-linked growth and death	12	gamma_growth | Ploidy exponent of growth penalty	Ploidy exponent of the resource-stress growth penalty (gamma_growth)	5	13	Positive peak rho	1	5	0.189060084240337	0.189060084240337	0.4
gamma_growth	1.5	500	0.0273668294673179	Ploidy-linked growth and death	12	gamma_growth | Ploidy exponent of growth penalty	Ploidy exponent of the resource-stress growth penalty (gamma_growth)	5	13	Positive peak rho	1	5	0.189060084240337	0.189060084240337	0.4
gamma_growth	1.525	500	0.0358956955827823	Ploidy-linked growth and death	12	gamma_growth | Ploidy exponent of growth penalty	Ploidy exponent of the resource-stress growth penalty (gamma_growth)	5	13	Positive peak rho	1	5	0.189060084240337	0.189060084240337	0.4
gamma_growth	1.55	500	0.0314021096084384	Ploidy-linked growth and death	12	gamma_growth | Ploidy exponent of growth penalty	Ploidy exponent of the resource-stress growth penalty (gamma_growth)	5	13	Positive peak rho	1	5	0.189060084240337	0.189060084240337	0.4
gamma_growth	1.575	500	0.0216033504134017	Ploidy-linked growth and death	12	gamma_growth | Ploidy exponent of growth penalty	Ploidy exponent of the resource-stress growth penalty (gamma_growth)	5	13	Positive peak rho	1	5	0.189060084240337	0.189060084240337	0.4
gamma_growth	1.6	500	0.015560606242425	Ploidy-linked growth and death	12	gamma_growth | Ploidy exponent of growth penalty	Ploidy exponent of the resource-stress growth penalty (gamma_growth)	5	13	Positive peak rho	1	5	0.189060084240337	0.189060084240337	0.4
gamma_growth	1.625	500	0.0158237432949732	Ploidy-linked growth and death	12	gamma_growth | Ploidy exponent of growth penalty	Ploidy exponent of the resource-stress growth penalty (gamma_growth)	5	13	Positive peak rho	1	5	0.189060084240337	0.189060084240337	0.4
gamma_growth	1.65	500	0.0157046068184273	Ploidy-linked growth and death	12	gamma_growth | Ploidy exponent of growth penalty	Ploidy exponent of the resource-stress growth penalty (gamma_growth)	5	13	Positive peak rho	1	5	0.189060084240337	0.189060084240337	0.4
gamma_growth	1.675	500	0.0120537122148489	Ploidy-linked growth and death	12	gamma_growth | Ploidy exponent of growth penalty	Ploidy exponent of the resource-stress growth penalty (gamma_growth)	5	13	Positive peak rho	1	5	0.189060084240337	0.189060084240337	0.4
gamma_growth	1.7	500	0.00189831159324637	Ploidy-linked growth and death	12	gamma_growth | Ploidy exponent of growth penalty	Ploidy exponent of the resource-stress growth penalty (gamma_growth)	5	13	Positive peak rho	1	5	0.189060084240337	0.189060084240337	0.4
gamma_growth	1.725	500	-0.00123293293173173	Ploidy-linked growth and death	12	gamma_growth | Ploidy exponent of growth penalty	Ploidy exponent of the resource-stress growth penalty (gamma_growth)	5	13	Positive peak rho	1	5	0.189060084240337	0.189060084240337	0.4
gamma_growth	1.75	500	0.00545378181512726	Ploidy-linked growth and death	12	gamma_growth | Ploidy exponent of growth penalty	Ploidy exponent of the resource-stress growth penalty (gamma_growth)	5	13	Positive peak rho	1	5	0.189060084240337	0.189060084240337	0.4
gamma_growth	1.775	500	0.00782441529766119	Ploidy-linked growth and death	12	gamma_growth | Ploidy exponent of growth penalty	Ploidy exponent of the resource-stress growth penalty (gamma_growth)	5	13	Positive peak rho	1	5	0.189060084240337	0.189060084240337	0.4
gamma_growth	1.8	500	0.00911696446785787	Ploidy-linked growth and death	12	gamma_growth | Ploidy exponent of growth penalty	Ploidy exponent of the resource-stress growth penalty (gamma_growth)	5	13	Positive peak rho	1	5	0.189060084240337	0.189060084240337	0.4
gamma_growth	1.825	500	0.00254909819639279	Ploidy-linked growth and death	12	gamma_growth | Ploidy exponent of growth penalty	Ploidy exponent of the resource-stress growth penalty (gamma_growth)	5	13	Positive peak rho	1	5	0.189060084240337	0.189060084240337	0.4
gamma_growth	1.85	500	0.00144557378229513	Ploidy-linked growth and death	12	gamma_growth | Ploidy exponent of growth penalty	Ploidy exponent of the resource-stress growth penalty (gamma_growth)	5	13	Positive peak rho	1	5	0.189060084240337	0.189060084240337	0.4
gamma_growth	1.875	500	0.00626421705686823	Ploidy-linked growth and death	12	gamma_growth | Ploidy exponent of growth penalty	Ploidy exponent of the resource-stress growth penalty (gamma_growth)	5	13	Positive peak rho	1	5	0.189060084240337	0.189060084240337	0.4
gamma_growth	1.9	500	0.00381371125484502	Ploidy-linked growth and death	12	gamma_growth | Ploidy exponent of growth penalty	Ploidy exponent of the resource-stress growth penalty (gamma_growth)	5	13	Positive peak rho	1	5	0.189060084240337	0.189060084240337	0.4
gamma_growth	1.925	500	0.00386948747794991	Ploidy-linked growth and death	12	gamma_growth | Ploidy exponent of growth penalty	Ploidy exponent of the resource-stress growth penalty (gamma_growth)	5	13	Positive peak rho	1	5	0.189060084240337	0.189060084240337	0.4
gamma_growth	1.95	500	0.00169210276841107	Ploidy-linked growth and death	12	gamma_growth | Ploidy exponent of growth penalty	Ploidy exponent of the resource-stress growth penalty (gamma_growth)	5	13	Positive peak rho	1	5	0.189060084240337	0.189060084240337	0.4
gamma_growth	1.975	500	0.00420155280621122	Ploidy-linked growth and death	12	gamma_growth | Ploidy exponent of growth penalty	Ploidy exponent of the resource-stress growth penalty (gamma_growth)	5	13	Positive peak rho	1	5	0.189060084240337	0.189060084240337	0.4
gamma_growth	2	500	0.0036565586262345	Ploidy-linked growth and death	12	gamma_growth | Ploidy exponent of growth penalty	Ploidy exponent of the resource-stress growth penalty (gamma_growth)	5	13	Positive peak rho	1	5	0.189060084240337	0.189060084240337	0.4
gamma_growth	2.025	500	0.003125196500786	Ploidy-linked growth and death	12	gamma_growth | Ploidy exponent of growth penalty	Ploidy exponent of the resource-stress growth penalty (gamma_growth)	5	13	Positive peak rho	1	5	0.189060084240337	0.189060084240337	0.4
gamma_growth	2.05	500	0.0141666806667227	Ploidy-linked growth and death	12	gamma_growth | Ploidy exponent of growth penalty	Ploidy exponent of the resource-stress growth penalty (gamma_growth)	5	13	Positive peak rho	1	5	0.189060084240337	0.189060084240337	0.4
gamma_growth	2.075	500	0.0156619826479306	Ploidy-linked growth and death	12	gamma_growth | Ploidy exponent of growth penalty	Ploidy exponent of the resource-stress growth penalty (gamma_growth)	5	13	Positive peak rho	1	5	0.189060084240337	0.189060084240337	0.4
gamma_growth	2.1	500	0.0138223272893092	Ploidy-linked growth and death	12	gamma_growth | Ploidy exponent of growth penalty	Ploidy exponent of the resource-stress growth penalty (gamma_growth)	5	13	Positive peak rho	1	5	0.189060084240337	0.189060084240337	0.4
gamma_growth	2.125	500	0.00975843903375613	Ploidy-linked growth and death	12	gamma_growth | Ploidy exponent of growth penalty	Ploidy exponent of the resource-stress growth penalty (gamma_growth)	5	13	Positive peak rho	1	5	0.189060084240337	0.189060084240337	0.4
gamma_growth	2.15	500	0.00917917271669087	Ploidy-linked growth and death	12	gamma_growth | Ploidy exponent of growth penalty	Ploidy exponent of the resource-stress growth penalty (gamma_growth)	5	13	Positive peak rho	1	5	0.189060084240337	0.189060084240337	0.4
gamma_growth	2.175	500	0.00714665258661035	Ploidy-linked growth and death	12	gamma_growth | Ploidy exponent of growth penalty	Ploidy exponent of the resource-stress growth penalty (gamma_growth)	5	13	Positive peak rho	1	5	0.189060084240337	0.189060084240337	0.4
gamma_growth	2.2	500	0.00566114264457058	Ploidy-linked growth and death	12	gamma_growth | Ploidy exponent of growth penalty	Ploidy exponent of the resource-stress growth penalty (gamma_growth)	5	13	Positive peak rho	1	5	0.189060084240337	0.189060084240337	0.4
gamma_growth	2.225	500	0.00435419341677367	Ploidy-linked growth and death	12	gamma_growth | Ploidy exponent of growth penalty	Ploidy exponent of the resource-stress growth penalty (gamma_growth)	5	13	Positive peak rho	1	5	0.189060084240337	0.189060084240337	0.4
gamma_growth	2.25	500	0.00445384181536726	Ploidy-linked growth and death	12	gamma_growth | Ploidy exponent of growth penalty	Ploidy exponent of the resource-stress growth penalty (gamma_growth)	5	13	Positive peak rho	1	5	0.189060084240337	0.189060084240337	0.4
gamma_growth	2.275	500	0.00436686546746187	Ploidy-linked growth and death	12	gamma_growth | Ploidy exponent of growth penalty	Ploidy exponent of the resource-stress growth penalty (gamma_growth)	5	13	Positive peak rho	1	5	0.189060084240337	0.189060084240337	0.4
gamma_growth	2.3	500	0.00931539726158905	Ploidy-linked growth and death	12	gamma_growth | Ploidy exponent of growth penalty	Ploidy exponent of the resource-stress growth penalty (gamma_growth)	5	13	Positive peak rho	1	5	0.189060084240337	0.189060084240337	0.4
gamma_growth	2.325	500	0.00998298393193573	Ploidy-linked growth and death	12	gamma_growth | Ploidy exponent of growth penalty	Ploidy exponent of the resource-stress growth penalty (gamma_growth)	5	13	Positive peak rho	1	5	0.189060084240337	0.189060084240337	0.4
gamma_growth	2.35	500	0.0159235836943348	Ploidy-linked growth and death	12	gamma_growth | Ploidy exponent of growth penalty	Ploidy exponent of the resource-stress growth penalty (gamma_growth)	5	13	Positive peak rho	1	5	0.189060084240337	0.189060084240337	0.4
gamma_growth	2.375	500	0.0155439021756087	Ploidy-linked growth and death	12	gamma_growth | Ploidy exponent of growth penalty	Ploidy exponent of the resource-stress growth penalty (gamma_growth)	5	13	Positive peak rho	1	5	0.189060084240337	0.189060084240337	0.4
gamma_growth	2.4	500	0.0111994047976192	Ploidy-linked growth and death	12	gamma_growth | Ploidy exponent of growth penalty	Ploidy exponent of the resource-stress growth penalty (gamma_growth)	5	13	Positive peak rho	1	5	0.189060084240337	0.189060084240337	0.4
gamma_growth	2.425	500	0.0108015792063168	Ploidy-linked growth and death	12	gamma_growth | Ploidy exponent of growth penalty	Ploidy exponent of the resource-stress growth penalty (gamma_growth)	5	13	Positive peak rho	1	5	0.189060084240337	0.189060084240337	0.4
gamma_growth	2.45	500	0.00926403705614822	Ploidy-linked growth and death	12	gamma_growth | Ploidy exponent of growth penalty	Ploidy exponent of the resource-stress growth penalty (gamma_growth)	5	13	Positive peak rho	1	5	0.189060084240337	0.189060084240337	0.4
gamma_growth	2.475	500	0.0128264193056772	Ploidy-linked growth and death	12	gamma_growth | Ploidy exponent of growth penalty	Ploidy exponent of the resource-stress growth penalty (gamma_growth)	5	13	Positive peak rho	1	5	0.189060084240337	0.189060084240337	0.4
gamma_growth	2.5	500	0.0163628814515258	Ploidy-linked growth and death	12	gamma_growth | Ploidy exponent of growth penalty	Ploidy exponent of the resource-stress growth penalty (gamma_growth)	5	13	Positive peak rho	1	5	0.189060084240337	0.189060084240337	0.4
gamma_growth	2.525	500	0.0184637538550154	Ploidy-linked growth and death	12	gamma_growth | Ploidy exponent of growth penalty	Ploidy exponent of the resource-stress growth penalty (gamma_growth)	5	13	Positive peak rho	1	5	0.189060084240337	0.189060084240337	0.4
gamma_growth	2.55	500	0.0189874359497438	Ploidy-linked growth and death	12	gamma_growth | Ploidy exponent of growth penalty	Ploidy exponent of the resource-stress growth penalty (gamma_growth)	5	13	Positive peak rho	1	5	0.189060084240337	0.189060084240337	0.4
gamma_growth	2.575	500	0.0213499093996376	Ploidy-linked growth and death	12	gamma_growth | Ploidy exponent of growth penalty	Ploidy exponent of the resource-stress growth penalty (gamma_growth)	5	13	Positive peak rho	1	5	0.189060084240337	0.189060084240337	0.4
gamma_growth	2.6	500	0.0216059424237697	Ploidy-linked growth and death	12	gamma_growth | Ploidy exponent of growth penalty	Ploidy exponent of the resource-stress growth penalty (gamma_growth)	5	13	Positive peak rho	1	5	0.189060084240337	0.189060084240337	0.4
gamma_growth	2.625	500	0.0215801183204733	Ploidy-linked growth and death	12	gamma_growth | Ploidy exponent of growth penalty	Ploidy exponent of the resource-stress growth penalty (gamma_growth)	5	13	Positive peak rho	1	5	0.189060084240337	0.189060084240337	0.4
gamma_growth	2.65	500	0.021624950499802	Ploidy-linked growth and death	12	gamma_growth | Ploidy exponent of growth penalty	Ploidy exponent of the resource-stress growth penalty (gamma_growth)	5	13	Positive peak rho	1	5	0.189060084240337	0.189060084240337	0.4
gamma_growth	2.675	500	0.0197222228888916	Ploidy-linked growth and death	12	gamma_growth | Ploidy exponent of growth penalty	Ploidy exponent of the resource-stress growth penalty (gamma_growth)	5	13	Positive peak rho	1	5	0.189060084240337	0.189060084240337	0.4
gamma_growth	2.7	500	0.0202897771591086	Ploidy-linked growth and death	12	gamma_growth | Ploidy exponent of growth penalty	Ploidy exponent of the resource-stress growth penalty (gamma_growth)	5	13	Positive peak rho	1	5	0.189060084240337	0.189060084240337	0.4
gamma_growth	2.725	500	0.0203331693326773	Ploidy-linked growth and death	12	gamma_growth | Ploidy exponent of growth penalty	Ploidy exponent of the resource-stress growth penalty (gamma_growth)	5	13	Positive peak rho	1	5	0.189060084240337	0.189060084240337	0.4
gamma_growth	2.75	500	0.021564086256345	Ploidy-linked growth and death	12	gamma_growth | Ploidy exponent of growth penalty	Ploidy exponent of the resource-stress growth penalty (gamma_growth)	5	13	Positive peak rho	1	5	0.189060084240337	0.189060084240337	0.4
gamma_growth	2.775	500	0.0213870615482462	Ploidy-linked growth and death	12	gamma_growth | Ploidy exponent of growth penalty	Ploidy exponent of the resource-stress growth penalty (gamma_growth)	5	13	Positive peak rho	1	5	0.189060084240337	0.189060084240337	0.4
gamma_growth	2.8	500	0.0213821655286621	Ploidy-linked growth and death	12	gamma_growth | Ploidy exponent of growth penalty	Ploidy exponent of the resource-stress growth penalty (gamma_growth)	5	13	Positive peak rho	1	5	0.189060084240337	0.189060084240337	0.4
gamma_growth	2.825	500	0.0214255577022308	Ploidy-linked growth and death	12	gamma_growth | Ploidy exponent of growth penalty	Ploidy exponent of the resource-stress growth penalty (gamma_growth)	5	13	Positive peak rho	1	5	0.189060084240337	0.189060084240337	0.4
gamma_growth	2.85	500	0.0219557678230713	Ploidy-linked growth and death	12	gamma_growth | Ploidy exponent of growth penalty	Ploidy exponent of the resource-stress growth penalty (gamma_growth)	5	13	Positive peak rho	1	5	0.189060084240337	0.189060084240337	0.4
gamma_growth	2.875	500	0.0222086328345313	Ploidy-linked growth and death	12	gamma_growth | Ploidy exponent of growth penalty	Ploidy exponent of the resource-stress growth penalty (gamma_growth)	5	13	Positive peak rho	1	5	0.189060084240337	0.189060084240337	0.4
gamma_growth	2.9	500	0.022124440497762	Ploidy-linked growth and death	12	gamma_growth | Ploidy exponent of growth penalty	Ploidy exponent of the resource-stress growth penalty (gamma_growth)	5	13	Positive peak rho	1	5	0.189060084240337	0.189060084240337	0.4
gamma_growth	2.925	500	0.0216656546626187	Ploidy-linked growth and death	12	gamma_growth | Ploidy exponent of growth penalty	Ploidy exponent of the resource-stress growth penalty (gamma_growth)	5	13	Positive peak rho	1	5	0.189060084240337	0.189060084240337	0.4
gamma_growth	2.95	500	0.0184888099552398	Ploidy-linked growth and death	12	gamma_growth | Ploidy exponent of growth penalty	Ploidy exponent of the resource-stress growth penalty (gamma_growth)	5	13	Positive peak rho	1	5	0.189060084240337	0.189060084240337	0.4
gamma_growth	2.975	500	0.0187842991371966	Ploidy-linked growth and death	12	gamma_growth | Ploidy exponent of growth penalty	Ploidy exponent of the resource-stress growth penalty (gamma_growth)	5	13	Positive peak rho	1	5	0.189060084240337	0.189060084240337	0.4
gamma_growth	3	500	0.0191023484093936	Ploidy-linked growth and death	12	gamma_growth | Ploidy exponent of growth penalty	Ploidy exponent of the resource-stress growth penalty (gamma_growth)	5	13	Positive peak rho	1	5	0.189060084240337	0.189060084240337	0.4
gamma_growth	3.025	500	0.022939675758703	Ploidy-linked growth and death	12	gamma_growth | Ploidy exponent of growth penalty	Ploidy exponent of the resource-stress growth penalty (gamma_growth)	5	13	Positive peak rho	1	5	0.189060084240337	0.189060084240337	0.4
gamma_growth	3.05	500	0.0252598130392522	Ploidy-linked growth and death	12	gamma_growth | Ploidy exponent of growth penalty	Ploidy exponent of the resource-stress growth penalty (gamma_growth)	5	13	Positive peak rho	1	5	0.189060084240337	0.189060084240337	0.4
gamma_growth	3.075	500	0.0252863091452366	Ploidy-linked growth and death	12	gamma_growth | Ploidy exponent of growth penalty	Ploidy exponent of the resource-stress growth penalty (gamma_growth)	5	13	Positive peak rho	1	5	0.189060084240337	0.189060084240337	0.4
gamma_growth	3.1	500	0.0254615098460394	Ploidy-linked growth and death	12	gamma_growth | Ploidy exponent of growth penalty	Ploidy exponent of the resource-stress growth penalty (gamma_growth)	5	13	Positive peak rho	1	5	0.189060084240337	0.189060084240337	0.4
gamma_growth	3.125	500	0.0251517166068664	Ploidy-linked growth and death	12	gamma_growth | Ploidy exponent of growth penalty	Ploidy exponent of the resource-stress growth penalty (gamma_growth)	5	13	Positive peak rho	1	5	0.189060084240337	0.189060084240337	0.4
gamma_growth	3.15	500	0.0252218928875716	Ploidy-linked growth and death	12	gamma_growth | Ploidy exponent of growth penalty	Ploidy exponent of the resource-stress growth penalty (gamma_growth)	5	13	Positive peak rho	1	5	0.189060084240337	0.189060084240337	0.4
gamma_growth	3.175	500	0.0273931335725343	Ploidy-linked growth and death	12	gamma_growth | Ploidy exponent of growth penalty	Ploidy exponent of the resource-stress growth penalty (gamma_growth)	5	13	Positive peak rho	1	5	0.189060084240337	0.189060084240337	0.4
gamma_growth	3.2	500	0.027439501758007	Ploidy-linked growth and death	12	gamma_growth | Ploidy exponent of growth penalty	Ploidy exponent of the resource-stress growth penalty (gamma_growth)	5	13	Positive peak rho	1	5	0.189060084240337	0.189060084240337	0.4
gamma_growth	3.225	500	0.0274783819135277	Ploidy-linked growth and death	12	gamma_growth | Ploidy exponent of growth penalty	Ploidy exponent of the resource-stress growth penalty (gamma_growth)	5	13	Positive peak rho	1	5	0.189060084240337	0.189060084240337	0.4
gamma_growth	3.25	500	0.027060300241201	Ploidy-linked growth and death	12	gamma_growth | Ploidy exponent of growth penalty	Ploidy exponent of the resource-stress growth penalty (gamma_growth)	5	13	Positive peak rho	1	5	0.189060084240337	0.189060084240337	0.4
gamma_growth	3.275	500	0.0247389149556598	Ploidy-linked growth and death	12	gamma_growth | Ploidy exponent of growth penalty	Ploidy exponent of the resource-stress growth penalty (gamma_growth)	5	13	Positive peak rho	1	5	0.189060084240337	0.189060084240337	0.4
gamma_growth	3.3	500	0.0255742142968572	Ploidy-linked growth and death	12	gamma_growth | Ploidy exponent of growth penalty	Ploidy exponent of the resource-stress growth penalty (gamma_growth)	5	13	Positive peak rho	1	5	0.189060084240337	0.189060084240337	0.4
gamma_growth	3.325	500	0.0254279097116388	Ploidy-linked growth and death	12	gamma_growth | Ploidy exponent of growth penalty	Ploidy exponent of the resource-stress growth penalty (gamma_growth)	5	13	Positive peak rho	1	5	0.189060084240337	0.189060084240337	0.4
gamma_growth	3.35	500	0.0252129648518594	Ploidy-linked growth and death	12	gamma_growth | Ploidy exponent of growth penalty	Ploidy exponent of the resource-stress growth penalty (gamma_growth)	5	13	Positive peak rho	1	5	0.189060084240337	0.189060084240337	0.4
gamma_growth	3.375	500	0.0254676538706155	Ploidy-linked growth and death	12	gamma_growth | Ploidy exponent of growth penalty	Ploidy exponent of the resource-stress growth penalty (gamma_growth)	5	13	Positive peak rho	1	5	0.189060084240337	0.189060084240337	0.4
gamma_growth	3.4	500	0.0250750123000492	Ploidy-linked growth and death	12	gamma_growth | Ploidy exponent of growth penalty	Ploidy exponent of the resource-stress growth penalty (gamma_growth)	5	13	Positive peak rho	1	5	0.189060084240337	0.189060084240337	0.4
gamma_growth	3.425	500	0.0273158532634131	Ploidy-linked growth and death	12	gamma_growth | Ploidy exponent of growth penalty	Ploidy exponent of the resource-stress growth penalty (gamma_growth)	5	13	Positive peak rho	1	5	0.189060084240337	0.189060084240337	0.4
gamma_growth	3.45	500	0.0286412345649383	Ploidy-linked growth and death	12	gamma_growth | Ploidy exponent of growth penalty	Ploidy exponent of the resource-stress growth penalty (gamma_growth)	5	13	Positive peak rho	1	5	0.189060084240337	0.189060084240337	0.4
gamma_growth	3.475	500	0.0283542894171577	Ploidy-linked growth and death	12	gamma_growth | Ploidy exponent of growth penalty	Ploidy exponent of the resource-stress growth penalty (gamma_growth)	5	13	Positive peak rho	1	5	0.189060084240337	0.189060084240337	0.4
gamma_growth	3.5	500	0.0280691682766731	Ploidy-linked growth and death	12	gamma_growth | Ploidy exponent of growth penalty	Ploidy exponent of the resource-stress growth penalty (gamma_growth)	5	13	Positive peak rho	1	5	0.189060084240337	0.189060084240337	0.4
gamma_growth	3.525	500	0.0236019824079296	Ploidy-linked growth and death	12	gamma_growth | Ploidy exponent of growth penalty	Ploidy exponent of the resource-stress growth penalty (gamma_growth)	5	13	Positive peak rho	1	5	0.189060084240337	0.189060084240337	0.4
gamma_growth	3.55	500	0.0238393913575654	Ploidy-linked growth and death	12	gamma_growth | Ploidy exponent of growth penalty	Ploidy exponent of the resource-stress growth penalty (gamma_growth)	5	13	Positive peak rho	1	5	0.189060084240337	0.189060084240337	0.4
gamma_growth	3.575	500	0.0241664646658587	Ploidy-linked growth and death	12	gamma_growth | Ploidy exponent of growth penalty	Ploidy exponent of the resource-stress growth penalty (gamma_growth)	5	13	Positive peak rho	1	5	0.189060084240337	0.189060084240337	0.4
gamma_growth	3.6	500	0.0242971211884848	Ploidy-linked growth and death	12	gamma_growth | Ploidy exponent of growth penalty	Ploidy exponent of the resource-stress growth penalty (gamma_growth)	5	13	Positive peak rho	1	5	0.189060084240337	0.189060084240337	0.4
gamma_growth	3.625	500	0.0239859839439358	Ploidy-linked growth and death	12	gamma_growth | Ploidy exponent of growth penalty	Ploidy exponent of the resource-stress growth penalty (gamma_growth)	5	13	Positive peak rho	1	5	0.189060084240337	0.189060084240337	0.4
gamma_growth	3.65	500	0.0237466549866199	Ploidy-linked growth and death	12	gamma_growth | Ploidy exponent of growth penalty	Ploidy exponent of the resource-stress growth penalty (gamma_growth)	5	13	Positive peak rho	1	5	0.189060084240337	0.189060084240337	0.4
gamma_growth	3.675	500	0.0238676154704619	Ploidy-linked growth and death	12	gamma_growth | Ploidy exponent of growth penalty	Ploidy exponent of the resource-stress growth penalty (gamma_growth)	5	13	Positive peak rho	1	5	0.189060084240337	0.189060084240337	0.4
gamma_growth	3.7	500	0.0218801195204781	Ploidy-linked growth and death	12	gamma_growth | Ploidy exponent of growth penalty	Ploidy exponent of the resource-stress growth penalty (gamma_growth)	5	13	Positive peak rho	1	5	0.189060084240337	0.189060084240337	0.4
gamma_growth	3.725	500	0.0264656738626955	Ploidy-linked growth and death	12	gamma_growth | Ploidy exponent of growth penalty	Ploidy exponent of the resource-stress growth penalty (gamma_growth)	5	13	Positive peak rho	1	5	0.189060084240337	0.189060084240337	0.4
gamma_growth	3.75	500	0.0265717542870172	Ploidy-linked growth and death	12	gamma_growth | Ploidy exponent of growth penalty	Ploidy exponent of the resource-stress growth penalty (gamma_growth)	5	13	Positive peak rho	1	5	0.189060084240337	0.189060084240337	0.4
gamma_growth	3.775	500	0.0262027288109152	Ploidy-linked growth and death	12	gamma_growth | Ploidy exponent of growth penalty	Ploidy exponent of the resource-stress growth penalty (gamma_growth)	5	13	Positive peak rho	1	5	0.189060084240337	0.189060084240337	0.4
gamma_growth	3.8	500	0.0258451273805095	Ploidy-linked growth and death	12	gamma_growth | Ploidy exponent of growth penalty	Ploidy exponent of the resource-stress growth penalty (gamma_growth)	5	13	Positive peak rho	1	5	0.189060084240337	0.189060084240337	0.4
gamma_growth	3.825	500	0.0255255421021684	Ploidy-linked growth and death	12	gamma_growth | Ploidy exponent of growth penalty	Ploidy exponent of the resource-stress growth penalty (gamma_growth)	5	13	Positive peak rho	1	5	0.189060084240337	0.189060084240337	0.4
gamma_growth	3.85	500	0.025812871251485	Ploidy-linked growth and death	12	gamma_growth | Ploidy exponent of growth penalty	Ploidy exponent of the resource-stress growth penalty (gamma_growth)	5	13	Positive peak rho	1	5	0.189060084240337	0.189060084240337	0.4
gamma_growth	3.875	500	0.0317202548810195	Ploidy-linked growth and death	12	gamma_growth | Ploidy exponent of growth penalty	Ploidy exponent of the resource-stress growth penalty (gamma_growth)	5	13	Positive peak rho	1	5	0.189060084240337	0.189060084240337	0.4
gamma_growth	3.9	500	0.031246972987892	Ploidy-linked growth and death	12	gamma_growth | Ploidy exponent of growth penalty	Ploidy exponent of the resource-stress growth penalty (gamma_growth)	5	13	Positive peak rho	1	5	0.189060084240337	0.189060084240337	0.4
gamma_growth	3.925	500	0.0318399673598694	Ploidy-linked growth and death	12	gamma_growth | Ploidy exponent of growth penalty	Ploidy exponent of the resource-stress growth penalty (gamma_growth)	5	13	Positive peak rho	1	5	0.189060084240337	0.189060084240337	0.4
gamma_growth	3.95	500	0.0348814515258061	Ploidy-linked growth and death	12	gamma_growth | Ploidy exponent of growth penalty	Ploidy exponent of the resource-stress growth penalty (gamma_growth)	5	13	Positive peak rho	1	5	0.189060084240337	0.189060084240337	0.4
gamma_growth	3.975	500	0.0347679790719163	Ploidy-linked growth and death	12	gamma_growth | Ploidy exponent of growth penalty	Ploidy exponent of the resource-stress growth penalty (gamma_growth)	5	13	Positive peak rho	1	5	0.189060084240337	0.189060084240337	0.4
gamma_growth	4	500	0.0343867615470462	Ploidy-linked growth and death	12	gamma_growth | Ploidy exponent of growth penalty	Ploidy exponent of the resource-stress growth penalty (gamma_growth)	5	13	Positive peak rho	1	5	0.189060084240337	0.189060084240337	0.4
gamma_growth	4.025	500	0.032872643490574	Ploidy-linked growth and death	12	gamma_growth | Ploidy exponent of growth penalty	Ploidy exponent of the resource-stress growth penalty (gamma_growth)	5	13	Positive peak rho	1	5	0.189060084240337	0.189060084240337	0.4
gamma_growth	4.05	500	0.0293783255133021	Ploidy-linked growth and death	12	gamma_growth | Ploidy exponent of growth penalty	Ploidy exponent of the resource-stress growth penalty (gamma_growth)	5	13	Positive peak rho	1	5	0.189060084240337	0.189060084240337	0.4
gamma_growth	4.075	500	0.0296310945243781	Ploidy-linked growth and death	12	gamma_growth | Ploidy exponent of growth penalty	Ploidy exponent of the resource-stress growth penalty (gamma_growth)	5	13	Positive peak rho	1	5	0.189060084240337	0.189060084240337	0.4
gamma_growth	4.1	500	0.0299957999831999	Ploidy-linked growth and death	12	gamma_growth | Ploidy exponent of growth penalty	Ploidy exponent of the resource-stress growth penalty (gamma_growth)	5	13	Positive peak rho	1	5	0.189060084240337	0.189060084240337	0.4
gamma_growth	4.125	500	0.0299194796779187	Ploidy-linked growth and death	12	gamma_growth | Ploidy exponent of growth penalty	Ploidy exponent of the resource-stress growth penalty (gamma_growth)	5	13	Positive peak rho	1	5	0.189060084240337	0.189060084240337	0.4
gamma_growth	4.15	500	0.0297809511238045	Ploidy-linked growth and death	12	gamma_growth | Ploidy exponent of growth penalty	Ploidy exponent of the resource-stress growth penalty (gamma_growth)	5	13	Positive peak rho	1	5	0.189060084240337	0.189060084240337	0.4
gamma_growth	4.175	500	0.0300174000696003	Ploidy-linked growth and death	12	gamma_growth | Ploidy exponent of growth penalty	Ploidy exponent of the resource-stress growth penalty (gamma_growth)	5	13	Positive peak rho	1	5	0.189060084240337	0.189060084240337	0.4
gamma_growth	4.2	500	0.0300683762735051	Ploidy-linked growth and death	12	gamma_growth | Ploidy exponent of growth penalty	Ploidy exponent of the resource-stress growth penalty (gamma_growth)	5	13	Positive peak rho	1	5	0.189060084240337	0.189060084240337	0.4
gamma_growth	4.225	500	0.0288914115656463	Ploidy-linked growth and death	12	gamma_growth | Ploidy exponent of growth penalty	Ploidy exponent of the resource-stress growth penalty (gamma_growth)	5	13	Positive peak rho	1	5	0.189060084240337	0.189060084240337	0.4
gamma_growth	4.25	500	0.0290697802791211	Ploidy-linked growth and death	12	gamma_growth | Ploidy exponent of growth penalty	Ploidy exponent of the resource-stress growth penalty (gamma_growth)	5	13	Positive peak rho	1	5	0.189060084240337	0.189060084240337	0.4
gamma_growth	4.275	500	0.0293706454825819	Ploidy-linked growth and death	12	gamma_growth | Ploidy exponent of growth penalty	Ploidy exponent of the resource-stress growth penalty (gamma_growth)	5	13	Positive peak rho	1	5	0.189060084240337	0.189060084240337	0.4
gamma_growth	4.3	500	0.0292784851139405	Ploidy-linked growth and death	12	gamma_growth | Ploidy exponent of growth penalty	Ploidy exponent of the resource-stress growth penalty (gamma_growth)	5	13	Positive peak rho	1	5	0.189060084240337	0.189060084240337	0.4
gamma_growth	4.325	500	0.0290993483973936	Ploidy-linked growth and death	12	gamma_growth | Ploidy exponent of growth penalty	Ploidy exponent of the resource-stress growth penalty (gamma_growth)	5	13	Positive peak rho	1	5	0.189060084240337	0.189060084240337	0.4
gamma_growth	4.35	500	0.0291668366673467	Ploidy-linked growth and death	12	gamma_growth | Ploidy exponent of growth penalty	Ploidy exponent of the resource-stress growth penalty (gamma_growth)	5	13	Positive peak rho	1	5	0.189060084240337	0.189060084240337	0.4
gamma_growth	4.375	500	0.0290135240540962	Ploidy-linked growth and death	12	gamma_growth | Ploidy exponent of growth penalty	Ploidy exponent of the resource-stress growth penalty (gamma_growth)	5	13	Positive peak rho	1	5	0.189060084240337	0.189060084240337	0.4
gamma_growth	4.4	500	0.0291529166116665	Ploidy-linked growth and death	12	gamma_growth | Ploidy exponent of growth penalty	Ploidy exponent of the resource-stress growth penalty (gamma_growth)	5	13	Positive peak rho	1	5	0.189060084240337	0.189060084240337	0.4
gamma_growth	4.425	500	0.0291410125640503	Ploidy-linked growth and death	12	gamma_growth | Ploidy exponent of growth penalty	Ploidy exponent of the resource-stress growth penalty (gamma_growth)	5	13	Positive peak rho	1	5	0.189060084240337	0.189060084240337	0.4
gamma_growth	4.45	500	0.0294269977079908	Ploidy-linked growth and death	12	gamma_growth | Ploidy exponent of growth penalty	Ploidy exponent of the resource-stress growth penalty (gamma_growth)	5	13	Positive peak rho	1	5	0.189060084240337	0.189060084240337	0.4
gamma_growth	4.475	500	0.0290329161316645	Ploidy-linked growth and death	12	gamma_growth | Ploidy exponent of growth penalty	Ploidy exponent of the resource-stress growth penalty (gamma_growth)	5	13	Positive peak rho	1	5	0.189060084240337	0.189060084240337	0.4
gamma_growth	4.5	500	0.0268920115680463	Ploidy-linked growth and death	12	gamma_growth | Ploidy exponent of growth penalty	Ploidy exponent of the resource-stress growth penalty (gamma_growth)	5	13	Positive peak rho	1	5	0.189060084240337	0.189060084240337	0.4
gamma_growth	4.525	500	0.0265779943119773	Ploidy-linked growth and death	12	gamma_growth | Ploidy exponent of growth penalty	Ploidy exponent of the resource-stress growth penalty (gamma_growth)	5	13	Positive peak rho	1	5	0.189060084240337	0.189060084240337	0.4
gamma_growth	4.55	500	0.0257299269197077	Ploidy-linked growth and death	12	gamma_growth | Ploidy exponent of growth penalty	Ploidy exponent of the resource-stress growth penalty (gamma_growth)	5	13	Positive peak rho	1	5	0.189060084240337	0.189060084240337	0.4
gamma_growth	4.575	500	0.0255485821943288	Ploidy-linked growth and death	12	gamma_growth | Ploidy exponent of growth penalty	Ploidy exponent of the resource-stress growth penalty (gamma_growth)	5	13	Positive peak rho	1	5	0.189060084240337	0.189060084240337	0.4
gamma_growth	4.6	500	0.0253488053952216	Ploidy-linked growth and death	12	gamma_growth | Ploidy exponent of growth penalty	Ploidy exponent of the resource-stress growth penalty (gamma_growth)	5	13	Positive peak rho	1	5	0.189060084240337	0.189060084240337	0.4
gamma_growth	4.625	500	0.0252247728990916	Ploidy-linked growth and death	12	gamma_growth | Ploidy exponent of growth penalty	Ploidy exponent of the resource-stress growth penalty (gamma_growth)	5	13	Positive peak rho	1	5	0.189060084240337	0.189060084240337	0.4
gamma_growth	4.65	500	0.0250397801591206	Ploidy-linked growth and death	12	gamma_growth | Ploidy exponent of growth penalty	Ploidy exponent of the resource-stress growth penalty (gamma_growth)	5	13	Positive peak rho	1	5	0.189060084240337	0.189060084240337	0.4
gamma_growth	4.675	500	0.0250660842643371	Ploidy-linked growth and death	12	gamma_growth | Ploidy exponent of growth penalty	Ploidy exponent of the resource-stress growth penalty (gamma_growth)	5	13	Positive peak rho	1	5	0.189060084240337	0.189060084240337	0.4
gamma_growth	4.7	500	0.0246074904299617	Ploidy-linked growth and death	12	gamma_growth | Ploidy exponent of growth penalty	Ploidy exponent of the resource-stress growth penalty (gamma_growth)	5	13	Positive peak rho	1	5	0.189060084240337	0.189060084240337	0.4
gamma_growth	4.725	500	0.0245539222156889	Ploidy-linked growth and death	12	gamma_growth | Ploidy exponent of growth penalty	Ploidy exponent of the resource-stress growth penalty (gamma_growth)	5	13	Positive peak rho	1	5	0.189060084240337	0.189060084240337	0.4
gamma_growth	4.75	500	0.0245453781815127	Ploidy-linked growth and death	12	gamma_growth | Ploidy exponent of growth penalty	Ploidy exponent of the resource-stress growth penalty (gamma_growth)	5	13	Positive peak rho	1	5	0.189060084240337	0.189060084240337	0.4
gamma_growth	4.775	500	0.0245709142836571	Ploidy-linked growth and death	12	gamma_growth | Ploidy exponent of growth penalty	Ploidy exponent of the resource-stress growth penalty (gamma_growth)	5	13	Positive peak rho	1	5	0.189060084240337	0.189060084240337	0.4
gamma_growth	4.8	500	0.0241905607622431	Ploidy-linked growth and death	12	gamma_growth | Ploidy exponent of growth penalty	Ploidy exponent of the resource-stress growth penalty (gamma_growth)	5	13	Positive peak rho	1	5	0.189060084240337	0.189060084240337	0.4
gamma_growth	4.825	500	0.0244118416473666	Ploidy-linked growth and death	12	gamma_growth | Ploidy exponent of growth penalty	Ploidy exponent of the resource-stress growth penalty (gamma_growth)	5	13	Positive peak rho	1	5	0.189060084240337	0.189060084240337	0.4
gamma_growth	4.85	500	0.0248029472117888	Ploidy-linked growth and death	12	gamma_growth | Ploidy exponent of growth penalty	Ploidy exponent of the resource-stress growth penalty (gamma_growth)	5	13	Positive peak rho	1	5	0.189060084240337	0.189060084240337	0.4
gamma_growth	4.875	500	0.026246792987172	Ploidy-linked growth and death	12	gamma_growth | Ploidy exponent of growth penalty	Ploidy exponent of the resource-stress growth penalty (gamma_growth)	5	13	Positive peak rho	1	5	0.189060084240337	0.189060084240337	0.4
gamma_growth	4.9	500	0.0325275221100884	Ploidy-linked growth and death	12	gamma_growth | Ploidy exponent of growth penalty	Ploidy exponent of the resource-stress growth penalty (gamma_growth)	5	13	Positive peak rho	1	5	0.189060084240337	0.189060084240337	0.4
gamma_growth	4.925	500	0.0324857619430478	Ploidy-linked growth and death	12	gamma_growth | Ploidy exponent of growth penalty	Ploidy exponent of the resource-stress growth penalty (gamma_growth)	5	13	Positive peak rho	1	5	0.189060084240337	0.189060084240337	0.4
gamma_growth	4.95	500	0.0323926415705663	Ploidy-linked growth and death	12	gamma_growth | Ploidy exponent of growth penalty	Ploidy exponent of the resource-stress growth penalty (gamma_growth)	5	13	Positive peak rho	1	5	0.189060084240337	0.189060084240337	0.4
gamma_growth	4.975	500	0.0322096648386594	Ploidy-linked growth and death	12	gamma_growth | Ploidy exponent of growth penalty	Ploidy exponent of the resource-stress growth penalty (gamma_growth)	5	13	Positive peak rho	1	5	0.189060084240337	0.189060084240337	0.4
gamma_growth	5	500	0.0307666830667323	Ploidy-linked growth and death	12	gamma_growth | Ploidy exponent of growth penalty	Ploidy exponent of the resource-stress growth penalty (gamma_growth)	5	13	Positive peak rho	1	5	0.189060084240337	0.189060084240337	0.4
buffer_n_exp	0	500	-0.131296070018131	Post-missegregation survival	18	buffer_n_exp | Ploidy exponent of post-missegregation survival	Ploidy exponent of post-missegregation survival (buffer_n_exp)	6	14	Positive peak rho	1	6	0.180442144522499	0.180442144522499	3.025
buffer_n_exp	0.025	500	-0.121034755714292	Post-missegregation survival	18	buffer_n_exp | Ploidy exponent of post-missegregation survival	Ploidy exponent of post-missegregation survival (buffer_n_exp)	6	14	Positive peak rho	1	6	0.180442144522499	0.180442144522499	3.025
buffer_n_exp	0.05	500	-0.119701347539997	Post-missegregation survival	18	buffer_n_exp | Ploidy exponent of post-missegregation survival	Ploidy exponent of post-missegregation survival (buffer_n_exp)	6	14	Positive peak rho	1	6	0.180442144522499	0.180442144522499	3.025
buffer_n_exp	0.075	500	-0.109166576014752	Post-missegregation survival	18	buffer_n_exp | Ploidy exponent of post-missegregation survival	Ploidy exponent of post-missegregation survival (buffer_n_exp)	6	14	Positive peak rho	1	6	0.180442144522499	0.180442144522499	3.025
buffer_n_exp	0.1	500	-0.0930194576503262	Post-missegregation survival	18	buffer_n_exp | Ploidy exponent of post-missegregation survival	Ploidy exponent of post-missegregation survival (buffer_n_exp)	6	14	Positive peak rho	1	6	0.180442144522499	0.180442144522499	3.025
buffer_n_exp	0.125	500	-0.0772126762193411	Post-missegregation survival	18	buffer_n_exp | Ploidy exponent of post-missegregation survival	Ploidy exponent of post-missegregation survival (buffer_n_exp)	6	14	Positive peak rho	1	6	0.180442144522499	0.180442144522499	3.025
buffer_n_exp	0.15	500	-0.0618920625931619	Post-missegregation survival	18	buffer_n_exp | Ploidy exponent of post-missegregation survival	Ploidy exponent of post-missegregation survival (buffer_n_exp)	6	14	Positive peak rho	1	6	0.180442144522499	0.180442144522499	3.025
buffer_n_exp	0.175	500	-0.0543991984361128	Post-missegregation survival	18	buffer_n_exp | Ploidy exponent of post-missegregation survival	Ploidy exponent of post-missegregation survival (buffer_n_exp)	6	14	Positive peak rho	1	6	0.180442144522499	0.180442144522499	3.025
buffer_n_exp	0.2	500	-0.0433264687031468	Post-missegregation survival	18	buffer_n_exp | Ploidy exponent of post-missegregation survival	Ploidy exponent of post-missegregation survival (buffer_n_exp)	6	14	Positive peak rho	1	6	0.180442144522499	0.180442144522499	3.025
buffer_n_exp	0.225	500	-0.0202436224145325	Post-missegregation survival	18	buffer_n_exp | Ploidy exponent of post-missegregation survival	Ploidy exponent of post-missegregation survival (buffer_n_exp)	6	14	Positive peak rho	1	6	0.180442144522499	0.180442144522499	3.025
buffer_n_exp	0.25	500	-0.00281235516881031	Post-missegregation survival	18	buffer_n_exp | Ploidy exponent of post-missegregation survival	Ploidy exponent of post-missegregation survival (buffer_n_exp)	6	14	Positive peak rho	1	6	0.180442144522499	0.180442144522499	3.025
buffer_n_exp	0.275	500	0.0145368457053757	Post-missegregation survival	18	buffer_n_exp | Ploidy exponent of post-missegregation survival	Ploidy exponent of post-missegregation survival (buffer_n_exp)	6	14	Positive peak rho	1	6	0.180442144522499	0.180442144522499	3.025
buffer_n_exp	0.3	500	0.0423347603676326	Post-missegregation survival	18	buffer_n_exp | Ploidy exponent of post-missegregation survival	Ploidy exponent of post-missegregation survival (buffer_n_exp)	6	14	Positive peak rho	1	6	0.180442144522499	0.180442144522499	3.025
buffer_n_exp	0.325	500	0.0655785268367324	Post-missegregation survival	18	buffer_n_exp | Ploidy exponent of post-missegregation survival	Ploidy exponent of post-missegregation survival (buffer_n_exp)	6	14	Positive peak rho	1	6	0.180442144522499	0.180442144522499	3.025
buffer_n_exp	0.35	500	0.0725416102180999	Post-missegregation survival	18	buffer_n_exp | Ploidy exponent of post-missegregation survival	Ploidy exponent of post-missegregation survival (buffer_n_exp)	6	14	Positive peak rho	1	6	0.180442144522499	0.180442144522499	3.025
buffer_n_exp	0.375	500	0.0725192196303736	Post-missegregation survival	18	buffer_n_exp | Ploidy exponent of post-missegregation survival	Ploidy exponent of post-missegregation survival (buffer_n_exp)	6	14	Positive peak rho	1	6	0.180442144522499	0.180442144522499	3.025
buffer_n_exp	0.4	500	0.0723538213323429	Post-missegregation survival	18	buffer_n_exp | Ploidy exponent of post-missegregation survival	Ploidy exponent of post-missegregation survival (buffer_n_exp)	6	14	Positive peak rho	1	6	0.180442144522499	0.180442144522499	3.025
buffer_n_exp	0.425	500	0.0898328876153417	Post-missegregation survival	18	buffer_n_exp | Ploidy exponent of post-missegregation survival	Ploidy exponent of post-missegregation survival (buffer_n_exp)	6	14	Positive peak rho	1	6	0.180442144522499	0.180442144522499	3.025
buffer_n_exp	0.45	500	0.0832447979031998	Post-missegregation survival	18	buffer_n_exp | Ploidy exponent of post-missegregation survival	Ploidy exponent of post-missegregation survival (buffer_n_exp)	6	14	Positive peak rho	1	6	0.180442144522499	0.180442144522499	3.025
buffer_n_exp	0.475	500	0.0943211296002782	Post-missegregation survival	18	buffer_n_exp | Ploidy exponent of post-missegregation survival	Ploidy exponent of post-missegregation survival (buffer_n_exp)	6	14	Positive peak rho	1	6	0.180442144522499	0.180442144522499	3.025
buffer_n_exp	0.5	500	0.104051981675766	Post-missegregation survival	18	buffer_n_exp | Ploidy exponent of post-missegregation survival	Ploidy exponent of post-missegregation survival (buffer_n_exp)	6	14	Positive peak rho	1	6	0.180442144522499	0.180442144522499	3.025
buffer_n_exp	0.525	500	0.102041891000229	Post-missegregation survival	18	buffer_n_exp | Ploidy exponent of post-missegregation survival	Ploidy exponent of post-missegregation survival (buffer_n_exp)	6	14	Positive peak rho	1	6	0.180442144522499	0.180442144522499	3.025
buffer_n_exp	0.55	500	0.0884422374167729	Post-missegregation survival	18	buffer_n_exp | Ploidy exponent of post-missegregation survival	Ploidy exponent of post-missegregation survival (buffer_n_exp)	6	14	Positive peak rho	1	6	0.180442144522499	0.180442144522499	3.025
buffer_n_exp	0.575	500	0.0849124099369054	Post-missegregation survival	18	buffer_n_exp | Ploidy exponent of post-missegregation survival	Ploidy exponent of post-missegregation survival (buffer_n_exp)	6	14	Positive peak rho	1	6	0.180442144522499	0.180442144522499	3.025
buffer_n_exp	0.6	500	0.0922628504859386	Post-missegregation survival	18	buffer_n_exp | Ploidy exponent of post-missegregation survival	Ploidy exponent of post-missegregation survival (buffer_n_exp)	6	14	Positive peak rho	1	6	0.180442144522499	0.180442144522499	3.025
buffer_n_exp	0.625	500	0.082902513962131	Post-missegregation survival	18	buffer_n_exp | Ploidy exponent of post-missegregation survival	Ploidy exponent of post-missegregation survival (buffer_n_exp)	6	14	Positive peak rho	1	6	0.180442144522499	0.180442144522499	3.025
buffer_n_exp	0.65	500	0.0801088500665531	Post-missegregation survival	18	buffer_n_exp | Ploidy exponent of post-missegregation survival	Ploidy exponent of post-missegregation survival (buffer_n_exp)	6	14	Positive peak rho	1	6	0.180442144522499	0.180442144522499	3.025
buffer_n_exp	0.675	500	0.0987413236686029	Post-missegregation survival	18	buffer_n_exp | Ploidy exponent of post-missegregation survival	Ploidy exponent of post-missegregation survival (buffer_n_exp)	6	14	Positive peak rho	1	6	0.180442144522499	0.180442144522499	3.025
buffer_n_exp	0.7	500	0.11215513537393	Post-missegregation survival	18	buffer_n_exp | Ploidy exponent of post-missegregation survival	Ploidy exponent of post-missegregation survival (buffer_n_exp)	6	14	Positive peak rho	1	6	0.180442144522499	0.180442144522499	3.025
buffer_n_exp	0.725	500	0.109112741253827	Post-missegregation survival	18	buffer_n_exp | Ploidy exponent of post-missegregation survival	Ploidy exponent of post-missegregation survival (buffer_n_exp)	6	14	Positive peak rho	1	6	0.180442144522499	0.180442144522499	3.025
buffer_n_exp	0.75	500	0.111878854991463	Post-missegregation survival	18	buffer_n_exp | Ploidy exponent of post-missegregation survival	Ploidy exponent of post-missegregation survival (buffer_n_exp)	6	14	Positive peak rho	1	6	0.180442144522499	0.180442144522499	3.025
buffer_n_exp	0.775	500	0.106818971566835	Post-missegregation survival	18	buffer_n_exp | Ploidy exponent of post-missegregation survival	Ploidy exponent of post-missegregation survival (buffer_n_exp)	6	14	Positive peak rho	1	6	0.180442144522499	0.180442144522499	3.025
buffer_n_exp	0.8	500	0.108648282584078	Post-missegregation survival	18	buffer_n_exp | Ploidy exponent of post-missegregation survival	Ploidy exponent of post-missegregation survival (buffer_n_exp)	6	14	Positive peak rho	1	6	0.180442144522499	0.180442144522499	3.025
buffer_n_exp	0.825	500	0.116891523481104	Post-missegregation survival	18	buffer_n_exp | Ploidy exponent of post-missegregation survival	Ploidy exponent of post-missegregation survival (buffer_n_exp)	6	14	Positive peak rho	1	6	0.180442144522499	0.180442144522499	3.025
buffer_n_exp	0.85	500	0.119870737203666	Post-missegregation survival	18	buffer_n_exp | Ploidy exponent of post-missegregation survival	Ploidy exponent of post-missegregation survival (buffer_n_exp)	6	14	Positive peak rho	1	6	0.180442144522499	0.180442144522499	3.025
buffer_n_exp	0.875	500	0.119401605715608	Post-missegregation survival	18	buffer_n_exp | Ploidy exponent of post-missegregation survival	Ploidy exponent of post-missegregation survival (buffer_n_exp)	6	14	Positive peak rho	1	6	0.180442144522499	0.180442144522499	3.025
buffer_n_exp	0.9	500	0.134275965193363	Post-missegregation survival	18	buffer_n_exp | Ploidy exponent of post-missegregation survival	Ploidy exponent of post-missegregation survival (buffer_n_exp)	6	14	Positive peak rho	1	6	0.180442144522499	0.180442144522499	3.025
buffer_n_exp	0.925	500	0.131140309407861	Post-missegregation survival	18	buffer_n_exp | Ploidy exponent of post-missegregation survival	Ploidy exponent of post-missegregation survival (buffer_n_exp)	6	14	Positive peak rho	1	6	0.180442144522499	0.180442144522499	3.025
buffer_n_exp	0.95	500	0.132233846242339	Post-missegregation survival	18	buffer_n_exp | Ploidy exponent of post-missegregation survival	Ploidy exponent of post-missegregation survival (buffer_n_exp)	6	14	Positive peak rho	1	6	0.180442144522499	0.180442144522499	3.025
buffer_n_exp	0.975	500	0.122429299928117	Post-missegregation survival	18	buffer_n_exp | Ploidy exponent of post-missegregation survival	Ploidy exponent of post-missegregation survival (buffer_n_exp)	6	14	Positive peak rho	1	6	0.180442144522499	0.180442144522499	3.025
buffer_n_exp	1	500	0.12779135893667	Post-missegregation survival	18	buffer_n_exp | Ploidy exponent of post-missegregation survival	Ploidy exponent of post-missegregation survival (buffer_n_exp)	6	14	Positive peak rho	1	6	0.180442144522499	0.180442144522499	3.025
buffer_n_exp	1.025	500	0.133725059384914	Post-missegregation survival	18	buffer_n_exp | Ploidy exponent of post-missegregation survival	Ploidy exponent of post-missegregation survival (buffer_n_exp)	6	14	Positive peak rho	1	6	0.180442144522499	0.180442144522499	3.025
buffer_n_exp	1.05	500	0.132894271229885	Post-missegregation survival	18	buffer_n_exp | Ploidy exponent of post-missegregation survival	Ploidy exponent of post-missegregation survival (buffer_n_exp)	6	14	Positive peak rho	1	6	0.180442144522499	0.180442144522499	3.025
buffer_n_exp	1.075	500	0.134641126474065	Post-missegregation survival	18	buffer_n_exp | Ploidy exponent of post-missegregation survival	Ploidy exponent of post-missegregation survival (buffer_n_exp)	6	14	Positive peak rho	1	6	0.180442144522499	0.180442144522499	3.025
buffer_n_exp	1.1	500	0.133425804312432	Post-missegregation survival	18	buffer_n_exp | Ploidy exponent of post-missegregation survival	Ploidy exponent of post-missegregation survival (buffer_n_exp)	6	14	Positive peak rho	1	6	0.180442144522499	0.180442144522499	3.025
buffer_n_exp	1.125	500	0.136739027193643	Post-missegregation survival	18	buffer_n_exp | Ploidy exponent of post-missegregation survival	Ploidy exponent of post-missegregation survival (buffer_n_exp)	6	14	Positive peak rho	1	6	0.180442144522499	0.180442144522499	3.025
buffer_n_exp	1.15	500	0.140012628469616	Post-missegregation survival	18	buffer_n_exp | Ploidy exponent of post-missegregation survival	Ploidy exponent of post-missegregation survival (buffer_n_exp)	6	14	Positive peak rho	1	6	0.180442144522499	0.180442144522499	3.025
buffer_n_exp	1.175	500	0.139963855928525	Post-missegregation survival	18	buffer_n_exp | Ploidy exponent of post-missegregation survival	Ploidy exponent of post-missegregation survival (buffer_n_exp)	6	14	Positive peak rho	1	6	0.180442144522499	0.180442144522499	3.025
buffer_n_exp	1.2	500	0.128895604313104	Post-missegregation survival	18	buffer_n_exp | Ploidy exponent of post-missegregation survival	Ploidy exponent of post-missegregation survival (buffer_n_exp)	6	14	Positive peak rho	1	6	0.180442144522499	0.180442144522499	3.025
buffer_n_exp	1.225	500	0.120590935325403	Post-missegregation survival	18	buffer_n_exp | Ploidy exponent of post-missegregation survival	Ploidy exponent of post-missegregation survival (buffer_n_exp)	6	14	Positive peak rho	1	6	0.180442144522499	0.180442144522499	3.025
buffer_n_exp	1.25	500	0.125203883148937	Post-missegregation survival	18	buffer_n_exp | Ploidy exponent of post-missegregation survival	Ploidy exponent of post-missegregation survival (buffer_n_exp)	6	14	Positive peak rho	1	6	0.180442144522499	0.180442144522499	3.025
buffer_n_exp	1.275	500	0.120528631081295	Post-missegregation survival	18	buffer_n_exp | Ploidy exponent of post-missegregation survival	Ploidy exponent of post-missegregation survival (buffer_n_exp)	6	14	Positive peak rho	1	6	0.180442144522499	0.180442144522499	3.025
buffer_n_exp	1.3	500	0.122385394906097	Post-missegregation survival	18	buffer_n_exp | Ploidy exponent of post-missegregation survival	Ploidy exponent of post-missegregation survival (buffer_n_exp)	6	14	Positive peak rho	1	6	0.180442144522499	0.180442144522499	3.025
buffer_n_exp	1.325	500	0.123718218978103	Post-missegregation survival	18	buffer_n_exp | Ploidy exponent of post-missegregation survival	Ploidy exponent of post-missegregation survival (buffer_n_exp)	6	14	Positive peak rho	1	6	0.180442144522499	0.180442144522499	3.025
buffer_n_exp	1.35	500	0.124173039960092	Post-missegregation survival	18	buffer_n_exp | Ploidy exponent of post-missegregation survival	Ploidy exponent of post-missegregation survival (buffer_n_exp)	6	14	Positive peak rho	1	6	0.180442144522499	0.180442144522499	3.025
buffer_n_exp	1.375	500	0.124854395279643	Post-missegregation survival	18	buffer_n_exp | Ploidy exponent of post-missegregation survival	Ploidy exponent of post-missegregation survival (buffer_n_exp)	6	14	Positive peak rho	1	6	0.180442144522499	0.180442144522499	3.025
buffer_n_exp	1.4	500	0.12481711008356	Post-missegregation survival	18	buffer_n_exp | Ploidy exponent of post-missegregation survival	Ploidy exponent of post-missegregation survival (buffer_n_exp)	6	14	Positive peak rho	1	6	0.180442144522499	0.180442144522499	3.025
buffer_n_exp	1.425	500	0.129588349627281	Post-missegregation survival	18	buffer_n_exp | Ploidy exponent of post-missegregation survival	Ploidy exponent of post-missegregation survival (buffer_n_exp)	6	14	Positive peak rho	1	6	0.180442144522499	0.180442144522499	3.025
buffer_n_exp	1.45	500	0.133475550357337	Post-missegregation survival	18	buffer_n_exp | Ploidy exponent of post-missegregation survival	Ploidy exponent of post-missegregation survival (buffer_n_exp)	6	14	Positive peak rho	1	6	0.180442144522499	0.180442144522499	3.025
buffer_n_exp	1.475	500	0.132516064998073	Post-missegregation survival	18	buffer_n_exp | Ploidy exponent of post-missegregation survival	Ploidy exponent of post-missegregation survival (buffer_n_exp)	6	14	Positive peak rho	1	6	0.180442144522499	0.180442144522499	3.025
buffer_n_exp	1.5	500	0.128108915880858	Post-missegregation survival	18	buffer_n_exp | Ploidy exponent of post-missegregation survival	Ploidy exponent of post-missegregation survival (buffer_n_exp)	6	14	Positive peak rho	1	6	0.180442144522499	0.180442144522499	3.025
buffer_n_exp	1.525	500	0.122889280480321	Post-missegregation survival	18	buffer_n_exp | Ploidy exponent of post-missegregation survival	Ploidy exponent of post-missegregation survival (buffer_n_exp)	6	14	Positive peak rho	1	6	0.180442144522499	0.180442144522499	3.025
buffer_n_exp	1.55	500	0.128100446397675	Post-missegregation survival	18	buffer_n_exp | Ploidy exponent of post-missegregation survival	Ploidy exponent of post-missegregation survival (buffer_n_exp)	6	14	Positive peak rho	1	6	0.180442144522499	0.180442144522499	3.025
buffer_n_exp	1.575	500	0.129176265462735	Post-missegregation survival	18	buffer_n_exp | Ploidy exponent of post-missegregation survival	Ploidy exponent of post-missegregation survival (buffer_n_exp)	6	14	Positive peak rho	1	6	0.180442144522499	0.180442144522499	3.025
buffer_n_exp	1.6	500	0.134048554702369	Post-missegregation survival	18	buffer_n_exp | Ploidy exponent of post-missegregation survival	Ploidy exponent of post-missegregation survival (buffer_n_exp)	6	14	Positive peak rho	1	6	0.180442144522499	0.180442144522499	3.025
buffer_n_exp	1.625	500	0.132547022419364	Post-missegregation survival	18	buffer_n_exp | Ploidy exponent of post-missegregation survival	Ploidy exponent of post-missegregation survival (buffer_n_exp)	6	14	Positive peak rho	1	6	0.180442144522499	0.180442144522499	3.025
buffer_n_exp	1.65	500	0.131795185423666	Post-missegregation survival	18	buffer_n_exp | Ploidy exponent of post-missegregation survival	Ploidy exponent of post-missegregation survival (buffer_n_exp)	6	14	Positive peak rho	1	6	0.180442144522499	0.180442144522499	3.025
buffer_n_exp	1.675	500	0.133387740313297	Post-missegregation survival	18	buffer_n_exp | Ploidy exponent of post-missegregation survival	Ploidy exponent of post-missegregation survival (buffer_n_exp)	6	14	Positive peak rho	1	6	0.180442144522499	0.180442144522499	3.025
buffer_n_exp	1.7	500	0.127397381943067	Post-missegregation survival	18	buffer_n_exp | Ploidy exponent of post-missegregation survival	Ploidy exponent of post-missegregation survival (buffer_n_exp)	6	14	Positive peak rho	1	6	0.180442144522499	0.180442144522499	3.025
buffer_n_exp	1.725	500	0.121372269486671	Post-missegregation survival	18	buffer_n_exp | Ploidy exponent of post-missegregation survival	Ploidy exponent of post-missegregation survival (buffer_n_exp)	6	14	Positive peak rho	1	6	0.180442144522499	0.180442144522499	3.025
buffer_n_exp	1.75	500	0.129459457722282	Post-missegregation survival	18	buffer_n_exp | Ploidy exponent of post-missegregation survival	Ploidy exponent of post-missegregation survival (buffer_n_exp)	6	14	Positive peak rho	1	6	0.180442144522499	0.180442144522499	3.025
buffer_n_exp	1.775	500	0.128627404012295	Post-missegregation survival	18	buffer_n_exp | Ploidy exponent of post-missegregation survival	Ploidy exponent of post-missegregation survival (buffer_n_exp)	6	14	Positive peak rho	1	6	0.180442144522499	0.180442144522499	3.025
buffer_n_exp	1.8	500	0.126260816240002	Post-missegregation survival	18	buffer_n_exp | Ploidy exponent of post-missegregation survival	Ploidy exponent of post-missegregation survival (buffer_n_exp)	6	14	Positive peak rho	1	6	0.180442144522499	0.180442144522499	3.025
buffer_n_exp	1.825	500	0.131628521570677	Post-missegregation survival	18	buffer_n_exp | Ploidy exponent of post-missegregation survival	Ploidy exponent of post-missegregation survival (buffer_n_exp)	6	14	Positive peak rho	1	6	0.180442144522499	0.180442144522499	3.025
buffer_n_exp	1.85	500	0.134696129439567	Post-missegregation survival	18	buffer_n_exp | Ploidy exponent of post-missegregation survival	Ploidy exponent of post-missegregation survival (buffer_n_exp)	6	14	Positive peak rho	1	6	0.180442144522499	0.180442144522499	3.025
buffer_n_exp	1.875	500	0.129031797496709	Post-missegregation survival	18	buffer_n_exp | Ploidy exponent of post-missegregation survival	Ploidy exponent of post-missegregation survival (buffer_n_exp)	6	14	Positive peak rho	1	6	0.180442144522499	0.180442144522499	3.025
buffer_n_exp	1.9	500	0.136622109385558	Post-missegregation survival	18	buffer_n_exp | Ploidy exponent of post-missegregation survival	Ploidy exponent of post-missegregation survival (buffer_n_exp)	6	14	Positive peak rho	1	6	0.180442144522499	0.180442144522499	3.025
buffer_n_exp	1.925	500	0.135827146170892	Post-missegregation survival	18	buffer_n_exp | Ploidy exponent of post-missegregation survival	Ploidy exponent of post-missegregation survival (buffer_n_exp)	6	14	Positive peak rho	1	6	0.180442144522499	0.180442144522499	3.025
buffer_n_exp	1.95	500	0.139066188061461	Post-missegregation survival	18	buffer_n_exp | Ploidy exponent of post-missegregation survival	Ploidy exponent of post-missegregation survival (buffer_n_exp)	6	14	Positive peak rho	1	6	0.180442144522499	0.180442144522499	3.025
buffer_n_exp	1.975	500	0.139469900093205	Post-missegregation survival	18	buffer_n_exp | Ploidy exponent of post-missegregation survival	Ploidy exponent of post-missegregation survival (buffer_n_exp)	6	14	Positive peak rho	1	6	0.180442144522499	0.180442144522499	3.025
buffer_n_exp	2	500	0.138719523353228	Post-missegregation survival	18	buffer_n_exp | Ploidy exponent of post-missegregation survival	Ploidy exponent of post-missegregation survival (buffer_n_exp)	6	14	Positive peak rho	1	6	0.180442144522499	0.180442144522499	3.025
buffer_n_exp	2.025	500	0.137344059814161	Post-missegregation survival	18	buffer_n_exp | Ploidy exponent of post-missegregation survival	Ploidy exponent of post-missegregation survival (buffer_n_exp)	6	14	Positive peak rho	1	6	0.180442144522499	0.180442144522499	3.025
buffer_n_exp	2.05	500	0.142176045995888	Post-missegregation survival	18	buffer_n_exp | Ploidy exponent of post-missegregation survival	Ploidy exponent of post-missegregation survival (buffer_n_exp)	6	14	Positive peak rho	1	6	0.180442144522499	0.180442144522499	3.025
buffer_n_exp	2.075	500	0.142399757172388	Post-missegregation survival	18	buffer_n_exp | Ploidy exponent of post-missegregation survival	Ploidy exponent of post-missegregation survival (buffer_n_exp)	6	14	Positive peak rho	1	6	0.180442144522499	0.180442144522499	3.025
buffer_n_exp	2.1	500	0.145776063100758	Post-missegregation survival	18	buffer_n_exp | Ploidy exponent of post-missegregation survival	Ploidy exponent of post-missegregation survival (buffer_n_exp)	6	14	Positive peak rho	1	6	0.180442144522499	0.180442144522499	3.025
buffer_n_exp	2.125	500	0.141570039871555	Post-missegregation survival	18	buffer_n_exp | Ploidy exponent of post-missegregation survival	Ploidy exponent of post-missegregation survival (buffer_n_exp)	6	14	Positive peak rho	1	6	0.180442144522499	0.180442144522499	3.025
buffer_n_exp	2.15	500	0.140879338915388	Post-missegregation survival	18	buffer_n_exp | Ploidy exponent of post-missegregation survival	Ploidy exponent of post-missegregation survival (buffer_n_exp)	6	14	Positive peak rho	1	6	0.180442144522499	0.180442144522499	3.025
buffer_n_exp	2.175	500	0.141386923804106	Post-missegregation survival	18	buffer_n_exp | Ploidy exponent of post-missegregation survival	Ploidy exponent of post-missegregation survival (buffer_n_exp)	6	14	Positive peak rho	1	6	0.180442144522499	0.180442144522499	3.025
buffer_n_exp	2.2	500	0.141687347081165	Post-missegregation survival	18	buffer_n_exp | Ploidy exponent of post-missegregation survival	Ploidy exponent of post-missegregation survival (buffer_n_exp)	6	14	Positive peak rho	1	6	0.180442144522499	0.180442144522499	3.025
buffer_n_exp	2.225	500	0.141392764826991	Post-missegregation survival	18	buffer_n_exp | Ploidy exponent of post-missegregation survival	Ploidy exponent of post-missegregation survival (buffer_n_exp)	6	14	Positive peak rho	1	6	0.180442144522499	0.180442144522499	3.025
buffer_n_exp	2.25	500	0.140528488140754	Post-missegregation survival	18	buffer_n_exp | Ploidy exponent of post-missegregation survival	Ploidy exponent of post-missegregation survival (buffer_n_exp)	6	14	Positive peak rho	1	6	0.180442144522499	0.180442144522499	3.025
buffer_n_exp	2.275	500	0.140349947541232	Post-missegregation survival	18	buffer_n_exp | Ploidy exponent of post-missegregation survival	Ploidy exponent of post-missegregation survival (buffer_n_exp)	6	14	Positive peak rho	1	6	0.180442144522499	0.180442144522499	3.025
buffer_n_exp	2.3	500	0.137404027649115	Post-missegregation survival	18	buffer_n_exp | Ploidy exponent of post-missegregation survival	Ploidy exponent of post-missegregation survival (buffer_n_exp)	6	14	Positive peak rho	1	6	0.180442144522499	0.180442144522499	3.025
buffer_n_exp	2.325	500	0.136390804879307	Post-missegregation survival	18	buffer_n_exp | Ploidy exponent of post-missegregation survival	Ploidy exponent of post-missegregation survival (buffer_n_exp)	6	14	Positive peak rho	1	6	0.180442144522499	0.180442144522499	3.025
buffer_n_exp	2.35	500	0.141345549892003	Post-missegregation survival	18	buffer_n_exp | Ploidy exponent of post-missegregation survival	Ploidy exponent of post-missegregation survival (buffer_n_exp)	6	14	Positive peak rho	1	6	0.180442144522499	0.180442144522499	3.025
buffer_n_exp	2.375	500	0.140990805102113	Post-missegregation survival	18	buffer_n_exp | Ploidy exponent of post-missegregation survival	Ploidy exponent of post-missegregation survival (buffer_n_exp)	6	14	Positive peak rho	1	6	0.180442144522499	0.180442144522499	3.025
buffer_n_exp	2.4	500	0.1381480766143	Post-missegregation survival	18	buffer_n_exp | Ploidy exponent of post-missegregation survival	Ploidy exponent of post-missegregation survival (buffer_n_exp)	6	14	Positive peak rho	1	6	0.180442144522499	0.180442144522499	3.025
buffer_n_exp	2.425	500	0.138188963774496	Post-missegregation survival	18	buffer_n_exp | Ploidy exponent of post-missegregation survival	Ploidy exponent of post-missegregation survival (buffer_n_exp)	6	14	Positive peak rho	1	6	0.180442144522499	0.180442144522499	3.025
buffer_n_exp	2.45	500	0.142129025761662	Post-missegregation survival	18	buffer_n_exp | Ploidy exponent of post-missegregation survival	Ploidy exponent of post-missegregation survival (buffer_n_exp)	6	14	Positive peak rho	1	6	0.180442144522499	0.180442144522499	3.025
buffer_n_exp	2.475	500	0.144685446777722	Post-missegregation survival	18	buffer_n_exp | Ploidy exponent of post-missegregation survival	Ploidy exponent of post-missegregation survival (buffer_n_exp)	6	14	Positive peak rho	1	6	0.180442144522499	0.180442144522499	3.025
buffer_n_exp	2.5	500	0.148465075336311	Post-missegregation survival	18	buffer_n_exp | Ploidy exponent of post-missegregation survival	Ploidy exponent of post-missegregation survival (buffer_n_exp)	6	14	Positive peak rho	1	6	0.180442144522499	0.180442144522499	3.025
buffer_n_exp	2.525	500	0.154512967781959	Post-missegregation survival	18	buffer_n_exp | Ploidy exponent of post-missegregation survival	Ploidy exponent of post-missegregation survival (buffer_n_exp)	6	14	Positive peak rho	1	6	0.180442144522499	0.180442144522499	3.025
buffer_n_exp	2.55	500	0.154598052015319	Post-missegregation survival	18	buffer_n_exp | Ploidy exponent of post-missegregation survival	Ploidy exponent of post-missegregation survival (buffer_n_exp)	6	14	Positive peak rho	1	6	0.180442144522499	0.180442144522499	3.025
buffer_n_exp	2.575	500	0.156535421955937	Post-missegregation survival	18	buffer_n_exp | Ploidy exponent of post-missegregation survival	Ploidy exponent of post-missegregation survival (buffer_n_exp)	6	14	Positive peak rho	1	6	0.180442144522499	0.180442144522499	3.025
buffer_n_exp	2.6	500	0.156390953989911	Post-missegregation survival	18	buffer_n_exp | Ploidy exponent of post-missegregation survival	Ploidy exponent of post-missegregation survival (buffer_n_exp)	6	14	Positive peak rho	1	6	0.180442144522499	0.180442144522499	3.025
buffer_n_exp	2.625	500	0.156058599787747	Post-missegregation survival	18	buffer_n_exp | Ploidy exponent of post-missegregation survival	Ploidy exponent of post-missegregation survival (buffer_n_exp)	6	14	Positive peak rho	1	6	0.180442144522499	0.180442144522499	3.025
buffer_n_exp	2.65	500	0.155999994858133	Post-missegregation survival	18	buffer_n_exp | Ploidy exponent of post-missegregation survival	Ploidy exponent of post-missegregation survival (buffer_n_exp)	6	14	Positive peak rho	1	6	0.180442144522499	0.180442144522499	3.025
buffer_n_exp	2.675	500	0.164630592922824	Post-missegregation survival	18	buffer_n_exp | Ploidy exponent of post-missegregation survival	Ploidy exponent of post-missegregation survival (buffer_n_exp)	6	14	Positive peak rho	1	6	0.180442144522499	0.180442144522499	3.025
buffer_n_exp	2.7	500	0.164659992738013	Post-missegregation survival	18	buffer_n_exp | Ploidy exponent of post-missegregation survival	Ploidy exponent of post-missegregation survival (buffer_n_exp)	6	14	Positive peak rho	1	6	0.180442144522499	0.180442144522499	3.025
buffer_n_exp	2.725	500	0.16473320022484	Post-missegregation survival	18	buffer_n_exp | Ploidy exponent of post-missegregation survival	Ploidy exponent of post-missegregation survival (buffer_n_exp)	6	14	Positive peak rho	1	6	0.180442144522499	0.180442144522499	3.025
buffer_n_exp	2.75	500	0.169500545753304	Post-missegregation survival	18	buffer_n_exp | Ploidy exponent of post-missegregation survival	Ploidy exponent of post-missegregation survival (buffer_n_exp)	6	14	Positive peak rho	1	6	0.180442144522499	0.180442144522499	3.025
buffer_n_exp	2.775	500	0.169006784618748	Post-missegregation survival	18	buffer_n_exp | Ploidy exponent of post-missegregation survival	Ploidy exponent of post-missegregation survival (buffer_n_exp)	6	14	Positive peak rho	1	6	0.180442144522499	0.180442144522499	3.025
buffer_n_exp	2.8	500	0.169405726481802	Post-missegregation survival	18	buffer_n_exp | Ploidy exponent of post-missegregation survival	Ploidy exponent of post-missegregation survival (buffer_n_exp)	6	14	Positive peak rho	1	6	0.180442144522499	0.180442144522499	3.025
buffer_n_exp	2.825	500	0.169991386376418	Post-missegregation survival	18	buffer_n_exp | Ploidy exponent of post-missegregation survival	Ploidy exponent of post-missegregation survival (buffer_n_exp)	6	14	Positive peak rho	1	6	0.180442144522499	0.180442144522499	3.025
buffer_n_exp	2.85	500	0.174936493701354	Post-missegregation survival	18	buffer_n_exp | Ploidy exponent of post-missegregation survival	Ploidy exponent of post-missegregation survival (buffer_n_exp)	6	14	Positive peak rho	1	6	0.180442144522499	0.180442144522499	3.025
buffer_n_exp	2.875	500	0.176721510295051	Post-missegregation survival	18	buffer_n_exp | Ploidy exponent of post-missegregation survival	Ploidy exponent of post-missegregation survival (buffer_n_exp)	6	14	Positive peak rho	1	6	0.180442144522499	0.180442144522499	3.025
buffer_n_exp	2.9	500	0.176775247705594	Post-missegregation survival	18	buffer_n_exp | Ploidy exponent of post-missegregation survival	Ploidy exponent of post-missegregation survival (buffer_n_exp)	6	14	Positive peak rho	1	6	0.180442144522499	0.180442144522499	3.025
buffer_n_exp	2.925	500	0.177158905558766	Post-missegregation survival	18	buffer_n_exp | Ploidy exponent of post-missegregation survival	Ploidy exponent of post-missegregation survival (buffer_n_exp)	6	14	Positive peak rho	1	6	0.180442144522499	0.180442144522499	3.025
buffer_n_exp	2.95	500	0.177115487288653	Post-missegregation survival	18	buffer_n_exp | Ploidy exponent of post-missegregation survival	Ploidy exponent of post-missegregation survival (buffer_n_exp)	6	14	Positive peak rho	1	6	0.180442144522499	0.180442144522499	3.025
buffer_n_exp	2.975	500	0.177024854083552	Post-missegregation survival	18	buffer_n_exp | Ploidy exponent of post-missegregation survival	Ploidy exponent of post-missegregation survival (buffer_n_exp)	6	14	Positive peak rho	1	6	0.180442144522499	0.180442144522499	3.025
buffer_n_exp	3	500	0.177748654169401	Post-missegregation survival	18	buffer_n_exp | Ploidy exponent of post-missegregation survival	Ploidy exponent of post-missegregation survival (buffer_n_exp)	6	14	Positive peak rho	1	6	0.180442144522499	0.180442144522499	3.025
buffer_n_exp	3.025	500	0.180442144522499	Post-missegregation survival	18	buffer_n_exp | Ploidy exponent of post-missegregation survival	Ploidy exponent of post-missegregation survival (buffer_n_exp)	6	14	Positive peak rho	1	6	0.180442144522499	0.180442144522499	3.025
buffer_n_exp	3.05	500	0.174378870716586	Post-missegregation survival	18	buffer_n_exp | Ploidy exponent of post-missegregation survival	Ploidy exponent of post-missegregation survival (buffer_n_exp)	6	14	Positive peak rho	1	6	0.180442144522499	0.180442144522499	3.025
buffer_n_exp	3.075	500	0.173423863474867	Post-missegregation survival	18	buffer_n_exp | Ploidy exponent of post-missegregation survival	Ploidy exponent of post-missegregation survival (buffer_n_exp)	6	14	Positive peak rho	1	6	0.180442144522499	0.180442144522499	3.025
buffer_n_exp	3.1	500	0.173005354185147	Post-missegregation survival	18	buffer_n_exp | Ploidy exponent of post-missegregation survival	Ploidy exponent of post-missegregation survival (buffer_n_exp)	6	14	Positive peak rho	1	6	0.180442144522499	0.180442144522499	3.025
buffer_n_exp	3.125	500	0.174845179043583	Post-missegregation survival	18	buffer_n_exp | Ploidy exponent of post-missegregation survival	Ploidy exponent of post-missegregation survival (buffer_n_exp)	6	14	Positive peak rho	1	6	0.180442144522499	0.180442144522499	3.025
buffer_n_exp	3.15	500	0.174910890551041	Post-missegregation survival	18	buffer_n_exp | Ploidy exponent of post-missegregation survival	Ploidy exponent of post-missegregation survival (buffer_n_exp)	6	14	Positive peak rho	1	6	0.180442144522499	0.180442144522499	3.025
buffer_n_exp	3.175	500	0.178496889200987	Post-missegregation survival	18	buffer_n_exp | Ploidy exponent of post-missegregation survival	Ploidy exponent of post-missegregation survival (buffer_n_exp)	6	14	Positive peak rho	1	6	0.180442144522499	0.180442144522499	3.025
buffer_n_exp	3.2	500	0.178530377732195	Post-missegregation survival	18	buffer_n_exp | Ploidy exponent of post-missegregation survival	Ploidy exponent of post-missegregation survival (buffer_n_exp)	6	14	Positive peak rho	1	6	0.180442144522499	0.180442144522499	3.025
buffer_n_exp	3.225	500	0.1780436258251	Post-missegregation survival	18	buffer_n_exp | Ploidy exponent of post-missegregation survival	Ploidy exponent of post-missegregation survival (buffer_n_exp)	6	14	Positive peak rho	1	6	0.180442144522499	0.180442144522499	3.025
buffer_n_exp	3.25	500	0.177734246312951	Post-missegregation survival	18	buffer_n_exp | Ploidy exponent of post-missegregation survival	Ploidy exponent of post-missegregation survival (buffer_n_exp)	6	14	Positive peak rho	1	6	0.180442144522499	0.180442144522499	3.025
buffer_n_exp	3.275	500	0.17921066219755	Post-missegregation survival	18	buffer_n_exp | Ploidy exponent of post-missegregation survival	Ploidy exponent of post-missegregation survival (buffer_n_exp)	6	14	Positive peak rho	1	6	0.180442144522499	0.180442144522499	3.025
buffer_n_exp	3.3	500	0.178513049364302	Post-missegregation survival	18	buffer_n_exp | Ploidy exponent of post-missegregation survival	Ploidy exponent of post-missegregation survival (buffer_n_exp)	6	14	Positive peak rho	1	6	0.180442144522499	0.180442144522499	3.025
buffer_n_exp	3.325	500	0.175197295373175	Post-missegregation survival	18	buffer_n_exp | Ploidy exponent of post-missegregation survival	Ploidy exponent of post-missegregation survival (buffer_n_exp)	6	14	Positive peak rho	1	6	0.180442144522499	0.180442144522499	3.025
buffer_n_exp	3.35	500	0.174844497590913	Post-missegregation survival	18	buffer_n_exp | Ploidy exponent of post-missegregation survival	Ploidy exponent of post-missegregation survival (buffer_n_exp)	6	14	Positive peak rho	1	6	0.180442144522499	0.180442144522499	3.025
buffer_n_exp	3.375	500	0.174485372033859	Post-missegregation survival	18	buffer_n_exp | Ploidy exponent of post-missegregation survival	Ploidy exponent of post-missegregation survival (buffer_n_exp)	6	14	Positive peak rho	1	6	0.180442144522499	0.180442144522499	3.025
buffer_n_exp	3.4	500	0.174534923378001	Post-missegregation survival	18	buffer_n_exp | Ploidy exponent of post-missegregation survival	Ploidy exponent of post-missegregation survival (buffer_n_exp)	6	14	Positive peak rho	1	6	0.180442144522499	0.180442144522499	3.025
buffer_n_exp	3.425	500	0.172205426101028	Post-missegregation survival	18	buffer_n_exp | Ploidy exponent of post-missegregation survival	Ploidy exponent of post-missegregation survival (buffer_n_exp)	6	14	Positive peak rho	1	6	0.180442144522499	0.180442144522499	3.025
buffer_n_exp	3.45	500	0.171251002961597	Post-missegregation survival	18	buffer_n_exp | Ploidy exponent of post-missegregation survival	Ploidy exponent of post-missegregation survival (buffer_n_exp)	6	14	Positive peak rho	1	6	0.180442144522499	0.180442144522499	3.025
buffer_n_exp	3.475	500	0.170641005471627	Post-missegregation survival	18	buffer_n_exp | Ploidy exponent of post-missegregation survival	Ploidy exponent of post-missegregation survival (buffer_n_exp)	6	14	Positive peak rho	1	6	0.180442144522499	0.180442144522499	3.025
buffer_n_exp	3.5	500	0.170293756661106	Post-missegregation survival	18	buffer_n_exp | Ploidy exponent of post-missegregation survival	Ploidy exponent of post-missegregation survival (buffer_n_exp)	6	14	Positive peak rho	1	6	0.180442144522499	0.180442144522499	3.025
buffer_n_exp	3.525	500	0.169532087276884	Post-missegregation survival	18	buffer_n_exp | Ploidy exponent of post-missegregation survival	Ploidy exponent of post-missegregation survival (buffer_n_exp)	6	14	Positive peak rho	1	6	0.180442144522499	0.180442144522499	3.025
buffer_n_exp	3.55	500	0.167658287135333	Post-missegregation survival	18	buffer_n_exp | Ploidy exponent of post-missegregation survival	Ploidy exponent of post-missegregation survival (buffer_n_exp)	6	14	Positive peak rho	1	6	0.180442144522499	0.180442144522499	3.025
buffer_n_exp	3.575	500	0.167235883830357	Post-missegregation survival	18	buffer_n_exp | Ploidy exponent of post-missegregation survival	Ploidy exponent of post-missegregation survival (buffer_n_exp)	6	14	Positive peak rho	1	6	0.180442144522499	0.180442144522499	3.025
buffer_n_exp	3.6	500	0.167097938339886	Post-missegregation survival	18	buffer_n_exp | Ploidy exponent of post-missegregation survival	Ploidy exponent of post-missegregation survival (buffer_n_exp)	6	14	Positive peak rho	1	6	0.180442144522499	0.180442144522499	3.025
buffer_n_exp	3.625	500	0.167182827872483	Post-missegregation survival	18	buffer_n_exp | Ploidy exponent of post-missegregation survival	Ploidy exponent of post-missegregation survival (buffer_n_exp)	6	14	Positive peak rho	1	6	0.180442144522499	0.180442144522499	3.025
buffer_n_exp	3.65	500	0.167037191701881	Post-missegregation survival	18	buffer_n_exp | Ploidy exponent of post-missegregation survival	Ploidy exponent of post-missegregation survival (buffer_n_exp)	6	14	Positive peak rho	1	6	0.180442144522499	0.180442144522499	3.025
buffer_n_exp	3.675	500	0.16691433552053	Post-missegregation survival	18	buffer_n_exp | Ploidy exponent of post-missegregation survival	Ploidy exponent of post-missegregation survival (buffer_n_exp)	6	14	Positive peak rho	1	6	0.180442144522499	0.180442144522499	3.025
buffer_n_exp	3.7	500	0.171186070257191	Post-missegregation survival	18	buffer_n_exp | Ploidy exponent of post-missegregation survival	Ploidy exponent of post-missegregation survival (buffer_n_exp)	6	14	Positive peak rho	1	6	0.180442144522499	0.180442144522499	3.025
buffer_n_exp	3.725	500	0.16859324019848	Post-missegregation survival	18	buffer_n_exp | Ploidy exponent of post-missegregation survival	Ploidy exponent of post-missegregation survival (buffer_n_exp)	6	14	Positive peak rho	1	6	0.180442144522499	0.180442144522499	3.025
buffer_n_exp	3.75	500	0.167839748246298	Post-missegregation survival	18	buffer_n_exp | Ploidy exponent of post-missegregation survival	Ploidy exponent of post-missegregation survival (buffer_n_exp)	6	14	Positive peak rho	1	6	0.180442144522499	0.180442144522499	3.025
buffer_n_exp	3.775	500	0.167525695915841	Post-missegregation survival	18	buffer_n_exp | Ploidy exponent of post-missegregation survival	Ploidy exponent of post-missegregation survival (buffer_n_exp)	6	14	Positive peak rho	1	6	0.180442144522499	0.180442144522499	3.025
buffer_n_exp	3.8	500	0.167357766507893	Post-missegregation survival	18	buffer_n_exp | Ploidy exponent of post-missegregation survival	Ploidy exponent of post-missegregation survival (buffer_n_exp)	6	14	Positive peak rho	1	6	0.180442144522499	0.180442144522499	3.025
buffer_n_exp	3.825	500	0.170990103939395	Post-missegregation survival	18	buffer_n_exp | Ploidy exponent of post-missegregation survival	Ploidy exponent of post-missegregation survival (buffer_n_exp)	6	14	Positive peak rho	1	6	0.180442144522499	0.180442144522499	3.025
buffer_n_exp	3.85	500	0.170088444706693	Post-missegregation survival	18	buffer_n_exp | Ploidy exponent of post-missegregation survival	Ploidy exponent of post-missegregation survival (buffer_n_exp)	6	14	Positive peak rho	1	6	0.180442144522499	0.180442144522499	3.025
buffer_n_exp	3.875	500	0.164595060033607	Post-missegregation survival	18	buffer_n_exp | Ploidy exponent of post-missegregation survival	Ploidy exponent of post-missegregation survival (buffer_n_exp)	6	14	Positive peak rho	1	6	0.180442144522499	0.180442144522499	3.025
buffer_n_exp	3.9	500	0.1640868910426	Post-missegregation survival	18	buffer_n_exp | Ploidy exponent of post-missegregation survival	Ploidy exponent of post-missegregation survival (buffer_n_exp)	6	14	Positive peak rho	1	6	0.180442144522499	0.180442144522499	3.025
buffer_n_exp	3.925	500	0.164333284857971	Post-missegregation survival	18	buffer_n_exp | Ploidy exponent of post-missegregation survival	Ploidy exponent of post-missegregation survival (buffer_n_exp)	6	14	Positive peak rho	1	6	0.180442144522499	0.180442144522499	3.025
buffer_n_exp	3.95	500	0.165770663239621	Post-missegregation survival	18	buffer_n_exp | Ploidy exponent of post-missegregation survival	Ploidy exponent of post-missegregation survival (buffer_n_exp)	6	14	Positive peak rho	1	6	0.180442144522499	0.180442144522499	3.025
buffer_n_exp	3.975	500	0.165434804423726	Post-missegregation survival	18	buffer_n_exp | Ploidy exponent of post-missegregation survival	Ploidy exponent of post-missegregation survival (buffer_n_exp)	6	14	Positive peak rho	1	6	0.180442144522499	0.180442144522499	3.025
buffer_n_exp	4	500	0.165199313851074	Post-missegregation survival	18	buffer_n_exp | Ploidy exponent of post-missegregation survival	Ploidy exponent of post-missegregation survival (buffer_n_exp)	6	14	Positive peak rho	1	6	0.180442144522499	0.180442144522499	3.025
buffer_n_exp	4.025	500	0.164098767789133	Post-missegregation survival	18	buffer_n_exp | Ploidy exponent of post-missegregation survival	Ploidy exponent of post-missegregation survival (buffer_n_exp)	6	14	Positive peak rho	1	6	0.180442144522499	0.180442144522499	3.025
buffer_n_exp	4.05	500	0.168726512870643	Post-missegregation survival	18	buffer_n_exp | Ploidy exponent of post-missegregation survival	Ploidy exponent of post-missegregation survival (buffer_n_exp)	6	14	Positive peak rho	1	6	0.180442144522499	0.180442144522499	3.025
buffer_n_exp	4.075	500	0.167807330569286	Post-missegregation survival	18	buffer_n_exp | Ploidy exponent of post-missegregation survival	Ploidy exponent of post-missegregation survival (buffer_n_exp)	6	14	Positive peak rho	1	6	0.180442144522499	0.180442144522499	3.025
buffer_n_exp	4.1	500	0.167371687612436	Post-missegregation survival	18	buffer_n_exp | Ploidy exponent of post-missegregation survival	Ploidy exponent of post-missegregation survival (buffer_n_exp)	6	14	Positive peak rho	1	6	0.180442144522499	0.180442144522499	3.025
buffer_n_exp	4.125	500	0.166978489421885	Post-missegregation survival	18	buffer_n_exp | Ploidy exponent of post-missegregation survival	Ploidy exponent of post-missegregation survival (buffer_n_exp)	6	14	Positive peak rho	1	6	0.180442144522499	0.180442144522499	3.025
buffer_n_exp	4.15	500	0.166401688411978	Post-missegregation survival	18	buffer_n_exp | Ploidy exponent of post-missegregation survival	Ploidy exponent of post-missegregation survival (buffer_n_exp)	6	14	Positive peak rho	1	6	0.180442144522499	0.180442144522499	3.025
buffer_n_exp	4.175	500	0.166234440456701	Post-missegregation survival	18	buffer_n_exp | Ploidy exponent of post-missegregation survival	Ploidy exponent of post-missegregation survival (buffer_n_exp)	6	14	Positive peak rho	1	6	0.180442144522499	0.180442144522499	3.025
buffer_n_exp	4.2	500	0.165768618881611	Post-missegregation survival	18	buffer_n_exp | Ploidy exponent of post-missegregation survival	Ploidy exponent of post-missegregation survival (buffer_n_exp)	6	14	Positive peak rho	1	6	0.180442144522499	0.180442144522499	3.025
buffer_n_exp	4.225	500	0.164825001634518	Post-missegregation survival	18	buffer_n_exp | Ploidy exponent of post-missegregation survival	Ploidy exponent of post-missegregation survival (buffer_n_exp)	6	14	Positive peak rho	1	6	0.180442144522499	0.180442144522499	3.025
buffer_n_exp	4.25	500	0.164384783209742	Post-missegregation survival	18	buffer_n_exp | Ploidy exponent of post-missegregation survival	Ploidy exponent of post-missegregation survival (buffer_n_exp)	6	14	Positive peak rho	1	6	0.180442144522499	0.180442144522499	3.025
buffer_n_exp	4.275	500	0.164346621860226	Post-missegregation survival	18	buffer_n_exp | Ploidy exponent of post-missegregation survival	Ploidy exponent of post-missegregation survival (buffer_n_exp)	6	14	Positive peak rho	1	6	0.180442144522499	0.180442144522499	3.025
buffer_n_exp	4.3	500	0.164132743072248	Post-missegregation survival	18	buffer_n_exp | Ploidy exponent of post-missegregation survival	Ploidy exponent of post-missegregation survival (buffer_n_exp)	6	14	Positive peak rho	1	6	0.180442144522499	0.180442144522499	3.025
buffer_n_exp	4.325	500	0.164193392359872	Post-missegregation survival	18	buffer_n_exp | Ploidy exponent of post-missegregation survival	Ploidy exponent of post-missegregation survival (buffer_n_exp)	6	14	Positive peak rho	1	6	0.180442144522499	0.180442144522499	3.025
buffer_n_exp	4.35	500	0.16350648806858	Post-missegregation survival	18	buffer_n_exp | Ploidy exponent of post-missegregation survival	Ploidy exponent of post-missegregation survival (buffer_n_exp)	6	14	Positive peak rho	1	6	0.180442144522499	0.180442144522499	3.025
buffer_n_exp	4.375	500	0.162751633211058	Post-missegregation survival	18	buffer_n_exp | Ploidy exponent of post-missegregation survival	Ploidy exponent of post-missegregation survival (buffer_n_exp)	6	14	Positive peak rho	1	6	0.180442144522499	0.180442144522499	3.025
buffer_n_exp	4.4	500	0.161725560190903	Post-missegregation survival	18	buffer_n_exp | Ploidy exponent of post-missegregation survival	Ploidy exponent of post-missegregation survival (buffer_n_exp)	6	14	Positive peak rho	1	6	0.180442144522499	0.180442144522499	3.025
buffer_n_exp	4.425	500	0.160908401089273	Post-missegregation survival	18	buffer_n_exp | Ploidy exponent of post-missegregation survival	Ploidy exponent of post-missegregation survival (buffer_n_exp)	6	14	Positive peak rho	1	6	0.180442144522499	0.180442144522499	3.025
buffer_n_exp	4.45	500	0.160254109175757	Post-missegregation survival	18	buffer_n_exp | Ploidy exponent of post-missegregation survival	Ploidy exponent of post-missegregation survival (buffer_n_exp)	6	14	Positive peak rho	1	6	0.180442144522499	0.180442144522499	3.025
buffer_n_exp	4.475	500	0.159440746739002	Post-missegregation survival	18	buffer_n_exp | Ploidy exponent of post-missegregation survival	Ploidy exponent of post-missegregation survival (buffer_n_exp)	6	14	Positive peak rho	1	6	0.180442144522499	0.180442144522499	3.025
buffer_n_exp	4.5	500	0.15961558802403	Post-missegregation survival	18	buffer_n_exp | Ploidy exponent of post-missegregation survival	Ploidy exponent of post-missegregation survival (buffer_n_exp)	6	14	Positive peak rho	1	6	0.180442144522499	0.180442144522499	3.025
buffer_n_exp	4.525	500	0.159249453239514	Post-missegregation survival	18	buffer_n_exp | Ploidy exponent of post-missegregation survival	Ploidy exponent of post-missegregation survival (buffer_n_exp)	6	14	Positive peak rho	1	6	0.180442144522499	0.180442144522499	3.025
buffer_n_exp	4.55	500	0.162580685941287	Post-missegregation survival	18	buffer_n_exp | Ploidy exponent of post-missegregation survival	Ploidy exponent of post-missegregation survival (buffer_n_exp)	6	14	Positive peak rho	1	6	0.180442144522499	0.180442144522499	3.025
buffer_n_exp	4.575	500	0.161491335173209	Post-missegregation survival	18	buffer_n_exp | Ploidy exponent of post-missegregation survival	Ploidy exponent of post-missegregation survival (buffer_n_exp)	6	14	Positive peak rho	1	6	0.180442144522499	0.180442144522499	3.025
buffer_n_exp	4.6	500	0.160303465819136	Post-missegregation survival	18	buffer_n_exp | Ploidy exponent of post-missegregation survival	Ploidy exponent of post-missegregation survival (buffer_n_exp)	6	14	Positive peak rho	1	6	0.180442144522499	0.180442144522499	3.025
buffer_n_exp	4.625	500	0.159021263945468	Post-missegregation survival	18	buffer_n_exp | Ploidy exponent of post-missegregation survival	Ploidy exponent of post-missegregation survival (buffer_n_exp)	6	14	Positive peak rho	1	6	0.180442144522499	0.180442144522499	3.025
buffer_n_exp	4.65	500	0.158116489500561	Post-missegregation survival	18	buffer_n_exp | Ploidy exponent of post-missegregation survival	Ploidy exponent of post-missegregation survival (buffer_n_exp)	6	14	Positive peak rho	1	6	0.180442144522499	0.180442144522499	3.025
buffer_n_exp	4.675	500	0.158221530562112	Post-missegregation survival	18	buffer_n_exp | Ploidy exponent of post-missegregation survival	Ploidy exponent of post-missegregation survival (buffer_n_exp)	6	14	Positive peak rho	1	6	0.180442144522499	0.180442144522499	3.025
buffer_n_exp	4.7	500	0.15740154829942	Post-missegregation survival	18	buffer_n_exp | Ploidy exponent of post-missegregation survival	Ploidy exponent of post-missegregation survival (buffer_n_exp)	6	14	Positive peak rho	1	6	0.180442144522499	0.180442144522499	3.025
buffer_n_exp	4.725	500	0.156882378715314	Post-missegregation survival	18	buffer_n_exp | Ploidy exponent of post-missegregation survival	Ploidy exponent of post-missegregation survival (buffer_n_exp)	6	14	Positive peak rho	1	6	0.180442144522499	0.180442144522499	3.025
buffer_n_exp	4.75	500	0.1561253821494	Post-missegregation survival	18	buffer_n_exp | Ploidy exponent of post-missegregation survival	Ploidy exponent of post-missegregation survival (buffer_n_exp)	6	14	Positive peak rho	1	6	0.180442144522499	0.180442144522499	3.025
buffer_n_exp	4.775	500	0.155322728254602	Post-missegregation survival	18	buffer_n_exp | Ploidy exponent of post-missegregation survival	Ploidy exponent of post-missegregation survival (buffer_n_exp)	6	14	Positive peak rho	1	6	0.180442144522499	0.180442144522499	3.025
buffer_n_exp	4.8	500	0.154398581083792	Post-missegregation survival	18	buffer_n_exp | Ploidy exponent of post-missegregation survival	Ploidy exponent of post-missegregation survival (buffer_n_exp)	6	14	Positive peak rho	1	6	0.180442144522499	0.180442144522499	3.025
buffer_n_exp	4.825	500	0.153508701247242	Post-missegregation survival	18	buffer_n_exp | Ploidy exponent of post-missegregation survival	Ploidy exponent of post-missegregation survival (buffer_n_exp)	6	14	Positive peak rho	1	6	0.180442144522499	0.180442144522499	3.025
buffer_n_exp	4.85	500	0.152403190315849	Post-missegregation survival	18	buffer_n_exp | Ploidy exponent of post-missegregation survival	Ploidy exponent of post-missegregation survival (buffer_n_exp)	6	14	Positive peak rho	1	6	0.180442144522499	0.180442144522499	3.025
buffer_n_exp	4.875	500	0.148395469813596	Post-missegregation survival	18	buffer_n_exp | Ploidy exponent of post-missegregation survival	Ploidy exponent of post-missegregation survival (buffer_n_exp)	6	14	Positive peak rho	1	6	0.180442144522499	0.180442144522499	3.025
buffer_n_exp	4.9	500	0.14726980735325	Post-missegregation survival	18	buffer_n_exp | Ploidy exponent of post-missegregation survival	Ploidy exponent of post-missegregation survival (buffer_n_exp)	6	14	Positive peak rho	1	6	0.180442144522499	0.180442144522499	3.025
buffer_n_exp	4.925	500	0.146616196892403	Post-missegregation survival	18	buffer_n_exp | Ploidy exponent of post-missegregation survival	Ploidy exponent of post-missegregation survival (buffer_n_exp)	6	14	Positive peak rho	1	6	0.180442144522499	0.180442144522499	3.025
buffer_n_exp	4.95	500	0.145901353041644	Post-missegregation survival	18	buffer_n_exp | Ploidy exponent of post-missegregation survival	Ploidy exponent of post-missegregation survival (buffer_n_exp)	6	14	Positive peak rho	1	6	0.180442144522499	0.180442144522499	3.025
buffer_n_exp	4.975	500	0.145027536018028	Post-missegregation survival	18	buffer_n_exp | Ploidy exponent of post-missegregation survival	Ploidy exponent of post-missegregation survival (buffer_n_exp)	6	14	Positive peak rho	1	6	0.180442144522499	0.180442144522499	3.025
buffer_n_exp	5	500	0.14390654637599	Post-missegregation survival	18	buffer_n_exp | Ploidy exponent of post-missegregation survival	Ploidy exponent of post-missegregation survival (buffer_n_exp)	6	14	Positive peak rho	1	6	0.180442144522499	0.180442144522499	3.025
p_wgd	0	500	-0.018937323749295	Division and genome change	3	p_wgd | Whole-genome-doubling probability	Per-division whole-genome-doubling probability (p_wgd)	7	15	Positive peak rho	1	7	0.164703730814923	0.164703730814923	1.8
p_wgd	0.025	500	-0.0124405937623751	Division and genome change	3	p_wgd | Whole-genome-doubling probability	Per-division whole-genome-doubling probability (p_wgd)	7	15	Positive peak rho	1	7	0.164703730814923	0.164703730814923	1.8
p_wgd	0.05	500	-0.0175213180852723	Division and genome change	3	p_wgd | Whole-genome-doubling probability	Per-division whole-genome-doubling probability (p_wgd)	7	15	Positive peak rho	1	7	0.164703730814923	0.164703730814923	1.8
p_wgd	0.075	500	-0.0105717542870171	Division and genome change	3	p_wgd | Whole-genome-doubling probability	Per-division whole-genome-doubling probability (p_wgd)	7	15	Positive peak rho	1	7	0.164703730814923	0.164703730814923	1.8
p_wgd	0.1	500	-0.00256167424669699	Division and genome change	3	p_wgd | Whole-genome-doubling probability	Per-division whole-genome-doubling probability (p_wgd)	7	15	Positive peak rho	1	7	0.164703730814923	0.164703730814923	1.8
p_wgd	0.125	500	0.00216164064656259	Division and genome change	3	p_wgd | Whole-genome-doubling probability	Per-division whole-genome-doubling probability (p_wgd)	7	15	Positive peak rho	1	7	0.164703730814923	0.164703730814923	1.8
p_wgd	0.15	500	0.00166839067356269	Division and genome change	3	p_wgd | Whole-genome-doubling probability	Per-division whole-genome-doubling probability (p_wgd)	7	15	Positive peak rho	1	7	0.164703730814923	0.164703730814923	1.8
p_wgd	0.175	500	0.00704662018648075	Division and genome change	3	p_wgd | Whole-genome-doubling probability	Per-division whole-genome-doubling probability (p_wgd)	7	15	Positive peak rho	1	7	0.164703730814923	0.164703730814923	1.8
p_wgd	0.2	500	0.0110592442369769	Division and genome change	3	p_wgd | Whole-genome-doubling probability	Per-division whole-genome-doubling probability (p_wgd)	7	15	Positive peak rho	1	7	0.164703730814923	0.164703730814923	1.8
p_wgd	0.225	500	0.0178069192276769	Division and genome change	3	p_wgd | Whole-genome-doubling probability	Per-division whole-genome-doubling probability (p_wgd)	7	15	Positive peak rho	1	7	0.164703730814923	0.164703730814923	1.8
p_wgd	0.25	500	0.012498481993928	Division and genome change	3	p_wgd | Whole-genome-doubling probability	Per-division whole-genome-doubling probability (p_wgd)	7	15	Positive peak rho	1	7	0.164703730814923	0.164703730814923	1.8
p_wgd	0.275	500	0.0137574310297241	Division and genome change	3	p_wgd | Whole-genome-doubling probability	Per-division whole-genome-doubling probability (p_wgd)	7	15	Positive peak rho	1	7	0.164703730814923	0.164703730814923	1.8
p_wgd	0.3	500	0.0325319381277525	Division and genome change	3	p_wgd | Whole-genome-doubling probability	Per-division whole-genome-doubling probability (p_wgd)	7	15	Positive peak rho	1	7	0.164703730814923	0.164703730814923	1.8
p_wgd	0.325	500	0.0344442657770631	Division and genome change	3	p_wgd | Whole-genome-doubling probability	Per-division whole-genome-doubling probability (p_wgd)	7	15	Positive peak rho	1	7	0.164703730814923	0.164703730814923	1.8
p_wgd	0.35	500	0.0231935007740031	Division and genome change	3	p_wgd | Whole-genome-doubling probability	Per-division whole-genome-doubling probability (p_wgd)	7	15	Positive peak rho	1	7	0.164703730814923	0.164703730814923	1.8
p_wgd	0.375	500	0.0224443137772551	Division and genome change	3	p_wgd | Whole-genome-doubling probability	Per-division whole-genome-doubling probability (p_wgd)	7	15	Positive peak rho	1	7	0.164703730814923	0.164703730814923	1.8
p_wgd	0.4	500	0.021749270997084	Division and genome change	3	p_wgd | Whole-genome-doubling probability	Per-division whole-genome-doubling probability (p_wgd)	7	15	Positive peak rho	1	7	0.164703730814923	0.164703730814923	1.8
p_wgd	0.425	500	0.0193642374569498	Division and genome change	3	p_wgd | Whole-genome-doubling probability	Per-division whole-genome-doubling probability (p_wgd)	7	15	Positive peak rho	1	7	0.164703730814923	0.164703730814923	1.8
p_wgd	0.45	500	0.0122381289525158	Division and genome change	3	p_wgd | Whole-genome-doubling probability	Per-division whole-genome-doubling probability (p_wgd)	7	15	Positive peak rho	1	7	0.164703730814923	0.164703730814923	1.8
p_wgd	0.475	500	0.032189312757251	Division and genome change	3	p_wgd | Whole-genome-doubling probability	Per-division whole-genome-doubling probability (p_wgd)	7	15	Positive peak rho	1	7	0.164703730814923	0.164703730814923	1.8
p_wgd	0.5	500	0.0429528758115032	Division and genome change	3	p_wgd | Whole-genome-doubling probability	Per-division whole-genome-doubling probability (p_wgd)	7	15	Positive peak rho	1	7	0.164703730814923	0.164703730814923	1.8
p_wgd	0.525	500	0.0423614174456698	Division and genome change	3	p_wgd | Whole-genome-doubling probability	Per-division whole-genome-doubling probability (p_wgd)	7	15	Positive peak rho	1	7	0.164703730814923	0.164703730814923	1.8
p_wgd	0.55	500	0.0357798231192925	Division and genome change	3	p_wgd | Whole-genome-doubling probability	Per-division whole-genome-doubling probability (p_wgd)	7	15	Positive peak rho	1	7	0.164703730814923	0.164703730814923	1.8
p_wgd	0.575	500	0.0358085272341089	Division and genome change	3	p_wgd | Whole-genome-doubling probability	Per-division whole-genome-doubling probability (p_wgd)	7	15	Positive peak rho	1	7	0.164703730814923	0.164703730814923	1.8
p_wgd	0.6	500	0.0389852759411038	Division and genome change	3	p_wgd | Whole-genome-doubling probability	Per-division whole-genome-doubling probability (p_wgd)	7	15	Positive peak rho	1	7	0.164703730814923	0.164703730814923	1.8
p_wgd	0.625	500	0.0533896535586142	Division and genome change	3	p_wgd | Whole-genome-doubling probability	Per-division whole-genome-doubling probability (p_wgd)	7	15	Positive peak rho	1	7	0.164703730814923	0.164703730814923	1.8
p_wgd	0.65	500	0.0531443725774903	Division and genome change	3	p_wgd | Whole-genome-doubling probability	Per-division whole-genome-doubling probability (p_wgd)	7	15	Positive peak rho	1	7	0.164703730814923	0.164703730814923	1.8
p_wgd	0.675	500	0.0464045696182785	Division and genome change	3	p_wgd | Whole-genome-doubling probability	Per-division whole-genome-doubling probability (p_wgd)	7	15	Positive peak rho	1	7	0.164703730814923	0.164703730814923	1.8
p_wgd	0.7	500	0.0627449869799479	Division and genome change	3	p_wgd | Whole-genome-doubling probability	Per-division whole-genome-doubling probability (p_wgd)	7	15	Positive peak rho	1	7	0.164703730814923	0.164703730814923	1.8
p_wgd	0.725	500	0.0498905355621423	Division and genome change	3	p_wgd | Whole-genome-doubling probability	Per-division whole-genome-doubling probability (p_wgd)	7	15	Positive peak rho	1	7	0.164703730814923	0.164703730814923	1.8
p_wgd	0.75	500	0.0466706826827307	Division and genome change	3	p_wgd | Whole-genome-doubling probability	Per-division whole-genome-doubling probability (p_wgd)	7	15	Positive peak rho	1	7	0.164703730814923	0.164703730814923	1.8
p_wgd	0.775	500	0.0589229236916948	Division and genome change	3	p_wgd | Whole-genome-doubling probability	Per-division whole-genome-doubling probability (p_wgd)	7	15	Positive peak rho	1	7	0.164703730814923	0.164703730814923	1.8
p_wgd	0.8	500	0.0629900759603038	Division and genome change	3	p_wgd | Whole-genome-doubling probability	Per-division whole-genome-doubling probability (p_wgd)	7	15	Positive peak rho	1	7	0.164703730814923	0.164703730814923	1.8
p_wgd	0.825	500	0.0714061416245665	Division and genome change	3	p_wgd | Whole-genome-doubling probability	Per-division whole-genome-doubling probability (p_wgd)	7	15	Positive peak rho	1	7	0.164703730814923	0.164703730814923	1.8
p_wgd	0.85	500	0.0718295993183973	Division and genome change	3	p_wgd | Whole-genome-doubling probability	Per-division whole-genome-doubling probability (p_wgd)	7	15	Positive peak rho	1	7	0.164703730814923	0.164703730814923	1.8
p_wgd	0.875	500	0.0780887283549134	Division and genome change	3	p_wgd | Whole-genome-doubling probability	Per-division whole-genome-doubling probability (p_wgd)	7	15	Positive peak rho	1	7	0.164703730814923	0.164703730814923	1.8
p_wgd	0.9	500	0.0932122448489794	Division and genome change	3	p_wgd | Whole-genome-doubling probability	Per-division whole-genome-doubling probability (p_wgd)	7	15	Positive peak rho	1	7	0.164703730814923	0.164703730814923	1.8
p_wgd	0.925	500	0.0957045108180433	Division and genome change	3	p_wgd | Whole-genome-doubling probability	Per-division whole-genome-doubling probability (p_wgd)	7	15	Positive peak rho	1	7	0.164703730814923	0.164703730814923	1.8
p_wgd	0.95	500	0.103714206856827	Division and genome change	3	p_wgd | Whole-genome-doubling probability	Per-division whole-genome-doubling probability (p_wgd)	7	15	Positive peak rho	1	7	0.164703730814923	0.164703730814923	1.8
p_wgd	0.975	500	0.097935559742239	Division and genome change	3	p_wgd | Whole-genome-doubling probability	Per-division whole-genome-doubling probability (p_wgd)	7	15	Positive peak rho	1	7	0.164703730814923	0.164703730814923	1.8
p_wgd	1	500	0.0980671762687051	Division and genome change	3	p_wgd | Whole-genome-doubling probability	Per-division whole-genome-doubling probability (p_wgd)	7	15	Positive peak rho	1	7	0.164703730814923	0.164703730814923	1.8
p_wgd	1.025	500	0.0995484621938488	Division and genome change	3	p_wgd | Whole-genome-doubling probability	Per-division whole-genome-doubling probability (p_wgd)	7	15	Positive peak rho	1	7	0.164703730814923	0.164703730814923	1.8
p_wgd	1.05	500	0.113236868947476	Division and genome change	3	p_wgd | Whole-genome-doubling probability	Per-division whole-genome-doubling probability (p_wgd)	7	15	Positive peak rho	1	7	0.164703730814923	0.164703730814923	1.8
p_wgd	1.075	500	0.120022176088704	Division and genome change	3	p_wgd | Whole-genome-doubling probability	Per-division whole-genome-doubling probability (p_wgd)	7	15	Positive peak rho	1	7	0.164703730814923	0.164703730814923	1.8
p_wgd	1.1	500	0.114603146412586	Division and genome change	3	p_wgd | Whole-genome-doubling probability	Per-division whole-genome-doubling probability (p_wgd)	7	15	Positive peak rho	1	7	0.164703730814923	0.164703730814923	1.8
p_wgd	1.125	500	0.126289849159397	Division and genome change	3	p_wgd | Whole-genome-doubling probability	Per-division whole-genome-doubling probability (p_wgd)	7	15	Positive peak rho	1	7	0.164703730814923	0.164703730814923	1.8
p_wgd	1.15	500	0.132292177168709	Division and genome change	3	p_wgd | Whole-genome-doubling probability	Per-division whole-genome-doubling probability (p_wgd)	7	15	Positive peak rho	1	7	0.164703730814923	0.164703730814923	1.8
p_wgd	1.175	500	0.12313009252037	Division and genome change	3	p_wgd | Whole-genome-doubling probability	Per-division whole-genome-doubling probability (p_wgd)	7	15	Positive peak rho	1	7	0.164703730814923	0.164703730814923	1.8
p_wgd	1.2	500	0.130632714530858	Division and genome change	3	p_wgd | Whole-genome-doubling probability	Per-division whole-genome-doubling probability (p_wgd)	7	15	Positive peak rho	1	7	0.164703730814923	0.164703730814923	1.8
p_wgd	1.225	500	0.121900903603614	Division and genome change	3	p_wgd | Whole-genome-doubling probability	Per-division whole-genome-doubling probability (p_wgd)	7	15	Positive peak rho	1	7	0.164703730814923	0.164703730814923	1.8
p_wgd	1.25	500	0.11836645746583	Division and genome change	3	p_wgd | Whole-genome-doubling probability	Per-division whole-genome-doubling probability (p_wgd)	7	15	Positive peak rho	1	7	0.164703730814923	0.164703730814923	1.8
p_wgd	1.275	500	0.125441685766743	Division and genome change	3	p_wgd | Whole-genome-doubling probability	Per-division whole-genome-doubling probability (p_wgd)	7	15	Positive peak rho	1	7	0.164703730814923	0.164703730814923	1.8
p_wgd	1.3	500	0.127810783243133	Division and genome change	3	p_wgd | Whole-genome-doubling probability	Per-division whole-genome-doubling probability (p_wgd)	7	15	Positive peak rho	1	7	0.164703730814923	0.164703730814923	1.8
p_wgd	1.325	500	0.136582626330505	Division and genome change	3	p_wgd | Whole-genome-doubling probability	Per-division whole-genome-doubling probability (p_wgd)	7	15	Positive peak rho	1	7	0.164703730814923	0.164703730814923	1.8
p_wgd	1.35	500	0.136603170412682	Division and genome change	3	p_wgd | Whole-genome-doubling probability	Per-division whole-genome-doubling probability (p_wgd)	7	15	Positive peak rho	1	7	0.164703730814923	0.164703730814923	1.8
p_wgd	1.375	500	0.136216576866307	Division and genome change	3	p_wgd | Whole-genome-doubling probability	Per-division whole-genome-doubling probability (p_wgd)	7	15	Positive peak rho	1	7	0.164703730814923	0.164703730814923	1.8
p_wgd	1.4	500	0.138372841491366	Division and genome change	3	p_wgd | Whole-genome-doubling probability	Per-division whole-genome-doubling probability (p_wgd)	7	15	Positive peak rho	1	7	0.164703730814923	0.164703730814923	1.8
p_wgd	1.425	500	0.133493045972184	Division and genome change	3	p_wgd | Whole-genome-doubling probability	Per-division whole-genome-doubling probability (p_wgd)	7	15	Positive peak rho	1	7	0.164703730814923	0.164703730814923	1.8
p_wgd	1.45	500	0.138836139344557	Division and genome change	3	p_wgd | Whole-genome-doubling probability	Per-division whole-genome-doubling probability (p_wgd)	7	15	Positive peak rho	1	7	0.164703730814923	0.164703730814923	1.8
p_wgd	1.475	500	0.138789483157933	Division and genome change	3	p_wgd | Whole-genome-doubling probability	Per-division whole-genome-doubling probability (p_wgd)	7	15	Positive peak rho	1	7	0.164703730814923	0.164703730814923	1.8
p_wgd	1.5	500	0.136227712910852	Division and genome change	3	p_wgd | Whole-genome-doubling probability	Per-division whole-genome-doubling probability (p_wgd)	7	15	Positive peak rho	1	7	0.164703730814923	0.164703730814923	1.8
p_wgd	1.525	500	0.135233148932596	Division and genome change	3	p_wgd | Whole-genome-doubling probability	Per-division whole-genome-doubling probability (p_wgd)	7	15	Positive peak rho	1	7	0.164703730814923	0.164703730814923	1.8
p_wgd	1.55	500	0.137297637190549	Division and genome change	3	p_wgd | Whole-genome-doubling probability	Per-division whole-genome-doubling probability (p_wgd)	7	15	Positive peak rho	1	7	0.164703730814923	0.164703730814923	1.8
p_wgd	1.575	500	0.152524258097032	Division and genome change	3	p_wgd | Whole-genome-doubling probability	Per-division whole-genome-doubling probability (p_wgd)	7	15	Positive peak rho	1	7	0.164703730814923	0.164703730814923	1.8
p_wgd	1.6	500	0.148668114672459	Division and genome change	3	p_wgd | Whole-genome-doubling probability	Per-division whole-genome-doubling probability (p_wgd)	7	15	Positive peak rho	1	7	0.164703730814923	0.164703730814923	1.8
p_wgd	1.625	500	0.148644306577226	Division and genome change	3	p_wgd | Whole-genome-doubling probability	Per-division whole-genome-doubling probability (p_wgd)	7	15	Positive peak rho	1	7	0.164703730814923	0.164703730814923	1.8
p_wgd	1.65	500	0.148435025740103	Division and genome change	3	p_wgd | Whole-genome-doubling probability	Per-division whole-genome-doubling probability (p_wgd)	7	15	Positive peak rho	1	7	0.164703730814923	0.164703730814923	1.8
p_wgd	1.675	500	0.153540998163993	Division and genome change	3	p_wgd | Whole-genome-doubling probability	Per-division whole-genome-doubling probability (p_wgd)	7	15	Positive peak rho	1	7	0.164703730814923	0.164703730814923	1.8
p_wgd	1.7	500	0.151890079560318	Division and genome change	3	p_wgd | Whole-genome-doubling probability	Per-division whole-genome-doubling probability (p_wgd)	7	15	Positive peak rho	1	7	0.164703730814923	0.164703730814923	1.8
p_wgd	1.725	500	0.149632534530138	Division and genome change	3	p_wgd | Whole-genome-doubling probability	Per-division whole-genome-doubling probability (p_wgd)	7	15	Positive peak rho	1	7	0.164703730814923	0.164703730814923	1.8
p_wgd	1.75	500	0.160312193248773	Division and genome change	3	p_wgd | Whole-genome-doubling probability	Per-division whole-genome-doubling probability (p_wgd)	7	15	Positive peak rho	1	7	0.164703730814923	0.164703730814923	1.8
p_wgd	1.775	500	0.163901935607742	Division and genome change	3	p_wgd | Whole-genome-doubling probability	Per-division whole-genome-doubling probability (p_wgd)	7	15	Positive peak rho	1	7	0.164703730814923	0.164703730814923	1.8
p_wgd	1.8	500	0.164703730814923	Division and genome change	3	p_wgd | Whole-genome-doubling probability	Per-division whole-genome-doubling probability (p_wgd)	7	15	Positive peak rho	1	7	0.164703730814923	0.164703730814923	1.8
p_wgd	1.825	500	0.162216840867363	Division and genome change	3	p_wgd | Whole-genome-doubling probability	Per-division whole-genome-doubling probability (p_wgd)	7	15	Positive peak rho	1	7	0.164703730814923	0.164703730814923	1.8
p_wgd	1.85	500	0.156052656210625	Division and genome change	3	p_wgd | Whole-genome-doubling probability	Per-division whole-genome-doubling probability (p_wgd)	7	15	Positive peak rho	1	7	0.164703730814923	0.164703730814923	1.8
p_wgd	1.875	500	0.149736502946012	Division and genome change	3	p_wgd | Whole-genome-doubling probability	Per-division whole-genome-doubling probability (p_wgd)	7	15	Positive peak rho	1	7	0.164703730814923	0.164703730814923	1.8
p_wgd	1.9	500	0.161660518642075	Division and genome change	3	p_wgd | Whole-genome-doubling probability	Per-division whole-genome-doubling probability (p_wgd)	7	15	Positive peak rho	1	7	0.164703730814923	0.164703730814923	1.8
p_wgd	1.925	500	0.160624290497162	Division and genome change	3	p_wgd | Whole-genome-doubling probability	Per-division whole-genome-doubling probability (p_wgd)	7	15	Positive peak rho	1	7	0.164703730814923	0.164703730814923	1.8
p_wgd	1.95	500	0.157093684374738	Division and genome change	3	p_wgd | Whole-genome-doubling probability	Per-division whole-genome-doubling probability (p_wgd)	7	15	Positive peak rho	1	7	0.164703730814923	0.164703730814923	1.8
p_wgd	1.975	500	0.158046872187489	Division and genome change	3	p_wgd | Whole-genome-doubling probability	Per-division whole-genome-doubling probability (p_wgd)	7	15	Positive peak rho	1	7	0.164703730814923	0.164703730814923	1.8
p_wgd	2	500	0.157530870123481	Division and genome change	3	p_wgd | Whole-genome-doubling probability	Per-division whole-genome-doubling probability (p_wgd)	7	15	Positive peak rho	1	7	0.164703730814923	0.164703730814923	1.8
p_wgd	2.025	500	0.156701042804171	Division and genome change	3	p_wgd | Whole-genome-doubling probability	Per-division whole-genome-doubling probability (p_wgd)	7	15	Positive peak rho	1	7	0.164703730814923	0.164703730814923	1.8
p_wgd	2.05	500	0.154592298369193	Division and genome change	3	p_wgd | Whole-genome-doubling probability	Per-division whole-genome-doubling probability (p_wgd)	7	15	Positive peak rho	1	7	0.164703730814923	0.164703730814923	1.8
p_wgd	2.075	500	0.154489961959848	Division and genome change	3	p_wgd | Whole-genome-doubling probability	Per-division whole-genome-doubling probability (p_wgd)	7	15	Positive peak rho	1	7	0.164703730814923	0.164703730814923	1.8
p_wgd	2.1	500	0.153330949323797	Division and genome change	3	p_wgd | Whole-genome-doubling probability	Per-division whole-genome-doubling probability (p_wgd)	7	15	Positive peak rho	1	7	0.164703730814923	0.164703730814923	1.8
p_wgd	2.125	500	0.152824547298189	Division and genome change	3	p_wgd | Whole-genome-doubling probability	Per-division whole-genome-doubling probability (p_wgd)	7	15	Positive peak rho	1	7	0.164703730814923	0.164703730814923	1.8
p_wgd	2.15	500	0.153498565994264	Division and genome change	3	p_wgd | Whole-genome-doubling probability	Per-division whole-genome-doubling probability (p_wgd)	7	15	Positive peak rho	1	7	0.164703730814923	0.164703730814923	1.8
p_wgd	2.175	500	0.153197796791187	Division and genome change	3	p_wgd | Whole-genome-doubling probability	Per-division whole-genome-doubling probability (p_wgd)	7	15	Positive peak rho	1	7	0.164703730814923	0.164703730814923	1.8
p_wgd	2.2	500	0.152529922119689	Division and genome change	3	p_wgd | Whole-genome-doubling probability	Per-division whole-genome-doubling probability (p_wgd)	7	15	Positive peak rho	1	7	0.164703730814923	0.164703730814923	1.8
p_wgd	2.225	500	0.15326864507458	Division and genome change	3	p_wgd | Whole-genome-doubling probability	Per-division whole-genome-doubling probability (p_wgd)	7	15	Positive peak rho	1	7	0.164703730814923	0.164703730814923	1.8
p_wgd	2.25	500	0.153211140844563	Division and genome change	3	p_wgd | Whole-genome-doubling probability	Per-division whole-genome-doubling probability (p_wgd)	7	15	Positive peak rho	1	7	0.164703730814923	0.164703730814923	1.8
p_wgd	2.275	500	0.152833283333133	Division and genome change	3	p_wgd | Whole-genome-doubling probability	Per-division whole-genome-doubling probability (p_wgd)	7	15	Positive peak rho	1	7	0.164703730814923	0.164703730814923	1.8
p_wgd	2.3	500	0.148305233220933	Division and genome change	3	p_wgd | Whole-genome-doubling probability	Per-division whole-genome-doubling probability (p_wgd)	7	15	Positive peak rho	1	7	0.164703730814923	0.164703730814923	1.8
p_wgd	2.325	500	0.147678830715323	Division and genome change	3	p_wgd | Whole-genome-doubling probability	Per-division whole-genome-doubling probability (p_wgd)	7	15	Positive peak rho	1	7	0.164703730814923	0.164703730814923	1.8
p_wgd	2.35	500	0.144912099648399	Division and genome change	3	p_wgd | Whole-genome-doubling probability	Per-division whole-genome-doubling probability (p_wgd)	7	15	Positive peak rho	1	7	0.164703730814923	0.164703730814923	1.8
p_wgd	2.375	500	0.144672578690315	Division and genome change	3	p_wgd | Whole-genome-doubling probability	Per-division whole-genome-doubling probability (p_wgd)	7	15	Positive peak rho	1	7	0.164703730814923	0.164703730814923	1.8
p_wgd	2.4	500	0.149698198792795	Division and genome change	3	p_wgd | Whole-genome-doubling probability	Per-division whole-genome-doubling probability (p_wgd)	7	15	Positive peak rho	1	7	0.164703730814923	0.164703730814923	1.8
p_wgd	2.425	500	0.149546710186841	Division and genome change	3	p_wgd | Whole-genome-doubling probability	Per-division whole-genome-doubling probability (p_wgd)	7	15	Positive peak rho	1	7	0.164703730814923	0.164703730814923	1.8
p_wgd	2.45	500	0.145179556718227	Division and genome change	3	p_wgd | Whole-genome-doubling probability	Per-division whole-genome-doubling probability (p_wgd)	7	15	Positive peak rho	1	7	0.164703730814923	0.164703730814923	1.8
p_wgd	2.475	500	0.14213759255037	Division and genome change	3	p_wgd | Whole-genome-doubling probability	Per-division whole-genome-doubling probability (p_wgd)	7	15	Positive peak rho	1	7	0.164703730814923	0.164703730814923	1.8
p_wgd	2.5	500	0.136567170268681	Division and genome change	3	p_wgd | Whole-genome-doubling probability	Per-division whole-genome-doubling probability (p_wgd)	7	15	Positive peak rho	1	7	0.164703730814923	0.164703730814923	1.8
p_wgd	2.525	500	0.129819687278749	Division and genome change	3	p_wgd | Whole-genome-doubling probability	Per-division whole-genome-doubling probability (p_wgd)	7	15	Positive peak rho	1	7	0.164703730814923	0.164703730814923	1.8
p_wgd	2.55	500	0.129652838611354	Division and genome change	3	p_wgd | Whole-genome-doubling probability	Per-division whole-genome-doubling probability (p_wgd)	7	15	Positive peak rho	1	7	0.164703730814923	0.164703730814923	1.8
p_wgd	2.575	500	0.127362653450614	Division and genome change	3	p_wgd | Whole-genome-doubling probability	Per-division whole-genome-doubling probability (p_wgd)	7	15	Positive peak rho	1	7	0.164703730814923	0.164703730814923	1.8
p_wgd	2.6	500	0.126619418477674	Division and genome change	3	p_wgd | Whole-genome-doubling probability	Per-division whole-genome-doubling probability (p_wgd)	7	15	Positive peak rho	1	7	0.164703730814923	0.164703730814923	1.8
p_wgd	2.625	500	0.126224568898276	Division and genome change	3	p_wgd | Whole-genome-doubling probability	Per-division whole-genome-doubling probability (p_wgd)	7	15	Positive peak rho	1	7	0.164703730814923	0.164703730814923	1.8
p_wgd	2.65	500	0.125546326185305	Division and genome change	3	p_wgd | Whole-genome-doubling probability	Per-division whole-genome-doubling probability (p_wgd)	7	15	Positive peak rho	1	7	0.164703730814923	0.164703730814923	1.8
p_wgd	2.675	500	0.133230676922708	Division and genome change	3	p_wgd | Whole-genome-doubling probability	Per-division whole-genome-doubling probability (p_wgd)	7	15	Positive peak rho	1	7	0.164703730814923	0.164703730814923	1.8
p_wgd	2.7	500	0.132238512954052	Division and genome change	3	p_wgd | Whole-genome-doubling probability	Per-division whole-genome-doubling probability (p_wgd)	7	15	Positive peak rho	1	7	0.164703730814923	0.164703730814923	1.8
p_wgd	2.725	500	0.131287821151285	Division and genome change	3	p_wgd | Whole-genome-doubling probability	Per-division whole-genome-doubling probability (p_wgd)	7	15	Positive peak rho	1	7	0.164703730814923	0.164703730814923	1.8
p_wgd	2.75	500	0.126608570434282	Division and genome change	3	p_wgd | Whole-genome-doubling probability	Per-division whole-genome-doubling probability (p_wgd)	7	15	Positive peak rho	1	7	0.164703730814923	0.164703730814923	1.8
p_wgd	2.775	500	0.126030456121825	Division and genome change	3	p_wgd | Whole-genome-doubling probability	Per-division whole-genome-doubling probability (p_wgd)	7	15	Positive peak rho	1	7	0.164703730814923	0.164703730814923	1.8
p_wgd	2.8	500	0.12549966999868	Division and genome change	3	p_wgd | Whole-genome-doubling probability	Per-division whole-genome-doubling probability (p_wgd)	7	15	Positive peak rho	1	7	0.164703730814923	0.164703730814923	1.8
p_wgd	2.825	500	0.124531602126409	Division and genome change	3	p_wgd | Whole-genome-doubling probability	Per-division whole-genome-doubling probability (p_wgd)	7	15	Positive peak rho	1	7	0.164703730814923	0.164703730814923	1.8
p_wgd	2.85	500	0.12551311005244	Division and genome change	3	p_wgd | Whole-genome-doubling probability	Per-division whole-genome-doubling probability (p_wgd)	7	15	Positive peak rho	1	7	0.164703730814923	0.164703730814923	1.8
p_wgd	2.875	500	0.123863439453758	Division and genome change	3	p_wgd | Whole-genome-doubling probability	Per-division whole-genome-doubling probability (p_wgd)	7	15	Positive peak rho	1	7	0.164703730814923	0.164703730814923	1.8
p_wgd	2.9	500	0.12413051252205	Division and genome change	3	p_wgd | Whole-genome-doubling probability	Per-division whole-genome-doubling probability (p_wgd)	7	15	Positive peak rho	1	7	0.164703730814923	0.164703730814923	1.8
p_wgd	2.925	500	0.124195792783171	Division and genome change	3	p_wgd | Whole-genome-doubling probability	Per-division whole-genome-doubling probability (p_wgd)	7	15	Positive peak rho	1	7	0.164703730814923	0.164703730814923	1.8
p_wgd	2.95	500	0.127285181140725	Division and genome change	3	p_wgd | Whole-genome-doubling probability	Per-division whole-genome-doubling probability (p_wgd)	7	15	Positive peak rho	1	7	0.164703730814923	0.164703730814923	1.8
p_wgd	2.975	500	0.127364669458678	Division and genome change	3	p_wgd | Whole-genome-doubling probability	Per-division whole-genome-doubling probability (p_wgd)	7	15	Positive peak rho	1	7	0.164703730814923	0.164703730814923	1.8
p_wgd	3	500	0.12726204504818	Division and genome change	3	p_wgd | Whole-genome-doubling probability	Per-division whole-genome-doubling probability (p_wgd)	7	15	Positive peak rho	1	7	0.164703730814923	0.164703730814923	1.8
p_wgd	3.025	500	0.127400093600374	Division and genome change	3	p_wgd | Whole-genome-doubling probability	Per-division whole-genome-doubling probability (p_wgd)	7	15	Positive peak rho	1	7	0.164703730814923	0.164703730814923	1.8
p_wgd	3.05	500	0.125527414109656	Division and genome change	3	p_wgd | Whole-genome-doubling probability	Per-division whole-genome-doubling probability (p_wgd)	7	15	Positive peak rho	1	7	0.164703730814923	0.164703730814923	1.8
p_wgd	3.075	500	0.126297529190117	Division and genome change	3	p_wgd | Whole-genome-doubling probability	Per-division whole-genome-doubling probability (p_wgd)	7	15	Positive peak rho	1	7	0.164703730814923	0.164703730814923	1.8
p_wgd	3.1	500	0.126261721046884	Division and genome change	3	p_wgd | Whole-genome-doubling probability	Per-division whole-genome-doubling probability (p_wgd)	7	15	Positive peak rho	1	7	0.164703730814923	0.164703730814923	1.8
p_wgd	3.125	500	0.126370873483494	Division and genome change	3	p_wgd | Whole-genome-doubling probability	Per-division whole-genome-doubling probability (p_wgd)	7	15	Positive peak rho	1	7	0.164703730814923	0.164703730814923	1.8
p_wgd	3.15	500	0.125737846951388	Division and genome change	3	p_wgd | Whole-genome-doubling probability	Per-division whole-genome-doubling probability (p_wgd)	7	15	Positive peak rho	1	7	0.164703730814923	0.164703730814923	1.8
p_wgd	3.175	500	0.124381073524294	Division and genome change	3	p_wgd | Whole-genome-doubling probability	Per-division whole-genome-doubling probability (p_wgd)	7	15	Positive peak rho	1	7	0.164703730814923	0.164703730814923	1.8
p_wgd	3.2	500	0.124932115728463	Division and genome change	3	p_wgd | Whole-genome-doubling probability	Per-division whole-genome-doubling probability (p_wgd)	7	15	Positive peak rho	1	7	0.164703730814923	0.164703730814923	1.8
p_wgd	3.225	500	0.124779667118668	Division and genome change	3	p_wgd | Whole-genome-doubling probability	Per-division whole-genome-doubling probability (p_wgd)	7	15	Positive peak rho	1	7	0.164703730814923	0.164703730814923	1.8
p_wgd	3.25	500	0.123588494353977	Division and genome change	3	p_wgd | Whole-genome-doubling probability	Per-division whole-genome-doubling probability (p_wgd)	7	15	Positive peak rho	1	7	0.164703730814923	0.164703730814923	1.8
p_wgd	3.275	500	0.123761391045564	Division and genome change	3	p_wgd | Whole-genome-doubling probability	Per-division whole-genome-doubling probability (p_wgd)	7	15	Positive peak rho	1	7	0.164703730814923	0.164703730814923	1.8
p_wgd	3.3	500	0.124325969303877	Division and genome change	3	p_wgd | Whole-genome-doubling probability	Per-division whole-genome-doubling probability (p_wgd)	7	15	Positive peak rho	1	7	0.164703730814923	0.164703730814923	1.8
p_wgd	3.325	500	0.12285370741483	Division and genome change	3	p_wgd | Whole-genome-doubling probability	Per-division whole-genome-doubling probability (p_wgd)	7	15	Positive peak rho	1	7	0.164703730814923	0.164703730814923	1.8
p_wgd	3.35	500	0.122564938259753	Division and genome change	3	p_wgd | Whole-genome-doubling probability	Per-division whole-genome-doubling probability (p_wgd)	7	15	Positive peak rho	1	7	0.164703730814923	0.164703730814923	1.8
p_wgd	3.375	500	0.122234408937636	Division and genome change	3	p_wgd | Whole-genome-doubling probability	Per-division whole-genome-doubling probability (p_wgd)	7	15	Positive peak rho	1	7	0.164703730814923	0.164703730814923	1.8
p_wgd	3.4	500	0.120104928419714	Division and genome change	3	p_wgd | Whole-genome-doubling probability	Per-division whole-genome-doubling probability (p_wgd)	7	15	Positive peak rho	1	7	0.164703730814923	0.164703730814923	1.8
p_wgd	3.425	500	0.11922796491186	Division and genome change	3	p_wgd | Whole-genome-doubling probability	Per-division whole-genome-doubling probability (p_wgd)	7	15	Positive peak rho	1	7	0.164703730814923	0.164703730814923	1.8
p_wgd	3.45	500	0.119491773967096	Division and genome change	3	p_wgd | Whole-genome-doubling probability	Per-division whole-genome-doubling probability (p_wgd)	7	15	Positive peak rho	1	7	0.164703730814923	0.164703730814923	1.8
p_wgd	3.475	500	0.118975003900016	Division and genome change	3	p_wgd | Whole-genome-doubling probability	Per-division whole-genome-doubling probability (p_wgd)	7	15	Positive peak rho	1	7	0.164703730814923	0.164703730814923	1.8
p_wgd	3.5	500	0.118260953043812	Division and genome change	3	p_wgd | Whole-genome-doubling probability	Per-division whole-genome-doubling probability (p_wgd)	7	15	Positive peak rho	1	7	0.164703730814923	0.164703730814923	1.8
p_wgd	3.525	500	0.118161976647907	Division and genome change	3	p_wgd | Whole-genome-doubling probability	Per-division whole-genome-doubling probability (p_wgd)	7	15	Positive peak rho	1	7	0.164703730814923	0.164703730814923	1.8
p_wgd	3.55	500	0.112615266461066	Division and genome change	3	p_wgd | Whole-genome-doubling probability	Per-division whole-genome-doubling probability (p_wgd)	7	15	Positive peak rho	1	7	0.164703730814923	0.164703730814923	1.8
p_wgd	3.575	500	0.112114816459266	Division and genome change	3	p_wgd | Whole-genome-doubling probability	Per-division whole-genome-doubling probability (p_wgd)	7	15	Positive peak rho	1	7	0.164703730814923	0.164703730814923	1.8
p_wgd	3.6	500	0.111651998607994	Division and genome change	3	p_wgd | Whole-genome-doubling probability	Per-division whole-genome-doubling probability (p_wgd)	7	15	Positive peak rho	1	7	0.164703730814923	0.164703730814923	1.8
p_wgd	3.625	500	0.111162684650739	Division and genome change	3	p_wgd | Whole-genome-doubling probability	Per-division whole-genome-doubling probability (p_wgd)	7	15	Positive peak rho	1	7	0.164703730814923	0.164703730814923	1.8
p_wgd	3.65	500	0.11088082752331	Division and genome change	3	p_wgd | Whole-genome-doubling probability	Per-division whole-genome-doubling probability (p_wgd)	7	15	Positive peak rho	1	7	0.164703730814923	0.164703730814923	1.8
p_wgd	3.675	500	0.110526874107496	Division and genome change	3	p_wgd | Whole-genome-doubling probability	Per-division whole-genome-doubling probability (p_wgd)	7	15	Positive peak rho	1	7	0.164703730814923	0.164703730814923	1.8
p_wgd	3.7	500	0.108769779079116	Division and genome change	3	p_wgd | Whole-genome-doubling probability	Per-division whole-genome-doubling probability (p_wgd)	7	15	Positive peak rho	1	7	0.164703730814923	0.164703730814923	1.8
p_wgd	3.725	500	0.111465565862263	Division and genome change	3	p_wgd | Whole-genome-doubling probability	Per-division whole-genome-doubling probability (p_wgd)	7	15	Positive peak rho	1	7	0.164703730814923	0.164703730814923	1.8
p_wgd	3.75	500	0.10974773499094	Division and genome change	3	p_wgd | Whole-genome-doubling probability	Per-division whole-genome-doubling probability (p_wgd)	7	15	Positive peak rho	1	7	0.164703730814923	0.164703730814923	1.8
p_wgd	3.775	500	0.109014676058704	Division and genome change	3	p_wgd | Whole-genome-doubling probability	Per-division whole-genome-doubling probability (p_wgd)	7	15	Positive peak rho	1	7	0.164703730814923	0.164703730814923	1.8
p_wgd	3.8	500	0.108074832299329	Division and genome change	3	p_wgd | Whole-genome-doubling probability	Per-division whole-genome-doubling probability (p_wgd)	7	15	Positive peak rho	1	7	0.164703730814923	0.164703730814923	1.8
p_wgd	3.825	500	0.106533642134569	Division and genome change	3	p_wgd | Whole-genome-doubling probability	Per-division whole-genome-doubling probability (p_wgd)	7	15	Positive peak rho	1	7	0.164703730814923	0.164703730814923	1.8
p_wgd	3.85	500	0.105911751647007	Division and genome change	3	p_wgd | Whole-genome-doubling probability	Per-division whole-genome-doubling probability (p_wgd)	7	15	Positive peak rho	1	7	0.164703730814923	0.164703730814923	1.8
p_wgd	3.875	500	0.100200016800067	Division and genome change	3	p_wgd | Whole-genome-doubling probability	Per-division whole-genome-doubling probability (p_wgd)	7	15	Positive peak rho	1	7	0.164703730814923	0.164703730814923	1.8
p_wgd	3.9	500	0.099812847251389	Division and genome change	3	p_wgd | Whole-genome-doubling probability	Per-division whole-genome-doubling probability (p_wgd)	7	15	Positive peak rho	1	7	0.164703730814923	0.164703730814923	1.8
p_wgd	3.925	500	0.0989269557078228	Division and genome change	3	p_wgd | Whole-genome-doubling probability	Per-division whole-genome-doubling probability (p_wgd)	7	15	Positive peak rho	1	7	0.164703730814923	0.164703730814923	1.8
p_wgd	3.95	500	0.0961433285733143	Division and genome change	3	p_wgd | Whole-genome-doubling probability	Per-division whole-genome-doubling probability (p_wgd)	7	15	Positive peak rho	1	7	0.164703730814923	0.164703730814923	1.8
p_wgd	3.975	500	0.0959255037020148	Division and genome change	3	p_wgd | Whole-genome-doubling probability	Per-division whole-genome-doubling probability (p_wgd)	7	15	Positive peak rho	1	7	0.164703730814923	0.164703730814923	1.8
p_wgd	4	500	0.0952382369529478	Division and genome change	3	p_wgd | Whole-genome-doubling probability	Per-division whole-genome-doubling probability (p_wgd)	7	15	Positive peak rho	1	7	0.164703730814923	0.164703730814923	1.8
p_wgd	4.025	500	0.0925871863487454	Division and genome change	3	p_wgd | Whole-genome-doubling probability	Per-division whole-genome-doubling probability (p_wgd)	7	15	Positive peak rho	1	7	0.164703730814923	0.164703730814923	1.8
p_wgd	4.05	500	0.0846543866175465	Division and genome change	3	p_wgd | Whole-genome-doubling probability	Per-division whole-genome-doubling probability (p_wgd)	7	15	Positive peak rho	1	7	0.164703730814923	0.164703730814923	1.8
p_wgd	4.075	500	0.0850199560798243	Division and genome change	3	p_wgd | Whole-genome-doubling probability	Per-division whole-genome-doubling probability (p_wgd)	7	15	Positive peak rho	1	7	0.164703730814923	0.164703730814923	1.8
p_wgd	4.1	500	0.0848255553022212	Division and genome change	3	p_wgd | Whole-genome-doubling probability	Per-division whole-genome-doubling probability (p_wgd)	7	15	Positive peak rho	1	7	0.164703730814923	0.164703730814923	1.8
p_wgd	4.125	500	0.084939507758031	Division and genome change	3	p_wgd | Whole-genome-doubling probability	Per-division whole-genome-doubling probability (p_wgd)	7	15	Positive peak rho	1	7	0.164703730814923	0.164703730814923	1.8
p_wgd	4.15	500	0.0851512846051384	Division and genome change	3	p_wgd | Whole-genome-doubling probability	Per-division whole-genome-doubling probability (p_wgd)	7	15	Positive peak rho	1	7	0.164703730814923	0.164703730814923	1.8
p_wgd	4.175	500	0.0850462601850408	Division and genome change	3	p_wgd | Whole-genome-doubling probability	Per-division whole-genome-doubling probability (p_wgd)	7	15	Positive peak rho	1	7	0.164703730814923	0.164703730814923	1.8
p_wgd	4.2	500	0.0855516062064248	Division and genome change	3	p_wgd | Whole-genome-doubling probability	Per-division whole-genome-doubling probability (p_wgd)	7	15	Positive peak rho	1	7	0.164703730814923	0.164703730814923	1.8
p_wgd	4.225	500	0.0845747062988252	Division and genome change	3	p_wgd | Whole-genome-doubling probability	Per-division whole-genome-doubling probability (p_wgd)	7	15	Positive peak rho	1	7	0.164703730814923	0.164703730814923	1.8
p_wgd	4.25	500	0.084751059004236	Division and genome change	3	p_wgd | Whole-genome-doubling probability	Per-division whole-genome-doubling probability (p_wgd)	7	15	Positive peak rho	1	7	0.164703730814923	0.164703730814923	1.8
p_wgd	4.275	500	0.0855158940635763	Division and genome change	3	p_wgd | Whole-genome-doubling probability	Per-division whole-genome-doubling probability (p_wgd)	7	15	Positive peak rho	1	7	0.164703730814923	0.164703730814923	1.8
p_wgd	4.3	500	0.0853620054480218	Division and genome change	3	p_wgd | Whole-genome-doubling probability	Per-division whole-genome-doubling probability (p_wgd)	7	15	Positive peak rho	1	7	0.164703730814923	0.164703730814923	1.8
p_wgd	4.325	500	0.0860506162024648	Division and genome change	3	p_wgd | Whole-genome-doubling probability	Per-division whole-genome-doubling probability (p_wgd)	7	15	Positive peak rho	1	7	0.164703730814923	0.164703730814923	1.8
p_wgd	4.35	500	0.0872058848235393	Division and genome change	3	p_wgd | Whole-genome-doubling probability	Per-division whole-genome-doubling probability (p_wgd)	7	15	Positive peak rho	1	7	0.164703730814923	0.164703730814923	1.8
p_wgd	4.375	500	0.0875112620450482	Division and genome change	3	p_wgd | Whole-genome-doubling probability	Per-division whole-genome-doubling probability (p_wgd)	7	15	Positive peak rho	1	7	0.164703730814923	0.164703730814923	1.8
p_wgd	4.4	500	0.0879007356029424	Division and genome change	3	p_wgd | Whole-genome-doubling probability	Per-division whole-genome-doubling probability (p_wgd)	7	15	Positive peak rho	1	7	0.164703730814923	0.164703730814923	1.8
p_wgd	4.425	500	0.0883294733178933	Division and genome change	3	p_wgd | Whole-genome-doubling probability	Per-division whole-genome-doubling probability (p_wgd)	7	15	Positive peak rho	1	7	0.164703730814923	0.164703730814923	1.8
p_wgd	4.45	500	0.0890083880335521	Division and genome change	3	p_wgd | Whole-genome-doubling probability	Per-division whole-genome-doubling probability (p_wgd)	7	15	Positive peak rho	1	7	0.164703730814923	0.164703730814923	1.8
p_wgd	4.475	500	0.089810471241885	Division and genome change	3	p_wgd | Whole-genome-doubling probability	Per-division whole-genome-doubling probability (p_wgd)	7	15	Positive peak rho	1	7	0.164703730814923	0.164703730814923	1.8
p_wgd	4.5	500	0.0916627026508106	Division and genome change	3	p_wgd | Whole-genome-doubling probability	Per-division whole-genome-doubling probability (p_wgd)	7	15	Positive peak rho	1	7	0.164703730814923	0.164703730814923	1.8
p_wgd	4.525	500	0.0922783531134125	Division and genome change	3	p_wgd | Whole-genome-doubling probability	Per-division whole-genome-doubling probability (p_wgd)	7	15	Positive peak rho	1	7	0.164703730814923	0.164703730814923	1.8
p_wgd	4.55	500	0.0971185964743859	Division and genome change	3	p_wgd | Whole-genome-doubling probability	Per-division whole-genome-doubling probability (p_wgd)	7	15	Positive peak rho	1	7	0.164703730814923	0.164703730814923	1.8
p_wgd	4.575	500	0.0973308533234133	Division and genome change	3	p_wgd | Whole-genome-doubling probability	Per-division whole-genome-doubling probability (p_wgd)	7	15	Positive peak rho	1	7	0.164703730814923	0.164703730814923	1.8
p_wgd	4.6	500	0.097873639494558	Division and genome change	3	p_wgd | Whole-genome-doubling probability	Per-division whole-genome-doubling probability (p_wgd)	7	15	Positive peak rho	1	7	0.164703730814923	0.164703730814923	1.8
p_wgd	4.625	500	0.0984005856023424	Division and genome change	3	p_wgd | Whole-genome-doubling probability	Per-division whole-genome-doubling probability (p_wgd)	7	15	Positive peak rho	1	7	0.164703730814923	0.164703730814923	1.8
p_wgd	4.65	500	0.0987590510362041	Division and genome change	3	p_wgd | Whole-genome-doubling probability	Per-division whole-genome-doubling probability (p_wgd)	7	15	Positive peak rho	1	7	0.164703730814923	0.164703730814923	1.8
p_wgd	4.675	500	0.0987331309325237	Division and genome change	3	p_wgd | Whole-genome-doubling probability	Per-division whole-genome-doubling probability (p_wgd)	7	15	Positive peak rho	1	7	0.164703730814923	0.164703730814923	1.8
p_wgd	4.7	500	0.0990582842331369	Division and genome change	3	p_wgd | Whole-genome-doubling probability	Per-division whole-genome-doubling probability (p_wgd)	7	15	Positive peak rho	1	7	0.164703730814923	0.164703730814923	1.8
p_wgd	4.725	500	0.0993311173244693	Division and genome change	3	p_wgd | Whole-genome-doubling probability	Per-division whole-genome-doubling probability (p_wgd)	7	15	Positive peak rho	1	7	0.164703730814923	0.164703730814923	1.8
p_wgd	4.75	500	0.0993596294385177	Division and genome change	3	p_wgd | Whole-genome-doubling probability	Per-division whole-genome-doubling probability (p_wgd)	7	15	Positive peak rho	1	7	0.164703730814923	0.164703730814923	1.8
p_wgd	4.775	500	0.0993276613106453	Division and genome change	3	p_wgd | Whole-genome-doubling probability	Per-division whole-genome-doubling probability (p_wgd)	7	15	Positive peak rho	1	7	0.164703730814923	0.164703730814923	1.8
p_wgd	4.8	500	0.0995932943731775	Division and genome change	3	p_wgd | Whole-genome-doubling probability	Per-division whole-genome-doubling probability (p_wgd)	7	15	Positive peak rho	1	7	0.164703730814923	0.164703730814923	1.8
p_wgd	4.825	500	0.0996796947187789	Division and genome change	3	p_wgd | Whole-genome-doubling probability	Per-division whole-genome-doubling probability (p_wgd)	7	15	Positive peak rho	1	7	0.164703730814923	0.164703730814923	1.8
p_wgd	4.85	500	0.0987926511706047	Division and genome change	3	p_wgd | Whole-genome-doubling probability	Per-division whole-genome-doubling probability (p_wgd)	7	15	Positive peak rho	1	7	0.164703730814923	0.164703730814923	1.8
p_wgd	4.875	500	0.0946046344185377	Division and genome change	3	p_wgd | Whole-genome-doubling probability	Per-division whole-genome-doubling probability (p_wgd)	7	15	Positive peak rho	1	7	0.164703730814923	0.164703730814923	1.8
p_wgd	4.9	500	0.0972039408157633	Division and genome change	3	p_wgd | Whole-genome-doubling probability	Per-division whole-genome-doubling probability (p_wgd)	7	15	Positive peak rho	1	7	0.164703730814923	0.164703730814923	1.8
p_wgd	4.925	500	0.0974512378049512	Division and genome change	3	p_wgd | Whole-genome-doubling probability	Per-division whole-genome-doubling probability (p_wgd)	7	15	Positive peak rho	1	7	0.164703730814923	0.164703730814923	1.8
p_wgd	4.95	500	0.0974002616010464	Division and genome change	3	p_wgd | Whole-genome-doubling probability	Per-division whole-genome-doubling probability (p_wgd)	7	15	Positive peak rho	1	7	0.164703730814923	0.164703730814923	1.8
p_wgd	4.975	500	0.0976203904815619	Division and genome change	3	p_wgd | Whole-genome-doubling probability	Per-division whole-genome-doubling probability (p_wgd)	7	15	Positive peak rho	1	7	0.164703730814923	0.164703730814923	1.8
p_wgd	5	500	0.0978446473785895	Division and genome change	3	p_wgd | Whole-genome-doubling probability	Per-division whole-genome-doubling probability (p_wgd)	7	15	Positive peak rho	1	7	0.164703730814923	0.164703730814923	1.8
k_clear	0	500	0.0053436693746775	Ploidy-linked growth and death	15	k_clear | Dead-biomass clearance rate	Dead-biomass clearance rate (k_clear)	8	17	Positive peak rho	1	8	0.141465109860439	0.141465109860439	0.45
k_clear	0.025	500	0.0127858111432446	Ploidy-linked growth and death	15	k_clear | Dead-biomass clearance rate	Dead-biomass clearance rate (k_clear)	8	17	Positive peak rho	1	8	0.141465109860439	0.141465109860439	0.45
k_clear	0.05	500	0.0136366625466502	Ploidy-linked growth and death	15	k_clear | Dead-biomass clearance rate	Dead-biomass clearance rate (k_clear)	8	17	Positive peak rho	1	8	0.141465109860439	0.141465109860439	0.45
k_clear	0.075	500	0.0257427909711639	Ploidy-linked growth and death	15	k_clear | Dead-biomass clearance rate	Dead-biomass clearance rate (k_clear)	8	17	Positive peak rho	1	8	0.141465109860439	0.141465109860439	0.45
k_clear	0.1	500	0.0320042240168961	Ploidy-linked growth and death	15	k_clear | Dead-biomass clearance rate	Dead-biomass clearance rate (k_clear)	8	17	Positive peak rho	1	8	0.141465109860439	0.141465109860439	0.45
k_clear	0.125	500	0.0369138756555026	Ploidy-linked growth and death	15	k_clear | Dead-biomass clearance rate	Dead-biomass clearance rate (k_clear)	8	17	Positive peak rho	1	8	0.141465109860439	0.141465109860439	0.45
k_clear	0.15	500	0.0395093420373682	Ploidy-linked growth and death	15	k_clear | Dead-biomass clearance rate	Dead-biomass clearance rate (k_clear)	8	17	Positive peak rho	1	8	0.141465109860439	0.141465109860439	0.45
k_clear	0.175	500	0.0402120648482594	Ploidy-linked growth and death	15	k_clear | Dead-biomass clearance rate	Dead-biomass clearance rate (k_clear)	8	17	Positive peak rho	1	8	0.141465109860439	0.141465109860439	0.45
k_clear	0.2	500	0.0431539006156025	Ploidy-linked growth and death	15	k_clear | Dead-biomass clearance rate	Dead-biomass clearance rate (k_clear)	8	17	Positive peak rho	1	8	0.141465109860439	0.141465109860439	0.45
k_clear	0.225	500	0.0425148260593042	Ploidy-linked growth and death	15	k_clear | Dead-biomass clearance rate	Dead-biomass clearance rate (k_clear)	8	17	Positive peak rho	1	8	0.141465109860439	0.141465109860439	0.45
k_clear	0.25	500	0.030563066252265	Ploidy-linked growth and death	15	k_clear | Dead-biomass clearance rate	Dead-biomass clearance rate (k_clear)	8	17	Positive peak rho	1	8	0.141465109860439	0.141465109860439	0.45
k_clear	0.275	500	0.0258847755391022	Ploidy-linked growth and death	15	k_clear | Dead-biomass clearance rate	Dead-biomass clearance rate (k_clear)	8	17	Positive peak rho	1	8	0.141465109860439	0.141465109860439	0.45
k_clear	0.3	500	0.0525039540158161	Ploidy-linked growth and death	15	k_clear | Dead-biomass clearance rate	Dead-biomass clearance rate (k_clear)	8	17	Positive peak rho	1	8	0.141465109860439	0.141465109860439	0.45
k_clear	0.325	500	0.0742006168024672	Ploidy-linked growth and death	15	k_clear | Dead-biomass clearance rate	Dead-biomass clearance rate (k_clear)	8	17	Positive peak rho	1	8	0.141465109860439	0.141465109860439	0.45
k_clear	0.35	500	0.0870375961503846	Ploidy-linked growth and death	15	k_clear | Dead-biomass clearance rate	Dead-biomass clearance rate (k_clear)	8	17	Positive peak rho	1	8	0.141465109860439	0.141465109860439	0.45
k_clear	0.375	500	0.0953846375385502	Ploidy-linked growth and death	15	k_clear | Dead-biomass clearance rate	Dead-biomass clearance rate (k_clear)	8	17	Positive peak rho	1	8	0.141465109860439	0.141465109860439	0.45
k_clear	0.4	500	0.116829875319501	Ploidy-linked growth and death	15	k_clear | Dead-biomass clearance rate	Dead-biomass clearance rate (k_clear)	8	17	Positive peak rho	1	8	0.141465109860439	0.141465109860439	0.45
k_clear	0.425	500	0.13361602246409	Ploidy-linked growth and death	15	k_clear | Dead-biomass clearance rate	Dead-biomass clearance rate (k_clear)	8	17	Positive peak rho	1	8	0.141465109860439	0.141465109860439	0.45
k_clear	0.45	500	0.141465109860439	Ploidy-linked growth and death	15	k_clear | Dead-biomass clearance rate	Dead-biomass clearance rate (k_clear)	8	17	Positive peak rho	1	8	0.141465109860439	0.141465109860439	0.45
k_clear	0.475	500	0.12715001260005	Ploidy-linked growth and death	15	k_clear | Dead-biomass clearance rate	Dead-biomass clearance rate (k_clear)	8	17	Positive peak rho	1	8	0.141465109860439	0.141465109860439	0.45
k_clear	0.5	500	0.127592574370297	Ploidy-linked growth and death	15	k_clear | Dead-biomass clearance rate	Dead-biomass clearance rate (k_clear)	8	17	Positive peak rho	1	8	0.141465109860439	0.141465109860439	0.45
k_clear	0.525	500	0.12624290497162	Ploidy-linked growth and death	15	k_clear | Dead-biomass clearance rate	Dead-biomass clearance rate (k_clear)	8	17	Positive peak rho	1	8	0.141465109860439	0.141465109860439	0.45
k_clear	0.55	500	0.125137748550994	Ploidy-linked growth and death	15	k_clear | Dead-biomass clearance rate	Dead-biomass clearance rate (k_clear)	8	17	Positive peak rho	1	8	0.141465109860439	0.141465109860439	0.45
k_clear	0.575	500	0.123681614726459	Ploidy-linked growth and death	15	k_clear | Dead-biomass clearance rate	Dead-biomass clearance rate (k_clear)	8	17	Positive peak rho	1	8	0.141465109860439	0.141465109860439	0.45
k_clear	0.6	500	0.133388309553238	Ploidy-linked growth and death	15	k_clear | Dead-biomass clearance rate	Dead-biomass clearance rate (k_clear)	8	17	Positive peak rho	1	8	0.141465109860439	0.141465109860439	0.45
k_clear	0.625	500	0.124190128760515	Ploidy-linked growth and death	15	k_clear | Dead-biomass clearance rate	Dead-biomass clearance rate (k_clear)	8	17	Positive peak rho	1	8	0.141465109860439	0.141465109860439	0.45
k_clear	0.65	500	0.120650978603914	Ploidy-linked growth and death	15	k_clear | Dead-biomass clearance rate	Dead-biomass clearance rate (k_clear)	8	17	Positive peak rho	1	8	0.141465109860439	0.141465109860439	0.45
k_clear	0.675	500	0.127664574658299	Ploidy-linked growth and death	15	k_clear | Dead-biomass clearance rate	Dead-biomass clearance rate (k_clear)	8	17	Positive peak rho	1	8	0.141465109860439	0.141465109860439	0.45
k_clear	0.7	500	0.140494833979336	Ploidy-linked growth and death	15	k_clear | Dead-biomass clearance rate	Dead-biomass clearance rate (k_clear)	8	17	Positive peak rho	1	8	0.141465109860439	0.141465109860439	0.45
k_clear	0.725	500	0.134942939771759	Ploidy-linked growth and death	15	k_clear | Dead-biomass clearance rate	Dead-biomass clearance rate (k_clear)	8	17	Positive peak rho	1	8	0.141465109860439	0.141465109860439	0.45
k_clear	0.75	500	0.125533174132697	Ploidy-linked growth and death	15	k_clear | Dead-biomass clearance rate	Dead-biomass clearance rate (k_clear)	8	17	Positive peak rho	1	8	0.141465109860439	0.141465109860439	0.45
k_clear	0.775	500	0.124927219708879	Ploidy-linked growth and death	15	k_clear | Dead-biomass clearance rate	Dead-biomass clearance rate (k_clear)	8	17	Positive peak rho	1	8	0.141465109860439	0.141465109860439	0.45
k_clear	0.8	500	0.117166452665811	Ploidy-linked growth and death	15	k_clear | Dead-biomass clearance rate	Dead-biomass clearance rate (k_clear)	8	17	Positive peak rho	1	8	0.141465109860439	0.141465109860439	0.45
k_clear	0.825	500	0.108800787203149	Ploidy-linked growth and death	15	k_clear | Dead-biomass clearance rate	Dead-biomass clearance rate (k_clear)	8	17	Positive peak rho	1	8	0.141465109860439	0.141465109860439	0.45
k_clear	0.85	500	0.0944292417169669	Ploidy-linked growth and death	15	k_clear | Dead-biomass clearance rate	Dead-biomass clearance rate (k_clear)	8	17	Positive peak rho	1	8	0.141465109860439	0.141465109860439	0.45
k_clear	0.875	500	0.0897709190836763	Ploidy-linked growth and death	15	k_clear | Dead-biomass clearance rate	Dead-biomass clearance rate (k_clear)	8	17	Positive peak rho	1	8	0.141465109860439	0.141465109860439	0.45
k_clear	0.9	500	0.087001212004848	Ploidy-linked growth and death	15	k_clear | Dead-biomass clearance rate	Dead-biomass clearance rate (k_clear)	8	17	Positive peak rho	1	8	0.141465109860439	0.141465109860439	0.45
k_clear	0.925	500	0.0859740078960316	Ploidy-linked growth and death	15	k_clear | Dead-biomass clearance rate	Dead-biomass clearance rate (k_clear)	8	17	Positive peak rho	1	8	0.141465109860439	0.141465109860439	0.45
k_clear	0.95	500	0.0774156696626786	Ploidy-linked growth and death	15	k_clear | Dead-biomass clearance rate	Dead-biomass clearance rate (k_clear)	8	17	Positive peak rho	1	8	0.141465109860439	0.141465109860439	0.45
k_clear	0.975	500	0.0614284377137509	Ploidy-linked growth and death	15	k_clear | Dead-biomass clearance rate	Dead-biomass clearance rate (k_clear)	8	17	Positive peak rho	1	8	0.141465109860439	0.141465109860439	0.45
k_clear	1	500	0.0542823611294445	Ploidy-linked growth and death	15	k_clear | Dead-biomass clearance rate	Dead-biomass clearance rate (k_clear)	8	17	Positive peak rho	1	8	0.141465109860439	0.141465109860439	0.45
k_clear	1.025	500	0.0511601406405626	Ploidy-linked growth and death	15	k_clear | Dead-biomass clearance rate	Dead-biomass clearance rate (k_clear)	8	17	Positive peak rho	1	8	0.141465109860439	0.141465109860439	0.45
k_clear	1.05	500	0.0478516794067176	Ploidy-linked growth and death	15	k_clear | Dead-biomass clearance rate	Dead-biomass clearance rate (k_clear)	8	17	Positive peak rho	1	8	0.141465109860439	0.141465109860439	0.45
k_clear	1.075	500	0.0477924471697887	Ploidy-linked growth and death	15	k_clear | Dead-biomass clearance rate	Dead-biomass clearance rate (k_clear)	8	17	Positive peak rho	1	8	0.141465109860439	0.141465109860439	0.45
k_clear	1.1	500	0.0450255241020964	Ploidy-linked growth and death	15	k_clear | Dead-biomass clearance rate	Dead-biomass clearance rate (k_clear)	8	17	Positive peak rho	1	8	0.141465109860439	0.141465109860439	0.45
k_clear	1.125	500	0.0501794007176029	Ploidy-linked growth and death	15	k_clear | Dead-biomass clearance rate	Dead-biomass clearance rate (k_clear)	8	17	Positive peak rho	1	8	0.141465109860439	0.141465109860439	0.45
k_clear	1.15	500	0.0220050160200641	Ploidy-linked growth and death	15	k_clear | Dead-biomass clearance rate	Dead-biomass clearance rate (k_clear)	8	17	Positive peak rho	1	8	0.141465109860439	0.141465109860439	0.45
k_clear	1.175	500	0.0243873615494462	Ploidy-linked growth and death	15	k_clear | Dead-biomass clearance rate	Dead-biomass clearance rate (k_clear)	8	17	Positive peak rho	1	8	0.141465109860439	0.141465109860439	0.45
k_clear	1.2	500	0.0332278449113796	Ploidy-linked growth and death	15	k_clear | Dead-biomass clearance rate	Dead-biomass clearance rate (k_clear)	8	17	Positive peak rho	1	8	0.141465109860439	0.141465109860439	0.45
k_clear	1.225	500	0.0412717170868683	Ploidy-linked growth and death	15	k_clear | Dead-biomass clearance rate	Dead-biomass clearance rate (k_clear)	8	17	Positive peak rho	1	8	0.141465109860439	0.141465109860439	0.45
k_clear	1.25	500	0.0424749858999436	Ploidy-linked growth and death	15	k_clear | Dead-biomass clearance rate	Dead-biomass clearance rate (k_clear)	8	17	Positive peak rho	1	8	0.141465109860439	0.141465109860439	0.45
k_clear	1.275	500	0.0559932799731199	Ploidy-linked growth and death	15	k_clear | Dead-biomass clearance rate	Dead-biomass clearance rate (k_clear)	8	17	Positive peak rho	1	8	0.141465109860439	0.141465109860439	0.45
k_clear	1.3	500	0.0500368401473606	Ploidy-linked growth and death	15	k_clear | Dead-biomass clearance rate	Dead-biomass clearance rate (k_clear)	8	17	Positive peak rho	1	8	0.141465109860439	0.141465109860439	0.45
k_clear	1.325	500	0.0513843975375902	Ploidy-linked growth and death	15	k_clear | Dead-biomass clearance rate	Dead-biomass clearance rate (k_clear)	8	17	Positive peak rho	1	8	0.141465109860439	0.141465109860439	0.45
k_clear	1.35	500	0.0487869151476606	Ploidy-linked growth and death	15	k_clear | Dead-biomass clearance rate	Dead-biomass clearance rate (k_clear)	8	17	Positive peak rho	1	8	0.141465109860439	0.141465109860439	0.45
k_clear	1.375	500	0.0485561302245209	Ploidy-linked growth and death	15	k_clear | Dead-biomass clearance rate	Dead-biomass clearance rate (k_clear)	8	17	Positive peak rho	1	8	0.141465109860439	0.141465109860439	0.45
k_clear	1.4	500	0.0578471433885736	Ploidy-linked growth and death	15	k_clear | Dead-biomass clearance rate	Dead-biomass clearance rate (k_clear)	8	17	Positive peak rho	1	8	0.141465109860439	0.141465109860439	0.45
k_clear	1.425	500	0.0592699650798603	Ploidy-linked growth and death	15	k_clear | Dead-biomass clearance rate	Dead-biomass clearance rate (k_clear)	8	17	Positive peak rho	1	8	0.141465109860439	0.141465109860439	0.45
k_clear	1.45	500	0.0559804159216637	Ploidy-linked growth and death	15	k_clear | Dead-biomass clearance rate	Dead-biomass clearance rate (k_clear)	8	17	Positive peak rho	1	8	0.141465109860439	0.141465109860439	0.45
k_clear	1.475	500	0.0546409225636903	Ploidy-linked growth and death	15	k_clear | Dead-biomass clearance rate	Dead-biomass clearance rate (k_clear)	8	17	Positive peak rho	1	8	0.141465109860439	0.141465109860439	0.45
k_clear	1.5	500	0.0565670742682971	Ploidy-linked growth and death	15	k_clear | Dead-biomass clearance rate	Dead-biomass clearance rate (k_clear)	8	17	Positive peak rho	1	8	0.141465109860439	0.141465109860439	0.45
k_clear	1.525	500	0.0550436441745767	Ploidy-linked growth and death	15	k_clear | Dead-biomass clearance rate	Dead-biomass clearance rate (k_clear)	8	17	Positive peak rho	1	8	0.141465109860439	0.141465109860439	0.45
k_clear	1.55	500	0.053313237252949	Ploidy-linked growth and death	15	k_clear | Dead-biomass clearance rate	Dead-biomass clearance rate (k_clear)	8	17	Positive peak rho	1	8	0.141465109860439	0.141465109860439	0.45
k_clear	1.575	500	0.0552958371833487	Ploidy-linked growth and death	15	k_clear | Dead-biomass clearance rate	Dead-biomass clearance rate (k_clear)	8	17	Positive peak rho	1	8	0.141465109860439	0.141465109860439	0.45
k_clear	1.6	500	0.0556493105972424	Ploidy-linked growth and death	15	k_clear | Dead-biomass clearance rate	Dead-biomass clearance rate (k_clear)	8	17	Positive peak rho	1	8	0.141465109860439	0.141465109860439	0.45
k_clear	1.625	500	0.0553910695642783	Ploidy-linked growth and death	15	k_clear | Dead-biomass clearance rate	Dead-biomass clearance rate (k_clear)	8	17	Positive peak rho	1	8	0.141465109860439	0.141465109860439	0.45
k_clear	1.65	500	0.0551429085716343	Ploidy-linked growth and death	15	k_clear | Dead-biomass clearance rate	Dead-biomass clearance rate (k_clear)	8	17	Positive peak rho	1	8	0.141465109860439	0.141465109860439	0.45
k_clear	1.675	500	0.0601470245880984	Ploidy-linked growth and death	15	k_clear | Dead-biomass clearance rate	Dead-biomass clearance rate (k_clear)	8	17	Positive peak rho	1	8	0.141465109860439	0.141465109860439	0.45
k_clear	1.7	500	0.0646026904107616	Ploidy-linked growth and death	15	k_clear | Dead-biomass clearance rate	Dead-biomass clearance rate (k_clear)	8	17	Positive peak rho	1	8	0.141465109860439	0.141465109860439	0.45
k_clear	1.725	500	0.0620900723602895	Ploidy-linked growth and death	15	k_clear | Dead-biomass clearance rate	Dead-biomass clearance rate (k_clear)	8	17	Positive peak rho	1	8	0.141465109860439	0.141465109860439	0.45
k_clear	1.75	500	0.0600740642962572	Ploidy-linked growth and death	15	k_clear | Dead-biomass clearance rate	Dead-biomass clearance rate (k_clear)	8	17	Positive peak rho	1	8	0.141465109860439	0.141465109860439	0.45
k_clear	1.775	500	0.0623300733202933	Ploidy-linked growth and death	15	k_clear | Dead-biomass clearance rate	Dead-biomass clearance rate (k_clear)	8	17	Positive peak rho	1	8	0.141465109860439	0.141465109860439	0.45
k_clear	1.8	500	0.0673984135936544	Ploidy-linked growth and death	15	k_clear | Dead-biomass clearance rate	Dead-biomass clearance rate (k_clear)	8	17	Positive peak rho	1	8	0.141465109860439	0.141465109860439	0.45
k_clear	1.825	500	0.0626102984411938	Ploidy-linked growth and death	15	k_clear | Dead-biomass clearance rate	Dead-biomass clearance rate (k_clear)	8	17	Positive peak rho	1	8	0.141465109860439	0.141465109860439	0.45
k_clear	1.85	500	0.0559855999423998	Ploidy-linked growth and death	15	k_clear | Dead-biomass clearance rate	Dead-biomass clearance rate (k_clear)	8	17	Positive peak rho	1	8	0.141465109860439	0.141465109860439	0.45
k_clear	1.875	500	0.060562322249289	Ploidy-linked growth and death	15	k_clear | Dead-biomass clearance rate	Dead-biomass clearance rate (k_clear)	8	17	Positive peak rho	1	8	0.141465109860439	0.141465109860439	0.45
k_clear	1.9	500	0.0710844443377773	Ploidy-linked growth and death	15	k_clear | Dead-biomass clearance rate	Dead-biomass clearance rate (k_clear)	8	17	Positive peak rho	1	8	0.141465109860439	0.141465109860439	0.45
k_clear	1.925	500	0.0702868731474926	Ploidy-linked growth and death	15	k_clear | Dead-biomass clearance rate	Dead-biomass clearance rate (k_clear)	8	17	Positive peak rho	1	8	0.141465109860439	0.141465109860439	0.45
k_clear	1.95	500	0.0686072504290017	Ploidy-linked growth and death	15	k_clear | Dead-biomass clearance rate	Dead-biomass clearance rate (k_clear)	8	17	Positive peak rho	1	8	0.141465109860439	0.141465109860439	0.45
k_clear	1.975	500	0.0677687830751323	Ploidy-linked growth and death	15	k_clear | Dead-biomass clearance rate	Dead-biomass clearance rate (k_clear)	8	17	Positive peak rho	1	8	0.141465109860439	0.141465109860439	0.45
k_clear	2	500	0.0680246240984964	Ploidy-linked growth and death	15	k_clear | Dead-biomass clearance rate	Dead-biomass clearance rate (k_clear)	8	17	Positive peak rho	1	8	0.141465109860439	0.141465109860439	0.45
k_clear	2.025	500	0.0677294229176917	Ploidy-linked growth and death	15	k_clear | Dead-biomass clearance rate	Dead-biomass clearance rate (k_clear)	8	17	Positive peak rho	1	8	0.141465109860439	0.141465109860439	0.45
k_clear	2.05	500	0.0777932391729567	Ploidy-linked growth and death	15	k_clear | Dead-biomass clearance rate	Dead-biomass clearance rate (k_clear)	8	17	Positive peak rho	1	8	0.141465109860439	0.141465109860439	0.45
k_clear	2.075	500	0.0790120600482402	Ploidy-linked growth and death	15	k_clear | Dead-biomass clearance rate	Dead-biomass clearance rate (k_clear)	8	17	Positive peak rho	1	8	0.141465109860439	0.141465109860439	0.45
k_clear	2.1	500	0.0841134244536978	Ploidy-linked growth and death	15	k_clear | Dead-biomass clearance rate	Dead-biomass clearance rate (k_clear)	8	17	Positive peak rho	1	8	0.141465109860439	0.141465109860439	0.45
k_clear	2.125	500	0.085126324505298	Ploidy-linked growth and death	15	k_clear | Dead-biomass clearance rate	Dead-biomass clearance rate (k_clear)	8	17	Positive peak rho	1	8	0.141465109860439	0.141465109860439	0.45
k_clear	2.15	500	0.084373873495494	Ploidy-linked growth and death	15	k_clear | Dead-biomass clearance rate	Dead-biomass clearance rate (k_clear)	8	17	Positive peak rho	1	8	0.141465109860439	0.141465109860439	0.45
k_clear	2.175	500	0.0870499801999208	Ploidy-linked growth and death	15	k_clear | Dead-biomass clearance rate	Dead-biomass clearance rate (k_clear)	8	17	Positive peak rho	1	8	0.141465109860439	0.141465109860439	0.45
k_clear	2.2	500	0.0862231288925156	Ploidy-linked growth and death	15	k_clear | Dead-biomass clearance rate	Dead-biomass clearance rate (k_clear)	8	17	Positive peak rho	1	8	0.141465109860439	0.141465109860439	0.45
k_clear	2.225	500	0.0858287593150373	Ploidy-linked growth and death	15	k_clear | Dead-biomass clearance rate	Dead-biomass clearance rate (k_clear)	8	17	Positive peak rho	1	8	0.141465109860439	0.141465109860439	0.45
k_clear	2.25	500	0.0854465817863272	Ploidy-linked growth and death	15	k_clear | Dead-biomass clearance rate	Dead-biomass clearance rate (k_clear)	8	17	Positive peak rho	1	8	0.141465109860439	0.141465109860439	0.45
k_clear	2.275	500	0.0860168240672963	Ploidy-linked growth and death	15	k_clear | Dead-biomass clearance rate	Dead-biomass clearance rate (k_clear)	8	17	Positive peak rho	1	8	0.141465109860439	0.141465109860439	0.45
k_clear	2.3	500	0.0915506702026808	Ploidy-linked growth and death	15	k_clear | Dead-biomass clearance rate	Dead-biomass clearance rate (k_clear)	8	17	Positive peak rho	1	8	0.141465109860439	0.141465109860439	0.45
k_clear	2.325	500	0.0914244296977188	Ploidy-linked growth and death	15	k_clear | Dead-biomass clearance rate	Dead-biomass clearance rate (k_clear)	8	17	Positive peak rho	1	8	0.141465109860439	0.141465109860439	0.45
k_clear	2.35	500	0.0848909315637263	Ploidy-linked growth and death	15	k_clear | Dead-biomass clearance rate	Dead-biomass clearance rate (k_clear)	8	17	Positive peak rho	1	8	0.141465109860439	0.141465109860439	0.45
k_clear	2.375	500	0.0846987387949552	Ploidy-linked growth and death	15	k_clear | Dead-biomass clearance rate	Dead-biomass clearance rate (k_clear)	8	17	Positive peak rho	1	8	0.141465109860439	0.141465109860439	0.45
k_clear	2.4	500	0.0807214428857716	Ploidy-linked growth and death	15	k_clear | Dead-biomass clearance rate	Dead-biomass clearance rate (k_clear)	8	17	Positive peak rho	1	8	0.141465109860439	0.141465109860439	0.45
k_clear	2.425	500	0.0801661766647067	Ploidy-linked growth and death	15	k_clear | Dead-biomass clearance rate	Dead-biomass clearance rate (k_clear)	8	17	Positive peak rho	1	8	0.141465109860439	0.141465109860439	0.45
k_clear	2.45	500	0.0780490801963208	Ploidy-linked growth and death	15	k_clear | Dead-biomass clearance rate	Dead-biomass clearance rate (k_clear)	8	17	Positive peak rho	1	8	0.141465109860439	0.141465109860439	0.45
k_clear	2.475	500	0.0740077520310081	Ploidy-linked growth and death	15	k_clear | Dead-biomass clearance rate	Dead-biomass clearance rate (k_clear)	8	17	Positive peak rho	1	8	0.141465109860439	0.141465109860439	0.45
k_clear	2.5	500	0.0751755007020028	Ploidy-linked growth and death	15	k_clear | Dead-biomass clearance rate	Dead-biomass clearance rate (k_clear)	8	17	Positive peak rho	1	8	0.141465109860439	0.141465109860439	0.45
k_clear	2.525	500	0.0804610898443594	Ploidy-linked growth and death	15	k_clear | Dead-biomass clearance rate	Dead-biomass clearance rate (k_clear)	8	17	Positive peak rho	1	8	0.141465109860439	0.141465109860439	0.45
k_clear	2.55	500	0.0806740186960748	Ploidy-linked growth and death	15	k_clear | Dead-biomass clearance rate	Dead-biomass clearance rate (k_clear)	8	17	Positive peak rho	1	8	0.141465109860439	0.141465109860439	0.45
k_clear	2.575	500	0.0807959391837567	Ploidy-linked growth and death	15	k_clear | Dead-biomass clearance rate	Dead-biomass clearance rate (k_clear)	8	17	Positive peak rho	1	8	0.141465109860439	0.141465109860439	0.45
k_clear	2.6	500	0.080934467737871	Ploidy-linked growth and death	15	k_clear | Dead-biomass clearance rate	Dead-biomass clearance rate (k_clear)	8	17	Positive peak rho	1	8	0.141465109860439	0.141465109860439	0.45
k_clear	2.625	500	0.0810227880911524	Ploidy-linked growth and death	15	k_clear | Dead-biomass clearance rate	Dead-biomass clearance rate (k_clear)	8	17	Positive peak rho	1	8	0.141465109860439	0.141465109860439	0.45
k_clear	2.65	500	0.0810516842067368	Ploidy-linked growth and death	15	k_clear | Dead-biomass clearance rate	Dead-biomass clearance rate (k_clear)	8	17	Positive peak rho	1	8	0.141465109860439	0.141465109860439	0.45
k_clear	2.675	500	0.0795852783411134	Ploidy-linked growth and death	15	k_clear | Dead-biomass clearance rate	Dead-biomass clearance rate (k_clear)	8	17	Positive peak rho	1	8	0.141465109860439	0.141465109860439	0.45
k_clear	2.7	500	0.0796489265957064	Ploidy-linked growth and death	15	k_clear | Dead-biomass clearance rate	Dead-biomass clearance rate (k_clear)	8	17	Positive peak rho	1	8	0.141465109860439	0.141465109860439	0.45
k_clear	2.725	500	0.0794605738422954	Ploidy-linked growth and death	15	k_clear | Dead-biomass clearance rate	Dead-biomass clearance rate (k_clear)	8	17	Positive peak rho	1	8	0.141465109860439	0.141465109860439	0.45
k_clear	2.75	500	0.0808458593834375	Ploidy-linked growth and death	15	k_clear | Dead-biomass clearance rate	Dead-biomass clearance rate (k_clear)	8	17	Positive peak rho	1	8	0.141465109860439	0.141465109860439	0.45
k_clear	2.775	500	0.0800587522350089	Ploidy-linked growth and death	15	k_clear | Dead-biomass clearance rate	Dead-biomass clearance rate (k_clear)	8	17	Positive peak rho	1	8	0.141465109860439	0.141465109860439	0.45
k_clear	2.8	500	0.0801163524654099	Ploidy-linked growth and death	15	k_clear | Dead-biomass clearance rate	Dead-biomass clearance rate (k_clear)	8	17	Positive peak rho	1	8	0.141465109860439	0.141465109860439	0.45
k_clear	2.825	500	0.0801430405721623	Ploidy-linked growth and death	15	k_clear | Dead-biomass clearance rate	Dead-biomass clearance rate (k_clear)	8	17	Positive peak rho	1	8	0.141465109860439	0.141465109860439	0.45
k_clear	2.85	500	0.0837115668462674	Ploidy-linked growth and death	15	k_clear | Dead-biomass clearance rate	Dead-biomass clearance rate (k_clear)	8	17	Positive peak rho	1	8	0.141465109860439	0.141465109860439	0.45
k_clear	2.875	500	0.0855170460681843	Ploidy-linked growth and death	15	k_clear | Dead-biomass clearance rate	Dead-biomass clearance rate (k_clear)	8	17	Positive peak rho	1	8	0.141465109860439	0.141465109860439	0.45
k_clear	2.9	500	0.0857394789579158	Ploidy-linked growth and death	15	k_clear | Dead-biomass clearance rate	Dead-biomass clearance rate (k_clear)	8	17	Positive peak rho	1	8	0.141465109860439	0.141465109860439	0.45
k_clear	2.925	500	0.0852219408877636	Ploidy-linked growth and death	15	k_clear | Dead-biomass clearance rate	Dead-biomass clearance rate (k_clear)	8	17	Positive peak rho	1	8	0.141465109860439	0.141465109860439	0.45
k_clear	2.95	500	0.0828324913299653	Ploidy-linked growth and death	15	k_clear | Dead-biomass clearance rate	Dead-biomass clearance rate (k_clear)	8	17	Positive peak rho	1	8	0.141465109860439	0.141465109860439	0.45
k_clear	2.975	500	0.0823039132156529	Ploidy-linked growth and death	15	k_clear | Dead-biomass clearance rate	Dead-biomass clearance rate (k_clear)	8	17	Positive peak rho	1	8	0.141465109860439	0.141465109860439	0.45
k_clear	3	500	0.0815562622250489	Ploidy-linked growth and death	15	k_clear | Dead-biomass clearance rate	Dead-biomass clearance rate (k_clear)	8	17	Positive peak rho	1	8	0.141465109860439	0.141465109860439	0.45
k_clear	3.025	500	0.0822024408097632	Ploidy-linked growth and death	15	k_clear | Dead-biomass clearance rate	Dead-biomass clearance rate (k_clear)	8	17	Positive peak rho	1	8	0.141465109860439	0.141465109860439	0.45
k_clear	3.05	500	0.0744599138396554	Ploidy-linked growth and death	15	k_clear | Dead-biomass clearance rate	Dead-biomass clearance rate (k_clear)	8	17	Positive peak rho	1	8	0.141465109860439	0.141465109860439	0.45
k_clear	3.075	500	0.072939843759375	Ploidy-linked growth and death	15	k_clear | Dead-biomass clearance rate	Dead-biomass clearance rate (k_clear)	8	17	Positive peak rho	1	8	0.141465109860439	0.141465109860439	0.45
k_clear	3.1	500	0.0719297277189109	Ploidy-linked growth and death	15	k_clear | Dead-biomass clearance rate	Dead-biomass clearance rate (k_clear)	8	17	Positive peak rho	1	8	0.141465109860439	0.141465109860439	0.45
k_clear	3.125	500	0.0744554978219913	Ploidy-linked growth and death	15	k_clear | Dead-biomass clearance rate	Dead-biomass clearance rate (k_clear)	8	17	Positive peak rho	1	8	0.141465109860439	0.141465109860439	0.45
k_clear	3.15	500	0.0733390133560534	Ploidy-linked growth and death	15	k_clear | Dead-biomass clearance rate	Dead-biomass clearance rate (k_clear)	8	17	Positive peak rho	1	8	0.141465109860439	0.141465109860439	0.45
k_clear	3.175	500	0.0700684722738891	Ploidy-linked growth and death	15	k_clear | Dead-biomass clearance rate	Dead-biomass clearance rate (k_clear)	8	17	Positive peak rho	1	8	0.141465109860439	0.141465109860439	0.45
k_clear	3.2	500	0.0694301657206629	Ploidy-linked growth and death	15	k_clear | Dead-biomass clearance rate	Dead-biomass clearance rate (k_clear)	8	17	Positive peak rho	1	8	0.141465109860439	0.141465109860439	0.45
k_clear	3.225	500	0.0686788667154669	Ploidy-linked growth and death	15	k_clear | Dead-biomass clearance rate	Dead-biomass clearance rate (k_clear)	8	17	Positive peak rho	1	8	0.141465109860439	0.141465109860439	0.45
k_clear	3.25	500	0.0677750231000924	Ploidy-linked growth and death	15	k_clear | Dead-biomass clearance rate	Dead-biomass clearance rate (k_clear)	8	17	Positive peak rho	1	8	0.141465109860439	0.141465109860439	0.45
k_clear	3.275	500	0.064123840495362	Ploidy-linked growth and death	15	k_clear | Dead-biomass clearance rate	Dead-biomass clearance rate (k_clear)	8	17	Positive peak rho	1	8	0.141465109860439	0.141465109860439	0.45
k_clear	3.3	500	0.062623546494186	Ploidy-linked growth and death	15	k_clear | Dead-biomass clearance rate	Dead-biomass clearance rate (k_clear)	8	17	Positive peak rho	1	8	0.141465109860439	0.141465109860439	0.45
k_clear	3.325	500	0.0575368701474806	Ploidy-linked growth and death	15	k_clear | Dead-biomass clearance rate	Dead-biomass clearance rate (k_clear)	8	17	Positive peak rho	1	8	0.141465109860439	0.141465109860439	0.45
k_clear	3.35	500	0.0571908847635391	Ploidy-linked growth and death	15	k_clear | Dead-biomass clearance rate	Dead-biomass clearance rate (k_clear)	8	17	Positive peak rho	1	8	0.141465109860439	0.141465109860439	0.45
k_clear	3.375	500	0.0566669146676587	Ploidy-linked growth and death	15	k_clear | Dead-biomass clearance rate	Dead-biomass clearance rate (k_clear)	8	17	Positive peak rho	1	8	0.141465109860439	0.141465109860439	0.45
k_clear	3.4	500	0.0572355249420998	Ploidy-linked growth and death	15	k_clear | Dead-biomass clearance rate	Dead-biomass clearance rate (k_clear)	8	17	Positive peak rho	1	8	0.141465109860439	0.141465109860439	0.45
k_clear	3.425	500	0.0534461017844071	Ploidy-linked growth and death	15	k_clear | Dead-biomass clearance rate	Dead-biomass clearance rate (k_clear)	8	17	Positive peak rho	1	8	0.141465109860439	0.141465109860439	0.45
k_clear	3.45	500	0.0526108024432098	Ploidy-linked growth and death	15	k_clear | Dead-biomass clearance rate	Dead-biomass clearance rate (k_clear)	8	17	Positive peak rho	1	8	0.141465109860439	0.141465109860439	0.45
k_clear	3.475	500	0.0525153780615122	Ploidy-linked growth and death	15	k_clear | Dead-biomass clearance rate	Dead-biomass clearance rate (k_clear)	8	17	Positive peak rho	1	8	0.141465109860439	0.141465109860439	0.45
k_clear	3.5	500	0.0527592190368762	Ploidy-linked growth and death	15	k_clear | Dead-biomass clearance rate	Dead-biomass clearance rate (k_clear)	8	17	Positive peak rho	1	8	0.141465109860439	0.141465109860439	0.45
k_clear	3.525	500	0.0540119280477122	Ploidy-linked growth and death	15	k_clear | Dead-biomass clearance rate	Dead-biomass clearance rate (k_clear)	8	17	Positive peak rho	1	8	0.141465109860439	0.141465109860439	0.45
k_clear	3.55	500	0.0541646646586586	Ploidy-linked growth and death	15	k_clear | Dead-biomass clearance rate	Dead-biomass clearance rate (k_clear)	8	17	Positive peak rho	1	8	0.141465109860439	0.141465109860439	0.45
k_clear	3.575	500	0.0541089844359378	Ploidy-linked growth and death	15	k_clear | Dead-biomass clearance rate	Dead-biomass clearance rate (k_clear)	8	17	Positive peak rho	1	8	0.141465109860439	0.141465109860439	0.45
k_clear	3.6	500	0.0534911259645039	Ploidy-linked growth and death	15	k_clear | Dead-biomass clearance rate	Dead-biomass clearance rate (k_clear)	8	17	Positive peak rho	1	8	0.141465109860439	0.141465109860439	0.45
k_clear	3.625	500	0.0533780375121501	Ploidy-linked growth and death	15	k_clear | Dead-biomass clearance rate	Dead-biomass clearance rate (k_clear)	8	17	Positive peak rho	1	8	0.141465109860439	0.141465109860439	0.45
k_clear	3.65	500	0.0529322117288469	Ploidy-linked growth and death	15	k_clear | Dead-biomass clearance rate	Dead-biomass clearance rate (k_clear)	8	17	Positive peak rho	1	8	0.141465109860439	0.141465109860439	0.45
k_clear	3.675	500	0.0527620030480122	Ploidy-linked growth and death	15	k_clear | Dead-biomass clearance rate	Dead-biomass clearance rate (k_clear)	8	17	Positive peak rho	1	8	0.141465109860439	0.141465109860439	0.45
k_clear	3.7	500	0.054814779259117	Ploidy-linked growth and death	15	k_clear | Dead-biomass clearance rate	Dead-biomass clearance rate (k_clear)	8	17	Positive peak rho	1	8	0.141465109860439	0.141465109860439	0.45
k_clear	3.725	500	0.049059268237073	Ploidy-linked growth and death	15	k_clear | Dead-biomass clearance rate	Dead-biomass clearance rate (k_clear)	8	17	Positive peak rho	1	8	0.141465109860439	0.141465109860439	0.45
k_clear	3.75	500	0.0490043560174241	Ploidy-linked growth and death	15	k_clear | Dead-biomass clearance rate	Dead-biomass clearance rate (k_clear)	8	17	Positive peak rho	1	8	0.141465109860439	0.141465109860439	0.45
k_clear	3.775	500	0.0486969627878512	Ploidy-linked growth and death	15	k_clear | Dead-biomass clearance rate	Dead-biomass clearance rate (k_clear)	8	17	Positive peak rho	1	8	0.141465109860439	0.141465109860439	0.45
k_clear	3.8	500	0.0487375709502838	Ploidy-linked growth and death	15	k_clear | Dead-biomass clearance rate	Dead-biomass clearance rate (k_clear)	8	17	Positive peak rho	1	8	0.141465109860439	0.141465109860439	0.45
k_clear	3.825	500	0.0493785655142621	Ploidy-linked growth and death	15	k_clear | Dead-biomass clearance rate	Dead-biomass clearance rate (k_clear)	8	17	Positive peak rho	1	8	0.141465109860439	0.141465109860439	0.45
k_clear	3.85	500	0.0499993999976	Ploidy-linked growth and death	15	k_clear | Dead-biomass clearance rate	Dead-biomass clearance rate (k_clear)	8	17	Positive peak rho	1	8	0.141465109860439	0.141465109860439	0.45
k_clear	3.875	500	0.0567633950535802	Ploidy-linked growth and death	15	k_clear | Dead-biomass clearance rate	Dead-biomass clearance rate (k_clear)	8	17	Positive peak rho	1	8	0.141465109860439	0.141465109860439	0.45
k_clear	3.9	500	0.0563201612806451	Ploidy-linked growth and death	15	k_clear | Dead-biomass clearance rate	Dead-biomass clearance rate (k_clear)	8	17	Positive peak rho	1	8	0.141465109860439	0.141465109860439	0.45
k_clear	3.925	500	0.0557853431413726	Ploidy-linked growth and death	15	k_clear | Dead-biomass clearance rate	Dead-biomass clearance rate (k_clear)	8	17	Positive peak rho	1	8	0.141465109860439	0.141465109860439	0.45
k_clear	3.95	500	0.0513326533306133	Ploidy-linked growth and death	15	k_clear | Dead-biomass clearance rate	Dead-biomass clearance rate (k_clear)	8	17	Positive peak rho	1	8	0.141465109860439	0.141465109860439	0.45
k_clear	3.975	500	0.0510987963951856	Ploidy-linked growth and death	15	k_clear | Dead-biomass clearance rate	Dead-biomass clearance rate (k_clear)	8	17	Positive peak rho	1	8	0.141465109860439	0.141465109860439	0.45
k_clear	4	500	0.0507868911475646	Ploidy-linked growth and death	15	k_clear | Dead-biomass clearance rate	Dead-biomass clearance rate (k_clear)	8	17	Positive peak rho	1	8	0.141465109860439	0.141465109860439	0.45
k_clear	4.025	500	0.0510285241140965	Ploidy-linked growth and death	15	k_clear | Dead-biomass clearance rate	Dead-biomass clearance rate (k_clear)	8	17	Positive peak rho	1	8	0.141465109860439	0.141465109860439	0.45
k_clear	4.05	500	0.0523873135492542	Ploidy-linked growth and death	15	k_clear | Dead-biomass clearance rate	Dead-biomass clearance rate (k_clear)	8	17	Positive peak rho	1	8	0.141465109860439	0.141465109860439	0.45
k_clear	4.075	500	0.0520776163104652	Ploidy-linked growth and death	15	k_clear | Dead-biomass clearance rate	Dead-biomass clearance rate (k_clear)	8	17	Positive peak rho	1	8	0.141465109860439	0.141465109860439	0.45
k_clear	4.1	500	0.0522877611510446	Ploidy-linked growth and death	15	k_clear | Dead-biomass clearance rate	Dead-biomass clearance rate (k_clear)	8	17	Positive peak rho	1	8	0.141465109860439	0.141465109860439	0.45
k_clear	4.125	500	0.052059376237505	Ploidy-linked growth and death	15	k_clear | Dead-biomass clearance rate	Dead-biomass clearance rate (k_clear)	8	17	Positive peak rho	1	8	0.141465109860439	0.141465109860439	0.45
k_clear	4.15	500	0.0519909279637119	Ploidy-linked growth and death	15	k_clear | Dead-biomass clearance rate	Dead-biomass clearance rate (k_clear)	8	17	Positive peak rho	1	8	0.141465109860439	0.141465109860439	0.45
k_clear	4.175	500	0.0520209760839043	Ploidy-linked growth and death	15	k_clear | Dead-biomass clearance rate	Dead-biomass clearance rate (k_clear)	8	17	Positive peak rho	1	8	0.141465109860439	0.141465109860439	0.45
k_clear	4.2	500	0.0523272173088692	Ploidy-linked growth and death	15	k_clear | Dead-biomass clearance rate	Dead-biomass clearance rate (k_clear)	8	17	Positive peak rho	1	8	0.141465109860439	0.141465109860439	0.45
k_clear	4.225	500	0.0537117348469394	Ploidy-linked growth and death	15	k_clear | Dead-biomass clearance rate	Dead-biomass clearance rate (k_clear)	8	17	Positive peak rho	1	8	0.141465109860439	0.141465109860439	0.45
k_clear	4.25	500	0.0536756387025548	Ploidy-linked growth and death	15	k_clear | Dead-biomass clearance rate	Dead-biomass clearance rate (k_clear)	8	17	Positive peak rho	1	8	0.141465109860439	0.141465109860439	0.45
k_clear	4.275	500	0.0537725030900124	Ploidy-linked growth and death	15	k_clear | Dead-biomass clearance rate	Dead-biomass clearance rate (k_clear)	8	17	Positive peak rho	1	8	0.141465109860439	0.141465109860439	0.45
k_clear	4.3	500	0.0537262309049236	Ploidy-linked growth and death	15	k_clear | Dead-biomass clearance rate	Dead-biomass clearance rate (k_clear)	8	17	Positive peak rho	1	8	0.141465109860439	0.141465109860439	0.45
k_clear	4.325	500	0.0536681506726027	Ploidy-linked growth and death	15	k_clear | Dead-biomass clearance rate	Dead-biomass clearance rate (k_clear)	8	17	Positive peak rho	1	8	0.141465109860439	0.141465109860439	0.45
k_clear	4.35	500	0.0540146160584642	Ploidy-linked growth and death	15	k_clear | Dead-biomass clearance rate	Dead-biomass clearance rate (k_clear)	8	17	Positive peak rho	1	8	0.141465109860439	0.141465109860439	0.45
k_clear	4.375	500	0.054122904491618	Ploidy-linked growth and death	15	k_clear | Dead-biomass clearance rate	Dead-biomass clearance rate (k_clear)	8	17	Positive peak rho	1	8	0.141465109860439	0.141465109860439	0.45
k_clear	4.4	500	0.0542461689846759	Ploidy-linked growth and death	15	k_clear | Dead-biomass clearance rate	Dead-biomass clearance rate (k_clear)	8	17	Positive peak rho	1	8	0.141465109860439	0.141465109860439	0.45
k_clear	4.425	500	0.0543709694838779	Ploidy-linked growth and death	15	k_clear | Dead-biomass clearance rate	Dead-biomass clearance rate (k_clear)	8	17	Positive peak rho	1	8	0.141465109860439	0.141465109860439	0.45
k_clear	4.45	500	0.0546463945855783	Ploidy-linked growth and death	15	k_clear | Dead-biomass clearance rate	Dead-biomass clearance rate (k_clear)	8	17	Positive peak rho	1	8	0.141465109860439	0.141465109860439	0.45
k_clear	4.475	500	0.0548889875559502	Ploidy-linked growth and death	15	k_clear | Dead-biomass clearance rate	Dead-biomass clearance rate (k_clear)	8	17	Positive peak rho	1	8	0.141465109860439	0.141465109860439	0.45
k_clear	4.5	500	0.0534820059280237	Ploidy-linked growth and death	15	k_clear | Dead-biomass clearance rate	Dead-biomass clearance rate (k_clear)	8	17	Positive peak rho	1	8	0.141465109860439	0.141465109860439	0.45
k_clear	4.525	500	0.0532801171204685	Ploidy-linked growth and death	15	k_clear | Dead-biomass clearance rate	Dead-biomass clearance rate (k_clear)	8	17	Positive peak rho	1	8	0.141465109860439	0.141465109860439	0.45
k_clear	4.55	500	0.0498678794715179	Ploidy-linked growth and death	15	k_clear | Dead-biomass clearance rate	Dead-biomass clearance rate (k_clear)	8	17	Positive peak rho	1	8	0.141465109860439	0.141465109860439	0.45
k_clear	4.575	500	0.049872295489182	Ploidy-linked growth and death	15	k_clear | Dead-biomass clearance rate	Dead-biomass clearance rate (k_clear)	8	17	Positive peak rho	1	8	0.141465109860439	0.141465109860439	0.45
k_clear	4.6	500	0.0495873663494654	Ploidy-linked growth and death	15	k_clear | Dead-biomass clearance rate	Dead-biomass clearance rate (k_clear)	8	17	Positive peak rho	1	8	0.141465109860439	0.141465109860439	0.45
k_clear	4.625	500	0.0495918783675135	Ploidy-linked growth and death	15	k_clear | Dead-biomass clearance rate	Dead-biomass clearance rate (k_clear)	8	17	Positive peak rho	1	8	0.141465109860439	0.141465109860439	0.45
k_clear	4.65	500	0.0494928059712239	Ploidy-linked growth and death	15	k_clear | Dead-biomass clearance rate	Dead-biomass clearance rate (k_clear)	8	17	Positive peak rho	1	8	0.141465109860439	0.141465109860439	0.45
k_clear	4.675	500	0.0491020844083376	Ploidy-linked growth and death	15	k_clear | Dead-biomass clearance rate	Dead-biomass clearance rate (k_clear)	8	17	Positive peak rho	1	8	0.141465109860439	0.141465109860439	0.45
k_clear	4.7	500	0.0488572834291337	Ploidy-linked growth and death	15	k_clear | Dead-biomass clearance rate	Dead-biomass clearance rate (k_clear)	8	17	Positive peak rho	1	8	0.141465109860439	0.141465109860439	0.45
k_clear	4.725	500	0.048561890247561	Ploidy-linked growth and death	15	k_clear | Dead-biomass clearance rate	Dead-biomass clearance rate (k_clear)	8	17	Positive peak rho	1	8	0.141465109860439	0.141465109860439	0.45
k_clear	4.75	500	0.0483254413017652	Ploidy-linked growth and death	15	k_clear | Dead-biomass clearance rate	Dead-biomass clearance rate (k_clear)	8	17	Positive peak rho	1	8	0.141465109860439	0.141465109860439	0.45
k_clear	4.775	500	0.0477658550634203	Ploidy-linked growth and death	15	k_clear | Dead-biomass clearance rate	Dead-biomass clearance rate (k_clear)	8	17	Positive peak rho	1	8	0.141465109860439	0.141465109860439	0.45
k_clear	4.8	500	0.0474442537770151	Ploidy-linked growth and death	15	k_clear | Dead-biomass clearance rate	Dead-biomass clearance rate (k_clear)	8	17	Positive peak rho	1	8	0.141465109860439	0.141465109860439	0.45
k_clear	4.825	500	0.0471372445489782	Ploidy-linked growth and death	15	k_clear | Dead-biomass clearance rate	Dead-biomass clearance rate (k_clear)	8	17	Positive peak rho	1	8	0.141465109860439	0.141465109860439	0.45
k_clear	4.85	500	0.0470351961407846	Ploidy-linked growth and death	15	k_clear | Dead-biomass clearance rate	Dead-biomass clearance rate (k_clear)	8	17	Positive peak rho	1	8	0.141465109860439	0.141465109860439	0.45
k_clear	4.875	500	0.047498397993592	Ploidy-linked growth and death	15	k_clear | Dead-biomass clearance rate	Dead-biomass clearance rate (k_clear)	8	17	Positive peak rho	1	8	0.141465109860439	0.141465109860439	0.45
k_clear	4.9	500	0.0447267709070836	Ploidy-linked growth and death	15	k_clear | Dead-biomass clearance rate	Dead-biomass clearance rate (k_clear)	8	17	Positive peak rho	1	8	0.141465109860439	0.141465109860439	0.45
k_clear	4.925	500	0.0443995055980224	Ploidy-linked growth and death	15	k_clear | Dead-biomass clearance rate	Dead-biomass clearance rate (k_clear)	8	17	Positive peak rho	1	8	0.141465109860439	0.141465109860439	0.45
k_clear	4.95	500	0.044435121740487	Ploidy-linked growth and death	15	k_clear | Dead-biomass clearance rate	Dead-biomass clearance rate (k_clear)	8	17	Positive peak rho	1	8	0.141465109860439	0.141465109860439	0.45
k_clear	4.975	500	0.0443920175680703	Ploidy-linked growth and death	15	k_clear | Dead-biomass clearance rate	Dead-biomass clearance rate (k_clear)	8	17	Positive peak rho	1	8	0.141465109860439	0.141465109860439	0.45
k_clear	5	500	0.046123576494306	Ploidy-linked growth and death	15	k_clear | Dead-biomass clearance rate	Dead-biomass clearance rate (k_clear)	8	17	Positive peak rho	1	8	0.141465109860439	0.141465109860439	0.45
mu_hp	0	500	-0.683437045798044	Ploidy-linked growth and death	13	mu_hp | Stress-associated death scale	Stress-associated death scale (mu_hp)	9	1	Negative peak rho	2	1	0.683437045798044	-0.683437045798044	0
mu_hp	0.025	500	-0.673354408627828	Ploidy-linked growth and death	13	mu_hp | Stress-associated death scale	Stress-associated death scale (mu_hp)	9	1	Negative peak rho	2	1	0.683437045798044	-0.683437045798044	0
mu_hp	0.05	500	-0.658340997367744	Ploidy-linked growth and death	13	mu_hp | Stress-associated death scale	Stress-associated death scale (mu_hp)	9	1	Negative peak rho	2	1	0.683437045798044	-0.683437045798044	0
mu_hp	0.075	500	-0.634696475440283	Ploidy-linked growth and death	13	mu_hp | Stress-associated death scale	Stress-associated death scale (mu_hp)	9	1	Negative peak rho	2	1	0.683437045798044	-0.683437045798044	0
mu_hp	0.1	500	-0.616170120442211	Ploidy-linked growth and death	13	mu_hp | Stress-associated death scale	Stress-associated death scale (mu_hp)	9	1	Negative peak rho	2	1	0.683437045798044	-0.683437045798044	0
mu_hp	0.125	500	-0.591525850035876	Ploidy-linked growth and death	13	mu_hp | Stress-associated death scale	Stress-associated death scale (mu_hp)	9	1	Negative peak rho	2	1	0.683437045798044	-0.683437045798044	0
mu_hp	0.15	500	-0.553062317719247	Ploidy-linked growth and death	13	mu_hp | Stress-associated death scale	Stress-associated death scale (mu_hp)	9	1	Negative peak rho	2	1	0.683437045798044	-0.683437045798044	0
mu_hp	0.175	500	-0.520747516948936	Ploidy-linked growth and death	13	mu_hp | Stress-associated death scale	Stress-associated death scale (mu_hp)	9	1	Negative peak rho	2	1	0.683437045798044	-0.683437045798044	0
mu_hp	0.2	500	-0.496626736887839	Ploidy-linked growth and death	13	mu_hp | Stress-associated death scale	Stress-associated death scale (mu_hp)	9	1	Negative peak rho	2	1	0.683437045798044	-0.683437045798044	0
mu_hp	0.225	500	-0.463947998487087	Ploidy-linked growth and death	13	mu_hp | Stress-associated death scale	Stress-associated death scale (mu_hp)	9	1	Negative peak rho	2	1	0.683437045798044	-0.683437045798044	0
mu_hp	0.25	500	-0.425704403155775	Ploidy-linked growth and death	13	mu_hp | Stress-associated death scale	Stress-associated death scale (mu_hp)	9	1	Negative peak rho	2	1	0.683437045798044	-0.683437045798044	0
mu_hp	0.275	500	-0.398281496301149	Ploidy-linked growth and death	13	mu_hp | Stress-associated death scale	Stress-associated death scale (mu_hp)	9	1	Negative peak rho	2	1	0.683437045798044	-0.683437045798044	0
mu_hp	0.3	500	-0.343466882731674	Ploidy-linked growth and death	13	mu_hp | Stress-associated death scale	Stress-associated death scale (mu_hp)	9	1	Negative peak rho	2	1	0.683437045798044	-0.683437045798044	0
mu_hp	0.325	500	-0.306161691604414	Ploidy-linked growth and death	13	mu_hp | Stress-associated death scale	Stress-associated death scale (mu_hp)	9	1	Negative peak rho	2	1	0.683437045798044	-0.683437045798044	0
mu_hp	0.35	500	-0.26244367174768	Ploidy-linked growth and death	13	mu_hp | Stress-associated death scale	Stress-associated death scale (mu_hp)	9	1	Negative peak rho	2	1	0.683437045798044	-0.683437045798044	0
mu_hp	0.375	500	-0.248293880356613	Ploidy-linked growth and death	13	mu_hp | Stress-associated death scale	Stress-associated death scale (mu_hp)	9	1	Negative peak rho	2	1	0.683437045798044	-0.683437045798044	0
mu_hp	0.4	500	-0.209765547749678	Ploidy-linked growth and death	13	mu_hp | Stress-associated death scale	Stress-associated death scale (mu_hp)	9	1	Negative peak rho	2	1	0.683437045798044	-0.683437045798044	0
mu_hp	0.425	500	-0.186228162302189	Ploidy-linked growth and death	13	mu_hp | Stress-associated death scale	Stress-associated death scale (mu_hp)	9	1	Negative peak rho	2	1	0.683437045798044	-0.683437045798044	0
mu_hp	0.45	500	-0.170063801885852	Ploidy-linked growth and death	13	mu_hp | Stress-associated death scale	Stress-associated death scale (mu_hp)	9	1	Negative peak rho	2	1	0.683437045798044	-0.683437045798044	0
mu_hp	0.475	500	-0.149583550134322	Ploidy-linked growth and death	13	mu_hp | Stress-associated death scale	Stress-associated death scale (mu_hp)	9	1	Negative peak rho	2	1	0.683437045798044	-0.683437045798044	0
mu_hp	0.5	500	-0.117718799380235	Ploidy-linked growth and death	13	mu_hp | Stress-associated death scale	Stress-associated death scale (mu_hp)	9	1	Negative peak rho	2	1	0.683437045798044	-0.683437045798044	0
mu_hp	0.525	500	-0.107820003033626	Ploidy-linked growth and death	13	mu_hp | Stress-associated death scale	Stress-associated death scale (mu_hp)	9	1	Negative peak rho	2	1	0.683437045798044	-0.683437045798044	0
mu_hp	0.55	500	-0.104803765520882	Ploidy-linked growth and death	13	mu_hp | Stress-associated death scale	Stress-associated death scale (mu_hp)	9	1	Negative peak rho	2	1	0.683437045798044	-0.683437045798044	0
mu_hp	0.575	500	-0.0957672450372688	Ploidy-linked growth and death	13	mu_hp | Stress-associated death scale	Stress-associated death scale (mu_hp)	9	1	Negative peak rho	2	1	0.683437045798044	-0.683437045798044	0
mu_hp	0.6	500	-0.0879556900415015	Ploidy-linked growth and death	13	mu_hp | Stress-associated death scale	Stress-associated death scale (mu_hp)	9	1	Negative peak rho	2	1	0.683437045798044	-0.683437045798044	0
mu_hp	0.625	500	-0.0961043985477166	Ploidy-linked growth and death	13	mu_hp | Stress-associated death scale	Stress-associated death scale (mu_hp)	9	1	Negative peak rho	2	1	0.683437045798044	-0.683437045798044	0
mu_hp	0.65	500	-0.0826493622691525	Ploidy-linked growth and death	13	mu_hp | Stress-associated death scale	Stress-associated death scale (mu_hp)	9	1	Negative peak rho	2	1	0.683437045798044	-0.683437045798044	0
mu_hp	0.675	500	-0.0602141577594337	Ploidy-linked growth and death	13	mu_hp | Stress-associated death scale	Stress-associated death scale (mu_hp)	9	1	Negative peak rho	2	1	0.683437045798044	-0.683437045798044	0
mu_hp	0.7	500	-0.0411101681735582	Ploidy-linked growth and death	13	mu_hp | Stress-associated death scale	Stress-associated death scale (mu_hp)	9	1	Negative peak rho	2	1	0.683437045798044	-0.683437045798044	0
mu_hp	0.725	500	-0.0227359738571655	Ploidy-linked growth and death	13	mu_hp | Stress-associated death scale	Stress-associated death scale (mu_hp)	9	1	Negative peak rho	2	1	0.683437045798044	-0.683437045798044	0
mu_hp	0.75	500	-0.0026048756698433	Ploidy-linked growth and death	13	mu_hp | Stress-associated death scale	Stress-associated death scale (mu_hp)	9	1	Negative peak rho	2	1	0.683437045798044	-0.683437045798044	0
mu_hp	0.775	500	-0.00655068534707111	Ploidy-linked growth and death	13	mu_hp | Stress-associated death scale	Stress-associated death scale (mu_hp)	9	1	Negative peak rho	2	1	0.683437045798044	-0.683437045798044	0
mu_hp	0.8	500	-0.00565768934644893	Ploidy-linked growth and death	13	mu_hp | Stress-associated death scale	Stress-associated death scale (mu_hp)	9	1	Negative peak rho	2	1	0.683437045798044	-0.683437045798044	0
mu_hp	0.825	500	0.00150298273336282	Ploidy-linked growth and death	13	mu_hp | Stress-associated death scale	Stress-associated death scale (mu_hp)	9	1	Negative peak rho	2	1	0.683437045798044	-0.683437045798044	0
mu_hp	0.85	500	0.00476315733894543	Ploidy-linked growth and death	13	mu_hp | Stress-associated death scale	Stress-associated death scale (mu_hp)	9	1	Negative peak rho	2	1	0.683437045798044	-0.683437045798044	0
mu_hp	0.875	500	0.00418533075028224	Ploidy-linked growth and death	13	mu_hp | Stress-associated death scale	Stress-associated death scale (mu_hp)	9	1	Negative peak rho	2	1	0.683437045798044	-0.683437045798044	0
mu_hp	0.9	500	0.034266489513877	Ploidy-linked growth and death	13	mu_hp | Stress-associated death scale	Stress-associated death scale (mu_hp)	9	1	Negative peak rho	2	1	0.683437045798044	-0.683437045798044	0
mu_hp	0.925	500	0.0403221966434456	Ploidy-linked growth and death	13	mu_hp | Stress-associated death scale	Stress-associated death scale (mu_hp)	9	1	Negative peak rho	2	1	0.683437045798044	-0.683437045798044	0
mu_hp	0.95	500	0.0463028314366902	Ploidy-linked growth and death	13	mu_hp | Stress-associated death scale	Stress-associated death scale (mu_hp)	9	1	Negative peak rho	2	1	0.683437045798044	-0.683437045798044	0
mu_hp	0.975	500	0.0388570380795351	Ploidy-linked growth and death	13	mu_hp | Stress-associated death scale	Stress-associated death scale (mu_hp)	9	1	Negative peak rho	2	1	0.683437045798044	-0.683437045798044	0
mu_hp	1	500	0.0377331610445658	Ploidy-linked growth and death	13	mu_hp | Stress-associated death scale	Stress-associated death scale (mu_hp)	9	1	Negative peak rho	2	1	0.683437045798044	-0.683437045798044	0
mu_hp	1.025	500	0.0304145682572693	Ploidy-linked growth and death	13	mu_hp | Stress-associated death scale	Stress-associated death scale (mu_hp)	9	1	Negative peak rho	2	1	0.683437045798044	-0.683437045798044	0
mu_hp	1.05	500	0.033427637755821	Ploidy-linked growth and death	13	mu_hp | Stress-associated death scale	Stress-associated death scale (mu_hp)	9	1	Negative peak rho	2	1	0.683437045798044	-0.683437045798044	0
mu_hp	1.075	500	0.00798320376475379	Ploidy-linked growth and death	13	mu_hp | Stress-associated death scale	Stress-associated death scale (mu_hp)	9	1	Negative peak rho	2	1	0.683437045798044	-0.683437045798044	0
mu_hp	1.1	500	0.00112157302464728	Ploidy-linked growth and death	13	mu_hp | Stress-associated death scale	Stress-associated death scale (mu_hp)	9	1	Negative peak rho	2	1	0.683437045798044	-0.683437045798044	0
mu_hp	1.125	500	0.00456942847104008	Ploidy-linked growth and death	13	mu_hp | Stress-associated death scale	Stress-associated death scale (mu_hp)	9	1	Negative peak rho	2	1	0.683437045798044	-0.683437045798044	0
mu_hp	1.15	500	0.0344111621620105	Ploidy-linked growth and death	13	mu_hp | Stress-associated death scale	Stress-associated death scale (mu_hp)	9	1	Negative peak rho	2	1	0.683437045798044	-0.683437045798044	0
mu_hp	1.175	500	0.0302376394646283	Ploidy-linked growth and death	13	mu_hp | Stress-associated death scale	Stress-associated death scale (mu_hp)	9	1	Negative peak rho	2	1	0.683437045798044	-0.683437045798044	0
mu_hp	1.2	500	0.0228444543431581	Ploidy-linked growth and death	13	mu_hp | Stress-associated death scale	Stress-associated death scale (mu_hp)	9	1	Negative peak rho	2	1	0.683437045798044	-0.683437045798044	0
mu_hp	1.225	500	0.016499977919903	Ploidy-linked growth and death	13	mu_hp | Stress-associated death scale	Stress-associated death scale (mu_hp)	9	1	Negative peak rho	2	1	0.683437045798044	-0.683437045798044	0
mu_hp	1.25	500	0.0146165454821254	Ploidy-linked growth and death	13	mu_hp | Stress-associated death scale	Stress-associated death scale (mu_hp)	9	1	Negative peak rho	2	1	0.683437045798044	-0.683437045798044	0
mu_hp	1.275	500	0.022200003456018	Ploidy-linked growth and death	13	mu_hp | Stress-associated death scale	Stress-associated death scale (mu_hp)	9	1	Negative peak rho	2	1	0.683437045798044	-0.683437045798044	0
mu_hp	1.3	500	0.0185837632552615	Ploidy-linked growth and death	13	mu_hp | Stress-associated death scale	Stress-associated death scale (mu_hp)	9	1	Negative peak rho	2	1	0.683437045798044	-0.683437045798044	0
mu_hp	1.325	500	0.0102051337190002	Ploidy-linked growth and death	13	mu_hp | Stress-associated death scale	Stress-associated death scale (mu_hp)	9	1	Negative peak rho	2	1	0.683437045798044	-0.683437045798044	0
mu_hp	1.35	500	0.00573180167847218	Ploidy-linked growth and death	13	mu_hp | Stress-associated death scale	Stress-associated death scale (mu_hp)	9	1	Negative peak rho	2	1	0.683437045798044	-0.683437045798044	0
mu_hp	1.375	500	0.00801046788689706	Ploidy-linked growth and death	13	mu_hp | Stress-associated death scale	Stress-associated death scale (mu_hp)	9	1	Negative peak rho	2	1	0.683437045798044	-0.683437045798044	0
mu_hp	1.4	500	0.00532341584890362	Ploidy-linked growth and death	13	mu_hp | Stress-associated death scale	Stress-associated death scale (mu_hp)	9	1	Negative peak rho	2	1	0.683437045798044	-0.683437045798044	0
mu_hp	1.425	500	0.0090737686504846	Ploidy-linked growth and death	13	mu_hp | Stress-associated death scale	Stress-associated death scale (mu_hp)	9	1	Negative peak rho	2	1	0.683437045798044	-0.683437045798044	0
mu_hp	1.45	500	0.0171063166363005	Ploidy-linked growth and death	13	mu_hp | Stress-associated death scale	Stress-associated death scale (mu_hp)	9	1	Negative peak rho	2	1	0.683437045798044	-0.683437045798044	0
mu_hp	1.475	500	0.0189970451067643	Ploidy-linked growth and death	13	mu_hp | Stress-associated death scale	Stress-associated death scale (mu_hp)	9	1	Negative peak rho	2	1	0.683437045798044	-0.683437045798044	0
mu_hp	1.5	500	0.0165715942407441	Ploidy-linked growth and death	13	mu_hp | Stress-associated death scale	Stress-associated death scale (mu_hp)	9	1	Negative peak rho	2	1	0.683437045798044	-0.683437045798044	0
mu_hp	1.525	500	0.0210980145191075	Ploidy-linked growth and death	13	mu_hp | Stress-associated death scale	Stress-associated death scale (mu_hp)	9	1	Negative peak rho	2	1	0.683437045798044	-0.683437045798044	0
mu_hp	1.55	500	0.0214721281951368	Ploidy-linked growth and death	13	mu_hp | Stress-associated death scale	Stress-associated death scale (mu_hp)	9	1	Negative peak rho	2	1	0.683437045798044	-0.683437045798044	0
mu_hp	1.575	500	0.0315566853739541	Ploidy-linked growth and death	13	mu_hp | Stress-associated death scale	Stress-associated death scale (mu_hp)	9	1	Negative peak rho	2	1	0.683437045798044	-0.683437045798044	0
mu_hp	1.6	500	0.0348957723330641	Ploidy-linked growth and death	13	mu_hp | Stress-associated death scale	Stress-associated death scale (mu_hp)	9	1	Negative peak rho	2	1	0.683437045798044	-0.683437045798044	0
mu_hp	1.625	500	0.0354368307570059	Ploidy-linked growth and death	13	mu_hp | Stress-associated death scale	Stress-associated death scale (mu_hp)	9	1	Negative peak rho	2	1	0.683437045798044	-0.683437045798044	0
mu_hp	1.65	500	0.0361464659361716	Ploidy-linked growth and death	13	mu_hp | Stress-associated death scale	Stress-associated death scale (mu_hp)	9	1	Negative peak rho	2	1	0.683437045798044	-0.683437045798044	0
mu_hp	1.675	500	0.0463369115893693	Ploidy-linked growth and death	13	mu_hp | Stress-associated death scale	Stress-associated death scale (mu_hp)	9	1	Negative peak rho	2	1	0.683437045798044	-0.683437045798044	0
mu_hp	1.7	500	0.042415198020092	Ploidy-linked growth and death	13	mu_hp | Stress-associated death scale	Stress-associated death scale (mu_hp)	9	1	Negative peak rho	2	1	0.683437045798044	-0.683437045798044	0
mu_hp	1.725	500	0.0407434465306452	Ploidy-linked growth and death	13	mu_hp | Stress-associated death scale	Stress-associated death scale (mu_hp)	9	1	Negative peak rho	2	1	0.683437045798044	-0.683437045798044	0
mu_hp	1.75	500	0.0570296314927557	Ploidy-linked growth and death	13	mu_hp | Stress-associated death scale	Stress-associated death scale (mu_hp)	9	1	Negative peak rho	2	1	0.683437045798044	-0.683437045798044	0
mu_hp	1.775	500	0.0599526525878905	Ploidy-linked growth and death	13	mu_hp | Stress-associated death scale	Stress-associated death scale (mu_hp)	9	1	Negative peak rho	2	1	0.683437045798044	-0.683437045798044	0
mu_hp	1.8	500	0.0660183437621877	Ploidy-linked growth and death	13	mu_hp | Stress-associated death scale	Stress-associated death scale (mu_hp)	9	1	Negative peak rho	2	1	0.683437045798044	-0.683437045798044	0
mu_hp	1.825	500	0.0720493787812253	Ploidy-linked growth and death	13	mu_hp | Stress-associated death scale	Stress-associated death scale (mu_hp)	9	1	Negative peak rho	2	1	0.683437045798044	-0.683437045798044	0
mu_hp	1.85	500	0.0787335047261103	Ploidy-linked growth and death	13	mu_hp | Stress-associated death scale	Stress-associated death scale (mu_hp)	9	1	Negative peak rho	2	1	0.683437045798044	-0.683437045798044	0
mu_hp	1.875	500	0.0797126131125159	Ploidy-linked growth and death	13	mu_hp | Stress-associated death scale	Stress-associated death scale (mu_hp)	9	1	Negative peak rho	2	1	0.683437045798044	-0.683437045798044	0
mu_hp	1.9	500	0.0814072127043223	Ploidy-linked growth and death	13	mu_hp | Stress-associated death scale	Stress-associated death scale (mu_hp)	9	1	Negative peak rho	2	1	0.683437045798044	-0.683437045798044	0
mu_hp	1.925	500	0.0815261572371938	Ploidy-linked growth and death	13	mu_hp | Stress-associated death scale	Stress-associated death scale (mu_hp)	9	1	Negative peak rho	2	1	0.683437045798044	-0.683437045798044	0
mu_hp	1.95	500	0.0851382694194568	Ploidy-linked growth and death	13	mu_hp | Stress-associated death scale	Stress-associated death scale (mu_hp)	9	1	Negative peak rho	2	1	0.683437045798044	-0.683437045798044	0
mu_hp	1.975	500	0.0880325863859972	Ploidy-linked growth and death	13	mu_hp | Stress-associated death scale	Stress-associated death scale (mu_hp)	9	1	Negative peak rho	2	1	0.683437045798044	-0.683437045798044	0
mu_hp	2	500	0.0889014862786688	Ploidy-linked growth and death	13	mu_hp | Stress-associated death scale	Stress-associated death scale (mu_hp)	9	1	Negative peak rho	2	1	0.683437045798044	-0.683437045798044	0
mu_hp	2.025	500	0.0880912426487772	Ploidy-linked growth and death	13	mu_hp | Stress-associated death scale	Stress-associated death scale (mu_hp)	9	1	Negative peak rho	2	1	0.683437045798044	-0.683437045798044	0
mu_hp	2.05	500	0.0874373837194892	Ploidy-linked growth and death	13	mu_hp | Stress-associated death scale	Stress-associated death scale (mu_hp)	9	1	Negative peak rho	2	1	0.683437045798044	-0.683437045798044	0
mu_hp	2.075	500	0.0831765006307324	Ploidy-linked growth and death	13	mu_hp | Stress-associated death scale	Stress-associated death scale (mu_hp)	9	1	Negative peak rho	2	1	0.683437045798044	-0.683437045798044	0
mu_hp	2.1	500	0.0895660012556959	Ploidy-linked growth and death	13	mu_hp | Stress-associated death scale	Stress-associated death scale (mu_hp)	9	1	Negative peak rho	2	1	0.683437045798044	-0.683437045798044	0
mu_hp	2.125	500	0.0848853082861909	Ploidy-linked growth and death	13	mu_hp | Stress-associated death scale	Stress-associated death scale (mu_hp)	9	1	Negative peak rho	2	1	0.683437045798044	-0.683437045798044	0
mu_hp	2.15	500	0.0857975043728295	Ploidy-linked growth and death	13	mu_hp | Stress-associated death scale	Stress-associated death scale (mu_hp)	9	1	Negative peak rho	2	1	0.683437045798044	-0.683437045798044	0
mu_hp	2.175	500	0.086047681493623	Ploidy-linked growth and death	13	mu_hp | Stress-associated death scale	Stress-associated death scale (mu_hp)	9	1	Negative peak rho	2	1	0.683437045798044	-0.683437045798044	0
mu_hp	2.2	500	0.085320094234032	Ploidy-linked growth and death	13	mu_hp | Stress-associated death scale	Stress-associated death scale (mu_hp)	9	1	Negative peak rho	2	1	0.683437045798044	-0.683437045798044	0
mu_hp	2.225	500	0.0864775714195299	Ploidy-linked growth and death	13	mu_hp | Stress-associated death scale	Stress-associated death scale (mu_hp)	9	1	Negative peak rho	2	1	0.683437045798044	-0.683437045798044	0
mu_hp	2.25	500	0.0871515904391352	Ploidy-linked growth and death	13	mu_hp | Stress-associated death scale	Stress-associated death scale (mu_hp)	9	1	Negative peak rho	2	1	0.683437045798044	-0.683437045798044	0
mu_hp	2.275	500	0.0880617705167421	Ploidy-linked growth and death	13	mu_hp | Stress-associated death scale	Stress-associated death scale (mu_hp)	9	1	Negative peak rho	2	1	0.683437045798044	-0.683437045798044	0
mu_hp	2.3	500	0.0947175763347529	Ploidy-linked growth and death	13	mu_hp | Stress-associated death scale	Stress-associated death scale (mu_hp)	9	1	Negative peak rho	2	1	0.683437045798044	-0.683437045798044	0
mu_hp	2.325	500	0.0953595312107108	Ploidy-linked growth and death	13	mu_hp | Stress-associated death scale	Stress-associated death scale (mu_hp)	9	1	Negative peak rho	2	1	0.683437045798044	-0.683437045798044	0
mu_hp	2.35	500	0.0993536291042698	Ploidy-linked growth and death	13	mu_hp | Stress-associated death scale	Stress-associated death scale (mu_hp)	9	1	Negative peak rho	2	1	0.683437045798044	-0.683437045798044	0
mu_hp	2.375	500	0.0996825265777306	Ploidy-linked growth and death	13	mu_hp | Stress-associated death scale	Stress-associated death scale (mu_hp)	9	1	Negative peak rho	2	1	0.683437045798044	-0.683437045798044	0
mu_hp	2.4	500	0.100486338178807	Ploidy-linked growth and death	13	mu_hp | Stress-associated death scale	Stress-associated death scale (mu_hp)	9	1	Negative peak rho	2	1	0.683437045798044	-0.683437045798044	0
mu_hp	2.425	500	0.101178693280558	Ploidy-linked growth and death	13	mu_hp | Stress-associated death scale	Stress-associated death scale (mu_hp)	9	1	Negative peak rho	2	1	0.683437045798044	-0.683437045798044	0
mu_hp	2.45	500	0.105350391969768	Ploidy-linked growth and death	13	mu_hp | Stress-associated death scale	Stress-associated death scale (mu_hp)	9	1	Negative peak rho	2	1	0.683437045798044	-0.683437045798044	0
mu_hp	2.475	500	0.106053403119258	Ploidy-linked growth and death	13	mu_hp | Stress-associated death scale	Stress-associated death scale (mu_hp)	9	1	Negative peak rho	2	1	0.683437045798044	-0.683437045798044	0
mu_hp	2.5	500	0.110233069844166	Ploidy-linked growth and death	13	mu_hp | Stress-associated death scale	Stress-associated death scale (mu_hp)	9	1	Negative peak rho	2	1	0.683437045798044	-0.683437045798044	0
mu_hp	2.525	500	0.119148053783295	Ploidy-linked growth and death	13	mu_hp | Stress-associated death scale	Stress-associated death scale (mu_hp)	9	1	Negative peak rho	2	1	0.683437045798044	-0.683437045798044	0
mu_hp	2.55	500	0.119346966674424	Ploidy-linked growth and death	13	mu_hp | Stress-associated death scale	Stress-associated death scale (mu_hp)	9	1	Negative peak rho	2	1	0.683437045798044	-0.683437045798044	0
mu_hp	2.575	500	0.119052149353643	Ploidy-linked growth and death	13	mu_hp | Stress-associated death scale	Stress-associated death scale (mu_hp)	9	1	Negative peak rho	2	1	0.683437045798044	-0.683437045798044	0
mu_hp	2.6	500	0.119431063051176	Ploidy-linked growth and death	13	mu_hp | Stress-associated death scale	Stress-associated death scale (mu_hp)	9	1	Negative peak rho	2	1	0.683437045798044	-0.683437045798044	0
mu_hp	2.625	500	0.119571703681246	Ploidy-linked growth and death	13	mu_hp | Stress-associated death scale	Stress-associated death scale (mu_hp)	9	1	Negative peak rho	2	1	0.683437045798044	-0.683437045798044	0
mu_hp	2.65	500	0.119583895735867	Ploidy-linked growth and death	13	mu_hp | Stress-associated death scale	Stress-associated death scale (mu_hp)	9	1	Negative peak rho	2	1	0.683437045798044	-0.683437045798044	0
mu_hp	2.675	500	0.130301575751074	Ploidy-linked growth and death	13	mu_hp | Stress-associated death scale	Stress-associated death scale (mu_hp)	9	1	Negative peak rho	2	1	0.683437045798044	-0.683437045798044	0
mu_hp	2.7	500	0.130154983094339	Ploidy-linked growth and death	13	mu_hp | Stress-associated death scale	Stress-associated death scale (mu_hp)	9	1	Negative peak rho	2	1	0.683437045798044	-0.683437045798044	0
mu_hp	2.725	500	0.129976902296537	Ploidy-linked growth and death	13	mu_hp | Stress-associated death scale	Stress-associated death scale (mu_hp)	9	1	Negative peak rho	2	1	0.683437045798044	-0.683437045798044	0
mu_hp	2.75	500	0.130632393233137	Ploidy-linked growth and death	13	mu_hp | Stress-associated death scale	Stress-associated death scale (mu_hp)	9	1	Negative peak rho	2	1	0.683437045798044	-0.683437045798044	0
mu_hp	2.775	500	0.130419944281365	Ploidy-linked growth and death	13	mu_hp | Stress-associated death scale	Stress-associated death scale (mu_hp)	9	1	Negative peak rho	2	1	0.683437045798044	-0.683437045798044	0
mu_hp	2.8	500	0.129934566106871	Ploidy-linked growth and death	13	mu_hp | Stress-associated death scale	Stress-associated death scale (mu_hp)	9	1	Negative peak rho	2	1	0.683437045798044	-0.683437045798044	0
mu_hp	2.825	500	0.129859205769257	Ploidy-linked growth and death	13	mu_hp | Stress-associated death scale	Stress-associated death scale (mu_hp)	9	1	Negative peak rho	2	1	0.683437045798044	-0.683437045798044	0
mu_hp	2.85	500	0.124952431786909	Ploidy-linked growth and death	13	mu_hp | Stress-associated death scale	Stress-associated death scale (mu_hp)	9	1	Negative peak rho	2	1	0.683437045798044	-0.683437045798044	0
mu_hp	2.875	500	0.122320963997933	Ploidy-linked growth and death	13	mu_hp | Stress-associated death scale	Stress-associated death scale (mu_hp)	9	1	Negative peak rho	2	1	0.683437045798044	-0.683437045798044	0
mu_hp	2.9	500	0.122184739387647	Ploidy-linked growth and death	13	mu_hp | Stress-associated death scale	Stress-associated death scale (mu_hp)	9	1	Negative peak rho	2	1	0.683437045798044	-0.683437045798044	0
mu_hp	2.925	500	0.122295523883961	Ploidy-linked growth and death	13	mu_hp | Stress-associated death scale	Stress-associated death scale (mu_hp)	9	1	Negative peak rho	2	1	0.683437045798044	-0.683437045798044	0
mu_hp	2.95	500	0.120259642763213	Ploidy-linked growth and death	13	mu_hp | Stress-associated death scale	Stress-associated death scale (mu_hp)	9	1	Negative peak rho	2	1	0.683437045798044	-0.683437045798044	0
mu_hp	2.975	500	0.119700824259706	Ploidy-linked growth and death	13	mu_hp | Stress-associated death scale	Stress-associated death scale (mu_hp)	9	1	Negative peak rho	2	1	0.683437045798044	-0.683437045798044	0
mu_hp	3	500	0.119665976103587	Ploidy-linked growth and death	13	mu_hp | Stress-associated death scale	Stress-associated death scale (mu_hp)	9	1	Negative peak rho	2	1	0.683437045798044	-0.683437045798044	0
mu_hp	3.025	500	0.120345467147707	Ploidy-linked growth and death	13	mu_hp | Stress-associated death scale	Stress-associated death scale (mu_hp)	9	1	Negative peak rho	2	1	0.683437045798044	-0.683437045798044	0
mu_hp	3.05	500	0.106986239298364	Ploidy-linked growth and death	13	mu_hp | Stress-associated death scale	Stress-associated death scale (mu_hp)	9	1	Negative peak rho	2	1	0.683437045798044	-0.683437045798044	0
mu_hp	3.075	500	0.106225435889965	Ploidy-linked growth and death	13	mu_hp | Stress-associated death scale	Stress-associated death scale (mu_hp)	9	1	Negative peak rho	2	1	0.683437045798044	-0.683437045798044	0
mu_hp	3.1	500	0.105755033782564	Ploidy-linked growth and death	13	mu_hp | Stress-associated death scale	Stress-associated death scale (mu_hp)	9	1	Negative peak rho	2	1	0.683437045798044	-0.683437045798044	0
mu_hp	3.125	500	0.106089883282689	Ploidy-linked growth and death	13	mu_hp | Stress-associated death scale	Stress-associated death scale (mu_hp)	9	1	Negative peak rho	2	1	0.683437045798044	-0.683437045798044	0
mu_hp	3.15	500	0.10685174269582	Ploidy-linked growth and death	13	mu_hp | Stress-associated death scale	Stress-associated death scale (mu_hp)	9	1	Negative peak rho	2	1	0.683437045798044	-0.683437045798044	0
mu_hp	3.175	500	0.10764931426894	Ploidy-linked growth and death	13	mu_hp | Stress-associated death scale	Stress-associated death scale (mu_hp)	9	1	Negative peak rho	2	1	0.683437045798044	-0.683437045798044	0
mu_hp	3.2	500	0.107910915440914	Ploidy-linked growth and death	13	mu_hp | Stress-associated death scale	Stress-associated death scale (mu_hp)	9	1	Negative peak rho	2	1	0.683437045798044	-0.683437045798044	0
mu_hp	3.225	500	0.107700482498174	Ploidy-linked growth and death	13	mu_hp | Stress-associated death scale	Stress-associated death scale (mu_hp)	9	1	Negative peak rho	2	1	0.683437045798044	-0.683437045798044	0
mu_hp	3.25	500	0.107214528321099	Ploidy-linked growth and death	13	mu_hp | Stress-associated death scale	Stress-associated death scale (mu_hp)	9	1	Negative peak rho	2	1	0.683437045798044	-0.683437045798044	0
mu_hp	3.275	500	0.110279918054046	Ploidy-linked growth and death	13	mu_hp | Stress-associated death scale	Stress-associated death scale (mu_hp)	9	1	Negative peak rho	2	1	0.683437045798044	-0.683437045798044	0
mu_hp	3.3	500	0.109405546136859	Ploidy-linked growth and death	13	mu_hp | Stress-associated death scale	Stress-associated death scale (mu_hp)	9	1	Negative peak rho	2	1	0.683437045798044	-0.683437045798044	0
mu_hp	3.325	500	0.10407598626043	Ploidy-linked growth and death	13	mu_hp | Stress-associated death scale	Stress-associated death scale (mu_hp)	9	1	Negative peak rho	2	1	0.683437045798044	-0.683437045798044	0
mu_hp	3.35	500	0.103719344662676	Ploidy-linked growth and death	13	mu_hp | Stress-associated death scale	Stress-associated death scale (mu_hp)	9	1	Negative peak rho	2	1	0.683437045798044	-0.683437045798044	0
mu_hp	3.375	500	0.103720880669557	Ploidy-linked growth and death	13	mu_hp | Stress-associated death scale	Stress-associated death scale (mu_hp)	9	1	Negative peak rho	2	1	0.683437045798044	-0.683437045798044	0
mu_hp	3.4	500	0.101433478421995	Ploidy-linked growth and death	13	mu_hp | Stress-associated death scale	Stress-associated death scale (mu_hp)	9	1	Negative peak rho	2	1	0.683437045798044	-0.683437045798044	0
mu_hp	3.425	500	0.100551426470402	Ploidy-linked growth and death	13	mu_hp | Stress-associated death scale	Stress-associated death scale (mu_hp)	9	1	Negative peak rho	2	1	0.683437045798044	-0.683437045798044	0
mu_hp	3.45	500	0.0988694029349365	Ploidy-linked growth and death	13	mu_hp | Stress-associated death scale	Stress-associated death scale (mu_hp)	9	1	Negative peak rho	2	1	0.683437045798044	-0.683437045798044	0
mu_hp	3.475	500	0.098600409729847	Ploidy-linked growth and death	13	mu_hp | Stress-associated death scale	Stress-associated death scale (mu_hp)	9	1	Negative peak rho	2	1	0.683437045798044	-0.683437045798044	0
mu_hp	3.5	500	0.097752149929643	Ploidy-linked growth and death	13	mu_hp | Stress-associated death scale	Stress-associated death scale (mu_hp)	9	1	Negative peak rho	2	1	0.683437045798044	-0.683437045798044	0
mu_hp	3.525	500	0.0947109523050772	Ploidy-linked growth and death	13	mu_hp | Stress-associated death scale	Stress-associated death scale (mu_hp)	9	1	Negative peak rho	2	1	0.683437045798044	-0.683437045798044	0
mu_hp	3.55	500	0.0931853134702151	Ploidy-linked growth and death	13	mu_hp | Stress-associated death scale	Stress-associated death scale (mu_hp)	9	1	Negative peak rho	2	1	0.683437045798044	-0.683437045798044	0
mu_hp	3.575	500	0.0929822725605918	Ploidy-linked growth and death	13	mu_hp | Stress-associated death scale	Stress-associated death scale (mu_hp)	9	1	Negative peak rho	2	1	0.683437045798044	-0.683437045798044	0
mu_hp	3.6	500	0.0930091526810147	Ploidy-linked growth and death	13	mu_hp | Stress-associated death scale	Stress-associated death scale (mu_hp)	9	1	Negative peak rho	2	1	0.683437045798044	-0.683437045798044	0
mu_hp	3.625	500	0.0929062402199669	Ploidy-linked growth and death	13	mu_hp | Stress-associated death scale	Stress-associated death scale (mu_hp)	9	1	Negative peak rho	2	1	0.683437045798044	-0.683437045798044	0
mu_hp	3.65	500	0.0928414399296616	Ploidy-linked growth and death	13	mu_hp | Stress-associated death scale	Stress-associated death scale (mu_hp)	9	1	Negative peak rho	2	1	0.683437045798044	-0.683437045798044	0
mu_hp	3.675	500	0.0929826565623121	Ploidy-linked growth and death	13	mu_hp | Stress-associated death scale	Stress-associated death scale (mu_hp)	9	1	Negative peak rho	2	1	0.683437045798044	-0.683437045798044	0
mu_hp	3.7	500	0.0956589565521364	Ploidy-linked growth and death	13	mu_hp | Stress-associated death scale	Stress-associated death scale (mu_hp)	9	1	Negative peak rho	2	1	0.683437045798044	-0.683437045798044	0
mu_hp	3.725	500	0.0941029815813683	Ploidy-linked growth and death	13	mu_hp | Stress-associated death scale	Stress-associated death scale (mu_hp)	9	1	Negative peak rho	2	1	0.683437045798044	-0.683437045798044	0
mu_hp	3.75	500	0.096229103106393	Ploidy-linked growth and death	13	mu_hp | Stress-associated death scale	Stress-associated death scale (mu_hp)	9	1	Negative peak rho	2	1	0.683437045798044	-0.683437045798044	0
mu_hp	3.775	500	0.0962041429945717	Ploidy-linked growth and death	13	mu_hp | Stress-associated death scale	Stress-associated death scale (mu_hp)	9	1	Negative peak rho	2	1	0.683437045798044	-0.683437045798044	0
mu_hp	3.8	500	0.0956759486282609	Ploidy-linked growth and death	13	mu_hp | Stress-associated death scale	Stress-associated death scale (mu_hp)	9	1	Negative peak rho	2	1	0.683437045798044	-0.683437045798044	0
mu_hp	3.825	500	0.0952880108902998	Ploidy-linked growth and death	13	mu_hp | Stress-associated death scale	Stress-associated death scale (mu_hp)	9	1	Negative peak rho	2	1	0.683437045798044	-0.683437045798044	0
mu_hp	3.85	500	0.0943407746466813	Ploidy-linked growth and death	13	mu_hp | Stress-associated death scale	Stress-associated death scale (mu_hp)	9	1	Negative peak rho	2	1	0.683437045798044	-0.683437045798044	0
mu_hp	3.875	500	0.0961352146857729	Ploidy-linked growth and death	13	mu_hp | Stress-associated death scale	Stress-associated death scale (mu_hp)	9	1	Negative peak rho	2	1	0.683437045798044	-0.683437045798044	0
mu_hp	3.9	500	0.0956612605624583	Ploidy-linked growth and death	13	mu_hp | Stress-associated death scale	Stress-associated death scale (mu_hp)	9	1	Negative peak rho	2	1	0.683437045798044	-0.683437045798044	0
mu_hp	3.925	500	0.095324587054161	Ploidy-linked growth and death	13	mu_hp | Stress-associated death scale	Stress-associated death scale (mu_hp)	9	1	Negative peak rho	2	1	0.683437045798044	-0.683437045798044	0
mu_hp	3.95	500	0.0928297278771916	Ploidy-linked growth and death	13	mu_hp | Stress-associated death scale	Stress-associated death scale (mu_hp)	9	1	Negative peak rho	2	1	0.683437045798044	-0.683437045798044	0
mu_hp	3.975	500	0.0921117406606088	Ploidy-linked growth and death	13	mu_hp | Stress-associated death scale	Stress-associated death scale (mu_hp)	9	1	Negative peak rho	2	1	0.683437045798044	-0.683437045798044	0
mu_hp	4	500	0.0915490821398985	Ploidy-linked growth and death	13	mu_hp | Stress-associated death scale	Stress-associated death scale (mu_hp)	9	1	Negative peak rho	2	1	0.683437045798044	-0.683437045798044	0
mu_hp	4.025	500	0.090743542531081	Ploidy-linked growth and death	13	mu_hp | Stress-associated death scale	Stress-associated death scale (mu_hp)	9	1	Negative peak rho	2	1	0.683437045798044	-0.683437045798044	0
mu_hp	4.05	500	0.091451161701215	Ploidy-linked growth and death	13	mu_hp | Stress-associated death scale	Stress-associated death scale (mu_hp)	9	1	Negative peak rho	2	1	0.683437045798044	-0.683437045798044	0
mu_hp	4.075	500	0.0900549314461033	Ploidy-linked growth and death	13	mu_hp | Stress-associated death scale	Stress-associated death scale (mu_hp)	9	1	Negative peak rho	2	1	0.683437045798044	-0.683437045798044	0
mu_hp	4.1	500	0.0896501936328778	Ploidy-linked growth and death	13	mu_hp | Stress-associated death scale	Stress-associated death scale (mu_hp)	9	1	Negative peak rho	2	1	0.683437045798044	-0.683437045798044	0
mu_hp	4.125	500	0.0893854244467118	Ploidy-linked growth and death	13	mu_hp | Stress-associated death scale	Stress-associated death scale (mu_hp)	9	1	Negative peak rho	2	1	0.683437045798044	-0.683437045798044	0
mu_hp	4.15	500	0.0886465091363712	Ploidy-linked growth and death	13	mu_hp | Stress-associated death scale	Stress-associated death scale (mu_hp)	9	1	Negative peak rho	2	1	0.683437045798044	-0.683437045798044	0
mu_hp	4.175	500	0.088300715587216	Ploidy-linked growth and death	13	mu_hp | Stress-associated death scale	Stress-associated death scale (mu_hp)	9	1	Negative peak rho	2	1	0.683437045798044	-0.683437045798044	0
mu_hp	4.2	500	0.0876038484652512	Ploidy-linked growth and death	13	mu_hp | Stress-associated death scale	Stress-associated death scale (mu_hp)	9	1	Negative peak rho	2	1	0.683437045798044	-0.683437045798044	0
mu_hp	4.225	500	0.0853335342942435	Ploidy-linked growth and death	13	mu_hp | Stress-associated death scale	Stress-associated death scale (mu_hp)	9	1	Negative peak rho	2	1	0.683437045798044	-0.683437045798044	0
mu_hp	4.25	500	0.0848031319180408	Ploidy-linked growth and death	13	mu_hp | Stress-associated death scale	Stress-associated death scale (mu_hp)	9	1	Negative peak rho	2	1	0.683437045798044	-0.683437045798044	0
mu_hp	4.275	500	0.0838100074688431	Ploidy-linked growth and death	13	mu_hp | Stress-associated death scale	Stress-associated death scale (mu_hp)	9	1	Negative peak rho	2	1	0.683437045798044	-0.683437045798044	0
mu_hp	4.3	500	0.0834292697631382	Ploidy-linked growth and death	13	mu_hp | Stress-associated death scale	Stress-associated death scale (mu_hp)	9	1	Negative peak rho	2	1	0.683437045798044	-0.683437045798044	0
mu_hp	4.325	500	0.0823419688920301	Ploidy-linked growth and death	13	mu_hp | Stress-associated death scale	Stress-associated death scale (mu_hp)	9	1	Negative peak rho	2	1	0.683437045798044	-0.683437045798044	0
mu_hp	4.35	500	0.0821198238968205	Ploidy-linked growth and death	13	mu_hp | Stress-associated death scale	Stress-associated death scale (mu_hp)	9	1	Negative peak rho	2	1	0.683437045798044	-0.683437045798044	0
mu_hp	4.375	500	0.0815328772672996	Ploidy-linked growth and death	13	mu_hp | Stress-associated death scale	Stress-associated death scale (mu_hp)	9	1	Negative peak rho	2	1	0.683437045798044	-0.683437045798044	0
mu_hp	4.4	500	0.0810043948996985	Ploidy-linked growth and death	13	mu_hp | Stress-associated death scale	Stress-associated death scale (mu_hp)	9	1	Negative peak rho	2	1	0.683437045798044	-0.683437045798044	0
mu_hp	4.425	500	0.0803907601506147	Ploidy-linked growth and death	13	mu_hp | Stress-associated death scale	Stress-associated death scale (mu_hp)	9	1	Negative peak rho	2	1	0.683437045798044	-0.683437045798044	0
mu_hp	4.45	500	0.0801473030599269	Ploidy-linked growth and death	13	mu_hp | Stress-associated death scale	Stress-associated death scale (mu_hp)	9	1	Negative peak rho	2	1	0.683437045798044	-0.683437045798044	0
mu_hp	4.475	500	0.0792653471087642	Ploidy-linked growth and death	13	mu_hp | Stress-associated death scale	Stress-associated death scale (mu_hp)	9	1	Negative peak rho	2	1	0.683437045798044	-0.683437045798044	0
mu_hp	4.5	500	0.0764425504626349	Ploidy-linked growth and death	13	mu_hp | Stress-associated death scale	Stress-associated death scale (mu_hp)	9	1	Negative peak rho	2	1	0.683437045798044	-0.683437045798044	0
mu_hp	4.525	500	0.076204853397752	Ploidy-linked growth and death	13	mu_hp | Stress-associated death scale	Stress-associated death scale (mu_hp)	9	1	Negative peak rho	2	1	0.683437045798044	-0.683437045798044	0
mu_hp	4.55	500	0.078279806693543	Ploidy-linked growth and death	13	mu_hp | Stress-associated death scale	Stress-associated death scale (mu_hp)	9	1	Negative peak rho	2	1	0.683437045798044	-0.683437045798044	0
mu_hp	4.575	500	0.0778097885878619	Ploidy-linked growth and death	13	mu_hp | Stress-associated death scale	Stress-associated death scale (mu_hp)	9	1	Negative peak rho	2	1	0.683437045798044	-0.683437045798044	0
mu_hp	4.6	500	0.0770891133592367	Ploidy-linked growth and death	13	mu_hp | Stress-associated death scale	Stress-associated death scale (mu_hp)	9	1	Negative peak rho	2	1	0.683437045798044	-0.683437045798044	0
mu_hp	4.625	500	0.0761736532579754	Ploidy-linked growth and death	13	mu_hp | Stress-associated death scale	Stress-associated death scale (mu_hp)	9	1	Negative peak rho	2	1	0.683437045798044	-0.683437045798044	0
mu_hp	4.65	500	0.0755389944147037	Ploidy-linked growth and death	13	mu_hp | Stress-associated death scale	Stress-associated death scale (mu_hp)	9	1	Negative peak rho	2	1	0.683437045798044	-0.683437045798044	0
mu_hp	4.675	500	0.0749241116600289	Ploidy-linked growth and death	13	mu_hp | Stress-associated death scale	Stress-associated death scale (mu_hp)	9	1	Negative peak rho	2	1	0.683437045798044	-0.683437045798044	0
mu_hp	4.7	500	0.0741010039725063	Ploidy-linked growth and death	13	mu_hp | Stress-associated death scale	Stress-associated death scale (mu_hp)	9	1	Negative peak rho	2	1	0.683437045798044	-0.683437045798044	0
mu_hp	4.725	500	0.0733771607296885	Ploidy-linked growth and death	13	mu_hp | Stress-associated death scale	Stress-associated death scale (mu_hp)	9	1	Negative peak rho	2	1	0.683437045798044	-0.683437045798044	0
mu_hp	4.75	500	0.0730397192179505	Ploidy-linked growth and death	13	mu_hp | Stress-associated death scale	Stress-associated death scale (mu_hp)	9	1	Negative peak rho	2	1	0.683437045798044	-0.683437045798044	0
mu_hp	4.775	500	0.0724933807703542	Ploidy-linked growth and death	13	mu_hp | Stress-associated death scale	Stress-associated death scale (mu_hp)	9	1	Negative peak rho	2	1	0.683437045798044	-0.683437045798044	0
mu_hp	4.8	500	0.0720220186586519	Ploidy-linked growth and death	13	mu_hp | Stress-associated death scale	Stress-associated death scale (mu_hp)	9	1	Negative peak rho	2	1	0.683437045798044	-0.683437045798044	0
mu_hp	4.825	500	0.0714678081757889	Ploidy-linked growth and death	13	mu_hp | Stress-associated death scale	Stress-associated death scale (mu_hp)	9	1	Negative peak rho	2	1	0.683437045798044	-0.683437045798044	0
mu_hp	4.85	500	0.0704668116913245	Ploidy-linked growth and death	13	mu_hp | Stress-associated death scale	Stress-associated death scale (mu_hp)	9	1	Negative peak rho	2	1	0.683437045798044	-0.683437045798044	0
mu_hp	4.875	500	0.0653287726729091	Ploidy-linked growth and death	13	mu_hp | Stress-associated death scale	Stress-associated death scale (mu_hp)	9	1	Negative peak rho	2	1	0.683437045798044	-0.683437045798044	0
mu_hp	4.9	500	0.0665241700282894	Ploidy-linked growth and death	13	mu_hp | Stress-associated death scale	Stress-associated death scale (mu_hp)	9	1	Negative peak rho	2	1	0.683437045798044	-0.683437045798044	0
mu_hp	4.925	500	0.0658393989605149	Ploidy-linked growth and death	13	mu_hp | Stress-associated death scale	Stress-associated death scale (mu_hp)	9	1	Negative peak rho	2	1	0.683437045798044	-0.683437045798044	0
mu_hp	4.95	500	0.0654829493636207	Ploidy-linked growth and death	13	mu_hp | Stress-associated death scale	Stress-associated death scale (mu_hp)	9	1	Negative peak rho	2	1	0.683437045798044	-0.683437045798044	0
mu_hp	4.975	500	0.0648832346768988	Ploidy-linked growth and death	13	mu_hp | Stress-associated death scale	Stress-associated death scale (mu_hp)	9	1	Negative peak rho	2	1	0.683437045798044	-0.683437045798044	0
mu_hp	5	500	0.0640063667485304	Ploidy-linked growth and death	13	mu_hp | Stress-associated death scale	Stress-associated death scale (mu_hp)	9	1	Negative peak rho	2	1	0.683437045798044	-0.683437045798044	0
buffer_beta	0	500	0.03299897999592	Post-missegregation survival	17	buffer_beta | Post-missegregation viability-loss strength	Post-missegregation viability-loss strength (buffer_beta)	10	4	Negative peak rho	2	2	0.447065052260209	-0.447065052260209	2.05
buffer_beta	0.025	500	0.0427742190968764	Post-missegregation survival	17	buffer_beta | Post-missegregation viability-loss strength	Post-missegregation viability-loss strength (buffer_beta)	10	4	Negative peak rho	2	2	0.447065052260209	-0.447065052260209	2.05
buffer_beta	0.05	500	0.046934395737583	Post-missegregation survival	17	buffer_beta | Post-missegregation viability-loss strength	Post-missegregation viability-loss strength (buffer_beta)	10	4	Negative peak rho	2	2	0.447065052260209	-0.447065052260209	2.05
buffer_beta	0.075	500	0.0506568106272425	Post-missegregation survival	17	buffer_beta | Post-missegregation viability-loss strength	Post-missegregation viability-loss strength (buffer_beta)	10	4	Negative peak rho	2	2	0.447065052260209	-0.447065052260209	2.05
buffer_beta	0.1	500	0.0709225876903508	Post-missegregation survival	17	buffer_beta | Post-missegregation viability-loss strength	Post-missegregation viability-loss strength (buffer_beta)	10	4	Negative peak rho	2	2	0.447065052260209	-0.447065052260209	2.05
buffer_beta	0.125	500	0.0888897315589262	Post-missegregation survival	17	buffer_beta | Post-missegregation viability-loss strength	Post-missegregation viability-loss strength (buffer_beta)	10	4	Negative peak rho	2	2	0.447065052260209	-0.447065052260209	2.05
buffer_beta	0.15	500	0.0819845199380798	Post-missegregation survival	17	buffer_beta | Post-missegregation viability-loss strength	Post-missegregation viability-loss strength (buffer_beta)	10	4	Negative peak rho	2	2	0.447065052260209	-0.447065052260209	2.05
buffer_beta	0.175	500	0.0847982911931648	Post-missegregation survival	17	buffer_beta | Post-missegregation viability-loss strength	Post-missegregation viability-loss strength (buffer_beta)	10	4	Negative peak rho	2	2	0.447065052260209	-0.447065052260209	2.05
buffer_beta	0.2	500	0.0937125988503954	Post-missegregation survival	17	buffer_beta | Post-missegregation viability-loss strength	Post-missegregation viability-loss strength (buffer_beta)	10	4	Negative peak rho	2	2	0.447065052260209	-0.447065052260209	2.05
buffer_beta	0.225	500	0.0809959079836319	Post-missegregation survival	17	buffer_beta | Post-missegregation viability-loss strength	Post-missegregation viability-loss strength (buffer_beta)	10	4	Negative peak rho	2	2	0.447065052260209	-0.447065052260209	2.05
buffer_beta	0.25	500	0.061184308737235	Post-missegregation survival	17	buffer_beta | Post-missegregation viability-loss strength	Post-missegregation viability-loss strength (buffer_beta)	10	4	Negative peak rho	2	2	0.447065052260209	-0.447065052260209	2.05
buffer_beta	0.275	500	0.0614269017076068	Post-missegregation survival	17	buffer_beta | Post-missegregation viability-loss strength	Post-missegregation viability-loss strength (buffer_beta)	10	4	Negative peak rho	2	2	0.447065052260209	-0.447065052260209	2.05
buffer_beta	0.3	500	0.02075115500462	Post-missegregation survival	17	buffer_beta | Post-missegregation viability-loss strength	Post-missegregation viability-loss strength (buffer_beta)	10	4	Negative peak rho	2	2	0.447065052260209	-0.447065052260209	2.05
buffer_beta	0.325	500	0.0122273769095076	Post-missegregation survival	17	buffer_beta | Post-missegregation viability-loss strength	Post-missegregation viability-loss strength (buffer_beta)	10	4	Negative peak rho	2	2	0.447065052260209	-0.447065052260209	2.05
buffer_beta	0.35	500	-0.018061320245281	Post-missegregation survival	17	buffer_beta | Post-missegregation viability-loss strength	Post-missegregation viability-loss strength (buffer_beta)	10	4	Negative peak rho	2	2	0.447065052260209	-0.447065052260209	2.05
buffer_beta	0.375	500	-0.00646821787287149	Post-missegregation survival	17	buffer_beta | Post-missegregation viability-loss strength	Post-missegregation viability-loss strength (buffer_beta)	10	4	Negative peak rho	2	2	0.447065052260209	-0.447065052260209	2.05
buffer_beta	0.4	500	-0.0333993015972064	Post-missegregation survival	17	buffer_beta | Post-missegregation viability-loss strength	Post-missegregation viability-loss strength (buffer_beta)	10	4	Negative peak rho	2	2	0.447065052260209	-0.447065052260209	2.05
buffer_beta	0.425	500	-0.0223675134700539	Post-missegregation survival	17	buffer_beta | Post-missegregation viability-loss strength	Post-missegregation viability-loss strength (buffer_beta)	10	4	Negative peak rho	2	2	0.447065052260209	-0.447065052260209	2.05
buffer_beta	0.45	500	-0.0211959247836991	Post-missegregation survival	17	buffer_beta | Post-missegregation viability-loss strength	Post-missegregation viability-loss strength (buffer_beta)	10	4	Negative peak rho	2	2	0.447065052260209	-0.447065052260209	2.05
buffer_beta	0.475	500	-0.0347294829179317	Post-missegregation survival	17	buffer_beta | Post-missegregation viability-loss strength	Post-missegregation viability-loss strength (buffer_beta)	10	4	Negative peak rho	2	2	0.447065052260209	-0.447065052260209	2.05
buffer_beta	0.5	500	-0.0486704666818667	Post-missegregation survival	17	buffer_beta | Post-missegregation viability-loss strength	Post-missegregation viability-loss strength (buffer_beta)	10	4	Negative peak rho	2	2	0.447065052260209	-0.447065052260209	2.05
buffer_beta	0.525	500	-0.0411990447961792	Post-missegregation survival	17	buffer_beta | Post-missegregation viability-loss strength	Post-missegregation viability-loss strength (buffer_beta)	10	4	Negative peak rho	2	2	0.447065052260209	-0.447065052260209	2.05
buffer_beta	0.55	500	-0.0510040440161761	Post-missegregation survival	17	buffer_beta | Post-missegregation viability-loss strength	Post-missegregation viability-loss strength (buffer_beta)	10	4	Negative peak rho	2	2	0.447065052260209	-0.447065052260209	2.05
buffer_beta	0.575	500	-0.0450226440905764	Post-missegregation survival	17	buffer_beta | Post-missegregation viability-loss strength	Post-missegregation viability-loss strength (buffer_beta)	10	4	Negative peak rho	2	2	0.447065052260209	-0.447065052260209	2.05
buffer_beta	0.6	500	-0.0676603986415946	Post-missegregation survival	17	buffer_beta | Post-missegregation viability-loss strength	Post-missegregation viability-loss strength (buffer_beta)	10	4	Negative peak rho	2	2	0.447065052260209	-0.447065052260209	2.05
buffer_beta	0.625	500	-0.08762262249049	Post-missegregation survival	17	buffer_beta | Post-missegregation viability-loss strength	Post-missegregation viability-loss strength (buffer_beta)	10	4	Negative peak rho	2	2	0.447065052260209	-0.447065052260209	2.05
buffer_beta	0.65	500	-0.106144840579362	Post-missegregation survival	17	buffer_beta | Post-missegregation viability-loss strength	Post-missegregation viability-loss strength (buffer_beta)	10	4	Negative peak rho	2	2	0.447065052260209	-0.447065052260209	2.05
buffer_beta	0.675	500	-0.13097053988216	Post-missegregation survival	17	buffer_beta | Post-missegregation viability-loss strength	Post-missegregation viability-loss strength (buffer_beta)	10	4	Negative peak rho	2	2	0.447065052260209	-0.447065052260209	2.05
buffer_beta	0.7	500	-0.126134040536162	Post-missegregation survival	17	buffer_beta | Post-missegregation viability-loss strength	Post-missegregation viability-loss strength (buffer_beta)	10	4	Negative peak rho	2	2	0.447065052260209	-0.447065052260209	2.05
buffer_beta	0.725	500	-0.142808251233005	Post-missegregation survival	17	buffer_beta | Post-missegregation viability-loss strength	Post-missegregation viability-loss strength (buffer_beta)	10	4	Negative peak rho	2	2	0.447065052260209	-0.447065052260209	2.05
buffer_beta	0.75	500	-0.158000312001248	Post-missegregation survival	17	buffer_beta | Post-missegregation viability-loss strength	Post-missegregation viability-loss strength (buffer_beta)	10	4	Negative peak rho	2	2	0.447065052260209	-0.447065052260209	2.05
buffer_beta	0.775	500	-0.171675758703035	Post-missegregation survival	17	buffer_beta | Post-missegregation viability-loss strength	Post-missegregation viability-loss strength (buffer_beta)	10	4	Negative peak rho	2	2	0.447065052260209	-0.447065052260209	2.05
buffer_beta	0.8	500	-0.177850791403166	Post-missegregation survival	17	buffer_beta | Post-missegregation viability-loss strength	Post-missegregation viability-loss strength (buffer_beta)	10	4	Negative peak rho	2	2	0.447065052260209	-0.447065052260209	2.05
buffer_beta	0.825	500	-0.178087240348961	Post-missegregation survival	17	buffer_beta | Post-missegregation viability-loss strength	Post-missegregation viability-loss strength (buffer_beta)	10	4	Negative peak rho	2	2	0.447065052260209	-0.447065052260209	2.05
buffer_beta	0.85	500	-0.180686066744267	Post-missegregation survival	17	buffer_beta | Post-missegregation viability-loss strength	Post-missegregation viability-loss strength (buffer_beta)	10	4	Negative peak rho	2	2	0.447065052260209	-0.447065052260209	2.05
buffer_beta	0.875	500	-0.200539138156553	Post-missegregation survival	17	buffer_beta | Post-missegregation viability-loss strength	Post-missegregation viability-loss strength (buffer_beta)	10	4	Negative peak rho	2	2	0.447065052260209	-0.447065052260209	2.05
buffer_beta	0.9	500	-0.245240276961108	Post-missegregation survival	17	buffer_beta | Post-missegregation viability-loss strength	Post-missegregation viability-loss strength (buffer_beta)	10	4	Negative peak rho	2	2	0.447065052260209	-0.447065052260209	2.05
buffer_beta	0.925	500	-0.239587582350329	Post-missegregation survival	17	buffer_beta | Post-missegregation viability-loss strength	Post-missegregation viability-loss strength (buffer_beta)	10	4	Negative peak rho	2	2	0.447065052260209	-0.447065052260209	2.05
buffer_beta	0.95	500	-0.246517658070632	Post-missegregation survival	17	buffer_beta | Post-missegregation viability-loss strength	Post-missegregation viability-loss strength (buffer_beta)	10	4	Negative peak rho	2	2	0.447065052260209	-0.447065052260209	2.05
buffer_beta	0.975	500	-0.261217620870484	Post-missegregation survival	17	buffer_beta | Post-missegregation viability-loss strength	Post-missegregation viability-loss strength (buffer_beta)	10	4	Negative peak rho	2	2	0.447065052260209	-0.447065052260209	2.05
buffer_beta	1	500	-0.278847803391214	Post-missegregation survival	17	buffer_beta | Post-missegregation viability-loss strength	Post-missegregation viability-loss strength (buffer_beta)	10	4	Negative peak rho	2	2	0.447065052260209	-0.447065052260209	2.05
buffer_beta	1.025	500	-0.290678986715947	Post-missegregation survival	17	buffer_beta | Post-missegregation viability-loss strength	Post-missegregation viability-loss strength (buffer_beta)	10	4	Negative peak rho	2	2	0.447065052260209	-0.447065052260209	2.05
buffer_beta	1.05	500	-0.296895395581582	Post-missegregation survival	17	buffer_beta | Post-missegregation viability-loss strength	Post-missegregation viability-loss strength (buffer_beta)	10	4	Negative peak rho	2	2	0.447065052260209	-0.447065052260209	2.05
buffer_beta	1.075	500	-0.311139644558578	Post-missegregation survival	17	buffer_beta | Post-missegregation viability-loss strength	Post-missegregation viability-loss strength (buffer_beta)	10	4	Negative peak rho	2	2	0.447065052260209	-0.447065052260209	2.05
buffer_beta	1.1	500	-0.311943263773055	Post-missegregation survival	17	buffer_beta | Post-missegregation viability-loss strength	Post-missegregation viability-loss strength (buffer_beta)	10	4	Negative peak rho	2	2	0.447065052260209	-0.447065052260209	2.05
buffer_beta	1.125	500	-0.314095688382754	Post-missegregation survival	17	buffer_beta | Post-missegregation viability-loss strength	Post-missegregation viability-loss strength (buffer_beta)	10	4	Negative peak rho	2	2	0.447065052260209	-0.447065052260209	2.05
buffer_beta	1.15	500	-0.350637850551402	Post-missegregation survival	17	buffer_beta | Post-missegregation viability-loss strength	Post-missegregation viability-loss strength (buffer_beta)	10	4	Negative peak rho	2	2	0.447065052260209	-0.447065052260209	2.05
buffer_beta	1.175	500	-0.356936435745743	Post-missegregation survival	17	buffer_beta | Post-missegregation viability-loss strength	Post-missegregation viability-loss strength (buffer_beta)	10	4	Negative peak rho	2	2	0.447065052260209	-0.447065052260209	2.05
buffer_beta	1.2	500	-0.378083112332449	Post-missegregation survival	17	buffer_beta | Post-missegregation viability-loss strength	Post-missegregation viability-loss strength (buffer_beta)	10	4	Negative peak rho	2	2	0.447065052260209	-0.447065052260209	2.05
buffer_beta	1.225	500	-0.364303217212869	Post-missegregation survival	17	buffer_beta | Post-missegregation viability-loss strength	Post-missegregation viability-loss strength (buffer_beta)	10	4	Negative peak rho	2	2	0.447065052260209	-0.447065052260209	2.05
buffer_beta	1.25	500	-0.366791835167341	Post-missegregation survival	17	buffer_beta | Post-missegregation viability-loss strength	Post-missegregation viability-loss strength (buffer_beta)	10	4	Negative peak rho	2	2	0.447065052260209	-0.447065052260209	2.05
buffer_beta	1.275	500	-0.37137527750111	Post-missegregation survival	17	buffer_beta | Post-missegregation viability-loss strength	Post-missegregation viability-loss strength (buffer_beta)	10	4	Negative peak rho	2	2	0.447065052260209	-0.447065052260209	2.05
buffer_beta	1.3	500	-0.376645986583946	Post-missegregation survival	17	buffer_beta | Post-missegregation viability-loss strength	Post-missegregation viability-loss strength (buffer_beta)	10	4	Negative peak rho	2	2	0.447065052260209	-0.447065052260209	2.05
buffer_beta	1.325	500	-0.388767379069516	Post-missegregation survival	17	buffer_beta | Post-missegregation viability-loss strength	Post-missegregation viability-loss strength (buffer_beta)	10	4	Negative peak rho	2	2	0.447065052260209	-0.447065052260209	2.05
buffer_beta	1.35	500	-0.38801128004512	Post-missegregation survival	17	buffer_beta | Post-missegregation viability-loss strength	Post-missegregation viability-loss strength (buffer_beta)	10	4	Negative peak rho	2	2	0.447065052260209	-0.447065052260209	2.05
buffer_beta	1.375	500	-0.386813867255469	Post-missegregation survival	17	buffer_beta | Post-missegregation viability-loss strength	Post-missegregation viability-loss strength (buffer_beta)	10	4	Negative peak rho	2	2	0.447065052260209	-0.447065052260209	2.05
buffer_beta	1.4	500	-0.386176424705699	Post-missegregation survival	17	buffer_beta | Post-missegregation viability-loss strength	Post-missegregation viability-loss strength (buffer_beta)	10	4	Negative peak rho	2	2	0.447065052260209	-0.447065052260209	2.05
buffer_beta	1.425	500	-0.379233196932788	Post-missegregation survival	17	buffer_beta | Post-missegregation viability-loss strength	Post-missegregation viability-loss strength (buffer_beta)	10	4	Negative peak rho	2	2	0.447065052260209	-0.447065052260209	2.05
buffer_beta	1.45	500	-0.389167124668499	Post-missegregation survival	17	buffer_beta | Post-missegregation viability-loss strength	Post-missegregation viability-loss strength (buffer_beta)	10	4	Negative peak rho	2	2	0.447065052260209	-0.447065052260209	2.05
buffer_beta	1.475	500	-0.387942927771711	Post-missegregation survival	17	buffer_beta | Post-missegregation viability-loss strength	Post-missegregation viability-loss strength (buffer_beta)	10	4	Negative peak rho	2	2	0.447065052260209	-0.447065052260209	2.05
buffer_beta	1.5	500	-0.389336949347797	Post-missegregation survival	17	buffer_beta | Post-missegregation viability-loss strength	Post-missegregation viability-loss strength (buffer_beta)	10	4	Negative peak rho	2	2	0.447065052260209	-0.447065052260209	2.05
buffer_beta	1.525	500	-0.384758499033996	Post-missegregation survival	17	buffer_beta | Post-missegregation viability-loss strength	Post-missegregation viability-loss strength (buffer_beta)	10	4	Negative peak rho	2	2	0.447065052260209	-0.447065052260209	2.05
buffer_beta	1.55	500	-0.381101844407378	Post-missegregation survival	17	buffer_beta | Post-missegregation viability-loss strength	Post-missegregation viability-loss strength (buffer_beta)	10	4	Negative peak rho	2	2	0.447065052260209	-0.447065052260209	2.05
buffer_beta	1.575	500	-0.388955155820623	Post-missegregation survival	17	buffer_beta | Post-missegregation viability-loss strength	Post-missegregation viability-loss strength (buffer_beta)	10	4	Negative peak rho	2	2	0.447065052260209	-0.447065052260209	2.05
buffer_beta	1.6	500	-0.394598058392234	Post-missegregation survival	17	buffer_beta | Post-missegregation viability-loss strength	Post-missegregation viability-loss strength (buffer_beta)	10	4	Negative peak rho	2	2	0.447065052260209	-0.447065052260209	2.05
buffer_beta	1.625	500	-0.39338643754575	Post-missegregation survival	17	buffer_beta | Post-missegregation viability-loss strength	Post-missegregation viability-loss strength (buffer_beta)	10	4	Negative peak rho	2	2	0.447065052260209	-0.447065052260209	2.05
buffer_beta	1.65	500	-0.392015456061824	Post-missegregation survival	17	buffer_beta | Post-missegregation viability-loss strength	Post-missegregation viability-loss strength (buffer_beta)	10	4	Negative peak rho	2	2	0.447065052260209	-0.447065052260209	2.05
buffer_beta	1.675	500	-0.401436069744279	Post-missegregation survival	17	buffer_beta | Post-missegregation viability-loss strength	Post-missegregation viability-loss strength (buffer_beta)	10	4	Negative peak rho	2	2	0.447065052260209	-0.447065052260209	2.05
buffer_beta	1.7	500	-0.412735410941644	Post-missegregation survival	17	buffer_beta | Post-missegregation viability-loss strength	Post-missegregation viability-loss strength (buffer_beta)	10	4	Negative peak rho	2	2	0.447065052260209	-0.447065052260209	2.05
buffer_beta	1.725	500	-0.415700478801915	Post-missegregation survival	17	buffer_beta | Post-missegregation viability-loss strength	Post-missegregation viability-loss strength (buffer_beta)	10	4	Negative peak rho	2	2	0.447065052260209	-0.447065052260209	2.05
buffer_beta	1.75	500	-0.431272221088884	Post-missegregation survival	17	buffer_beta | Post-missegregation viability-loss strength	Post-missegregation viability-loss strength (buffer_beta)	10	4	Negative peak rho	2	2	0.447065052260209	-0.447065052260209	2.05
buffer_beta	1.775	500	-0.429571094284377	Post-missegregation survival	17	buffer_beta | Post-missegregation viability-loss strength	Post-missegregation viability-loss strength (buffer_beta)	10	4	Negative peak rho	2	2	0.447065052260209	-0.447065052260209	2.05
buffer_beta	1.8	500	-0.428871251485006	Post-missegregation survival	17	buffer_beta | Post-missegregation viability-loss strength	Post-missegregation viability-loss strength (buffer_beta)	10	4	Negative peak rho	2	2	0.447065052260209	-0.447065052260209	2.05
buffer_beta	1.825	500	-0.43624350497402	Post-missegregation survival	17	buffer_beta | Post-missegregation viability-loss strength	Post-missegregation viability-loss strength (buffer_beta)	10	4	Negative peak rho	2	2	0.447065052260209	-0.447065052260209	2.05
buffer_beta	1.85	500	-0.443149580598322	Post-missegregation survival	17	buffer_beta | Post-missegregation viability-loss strength	Post-missegregation viability-loss strength (buffer_beta)	10	4	Negative peak rho	2	2	0.447065052260209	-0.447065052260209	2.05
buffer_beta	1.875	500	-0.434474217896872	Post-missegregation survival	17	buffer_beta | Post-missegregation viability-loss strength	Post-missegregation viability-loss strength (buffer_beta)	10	4	Negative peak rho	2	2	0.447065052260209	-0.447065052260209	2.05
buffer_beta	1.9	500	-0.443608174432698	Post-missegregation survival	17	buffer_beta | Post-missegregation viability-loss strength	Post-missegregation viability-loss strength (buffer_beta)	10	4	Negative peak rho	2	2	0.447065052260209	-0.447065052260209	2.05
buffer_beta	1.925	500	-0.443179052716211	Post-missegregation survival	17	buffer_beta | Post-missegregation viability-loss strength	Post-missegregation viability-loss strength (buffer_beta)	10	4	Negative peak rho	2	2	0.447065052260209	-0.447065052260209	2.05
buffer_beta	1.95	500	-0.443434413737655	Post-missegregation survival	17	buffer_beta | Post-missegregation viability-loss strength	Post-missegregation viability-loss strength (buffer_beta)	10	4	Negative peak rho	2	2	0.447065052260209	-0.447065052260209	2.05
buffer_beta	1.975	500	-0.440727490909964	Post-missegregation survival	17	buffer_beta | Post-missegregation viability-loss strength	Post-missegregation viability-loss strength (buffer_beta)	10	4	Negative peak rho	2	2	0.447065052260209	-0.447065052260209	2.05
buffer_beta	2	500	-0.44037065748263	Post-missegregation survival	17	buffer_beta | Post-missegregation viability-loss strength	Post-missegregation viability-loss strength (buffer_beta)	10	4	Negative peak rho	2	2	0.447065052260209	-0.447065052260209	2.05
buffer_beta	2.025	500	-0.438395545582182	Post-missegregation survival	17	buffer_beta | Post-missegregation viability-loss strength	Post-missegregation viability-loss strength (buffer_beta)	10	4	Negative peak rho	2	2	0.447065052260209	-0.447065052260209	2.05
buffer_beta	2.05	500	-0.447065052260209	Post-missegregation survival	17	buffer_beta | Post-missegregation viability-loss strength	Post-missegregation viability-loss strength (buffer_beta)	10	4	Negative peak rho	2	2	0.447065052260209	-0.447065052260209	2.05
buffer_beta	2.075	500	-0.439547070188281	Post-missegregation survival	17	buffer_beta | Post-missegregation viability-loss strength	Post-missegregation viability-loss strength (buffer_beta)	10	4	Negative peak rho	2	2	0.447065052260209	-0.447065052260209	2.05
buffer_beta	2.1	500	-0.444690290761163	Post-missegregation survival	17	buffer_beta | Post-missegregation viability-loss strength	Post-missegregation viability-loss strength (buffer_beta)	10	4	Negative peak rho	2	2	0.447065052260209	-0.447065052260209	2.05
buffer_beta	2.125	500	-0.441300229200917	Post-missegregation survival	17	buffer_beta | Post-missegregation viability-loss strength	Post-missegregation viability-loss strength (buffer_beta)	10	4	Negative peak rho	2	2	0.447065052260209	-0.447065052260209	2.05
buffer_beta	2.15	500	-0.439099516398066	Post-missegregation survival	17	buffer_beta | Post-missegregation viability-loss strength	Post-missegregation viability-loss strength (buffer_beta)	10	4	Negative peak rho	2	2	0.447065052260209	-0.447065052260209	2.05
buffer_beta	2.175	500	-0.435330349321397	Post-missegregation survival	17	buffer_beta | Post-missegregation viability-loss strength	Post-missegregation viability-loss strength (buffer_beta)	10	4	Negative peak rho	2	2	0.447065052260209	-0.447065052260209	2.05
buffer_beta	2.2	500	-0.434011496045984	Post-missegregation survival	17	buffer_beta | Post-missegregation viability-loss strength	Post-missegregation viability-loss strength (buffer_beta)	10	4	Negative peak rho	2	2	0.447065052260209	-0.447065052260209	2.05
buffer_beta	2.225	500	-0.432674690698763	Post-missegregation survival	17	buffer_beta | Post-missegregation viability-loss strength	Post-missegregation viability-loss strength (buffer_beta)	10	4	Negative peak rho	2	2	0.447065052260209	-0.447065052260209	2.05
buffer_beta	2.25	500	-0.431895743582974	Post-missegregation survival	17	buffer_beta | Post-missegregation viability-loss strength	Post-missegregation viability-loss strength (buffer_beta)	10	4	Negative peak rho	2	2	0.447065052260209	-0.447065052260209	2.05
buffer_beta	2.275	500	-0.431204348817395	Post-missegregation survival	17	buffer_beta | Post-missegregation viability-loss strength	Post-missegregation viability-loss strength (buffer_beta)	10	4	Negative peak rho	2	2	0.447065052260209	-0.447065052260209	2.05
buffer_beta	2.3	500	-0.432851139404558	Post-missegregation survival	17	buffer_beta | Post-missegregation viability-loss strength	Post-missegregation viability-loss strength (buffer_beta)	10	4	Negative peak rho	2	2	0.447065052260209	-0.447065052260209	2.05
buffer_beta	2.325	500	-0.431771519086076	Post-missegregation survival	17	buffer_beta | Post-missegregation viability-loss strength	Post-missegregation viability-loss strength (buffer_beta)	10	4	Negative peak rho	2	2	0.447065052260209	-0.447065052260209	2.05
buffer_beta	2.35	500	-0.422587066348265	Post-missegregation survival	17	buffer_beta | Post-missegregation viability-loss strength	Post-missegregation viability-loss strength (buffer_beta)	10	4	Negative peak rho	2	2	0.447065052260209	-0.447065052260209	2.05
buffer_beta	2.375	500	-0.421446293785175	Post-missegregation survival	17	buffer_beta | Post-missegregation viability-loss strength	Post-missegregation viability-loss strength (buffer_beta)	10	4	Negative peak rho	2	2	0.447065052260209	-0.447065052260209	2.05
buffer_beta	2.4	500	-0.425451237804951	Post-missegregation survival	17	buffer_beta | Post-missegregation viability-loss strength	Post-missegregation viability-loss strength (buffer_beta)	10	4	Negative peak rho	2	2	0.447065052260209	-0.447065052260209	2.05
buffer_beta	2.425	500	-0.425398533594134	Post-missegregation survival	17	buffer_beta | Post-missegregation viability-loss strength	Post-missegregation viability-loss strength (buffer_beta)	10	4	Negative peak rho	2	2	0.447065052260209	-0.447065052260209	2.05
buffer_beta	2.45	500	-0.422138168552674	Post-missegregation survival	17	buffer_beta | Post-missegregation viability-loss strength	Post-missegregation viability-loss strength (buffer_beta)	10	4	Negative peak rho	2	2	0.447065052260209	-0.447065052260209	2.05
buffer_beta	2.475	500	-0.412457585830343	Post-missegregation survival	17	buffer_beta | Post-missegregation viability-loss strength	Post-missegregation viability-loss strength (buffer_beta)	10	4	Negative peak rho	2	2	0.447065052260209	-0.447065052260209	2.05
buffer_beta	2.5	500	-0.407055932223729	Post-missegregation survival	17	buffer_beta | Post-missegregation viability-loss strength	Post-missegregation viability-loss strength (buffer_beta)	10	4	Negative peak rho	2	2	0.447065052260209	-0.447065052260209	2.05
buffer_beta	2.525	500	-0.413192948771795	Post-missegregation survival	17	buffer_beta | Post-missegregation viability-loss strength	Post-missegregation viability-loss strength (buffer_beta)	10	4	Negative peak rho	2	2	0.447065052260209	-0.447065052260209	2.05
buffer_beta	2.55	500	-0.412439057756231	Post-missegregation survival	17	buffer_beta | Post-missegregation viability-loss strength	Post-missegregation viability-loss strength (buffer_beta)	10	4	Negative peak rho	2	2	0.447065052260209	-0.447065052260209	2.05
buffer_beta	2.575	500	-0.410220872883492	Post-missegregation survival	17	buffer_beta | Post-missegregation viability-loss strength	Post-missegregation viability-loss strength (buffer_beta)	10	4	Negative peak rho	2	2	0.447065052260209	-0.447065052260209	2.05
buffer_beta	2.6	500	-0.409683366733467	Post-missegregation survival	17	buffer_beta | Post-missegregation viability-loss strength	Post-missegregation viability-loss strength (buffer_beta)	10	4	Negative peak rho	2	2	0.447065052260209	-0.447065052260209	2.05
buffer_beta	2.625	500	-0.409097476389906	Post-missegregation survival	17	buffer_beta | Post-missegregation viability-loss strength	Post-missegregation viability-loss strength (buffer_beta)	10	4	Negative peak rho	2	2	0.447065052260209	-0.447065052260209	2.05
buffer_beta	2.65	500	-0.40837161748647	Post-missegregation survival	17	buffer_beta | Post-missegregation viability-loss strength	Post-missegregation viability-loss strength (buffer_beta)	10	4	Negative peak rho	2	2	0.447065052260209	-0.447065052260209	2.05
buffer_beta	2.675	500	-0.417024132096528	Post-missegregation survival	17	buffer_beta | Post-missegregation viability-loss strength	Post-missegregation viability-loss strength (buffer_beta)	10	4	Negative peak rho	2	2	0.447065052260209	-0.447065052260209	2.05
buffer_beta	2.7	500	-0.416628418513674	Post-missegregation survival	17	buffer_beta | Post-missegregation viability-loss strength	Post-missegregation viability-loss strength (buffer_beta)	10	4	Negative peak rho	2	2	0.447065052260209	-0.447065052260209	2.05
buffer_beta	2.725	500	-0.416045408181633	Post-missegregation survival	17	buffer_beta | Post-missegregation viability-loss strength	Post-missegregation viability-loss strength (buffer_beta)	10	4	Negative peak rho	2	2	0.447065052260209	-0.447065052260209	2.05
buffer_beta	2.75	500	-0.411996111984448	Post-missegregation survival	17	buffer_beta | Post-missegregation viability-loss strength	Post-missegregation viability-loss strength (buffer_beta)	10	4	Negative peak rho	2	2	0.447065052260209	-0.447065052260209	2.05
buffer_beta	2.775	500	-0.411645326581306	Post-missegregation survival	17	buffer_beta | Post-missegregation viability-loss strength	Post-missegregation viability-loss strength (buffer_beta)	10	4	Negative peak rho	2	2	0.447065052260209	-0.447065052260209	2.05
buffer_beta	2.8	500	-0.411085932343729	Post-missegregation survival	17	buffer_beta | Post-missegregation viability-loss strength	Post-missegregation viability-loss strength (buffer_beta)	10	4	Negative peak rho	2	2	0.447065052260209	-0.447065052260209	2.05
buffer_beta	2.825	500	-0.410686954747819	Post-missegregation survival	17	buffer_beta | Post-missegregation viability-loss strength	Post-missegregation viability-loss strength (buffer_beta)	10	4	Negative peak rho	2	2	0.447065052260209	-0.447065052260209	2.05
buffer_beta	2.85	500	-0.411927855711423	Post-missegregation survival	17	buffer_beta | Post-missegregation viability-loss strength	Post-missegregation viability-loss strength (buffer_beta)	10	4	Negative peak rho	2	2	0.447065052260209	-0.447065052260209	2.05
buffer_beta	2.875	500	-0.41385112740451	Post-missegregation survival	17	buffer_beta | Post-missegregation viability-loss strength	Post-missegregation viability-loss strength (buffer_beta)	10	4	Negative peak rho	2	2	0.447065052260209	-0.447065052260209	2.05
buffer_beta	2.9	500	-0.413749558998236	Post-missegregation survival	17	buffer_beta | Post-missegregation viability-loss strength	Post-missegregation viability-loss strength (buffer_beta)	10	4	Negative peak rho	2	2	0.447065052260209	-0.447065052260209	2.05
buffer_beta	2.925	500	-0.412999891999568	Post-missegregation survival	17	buffer_beta | Post-missegregation viability-loss strength	Post-missegregation viability-loss strength (buffer_beta)	10	4	Negative peak rho	2	2	0.447065052260209	-0.447065052260209	2.05
buffer_beta	2.95	500	-0.409324709298837	Post-missegregation survival	17	buffer_beta | Post-missegregation viability-loss strength	Post-missegregation viability-loss strength (buffer_beta)	10	4	Negative peak rho	2	2	0.447065052260209	-0.447065052260209	2.05
buffer_beta	2.975	500	-0.408354433417734	Post-missegregation survival	17	buffer_beta | Post-missegregation viability-loss strength	Post-missegregation viability-loss strength (buffer_beta)	10	4	Negative peak rho	2	2	0.447065052260209	-0.447065052260209	2.05
buffer_beta	3	500	-0.407403453613814	Post-missegregation survival	17	buffer_beta | Post-missegregation viability-loss strength	Post-missegregation viability-loss strength (buffer_beta)	10	4	Negative peak rho	2	2	0.447065052260209	-0.447065052260209	2.05
buffer_beta	3.025	500	-0.403406861627447	Post-missegregation survival	17	buffer_beta | Post-missegregation viability-loss strength	Post-missegregation viability-loss strength (buffer_beta)	10	4	Negative peak rho	2	2	0.447065052260209	-0.447065052260209	2.05
buffer_beta	3.05	500	-0.396923475693903	Post-missegregation survival	17	buffer_beta | Post-missegregation viability-loss strength	Post-missegregation viability-loss strength (buffer_beta)	10	4	Negative peak rho	2	2	0.447065052260209	-0.447065052260209	2.05
buffer_beta	3.075	500	-0.396404209616838	Post-missegregation survival	17	buffer_beta | Post-missegregation viability-loss strength	Post-missegregation viability-loss strength (buffer_beta)	10	4	Negative peak rho	2	2	0.447065052260209	-0.447065052260209	2.05
buffer_beta	3.1	500	-0.395853359413438	Post-missegregation survival	17	buffer_beta | Post-missegregation viability-loss strength	Post-missegregation viability-loss strength (buffer_beta)	10	4	Negative peak rho	2	2	0.447065052260209	-0.447065052260209	2.05
buffer_beta	3.125	500	-0.397242868971476	Post-missegregation survival	17	buffer_beta | Post-missegregation viability-loss strength	Post-missegregation viability-loss strength (buffer_beta)	10	4	Negative peak rho	2	2	0.447065052260209	-0.447065052260209	2.05
buffer_beta	3.15	500	-0.39714821259285	Post-missegregation survival	17	buffer_beta | Post-missegregation viability-loss strength	Post-missegregation viability-loss strength (buffer_beta)	10	4	Negative peak rho	2	2	0.447065052260209	-0.447065052260209	2.05
buffer_beta	3.175	500	-0.392448609794439	Post-missegregation survival	17	buffer_beta | Post-missegregation viability-loss strength	Post-missegregation viability-loss strength (buffer_beta)	10	4	Negative peak rho	2	2	0.447065052260209	-0.447065052260209	2.05
buffer_beta	3.2	500	-0.391632894531578	Post-missegregation survival	17	buffer_beta | Post-missegregation viability-loss strength	Post-missegregation viability-loss strength (buffer_beta)	10	4	Negative peak rho	2	2	0.447065052260209	-0.447065052260209	2.05
buffer_beta	3.225	500	-0.390943803775215	Post-missegregation survival	17	buffer_beta | Post-missegregation viability-loss strength	Post-missegregation viability-loss strength (buffer_beta)	10	4	Negative peak rho	2	2	0.447065052260209	-0.447065052260209	2.05
buffer_beta	3.25	500	-0.389853431413726	Post-missegregation survival	17	buffer_beta | Post-missegregation viability-loss strength	Post-missegregation viability-loss strength (buffer_beta)	10	4	Negative peak rho	2	2	0.447065052260209	-0.447065052260209	2.05
buffer_beta	3.275	500	-0.384311905247621	Post-missegregation survival	17	buffer_beta | Post-missegregation viability-loss strength	Post-missegregation viability-loss strength (buffer_beta)	10	4	Negative peak rho	2	2	0.447065052260209	-0.447065052260209	2.05
buffer_beta	3.3	500	-0.383000348001392	Post-missegregation survival	17	buffer_beta | Post-missegregation viability-loss strength	Post-missegregation viability-loss strength (buffer_beta)	10	4	Negative peak rho	2	2	0.447065052260209	-0.447065052260209	2.05
buffer_beta	3.325	500	-0.376342913371654	Post-missegregation survival	17	buffer_beta | Post-missegregation viability-loss strength	Post-missegregation viability-loss strength (buffer_beta)	10	4	Negative peak rho	2	2	0.447065052260209	-0.447065052260209	2.05
buffer_beta	3.35	500	-0.375885663542654	Post-missegregation survival	17	buffer_beta | Post-missegregation viability-loss strength	Post-missegregation viability-loss strength (buffer_beta)	10	4	Negative peak rho	2	2	0.447065052260209	-0.447065052260209	2.05
buffer_beta	3.375	500	-0.375391261565046	Post-missegregation survival	17	buffer_beta | Post-missegregation viability-loss strength	Post-missegregation viability-loss strength (buffer_beta)	10	4	Negative peak rho	2	2	0.447065052260209	-0.447065052260209	2.05
buffer_beta	3.4	500	-0.373874551498206	Post-missegregation survival	17	buffer_beta | Post-missegregation viability-loss strength	Post-missegregation viability-loss strength (buffer_beta)	10	4	Negative peak rho	2	2	0.447065052260209	-0.447065052260209	2.05
buffer_beta	3.425	500	-0.366382489529958	Post-missegregation survival	17	buffer_beta | Post-missegregation viability-loss strength	Post-missegregation viability-loss strength (buffer_beta)	10	4	Negative peak rho	2	2	0.447065052260209	-0.447065052260209	2.05
buffer_beta	3.45	500	-0.363850191400766	Post-missegregation survival	17	buffer_beta | Post-missegregation viability-loss strength	Post-missegregation viability-loss strength (buffer_beta)	10	4	Negative peak rho	2	2	0.447065052260209	-0.447065052260209	2.05
buffer_beta	3.475	500	-0.362924555698223	Post-missegregation survival	17	buffer_beta | Post-missegregation viability-loss strength	Post-missegregation viability-loss strength (buffer_beta)	10	4	Negative peak rho	2	2	0.447065052260209	-0.447065052260209	2.05
buffer_beta	3.5	500	-0.361184068736275	Post-missegregation survival	17	buffer_beta | Post-missegregation viability-loss strength	Post-missegregation viability-loss strength (buffer_beta)	10	4	Negative peak rho	2	2	0.447065052260209	-0.447065052260209	2.05
buffer_beta	3.525	500	-0.353173412693651	Post-missegregation survival	17	buffer_beta | Post-missegregation viability-loss strength	Post-missegregation viability-loss strength (buffer_beta)	10	4	Negative peak rho	2	2	0.447065052260209	-0.447065052260209	2.05
buffer_beta	3.55	500	-0.346737066948268	Post-missegregation survival	17	buffer_beta | Post-missegregation viability-loss strength	Post-missegregation viability-loss strength (buffer_beta)	10	4	Negative peak rho	2	2	0.447065052260209	-0.447065052260209	2.05
buffer_beta	3.575	500	-0.346328105312421	Post-missegregation survival	17	buffer_beta | Post-missegregation viability-loss strength	Post-missegregation viability-loss strength (buffer_beta)	10	4	Negative peak rho	2	2	0.447065052260209	-0.447065052260209	2.05
buffer_beta	3.6	500	-0.345410437641751	Post-missegregation survival	17	buffer_beta | Post-missegregation viability-loss strength	Post-missegregation viability-loss strength (buffer_beta)	10	4	Negative peak rho	2	2	0.447065052260209	-0.447065052260209	2.05
buffer_beta	3.625	500	-0.344800547202189	Post-missegregation survival	17	buffer_beta | Post-missegregation viability-loss strength	Post-missegregation viability-loss strength (buffer_beta)	10	4	Negative peak rho	2	2	0.447065052260209	-0.447065052260209	2.05
buffer_beta	3.65	500	-0.343844575378302	Post-missegregation survival	17	buffer_beta | Post-missegregation viability-loss strength	Post-missegregation viability-loss strength (buffer_beta)	10	4	Negative peak rho	2	2	0.447065052260209	-0.447065052260209	2.05
buffer_beta	3.675	500	-0.343178812715251	Post-missegregation survival	17	buffer_beta | Post-missegregation viability-loss strength	Post-missegregation viability-loss strength (buffer_beta)	10	4	Negative peak rho	2	2	0.447065052260209	-0.447065052260209	2.05
buffer_beta	3.7	500	-0.336717890871564	Post-missegregation survival	17	buffer_beta | Post-missegregation viability-loss strength	Post-missegregation viability-loss strength (buffer_beta)	10	4	Negative peak rho	2	2	0.447065052260209	-0.447065052260209	2.05
buffer_beta	3.725	500	-0.331434317737271	Post-missegregation survival	17	buffer_beta | Post-missegregation viability-loss strength	Post-missegregation viability-loss strength (buffer_beta)	10	4	Negative peak rho	2	2	0.447065052260209	-0.447065052260209	2.05
buffer_beta	3.75	500	-0.326015768063072	Post-missegregation survival	17	buffer_beta | Post-missegregation viability-loss strength	Post-missegregation viability-loss strength (buffer_beta)	10	4	Negative peak rho	2	2	0.447065052260209	-0.447065052260209	2.05
buffer_beta	3.775	500	-0.325558902235609	Post-missegregation survival	17	buffer_beta | Post-missegregation viability-loss strength	Post-missegregation viability-loss strength (buffer_beta)	10	4	Negative peak rho	2	2	0.447065052260209	-0.447065052260209	2.05
buffer_beta	3.8	500	-0.32415643262573	Post-missegregation survival	17	buffer_beta | Post-missegregation viability-loss strength	Post-missegregation viability-loss strength (buffer_beta)	10	4	Negative peak rho	2	2	0.447065052260209	-0.447065052260209	2.05
buffer_beta	3.825	500	-0.319179388717555	Post-missegregation survival	17	buffer_beta | Post-missegregation viability-loss strength	Post-missegregation viability-loss strength (buffer_beta)	10	4	Negative peak rho	2	2	0.447065052260209	-0.447065052260209	2.05
buffer_beta	3.85	500	-0.317836535346141	Post-missegregation survival	17	buffer_beta | Post-missegregation viability-loss strength	Post-missegregation viability-loss strength (buffer_beta)	10	4	Negative peak rho	2	2	0.447065052260209	-0.447065052260209	2.05
buffer_beta	3.875	500	-0.306667946671787	Post-missegregation survival	17	buffer_beta | Post-missegregation viability-loss strength	Post-missegregation viability-loss strength (buffer_beta)	10	4	Negative peak rho	2	2	0.447065052260209	-0.447065052260209	2.05
buffer_beta	3.9	500	-0.305709094836379	Post-missegregation survival	17	buffer_beta | Post-missegregation viability-loss strength	Post-missegregation viability-loss strength (buffer_beta)	10	4	Negative peak rho	2	2	0.447065052260209	-0.447065052260209	2.05
buffer_beta	3.925	500	-0.304743810975244	Post-missegregation survival	17	buffer_beta | Post-missegregation viability-loss strength	Post-missegregation viability-loss strength (buffer_beta)	10	4	Negative peak rho	2	2	0.447065052260209	-0.447065052260209	2.05
buffer_beta	3.95	500	-0.298570890283561	Post-missegregation survival	17	buffer_beta | Post-missegregation viability-loss strength	Post-missegregation viability-loss strength (buffer_beta)	10	4	Negative peak rho	2	2	0.447065052260209	-0.447065052260209	2.05
buffer_beta	3.975	500	-0.297591878367513	Post-missegregation survival	17	buffer_beta | Post-missegregation viability-loss strength	Post-missegregation viability-loss strength (buffer_beta)	10	4	Negative peak rho	2	2	0.447065052260209	-0.447065052260209	2.05
buffer_beta	4	500	-0.296839427357709	Post-missegregation survival	17	buffer_beta | Post-missegregation viability-loss strength	Post-missegregation viability-loss strength (buffer_beta)	10	4	Negative peak rho	2	2	0.447065052260209	-0.447065052260209	2.05
buffer_beta	4.025	500	-0.295867711470846	Post-missegregation survival	17	buffer_beta | Post-missegregation viability-loss strength	Post-missegregation viability-loss strength (buffer_beta)	10	4	Negative peak rho	2	2	0.447065052260209	-0.447065052260209	2.05
buffer_beta	4.05	500	-0.288853443413774	Post-missegregation survival	17	buffer_beta | Post-missegregation viability-loss strength	Post-missegregation viability-loss strength (buffer_beta)	10	4	Negative peak rho	2	2	0.447065052260209	-0.447065052260209	2.05
buffer_beta	4.075	500	-0.28746738986956	Post-missegregation survival	17	buffer_beta | Post-missegregation viability-loss strength	Post-missegregation viability-loss strength (buffer_beta)	10	4	Negative peak rho	2	2	0.447065052260209	-0.447065052260209	2.05
buffer_beta	4.1	500	-0.286893691574766	Post-missegregation survival	17	buffer_beta | Post-missegregation viability-loss strength	Post-missegregation viability-loss strength (buffer_beta)	10	4	Negative peak rho	2	2	0.447065052260209	-0.447065052260209	2.05
buffer_beta	4.125	500	-0.286536954147817	Post-missegregation survival	17	buffer_beta | Post-missegregation viability-loss strength	Post-missegregation viability-loss strength (buffer_beta)	10	4	Negative peak rho	2	2	0.447065052260209	-0.447065052260209	2.05
buffer_beta	4.15	500	-0.285579062316249	Post-missegregation survival	17	buffer_beta | Post-missegregation viability-loss strength	Post-missegregation viability-loss strength (buffer_beta)	10	4	Negative peak rho	2	2	0.447065052260209	-0.447065052260209	2.05
buffer_beta	4.175	500	-0.284636050544202	Post-missegregation survival	17	buffer_beta | Post-missegregation viability-loss strength	Post-missegregation viability-loss strength (buffer_beta)	10	4	Negative peak rho	2	2	0.447065052260209	-0.447065052260209	2.05
buffer_beta	4.2	500	-0.283125004500018	Post-missegregation survival	17	buffer_beta | Post-missegregation viability-loss strength	Post-missegregation viability-loss strength (buffer_beta)	10	4	Negative peak rho	2	2	0.447065052260209	-0.447065052260209	2.05
buffer_beta	4.225	500	-0.280684098736395	Post-missegregation survival	17	buffer_beta | Post-missegregation viability-loss strength	Post-missegregation viability-loss strength (buffer_beta)	10	4	Negative peak rho	2	2	0.447065052260209	-0.447065052260209	2.05
buffer_beta	4.25	500	-0.279722846891388	Post-missegregation survival	17	buffer_beta | Post-missegregation viability-loss strength	Post-missegregation viability-loss strength (buffer_beta)	10	4	Negative peak rho	2	2	0.447065052260209	-0.447065052260209	2.05
buffer_beta	4.275	500	-0.278554522218089	Post-missegregation survival	17	buffer_beta | Post-missegregation viability-loss strength	Post-missegregation viability-loss strength (buffer_beta)	10	4	Negative peak rho	2	2	0.447065052260209	-0.447065052260209	2.05
buffer_beta	4.3	500	-0.277341557366229	Post-missegregation survival	17	buffer_beta | Post-missegregation viability-loss strength	Post-missegregation viability-loss strength (buffer_beta)	10	4	Negative peak rho	2	2	0.447065052260209	-0.447065052260209	2.05
buffer_beta	4.325	500	-0.27584356737427	Post-missegregation survival	17	buffer_beta | Post-missegregation viability-loss strength	Post-missegregation viability-loss strength (buffer_beta)	10	4	Negative peak rho	2	2	0.447065052260209	-0.447065052260209	2.05
buffer_beta	4.35	500	-0.274409609638439	Post-missegregation survival	17	buffer_beta | Post-missegregation viability-loss strength	Post-missegregation viability-loss strength (buffer_beta)	10	4	Negative peak rho	2	2	0.447065052260209	-0.447065052260209	2.05
buffer_beta	4.375	500	-0.273111108444434	Post-missegregation survival	17	buffer_beta | Post-missegregation viability-loss strength	Post-missegregation viability-loss strength (buffer_beta)	10	4	Negative peak rho	2	2	0.447065052260209	-0.447065052260209	2.05
buffer_beta	4.4	500	-0.271631838527354	Post-missegregation survival	17	buffer_beta | Post-missegregation viability-loss strength	Post-missegregation viability-loss strength (buffer_beta)	10	4	Negative peak rho	2	2	0.447065052260209	-0.447065052260209	2.05
buffer_beta	4.425	500	-0.270374905499622	Post-missegregation survival	17	buffer_beta | Post-missegregation viability-loss strength	Post-missegregation viability-loss strength (buffer_beta)	10	4	Negative peak rho	2	2	0.447065052260209	-0.447065052260209	2.05
buffer_beta	4.45	500	-0.26899681998728	Post-missegregation survival	17	buffer_beta | Post-missegregation viability-loss strength	Post-missegregation viability-loss strength (buffer_beta)	10	4	Negative peak rho	2	2	0.447065052260209	-0.447065052260209	2.05
buffer_beta	4.475	500	-0.267168588674355	Post-missegregation survival	17	buffer_beta | Post-missegregation viability-loss strength	Post-missegregation viability-loss strength (buffer_beta)	10	4	Negative peak rho	2	2	0.447065052260209	-0.447065052260209	2.05
buffer_beta	4.5	500	-0.264300289201157	Post-missegregation survival	17	buffer_beta | Post-missegregation viability-loss strength	Post-missegregation viability-loss strength (buffer_beta)	10	4	Negative peak rho	2	2	0.447065052260209	-0.447065052260209	2.05
buffer_beta	4.525	500	-0.263255613022452	Post-missegregation survival	17	buffer_beta | Post-missegregation viability-loss strength	Post-missegregation viability-loss strength (buffer_beta)	10	4	Negative peak rho	2	2	0.447065052260209	-0.447065052260209	2.05
buffer_beta	4.55	500	-0.254875739502958	Post-missegregation survival	17	buffer_beta | Post-missegregation viability-loss strength	Post-missegregation viability-loss strength (buffer_beta)	10	4	Negative peak rho	2	2	0.447065052260209	-0.447065052260209	2.05
buffer_beta	4.575	500	-0.253905751623007	Post-missegregation survival	17	buffer_beta | Post-missegregation viability-loss strength	Post-missegregation viability-loss strength (buffer_beta)	10	4	Negative peak rho	2	2	0.447065052260209	-0.447065052260209	2.05
buffer_beta	4.6	500	-0.252678386713547	Post-missegregation survival	17	buffer_beta | Post-missegregation viability-loss strength	Post-missegregation viability-loss strength (buffer_beta)	10	4	Negative peak rho	2	2	0.447065052260209	-0.447065052260209	2.05
buffer_beta	4.625	500	-0.251706670826683	Post-missegregation survival	17	buffer_beta | Post-missegregation viability-loss strength	Post-missegregation viability-loss strength (buffer_beta)	10	4	Negative peak rho	2	2	0.447065052260209	-0.447065052260209	2.05
buffer_beta	4.65	500	-0.25086762747051	Post-missegregation survival	17	buffer_beta | Post-missegregation viability-loss strength	Post-missegregation viability-loss strength (buffer_beta)	10	4	Negative peak rho	2	2	0.447065052260209	-0.447065052260209	2.05
buffer_beta	4.675	500	-0.249953031812127	Post-missegregation survival	17	buffer_beta | Post-missegregation viability-loss strength	Post-missegregation viability-loss strength (buffer_beta)	10	4	Negative peak rho	2	2	0.447065052260209	-0.447065052260209	2.05
buffer_beta	4.7	500	-0.24873843495374	Post-missegregation survival	17	buffer_beta | Post-missegregation viability-loss strength	Post-missegregation viability-loss strength (buffer_beta)	10	4	Negative peak rho	2	2	0.447065052260209	-0.447065052260209	2.05
buffer_beta	4.725	500	-0.247958431833727	Post-missegregation survival	17	buffer_beta | Post-missegregation viability-loss strength	Post-missegregation viability-loss strength (buffer_beta)	10	4	Negative peak rho	2	2	0.447065052260209	-0.447065052260209	2.05
buffer_beta	4.75	500	-0.247305149220597	Post-missegregation survival	17	buffer_beta | Post-missegregation viability-loss strength	Post-missegregation viability-loss strength (buffer_beta)	10	4	Negative peak rho	2	2	0.447065052260209	-0.447065052260209	2.05
buffer_beta	4.775	500	-0.246570842283369	Post-missegregation survival	17	buffer_beta | Post-missegregation viability-loss strength	Post-missegregation viability-loss strength (buffer_beta)	10	4	Negative peak rho	2	2	0.447065052260209	-0.447065052260209	2.05
buffer_beta	4.8	500	-0.245327637310549	Post-missegregation survival	17	buffer_beta | Post-missegregation viability-loss strength	Post-missegregation viability-loss strength (buffer_beta)	10	4	Negative peak rho	2	2	0.447065052260209	-0.447065052260209	2.05
buffer_beta	4.825	500	-0.24438241752967	Post-missegregation survival	17	buffer_beta | Post-missegregation viability-loss strength	Post-missegregation viability-loss strength (buffer_beta)	10	4	Negative peak rho	2	2	0.447065052260209	-0.447065052260209	2.05
buffer_beta	4.85	500	-0.243138444553778	Post-missegregation survival	17	buffer_beta | Post-missegregation viability-loss strength	Post-missegregation viability-loss strength (buffer_beta)	10	4	Negative peak rho	2	2	0.447065052260209	-0.447065052260209	2.05
buffer_beta	4.875	500	-0.236295921183685	Post-missegregation survival	17	buffer_beta | Post-missegregation viability-loss strength	Post-missegregation viability-loss strength (buffer_beta)	10	4	Negative peak rho	2	2	0.447065052260209	-0.447065052260209	2.05
buffer_beta	4.9	500	-0.228055824223297	Post-missegregation survival	17	buffer_beta | Post-missegregation viability-loss strength	Post-missegregation viability-loss strength (buffer_beta)	10	4	Negative peak rho	2	2	0.447065052260209	-0.447065052260209	2.05
buffer_beta	4.925	500	-0.227579662318649	Post-missegregation survival	17	buffer_beta | Post-missegregation viability-loss strength	Post-missegregation viability-loss strength (buffer_beta)	10	4	Negative peak rho	2	2	0.447065052260209	-0.447065052260209	2.05
buffer_beta	4.95	500	-0.226802251209005	Post-missegregation survival	17	buffer_beta | Post-missegregation viability-loss strength	Post-missegregation viability-loss strength (buffer_beta)	10	4	Negative peak rho	2	2	0.447065052260209	-0.447065052260209	2.05
buffer_beta	4.975	500	-0.22598883995536	Post-missegregation survival	17	buffer_beta | Post-missegregation viability-loss strength	Post-missegregation viability-loss strength (buffer_beta)	10	4	Negative peak rho	2	2	0.447065052260209	-0.447065052260209	2.05
buffer_beta	5	500	-0.223302365209461	Post-missegregation survival	17	buffer_beta | Post-missegregation viability-loss strength	Post-missegregation viability-loss strength (buffer_beta)	10	4	Negative peak rho	2	2	0.447065052260209	-0.447065052260209	2.05
gamma_mu	0	500	-0.353417637670551	Ploidy-linked growth and death	14	gamma_mu | Ploidy exponent of stress-associated death	Ploidy exponent of stress-associated death (gamma_mu)	11	5	Negative peak rho	2	3	0.428290065160261	-0.428290065160261	0.9
gamma_mu	0.025	500	-0.3522202248809	Ploidy-linked growth and death	14	gamma_mu | Ploidy exponent of stress-associated death	Ploidy exponent of stress-associated death (gamma_mu)	11	5	Negative peak rho	2	3	0.428290065160261	-0.428290065160261	0.9
gamma_mu	0.05	500	-0.352763203052812	Ploidy-linked growth and death	14	gamma_mu | Ploidy exponent of stress-associated death	Ploidy exponent of stress-associated death (gamma_mu)	11	5	Negative peak rho	2	3	0.428290065160261	-0.428290065160261	0.9
gamma_mu	0.075	500	-0.354946731786927	Ploidy-linked growth and death	14	gamma_mu | Ploidy exponent of stress-associated death	Ploidy exponent of stress-associated death (gamma_mu)	11	5	Negative peak rho	2	3	0.428290065160261	-0.428290065160261	0.9
gamma_mu	0.1	500	-0.341703094812379	Ploidy-linked growth and death	14	gamma_mu | Ploidy exponent of stress-associated death	Ploidy exponent of stress-associated death (gamma_mu)	11	5	Negative peak rho	2	3	0.428290065160261	-0.428290065160261	0.9
gamma_mu	0.125	500	-0.330671114684459	Ploidy-linked growth and death	14	gamma_mu | Ploidy exponent of stress-associated death	Ploidy exponent of stress-associated death (gamma_mu)	11	5	Negative peak rho	2	3	0.428290065160261	-0.428290065160261	0.9
gamma_mu	0.15	500	-0.32900282001128	Ploidy-linked growth and death	14	gamma_mu | Ploidy exponent of stress-associated death	Ploidy exponent of stress-associated death (gamma_mu)	11	5	Negative peak rho	2	3	0.428290065160261	-0.428290065160261	0.9
gamma_mu	0.175	500	-0.323368173472694	Ploidy-linked growth and death	14	gamma_mu | Ploidy exponent of stress-associated death	Ploidy exponent of stress-associated death (gamma_mu)	11	5	Negative peak rho	2	3	0.428290065160261	-0.428290065160261	0.9
gamma_mu	0.2	500	-0.317655574622299	Ploidy-linked growth and death	14	gamma_mu | Ploidy exponent of stress-associated death	Ploidy exponent of stress-associated death (gamma_mu)	11	5	Negative peak rho	2	3	0.428290065160261	-0.428290065160261	0.9
gamma_mu	0.225	500	-0.337420613682455	Ploidy-linked growth and death	14	gamma_mu | Ploidy exponent of stress-associated death	Ploidy exponent of stress-associated death (gamma_mu)	11	5	Negative peak rho	2	3	0.428290065160261	-0.428290065160261	0.9
gamma_mu	0.25	500	-0.338128424513698	Ploidy-linked growth and death	14	gamma_mu | Ploidy exponent of stress-associated death	Ploidy exponent of stress-associated death (gamma_mu)	11	5	Negative peak rho	2	3	0.428290065160261	-0.428290065160261	0.9
gamma_mu	0.275	500	-0.331776271105084	Ploidy-linked growth and death	14	gamma_mu | Ploidy exponent of stress-associated death	Ploidy exponent of stress-associated death (gamma_mu)	11	5	Negative peak rho	2	3	0.428290065160261	-0.428290065160261	0.9
gamma_mu	0.3	500	-0.350225048900196	Ploidy-linked growth and death	14	gamma_mu | Ploidy exponent of stress-associated death	Ploidy exponent of stress-associated death (gamma_mu)	11	5	Negative peak rho	2	3	0.428290065160261	-0.428290065160261	0.9
gamma_mu	0.325	500	-0.356835155340621	Ploidy-linked growth and death	14	gamma_mu | Ploidy exponent of stress-associated death	Ploidy exponent of stress-associated death (gamma_mu)	11	5	Negative peak rho	2	3	0.428290065160261	-0.428290065160261	0.9
gamma_mu	0.35	500	-0.376460129840519	Ploidy-linked growth and death	14	gamma_mu | Ploidy exponent of stress-associated death	Ploidy exponent of stress-associated death (gamma_mu)	11	5	Negative peak rho	2	3	0.428290065160261	-0.428290065160261	0.9
gamma_mu	0.375	500	-0.378832971331885	Ploidy-linked growth and death	14	gamma_mu | Ploidy exponent of stress-associated death	Ploidy exponent of stress-associated death (gamma_mu)	11	5	Negative peak rho	2	3	0.428290065160261	-0.428290065160261	0.9
gamma_mu	0.4	500	-0.390381433525734	Ploidy-linked growth and death	14	gamma_mu | Ploidy exponent of stress-associated death	Ploidy exponent of stress-associated death (gamma_mu)	11	5	Negative peak rho	2	3	0.428290065160261	-0.428290065160261	0.9
gamma_mu	0.425	500	-0.381117684470738	Ploidy-linked growth and death	14	gamma_mu | Ploidy exponent of stress-associated death	Ploidy exponent of stress-associated death (gamma_mu)	11	5	Negative peak rho	2	3	0.428290065160261	-0.428290065160261	0.9
gamma_mu	0.45	500	-0.381431797727191	Ploidy-linked growth and death	14	gamma_mu | Ploidy exponent of stress-associated death	Ploidy exponent of stress-associated death (gamma_mu)	11	5	Negative peak rho	2	3	0.428290065160261	-0.428290065160261	0.9
gamma_mu	0.475	500	-0.377458053832215	Ploidy-linked growth and death	14	gamma_mu | Ploidy exponent of stress-associated death	Ploidy exponent of stress-associated death (gamma_mu)	11	5	Negative peak rho	2	3	0.428290065160261	-0.428290065160261	0.9
gamma_mu	0.5	500	-0.385944967779871	Ploidy-linked growth and death	14	gamma_mu | Ploidy exponent of stress-associated death	Ploidy exponent of stress-associated death (gamma_mu)	11	5	Negative peak rho	2	3	0.428290065160261	-0.428290065160261	0.9
gamma_mu	0.525	500	-0.382089592358369	Ploidy-linked growth and death	14	gamma_mu | Ploidy exponent of stress-associated death	Ploidy exponent of stress-associated death (gamma_mu)	11	5	Negative peak rho	2	3	0.428290065160261	-0.428290065160261	0.9
gamma_mu	0.55	500	-0.382720698882796	Ploidy-linked growth and death	14	gamma_mu | Ploidy exponent of stress-associated death	Ploidy exponent of stress-associated death (gamma_mu)	11	5	Negative peak rho	2	3	0.428290065160261	-0.428290065160261	0.9
gamma_mu	0.575	500	-0.37810855243421	Ploidy-linked growth and death	14	gamma_mu | Ploidy exponent of stress-associated death	Ploidy exponent of stress-associated death (gamma_mu)	11	5	Negative peak rho	2	3	0.428290065160261	-0.428290065160261	0.9
gamma_mu	0.6	500	-0.390573626294505	Ploidy-linked growth and death	14	gamma_mu | Ploidy exponent of stress-associated death	Ploidy exponent of stress-associated death (gamma_mu)	11	5	Negative peak rho	2	3	0.428290065160261	-0.428290065160261	0.9
gamma_mu	0.625	500	-0.403484813939256	Ploidy-linked growth and death	14	gamma_mu | Ploidy exponent of stress-associated death	Ploidy exponent of stress-associated death (gamma_mu)	11	5	Negative peak rho	2	3	0.428290065160261	-0.428290065160261	0.9
gamma_mu	0.65	500	-0.398968859875439	Ploidy-linked growth and death	14	gamma_mu | Ploidy exponent of stress-associated death	Ploidy exponent of stress-associated death (gamma_mu)	11	5	Negative peak rho	2	3	0.428290065160261	-0.428290065160261	0.9
gamma_mu	0.675	500	-0.405969687878752	Ploidy-linked growth and death	14	gamma_mu | Ploidy exponent of stress-associated death	Ploidy exponent of stress-associated death (gamma_mu)	11	5	Negative peak rho	2	3	0.428290065160261	-0.428290065160261	0.9
gamma_mu	0.7	500	-0.40263108252433	Ploidy-linked growth and death	14	gamma_mu | Ploidy exponent of stress-associated death	Ploidy exponent of stress-associated death (gamma_mu)	11	5	Negative peak rho	2	3	0.428290065160261	-0.428290065160261	0.9
gamma_mu	0.725	500	-0.395290221160885	Ploidy-linked growth and death	14	gamma_mu | Ploidy exponent of stress-associated death	Ploidy exponent of stress-associated death (gamma_mu)	11	5	Negative peak rho	2	3	0.428290065160261	-0.428290065160261	0.9
gamma_mu	0.75	500	-0.405590966363866	Ploidy-linked growth and death	14	gamma_mu | Ploidy exponent of stress-associated death	Ploidy exponent of stress-associated death (gamma_mu)	11	5	Negative peak rho	2	3	0.428290065160261	-0.428290065160261	0.9
gamma_mu	0.775	500	-0.407279901119605	Ploidy-linked growth and death	14	gamma_mu | Ploidy exponent of stress-associated death	Ploidy exponent of stress-associated death (gamma_mu)	11	5	Negative peak rho	2	3	0.428290065160261	-0.428290065160261	0.9
gamma_mu	0.8	500	-0.404632498529994	Ploidy-linked growth and death	14	gamma_mu | Ploidy exponent of stress-associated death	Ploidy exponent of stress-associated death (gamma_mu)	11	5	Negative peak rho	2	3	0.428290065160261	-0.428290065160261	0.9
gamma_mu	0.825	500	-0.406931323725295	Ploidy-linked growth and death	14	gamma_mu | Ploidy exponent of stress-associated death	Ploidy exponent of stress-associated death (gamma_mu)	11	5	Negative peak rho	2	3	0.428290065160261	-0.428290065160261	0.9
gamma_mu	0.85	500	-0.409328261313045	Ploidy-linked growth and death	14	gamma_mu | Ploidy exponent of stress-associated death	Ploidy exponent of stress-associated death (gamma_mu)	11	5	Negative peak rho	2	3	0.428290065160261	-0.428290065160261	0.9
gamma_mu	0.875	500	-0.414684698738795	Ploidy-linked growth and death	14	gamma_mu | Ploidy exponent of stress-associated death	Ploidy exponent of stress-associated death (gamma_mu)	11	5	Negative peak rho	2	3	0.428290065160261	-0.428290065160261	0.9
gamma_mu	0.9	500	-0.428290065160261	Ploidy-linked growth and death	14	gamma_mu | Ploidy exponent of stress-associated death	Ploidy exponent of stress-associated death (gamma_mu)	11	5	Negative peak rho	2	3	0.428290065160261	-0.428290065160261	0.9
gamma_mu	0.925	500	-0.423368029472118	Ploidy-linked growth and death	14	gamma_mu | Ploidy exponent of stress-associated death	Ploidy exponent of stress-associated death (gamma_mu)	11	5	Negative peak rho	2	3	0.428290065160261	-0.428290065160261	0.9
gamma_mu	0.95	500	-0.413600086400346	Ploidy-linked growth and death	14	gamma_mu | Ploidy exponent of stress-associated death	Ploidy exponent of stress-associated death (gamma_mu)	11	5	Negative peak rho	2	3	0.428290065160261	-0.428290065160261	0.9
gamma_mu	0.975	500	-0.415430429721719	Ploidy-linked growth and death	14	gamma_mu | Ploidy exponent of stress-associated death	Ploidy exponent of stress-associated death (gamma_mu)	11	5	Negative peak rho	2	3	0.428290065160261	-0.428290065160261	0.9
gamma_mu	1	500	-0.426405769623078	Ploidy-linked growth and death	14	gamma_mu | Ploidy exponent of stress-associated death	Ploidy exponent of stress-associated death (gamma_mu)	11	5	Negative peak rho	2	3	0.428290065160261	-0.428290065160261	0.9
gamma_mu	1.025	500	-0.42165154260617	Ploidy-linked growth and death	14	gamma_mu | Ploidy exponent of stress-associated death	Ploidy exponent of stress-associated death (gamma_mu)	11	5	Negative peak rho	2	3	0.428290065160261	-0.428290065160261	0.9
gamma_mu	1.05	500	-0.415172380689523	Ploidy-linked growth and death	14	gamma_mu | Ploidy exponent of stress-associated death	Ploidy exponent of stress-associated death (gamma_mu)	11	5	Negative peak rho	2	3	0.428290065160261	-0.428290065160261	0.9
gamma_mu	1.075	500	-0.41001188004752	Ploidy-linked growth and death	14	gamma_mu | Ploidy exponent of stress-associated death	Ploidy exponent of stress-associated death (gamma_mu)	11	5	Negative peak rho	2	3	0.428290065160261	-0.428290065160261	0.9
gamma_mu	1.1	500	-0.405550070200281	Ploidy-linked growth and death	14	gamma_mu | Ploidy exponent of stress-associated death	Ploidy exponent of stress-associated death (gamma_mu)	11	5	Negative peak rho	2	3	0.428290065160261	-0.428290065160261	0.9
gamma_mu	1.125	500	-0.403279757119029	Ploidy-linked growth and death	14	gamma_mu | Ploidy exponent of stress-associated death	Ploidy exponent of stress-associated death (gamma_mu)	11	5	Negative peak rho	2	3	0.428290065160261	-0.428290065160261	0.9
gamma_mu	1.15	500	-0.405035988143953	Ploidy-linked growth and death	14	gamma_mu | Ploidy exponent of stress-associated death	Ploidy exponent of stress-associated death (gamma_mu)	11	5	Negative peak rho	2	3	0.428290065160261	-0.428290065160261	0.9
gamma_mu	1.175	500	-0.402196776787107	Ploidy-linked growth and death	14	gamma_mu | Ploidy exponent of stress-associated death	Ploidy exponent of stress-associated death (gamma_mu)	11	5	Negative peak rho	2	3	0.428290065160261	-0.428290065160261	0.9
gamma_mu	1.2	500	-0.40625634502538	Ploidy-linked growth and death	14	gamma_mu | Ploidy exponent of stress-associated death	Ploidy exponent of stress-associated death (gamma_mu)	11	5	Negative peak rho	2	3	0.428290065160261	-0.428290065160261	0.9
gamma_mu	1.225	500	-0.40800144000576	Ploidy-linked growth and death	14	gamma_mu | Ploidy exponent of stress-associated death	Ploidy exponent of stress-associated death (gamma_mu)	11	5	Negative peak rho	2	3	0.428290065160261	-0.428290065160261	0.9
gamma_mu	1.25	500	-0.399260413041652	Ploidy-linked growth and death	14	gamma_mu | Ploidy exponent of stress-associated death	Ploidy exponent of stress-associated death (gamma_mu)	11	5	Negative peak rho	2	3	0.428290065160261	-0.428290065160261	0.9
gamma_mu	1.275	500	-0.393004644018576	Ploidy-linked growth and death	14	gamma_mu | Ploidy exponent of stress-associated death	Ploidy exponent of stress-associated death (gamma_mu)	11	5	Negative peak rho	2	3	0.428290065160261	-0.428290065160261	0.9
gamma_mu	1.3	500	-0.384934851739407	Ploidy-linked growth and death	14	gamma_mu | Ploidy exponent of stress-associated death	Ploidy exponent of stress-associated death (gamma_mu)	11	5	Negative peak rho	2	3	0.428290065160261	-0.428290065160261	0.9
gamma_mu	1.325	500	-0.391673406693627	Ploidy-linked growth and death	14	gamma_mu | Ploidy exponent of stress-associated death	Ploidy exponent of stress-associated death (gamma_mu)	11	5	Negative peak rho	2	3	0.428290065160261	-0.428290065160261	0.9
gamma_mu	1.35	500	-0.386418825675303	Ploidy-linked growth and death	14	gamma_mu | Ploidy exponent of stress-associated death	Ploidy exponent of stress-associated death (gamma_mu)	11	5	Negative peak rho	2	3	0.428290065160261	-0.428290065160261	0.9
gamma_mu	1.375	500	-0.380835635342541	Ploidy-linked growth and death	14	gamma_mu | Ploidy exponent of stress-associated death	Ploidy exponent of stress-associated death (gamma_mu)	11	5	Negative peak rho	2	3	0.428290065160261	-0.428290065160261	0.9
gamma_mu	1.4	500	-0.378712682850731	Ploidy-linked growth and death	14	gamma_mu | Ploidy exponent of stress-associated death	Ploidy exponent of stress-associated death (gamma_mu)	11	5	Negative peak rho	2	3	0.428290065160261	-0.428290065160261	0.9
gamma_mu	1.425	500	-0.371069132276529	Ploidy-linked growth and death	14	gamma_mu | Ploidy exponent of stress-associated death	Ploidy exponent of stress-associated death (gamma_mu)	11	5	Negative peak rho	2	3	0.428290065160261	-0.428290065160261	0.9
gamma_mu	1.45	500	-0.361146724586898	Ploidy-linked growth and death	14	gamma_mu | Ploidy exponent of stress-associated death	Ploidy exponent of stress-associated death (gamma_mu)	11	5	Negative peak rho	2	3	0.428290065160261	-0.428290065160261	0.9
gamma_mu	1.475	500	-0.357801015204061	Ploidy-linked growth and death	14	gamma_mu | Ploidy exponent of stress-associated death	Ploidy exponent of stress-associated death (gamma_mu)	11	5	Negative peak rho	2	3	0.428290065160261	-0.428290065160261	0.9
gamma_mu	1.5	500	-0.357625046500186	Ploidy-linked growth and death	14	gamma_mu | Ploidy exponent of stress-associated death	Ploidy exponent of stress-associated death (gamma_mu)	11	5	Negative peak rho	2	3	0.428290065160261	-0.428290065160261	0.9
gamma_mu	1.525	500	-0.352849123396494	Ploidy-linked growth and death	14	gamma_mu | Ploidy exponent of stress-associated death	Ploidy exponent of stress-associated death (gamma_mu)	11	5	Negative peak rho	2	3	0.428290065160261	-0.428290065160261	0.9
gamma_mu	1.55	500	-0.348531314125257	Ploidy-linked growth and death	14	gamma_mu | Ploidy exponent of stress-associated death	Ploidy exponent of stress-associated death (gamma_mu)	11	5	Negative peak rho	2	3	0.428290065160261	-0.428290065160261	0.9
gamma_mu	1.575	500	-0.34759886239545	Ploidy-linked growth and death	14	gamma_mu | Ploidy exponent of stress-associated death	Ploidy exponent of stress-associated death (gamma_mu)	11	5	Negative peak rho	2	3	0.428290065160261	-0.428290065160261	0.9
gamma_mu	1.6	500	-0.340142320569282	Ploidy-linked growth and death	14	gamma_mu | Ploidy exponent of stress-associated death	Ploidy exponent of stress-associated death (gamma_mu)	11	5	Negative peak rho	2	3	0.428290065160261	-0.428290065160261	0.9
gamma_mu	1.625	500	-0.337538502154009	Ploidy-linked growth and death	14	gamma_mu | Ploidy exponent of stress-associated death	Ploidy exponent of stress-associated death (gamma_mu)	11	5	Negative peak rho	2	3	0.428290065160261	-0.428290065160261	0.9
gamma_mu	1.65	500	-0.335002748010992	Ploidy-linked growth and death	14	gamma_mu | Ploidy exponent of stress-associated death	Ploidy exponent of stress-associated death (gamma_mu)	11	5	Negative peak rho	2	3	0.428290065160261	-0.428290065160261	0.9
gamma_mu	1.675	500	-0.337611654446618	Ploidy-linked growth and death	14	gamma_mu | Ploidy exponent of stress-associated death	Ploidy exponent of stress-associated death (gamma_mu)	11	5	Negative peak rho	2	3	0.428290065160261	-0.428290065160261	0.9
gamma_mu	1.7	500	-0.346901995607982	Ploidy-linked growth and death	14	gamma_mu | Ploidy exponent of stress-associated death	Ploidy exponent of stress-associated death (gamma_mu)	11	5	Negative peak rho	2	3	0.428290065160261	-0.428290065160261	0.9
gamma_mu	1.725	500	-0.342908379633519	Ploidy-linked growth and death	14	gamma_mu | Ploidy exponent of stress-associated death	Ploidy exponent of stress-associated death (gamma_mu)	11	5	Negative peak rho	2	3	0.428290065160261	-0.428290065160261	0.9
gamma_mu	1.75	500	-0.331519854079416	Ploidy-linked growth and death	14	gamma_mu | Ploidy exponent of stress-associated death	Ploidy exponent of stress-associated death (gamma_mu)	11	5	Negative peak rho	2	3	0.428290065160261	-0.428290065160261	0.9
gamma_mu	1.775	500	-0.331036972147889	Ploidy-linked growth and death	14	gamma_mu | Ploidy exponent of stress-associated death	Ploidy exponent of stress-associated death (gamma_mu)	11	5	Negative peak rho	2	3	0.428290065160261	-0.428290065160261	0.9
gamma_mu	1.8	500	-0.326764859059436	Ploidy-linked growth and death	14	gamma_mu | Ploidy exponent of stress-associated death	Ploidy exponent of stress-associated death (gamma_mu)	11	5	Negative peak rho	2	3	0.428290065160261	-0.428290065160261	0.9
gamma_mu	1.825	500	-0.326274777099108	Ploidy-linked growth and death	14	gamma_mu | Ploidy exponent of stress-associated death	Ploidy exponent of stress-associated death (gamma_mu)	11	5	Negative peak rho	2	3	0.428290065160261	-0.428290065160261	0.9
gamma_mu	1.85	500	-0.322676010704043	Ploidy-linked growth and death	14	gamma_mu | Ploidy exponent of stress-associated death	Ploidy exponent of stress-associated death (gamma_mu)	11	5	Negative peak rho	2	3	0.428290065160261	-0.428290065160261	0.9
gamma_mu	1.875	500	-0.317053076212305	Ploidy-linked growth and death	14	gamma_mu | Ploidy exponent of stress-associated death	Ploidy exponent of stress-associated death (gamma_mu)	11	5	Negative peak rho	2	3	0.428290065160261	-0.428290065160261	0.9
gamma_mu	1.9	500	-0.304727202908812	Ploidy-linked growth and death	14	gamma_mu | Ploidy exponent of stress-associated death	Ploidy exponent of stress-associated death (gamma_mu)	11	5	Negative peak rho	2	3	0.428290065160261	-0.428290065160261	0.9
gamma_mu	1.925	500	-0.303295549182197	Ploidy-linked growth and death	14	gamma_mu | Ploidy exponent of stress-associated death	Ploidy exponent of stress-associated death (gamma_mu)	11	5	Negative peak rho	2	3	0.428290065160261	-0.428290065160261	0.9
gamma_mu	1.95	500	-0.297678854715419	Ploidy-linked growth and death	14	gamma_mu | Ploidy exponent of stress-associated death	Ploidy exponent of stress-associated death (gamma_mu)	11	5	Negative peak rho	2	3	0.428290065160261	-0.428290065160261	0.9
gamma_mu	1.975	500	-0.294059352237409	Ploidy-linked growth and death	14	gamma_mu | Ploidy exponent of stress-associated death	Ploidy exponent of stress-associated death (gamma_mu)	11	5	Negative peak rho	2	3	0.428290065160261	-0.428290065160261	0.9
gamma_mu	2	500	-0.292429937719751	Ploidy-linked growth and death	14	gamma_mu | Ploidy exponent of stress-associated death	Ploidy exponent of stress-associated death (gamma_mu)	11	5	Negative peak rho	2	3	0.428290065160261	-0.428290065160261	0.9
gamma_mu	2.025	500	-0.28777353509414	Ploidy-linked growth and death	14	gamma_mu | Ploidy exponent of stress-associated death	Ploidy exponent of stress-associated death (gamma_mu)	11	5	Negative peak rho	2	3	0.428290065160261	-0.428290065160261	0.9
gamma_mu	2.05	500	-0.278756507026028	Ploidy-linked growth and death	14	gamma_mu | Ploidy exponent of stress-associated death	Ploidy exponent of stress-associated death (gamma_mu)	11	5	Negative peak rho	2	3	0.428290065160261	-0.428290065160261	0.9
gamma_mu	2.075	500	-0.274012168048672	Ploidy-linked growth and death	14	gamma_mu | Ploidy exponent of stress-associated death	Ploidy exponent of stress-associated death (gamma_mu)	11	5	Negative peak rho	2	3	0.428290065160261	-0.428290065160261	0.9
gamma_mu	2.1	500	-0.27427146508586	Ploidy-linked growth and death	14	gamma_mu | Ploidy exponent of stress-associated death	Ploidy exponent of stress-associated death (gamma_mu)	11	5	Negative peak rho	2	3	0.428290065160261	-0.428290065160261	0.9
gamma_mu	2.125	500	-0.276176112704451	Ploidy-linked growth and death	14	gamma_mu | Ploidy exponent of stress-associated death	Ploidy exponent of stress-associated death (gamma_mu)	11	5	Negative peak rho	2	3	0.428290065160261	-0.428290065160261	0.9
gamma_mu	2.15	500	-0.273937287749151	Ploidy-linked growth and death	14	gamma_mu | Ploidy exponent of stress-associated death	Ploidy exponent of stress-associated death (gamma_mu)	11	5	Negative peak rho	2	3	0.428290065160261	-0.428290065160261	0.9
gamma_mu	2.175	500	-0.271338749354997	Ploidy-linked growth and death	14	gamma_mu | Ploidy exponent of stress-associated death	Ploidy exponent of stress-associated death (gamma_mu)	11	5	Negative peak rho	2	3	0.428290065160261	-0.428290065160261	0.9
gamma_mu	2.2	500	-0.268396145584582	Ploidy-linked growth and death	14	gamma_mu | Ploidy exponent of stress-associated death	Ploidy exponent of stress-associated death (gamma_mu)	11	5	Negative peak rho	2	3	0.428290065160261	-0.428290065160261	0.9
gamma_mu	2.225	500	-0.2647758751035	Ploidy-linked growth and death	14	gamma_mu | Ploidy exponent of stress-associated death	Ploidy exponent of stress-associated death (gamma_mu)	11	5	Negative peak rho	2	3	0.428290065160261	-0.428290065160261	0.9
gamma_mu	2.25	500	-0.262838683354733	Ploidy-linked growth and death	14	gamma_mu | Ploidy exponent of stress-associated death	Ploidy exponent of stress-associated death (gamma_mu)	11	5	Negative peak rho	2	3	0.428290065160261	-0.428290065160261	0.9
gamma_mu	2.275	500	-0.260488497953992	Ploidy-linked growth and death	14	gamma_mu | Ploidy exponent of stress-associated death	Ploidy exponent of stress-associated death (gamma_mu)	11	5	Negative peak rho	2	3	0.428290065160261	-0.428290065160261	0.9
gamma_mu	2.3	500	-0.258005832023328	Ploidy-linked growth and death	14	gamma_mu | Ploidy exponent of stress-associated death	Ploidy exponent of stress-associated death (gamma_mu)	11	5	Negative peak rho	2	3	0.428290065160261	-0.428290065160261	0.9
gamma_mu	2.325	500	-0.256387265549062	Ploidy-linked growth and death	14	gamma_mu | Ploidy exponent of stress-associated death	Ploidy exponent of stress-associated death (gamma_mu)	11	5	Negative peak rho	2	3	0.428290065160261	-0.428290065160261	0.9
gamma_mu	2.35	500	-0.249507686030744	Ploidy-linked growth and death	14	gamma_mu | Ploidy exponent of stress-associated death	Ploidy exponent of stress-associated death (gamma_mu)	11	5	Negative peak rho	2	3	0.428290065160261	-0.428290065160261	0.9
gamma_mu	2.375	500	-0.247445405781623	Ploidy-linked growth and death	14	gamma_mu | Ploidy exponent of stress-associated death	Ploidy exponent of stress-associated death (gamma_mu)	11	5	Negative peak rho	2	3	0.428290065160261	-0.428290065160261	0.9
gamma_mu	2.4	500	-0.246704378817515	Ploidy-linked growth and death	14	gamma_mu | Ploidy exponent of stress-associated death	Ploidy exponent of stress-associated death (gamma_mu)	11	5	Negative peak rho	2	3	0.428290065160261	-0.428290065160261	0.9
gamma_mu	2.425	500	-0.245043284173137	Ploidy-linked growth and death	14	gamma_mu | Ploidy exponent of stress-associated death	Ploidy exponent of stress-associated death (gamma_mu)	11	5	Negative peak rho	2	3	0.428290065160261	-0.428290065160261	0.9
gamma_mu	2.45	500	-0.242789867159469	Ploidy-linked growth and death	14	gamma_mu | Ploidy exponent of stress-associated death	Ploidy exponent of stress-associated death (gamma_mu)	11	5	Negative peak rho	2	3	0.428290065160261	-0.428290065160261	0.9
gamma_mu	2.475	500	-0.235509006036024	Ploidy-linked growth and death	14	gamma_mu | Ploidy exponent of stress-associated death	Ploidy exponent of stress-associated death (gamma_mu)	11	5	Negative peak rho	2	3	0.428290065160261	-0.428290065160261	0.9
gamma_mu	2.5	500	-0.228502514010056	Ploidy-linked growth and death	14	gamma_mu | Ploidy exponent of stress-associated death	Ploidy exponent of stress-associated death (gamma_mu)	11	5	Negative peak rho	2	3	0.428290065160261	-0.428290065160261	0.9
gamma_mu	2.525	500	-0.224865059460238	Ploidy-linked growth and death	14	gamma_mu | Ploidy exponent of stress-associated death	Ploidy exponent of stress-associated death (gamma_mu)	11	5	Negative peak rho	2	3	0.428290065160261	-0.428290065160261	0.9
gamma_mu	2.55	500	-0.223627134508538	Ploidy-linked growth and death	14	gamma_mu | Ploidy exponent of stress-associated death	Ploidy exponent of stress-associated death (gamma_mu)	11	5	Negative peak rho	2	3	0.428290065160261	-0.428290065160261	0.9
gamma_mu	2.575	500	-0.221259573038292	Ploidy-linked growth and death	14	gamma_mu | Ploidy exponent of stress-associated death	Ploidy exponent of stress-associated death (gamma_mu)	11	5	Negative peak rho	2	3	0.428290065160261	-0.428290065160261	0.9
gamma_mu	2.6	500	-0.220443953775815	Ploidy-linked growth and death	14	gamma_mu | Ploidy exponent of stress-associated death	Ploidy exponent of stress-associated death (gamma_mu)	11	5	Negative peak rho	2	3	0.428290065160261	-0.428290065160261	0.9
gamma_mu	2.625	500	-0.219230892923572	Ploidy-linked growth and death	14	gamma_mu | Ploidy exponent of stress-associated death	Ploidy exponent of stress-associated death (gamma_mu)	11	5	Negative peak rho	2	3	0.428290065160261	-0.428290065160261	0.9
gamma_mu	2.65	500	-0.217678374713499	Ploidy-linked growth and death	14	gamma_mu | Ploidy exponent of stress-associated death	Ploidy exponent of stress-associated death (gamma_mu)	11	5	Negative peak rho	2	3	0.428290065160261	-0.428290065160261	0.9
gamma_mu	2.675	500	-0.212693458773835	Ploidy-linked growth and death	14	gamma_mu | Ploidy exponent of stress-associated death	Ploidy exponent of stress-associated death (gamma_mu)	11	5	Negative peak rho	2	3	0.428290065160261	-0.428290065160261	0.9
gamma_mu	2.7	500	-0.211137004548018	Ploidy-linked growth and death	14	gamma_mu | Ploidy exponent of stress-associated death	Ploidy exponent of stress-associated death (gamma_mu)	11	5	Negative peak rho	2	3	0.428290065160261	-0.428290065160261	0.9
gamma_mu	2.725	500	-0.209869511478046	Ploidy-linked growth and death	14	gamma_mu | Ploidy exponent of stress-associated death	Ploidy exponent of stress-associated death (gamma_mu)	11	5	Negative peak rho	2	3	0.428290065160261	-0.428290065160261	0.9
gamma_mu	2.75	500	-0.207360445441782	Ploidy-linked growth and death	14	gamma_mu | Ploidy exponent of stress-associated death	Ploidy exponent of stress-associated death (gamma_mu)	11	5	Negative peak rho	2	3	0.428290065160261	-0.428290065160261	0.9
gamma_mu	2.775	500	-0.206376633506534	Ploidy-linked growth and death	14	gamma_mu | Ploidy exponent of stress-associated death	Ploidy exponent of stress-associated death (gamma_mu)	11	5	Negative peak rho	2	3	0.428290065160261	-0.428290065160261	0.9
gamma_mu	2.8	500	-0.205111156444626	Ploidy-linked growth and death	14	gamma_mu | Ploidy exponent of stress-associated death	Ploidy exponent of stress-associated death (gamma_mu)	11	5	Negative peak rho	2	3	0.428290065160261	-0.428290065160261	0.9
gamma_mu	2.825	500	-0.20390500762003	Ploidy-linked growth and death	14	gamma_mu | Ploidy exponent of stress-associated death	Ploidy exponent of stress-associated death (gamma_mu)	11	5	Negative peak rho	2	3	0.428290065160261	-0.428290065160261	0.9
gamma_mu	2.85	500	-0.200443521774087	Ploidy-linked growth and death	14	gamma_mu | Ploidy exponent of stress-associated death	Ploidy exponent of stress-associated death (gamma_mu)	11	5	Negative peak rho	2	3	0.428290065160261	-0.428290065160261	0.9
gamma_mu	2.875	500	-0.198697178788715	Ploidy-linked growth and death	14	gamma_mu | Ploidy exponent of stress-associated death	Ploidy exponent of stress-associated death (gamma_mu)	11	5	Negative peak rho	2	3	0.428290065160261	-0.428290065160261	0.9
gamma_mu	2.9	500	-0.197310453241813	Ploidy-linked growth and death	14	gamma_mu | Ploidy exponent of stress-associated death	Ploidy exponent of stress-associated death (gamma_mu)	11	5	Negative peak rho	2	3	0.428290065160261	-0.428290065160261	0.9
gamma_mu	2.925	500	-0.195611438445754	Ploidy-linked growth and death	14	gamma_mu | Ploidy exponent of stress-associated death	Ploidy exponent of stress-associated death (gamma_mu)	11	5	Negative peak rho	2	3	0.428290065160261	-0.428290065160261	0.9
gamma_mu	2.95	500	-0.190949755799023	Ploidy-linked growth and death	14	gamma_mu | Ploidy exponent of stress-associated death	Ploidy exponent of stress-associated death (gamma_mu)	11	5	Negative peak rho	2	3	0.428290065160261	-0.428290065160261	0.9
gamma_mu	2.975	500	-0.189707030828123	Ploidy-linked growth and death	14	gamma_mu | Ploidy exponent of stress-associated death	Ploidy exponent of stress-associated death (gamma_mu)	11	5	Negative peak rho	2	3	0.428290065160261	-0.428290065160261	0.9
gamma_mu	3	500	-0.187671534686139	Ploidy-linked growth and death	14	gamma_mu | Ploidy exponent of stress-associated death	Ploidy exponent of stress-associated death (gamma_mu)	11	5	Negative peak rho	2	3	0.428290065160261	-0.428290065160261	0.9
gamma_mu	3.025	500	-0.183703550814203	Ploidy-linked growth and death	14	gamma_mu | Ploidy exponent of stress-associated death	Ploidy exponent of stress-associated death (gamma_mu)	11	5	Negative peak rho	2	3	0.428290065160261	-0.428290065160261	0.9
gamma_mu	3.05	500	-0.184800643202573	Ploidy-linked growth and death	14	gamma_mu | Ploidy exponent of stress-associated death	Ploidy exponent of stress-associated death (gamma_mu)	11	5	Negative peak rho	2	3	0.428290065160261	-0.428290065160261	0.9
gamma_mu	3.075	500	-0.183362173448694	Ploidy-linked growth and death	14	gamma_mu | Ploidy exponent of stress-associated death	Ploidy exponent of stress-associated death (gamma_mu)	11	5	Negative peak rho	2	3	0.428290065160261	-0.428290065160261	0.9
gamma_mu	3.1	500	-0.182341785367141	Ploidy-linked growth and death	14	gamma_mu | Ploidy exponent of stress-associated death	Ploidy exponent of stress-associated death (gamma_mu)	11	5	Negative peak rho	2	3	0.428290065160261	-0.428290065160261	0.9
gamma_mu	3.125	500	-0.18260060240241	Ploidy-linked growth and death	14	gamma_mu | Ploidy exponent of stress-associated death	Ploidy exponent of stress-associated death (gamma_mu)	11	5	Negative peak rho	2	3	0.428290065160261	-0.428290065160261	0.9
gamma_mu	3.15	500	-0.181606710426842	Ploidy-linked growth and death	14	gamma_mu | Ploidy exponent of stress-associated death	Ploidy exponent of stress-associated death (gamma_mu)	11	5	Negative peak rho	2	3	0.428290065160261	-0.428290065160261	0.9
gamma_mu	3.175	500	-0.180247248988996	Ploidy-linked growth and death	14	gamma_mu | Ploidy exponent of stress-associated death	Ploidy exponent of stress-associated death (gamma_mu)	11	5	Negative peak rho	2	3	0.428290065160261	-0.428290065160261	0.9
gamma_mu	3.2	500	-0.179276493105972	Ploidy-linked growth and death	14	gamma_mu | Ploidy exponent of stress-associated death	Ploidy exponent of stress-associated death (gamma_mu)	11	5	Negative peak rho	2	3	0.428290065160261	-0.428290065160261	0.9
gamma_mu	3.225	500	-0.178243720974884	Ploidy-linked growth and death	14	gamma_mu | Ploidy exponent of stress-associated death	Ploidy exponent of stress-associated death (gamma_mu)	11	5	Negative peak rho	2	3	0.428290065160261	-0.428290065160261	0.9
gamma_mu	3.25	500	-0.177108420433682	Ploidy-linked growth and death	14	gamma_mu | Ploidy exponent of stress-associated death	Ploidy exponent of stress-associated death (gamma_mu)	11	5	Negative peak rho	2	3	0.428290065160261	-0.428290065160261	0.9
gamma_mu	3.275	500	-0.175091740366961	Ploidy-linked growth and death	14	gamma_mu | Ploidy exponent of stress-associated death	Ploidy exponent of stress-associated death (gamma_mu)	11	5	Negative peak rho	2	3	0.428290065160261	-0.428290065160261	0.9
gamma_mu	3.3	500	-0.172913779655119	Ploidy-linked growth and death	14	gamma_mu | Ploidy exponent of stress-associated death	Ploidy exponent of stress-associated death (gamma_mu)	11	5	Negative peak rho	2	3	0.428290065160261	-0.428290065160261	0.9
gamma_mu	3.325	500	-0.168854883419534	Ploidy-linked growth and death	14	gamma_mu | Ploidy exponent of stress-associated death	Ploidy exponent of stress-associated death (gamma_mu)	11	5	Negative peak rho	2	3	0.428290065160261	-0.428290065160261	0.9
gamma_mu	3.35	500	-0.167707870831483	Ploidy-linked growth and death	14	gamma_mu | Ploidy exponent of stress-associated death	Ploidy exponent of stress-associated death (gamma_mu)	11	5	Negative peak rho	2	3	0.428290065160261	-0.428290065160261	0.9
gamma_mu	3.375	500	-0.167077148308593	Ploidy-linked growth and death	14	gamma_mu | Ploidy exponent of stress-associated death	Ploidy exponent of stress-associated death (gamma_mu)	11	5	Negative peak rho	2	3	0.428290065160261	-0.428290065160261	0.9
gamma_mu	3.4	500	-0.165244500978004	Ploidy-linked growth and death	14	gamma_mu | Ploidy exponent of stress-associated death	Ploidy exponent of stress-associated death (gamma_mu)	11	5	Negative peak rho	2	3	0.428290065160261	-0.428290065160261	0.9
gamma_mu	3.425	500	-0.163861135444542	Ploidy-linked growth and death	14	gamma_mu | Ploidy exponent of stress-associated death	Ploidy exponent of stress-associated death (gamma_mu)	11	5	Negative peak rho	2	3	0.428290065160261	-0.428290065160261	0.9
gamma_mu	3.45	500	-0.164406993627975	Ploidy-linked growth and death	14	gamma_mu | Ploidy exponent of stress-associated death	Ploidy exponent of stress-associated death (gamma_mu)	11	5	Negative peak rho	2	3	0.428290065160261	-0.428290065160261	0.9
gamma_mu	3.475	500	-0.163193452773811	Ploidy-linked growth and death	14	gamma_mu | Ploidy exponent of stress-associated death	Ploidy exponent of stress-associated death (gamma_mu)	11	5	Negative peak rho	2	3	0.428290065160261	-0.428290065160261	0.9
gamma_mu	3.5	500	-0.161729350917404	Ploidy-linked growth and death	14	gamma_mu | Ploidy exponent of stress-associated death	Ploidy exponent of stress-associated death (gamma_mu)	11	5	Negative peak rho	2	3	0.428290065160261	-0.428290065160261	0.9
gamma_mu	3.525	500	-0.155848559394238	Ploidy-linked growth and death	14	gamma_mu | Ploidy exponent of stress-associated death	Ploidy exponent of stress-associated death (gamma_mu)	11	5	Negative peak rho	2	3	0.428290065160261	-0.428290065160261	0.9
gamma_mu	3.55	500	-0.154690218760875	Ploidy-linked growth and death	14	gamma_mu | Ploidy exponent of stress-associated death	Ploidy exponent of stress-associated death (gamma_mu)	11	5	Negative peak rho	2	3	0.428290065160261	-0.428290065160261	0.9
gamma_mu	3.575	500	-0.153707558830235	Ploidy-linked growth and death	14	gamma_mu | Ploidy exponent of stress-associated death	Ploidy exponent of stress-associated death (gamma_mu)	11	5	Negative peak rho	2	3	0.428290065160261	-0.428290065160261	0.9
gamma_mu	3.6	500	-0.15238793755175	Ploidy-linked growth and death	14	gamma_mu | Ploidy exponent of stress-associated death	Ploidy exponent of stress-associated death (gamma_mu)	11	5	Negative peak rho	2	3	0.428290065160261	-0.428290065160261	0.9
gamma_mu	3.625	500	-0.151229500918004	Ploidy-linked growth and death	14	gamma_mu | Ploidy exponent of stress-associated death	Ploidy exponent of stress-associated death (gamma_mu)	11	5	Negative peak rho	2	3	0.428290065160261	-0.428290065160261	0.9
gamma_mu	3.65	500	-0.150263737054948	Ploidy-linked growth and death	14	gamma_mu | Ploidy exponent of stress-associated death	Ploidy exponent of stress-associated death (gamma_mu)	11	5	Negative peak rho	2	3	0.428290065160261	-0.428290065160261	0.9
gamma_mu	3.675	500	-0.149439861759447	Ploidy-linked growth and death	14	gamma_mu | Ploidy exponent of stress-associated death	Ploidy exponent of stress-associated death (gamma_mu)	11	5	Negative peak rho	2	3	0.428290065160261	-0.428290065160261	0.9
gamma_mu	3.7	500	-0.145808263233053	Ploidy-linked growth and death	14	gamma_mu | Ploidy exponent of stress-associated death	Ploidy exponent of stress-associated death (gamma_mu)	11	5	Negative peak rho	2	3	0.428290065160261	-0.428290065160261	0.9
gamma_mu	3.725	500	-0.138392233568934	Ploidy-linked growth and death	14	gamma_mu | Ploidy exponent of stress-associated death	Ploidy exponent of stress-associated death (gamma_mu)	11	5	Negative peak rho	2	3	0.428290065160261	-0.428290065160261	0.9
gamma_mu	3.75	500	-0.137589094356377	Ploidy-linked growth and death	14	gamma_mu | Ploidy exponent of stress-associated death	Ploidy exponent of stress-associated death (gamma_mu)	11	5	Negative peak rho	2	3	0.428290065160261	-0.428290065160261	0.9
gamma_mu	3.775	500	-0.136588290353161	Ploidy-linked growth and death	14	gamma_mu | Ploidy exponent of stress-associated death	Ploidy exponent of stress-associated death (gamma_mu)	11	5	Negative peak rho	2	3	0.428290065160261	-0.428290065160261	0.9
gamma_mu	3.8	500	-0.134851643406574	Ploidy-linked growth and death	14	gamma_mu | Ploidy exponent of stress-associated death	Ploidy exponent of stress-associated death (gamma_mu)	11	5	Negative peak rho	2	3	0.428290065160261	-0.428290065160261	0.9
gamma_mu	3.825	500	-0.13000708002832	Ploidy-linked growth and death	14	gamma_mu | Ploidy exponent of stress-associated death	Ploidy exponent of stress-associated death (gamma_mu)	11	5	Negative peak rho	2	3	0.428290065160261	-0.428290065160261	0.9
gamma_mu	3.85	500	-0.129710630842523	Ploidy-linked growth and death	14	gamma_mu | Ploidy exponent of stress-associated death	Ploidy exponent of stress-associated death (gamma_mu)	11	5	Negative peak rho	2	3	0.428290065160261	-0.428290065160261	0.9
gamma_mu	3.875	500	-0.127676478705915	Ploidy-linked growth and death	14	gamma_mu | Ploidy exponent of stress-associated death	Ploidy exponent of stress-associated death (gamma_mu)	11	5	Negative peak rho	2	3	0.428290065160261	-0.428290065160261	0.9
gamma_mu	3.9	500	-0.126928251713007	Ploidy-linked growth and death	14	gamma_mu | Ploidy exponent of stress-associated death	Ploidy exponent of stress-associated death (gamma_mu)	11	5	Negative peak rho	2	3	0.428290065160261	-0.428290065160261	0.9
gamma_mu	3.925	500	-0.125713366853467	Ploidy-linked growth and death	14	gamma_mu | Ploidy exponent of stress-associated death	Ploidy exponent of stress-associated death (gamma_mu)	11	5	Negative peak rho	2	3	0.428290065160261	-0.428290065160261	0.9
gamma_mu	3.95	500	-0.121158724634899	Ploidy-linked growth and death	14	gamma_mu | Ploidy exponent of stress-associated death	Ploidy exponent of stress-associated death (gamma_mu)	11	5	Negative peak rho	2	3	0.428290065160261	-0.428290065160261	0.9
gamma_mu	3.975	500	-0.120208416833667	Ploidy-linked growth and death	14	gamma_mu | Ploidy exponent of stress-associated death	Ploidy exponent of stress-associated death (gamma_mu)	11	5	Negative peak rho	2	3	0.428290065160261	-0.428290065160261	0.9
gamma_mu	4	500	-0.119477085908344	Ploidy-linked growth and death	14	gamma_mu | Ploidy exponent of stress-associated death	Ploidy exponent of stress-associated death (gamma_mu)	11	5	Negative peak rho	2	3	0.428290065160261	-0.428290065160261	0.9
gamma_mu	4.025	500	-0.118185400741603	Ploidy-linked growth and death	14	gamma_mu | Ploidy exponent of stress-associated death	Ploidy exponent of stress-associated death (gamma_mu)	11	5	Negative peak rho	2	3	0.428290065160261	-0.428290065160261	0.9
gamma_mu	4.05	500	-0.113337573350293	Ploidy-linked growth and death	14	gamma_mu | Ploidy exponent of stress-associated death	Ploidy exponent of stress-associated death (gamma_mu)	11	5	Negative peak rho	2	3	0.428290065160261	-0.428290065160261	0.9
gamma_mu	4.075	500	-0.111806367225469	Ploidy-linked growth and death	14	gamma_mu | Ploidy exponent of stress-associated death	Ploidy exponent of stress-associated death (gamma_mu)	11	5	Negative peak rho	2	3	0.428290065160261	-0.428290065160261	0.9
gamma_mu	4.1	500	-0.110888795555182	Ploidy-linked growth and death	14	gamma_mu | Ploidy exponent of stress-associated death	Ploidy exponent of stress-associated death (gamma_mu)	11	5	Negative peak rho	2	3	0.428290065160261	-0.428290065160261	0.9
gamma_mu	4.125	500	-0.110054936219745	Ploidy-linked growth and death	14	gamma_mu | Ploidy exponent of stress-associated death	Ploidy exponent of stress-associated death (gamma_mu)	11	5	Negative peak rho	2	3	0.428290065160261	-0.428290065160261	0.9
gamma_mu	4.15	500	-0.109194100776403	Ploidy-linked growth and death	14	gamma_mu | Ploidy exponent of stress-associated death	Ploidy exponent of stress-associated death (gamma_mu)	11	5	Negative peak rho	2	3	0.428290065160261	-0.428290065160261	0.9
gamma_mu	4.175	500	-0.108138096552386	Ploidy-linked growth and death	14	gamma_mu | Ploidy exponent of stress-associated death	Ploidy exponent of stress-associated death (gamma_mu)	11	5	Negative peak rho	2	3	0.428290065160261	-0.428290065160261	0.9
gamma_mu	4.2	500	-0.107741326965308	Ploidy-linked growth and death	14	gamma_mu | Ploidy exponent of stress-associated death	Ploidy exponent of stress-associated death (gamma_mu)	11	5	Negative peak rho	2	3	0.428290065160261	-0.428290065160261	0.9
gamma_mu	4.225	500	-0.107195756783027	Ploidy-linked growth and death	14	gamma_mu | Ploidy exponent of stress-associated death	Ploidy exponent of stress-associated death (gamma_mu)	11	5	Negative peak rho	2	3	0.428290065160261	-0.428290065160261	0.9
gamma_mu	4.25	500	-0.105926631706527	Ploidy-linked growth and death	14	gamma_mu | Ploidy exponent of stress-associated death	Ploidy exponent of stress-associated death (gamma_mu)	11	5	Negative peak rho	2	3	0.428290065160261	-0.428290065160261	0.9
gamma_mu	4.275	500	-0.104463681854727	Ploidy-linked growth and death	14	gamma_mu | Ploidy exponent of stress-associated death	Ploidy exponent of stress-associated death (gamma_mu)	11	5	Negative peak rho	2	3	0.428290065160261	-0.428290065160261	0.9
gamma_mu	4.3	500	-0.103154044616178	Ploidy-linked growth and death	14	gamma_mu | Ploidy exponent of stress-associated death	Ploidy exponent of stress-associated death (gamma_mu)	11	5	Negative peak rho	2	3	0.428290065160261	-0.428290065160261	0.9
gamma_mu	4.325	500	-0.101935319741279	Ploidy-linked growth and death	14	gamma_mu | Ploidy exponent of stress-associated death	Ploidy exponent of stress-associated death (gamma_mu)	11	5	Negative peak rho	2	3	0.428290065160261	-0.428290065160261	0.9
gamma_mu	4.35	500	-0.101252469009876	Ploidy-linked growth and death	14	gamma_mu | Ploidy exponent of stress-associated death	Ploidy exponent of stress-associated death (gamma_mu)	11	5	Negative peak rho	2	3	0.428290065160261	-0.428290065160261	0.9
gamma_mu	4.375	500	-0.100987891951568	Ploidy-linked growth and death	14	gamma_mu | Ploidy exponent of stress-associated death	Ploidy exponent of stress-associated death (gamma_mu)	11	5	Negative peak rho	2	3	0.428290065160261	-0.428290065160261	0.9
gamma_mu	4.4	500	-0.10061896247585	Ploidy-linked growth and death	14	gamma_mu | Ploidy exponent of stress-associated death	Ploidy exponent of stress-associated death (gamma_mu)	11	5	Negative peak rho	2	3	0.428290065160261	-0.428290065160261	0.9
gamma_mu	4.425	500	-0.10037761751047	Ploidy-linked growth and death	14	gamma_mu | Ploidy exponent of stress-associated death	Ploidy exponent of stress-associated death (gamma_mu)	11	5	Negative peak rho	2	3	0.428290065160261	-0.428290065160261	0.9
gamma_mu	4.45	500	-0.0998616154464618	Ploidy-linked growth and death	14	gamma_mu | Ploidy exponent of stress-associated death	Ploidy exponent of stress-associated death (gamma_mu)	11	5	Negative peak rho	2	3	0.428290065160261	-0.428290065160261	0.9
gamma_mu	4.475	500	-0.0996838227352909	Ploidy-linked growth and death	14	gamma_mu | Ploidy exponent of stress-associated death	Ploidy exponent of stress-associated death (gamma_mu)	11	5	Negative peak rho	2	3	0.428290065160261	-0.428290065160261	0.9
gamma_mu	4.5	500	-0.0992025728102912	Ploidy-linked growth and death	14	gamma_mu | Ploidy exponent of stress-associated death	Ploidy exponent of stress-associated death (gamma_mu)	11	5	Negative peak rho	2	3	0.428290065160261	-0.428290065160261	0.9
gamma_mu	4.525	500	-0.0988414193656775	Ploidy-linked growth and death	14	gamma_mu | Ploidy exponent of stress-associated death	Ploidy exponent of stress-associated death (gamma_mu)	11	5	Negative peak rho	2	3	0.428290065160261	-0.428290065160261	0.9
gamma_mu	4.55	500	-0.0932096528386113	Ploidy-linked growth and death	14	gamma_mu | Ploidy exponent of stress-associated death	Ploidy exponent of stress-associated death (gamma_mu)	11	5	Negative peak rho	2	3	0.428290065160261	-0.428290065160261	0.9
gamma_mu	4.575	500	-0.09287614750459	Ploidy-linked growth and death	14	gamma_mu | Ploidy exponent of stress-associated death	Ploidy exponent of stress-associated death (gamma_mu)	11	5	Negative peak rho	2	3	0.428290065160261	-0.428290065160261	0.9
gamma_mu	4.6	500	-0.0925796023184093	Ploidy-linked growth and death	14	gamma_mu | Ploidy exponent of stress-associated death	Ploidy exponent of stress-associated death (gamma_mu)	11	5	Negative peak rho	2	3	0.428290065160261	-0.428290065160261	0.9
gamma_mu	4.625	500	-0.0924025776103104	Ploidy-linked growth and death	14	gamma_mu | Ploidy exponent of stress-associated death	Ploidy exponent of stress-associated death (gamma_mu)	11	5	Negative peak rho	2	3	0.428290065160261	-0.428290065160261	0.9
gamma_mu	4.65	500	-0.0918533594134377	Ploidy-linked growth and death	14	gamma_mu | Ploidy exponent of stress-associated death	Ploidy exponent of stress-associated death (gamma_mu)	11	5	Negative peak rho	2	3	0.428290065160261	-0.428290065160261	0.9
gamma_mu	4.675	500	-0.0917800151200605	Ploidy-linked growth and death	14	gamma_mu | Ploidy exponent of stress-associated death	Ploidy exponent of stress-associated death (gamma_mu)	11	5	Negative peak rho	2	3	0.428290065160261	-0.428290065160261	0.9
gamma_mu	4.7	500	-0.091186636746547	Ploidy-linked growth and death	14	gamma_mu | Ploidy exponent of stress-associated death	Ploidy exponent of stress-associated death (gamma_mu)	11	5	Negative peak rho	2	3	0.428290065160261	-0.428290065160261	0.9
gamma_mu	4.725	500	-0.0906066024264097	Ploidy-linked growth and death	14	gamma_mu | Ploidy exponent of stress-associated death	Ploidy exponent of stress-associated death (gamma_mu)	11	5	Negative peak rho	2	3	0.428290065160261	-0.428290065160261	0.9
gamma_mu	4.75	500	-0.0901183444733779	Ploidy-linked growth and death	14	gamma_mu | Ploidy exponent of stress-associated death	Ploidy exponent of stress-associated death (gamma_mu)	11	5	Negative peak rho	2	3	0.428290065160261	-0.428290065160261	0.9
gamma_mu	4.775	500	-0.0896404545618182	Ploidy-linked growth and death	14	gamma_mu | Ploidy exponent of stress-associated death	Ploidy exponent of stress-associated death (gamma_mu)	11	5	Negative peak rho	2	3	0.428290065160261	-0.428290065160261	0.9
gamma_mu	4.8	500	-0.0890345961383846	Ploidy-linked growth and death	14	gamma_mu | Ploidy exponent of stress-associated death	Ploidy exponent of stress-associated death (gamma_mu)	11	5	Negative peak rho	2	3	0.428290065160261	-0.428290065160261	0.9
gamma_mu	4.825	500	-0.0884177936711747	Ploidy-linked growth and death	14	gamma_mu | Ploidy exponent of stress-associated death	Ploidy exponent of stress-associated death (gamma_mu)	11	5	Negative peak rho	2	3	0.428290065160261	-0.428290065160261	0.9
gamma_mu	4.85	500	-0.0883603854415418	Ploidy-linked growth and death	14	gamma_mu | Ploidy exponent of stress-associated death	Ploidy exponent of stress-associated death (gamma_mu)	11	5	Negative peak rho	2	3	0.428290065160261	-0.428290065160261	0.9
gamma_mu	4.875	500	-0.0885160980643923	Ploidy-linked growth and death	14	gamma_mu | Ploidy exponent of stress-associated death	Ploidy exponent of stress-associated death (gamma_mu)	11	5	Negative peak rho	2	3	0.428290065160261	-0.428290065160261	0.9
gamma_mu	4.9	500	-0.0856166944667779	Ploidy-linked growth and death	14	gamma_mu | Ploidy exponent of stress-associated death	Ploidy exponent of stress-associated death (gamma_mu)	11	5	Negative peak rho	2	3	0.428290065160261	-0.428290065160261	0.9
gamma_mu	4.925	500	-0.0852133008532034	Ploidy-linked growth and death	14	gamma_mu | Ploidy exponent of stress-associated death	Ploidy exponent of stress-associated death (gamma_mu)	11	5	Negative peak rho	2	3	0.428290065160261	-0.428290065160261	0.9
gamma_mu	4.95	500	-0.084685202740811	Ploidy-linked growth and death	14	gamma_mu | Ploidy exponent of stress-associated death	Ploidy exponent of stress-associated death (gamma_mu)	11	5	Negative peak rho	2	3	0.428290065160261	-0.428290065160261	0.9
gamma_mu	4.975	500	-0.0841720806883228	Ploidy-linked growth and death	14	gamma_mu | Ploidy exponent of stress-associated death	Ploidy exponent of stress-associated death (gamma_mu)	11	5	Negative peak rho	2	3	0.428290065160261	-0.428290065160261	0.9
gamma_mu	5	500	-0.0845113460453842	Ploidy-linked growth and death	14	gamma_mu | Ploidy exponent of stress-associated death	Ploidy exponent of stress-associated death (gamma_mu)	11	5	Negative peak rho	2	3	0.428290065160261	-0.428290065160261	0.9
p_misseg	0	500	0.00832276319610044	Stress-linked missegregation	4	p_misseg | Maximum stress-linked missegregation increment	Maximum stress-linked per-chromosome missegregation increment (p_misseg)	12	6	Negative peak rho	2	4	0.399841913441746	-0.399841913441746	2.125
p_misseg	0.025	500	0.0029649438848966	Stress-linked missegregation	4	p_misseg | Maximum stress-linked missegregation increment	Maximum stress-linked per-chromosome missegregation increment (p_misseg)	12	6	Negative peak rho	2	4	0.399841913441746	-0.399841913441746	2.125
p_misseg	0.05	500	0.0121391131548026	Stress-linked missegregation	4	p_misseg | Maximum stress-linked missegregation increment	Maximum stress-linked per-chromosome missegregation increment (p_misseg)	12	6	Negative peak rho	2	4	0.399841913441746	-0.399841913441746	2.125
p_misseg	0.075	500	0.0146774419191585	Stress-linked missegregation	4	p_misseg | Maximum stress-linked missegregation increment	Maximum stress-linked per-chromosome missegregation increment (p_misseg)	12	6	Negative peak rho	2	4	0.399841913441746	-0.399841913441746	2.125
p_misseg	0.1	500	0.0281070094084243	Stress-linked missegregation	4	p_misseg | Maximum stress-linked missegregation increment	Maximum stress-linked per-chromosome missegregation increment (p_misseg)	12	6	Negative peak rho	2	4	0.399841913441746	-0.399841913441746	2.125
p_misseg	0.125	500	0.0487868257443904	Stress-linked missegregation	4	p_misseg | Maximum stress-linked missegregation increment	Maximum stress-linked per-chromosome missegregation increment (p_misseg)	12	6	Negative peak rho	2	4	0.399841913441746	-0.399841913441746	2.125
p_misseg	0.15	500	0.0588124010881019	Stress-linked missegregation	4	p_misseg | Maximum stress-linked missegregation increment	Maximum stress-linked per-chromosome missegregation increment (p_misseg)	12	6	Negative peak rho	2	4	0.399841913441746	-0.399841913441746	2.125
p_misseg	0.175	500	0.0778372176608451	Stress-linked missegregation	4	p_misseg | Maximum stress-linked missegregation increment	Maximum stress-linked per-chromosome missegregation increment (p_misseg)	12	6	Negative peak rho	2	4	0.399841913441746	-0.399841913441746	2.125
p_misseg	0.2	500	0.103640159786655	Stress-linked missegregation	4	p_misseg | Maximum stress-linked missegregation increment	Maximum stress-linked per-chromosome missegregation increment (p_misseg)	12	6	Negative peak rho	2	4	0.399841913441746	-0.399841913441746	2.125
p_misseg	0.225	500	0.111113581098236	Stress-linked missegregation	4	p_misseg | Maximum stress-linked missegregation increment	Maximum stress-linked per-chromosome missegregation increment (p_misseg)	12	6	Negative peak rho	2	4	0.399841913441746	-0.399841913441746	2.125
p_misseg	0.25	500	0.104687135794194	Stress-linked missegregation	4	p_misseg | Maximum stress-linked missegregation increment	Maximum stress-linked per-chromosome missegregation increment (p_misseg)	12	6	Negative peak rho	2	4	0.399841913441746	-0.399841913441746	2.125
p_misseg	0.275	500	0.110761228787583	Stress-linked missegregation	4	p_misseg | Maximum stress-linked missegregation increment	Maximum stress-linked per-chromosome missegregation increment (p_misseg)	12	6	Negative peak rho	2	4	0.399841913441746	-0.399841913441746	2.125
p_misseg	0.3	500	0.0974901718337092	Stress-linked missegregation	4	p_misseg | Maximum stress-linked missegregation increment	Maximum stress-linked per-chromosome missegregation increment (p_misseg)	12	6	Negative peak rho	2	4	0.399841913441746	-0.399841913441746	2.125
p_misseg	0.325	500	0.0836108030977385	Stress-linked missegregation	4	p_misseg | Maximum stress-linked missegregation increment	Maximum stress-linked per-chromosome missegregation increment (p_misseg)	12	6	Negative peak rho	2	4	0.399841913441746	-0.399841913441746	2.125
p_misseg	0.35	500	0.0773749352696212	Stress-linked missegregation	4	p_misseg | Maximum stress-linked missegregation increment	Maximum stress-linked per-chromosome missegregation increment (p_misseg)	12	6	Negative peak rho	2	4	0.399841913441746	-0.399841913441746	2.125
p_misseg	0.375	500	0.0906535769190108	Stress-linked missegregation	4	p_misseg | Maximum stress-linked missegregation increment	Maximum stress-linked per-chromosome missegregation increment (p_misseg)	12	6	Negative peak rho	2	4	0.399841913441746	-0.399841913441746	2.125
p_misseg	0.4	500	0.0807417240036284	Stress-linked missegregation	4	p_misseg | Maximum stress-linked missegregation increment	Maximum stress-linked per-chromosome missegregation increment (p_misseg)	12	6	Negative peak rho	2	4	0.399841913441746	-0.399841913441746	2.125
p_misseg	0.425	500	0.0830228931864903	Stress-linked missegregation	4	p_misseg | Maximum stress-linked missegregation increment	Maximum stress-linked per-chromosome missegregation increment (p_misseg)	12	6	Negative peak rho	2	4	0.399841913441746	-0.399841913441746	2.125
p_misseg	0.45	500	0.0995165336507751	Stress-linked missegregation	4	p_misseg | Maximum stress-linked missegregation increment	Maximum stress-linked per-chromosome missegregation increment (p_misseg)	12	6	Negative peak rho	2	4	0.399841913441746	-0.399841913441746	2.125
p_misseg	0.475	500	0.091701609023393	Stress-linked missegregation	4	p_misseg | Maximum stress-linked missegregation increment	Maximum stress-linked per-chromosome missegregation increment (p_misseg)	12	6	Negative peak rho	2	4	0.399841913441746	-0.399841913441746	2.125
p_misseg	0.5	500	0.0635465472085704	Stress-linked missegregation	4	p_misseg | Maximum stress-linked missegregation increment	Maximum stress-linked per-chromosome missegregation increment (p_misseg)	12	6	Negative peak rho	2	4	0.399841913441746	-0.399841913441746	2.125
p_misseg	0.525	500	0.0708218063487106	Stress-linked missegregation	4	p_misseg | Maximum stress-linked missegregation increment	Maximum stress-linked per-chromosome missegregation increment (p_misseg)	12	6	Negative peak rho	2	4	0.399841913441746	-0.399841913441746	2.125
p_misseg	0.55	500	0.0709922219757973	Stress-linked missegregation	4	p_misseg | Maximum stress-linked missegregation increment	Maximum stress-linked per-chromosome missegregation increment (p_misseg)	12	6	Negative peak rho	2	4	0.399841913441746	-0.399841913441746	2.125
p_misseg	0.575	500	0.078632890623933	Stress-linked missegregation	4	p_misseg | Maximum stress-linked missegregation increment	Maximum stress-linked per-chromosome missegregation increment (p_misseg)	12	6	Negative peak rho	2	4	0.399841913441746	-0.399841913441746	2.125
p_misseg	0.6	500	0.0662892307122244	Stress-linked missegregation	4	p_misseg | Maximum stress-linked missegregation increment	Maximum stress-linked per-chromosome missegregation increment (p_misseg)	12	6	Negative peak rho	2	4	0.399841913441746	-0.399841913441746	2.125
p_misseg	0.625	500	0.0546062073807882	Stress-linked missegregation	4	p_misseg | Maximum stress-linked missegregation increment	Maximum stress-linked per-chromosome missegregation increment (p_misseg)	12	6	Negative peak rho	2	4	0.399841913441746	-0.399841913441746	2.125
p_misseg	0.65	500	0.0318477044295804	Stress-linked missegregation	4	p_misseg | Maximum stress-linked missegregation increment	Maximum stress-linked per-chromosome missegregation increment (p_misseg)	12	6	Negative peak rho	2	4	0.399841913441746	-0.399841913441746	2.125
p_misseg	0.675	500	0.00720685286729553	Stress-linked missegregation	4	p_misseg | Maximum stress-linked missegregation increment	Maximum stress-linked per-chromosome missegregation increment (p_misseg)	12	6	Negative peak rho	2	4	0.399841913441746	-0.399841913441746	2.125
p_misseg	0.7	500	0.000431127534328352	Stress-linked missegregation	4	p_misseg | Maximum stress-linked missegregation increment	Maximum stress-linked per-chromosome missegregation increment (p_misseg)	12	6	Negative peak rho	2	4	0.399841913441746	-0.399841913441746	2.125
p_misseg	0.725	500	-0.0138611270632122	Stress-linked missegregation	4	p_misseg | Maximum stress-linked missegregation increment	Maximum stress-linked per-chromosome missegregation increment (p_misseg)	12	6	Negative peak rho	2	4	0.399841913441746	-0.399841913441746	2.125
p_misseg	0.75	500	-0.0321661176280215	Stress-linked missegregation	4	p_misseg | Maximum stress-linked missegregation increment	Maximum stress-linked per-chromosome missegregation increment (p_misseg)	12	6	Negative peak rho	2	4	0.399841913441746	-0.399841913441746	2.125
p_misseg	0.775	500	-0.0480576868824693	Stress-linked missegregation	4	p_misseg | Maximum stress-linked missegregation increment	Maximum stress-linked per-chromosome missegregation increment (p_misseg)	12	6	Negative peak rho	2	4	0.399841913441746	-0.399841913441746	2.125
p_misseg	0.8	500	-0.0547586693615283	Stress-linked missegregation	4	p_misseg | Maximum stress-linked missegregation increment	Maximum stress-linked per-chromosome missegregation increment (p_misseg)	12	6	Negative peak rho	2	4	0.399841913441746	-0.399841913441746	2.125
p_misseg	0.825	500	-0.066421482839724	Stress-linked missegregation	4	p_misseg | Maximum stress-linked missegregation increment	Maximum stress-linked per-chromosome missegregation increment (p_misseg)	12	6	Negative peak rho	2	4	0.399841913441746	-0.399841913441746	2.125
p_misseg	0.85	500	-0.0682170874963939	Stress-linked missegregation	4	p_misseg | Maximum stress-linked missegregation increment	Maximum stress-linked per-chromosome missegregation increment (p_misseg)	12	6	Negative peak rho	2	4	0.399841913441746	-0.399841913441746	2.125
p_misseg	0.875	500	-0.082374209702315	Stress-linked missegregation	4	p_misseg | Maximum stress-linked missegregation increment	Maximum stress-linked per-chromosome missegregation increment (p_misseg)	12	6	Negative peak rho	2	4	0.399841913441746	-0.399841913441746	2.125
p_misseg	0.9	500	-0.106563003811001	Stress-linked missegregation	4	p_misseg | Maximum stress-linked missegregation increment	Maximum stress-linked per-chromosome missegregation increment (p_misseg)	12	6	Negative peak rho	2	4	0.399841913441746	-0.399841913441746	2.125
p_misseg	0.925	500	-0.104648924290204	Stress-linked missegregation	4	p_misseg | Maximum stress-linked missegregation increment	Maximum stress-linked per-chromosome missegregation increment (p_misseg)	12	6	Negative peak rho	2	4	0.399841913441746	-0.399841913441746	2.125
p_misseg	0.95	500	-0.117144134099015	Stress-linked missegregation	4	p_misseg | Maximum stress-linked missegregation increment	Maximum stress-linked per-chromosome missegregation increment (p_misseg)	12	6	Negative peak rho	2	4	0.399841913441746	-0.399841913441746	2.125
p_misseg	0.975	500	-0.122976524928354	Stress-linked missegregation	4	p_misseg | Maximum stress-linked missegregation increment	Maximum stress-linked per-chromosome missegregation increment (p_misseg)	12	6	Negative peak rho	2	4	0.399841913441746	-0.399841913441746	2.125
p_misseg	1	500	-0.139673704057103	Stress-linked missegregation	4	p_misseg | Maximum stress-linked missegregation increment	Maximum stress-linked per-chromosome missegregation increment (p_misseg)	12	6	Negative peak rho	2	4	0.399841913441746	-0.399841913441746	2.125
p_misseg	1.025	500	-0.152596921114112	Stress-linked missegregation	4	p_misseg | Maximum stress-linked missegregation increment	Maximum stress-linked per-chromosome missegregation increment (p_misseg)	12	6	Negative peak rho	2	4	0.399841913441746	-0.399841913441746	2.125
p_misseg	1.05	500	-0.154294788808318	Stress-linked missegregation	4	p_misseg | Maximum stress-linked missegregation increment	Maximum stress-linked per-chromosome missegregation increment (p_misseg)	12	6	Negative peak rho	2	4	0.399841913441746	-0.399841913441746	2.125
p_misseg	1.075	500	-0.173235981712784	Stress-linked missegregation	4	p_misseg | Maximum stress-linked missegregation increment	Maximum stress-linked per-chromosome missegregation increment (p_misseg)	12	6	Negative peak rho	2	4	0.399841913441746	-0.399841913441746	2.125
p_misseg	1.1	500	-0.19198962141865	Stress-linked missegregation	4	p_misseg | Maximum stress-linked missegregation increment	Maximum stress-linked per-chromosome missegregation increment (p_misseg)	12	6	Negative peak rho	2	4	0.399841913441746	-0.399841913441746	2.125
p_misseg	1.125	500	-0.20508070986944	Stress-linked missegregation	4	p_misseg | Maximum stress-linked missegregation increment	Maximum stress-linked per-chromosome missegregation increment (p_misseg)	12	6	Negative peak rho	2	4	0.399841913441746	-0.399841913441746	2.125
p_misseg	1.15	500	-0.212112826713469	Stress-linked missegregation	4	p_misseg | Maximum stress-linked missegregation increment	Maximum stress-linked per-chromosome missegregation increment (p_misseg)	12	6	Negative peak rho	2	4	0.399841913441746	-0.399841913441746	2.125
p_misseg	1.175	500	-0.225853174701259	Stress-linked missegregation	4	p_misseg | Maximum stress-linked missegregation increment	Maximum stress-linked per-chromosome missegregation increment (p_misseg)	12	6	Negative peak rho	2	4	0.399841913441746	-0.399841913441746	2.125
p_misseg	1.2	500	-0.24454392864051	Stress-linked missegregation	4	p_misseg | Maximum stress-linked missegregation increment	Maximum stress-linked per-chromosome missegregation increment (p_misseg)	12	6	Negative peak rho	2	4	0.399841913441746	-0.399841913441746	2.125
p_misseg	1.225	500	-0.252301151976693	Stress-linked missegregation	4	p_misseg | Maximum stress-linked missegregation increment	Maximum stress-linked per-chromosome missegregation increment (p_misseg)	12	6	Negative peak rho	2	4	0.399841913441746	-0.399841913441746	2.125
p_misseg	1.25	500	-0.26289317926396	Stress-linked missegregation	4	p_misseg | Maximum stress-linked missegregation increment	Maximum stress-linked per-chromosome missegregation increment (p_misseg)	12	6	Negative peak rho	2	4	0.399841913441746	-0.399841913441746	2.125
p_misseg	1.275	500	-0.278620429450375	Stress-linked missegregation	4	p_misseg | Maximum stress-linked missegregation increment	Maximum stress-linked per-chromosome missegregation increment (p_misseg)	12	6	Negative peak rho	2	4	0.399841913441746	-0.399841913441746	2.125
p_misseg	1.3	500	-0.292329670585671	Stress-linked missegregation	4	p_misseg | Maximum stress-linked missegregation increment	Maximum stress-linked per-chromosome missegregation increment (p_misseg)	12	6	Negative peak rho	2	4	0.399841913441746	-0.399841913441746	2.125
p_misseg	1.325	500	-0.303196379061161	Stress-linked missegregation	4	p_misseg | Maximum stress-linked missegregation increment	Maximum stress-linked per-chromosome missegregation increment (p_misseg)	12	6	Negative peak rho	2	4	0.399841913441746	-0.399841913441746	2.125
p_misseg	1.35	500	-0.312784394280676	Stress-linked missegregation	4	p_misseg | Maximum stress-linked missegregation increment	Maximum stress-linked per-chromosome missegregation increment (p_misseg)	12	6	Negative peak rho	2	4	0.399841913441746	-0.399841913441746	2.125
p_misseg	1.375	500	-0.316067127306788	Stress-linked missegregation	4	p_misseg | Maximum stress-linked missegregation increment	Maximum stress-linked per-chromosome missegregation increment (p_misseg)	12	6	Negative peak rho	2	4	0.399841913441746	-0.399841913441746	2.125
p_misseg	1.4	500	-0.319582921704592	Stress-linked missegregation	4	p_misseg | Maximum stress-linked missegregation increment	Maximum stress-linked per-chromosome missegregation increment (p_misseg)	12	6	Negative peak rho	2	4	0.399841913441746	-0.399841913441746	2.125
p_misseg	1.425	500	-0.317464199418085	Stress-linked missegregation	4	p_misseg | Maximum stress-linked missegregation increment	Maximum stress-linked per-chromosome missegregation increment (p_misseg)	12	6	Negative peak rho	2	4	0.399841913441746	-0.399841913441746	2.125
p_misseg	1.45	500	-0.326451295533412	Stress-linked missegregation	4	p_misseg | Maximum stress-linked missegregation increment	Maximum stress-linked per-chromosome missegregation increment (p_misseg)	12	6	Negative peak rho	2	4	0.399841913441746	-0.399841913441746	2.125
p_misseg	1.475	500	-0.327891955641721	Stress-linked missegregation	4	p_misseg | Maximum stress-linked missegregation increment	Maximum stress-linked per-chromosome missegregation increment (p_misseg)	12	6	Negative peak rho	2	4	0.399841913441746	-0.399841913441746	2.125
p_misseg	1.5	500	-0.333605391562913	Stress-linked missegregation	4	p_misseg | Maximum stress-linked missegregation increment	Maximum stress-linked per-chromosome missegregation increment (p_misseg)	12	6	Negative peak rho	2	4	0.399841913441746	-0.399841913441746	2.125
p_misseg	1.525	500	-0.333015753493193	Stress-linked missegregation	4	p_misseg | Maximum stress-linked missegregation increment	Maximum stress-linked per-chromosome missegregation increment (p_misseg)	12	6	Negative peak rho	2	4	0.399841913441746	-0.399841913441746	2.125
p_misseg	1.55	500	-0.341193111355647	Stress-linked missegregation	4	p_misseg | Maximum stress-linked missegregation increment	Maximum stress-linked per-chromosome missegregation increment (p_misseg)	12	6	Negative peak rho	2	4	0.399841913441746	-0.399841913441746	2.125
p_misseg	1.575	500	-0.359874504436509	Stress-linked missegregation	4	p_misseg | Maximum stress-linked missegregation increment	Maximum stress-linked per-chromosome missegregation increment (p_misseg)	12	6	Negative peak rho	2	4	0.399841913441746	-0.399841913441746	2.125
p_misseg	1.6	500	-0.366768176585181	Stress-linked missegregation	4	p_misseg | Maximum stress-linked missegregation increment	Maximum stress-linked per-chromosome missegregation increment (p_misseg)	12	6	Negative peak rho	2	4	0.399841913441746	-0.399841913441746	2.125
p_misseg	1.625	500	-0.367920234228689	Stress-linked missegregation	4	p_misseg | Maximum stress-linked missegregation increment	Maximum stress-linked per-chromosome missegregation increment (p_misseg)	12	6	Negative peak rho	2	4	0.399841913441746	-0.399841913441746	2.125
p_misseg	1.65	500	-0.369096870126019	Stress-linked missegregation	4	p_misseg | Maximum stress-linked missegregation increment	Maximum stress-linked per-chromosome missegregation increment (p_misseg)	12	6	Negative peak rho	2	4	0.399841913441746	-0.399841913441746	2.125
p_misseg	1.675	500	-0.37364639131641	Stress-linked missegregation	4	p_misseg | Maximum stress-linked missegregation increment	Maximum stress-linked per-chromosome missegregation increment (p_misseg)	12	6	Negative peak rho	2	4	0.399841913441746	-0.399841913441746	2.125
p_misseg	1.7	500	-0.373350108147289	Stress-linked missegregation	4	p_misseg | Maximum stress-linked missegregation increment	Maximum stress-linked per-chromosome missegregation increment (p_misseg)	12	6	Negative peak rho	2	4	0.399841913441746	-0.399841913441746	2.125
p_misseg	1.725	500	-0.373241618198778	Stress-linked missegregation	4	p_misseg | Maximum stress-linked missegregation increment	Maximum stress-linked per-chromosome missegregation increment (p_misseg)	12	6	Negative peak rho	2	4	0.399841913441746	-0.399841913441746	2.125
p_misseg	1.75	500	-0.388699371672385	Stress-linked missegregation	4	p_misseg | Maximum stress-linked missegregation increment	Maximum stress-linked per-chromosome missegregation increment (p_misseg)	12	6	Negative peak rho	2	4	0.399841913441746	-0.399841913441746	2.125
p_misseg	1.775	500	-0.385369354310307	Stress-linked missegregation	4	p_misseg | Maximum stress-linked missegregation increment	Maximum stress-linked per-chromosome missegregation increment (p_misseg)	12	6	Negative peak rho	2	4	0.399841913441746	-0.399841913441746	2.125
p_misseg	1.8	500	-0.383732308193431	Stress-linked missegregation	4	p_misseg | Maximum stress-linked missegregation increment	Maximum stress-linked per-chromosome missegregation increment (p_misseg)	12	6	Negative peak rho	2	4	0.399841913441746	-0.399841913441746	2.125
p_misseg	1.825	500	-0.387029730566554	Stress-linked missegregation	4	p_misseg | Maximum stress-linked missegregation increment	Maximum stress-linked per-chromosome missegregation increment (p_misseg)	12	6	Negative peak rho	2	4	0.399841913441746	-0.399841913441746	2.125
p_misseg	1.85	500	-0.388245922091129	Stress-linked missegregation	4	p_misseg | Maximum stress-linked missegregation increment	Maximum stress-linked per-chromosome missegregation increment (p_misseg)	12	6	Negative peak rho	2	4	0.399841913441746	-0.399841913441746	2.125
p_misseg	1.875	500	-0.379992669269119	Stress-linked missegregation	4	p_misseg | Maximum stress-linked missegregation increment	Maximum stress-linked per-chromosome missegregation increment (p_misseg)	12	6	Negative peak rho	2	4	0.399841913441746	-0.399841913441746	2.125
p_misseg	1.9	500	-0.39136102374547	Stress-linked missegregation	4	p_misseg | Maximum stress-linked missegregation increment	Maximum stress-linked per-chromosome missegregation increment (p_misseg)	12	6	Negative peak rho	2	4	0.399841913441746	-0.399841913441746	2.125
p_misseg	1.925	500	-0.390697362887871	Stress-linked missegregation	4	p_misseg | Maximum stress-linked missegregation increment	Maximum stress-linked per-chromosome missegregation increment (p_misseg)	12	6	Negative peak rho	2	4	0.399841913441746	-0.399841913441746	2.125
p_misseg	1.95	500	-0.389769677819294	Stress-linked missegregation	4	p_misseg | Maximum stress-linked missegregation increment	Maximum stress-linked per-chromosome missegregation increment (p_misseg)	12	6	Negative peak rho	2	4	0.399841913441746	-0.399841913441746	2.125
p_misseg	1.975	500	-0.38825773117402	Stress-linked missegregation	4	p_misseg | Maximum stress-linked missegregation increment	Maximum stress-linked per-chromosome missegregation increment (p_misseg)	12	6	Negative peak rho	2	4	0.399841913441746	-0.399841913441746	2.125
p_misseg	2	500	-0.387960535921261	Stress-linked missegregation	4	p_misseg | Maximum stress-linked missegregation increment	Maximum stress-linked per-chromosome missegregation increment (p_misseg)	12	6	Negative peak rho	2	4	0.399841913441746	-0.399841913441746	2.125
p_misseg	2.025	500	-0.386183460963762	Stress-linked missegregation	4	p_misseg | Maximum stress-linked missegregation increment	Maximum stress-linked per-chromosome missegregation increment (p_misseg)	12	6	Negative peak rho	2	4	0.399841913441746	-0.399841913441746	2.125
p_misseg	2.05	500	-0.396109907217351	Stress-linked missegregation	4	p_misseg | Maximum stress-linked missegregation increment	Maximum stress-linked per-chromosome missegregation increment (p_misseg)	12	6	Negative peak rho	2	4	0.399841913441746	-0.399841913441746	2.125
p_misseg	2.075	500	-0.399029246920351	Stress-linked missegregation	4	p_misseg | Maximum stress-linked missegregation increment	Maximum stress-linked per-chromosome missegregation increment (p_misseg)	12	6	Negative peak rho	2	4	0.399841913441746	-0.399841913441746	2.125
p_misseg	2.1	500	-0.396183593974415	Stress-linked missegregation	4	p_misseg | Maximum stress-linked missegregation increment	Maximum stress-linked per-chromosome missegregation increment (p_misseg)	12	6	Negative peak rho	2	4	0.399841913441746	-0.399841913441746	2.125
p_misseg	2.125	500	-0.399841913441746	Stress-linked missegregation	4	p_misseg | Maximum stress-linked missegregation increment	Maximum stress-linked per-chromosome missegregation increment (p_misseg)	12	6	Negative peak rho	2	4	0.399841913441746	-0.399841913441746	2.125
p_misseg	2.15	500	-0.398161951389485	Stress-linked missegregation	4	p_misseg | Maximum stress-linked missegregation increment	Maximum stress-linked per-chromosome missegregation increment (p_misseg)	12	6	Negative peak rho	2	4	0.399841913441746	-0.399841913441746	2.125
p_misseg	2.175	500	-0.395613445691906	Stress-linked missegregation	4	p_misseg | Maximum stress-linked missegregation increment	Maximum stress-linked per-chromosome missegregation increment (p_misseg)	12	6	Negative peak rho	2	4	0.399841913441746	-0.399841913441746	2.125
p_misseg	2.2	500	-0.3941945315777	Stress-linked missegregation	4	p_misseg | Maximum stress-linked missegregation increment	Maximum stress-linked per-chromosome missegregation increment (p_misseg)	12	6	Negative peak rho	2	4	0.399841913441746	-0.399841913441746	2.125
p_misseg	2.225	500	-0.393133394271573	Stress-linked missegregation	4	p_misseg | Maximum stress-linked missegregation increment	Maximum stress-linked per-chromosome missegregation increment (p_misseg)	12	6	Negative peak rho	2	4	0.399841913441746	-0.399841913441746	2.125
p_misseg	2.25	500	-0.392175130398924	Stress-linked missegregation	4	p_misseg | Maximum stress-linked missegregation increment	Maximum stress-linked per-chromosome missegregation increment (p_misseg)	12	6	Negative peak rho	2	4	0.399841913441746	-0.399841913441746	2.125
p_misseg	2.275	500	-0.391012943826595	Stress-linked missegregation	4	p_misseg | Maximum stress-linked missegregation increment	Maximum stress-linked per-chromosome missegregation increment (p_misseg)	12	6	Negative peak rho	2	4	0.399841913441746	-0.399841913441746	2.125
p_misseg	2.3	500	-0.387663436677306	Stress-linked missegregation	4	p_misseg | Maximum stress-linked missegregation increment	Maximum stress-linked per-chromosome missegregation increment (p_misseg)	12	6	Negative peak rho	2	4	0.399841913441746	-0.399841913441746	2.125
p_misseg	2.325	500	-0.386390407940768	Stress-linked missegregation	4	p_misseg | Maximum stress-linked missegregation increment	Maximum stress-linked per-chromosome missegregation increment (p_misseg)	12	6	Negative peak rho	2	4	0.399841913441746	-0.399841913441746	2.125
p_misseg	2.35	500	-0.378404491633475	Stress-linked missegregation	4	p_misseg | Maximum stress-linked missegregation increment	Maximum stress-linked per-chromosome missegregation increment (p_misseg)	12	6	Negative peak rho	2	4	0.399841913441746	-0.399841913441746	2.125
p_misseg	2.375	500	-0.377449588068965	Stress-linked missegregation	4	p_misseg | Maximum stress-linked missegregation increment	Maximum stress-linked per-chromosome missegregation increment (p_misseg)	12	6	Negative peak rho	2	4	0.399841913441746	-0.399841913441746	2.125
p_misseg	2.4	500	-0.372261368310014	Stress-linked missegregation	4	p_misseg | Maximum stress-linked missegregation increment	Maximum stress-linked per-chromosome missegregation increment (p_misseg)	12	6	Negative peak rho	2	4	0.399841913441746	-0.399841913441746	2.125
p_misseg	2.425	500	-0.370588798935661	Stress-linked missegregation	4	p_misseg | Maximum stress-linked missegregation increment	Maximum stress-linked per-chromosome missegregation increment (p_misseg)	12	6	Negative peak rho	2	4	0.399841913441746	-0.399841913441746	2.125
p_misseg	2.45	500	-0.366236191802259	Stress-linked missegregation	4	p_misseg | Maximum stress-linked missegregation increment	Maximum stress-linked per-chromosome missegregation increment (p_misseg)	12	6	Negative peak rho	2	4	0.399841913441746	-0.399841913441746	2.125
p_misseg	2.475	500	-0.358646983873063	Stress-linked missegregation	4	p_misseg | Maximum stress-linked missegregation increment	Maximum stress-linked per-chromosome missegregation increment (p_misseg)	12	6	Negative peak rho	2	4	0.399841913441746	-0.399841913441746	2.125
p_misseg	2.5	500	-0.355140598338051	Stress-linked missegregation	4	p_misseg | Maximum stress-linked missegregation increment	Maximum stress-linked per-chromosome missegregation increment (p_misseg)	12	6	Negative peak rho	2	4	0.399841913441746	-0.399841913441746	2.125
p_misseg	2.525	500	-0.361199137905194	Stress-linked missegregation	4	p_misseg | Maximum stress-linked missegregation increment	Maximum stress-linked per-chromosome missegregation increment (p_misseg)	12	6	Negative peak rho	2	4	0.399841913441746	-0.399841913441746	2.125
p_misseg	2.55	500	-0.359880697004367	Stress-linked missegregation	4	p_misseg | Maximum stress-linked missegregation increment	Maximum stress-linked per-chromosome missegregation increment (p_misseg)	12	6	Negative peak rho	2	4	0.399841913441746	-0.399841913441746	2.125
p_misseg	2.575	500	-0.357659389310794	Stress-linked missegregation	4	p_misseg | Maximum stress-linked missegregation increment	Maximum stress-linked per-chromosome missegregation increment (p_misseg)	12	6	Negative peak rho	2	4	0.399841913441746	-0.399841913441746	2.125
p_misseg	2.6	500	-0.356461919502997	Stress-linked missegregation	4	p_misseg | Maximum stress-linked missegregation increment	Maximum stress-linked per-chromosome missegregation increment (p_misseg)	12	6	Negative peak rho	2	4	0.399841913441746	-0.399841913441746	2.125
p_misseg	2.625	500	-0.355967618175642	Stress-linked missegregation	4	p_misseg | Maximum stress-linked missegregation increment	Maximum stress-linked per-chromosome missegregation increment (p_misseg)	12	6	Negative peak rho	2	4	0.399841913441746	-0.399841913441746	2.125
p_misseg	2.65	500	-0.355415375535077	Stress-linked missegregation	4	p_misseg | Maximum stress-linked missegregation increment	Maximum stress-linked per-chromosome missegregation increment (p_misseg)	12	6	Negative peak rho	2	4	0.399841913441746	-0.399841913441746	2.125
p_misseg	2.675	500	-0.365613622712769	Stress-linked missegregation	4	p_misseg | Maximum stress-linked missegregation increment	Maximum stress-linked per-chromosome missegregation increment (p_misseg)	12	6	Negative peak rho	2	4	0.399841913441746	-0.399841913441746	2.125
p_misseg	2.7	500	-0.365015247841886	Stress-linked missegregation	4	p_misseg | Maximum stress-linked missegregation increment	Maximum stress-linked per-chromosome missegregation increment (p_misseg)	12	6	Negative peak rho	2	4	0.399841913441746	-0.399841913441746	2.125
p_misseg	2.725	500	-0.363768573522043	Stress-linked missegregation	4	p_misseg | Maximum stress-linked missegregation increment	Maximum stress-linked per-chromosome missegregation increment (p_misseg)	12	6	Negative peak rho	2	4	0.399841913441746	-0.399841913441746	2.125
p_misseg	2.75	500	-0.361707936561952	Stress-linked missegregation	4	p_misseg | Maximum stress-linked missegregation increment	Maximum stress-linked per-chromosome missegregation increment (p_misseg)	12	6	Negative peak rho	2	4	0.399841913441746	-0.399841913441746	2.125
p_misseg	2.775	500	-0.360200886365682	Stress-linked missegregation	4	p_misseg | Maximum stress-linked missegregation increment	Maximum stress-linked per-chromosome missegregation increment (p_misseg)	12	6	Negative peak rho	2	4	0.399841913441746	-0.399841913441746	2.125
p_misseg	2.8	500	-0.359327398266958	Stress-linked missegregation	4	p_misseg | Maximum stress-linked missegregation increment	Maximum stress-linked per-chromosome missegregation increment (p_misseg)	12	6	Negative peak rho	2	4	0.399841913441746	-0.399841913441746	2.125
p_misseg	2.825	500	-0.358043664548774	Stress-linked missegregation	4	p_misseg | Maximum stress-linked missegregation increment	Maximum stress-linked per-chromosome missegregation increment (p_misseg)	12	6	Negative peak rho	2	4	0.399841913441746	-0.399841913441746	2.125
p_misseg	2.85	500	-0.354448614883275	Stress-linked missegregation	4	p_misseg | Maximum stress-linked missegregation increment	Maximum stress-linked per-chromosome missegregation increment (p_misseg)	12	6	Negative peak rho	2	4	0.399841913441746	-0.399841913441746	2.125
p_misseg	2.875	500	-0.35186463393262	Stress-linked missegregation	4	p_misseg | Maximum stress-linked missegregation increment	Maximum stress-linked per-chromosome missegregation increment (p_misseg)	12	6	Negative peak rho	2	4	0.399841913441746	-0.399841913441746	2.125
p_misseg	2.9	500	-0.350243429268403	Stress-linked missegregation	4	p_misseg | Maximum stress-linked missegregation increment	Maximum stress-linked per-chromosome missegregation increment (p_misseg)	12	6	Negative peak rho	2	4	0.399841913441746	-0.399841913441746	2.125
p_misseg	2.925	500	-0.349414777281143	Stress-linked missegregation	4	p_misseg | Maximum stress-linked missegregation increment	Maximum stress-linked per-chromosome missegregation increment (p_misseg)	12	6	Negative peak rho	2	4	0.399841913441746	-0.399841913441746	2.125
p_misseg	2.95	500	-0.350496796502139	Stress-linked missegregation	4	p_misseg | Maximum stress-linked missegregation increment	Maximum stress-linked per-chromosome missegregation increment (p_misseg)	12	6	Negative peak rho	2	4	0.399841913441746	-0.399841913441746	2.125
p_misseg	2.975	500	-0.349511698168774	Stress-linked missegregation	4	p_misseg | Maximum stress-linked missegregation increment	Maximum stress-linked per-chromosome missegregation increment (p_misseg)	12	6	Negative peak rho	2	4	0.399841913441746	-0.399841913441746	2.125
p_misseg	3	500	-0.349216903136115	Stress-linked missegregation	4	p_misseg | Maximum stress-linked missegregation increment	Maximum stress-linked per-chromosome missegregation increment (p_misseg)	12	6	Negative peak rho	2	4	0.399841913441746	-0.399841913441746	2.125
p_misseg	3.025	500	-0.349403784273086	Stress-linked missegregation	4	p_misseg | Maximum stress-linked missegregation increment	Maximum stress-linked per-chromosome missegregation increment (p_misseg)	12	6	Negative peak rho	2	4	0.399841913441746	-0.399841913441746	2.125
p_misseg	3.05	500	-0.351591776911673	Stress-linked missegregation	4	p_misseg | Maximum stress-linked missegregation increment	Maximum stress-linked per-chromosome missegregation increment (p_misseg)	12	6	Negative peak rho	2	4	0.399841913441746	-0.399841913441746	2.125
p_misseg	3.075	500	-0.350399203552881	Stress-linked missegregation	4	p_misseg | Maximum stress-linked missegregation increment	Maximum stress-linked per-chromosome missegregation increment (p_misseg)	12	6	Negative peak rho	2	4	0.399841913441746	-0.399841913441746	2.125
p_misseg	3.1	500	-0.349362548491771	Stress-linked missegregation	4	p_misseg | Maximum stress-linked missegregation increment	Maximum stress-linked per-chromosome missegregation increment (p_misseg)	12	6	Negative peak rho	2	4	0.399841913441746	-0.399841913441746	2.125
p_misseg	3.125	500	-0.345492049567618	Stress-linked missegregation	4	p_misseg | Maximum stress-linked missegregation increment	Maximum stress-linked per-chromosome missegregation increment (p_misseg)	12	6	Negative peak rho	2	4	0.399841913441746	-0.399841913441746	2.125
p_misseg	3.15	500	-0.343937282995763	Stress-linked missegregation	4	p_misseg | Maximum stress-linked missegregation increment	Maximum stress-linked per-chromosome missegregation increment (p_misseg)	12	6	Negative peak rho	2	4	0.399841913441746	-0.399841913441746	2.125
p_misseg	3.175	500	-0.339934435935305	Stress-linked missegregation	4	p_misseg | Maximum stress-linked missegregation increment	Maximum stress-linked per-chromosome missegregation increment (p_misseg)	12	6	Negative peak rho	2	4	0.399841913441746	-0.399841913441746	2.125
p_misseg	3.2	500	-0.338861777572699	Stress-linked missegregation	4	p_misseg | Maximum stress-linked missegregation increment	Maximum stress-linked per-chromosome missegregation increment (p_misseg)	12	6	Negative peak rho	2	4	0.399841913441746	-0.399841913441746	2.125
p_misseg	3.225	500	-0.337617695490564	Stress-linked missegregation	4	p_misseg | Maximum stress-linked missegregation increment	Maximum stress-linked per-chromosome missegregation increment (p_misseg)	12	6	Negative peak rho	2	4	0.399841913441746	-0.399841913441746	2.125
p_misseg	3.25	500	-0.336737630788767	Stress-linked missegregation	4	p_misseg | Maximum stress-linked missegregation increment	Maximum stress-linked per-chromosome missegregation increment (p_misseg)	12	6	Negative peak rho	2	4	0.399841913441746	-0.399841913441746	2.125
p_misseg	3.275	500	-0.330319202219858	Stress-linked missegregation	4	p_misseg | Maximum stress-linked missegregation increment	Maximum stress-linked per-chromosome missegregation increment (p_misseg)	12	6	Negative peak rho	2	4	0.399841913441746	-0.399841913441746	2.125
p_misseg	3.3	500	-0.32890720073954	Stress-linked missegregation	4	p_misseg | Maximum stress-linked missegregation increment	Maximum stress-linked per-chromosome missegregation increment (p_misseg)	12	6	Negative peak rho	2	4	0.399841913441746	-0.399841913441746	2.125
p_misseg	3.325	500	-0.329736764810437	Stress-linked missegregation	4	p_misseg | Maximum stress-linked missegregation increment	Maximum stress-linked per-chromosome missegregation increment (p_misseg)	12	6	Negative peak rho	2	4	0.399841913441746	-0.399841913441746	2.125
p_misseg	3.35	500	-0.328469208575726	Stress-linked missegregation	4	p_misseg | Maximum stress-linked missegregation increment	Maximum stress-linked per-chromosome missegregation increment (p_misseg)	12	6	Negative peak rho	2	4	0.399841913441746	-0.399841913441746	2.125
p_misseg	3.375	500	-0.327768728341797	Stress-linked missegregation	4	p_misseg | Maximum stress-linked missegregation increment	Maximum stress-linked per-chromosome missegregation increment (p_misseg)	12	6	Negative peak rho	2	4	0.399841913441746	-0.399841913441746	2.125
p_misseg	3.4	500	-0.326173926098677	Stress-linked missegregation	4	p_misseg | Maximum stress-linked missegregation increment	Maximum stress-linked per-chromosome missegregation increment (p_misseg)	12	6	Negative peak rho	2	4	0.399841913441746	-0.399841913441746	2.125
p_misseg	3.425	500	-0.330103614450493	Stress-linked missegregation	4	p_misseg | Maximum stress-linked missegregation increment	Maximum stress-linked per-chromosome missegregation increment (p_misseg)	12	6	Negative peak rho	2	4	0.399841913441746	-0.399841913441746	2.125
p_misseg	3.45	500	-0.328756706939282	Stress-linked missegregation	4	p_misseg | Maximum stress-linked missegregation increment	Maximum stress-linked per-chromosome missegregation increment (p_misseg)	12	6	Negative peak rho	2	4	0.399841913441746	-0.399841913441746	2.125
p_misseg	3.475	500	-0.327812124321201	Stress-linked missegregation	4	p_misseg | Maximum stress-linked missegregation increment	Maximum stress-linked per-chromosome missegregation increment (p_misseg)	12	6	Negative peak rho	2	4	0.399841913441746	-0.399841913441746	2.125
p_misseg	3.5	500	-0.326836386846226	Stress-linked missegregation	4	p_misseg | Maximum stress-linked missegregation increment	Maximum stress-linked per-chromosome missegregation increment (p_misseg)	12	6	Negative peak rho	2	4	0.399841913441746	-0.399841913441746	2.125
p_misseg	3.525	500	-0.322814290020567	Stress-linked missegregation	4	p_misseg | Maximum stress-linked missegregation increment	Maximum stress-linked per-chromosome missegregation increment (p_misseg)	12	6	Negative peak rho	2	4	0.399841913441746	-0.399841913441746	2.125
p_misseg	3.55	500	-0.320399236560538	Stress-linked missegregation	4	p_misseg | Maximum stress-linked missegregation increment	Maximum stress-linked per-chromosome missegregation increment (p_misseg)	12	6	Negative peak rho	2	4	0.399841913441746	-0.399841913441746	2.125
p_misseg	3.575	500	-0.319891253978614	Stress-linked missegregation	4	p_misseg | Maximum stress-linked missegregation increment	Maximum stress-linked per-chromosome missegregation increment (p_misseg)	12	6	Negative peak rho	2	4	0.399841913441746	-0.399841913441746	2.125
p_misseg	3.6	500	-0.319224184808474	Stress-linked missegregation	4	p_misseg | Maximum stress-linked missegregation increment	Maximum stress-linked per-chromosome missegregation increment (p_misseg)	12	6	Negative peak rho	2	4	0.399841913441746	-0.399841913441746	2.125
p_misseg	3.625	500	-0.318896842791261	Stress-linked missegregation	4	p_misseg | Maximum stress-linked missegregation increment	Maximum stress-linked per-chromosome missegregation increment (p_misseg)	12	6	Negative peak rho	2	4	0.399841913441746	-0.399841913441746	2.125
p_misseg	3.65	500	-0.317942947319194	Stress-linked missegregation	4	p_misseg | Maximum stress-linked missegregation increment	Maximum stress-linked per-chromosome missegregation increment (p_misseg)	12	6	Negative peak rho	2	4	0.399841913441746	-0.399841913441746	2.125
p_misseg	3.675	500	-0.317298728244404	Stress-linked missegregation	4	p_misseg | Maximum stress-linked missegregation increment	Maximum stress-linked per-chromosome missegregation increment (p_misseg)	12	6	Negative peak rho	2	4	0.399841913441746	-0.399841913441746	2.125
p_misseg	3.7	500	-0.313416084206545	Stress-linked missegregation	4	p_misseg | Maximum stress-linked missegregation increment	Maximum stress-linked per-chromosome missegregation increment (p_misseg)	12	6	Negative peak rho	2	4	0.399841913441746	-0.399841913441746	2.125
p_misseg	3.725	500	-0.317604132249904	Stress-linked missegregation	4	p_misseg | Maximum stress-linked missegregation increment	Maximum stress-linked per-chromosome missegregation increment (p_misseg)	12	6	Negative peak rho	2	4	0.399841913441746	-0.399841913441746	2.125
p_misseg	3.75	500	-0.318257328147867	Stress-linked missegregation	4	p_misseg | Maximum stress-linked missegregation increment	Maximum stress-linked per-chromosome missegregation increment (p_misseg)	12	6	Negative peak rho	2	4	0.399841913441746	-0.399841913441746	2.125
p_misseg	3.775	500	-0.317853803144687	Stress-linked missegregation	4	p_misseg | Maximum stress-linked missegregation increment	Maximum stress-linked per-chromosome missegregation increment (p_misseg)	12	6	Negative peak rho	2	4	0.399841913441746	-0.399841913441746	2.125
p_misseg	3.8	500	-0.31734937288851	Stress-linked missegregation	4	p_misseg | Maximum stress-linked missegregation increment	Maximum stress-linked per-chromosome missegregation increment (p_misseg)	12	6	Negative peak rho	2	4	0.399841913441746	-0.399841913441746	2.125
p_misseg	3.825	500	-0.316901395809081	Stress-linked missegregation	4	p_misseg | Maximum stress-linked missegregation increment	Maximum stress-linked per-chromosome missegregation increment (p_misseg)	12	6	Negative peak rho	2	4	0.399841913441746	-0.399841913441746	2.125
p_misseg	3.85	500	-0.317311977459355	Stress-linked missegregation	4	p_misseg | Maximum stress-linked missegregation increment	Maximum stress-linked per-chromosome missegregation increment (p_misseg)	12	6	Negative peak rho	2	4	0.399841913441746	-0.399841913441746	2.125
p_misseg	3.875	500	-0.322578252375952	Stress-linked missegregation	4	p_misseg | Maximum stress-linked missegregation increment	Maximum stress-linked per-chromosome missegregation increment (p_misseg)	12	6	Negative peak rho	2	4	0.399841913441746	-0.399841913441746	2.125
p_misseg	3.9	500	-0.321853529919014	Stress-linked missegregation	4	p_misseg | Maximum stress-linked missegregation increment	Maximum stress-linked per-chromosome missegregation increment (p_misseg)	12	6	Negative peak rho	2	4	0.399841913441746	-0.399841913441746	2.125
p_misseg	3.925	500	-0.320969384843047	Stress-linked missegregation	4	p_misseg | Maximum stress-linked missegregation increment	Maximum stress-linked per-chromosome missegregation increment (p_misseg)	12	6	Negative peak rho	2	4	0.399841913441746	-0.399841913441746	2.125
p_misseg	3.95	500	-0.319817423208343	Stress-linked missegregation	4	p_misseg | Maximum stress-linked missegregation increment	Maximum stress-linked per-chromosome missegregation increment (p_misseg)	12	6	Negative peak rho	2	4	0.399841913441746	-0.399841913441746	2.125
p_misseg	3.975	500	-0.319144305483552	Stress-linked missegregation	4	p_misseg | Maximum stress-linked missegregation increment	Maximum stress-linked per-chromosome missegregation increment (p_misseg)	12	6	Negative peak rho	2	4	0.399841913441746	-0.399841913441746	2.125
p_misseg	4	500	-0.318375178954768	Stress-linked missegregation	4	p_misseg | Maximum stress-linked missegregation increment	Maximum stress-linked per-chromosome missegregation increment (p_misseg)	12	6	Negative peak rho	2	4	0.399841913441746	-0.399841913441746	2.125
p_misseg	4.025	500	-0.317640999630637	Stress-linked missegregation	4	p_misseg | Maximum stress-linked missegregation increment	Maximum stress-linked per-chromosome missegregation increment (p_misseg)	12	6	Negative peak rho	2	4	0.399841913441746	-0.399841913441746	2.125
p_misseg	4.05	500	-0.318175864677679	Stress-linked missegregation	4	p_misseg | Maximum stress-linked missegregation increment	Maximum stress-linked per-chromosome missegregation increment (p_misseg)	12	6	Negative peak rho	2	4	0.399841913441746	-0.399841913441746	2.125
p_misseg	4.075	500	-0.317838681758058	Stress-linked missegregation	4	p_misseg | Maximum stress-linked missegregation increment	Maximum stress-linked per-chromosome missegregation increment (p_misseg)	12	6	Negative peak rho	2	4	0.399841913441746	-0.399841913441746	2.125
p_misseg	4.1	500	-0.317319274128458	Stress-linked missegregation	4	p_misseg | Maximum stress-linked missegregation increment	Maximum stress-linked per-chromosome missegregation increment (p_misseg)	12	6	Negative peak rho	2	4	0.399841913441746	-0.399841913441746	2.125
p_misseg	4.125	500	-0.316520672896849	Stress-linked missegregation	4	p_misseg | Maximum stress-linked missegregation increment	Maximum stress-linked per-chromosome missegregation increment (p_misseg)	12	6	Negative peak rho	2	4	0.399841913441746	-0.399841913441746	2.125
p_misseg	4.15	500	-0.315947116301797	Stress-linked missegregation	4	p_misseg | Maximum stress-linked missegregation increment	Maximum stress-linked per-chromosome missegregation increment (p_misseg)	12	6	Negative peak rho	2	4	0.399841913441746	-0.399841913441746	2.125
p_misseg	4.175	500	-0.315711366683594	Stress-linked missegregation	4	p_misseg | Maximum stress-linked missegregation increment	Maximum stress-linked per-chromosome missegregation increment (p_misseg)	12	6	Negative peak rho	2	4	0.399841913441746	-0.399841913441746	2.125
p_misseg	4.2	500	-0.315449022626684	Stress-linked missegregation	4	p_misseg | Maximum stress-linked missegregation increment	Maximum stress-linked per-chromosome missegregation increment (p_misseg)	12	6	Negative peak rho	2	4	0.399841913441746	-0.399841913441746	2.125
p_misseg	4.225	500	-0.314616002238843	Stress-linked missegregation	4	p_misseg | Maximum stress-linked missegregation increment	Maximum stress-linked per-chromosome missegregation increment (p_misseg)	12	6	Negative peak rho	2	4	0.399841913441746	-0.399841913441746	2.125
p_misseg	4.25	500	-0.314026556186731	Stress-linked missegregation	4	p_misseg | Maximum stress-linked missegregation increment	Maximum stress-linked per-chromosome missegregation increment (p_misseg)	12	6	Negative peak rho	2	4	0.399841913441746	-0.399841913441746	2.125
p_misseg	4.275	500	-0.313315562988765	Stress-linked missegregation	4	p_misseg | Maximum stress-linked missegregation increment	Maximum stress-linked per-chromosome missegregation increment (p_misseg)	12	6	Negative peak rho	2	4	0.399841913441746	-0.399841913441746	2.125
p_misseg	4.3	500	-0.312513889475427	Stress-linked missegregation	4	p_misseg | Maximum stress-linked missegregation increment	Maximum stress-linked per-chromosome missegregation increment (p_misseg)	12	6	Negative peak rho	2	4	0.399841913441746	-0.399841913441746	2.125
p_misseg	4.325	500	-0.312010755338105	Stress-linked missegregation	4	p_misseg | Maximum stress-linked missegregation increment	Maximum stress-linked per-chromosome missegregation increment (p_misseg)	12	6	Negative peak rho	2	4	0.399841913441746	-0.399841913441746	2.125
p_misseg	4.35	500	-0.311179703130746	Stress-linked missegregation	4	p_misseg | Maximum stress-linked missegregation increment	Maximum stress-linked per-chromosome missegregation increment (p_misseg)	12	6	Negative peak rho	2	4	0.399841913441746	-0.399841913441746	2.125
p_misseg	4.375	500	-0.310281060725376	Stress-linked missegregation	4	p_misseg | Maximum stress-linked missegregation increment	Maximum stress-linked per-chromosome missegregation increment (p_misseg)	12	6	Negative peak rho	2	4	0.399841913441746	-0.399841913441746	2.125
p_misseg	4.4	500	-0.309593445671181	Stress-linked missegregation	4	p_misseg | Maximum stress-linked missegregation increment	Maximum stress-linked per-chromosome missegregation increment (p_misseg)	12	6	Negative peak rho	2	4	0.399841913441746	-0.399841913441746	2.125
p_misseg	4.425	500	-0.309104088797232	Stress-linked missegregation	4	p_misseg | Maximum stress-linked missegregation increment	Maximum stress-linked per-chromosome missegregation increment (p_misseg)	12	6	Negative peak rho	2	4	0.399841913441746	-0.399841913441746	2.125
p_misseg	4.45	500	-0.308044487631968	Stress-linked missegregation	4	p_misseg | Maximum stress-linked missegregation increment	Maximum stress-linked per-chromosome missegregation increment (p_misseg)	12	6	Negative peak rho	2	4	0.399841913441746	-0.399841913441746	2.125
p_misseg	4.475	500	-0.307740187727714	Stress-linked missegregation	4	p_misseg | Maximum stress-linked missegregation increment	Maximum stress-linked per-chromosome missegregation increment (p_misseg)	12	6	Negative peak rho	2	4	0.399841913441746	-0.399841913441746	2.125
p_misseg	4.5	500	-0.308564279296784	Stress-linked missegregation	4	p_misseg | Maximum stress-linked missegregation increment	Maximum stress-linked per-chromosome missegregation increment (p_misseg)	12	6	Negative peak rho	2	4	0.399841913441746	-0.399841913441746	2.125
p_misseg	4.525	500	-0.308014820911535	Stress-linked missegregation	4	p_misseg | Maximum stress-linked missegregation increment	Maximum stress-linked per-chromosome missegregation increment (p_misseg)	12	6	Negative peak rho	2	4	0.399841913441746	-0.399841913441746	2.125
p_misseg	4.55	500	-0.301858208351113	Stress-linked missegregation	4	p_misseg | Maximum stress-linked missegregation increment	Maximum stress-linked per-chromosome missegregation increment (p_misseg)	12	6	Negative peak rho	2	4	0.399841913441746	-0.399841913441746	2.125
p_misseg	4.575	500	-0.301100554874406	Stress-linked missegregation	4	p_misseg | Maximum stress-linked missegregation increment	Maximum stress-linked per-chromosome missegregation increment (p_misseg)	12	6	Negative peak rho	2	4	0.399841913441746	-0.399841913441746	2.125
p_misseg	4.6	500	-0.300192503606245	Stress-linked missegregation	4	p_misseg | Maximum stress-linked missegregation increment	Maximum stress-linked per-chromosome missegregation increment (p_misseg)	12	6	Negative peak rho	2	4	0.399841913441746	-0.399841913441746	2.125
p_misseg	4.625	500	-0.299584095815345	Stress-linked missegregation	4	p_misseg | Maximum stress-linked missegregation increment	Maximum stress-linked per-chromosome missegregation increment (p_misseg)	12	6	Negative peak rho	2	4	0.399841913441746	-0.399841913441746	2.125
p_misseg	4.65	500	-0.298867390093541	Stress-linked missegregation	4	p_misseg | Maximum stress-linked missegregation increment	Maximum stress-linked per-chromosome missegregation increment (p_misseg)	12	6	Negative peak rho	2	4	0.399841913441746	-0.399841913441746	2.125
p_misseg	4.675	500	-0.298754483740045	Stress-linked missegregation	4	p_misseg | Maximum stress-linked missegregation increment	Maximum stress-linked per-chromosome missegregation increment (p_misseg)	12	6	Negative peak rho	2	4	0.399841913441746	-0.399841913441746	2.125
p_misseg	4.7	500	-0.298185823593998	Stress-linked missegregation	4	p_misseg | Maximum stress-linked missegregation increment	Maximum stress-linked per-chromosome missegregation increment (p_misseg)	12	6	Negative peak rho	2	4	0.399841913441746	-0.399841913441746	2.125
p_misseg	4.725	500	-0.297306574967034	Stress-linked missegregation	4	p_misseg | Maximum stress-linked missegregation increment	Maximum stress-linked per-chromosome missegregation increment (p_misseg)	12	6	Negative peak rho	2	4	0.399841913441746	-0.399841913441746	2.125
p_misseg	4.75	500	-0.296830227286025	Stress-linked missegregation	4	p_misseg | Maximum stress-linked missegregation increment	Maximum stress-linked per-chromosome missegregation increment (p_misseg)	12	6	Negative peak rho	2	4	0.399841913441746	-0.399841913441746	2.125
p_misseg	4.775	500	-0.296454880866817	Stress-linked missegregation	4	p_misseg | Maximum stress-linked missegregation increment	Maximum stress-linked per-chromosome missegregation increment (p_misseg)	12	6	Negative peak rho	2	4	0.399841913441746	-0.399841913441746	2.125
p_misseg	4.8	500	-0.296092399627343	Stress-linked missegregation	4	p_misseg | Maximum stress-linked missegregation increment	Maximum stress-linked per-chromosome missegregation increment (p_misseg)	12	6	Negative peak rho	2	4	0.399841913441746	-0.399841913441746	2.125
p_misseg	4.825	500	-0.29538726296642	Stress-linked missegregation	4	p_misseg | Maximum stress-linked missegregation increment	Maximum stress-linked per-chromosome missegregation increment (p_misseg)	12	6	Negative peak rho	2	4	0.399841913441746	-0.399841913441746	2.125
p_misseg	4.85	500	-0.294167567120499	Stress-linked missegregation	4	p_misseg | Maximum stress-linked missegregation increment	Maximum stress-linked per-chromosome missegregation increment (p_misseg)	12	6	Negative peak rho	2	4	0.399841913441746	-0.399841913441746	2.125
p_misseg	4.875	500	-0.288506648015091	Stress-linked missegregation	4	p_misseg | Maximum stress-linked missegregation increment	Maximum stress-linked per-chromosome missegregation increment (p_misseg)	12	6	Negative peak rho	2	4	0.399841913441746	-0.399841913441746	2.125
p_misseg	4.9	500	-0.287845579395201	Stress-linked missegregation	4	p_misseg | Maximum stress-linked missegregation increment	Maximum stress-linked per-chromosome missegregation increment (p_misseg)	12	6	Negative peak rho	2	4	0.399841913441746	-0.399841913441746	2.125
p_misseg	4.925	500	-0.287623943071184	Stress-linked missegregation	4	p_misseg | Maximum stress-linked missegregation increment	Maximum stress-linked per-chromosome missegregation increment (p_misseg)	12	6	Negative peak rho	2	4	0.399841913441746	-0.399841913441746	2.125
p_misseg	4.95	500	-0.287557745000831	Stress-linked missegregation	4	p_misseg | Maximum stress-linked missegregation increment	Maximum stress-linked per-chromosome missegregation increment (p_misseg)	12	6	Negative peak rho	2	4	0.399841913441746	-0.399841913441746	2.125
p_misseg	4.975	500	-0.28731724294683	Stress-linked missegregation	4	p_misseg | Maximum stress-linked missegregation increment	Maximum stress-linked per-chromosome missegregation increment (p_misseg)	12	6	Negative peak rho	2	4	0.399841913441746	-0.399841913441746	2.125
p_misseg	5	500	-0.286664575097289	Stress-linked missegregation	4	p_misseg | Maximum stress-linked missegregation increment	Maximum stress-linked per-chromosome missegregation increment (p_misseg)	12	6	Negative peak rho	2	4	0.399841913441746	-0.399841913441746	2.125
o2_S0	0	500	-0.0489972442314924	Oxygen response	8	o2_S0 | Low-burden effective O2 supply	Low-burden effective oxygen supply (o2_S0)	13	7	Negative peak rho	2	5	0.35793422606949	-0.35793422606949	3.825
o2_S0	0.025	500	-0.0511585732229572	Oxygen response	8	o2_S0 | Low-burden effective O2 supply	Low-burden effective oxygen supply (o2_S0)	13	7	Negative peak rho	2	5	0.35793422606949	-0.35793422606949	3.825
o2_S0	0.05	500	-0.0456977673135951	Oxygen response	8	o2_S0 | Low-burden effective O2 supply	Low-burden effective oxygen supply (o2_S0)	13	7	Negative peak rho	2	5	0.35793422606949	-0.35793422606949	3.825
o2_S0	0.075	500	-0.0589636950447272	Oxygen response	8	o2_S0 | Low-burden effective O2 supply	Low-burden effective oxygen supply (o2_S0)	13	7	Negative peak rho	2	5	0.35793422606949	-0.35793422606949	3.825
o2_S0	0.1	500	-0.0598168019594704	Oxygen response	8	o2_S0 | Low-burden effective O2 supply	Low-burden effective oxygen supply (o2_S0)	13	7	Negative peak rho	2	5	0.35793422606949	-0.35793422606949	3.825
o2_S0	0.125	500	-0.0639105822826263	Oxygen response	8	o2_S0 | Low-burden effective O2 supply	Low-burden effective oxygen supply (o2_S0)	13	7	Negative peak rho	2	5	0.35793422606949	-0.35793422606949	3.825
o2_S0	0.15	500	-0.084437759376377	Oxygen response	8	o2_S0 | Low-burden effective O2 supply	Low-burden effective oxygen supply (o2_S0)	13	7	Negative peak rho	2	5	0.35793422606949	-0.35793422606949	3.825
o2_S0	0.175	500	-0.094674274307457	Oxygen response	8	o2_S0 | Low-burden effective O2 supply	Low-burden effective oxygen supply (o2_S0)	13	7	Negative peak rho	2	5	0.35793422606949	-0.35793422606949	3.825
o2_S0	0.2	500	-0.101365201632372	Oxygen response	8	o2_S0 | Low-burden effective O2 supply	Low-burden effective oxygen supply (o2_S0)	13	7	Negative peak rho	2	5	0.35793422606949	-0.35793422606949	3.825
o2_S0	0.225	500	-0.0920427092515749	Oxygen response	8	o2_S0 | Low-burden effective O2 supply	Low-burden effective oxygen supply (o2_S0)	13	7	Negative peak rho	2	5	0.35793422606949	-0.35793422606949	3.825
o2_S0	0.25	500	-0.0810887435019179	Oxygen response	8	o2_S0 | Low-burden effective O2 supply	Low-burden effective oxygen supply (o2_S0)	13	7	Negative peak rho	2	5	0.35793422606949	-0.35793422606949	3.825
o2_S0	0.275	500	-0.0781711293741838	Oxygen response	8	o2_S0 | Low-burden effective O2 supply	Low-burden effective oxygen supply (o2_S0)	13	7	Negative peak rho	2	5	0.35793422606949	-0.35793422606949	3.825
o2_S0	0.3	500	-0.0878776926769291	Oxygen response	8	o2_S0 | Low-burden effective O2 supply	Low-burden effective oxygen supply (o2_S0)	13	7	Negative peak rho	2	5	0.35793422606949	-0.35793422606949	3.825
o2_S0	0.325	500	-0.0871871234626878	Oxygen response	8	o2_S0 | Low-burden effective O2 supply	Low-burden effective oxygen supply (o2_S0)	13	7	Negative peak rho	2	5	0.35793422606949	-0.35793422606949	3.825
o2_S0	0.35	500	-0.0850993348602275	Oxygen response	8	o2_S0 | Low-burden effective O2 supply	Low-burden effective oxygen supply (o2_S0)	13	7	Negative peak rho	2	5	0.35793422606949	-0.35793422606949	3.825
o2_S0	0.375	500	-0.0909305788779102	Oxygen response	8	o2_S0 | Low-burden effective O2 supply	Low-burden effective oxygen supply (o2_S0)	13	7	Negative peak rho	2	5	0.35793422606949	-0.35793422606949	3.825
o2_S0	0.4	500	-0.0890497786288357	Oxygen response	8	o2_S0 | Low-burden effective O2 supply	Low-burden effective oxygen supply (o2_S0)	13	7	Negative peak rho	2	5	0.35793422606949	-0.35793422606949	3.825
o2_S0	0.425	500	-0.0805725686958053	Oxygen response	8	o2_S0 | Low-burden effective O2 supply	Low-burden effective oxygen supply (o2_S0)	13	7	Negative peak rho	2	5	0.35793422606949	-0.35793422606949	3.825
o2_S0	0.45	500	-0.0676991123879761	Oxygen response	8	o2_S0 | Low-burden effective O2 supply	Low-burden effective oxygen supply (o2_S0)	13	7	Negative peak rho	2	5	0.35793422606949	-0.35793422606949	3.825
o2_S0	0.475	500	-0.0404306049611806	Oxygen response	8	o2_S0 | Low-burden effective O2 supply	Low-burden effective oxygen supply (o2_S0)	13	7	Negative peak rho	2	5	0.35793422606949	-0.35793422606949	3.825
o2_S0	0.5	500	-0.0255763584367206	Oxygen response	8	o2_S0 | Low-burden effective O2 supply	Low-burden effective oxygen supply (o2_S0)	13	7	Negative peak rho	2	5	0.35793422606949	-0.35793422606949	3.825
o2_S0	0.525	500	-0.0251602216010291	Oxygen response	8	o2_S0 | Low-burden effective O2 supply	Low-burden effective oxygen supply (o2_S0)	13	7	Negative peak rho	2	5	0.35793422606949	-0.35793422606949	3.825
o2_S0	0.55	500	-0.0195566551714978	Oxygen response	8	o2_S0 | Low-burden effective O2 supply	Low-burden effective oxygen supply (o2_S0)	13	7	Negative peak rho	2	5	0.35793422606949	-0.35793422606949	3.825
o2_S0	0.575	500	-0.0156217643311125	Oxygen response	8	o2_S0 | Low-burden effective O2 supply	Low-burden effective oxygen supply (o2_S0)	13	7	Negative peak rho	2	5	0.35793422606949	-0.35793422606949	3.825
o2_S0	0.6	500	-0.0100662007664666	Oxygen response	8	o2_S0 | Low-burden effective O2 supply	Low-burden effective oxygen supply (o2_S0)	13	7	Negative peak rho	2	5	0.35793422606949	-0.35793422606949	3.825
o2_S0	0.625	500	-0.00145443880316248	Oxygen response	8	o2_S0 | Low-burden effective O2 supply	Low-burden effective oxygen supply (o2_S0)	13	7	Negative peak rho	2	5	0.35793422606949	-0.35793422606949	3.825
o2_S0	0.65	500	-0.00548759150796819	Oxygen response	8	o2_S0 | Low-burden effective O2 supply	Low-burden effective oxygen supply (o2_S0)	13	7	Negative peak rho	2	5	0.35793422606949	-0.35793422606949	3.825
o2_S0	0.675	500	-0.0205725878039323	Oxygen response	8	o2_S0 | Low-burden effective O2 supply	Low-burden effective oxygen supply (o2_S0)	13	7	Negative peak rho	2	5	0.35793422606949	-0.35793422606949	3.825
o2_S0	0.7	500	-0.0199666956433488	Oxygen response	8	o2_S0 | Low-burden effective O2 supply	Low-burden effective oxygen supply (o2_S0)	13	7	Negative peak rho	2	5	0.35793422606949	-0.35793422606949	3.825
o2_S0	0.725	500	-0.0134666757120829	Oxygen response	8	o2_S0 | Low-burden effective O2 supply	Low-burden effective oxygen supply (o2_S0)	13	7	Negative peak rho	2	5	0.35793422606949	-0.35793422606949	3.825
o2_S0	0.75	500	-0.00888038599520278	Oxygen response	8	o2_S0 | Low-burden effective O2 supply	Low-burden effective oxygen supply (o2_S0)	13	7	Negative peak rho	2	5	0.35793422606949	-0.35793422606949	3.825
o2_S0	0.775	500	0.00570394042000665	Oxygen response	8	o2_S0 | Low-burden effective O2 supply	Low-burden effective oxygen supply (o2_S0)	13	7	Negative peak rho	2	5	0.35793422606949	-0.35793422606949	3.825
o2_S0	0.8	500	0.0107496175538399	Oxygen response	8	o2_S0 | Low-burden effective O2 supply	Low-burden effective oxygen supply (o2_S0)	13	7	Negative peak rho	2	5	0.35793422606949	-0.35793422606949	3.825
o2_S0	0.825	500	0.00582313153351708	Oxygen response	8	o2_S0 | Low-burden effective O2 supply	Low-burden effective oxygen supply (o2_S0)	13	7	Negative peak rho	2	5	0.35793422606949	-0.35793422606949	3.825
o2_S0	0.85	500	0.0097461656662757	Oxygen response	8	o2_S0 | Low-burden effective O2 supply	Low-burden effective oxygen supply (o2_S0)	13	7	Negative peak rho	2	5	0.35793422606949	-0.35793422606949	3.825
o2_S0	0.875	500	0.00246979540121828	Oxygen response	8	o2_S0 | Low-burden effective O2 supply	Low-burden effective oxygen supply (o2_S0)	13	7	Negative peak rho	2	5	0.35793422606949	-0.35793422606949	3.825
o2_S0	0.9	500	-0.0168307164832511	Oxygen response	8	o2_S0 | Low-burden effective O2 supply	Low-burden effective oxygen supply (o2_S0)	13	7	Negative peak rho	2	5	0.35793422606949	-0.35793422606949	3.825
o2_S0	0.925	500	-0.0201664835670018	Oxygen response	8	o2_S0 | Low-burden effective O2 supply	Low-burden effective oxygen supply (o2_S0)	13	7	Negative peak rho	2	5	0.35793422606949	-0.35793422606949	3.825
o2_S0	0.95	500	-0.0269590329568794	Oxygen response	8	o2_S0 | Low-burden effective O2 supply	Low-burden effective oxygen supply (o2_S0)	13	7	Negative peak rho	2	5	0.35793422606949	-0.35793422606949	3.825
o2_S0	0.975	500	-0.0240809731898109	Oxygen response	8	o2_S0 | Low-burden effective O2 supply	Low-burden effective oxygen supply (o2_S0)	13	7	Negative peak rho	2	5	0.35793422606949	-0.35793422606949	3.825
o2_S0	1	500	-0.0310212753978057	Oxygen response	8	o2_S0 | Low-burden effective O2 supply	Low-burden effective oxygen supply (o2_S0)	13	7	Negative peak rho	2	5	0.35793422606949	-0.35793422606949	3.825
o2_S0	1.025	500	-0.0314797987631909	Oxygen response	8	o2_S0 | Low-burden effective O2 supply	Low-burden effective oxygen supply (o2_S0)	13	7	Negative peak rho	2	5	0.35793422606949	-0.35793422606949	3.825
o2_S0	1.05	500	-0.0290621824761031	Oxygen response	8	o2_S0 | Low-burden effective O2 supply	Low-burden effective oxygen supply (o2_S0)	13	7	Negative peak rho	2	5	0.35793422606949	-0.35793422606949	3.825
o2_S0	1.075	500	-0.0329110041797489	Oxygen response	8	o2_S0 | Low-burden effective O2 supply	Low-burden effective oxygen supply (o2_S0)	13	7	Negative peak rho	2	5	0.35793422606949	-0.35793422606949	3.825
o2_S0	1.1	500	-0.0372599677326356	Oxygen response	8	o2_S0 | Low-burden effective O2 supply	Low-burden effective oxygen supply (o2_S0)	13	7	Negative peak rho	2	5	0.35793422606949	-0.35793422606949	3.825
o2_S0	1.125	500	-0.0399558086245992	Oxygen response	8	o2_S0 | Low-burden effective O2 supply	Low-burden effective oxygen supply (o2_S0)	13	7	Negative peak rho	2	5	0.35793422606949	-0.35793422606949	3.825
o2_S0	1.15	500	-0.0412466536642322	Oxygen response	8	o2_S0 | Low-burden effective O2 supply	Low-burden effective oxygen supply (o2_S0)	13	7	Negative peak rho	2	5	0.35793422606949	-0.35793422606949	3.825
o2_S0	1.175	500	-0.0394347375262682	Oxygen response	8	o2_S0 | Low-burden effective O2 supply	Low-burden effective oxygen supply (o2_S0)	13	7	Negative peak rho	2	5	0.35793422606949	-0.35793422606949	3.825
o2_S0	1.2	500	-0.0453222889044615	Oxygen response	8	o2_S0 | Low-burden effective O2 supply	Low-burden effective oxygen supply (o2_S0)	13	7	Negative peak rho	2	5	0.35793422606949	-0.35793422606949	3.825
o2_S0	1.225	500	-0.0507673498741413	Oxygen response	8	o2_S0 | Low-burden effective O2 supply	Low-burden effective oxygen supply (o2_S0)	13	7	Negative peak rho	2	5	0.35793422606949	-0.35793422606949	3.825
o2_S0	1.25	500	-0.0634462025677251	Oxygen response	8	o2_S0 | Low-burden effective O2 supply	Low-burden effective oxygen supply (o2_S0)	13	7	Negative peak rho	2	5	0.35793422606949	-0.35793422606949	3.825
o2_S0	1.275	500	-0.0649304511499814	Oxygen response	8	o2_S0 | Low-burden effective O2 supply	Low-burden effective oxygen supply (o2_S0)	13	7	Negative peak rho	2	5	0.35793422606949	-0.35793422606949	3.825
o2_S0	1.3	500	-0.0742135331787077	Oxygen response	8	o2_S0 | Low-burden effective O2 supply	Low-burden effective oxygen supply (o2_S0)	13	7	Negative peak rho	2	5	0.35793422606949	-0.35793422606949	3.825
o2_S0	1.325	500	-0.0813339901386174	Oxygen response	8	o2_S0 | Low-burden effective O2 supply	Low-burden effective oxygen supply (o2_S0)	13	7	Negative peak rho	2	5	0.35793422606949	-0.35793422606949	3.825
o2_S0	1.35	500	-0.0905194343401668	Oxygen response	8	o2_S0 | Low-burden effective O2 supply	Low-burden effective oxygen supply (o2_S0)	13	7	Negative peak rho	2	5	0.35793422606949	-0.35793422606949	3.825
o2_S0	1.375	500	-0.0931858014730908	Oxygen response	8	o2_S0 | Low-burden effective O2 supply	Low-burden effective oxygen supply (o2_S0)	13	7	Negative peak rho	2	5	0.35793422606949	-0.35793422606949	3.825
o2_S0	1.4	500	-0.10275651666821	Oxygen response	8	o2_S0 | Low-burden effective O2 supply	Low-burden effective oxygen supply (o2_S0)	13	7	Negative peak rho	2	5	0.35793422606949	-0.35793422606949	3.825
o2_S0	1.425	500	-0.110460736467991	Oxygen response	8	o2_S0 | Low-burden effective O2 supply	Low-burden effective oxygen supply (o2_S0)	13	7	Negative peak rho	2	5	0.35793422606949	-0.35793422606949	3.825
o2_S0	1.45	500	-0.109022906656079	Oxygen response	8	o2_S0 | Low-burden effective O2 supply	Low-burden effective oxygen supply (o2_S0)	13	7	Negative peak rho	2	5	0.35793422606949	-0.35793422606949	3.825
o2_S0	1.475	500	-0.112975462550742	Oxygen response	8	o2_S0 | Low-burden effective O2 supply	Low-burden effective oxygen supply (o2_S0)	13	7	Negative peak rho	2	5	0.35793422606949	-0.35793422606949	3.825
o2_S0	1.5	500	-0.118387737563705	Oxygen response	8	o2_S0 | Low-burden effective O2 supply	Low-burden effective oxygen supply (o2_S0)	13	7	Negative peak rho	2	5	0.35793422606949	-0.35793422606949	3.825
o2_S0	1.525	500	-0.126930711421629	Oxygen response	8	o2_S0 | Low-burden effective O2 supply	Low-burden effective oxygen supply (o2_S0)	13	7	Negative peak rho	2	5	0.35793422606949	-0.35793422606949	3.825
o2_S0	1.55	500	-0.135209141491169	Oxygen response	8	o2_S0 | Low-burden effective O2 supply	Low-burden effective oxygen supply (o2_S0)	13	7	Negative peak rho	2	5	0.35793422606949	-0.35793422606949	3.825
o2_S0	1.575	500	-0.154086364113079	Oxygen response	8	o2_S0 | Low-burden effective O2 supply	Low-burden effective oxygen supply (o2_S0)	13	7	Negative peak rho	2	5	0.35793422606949	-0.35793422606949	3.825
o2_S0	1.6	500	-0.159303603486012	Oxygen response	8	o2_S0 | Low-burden effective O2 supply	Low-burden effective oxygen supply (o2_S0)	13	7	Negative peak rho	2	5	0.35793422606949	-0.35793422606949	3.825
o2_S0	1.625	500	-0.16228030914042	Oxygen response	8	o2_S0 | Low-burden effective O2 supply	Low-burden effective oxygen supply (o2_S0)	13	7	Negative peak rho	2	5	0.35793422606949	-0.35793422606949	3.825
o2_S0	1.65	500	-0.165348220238111	Oxygen response	8	o2_S0 | Low-burden effective O2 supply	Low-burden effective oxygen supply (o2_S0)	13	7	Negative peak rho	2	5	0.35793422606949	-0.35793422606949	3.825
o2_S0	1.675	500	-0.166736463090596	Oxygen response	8	o2_S0 | Low-burden effective O2 supply	Low-burden effective oxygen supply (o2_S0)	13	7	Negative peak rho	2	5	0.35793422606949	-0.35793422606949	3.825
o2_S0	1.7	500	-0.183954994719256	Oxygen response	8	o2_S0 | Low-burden effective O2 supply	Low-burden effective oxygen supply (o2_S0)	13	7	Negative peak rho	2	5	0.35793422606949	-0.35793422606949	3.825
o2_S0	1.725	500	-0.185053924305078	Oxygen response	8	o2_S0 | Low-burden effective O2 supply	Low-burden effective oxygen supply (o2_S0)	13	7	Negative peak rho	2	5	0.35793422606949	-0.35793422606949	3.825
o2_S0	1.75	500	-0.184404397540313	Oxygen response	8	o2_S0 | Low-burden effective O2 supply	Low-burden effective oxygen supply (o2_S0)	13	7	Negative peak rho	2	5	0.35793422606949	-0.35793422606949	3.825
o2_S0	1.775	500	-0.193046305302765	Oxygen response	8	o2_S0 | Low-burden effective O2 supply	Low-burden effective oxygen supply (o2_S0)	13	7	Negative peak rho	2	5	0.35793422606949	-0.35793422606949	3.825
o2_S0	1.8	500	-0.199844759045024	Oxygen response	8	o2_S0 | Low-burden effective O2 supply	Low-burden effective oxygen supply (o2_S0)	13	7	Negative peak rho	2	5	0.35793422606949	-0.35793422606949	3.825
o2_S0	1.825	500	-0.205902336570641	Oxygen response	8	o2_S0 | Low-burden effective O2 supply	Low-burden effective oxygen supply (o2_S0)	13	7	Negative peak rho	2	5	0.35793422606949	-0.35793422606949	3.825
o2_S0	1.85	500	-0.213700449974138	Oxygen response	8	o2_S0 | Low-burden effective O2 supply	Low-burden effective oxygen supply (o2_S0)	13	7	Negative peak rho	2	5	0.35793422606949	-0.35793422606949	3.825
o2_S0	1.875	500	-0.223264108748119	Oxygen response	8	o2_S0 | Low-burden effective O2 supply	Low-burden effective oxygen supply (o2_S0)	13	7	Negative peak rho	2	5	0.35793422606949	-0.35793422606949	3.825
o2_S0	1.9	500	-0.226681096679256	Oxygen response	8	o2_S0 | Low-burden effective O2 supply	Low-burden effective oxygen supply (o2_S0)	13	7	Negative peak rho	2	5	0.35793422606949	-0.35793422606949	3.825
o2_S0	1.925	500	-0.229984941857858	Oxygen response	8	o2_S0 | Low-burden effective O2 supply	Low-burden effective oxygen supply (o2_S0)	13	7	Negative peak rho	2	5	0.35793422606949	-0.35793422606949	3.825
o2_S0	1.95	500	-0.235201509190684	Oxygen response	8	o2_S0 | Low-burden effective O2 supply	Low-burden effective oxygen supply (o2_S0)	13	7	Negative peak rho	2	5	0.35793422606949	-0.35793422606949	3.825
o2_S0	1.975	500	-0.237909830827517	Oxygen response	8	o2_S0 | Low-burden effective O2 supply	Low-burden effective oxygen supply (o2_S0)	13	7	Negative peak rho	2	5	0.35793422606949	-0.35793422606949	3.825
o2_S0	2	500	-0.240786402505774	Oxygen response	8	o2_S0 | Low-burden effective O2 supply	Low-burden effective oxygen supply (o2_S0)	13	7	Negative peak rho	2	5	0.35793422606949	-0.35793422606949	3.825
o2_S0	2.025	500	-0.244382393120069	Oxygen response	8	o2_S0 | Low-burden effective O2 supply	Low-burden effective oxygen supply (o2_S0)	13	7	Negative peak rho	2	5	0.35793422606949	-0.35793422606949	3.825
o2_S0	2.05	500	-0.254148047949488	Oxygen response	8	o2_S0 | Low-burden effective O2 supply	Low-burden effective oxygen supply (o2_S0)	13	7	Negative peak rho	2	5	0.35793422606949	-0.35793422606949	3.825
o2_S0	2.075	500	-0.255258210205692	Oxygen response	8	o2_S0 | Low-burden effective O2 supply	Low-burden effective oxygen supply (o2_S0)	13	7	Negative peak rho	2	5	0.35793422606949	-0.35793422606949	3.825
o2_S0	2.1	500	-0.257764151764169	Oxygen response	8	o2_S0 | Low-burden effective O2 supply	Low-burden effective oxygen supply (o2_S0)	13	7	Negative peak rho	2	5	0.35793422606949	-0.35793422606949	3.825
o2_S0	2.125	500	-0.261946641381634	Oxygen response	8	o2_S0 | Low-burden effective O2 supply	Low-burden effective oxygen supply (o2_S0)	13	7	Negative peak rho	2	5	0.35793422606949	-0.35793422606949	3.825
o2_S0	2.15	500	-0.264900641680951	Oxygen response	8	o2_S0 | Low-burden effective O2 supply	Low-burden effective oxygen supply (o2_S0)	13	7	Negative peak rho	2	5	0.35793422606949	-0.35793422606949	3.825
o2_S0	2.175	500	-0.266606663498978	Oxygen response	8	o2_S0 | Low-burden effective O2 supply	Low-burden effective oxygen supply (o2_S0)	13	7	Negative peak rho	2	5	0.35793422606949	-0.35793422606949	3.825
o2_S0	2.2	500	-0.269663821954934	Oxygen response	8	o2_S0 | Low-burden effective O2 supply	Low-burden effective oxygen supply (o2_S0)	13	7	Negative peak rho	2	5	0.35793422606949	-0.35793422606949	3.825
o2_S0	2.225	500	-0.27061413467107	Oxygen response	8	o2_S0 | Low-burden effective O2 supply	Low-burden effective oxygen supply (o2_S0)	13	7	Negative peak rho	2	5	0.35793422606949	-0.35793422606949	3.825
o2_S0	2.25	500	-0.272457684696993	Oxygen response	8	o2_S0 | Low-burden effective O2 supply	Low-burden effective oxygen supply (o2_S0)	13	7	Negative peak rho	2	5	0.35793422606949	-0.35793422606949	3.825
o2_S0	2.275	500	-0.274126984323383	Oxygen response	8	o2_S0 | Low-burden effective O2 supply	Low-burden effective oxygen supply (o2_S0)	13	7	Negative peak rho	2	5	0.35793422606949	-0.35793422606949	3.825
o2_S0	2.3	500	-0.276205844392974	Oxygen response	8	o2_S0 | Low-burden effective O2 supply	Low-burden effective oxygen supply (o2_S0)	13	7	Negative peak rho	2	5	0.35793422606949	-0.35793422606949	3.825
o2_S0	2.325	500	-0.277889544878829	Oxygen response	8	o2_S0 | Low-burden effective O2 supply	Low-burden effective oxygen supply (o2_S0)	13	7	Negative peak rho	2	5	0.35793422606949	-0.35793422606949	3.825
o2_S0	2.35	500	-0.284724720812725	Oxygen response	8	o2_S0 | Low-burden effective O2 supply	Low-burden effective oxygen supply (o2_S0)	13	7	Negative peak rho	2	5	0.35793422606949	-0.35793422606949	3.825
o2_S0	2.375	500	-0.286574607216814	Oxygen response	8	o2_S0 | Low-burden effective O2 supply	Low-burden effective oxygen supply (o2_S0)	13	7	Negative peak rho	2	5	0.35793422606949	-0.35793422606949	3.825
o2_S0	2.4	500	-0.292144667646655	Oxygen response	8	o2_S0 | Low-burden effective O2 supply	Low-burden effective oxygen supply (o2_S0)	13	7	Negative peak rho	2	5	0.35793422606949	-0.35793422606949	3.825
o2_S0	2.425	500	-0.294239224653064	Oxygen response	8	o2_S0 | Low-burden effective O2 supply	Low-burden effective oxygen supply (o2_S0)	13	7	Negative peak rho	2	5	0.35793422606949	-0.35793422606949	3.825
o2_S0	2.45	500	-0.298826618435836	Oxygen response	8	o2_S0 | Low-burden effective O2 supply	Low-burden effective oxygen supply (o2_S0)	13	7	Negative peak rho	2	5	0.35793422606949	-0.35793422606949	3.825
o2_S0	2.475	500	-0.301938740172086	Oxygen response	8	o2_S0 | Low-burden effective O2 supply	Low-burden effective oxygen supply (o2_S0)	13	7	Negative peak rho	2	5	0.35793422606949	-0.35793422606949	3.825
o2_S0	2.5	500	-0.307485711223918	Oxygen response	8	o2_S0 | Low-burden effective O2 supply	Low-burden effective oxygen supply (o2_S0)	13	7	Negative peak rho	2	5	0.35793422606949	-0.35793422606949	3.825
o2_S0	2.525	500	-0.315797887307472	Oxygen response	8	o2_S0 | Low-burden effective O2 supply	Low-burden effective oxygen supply (o2_S0)	13	7	Negative peak rho	2	5	0.35793422606949	-0.35793422606949	3.825
o2_S0	2.55	500	-0.316950004067586	Oxygen response	8	o2_S0 | Low-burden effective O2 supply	Low-burden effective oxygen supply (o2_S0)	13	7	Negative peak rho	2	5	0.35793422606949	-0.35793422606949	3.825
o2_S0	2.575	500	-0.319513069035277	Oxygen response	8	o2_S0 | Low-burden effective O2 supply	Low-burden effective oxygen supply (o2_S0)	13	7	Negative peak rho	2	5	0.35793422606949	-0.35793422606949	3.825
o2_S0	2.6	500	-0.320723029247578	Oxygen response	8	o2_S0 | Low-burden effective O2 supply	Low-burden effective oxygen supply (o2_S0)	13	7	Negative peak rho	2	5	0.35793422606949	-0.35793422606949	3.825
o2_S0	2.625	500	-0.321224515177036	Oxygen response	8	o2_S0 | Low-burden effective O2 supply	Low-burden effective oxygen supply (o2_S0)	13	7	Negative peak rho	2	5	0.35793422606949	-0.35793422606949	3.825
o2_S0	2.65	500	-0.322271505663051	Oxygen response	8	o2_S0 | Low-burden effective O2 supply	Low-burden effective oxygen supply (o2_S0)	13	7	Negative peak rho	2	5	0.35793422606949	-0.35793422606949	3.825
o2_S0	2.675	500	-0.334344274184592	Oxygen response	8	o2_S0 | Low-burden effective O2 supply	Low-burden effective oxygen supply (o2_S0)	13	7	Negative peak rho	2	5	0.35793422606949	-0.35793422606949	3.825
o2_S0	2.7	500	-0.335248360141843	Oxygen response	8	o2_S0 | Low-burden effective O2 supply	Low-burden effective oxygen supply (o2_S0)	13	7	Negative peak rho	2	5	0.35793422606949	-0.35793422606949	3.825
o2_S0	2.725	500	-0.336126332540597	Oxygen response	8	o2_S0 | Low-burden effective O2 supply	Low-burden effective oxygen supply (o2_S0)	13	7	Negative peak rho	2	5	0.35793422606949	-0.35793422606949	3.825
o2_S0	2.75	500	-0.339597995734838	Oxygen response	8	o2_S0 | Low-burden effective O2 supply	Low-burden effective oxygen supply (o2_S0)	13	7	Negative peak rho	2	5	0.35793422606949	-0.35793422606949	3.825
o2_S0	2.775	500	-0.340021957037506	Oxygen response	8	o2_S0 | Low-burden effective O2 supply	Low-burden effective oxygen supply (o2_S0)	13	7	Negative peak rho	2	5	0.35793422606949	-0.35793422606949	3.825
o2_S0	2.8	500	-0.340540820004052	Oxygen response	8	o2_S0 | Low-burden effective O2 supply	Low-burden effective oxygen supply (o2_S0)	13	7	Negative peak rho	2	5	0.35793422606949	-0.35793422606949	3.825
o2_S0	2.825	500	-0.340781938394372	Oxygen response	8	o2_S0 | Low-burden effective O2 supply	Low-burden effective oxygen supply (o2_S0)	13	7	Negative peak rho	2	5	0.35793422606949	-0.35793422606949	3.825
o2_S0	2.85	500	-0.338317183293966	Oxygen response	8	o2_S0 | Low-burden effective O2 supply	Low-burden effective oxygen supply (o2_S0)	13	7	Negative peak rho	2	5	0.35793422606949	-0.35793422606949	3.825
o2_S0	2.875	500	-0.340188670987253	Oxygen response	8	o2_S0 | Low-burden effective O2 supply	Low-burden effective oxygen supply (o2_S0)	13	7	Negative peak rho	2	5	0.35793422606949	-0.35793422606949	3.825
o2_S0	2.9	500	-0.340848086342184	Oxygen response	8	o2_S0 | Low-burden effective O2 supply	Low-burden effective oxygen supply (o2_S0)	13	7	Negative peak rho	2	5	0.35793422606949	-0.35793422606949	3.825
o2_S0	2.925	500	-0.341030641237343	Oxygen response	8	o2_S0 | Low-burden effective O2 supply	Low-burden effective oxygen supply (o2_S0)	13	7	Negative peak rho	2	5	0.35793422606949	-0.35793422606949	3.825
o2_S0	2.95	500	-0.337829282175271	Oxygen response	8	o2_S0 | Low-burden effective O2 supply	Low-burden effective oxygen supply (o2_S0)	13	7	Negative peak rho	2	5	0.35793422606949	-0.35793422606949	3.825
o2_S0	2.975	500	-0.338197656160402	Oxygen response	8	o2_S0 | Low-burden effective O2 supply	Low-burden effective oxygen supply (o2_S0)	13	7	Negative peak rho	2	5	0.35793422606949	-0.35793422606949	3.825
o2_S0	3	500	-0.338254875575345	Oxygen response	8	o2_S0 | Low-burden effective O2 supply	Low-burden effective oxygen supply (o2_S0)	13	7	Negative peak rho	2	5	0.35793422606949	-0.35793422606949	3.825
o2_S0	3.025	500	-0.335210053855665	Oxygen response	8	o2_S0 | Low-burden effective O2 supply	Low-burden effective oxygen supply (o2_S0)	13	7	Negative peak rho	2	5	0.35793422606949	-0.35793422606949	3.825
o2_S0	3.05	500	-0.336600936865719	Oxygen response	8	o2_S0 | Low-burden effective O2 supply	Low-burden effective oxygen supply (o2_S0)	13	7	Negative peak rho	2	5	0.35793422606949	-0.35793422606949	3.825
o2_S0	3.075	500	-0.337187771888943	Oxygen response	8	o2_S0 | Low-burden effective O2 supply	Low-burden effective oxygen supply (o2_S0)	13	7	Negative peak rho	2	5	0.35793422606949	-0.35793422606949	3.825
o2_S0	3.1	500	-0.337472764897767	Oxygen response	8	o2_S0 | Low-burden effective O2 supply	Low-burden effective oxygen supply (o2_S0)	13	7	Negative peak rho	2	5	0.35793422606949	-0.35793422606949	3.825
o2_S0	3.125	500	-0.338350929307981	Oxygen response	8	o2_S0 | Low-burden effective O2 supply	Low-burden effective oxygen supply (o2_S0)	13	7	Negative peak rho	2	5	0.35793422606949	-0.35793422606949	3.825
o2_S0	3.15	500	-0.338014861250918	Oxygen response	8	o2_S0 | Low-burden effective O2 supply	Low-burden effective oxygen supply (o2_S0)	13	7	Negative peak rho	2	5	0.35793422606949	-0.35793422606949	3.825
o2_S0	3.175	500	-0.339431473796551	Oxygen response	8	o2_S0 | Low-burden effective O2 supply	Low-burden effective oxygen supply (o2_S0)	13	7	Negative peak rho	2	5	0.35793422606949	-0.35793422606949	3.825
o2_S0	3.2	500	-0.340306950046331	Oxygen response	8	o2_S0 | Low-burden effective O2 supply	Low-burden effective oxygen supply (o2_S0)	13	7	Negative peak rho	2	5	0.35793422606949	-0.35793422606949	3.825
o2_S0	3.225	500	-0.340402091724534	Oxygen response	8	o2_S0 | Low-burden effective O2 supply	Low-burden effective oxygen supply (o2_S0)	13	7	Negative peak rho	2	5	0.35793422606949	-0.35793422606949	3.825
o2_S0	3.25	500	-0.341196875158441	Oxygen response	8	o2_S0 | Low-burden effective O2 supply	Low-burden effective oxygen supply (o2_S0)	13	7	Negative peak rho	2	5	0.35793422606949	-0.35793422606949	3.825
o2_S0	3.275	500	-0.340162557428755	Oxygen response	8	o2_S0 | Low-burden effective O2 supply	Low-burden effective oxygen supply (o2_S0)	13	7	Negative peak rho	2	5	0.35793422606949	-0.35793422606949	3.825
o2_S0	3.3	500	-0.341430841121892	Oxygen response	8	o2_S0 | Low-burden effective O2 supply	Low-burden effective oxygen supply (o2_S0)	13	7	Negative peak rho	2	5	0.35793422606949	-0.35793422606949	3.825
o2_S0	3.325	500	-0.344352007461628	Oxygen response	8	o2_S0 | Low-burden effective O2 supply	Low-burden effective oxygen supply (o2_S0)	13	7	Negative peak rho	2	5	0.35793422606949	-0.35793422606949	3.825
o2_S0	3.35	500	-0.344906152533865	Oxygen response	8	o2_S0 | Low-burden effective O2 supply	Low-burden effective oxygen supply (o2_S0)	13	7	Negative peak rho	2	5	0.35793422606949	-0.35793422606949	3.825
o2_S0	3.375	500	-0.34511155679271	Oxygen response	8	o2_S0 | Low-burden effective O2 supply	Low-burden effective oxygen supply (o2_S0)	13	7	Negative peak rho	2	5	0.35793422606949	-0.35793422606949	3.825
o2_S0	3.4	500	-0.344592693826163	Oxygen response	8	o2_S0 | Low-burden effective O2 supply	Low-burden effective oxygen supply (o2_S0)	13	7	Negative peak rho	2	5	0.35793422606949	-0.35793422606949	3.825
o2_S0	3.425	500	-0.347686958496676	Oxygen response	8	o2_S0 | Low-burden effective O2 supply	Low-burden effective oxygen supply (o2_S0)	13	7	Negative peak rho	2	5	0.35793422606949	-0.35793422606949	3.825
o2_S0	3.45	500	-0.347808693762025	Oxygen response	8	o2_S0 | Low-burden effective O2 supply	Low-burden effective oxygen supply (o2_S0)	13	7	Negative peak rho	2	5	0.35793422606949	-0.35793422606949	3.825
o2_S0	3.475	500	-0.348454668314788	Oxygen response	8	o2_S0 | Low-burden effective O2 supply	Low-burden effective oxygen supply (o2_S0)	13	7	Negative peak rho	2	5	0.35793422606949	-0.35793422606949	3.825
o2_S0	3.5	500	-0.347969071333607	Oxygen response	8	o2_S0 | Low-burden effective O2 supply	Low-burden effective oxygen supply (o2_S0)	13	7	Negative peak rho	2	5	0.35793422606949	-0.35793422606949	3.825
o2_S0	3.525	500	-0.347609049846967	Oxygen response	8	o2_S0 | Low-burden effective O2 supply	Low-burden effective oxygen supply (o2_S0)	13	7	Negative peak rho	2	5	0.35793422606949	-0.35793422606949	3.825
o2_S0	3.55	500	-0.348724636426903	Oxygen response	8	o2_S0 | Low-burden effective O2 supply	Low-burden effective oxygen supply (o2_S0)	13	7	Negative peak rho	2	5	0.35793422606949	-0.35793422606949	3.825
o2_S0	3.575	500	-0.349154502081952	Oxygen response	8	o2_S0 | Low-burden effective O2 supply	Low-burden effective oxygen supply (o2_S0)	13	7	Negative peak rho	2	5	0.35793422606949	-0.35793422606949	3.825
o2_S0	3.6	500	-0.349634818747995	Oxygen response	8	o2_S0 | Low-burden effective O2 supply	Low-burden effective oxygen supply (o2_S0)	13	7	Negative peak rho	2	5	0.35793422606949	-0.35793422606949	3.825
o2_S0	3.625	500	-0.350214933370135	Oxygen response	8	o2_S0 | Low-burden effective O2 supply	Low-burden effective oxygen supply (o2_S0)	13	7	Negative peak rho	2	5	0.35793422606949	-0.35793422606949	3.825
o2_S0	3.65	500	-0.3509354083692	Oxygen response	8	o2_S0 | Low-burden effective O2 supply	Low-burden effective oxygen supply (o2_S0)	13	7	Negative peak rho	2	5	0.35793422606949	-0.35793422606949	3.825
o2_S0	3.675	500	-0.351626889637874	Oxygen response	8	o2_S0 | Low-burden effective O2 supply	Low-burden effective oxygen supply (o2_S0)	13	7	Negative peak rho	2	5	0.35793422606949	-0.35793422606949	3.825
o2_S0	3.7	500	-0.35442219246588	Oxygen response	8	o2_S0 | Low-burden effective O2 supply	Low-burden effective oxygen supply (o2_S0)	13	7	Negative peak rho	2	5	0.35793422606949	-0.35793422606949	3.825
o2_S0	3.725	500	-0.351719007135589	Oxygen response	8	o2_S0 | Low-burden effective O2 supply	Low-burden effective oxygen supply (o2_S0)	13	7	Negative peak rho	2	5	0.35793422606949	-0.35793422606949	3.825
o2_S0	3.75	500	-0.356381765416232	Oxygen response	8	o2_S0 | Low-burden effective O2 supply	Low-burden effective oxygen supply (o2_S0)	13	7	Negative peak rho	2	5	0.35793422606949	-0.35793422606949	3.825
o2_S0	3.775	500	-0.35677615695413	Oxygen response	8	o2_S0 | Low-burden effective O2 supply	Low-burden effective oxygen supply (o2_S0)	13	7	Negative peak rho	2	5	0.35793422606949	-0.35793422606949	3.825
o2_S0	3.8	500	-0.357256857643092	Oxygen response	8	o2_S0 | Low-burden effective O2 supply	Low-burden effective oxygen supply (o2_S0)	13	7	Negative peak rho	2	5	0.35793422606949	-0.35793422606949	3.825
o2_S0	3.825	500	-0.35793422606949	Oxygen response	8	o2_S0 | Low-burden effective O2 supply	Low-burden effective oxygen supply (o2_S0)	13	7	Negative peak rho	2	5	0.35793422606949	-0.35793422606949	3.825
o2_S0	3.85	500	-0.357372832564655	Oxygen response	8	o2_S0 | Low-burden effective O2 supply	Low-burden effective oxygen supply (o2_S0)	13	7	Negative peak rho	2	5	0.35793422606949	-0.35793422606949	3.825
o2_S0	3.875	500	-0.353928242986209	Oxygen response	8	o2_S0 | Low-burden effective O2 supply	Low-burden effective oxygen supply (o2_S0)	13	7	Negative peak rho	2	5	0.35793422606949	-0.35793422606949	3.825
o2_S0	3.9	500	-0.354072203578001	Oxygen response	8	o2_S0 | Low-burden effective O2 supply	Low-burden effective oxygen supply (o2_S0)	13	7	Negative peak rho	2	5	0.35793422606949	-0.35793422606949	3.825
o2_S0	3.925	500	-0.353786778543392	Oxygen response	8	o2_S0 | Low-burden effective O2 supply	Low-burden effective oxygen supply (o2_S0)	13	7	Negative peak rho	2	5	0.35793422606949	-0.35793422606949	3.825
o2_S0	3.95	500	-0.350581963275049	Oxygen response	8	o2_S0 | Low-burden effective O2 supply	Low-burden effective oxygen supply (o2_S0)	13	7	Negative peak rho	2	5	0.35793422606949	-0.35793422606949	3.825
o2_S0	3.975	500	-0.350415969368275	Oxygen response	8	o2_S0 | Low-burden effective O2 supply	Low-burden effective oxygen supply (o2_S0)	13	7	Negative peak rho	2	5	0.35793422606949	-0.35793422606949	3.825
o2_S0	4	500	-0.350446019161693	Oxygen response	8	o2_S0 | Low-burden effective O2 supply	Low-burden effective oxygen supply (o2_S0)	13	7	Negative peak rho	2	5	0.35793422606949	-0.35793422606949	3.825
o2_S0	4.025	500	-0.35008095737424	Oxygen response	8	o2_S0 | Low-burden effective O2 supply	Low-burden effective oxygen supply (o2_S0)	13	7	Negative peak rho	2	5	0.35793422606949	-0.35793422606949	3.825
o2_S0	4.05	500	-0.348451932151489	Oxygen response	8	o2_S0 | Low-burden effective O2 supply	Low-burden effective oxygen supply (o2_S0)	13	7	Negative peak rho	2	5	0.35793422606949	-0.35793422606949	3.825
o2_S0	4.075	500	-0.349474681190737	Oxygen response	8	o2_S0 | Low-burden effective O2 supply	Low-burden effective oxygen supply (o2_S0)	13	7	Negative peak rho	2	5	0.35793422606949	-0.35793422606949	3.825
o2_S0	4.1	500	-0.349748873554963	Oxygen response	8	o2_S0 | Low-burden effective O2 supply	Low-burden effective oxygen supply (o2_S0)	13	7	Negative peak rho	2	5	0.35793422606949	-0.35793422606949	3.825
o2_S0	4.125	500	-0.350052779692552	Oxygen response	8	o2_S0 | Low-burden effective O2 supply	Low-burden effective oxygen supply (o2_S0)	13	7	Negative peak rho	2	5	0.35793422606949	-0.35793422606949	3.825
o2_S0	4.15	500	-0.350337292672728	Oxygen response	8	o2_S0 | Low-burden effective O2 supply	Low-burden effective oxygen supply (o2_S0)	13	7	Negative peak rho	2	5	0.35793422606949	-0.35793422606949	3.825
o2_S0	4.175	500	-0.350578027040128	Oxygen response	8	o2_S0 | Low-burden effective O2 supply	Low-burden effective oxygen supply (o2_S0)	13	7	Negative peak rho	2	5	0.35793422606949	-0.35793422606949	3.825
o2_S0	4.2	500	-0.350791495780274	Oxygen response	8	o2_S0 | Low-burden effective O2 supply	Low-burden effective oxygen supply (o2_S0)	13	7	Negative peak rho	2	5	0.35793422606949	-0.35793422606949	3.825
o2_S0	4.225	500	-0.351615128935977	Oxygen response	8	o2_S0 | Low-burden effective O2 supply	Low-burden effective oxygen supply (o2_S0)	13	7	Negative peak rho	2	5	0.35793422606949	-0.35793422606949	3.825
o2_S0	4.25	500	-0.351594103681157	Oxygen response	8	o2_S0 | Low-burden effective O2 supply	Low-burden effective oxygen supply (o2_S0)	13	7	Negative peak rho	2	5	0.35793422606949	-0.35793422606949	3.825
o2_S0	4.275	500	-0.352441834275033	Oxygen response	8	o2_S0 | Low-burden effective O2 supply	Low-burden effective oxygen supply (o2_S0)	13	7	Negative peak rho	2	5	0.35793422606949	-0.35793422606949	3.825
o2_S0	4.3	500	-0.352596403499964	Oxygen response	8	o2_S0 | Low-burden effective O2 supply	Low-burden effective oxygen supply (o2_S0)	13	7	Negative peak rho	2	5	0.35793422606949	-0.35793422606949	3.825
o2_S0	4.325	500	-0.352729371435697	Oxygen response	8	o2_S0 | Low-burden effective O2 supply	Low-burden effective oxygen supply (o2_S0)	13	7	Negative peak rho	2	5	0.35793422606949	-0.35793422606949	3.825
o2_S0	4.35	500	-0.352962713361905	Oxygen response	8	o2_S0 | Low-burden effective O2 supply	Low-burden effective oxygen supply (o2_S0)	13	7	Negative peak rho	2	5	0.35793422606949	-0.35793422606949	3.825
o2_S0	4.375	500	-0.35306956773914	Oxygen response	8	o2_S0 | Low-burden effective O2 supply	Low-burden effective oxygen supply (o2_S0)	13	7	Negative peak rho	2	5	0.35793422606949	-0.35793422606949	3.825
o2_S0	4.4	500	-0.353210456147578	Oxygen response	8	o2_S0 | Low-burden effective O2 supply	Low-burden effective oxygen supply (o2_S0)	13	7	Negative peak rho	2	5	0.35793422606949	-0.35793422606949	3.825
o2_S0	4.425	500	-0.353224761001314	Oxygen response	8	o2_S0 | Low-burden effective O2 supply	Low-burden effective oxygen supply (o2_S0)	13	7	Negative peak rho	2	5	0.35793422606949	-0.35793422606949	3.825
o2_S0	4.45	500	-0.353112338291752	Oxygen response	8	o2_S0 | Low-burden effective O2 supply	Low-burden effective oxygen supply (o2_S0)	13	7	Negative peak rho	2	5	0.35793422606949	-0.35793422606949	3.825
o2_S0	4.475	500	-0.353001739691057	Oxygen response	8	o2_S0 | Low-burden effective O2 supply	Low-burden effective oxygen supply (o2_S0)	13	7	Negative peak rho	2	5	0.35793422606949	-0.35793422606949	3.825
o2_S0	4.5	500	-0.352888260918467	Oxygen response	8	o2_S0 | Low-burden effective O2 supply	Low-burden effective oxygen supply (o2_S0)	13	7	Negative peak rho	2	5	0.35793422606949	-0.35793422606949	3.825
o2_S0	4.525	500	-0.353274587975065	Oxygen response	8	o2_S0 | Low-burden effective O2 supply	Low-burden effective oxygen supply (o2_S0)	13	7	Negative peak rho	2	5	0.35793422606949	-0.35793422606949	3.825
o2_S0	4.55	500	-0.354560008690966	Oxygen response	8	o2_S0 | Low-burden effective O2 supply	Low-burden effective oxygen supply (o2_S0)	13	7	Negative peak rho	2	5	0.35793422606949	-0.35793422606949	3.825
o2_S0	4.575	500	-0.354057418695616	Oxygen response	8	o2_S0 | Low-burden effective O2 supply	Low-burden effective oxygen supply (o2_S0)	13	7	Negative peak rho	2	5	0.35793422606949	-0.35793422606949	3.825
o2_S0	4.6	500	-0.354216980218495	Oxygen response	8	o2_S0 | Low-burden effective O2 supply	Low-burden effective oxygen supply (o2_S0)	13	7	Negative peak rho	2	5	0.35793422606949	-0.35793422606949	3.825
o2_S0	4.625	500	-0.35424640597467	Oxygen response	8	o2_S0 | Low-burden effective O2 supply	Low-burden effective oxygen supply (o2_S0)	13	7	Negative peak rho	2	5	0.35793422606949	-0.35793422606949	3.825
o2_S0	4.65	500	-0.354057274687021	Oxygen response	8	o2_S0 | Low-burden effective O2 supply	Low-burden effective oxygen supply (o2_S0)	13	7	Negative peak rho	2	5	0.35793422606949	-0.35793422606949	3.825
o2_S0	4.675	500	-0.353473271832826	Oxygen response	8	o2_S0 | Low-burden effective O2 supply	Low-burden effective oxygen supply (o2_S0)	13	7	Negative peak rho	2	5	0.35793422606949	-0.35793422606949	3.825
o2_S0	4.7	500	-0.353669411538747	Oxygen response	8	o2_S0 | Low-burden effective O2 supply	Low-burden effective oxygen supply (o2_S0)	13	7	Negative peak rho	2	5	0.35793422606949	-0.35793422606949	3.825
o2_S0	4.725	500	-0.353733495363369	Oxygen response	8	o2_S0 | Low-burden effective O2 supply	Low-burden effective oxygen supply (o2_S0)	13	7	Negative peak rho	2	5	0.35793422606949	-0.35793422606949	3.825
o2_S0	4.75	500	-0.353642097908628	Oxygen response	8	o2_S0 | Low-burden effective O2 supply	Low-burden effective oxygen supply (o2_S0)	13	7	Negative peak rho	2	5	0.35793422606949	-0.35793422606949	3.825
o2_S0	4.775	500	-0.354011191936731	Oxygen response	8	o2_S0 | Low-burden effective O2 supply	Low-burden effective oxygen supply (o2_S0)	13	7	Negative peak rho	2	5	0.35793422606949	-0.35793422606949	3.825
o2_S0	4.8	500	-0.354167345256204	Oxygen response	8	o2_S0 | Low-burden effective O2 supply	Low-burden effective oxygen supply (o2_S0)	13	7	Negative peak rho	2	5	0.35793422606949	-0.35793422606949	3.825
o2_S0	4.825	500	-0.353878127995269	Oxygen response	8	o2_S0 | Low-burden effective O2 supply	Low-burden effective oxygen supply (o2_S0)	13	7	Negative peak rho	2	5	0.35793422606949	-0.35793422606949	3.825
o2_S0	4.85	500	-0.353190486955786	Oxygen response	8	o2_S0 | Low-burden effective O2 supply	Low-burden effective oxygen supply (o2_S0)	13	7	Negative peak rho	2	5	0.35793422606949	-0.35793422606949	3.825
o2_S0	4.875	500	-0.34831546000662	Oxygen response	8	o2_S0 | Low-burden effective O2 supply	Low-burden effective oxygen supply (o2_S0)	13	7	Negative peak rho	2	5	0.35793422606949	-0.35793422606949	3.825
o2_S0	4.9	500	-0.349428934460502	Oxygen response	8	o2_S0 | Low-burden effective O2 supply	Low-burden effective oxygen supply (o2_S0)	13	7	Negative peak rho	2	5	0.35793422606949	-0.35793422606949	3.825
o2_S0	4.925	500	-0.349865232499445	Oxygen response	8	o2_S0 | Low-burden effective O2 supply	Low-burden effective oxygen supply (o2_S0)	13	7	Negative peak rho	2	5	0.35793422606949	-0.35793422606949	3.825
o2_S0	4.95	500	-0.349807725067312	Oxygen response	8	o2_S0 | Low-burden effective O2 supply	Low-burden effective oxygen supply (o2_S0)	13	7	Negative peak rho	2	5	0.35793422606949	-0.35793422606949	3.825
o2_S0	4.975	500	-0.349507659158914	Oxygen response	8	o2_S0 | Low-burden effective O2 supply	Low-burden effective oxygen supply (o2_S0)	13	7	Negative peak rho	2	5	0.35793422606949	-0.35793422606949	3.825
o2_S0	5	500	-0.348883813926863	Oxygen response	8	o2_S0 | Low-burden effective O2 supply	Low-burden effective oxygen supply (o2_S0)	13	7	Negative peak rho	2	5	0.35793422606949	-0.35793422606949	3.825
k_o_mis	0	500	-0.11611924021421	Stress-linked missegregation	5	k_o_mis | Stress-linked missegregation half-saturation	Stress-linked missegregation half-saturation scale (k_o_mis)	14	9	Negative peak rho	2	6	0.254246771025564	-0.254246771025564	0.45
k_o_mis	0.025	500	-0.11200686979079	Stress-linked missegregation	5	k_o_mis | Stress-linked missegregation half-saturation	Stress-linked missegregation half-saturation scale (k_o_mis)	14	9	Negative peak rho	2	6	0.254246771025564	-0.254246771025564	0.45
k_o_mis	0.05	500	-0.11528845249228	Stress-linked missegregation	5	k_o_mis | Stress-linked missegregation half-saturation	Stress-linked missegregation half-saturation scale (k_o_mis)	14	9	Negative peak rho	2	6	0.254246771025564	-0.254246771025564	0.45
k_o_mis	0.075	500	-0.118613043386448	Stress-linked missegregation	5	k_o_mis | Stress-linked missegregation half-saturation	Stress-linked missegregation half-saturation scale (k_o_mis)	14	9	Negative peak rho	2	6	0.254246771025564	-0.254246771025564	0.45
k_o_mis	0.1	500	-0.118777396122748	Stress-linked missegregation	5	k_o_mis | Stress-linked missegregation half-saturation	Stress-linked missegregation half-saturation scale (k_o_mis)	14	9	Negative peak rho	2	6	0.254246771025564	-0.254246771025564	0.45
k_o_mis	0.125	500	-0.123277608283699	Stress-linked missegregation	5	k_o_mis | Stress-linked missegregation half-saturation	Stress-linked missegregation half-saturation scale (k_o_mis)	14	9	Negative peak rho	2	6	0.254246771025564	-0.254246771025564	0.45
k_o_mis	0.15	500	-0.136949605534249	Stress-linked missegregation	5	k_o_mis | Stress-linked missegregation half-saturation	Stress-linked missegregation half-saturation scale (k_o_mis)	14	9	Negative peak rho	2	6	0.254246771025564	-0.254246771025564	0.45
k_o_mis	0.175	500	-0.150675747027364	Stress-linked missegregation	5	k_o_mis | Stress-linked missegregation half-saturation	Stress-linked missegregation half-saturation scale (k_o_mis)	14	9	Negative peak rho	2	6	0.254246771025564	-0.254246771025564	0.45
k_o_mis	0.2	500	-0.155904698453067	Stress-linked missegregation	5	k_o_mis | Stress-linked missegregation half-saturation	Stress-linked missegregation half-saturation scale (k_o_mis)	14	9	Negative peak rho	2	6	0.254246771025564	-0.254246771025564	0.45
k_o_mis	0.225	500	-0.171345887629596	Stress-linked missegregation	5	k_o_mis | Stress-linked missegregation half-saturation	Stress-linked missegregation half-saturation scale (k_o_mis)	14	9	Negative peak rho	2	6	0.254246771025564	-0.254246771025564	0.45
k_o_mis	0.25	500	-0.188234859292191	Stress-linked missegregation	5	k_o_mis | Stress-linked missegregation half-saturation	Stress-linked missegregation half-saturation scale (k_o_mis)	14	9	Negative peak rho	2	6	0.254246771025564	-0.254246771025564	0.45
k_o_mis	0.275	500	-0.198601369734159	Stress-linked missegregation	5	k_o_mis | Stress-linked missegregation half-saturation	Stress-linked missegregation half-saturation scale (k_o_mis)	14	9	Negative peak rho	2	6	0.254246771025564	-0.254246771025564	0.45
k_o_mis	0.3	500	-0.201993544931105	Stress-linked missegregation	5	k_o_mis | Stress-linked missegregation half-saturation	Stress-linked missegregation half-saturation scale (k_o_mis)	14	9	Negative peak rho	2	6	0.254246771025564	-0.254246771025564	0.45
k_o_mis	0.325	500	-0.212422455652626	Stress-linked missegregation	5	k_o_mis | Stress-linked missegregation half-saturation	Stress-linked missegregation half-saturation scale (k_o_mis)	14	9	Negative peak rho	2	6	0.254246771025564	-0.254246771025564	0.45
k_o_mis	0.35	500	-0.226611511219596	Stress-linked missegregation	5	k_o_mis | Stress-linked missegregation half-saturation	Stress-linked missegregation half-saturation scale (k_o_mis)	14	9	Negative peak rho	2	6	0.254246771025564	-0.254246771025564	0.45
k_o_mis	0.375	500	-0.234566778859196	Stress-linked missegregation	5	k_o_mis | Stress-linked missegregation half-saturation	Stress-linked missegregation half-saturation scale (k_o_mis)	14	9	Negative peak rho	2	6	0.254246771025564	-0.254246771025564	0.45
k_o_mis	0.4	500	-0.245541452025733	Stress-linked missegregation	5	k_o_mis | Stress-linked missegregation half-saturation	Stress-linked missegregation half-saturation scale (k_o_mis)	14	9	Negative peak rho	2	6	0.254246771025564	-0.254246771025564	0.45
k_o_mis	0.425	500	-0.25263703581395	Stress-linked missegregation	5	k_o_mis | Stress-linked missegregation half-saturation	Stress-linked missegregation half-saturation scale (k_o_mis)	14	9	Negative peak rho	2	6	0.254246771025564	-0.254246771025564	0.45
k_o_mis	0.45	500	-0.254246771025564	Stress-linked missegregation	5	k_o_mis | Stress-linked missegregation half-saturation	Stress-linked missegregation half-saturation scale (k_o_mis)	14	9	Negative peak rho	2	6	0.254246771025564	-0.254246771025564	0.45
k_o_mis	0.475	500	-0.246278159326182	Stress-linked missegregation	5	k_o_mis | Stress-linked missegregation half-saturation	Stress-linked missegregation half-saturation scale (k_o_mis)	14	9	Negative peak rho	2	6	0.254246771025564	-0.254246771025564	0.45
k_o_mis	0.5	500	-0.234638299179607	Stress-linked missegregation	5	k_o_mis | Stress-linked missegregation half-saturation	Stress-linked missegregation half-saturation scale (k_o_mis)	14	9	Negative peak rho	2	6	0.254246771025564	-0.254246771025564	0.45
k_o_mis	0.525	500	-0.238427052153221	Stress-linked missegregation	5	k_o_mis | Stress-linked missegregation half-saturation	Stress-linked missegregation half-saturation scale (k_o_mis)	14	9	Negative peak rho	2	6	0.254246771025564	-0.254246771025564	0.45
k_o_mis	0.55	500	-0.240844918985265	Stress-linked missegregation	5	k_o_mis | Stress-linked missegregation half-saturation	Stress-linked missegregation half-saturation scale (k_o_mis)	14	9	Negative peak rho	2	6	0.254246771025564	-0.254246771025564	0.45
k_o_mis	0.575	500	-0.242059612427092	Stress-linked missegregation	5	k_o_mis | Stress-linked missegregation half-saturation	Stress-linked missegregation half-saturation scale (k_o_mis)	14	9	Negative peak rho	2	6	0.254246771025564	-0.254246771025564	0.45
k_o_mis	0.6	500	-0.25373892875043	Stress-linked missegregation	5	k_o_mis | Stress-linked missegregation half-saturation	Stress-linked missegregation half-saturation scale (k_o_mis)	14	9	Negative peak rho	2	6	0.254246771025564	-0.254246771025564	0.45
k_o_mis	0.625	500	-0.252211657908257	Stress-linked missegregation	5	k_o_mis | Stress-linked missegregation half-saturation	Stress-linked missegregation half-saturation scale (k_o_mis)	14	9	Negative peak rho	2	6	0.254246771025564	-0.254246771025564	0.45
k_o_mis	0.65	500	-0.250250945124263	Stress-linked missegregation	5	k_o_mis | Stress-linked missegregation half-saturation	Stress-linked missegregation half-saturation scale (k_o_mis)	14	9	Negative peak rho	2	6	0.254246771025564	-0.254246771025564	0.45
k_o_mis	0.675	500	-0.246302351434563	Stress-linked missegregation	5	k_o_mis | Stress-linked missegregation half-saturation	Stress-linked missegregation half-saturation scale (k_o_mis)	14	9	Negative peak rho	2	6	0.254246771025564	-0.254246771025564	0.45
k_o_mis	0.7	500	-0.237516776075184	Stress-linked missegregation	5	k_o_mis | Stress-linked missegregation half-saturation	Stress-linked missegregation half-saturation scale (k_o_mis)	14	9	Negative peak rho	2	6	0.254246771025564	-0.254246771025564	0.45
k_o_mis	0.725	500	-0.243083937016066	Stress-linked missegregation	5	k_o_mis | Stress-linked missegregation half-saturation	Stress-linked missegregation half-saturation scale (k_o_mis)	14	9	Negative peak rho	2	6	0.254246771025564	-0.254246771025564	0.45
k_o_mis	0.75	500	-0.230974922767681	Stress-linked missegregation	5	k_o_mis | Stress-linked missegregation half-saturation	Stress-linked missegregation half-saturation scale (k_o_mis)	14	9	Negative peak rho	2	6	0.254246771025564	-0.254246771025564	0.45
k_o_mis	0.775	500	-0.224508525798221	Stress-linked missegregation	5	k_o_mis | Stress-linked missegregation half-saturation	Stress-linked missegregation half-saturation scale (k_o_mis)	14	9	Negative peak rho	2	6	0.254246771025564	-0.254246771025564	0.45
k_o_mis	0.8	500	-0.230446248399219	Stress-linked missegregation	5	k_o_mis | Stress-linked missegregation half-saturation	Stress-linked missegregation half-saturation scale (k_o_mis)	14	9	Negative peak rho	2	6	0.254246771025564	-0.254246771025564	0.45
k_o_mis	0.825	500	-0.223364968675085	Stress-linked missegregation	5	k_o_mis | Stress-linked missegregation half-saturation	Stress-linked missegregation half-saturation scale (k_o_mis)	14	9	Negative peak rho	2	6	0.254246771025564	-0.254246771025564	0.45
k_o_mis	0.85	500	-0.220577404186796	Stress-linked missegregation	5	k_o_mis | Stress-linked missegregation half-saturation	Stress-linked missegregation half-saturation scale (k_o_mis)	14	9	Negative peak rho	2	6	0.254246771025564	-0.254246771025564	0.45
k_o_mis	0.875	500	-0.219725496370249	Stress-linked missegregation	5	k_o_mis | Stress-linked missegregation half-saturation	Stress-linked missegregation half-saturation scale (k_o_mis)	14	9	Negative peak rho	2	6	0.254246771025564	-0.254246771025564	0.45
k_o_mis	0.9	500	-0.212733017043941	Stress-linked missegregation	5	k_o_mis | Stress-linked missegregation half-saturation	Stress-linked missegregation half-saturation scale (k_o_mis)	14	9	Negative peak rho	2	6	0.254246771025564	-0.254246771025564	0.45
k_o_mis	0.925	500	-0.201126949048755	Stress-linked missegregation	5	k_o_mis | Stress-linked missegregation half-saturation	Stress-linked missegregation half-saturation scale (k_o_mis)	14	9	Negative peak rho	2	6	0.254246771025564	-0.254246771025564	0.45
k_o_mis	0.95	500	-0.190627862012844	Stress-linked missegregation	5	k_o_mis | Stress-linked missegregation half-saturation	Stress-linked missegregation half-saturation scale (k_o_mis)	14	9	Negative peak rho	2	6	0.254246771025564	-0.254246771025564	0.45
k_o_mis	0.975	500	-0.191425241585104	Stress-linked missegregation	5	k_o_mis | Stress-linked missegregation half-saturation	Stress-linked missegregation half-saturation scale (k_o_mis)	14	9	Negative peak rho	2	6	0.254246771025564	-0.254246771025564	0.45
k_o_mis	1	500	-0.197917270669395	Stress-linked missegregation	5	k_o_mis | Stress-linked missegregation half-saturation	Stress-linked missegregation half-saturation scale (k_o_mis)	14	9	Negative peak rho	2	6	0.254246771025564	-0.254246771025564	0.45
k_o_mis	1.025	500	-0.196315311492618	Stress-linked missegregation	5	k_o_mis | Stress-linked missegregation half-saturation	Stress-linked missegregation half-saturation scale (k_o_mis)	14	9	Negative peak rho	2	6	0.254246771025564	-0.254246771025564	0.45
k_o_mis	1.05	500	-0.197797750133943	Stress-linked missegregation	5	k_o_mis | Stress-linked missegregation half-saturation	Stress-linked missegregation half-saturation scale (k_o_mis)	14	9	Negative peak rho	2	6	0.254246771025564	-0.254246771025564	0.45
k_o_mis	1.075	500	-0.191672058690845	Stress-linked missegregation	5	k_o_mis | Stress-linked missegregation half-saturation	Stress-linked missegregation half-saturation scale (k_o_mis)	14	9	Negative peak rho	2	6	0.254246771025564	-0.254246771025564	0.45
k_o_mis	1.1	500	-0.19586084545661	Stress-linked missegregation	5	k_o_mis | Stress-linked missegregation half-saturation	Stress-linked missegregation half-saturation scale (k_o_mis)	14	9	Negative peak rho	2	6	0.254246771025564	-0.254246771025564	0.45
k_o_mis	1.125	500	-0.192832127887955	Stress-linked missegregation	5	k_o_mis | Stress-linked missegregation half-saturation	Stress-linked missegregation half-saturation scale (k_o_mis)	14	9	Negative peak rho	2	6	0.254246771025564	-0.254246771025564	0.45
k_o_mis	1.15	500	-0.16906510941171	Stress-linked missegregation	5	k_o_mis | Stress-linked missegregation half-saturation	Stress-linked missegregation half-saturation scale (k_o_mis)	14	9	Negative peak rho	2	6	0.254246771025564	-0.254246771025564	0.45
k_o_mis	1.175	500	-0.168668051632891	Stress-linked missegregation	5	k_o_mis | Stress-linked missegregation half-saturation	Stress-linked missegregation half-saturation scale (k_o_mis)	14	9	Negative peak rho	2	6	0.254246771025564	-0.254246771025564	0.45
k_o_mis	1.2	500	-0.160687055878029	Stress-linked missegregation	5	k_o_mis | Stress-linked missegregation half-saturation	Stress-linked missegregation half-saturation scale (k_o_mis)	14	9	Negative peak rho	2	6	0.254246771025564	-0.254246771025564	0.45
k_o_mis	1.225	500	-0.149728798785036	Stress-linked missegregation	5	k_o_mis | Stress-linked missegregation half-saturation	Stress-linked missegregation half-saturation scale (k_o_mis)	14	9	Negative peak rho	2	6	0.254246771025564	-0.254246771025564	0.45
k_o_mis	1.25	500	-0.150306913374989	Stress-linked missegregation	5	k_o_mis | Stress-linked missegregation half-saturation	Stress-linked missegregation half-saturation scale (k_o_mis)	14	9	Negative peak rho	2	6	0.254246771025564	-0.254246771025564	0.45
k_o_mis	1.275	500	-0.147115667078205	Stress-linked missegregation	5	k_o_mis | Stress-linked missegregation half-saturation	Stress-linked missegregation half-saturation scale (k_o_mis)	14	9	Negative peak rho	2	6	0.254246771025564	-0.254246771025564	0.45
k_o_mis	1.3	500	-0.146966098408138	Stress-linked missegregation	5	k_o_mis | Stress-linked missegregation half-saturation	Stress-linked missegregation half-saturation scale (k_o_mis)	14	9	Negative peak rho	2	6	0.254246771025564	-0.254246771025564	0.45
k_o_mis	1.325	500	-0.139219631703966	Stress-linked missegregation	5	k_o_mis | Stress-linked missegregation half-saturation	Stress-linked missegregation half-saturation scale (k_o_mis)	14	9	Negative peak rho	2	6	0.254246771025564	-0.254246771025564	0.45
k_o_mis	1.35	500	-0.140001939208704	Stress-linked missegregation	5	k_o_mis | Stress-linked missegregation half-saturation	Stress-linked missegregation half-saturation scale (k_o_mis)	14	9	Negative peak rho	2	6	0.254246771025564	-0.254246771025564	0.45
k_o_mis	1.375	500	-0.14068853428465	Stress-linked missegregation	5	k_o_mis | Stress-linked missegregation half-saturation	Stress-linked missegregation half-saturation scale (k_o_mis)	14	9	Negative peak rho	2	6	0.254246771025564	-0.254246771025564	0.45
k_o_mis	1.4	500	-0.1449181212332	Stress-linked missegregation	5	k_o_mis | Stress-linked missegregation half-saturation	Stress-linked missegregation half-saturation scale (k_o_mis)	14	9	Negative peak rho	2	6	0.254246771025564	-0.254246771025564	0.45
k_o_mis	1.425	500	-0.145727884860941	Stress-linked missegregation	5	k_o_mis | Stress-linked missegregation half-saturation	Stress-linked missegregation half-saturation scale (k_o_mis)	14	9	Negative peak rho	2	6	0.254246771025564	-0.254246771025564	0.45
k_o_mis	1.45	500	-0.138174955023814	Stress-linked missegregation	5	k_o_mis | Stress-linked missegregation half-saturation	Stress-linked missegregation half-saturation scale (k_o_mis)	14	9	Negative peak rho	2	6	0.254246771025564	-0.254246771025564	0.45
k_o_mis	1.475	500	-0.136508387557592	Stress-linked missegregation	5	k_o_mis | Stress-linked missegregation half-saturation	Stress-linked missegregation half-saturation scale (k_o_mis)	14	9	Negative peak rho	2	6	0.254246771025564	-0.254246771025564	0.45
k_o_mis	1.5	500	-0.134593754980038	Stress-linked missegregation	5	k_o_mis | Stress-linked missegregation half-saturation	Stress-linked missegregation half-saturation scale (k_o_mis)	14	9	Negative peak rho	2	6	0.254246771025564	-0.254246771025564	0.45
k_o_mis	1.525	500	-0.124422509412857	Stress-linked missegregation	5	k_o_mis | Stress-linked missegregation half-saturation	Stress-linked missegregation half-saturation scale (k_o_mis)	14	9	Negative peak rho	2	6	0.254246771025564	-0.254246771025564	0.45
k_o_mis	1.55	500	-0.118230097670851	Stress-linked missegregation	5	k_o_mis | Stress-linked missegregation half-saturation	Stress-linked missegregation half-saturation scale (k_o_mis)	14	9	Negative peak rho	2	6	0.254246771025564	-0.254246771025564	0.45
k_o_mis	1.575	500	-0.112103830225172	Stress-linked missegregation	5	k_o_mis | Stress-linked missegregation half-saturation	Stress-linked missegregation half-saturation scale (k_o_mis)	14	9	Negative peak rho	2	6	0.254246771025564	-0.254246771025564	0.45
k_o_mis	1.6	500	-0.115954599476619	Stress-linked missegregation	5	k_o_mis | Stress-linked missegregation half-saturation	Stress-linked missegregation half-saturation scale (k_o_mis)	14	9	Negative peak rho	2	6	0.254246771025564	-0.254246771025564	0.45
k_o_mis	1.625	500	-0.115312740601091	Stress-linked missegregation	5	k_o_mis | Stress-linked missegregation half-saturation	Stress-linked missegregation half-saturation scale (k_o_mis)	14	9	Negative peak rho	2	6	0.254246771025564	-0.254246771025564	0.45
k_o_mis	1.65	500	-0.113614780994232	Stress-linked missegregation	5	k_o_mis | Stress-linked missegregation half-saturation	Stress-linked missegregation half-saturation scale (k_o_mis)	14	9	Negative peak rho	2	6	0.254246771025564	-0.254246771025564	0.45
k_o_mis	1.675	500	-0.102055561208926	Stress-linked missegregation	5	k_o_mis | Stress-linked missegregation half-saturation	Stress-linked missegregation half-saturation scale (k_o_mis)	14	9	Negative peak rho	2	6	0.254246771025564	-0.254246771025564	0.45
k_o_mis	1.7	500	-0.0967923376296837	Stress-linked missegregation	5	k_o_mis | Stress-linked missegregation half-saturation	Stress-linked missegregation half-saturation scale (k_o_mis)	14	9	Negative peak rho	2	6	0.254246771025564	-0.254246771025564	0.45
k_o_mis	1.725	500	-0.0957871171262958	Stress-linked missegregation	5	k_o_mis | Stress-linked missegregation half-saturation	Stress-linked missegregation half-saturation scale (k_o_mis)	14	9	Negative peak rho	2	6	0.254246771025564	-0.254246771025564	0.45
k_o_mis	1.75	500	-0.109615595077879	Stress-linked missegregation	5	k_o_mis | Stress-linked missegregation half-saturation	Stress-linked missegregation half-saturation scale (k_o_mis)	14	9	Negative peak rho	2	6	0.254246771025564	-0.254246771025564	0.45
k_o_mis	1.775	500	-0.110871664705071	Stress-linked missegregation	5	k_o_mis | Stress-linked missegregation half-saturation	Stress-linked missegregation half-saturation scale (k_o_mis)	14	9	Negative peak rho	2	6	0.254246771025564	-0.254246771025564	0.45
k_o_mis	1.8	500	-0.109226601335187	Stress-linked missegregation	5	k_o_mis | Stress-linked missegregation half-saturation	Stress-linked missegregation half-saturation scale (k_o_mis)	14	9	Negative peak rho	2	6	0.254246771025564	-0.254246771025564	0.45
k_o_mis	1.825	500	-0.108207268768577	Stress-linked missegregation	5	k_o_mis | Stress-linked missegregation half-saturation	Stress-linked missegregation half-saturation scale (k_o_mis)	14	9	Negative peak rho	2	6	0.254246771025564	-0.254246771025564	0.45
k_o_mis	1.85	500	-0.112444631751963	Stress-linked missegregation	5	k_o_mis | Stress-linked missegregation half-saturation	Stress-linked missegregation half-saturation scale (k_o_mis)	14	9	Negative peak rho	2	6	0.254246771025564	-0.254246771025564	0.45
k_o_mis	1.875	500	-0.110292110108666	Stress-linked missegregation	5	k_o_mis | Stress-linked missegregation half-saturation	Stress-linked missegregation half-saturation scale (k_o_mis)	14	9	Negative peak rho	2	6	0.254246771025564	-0.254246771025564	0.45
k_o_mis	1.9	500	-0.114464384800457	Stress-linked missegregation	5	k_o_mis | Stress-linked missegregation half-saturation	Stress-linked missegregation half-saturation scale (k_o_mis)	14	9	Negative peak rho	2	6	0.254246771025564	-0.254246771025564	0.45
k_o_mis	1.925	500	-0.114312608120498	Stress-linked missegregation	5	k_o_mis | Stress-linked missegregation half-saturation	Stress-linked missegregation half-saturation scale (k_o_mis)	14	9	Negative peak rho	2	6	0.254246771025564	-0.254246771025564	0.45
k_o_mis	1.95	500	-0.115127939773183	Stress-linked missegregation	5	k_o_mis | Stress-linked missegregation half-saturation	Stress-linked missegregation half-saturation scale (k_o_mis)	14	9	Negative peak rho	2	6	0.254246771025564	-0.254246771025564	0.45
k_o_mis	1.975	500	-0.115610149933485	Stress-linked missegregation	5	k_o_mis | Stress-linked missegregation half-saturation	Stress-linked missegregation half-saturation scale (k_o_mis)	14	9	Negative peak rho	2	6	0.254246771025564	-0.254246771025564	0.45
k_o_mis	2	500	-0.114921922850228	Stress-linked missegregation	5	k_o_mis | Stress-linked missegregation half-saturation	Stress-linked missegregation half-saturation scale (k_o_mis)	14	9	Negative peak rho	2	6	0.254246771025564	-0.254246771025564	0.45
k_o_mis	2.025	500	-0.11402307082337	Stress-linked missegregation	5	k_o_mis | Stress-linked missegregation half-saturation	Stress-linked missegregation half-saturation scale (k_o_mis)	14	9	Negative peak rho	2	6	0.254246771025564	-0.254246771025564	0.45
k_o_mis	2.05	500	-0.117963984478664	Stress-linked missegregation	5	k_o_mis | Stress-linked missegregation half-saturation	Stress-linked missegregation half-saturation scale (k_o_mis)	14	9	Negative peak rho	2	6	0.254246771025564	-0.254246771025564	0.45
k_o_mis	2.075	500	-0.119940249332331	Stress-linked missegregation	5	k_o_mis | Stress-linked missegregation half-saturation	Stress-linked missegregation half-saturation scale (k_o_mis)	14	9	Negative peak rho	2	6	0.254246771025564	-0.254246771025564	0.45
k_o_mis	2.1	500	-0.110523663146024	Stress-linked missegregation	5	k_o_mis | Stress-linked missegregation half-saturation	Stress-linked missegregation half-saturation scale (k_o_mis)	14	9	Negative peak rho	2	6	0.254246771025564	-0.254246771025564	0.45
k_o_mis	2.125	500	-0.11199621374305	Stress-linked missegregation	5	k_o_mis | Stress-linked missegregation half-saturation	Stress-linked missegregation half-saturation scale (k_o_mis)	14	9	Negative peak rho	2	6	0.254246771025564	-0.254246771025564	0.45
k_o_mis	2.15	500	-0.110571471360204	Stress-linked missegregation	5	k_o_mis | Stress-linked missegregation half-saturation	Stress-linked missegregation half-saturation scale (k_o_mis)	14	9	Negative peak rho	2	6	0.254246771025564	-0.254246771025564	0.45
k_o_mis	2.175	500	-0.1088905998299	Stress-linked missegregation	5	k_o_mis | Stress-linked missegregation half-saturation	Stress-linked missegregation half-saturation scale (k_o_mis)	14	9	Negative peak rho	2	6	0.254246771025564	-0.254246771025564	0.45
k_o_mis	2.2	500	-0.108664518817057	Stress-linked missegregation	5	k_o_mis | Stress-linked missegregation half-saturation	Stress-linked missegregation half-saturation scale (k_o_mis)	14	9	Negative peak rho	2	6	0.254246771025564	-0.254246771025564	0.45
k_o_mis	2.225	500	-0.107299200700432	Stress-linked missegregation	5	k_o_mis | Stress-linked missegregation half-saturation	Stress-linked missegregation half-saturation scale (k_o_mis)	14	9	Negative peak rho	2	6	0.254246771025564	-0.254246771025564	0.45
k_o_mis	2.25	500	-0.105914202495639	Stress-linked missegregation	5	k_o_mis | Stress-linked missegregation half-saturation	Stress-linked missegregation half-saturation scale (k_o_mis)	14	9	Negative peak rho	2	6	0.254246771025564	-0.254246771025564	0.45
k_o_mis	2.275	500	-0.10449771614978	Stress-linked missegregation	5	k_o_mis | Stress-linked missegregation half-saturation	Stress-linked missegregation half-saturation scale (k_o_mis)	14	9	Negative peak rho	2	6	0.254246771025564	-0.254246771025564	0.45
k_o_mis	2.3	500	-0.0999062075798215	Stress-linked missegregation	5	k_o_mis | Stress-linked missegregation half-saturation	Stress-linked missegregation half-saturation scale (k_o_mis)	14	9	Negative peak rho	2	6	0.254246771025564	-0.254246771025564	0.45
k_o_mis	2.325	500	-0.0990633238037021	Stress-linked missegregation	5	k_o_mis | Stress-linked missegregation half-saturation	Stress-linked missegregation half-saturation scale (k_o_mis)	14	9	Negative peak rho	2	6	0.254246771025564	-0.254246771025564	0.45
k_o_mis	2.35	500	-0.10488411788086	Stress-linked missegregation	5	k_o_mis | Stress-linked missegregation half-saturation	Stress-linked missegregation half-saturation scale (k_o_mis)	14	9	Negative peak rho	2	6	0.254246771025564	-0.254246771025564	0.45
k_o_mis	2.375	500	-0.10339534321115	Stress-linked missegregation	5	k_o_mis | Stress-linked missegregation half-saturation	Stress-linked missegregation half-saturation scale (k_o_mis)	14	9	Negative peak rho	2	6	0.254246771025564	-0.254246771025564	0.45
k_o_mis	2.4	500	-0.103301358790099	Stress-linked missegregation	5	k_o_mis | Stress-linked missegregation half-saturation	Stress-linked missegregation half-saturation scale (k_o_mis)	14	9	Negative peak rho	2	6	0.254246771025564	-0.254246771025564	0.45
k_o_mis	2.425	500	-0.102257258112528	Stress-linked missegregation	5	k_o_mis | Stress-linked missegregation half-saturation	Stress-linked missegregation half-saturation scale (k_o_mis)	14	9	Negative peak rho	2	6	0.254246771025564	-0.254246771025564	0.45
k_o_mis	2.45	500	-0.0993079328995508	Stress-linked missegregation	5	k_o_mis | Stress-linked missegregation half-saturation	Stress-linked missegregation half-saturation scale (k_o_mis)	14	9	Negative peak rho	2	6	0.254246771025564	-0.254246771025564	0.45
k_o_mis	2.475	500	-0.0911794804840831	Stress-linked missegregation	5	k_o_mis | Stress-linked missegregation half-saturation	Stress-linked missegregation half-saturation scale (k_o_mis)	14	9	Negative peak rho	2	6	0.254246771025564	-0.254246771025564	0.45
k_o_mis	2.5	500	-0.0882549233820669	Stress-linked missegregation	5	k_o_mis | Stress-linked missegregation half-saturation	Stress-linked missegregation half-saturation scale (k_o_mis)	14	9	Negative peak rho	2	6	0.254246771025564	-0.254246771025564	0.45
k_o_mis	2.525	500	-0.0740993719651949	Stress-linked missegregation	5	k_o_mis | Stress-linked missegregation half-saturation	Stress-linked missegregation half-saturation scale (k_o_mis)	14	9	Negative peak rho	2	6	0.254246771025564	-0.254246771025564	0.45
k_o_mis	2.55	500	-0.0733810007468918	Stress-linked missegregation	5	k_o_mis | Stress-linked missegregation half-saturation	Stress-linked missegregation half-saturation scale (k_o_mis)	14	9	Negative peak rho	2	6	0.254246771025564	-0.254246771025564	0.45
k_o_mis	2.575	500	-0.0720367067244544	Stress-linked missegregation	5	k_o_mis | Stress-linked missegregation half-saturation	Stress-linked missegregation half-saturation scale (k_o_mis)	14	9	Negative peak rho	2	6	0.254246771025564	-0.254246771025564	0.45
k_o_mis	2.6	500	-0.0714776962200873	Stress-linked missegregation	5	k_o_mis | Stress-linked missegregation half-saturation	Stress-linked missegregation half-saturation scale (k_o_mis)	14	9	Negative peak rho	2	6	0.254246771025564	-0.254246771025564	0.45
k_o_mis	2.625	500	-0.070409979436716	Stress-linked missegregation	5	k_o_mis | Stress-linked missegregation half-saturation	Stress-linked missegregation half-saturation scale (k_o_mis)	14	9	Negative peak rho	2	6	0.254246771025564	-0.254246771025564	0.45
k_o_mis	2.65	500	-0.0699638654381252	Stress-linked missegregation	5	k_o_mis | Stress-linked missegregation half-saturation	Stress-linked missegregation half-saturation scale (k_o_mis)	14	9	Negative peak rho	2	6	0.254246771025564	-0.254246771025564	0.45
k_o_mis	2.675	500	-0.0701965704806438	Stress-linked missegregation	5	k_o_mis | Stress-linked missegregation half-saturation	Stress-linked missegregation half-saturation scale (k_o_mis)	14	9	Negative peak rho	2	6	0.254246771025564	-0.254246771025564	0.45
k_o_mis	2.7	500	-0.0697805046166687	Stress-linked missegregation	5	k_o_mis | Stress-linked missegregation half-saturation	Stress-linked missegregation half-saturation scale (k_o_mis)	14	9	Negative peak rho	2	6	0.254246771025564	-0.254246771025564	0.45
k_o_mis	2.725	500	-0.0699575294097398	Stress-linked missegregation	5	k_o_mis | Stress-linked missegregation half-saturation	Stress-linked missegregation half-saturation scale (k_o_mis)	14	9	Negative peak rho	2	6	0.254246771025564	-0.254246771025564	0.45
k_o_mis	2.75	500	-0.0694643752004089	Stress-linked missegregation	5	k_o_mis | Stress-linked missegregation half-saturation	Stress-linked missegregation half-saturation scale (k_o_mis)	14	9	Negative peak rho	2	6	0.254246771025564	-0.254246771025564	0.45
k_o_mis	2.775	500	-0.0689925330865562	Stress-linked missegregation	5	k_o_mis | Stress-linked missegregation half-saturation	Stress-linked missegregation half-saturation scale (k_o_mis)	14	9	Negative peak rho	2	6	0.254246771025564	-0.254246771025564	0.45
k_o_mis	2.8	500	-0.0690041491385961	Stress-linked missegregation	5	k_o_mis | Stress-linked missegregation half-saturation	Stress-linked missegregation half-saturation scale (k_o_mis)	14	9	Negative peak rho	2	6	0.254246771025564	-0.254246771025564	0.45
k_o_mis	2.825	500	-0.0690723094439543	Stress-linked missegregation	5	k_o_mis | Stress-linked missegregation half-saturation	Stress-linked missegregation half-saturation scale (k_o_mis)	14	9	Negative peak rho	2	6	0.254246771025564	-0.254246771025564	0.45
k_o_mis	2.85	500	-0.0729221186911001	Stress-linked missegregation	5	k_o_mis | Stress-linked missegregation half-saturation	Stress-linked missegregation half-saturation scale (k_o_mis)	14	9	Negative peak rho	2	6	0.254246771025564	-0.254246771025564	0.45
k_o_mis	2.875	500	-0.0741707002847458	Stress-linked missegregation	5	k_o_mis | Stress-linked missegregation half-saturation	Stress-linked missegregation half-saturation scale (k_o_mis)	14	9	Negative peak rho	2	6	0.254246771025564	-0.254246771025564	0.45
k_o_mis	2.9	500	-0.0738550508706364	Stress-linked missegregation	5	k_o_mis | Stress-linked missegregation half-saturation	Stress-linked missegregation half-saturation scale (k_o_mis)	14	9	Negative peak rho	2	6	0.254246771025564	-0.254246771025564	0.45
k_o_mis	2.925	500	-0.0733606486557144	Stress-linked missegregation	5	k_o_mis | Stress-linked missegregation half-saturation	Stress-linked missegregation half-saturation scale (k_o_mis)	14	9	Negative peak rho	2	6	0.254246771025564	-0.254246771025564	0.45
k_o_mis	2.95	500	-0.0694271270335371	Stress-linked missegregation	5	k_o_mis | Stress-linked missegregation half-saturation	Stress-linked missegregation half-saturation scale (k_o_mis)	14	9	Negative peak rho	2	6	0.254246771025564	-0.254246771025564	0.45
k_o_mis	2.975	500	-0.0688066762539176	Stress-linked missegregation	5	k_o_mis | Stress-linked missegregation half-saturation	Stress-linked missegregation half-saturation scale (k_o_mis)	14	9	Negative peak rho	2	6	0.254246771025564	-0.254246771025564	0.45
k_o_mis	3	500	-0.0690167251949368	Stress-linked missegregation	5	k_o_mis | Stress-linked missegregation half-saturation	Stress-linked missegregation half-saturation scale (k_o_mis)	14	9	Negative peak rho	2	6	0.254246771025564	-0.254246771025564	0.45
k_o_mis	3.025	500	-0.0698868730931995	Stress-linked missegregation	5	k_o_mis | Stress-linked missegregation half-saturation	Stress-linked missegregation half-saturation scale (k_o_mis)	14	9	Negative peak rho	2	6	0.254246771025564	-0.254246771025564	0.45
k_o_mis	3.05	500	-0.0745661260562533	Stress-linked missegregation	5	k_o_mis | Stress-linked missegregation half-saturation	Stress-linked missegregation half-saturation scale (k_o_mis)	14	9	Negative peak rho	2	6	0.254246771025564	-0.254246771025564	0.45
k_o_mis	3.075	500	-0.0751279205730928	Stress-linked missegregation	5	k_o_mis | Stress-linked missegregation half-saturation	Stress-linked missegregation half-saturation scale (k_o_mis)	14	9	Negative peak rho	2	6	0.254246771025564	-0.254246771025564	0.45
k_o_mis	3.1	500	-0.0753675376465774	Stress-linked missegregation	5	k_o_mis | Stress-linked missegregation half-saturation	Stress-linked missegregation half-saturation scale (k_o_mis)	14	9	Negative peak rho	2	6	0.254246771025564	-0.254246771025564	0.45
k_o_mis	3.125	500	-0.0748025751155451	Stress-linked missegregation	5	k_o_mis | Stress-linked missegregation half-saturation	Stress-linked missegregation half-saturation scale (k_o_mis)	14	9	Negative peak rho	2	6	0.254246771025564	-0.254246771025564	0.45
k_o_mis	3.15	500	-0.0745006537629374	Stress-linked missegregation	5	k_o_mis | Stress-linked missegregation half-saturation	Stress-linked missegregation half-saturation scale (k_o_mis)	14	9	Negative peak rho	2	6	0.254246771025564	-0.254246771025564	0.45
k_o_mis	3.175	500	-0.0746160462798959	Stress-linked missegregation	5	k_o_mis | Stress-linked missegregation half-saturation	Stress-linked missegregation half-saturation scale (k_o_mis)	14	9	Negative peak rho	2	6	0.254246771025564	-0.254246771025564	0.45
k_o_mis	3.2	500	-0.0742340605685999	Stress-linked missegregation	5	k_o_mis | Stress-linked missegregation half-saturation	Stress-linked missegregation half-saturation scale (k_o_mis)	14	9	Negative peak rho	2	6	0.254246771025564	-0.254246771025564	0.45
k_o_mis	3.225	500	-0.0738054186482841	Stress-linked missegregation	5	k_o_mis | Stress-linked missegregation half-saturation	Stress-linked missegregation half-saturation scale (k_o_mis)	14	9	Negative peak rho	2	6	0.254246771025564	-0.254246771025564	0.45
k_o_mis	3.25	500	-0.0732696402479968	Stress-linked missegregation	5	k_o_mis | Stress-linked missegregation half-saturation	Stress-linked missegregation half-saturation scale (k_o_mis)	14	9	Negative peak rho	2	6	0.254246771025564	-0.254246771025564	0.45
k_o_mis	3.275	500	-0.067600430849938	Stress-linked missegregation	5	k_o_mis | Stress-linked missegregation half-saturation	Stress-linked missegregation half-saturation scale (k_o_mis)	14	9	Negative peak rho	2	6	0.254246771025564	-0.254246771025564	0.45
k_o_mis	3.3	500	-0.0683070900157712	Stress-linked missegregation	5	k_o_mis | Stress-linked missegregation half-saturation	Stress-linked missegregation half-saturation scale (k_o_mis)	14	9	Negative peak rho	2	6	0.254246771025564	-0.254246771025564	0.45
k_o_mis	3.325	500	-0.0733397205619566	Stress-linked missegregation	5	k_o_mis | Stress-linked missegregation half-saturation	Stress-linked missegregation half-saturation scale (k_o_mis)	14	9	Negative peak rho	2	6	0.254246771025564	-0.254246771025564	0.45
k_o_mis	3.35	500	-0.0733444245830306	Stress-linked missegregation	5	k_o_mis | Stress-linked missegregation half-saturation	Stress-linked missegregation half-saturation scale (k_o_mis)	14	9	Negative peak rho	2	6	0.254246771025564	-0.254246771025564	0.45
k_o_mis	3.375	500	-0.0734418650195638	Stress-linked missegregation	5	k_o_mis | Stress-linked missegregation half-saturation	Stress-linked missegregation half-saturation scale (k_o_mis)	14	9	Negative peak rho	2	6	0.254246771025564	-0.254246771025564	0.45
k_o_mis	3.4	500	-0.0738155946938727	Stress-linked missegregation	5	k_o_mis | Stress-linked missegregation half-saturation	Stress-linked missegregation half-saturation scale (k_o_mis)	14	9	Negative peak rho	2	6	0.254246771025564	-0.254246771025564	0.45
k_o_mis	3.425	500	-0.0711980469672586	Stress-linked missegregation	5	k_o_mis | Stress-linked missegregation half-saturation	Stress-linked missegregation half-saturation scale (k_o_mis)	14	9	Negative peak rho	2	6	0.254246771025564	-0.254246771025564	0.45
k_o_mis	3.45	500	-0.0701222661477604	Stress-linked missegregation	5	k_o_mis | Stress-linked missegregation half-saturation	Stress-linked missegregation half-saturation scale (k_o_mis)	14	9	Negative peak rho	2	6	0.254246771025564	-0.254246771025564	0.45
k_o_mis	3.475	500	-0.0693749988000026	Stress-linked missegregation	5	k_o_mis | Stress-linked missegregation half-saturation	Stress-linked missegregation half-saturation scale (k_o_mis)	14	9	Negative peak rho	2	6	0.254246771025564	-0.254246771025564	0.45
k_o_mis	3.5	500	-0.0684014584385417	Stress-linked missegregation	5	k_o_mis | Stress-linked missegregation half-saturation	Stress-linked missegregation half-saturation scale (k_o_mis)	14	9	Negative peak rho	2	6	0.254246771025564	-0.254246771025564	0.45
k_o_mis	3.525	500	-0.0634316121736299	Stress-linked missegregation	5	k_o_mis | Stress-linked missegregation half-saturation	Stress-linked missegregation half-saturation scale (k_o_mis)	14	9	Negative peak rho	2	6	0.254246771025564	-0.254246771025564	0.45
k_o_mis	3.55	500	-0.0606036315042761	Stress-linked missegregation	5	k_o_mis | Stress-linked missegregation half-saturation	Stress-linked missegregation half-saturation scale (k_o_mis)	14	9	Negative peak rho	2	6	0.254246771025564	-0.254246771025564	0.45
k_o_mis	3.575	500	-0.0603395343211207	Stress-linked missegregation	5	k_o_mis | Stress-linked missegregation half-saturation	Stress-linked missegregation half-saturation scale (k_o_mis)	14	9	Negative peak rho	2	6	0.254246771025564	-0.254246771025564	0.45
k_o_mis	3.6	500	-0.0601386054209592	Stress-linked missegregation	5	k_o_mis | Stress-linked missegregation half-saturation	Stress-linked missegregation half-saturation scale (k_o_mis)	14	9	Negative peak rho	2	6	0.254246771025564	-0.254246771025564	0.45
k_o_mis	3.625	500	-0.0595891949596003	Stress-linked missegregation	5	k_o_mis | Stress-linked missegregation half-saturation	Stress-linked missegregation half-saturation scale (k_o_mis)	14	9	Negative peak rho	2	6	0.254246771025564	-0.254246771025564	0.45
k_o_mis	3.65	500	-0.0590643606083423	Stress-linked missegregation	5	k_o_mis | Stress-linked missegregation half-saturation	Stress-linked missegregation half-saturation scale (k_o_mis)	14	9	Negative peak rho	2	6	0.254246771025564	-0.254246771025564	0.45
k_o_mis	3.675	500	-0.0587327751228393	Stress-linked missegregation	5	k_o_mis | Stress-linked missegregation half-saturation	Stress-linked missegregation half-saturation scale (k_o_mis)	14	9	Negative peak rho	2	6	0.254246771025564	-0.254246771025564	0.45
k_o_mis	3.7	500	-0.0535236957861633	Stress-linked missegregation	5	k_o_mis | Stress-linked missegregation half-saturation	Stress-linked missegregation half-saturation scale (k_o_mis)	14	9	Negative peak rho	2	6	0.254246771025564	-0.254246771025564	0.45
k_o_mis	3.725	500	-0.0580447400404421	Stress-linked missegregation	5	k_o_mis | Stress-linked missegregation half-saturation	Stress-linked missegregation half-saturation scale (k_o_mis)	14	9	Negative peak rho	2	6	0.254246771025564	-0.254246771025564	0.45
k_o_mis	3.75	500	-0.0534653275246735	Stress-linked missegregation	5	k_o_mis | Stress-linked missegregation half-saturation	Stress-linked missegregation half-saturation scale (k_o_mis)	14	9	Negative peak rho	2	6	0.254246771025564	-0.254246771025564	0.45
k_o_mis	3.775	500	-0.0531933583062514	Stress-linked missegregation	5	k_o_mis | Stress-linked missegregation half-saturation	Stress-linked missegregation half-saturation scale (k_o_mis)	14	9	Negative peak rho	2	6	0.254246771025564	-0.254246771025564	0.45
k_o_mis	3.8	500	-0.0524537709929001	Stress-linked missegregation	5	k_o_mis | Stress-linked missegregation half-saturation	Stress-linked missegregation half-saturation scale (k_o_mis)	14	9	Negative peak rho	2	6	0.254246771025564	-0.254246771025564	0.45
k_o_mis	3.825	500	-0.0506764190303631	Stress-linked missegregation	5	k_o_mis | Stress-linked missegregation half-saturation	Stress-linked missegregation half-saturation scale (k_o_mis)	14	9	Negative peak rho	2	6	0.254246771025564	-0.254246771025564	0.45
k_o_mis	3.85	500	-0.0499801279109788	Stress-linked missegregation	5	k_o_mis | Stress-linked missegregation half-saturation	Stress-linked missegregation half-saturation scale (k_o_mis)	14	9	Negative peak rho	2	6	0.254246771025564	-0.254246771025564	0.45
k_o_mis	3.875	500	-0.0444708552294366	Stress-linked missegregation	5	k_o_mis | Stress-linked missegregation half-saturation	Stress-linked missegregation half-saturation scale (k_o_mis)	14	9	Negative peak rho	2	6	0.254246771025564	-0.254246771025564	0.45
k_o_mis	3.9	500	-0.0443118785172209	Stress-linked missegregation	5	k_o_mis | Stress-linked missegregation half-saturation	Stress-linked missegregation half-saturation scale (k_o_mis)	14	9	Negative peak rho	2	6	0.254246771025564	-0.254246771025564	0.45
k_o_mis	3.925	500	-0.0437591080408091	Stress-linked missegregation	5	k_o_mis | Stress-linked missegregation half-saturation	Stress-linked missegregation half-saturation scale (k_o_mis)	14	9	Negative peak rho	2	6	0.254246771025564	-0.254246771025564	0.45
k_o_mis	3.95	500	-0.0412838329515764	Stress-linked missegregation	5	k_o_mis | Stress-linked missegregation half-saturation	Stress-linked missegregation half-saturation scale (k_o_mis)	14	9	Negative peak rho	2	6	0.254246771025564	-0.254246771025564	0.45
k_o_mis	3.975	500	-0.040619029973259	Stress-linked missegregation	5	k_o_mis | Stress-linked missegregation half-saturation	Stress-linked missegregation half-saturation scale (k_o_mis)	14	9	Negative peak rho	2	6	0.254246771025564	-0.254246771025564	0.45
k_o_mis	4	500	-0.0397665461541314	Stress-linked missegregation	5	k_o_mis | Stress-linked missegregation half-saturation	Stress-linked missegregation half-saturation scale (k_o_mis)	14	9	Negative peak rho	2	6	0.254246771025564	-0.254246771025564	0.45
k_o_mis	4.025	500	-0.0380717545614648	Stress-linked missegregation	5	k_o_mis | Stress-linked missegregation half-saturation	Stress-linked missegregation half-saturation scale (k_o_mis)	14	9	Negative peak rho	2	6	0.254246771025564	-0.254246771025564	0.45
k_o_mis	4.05	500	-0.0320020313691042	Stress-linked missegregation	5	k_o_mis | Stress-linked missegregation half-saturation	Stress-linked missegregation half-saturation scale (k_o_mis)	14	9	Negative peak rho	2	6	0.254246771025564	-0.254246771025564	0.45
k_o_mis	4.075	500	-0.0323225768051478	Stress-linked missegregation	5	k_o_mis | Stress-linked missegregation half-saturation	Stress-linked missegregation half-saturation scale (k_o_mis)	14	9	Negative peak rho	2	6	0.254246771025564	-0.254246771025564	0.45
k_o_mis	4.1	500	-0.0325474098123997	Stress-linked missegregation	5	k_o_mis | Stress-linked missegregation half-saturation	Stress-linked missegregation half-saturation scale (k_o_mis)	14	9	Negative peak rho	2	6	0.254246771025564	-0.254246771025564	0.45
k_o_mis	4.125	500	-0.0325200496898264	Stress-linked missegregation	5	k_o_mis | Stress-linked missegregation half-saturation	Stress-linked missegregation half-saturation scale (k_o_mis)	14	9	Negative peak rho	2	6	0.254246771025564	-0.254246771025564	0.45
k_o_mis	4.15	500	-0.0325290737302541	Stress-linked missegregation	5	k_o_mis | Stress-linked missegregation half-saturation	Stress-linked missegregation half-saturation scale (k_o_mis)	14	9	Negative peak rho	2	6	0.254246771025564	-0.254246771025564	0.45
k_o_mis	4.175	500	-0.0327300986308456	Stress-linked missegregation	5	k_o_mis | Stress-linked missegregation half-saturation	Stress-linked missegregation half-saturation scale (k_o_mis)	14	9	Negative peak rho	2	6	0.254246771025564	-0.254246771025564	0.45
k_o_mis	4.2	500	-0.0325281137259532	Stress-linked missegregation	5	k_o_mis | Stress-linked missegregation half-saturation	Stress-linked missegregation half-saturation scale (k_o_mis)	14	9	Negative peak rho	2	6	0.254246771025564	-0.254246771025564	0.45
k_o_mis	4.225	500	-0.0333447893846603	Stress-linked missegregation	5	k_o_mis | Stress-linked missegregation half-saturation	Stress-linked missegregation half-saturation scale (k_o_mis)	14	9	Negative peak rho	2	6	0.254246771025564	-0.254246771025564	0.45
k_o_mis	4.25	500	-0.0334614299072098	Stress-linked missegregation	5	k_o_mis | Stress-linked missegregation half-saturation	Stress-linked missegregation half-saturation scale (k_o_mis)	14	9	Negative peak rho	2	6	0.254246771025564	-0.254246771025564	0.45
k_o_mis	4.275	500	-0.0329914118015287	Stress-linked missegregation	5	k_o_mis | Stress-linked missegregation half-saturation	Stress-linked missegregation half-saturation scale (k_o_mis)	14	9	Negative peak rho	2	6	0.254246771025564	-0.254246771025564	0.45
k_o_mis	4.3	500	-0.0324374893199559	Stress-linked missegregation	5	k_o_mis | Stress-linked missegregation half-saturation	Stress-linked missegregation half-saturation scale (k_o_mis)	14	9	Negative peak rho	2	6	0.254246771025564	-0.254246771025564	0.45
k_o_mis	4.325	500	-0.0320753756976868	Stress-linked missegregation	5	k_o_mis | Stress-linked missegregation half-saturation	Stress-linked missegregation half-saturation scale (k_o_mis)	14	9	Negative peak rho	2	6	0.254246771025564	-0.254246771025564	0.45
k_o_mis	4.35	500	-0.0314670209722576	Stress-linked missegregation	5	k_o_mis | Stress-linked missegregation half-saturation	Stress-linked missegregation half-saturation scale (k_o_mis)	14	9	Negative peak rho	2	6	0.254246771025564	-0.254246771025564	0.45
k_o_mis	4.375	500	-0.0310171629568936	Stress-linked missegregation	5	k_o_mis | Stress-linked missegregation half-saturation	Stress-linked missegregation half-saturation scale (k_o_mis)	14	9	Negative peak rho	2	6	0.254246771025564	-0.254246771025564	0.45
k_o_mis	4.4	500	-0.0309378666016459	Stress-linked missegregation	5	k_o_mis | Stress-linked missegregation half-saturation	Stress-linked missegregation half-saturation scale (k_o_mis)	14	9	Negative peak rho	2	6	0.254246771025564	-0.254246771025564	0.45
k_o_mis	4.425	500	-0.0307866659242669	Stress-linked missegregation	5	k_o_mis | Stress-linked missegregation half-saturation	Stress-linked missegregation half-saturation scale (k_o_mis)	14	9	Negative peak rho	2	6	0.254246771025564	-0.254246771025564	0.45
k_o_mis	4.45	500	-0.0303768400882471	Stress-linked missegregation	5	k_o_mis | Stress-linked missegregation half-saturation	Stress-linked missegregation half-saturation scale (k_o_mis)	14	9	Negative peak rho	2	6	0.254246771025564	-0.254246771025564	0.45
k_o_mis	4.475	500	-0.0301208069412186	Stress-linked missegregation	5	k_o_mis | Stress-linked missegregation half-saturation	Stress-linked missegregation half-saturation scale (k_o_mis)	14	9	Negative peak rho	2	6	0.254246771025564	-0.254246771025564	0.45
k_o_mis	4.5	500	-0.0302329354435543	Stress-linked missegregation	5	k_o_mis | Stress-linked missegregation half-saturation	Stress-linked missegregation half-saturation scale (k_o_mis)	14	9	Negative peak rho	2	6	0.254246771025564	-0.254246771025564	0.45
k_o_mis	4.525	500	-0.0299157500225636	Stress-linked missegregation	5	k_o_mis | Stress-linked missegregation half-saturation	Stress-linked missegregation half-saturation scale (k_o_mis)	14	9	Negative peak rho	2	6	0.254246771025564	-0.254246771025564	0.45
k_o_mis	4.55	500	-0.0316121736225415	Stress-linked missegregation	5	k_o_mis | Stress-linked missegregation half-saturation	Stress-linked missegregation half-saturation scale (k_o_mis)	14	9	Negative peak rho	2	6	0.254246771025564	-0.254246771025564	0.45
k_o_mis	4.575	500	-0.0313778365727115	Stress-linked missegregation	5	k_o_mis | Stress-linked missegregation half-saturation	Stress-linked missegregation half-saturation scale (k_o_mis)	14	9	Negative peak rho	2	6	0.254246771025564	-0.254246771025564	0.45
k_o_mis	4.6	500	-0.0310658351749452	Stress-linked missegregation	5	k_o_mis | Stress-linked missegregation half-saturation	Stress-linked missegregation half-saturation scale (k_o_mis)	14	9	Negative peak rho	2	6	0.254246771025564	-0.254246771025564	0.45
k_o_mis	4.625	500	-0.0308339941362973	Stress-linked missegregation	5	k_o_mis | Stress-linked missegregation half-saturation	Stress-linked missegregation half-saturation scale (k_o_mis)	14	9	Negative peak rho	2	6	0.254246771025564	-0.254246771025564	0.45
k_o_mis	4.65	500	-0.0305836250146436	Stress-linked missegregation	5	k_o_mis | Stress-linked missegregation half-saturation	Stress-linked missegregation half-saturation scale (k_o_mis)	14	9	Negative peak rho	2	6	0.254246771025564	-0.254246771025564	0.45
k_o_mis	4.675	500	-0.031039915058823	Stress-linked missegregation	5	k_o_mis | Stress-linked missegregation half-saturation	Stress-linked missegregation half-saturation scale (k_o_mis)	14	9	Negative peak rho	2	6	0.254246771025564	-0.254246771025564	0.45
k_o_mis	4.7	500	-0.0311571315839531	Stress-linked missegregation	5	k_o_mis | Stress-linked missegregation half-saturation	Stress-linked missegregation half-saturation scale (k_o_mis)	14	9	Negative peak rho	2	6	0.254246771025564	-0.254246771025564	0.45
k_o_mis	4.725	500	-0.0313291643546599	Stress-linked missegregation	5	k_o_mis | Stress-linked missegregation half-saturation	Stress-linked missegregation half-saturation scale (k_o_mis)	14	9	Negative peak rho	2	6	0.254246771025564	-0.254246771025564	0.45
k_o_mis	4.75	500	-0.031508493158053	Stress-linked missegregation	5	k_o_mis | Stress-linked missegregation half-saturation	Stress-linked missegregation half-saturation scale (k_o_mis)	14	9	Negative peak rho	2	6	0.254246771025564	-0.254246771025564	0.45
k_o_mis	4.775	500	-0.0314622209507535	Stress-linked missegregation	5	k_o_mis | Stress-linked missegregation half-saturation	Stress-linked missegregation half-saturation scale (k_o_mis)	14	9	Negative peak rho	2	6	0.254246771025564	-0.254246771025564	0.45
k_o_mis	4.8	500	-0.0313392443998185	Stress-linked missegregation	5	k_o_mis | Stress-linked missegregation half-saturation	Stress-linked missegregation half-saturation scale (k_o_mis)	14	9	Negative peak rho	2	6	0.254246771025564	-0.254246771025564	0.45
k_o_mis	4.825	500	-0.0312421879650057	Stress-linked missegregation	5	k_o_mis | Stress-linked missegregation half-saturation	Stress-linked missegregation half-saturation scale (k_o_mis)	14	9	Negative peak rho	2	6	0.254246771025564	-0.254246771025564	0.45
k_o_mis	4.85	500	-0.031093771300099	Stress-linked missegregation	5	k_o_mis | Stress-linked missegregation half-saturation	Stress-linked missegregation half-saturation scale (k_o_mis)	14	9	Negative peak rho	2	6	0.254246771025564	-0.254246771025564	0.45
k_o_mis	4.875	500	-0.030866442281665	Stress-linked missegregation	5	k_o_mis | Stress-linked missegregation half-saturation	Stress-linked missegregation half-saturation scale (k_o_mis)	14	9	Negative peak rho	2	6	0.254246771025564	-0.254246771025564	0.45
k_o_mis	4.9	500	-0.0315739654513689	Stress-linked missegregation	5	k_o_mis | Stress-linked missegregation half-saturation	Stress-linked missegregation half-saturation scale (k_o_mis)	14	9	Negative peak rho	2	6	0.254246771025564	-0.254246771025564	0.45
k_o_mis	4.925	500	-0.0318557267136594	Stress-linked missegregation	5	k_o_mis | Stress-linked missegregation half-saturation	Stress-linked missegregation half-saturation scale (k_o_mis)	14	9	Negative peak rho	2	6	0.254246771025564	-0.254246771025564	0.45
k_o_mis	4.95	500	-0.0319592151772877	Stress-linked missegregation	5	k_o_mis | Stress-linked missegregation half-saturation	Stress-linked missegregation half-saturation scale (k_o_mis)	14	9	Negative peak rho	2	6	0.254246771025564	-0.254246771025564	0.45
k_o_mis	4.975	500	-0.0318371986306535	Stress-linked missegregation	5	k_o_mis | Stress-linked missegregation half-saturation	Stress-linked missegregation half-saturation scale (k_o_mis)	14	9	Negative peak rho	2	6	0.254246771025564	-0.254246771025564	0.45
k_o_mis	5	500	-0.0310618991573118	Stress-linked missegregation	5	k_o_mis | Stress-linked missegregation half-saturation	Stress-linked missegregation half-saturation scale (k_o_mis)	14	9	Negative peak rho	2	6	0.254246771025564	-0.254246771025564	0.45
buffer_smax	0	500	-0.239008228591026	Post-missegregation survival	16	buffer_smax | Maximum post-missegregation survival	Maximum post-missegregation survival (buffer_smax)	15	11	Negative peak rho	2	7	0.239008228591026	-0.239008228591026	0
buffer_smax	0.025	500	-0.228088349957207	Post-missegregation survival	16	buffer_smax | Maximum post-missegregation survival	Maximum post-missegregation survival (buffer_smax)	15	11	Negative peak rho	2	7	0.239008228591026	-0.239008228591026	0
buffer_smax	0.05	500	-0.223066439399053	Post-missegregation survival	16	buffer_smax | Maximum post-missegregation survival	Maximum post-missegregation survival (buffer_smax)	15	11	Negative peak rho	2	7	0.239008228591026	-0.239008228591026	0
buffer_smax	0.075	500	-0.224545479467379	Post-missegregation survival	16	buffer_smax | Maximum post-missegregation survival	Maximum post-missegregation survival (buffer_smax)	15	11	Negative peak rho	2	7	0.239008228591026	-0.239008228591026	0
buffer_smax	0.1	500	-0.220000022085423	Post-missegregation survival	16	buffer_smax | Maximum post-missegregation survival	Maximum post-missegregation survival (buffer_smax)	15	11	Negative peak rho	2	7	0.239008228591026	-0.239008228591026	0
buffer_smax	0.125	500	-0.220948560390365	Post-missegregation survival	16	buffer_smax | Maximum post-missegregation survival	Maximum post-missegregation survival (buffer_smax)	15	11	Negative peak rho	2	7	0.239008228591026	-0.239008228591026	0
buffer_smax	0.15	500	-0.214475546067385	Post-missegregation survival	16	buffer_smax | Maximum post-missegregation survival	Maximum post-missegregation survival (buffer_smax)	15	11	Negative peak rho	2	7	0.239008228591026	-0.239008228591026	0
buffer_smax	0.175	500	-0.203228975884382	Post-missegregation survival	16	buffer_smax | Maximum post-missegregation survival	Maximum post-missegregation survival (buffer_smax)	15	11	Negative peak rho	2	7	0.239008228591026	-0.239008228591026	0
buffer_smax	0.2	500	-0.200269983737821	Post-missegregation survival	16	buffer_smax | Maximum post-missegregation survival	Maximum post-missegregation survival (buffer_smax)	15	11	Negative peak rho	2	7	0.239008228591026	-0.239008228591026	0
buffer_smax	0.225	500	-0.194469744723888	Post-missegregation survival	16	buffer_smax | Maximum post-missegregation survival	Maximum post-missegregation survival (buffer_smax)	15	11	Negative peak rho	2	7	0.239008228591026	-0.239008228591026	0
buffer_smax	0.25	500	-0.195865407886405	Post-missegregation survival	16	buffer_smax | Maximum post-missegregation survival	Maximum post-missegregation survival (buffer_smax)	15	11	Negative peak rho	2	7	0.239008228591026	-0.239008228591026	0
buffer_smax	0.275	500	-0.194360063532309	Post-missegregation survival	16	buffer_smax | Maximum post-missegregation survival	Maximum post-missegregation survival (buffer_smax)	15	11	Negative peak rho	2	7	0.239008228591026	-0.239008228591026	0
buffer_smax	0.3	500	-0.173377115573068	Post-missegregation survival	16	buffer_smax | Maximum post-missegregation survival	Maximum post-missegregation survival (buffer_smax)	15	11	Negative peak rho	2	7	0.239008228591026	-0.239008228591026	0
buffer_smax	0.325	500	-0.163667762090423	Post-missegregation survival	16	buffer_smax | Maximum post-missegregation survival	Maximum post-missegregation survival (buffer_smax)	15	11	Negative peak rho	2	7	0.239008228591026	-0.239008228591026	0
buffer_smax	0.35	500	-0.134032864136193	Post-missegregation survival	16	buffer_smax | Maximum post-missegregation survival	Maximum post-missegregation survival (buffer_smax)	15	11	Negative peak rho	2	7	0.239008228591026	-0.239008228591026	0
buffer_smax	0.375	500	-0.130870349778563	Post-missegregation survival	16	buffer_smax | Maximum post-missegregation survival	Maximum post-missegregation survival (buffer_smax)	15	11	Negative peak rho	2	7	0.239008228591026	-0.239008228591026	0
buffer_smax	0.4	500	-0.117578477375348	Post-missegregation survival	16	buffer_smax | Maximum post-missegregation survival	Maximum post-missegregation survival (buffer_smax)	15	11	Negative peak rho	2	7	0.239008228591026	-0.239008228591026	0
buffer_smax	0.425	500	-0.128713302344349	Post-missegregation survival	16	buffer_smax | Maximum post-missegregation survival	Maximum post-missegregation survival (buffer_smax)	15	11	Negative peak rho	2	7	0.239008228591026	-0.239008228591026	0
buffer_smax	0.45	500	-0.12846859568585	Post-missegregation survival	16	buffer_smax | Maximum post-missegregation survival	Maximum post-missegregation survival (buffer_smax)	15	11	Negative peak rho	2	7	0.239008228591026	-0.239008228591026	0
buffer_smax	0.475	500	-0.126826929850754	Post-missegregation survival	16	buffer_smax | Maximum post-missegregation survival	Maximum post-missegregation survival (buffer_smax)	15	11	Negative peak rho	2	7	0.239008228591026	-0.239008228591026	0
buffer_smax	0.5	500	-0.110884084647308	Post-missegregation survival	16	buffer_smax | Maximum post-missegregation survival	Maximum post-missegregation survival (buffer_smax)	15	11	Negative peak rho	2	7	0.239008228591026	-0.239008228591026	0
buffer_smax	0.525	500	-0.113198045786236	Post-missegregation survival	16	buffer_smax | Maximum post-missegregation survival	Maximum post-missegregation survival (buffer_smax)	15	11	Negative peak rho	2	7	0.239008228591026	-0.239008228591026	0
buffer_smax	0.55	500	-0.102962654588705	Post-missegregation survival	16	buffer_smax | Maximum post-missegregation survival	Maximum post-missegregation survival (buffer_smax)	15	11	Negative peak rho	2	7	0.239008228591026	-0.239008228591026	0
buffer_smax	0.575	500	-0.10453515167235	Post-missegregation survival	16	buffer_smax | Maximum post-missegregation survival	Maximum post-missegregation survival (buffer_smax)	15	11	Negative peak rho	2	7	0.239008228591026	-0.239008228591026	0
buffer_smax	0.6	500	-0.0883129434338979	Post-missegregation survival	16	buffer_smax | Maximum post-missegregation survival	Maximum post-missegregation survival (buffer_smax)	15	11	Negative peak rho	2	7	0.239008228591026	-0.239008228591026	0
buffer_smax	0.625	500	-0.102364376088993	Post-missegregation survival	16	buffer_smax | Maximum post-missegregation survival	Maximum post-missegregation survival (buffer_smax)	15	11	Negative peak rho	2	7	0.239008228591026	-0.239008228591026	0
buffer_smax	0.65	500	-0.0891657206984902	Post-missegregation survival	16	buffer_smax | Maximum post-missegregation survival	Maximum post-missegregation survival (buffer_smax)	15	11	Negative peak rho	2	7	0.239008228591026	-0.239008228591026	0
buffer_smax	0.675	500	-0.0616121253555813	Post-missegregation survival	16	buffer_smax | Maximum post-missegregation survival	Maximum post-missegregation survival (buffer_smax)	15	11	Negative peak rho	2	7	0.239008228591026	-0.239008228591026	0
buffer_smax	0.7	500	-0.0384951222119146	Post-missegregation survival	16	buffer_smax | Maximum post-missegregation survival	Maximum post-missegregation survival (buffer_smax)	15	11	Negative peak rho	2	7	0.239008228591026	-0.239008228591026	0
buffer_smax	0.725	500	-0.0361871131376496	Post-missegregation survival	16	buffer_smax | Maximum post-missegregation survival	Maximum post-missegregation survival (buffer_smax)	15	11	Negative peak rho	2	7	0.239008228591026	-0.239008228591026	0
buffer_smax	0.75	500	-0.0239398280828563	Post-missegregation survival	16	buffer_smax | Maximum post-missegregation survival	Maximum post-missegregation survival (buffer_smax)	15	11	Negative peak rho	2	7	0.239008228591026	-0.239008228591026	0
buffer_smax	0.775	500	-0.0124369351151561	Post-missegregation survival	16	buffer_smax | Maximum post-missegregation survival	Maximum post-missegregation survival (buffer_smax)	15	11	Negative peak rho	2	7	0.239008228591026	-0.239008228591026	0
buffer_smax	0.8	500	-0.00258886012543739	Post-missegregation survival	16	buffer_smax | Maximum post-missegregation survival	Maximum post-missegregation survival (buffer_smax)	15	11	Negative peak rho	2	7	0.239008228591026	-0.239008228591026	0
buffer_smax	0.825	500	0.00288871938311543	Post-missegregation survival	16	buffer_smax | Maximum post-missegregation survival	Maximum post-missegregation survival (buffer_smax)	15	11	Negative peak rho	2	7	0.239008228591026	-0.239008228591026	0
buffer_smax	0.85	500	0.00280251044653951	Post-missegregation survival	16	buffer_smax | Maximum post-missegregation survival	Maximum post-missegregation survival (buffer_smax)	15	11	Negative peak rho	2	7	0.239008228591026	-0.239008228591026	0
buffer_smax	0.875	500	0.0101981427928635	Post-missegregation survival	16	buffer_smax | Maximum post-missegregation survival	Maximum post-missegregation survival (buffer_smax)	15	11	Negative peak rho	2	7	0.239008228591026	-0.239008228591026	0
buffer_smax	0.9	500	0.0107788051011925	Post-missegregation survival	16	buffer_smax | Maximum post-missegregation survival	Maximum post-missegregation survival (buffer_smax)	15	11	Negative peak rho	2	7	0.239008228591026	-0.239008228591026	0
buffer_smax	0.925	500	0.0199082162833307	Post-missegregation survival	16	buffer_smax | Maximum post-missegregation survival	Maximum post-missegregation survival (buffer_smax)	15	11	Negative peak rho	2	7	0.239008228591026	-0.239008228591026	0
buffer_smax	0.95	500	0.029151532702938	Post-missegregation survival	16	buffer_smax | Maximum post-missegregation survival	Maximum post-missegregation survival (buffer_smax)	15	11	Negative peak rho	2	7	0.239008228591026	-0.239008228591026	0
buffer_smax	0.975	500	0.02645423939948	Post-missegregation survival	16	buffer_smax | Maximum post-missegregation survival	Maximum post-missegregation survival (buffer_smax)	15	11	Negative peak rho	2	7	0.239008228591026	-0.239008228591026	0
buffer_smax	1	500	0.0330826794110085	Post-missegregation survival	16	buffer_smax | Maximum post-missegregation survival	Maximum post-missegregation survival (buffer_smax)	15	11	Negative peak rho	2	7	0.239008228591026	-0.239008228591026	0
buffer_smax	1.025	500	0.029650690125796	Post-missegregation survival	16	buffer_smax | Maximum post-missegregation survival	Maximum post-missegregation survival (buffer_smax)	15	11	Negative peak rho	2	7	0.239008228591026	-0.239008228591026	0
buffer_smax	1.05	500	0.0295909294765549	Post-missegregation survival	16	buffer_smax | Maximum post-missegregation survival	Maximum post-missegregation survival (buffer_smax)	15	11	Negative peak rho	2	7	0.239008228591026	-0.239008228591026	0
buffer_smax	1.075	500	0.0446869974805933	Post-missegregation survival	16	buffer_smax | Maximum post-missegregation survival	Maximum post-missegregation survival (buffer_smax)	15	11	Negative peak rho	2	7	0.239008228591026	-0.239008228591026	0
buffer_smax	1.1	500	0.0550277978232919	Post-missegregation survival	16	buffer_smax | Maximum post-missegregation survival	Maximum post-missegregation survival (buffer_smax)	15	11	Negative peak rho	2	7	0.239008228591026	-0.239008228591026	0
buffer_smax	1.125	500	0.066991447796667	Post-missegregation survival	16	buffer_smax | Maximum post-missegregation survival	Maximum post-missegregation survival (buffer_smax)	15	11	Negative peak rho	2	7	0.239008228591026	-0.239008228591026	0
buffer_smax	1.15	500	0.0877743775829058	Post-missegregation survival	16	buffer_smax | Maximum post-missegregation survival	Maximum post-missegregation survival (buffer_smax)	15	11	Negative peak rho	2	7	0.239008228591026	-0.239008228591026	0
buffer_smax	1.175	500	0.0973004170740233	Post-missegregation survival	16	buffer_smax | Maximum post-missegregation survival	Maximum post-missegregation survival (buffer_smax)	15	11	Negative peak rho	2	7	0.239008228591026	-0.239008228591026	0
buffer_smax	1.2	500	0.11054592097349	Post-missegregation survival	16	buffer_smax | Maximum post-missegregation survival	Maximum post-missegregation survival (buffer_smax)	15	11	Negative peak rho	2	7	0.239008228591026	-0.239008228591026	0
buffer_smax	1.225	500	0.122246672090725	Post-missegregation survival	16	buffer_smax | Maximum post-missegregation survival	Maximum post-missegregation survival (buffer_smax)	15	11	Negative peak rho	2	7	0.239008228591026	-0.239008228591026	0
buffer_smax	1.25	500	0.133268071827472	Post-missegregation survival	16	buffer_smax | Maximum post-missegregation survival	Maximum post-missegregation survival (buffer_smax)	15	11	Negative peak rho	2	7	0.239008228591026	-0.239008228591026	0
buffer_smax	1.275	500	0.154824914021513	Post-missegregation survival	16	buffer_smax | Maximum post-missegregation survival	Maximum post-missegregation survival (buffer_smax)	15	11	Negative peak rho	2	7	0.239008228591026	-0.239008228591026	0
buffer_smax	1.3	500	0.16249750937677	Post-missegregation survival	16	buffer_smax | Maximum post-missegregation survival	Maximum post-missegregation survival (buffer_smax)	15	11	Negative peak rho	2	7	0.239008228591026	-0.239008228591026	0
buffer_smax	1.325	500	0.163276269837242	Post-missegregation survival	16	buffer_smax | Maximum post-missegregation survival	Maximum post-missegregation survival (buffer_smax)	15	11	Negative peak rho	2	7	0.239008228591026	-0.239008228591026	0
buffer_smax	1.35	500	0.165474741721492	Post-missegregation survival	16	buffer_smax | Maximum post-missegregation survival	Maximum post-missegregation survival (buffer_smax)	15	11	Negative peak rho	2	7	0.239008228591026	-0.239008228591026	0
buffer_smax	1.375	500	0.168431525844065	Post-missegregation survival	16	buffer_smax | Maximum post-missegregation survival	Maximum post-missegregation survival (buffer_smax)	15	11	Negative peak rho	2	7	0.239008228591026	-0.239008228591026	0
buffer_smax	1.4	500	0.172930134717057	Post-missegregation survival	16	buffer_smax | Maximum post-missegregation survival	Maximum post-missegregation survival (buffer_smax)	15	11	Negative peak rho	2	7	0.239008228591026	-0.239008228591026	0
buffer_smax	1.425	500	0.174794858975466	Post-missegregation survival	16	buffer_smax | Maximum post-missegregation survival	Maximum post-missegregation survival (buffer_smax)	15	11	Negative peak rho	2	7	0.239008228591026	-0.239008228591026	0
buffer_smax	1.45	500	0.187086352510541	Post-missegregation survival	16	buffer_smax | Maximum post-missegregation survival	Maximum post-missegregation survival (buffer_smax)	15	11	Negative peak rho	2	7	0.239008228591026	-0.239008228591026	0
buffer_smax	1.475	500	0.191910644921767	Post-missegregation survival	16	buffer_smax | Maximum post-missegregation survival	Maximum post-missegregation survival (buffer_smax)	15	11	Negative peak rho	2	7	0.239008228591026	-0.239008228591026	0
buffer_smax	1.5	500	0.190616742864785	Post-missegregation survival	16	buffer_smax | Maximum post-missegregation survival	Maximum post-missegregation survival (buffer_smax)	15	11	Negative peak rho	2	7	0.239008228591026	-0.239008228591026	0
buffer_smax	1.525	500	0.195001974506045	Post-missegregation survival	16	buffer_smax | Maximum post-missegregation survival	Maximum post-missegregation survival (buffer_smax)	15	11	Negative peak rho	2	7	0.239008228591026	-0.239008228591026	0
buffer_smax	1.55	500	0.199166355747981	Post-missegregation survival	16	buffer_smax | Maximum post-missegregation survival	Maximum post-missegregation survival (buffer_smax)	15	11	Negative peak rho	2	7	0.239008228591026	-0.239008228591026	0
buffer_smax	1.575	500	0.199586072307791	Post-missegregation survival	16	buffer_smax | Maximum post-missegregation survival	Maximum post-missegregation survival (buffer_smax)	15	11	Negative peak rho	2	7	0.239008228591026	-0.239008228591026	0
buffer_smax	1.6	500	0.196693176879307	Post-missegregation survival	16	buffer_smax | Maximum post-missegregation survival	Maximum post-missegregation survival (buffer_smax)	15	11	Negative peak rho	2	7	0.239008228591026	-0.239008228591026	0
buffer_smax	1.625	500	0.19805331965593	Post-missegregation survival	16	buffer_smax | Maximum post-missegregation survival	Maximum post-missegregation survival (buffer_smax)	15	11	Negative peak rho	2	7	0.239008228591026	-0.239008228591026	0
buffer_smax	1.65	500	0.199205428172464	Post-missegregation survival	16	buffer_smax | Maximum post-missegregation survival	Maximum post-missegregation survival (buffer_smax)	15	11	Negative peak rho	2	7	0.239008228591026	-0.239008228591026	0
buffer_smax	1.675	500	0.197151341856822	Post-missegregation survival	16	buffer_smax | Maximum post-missegregation survival	Maximum post-missegregation survival (buffer_smax)	15	11	Negative peak rho	2	7	0.239008228591026	-0.239008228591026	0
buffer_smax	1.7	500	0.195354778338914	Post-missegregation survival	16	buffer_smax | Maximum post-missegregation survival	Maximum post-missegregation survival (buffer_smax)	15	11	Negative peak rho	2	7	0.239008228591026	-0.239008228591026	0
buffer_smax	1.725	500	0.196085106273214	Post-missegregation survival	16	buffer_smax | Maximum post-missegregation survival	Maximum post-missegregation survival (buffer_smax)	15	11	Negative peak rho	2	7	0.239008228591026	-0.239008228591026	0
buffer_smax	1.75	500	0.200222607223122	Post-missegregation survival	16	buffer_smax | Maximum post-missegregation survival	Maximum post-missegregation survival (buffer_smax)	15	11	Negative peak rho	2	7	0.239008228591026	-0.239008228591026	0
buffer_smax	1.775	500	0.198229577570801	Post-missegregation survival	16	buffer_smax | Maximum post-missegregation survival	Maximum post-missegregation survival (buffer_smax)	15	11	Negative peak rho	2	7	0.239008228591026	-0.239008228591026	0
buffer_smax	1.8	500	0.201420076232453	Post-missegregation survival	16	buffer_smax | Maximum post-missegregation survival	Maximum post-missegregation survival (buffer_smax)	15	11	Negative peak rho	2	7	0.239008228591026	-0.239008228591026	0
buffer_smax	1.825	500	0.199277092951032	Post-missegregation survival	16	buffer_smax | Maximum post-missegregation survival	Maximum post-missegregation survival (buffer_smax)	15	11	Negative peak rho	2	7	0.239008228591026	-0.239008228591026	0
buffer_smax	1.85	500	0.194355359481204	Post-missegregation survival	16	buffer_smax | Maximum post-missegregation survival	Maximum post-missegregation survival (buffer_smax)	15	11	Negative peak rho	2	7	0.239008228591026	-0.239008228591026	0
buffer_smax	1.875	500	0.20113173709993	Post-missegregation survival	16	buffer_smax | Maximum post-missegregation survival	Maximum post-missegregation survival (buffer_smax)	15	11	Negative peak rho	2	7	0.239008228591026	-0.239008228591026	0
buffer_smax	1.9	500	0.203681476800362	Post-missegregation survival	16	buffer_smax | Maximum post-missegregation survival	Maximum post-missegregation survival (buffer_smax)	15	11	Negative peak rho	2	7	0.239008228591026	-0.239008228591026	0
buffer_smax	1.925	500	0.202978509163305	Post-missegregation survival	16	buffer_smax | Maximum post-missegregation survival	Maximum post-missegregation survival (buffer_smax)	15	11	Negative peak rho	2	7	0.239008228591026	-0.239008228591026	0
buffer_smax	1.95	500	0.203980952053868	Post-missegregation survival	16	buffer_smax | Maximum post-missegregation survival	Maximum post-missegregation survival (buffer_smax)	15	11	Negative peak rho	2	7	0.239008228591026	-0.239008228591026	0
buffer_smax	1.975	500	0.204854993549476	Post-missegregation survival	16	buffer_smax | Maximum post-missegregation survival	Maximum post-missegregation survival (buffer_smax)	15	11	Negative peak rho	2	7	0.239008228591026	-0.239008228591026	0
buffer_smax	2	500	0.205160516868688	Post-missegregation survival	16	buffer_smax | Maximum post-missegregation survival	Maximum post-missegregation survival (buffer_smax)	15	11	Negative peak rho	2	7	0.239008228591026	-0.239008228591026	0
buffer_smax	2.025	500	0.206287713114575	Post-missegregation survival	16	buffer_smax | Maximum post-missegregation survival	Maximum post-missegregation survival (buffer_smax)	15	11	Negative peak rho	2	7	0.239008228591026	-0.239008228591026	0
buffer_smax	2.05	500	0.206817254867529	Post-missegregation survival	16	buffer_smax | Maximum post-missegregation survival	Maximum post-missegregation survival (buffer_smax)	15	11	Negative peak rho	2	7	0.239008228591026	-0.239008228591026	0
buffer_smax	2.075	500	0.204524413958051	Post-missegregation survival	16	buffer_smax | Maximum post-missegregation survival	Maximum post-missegregation survival (buffer_smax)	15	11	Negative peak rho	2	7	0.239008228591026	-0.239008228591026	0
buffer_smax	2.1	500	0.196989004093181	Post-missegregation survival	16	buffer_smax | Maximum post-missegregation survival	Maximum post-missegregation survival (buffer_smax)	15	11	Negative peak rho	2	7	0.239008228591026	-0.239008228591026	0
buffer_smax	2.125	500	0.189284392390098	Post-missegregation survival	16	buffer_smax | Maximum post-missegregation survival	Maximum post-missegregation survival (buffer_smax)	15	11	Negative peak rho	2	7	0.239008228591026	-0.239008228591026	0
buffer_smax	2.15	500	0.188802611156015	Post-missegregation survival	16	buffer_smax | Maximum post-missegregation survival	Maximum post-missegregation survival (buffer_smax)	15	11	Negative peak rho	2	7	0.239008228591026	-0.239008228591026	0
buffer_smax	2.175	500	0.186760140966571	Post-missegregation survival	16	buffer_smax | Maximum post-missegregation survival	Maximum post-missegregation survival (buffer_smax)	15	11	Negative peak rho	2	7	0.239008228591026	-0.239008228591026	0
buffer_smax	2.2	500	0.187054672166365	Post-missegregation survival	16	buffer_smax | Maximum post-missegregation survival	Maximum post-missegregation survival (buffer_smax)	15	11	Negative peak rho	2	7	0.239008228591026	-0.239008228591026	0
buffer_smax	2.225	500	0.188006378505725	Post-missegregation survival	16	buffer_smax | Maximum post-missegregation survival	Maximum post-missegregation survival (buffer_smax)	15	11	Negative peak rho	2	7	0.239008228591026	-0.239008228591026	0
buffer_smax	2.25	500	0.18804516292708	Post-missegregation survival	16	buffer_smax | Maximum post-missegregation survival	Maximum post-missegregation survival (buffer_smax)	15	11	Negative peak rho	2	7	0.239008228591026	-0.239008228591026	0
buffer_smax	2.275	500	0.187730471508265	Post-missegregation survival	16	buffer_smax | Maximum post-missegregation survival	Maximum post-missegregation survival (buffer_smax)	15	11	Negative peak rho	2	7	0.239008228591026	-0.239008228591026	0
buffer_smax	2.3	500	0.191378223137525	Post-missegregation survival	16	buffer_smax | Maximum post-missegregation survival	Maximum post-missegregation survival (buffer_smax)	15	11	Negative peak rho	2	7	0.239008228591026	-0.239008228591026	0
buffer_smax	2.325	500	0.191427615674126	Post-missegregation survival	16	buffer_smax | Maximum post-missegregation survival	Maximum post-missegregation survival (buffer_smax)	15	11	Negative peak rho	2	7	0.239008228591026	-0.239008228591026	0
buffer_smax	2.35	500	0.192286873009118	Post-missegregation survival	16	buffer_smax | Maximum post-missegregation survival	Maximum post-missegregation survival (buffer_smax)	15	11	Negative peak rho	2	7	0.239008228591026	-0.239008228591026	0
buffer_smax	2.375	500	0.192312457287066	Post-missegregation survival	16	buffer_smax | Maximum post-missegregation survival	Maximum post-missegregation survival (buffer_smax)	15	11	Negative peak rho	2	7	0.239008228591026	-0.239008228591026	0
buffer_smax	2.4	500	0.188931492556186	Post-missegregation survival	16	buffer_smax | Maximum post-missegregation survival	Maximum post-missegregation survival (buffer_smax)	15	11	Negative peak rho	2	7	0.239008228591026	-0.239008228591026	0
buffer_smax	2.425	500	0.188199196600505	Post-missegregation survival	16	buffer_smax | Maximum post-missegregation survival	Maximum post-missegregation survival (buffer_smax)	15	11	Negative peak rho	2	7	0.239008228591026	-0.239008228591026	0
buffer_smax	2.45	500	0.190393012434172	Post-missegregation survival	16	buffer_smax | Maximum post-missegregation survival	Maximum post-missegregation survival (buffer_smax)	15	11	Negative peak rho	2	7	0.239008228591026	-0.239008228591026	0
buffer_smax	2.475	500	0.19789587794548	Post-missegregation survival	16	buffer_smax | Maximum post-missegregation survival	Maximum post-missegregation survival (buffer_smax)	15	11	Negative peak rho	2	7	0.239008228591026	-0.239008228591026	0
buffer_smax	2.5	500	0.199740009980174	Post-missegregation survival	16	buffer_smax | Maximum post-missegregation survival	Maximum post-missegregation survival (buffer_smax)	15	11	Negative peak rho	2	7	0.239008228591026	-0.239008228591026	0
buffer_smax	2.525	500	0.19803901550053	Post-missegregation survival	16	buffer_smax | Maximum post-missegregation survival	Maximum post-missegregation survival (buffer_smax)	15	11	Negative peak rho	2	7	0.239008228591026	-0.239008228591026	0
buffer_smax	2.55	500	0.196620168086138	Post-missegregation survival	16	buffer_smax | Maximum post-missegregation survival	Maximum post-missegregation survival (buffer_smax)	15	11	Negative peak rho	2	7	0.239008228591026	-0.239008228591026	0
buffer_smax	2.575	500	0.195443195299478	Post-missegregation survival	16	buffer_smax | Maximum post-missegregation survival	Maximum post-missegregation survival (buffer_smax)	15	11	Negative peak rho	2	7	0.239008228591026	-0.239008228591026	0
buffer_smax	2.6	500	0.194544961541045	Post-missegregation survival	16	buffer_smax | Maximum post-missegregation survival	Maximum post-missegregation survival (buffer_smax)	15	11	Negative peak rho	2	7	0.239008228591026	-0.239008228591026	0
buffer_smax	2.625	500	0.193748488888148	Post-missegregation survival	16	buffer_smax | Maximum post-missegregation survival	Maximum post-missegregation survival (buffer_smax)	15	11	Negative peak rho	2	7	0.239008228591026	-0.239008228591026	0
buffer_smax	2.65	500	0.192872527371681	Post-missegregation survival	16	buffer_smax | Maximum post-missegregation survival	Maximum post-missegregation survival (buffer_smax)	15	11	Negative peak rho	2	7	0.239008228591026	-0.239008228591026	0
buffer_smax	2.675	500	0.194206509864098	Post-missegregation survival	16	buffer_smax | Maximum post-missegregation survival	Maximum post-missegregation survival (buffer_smax)	15	11	Negative peak rho	2	7	0.239008228591026	-0.239008228591026	0
buffer_smax	2.7	500	0.193159330487517	Post-missegregation survival	16	buffer_smax | Maximum post-missegregation survival	Maximum post-missegregation survival (buffer_smax)	15	11	Negative peak rho	2	7	0.239008228591026	-0.239008228591026	0
buffer_smax	2.725	500	0.192031894239023	Post-missegregation survival	16	buffer_smax | Maximum post-missegregation survival	Maximum post-missegregation survival (buffer_smax)	15	11	Negative peak rho	2	7	0.239008228591026	-0.239008228591026	0
buffer_smax	2.75	500	0.190461893182494	Post-missegregation survival	16	buffer_smax | Maximum post-missegregation survival	Maximum post-missegregation survival (buffer_smax)	15	11	Negative peak rho	2	7	0.239008228591026	-0.239008228591026	0
buffer_smax	2.775	500	0.189130838721887	Post-missegregation survival	16	buffer_smax | Maximum post-missegregation survival	Maximum post-missegregation survival (buffer_smax)	15	11	Negative peak rho	2	7	0.239008228591026	-0.239008228591026	0
buffer_smax	2.8	500	0.18815196408737	Post-missegregation survival	16	buffer_smax | Maximum post-missegregation survival	Maximum post-missegregation survival (buffer_smax)	15	11	Negative peak rho	2	7	0.239008228591026	-0.239008228591026	0
buffer_smax	2.825	500	0.18726875449216	Post-missegregation survival	16	buffer_smax | Maximum post-missegregation survival	Maximum post-missegregation survival (buffer_smax)	15	11	Negative peak rho	2	7	0.239008228591026	-0.239008228591026	0
buffer_smax	2.85	500	0.18868947392689	Post-missegregation survival	16	buffer_smax | Maximum post-missegregation survival	Maximum post-missegregation survival (buffer_smax)	15	11	Negative peak rho	2	7	0.239008228591026	-0.239008228591026	0
buffer_smax	2.875	500	0.189954719672549	Post-missegregation survival	16	buffer_smax | Maximum post-missegregation survival	Maximum post-missegregation survival (buffer_smax)	15	11	Negative peak rho	2	7	0.239008228591026	-0.239008228591026	0
buffer_smax	2.9	500	0.189807838076824	Post-missegregation survival	16	buffer_smax | Maximum post-missegregation survival	Maximum post-missegregation survival (buffer_smax)	15	11	Negative peak rho	2	7	0.239008228591026	-0.239008228591026	0
buffer_smax	2.925	500	0.188860691787005	Post-missegregation survival	16	buffer_smax | Maximum post-missegregation survival	Maximum post-missegregation survival (buffer_smax)	15	11	Negative peak rho	2	7	0.239008228591026	-0.239008228591026	0
buffer_smax	2.95	500	0.184122752313919	Post-missegregation survival	16	buffer_smax | Maximum post-missegregation survival	Maximum post-missegregation survival (buffer_smax)	15	11	Negative peak rho	2	7	0.239008228591026	-0.239008228591026	0
buffer_smax	2.975	500	0.183347735894122	Post-missegregation survival	16	buffer_smax | Maximum post-missegregation survival	Maximum post-missegregation survival (buffer_smax)	15	11	Negative peak rho	2	7	0.239008228591026	-0.239008228591026	0
buffer_smax	3	500	0.182126362625094	Post-missegregation survival	16	buffer_smax | Maximum post-missegregation survival	Maximum post-missegregation survival (buffer_smax)	15	11	Negative peak rho	2	7	0.239008228591026	-0.239008228591026	0
buffer_smax	3.025	500	0.17874170185406	Post-missegregation survival	16	buffer_smax | Maximum post-missegregation survival	Maximum post-missegregation survival (buffer_smax)	15	11	Negative peak rho	2	7	0.239008228591026	-0.239008228591026	0
buffer_smax	3.05	500	0.176410940532614	Post-missegregation survival	16	buffer_smax | Maximum post-missegregation survival	Maximum post-missegregation survival (buffer_smax)	15	11	Negative peak rho	2	7	0.239008228591026	-0.239008228591026	0
buffer_smax	3.075	500	0.175218559578559	Post-missegregation survival	16	buffer_smax | Maximum post-missegregation survival	Maximum post-missegregation survival (buffer_smax)	15	11	Negative peak rho	2	7	0.239008228591026	-0.239008228591026	0
buffer_smax	3.1	500	0.17408349124715	Post-missegregation survival	16	buffer_smax | Maximum post-missegregation survival	Maximum post-missegregation survival (buffer_smax)	15	11	Negative peak rho	2	7	0.239008228591026	-0.239008228591026	0
buffer_smax	3.125	500	0.169456000973987	Post-missegregation survival	16	buffer_smax | Maximum post-missegregation survival	Maximum post-missegregation survival (buffer_smax)	15	11	Negative peak rho	2	7	0.239008228591026	-0.239008228591026	0
buffer_smax	3.15	500	0.168463110187198	Post-missegregation survival	16	buffer_smax | Maximum post-missegregation survival	Maximum post-missegregation survival (buffer_smax)	15	11	Negative peak rho	2	7	0.239008228591026	-0.239008228591026	0
buffer_smax	3.175	500	0.167130615710946	Post-missegregation survival	16	buffer_smax | Maximum post-missegregation survival	Maximum post-missegregation survival (buffer_smax)	15	11	Negative peak rho	2	7	0.239008228591026	-0.239008228591026	0
buffer_smax	3.2	500	0.166377631530508	Post-missegregation survival	16	buffer_smax | Maximum post-missegregation survival	Maximum post-missegregation survival (buffer_smax)	15	11	Negative peak rho	2	7	0.239008228591026	-0.239008228591026	0
buffer_smax	3.225	500	0.16577882502506	Post-missegregation survival	16	buffer_smax | Maximum post-missegregation survival	Maximum post-missegregation survival (buffer_smax)	15	11	Negative peak rho	2	7	0.239008228591026	-0.239008228591026	0
buffer_smax	3.25	500	0.164928015781849	Post-missegregation survival	16	buffer_smax | Maximum post-missegregation survival	Maximum post-missegregation survival (buffer_smax)	15	11	Negative peak rho	2	7	0.239008228591026	-0.239008228591026	0
buffer_smax	3.275	500	0.16666333063435	Post-missegregation survival	16	buffer_smax | Maximum post-missegregation survival	Maximum post-missegregation survival (buffer_smax)	15	11	Negative peak rho	2	7	0.239008228591026	-0.239008228591026	0
buffer_smax	3.3	500	0.166896325165608	Post-missegregation survival	16	buffer_smax | Maximum post-missegregation survival	Maximum post-missegregation survival (buffer_smax)	15	11	Negative peak rho	2	7	0.239008228591026	-0.239008228591026	0
buffer_smax	3.325	500	0.168596983641602	Post-missegregation survival	16	buffer_smax | Maximum post-missegregation survival	Maximum post-missegregation survival (buffer_smax)	15	11	Negative peak rho	2	7	0.239008228591026	-0.239008228591026	0
buffer_smax	3.35	500	0.168017137342138	Post-missegregation survival	16	buffer_smax | Maximum post-missegregation survival	Maximum post-missegregation survival (buffer_smax)	15	11	Negative peak rho	2	7	0.239008228591026	-0.239008228591026	0
buffer_smax	3.375	500	0.167708157985379	Post-missegregation survival	16	buffer_smax | Maximum post-missegregation survival	Maximum post-missegregation survival (buffer_smax)	15	11	Negative peak rho	2	7	0.239008228591026	-0.239008228591026	0
buffer_smax	3.4	500	0.167941488520288	Post-missegregation survival	16	buffer_smax | Maximum post-missegregation survival	Maximum post-missegregation survival (buffer_smax)	15	11	Negative peak rho	2	7	0.239008228591026	-0.239008228591026	0
buffer_smax	3.425	500	0.17364140644433	Post-missegregation survival	16	buffer_smax | Maximum post-missegregation survival	Maximum post-missegregation survival (buffer_smax)	15	11	Negative peak rho	2	7	0.239008228591026	-0.239008228591026	0
buffer_smax	3.45	500	0.17127253270883	Post-missegregation survival	16	buffer_smax | Maximum post-missegregation survival	Maximum post-missegregation survival (buffer_smax)	15	11	Negative peak rho	2	7	0.239008228591026	-0.239008228591026	0
buffer_smax	3.475	500	0.170646893911875	Post-missegregation survival	16	buffer_smax | Maximum post-missegregation survival	Maximum post-missegregation survival (buffer_smax)	15	11	Negative peak rho	2	7	0.239008228591026	-0.239008228591026	0
buffer_smax	3.5	500	0.169609554642197	Post-missegregation survival	16	buffer_smax | Maximum post-missegregation survival	Maximum post-missegregation survival (buffer_smax)	15	11	Negative peak rho	2	7	0.239008228591026	-0.239008228591026	0
buffer_smax	3.525	500	0.167637693219848	Post-missegregation survival	16	buffer_smax | Maximum post-missegregation survival	Maximum post-missegregation survival (buffer_smax)	15	11	Negative peak rho	2	7	0.239008228591026	-0.239008228591026	0
buffer_smax	3.55	500	0.166944277686566	Post-missegregation survival	16	buffer_smax | Maximum post-missegregation survival	Maximum post-missegregation survival (buffer_smax)	15	11	Negative peak rho	2	7	0.239008228591026	-0.239008228591026	0
buffer_smax	3.575	500	0.166036779827487	Post-missegregation survival	16	buffer_smax | Maximum post-missegregation survival	Maximum post-missegregation survival (buffer_smax)	15	11	Negative peak rho	2	7	0.239008228591026	-0.239008228591026	0
buffer_smax	3.6	500	0.165359780472551	Post-missegregation survival	16	buffer_smax | Maximum post-missegregation survival	Maximum post-missegregation survival (buffer_smax)	15	11	Negative peak rho	2	7	0.239008228591026	-0.239008228591026	0
buffer_smax	3.625	500	0.164791790301892	Post-missegregation survival	16	buffer_smax | Maximum post-missegregation survival	Maximum post-missegregation survival (buffer_smax)	15	11	Negative peak rho	2	7	0.239008228591026	-0.239008228591026	0
buffer_smax	3.65	500	0.164606508288984	Post-missegregation survival	16	buffer_smax | Maximum post-missegregation survival	Maximum post-missegregation survival (buffer_smax)	15	11	Negative peak rho	2	7	0.239008228591026	-0.239008228591026	0
buffer_smax	3.675	500	0.163802547554735	Post-missegregation survival	16	buffer_smax | Maximum post-missegregation survival	Maximum post-missegregation survival (buffer_smax)	15	11	Negative peak rho	2	7	0.239008228591026	-0.239008228591026	0
buffer_smax	3.7	500	0.162688839455384	Post-missegregation survival	16	buffer_smax | Maximum post-missegregation survival	Maximum post-missegregation survival (buffer_smax)	15	11	Negative peak rho	2	7	0.239008228591026	-0.239008228591026	0
buffer_smax	3.725	500	0.167177032215216	Post-missegregation survival	16	buffer_smax | Maximum post-missegregation survival	Maximum post-missegregation survival (buffer_smax)	15	11	Negative peak rho	2	7	0.239008228591026	-0.239008228591026	0
buffer_smax	3.75	500	0.164703277340285	Post-missegregation survival	16	buffer_smax | Maximum post-missegregation survival	Maximum post-missegregation survival (buffer_smax)	15	11	Negative peak rho	2	7	0.239008228591026	-0.239008228591026	0
buffer_smax	3.775	500	0.164271128645411	Post-missegregation survival	16	buffer_smax | Maximum post-missegregation survival	Maximum post-missegregation survival (buffer_smax)	15	11	Negative peak rho	2	7	0.239008228591026	-0.239008228591026	0
buffer_smax	3.8	500	0.162474853130632	Post-missegregation survival	16	buffer_smax | Maximum post-missegregation survival	Maximum post-missegregation survival (buffer_smax)	15	11	Negative peak rho	2	7	0.239008228591026	-0.239008228591026	0
buffer_smax	3.825	500	0.159842792535864	Post-missegregation survival	16	buffer_smax | Maximum post-missegregation survival	Maximum post-missegregation survival (buffer_smax)	15	11	Negative peak rho	2	7	0.239008228591026	-0.239008228591026	0
buffer_smax	3.85	500	0.159453076301977	Post-missegregation survival	16	buffer_smax | Maximum post-missegregation survival	Maximum post-missegregation survival (buffer_smax)	15	11	Negative peak rho	2	7	0.239008228591026	-0.239008228591026	0
buffer_smax	3.875	500	0.165562342673191	Post-missegregation survival	16	buffer_smax | Maximum post-missegregation survival	Maximum post-missegregation survival (buffer_smax)	15	11	Negative peak rho	2	7	0.239008228591026	-0.239008228591026	0
buffer_smax	3.9	500	0.164815982564717	Post-missegregation survival	16	buffer_smax | Maximum post-missegregation survival	Maximum post-missegregation survival (buffer_smax)	15	11	Negative peak rho	2	7	0.239008228591026	-0.239008228591026	0
buffer_smax	3.925	500	0.164024117961882	Post-missegregation survival	16	buffer_smax | Maximum post-missegregation survival	Maximum post-missegregation survival (buffer_smax)	15	11	Negative peak rho	2	7	0.239008228591026	-0.239008228591026	0
buffer_smax	3.95	500	0.160768290590496	Post-missegregation survival	16	buffer_smax | Maximum post-missegregation survival	Maximum post-missegregation survival (buffer_smax)	15	11	Negative peak rho	2	7	0.239008228591026	-0.239008228591026	0
buffer_smax	3.975	500	0.160416638770143	Post-missegregation survival	16	buffer_smax | Maximum post-missegregation survival	Maximum post-missegregation survival (buffer_smax)	15	11	Negative peak rho	2	7	0.239008228591026	-0.239008228591026	0
buffer_smax	4	500	0.159728503294223	Post-missegregation survival	16	buffer_smax | Maximum post-missegregation survival	Maximum post-missegregation survival (buffer_smax)	15	11	Negative peak rho	2	7	0.239008228591026	-0.239008228591026	0
buffer_smax	4.025	500	0.158328712086858	Post-missegregation survival	16	buffer_smax | Maximum post-missegregation survival	Maximum post-missegregation survival (buffer_smax)	15	11	Negative peak rho	2	7	0.239008228591026	-0.239008228591026	0
buffer_smax	4.05	500	0.156570644987176	Post-missegregation survival	16	buffer_smax | Maximum post-missegregation survival	Maximum post-missegregation survival (buffer_smax)	15	11	Negative peak rho	2	7	0.239008228591026	-0.239008228591026	0
buffer_smax	4.075	500	0.155968718447831	Post-missegregation survival	16	buffer_smax | Maximum post-missegregation survival	Maximum post-missegregation survival (buffer_smax)	15	11	Negative peak rho	2	7	0.239008228591026	-0.239008228591026	0
buffer_smax	4.1	500	0.155586010290081	Post-missegregation survival	16	buffer_smax | Maximum post-missegregation survival	Maximum post-missegregation survival (buffer_smax)	15	11	Negative peak rho	2	7	0.239008228591026	-0.239008228591026	0
buffer_smax	4.125	500	0.155411720396591	Post-missegregation survival	16	buffer_smax | Maximum post-missegregation survival	Maximum post-missegregation survival (buffer_smax)	15	11	Negative peak rho	2	7	0.239008228591026	-0.239008228591026	0
buffer_smax	4.15	500	0.154894706779743	Post-missegregation survival	16	buffer_smax | Maximum post-missegregation survival	Maximum post-missegregation survival (buffer_smax)	15	11	Negative peak rho	2	7	0.239008228591026	-0.239008228591026	0
buffer_smax	4.175	500	0.153972232757964	Post-missegregation survival	16	buffer_smax | Maximum post-missegregation survival	Maximum post-missegregation survival (buffer_smax)	15	11	Negative peak rho	2	7	0.239008228591026	-0.239008228591026	0
buffer_smax	4.2	500	0.153088975162233	Post-missegregation survival	16	buffer_smax | Maximum post-missegregation survival	Maximum post-missegregation survival (buffer_smax)	15	11	Negative peak rho	2	7	0.239008228591026	-0.239008228591026	0
buffer_smax	4.225	500	0.151486525753184	Post-missegregation survival	16	buffer_smax | Maximum post-missegregation survival	Maximum post-missegregation survival (buffer_smax)	15	11	Negative peak rho	2	7	0.239008228591026	-0.239008228591026	0
buffer_smax	4.25	500	0.150690437104459	Post-missegregation survival	16	buffer_smax | Maximum post-missegregation survival	Maximum post-missegregation survival (buffer_smax)	15	11	Negative peak rho	2	7	0.239008228591026	-0.239008228591026	0
buffer_smax	4.275	500	0.149876924266436	Post-missegregation survival	16	buffer_smax | Maximum post-missegregation survival	Maximum post-missegregation survival (buffer_smax)	15	11	Negative peak rho	2	7	0.239008228591026	-0.239008228591026	0
buffer_smax	4.3	500	0.149175876650238	Post-missegregation survival	16	buffer_smax | Maximum post-missegregation survival	Maximum post-missegregation survival (buffer_smax)	15	11	Negative peak rho	2	7	0.239008228591026	-0.239008228591026	0
buffer_smax	4.325	500	0.148540925752117	Post-missegregation survival	16	buffer_smax | Maximum post-missegregation survival	Maximum post-missegregation survival (buffer_smax)	15	11	Negative peak rho	2	7	0.239008228591026	-0.239008228591026	0
buffer_smax	4.35	500	0.147992423793178	Post-missegregation survival	16	buffer_smax | Maximum post-missegregation survival	Maximum post-missegregation survival (buffer_smax)	15	11	Negative peak rho	2	7	0.239008228591026	-0.239008228591026	0
buffer_smax	4.375	500	0.147519714657655	Post-missegregation survival	16	buffer_smax | Maximum post-missegregation survival	Maximum post-missegregation survival (buffer_smax)	15	11	Negative peak rho	2	7	0.239008228591026	-0.239008228591026	0
buffer_smax	4.4	500	0.147153758681901	Post-missegregation survival	16	buffer_smax | Maximum post-missegregation survival	Maximum post-missegregation survival (buffer_smax)	15	11	Negative peak rho	2	7	0.239008228591026	-0.239008228591026	0
buffer_smax	4.425	500	0.146822987088391	Post-missegregation survival	16	buffer_smax | Maximum post-missegregation survival	Maximum post-missegregation survival (buffer_smax)	15	11	Negative peak rho	2	7	0.239008228591026	-0.239008228591026	0
buffer_smax	4.45	500	0.146984460842645	Post-missegregation survival	16	buffer_smax | Maximum post-missegregation survival	Maximum post-missegregation survival (buffer_smax)	15	11	Negative peak rho	2	7	0.239008228591026	-0.239008228591026	0
buffer_smax	4.475	500	0.146370102168238	Post-missegregation survival	16	buffer_smax | Maximum post-missegregation survival	Maximum post-missegregation survival (buffer_smax)	15	11	Negative peak rho	2	7	0.239008228591026	-0.239008228591026	0
buffer_smax	4.5	500	0.14423532697599	Post-missegregation survival	16	buffer_smax | Maximum post-missegregation survival	Maximum post-missegregation survival (buffer_smax)	15	11	Negative peak rho	2	7	0.239008228591026	-0.239008228591026	0
buffer_smax	4.525	500	0.143782106052187	Post-missegregation survival	16	buffer_smax | Maximum post-missegregation survival	Maximum post-missegregation survival (buffer_smax)	15	11	Negative peak rho	2	7	0.239008228591026	-0.239008228591026	0
buffer_smax	4.55	500	0.143656920692171	Post-missegregation survival	16	buffer_smax | Maximum post-missegregation survival	Maximum post-missegregation survival (buffer_smax)	15	11	Negative peak rho	2	7	0.239008228591026	-0.239008228591026	0
buffer_smax	4.575	500	0.143339493243631	Post-missegregation survival	16	buffer_smax | Maximum post-missegregation survival	Maximum post-missegregation survival (buffer_smax)	15	11	Negative peak rho	2	7	0.239008228591026	-0.239008228591026	0
buffer_smax	4.6	500	0.14249809210263	Post-missegregation survival	16	buffer_smax | Maximum post-missegregation survival	Maximum post-missegregation survival (buffer_smax)	15	11	Negative peak rho	2	7	0.239008228591026	-0.239008228591026	0
buffer_smax	4.625	500	0.142117927972517	Post-missegregation survival	16	buffer_smax | Maximum post-missegregation survival	Maximum post-missegregation survival (buffer_smax)	15	11	Negative peak rho	2	7	0.239008228591026	-0.239008228591026	0
buffer_smax	4.65	500	0.141720243652066	Post-missegregation survival	16	buffer_smax | Maximum post-missegregation survival	Maximum post-missegregation survival (buffer_smax)	15	11	Negative peak rho	2	7	0.239008228591026	-0.239008228591026	0
buffer_smax	4.675	500	0.140355348823816	Post-missegregation survival	16	buffer_smax | Maximum post-missegregation survival	Maximum post-missegregation survival (buffer_smax)	15	11	Negative peak rho	2	7	0.239008228591026	-0.239008228591026	0
buffer_smax	4.7	500	0.139425866725901	Post-missegregation survival	16	buffer_smax | Maximum post-missegregation survival	Maximum post-missegregation survival (buffer_smax)	15	11	Negative peak rho	2	7	0.239008228591026	-0.239008228591026	0
buffer_smax	4.725	500	0.138866996654323	Post-missegregation survival	16	buffer_smax | Maximum post-missegregation survival	Maximum post-missegregation survival (buffer_smax)	15	11	Negative peak rho	2	7	0.239008228591026	-0.239008228591026	0
buffer_smax	4.75	500	0.138517552857957	Post-missegregation survival	16	buffer_smax | Maximum post-missegregation survival	Maximum post-missegregation survival (buffer_smax)	15	11	Negative peak rho	2	7	0.239008228591026	-0.239008228591026	0
buffer_smax	4.775	500	0.138283646316791	Post-missegregation survival	16	buffer_smax | Maximum post-missegregation survival	Maximum post-missegregation survival (buffer_smax)	15	11	Negative peak rho	2	7	0.239008228591026	-0.239008228591026	0
buffer_smax	4.8	500	0.137930314478186	Post-missegregation survival	16	buffer_smax | Maximum post-missegregation survival	Maximum post-missegregation survival (buffer_smax)	15	11	Negative peak rho	2	7	0.239008228591026	-0.239008228591026	0
buffer_smax	4.825	500	0.137428997031861	Post-missegregation survival	16	buffer_smax | Maximum post-missegregation survival	Maximum post-missegregation survival (buffer_smax)	15	11	Negative peak rho	2	7	0.239008228591026	-0.239008228591026	0
buffer_smax	4.85	500	0.136842862664084	Post-missegregation survival	16	buffer_smax | Maximum post-missegregation survival	Maximum post-missegregation survival (buffer_smax)	15	11	Negative peak rho	2	7	0.239008228591026	-0.239008228591026	0
buffer_smax	4.875	500	0.136055318108181	Post-missegregation survival	16	buffer_smax | Maximum post-missegregation survival	Maximum post-missegregation survival (buffer_smax)	15	11	Negative peak rho	2	7	0.239008228591026	-0.239008228591026	0
buffer_smax	4.9	500	0.134052304347392	Post-missegregation survival	16	buffer_smax | Maximum post-missegregation survival	Maximum post-missegregation survival (buffer_smax)	15	11	Negative peak rho	2	7	0.239008228591026	-0.239008228591026	0
buffer_smax	4.925	500	0.133472794051579	Post-missegregation survival	16	buffer_smax | Maximum post-missegregation survival	Maximum post-missegregation survival (buffer_smax)	15	11	Negative peak rho	2	7	0.239008228591026	-0.239008228591026	0
buffer_smax	4.95	500	0.132794690684648	Post-missegregation survival	16	buffer_smax | Maximum post-missegregation survival	Maximum post-missegregation survival (buffer_smax)	15	11	Negative peak rho	2	7	0.239008228591026	-0.239008228591026	0
buffer_smax	4.975	500	0.132537167886914	Post-missegregation survival	16	buffer_smax | Maximum post-missegregation survival	Maximum post-missegregation survival (buffer_smax)	15	11	Negative peak rho	2	7	0.239008228591026	-0.239008228591026	0
buffer_smax	5	500	0.130821149244047	Post-missegregation survival	16	buffer_smax | Maximum post-missegregation survival	Maximum post-missegregation survival (buffer_smax)	15	11	Negative peak rho	2	7	0.239008228591026	-0.239008228591026	0
kappa_O	0	500	-0.0451462969192324	Oxygen response	9	kappa_O | O2-drop amplitude	Oxygen-drop amplitude (kappa_O)	16	12	Negative peak rho	2	8	0.189308167406255	-0.189308167406255	2.025
kappa_O	0.025	500	-0.0465826548025543	Oxygen response	9	kappa_O | O2-drop amplitude	Oxygen-drop amplitude (kappa_O)	16	12	Negative peak rho	2	8	0.189308167406255	-0.189308167406255	2.025
kappa_O	0.05	500	-0.0411006483482558	Oxygen response	9	kappa_O | O2-drop amplitude	Oxygen-drop amplitude (kappa_O)	16	12	Negative peak rho	2	8	0.189308167406255	-0.189308167406255	2.025
kappa_O	0.075	500	-0.0287585497950201	Oxygen response	9	kappa_O | O2-drop amplitude	Oxygen-drop amplitude (kappa_O)	16	12	Negative peak rho	2	8	0.189308167406255	-0.189308167406255	2.025
kappa_O	0.1	500	-0.0226718368638439	Oxygen response	9	kappa_O | O2-drop amplitude	Oxygen-drop amplitude (kappa_O)	16	12	Negative peak rho	2	8	0.189308167406255	-0.189308167406255	2.025
kappa_O	0.125	500	-0.0192288787614875	Oxygen response	9	kappa_O | O2-drop amplitude	Oxygen-drop amplitude (kappa_O)	16	12	Negative peak rho	2	8	0.189308167406255	-0.189308167406255	2.025
kappa_O	0.15	500	-0.0153902070382881	Oxygen response	9	kappa_O | O2-drop amplitude	Oxygen-drop amplitude (kappa_O)	16	12	Negative peak rho	2	8	0.189308167406255	-0.189308167406255	2.025
kappa_O	0.175	500	-0.0274262563379461	Oxygen response	9	kappa_O | O2-drop amplitude	Oxygen-drop amplitude (kappa_O)	16	12	Negative peak rho	2	8	0.189308167406255	-0.189308167406255	2.025
kappa_O	0.2	500	-0.0322349160342162	Oxygen response	9	kappa_O | O2-drop amplitude	Oxygen-drop amplitude (kappa_O)	16	12	Negative peak rho	2	8	0.189308167406255	-0.189308167406255	2.025
kappa_O	0.225	500	-0.0268301898964579	Oxygen response	9	kappa_O | O2-drop amplitude	Oxygen-drop amplitude (kappa_O)	16	12	Negative peak rho	2	8	0.189308167406255	-0.189308167406255	2.025
kappa_O	0.25	500	-0.0410727122338295	Oxygen response	9	kappa_O | O2-drop amplitude	Oxygen-drop amplitude (kappa_O)	16	12	Negative peak rho	2	8	0.189308167406255	-0.189308167406255	2.025
kappa_O	0.275	500	-0.0501205572938029	Oxygen response	9	kappa_O | O2-drop amplitude	Oxygen-drop amplitude (kappa_O)	16	12	Negative peak rho	2	8	0.189308167406255	-0.189308167406255	2.025
kappa_O	0.3	500	-0.0643894797393093	Oxygen response	9	kappa_O | O2-drop amplitude	Oxygen-drop amplitude (kappa_O)	16	12	Negative peak rho	2	8	0.189308167406255	-0.189308167406255	2.025
kappa_O	0.325	500	-0.0594119553513694	Oxygen response	9	kappa_O | O2-drop amplitude	Oxygen-drop amplitude (kappa_O)	16	12	Negative peak rho	2	8	0.189308167406255	-0.189308167406255	2.025
kappa_O	0.35	500	-0.0802510487082959	Oxygen response	9	kappa_O | O2-drop amplitude	Oxygen-drop amplitude (kappa_O)	16	12	Negative peak rho	2	8	0.189308167406255	-0.189308167406255	2.025
kappa_O	0.375	500	-0.0765940097290642	Oxygen response	9	kappa_O | O2-drop amplitude	Oxygen-drop amplitude (kappa_O)	16	12	Negative peak rho	2	8	0.189308167406255	-0.189308167406255	2.025
kappa_O	0.4	500	-0.102432899565157	Oxygen response	9	kappa_O | O2-drop amplitude	Oxygen-drop amplitude (kappa_O)	16	12	Negative peak rho	2	8	0.189308167406255	-0.189308167406255	2.025
kappa_O	0.425	500	-0.107020182354667	Oxygen response	9	kappa_O | O2-drop amplitude	Oxygen-drop amplitude (kappa_O)	16	12	Negative peak rho	2	8	0.189308167406255	-0.189308167406255	2.025
kappa_O	0.45	500	-0.107525240423385	Oxygen response	9	kappa_O | O2-drop amplitude	Oxygen-drop amplitude (kappa_O)	16	12	Negative peak rho	2	8	0.189308167406255	-0.189308167406255	2.025
kappa_O	0.475	500	-0.0967828924227278	Oxygen response	9	kappa_O | O2-drop amplitude	Oxygen-drop amplitude (kappa_O)	16	12	Negative peak rho	2	8	0.189308167406255	-0.189308167406255	2.025
kappa_O	0.5	500	-0.08250408193672	Oxygen response	9	kappa_O | O2-drop amplitude	Oxygen-drop amplitude (kappa_O)	16	12	Negative peak rho	2	8	0.189308167406255	-0.189308167406255	2.025
kappa_O	0.525	500	-0.0842617531361412	Oxygen response	9	kappa_O | O2-drop amplitude	Oxygen-drop amplitude (kappa_O)	16	12	Negative peak rho	2	8	0.189308167406255	-0.189308167406255	2.025
kappa_O	0.55	500	-0.0806149861989838	Oxygen response	9	kappa_O | O2-drop amplitude	Oxygen-drop amplitude (kappa_O)	16	12	Negative peak rho	2	8	0.189308167406255	-0.189308167406255	2.025
kappa_O	0.575	500	-0.0793962612070863	Oxygen response	9	kappa_O | O2-drop amplitude	Oxygen-drop amplitude (kappa_O)	16	12	Negative peak rho	2	8	0.189308167406255	-0.189308167406255	2.025
kappa_O	0.6	500	-0.0797547266753608	Oxygen response	9	kappa_O | O2-drop amplitude	Oxygen-drop amplitude (kappa_O)	16	12	Negative peak rho	2	8	0.189308167406255	-0.189308167406255	2.025
kappa_O	0.625	500	-0.0758273505888284	Oxygen response	9	kappa_O | O2-drop amplitude	Oxygen-drop amplitude (kappa_O)	16	12	Negative peak rho	2	8	0.189308167406255	-0.189308167406255	2.025
kappa_O	0.65	500	-0.0936469435778813	Oxygen response	9	kappa_O | O2-drop amplitude	Oxygen-drop amplitude (kappa_O)	16	12	Negative peak rho	2	8	0.189308167406255	-0.189308167406255	2.025
kappa_O	0.675	500	-0.106072946474789	Oxygen response	9	kappa_O | O2-drop amplitude	Oxygen-drop amplitude (kappa_O)	16	12	Negative peak rho	2	8	0.189308167406255	-0.189308167406255	2.025
kappa_O	0.7	500	-0.132662463385451	Oxygen response	9	kappa_O | O2-drop amplitude	Oxygen-drop amplitude (kappa_O)	16	12	Negative peak rho	2	8	0.189308167406255	-0.189308167406255	2.025
kappa_O	0.725	500	-0.151289995683823	Oxygen response	9	kappa_O | O2-drop amplitude	Oxygen-drop amplitude (kappa_O)	16	12	Negative peak rho	2	8	0.189308167406255	-0.189308167406255	2.025
kappa_O	0.75	500	-0.152150927210199	Oxygen response	9	kappa_O | O2-drop amplitude	Oxygen-drop amplitude (kappa_O)	16	12	Negative peak rho	2	8	0.189308167406255	-0.189308167406255	2.025
kappa_O	0.775	500	-0.145348435347192	Oxygen response	9	kappa_O | O2-drop amplitude	Oxygen-drop amplitude (kappa_O)	16	12	Negative peak rho	2	8	0.189308167406255	-0.189308167406255	2.025
kappa_O	0.8	500	-0.144293871027696	Oxygen response	9	kappa_O | O2-drop amplitude	Oxygen-drop amplitude (kappa_O)	16	12	Negative peak rho	2	8	0.189308167406255	-0.189308167406255	2.025
kappa_O	0.825	500	-0.156804834272602	Oxygen response	9	kappa_O | O2-drop amplitude	Oxygen-drop amplitude (kappa_O)	16	12	Negative peak rho	2	8	0.189308167406255	-0.189308167406255	2.025
kappa_O	0.85	500	-0.165031395968599	Oxygen response	9	kappa_O | O2-drop amplitude	Oxygen-drop amplitude (kappa_O)	16	12	Negative peak rho	2	8	0.189308167406255	-0.189308167406255	2.025
kappa_O	0.875	500	-0.165701670714044	Oxygen response	9	kappa_O | O2-drop amplitude	Oxygen-drop amplitude (kappa_O)	16	12	Negative peak rho	2	8	0.189308167406255	-0.189308167406255	2.025
kappa_O	0.9	500	-0.152295887803957	Oxygen response	9	kappa_O | O2-drop amplitude	Oxygen-drop amplitude (kappa_O)	16	12	Negative peak rho	2	8	0.189308167406255	-0.189308167406255	2.025
kappa_O	0.925	500	-0.154551321042212	Oxygen response	9	kappa_O | O2-drop amplitude	Oxygen-drop amplitude (kappa_O)	16	12	Negative peak rho	2	8	0.189308167406255	-0.189308167406255	2.025
kappa_O	0.95	500	-0.166843403390581	Oxygen response	9	kappa_O | O2-drop amplitude	Oxygen-drop amplitude (kappa_O)	16	12	Negative peak rho	2	8	0.189308167406255	-0.189308167406255	2.025
kappa_O	0.975	500	-0.163409085323614	Oxygen response	9	kappa_O | O2-drop amplitude	Oxygen-drop amplitude (kappa_O)	16	12	Negative peak rho	2	8	0.189308167406255	-0.189308167406255	2.025
kappa_O	1	500	-0.149435076086072	Oxygen response	9	kappa_O | O2-drop amplitude	Oxygen-drop amplitude (kappa_O)	16	12	Negative peak rho	2	8	0.189308167406255	-0.189308167406255	2.025
kappa_O	1.025	500	-0.152868050147534	Oxygen response	9	kappa_O | O2-drop amplitude	Oxygen-drop amplitude (kappa_O)	16	12	Negative peak rho	2	8	0.189308167406255	-0.189308167406255	2.025
kappa_O	1.05	500	-0.148427071957287	Oxygen response	9	kappa_O | O2-drop amplitude	Oxygen-drop amplitude (kappa_O)	16	12	Negative peak rho	2	8	0.189308167406255	-0.189308167406255	2.025
kappa_O	1.075	500	-0.145295539130529	Oxygen response	9	kappa_O | O2-drop amplitude	Oxygen-drop amplitude (kappa_O)	16	12	Negative peak rho	2	8	0.189308167406255	-0.189308167406255	2.025
kappa_O	1.1	500	-0.131116089051501	Oxygen response	9	kappa_O | O2-drop amplitude	Oxygen-drop amplitude (kappa_O)	16	12	Negative peak rho	2	8	0.189308167406255	-0.189308167406255	2.025
kappa_O	1.125	500	-0.137508755235862	Oxygen response	9	kappa_O | O2-drop amplitude	Oxygen-drop amplitude (kappa_O)	16	12	Negative peak rho	2	8	0.189308167406255	-0.189308167406255	2.025
kappa_O	1.15	500	-0.137849172630212	Oxygen response	9	kappa_O | O2-drop amplitude	Oxygen-drop amplitude (kappa_O)	16	12	Negative peak rho	2	8	0.189308167406255	-0.189308167406255	2.025
kappa_O	1.175	500	-0.131695739425749	Oxygen response	9	kappa_O | O2-drop amplitude	Oxygen-drop amplitude (kappa_O)	16	12	Negative peak rho	2	8	0.189308167406255	-0.189308167406255	2.025
kappa_O	1.2	500	-0.135479114922455	Oxygen response	9	kappa_O | O2-drop amplitude	Oxygen-drop amplitude (kappa_O)	16	12	Negative peak rho	2	8	0.189308167406255	-0.189308167406255	2.025
kappa_O	1.225	500	-0.139010009384999	Oxygen response	9	kappa_O | O2-drop amplitude	Oxygen-drop amplitude (kappa_O)	16	12	Negative peak rho	2	8	0.189308167406255	-0.189308167406255	2.025
kappa_O	1.25	500	-0.15302904280696	Oxygen response	9	kappa_O | O2-drop amplitude	Oxygen-drop amplitude (kappa_O)	16	12	Negative peak rho	2	8	0.189308167406255	-0.189308167406255	2.025
kappa_O	1.275	500	-0.150632776991855	Oxygen response	9	kappa_O | O2-drop amplitude	Oxygen-drop amplitude (kappa_O)	16	12	Negative peak rho	2	8	0.189308167406255	-0.189308167406255	2.025
kappa_O	1.3	500	-0.154827898175072	Oxygen response	9	kappa_O | O2-drop amplitude	Oxygen-drop amplitude (kappa_O)	16	12	Negative peak rho	2	8	0.189308167406255	-0.189308167406255	2.025
kappa_O	1.325	500	-0.151728525480041	Oxygen response	9	kappa_O | O2-drop amplitude	Oxygen-drop amplitude (kappa_O)	16	12	Negative peak rho	2	8	0.189308167406255	-0.189308167406255	2.025
kappa_O	1.35	500	-0.159729774253156	Oxygen response	9	kappa_O | O2-drop amplitude	Oxygen-drop amplitude (kappa_O)	16	12	Negative peak rho	2	8	0.189308167406255	-0.189308167406255	2.025
kappa_O	1.375	500	-0.161370132972065	Oxygen response	9	kappa_O | O2-drop amplitude	Oxygen-drop amplitude (kappa_O)	16	12	Negative peak rho	2	8	0.189308167406255	-0.189308167406255	2.025
kappa_O	1.4	500	-0.165136900400745	Oxygen response	9	kappa_O | O2-drop amplitude	Oxygen-drop amplitude (kappa_O)	16	12	Negative peak rho	2	8	0.189308167406255	-0.189308167406255	2.025
kappa_O	1.425	500	-0.171070108703166	Oxygen response	9	kappa_O | O2-drop amplitude	Oxygen-drop amplitude (kappa_O)	16	12	Negative peak rho	2	8	0.189308167406255	-0.189308167406255	2.025
kappa_O	1.45	500	-0.164426401490541	Oxygen response	9	kappa_O | O2-drop amplitude	Oxygen-drop amplitude (kappa_O)	16	12	Negative peak rho	2	8	0.189308167406255	-0.189308167406255	2.025
kappa_O	1.475	500	-0.166040168100529	Oxygen response	9	kappa_O | O2-drop amplitude	Oxygen-drop amplitude (kappa_O)	16	12	Negative peak rho	2	8	0.189308167406255	-0.189308167406255	2.025
kappa_O	1.5	500	-0.168881491738591	Oxygen response	9	kappa_O | O2-drop amplitude	Oxygen-drop amplitude (kappa_O)	16	12	Negative peak rho	2	8	0.189308167406255	-0.189308167406255	2.025
kappa_O	1.525	500	-0.175472494735339	Oxygen response	9	kappa_O | O2-drop amplitude	Oxygen-drop amplitude (kappa_O)	16	12	Negative peak rho	2	8	0.189308167406255	-0.189308167406255	2.025
kappa_O	1.55	500	-0.180328386625072	Oxygen response	9	kappa_O | O2-drop amplitude	Oxygen-drop amplitude (kappa_O)	16	12	Negative peak rho	2	8	0.189308167406255	-0.189308167406255	2.025
kappa_O	1.575	500	-0.17193545624763	Oxygen response	9	kappa_O | O2-drop amplitude	Oxygen-drop amplitude (kappa_O)	16	12	Negative peak rho	2	8	0.189308167406255	-0.189308167406255	2.025
kappa_O	1.6	500	-0.17934044657847	Oxygen response	9	kappa_O | O2-drop amplitude	Oxygen-drop amplitude (kappa_O)	16	12	Negative peak rho	2	8	0.189308167406255	-0.189308167406255	2.025
kappa_O	1.625	500	-0.180288066459921	Oxygen response	9	kappa_O | O2-drop amplitude	Oxygen-drop amplitude (kappa_O)	16	12	Negative peak rho	2	8	0.189308167406255	-0.189308167406255	2.025
kappa_O	1.65	500	-0.181314214663024	Oxygen response	9	kappa_O | O2-drop amplitude	Oxygen-drop amplitude (kappa_O)	16	12	Negative peak rho	2	8	0.189308167406255	-0.189308167406255	2.025
kappa_O	1.675	500	-0.176882068508953	Oxygen response	9	kappa_O | O2-drop amplitude	Oxygen-drop amplitude (kappa_O)	16	12	Negative peak rho	2	8	0.189308167406255	-0.189308167406255	2.025
kappa_O	1.7	500	-0.188050466254711	Oxygen response	9	kappa_O | O2-drop amplitude	Oxygen-drop amplitude (kappa_O)	16	12	Negative peak rho	2	8	0.189308167406255	-0.189308167406255	2.025
kappa_O	1.725	500	-0.187682400747114	Oxygen response	9	kappa_O | O2-drop amplitude	Oxygen-drop amplitude (kappa_O)	16	12	Negative peak rho	2	8	0.189308167406255	-0.189308167406255	2.025
kappa_O	1.75	500	-0.171760159529614	Oxygen response	9	kappa_O | O2-drop amplitude	Oxygen-drop amplitude (kappa_O)	16	12	Negative peak rho	2	8	0.189308167406255	-0.189308167406255	2.025
kappa_O	1.775	500	-0.175592687227648	Oxygen response	9	kappa_O | O2-drop amplitude	Oxygen-drop amplitude (kappa_O)	16	12	Negative peak rho	2	8	0.189308167406255	-0.189308167406255	2.025
kappa_O	1.8	500	-0.179806336486755	Oxygen response	9	kappa_O | O2-drop amplitude	Oxygen-drop amplitude (kappa_O)	16	12	Negative peak rho	2	8	0.189308167406255	-0.189308167406255	2.025
kappa_O	1.825	500	-0.178585499486207	Oxygen response	9	kappa_O | O2-drop amplitude	Oxygen-drop amplitude (kappa_O)	16	12	Negative peak rho	2	8	0.189308167406255	-0.189308167406255	2.025
kappa_O	1.85	500	-0.179308958449495	Oxygen response	9	kappa_O | O2-drop amplitude	Oxygen-drop amplitude (kappa_O)	16	12	Negative peak rho	2	8	0.189308167406255	-0.189308167406255	2.025
kappa_O	1.875	500	-0.183049421770432	Oxygen response	9	kappa_O | O2-drop amplitude	Oxygen-drop amplitude (kappa_O)	16	12	Negative peak rho	2	8	0.189308167406255	-0.189308167406255	2.025
kappa_O	1.9	500	-0.179847616655839	Oxygen response	9	kappa_O | O2-drop amplitude	Oxygen-drop amplitude (kappa_O)	16	12	Negative peak rho	2	8	0.189308167406255	-0.189308167406255	2.025
kappa_O	1.925	500	-0.18116551005393	Oxygen response	9	kappa_O | O2-drop amplitude	Oxygen-drop amplitude (kappa_O)	16	12	Negative peak rho	2	8	0.189308167406255	-0.189308167406255	2.025
kappa_O	1.95	500	-0.185277974898586	Oxygen response	9	kappa_O | O2-drop amplitude	Oxygen-drop amplitude (kappa_O)	16	12	Negative peak rho	2	8	0.189308167406255	-0.189308167406255	2.025
kappa_O	1.975	500	-0.186356731317172	Oxygen response	9	kappa_O | O2-drop amplitude	Oxygen-drop amplitude (kappa_O)	16	12	Negative peak rho	2	8	0.189308167406255	-0.189308167406255	2.025
kappa_O	2	500	-0.187881697563434	Oxygen response	9	kappa_O | O2-drop amplitude	Oxygen-drop amplitude (kappa_O)	16	12	Negative peak rho	2	8	0.189308167406255	-0.189308167406255	2.025
kappa_O	2.025	500	-0.189308167406255	Oxygen response	9	kappa_O | O2-drop amplitude	Oxygen-drop amplitude (kappa_O)	16	12	Negative peak rho	2	8	0.189308167406255	-0.189308167406255	2.025
kappa_O	2.05	500	-0.186739676885717	Oxygen response	9	kappa_O | O2-drop amplitude	Oxygen-drop amplitude (kappa_O)	16	12	Negative peak rho	2	8	0.189308167406255	-0.189308167406255	2.025
kappa_O	2.075	500	-0.182179850208667	Oxygen response	9	kappa_O | O2-drop amplitude	Oxygen-drop amplitude (kappa_O)	16	12	Negative peak rho	2	8	0.189308167406255	-0.189308167406255	2.025
kappa_O	2.1	500	-0.178703195968292	Oxygen response	9	kappa_O | O2-drop amplitude	Oxygen-drop amplitude (kappa_O)	16	12	Negative peak rho	2	8	0.189308167406255	-0.189308167406255	2.025
kappa_O	2.125	500	-0.173537990811611	Oxygen response	9	kappa_O | O2-drop amplitude	Oxygen-drop amplitude (kappa_O)	16	12	Negative peak rho	2	8	0.189308167406255	-0.189308167406255	2.025
kappa_O	2.15	500	-0.173755623703036	Oxygen response	9	kappa_O | O2-drop amplitude	Oxygen-drop amplitude (kappa_O)	16	12	Negative peak rho	2	8	0.189308167406255	-0.189308167406255	2.025
kappa_O	2.175	500	-0.173079108932031	Oxygen response	9	kappa_O | O2-drop amplitude	Oxygen-drop amplitude (kappa_O)	16	12	Negative peak rho	2	8	0.189308167406255	-0.189308167406255	2.025
kappa_O	2.2	500	-0.172000832515411	Oxygen response	9	kappa_O | O2-drop amplitude	Oxygen-drop amplitude (kappa_O)	16	12	Negative peak rho	2	8	0.189308167406255	-0.189308167406255	2.025
kappa_O	2.225	500	-0.171521598552469	Oxygen response	9	kappa_O | O2-drop amplitude	Oxygen-drop amplitude (kappa_O)	16	12	Negative peak rho	2	8	0.189308167406255	-0.189308167406255	2.025
kappa_O	2.25	500	-0.171988352464293	Oxygen response	9	kappa_O | O2-drop amplitude	Oxygen-drop amplitude (kappa_O)	16	12	Negative peak rho	2	8	0.189308167406255	-0.189308167406255	2.025
kappa_O	2.275	500	-0.172180545251514	Oxygen response	9	kappa_O | O2-drop amplitude	Oxygen-drop amplitude (kappa_O)	16	12	Negative peak rho	2	8	0.189308167406255	-0.189308167406255	2.025
kappa_O	2.3	500	-0.172288065691918	Oxygen response	9	kappa_O | O2-drop amplitude	Oxygen-drop amplitude (kappa_O)	16	12	Negative peak rho	2	8	0.189308167406255	-0.189308167406255	2.025
kappa_O	2.325	500	-0.172501282565254	Oxygen response	9	kappa_O | O2-drop amplitude	Oxygen-drop amplitude (kappa_O)	16	12	Negative peak rho	2	8	0.189308167406255	-0.189308167406255	2.025
kappa_O	2.35	500	-0.17655345916297	Oxygen response	9	kappa_O | O2-drop amplitude	Oxygen-drop amplitude (kappa_O)	16	12	Negative peak rho	2	8	0.189308167406255	-0.189308167406255	2.025
kappa_O	2.375	500	-0.176743251940361	Oxygen response	9	kappa_O | O2-drop amplitude	Oxygen-drop amplitude (kappa_O)	16	12	Negative peak rho	2	8	0.189308167406255	-0.189308167406255	2.025
kappa_O	2.4	500	-0.181834152792691	Oxygen response	9	kappa_O | O2-drop amplitude	Oxygen-drop amplitude (kappa_O)	16	12	Negative peak rho	2	8	0.189308167406255	-0.189308167406255	2.025
kappa_O	2.425	500	-0.182547051712725	Oxygen response	9	kappa_O | O2-drop amplitude	Oxygen-drop amplitude (kappa_O)	16	12	Negative peak rho	2	8	0.189308167406255	-0.189308167406255	2.025
kappa_O	2.45	500	-0.18594431362791	Oxygen response	9	kappa_O | O2-drop amplitude	Oxygen-drop amplitude (kappa_O)	16	12	Negative peak rho	2	8	0.189308167406255	-0.189308167406255	2.025
kappa_O	2.475	500	-0.182068681753321	Oxygen response	9	kappa_O | O2-drop amplitude	Oxygen-drop amplitude (kappa_O)	16	12	Negative peak rho	2	8	0.189308167406255	-0.189308167406255	2.025
kappa_O	2.5	500	-0.185595352198564	Oxygen response	9	kappa_O | O2-drop amplitude	Oxygen-drop amplitude (kappa_O)	16	12	Negative peak rho	2	8	0.189308167406255	-0.189308167406255	2.025
kappa_O	2.525	500	-0.173041092776317	Oxygen response	9	kappa_O | O2-drop amplitude	Oxygen-drop amplitude (kappa_O)	16	12	Negative peak rho	2	8	0.189308167406255	-0.189308167406255	2.025
kappa_O	2.55	500	-0.172895076178233	Oxygen response	9	kappa_O | O2-drop amplitude	Oxygen-drop amplitude (kappa_O)	16	12	Negative peak rho	2	8	0.189308167406255	-0.189308167406255	2.025
kappa_O	2.575	500	-0.17451210680159	Oxygen response	9	kappa_O | O2-drop amplitude	Oxygen-drop amplitude (kappa_O)	16	12	Negative peak rho	2	8	0.189308167406255	-0.189308167406255	2.025
kappa_O	2.6	500	-0.174627115272665	Oxygen response	9	kappa_O | O2-drop amplitude	Oxygen-drop amplitude (kappa_O)	16	12	Negative peak rho	2	8	0.189308167406255	-0.189308167406255	2.025
kappa_O	2.625	500	-0.173741607645626	Oxygen response	9	kappa_O | O2-drop amplitude	Oxygen-drop amplitude (kappa_O)	16	12	Negative peak rho	2	8	0.189308167406255	-0.189308167406255	2.025
kappa_O	2.65	500	-0.173364326100281	Oxygen response	9	kappa_O | O2-drop amplitude	Oxygen-drop amplitude (kappa_O)	16	12	Negative peak rho	2	8	0.189308167406255	-0.189308167406255	2.025
kappa_O	2.675	500	-0.163857215159154	Oxygen response	9	kappa_O | O2-drop amplitude	Oxygen-drop amplitude (kappa_O)	16	12	Negative peak rho	2	8	0.189308167406255	-0.189308167406255	2.025
kappa_O	2.7	500	-0.163722718608256	Oxygen response	9	kappa_O | O2-drop amplitude	Oxygen-drop amplitude (kappa_O)	16	12	Negative peak rho	2	8	0.189308167406255	-0.189308167406255	2.025
kappa_O	2.725	500	-0.163220636551728	Oxygen response	9	kappa_O | O2-drop amplitude	Oxygen-drop amplitude (kappa_O)	16	12	Negative peak rho	2	8	0.189308167406255	-0.189308167406255	2.025
kappa_O	2.75	500	-0.163702750526467	Oxygen response	9	kappa_O | O2-drop amplitude	Oxygen-drop amplitude (kappa_O)	16	12	Negative peak rho	2	8	0.189308167406255	-0.189308167406255	2.025
kappa_O	2.775	500	-0.163370301164754	Oxygen response	9	kappa_O | O2-drop amplitude	Oxygen-drop amplitude (kappa_O)	16	12	Negative peak rho	2	8	0.189308167406255	-0.189308167406255	2.025
kappa_O	2.8	500	-0.162993403620982	Oxygen response	9	kappa_O | O2-drop amplitude	Oxygen-drop amplitude (kappa_O)	16	12	Negative peak rho	2	8	0.189308167406255	-0.189308167406255	2.025
kappa_O	2.825	500	-0.162408761226287	Oxygen response	9	kappa_O | O2-drop amplitude	Oxygen-drop amplitude (kappa_O)	16	12	Negative peak rho	2	8	0.189308167406255	-0.189308167406255	2.025
kappa_O	2.85	500	-0.157391588675948	Oxygen response	9	kappa_O | O2-drop amplitude	Oxygen-drop amplitude (kappa_O)	16	12	Negative peak rho	2	8	0.189308167406255	-0.189308167406255	2.025
kappa_O	2.875	500	-0.156217023864931	Oxygen response	9	kappa_O | O2-drop amplitude	Oxygen-drop amplitude (kappa_O)	16	12	Negative peak rho	2	8	0.189308167406255	-0.189308167406255	2.025
kappa_O	2.9	500	-0.155349180310243	Oxygen response	9	kappa_O | O2-drop amplitude	Oxygen-drop amplitude (kappa_O)	16	12	Negative peak rho	2	8	0.189308167406255	-0.189308167406255	2.025
kappa_O	2.925	500	-0.154688697604906	Oxygen response	9	kappa_O | O2-drop amplitude	Oxygen-drop amplitude (kappa_O)	16	12	Negative peak rho	2	8	0.189308167406255	-0.189308167406255	2.025
kappa_O	2.95	500	-0.150409960079197	Oxygen response	9	kappa_O | O2-drop amplitude	Oxygen-drop amplitude (kappa_O)	16	12	Negative peak rho	2	8	0.189308167406255	-0.189308167406255	2.025
kappa_O	2.975	500	-0.149173187013375	Oxygen response	9	kappa_O | O2-drop amplitude	Oxygen-drop amplitude (kappa_O)	16	12	Negative peak rho	2	8	0.189308167406255	-0.189308167406255	2.025
kappa_O	3	500	-0.147849149590117	Oxygen response	9	kappa_O | O2-drop amplitude	Oxygen-drop amplitude (kappa_O)	16	12	Negative peak rho	2	8	0.189308167406255	-0.189308167406255	2.025
kappa_O	3.025	500	-0.144812561152251	Oxygen response	9	kappa_O | O2-drop amplitude	Oxygen-drop amplitude (kappa_O)	16	12	Negative peak rho	2	8	0.189308167406255	-0.189308167406255	2.025
kappa_O	3.05	500	-0.134998632954401	Oxygen response	9	kappa_O | O2-drop amplitude	Oxygen-drop amplitude (kappa_O)	16	12	Negative peak rho	2	8	0.189308167406255	-0.189308167406255	2.025
kappa_O	3.075	500	-0.133722403726966	Oxygen response	9	kappa_O | O2-drop amplitude	Oxygen-drop amplitude (kappa_O)	16	12	Negative peak rho	2	8	0.189308167406255	-0.189308167406255	2.025
kappa_O	3.1	500	-0.132622431221479	Oxygen response	9	kappa_O | O2-drop amplitude	Oxygen-drop amplitude (kappa_O)	16	12	Negative peak rho	2	8	0.189308167406255	-0.189308167406255	2.025
kappa_O	3.125	500	-0.135081961295714	Oxygen response	9	kappa_O | O2-drop amplitude	Oxygen-drop amplitude (kappa_O)	16	12	Negative peak rho	2	8	0.189308167406255	-0.189308167406255	2.025
kappa_O	3.15	500	-0.134416774571109	Oxygen response	9	kappa_O | O2-drop amplitude	Oxygen-drop amplitude (kappa_O)	16	12	Negative peak rho	2	8	0.189308167406255	-0.189308167406255	2.025
kappa_O	3.175	500	-0.135109225407388	Oxygen response	9	kappa_O | O2-drop amplitude	Oxygen-drop amplitude (kappa_O)	16	12	Negative peak rho	2	8	0.189308167406255	-0.189308167406255	2.025
kappa_O	3.2	500	-0.135197353768362	Oxygen response	9	kappa_O | O2-drop amplitude	Oxygen-drop amplitude (kappa_O)	16	12	Negative peak rho	2	8	0.189308167406255	-0.189308167406255	2.025
kappa_O	3.225	500	-0.134860008386595	Oxygen response	9	kappa_O | O2-drop amplitude	Oxygen-drop amplitude (kappa_O)	16	12	Negative peak rho	2	8	0.189308167406255	-0.189308167406255	2.025
kappa_O	3.25	500	-0.134636039469218	Oxygen response	9	kappa_O | O2-drop amplitude	Oxygen-drop amplitude (kappa_O)	16	12	Negative peak rho	2	8	0.189308167406255	-0.189308167406255	2.025
kappa_O	3.275	500	-0.134584103256488	Oxygen response	9	kappa_O | O2-drop amplitude	Oxygen-drop amplitude (kappa_O)	16	12	Negative peak rho	2	8	0.189308167406255	-0.189308167406255	2.025
kappa_O	3.3	500	-0.134197125671427	Oxygen response	9	kappa_O | O2-drop amplitude	Oxygen-drop amplitude (kappa_O)	16	12	Negative peak rho	2	8	0.189308167406255	-0.189308167406255	2.025
kappa_O	3.325	500	-0.138220406150784	Oxygen response	9	kappa_O | O2-drop amplitude	Oxygen-drop amplitude (kappa_O)	16	12	Negative peak rho	2	8	0.189308167406255	-0.189308167406255	2.025
kappa_O	3.35	500	-0.137793300401359	Oxygen response	9	kappa_O | O2-drop amplitude	Oxygen-drop amplitude (kappa_O)	16	12	Negative peak rho	2	8	0.189308167406255	-0.189308167406255	2.025
kappa_O	3.375	500	-0.137300242381793	Oxygen response	9	kappa_O | O2-drop amplitude	Oxygen-drop amplitude (kappa_O)	16	12	Negative peak rho	2	8	0.189308167406255	-0.189308167406255	2.025
kappa_O	3.4	500	-0.135190057738477	Oxygen response	9	kappa_O | O2-drop amplitude	Oxygen-drop amplitude (kappa_O)	16	12	Negative peak rho	2	8	0.189308167406255	-0.189308167406255	2.025
kappa_O	3.425	500	-0.13136367406561	Oxygen response	9	kappa_O | O2-drop amplitude	Oxygen-drop amplitude (kappa_O)	16	12	Negative peak rho	2	8	0.189308167406255	-0.189308167406255	2.025
kappa_O	3.45	500	-0.130612278987895	Oxygen response	9	kappa_O | O2-drop amplitude	Oxygen-drop amplitude (kappa_O)	16	12	Negative peak rho	2	8	0.189308167406255	-0.189308167406255	2.025
kappa_O	3.475	500	-0.130739767510088	Oxygen response	9	kappa_O | O2-drop amplitude	Oxygen-drop amplitude (kappa_O)	16	12	Negative peak rho	2	8	0.189308167406255	-0.189308167406255	2.025
kappa_O	3.5	500	-0.129797811651837	Oxygen response	9	kappa_O | O2-drop amplitude	Oxygen-drop amplitude (kappa_O)	16	12	Negative peak rho	2	8	0.189308167406255	-0.189308167406255	2.025
kappa_O	3.525	500	-0.128438350083483	Oxygen response	9	kappa_O | O2-drop amplitude	Oxygen-drop amplitude (kappa_O)	16	12	Negative peak rho	2	8	0.189308167406255	-0.189308167406255	2.025
kappa_O	3.55	500	-0.12785735570373	Oxygen response	9	kappa_O | O2-drop amplitude	Oxygen-drop amplitude (kappa_O)	16	12	Negative peak rho	2	8	0.189308167406255	-0.189308167406255	2.025
kappa_O	3.575	500	-0.127347401614958	Oxygen response	9	kappa_O | O2-drop amplitude	Oxygen-drop amplitude (kappa_O)	16	12	Negative peak rho	2	8	0.189308167406255	-0.189308167406255	2.025
kappa_O	3.6	500	-0.126895335763296	Oxygen response	9	kappa_O | O2-drop amplitude	Oxygen-drop amplitude (kappa_O)	16	12	Negative peak rho	2	8	0.189308167406255	-0.189308167406255	2.025
kappa_O	3.625	500	-0.126486950090548	Oxygen response	9	kappa_O | O2-drop amplitude	Oxygen-drop amplitude (kappa_O)	16	12	Negative peak rho	2	8	0.189308167406255	-0.189308167406255	2.025
kappa_O	3.65	500	-0.12627277321328	Oxygen response	9	kappa_O | O2-drop amplitude	Oxygen-drop amplitude (kappa_O)	16	12	Negative peak rho	2	8	0.189308167406255	-0.189308167406255	2.025
kappa_O	3.675	500	-0.126167076780347	Oxygen response	9	kappa_O | O2-drop amplitude	Oxygen-drop amplitude (kappa_O)	16	12	Negative peak rho	2	8	0.189308167406255	-0.189308167406255	2.025
kappa_O	3.7	500	-0.126636038701215	Oxygen response	9	kappa_O | O2-drop amplitude	Oxygen-drop amplitude (kappa_O)	16	12	Negative peak rho	2	8	0.189308167406255	-0.189308167406255	2.025
kappa_O	3.725	500	-0.123571418148529	Oxygen response	9	kappa_O | O2-drop amplitude	Oxygen-drop amplitude (kappa_O)	16	12	Negative peak rho	2	8	0.189308167406255	-0.189308167406255	2.025
kappa_O	3.75	500	-0.127513098293651	Oxygen response	9	kappa_O | O2-drop amplitude	Oxygen-drop amplitude (kappa_O)	16	12	Negative peak rho	2	8	0.189308167406255	-0.189308167406255	2.025
kappa_O	3.775	500	-0.127277513328695	Oxygen response	9	kappa_O | O2-drop amplitude	Oxygen-drop amplitude (kappa_O)	16	12	Negative peak rho	2	8	0.189308167406255	-0.189308167406255	2.025
kappa_O	3.8	500	-0.12679789536418	Oxygen response	9	kappa_O | O2-drop amplitude	Oxygen-drop amplitude (kappa_O)	16	12	Negative peak rho	2	8	0.189308167406255	-0.189308167406255	2.025
kappa_O	3.825	500	-0.127622538741919	Oxygen response	9	kappa_O | O2-drop amplitude	Oxygen-drop amplitude (kappa_O)	16	12	Negative peak rho	2	8	0.189308167406255	-0.189308167406255	2.025
kappa_O	3.85	500	-0.127047784387725	Oxygen response	9	kappa_O | O2-drop amplitude	Oxygen-drop amplitude (kappa_O)	16	12	Negative peak rho	2	8	0.189308167406255	-0.189308167406255	2.025
kappa_O	3.875	500	-0.126917607854522	Oxygen response	9	kappa_O | O2-drop amplitude	Oxygen-drop amplitude (kappa_O)	16	12	Negative peak rho	2	8	0.189308167406255	-0.189308167406255	2.025
kappa_O	3.9	500	-0.125979108010427	Oxygen response	9	kappa_O | O2-drop amplitude	Oxygen-drop amplitude (kappa_O)	16	12	Negative peak rho	2	8	0.189308167406255	-0.189308167406255	2.025
kappa_O	3.925	500	-0.125023712097125	Oxygen response	9	kappa_O | O2-drop amplitude	Oxygen-drop amplitude (kappa_O)	16	12	Negative peak rho	2	8	0.189308167406255	-0.189308167406255	2.025
kappa_O	3.95	500	-0.120677102293412	Oxygen response	9	kappa_O | O2-drop amplitude	Oxygen-drop amplitude (kappa_O)	16	12	Negative peak rho	2	8	0.189308167406255	-0.189308167406255	2.025
kappa_O	3.975	500	-0.120093995905008	Oxygen response	9	kappa_O | O2-drop amplitude	Oxygen-drop amplitude (kappa_O)	16	12	Negative peak rho	2	8	0.189308167406255	-0.189308167406255	2.025
kappa_O	4	500	-0.119766922565315	Oxygen response	9	kappa_O | O2-drop amplitude	Oxygen-drop amplitude (kappa_O)	16	12	Negative peak rho	2	8	0.189308167406255	-0.189308167406255	2.025
kappa_O	4.025	500	-0.118578245696495	Oxygen response	9	kappa_O | O2-drop amplitude	Oxygen-drop amplitude (kappa_O)	16	12	Negative peak rho	2	8	0.189308167406255	-0.189308167406255	2.025
kappa_O	4.05	500	-0.120419053236443	Oxygen response	9	kappa_O | O2-drop amplitude	Oxygen-drop amplitude (kappa_O)	16	12	Negative peak rho	2	8	0.189308167406255	-0.189308167406255	2.025
kappa_O	4.075	500	-0.119504745491438	Oxygen response	9	kappa_O | O2-drop amplitude	Oxygen-drop amplitude (kappa_O)	16	12	Negative peak rho	2	8	0.189308167406255	-0.189308167406255	2.025
kappa_O	4.1	500	-0.118841862776271	Oxygen response	9	kappa_O | O2-drop amplitude	Oxygen-drop amplitude (kappa_O)	16	12	Negative peak rho	2	8	0.189308167406255	-0.189308167406255	2.025
kappa_O	4.125	500	-0.118446053155034	Oxygen response	9	kappa_O | O2-drop amplitude	Oxygen-drop amplitude (kappa_O)	16	12	Negative peak rho	2	8	0.189308167406255	-0.189308167406255	2.025
kappa_O	4.15	500	-0.118068963610476	Oxygen response	9	kappa_O | O2-drop amplitude	Oxygen-drop amplitude (kappa_O)	16	12	Negative peak rho	2	8	0.189308167406255	-0.189308167406255	2.025
kappa_O	4.175	500	-0.117627649802854	Oxygen response	9	kappa_O | O2-drop amplitude	Oxygen-drop amplitude (kappa_O)	16	12	Negative peak rho	2	8	0.189308167406255	-0.189308167406255	2.025
kappa_O	4.2	500	-0.117007007260702	Oxygen response	9	kappa_O | O2-drop amplitude	Oxygen-drop amplitude (kappa_O)	16	12	Negative peak rho	2	8	0.189308167406255	-0.189308167406255	2.025
kappa_O	4.225	500	-0.115758714147694	Oxygen response	9	kappa_O | O2-drop amplitude	Oxygen-drop amplitude (kappa_O)	16	12	Negative peak rho	2	8	0.189308167406255	-0.189308167406255	2.025
kappa_O	4.25	500	-0.11506463130473	Oxygen response	9	kappa_O | O2-drop amplitude	Oxygen-drop amplitude (kappa_O)	16	12	Negative peak rho	2	8	0.189308167406255	-0.189308167406255	2.025
kappa_O	4.275	500	-0.114807062249728	Oxygen response	9	kappa_O | O2-drop amplitude	Oxygen-drop amplitude (kappa_O)	16	12	Negative peak rho	2	8	0.189308167406255	-0.189308167406255	2.025
kappa_O	4.3	500	-0.114418164656803	Oxygen response	9	kappa_O | O2-drop amplitude	Oxygen-drop amplitude (kappa_O)	16	12	Negative peak rho	2	8	0.189308167406255	-0.189308167406255	2.025
kappa_O	4.325	500	-0.113802610135492	Oxygen response	9	kappa_O | O2-drop amplitude	Oxygen-drop amplitude (kappa_O)	16	12	Negative peak rho	2	8	0.189308167406255	-0.189308167406255	2.025
kappa_O	4.35	500	-0.113431280614526	Oxygen response	9	kappa_O | O2-drop amplitude	Oxygen-drop amplitude (kappa_O)	16	12	Negative peak rho	2	8	0.189308167406255	-0.189308167406255	2.025
kappa_O	4.375	500	-0.112990542809264	Oxygen response	9	kappa_O | O2-drop amplitude	Oxygen-drop amplitude (kappa_O)	16	12	Negative peak rho	2	8	0.189308167406255	-0.189308167406255	2.025
kappa_O	4.4	500	-0.112400428392155	Oxygen response	9	kappa_O | O2-drop amplitude	Oxygen-drop amplitude (kappa_O)	16	12	Negative peak rho	2	8	0.189308167406255	-0.189308167406255	2.025
kappa_O	4.425	500	-0.111197735465925	Oxygen response	9	kappa_O | O2-drop amplitude	Oxygen-drop amplitude (kappa_O)	16	12	Negative peak rho	2	8	0.189308167406255	-0.189308167406255	2.025
kappa_O	4.45	500	-0.110229763501112	Oxygen response	9	kappa_O | O2-drop amplitude	Oxygen-drop amplitude (kappa_O)	16	12	Negative peak rho	2	8	0.189308167406255	-0.189308167406255	2.025
kappa_O	4.475	500	-0.10940416011944	Oxygen response	9	kappa_O | O2-drop amplitude	Oxygen-drop amplitude (kappa_O)	16	12	Negative peak rho	2	8	0.189308167406255	-0.189308167406255	2.025
kappa_O	4.5	500	-0.109453504321554	Oxygen response	9	kappa_O | O2-drop amplitude	Oxygen-drop amplitude (kappa_O)	16	12	Negative peak rho	2	8	0.189308167406255	-0.189308167406255	2.025
kappa_O	4.525	500	-0.109179423198918	Oxygen response	9	kappa_O | O2-drop amplitude	Oxygen-drop amplitude (kappa_O)	16	12	Negative peak rho	2	8	0.189308167406255	-0.189308167406255	2.025
kappa_O	4.55	500	-0.107792889519676	Oxygen response	9	kappa_O | O2-drop amplitude	Oxygen-drop amplitude (kappa_O)	16	12	Negative peak rho	2	8	0.189308167406255	-0.189308167406255	2.025
kappa_O	4.575	500	-0.106960854111659	Oxygen response	9	kappa_O | O2-drop amplitude	Oxygen-drop amplitude (kappa_O)	16	12	Negative peak rho	2	8	0.189308167406255	-0.189308167406255	2.025
kappa_O	4.6	500	-0.106551316434193	Oxygen response	9	kappa_O | O2-drop amplitude	Oxygen-drop amplitude (kappa_O)	16	12	Negative peak rho	2	8	0.189308167406255	-0.189308167406255	2.025
kappa_O	4.625	500	-0.105952657982088	Oxygen response	9	kappa_O | O2-drop amplitude	Oxygen-drop amplitude (kappa_O)	16	12	Negative peak rho	2	8	0.189308167406255	-0.189308167406255	2.025
kappa_O	4.65	500	-0.105588048488647	Oxygen response	9	kappa_O | O2-drop amplitude	Oxygen-drop amplitude (kappa_O)	16	12	Negative peak rho	2	8	0.189308167406255	-0.189308167406255	2.025
kappa_O	4.675	500	-0.10524801509587	Oxygen response	9	kappa_O | O2-drop amplitude	Oxygen-drop amplitude (kappa_O)	16	12	Negative peak rho	2	8	0.189308167406255	-0.189308167406255	2.025
kappa_O	4.7	500	-0.105150286695575	Oxygen response	9	kappa_O | O2-drop amplitude	Oxygen-drop amplitude (kappa_O)	16	12	Negative peak rho	2	8	0.189308167406255	-0.189308167406255	2.025
kappa_O	4.725	500	-0.104981710005085	Oxygen response	9	kappa_O | O2-drop amplitude	Oxygen-drop amplitude (kappa_O)	16	12	Negative peak rho	2	8	0.189308167406255	-0.189308167406255	2.025
kappa_O	4.75	500	-0.104835213405035	Oxygen response	9	kappa_O | O2-drop amplitude	Oxygen-drop amplitude (kappa_O)	16	12	Negative peak rho	2	8	0.189308167406255	-0.189308167406255	2.025
kappa_O	4.775	500	-0.105133582627155	Oxygen response	9	kappa_O | O2-drop amplitude	Oxygen-drop amplitude (kappa_O)	16	12	Negative peak rho	2	8	0.189308167406255	-0.189308167406255	2.025
kappa_O	4.8	500	-0.105126382597664	Oxygen response	9	kappa_O | O2-drop amplitude	Oxygen-drop amplitude (kappa_O)	16	12	Negative peak rho	2	8	0.189308167406255	-0.189308167406255	2.025
kappa_O	4.825	500	-0.105209422937797	Oxygen response	9	kappa_O | O2-drop amplitude	Oxygen-drop amplitude (kappa_O)	16	12	Negative peak rho	2	8	0.189308167406255	-0.189308167406255	2.025
kappa_O	4.85	500	-0.106019474255767	Oxygen response	9	kappa_O | O2-drop amplitude	Oxygen-drop amplitude (kappa_O)	16	12	Negative peak rho	2	8	0.189308167406255	-0.189308167406255	2.025
kappa_O	4.875	500	-0.11056566887698	Oxygen response	9	kappa_O | O2-drop amplitude	Oxygen-drop amplitude (kappa_O)	16	12	Negative peak rho	2	8	0.189308167406255	-0.189308167406255	2.025
kappa_O	4.9	500	-0.112645613396433	Oxygen response	9	kappa_O | O2-drop amplitude	Oxygen-drop amplitude (kappa_O)	16	12	Negative peak rho	2	8	0.189308167406255	-0.189308167406255	2.025
kappa_O	4.925	500	-0.112253259789353	Oxygen response	9	kappa_O | O2-drop amplitude	Oxygen-drop amplitude (kappa_O)	16	12	Negative peak rho	2	8	0.189308167406255	-0.189308167406255	2.025
kappa_O	4.95	500	-0.111981290675367	Oxygen response	9	kappa_O | O2-drop amplitude	Oxygen-drop amplitude (kappa_O)	16	12	Negative peak rho	2	8	0.189308167406255	-0.189308167406255	2.025
kappa_O	4.975	500	-0.111568104982959	Oxygen response	9	kappa_O | O2-drop amplitude	Oxygen-drop amplitude (kappa_O)	16	12	Negative peak rho	2	8	0.189308167406255	-0.189308167406255	2.025
kappa_O	5	500	-0.110940646412888	Oxygen response	9	kappa_O | O2-drop amplitude	Oxygen-drop amplitude (kappa_O)	16	12	Negative peak rho	2	8	0.189308167406255	-0.189308167406255	2.025
alpha_o2	0	500	-0.162804064092636	Ploidy-linked growth and death	11	alpha_o2 | High-ploidy growth damping	Resource-stress-dependent high-ploidy growth damping (alpha_o2)	17	16	Negative peak rho	2	9	0.162804064092636	-0.162804064092636	0
alpha_o2	0.025	500	-0.160671985423926	Ploidy-linked growth and death	11	alpha_o2 | High-ploidy growth damping	Resource-stress-dependent high-ploidy growth damping (alpha_o2)	17	16	Negative peak rho	2	9	0.162804064092636	-0.162804064092636	0
alpha_o2	0.05	500	-0.147561271222158	Ploidy-linked growth and death	11	alpha_o2 | High-ploidy growth damping	Resource-stress-dependent high-ploidy growth damping (alpha_o2)	17	16	Negative peak rho	2	9	0.162804064092636	-0.162804064092636	0
alpha_o2	0.075	500	-0.125015324105948	Ploidy-linked growth and death	11	alpha_o2 | High-ploidy growth damping	Resource-stress-dependent high-ploidy growth damping (alpha_o2)	17	16	Negative peak rho	2	9	0.162804064092636	-0.162804064092636	0
alpha_o2	0.1	500	-0.11762173723804	Ploidy-linked growth and death	11	alpha_o2 | High-ploidy growth damping	Resource-stress-dependent high-ploidy growth damping (alpha_o2)	17	16	Negative peak rho	2	9	0.162804064092636	-0.162804064092636	0
alpha_o2	0.125	500	-0.109739315006942	Ploidy-linked growth and death	11	alpha_o2 | High-ploidy growth damping	Resource-stress-dependent high-ploidy growth damping (alpha_o2)	17	16	Negative peak rho	2	9	0.162804064092636	-0.162804064092636	0
alpha_o2	0.15	500	-0.0896793049939903	Ploidy-linked growth and death	11	alpha_o2 | High-ploidy growth damping	Resource-stress-dependent high-ploidy growth damping (alpha_o2)	17	16	Negative peak rho	2	9	0.162804064092636	-0.162804064092636	0
alpha_o2	0.175	500	-0.0674620641392811	Ploidy-linked growth and death	11	alpha_o2 | High-ploidy growth damping	Resource-stress-dependent high-ploidy growth damping (alpha_o2)	17	16	Negative peak rho	2	9	0.162804064092636	-0.162804064092636	0
alpha_o2	0.2	500	-0.0514013456414712	Ploidy-linked growth and death	11	alpha_o2 | High-ploidy growth damping	Resource-stress-dependent high-ploidy growth damping (alpha_o2)	17	16	Negative peak rho	2	9	0.162804064092636	-0.162804064092636	0
alpha_o2	0.225	500	-0.0453224878189042	Ploidy-linked growth and death	11	alpha_o2 | High-ploidy growth damping	Resource-stress-dependent high-ploidy growth damping (alpha_o2)	17	16	Negative peak rho	2	9	0.162804064092636	-0.162804064092636	0
alpha_o2	0.25	500	-0.0365888277312865	Ploidy-linked growth and death	11	alpha_o2 | High-ploidy growth damping	Resource-stress-dependent high-ploidy growth damping (alpha_o2)	17	16	Negative peak rho	2	9	0.162804064092636	-0.162804064092636	0
alpha_o2	0.275	500	-0.0226173716076105	Ploidy-linked growth and death	11	alpha_o2 | High-ploidy growth damping	Resource-stress-dependent high-ploidy growth damping (alpha_o2)	17	16	Negative peak rho	2	9	0.162804064092636	-0.162804064092636	0
alpha_o2	0.3	500	0.00654455702657949	Ploidy-linked growth and death	11	alpha_o2 | High-ploidy growth damping	Resource-stress-dependent high-ploidy growth damping (alpha_o2)	17	16	Negative peak rho	2	9	0.162804064092636	-0.162804064092636	0
alpha_o2	0.325	500	0.0445877947642129	Ploidy-linked growth and death	11	alpha_o2 | High-ploidy growth damping	Resource-stress-dependent high-ploidy growth damping (alpha_o2)	17	16	Negative peak rho	2	9	0.162804064092636	-0.162804064092636	0
alpha_o2	0.35	500	0.053898226820024	Ploidy-linked growth and death	11	alpha_o2 | High-ploidy growth damping	Resource-stress-dependent high-ploidy growth damping (alpha_o2)	17	16	Negative peak rho	2	9	0.162804064092636	-0.162804064092636	0
alpha_o2	0.375	500	0.0708389833724994	Ploidy-linked growth and death	11	alpha_o2 | High-ploidy growth damping	Resource-stress-dependent high-ploidy growth damping (alpha_o2)	17	16	Negative peak rho	2	9	0.162804064092636	-0.162804064092636	0
alpha_o2	0.4	500	0.0542637973351507	Ploidy-linked growth and death	11	alpha_o2 | High-ploidy growth damping	Resource-stress-dependent high-ploidy growth damping (alpha_o2)	17	16	Negative peak rho	2	9	0.162804064092636	-0.162804064092636	0
alpha_o2	0.425	500	0.0538867067407659	Ploidy-linked growth and death	11	alpha_o2 | High-ploidy growth damping	Resource-stress-dependent high-ploidy growth damping (alpha_o2)	17	16	Negative peak rho	2	9	0.162804064092636	-0.162804064092636	0
alpha_o2	0.45	500	0.0575378038603292	Ploidy-linked growth and death	11	alpha_o2 | High-ploidy growth damping	Resource-stress-dependent high-ploidy growth damping (alpha_o2)	17	16	Negative peak rho	2	9	0.162804064092636	-0.162804064092636	0
alpha_o2	0.475	500	0.0715293241220466	Ploidy-linked growth and death	11	alpha_o2 | High-ploidy growth damping	Resource-stress-dependent high-ploidy growth damping (alpha_o2)	17	16	Negative peak rho	2	9	0.162804064092636	-0.162804064092636	0
alpha_o2	0.5	500	0.0644569554641209	Ploidy-linked growth and death	11	alpha_o2 | High-ploidy growth damping	Resource-stress-dependent high-ploidy growth damping (alpha_o2)	17	16	Negative peak rho	2	9	0.162804064092636	-0.162804064092636	0
alpha_o2	0.525	500	0.0695933748027073	Ploidy-linked growth and death	11	alpha_o2 | High-ploidy growth damping	Resource-stress-dependent high-ploidy growth damping (alpha_o2)	17	16	Negative peak rho	2	9	0.162804064092636	-0.162804064092636	0
alpha_o2	0.55	500	0.0717746058095856	Ploidy-linked growth and death	11	alpha_o2 | High-ploidy growth damping	Resource-stress-dependent high-ploidy growth damping (alpha_o2)	17	16	Negative peak rho	2	9	0.162804064092636	-0.162804064092636	0
alpha_o2	0.575	500	0.0782456263302337	Ploidy-linked growth and death	11	alpha_o2 | High-ploidy growth damping	Resource-stress-dependent high-ploidy growth damping (alpha_o2)	17	16	Negative peak rho	2	9	0.162804064092636	-0.162804064092636	0
alpha_o2	0.6	500	0.0692367323490057	Ploidy-linked growth and death	11	alpha_o2 | High-ploidy growth damping	Resource-stress-dependent high-ploidy growth damping (alpha_o2)	17	16	Negative peak rho	2	9	0.162804064092636	-0.162804064092636	0
alpha_o2	0.625	500	0.0526924585243332	Ploidy-linked growth and death	11	alpha_o2 | High-ploidy growth damping	Resource-stress-dependent high-ploidy growth damping (alpha_o2)	17	16	Negative peak rho	2	9	0.162804064092636	-0.162804064092636	0
alpha_o2	0.65	500	0.0531105414007451	Ploidy-linked growth and death	11	alpha_o2 | High-ploidy growth damping	Resource-stress-dependent high-ploidy growth damping (alpha_o2)	17	16	Negative peak rho	2	9	0.162804064092636	-0.162804064092636	0
alpha_o2	0.675	500	0.0660586304836517	Ploidy-linked growth and death	11	alpha_o2 | High-ploidy growth damping	Resource-stress-dependent high-ploidy growth damping (alpha_o2)	17	16	Negative peak rho	2	9	0.162804064092636	-0.162804064092636	0
alpha_o2	0.7	500	0.0607289618155092	Ploidy-linked growth and death	11	alpha_o2 | High-ploidy growth damping	Resource-stress-dependent high-ploidy growth damping (alpha_o2)	17	16	Negative peak rho	2	9	0.162804064092636	-0.162804064092636	0
alpha_o2	0.725	500	0.0646281246417656	Ploidy-linked growth and death	11	alpha_o2 | High-ploidy growth damping	Resource-stress-dependent high-ploidy growth damping (alpha_o2)	17	16	Negative peak rho	2	9	0.162804064092636	-0.162804064092636	0
alpha_o2	0.75	500	0.0826409205698762	Ploidy-linked growth and death	11	alpha_o2 | High-ploidy growth damping	Resource-stress-dependent high-ploidy growth damping (alpha_o2)	17	16	Negative peak rho	2	9	0.162804064092636	-0.162804064092636	0
alpha_o2	0.775	500	0.0748756191445702	Ploidy-linked growth and death	11	alpha_o2 | High-ploidy growth damping	Resource-stress-dependent high-ploidy growth damping (alpha_o2)	17	16	Negative peak rho	2	9	0.162804064092636	-0.162804064092636	0
alpha_o2	0.8	500	0.0843088360451416	Ploidy-linked growth and death	11	alpha_o2 | High-ploidy growth damping	Resource-stress-dependent high-ploidy growth damping (alpha_o2)	17	16	Negative peak rho	2	9	0.162804064092636	-0.162804064092636	0
alpha_o2	0.825	500	0.0844663731289974	Ploidy-linked growth and death	11	alpha_o2 | High-ploidy growth damping	Resource-stress-dependent high-ploidy growth damping (alpha_o2)	17	16	Negative peak rho	2	9	0.162804064092636	-0.162804064092636	0
alpha_o2	0.85	500	0.093914470131944	Ploidy-linked growth and death	11	alpha_o2 | High-ploidy growth damping	Resource-stress-dependent high-ploidy growth damping (alpha_o2)	17	16	Negative peak rho	2	9	0.162804064092636	-0.162804064092636	0
alpha_o2	0.875	500	0.0982443879217963	Ploidy-linked growth and death	11	alpha_o2 | High-ploidy growth damping	Resource-stress-dependent high-ploidy growth damping (alpha_o2)	17	16	Negative peak rho	2	9	0.162804064092636	-0.162804064092636	0
alpha_o2	0.9	500	0.094867468688578	Ploidy-linked growth and death	11	alpha_o2 | High-ploidy growth damping	Resource-stress-dependent high-ploidy growth damping (alpha_o2)	17	16	Negative peak rho	2	9	0.162804064092636	-0.162804064092636	0
alpha_o2	0.925	500	0.090733200244794	Ploidy-linked growth and death	11	alpha_o2 | High-ploidy growth damping	Resource-stress-dependent high-ploidy growth damping (alpha_o2)	17	16	Negative peak rho	2	9	0.162804064092636	-0.162804064092636	0
alpha_o2	0.95	500	0.0877477717050332	Ploidy-linked growth and death	11	alpha_o2 | High-ploidy growth damping	Resource-stress-dependent high-ploidy growth damping (alpha_o2)	17	16	Negative peak rho	2	9	0.162804064092636	-0.162804064092636	0
alpha_o2	0.975	500	0.0938761658684105	Ploidy-linked growth and death	11	alpha_o2 | High-ploidy growth damping	Resource-stress-dependent high-ploidy growth damping (alpha_o2)	17	16	Negative peak rho	2	9	0.162804064092636	-0.162804064092636	0
alpha_o2	1	500	0.0848055434624907	Ploidy-linked growth and death	11	alpha_o2 | High-ploidy growth damping	Resource-stress-dependent high-ploidy growth damping (alpha_o2)	17	16	Negative peak rho	2	9	0.162804064092636	-0.162804064092636	0
alpha_o2	1.025	500	0.0685680877487281	Ploidy-linked growth and death	11	alpha_o2 | High-ploidy growth damping	Resource-stress-dependent high-ploidy growth damping (alpha_o2)	17	16	Negative peak rho	2	9	0.162804064092636	-0.162804064092636	0
alpha_o2	1.05	500	0.0653386255300146	Ploidy-linked growth and death	11	alpha_o2 | High-ploidy growth damping	Resource-stress-dependent high-ploidy growth damping (alpha_o2)	17	16	Negative peak rho	2	9	0.162804064092636	-0.162804064092636	0
alpha_o2	1.075	500	0.0608911069310682	Ploidy-linked growth and death	11	alpha_o2 | High-ploidy growth damping	Resource-stress-dependent high-ploidy growth damping (alpha_o2)	17	16	Negative peak rho	2	9	0.162804064092636	-0.162804064092636	0
alpha_o2	1.1	500	0.049620437388815	Ploidy-linked growth and death	11	alpha_o2 | High-ploidy growth damping	Resource-stress-dependent high-ploidy growth damping (alpha_o2)	17	16	Negative peak rho	2	9	0.162804064092636	-0.162804064092636	0
alpha_o2	1.125	500	0.046808770044532	Ploidy-linked growth and death	11	alpha_o2 | High-ploidy growth damping	Resource-stress-dependent high-ploidy growth damping (alpha_o2)	17	16	Negative peak rho	2	9	0.162804064092636	-0.162804064092636	0
alpha_o2	1.15	500	0.0339041692608251	Ploidy-linked growth and death	11	alpha_o2 | High-ploidy growth damping	Resource-stress-dependent high-ploidy growth damping (alpha_o2)	17	16	Negative peak rho	2	9	0.162804064092636	-0.162804064092636	0
alpha_o2	1.175	500	0.0236864349627708	Ploidy-linked growth and death	11	alpha_o2 | High-ploidy growth damping	Resource-stress-dependent high-ploidy growth damping (alpha_o2)	17	16	Negative peak rho	2	9	0.162804064092636	-0.162804064092636	0
alpha_o2	1.2	500	0.0147673015990962	Ploidy-linked growth and death	11	alpha_o2 | High-ploidy growth damping	Resource-stress-dependent high-ploidy growth damping (alpha_o2)	17	16	Negative peak rho	2	9	0.162804064092636	-0.162804064092636	0
alpha_o2	1.225	500	0.0194760379952222	Ploidy-linked growth and death	11	alpha_o2 | High-ploidy growth damping	Resource-stress-dependent high-ploidy growth damping (alpha_o2)	17	16	Negative peak rho	2	9	0.162804064092636	-0.162804064092636	0
alpha_o2	1.25	500	0.00944060895142874	Ploidy-linked growth and death	11	alpha_o2 | High-ploidy growth damping	Resource-stress-dependent high-ploidy growth damping (alpha_o2)	17	16	Negative peak rho	2	9	0.162804064092636	-0.162804064092636	0
alpha_o2	1.275	500	0.00802325520002905	Ploidy-linked growth and death	11	alpha_o2 | High-ploidy growth damping	Resource-stress-dependent high-ploidy growth damping (alpha_o2)	17	16	Negative peak rho	2	9	0.162804064092636	-0.162804064092636	0
alpha_o2	1.3	500	0.00816716019009598	Ploidy-linked growth and death	11	alpha_o2 | High-ploidy growth damping	Resource-stress-dependent high-ploidy growth damping (alpha_o2)	17	16	Negative peak rho	2	9	0.162804064092636	-0.162804064092636	0
alpha_o2	1.325	500	-0.00620759470827734	Ploidy-linked growth and death	11	alpha_o2 | High-ploidy growth damping	Resource-stress-dependent high-ploidy growth damping (alpha_o2)	17	16	Negative peak rho	2	9	0.162804064092636	-0.162804064092636	0
alpha_o2	1.35	500	-0.0116752163255367	Ploidy-linked growth and death	11	alpha_o2 | High-ploidy growth damping	Resource-stress-dependent high-ploidy growth damping (alpha_o2)	17	16	Negative peak rho	2	9	0.162804064092636	-0.162804064092636	0
alpha_o2	1.375	500	-0.0153820898288418	Ploidy-linked growth and death	11	alpha_o2 | High-ploidy growth damping	Resource-stress-dependent high-ploidy growth damping (alpha_o2)	17	16	Negative peak rho	2	9	0.162804064092636	-0.162804064092636	0
alpha_o2	1.4	500	-0.0242323907189486	Ploidy-linked growth and death	11	alpha_o2 | High-ploidy growth damping	Resource-stress-dependent high-ploidy growth damping (alpha_o2)	17	16	Negative peak rho	2	9	0.162804064092636	-0.162804064092636	0
alpha_o2	1.425	500	-0.0250754685193274	Ploidy-linked growth and death	11	alpha_o2 | High-ploidy growth damping	Resource-stress-dependent high-ploidy growth damping (alpha_o2)	17	16	Negative peak rho	2	9	0.162804064092636	-0.162804064092636	0
alpha_o2	1.45	500	-0.0280085766991238	Ploidy-linked growth and death	11	alpha_o2 | High-ploidy growth damping	Resource-stress-dependent high-ploidy growth damping (alpha_o2)	17	16	Negative peak rho	2	9	0.162804064092636	-0.162804064092636	0
alpha_o2	1.475	500	-0.0278558396482923	Ploidy-linked growth and death	11	alpha_o2 | High-ploidy growth damping	Resource-stress-dependent high-ploidy growth damping (alpha_o2)	17	16	Negative peak rho	2	9	0.162804064092636	-0.162804064092636	0
alpha_o2	1.5	500	-0.0339850978176139	Ploidy-linked growth and death	11	alpha_o2 | High-ploidy growth damping	Resource-stress-dependent high-ploidy growth damping (alpha_o2)	17	16	Negative peak rho	2	9	0.162804064092636	-0.162804064092636	0
alpha_o2	1.525	500	-0.0294220904241041	Ploidy-linked growth and death	11	alpha_o2 | High-ploidy growth damping	Resource-stress-dependent high-ploidy growth damping (alpha_o2)	17	16	Negative peak rho	2	9	0.162804064092636	-0.162804064092636	0
alpha_o2	1.55	500	-0.0308336841358747	Ploidy-linked growth and death	11	alpha_o2 | High-ploidy growth damping	Resource-stress-dependent high-ploidy growth damping (alpha_o2)	17	16	Negative peak rho	2	9	0.162804064092636	-0.162804064092636	0
alpha_o2	1.575	500	-0.0212447541639968	Ploidy-linked growth and death	11	alpha_o2 | High-ploidy growth damping	Resource-stress-dependent high-ploidy growth damping (alpha_o2)	17	16	Negative peak rho	2	9	0.162804064092636	-0.162804064092636	0
alpha_o2	1.6	500	-0.0274346847507449	Ploidy-linked growth and death	11	alpha_o2 | High-ploidy growth damping	Resource-stress-dependent high-ploidy growth damping (alpha_o2)	17	16	Negative peak rho	2	9	0.162804064092636	-0.162804064092636	0
alpha_o2	1.625	500	-0.0275544935750301	Ploidy-linked growth and death	11	alpha_o2 | High-ploidy growth damping	Resource-stress-dependent high-ploidy growth damping (alpha_o2)	17	16	Negative peak rho	2	9	0.162804064092636	-0.162804064092636	0
alpha_o2	1.65	500	-0.0272934677791715	Ploidy-linked growth and death	11	alpha_o2 | High-ploidy growth damping	Resource-stress-dependent high-ploidy growth damping (alpha_o2)	17	16	Negative peak rho	2	9	0.162804064092636	-0.162804064092636	0
alpha_o2	1.675	500	-0.0238991724264054	Ploidy-linked growth and death	11	alpha_o2 | High-ploidy growth damping	Resource-stress-dependent high-ploidy growth damping (alpha_o2)	17	16	Negative peak rho	2	9	0.162804064092636	-0.162804064092636	0
alpha_o2	1.7	500	-0.0273725723234111	Ploidy-linked growth and death	11	alpha_o2 | High-ploidy growth damping	Resource-stress-dependent high-ploidy growth damping (alpha_o2)	17	16	Negative peak rho	2	9	0.162804064092636	-0.162804064092636	0
alpha_o2	1.725	500	-0.0302240799417953	Ploidy-linked growth and death	11	alpha_o2 | High-ploidy growth damping	Resource-stress-dependent high-ploidy growth damping (alpha_o2)	17	16	Negative peak rho	2	9	0.162804064092636	-0.162804064092636	0
alpha_o2	1.75	500	-0.0266640874490322	Ploidy-linked growth and death	11	alpha_o2 | High-ploidy growth damping	Resource-stress-dependent high-ploidy growth damping (alpha_o2)	17	16	Negative peak rho	2	9	0.162804064092636	-0.162804064092636	0
alpha_o2	1.775	500	-0.021549460260376	Ploidy-linked growth and death	11	alpha_o2 | High-ploidy growth damping	Resource-stress-dependent high-ploidy growth damping (alpha_o2)	17	16	Negative peak rho	2	9	0.162804064092636	-0.162804064092636	0
alpha_o2	1.8	500	-0.0122963405988743	Ploidy-linked growth and death	11	alpha_o2 | High-ploidy growth damping	Resource-stress-dependent high-ploidy growth damping (alpha_o2)	17	16	Negative peak rho	2	9	0.162804064092636	-0.162804064092636	0
alpha_o2	1.825	500	-0.00893353346274727	Ploidy-linked growth and death	11	alpha_o2 | High-ploidy growth damping	Resource-stress-dependent high-ploidy growth damping (alpha_o2)	17	16	Negative peak rho	2	9	0.162804064092636	-0.162804064092636	0
alpha_o2	1.85	500	-0.00964374634901488	Ploidy-linked growth and death	11	alpha_o2 | High-ploidy growth damping	Resource-stress-dependent high-ploidy growth damping (alpha_o2)	17	16	Negative peak rho	2	9	0.162804064092636	-0.162804064092636	0
alpha_o2	1.875	500	-0.013021817590159	Ploidy-linked growth and death	11	alpha_o2 | High-ploidy growth damping	Resource-stress-dependent high-ploidy growth damping (alpha_o2)	17	16	Negative peak rho	2	9	0.162804064092636	-0.162804064092636	0
alpha_o2	1.9	500	-0.00956502580741722	Ploidy-linked growth and death	11	alpha_o2 | High-ploidy growth damping	Resource-stress-dependent high-ploidy growth damping (alpha_o2)	17	16	Negative peak rho	2	9	0.162804064092636	-0.162804064092636	0
alpha_o2	1.925	500	-0.00938819259080396	Ploidy-linked growth and death	11	alpha_o2 | High-ploidy growth damping	Resource-stress-dependent high-ploidy growth damping (alpha_o2)	17	16	Negative peak rho	2	9	0.162804064092636	-0.162804064092636	0
alpha_o2	1.95	500	-0.0106004889314078	Ploidy-linked growth and death	11	alpha_o2 | High-ploidy growth damping	Resource-stress-dependent high-ploidy growth damping (alpha_o2)	17	16	Negative peak rho	2	9	0.162804064092636	-0.162804064092636	0
alpha_o2	1.975	500	-0.00817877627001466	Ploidy-linked growth and death	11	alpha_o2 | High-ploidy growth damping	Resource-stress-dependent high-ploidy growth damping (alpha_o2)	17	16	Negative peak rho	2	9	0.162804064092636	-0.162804064092636	0
alpha_o2	2	500	-0.00788472624694928	Ploidy-linked growth and death	11	alpha_o2 | High-ploidy growth damping	Resource-stress-dependent high-ploidy growth damping (alpha_o2)	17	16	Negative peak rho	2	9	0.162804064092636	-0.162804064092636	0
alpha_o2	2.025	500	-0.00879798053014253	Ploidy-linked growth and death	11	alpha_o2 | High-ploidy growth damping	Resource-stress-dependent high-ploidy growth damping (alpha_o2)	17	16	Negative peak rho	2	9	0.162804064092636	-0.162804064092636	0
alpha_o2	2.05	500	-0.00709166479068317	Ploidy-linked growth and death	11	alpha_o2 | High-ploidy growth damping	Resource-stress-dependent high-ploidy growth damping (alpha_o2)	17	16	Negative peak rho	2	9	0.162804064092636	-0.162804064092636	0
alpha_o2	2.075	500	-0.00916489505451598	Ploidy-linked growth and death	11	alpha_o2 | High-ploidy growth damping	Resource-stress-dependent high-ploidy growth damping (alpha_o2)	17	16	Negative peak rho	2	9	0.162804064092636	-0.162804064092636	0
alpha_o2	2.1	500	-0.0184870391909063	Ploidy-linked growth and death	11	alpha_o2 | High-ploidy growth damping	Resource-stress-dependent high-ploidy growth damping (alpha_o2)	17	16	Negative peak rho	2	9	0.162804064092636	-0.162804064092636	0
alpha_o2	2.125	500	-0.0131721546244784	Ploidy-linked growth and death	11	alpha_o2 | High-ploidy growth damping	Resource-stress-dependent high-ploidy growth damping (alpha_o2)	17	16	Negative peak rho	2	9	0.162804064092636	-0.162804064092636	0
alpha_o2	2.15	500	-0.0123087246840769	Ploidy-linked growth and death	11	alpha_o2 | High-ploidy growth damping	Resource-stress-dependent high-ploidy growth damping (alpha_o2)	17	16	Negative peak rho	2	9	0.162804064092636	-0.162804064092636	0
alpha_o2	2.175	500	-0.0130513857935884	Ploidy-linked growth and death	11	alpha_o2 | High-ploidy growth damping	Resource-stress-dependent high-ploidy growth damping (alpha_o2)	17	16	Negative peak rho	2	9	0.162804064092636	-0.162804064092636	0
alpha_o2	2.2	500	-0.012639734961429	Ploidy-linked growth and death	11	alpha_o2 | High-ploidy growth damping	Resource-stress-dependent high-ploidy growth damping (alpha_o2)	17	16	Negative peak rho	2	9	0.162804064092636	-0.162804064092636	0
alpha_o2	2.225	500	-0.0133881561105696	Ploidy-linked growth and death	11	alpha_o2 | High-ploidy growth damping	Resource-stress-dependent high-ploidy growth damping (alpha_o2)	17	16	Negative peak rho	2	9	0.162804064092636	-0.162804064092636	0
alpha_o2	2.25	500	-0.0126849512725174	Ploidy-linked growth and death	11	alpha_o2 | High-ploidy growth damping	Resource-stress-dependent high-ploidy growth damping (alpha_o2)	17	16	Negative peak rho	2	9	0.162804064092636	-0.162804064092636	0
alpha_o2	2.275	500	-0.0116832803810175	Ploidy-linked growth and death	11	alpha_o2 | High-ploidy growth damping	Resource-stress-dependent high-ploidy growth damping (alpha_o2)	17	16	Negative peak rho	2	9	0.162804064092636	-0.162804064092636	0
alpha_o2	2.3	500	-0.0109474353184004	Ploidy-linked growth and death	11	alpha_o2 | High-ploidy growth damping	Resource-stress-dependent high-ploidy growth damping (alpha_o2)	17	16	Negative peak rho	2	9	0.162804064092636	-0.162804064092636	0
alpha_o2	2.325	500	-0.0106003929307473	Ploidy-linked growth and death	11	alpha_o2 | High-ploidy growth damping	Resource-stress-dependent high-ploidy growth damping (alpha_o2)	17	16	Negative peak rho	2	9	0.162804064092636	-0.162804064092636	0
alpha_o2	2.35	500	-0.00764434059309498	Ploidy-linked growth and death	11	alpha_o2 | High-ploidy growth damping	Resource-stress-dependent high-ploidy growth damping (alpha_o2)	17	16	Negative peak rho	2	9	0.162804064092636	-0.162804064092636	0
alpha_o2	2.375	500	-0.0072980662107258	Ploidy-linked growth and death	11	alpha_o2 | High-ploidy growth damping	Resource-stress-dependent high-ploidy growth damping (alpha_o2)	17	16	Negative peak rho	2	9	0.162804064092636	-0.162804064092636	0
alpha_o2	2.4	500	-0.00435410995629456	Ploidy-linked growth and death	11	alpha_o2 | High-ploidy growth damping	Resource-stress-dependent high-ploidy growth damping (alpha_o2)	17	16	Negative peak rho	2	9	0.162804064092636	-0.162804064092636	0
alpha_o2	2.425	500	-0.00278123513490926	Ploidy-linked growth and death	11	alpha_o2 | High-ploidy growth damping	Resource-stress-dependent high-ploidy growth damping (alpha_o2)	17	16	Negative peak rho	2	9	0.162804064092636	-0.162804064092636	0
alpha_o2	2.45	500	0.000642628421286204	Ploidy-linked growth and death	11	alpha_o2 | High-ploidy growth damping	Resource-stress-dependent high-ploidy growth damping (alpha_o2)	17	16	Negative peak rho	2	9	0.162804064092636	-0.162804064092636	0
alpha_o2	2.475	500	0.00382773833485562	Ploidy-linked growth and death	11	alpha_o2 | High-ploidy growth damping	Resource-stress-dependent high-ploidy growth damping (alpha_o2)	17	16	Negative peak rho	2	9	0.162804064092636	-0.162804064092636	0
alpha_o2	2.5	500	0.00500182641258646	Ploidy-linked growth and death	11	alpha_o2 | High-ploidy growth damping	Resource-stress-dependent high-ploidy growth damping (alpha_o2)	17	16	Negative peak rho	2	9	0.162804064092636	-0.162804064092636	0
alpha_o2	2.525	500	-0.0026196660233131	Ploidy-linked growth and death	11	alpha_o2 | High-ploidy growth damping	Resource-stress-dependent high-ploidy growth damping (alpha_o2)	17	16	Negative peak rho	2	9	0.162804064092636	-0.162804064092636	0
alpha_o2	2.55	500	-0.00191348516478587	Ploidy-linked growth and death	11	alpha_o2 | High-ploidy growth damping	Resource-stress-dependent high-ploidy growth damping (alpha_o2)	17	16	Negative peak rho	2	9	0.162804064092636	-0.162804064092636	0
alpha_o2	2.575	500	-0.0033739432127433	Ploidy-linked growth and death	11	alpha_o2 | High-ploidy growth damping	Resource-stress-dependent high-ploidy growth damping (alpha_o2)	17	16	Negative peak rho	2	9	0.162804064092636	-0.162804064092636	0
alpha_o2	2.6	500	-0.0031494936685295	Ploidy-linked growth and death	11	alpha_o2 | High-ploidy growth damping	Resource-stress-dependent high-ploidy growth damping (alpha_o2)	17	16	Negative peak rho	2	9	0.162804064092636	-0.162804064092636	0
alpha_o2	2.625	500	-0.00304830897237837	Ploidy-linked growth and death	11	alpha_o2 | High-ploidy growth damping	Resource-stress-dependent high-ploidy growth damping (alpha_o2)	17	16	Negative peak rho	2	9	0.162804064092636	-0.162804064092636	0
alpha_o2	2.65	500	-0.0021651028959169	Ploidy-linked growth and death	11	alpha_o2 | High-ploidy growth damping	Resource-stress-dependent high-ploidy growth damping (alpha_o2)	17	16	Negative peak rho	2	9	0.162804064092636	-0.162804064092636	0
alpha_o2	2.675	500	0.00685502316258779	Ploidy-linked growth and death	11	alpha_o2 | High-ploidy growth damping	Resource-stress-dependent high-ploidy growth damping (alpha_o2)	17	16	Negative peak rho	2	9	0.162804064092636	-0.162804064092636	0
alpha_o2	2.7	500	0.007417875035011	Ploidy-linked growth and death	11	alpha_o2 | High-ploidy growth damping	Resource-stress-dependent high-ploidy growth damping (alpha_o2)	17	16	Negative peak rho	2	9	0.162804064092636	-0.162804064092636	0
alpha_o2	2.725	500	0.00839055372704444	Ploidy-linked growth and death	11	alpha_o2 | High-ploidy growth damping	Resource-stress-dependent high-ploidy growth damping (alpha_o2)	17	16	Negative peak rho	2	9	0.162804064092636	-0.162804064092636	0
alpha_o2	2.75	500	0.00933433622027191	Ploidy-linked growth and death	11	alpha_o2 | High-ploidy growth damping	Resource-stress-dependent high-ploidy growth damping (alpha_o2)	17	16	Negative peak rho	2	9	0.162804064092636	-0.162804064092636	0
alpha_o2	2.775	500	0.00985753981991484	Ploidy-linked growth and death	11	alpha_o2 | High-ploidy growth damping	Resource-stress-dependent high-ploidy growth damping (alpha_o2)	17	16	Negative peak rho	2	9	0.162804064092636	-0.162804064092636	0
alpha_o2	2.8	500	0.0107485219498756	Ploidy-linked growth and death	11	alpha_o2 | High-ploidy growth damping	Resource-stress-dependent high-ploidy growth damping (alpha_o2)	17	16	Negative peak rho	2	9	0.162804064092636	-0.162804064092636	0
alpha_o2	2.825	500	0.0114219665831775	Ploidy-linked growth and death	11	alpha_o2 | High-ploidy growth damping	Resource-stress-dependent high-ploidy growth damping (alpha_o2)	17	16	Negative peak rho	2	9	0.162804064092636	-0.162804064092636	0
alpha_o2	2.85	500	0.0144826596407584	Ploidy-linked growth and death	11	alpha_o2 | High-ploidy growth damping	Resource-stress-dependent high-ploidy growth damping (alpha_o2)	17	16	Negative peak rho	2	9	0.162804064092636	-0.162804064092636	0
alpha_o2	2.875	500	0.0144000030720809	Ploidy-linked growth and death	11	alpha_o2 | High-ploidy growth damping	Resource-stress-dependent high-ploidy growth damping (alpha_o2)	17	16	Negative peak rho	2	9	0.162804064092636	-0.162804064092636	0
alpha_o2	2.9	500	0.0150002952020932	Ploidy-linked growth and death	11	alpha_o2 | High-ploidy growth damping	Resource-stress-dependent high-ploidy growth damping (alpha_o2)	17	16	Negative peak rho	2	9	0.162804064092636	-0.162804064092636	0
alpha_o2	2.925	500	0.0160713745711237	Ploidy-linked growth and death	11	alpha_o2 | High-ploidy growth damping	Resource-stress-dependent high-ploidy growth damping (alpha_o2)	17	16	Negative peak rho	2	9	0.162804064092636	-0.162804064092636	0
alpha_o2	2.95	500	0.0168598279956865	Ploidy-linked growth and death	11	alpha_o2 | High-ploidy growth damping	Resource-stress-dependent high-ploidy growth damping (alpha_o2)	17	16	Negative peak rho	2	9	0.162804064092636	-0.162804064092636	0
alpha_o2	2.975	500	0.018132028748433	Ploidy-linked growth and death	11	alpha_o2 | High-ploidy growth damping	Resource-stress-dependent high-ploidy growth damping (alpha_o2)	17	16	Negative peak rho	2	9	0.162804064092636	-0.162804064092636	0
alpha_o2	3	500	0.0195489984971907	Ploidy-linked growth and death	11	alpha_o2 | High-ploidy growth damping	Resource-stress-dependent high-ploidy growth damping (alpha_o2)	17	16	Negative peak rho	2	9	0.162804064092636	-0.162804064092636	0
alpha_o2	3.025	500	0.0224294983150414	Ploidy-linked growth and death	11	alpha_o2 | High-ploidy growth damping	Resource-stress-dependent high-ploidy growth damping (alpha_o2)	17	16	Negative peak rho	2	9	0.162804064092636	-0.162804064092636	0
alpha_o2	3.05	500	0.0253621264915354	Ploidy-linked growth and death	11	alpha_o2 | High-ploidy growth damping	Resource-stress-dependent high-ploidy growth damping (alpha_o2)	17	16	Negative peak rho	2	9	0.162804064092636	-0.162804064092636	0
alpha_o2	3.075	500	0.0268033844073959	Ploidy-linked growth and death	11	alpha_o2 | High-ploidy growth damping	Resource-stress-dependent high-ploidy growth damping (alpha_o2)	17	16	Negative peak rho	2	9	0.162804064092636	-0.162804064092636	0
alpha_o2	3.1	500	0.0284001633932419	Ploidy-linked growth and death	11	alpha_o2 | High-ploidy growth damping	Resource-stress-dependent high-ploidy growth damping (alpha_o2)	17	16	Negative peak rho	2	9	0.162804064092636	-0.162804064092636	0
alpha_o2	3.125	500	0.0273297560288348	Ploidy-linked growth and death	11	alpha_o2 | High-ploidy growth damping	Resource-stress-dependent high-ploidy growth damping (alpha_o2)	17	16	Negative peak rho	2	9	0.162804064092636	-0.162804064092636	0
alpha_o2	3.15	500	0.0281196494633049	Ploidy-linked growth and death	11	alpha_o2 | High-ploidy growth damping	Resource-stress-dependent high-ploidy growth damping (alpha_o2)	17	16	Negative peak rho	2	9	0.162804064092636	-0.162804064092636	0
alpha_o2	3.175	500	0.0310864538749316	Ploidy-linked growth and death	11	alpha_o2 | High-ploidy growth damping	Resource-stress-dependent high-ploidy growth damping (alpha_o2)	17	16	Negative peak rho	2	9	0.162804064092636	-0.162804064092636	0
alpha_o2	3.2	500	0.0320863007538823	Ploidy-linked growth and death	11	alpha_o2 | High-ploidy growth damping	Resource-stress-dependent high-ploidy growth damping (alpha_o2)	17	16	Negative peak rho	2	9	0.162804064092636	-0.162804064092636	0
alpha_o2	3.225	500	0.0336121352516299	Ploidy-linked growth and death	11	alpha_o2 | High-ploidy growth damping	Resource-stress-dependent high-ploidy growth damping (alpha_o2)	17	16	Negative peak rho	2	9	0.162804064092636	-0.162804064092636	0
alpha_o2	3.25	500	0.0342788598386979	Ploidy-linked growth and death	11	alpha_o2 | High-ploidy growth damping	Resource-stress-dependent high-ploidy growth damping (alpha_o2)	17	16	Negative peak rho	2	9	0.162804064092636	-0.162804064092636	0
alpha_o2	3.275	500	0.0400930438403079	Ploidy-linked growth and death	11	alpha_o2 | High-ploidy growth damping	Resource-stress-dependent high-ploidy growth damping (alpha_o2)	17	16	Negative peak rho	2	9	0.162804064092636	-0.162804064092636	0
alpha_o2	3.3	500	0.0405952232953046	Ploidy-linked growth and death	11	alpha_o2 | High-ploidy growth damping	Resource-stress-dependent high-ploidy growth damping (alpha_o2)	17	16	Negative peak rho	2	9	0.162804064092636	-0.162804064092636	0
alpha_o2	3.325	500	0.0465248000908176	Ploidy-linked growth and death	11	alpha_o2 | High-ploidy growth damping	Resource-stress-dependent high-ploidy growth damping (alpha_o2)	17	16	Negative peak rho	2	9	0.162804064092636	-0.162804064092636	0
alpha_o2	3.35	500	0.0469511390240312	Ploidy-linked growth and death	11	alpha_o2 | High-ploidy growth damping	Resource-stress-dependent high-ploidy growth damping (alpha_o2)	17	16	Negative peak rho	2	9	0.162804064092636	-0.162804064092636	0
alpha_o2	3.375	500	0.0475089988621092	Ploidy-linked growth and death	11	alpha_o2 | High-ploidy growth damping	Resource-stress-dependent high-ploidy growth damping (alpha_o2)	17	16	Negative peak rho	2	9	0.162804064092636	-0.162804064092636	0
alpha_o2	3.4	500	0.0464621116595209	Ploidy-linked growth and death	11	alpha_o2 | High-ploidy growth damping	Resource-stress-dependent high-ploidy growth damping (alpha_o2)	17	16	Negative peak rho	2	9	0.162804064092636	-0.162804064092636	0
alpha_o2	3.425	500	0.0516463393270288	Ploidy-linked growth and death	11	alpha_o2 | High-ploidy growth damping	Resource-stress-dependent high-ploidy growth damping (alpha_o2)	17	16	Negative peak rho	2	9	0.162804064092636	-0.162804064092636	0
alpha_o2	3.45	500	0.0540882121271237	Ploidy-linked growth and death	11	alpha_o2 | High-ploidy growth damping	Resource-stress-dependent high-ploidy growth damping (alpha_o2)	17	16	Negative peak rho	2	9	0.162804064092636	-0.162804064092636	0
alpha_o2	3.475	500	0.054497846945413	Ploidy-linked growth and death	11	alpha_o2 | High-ploidy growth damping	Resource-stress-dependent high-ploidy growth damping (alpha_o2)	17	16	Negative peak rho	2	9	0.162804064092636	-0.162804064092636	0
alpha_o2	3.5	500	0.054405398309366	Ploidy-linked growth and death	11	alpha_o2 | High-ploidy growth damping	Resource-stress-dependent high-ploidy growth damping (alpha_o2)	17	16	Negative peak rho	2	9	0.162804064092636	-0.162804064092636	0
alpha_o2	3.525	500	0.0523962004860766	Ploidy-linked growth and death	11	alpha_o2 | High-ploidy growth damping	Resource-stress-dependent high-ploidy growth damping (alpha_o2)	17	16	Negative peak rho	2	9	0.162804064092636	-0.162804064092636	0
alpha_o2	3.55	500	0.0526131619787726	Ploidy-linked growth and death	11	alpha_o2 | High-ploidy growth damping	Resource-stress-dependent high-ploidy growth damping (alpha_o2)	17	16	Negative peak rho	2	9	0.162804064092636	-0.162804064092636	0
alpha_o2	3.575	500	0.0527982512521876	Ploidy-linked growth and death	11	alpha_o2 | High-ploidy growth damping	Resource-stress-dependent high-ploidy growth damping (alpha_o2)	17	16	Negative peak rho	2	9	0.162804064092636	-0.162804064092636	0
alpha_o2	3.6	500	0.053008972701952	Ploidy-linked growth and death	11	alpha_o2 | High-ploidy growth damping	Resource-stress-dependent high-ploidy growth damping (alpha_o2)	17	16	Negative peak rho	2	9	0.162804064092636	-0.162804064092636	0
alpha_o2	3.625	500	0.0534635358293482	Ploidy-linked growth and death	11	alpha_o2 | High-ploidy growth damping	Resource-stress-dependent high-ploidy growth damping (alpha_o2)	17	16	Negative peak rho	2	9	0.162804064092636	-0.162804064092636	0
alpha_o2	3.65	500	0.0539402751093165	Ploidy-linked growth and death	11	alpha_o2 | High-ploidy growth damping	Resource-stress-dependent high-ploidy growth damping (alpha_o2)	17	16	Negative peak rho	2	9	0.162804064092636	-0.162804064092636	0
alpha_o2	3.675	500	0.0541368844619896	Ploidy-linked growth and death	11	alpha_o2 | High-ploidy growth damping	Resource-stress-dependent high-ploidy growth damping (alpha_o2)	17	16	Negative peak rho	2	9	0.162804064092636	-0.162804064092636	0
alpha_o2	3.7	500	0.0519650615198388	Ploidy-linked growth and death	11	alpha_o2 | High-ploidy growth damping	Resource-stress-dependent high-ploidy growth damping (alpha_o2)	17	16	Negative peak rho	2	9	0.162804064092636	-0.162804064092636	0
alpha_o2	3.725	500	0.0568264389661358	Ploidy-linked growth and death	11	alpha_o2 | High-ploidy growth damping	Resource-stress-dependent high-ploidy growth damping (alpha_o2)	17	16	Negative peak rho	2	9	0.162804064092636	-0.162804064092636	0
alpha_o2	3.75	500	0.0534627678240643	Ploidy-linked growth and death	11	alpha_o2 | High-ploidy growth damping	Resource-stress-dependent high-ploidy growth damping (alpha_o2)	17	16	Negative peak rho	2	9	0.162804064092636	-0.162804064092636	0
alpha_o2	3.775	500	0.05426168532062	Ploidy-linked growth and death	11	alpha_o2 | High-ploidy growth damping	Resource-stress-dependent high-ploidy growth damping (alpha_o2)	17	16	Negative peak rho	2	9	0.162804064092636	-0.162804064092636	0
alpha_o2	3.8	500	0.0554562215390342	Ploidy-linked growth and death	11	alpha_o2 | High-ploidy growth damping	Resource-stress-dependent high-ploidy growth damping (alpha_o2)	17	16	Negative peak rho	2	9	0.162804064092636	-0.162804064092636	0
alpha_o2	3.825	500	0.0566697658882243	Ploidy-linked growth and death	11	alpha_o2 | High-ploidy growth damping	Resource-stress-dependent high-ploidy growth damping (alpha_o2)	17	16	Negative peak rho	2	9	0.162804064092636	-0.162804064092636	0
alpha_o2	3.85	500	0.0575718840948013	Ploidy-linked growth and death	11	alpha_o2 | High-ploidy growth damping	Resource-stress-dependent high-ploidy growth damping (alpha_o2)	17	16	Negative peak rho	2	9	0.162804064092636	-0.162804064092636	0
alpha_o2	3.875	500	0.0653367055168049	Ploidy-linked growth and death	11	alpha_o2 | High-ploidy growth damping	Resource-stress-dependent high-ploidy growth damping (alpha_o2)	17	16	Negative peak rho	2	9	0.162804064092636	-0.162804064092636	0
alpha_o2	3.9	500	0.0659957500510341	Ploidy-linked growth and death	11	alpha_o2 | High-ploidy growth damping	Resource-stress-dependent high-ploidy growth damping (alpha_o2)	17	16	Negative peak rho	2	9	0.162804064092636	-0.162804064092636	0
alpha_o2	3.925	500	0.0668497719267081	Ploidy-linked growth and death	11	alpha_o2 | High-ploidy growth damping	Resource-stress-dependent high-ploidy growth damping (alpha_o2)	17	16	Negative peak rho	2	9	0.162804064092636	-0.162804064092636	0
alpha_o2	3.95	500	0.0707414467014467	Ploidy-linked growth and death	11	alpha_o2 | High-ploidy growth damping	Resource-stress-dependent high-ploidy growth damping (alpha_o2)	17	16	Negative peak rho	2	9	0.162804064092636	-0.162804064092636	0
alpha_o2	3.975	500	0.0710816730422053	Ploidy-linked growth and death	11	alpha_o2 | High-ploidy growth damping	Resource-stress-dependent high-ploidy growth damping (alpha_o2)	17	16	Negative peak rho	2	9	0.162804064092636	-0.162804064092636	0
alpha_o2	4	500	0.0711480094986004	Ploidy-linked growth and death	11	alpha_o2 | High-ploidy growth damping	Resource-stress-dependent high-ploidy growth damping (alpha_o2)	17	16	Negative peak rho	2	9	0.162804064092636	-0.162804064092636	0
alpha_o2	4.025	500	0.0706024377450645	Ploidy-linked growth and death	11	alpha_o2 | High-ploidy growth damping	Resource-stress-dependent high-ploidy growth damping (alpha_o2)	17	16	Negative peak rho	2	9	0.162804064092636	-0.162804064092636	0
alpha_o2	4.05	500	0.0687910012823741	Ploidy-linked growth and death	11	alpha_o2 | High-ploidy growth damping	Resource-stress-dependent high-ploidy growth damping (alpha_o2)	17	16	Negative peak rho	2	9	0.162804064092636	-0.162804064092636	0
alpha_o2	4.075	500	0.0689566984223711	Ploidy-linked growth and death	11	alpha_o2 | High-ploidy growth damping	Resource-stress-dependent high-ploidy growth damping (alpha_o2)	17	16	Negative peak rho	2	9	0.162804064092636	-0.162804064092636	0
alpha_o2	4.1	500	0.0695342383958485	Ploidy-linked growth and death	11	alpha_o2 | High-ploidy growth damping	Resource-stress-dependent high-ploidy growth damping (alpha_o2)	17	16	Negative peak rho	2	9	0.162804064092636	-0.162804064092636	0
alpha_o2	4.125	500	0.069751103887884	Ploidy-linked growth and death	11	alpha_o2 | High-ploidy growth damping	Resource-stress-dependent high-ploidy growth damping (alpha_o2)	17	16	Negative peak rho	2	9	0.162804064092636	-0.162804064092636	0
alpha_o2	4.15	500	0.0703418919525084	Ploidy-linked growth and death	11	alpha_o2 | High-ploidy growth damping	Resource-stress-dependent high-ploidy growth damping (alpha_o2)	17	16	Negative peak rho	2	9	0.162804064092636	-0.162804064092636	0
alpha_o2	4.175	500	0.0710110165560884	Ploidy-linked growth and death	11	alpha_o2 | High-ploidy growth damping	Resource-stress-dependent high-ploidy growth damping (alpha_o2)	17	16	Negative peak rho	2	9	0.162804064092636	-0.162804064092636	0
alpha_o2	4.2	500	0.0708259272826734	Ploidy-linked growth and death	11	alpha_o2 | High-ploidy growth damping	Resource-stress-dependent high-ploidy growth damping (alpha_o2)	17	16	Negative peak rho	2	9	0.162804064092636	-0.162804064092636	0
alpha_o2	4.225	500	0.0724394103834439	Ploidy-linked growth and death	11	alpha_o2 | High-ploidy growth damping	Resource-stress-dependent high-ploidy growth damping (alpha_o2)	17	16	Negative peak rho	2	9	0.162804064092636	-0.162804064092636	0
alpha_o2	4.25	500	0.0727460364930328	Ploidy-linked growth and death	11	alpha_o2 | High-ploidy growth damping	Resource-stress-dependent high-ploidy growth damping (alpha_o2)	17	16	Negative peak rho	2	9	0.162804064092636	-0.162804064092636	0
alpha_o2	4.275	500	0.0724467064336407	Ploidy-linked growth and death	11	alpha_o2 | High-ploidy growth damping	Resource-stress-dependent high-ploidy growth damping (alpha_o2)	17	16	Negative peak rho	2	9	0.162804064092636	-0.162804064092636	0
alpha_o2	4.3	500	0.0728449171733323	Ploidy-linked growth and death	11	alpha_o2 | High-ploidy growth damping	Resource-stress-dependent high-ploidy growth damping (alpha_o2)	17	16	Negative peak rho	2	9	0.162804064092636	-0.162804064092636	0
alpha_o2	4.325	500	0.0720189274905198	Ploidy-linked growth and death	11	alpha_o2 | High-ploidy growth damping	Resource-stress-dependent high-ploidy growth damping (alpha_o2)	17	16	Negative peak rho	2	9	0.162804064092636	-0.162804064092636	0
alpha_o2	4.35	500	0.0717365895480336	Ploidy-linked growth and death	11	alpha_o2 | High-ploidy growth damping	Resource-stress-dependent high-ploidy growth damping (alpha_o2)	17	16	Negative peak rho	2	9	0.162804064092636	-0.162804064092636	0
alpha_o2	4.375	500	0.0720243995281675	Ploidy-linked growth and death	11	alpha_o2 | High-ploidy growth damping	Resource-stress-dependent high-ploidy growth damping (alpha_o2)	17	16	Negative peak rho	2	9	0.162804064092636	-0.162804064092636	0
alpha_o2	4.4	500	0.071976591199246	Ploidy-linked growth and death	11	alpha_o2 | High-ploidy growth damping	Resource-stress-dependent high-ploidy growth damping (alpha_o2)	17	16	Negative peak rho	2	9	0.162804064092636	-0.162804064092636	0
alpha_o2	4.425	500	0.0721753125664498	Ploidy-linked growth and death	11	alpha_o2 | High-ploidy growth damping	Resource-stress-dependent high-ploidy growth damping (alpha_o2)	17	16	Negative peak rho	2	9	0.162804064092636	-0.162804064092636	0
alpha_o2	4.45	500	0.0724490104494924	Ploidy-linked growth and death	11	alpha_o2 | High-ploidy growth damping	Resource-stress-dependent high-ploidy growth damping (alpha_o2)	17	16	Negative peak rho	2	9	0.162804064092636	-0.162804064092636	0
alpha_o2	4.475	500	0.0722502890822885	Ploidy-linked growth and death	11	alpha_o2 | High-ploidy growth damping	Resource-stress-dependent high-ploidy growth damping (alpha_o2)	17	16	Negative peak rho	2	9	0.162804064092636	-0.162804064092636	0
alpha_o2	4.5	500	0.0720525277216895	Ploidy-linked growth and death	11	alpha_o2 | High-ploidy growth damping	Resource-stress-dependent high-ploidy growth damping (alpha_o2)	17	16	Negative peak rho	2	9	0.162804064092636	-0.162804064092636	0
alpha_o2	4.525	500	0.0719692951490491	Ploidy-linked growth and death	11	alpha_o2 | High-ploidy growth damping	Resource-stress-dependent high-ploidy growth damping (alpha_o2)	17	16	Negative peak rho	2	9	0.162804064092636	-0.162804064092636	0
alpha_o2	4.55	500	0.0675681448691169	Ploidy-linked growth and death	11	alpha_o2 | High-ploidy growth damping	Resource-stress-dependent high-ploidy growth damping (alpha_o2)	17	16	Negative peak rho	2	9	0.162804064092636	-0.162804064092636	0
alpha_o2	4.575	500	0.0677288499747687	Ploidy-linked growth and death	11	alpha_o2 | High-ploidy growth damping	Resource-stress-dependent high-ploidy growth damping (alpha_o2)	17	16	Negative peak rho	2	9	0.162804064092636	-0.162804064092636	0
alpha_o2	4.6	500	0.0674364319629316	Ploidy-linked growth and death	11	alpha_o2 | High-ploidy growth damping	Resource-stress-dependent high-ploidy growth damping (alpha_o2)	17	16	Negative peak rho	2	9	0.162804064092636	-0.162804064092636	0
alpha_o2	4.625	500	0.0677722422733079	Ploidy-linked growth and death	11	alpha_o2 | High-ploidy growth damping	Resource-stress-dependent high-ploidy growth damping (alpha_o2)	17	16	Negative peak rho	2	9	0.162804064092636	-0.162804064092636	0
alpha_o2	4.65	500	0.0674202078513096	Ploidy-linked growth and death	11	alpha_o2 | High-ploidy growth damping	Resource-stress-dependent high-ploidy growth damping (alpha_o2)	17	16	Negative peak rho	2	9	0.162804064092636	-0.162804064092636	0
alpha_o2	4.675	500	0.0668452598956653	Ploidy-linked growth and death	11	alpha_o2 | High-ploidy growth damping	Resource-stress-dependent high-ploidy growth damping (alpha_o2)	17	16	Negative peak rho	2	9	0.162804064092636	-0.162804064092636	0
alpha_o2	4.7	500	0.066659114614985	Ploidy-linked growth and death	11	alpha_o2 | High-ploidy growth damping	Resource-stress-dependent high-ploidy growth damping (alpha_o2)	17	16	Negative peak rho	2	9	0.162804064092636	-0.162804064092636	0
alpha_o2	4.725	500	0.0667145069960848	Ploidy-linked growth and death	11	alpha_o2 | High-ploidy growth damping	Resource-stress-dependent high-ploidy growth damping (alpha_o2)	17	16	Negative peak rho	2	9	0.162804064092636	-0.162804064092636	0
alpha_o2	4.75	500	0.0667092269597581	Ploidy-linked growth and death	11	alpha_o2 | High-ploidy growth damping	Resource-stress-dependent high-ploidy growth damping (alpha_o2)	17	16	Negative peak rho	2	9	0.162804064092636	-0.162804064092636	0
alpha_o2	4.775	500	0.0670074050112244	Ploidy-linked growth and death	11	alpha_o2 | High-ploidy growth damping	Resource-stress-dependent high-ploidy growth damping (alpha_o2)	17	16	Negative peak rho	2	9	0.162804064092636	-0.162804064092636	0
alpha_o2	4.8	500	0.0672597907476393	Ploidy-linked growth and death	11	alpha_o2 | High-ploidy growth damping	Resource-stress-dependent high-ploidy growth damping (alpha_o2)	17	16	Negative peak rho	2	9	0.162804064092636	-0.162804064092636	0
alpha_o2	4.825	500	0.0673145111241157	Ploidy-linked growth and death	11	alpha_o2 | High-ploidy growth damping	Resource-stress-dependent high-ploidy growth damping (alpha_o2)	17	16	Negative peak rho	2	9	0.162804064092636	-0.162804064092636	0
alpha_o2	4.85	500	0.067019021091143	Ploidy-linked growth and death	11	alpha_o2 | High-ploidy growth damping	Resource-stress-dependent high-ploidy growth damping (alpha_o2)	17	16	Negative peak rho	2	9	0.162804064092636	-0.162804064092636	0
alpha_o2	4.875	500	0.0638583913459973	Ploidy-linked growth and death	11	alpha_o2 | High-ploidy growth damping	Resource-stress-dependent high-ploidy growth damping (alpha_o2)	17	16	Negative peak rho	2	9	0.162804064092636	-0.162804064092636	0
alpha_o2	4.9	500	0.067385839614856	Ploidy-linked growth and death	11	alpha_o2 | High-ploidy growth damping	Resource-stress-dependent high-ploidy growth damping (alpha_o2)	17	16	Negative peak rho	2	9	0.162804064092636	-0.162804064092636	0
alpha_o2	4.925	500	0.0679174912726216	Ploidy-linked growth and death	11	alpha_o2 | High-ploidy growth damping	Resource-stress-dependent high-ploidy growth damping (alpha_o2)	17	16	Negative peak rho	2	9	0.162804064092636	-0.162804064092636	0
alpha_o2	4.95	500	0.0684705510776754	Ploidy-linked growth and death	11	alpha_o2 | High-ploidy growth damping	Resource-stress-dependent high-ploidy growth damping (alpha_o2)	17	16	Negative peak rho	2	9	0.162804064092636	-0.162804064092636	0
alpha_o2	4.975	500	0.0690628751528675	Ploidy-linked growth and death	11	alpha_o2 | High-ploidy growth damping	Resource-stress-dependent high-ploidy growth damping (alpha_o2)	17	16	Negative peak rho	2	9	0.162804064092636	-0.162804064092636	0
alpha_o2	5	500	0.0701067863349807	Ploidy-linked growth and death	11	alpha_o2 | High-ploidy growth damping	Resource-stress-dependent high-ploidy growth damping (alpha_o2)	17	16	Negative peak rho	2	9	0.162804064092636	-0.162804064092636	0
eta_o2	0	500	0.108626789660321	Oxygen response	10	eta_o2 | Chromosome-weighted O2-demand exponent	Chromosome-number-weighted oxygen-demand exponent (eta_o2)	18	18	Negative peak rho	2	10	0.132352077312919	-0.132352077312919	2.45
eta_o2	0.025	500	0.0971514270702628	Oxygen response	10	eta_o2 | Chromosome-weighted O2-demand exponent	Chromosome-number-weighted oxygen-demand exponent (eta_o2)	18	18	Negative peak rho	2	10	0.132352077312919	-0.132352077312919	2.45
eta_o2	0.05	500	0.089921216450703	Oxygen response	10	eta_o2 | Chromosome-weighted O2-demand exponent	Chromosome-number-weighted oxygen-demand exponent (eta_o2)	18	18	Negative peak rho	2	10	0.132352077312919	-0.132352077312919	2.45
eta_o2	0.075	500	0.0877799033754978	Oxygen response	10	eta_o2 | Chromosome-weighted O2-demand exponent	Chromosome-number-weighted oxygen-demand exponent (eta_o2)	18	18	Negative peak rho	2	10	0.132352077312919	-0.132352077312919	2.45
eta_o2	0.1	500	0.07573099365751	Oxygen response	10	eta_o2 | Chromosome-weighted O2-demand exponent	Chromosome-number-weighted oxygen-demand exponent (eta_o2)	18	18	Negative peak rho	2	10	0.132352077312919	-0.132352077312919	2.45
eta_o2	0.125	500	0.0675286643759869	Oxygen response	10	eta_o2 | Chromosome-weighted O2-demand exponent	Chromosome-number-weighted oxygen-demand exponent (eta_o2)	18	18	Negative peak rho	2	10	0.132352077312919	-0.132352077312919	2.45
eta_o2	0.15	500	0.0592622446380509	Oxygen response	10	eta_o2 | Chromosome-weighted O2-demand exponent	Chromosome-number-weighted oxygen-demand exponent (eta_o2)	18	18	Negative peak rho	2	10	0.132352077312919	-0.132352077312919	2.45
eta_o2	0.175	500	0.0533023126298535	Oxygen response	10	eta_o2 | Chromosome-weighted O2-demand exponent	Chromosome-number-weighted oxygen-demand exponent (eta_o2)	18	18	Negative peak rho	2	10	0.132352077312919	-0.132352077312919	2.45
eta_o2	0.2	500	0.048290285198138	Oxygen response	10	eta_o2 | Chromosome-weighted O2-demand exponent	Chromosome-number-weighted oxygen-demand exponent (eta_o2)	18	18	Negative peak rho	2	10	0.132352077312919	-0.132352077312919	2.45
eta_o2	0.225	500	0.0448073003944567	Oxygen response	10	eta_o2 | Chromosome-weighted O2-demand exponent	Chromosome-number-weighted oxygen-demand exponent (eta_o2)	18	18	Negative peak rho	2	10	0.132352077312919	-0.132352077312919	2.45
eta_o2	0.25	500	0.0322404782925625	Oxygen response	10	eta_o2 | Chromosome-weighted O2-demand exponent	Chromosome-number-weighted oxygen-demand exponent (eta_o2)	18	18	Negative peak rho	2	10	0.132352077312919	-0.132352077312919	2.45
eta_o2	0.275	500	0.0248505700139947	Oxygen response	10	eta_o2 | Chromosome-weighted O2-demand exponent	Chromosome-number-weighted oxygen-demand exponent (eta_o2)	18	18	Negative peak rho	2	10	0.132352077312919	-0.132352077312919	2.45
eta_o2	0.3	500	0.00814717497570449	Oxygen response	10	eta_o2 | Chromosome-weighted O2-demand exponent	Chromosome-number-weighted oxygen-demand exponent (eta_o2)	18	18	Negative peak rho	2	10	0.132352077312919	-0.132352077312919	2.45
eta_o2	0.325	500	0.0024805024472256	Oxygen response	10	eta_o2 | Chromosome-weighted O2-demand exponent	Chromosome-number-weighted oxygen-demand exponent (eta_o2)	18	18	Negative peak rho	2	10	0.132352077312919	-0.132352077312919	2.45
eta_o2	0.35	500	-0.00264788711749742	Oxygen response	10	eta_o2 | Chromosome-weighted O2-demand exponent	Chromosome-number-weighted oxygen-demand exponent (eta_o2)	18	18	Negative peak rho	2	10	0.132352077312919	-0.132352077312919	2.45
eta_o2	0.375	500	-0.00134195999139852	Oxygen response	10	eta_o2 | Chromosome-weighted O2-demand exponent	Chromosome-number-weighted oxygen-demand exponent (eta_o2)	18	18	Negative peak rho	2	10	0.132352077312919	-0.132352077312919	2.45
eta_o2	0.4	500	-0.00447384055560038	Oxygen response	10	eta_o2 | Chromosome-weighted O2-demand exponent	Chromosome-number-weighted oxygen-demand exponent (eta_o2)	18	18	Negative peak rho	2	10	0.132352077312919	-0.132352077312919	2.45
eta_o2	0.425	500	-0.0189315713407777	Oxygen response	10	eta_o2 | Chromosome-weighted O2-demand exponent	Chromosome-number-weighted oxygen-demand exponent (eta_o2)	18	18	Negative peak rho	2	10	0.132352077312919	-0.132352077312919	2.45
eta_o2	0.45	500	-0.0180126852318171	Oxygen response	10	eta_o2 | Chromosome-weighted O2-demand exponent	Chromosome-number-weighted oxygen-demand exponent (eta_o2)	18	18	Negative peak rho	2	10	0.132352077312919	-0.132352077312919	2.45
eta_o2	0.475	500	-0.0329357684613839	Oxygen response	10	eta_o2 | Chromosome-weighted O2-demand exponent	Chromosome-number-weighted oxygen-demand exponent (eta_o2)	18	18	Negative peak rho	2	10	0.132352077312919	-0.132352077312919	2.45
eta_o2	0.5	500	-0.0537924556855691	Oxygen response	10	eta_o2 | Chromosome-weighted O2-demand exponent	Chromosome-number-weighted oxygen-demand exponent (eta_o2)	18	18	Negative peak rho	2	10	0.132352077312919	-0.132352077312919	2.45
eta_o2	0.525	500	-0.0519695770519717	Oxygen response	10	eta_o2 | Chromosome-weighted O2-demand exponent	Chromosome-number-weighted oxygen-demand exponent (eta_o2)	18	18	Negative peak rho	2	10	0.132352077312919	-0.132352077312919	2.45
eta_o2	0.55	500	-0.0424944708804253	Oxygen response	10	eta_o2 | Chromosome-weighted O2-demand exponent	Chromosome-number-weighted oxygen-demand exponent (eta_o2)	18	18	Negative peak rho	2	10	0.132352077312919	-0.132352077312919	2.45
eta_o2	0.575	500	-0.0395688904810189	Oxygen response	10	eta_o2 | Chromosome-weighted O2-demand exponent	Chromosome-number-weighted oxygen-demand exponent (eta_o2)	18	18	Negative peak rho	2	10	0.132352077312919	-0.132352077312919	2.45
eta_o2	0.6	500	-0.0540580419247374	Oxygen response	10	eta_o2 | Chromosome-weighted O2-demand exponent	Chromosome-number-weighted oxygen-demand exponent (eta_o2)	18	18	Negative peak rho	2	10	0.132352077312919	-0.132352077312919	2.45
eta_o2	0.625	500	-0.0507828946881043	Oxygen response	10	eta_o2 | Chromosome-weighted O2-demand exponent	Chromosome-number-weighted oxygen-demand exponent (eta_o2)	18	18	Negative peak rho	2	10	0.132352077312919	-0.132352077312919	2.45
eta_o2	0.65	500	-0.0319518310196023	Oxygen response	10	eta_o2 | Chromosome-weighted O2-demand exponent	Chromosome-number-weighted oxygen-demand exponent (eta_o2)	18	18	Negative peak rho	2	10	0.132352077312919	-0.132352077312919	2.45
eta_o2	0.675	500	-0.0428252045400554	Oxygen response	10	eta_o2 | Chromosome-weighted O2-demand exponent	Chromosome-number-weighted oxygen-demand exponent (eta_o2)	18	18	Negative peak rho	2	10	0.132352077312919	-0.132352077312919	2.45
eta_o2	0.7	500	-0.0552793158392925	Oxygen response	10	eta_o2 | Chromosome-weighted O2-demand exponent	Chromosome-number-weighted oxygen-demand exponent (eta_o2)	18	18	Negative peak rho	2	10	0.132352077312919	-0.132352077312919	2.45
eta_o2	0.725	500	-0.0572174996418486	Oxygen response	10	eta_o2 | Chromosome-weighted O2-demand exponent	Chromosome-number-weighted oxygen-demand exponent (eta_o2)	18	18	Negative peak rho	2	10	0.132352077312919	-0.132352077312919	2.45
eta_o2	0.75	500	-0.0623333978132678	Oxygen response	10	eta_o2 | Chromosome-weighted O2-demand exponent	Chromosome-number-weighted oxygen-demand exponent (eta_o2)	18	18	Negative peak rho	2	10	0.132352077312919	-0.132352077312919	2.45
eta_o2	0.775	500	-0.0491698714620119	Oxygen response	10	eta_o2 | Chromosome-weighted O2-demand exponent	Chromosome-number-weighted oxygen-demand exponent (eta_o2)	18	18	Negative peak rho	2	10	0.132352077312919	-0.132352077312919	2.45
eta_o2	0.8	500	-0.0567863543975836	Oxygen response	10	eta_o2 | Chromosome-weighted O2-demand exponent	Chromosome-number-weighted oxygen-demand exponent (eta_o2)	18	18	Negative peak rho	2	10	0.132352077312919	-0.132352077312919	2.45
eta_o2	0.825	500	-0.0678368174400292	Oxygen response	10	eta_o2 | Chromosome-weighted O2-demand exponent	Chromosome-number-weighted oxygen-demand exponent (eta_o2)	18	18	Negative peak rho	2	10	0.132352077312919	-0.132352077312919	2.45
eta_o2	0.85	500	-0.0710968789170569	Oxygen response	10	eta_o2 | Chromosome-weighted O2-demand exponent	Chromosome-number-weighted oxygen-demand exponent (eta_o2)	18	18	Negative peak rho	2	10	0.132352077312919	-0.132352077312919	2.45
eta_o2	0.875	500	-0.0778281064179477	Oxygen response	10	eta_o2 | Chromosome-weighted O2-demand exponent	Chromosome-number-weighted oxygen-demand exponent (eta_o2)	18	18	Negative peak rho	2	10	0.132352077312919	-0.132352077312919	2.45
eta_o2	0.9	500	-0.0869042567048967	Oxygen response	10	eta_o2 | Chromosome-weighted O2-demand exponent	Chromosome-number-weighted oxygen-demand exponent (eta_o2)	18	18	Negative peak rho	2	10	0.132352077312919	-0.132352077312919	2.45
eta_o2	0.925	500	-0.0891421378591048	Oxygen response	10	eta_o2 | Chromosome-weighted O2-demand exponent	Chromosome-number-weighted oxygen-demand exponent (eta_o2)	18	18	Negative peak rho	2	10	0.132352077312919	-0.132352077312919	2.45
eta_o2	0.95	500	-0.086215788758572	Oxygen response	10	eta_o2 | Chromosome-weighted O2-demand exponent	Chromosome-number-weighted oxygen-demand exponent (eta_o2)	18	18	Negative peak rho	2	10	0.132352077312919	-0.132352077312919	2.45
eta_o2	0.975	500	-0.0905067745337319	Oxygen response	10	eta_o2 | Chromosome-weighted O2-demand exponent	Chromosome-number-weighted oxygen-demand exponent (eta_o2)	18	18	Negative peak rho	2	10	0.132352077312919	-0.132352077312919	2.45
eta_o2	1	500	-0.0856187962462879	Oxygen response	10	eta_o2 | Chromosome-weighted O2-demand exponent	Chromosome-number-weighted oxygen-demand exponent (eta_o2)	18	18	Negative peak rho	2	10	0.132352077312919	-0.132352077312919	2.45
eta_o2	1.025	500	-0.0721578786467592	Oxygen response	10	eta_o2 | Chromosome-weighted O2-demand exponent	Chromosome-number-weighted oxygen-demand exponent (eta_o2)	18	18	Negative peak rho	2	10	0.132352077312919	-0.132352077312919	2.45
eta_o2	1.05	500	-0.0752868765817371	Oxygen response	10	eta_o2 | Chromosome-weighted O2-demand exponent	Chromosome-number-weighted oxygen-demand exponent (eta_o2)	18	18	Negative peak rho	2	10	0.132352077312919	-0.132352077312919	2.45
eta_o2	1.075	500	-0.0911444121180739	Oxygen response	10	eta_o2 | Chromosome-weighted O2-demand exponent	Chromosome-number-weighted oxygen-demand exponent (eta_o2)	18	18	Negative peak rho	2	10	0.132352077312919	-0.132352077312919	2.45
eta_o2	1.1	500	-0.0771093708647713	Oxygen response	10	eta_o2 | Chromosome-weighted O2-demand exponent	Chromosome-number-weighted oxygen-demand exponent (eta_o2)	18	18	Negative peak rho	2	10	0.132352077312919	-0.132352077312919	2.45
eta_o2	1.125	500	-0.0766932152924709	Oxygen response	10	eta_o2 | Chromosome-weighted O2-demand exponent	Chromosome-number-weighted oxygen-demand exponent (eta_o2)	18	18	Negative peak rho	2	10	0.132352077312919	-0.132352077312919	2.45
eta_o2	1.15	500	-0.0887320358081748	Oxygen response	10	eta_o2 | Chromosome-weighted O2-demand exponent	Chromosome-number-weighted oxygen-demand exponent (eta_o2)	18	18	Negative peak rho	2	10	0.132352077312919	-0.132352077312919	2.45
eta_o2	1.175	500	-0.0836355473401971	Oxygen response	10	eta_o2 | Chromosome-weighted O2-demand exponent	Chromosome-number-weighted oxygen-demand exponent (eta_o2)	18	18	Negative peak rho	2	10	0.132352077312919	-0.132352077312919	2.45
eta_o2	1.2	500	-0.0747135216290896	Oxygen response	10	eta_o2 | Chromosome-weighted O2-demand exponent	Chromosome-number-weighted oxygen-demand exponent (eta_o2)	18	18	Negative peak rho	2	10	0.132352077312919	-0.132352077312919	2.45
eta_o2	1.225	500	-0.0657725666527448	Oxygen response	10	eta_o2 | Chromosome-weighted O2-demand exponent	Chromosome-number-weighted oxygen-demand exponent (eta_o2)	18	18	Negative peak rho	2	10	0.132352077312919	-0.132352077312919	2.45
eta_o2	1.25	500	-0.0669346505805676	Oxygen response	10	eta_o2 | Chromosome-weighted O2-demand exponent	Chromosome-number-weighted oxygen-demand exponent (eta_o2)	18	18	Negative peak rho	2	10	0.132352077312919	-0.132352077312919	2.45
eta_o2	1.275	500	-0.0765118018266425	Oxygen response	10	eta_o2 | Chromosome-weighted O2-demand exponent	Chromosome-number-weighted oxygen-demand exponent (eta_o2)	18	18	Negative peak rho	2	10	0.132352077312919	-0.132352077312919	2.45
eta_o2	1.3	500	-0.0746497194355991	Oxygen response	10	eta_o2 | Chromosome-weighted O2-demand exponent	Chromosome-number-weighted oxygen-demand exponent (eta_o2)	18	18	Negative peak rho	2	10	0.132352077312919	-0.132352077312919	2.45
eta_o2	1.325	500	-0.0838101385835288	Oxygen response	10	eta_o2 | Chromosome-weighted O2-demand exponent	Chromosome-number-weighted oxygen-demand exponent (eta_o2)	18	18	Negative peak rho	2	10	0.132352077312919	-0.132352077312919	2.45
eta_o2	1.35	500	-0.0834419307439871	Oxygen response	10	eta_o2 | Chromosome-weighted O2-demand exponent	Chromosome-number-weighted oxygen-demand exponent (eta_o2)	18	18	Negative peak rho	2	10	0.132352077312919	-0.132352077312919	2.45
eta_o2	1.375	500	-0.0818777200394206	Oxygen response	10	eta_o2 | Chromosome-weighted O2-demand exponent	Chromosome-number-weighted oxygen-demand exponent (eta_o2)	18	18	Negative peak rho	2	10	0.132352077312919	-0.132352077312919	2.45
eta_o2	1.4	500	-0.0886286455066751	Oxygen response	10	eta_o2 | Chromosome-weighted O2-demand exponent	Chromosome-number-weighted oxygen-demand exponent (eta_o2)	18	18	Negative peak rho	2	10	0.132352077312919	-0.132352077312919	2.45
eta_o2	1.425	500	-0.0922407720995903	Oxygen response	10	eta_o2 | Chromosome-weighted O2-demand exponent	Chromosome-number-weighted oxygen-demand exponent (eta_o2)	18	18	Negative peak rho	2	10	0.132352077312919	-0.132352077312919	2.45
eta_o2	1.45	500	-0.093167729570378	Oxygen response	10	eta_o2 | Chromosome-weighted O2-demand exponent	Chromosome-number-weighted oxygen-demand exponent (eta_o2)	18	18	Negative peak rho	2	10	0.132352077312919	-0.132352077312919	2.45
eta_o2	1.475	500	-0.0920197705257526	Oxygen response	10	eta_o2 | Chromosome-weighted O2-demand exponent	Chromosome-number-weighted oxygen-demand exponent (eta_o2)	18	18	Negative peak rho	2	10	0.132352077312919	-0.132352077312919	2.45
eta_o2	1.5	500	-0.0948945205631764	Oxygen response	10	eta_o2 | Chromosome-weighted O2-demand exponent	Chromosome-number-weighted oxygen-demand exponent (eta_o2)	18	18	Negative peak rho	2	10	0.132352077312919	-0.132352077312919	2.45
eta_o2	1.525	500	-0.0972962311449469	Oxygen response	10	eta_o2 | Chromosome-weighted O2-demand exponent	Chromosome-number-weighted oxygen-demand exponent (eta_o2)	18	18	Negative peak rho	2	10	0.132352077312919	-0.132352077312919	2.45
eta_o2	1.55	500	-0.102728257654595	Oxygen response	10	eta_o2 | Chromosome-weighted O2-demand exponent	Chromosome-number-weighted oxygen-demand exponent (eta_o2)	18	18	Negative peak rho	2	10	0.132352077312919	-0.132352077312919	2.45
eta_o2	1.575	500	-0.110056093317206	Oxygen response	10	eta_o2 | Chromosome-weighted O2-demand exponent	Chromosome-number-weighted oxygen-demand exponent (eta_o2)	18	18	Negative peak rho	2	10	0.132352077312919	-0.132352077312919	2.45
eta_o2	1.6	500	-0.114349096932823	Oxygen response	10	eta_o2 | Chromosome-weighted O2-demand exponent	Chromosome-number-weighted oxygen-demand exponent (eta_o2)	18	18	Negative peak rho	2	10	0.132352077312919	-0.132352077312919	2.45
eta_o2	1.625	500	-0.114283180811235	Oxygen response	10	eta_o2 | Chromosome-weighted O2-demand exponent	Chromosome-number-weighted oxygen-demand exponent (eta_o2)	18	18	Negative peak rho	2	10	0.132352077312919	-0.132352077312919	2.45
eta_o2	1.65	500	-0.114708464709411	Oxygen response	10	eta_o2 | Chromosome-weighted O2-demand exponent	Chromosome-number-weighted oxygen-demand exponent (eta_o2)	18	18	Negative peak rho	2	10	0.132352077312919	-0.132352077312919	2.45
eta_o2	1.675	500	-0.113852131654611	Oxygen response	10	eta_o2 | Chromosome-weighted O2-demand exponent	Chromosome-number-weighted oxygen-demand exponent (eta_o2)	18	18	Negative peak rho	2	10	0.132352077312919	-0.132352077312919	2.45
eta_o2	1.7	500	-0.114796480988383	Oxygen response	10	eta_o2 | Chromosome-weighted O2-demand exponent	Chromosome-number-weighted oxygen-demand exponent (eta_o2)	18	18	Negative peak rho	2	10	0.132352077312919	-0.132352077312919	2.45
eta_o2	1.725	500	-0.110189462962635	Oxygen response	10	eta_o2 | Chromosome-weighted O2-demand exponent	Chromosome-number-weighted oxygen-demand exponent (eta_o2)	18	18	Negative peak rho	2	10	0.132352077312919	-0.132352077312919	2.45
eta_o2	1.75	500	-0.113204212692703	Oxygen response	10	eta_o2 | Chromosome-weighted O2-demand exponent	Chromosome-number-weighted oxygen-demand exponent (eta_o2)	18	18	Negative peak rho	2	10	0.132352077312919	-0.132352077312919	2.45
eta_o2	1.775	500	-0.111696021082722	Oxygen response	10	eta_o2 | Chromosome-weighted O2-demand exponent	Chromosome-number-weighted oxygen-demand exponent (eta_o2)	18	18	Negative peak rho	2	10	0.132352077312919	-0.132352077312919	2.45
eta_o2	1.8	500	-0.108800516114886	Oxygen response	10	eta_o2 | Chromosome-weighted O2-demand exponent	Chromosome-number-weighted oxygen-demand exponent (eta_o2)	18	18	Negative peak rho	2	10	0.132352077312919	-0.132352077312919	2.45
eta_o2	1.825	500	-0.104819797331866	Oxygen response	10	eta_o2 | Chromosome-weighted O2-demand exponent	Chromosome-number-weighted oxygen-demand exponent (eta_o2)	18	18	Negative peak rho	2	10	0.132352077312919	-0.132352077312919	2.45
eta_o2	1.85	500	-0.109123082325048	Oxygen response	10	eta_o2 | Chromosome-weighted O2-demand exponent	Chromosome-number-weighted oxygen-demand exponent (eta_o2)	18	18	Negative peak rho	2	10	0.132352077312919	-0.132352077312919	2.45
eta_o2	1.875	500	-0.103620815749976	Oxygen response	10	eta_o2 | Chromosome-weighted O2-demand exponent	Chromosome-number-weighted oxygen-demand exponent (eta_o2)	18	18	Negative peak rho	2	10	0.132352077312919	-0.132352077312919	2.45
eta_o2	1.9	500	-0.11696200814907	Oxygen response	10	eta_o2 | Chromosome-weighted O2-demand exponent	Chromosome-number-weighted oxygen-demand exponent (eta_o2)	18	18	Negative peak rho	2	10	0.132352077312919	-0.132352077312919	2.45
eta_o2	1.925	500	-0.116309957418608	Oxygen response	10	eta_o2 | Chromosome-weighted O2-demand exponent	Chromosome-number-weighted oxygen-demand exponent (eta_o2)	18	18	Negative peak rho	2	10	0.132352077312919	-0.132352077312919	2.45
eta_o2	1.95	500	-0.118124572515096	Oxygen response	10	eta_o2 | Chromosome-weighted O2-demand exponent	Chromosome-number-weighted oxygen-demand exponent (eta_o2)	18	18	Negative peak rho	2	10	0.132352077312919	-0.132352077312919	2.45
eta_o2	1.975	500	-0.117178781866712	Oxygen response	10	eta_o2 | Chromosome-weighted O2-demand exponent	Chromosome-number-weighted oxygen-demand exponent (eta_o2)	18	18	Negative peak rho	2	10	0.132352077312919	-0.132352077312919	2.45
eta_o2	2	500	-0.116489064781057	Oxygen response	10	eta_o2 | Chromosome-weighted O2-demand exponent	Chromosome-number-weighted oxygen-demand exponent (eta_o2)	18	18	Negative peak rho	2	10	0.132352077312919	-0.132352077312919	2.45
eta_o2	2.025	500	-0.115219362695539	Oxygen response	10	eta_o2 | Chromosome-weighted O2-demand exponent	Chromosome-number-weighted oxygen-demand exponent (eta_o2)	18	18	Negative peak rho	2	10	0.132352077312919	-0.132352077312919	2.45
eta_o2	2.05	500	-0.115691825625348	Oxygen response	10	eta_o2 | Chromosome-weighted O2-demand exponent	Chromosome-number-weighted oxygen-demand exponent (eta_o2)	18	18	Negative peak rho	2	10	0.132352077312919	-0.132352077312919	2.45
eta_o2	2.075	500	-0.109827885170309	Oxygen response	10	eta_o2 | Chromosome-weighted O2-demand exponent	Chromosome-number-weighted oxygen-demand exponent (eta_o2)	18	18	Negative peak rho	2	10	0.132352077312919	-0.132352077312919	2.45
eta_o2	2.1	500	-0.116103080727968	Oxygen response	10	eta_o2 | Chromosome-weighted O2-demand exponent	Chromosome-number-weighted oxygen-demand exponent (eta_o2)	18	18	Negative peak rho	2	10	0.132352077312919	-0.132352077312919	2.45
eta_o2	2.125	500	-0.11904864735666	Oxygen response	10	eta_o2 | Chromosome-weighted O2-demand exponent	Chromosome-number-weighted oxygen-demand exponent (eta_o2)	18	18	Negative peak rho	2	10	0.132352077312919	-0.132352077312919	2.45
eta_o2	2.15	500	-0.119724335646759	Oxygen response	10	eta_o2 | Chromosome-weighted O2-demand exponent	Chromosome-number-weighted oxygen-demand exponent (eta_o2)	18	18	Negative peak rho	2	10	0.132352077312919	-0.132352077312919	2.45
eta_o2	2.175	500	-0.118768744059013	Oxygen response	10	eta_o2 | Chromosome-weighted O2-demand exponent	Chromosome-number-weighted oxygen-demand exponent (eta_o2)	18	18	Negative peak rho	2	10	0.132352077312919	-0.132352077312919	2.45
eta_o2	2.2	500	-0.119022703693644	Oxygen response	10	eta_o2 | Chromosome-weighted O2-demand exponent	Chromosome-number-weighted oxygen-demand exponent (eta_o2)	18	18	Negative peak rho	2	10	0.132352077312919	-0.132352077312919	2.45
eta_o2	2.225	500	-0.119652558179082	Oxygen response	10	eta_o2 | Chromosome-weighted O2-demand exponent	Chromosome-number-weighted oxygen-demand exponent (eta_o2)	18	18	Negative peak rho	2	10	0.132352077312919	-0.132352077312919	2.45
eta_o2	2.25	500	-0.119035195086948	Oxygen response	10	eta_o2 | Chromosome-weighted O2-demand exponent	Chromosome-number-weighted oxygen-demand exponent (eta_o2)	18	18	Negative peak rho	2	10	0.132352077312919	-0.132352077312919	2.45
eta_o2	2.275	500	-0.119179903073992	Oxygen response	10	eta_o2 | Chromosome-weighted O2-demand exponent	Chromosome-number-weighted oxygen-demand exponent (eta_o2)	18	18	Negative peak rho	2	10	0.132352077312919	-0.132352077312919	2.45
eta_o2	2.3	500	-0.119177789145894	Oxygen response	10	eta_o2 | Chromosome-weighted O2-demand exponent	Chromosome-number-weighted oxygen-demand exponent (eta_o2)	18	18	Negative peak rho	2	10	0.132352077312919	-0.132352077312919	2.45
eta_o2	2.325	500	-0.119134261444612	Oxygen response	10	eta_o2 | Chromosome-weighted O2-demand exponent	Chromosome-number-weighted oxygen-demand exponent (eta_o2)	18	18	Negative peak rho	2	10	0.132352077312919	-0.132352077312919	2.45
eta_o2	2.35	500	-0.124887701112732	Oxygen response	10	eta_o2 | Chromosome-weighted O2-demand exponent	Chromosome-number-weighted oxygen-demand exponent (eta_o2)	18	18	Negative peak rho	2	10	0.132352077312919	-0.132352077312919	2.45
eta_o2	2.375	500	-0.124700522388456	Oxygen response	10	eta_o2 | Chromosome-weighted O2-demand exponent	Chromosome-number-weighted oxygen-demand exponent (eta_o2)	18	18	Negative peak rho	2	10	0.132352077312919	-0.132352077312919	2.45
eta_o2	2.4	500	-0.128530383575422	Oxygen response	10	eta_o2 | Chromosome-weighted O2-demand exponent	Chromosome-number-weighted oxygen-demand exponent (eta_o2)	18	18	Negative peak rho	2	10	0.132352077312919	-0.132352077312919	2.45
eta_o2	2.425	500	-0.128915887190307	Oxygen response	10	eta_o2 | Chromosome-weighted O2-demand exponent	Chromosome-number-weighted oxygen-demand exponent (eta_o2)	18	18	Negative peak rho	2	10	0.132352077312919	-0.132352077312919	2.45
eta_o2	2.45	500	-0.132352077312919	Oxygen response	10	eta_o2 | Chromosome-weighted O2-demand exponent	Chromosome-number-weighted oxygen-demand exponent (eta_o2)	18	18	Negative peak rho	2	10	0.132352077312919	-0.132352077312919	2.45
eta_o2	2.475	500	-0.124021951469134	Oxygen response	10	eta_o2 | Chromosome-weighted O2-demand exponent	Chromosome-number-weighted oxygen-demand exponent (eta_o2)	18	18	Negative peak rho	2	10	0.132352077312919	-0.132352077312919	2.45
eta_o2	2.5	500	-0.121327750108771	Oxygen response	10	eta_o2 | Chromosome-weighted O2-demand exponent	Chromosome-number-weighted oxygen-demand exponent (eta_o2)	18	18	Negative peak rho	2	10	0.132352077312919	-0.132352077312919	2.45
eta_o2	2.525	500	-0.124216817204674	Oxygen response	10	eta_o2 | Chromosome-weighted O2-demand exponent	Chromosome-number-weighted oxygen-demand exponent (eta_o2)	18	18	Negative peak rho	2	10	0.132352077312919	-0.132352077312919	2.45
eta_o2	2.55	500	-0.123009668173316	Oxygen response	10	eta_o2 | Chromosome-weighted O2-demand exponent	Chromosome-number-weighted oxygen-demand exponent (eta_o2)	18	18	Negative peak rho	2	10	0.132352077312919	-0.132352077312919	2.45
eta_o2	2.575	500	-0.120509275584445	Oxygen response	10	eta_o2 | Chromosome-weighted O2-demand exponent	Chromosome-number-weighted oxygen-demand exponent (eta_o2)	18	18	Negative peak rho	2	10	0.132352077312919	-0.132352077312919	2.45
eta_o2	2.6	500	-0.119880958501261	Oxygen response	10	eta_o2 | Chromosome-weighted O2-demand exponent	Chromosome-number-weighted oxygen-demand exponent (eta_o2)	18	18	Negative peak rho	2	10	0.132352077312919	-0.132352077312919	2.45
eta_o2	2.625	500	-0.119598749100234	Oxygen response	10	eta_o2 | Chromosome-weighted O2-demand exponent	Chromosome-number-weighted oxygen-demand exponent (eta_o2)	18	18	Negative peak rho	2	10	0.132352077312919	-0.132352077312919	2.45
eta_o2	2.65	500	-0.119049704320709	Oxygen response	10	eta_o2 | Chromosome-weighted O2-demand exponent	Chromosome-number-weighted oxygen-demand exponent (eta_o2)	18	18	Negative peak rho	2	10	0.132352077312919	-0.132352077312919	2.45
eta_o2	2.675	500	-0.113721740726046	Oxygen response	10	eta_o2 | Chromosome-weighted O2-demand exponent	Chromosome-number-weighted oxygen-demand exponent (eta_o2)	18	18	Negative peak rho	2	10	0.132352077312919	-0.132352077312919	2.45
eta_o2	2.7	500	-0.113034906269615	Oxygen response	10	eta_o2 | Chromosome-weighted O2-demand exponent	Chromosome-number-weighted oxygen-demand exponent (eta_o2)	18	18	Negative peak rho	2	10	0.132352077312919	-0.132352077312919	2.45
eta_o2	2.725	500	-0.112516801710427	Oxygen response	10	eta_o2 | Chromosome-weighted O2-demand exponent	Chromosome-number-weighted oxygen-demand exponent (eta_o2)	18	18	Negative peak rho	2	10	0.132352077312919	-0.132352077312919	2.45
eta_o2	2.75	500	-0.113559160437815	Oxygen response	10	eta_o2 | Chromosome-weighted O2-demand exponent	Chromosome-number-weighted oxygen-demand exponent (eta_o2)	18	18	Negative peak rho	2	10	0.132352077312919	-0.132352077312919	2.45
eta_o2	2.775	500	-0.112774700938332	Oxygen response	10	eta_o2 | Chromosome-weighted O2-demand exponent	Chromosome-number-weighted oxygen-demand exponent (eta_o2)	18	18	Negative peak rho	2	10	0.132352077312919	-0.132352077312919	2.45
eta_o2	2.8	500	-0.112329046460306	Oxygen response	10	eta_o2 | Chromosome-weighted O2-demand exponent	Chromosome-number-weighted oxygen-demand exponent (eta_o2)	18	18	Negative peak rho	2	10	0.132352077312919	-0.132352077312919	2.45
eta_o2	2.825	500	-0.111299179126223	Oxygen response	10	eta_o2 | Chromosome-weighted O2-demand exponent	Chromosome-number-weighted oxygen-demand exponent (eta_o2)	18	18	Negative peak rho	2	10	0.132352077312919	-0.132352077312919	2.45
eta_o2	2.85	500	-0.106157721642351	Oxygen response	10	eta_o2 | Chromosome-weighted O2-demand exponent	Chromosome-number-weighted oxygen-demand exponent (eta_o2)	18	18	Negative peak rho	2	10	0.132352077312919	-0.132352077312919	2.45
eta_o2	2.875	500	-0.106791227458139	Oxygen response	10	eta_o2 | Chromosome-weighted O2-demand exponent	Chromosome-number-weighted oxygen-demand exponent (eta_o2)	18	18	Negative peak rho	2	10	0.132352077312919	-0.132352077312919	2.45
eta_o2	2.9	500	-0.107211418711353	Oxygen response	10	eta_o2 | Chromosome-weighted O2-demand exponent	Chromosome-number-weighted oxygen-demand exponent (eta_o2)	18	18	Negative peak rho	2	10	0.132352077312919	-0.132352077312919	2.45
eta_o2	2.925	500	-0.106504982376198	Oxygen response	10	eta_o2 | Chromosome-weighted O2-demand exponent	Chromosome-number-weighted oxygen-demand exponent (eta_o2)	18	18	Negative peak rho	2	10	0.132352077312919	-0.132352077312919	2.45
eta_o2	2.95	500	-0.108445856632697	Oxygen response	10	eta_o2 | Chromosome-weighted O2-demand exponent	Chromosome-number-weighted oxygen-demand exponent (eta_o2)	18	18	Negative peak rho	2	10	0.132352077312919	-0.132352077312919	2.45
eta_o2	2.975	500	-0.107674657227644	Oxygen response	10	eta_o2 | Chromosome-weighted O2-demand exponent	Chromosome-number-weighted oxygen-demand exponent (eta_o2)	18	18	Negative peak rho	2	10	0.132352077312919	-0.132352077312919	2.45
eta_o2	3	500	-0.106990321049874	Oxygen response	10	eta_o2 | Chromosome-weighted O2-demand exponent	Chromosome-number-weighted oxygen-demand exponent (eta_o2)	18	18	Negative peak rho	2	10	0.132352077312919	-0.132352077312919	2.45
eta_o2	3.025	500	-0.105312342578602	Oxygen response	10	eta_o2 | Chromosome-weighted O2-demand exponent	Chromosome-number-weighted oxygen-demand exponent (eta_o2)	18	18	Negative peak rho	2	10	0.132352077312919	-0.132352077312919	2.45
eta_o2	3.05	500	-0.0984130577939534	Oxygen response	10	eta_o2 | Chromosome-weighted O2-demand exponent	Chromosome-number-weighted oxygen-demand exponent (eta_o2)	18	18	Negative peak rho	2	10	0.132352077312919	-0.132352077312919	2.45
eta_o2	3.075	500	-0.097768886250037	Oxygen response	10	eta_o2 | Chromosome-weighted O2-demand exponent	Chromosome-number-weighted oxygen-demand exponent (eta_o2)	18	18	Negative peak rho	2	10	0.132352077312919	-0.132352077312919	2.45
eta_o2	3.1	500	-0.0967908101543442	Oxygen response	10	eta_o2 | Chromosome-weighted O2-demand exponent	Chromosome-number-weighted oxygen-demand exponent (eta_o2)	18	18	Negative peak rho	2	10	0.132352077312919	-0.132352077312919	2.45
eta_o2	3.125	500	-0.10012043908331	Oxygen response	10	eta_o2 | Chromosome-weighted O2-demand exponent	Chromosome-number-weighted oxygen-demand exponent (eta_o2)	18	18	Negative peak rho	2	10	0.132352077312919	-0.132352077312919	2.45
eta_o2	3.15	500	-0.10011794080465	Oxygen response	10	eta_o2 | Chromosome-weighted O2-demand exponent	Chromosome-number-weighted oxygen-demand exponent (eta_o2)	18	18	Negative peak rho	2	10	0.132352077312919	-0.132352077312919	2.45
eta_o2	3.175	500	-0.101619021929211	Oxygen response	10	eta_o2 | Chromosome-weighted O2-demand exponent	Chromosome-number-weighted oxygen-demand exponent (eta_o2)	18	18	Negative peak rho	2	10	0.132352077312919	-0.132352077312919	2.45
eta_o2	3.2	500	-0.101284060413386	Oxygen response	10	eta_o2 | Chromosome-weighted O2-demand exponent	Chromosome-number-weighted oxygen-demand exponent (eta_o2)	18	18	Negative peak rho	2	10	0.132352077312919	-0.132352077312919	2.45
eta_o2	3.225	500	-0.100396210612403	Oxygen response	10	eta_o2 | Chromosome-weighted O2-demand exponent	Chromosome-number-weighted oxygen-demand exponent (eta_o2)	18	18	Negative peak rho	2	10	0.132352077312919	-0.132352077312919	2.45
eta_o2	3.25	500	-0.0997693348438309	Oxygen response	10	eta_o2 | Chromosome-weighted O2-demand exponent	Chromosome-number-weighted oxygen-demand exponent (eta_o2)	18	18	Negative peak rho	2	10	0.132352077312919	-0.132352077312919	2.45
eta_o2	3.275	500	-0.0998340018260886	Oxygen response	10	eta_o2 | Chromosome-weighted O2-demand exponent	Chromosome-number-weighted oxygen-demand exponent (eta_o2)	18	18	Negative peak rho	2	10	0.132352077312919	-0.132352077312919	2.45
eta_o2	3.3	500	-0.0995487176205565	Oxygen response	10	eta_o2 | Chromosome-weighted O2-demand exponent	Chromosome-number-weighted oxygen-demand exponent (eta_o2)	18	18	Negative peak rho	2	10	0.132352077312919	-0.132352077312919	2.45
eta_o2	3.325	500	-0.0961036874349907	Oxygen response	10	eta_o2 | Chromosome-weighted O2-demand exponent	Chromosome-number-weighted oxygen-demand exponent (eta_o2)	18	18	Negative peak rho	2	10	0.132352077312919	-0.132352077312919	2.45
eta_o2	3.35	500	-0.0960591988573008	Oxygen response	10	eta_o2 | Chromosome-weighted O2-demand exponent	Chromosome-number-weighted oxygen-demand exponent (eta_o2)	18	18	Negative peak rho	2	10	0.132352077312919	-0.132352077312919	2.45
eta_o2	3.375	500	-0.0954787334192342	Oxygen response	10	eta_o2 | Chromosome-weighted O2-demand exponent	Chromosome-number-weighted oxygen-demand exponent (eta_o2)	18	18	Negative peak rho	2	10	0.132352077312919	-0.132352077312919	2.45
eta_o2	3.4	500	-0.094296759349766	Oxygen response	10	eta_o2 | Chromosome-weighted O2-demand exponent	Chromosome-number-weighted oxygen-demand exponent (eta_o2)	18	18	Negative peak rho	2	10	0.132352077312919	-0.132352077312919	2.45
eta_o2	3.425	500	-0.0881270680217044	Oxygen response	10	eta_o2 | Chromosome-weighted O2-demand exponent	Chromosome-number-weighted oxygen-demand exponent (eta_o2)	18	18	Negative peak rho	2	10	0.132352077312919	-0.132352077312919	2.45
eta_o2	3.45	500	-0.0877581875686772	Oxygen response	10	eta_o2 | Chromosome-weighted O2-demand exponent	Chromosome-number-weighted oxygen-demand exponent (eta_o2)	18	18	Negative peak rho	2	10	0.132352077312919	-0.132352077312919	2.45
eta_o2	3.475	500	-0.0869916003703829	Oxygen response	10	eta_o2 | Chromosome-weighted O2-demand exponent	Chromosome-number-weighted oxygen-demand exponent (eta_o2)	18	18	Negative peak rho	2	10	0.132352077312919	-0.132352077312919	2.45
eta_o2	3.5	500	-0.0862965984644839	Oxygen response	10	eta_o2 | Chromosome-weighted O2-demand exponent	Chromosome-number-weighted oxygen-demand exponent (eta_o2)	18	18	Negative peak rho	2	10	0.132352077312919	-0.132352077312919	2.45
eta_o2	3.525	500	-0.087697556267333	Oxygen response	10	eta_o2 | Chromosome-weighted O2-demand exponent	Chromosome-number-weighted oxygen-demand exponent (eta_o2)	18	18	Negative peak rho	2	10	0.132352077312919	-0.132352077312919	2.45
eta_o2	3.55	500	-0.0842391698996962	Oxygen response	10	eta_o2 | Chromosome-weighted O2-demand exponent	Chromosome-number-weighted oxygen-demand exponent (eta_o2)	18	18	Negative peak rho	2	10	0.132352077312919	-0.132352077312919	2.45
eta_o2	3.575	500	-0.0835818343489904	Oxygen response	10	eta_o2 | Chromosome-weighted O2-demand exponent	Chromosome-number-weighted oxygen-demand exponent (eta_o2)	18	18	Negative peak rho	2	10	0.132352077312919	-0.132352077312919	2.45
eta_o2	3.6	500	-0.0829820552951232	Oxygen response	10	eta_o2 | Chromosome-weighted O2-demand exponent	Chromosome-number-weighted oxygen-demand exponent (eta_o2)	18	18	Negative peak rho	2	10	0.132352077312919	-0.132352077312919	2.45
eta_o2	3.625	500	-0.0826716922153425	Oxygen response	10	eta_o2 | Chromosome-weighted O2-demand exponent	Chromosome-number-weighted oxygen-demand exponent (eta_o2)	18	18	Negative peak rho	2	10	0.132352077312919	-0.132352077312919	2.45
eta_o2	3.65	500	-0.0823908280412871	Oxygen response	10	eta_o2 | Chromosome-weighted O2-demand exponent	Chromosome-number-weighted oxygen-demand exponent (eta_o2)	18	18	Negative peak rho	2	10	0.132352077312919	-0.132352077312919	2.45
eta_o2	3.675	500	-0.0824063942390965	Oxygen response	10	eta_o2 | Chromosome-weighted O2-demand exponent	Chromosome-number-weighted oxygen-demand exponent (eta_o2)	18	18	Negative peak rho	2	10	0.132352077312919	-0.132352077312919	2.45
eta_o2	3.7	500	-0.0858282673032297	Oxygen response	10	eta_o2 | Chromosome-weighted O2-demand exponent	Chromosome-number-weighted oxygen-demand exponent (eta_o2)	18	18	Negative peak rho	2	10	0.132352077312919	-0.132352077312919	2.45
eta_o2	3.725	500	-0.0822778289757075	Oxygen response	10	eta_o2 | Chromosome-weighted O2-demand exponent	Chromosome-number-weighted oxygen-demand exponent (eta_o2)	18	18	Negative peak rho	2	10	0.132352077312919	-0.132352077312919	2.45
eta_o2	3.75	500	-0.0801061522060098	Oxygen response	10	eta_o2 | Chromosome-weighted O2-demand exponent	Chromosome-number-weighted oxygen-demand exponent (eta_o2)	18	18	Negative peak rho	2	10	0.132352077312919	-0.132352077312919	2.45
eta_o2	3.775	500	-0.0793762704865008	Oxygen response	10	eta_o2 | Chromosome-weighted O2-demand exponent	Chromosome-number-weighted oxygen-demand exponent (eta_o2)	18	18	Negative peak rho	2	10	0.132352077312919	-0.132352077312919	2.45
eta_o2	3.8	500	-0.0787616939359505	Oxygen response	10	eta_o2 | Chromosome-weighted O2-demand exponent	Chromosome-number-weighted oxygen-demand exponent (eta_o2)	18	18	Negative peak rho	2	10	0.132352077312919	-0.132352077312919	2.45
eta_o2	3.825	500	-0.0757431007002507	Oxygen response	10	eta_o2 | Chromosome-weighted O2-demand exponent	Chromosome-number-weighted oxygen-demand exponent (eta_o2)	18	18	Negative peak rho	2	10	0.132352077312919	-0.132352077312919	2.45
eta_o2	3.85	500	-0.0744369813988702	Oxygen response	10	eta_o2 | Chromosome-weighted O2-demand exponent	Chromosome-number-weighted oxygen-demand exponent (eta_o2)	18	18	Negative peak rho	2	10	0.132352077312919	-0.132352077312919	2.45
eta_o2	3.875	500	-0.0654254020065381	Oxygen response	10	eta_o2 | Chromosome-weighted O2-demand exponent	Chromosome-number-weighted oxygen-demand exponent (eta_o2)	18	18	Negative peak rho	2	10	0.132352077312919	-0.132352077312919	2.45
eta_o2	3.9	500	-0.0650973588008504	Oxygen response	10	eta_o2 | Chromosome-weighted O2-demand exponent	Chromosome-number-weighted oxygen-demand exponent (eta_o2)	18	18	Negative peak rho	2	10	0.132352077312919	-0.132352077312919	2.45
eta_o2	3.925	500	-0.0652952993408963	Oxygen response	10	eta_o2 | Chromosome-weighted O2-demand exponent	Chromosome-number-weighted oxygen-demand exponent (eta_o2)	18	18	Negative peak rho	2	10	0.132352077312919	-0.132352077312919	2.45
eta_o2	3.95	500	-0.0646800501768604	Oxygen response	10	eta_o2 | Chromosome-weighted O2-demand exponent	Chromosome-number-weighted oxygen-demand exponent (eta_o2)	18	18	Negative peak rho	2	10	0.132352077312919	-0.132352077312919	2.45
eta_o2	3.975	500	-0.0639291252640164	Oxygen response	10	eta_o2 | Chromosome-weighted O2-demand exponent	Chromosome-number-weighted oxygen-demand exponent (eta_o2)	18	18	Negative peak rho	2	10	0.132352077312919	-0.132352077312919	2.45
eta_o2	4	500	-0.0632037596636249	Oxygen response	10	eta_o2 | Chromosome-weighted O2-demand exponent	Chromosome-number-weighted oxygen-demand exponent (eta_o2)	18	18	Negative peak rho	2	10	0.132352077312919	-0.132352077312919	2.45
eta_o2	4.025	500	-0.0609140872710261	Oxygen response	10	eta_o2 | Chromosome-weighted O2-demand exponent	Chromosome-number-weighted oxygen-demand exponent (eta_o2)	18	18	Negative peak rho	2	10	0.132352077312919	-0.132352077312919	2.45
eta_o2	4.05	500	-0.060023162665538	Oxygen response	10	eta_o2 | Chromosome-weighted O2-demand exponent	Chromosome-number-weighted oxygen-demand exponent (eta_o2)	18	18	Negative peak rho	2	10	0.132352077312919	-0.132352077312919	2.45
eta_o2	4.075	500	-0.0593478587260027	Oxygen response	10	eta_o2 | Chromosome-weighted O2-demand exponent	Chromosome-number-weighted oxygen-demand exponent (eta_o2)	18	18	Negative peak rho	2	10	0.132352077312919	-0.132352077312919	2.45
eta_o2	4.1	500	-0.0589753269426251	Oxygen response	10	eta_o2 | Chromosome-weighted O2-demand exponent	Chromosome-number-weighted oxygen-demand exponent (eta_o2)	18	18	Negative peak rho	2	10	0.132352077312919	-0.132352077312919	2.45
eta_o2	4.125	500	-0.0587200220810222	Oxygen response	10	eta_o2 | Chromosome-weighted O2-demand exponent	Chromosome-number-weighted oxygen-demand exponent (eta_o2)	18	18	Negative peak rho	2	10	0.132352077312919	-0.132352077312919	2.45
eta_o2	4.15	500	-0.0579303738489362	Oxygen response	10	eta_o2 | Chromosome-weighted O2-demand exponent	Chromosome-number-weighted oxygen-demand exponent (eta_o2)	18	18	Negative peak rho	2	10	0.132352077312919	-0.132352077312919	2.45
eta_o2	4.175	500	-0.0573840195233533	Oxygen response	10	eta_o2 | Chromosome-weighted O2-demand exponent	Chromosome-number-weighted oxygen-demand exponent (eta_o2)	18	18	Negative peak rho	2	10	0.132352077312919	-0.132352077312919	2.45
eta_o2	4.2	500	-0.0568747550271187	Oxygen response	10	eta_o2 | Chromosome-weighted O2-demand exponent	Chromosome-number-weighted oxygen-demand exponent (eta_o2)	18	18	Negative peak rho	2	10	0.132352077312919	-0.132352077312919	2.45
eta_o2	4.225	500	-0.0567131356152948	Oxygen response	10	eta_o2 | Chromosome-weighted O2-demand exponent	Chromosome-number-weighted oxygen-demand exponent (eta_o2)	18	18	Negative peak rho	2	10	0.132352077312919	-0.132352077312919	2.45
eta_o2	4.25	500	-0.0561330545277914	Oxygen response	10	eta_o2 | Chromosome-weighted O2-demand exponent	Chromosome-number-weighted oxygen-demand exponent (eta_o2)	18	18	Negative peak rho	2	10	0.132352077312919	-0.132352077312919	2.45
eta_o2	4.275	500	-0.0558723687583037	Oxygen response	10	eta_o2 | Chromosome-weighted O2-demand exponent	Chromosome-number-weighted oxygen-demand exponent (eta_o2)	18	18	Negative peak rho	2	10	0.132352077312919	-0.132352077312919	2.45
eta_o2	4.3	500	-0.0552340585604761	Oxygen response	10	eta_o2 | Chromosome-weighted O2-demand exponent	Chromosome-number-weighted oxygen-demand exponent (eta_o2)	18	18	Negative peak rho	2	10	0.132352077312919	-0.132352077312919	2.45
eta_o2	4.325	500	-0.0548255899994397	Oxygen response	10	eta_o2 | Chromosome-weighted O2-demand exponent	Chromosome-number-weighted oxygen-demand exponent (eta_o2)	18	18	Negative peak rho	2	10	0.132352077312919	-0.132352077312919	2.45
eta_o2	4.35	500	-0.0547750479003794	Oxygen response	10	eta_o2 | Chromosome-weighted O2-demand exponent	Chromosome-number-weighted oxygen-demand exponent (eta_o2)	18	18	Negative peak rho	2	10	0.132352077312919	-0.132352077312919	2.45
eta_o2	4.375	500	-0.0540981104709506	Oxygen response	10	eta_o2 | Chromosome-weighted O2-demand exponent	Chromosome-number-weighted oxygen-demand exponent (eta_o2)	18	18	Negative peak rho	2	10	0.132352077312919	-0.132352077312919	2.45
eta_o2	4.4	500	-0.0529161364014824	Oxygen response	10	eta_o2 | Chromosome-weighted O2-demand exponent	Chromosome-number-weighted oxygen-demand exponent (eta_o2)	18	18	Negative peak rho	2	10	0.132352077312919	-0.132352077312919	2.45
eta_o2	4.425	500	-0.0521805855111662	Oxygen response	10	eta_o2 | Chromosome-weighted O2-demand exponent	Chromosome-number-weighted oxygen-demand exponent (eta_o2)	18	18	Negative peak rho	2	10	0.132352077312919	-0.132352077312919	2.45
eta_o2	4.45	500	-0.0514475328995108	Oxygen response	10	eta_o2 | Chromosome-weighted O2-demand exponent	Chromosome-number-weighted oxygen-demand exponent (eta_o2)	18	18	Negative peak rho	2	10	0.132352077312919	-0.132352077312919	2.45
eta_o2	4.475	500	-0.0506455854494026	Oxygen response	10	eta_o2 | Chromosome-weighted O2-demand exponent	Chromosome-number-weighted oxygen-demand exponent (eta_o2)	18	18	Negative peak rho	2	10	0.132352077312919	-0.132352077312919	2.45
eta_o2	4.5	500	-0.0501974326927161	Oxygen response	10	eta_o2 | Chromosome-weighted O2-demand exponent	Chromosome-number-weighted oxygen-demand exponent (eta_o2)	18	18	Negative peak rho	2	10	0.132352077312919	-0.132352077312919	2.45
eta_o2	4.525	500	-0.0498072207834315	Oxygen response	10	eta_o2 | Chromosome-weighted O2-demand exponent	Chromosome-number-weighted oxygen-demand exponent (eta_o2)	18	18	Negative peak rho	2	10	0.132352077312919	-0.132352077312919	2.45
eta_o2	4.55	500	-0.0542343627456036	Oxygen response	10	eta_o2 | Chromosome-weighted O2-demand exponent	Chromosome-number-weighted oxygen-demand exponent (eta_o2)	18	18	Negative peak rho	2	10	0.132352077312919	-0.132352077312919	2.45
eta_o2	4.575	500	-0.0535238907295359	Oxygen response	10	eta_o2 | Chromosome-weighted O2-demand exponent	Chromosome-number-weighted oxygen-demand exponent (eta_o2)	18	18	Negative peak rho	2	10	0.132352077312919	-0.132352077312919	2.45
eta_o2	4.6	500	-0.0522698509294685	Oxygen response	10	eta_o2 | Chromosome-weighted O2-demand exponent	Chromosome-number-weighted oxygen-demand exponent (eta_o2)	18	18	Negative peak rho	2	10	0.132352077312919	-0.132352077312919	2.45
eta_o2	4.625	500	-0.0512310474447907	Oxygen response	10	eta_o2 | Chromosome-weighted O2-demand exponent	Chromosome-number-weighted oxygen-demand exponent (eta_o2)	18	18	Negative peak rho	2	10	0.132352077312919	-0.132352077312919	2.45
eta_o2	4.65	500	-0.0503476176752849	Oxygen response	10	eta_o2 | Chromosome-weighted O2-demand exponent	Chromosome-number-weighted oxygen-demand exponent (eta_o2)	18	18	Negative peak rho	2	10	0.132352077312919	-0.132352077312919	2.45
eta_o2	4.675	500	-0.0493729046470201	Oxygen response	10	eta_o2 | Chromosome-weighted O2-demand exponent	Chromosome-number-weighted oxygen-demand exponent (eta_o2)	18	18	Negative peak rho	2	10	0.132352077312919	-0.132352077312919	2.45
eta_o2	4.7	500	-0.0486892410827354	Oxygen response	10	eta_o2 | Chromosome-weighted O2-demand exponent	Chromosome-number-weighted oxygen-demand exponent (eta_o2)	18	18	Negative peak rho	2	10	0.132352077312919	-0.132352077312919	2.45
eta_o2	4.725	500	-0.0480674579591252	Oxygen response	10	eta_o2 | Chromosome-weighted O2-demand exponent	Chromosome-number-weighted oxygen-demand exponent (eta_o2)	18	18	Negative peak rho	2	10	0.132352077312919	-0.132352077312919	2.45
eta_o2	4.75	500	-0.0475029430694312	Oxygen response	10	eta_o2 | Chromosome-weighted O2-demand exponent	Chromosome-number-weighted oxygen-demand exponent (eta_o2)	18	18	Negative peak rho	2	10	0.132352077312919	-0.132352077312919	2.45
eta_o2	4.775	500	-0.0469477486808947	Oxygen response	10	eta_o2 | Chromosome-weighted O2-demand exponent	Chromosome-number-weighted oxygen-demand exponent (eta_o2)	18	18	Negative peak rho	2	10	0.132352077312919	-0.132352077312919	2.45
eta_o2	4.8	500	-0.0462584159458029	Oxygen response	10	eta_o2 | Chromosome-weighted O2-demand exponent	Chromosome-number-weighted oxygen-demand exponent (eta_o2)	18	18	Negative peak rho	2	10	0.132352077312919	-0.132352077312919	2.45
eta_o2	4.825	500	-0.0458384168678705	Oxygen response	10	eta_o2 | Chromosome-weighted O2-demand exponent	Chromosome-number-weighted oxygen-demand exponent (eta_o2)	18	18	Negative peak rho	2	10	0.132352077312919	-0.132352077312919	2.45
eta_o2	4.85	500	-0.0458326516094226	Oxygen response	10	eta_o2 | Chromosome-weighted O2-demand exponent	Chromosome-number-weighted oxygen-demand exponent (eta_o2)	18	18	Negative peak rho	2	10	0.132352077312919	-0.132352077312919	2.45
eta_o2	4.875	500	-0.048239647011437	Oxygen response	10	eta_o2 | Chromosome-weighted O2-demand exponent	Chromosome-number-weighted oxygen-demand exponent (eta_o2)	18	18	Negative peak rho	2	10	0.132352077312919	-0.132352077312919	2.45
eta_o2	4.9	500	-0.0463990882519326	Oxygen response	10	eta_o2 | Chromosome-weighted O2-demand exponent	Chromosome-number-weighted oxygen-demand exponent (eta_o2)	18	18	Negative peak rho	2	10	0.132352077312919	-0.132352077312919	2.45
eta_o2	4.925	500	-0.0455012453363069	Oxygen response	10	eta_o2 | Chromosome-weighted O2-demand exponent	Chromosome-number-weighted oxygen-demand exponent (eta_o2)	18	18	Negative peak rho	2	10	0.132352077312919	-0.132352077312919	2.45
eta_o2	4.95	500	-0.0447662709718355	Oxygen response	10	eta_o2 | Chromosome-weighted O2-demand exponent	Chromosome-number-weighted oxygen-demand exponent (eta_o2)	18	18	Negative peak rho	2	10	0.132352077312919	-0.132352077312919	2.45
eta_o2	4.975	500	-0.0440770343243845	Oxygen response	10	eta_o2 | Chromosome-weighted O2-demand exponent	Chromosome-number-weighted oxygen-demand exponent (eta_o2)	18	18	Negative peak rho	2	10	0.132352077312919	-0.132352077312919	2.45
eta_o2	5	500	-0.0427315190902764	Oxygen response	10	eta_o2 | Chromosome-weighted O2-demand exponent	Chromosome-number-weighted oxygen-demand exponent (eta_o2)	18	18	Negative peak rho	2	10	0.132352077312919	-0.132352077312919	2.45
