cohort	segment_id	passage_id	sample_name	oxygen_pct	cumulative_end_day	grid_index	ploidy	density	log_density
2N	20.5_20.5_20.5	SUM-159_NLS_2N_C_A1_seed	SUM-159_NLS_2N_C_A1_	20.5	31	1	0.5	9.99314769973045e-13	-27.6317065808329
2N	20.5_20.5_20.5	SUM-159_NLS_2N_C_A1_seed	SUM-159_NLS_2N_C_A1_	20.5	31	2	0.540201005025126	9.99314769973045e-13	-27.6317065808329
2N	20.5_20.5_20.5	SUM-159_NLS_2N_C_A1_seed	SUM-159_NLS_2N_C_A1_	20.5	31	3	0.580402010050251	9.99314769973045e-13	-27.6317065808329
2N	20.5_20.5_20.5	SUM-159_NLS_2N_C_A1_seed	SUM-159_NLS_2N_C_A1_	20.5	31	4	0.620603015075377	9.99314769973045e-13	-27.6317065808329
2N	20.5_20.5_20.5	SUM-159_NLS_2N_C_A1_seed	SUM-159_NLS_2N_C_A1_	20.5	31	5	0.660804020100503	9.99314769973045e-13	-27.6317065808329
2N	20.5_20.5_20.5	SUM-159_NLS_2N_C_A1_seed	SUM-159_NLS_2N_C_A1_	20.5	31	6	0.701005025125628	9.99314769973045e-13	-27.6317065808329
2N	20.5_20.5_20.5	SUM-159_NLS_2N_C_A1_seed	SUM-159_NLS_2N_C_A1_	20.5	31	7	0.741206030150754	9.99314769973045e-13	-27.6317065808329
2N	20.5_20.5_20.5	SUM-159_NLS_2N_C_A1_seed	SUM-159_NLS_2N_C_A1_	20.5	31	8	0.781407035175879	9.99314769973045e-13	-27.6317065808329
2N	20.5_20.5_20.5	SUM-159_NLS_2N_C_A1_seed	SUM-159_NLS_2N_C_A1_	20.5	31	9	0.821608040201005	9.99314769973045e-13	-27.6317065808329
2N	20.5_20.5_20.5	SUM-159_NLS_2N_C_A1_seed	SUM-159_NLS_2N_C_A1_	20.5	31	10	0.861809045226131	9.99314769973045e-13	-27.6317065808329
2N	20.5_20.5_20.5	SUM-159_NLS_2N_C_A1_seed	SUM-159_NLS_2N_C_A1_	20.5	31	11	0.902010050251256	9.99314769973045e-13	-27.6317065808329
2N	20.5_20.5_20.5	SUM-159_NLS_2N_C_A1_seed	SUM-159_NLS_2N_C_A1_	20.5	31	12	0.942211055276382	3.86558362548317e-10	-21.6737382565885
2N	20.5_20.5_20.5	SUM-159_NLS_2N_C_A1_seed	SUM-159_NLS_2N_C_A1_	20.5	31	13	0.982412060301508	1.34830642503456e-05	-11.2140761600381
2N	20.5_20.5_20.5	SUM-159_NLS_2N_C_A1_seed	SUM-159_NLS_2N_C_A1_	20.5	31	14	1.02261306532663	4.27063277452154e-05	-10.0611634579544
2N	20.5_20.5_20.5	SUM-159_NLS_2N_C_A1_seed	SUM-159_NLS_2N_C_A1_	20.5	31	15	1.06281407035176	0.000120506836964868	-9.02380406834546
2N	20.5_20.5_20.5	SUM-159_NLS_2N_C_A1_seed	SUM-159_NLS_2N_C_A1_	20.5	31	16	1.10301507537688	0.000155699063766848	-8.76758549220054
2N	20.5_20.5_20.5	SUM-159_NLS_2N_C_A1_seed	SUM-159_NLS_2N_C_A1_	20.5	31	17	1.14321608040201	0.000600005768178251	-7.41857128916392
2N	20.5_20.5_20.5	SUM-159_NLS_2N_C_A1_seed	SUM-159_NLS_2N_C_A1_	20.5	31	18	1.18341708542714	0.00190874514993964	-6.26130924239621
2N	20.5_20.5_20.5	SUM-159_NLS_2N_C_A1_seed	SUM-159_NLS_2N_C_A1_	20.5	31	19	1.22361809045226	0.00381025163700425	-5.57006004556669
2N	20.5_20.5_20.5	SUM-159_NLS_2N_C_A1_seed	SUM-159_NLS_2N_C_A1_	20.5	31	20	1.26381909547739	0.00826650261712641	-4.79554375937867
2N	20.5_20.5_20.5	SUM-159_NLS_2N_C_A1_seed	SUM-159_NLS_2N_C_A1_	20.5	31	21	1.30402010050251	0.019578141548704	-3.93334156218109
2N	20.5_20.5_20.5	SUM-159_NLS_2N_C_A1_seed	SUM-159_NLS_2N_C_A1_	20.5	31	22	1.34422110552764	0.041694436416851	-3.17738757833869
2N	20.5_20.5_20.5	SUM-159_NLS_2N_C_A1_seed	SUM-159_NLS_2N_C_A1_	20.5	31	23	1.38442211055276	0.0827501551111737	-2.49192939027145
2N	20.5_20.5_20.5	SUM-159_NLS_2N_C_A1_seed	SUM-159_NLS_2N_C_A1_	20.5	31	24	1.42462311557789	0.150176255818031	-1.89594563591676
2N	20.5_20.5_20.5	SUM-159_NLS_2N_C_A1_seed	SUM-159_NLS_2N_C_A1_	20.5	31	25	1.46482412060302	0.274004941546498	-1.29460913791546
2N	20.5_20.5_20.5	SUM-159_NLS_2N_C_A1_seed	SUM-159_NLS_2N_C_A1_	20.5	31	26	1.50502512562814	0.454010211726375	-0.789635588404376
2N	20.5_20.5_20.5	SUM-159_NLS_2N_C_A1_seed	SUM-159_NLS_2N_C_A1_	20.5	31	27	1.54522613065327	0.70055484695593	-0.355882619402263
2N	20.5_20.5_20.5	SUM-159_NLS_2N_C_A1_seed	SUM-159_NLS_2N_C_A1_	20.5	31	28	1.58542713567839	1.01439582783339	0.0142931917520926
2N	20.5_20.5_20.5	SUM-159_NLS_2N_C_A1_seed	SUM-159_NLS_2N_C_A1_	20.5	31	29	1.62562814070352	1.37314057704555	0.317100508322195
2N	20.5_20.5_20.5	SUM-159_NLS_2N_C_A1_seed	SUM-159_NLS_2N_C_A1_	20.5	31	30	1.66582914572864	1.75100455173746	0.560189652807735
2N	20.5_20.5_20.5	SUM-159_NLS_2N_C_A1_seed	SUM-159_NLS_2N_C_A1_	20.5	31	31	1.70603015075377	2.10066635506151	0.742254606330644
2N	20.5_20.5_20.5	SUM-159_NLS_2N_C_A1_seed	SUM-159_NLS_2N_C_A1_	20.5	31	32	1.74623115577889	2.34317012344805	0.851504766129192
2N	20.5_20.5_20.5	SUM-159_NLS_2N_C_A1_seed	SUM-159_NLS_2N_C_A1_	20.5	31	33	1.78643216080402	2.47467358290554	0.90610850162824
2N	20.5_20.5_20.5	SUM-159_NLS_2N_C_A1_seed	SUM-159_NLS_2N_C_A1_	20.5	31	34	1.82663316582915	2.43487067764651	0.889893645328082
2N	20.5_20.5_20.5	SUM-159_NLS_2N_C_A1_seed	SUM-159_NLS_2N_C_A1_	20.5	31	35	1.86683417085427	2.24406101969519	0.808287179668278
2N	20.5_20.5_20.5	SUM-159_NLS_2N_C_A1_seed	SUM-159_NLS_2N_C_A1_	20.5	31	36	1.9070351758794	1.94575384976119	0.66564948540413
2N	20.5_20.5_20.5	SUM-159_NLS_2N_C_A1_seed	SUM-159_NLS_2N_C_A1_	20.5	31	37	1.94723618090452	1.59030148670692	0.463923612538705
2N	20.5_20.5_20.5	SUM-159_NLS_2N_C_A1_seed	SUM-159_NLS_2N_C_A1_	20.5	31	38	1.98743718592965	1.22611102901084	0.20384739541258
2N	20.5_20.5_20.5	SUM-159_NLS_2N_C_A1_seed	SUM-159_NLS_2N_C_A1_	20.5	31	39	2.02763819095477	0.890924409973931	-0.115495692400976
2N	20.5_20.5_20.5	SUM-159_NLS_2N_C_A1_seed	SUM-159_NLS_2N_C_A1_	20.5	31	40	2.0678391959799	0.631328228141811	-0.459929380301525
2N	20.5_20.5_20.5	SUM-159_NLS_2N_C_A1_seed	SUM-159_NLS_2N_C_A1_	20.5	31	41	2.10804020100502	0.406178646310586	-0.900962200615539
2N	20.5_20.5_20.5	SUM-159_NLS_2N_C_A1_seed	SUM-159_NLS_2N_C_A1_	20.5	31	42	2.14824120603015	0.25490931784125	-1.36684741337901
2N	20.5_20.5_20.5	SUM-159_NLS_2N_C_A1_seed	SUM-159_NLS_2N_C_A1_	20.5	31	43	2.18844221105528	0.153756665063356	-1.87238402322953
2N	20.5_20.5_20.5	SUM-159_NLS_2N_C_A1_seed	SUM-159_NLS_2N_C_A1_	20.5	31	44	2.2286432160804	0.0851121592145408	-2.46378537212243
2N	20.5_20.5_20.5	SUM-159_NLS_2N_C_A1_seed	SUM-159_NLS_2N_C_A1_	20.5	31	45	2.26884422110553	0.0473434045124859	-3.05032776129106
2N	20.5_20.5_20.5	SUM-159_NLS_2N_C_A1_seed	SUM-159_NLS_2N_C_A1_	20.5	31	46	2.30904522613065	0.025780173570104	-3.65814954875117
2N	20.5_20.5_20.5	SUM-159_NLS_2N_C_A1_seed	SUM-159_NLS_2N_C_A1_	20.5	31	47	2.34924623115578	0.0141990650304155	-4.25457915947115
2N	20.5_20.5_20.5	SUM-159_NLS_2N_C_A1_seed	SUM-159_NLS_2N_C_A1_	20.5	31	48	2.3894472361809	0.0072244825181493	-4.93027967133431
2N	20.5_20.5_20.5	SUM-159_NLS_2N_C_A1_seed	SUM-159_NLS_2N_C_A1_	20.5	31	49	2.42964824120603	0.00377297422865537	-5.57989166848834
2N	20.5_20.5_20.5	SUM-159_NLS_2N_C_A1_seed	SUM-159_NLS_2N_C_A1_	20.5	31	50	2.46984924623116	0.00199672256470324	-6.21624816023701
2N	20.5_20.5_20.5	SUM-159_NLS_2N_C_A1_seed	SUM-159_NLS_2N_C_A1_	20.5	31	51	2.51005025125628	0.00143611662239506	-6.5458125982867
2N	20.5_20.5_20.5	SUM-159_NLS_2N_C_A1_seed	SUM-159_NLS_2N_C_A1_	20.5	31	52	2.55025125628141	0.00116582610781043	-6.75432533784425
2N	20.5_20.5_20.5	SUM-159_NLS_2N_C_A1_seed	SUM-159_NLS_2N_C_A1_	20.5	31	53	2.59045226130653	0.00104653103124804	-6.86227436410691
2N	20.5_20.5_20.5	SUM-159_NLS_2N_C_A1_seed	SUM-159_NLS_2N_C_A1_	20.5	31	54	2.63065326633166	0.000753876208974402	-7.19028238251422
2N	20.5_20.5_20.5	SUM-159_NLS_2N_C_A1_seed	SUM-159_NLS_2N_C_A1_	20.5	31	55	2.67085427135678	0.000293150049550858	-8.13482596552504
2N	20.5_20.5_20.5	SUM-159_NLS_2N_C_A1_seed	SUM-159_NLS_2N_C_A1_	20.5	31	56	2.71105527638191	0.000533329203847561	-7.53637168122031
2N	20.5_20.5_20.5	SUM-159_NLS_2N_C_A1_seed	SUM-159_NLS_2N_C_A1_	20.5	31	57	2.75125628140704	0.000327336756525353	-8.02452108051584
2N	20.5_20.5_20.5	SUM-159_NLS_2N_C_A1_seed	SUM-159_NLS_2N_C_A1_	20.5	31	58	2.79145728643216	0.000307065613688753	-8.08844910784256
2N	20.5_20.5_20.5	SUM-159_NLS_2N_C_A1_seed	SUM-159_NLS_2N_C_A1_	20.5	31	59	2.83165829145729	0.000107752293135228	-9.1356755472094
2N	20.5_20.5_20.5	SUM-159_NLS_2N_C_A1_seed	SUM-159_NLS_2N_C_A1_	20.5	31	60	2.87185929648241	5.24542108395442e-05	-9.85556994341703
2N	20.5_20.5_20.5	SUM-159_NLS_2N_C_A1_seed	SUM-159_NLS_2N_C_A1_	20.5	31	61	2.91206030150754	5.63103639324948e-05	-9.7846319557015
2N	20.5_20.5_20.5	SUM-159_NLS_2N_C_A1_seed	SUM-159_NLS_2N_C_A1_	20.5	31	62	2.95226130653266	0.000109568853580277	-9.11895740649961
2N	20.5_20.5_20.5	SUM-159_NLS_2N_C_A1_seed	SUM-159_NLS_2N_C_A1_	20.5	31	63	2.99246231155779	4.49843079181341e-05	-10.0091968419388
2N	20.5_20.5_20.5	SUM-159_NLS_2N_C_A1_seed	SUM-159_NLS_2N_C_A1_	20.5	31	64	3.03266331658291	0.000251479633586944	-8.2881485514771
2N	20.5_20.5_20.5	SUM-159_NLS_2N_C_A1_seed	SUM-159_NLS_2N_C_A1_	20.5	31	65	3.07286432160804	0.000161832319640072	-8.72894982273068
2N	20.5_20.5_20.5	SUM-159_NLS_2N_C_A1_seed	SUM-159_NLS_2N_C_A1_	20.5	31	66	3.11306532663317	0.000466483291011003	-7.67028835608683
2N	20.5_20.5_20.5	SUM-159_NLS_2N_C_A1_seed	SUM-159_NLS_2N_C_A1_	20.5	31	67	3.15326633165829	0.000401471044247378	-7.8203751461137
2N	20.5_20.5_20.5	SUM-159_NLS_2N_C_A1_seed	SUM-159_NLS_2N_C_A1_	20.5	31	68	3.19346733668342	0.000887782278635166	-7.02678402675121
2N	20.5_20.5_20.5	SUM-159_NLS_2N_C_A1_seed	SUM-159_NLS_2N_C_A1_	20.5	31	69	3.23366834170854	0.0010285121682525	-6.87964201787416
2N	20.5_20.5_20.5	SUM-159_NLS_2N_C_A1_seed	SUM-159_NLS_2N_C_A1_	20.5	31	70	3.27386934673367	0.00175936536247478	-6.34280212446307
2N	20.5_20.5_20.5	SUM-159_NLS_2N_C_A1_seed	SUM-159_NLS_2N_C_A1_	20.5	31	71	3.31407035175879	0.00254884247146864	-5.97211595562786
2N	20.5_20.5_20.5	SUM-159_NLS_2N_C_A1_seed	SUM-159_NLS_2N_C_A1_	20.5	31	72	3.35427135678392	0.00366762465632624	-5.60821105906976
2N	20.5_20.5_20.5	SUM-159_NLS_2N_C_A1_seed	SUM-159_NLS_2N_C_A1_	20.5	31	73	3.39447236180905	0.00453629466040476	-5.39564475425983
2N	20.5_20.5_20.5	SUM-159_NLS_2N_C_A1_seed	SUM-159_NLS_2N_C_A1_	20.5	31	74	3.43467336683417	0.00486089727890199	-5.32653223282241
2N	20.5_20.5_20.5	SUM-159_NLS_2N_C_A1_seed	SUM-159_NLS_2N_C_A1_	20.5	31	75	3.4748743718593	0.00716349618749639	-4.9387571228434
2N	20.5_20.5_20.5	SUM-159_NLS_2N_C_A1_seed	SUM-159_NLS_2N_C_A1_	20.5	31	76	3.51507537688442	0.00776961978102318	-4.85753405003115
2N	20.5_20.5_20.5	SUM-159_NLS_2N_C_A1_seed	SUM-159_NLS_2N_C_A1_	20.5	31	77	3.55527638190955	0.00730070914893835	-4.91978379185575
2N	20.5_20.5_20.5	SUM-159_NLS_2N_C_A1_seed	SUM-159_NLS_2N_C_A1_	20.5	31	78	3.59547738693467	0.0083294956067211	-4.78795237605073
2N	20.5_20.5_20.5	SUM-159_NLS_2N_C_A1_seed	SUM-159_NLS_2N_C_A1_	20.5	31	79	3.6356783919598	0.00940365158907995	-4.66665719821652
2N	20.5_20.5_20.5	SUM-159_NLS_2N_C_A1_seed	SUM-159_NLS_2N_C_A1_	20.5	31	80	3.67587939698492	0.00813026590936117	-4.81216164877879
2N	20.5_20.5_20.5	SUM-159_NLS_2N_C_A1_seed	SUM-159_NLS_2N_C_A1_	20.5	31	81	3.71608040201005	0.0078081498262558	-4.85258724124195
2N	20.5_20.5_20.5	SUM-159_NLS_2N_C_A1_seed	SUM-159_NLS_2N_C_A1_	20.5	31	82	3.75628140703518	0.00690397874275032	-4.97565740418166
2N	20.5_20.5_20.5	SUM-159_NLS_2N_C_A1_seed	SUM-159_NLS_2N_C_A1_	20.5	31	83	3.7964824120603	0.00595419751486134	-5.12365884346526
2N	20.5_20.5_20.5	SUM-159_NLS_2N_C_A1_seed	SUM-159_NLS_2N_C_A1_	20.5	31	84	3.83668341708543	0.00525782474072851	-5.24803788515684
2N	20.5_20.5_20.5	SUM-159_NLS_2N_C_A1_seed	SUM-159_NLS_2N_C_A1_	20.5	31	85	3.87688442211055	0.0043583527845176	-5.43566109472239
2N	20.5_20.5_20.5	SUM-159_NLS_2N_C_A1_seed	SUM-159_NLS_2N_C_A1_	20.5	31	86	3.91708542713568	0.00293854703024116	-5.82984002719324
2N	20.5_20.5_20.5	SUM-159_NLS_2N_C_A1_seed	SUM-159_NLS_2N_C_A1_	20.5	31	87	3.9572864321608	0.00249644116679209	-5.99288909457725
2N	20.5_20.5_20.5	SUM-159_NLS_2N_C_A1_seed	SUM-159_NLS_2N_C_A1_	20.5	31	88	3.99748743718593	0.00207200606886307	-6.17923802560122
2N	20.5_20.5_20.5	SUM-159_NLS_2N_C_A1_seed	SUM-159_NLS_2N_C_A1_	20.5	31	89	4.03768844221106	0.00107519191183425	-6.83525611069927
2N	20.5_20.5_20.5	SUM-159_NLS_2N_C_A1_seed	SUM-159_NLS_2N_C_A1_	20.5	31	90	4.07788944723618	0.000738005738031606	-7.21155895828345
2N	20.5_20.5_20.5	SUM-159_NLS_2N_C_A1_seed	SUM-159_NLS_2N_C_A1_	20.5	31	91	4.11809045226131	0.000699037352324905	-7.26580638035572
2N	20.5_20.5_20.5	SUM-159_NLS_2N_C_A1_seed	SUM-159_NLS_2N_C_A1_	20.5	31	92	4.15829145728643	0.000574237259774337	-7.46246790249344
2N	20.5_20.5_20.5	SUM-159_NLS_2N_C_A1_seed	SUM-159_NLS_2N_C_A1_	20.5	31	93	4.19849246231156	0.000230663706719307	-8.37454972323878
2N	20.5_20.5_20.5	SUM-159_NLS_2N_C_A1_seed	SUM-159_NLS_2N_C_A1_	20.5	31	94	4.23869346733668	0.000186394756715582	-8.58764378531667
2N	20.5_20.5_20.5	SUM-159_NLS_2N_C_A1_seed	SUM-159_NLS_2N_C_A1_	20.5	31	95	4.27889447236181	2.33320388515357e-05	-10.6656830839133
2N	20.5_20.5_20.5	SUM-159_NLS_2N_C_A1_seed	SUM-159_NLS_2N_C_A1_	20.5	31	96	4.31909547738693	0.000209189315569825	-8.47227089987975
2N	20.5_20.5_20.5	SUM-159_NLS_2N_C_A1_seed	SUM-159_NLS_2N_C_A1_	20.5	31	97	4.35929648241206	4.22616753012464e-05	-10.0716299038445
2N	20.5_20.5_20.5	SUM-159_NLS_2N_C_A1_seed	SUM-159_NLS_2N_C_A1_	20.5	31	98	4.39949748743719	2.1922291554153e-05	-10.7280065596445
2N	20.5_20.5_20.5	SUM-159_NLS_2N_C_A1_seed	SUM-159_NLS_2N_C_A1_	20.5	31	99	4.43969849246231	6.88073090216397e-05	-9.58420058288795
2N	20.5_20.5_20.5	SUM-159_NLS_2N_C_A1_seed	SUM-159_NLS_2N_C_A1_	20.5	31	100	4.47989949748744	3.44664482972967e-05	-10.2755242202465
2N	20.5_20.5_20.5	SUM-159_NLS_2N_C_A1_seed	SUM-159_NLS_2N_C_A1_	20.5	31	101	4.52010050251256	5.95536658201598e-08	-16.6363879843469
2N	20.5_20.5_20.5	SUM-159_NLS_2N_C_A1_seed	SUM-159_NLS_2N_C_A1_	20.5	31	102	4.56030150753769	9.99314769973045e-13	-27.6317065808329
2N	20.5_20.5_20.5	SUM-159_NLS_2N_C_A1_seed	SUM-159_NLS_2N_C_A1_	20.5	31	103	4.60050251256281	9.99314769973045e-13	-27.6317065808329
2N	20.5_20.5_20.5	SUM-159_NLS_2N_C_A1_seed	SUM-159_NLS_2N_C_A1_	20.5	31	104	4.64070351758794	9.99314769973045e-13	-27.6317065808329
2N	20.5_20.5_20.5	SUM-159_NLS_2N_C_A1_seed	SUM-159_NLS_2N_C_A1_	20.5	31	105	4.68090452261307	9.99314769973045e-13	-27.6317065808329
2N	20.5_20.5_20.5	SUM-159_NLS_2N_C_A1_seed	SUM-159_NLS_2N_C_A1_	20.5	31	106	4.72110552763819	9.99314769973045e-13	-27.6317065808329
2N	20.5_20.5_20.5	SUM-159_NLS_2N_C_A1_seed	SUM-159_NLS_2N_C_A1_	20.5	31	107	4.76130653266332	9.99314769973045e-13	-27.6317065808329
2N	20.5_20.5_20.5	SUM-159_NLS_2N_C_A1_seed	SUM-159_NLS_2N_C_A1_	20.5	31	108	4.80150753768844	9.99314769973045e-13	-27.6317065808329
2N	20.5_20.5_20.5	SUM-159_NLS_2N_C_A1_seed	SUM-159_NLS_2N_C_A1_	20.5	31	109	4.84170854271357	9.99314769973045e-13	-27.6317065808329
2N	20.5_20.5_20.5	SUM-159_NLS_2N_C_A1_seed	SUM-159_NLS_2N_C_A1_	20.5	31	110	4.88190954773869	9.99314769973045e-13	-27.6317065808329
2N	20.5_20.5_20.5	SUM-159_NLS_2N_C_A1_seed	SUM-159_NLS_2N_C_A1_	20.5	31	111	4.92211055276382	9.99314769973045e-13	-27.6317065808329
2N	20.5_20.5_20.5	SUM-159_NLS_2N_C_A1_seed	SUM-159_NLS_2N_C_A1_	20.5	31	112	4.96231155778894	9.99314769973045e-13	-27.6317065808329
2N	20.5_20.5_20.5	SUM-159_NLS_2N_C_A1_seed	SUM-159_NLS_2N_C_A1_	20.5	31	113	5.00251256281407	9.99314769973045e-13	-27.6317065808329
2N	20.5_20.5_20.5	SUM-159_NLS_2N_C_A1_seed	SUM-159_NLS_2N_C_A1_	20.5	31	114	5.0427135678392	9.99314769973045e-13	-27.6317065808329
2N	20.5_20.5_20.5	SUM-159_NLS_2N_C_A1_seed	SUM-159_NLS_2N_C_A1_	20.5	31	115	5.08291457286432	9.99314769973045e-13	-27.6317065808329
2N	20.5_20.5_20.5	SUM-159_NLS_2N_C_A1_seed	SUM-159_NLS_2N_C_A1_	20.5	31	116	5.12311557788945	9.99314769973045e-13	-27.6317065808329
2N	20.5_20.5_20.5	SUM-159_NLS_2N_C_A1_seed	SUM-159_NLS_2N_C_A1_	20.5	31	117	5.16331658291457	9.99314769973045e-13	-27.6317065808329
2N	20.5_20.5_20.5	SUM-159_NLS_2N_C_A1_seed	SUM-159_NLS_2N_C_A1_	20.5	31	118	5.2035175879397	3.27727019929574e-07	-14.9310848313921
2N	20.5_20.5_20.5	SUM-159_NLS_2N_C_A1_seed	SUM-159_NLS_2N_C_A1_	20.5	31	119	5.24371859296482	4.20680920351708e-05	-10.0762210135374
2N	20.5_20.5_20.5	SUM-159_NLS_2N_C_A1_seed	SUM-159_NLS_2N_C_A1_	20.5	31	120	5.28391959798995	1.92034127746244e-07	-15.4655927320357
2N	20.5_20.5_20.5	SUM-159_NLS_2N_C_A1_seed	SUM-159_NLS_2N_C_A1_	20.5	31	121	5.32412060301508	9.99314769973045e-13	-27.6317065808329
2N	20.5_20.5_20.5	SUM-159_NLS_2N_C_A1_seed	SUM-159_NLS_2N_C_A1_	20.5	31	122	5.3643216080402	9.99314769973045e-13	-27.6317065808329
2N	20.5_20.5_20.5	SUM-159_NLS_2N_C_A1_seed	SUM-159_NLS_2N_C_A1_	20.5	31	123	5.40452261306533	9.99314769973045e-13	-27.6317065808329
2N	20.5_20.5_20.5	SUM-159_NLS_2N_C_A1_seed	SUM-159_NLS_2N_C_A1_	20.5	31	124	5.44472361809045	9.99314769973045e-13	-27.6317065808329
2N	20.5_20.5_20.5	SUM-159_NLS_2N_C_A1_seed	SUM-159_NLS_2N_C_A1_	20.5	31	125	5.48492462311558	9.99314769973045e-13	-27.6317065808329
2N	20.5_20.5_20.5	SUM-159_NLS_2N_C_A1_seed	SUM-159_NLS_2N_C_A1_	20.5	31	126	5.5251256281407	9.99314769973045e-13	-27.6317065808329
2N	20.5_20.5_20.5	SUM-159_NLS_2N_C_A1_seed	SUM-159_NLS_2N_C_A1_	20.5	31	127	5.56532663316583	9.99314769973045e-13	-27.6317065808329
2N	20.5_20.5_20.5	SUM-159_NLS_2N_C_A1_seed	SUM-159_NLS_2N_C_A1_	20.5	31	128	5.60552763819095	9.99314769973045e-13	-27.6317065808329
2N	20.5_20.5_20.5	SUM-159_NLS_2N_C_A1_seed	SUM-159_NLS_2N_C_A1_	20.5	31	129	5.64572864321608	9.99314769973045e-13	-27.6317065808329
2N	20.5_20.5_20.5	SUM-159_NLS_2N_C_A1_seed	SUM-159_NLS_2N_C_A1_	20.5	31	130	5.68592964824121	9.99314769973045e-13	-27.6317065808329
2N	20.5_20.5_20.5	SUM-159_NLS_2N_C_A1_seed	SUM-159_NLS_2N_C_A1_	20.5	31	131	5.72613065326633	9.99314769973045e-13	-27.6317065808329
2N	20.5_20.5_20.5	SUM-159_NLS_2N_C_A1_seed	SUM-159_NLS_2N_C_A1_	20.5	31	132	5.76633165829146	9.99314769973045e-13	-27.6317065808329
2N	20.5_20.5_20.5	SUM-159_NLS_2N_C_A1_seed	SUM-159_NLS_2N_C_A1_	20.5	31	133	5.80653266331658	9.99314769973045e-13	-27.6317065808329
2N	20.5_20.5_20.5	SUM-159_NLS_2N_C_A1_seed	SUM-159_NLS_2N_C_A1_	20.5	31	134	5.84673366834171	9.99314769973045e-13	-27.6317065808329
2N	20.5_20.5_20.5	SUM-159_NLS_2N_C_A1_seed	SUM-159_NLS_2N_C_A1_	20.5	31	135	5.88693467336683	9.99314769973045e-13	-27.6317065808329
2N	20.5_20.5_20.5	SUM-159_NLS_2N_C_A1_seed	SUM-159_NLS_2N_C_A1_	20.5	31	136	5.92713567839196	9.99314769973045e-13	-27.6317065808329
2N	20.5_20.5_20.5	SUM-159_NLS_2N_C_A1_seed	SUM-159_NLS_2N_C_A1_	20.5	31	137	5.96733668341709	9.99314769973045e-13	-27.6317065808329
2N	20.5_20.5_20.5	SUM-159_NLS_2N_C_A1_seed	SUM-159_NLS_2N_C_A1_	20.5	31	138	6.00753768844221	9.99314769973045e-13	-27.6317065808329
2N	20.5_20.5_20.5	SUM-159_NLS_2N_C_A1_seed	SUM-159_NLS_2N_C_A1_	20.5	31	139	6.04773869346734	9.99314769973045e-13	-27.6317065808329
2N	20.5_20.5_20.5	SUM-159_NLS_2N_C_A1_seed	SUM-159_NLS_2N_C_A1_	20.5	31	140	6.08793969849246	9.99314769973045e-13	-27.6317065808329
2N	20.5_20.5_20.5	SUM-159_NLS_2N_C_A1_seed	SUM-159_NLS_2N_C_A1_	20.5	31	141	6.12814070351759	9.99314769973045e-13	-27.6317065808329
2N	20.5_20.5_20.5	SUM-159_NLS_2N_C_A1_seed	SUM-159_NLS_2N_C_A1_	20.5	31	142	6.16834170854271	9.99314769973045e-13	-27.6317065808329
2N	20.5_20.5_20.5	SUM-159_NLS_2N_C_A1_seed	SUM-159_NLS_2N_C_A1_	20.5	31	143	6.20854271356784	9.99314769973045e-13	-27.6317065808329
2N	20.5_20.5_20.5	SUM-159_NLS_2N_C_A1_seed	SUM-159_NLS_2N_C_A1_	20.5	31	144	6.24874371859296	9.99314769973045e-13	-27.6317065808329
2N	20.5_20.5_20.5	SUM-159_NLS_2N_C_A1_seed	SUM-159_NLS_2N_C_A1_	20.5	31	145	6.28894472361809	9.99314769973045e-13	-27.6317065808329
2N	20.5_20.5_20.5	SUM-159_NLS_2N_C_A1_seed	SUM-159_NLS_2N_C_A1_	20.5	31	146	6.32914572864322	9.99314769973045e-13	-27.6317065808329
2N	20.5_20.5_20.5	SUM-159_NLS_2N_C_A1_seed	SUM-159_NLS_2N_C_A1_	20.5	31	147	6.36934673366834	9.99314769973045e-13	-27.6317065808329
2N	20.5_20.5_20.5	SUM-159_NLS_2N_C_A1_seed	SUM-159_NLS_2N_C_A1_	20.5	31	148	6.40954773869347	9.99314769973045e-13	-27.6317065808329
2N	20.5_20.5_20.5	SUM-159_NLS_2N_C_A1_seed	SUM-159_NLS_2N_C_A1_	20.5	31	149	6.44974874371859	9.99314769973045e-13	-27.6317065808329
2N	20.5_20.5_20.5	SUM-159_NLS_2N_C_A1_seed	SUM-159_NLS_2N_C_A1_	20.5	31	150	6.48994974874372	9.99314769973045e-13	-27.6317065808329
2N	20.5_20.5_20.5	SUM-159_NLS_2N_C_A1_seed	SUM-159_NLS_2N_C_A1_	20.5	31	151	6.53015075376884	9.99314769973045e-13	-27.6317065808329
2N	20.5_20.5_20.5	SUM-159_NLS_2N_C_A1_seed	SUM-159_NLS_2N_C_A1_	20.5	31	152	6.57035175879397	9.99314769973045e-13	-27.6317065808329
2N	20.5_20.5_20.5	SUM-159_NLS_2N_C_A1_seed	SUM-159_NLS_2N_C_A1_	20.5	31	153	6.6105527638191	9.99314769973045e-13	-27.6317065808329
2N	20.5_20.5_20.5	SUM-159_NLS_2N_C_A1_seed	SUM-159_NLS_2N_C_A1_	20.5	31	154	6.65075376884422	9.99314769973045e-13	-27.6317065808329
2N	20.5_20.5_20.5	SUM-159_NLS_2N_C_A1_seed	SUM-159_NLS_2N_C_A1_	20.5	31	155	6.69095477386935	9.99314769973045e-13	-27.6317065808329
2N	20.5_20.5_20.5	SUM-159_NLS_2N_C_A1_seed	SUM-159_NLS_2N_C_A1_	20.5	31	156	6.73115577889447	9.99314769973045e-13	-27.6317065808329
2N	20.5_20.5_20.5	SUM-159_NLS_2N_C_A1_seed	SUM-159_NLS_2N_C_A1_	20.5	31	157	6.7713567839196	9.99314769973045e-13	-27.6317065808329
2N	20.5_20.5_20.5	SUM-159_NLS_2N_C_A1_seed	SUM-159_NLS_2N_C_A1_	20.5	31	158	6.81155778894472	9.99314769973045e-13	-27.6317065808329
2N	20.5_20.5_20.5	SUM-159_NLS_2N_C_A1_seed	SUM-159_NLS_2N_C_A1_	20.5	31	159	6.85175879396985	9.99314769973045e-13	-27.6317065808329
2N	20.5_20.5_20.5	SUM-159_NLS_2N_C_A1_seed	SUM-159_NLS_2N_C_A1_	20.5	31	160	6.89195979899498	9.99314769973045e-13	-27.6317065808329
2N	20.5_20.5_20.5	SUM-159_NLS_2N_C_A1_seed	SUM-159_NLS_2N_C_A1_	20.5	31	161	6.9321608040201	9.99314769973045e-13	-27.6317065808329
2N	20.5_20.5_20.5	SUM-159_NLS_2N_C_A1_seed	SUM-159_NLS_2N_C_A1_	20.5	31	162	6.97236180904523	9.99314769973045e-13	-27.6317065808329
2N	20.5_20.5_20.5	SUM-159_NLS_2N_C_A1_seed	SUM-159_NLS_2N_C_A1_	20.5	31	163	7.01256281407035	9.99314769973045e-13	-27.6317065808329
2N	20.5_20.5_20.5	SUM-159_NLS_2N_C_A1_seed	SUM-159_NLS_2N_C_A1_	20.5	31	164	7.05276381909548	9.99314769973045e-13	-27.6317065808329
2N	20.5_20.5_20.5	SUM-159_NLS_2N_C_A1_seed	SUM-159_NLS_2N_C_A1_	20.5	31	165	7.0929648241206	9.99314769973045e-13	-27.6317065808329
2N	20.5_20.5_20.5	SUM-159_NLS_2N_C_A1_seed	SUM-159_NLS_2N_C_A1_	20.5	31	166	7.13316582914573	9.99314769973045e-13	-27.6317065808329
2N	20.5_20.5_20.5	SUM-159_NLS_2N_C_A1_seed	SUM-159_NLS_2N_C_A1_	20.5	31	167	7.17336683417085	9.99314769973045e-13	-27.6317065808329
2N	20.5_20.5_20.5	SUM-159_NLS_2N_C_A1_seed	SUM-159_NLS_2N_C_A1_	20.5	31	168	7.21356783919598	9.99314769973045e-13	-27.6317065808329
2N	20.5_20.5_20.5	SUM-159_NLS_2N_C_A1_seed	SUM-159_NLS_2N_C_A1_	20.5	31	169	7.25376884422111	9.99314769973045e-13	-27.6317065808329
2N	20.5_20.5_20.5	SUM-159_NLS_2N_C_A1_seed	SUM-159_NLS_2N_C_A1_	20.5	31	170	7.29396984924623	9.99314769973045e-13	-27.6317065808329
2N	20.5_20.5_20.5	SUM-159_NLS_2N_C_A1_seed	SUM-159_NLS_2N_C_A1_	20.5	31	171	7.33417085427136	9.99314769973045e-13	-27.6317065808329
2N	20.5_20.5_20.5	SUM-159_NLS_2N_C_A1_seed	SUM-159_NLS_2N_C_A1_	20.5	31	172	7.37437185929648	9.99314769973045e-13	-27.6317065808329
2N	20.5_20.5_20.5	SUM-159_NLS_2N_C_A1_seed	SUM-159_NLS_2N_C_A1_	20.5	31	173	7.41457286432161	9.99314769973045e-13	-27.6317065808329
2N	20.5_20.5_20.5	SUM-159_NLS_2N_C_A1_seed	SUM-159_NLS_2N_C_A1_	20.5	31	174	7.45477386934673	9.99314769973045e-13	-27.6317065808329
2N	20.5_20.5_20.5	SUM-159_NLS_2N_C_A1_seed	SUM-159_NLS_2N_C_A1_	20.5	31	175	7.49497487437186	9.99314769973045e-13	-27.6317065808329
2N	20.5_20.5_20.5	SUM-159_NLS_2N_C_A1_seed	SUM-159_NLS_2N_C_A1_	20.5	31	176	7.53517587939699	9.99314769973045e-13	-27.6317065808329
2N	20.5_20.5_20.5	SUM-159_NLS_2N_C_A1_seed	SUM-159_NLS_2N_C_A1_	20.5	31	177	7.57537688442211	9.99314769973045e-13	-27.6317065808329
2N	20.5_20.5_20.5	SUM-159_NLS_2N_C_A1_seed	SUM-159_NLS_2N_C_A1_	20.5	31	178	7.61557788944724	9.99314769973045e-13	-27.6317065808329
2N	20.5_20.5_20.5	SUM-159_NLS_2N_C_A1_seed	SUM-159_NLS_2N_C_A1_	20.5	31	179	7.65577889447236	9.99314769973045e-13	-27.6317065808329
2N	20.5_20.5_20.5	SUM-159_NLS_2N_C_A1_seed	SUM-159_NLS_2N_C_A1_	20.5	31	180	7.69597989949749	9.99314769973045e-13	-27.6317065808329
2N	20.5_20.5_20.5	SUM-159_NLS_2N_C_A1_seed	SUM-159_NLS_2N_C_A1_	20.5	31	181	7.73618090452261	9.99314769973045e-13	-27.6317065808329
2N	20.5_20.5_20.5	SUM-159_NLS_2N_C_A1_seed	SUM-159_NLS_2N_C_A1_	20.5	31	182	7.77638190954774	9.99314769973045e-13	-27.6317065808329
2N	20.5_20.5_20.5	SUM-159_NLS_2N_C_A1_seed	SUM-159_NLS_2N_C_A1_	20.5	31	183	7.81658291457286	9.99314769973045e-13	-27.6317065808329
2N	20.5_20.5_20.5	SUM-159_NLS_2N_C_A1_seed	SUM-159_NLS_2N_C_A1_	20.5	31	184	7.85678391959799	9.99314769973045e-13	-27.6317065808329
2N	20.5_20.5_20.5	SUM-159_NLS_2N_C_A1_seed	SUM-159_NLS_2N_C_A1_	20.5	31	185	7.89698492462312	9.99314769973045e-13	-27.6317065808329
2N	20.5_20.5_20.5	SUM-159_NLS_2N_C_A1_seed	SUM-159_NLS_2N_C_A1_	20.5	31	186	7.93718592964824	9.99314769973045e-13	-27.6317065808329
2N	20.5_20.5_20.5	SUM-159_NLS_2N_C_A1_seed	SUM-159_NLS_2N_C_A1_	20.5	31	187	7.97738693467337	9.99314769973045e-13	-27.6317065808329
2N	20.5_20.5_20.5	SUM-159_NLS_2N_C_A1_seed	SUM-159_NLS_2N_C_A1_	20.5	31	188	8.01758793969849	9.99314769973045e-13	-27.6317065808329
2N	20.5_20.5_20.5	SUM-159_NLS_2N_C_A1_seed	SUM-159_NLS_2N_C_A1_	20.5	31	189	8.05778894472362	9.99314769973045e-13	-27.6317065808329
2N	20.5_20.5_20.5	SUM-159_NLS_2N_C_A1_seed	SUM-159_NLS_2N_C_A1_	20.5	31	190	8.09798994974874	9.99314769973045e-13	-27.6317065808329
2N	20.5_20.5_20.5	SUM-159_NLS_2N_C_A1_seed	SUM-159_NLS_2N_C_A1_	20.5	31	191	8.13819095477387	9.99314769973045e-13	-27.6317065808329
2N	20.5_20.5_20.5	SUM-159_NLS_2N_C_A1_seed	SUM-159_NLS_2N_C_A1_	20.5	31	192	8.178391959799	9.99314769973045e-13	-27.6317065808329
2N	20.5_20.5_20.5	SUM-159_NLS_2N_C_A1_seed	SUM-159_NLS_2N_C_A1_	20.5	31	193	8.21859296482412	9.99314769973045e-13	-27.6317065808329
2N	20.5_20.5_20.5	SUM-159_NLS_2N_C_A1_seed	SUM-159_NLS_2N_C_A1_	20.5	31	194	8.25879396984925	9.99314769973045e-13	-27.6317065808329
2N	20.5_20.5_20.5	SUM-159_NLS_2N_C_A1_seed	SUM-159_NLS_2N_C_A1_	20.5	31	195	8.29899497487437	9.99314769973045e-13	-27.6317065808329
2N	20.5_20.5_20.5	SUM-159_NLS_2N_C_A1_seed	SUM-159_NLS_2N_C_A1_	20.5	31	196	8.3391959798995	9.99314769973045e-13	-27.6317065808329
2N	20.5_20.5_20.5	SUM-159_NLS_2N_C_A1_seed	SUM-159_NLS_2N_C_A1_	20.5	31	197	8.37939698492462	9.99314769973045e-13	-27.6317065808329
2N	20.5_20.5_20.5	SUM-159_NLS_2N_C_A1_seed	SUM-159_NLS_2N_C_A1_	20.5	31	198	8.41959798994975	9.99314769973045e-13	-27.6317065808329
2N	20.5_20.5_20.5	SUM-159_NLS_2N_C_A1_seed	SUM-159_NLS_2N_C_A1_	20.5	31	199	8.45979899497488	9.99314769973045e-13	-27.6317065808329
2N	20.5_20.5_20.5	SUM-159_NLS_2N_C_A1_seed	SUM-159_NLS_2N_C_A1_	20.5	31	200	8.5	9.99314769973045e-13	-27.6317065808329
2N	20.5_20.5_2_1_0.5_0.3_0.2_0.1	SUM-159_NLS_2N_O1_A6_seed	SUM-159_NLS_2N_O1_A6	0.1	56	1	0.5	9.98737185049156e-13	-27.6322847289021
2N	20.5_20.5_2_1_0.5_0.3_0.2_0.1	SUM-159_NLS_2N_O1_A6_seed	SUM-159_NLS_2N_O1_A6	0.1	56	2	0.540201005025126	9.98737185049156e-13	-27.6322847289021
2N	20.5_20.5_2_1_0.5_0.3_0.2_0.1	SUM-159_NLS_2N_O1_A6_seed	SUM-159_NLS_2N_O1_A6	0.1	56	3	0.580402010050251	9.98737185049156e-13	-27.6322847289021
2N	20.5_20.5_2_1_0.5_0.3_0.2_0.1	SUM-159_NLS_2N_O1_A6_seed	SUM-159_NLS_2N_O1_A6	0.1	56	4	0.620603015075377	9.98737185049156e-13	-27.6322847289021
2N	20.5_20.5_2_1_0.5_0.3_0.2_0.1	SUM-159_NLS_2N_O1_A6_seed	SUM-159_NLS_2N_O1_A6	0.1	56	5	0.660804020100503	9.98737185049156e-13	-27.6322847289021
2N	20.5_20.5_2_1_0.5_0.3_0.2_0.1	SUM-159_NLS_2N_O1_A6_seed	SUM-159_NLS_2N_O1_A6	0.1	56	6	0.701005025125628	9.98737185049156e-13	-27.6322847289021
2N	20.5_20.5_2_1_0.5_0.3_0.2_0.1	SUM-159_NLS_2N_O1_A6_seed	SUM-159_NLS_2N_O1_A6	0.1	56	7	0.741206030150754	9.98737185049156e-13	-27.6322847289021
2N	20.5_20.5_2_1_0.5_0.3_0.2_0.1	SUM-159_NLS_2N_O1_A6_seed	SUM-159_NLS_2N_O1_A6	0.1	56	8	0.781407035175879	9.98737185049156e-13	-27.6322847289021
2N	20.5_20.5_2_1_0.5_0.3_0.2_0.1	SUM-159_NLS_2N_O1_A6_seed	SUM-159_NLS_2N_O1_A6	0.1	56	9	0.821608040201005	9.98737185049156e-13	-27.6322847289021
2N	20.5_20.5_2_1_0.5_0.3_0.2_0.1	SUM-159_NLS_2N_O1_A6_seed	SUM-159_NLS_2N_O1_A6	0.1	56	10	0.861809045226131	9.98737185049156e-13	-27.6322847289021
2N	20.5_20.5_2_1_0.5_0.3_0.2_0.1	SUM-159_NLS_2N_O1_A6_seed	SUM-159_NLS_2N_O1_A6	0.1	56	11	0.902010050251256	9.98737185049156e-13	-27.6322847289021
2N	20.5_20.5_2_1_0.5_0.3_0.2_0.1	SUM-159_NLS_2N_O1_A6_seed	SUM-159_NLS_2N_O1_A6	0.1	56	12	0.942211055276382	9.98737185049156e-13	-27.6322847289021
2N	20.5_20.5_2_1_0.5_0.3_0.2_0.1	SUM-159_NLS_2N_O1_A6_seed	SUM-159_NLS_2N_O1_A6	0.1	56	13	0.982412060301508	9.98737185049156e-13	-27.6322847289021
2N	20.5_20.5_2_1_0.5_0.3_0.2_0.1	SUM-159_NLS_2N_O1_A6_seed	SUM-159_NLS_2N_O1_A6	0.1	56	14	1.02261306532663	9.98737185049156e-13	-27.6322847289021
2N	20.5_20.5_2_1_0.5_0.3_0.2_0.1	SUM-159_NLS_2N_O1_A6_seed	SUM-159_NLS_2N_O1_A6	0.1	56	15	1.06281407035176	5.55540067855211e-09	-19.0084952871037
2N	20.5_20.5_2_1_0.5_0.3_0.2_0.1	SUM-159_NLS_2N_O1_A6_seed	SUM-159_NLS_2N_O1_A6	0.1	56	16	1.10301507537688	3.29881823134646e-05	-10.3193611723483
2N	20.5_20.5_2_1_0.5_0.3_0.2_0.1	SUM-159_NLS_2N_O1_A6_seed	SUM-159_NLS_2N_O1_A6	0.1	56	17	1.14321608040201	0.000123888614595157	-8.99612766543885
2N	20.5_20.5_2_1_0.5_0.3_0.2_0.1	SUM-159_NLS_2N_O1_A6_seed	SUM-159_NLS_2N_O1_A6	0.1	56	18	1.18341708542714	5.94061794394672e-05	-9.73111230603906
2N	20.5_20.5_2_1_0.5_0.3_0.2_0.1	SUM-159_NLS_2N_O1_A6_seed	SUM-159_NLS_2N_O1_A6	0.1	56	19	1.22361809045226	0.000291082468827897	-8.14190393290841
2N	20.5_20.5_2_1_0.5_0.3_0.2_0.1	SUM-159_NLS_2N_O1_A6_seed	SUM-159_NLS_2N_O1_A6	0.1	56	20	1.26381909547739	0.00124501527689197	-6.68860747854479
2N	20.5_20.5_2_1_0.5_0.3_0.2_0.1	SUM-159_NLS_2N_O1_A6_seed	SUM-159_NLS_2N_O1_A6	0.1	56	21	1.30402010050251	0.00270733674357493	-5.91178987875571
2N	20.5_20.5_2_1_0.5_0.3_0.2_0.1	SUM-159_NLS_2N_O1_A6_seed	SUM-159_NLS_2N_O1_A6	0.1	56	22	1.34422110552764	0.00901808440815381	-4.70852333906322
2N	20.5_20.5_2_1_0.5_0.3_0.2_0.1	SUM-159_NLS_2N_O1_A6_seed	SUM-159_NLS_2N_O1_A6	0.1	56	23	1.38442211055276	0.0234245387769364	-3.75397114040319
2N	20.5_20.5_2_1_0.5_0.3_0.2_0.1	SUM-159_NLS_2N_O1_A6_seed	SUM-159_NLS_2N_O1_A6	0.1	56	24	1.42462311557789	0.0508774952968954	-2.97833458881735
2N	20.5_20.5_2_1_0.5_0.3_0.2_0.1	SUM-159_NLS_2N_O1_A6_seed	SUM-159_NLS_2N_O1_A6	0.1	56	25	1.46482412060302	0.116985643761899	-2.14570405460275
2N	20.5_20.5_2_1_0.5_0.3_0.2_0.1	SUM-159_NLS_2N_O1_A6_seed	SUM-159_NLS_2N_O1_A6	0.1	56	26	1.50502512562814	0.228680467420975	-1.47542958859259
2N	20.5_20.5_2_1_0.5_0.3_0.2_0.1	SUM-159_NLS_2N_O1_A6_seed	SUM-159_NLS_2N_O1_A6	0.1	56	27	1.54522613065327	0.412528125887737	-0.885450891561552
2N	20.5_20.5_2_1_0.5_0.3_0.2_0.1	SUM-159_NLS_2N_O1_A6_seed	SUM-159_NLS_2N_O1_A6	0.1	56	28	1.58542713567839	0.680519520227281	-0.38489877217744
2N	20.5_20.5_2_1_0.5_0.3_0.2_0.1	SUM-159_NLS_2N_O1_A6_seed	SUM-159_NLS_2N_O1_A6	0.1	56	29	1.62562814070352	1.06765736579502	0.0654668705207356
2N	20.5_20.5_2_1_0.5_0.3_0.2_0.1	SUM-159_NLS_2N_O1_A6_seed	SUM-159_NLS_2N_O1_A6	0.1	56	30	1.66582914572864	1.48075266979185	0.392550519173045
2N	20.5_20.5_2_1_0.5_0.3_0.2_0.1	SUM-159_NLS_2N_O1_A6_seed	SUM-159_NLS_2N_O1_A6	0.1	56	31	1.70603015075377	1.93490918643891	0.660060393307488
2N	20.5_20.5_2_1_0.5_0.3_0.2_0.1	SUM-159_NLS_2N_O1_A6_seed	SUM-159_NLS_2N_O1_A6	0.1	56	32	1.74623115577889	2.32773492854179	0.844895661076157
2N	20.5_20.5_2_1_0.5_0.3_0.2_0.1	SUM-159_NLS_2N_O1_A6_seed	SUM-159_NLS_2N_O1_A6	0.1	56	33	1.78643216080402	2.60303810897954	0.956679266312305
2N	20.5_20.5_2_1_0.5_0.3_0.2_0.1	SUM-159_NLS_2N_O1_A6_seed	SUM-159_NLS_2N_O1_A6	0.1	56	34	1.82663316582915	2.65535925491794	0.976579958126774
2N	20.5_20.5_2_1_0.5_0.3_0.2_0.1	SUM-159_NLS_2N_O1_A6_seed	SUM-159_NLS_2N_O1_A6	0.1	56	35	1.86683417085427	2.51898568495318	0.923856314525101
2N	20.5_20.5_2_1_0.5_0.3_0.2_0.1	SUM-159_NLS_2N_O1_A6_seed	SUM-159_NLS_2N_O1_A6	0.1	56	36	1.9070351758794	2.20003490545325	0.788473226353518
2N	20.5_20.5_2_1_0.5_0.3_0.2_0.1	SUM-159_NLS_2N_O1_A6_seed	SUM-159_NLS_2N_O1_A6	0.1	56	37	1.94723618090452	1.78412135738181	0.578926057282425
2N	20.5_20.5_2_1_0.5_0.3_0.2_0.1	SUM-159_NLS_2N_O1_A6_seed	SUM-159_NLS_2N_O1_A6	0.1	56	38	1.98743718592965	1.35233092336067	0.301829713469825
2N	20.5_20.5_2_1_0.5_0.3_0.2_0.1	SUM-159_NLS_2N_O1_A6_seed	SUM-159_NLS_2N_O1_A6	0.1	56	39	2.02763819095477	0.958711728562871	-0.042164845154397
2N	20.5_20.5_2_1_0.5_0.3_0.2_0.1	SUM-159_NLS_2N_O1_A6_seed	SUM-159_NLS_2N_O1_A6	0.1	56	40	2.0678391959799	0.626658578307979	-0.4673534188649
2N	20.5_20.5_2_1_0.5_0.3_0.2_0.1	SUM-159_NLS_2N_O1_A6_seed	SUM-159_NLS_2N_O1_A6	0.1	56	41	2.10804020100502	0.386271973761427	-0.951213562391135
2N	20.5_20.5_2_1_0.5_0.3_0.2_0.1	SUM-159_NLS_2N_O1_A6_seed	SUM-159_NLS_2N_O1_A6	0.1	56	42	2.14824120603015	0.223295126389335	-1.49926094576903
2N	20.5_20.5_2_1_0.5_0.3_0.2_0.1	SUM-159_NLS_2N_O1_A6_seed	SUM-159_NLS_2N_O1_A6	0.1	56	43	2.18844221105528	0.121734836183966	-2.10591007357328
2N	20.5_20.5_2_1_0.5_0.3_0.2_0.1	SUM-159_NLS_2N_O1_A6_seed	SUM-159_NLS_2N_O1_A6	0.1	56	44	2.2286432160804	0.0630700802991679	-2.76350878513206
2N	20.5_20.5_2_1_0.5_0.3_0.2_0.1	SUM-159_NLS_2N_O1_A6_seed	SUM-159_NLS_2N_O1_A6	0.1	56	45	2.26884422110553	0.0307350139993508	-3.48235275313764
2N	20.5_20.5_2_1_0.5_0.3_0.2_0.1	SUM-159_NLS_2N_O1_A6_seed	SUM-159_NLS_2N_O1_A6	0.1	56	46	2.30904522613065	0.01399989364607	-4.26870554610502
2N	20.5_20.5_2_1_0.5_0.3_0.2_0.1	SUM-159_NLS_2N_O1_A6_seed	SUM-159_NLS_2N_O1_A6	0.1	56	47	2.34924623115578	0.00582874593622608	-5.14495340703674
2N	20.5_20.5_2_1_0.5_0.3_0.2_0.1	SUM-159_NLS_2N_O1_A6_seed	SUM-159_NLS_2N_O1_A6	0.1	56	48	2.3894472361809	0.00253416356232566	-5.97789165207642
2N	20.5_20.5_2_1_0.5_0.3_0.2_0.1	SUM-159_NLS_2N_O1_A6_seed	SUM-159_NLS_2N_O1_A6	0.1	56	49	2.42964824120603	0.00105167797391981	-6.85736831996862
2N	20.5_20.5_2_1_0.5_0.3_0.2_0.1	SUM-159_NLS_2N_O1_A6_seed	SUM-159_NLS_2N_O1_A6	0.1	56	50	2.46984924623116	0.000582923163178121	-7.44745517587742
2N	20.5_20.5_2_1_0.5_0.3_0.2_0.1	SUM-159_NLS_2N_O1_A6_seed	SUM-159_NLS_2N_O1_A6	0.1	56	51	2.51005025125628	0.000207439756579639	-8.48066959018404
2N	20.5_20.5_2_1_0.5_0.3_0.2_0.1	SUM-159_NLS_2N_O1_A6_seed	SUM-159_NLS_2N_O1_A6	0.1	56	52	2.55025125628141	0.000142019577870498	-8.85954563753908
2N	20.5_20.5_2_1_0.5_0.3_0.2_0.1	SUM-159_NLS_2N_O1_A6_seed	SUM-159_NLS_2N_O1_A6	0.1	56	53	2.59045226130653	5.20558249297489e-05	-9.86319385889103
2N	20.5_20.5_2_1_0.5_0.3_0.2_0.1	SUM-159_NLS_2N_O1_A6_seed	SUM-159_NLS_2N_O1_A6	0.1	56	54	2.63065326633166	2.10682547503653e-07	-15.372913350589
2N	20.5_20.5_2_1_0.5_0.3_0.2_0.1	SUM-159_NLS_2N_O1_A6_seed	SUM-159_NLS_2N_O1_A6	0.1	56	55	2.67085427135678	9.98737185049156e-13	-27.6322847289021
2N	20.5_20.5_2_1_0.5_0.3_0.2_0.1	SUM-159_NLS_2N_O1_A6_seed	SUM-159_NLS_2N_O1_A6	0.1	56	56	2.71105527638191	9.98737185049156e-13	-27.6322847289021
2N	20.5_20.5_2_1_0.5_0.3_0.2_0.1	SUM-159_NLS_2N_O1_A6_seed	SUM-159_NLS_2N_O1_A6	0.1	56	57	2.75125628140704	9.98737185049156e-13	-27.6322847289021
2N	20.5_20.5_2_1_0.5_0.3_0.2_0.1	SUM-159_NLS_2N_O1_A6_seed	SUM-159_NLS_2N_O1_A6	0.1	56	58	2.79145728643216	9.98737185049156e-13	-27.6322847289021
2N	20.5_20.5_2_1_0.5_0.3_0.2_0.1	SUM-159_NLS_2N_O1_A6_seed	SUM-159_NLS_2N_O1_A6	0.1	56	59	2.83165829145729	9.98737185049156e-13	-27.6322847289021
2N	20.5_20.5_2_1_0.5_0.3_0.2_0.1	SUM-159_NLS_2N_O1_A6_seed	SUM-159_NLS_2N_O1_A6	0.1	56	60	2.87185929648241	9.98737185049156e-13	-27.6322847289021
2N	20.5_20.5_2_1_0.5_0.3_0.2_0.1	SUM-159_NLS_2N_O1_A6_seed	SUM-159_NLS_2N_O1_A6	0.1	56	61	2.91206030150754	8.43493672355708e-09	-18.5908836226296
2N	20.5_20.5_2_1_0.5_0.3_0.2_0.1	SUM-159_NLS_2N_O1_A6_seed	SUM-159_NLS_2N_O1_A6	0.1	56	62	2.95226130653266	4.31973512812047e-05	-10.049731377529
2N	20.5_20.5_2_1_0.5_0.3_0.2_0.1	SUM-159_NLS_2N_O1_A6_seed	SUM-159_NLS_2N_O1_A6	0.1	56	63	2.99246231155779	9.87081516642742e-05	-9.22334302461837
2N	20.5_20.5_2_1_0.5_0.3_0.2_0.1	SUM-159_NLS_2N_O1_A6_seed	SUM-159_NLS_2N_O1_A6	0.1	56	64	3.03266331658291	9.37462162629015e-05	-9.27491925379062
2N	20.5_20.5_2_1_0.5_0.3_0.2_0.1	SUM-159_NLS_2N_O1_A6_seed	SUM-159_NLS_2N_O1_A6	0.1	56	65	3.07286432160804	0.000154276522856717	-8.77676396275276
2N	20.5_20.5_2_1_0.5_0.3_0.2_0.1	SUM-159_NLS_2N_O1_A6_seed	SUM-159_NLS_2N_O1_A6	0.1	56	66	3.11306532663317	0.000612766259413875	-7.39752700075694
2N	20.5_20.5_2_1_0.5_0.3_0.2_0.1	SUM-159_NLS_2N_O1_A6_seed	SUM-159_NLS_2N_O1_A6	0.1	56	67	3.15326633165829	0.000899897118667403	-7.01323011376592
2N	20.5_20.5_2_1_0.5_0.3_0.2_0.1	SUM-159_NLS_2N_O1_A6_seed	SUM-159_NLS_2N_O1_A6	0.1	56	68	3.19346733668342	0.00186992280554362	-6.28185812942566
2N	20.5_20.5_2_1_0.5_0.3_0.2_0.1	SUM-159_NLS_2N_O1_A6_seed	SUM-159_NLS_2N_O1_A6	0.1	56	69	3.23366834170854	0.00419138700369345	-5.47472357269101
2N	20.5_20.5_2_1_0.5_0.3_0.2_0.1	SUM-159_NLS_2N_O1_A6_seed	SUM-159_NLS_2N_O1_A6	0.1	56	70	3.27386934673367	0.00672288752345136	-5.00223752574803
2N	20.5_20.5_2_1_0.5_0.3_0.2_0.1	SUM-159_NLS_2N_O1_A6_seed	SUM-159_NLS_2N_O1_A6	0.1	56	71	3.31407035175879	0.0112048187332755	-4.49141134916706
2N	20.5_20.5_2_1_0.5_0.3_0.2_0.1	SUM-159_NLS_2N_O1_A6_seed	SUM-159_NLS_2N_O1_A6	0.1	56	72	3.35427135678392	0.0151341376485406	-4.1908023154333
2N	20.5_20.5_2_1_0.5_0.3_0.2_0.1	SUM-159_NLS_2N_O1_A6_seed	SUM-159_NLS_2N_O1_A6	0.1	56	73	3.39447236180905	0.0232902324165702	-3.75972121589265
2N	20.5_20.5_2_1_0.5_0.3_0.2_0.1	SUM-159_NLS_2N_O1_A6_seed	SUM-159_NLS_2N_O1_A6	0.1	56	74	3.43467336683417	0.0351179471481535	-3.34904296442496
2N	20.5_20.5_2_1_0.5_0.3_0.2_0.1	SUM-159_NLS_2N_O1_A6_seed	SUM-159_NLS_2N_O1_A6	0.1	56	75	3.4748743718593	0.0465849673681156	-3.0664773785605
2N	20.5_20.5_2_1_0.5_0.3_0.2_0.1	SUM-159_NLS_2N_O1_A6_seed	SUM-159_NLS_2N_O1_A6	0.1	56	76	3.51507537688442	0.0600358928337848	-2.81281268172223
2N	20.5_20.5_2_1_0.5_0.3_0.2_0.1	SUM-159_NLS_2N_O1_A6_seed	SUM-159_NLS_2N_O1_A6	0.1	56	77	3.55527638190955	0.0686504211726809	-2.67872801171515
2N	20.5_20.5_2_1_0.5_0.3_0.2_0.1	SUM-159_NLS_2N_O1_A6_seed	SUM-159_NLS_2N_O1_A6	0.1	56	78	3.59547738693467	0.0786524783769642	-2.54271613850625
2N	20.5_20.5_2_1_0.5_0.3_0.2_0.1	SUM-159_NLS_2N_O1_A6_seed	SUM-159_NLS_2N_O1_A6	0.1	56	79	3.6356783919598	0.0890148330225181	-2.4189522599624
2N	20.5_20.5_2_1_0.5_0.3_0.2_0.1	SUM-159_NLS_2N_O1_A6_seed	SUM-159_NLS_2N_O1_A6	0.1	56	80	3.67587939698492	0.0899787969081751	-2.4081812263167
2N	20.5_20.5_2_1_0.5_0.3_0.2_0.1	SUM-159_NLS_2N_O1_A6_seed	SUM-159_NLS_2N_O1_A6	0.1	56	81	3.71608040201005	0.0883846785393035	-2.42605664405127
2N	20.5_20.5_2_1_0.5_0.3_0.2_0.1	SUM-159_NLS_2N_O1_A6_seed	SUM-159_NLS_2N_O1_A6	0.1	56	82	3.75628140703518	0.0795886704066682	-2.53088352783642
2N	20.5_20.5_2_1_0.5_0.3_0.2_0.1	SUM-159_NLS_2N_O1_A6_seed	SUM-159_NLS_2N_O1_A6	0.1	56	83	3.7964824120603	0.068828619196333	-2.67613564384627
2N	20.5_20.5_2_1_0.5_0.3_0.2_0.1	SUM-159_NLS_2N_O1_A6_seed	SUM-159_NLS_2N_O1_A6	0.1	56	84	3.83668341708543	0.0631636075779543	-2.76202697314553
2N	20.5_20.5_2_1_0.5_0.3_0.2_0.1	SUM-159_NLS_2N_O1_A6_seed	SUM-159_NLS_2N_O1_A6	0.1	56	85	3.87688442211055	0.0485162636240006	-3.02585620479644
2N	20.5_20.5_2_1_0.5_0.3_0.2_0.1	SUM-159_NLS_2N_O1_A6_seed	SUM-159_NLS_2N_O1_A6	0.1	56	86	3.91708542713568	0.0348492138970517	-3.35672469878606
2N	20.5_20.5_2_1_0.5_0.3_0.2_0.1	SUM-159_NLS_2N_O1_A6_seed	SUM-159_NLS_2N_O1_A6	0.1	56	87	3.9572864321608	0.0244376643026692	-3.71162971787627
2N	20.5_20.5_2_1_0.5_0.3_0.2_0.1	SUM-159_NLS_2N_O1_A6_seed	SUM-159_NLS_2N_O1_A6	0.1	56	88	3.99748743718593	0.0166423248856654	-4.09580613666192
2N	20.5_20.5_2_1_0.5_0.3_0.2_0.1	SUM-159_NLS_2N_O1_A6_seed	SUM-159_NLS_2N_O1_A6	0.1	56	89	4.03768844221106	0.0116546338131369	-4.45205142585227
2N	20.5_20.5_2_1_0.5_0.3_0.2_0.1	SUM-159_NLS_2N_O1_A6_seed	SUM-159_NLS_2N_O1_A6	0.1	56	90	4.07788944723618	0.00736621329563362	-4.91085150459957
2N	20.5_20.5_2_1_0.5_0.3_0.2_0.1	SUM-159_NLS_2N_O1_A6_seed	SUM-159_NLS_2N_O1_A6	0.1	56	91	4.11809045226131	0.00502896627995876	-5.29254082693335
2N	20.5_20.5_2_1_0.5_0.3_0.2_0.1	SUM-159_NLS_2N_O1_A6_seed	SUM-159_NLS_2N_O1_A6	0.1	56	92	4.15829145728643	0.00294180756000001	-5.82873107022714
2N	20.5_20.5_2_1_0.5_0.3_0.2_0.1	SUM-159_NLS_2N_O1_A6_seed	SUM-159_NLS_2N_O1_A6	0.1	56	93	4.19849246231156	0.00167230147578289	-6.39355447209066
2N	20.5_20.5_2_1_0.5_0.3_0.2_0.1	SUM-159_NLS_2N_O1_A6_seed	SUM-159_NLS_2N_O1_A6	0.1	56	94	4.23869346733668	0.0012670567082102	-6.67105862078349
2N	20.5_20.5_2_1_0.5_0.3_0.2_0.1	SUM-159_NLS_2N_O1_A6_seed	SUM-159_NLS_2N_O1_A6	0.1	56	95	4.27889447236181	0.000691419622662446	-7.27676364982301
2N	20.5_20.5_2_1_0.5_0.3_0.2_0.1	SUM-159_NLS_2N_O1_A6_seed	SUM-159_NLS_2N_O1_A6	0.1	56	96	4.31909547738693	0.000428508619548838	-7.75519970449553
2N	20.5_20.5_2_1_0.5_0.3_0.2_0.1	SUM-159_NLS_2N_O1_A6_seed	SUM-159_NLS_2N_O1_A6	0.1	56	97	4.35929648241206	0.000297289978260031	-8.12080253771093
2N	20.5_20.5_2_1_0.5_0.3_0.2_0.1	SUM-159_NLS_2N_O1_A6_seed	SUM-159_NLS_2N_O1_A6	0.1	56	98	4.39949748743719	0.000186310893898191	-8.58809380703578
2N	20.5_20.5_2_1_0.5_0.3_0.2_0.1	SUM-159_NLS_2N_O1_A6_seed	SUM-159_NLS_2N_O1_A6	0.1	56	99	4.43969849246231	9.59462230703855e-05	-9.25172269980398
2N	20.5_20.5_2_1_0.5_0.3_0.2_0.1	SUM-159_NLS_2N_O1_A6_seed	SUM-159_NLS_2N_O1_A6	0.1	56	100	4.47989949748744	3.92865221587478e-05	-10.1446290455236
2N	20.5_20.5_2_1_0.5_0.3_0.2_0.1	SUM-159_NLS_2N_O1_A6_seed	SUM-159_NLS_2N_O1_A6	0.1	56	101	4.52010050251256	0.000103324092534259	-9.17763998023985
2N	20.5_20.5_2_1_0.5_0.3_0.2_0.1	SUM-159_NLS_2N_O1_A6_seed	SUM-159_NLS_2N_O1_A6	0.1	56	102	4.56030150753769	7.7562240842219e-05	-9.46442983628182
2N	20.5_20.5_2_1_0.5_0.3_0.2_0.1	SUM-159_NLS_2N_O1_A6_seed	SUM-159_NLS_2N_O1_A6	0.1	56	103	4.60050251256281	8.92833192008734e-05	-9.3236958825932
2N	20.5_20.5_2_1_0.5_0.3_0.2_0.1	SUM-159_NLS_2N_O1_A6_seed	SUM-159_NLS_2N_O1_A6	0.1	56	104	4.64070351758794	3.27174743047005e-06	-12.6301863333798
2N	20.5_20.5_2_1_0.5_0.3_0.2_0.1	SUM-159_NLS_2N_O1_A6_seed	SUM-159_NLS_2N_O1_A6	0.1	56	105	4.68090452261307	4.98782084155232e-12	-26.0240220066483
2N	20.5_20.5_2_1_0.5_0.3_0.2_0.1	SUM-159_NLS_2N_O1_A6_seed	SUM-159_NLS_2N_O1_A6	0.1	56	106	4.72110552763819	9.98737185049156e-13	-27.6322847289021
2N	20.5_20.5_2_1_0.5_0.3_0.2_0.1	SUM-159_NLS_2N_O1_A6_seed	SUM-159_NLS_2N_O1_A6	0.1	56	107	4.76130653266332	9.98737185049156e-13	-27.6322847289021
2N	20.5_20.5_2_1_0.5_0.3_0.2_0.1	SUM-159_NLS_2N_O1_A6_seed	SUM-159_NLS_2N_O1_A6	0.1	56	108	4.80150753768844	9.98737185049156e-13	-27.6322847289021
2N	20.5_20.5_2_1_0.5_0.3_0.2_0.1	SUM-159_NLS_2N_O1_A6_seed	SUM-159_NLS_2N_O1_A6	0.1	56	109	4.84170854271357	9.98737185049156e-13	-27.6322847289021
2N	20.5_20.5_2_1_0.5_0.3_0.2_0.1	SUM-159_NLS_2N_O1_A6_seed	SUM-159_NLS_2N_O1_A6	0.1	56	110	4.88190954773869	9.98737185049156e-13	-27.6322847289021
2N	20.5_20.5_2_1_0.5_0.3_0.2_0.1	SUM-159_NLS_2N_O1_A6_seed	SUM-159_NLS_2N_O1_A6	0.1	56	111	4.92211055276382	9.98737185049156e-13	-27.6322847289021
2N	20.5_20.5_2_1_0.5_0.3_0.2_0.1	SUM-159_NLS_2N_O1_A6_seed	SUM-159_NLS_2N_O1_A6	0.1	56	112	4.96231155778894	9.98737185049156e-13	-27.6322847289021
2N	20.5_20.5_2_1_0.5_0.3_0.2_0.1	SUM-159_NLS_2N_O1_A6_seed	SUM-159_NLS_2N_O1_A6	0.1	56	113	5.00251256281407	9.98737185049156e-13	-27.6322847289021
2N	20.5_20.5_2_1_0.5_0.3_0.2_0.1	SUM-159_NLS_2N_O1_A6_seed	SUM-159_NLS_2N_O1_A6	0.1	56	114	5.0427135678392	9.98737185049156e-13	-27.6322847289021
2N	20.5_20.5_2_1_0.5_0.3_0.2_0.1	SUM-159_NLS_2N_O1_A6_seed	SUM-159_NLS_2N_O1_A6	0.1	56	115	5.08291457286432	9.98737185049156e-13	-27.6322847289021
2N	20.5_20.5_2_1_0.5_0.3_0.2_0.1	SUM-159_NLS_2N_O1_A6_seed	SUM-159_NLS_2N_O1_A6	0.1	56	116	5.12311557788945	9.98737185049156e-13	-27.6322847289021
2N	20.5_20.5_2_1_0.5_0.3_0.2_0.1	SUM-159_NLS_2N_O1_A6_seed	SUM-159_NLS_2N_O1_A6	0.1	56	117	5.16331658291457	9.98737185049156e-13	-27.6322847289021
2N	20.5_20.5_2_1_0.5_0.3_0.2_0.1	SUM-159_NLS_2N_O1_A6_seed	SUM-159_NLS_2N_O1_A6	0.1	56	118	5.2035175879397	9.98737185049156e-13	-27.6322847289021
2N	20.5_20.5_2_1_0.5_0.3_0.2_0.1	SUM-159_NLS_2N_O1_A6_seed	SUM-159_NLS_2N_O1_A6	0.1	56	119	5.24371859296482	9.98737185049156e-13	-27.6322847289021
2N	20.5_20.5_2_1_0.5_0.3_0.2_0.1	SUM-159_NLS_2N_O1_A6_seed	SUM-159_NLS_2N_O1_A6	0.1	56	120	5.28391959798995	9.98737185049156e-13	-27.6322847289021
2N	20.5_20.5_2_1_0.5_0.3_0.2_0.1	SUM-159_NLS_2N_O1_A6_seed	SUM-159_NLS_2N_O1_A6	0.1	56	121	5.32412060301508	9.98737185049156e-13	-27.6322847289021
2N	20.5_20.5_2_1_0.5_0.3_0.2_0.1	SUM-159_NLS_2N_O1_A6_seed	SUM-159_NLS_2N_O1_A6	0.1	56	122	5.3643216080402	9.98737185049156e-13	-27.6322847289021
2N	20.5_20.5_2_1_0.5_0.3_0.2_0.1	SUM-159_NLS_2N_O1_A6_seed	SUM-159_NLS_2N_O1_A6	0.1	56	123	5.40452261306533	9.98737185049156e-13	-27.6322847289021
2N	20.5_20.5_2_1_0.5_0.3_0.2_0.1	SUM-159_NLS_2N_O1_A6_seed	SUM-159_NLS_2N_O1_A6	0.1	56	124	5.44472361809045	9.98737185049156e-13	-27.6322847289021
2N	20.5_20.5_2_1_0.5_0.3_0.2_0.1	SUM-159_NLS_2N_O1_A6_seed	SUM-159_NLS_2N_O1_A6	0.1	56	125	5.48492462311558	9.98737185049156e-13	-27.6322847289021
2N	20.5_20.5_2_1_0.5_0.3_0.2_0.1	SUM-159_NLS_2N_O1_A6_seed	SUM-159_NLS_2N_O1_A6	0.1	56	126	5.5251256281407	9.98737185049156e-13	-27.6322847289021
2N	20.5_20.5_2_1_0.5_0.3_0.2_0.1	SUM-159_NLS_2N_O1_A6_seed	SUM-159_NLS_2N_O1_A6	0.1	56	127	5.56532663316583	9.98737185049156e-13	-27.6322847289021
2N	20.5_20.5_2_1_0.5_0.3_0.2_0.1	SUM-159_NLS_2N_O1_A6_seed	SUM-159_NLS_2N_O1_A6	0.1	56	128	5.60552763819095	9.98737185049156e-13	-27.6322847289021
2N	20.5_20.5_2_1_0.5_0.3_0.2_0.1	SUM-159_NLS_2N_O1_A6_seed	SUM-159_NLS_2N_O1_A6	0.1	56	129	5.64572864321608	9.98737185049156e-13	-27.6322847289021
2N	20.5_20.5_2_1_0.5_0.3_0.2_0.1	SUM-159_NLS_2N_O1_A6_seed	SUM-159_NLS_2N_O1_A6	0.1	56	130	5.68592964824121	9.98737185049156e-13	-27.6322847289021
2N	20.5_20.5_2_1_0.5_0.3_0.2_0.1	SUM-159_NLS_2N_O1_A6_seed	SUM-159_NLS_2N_O1_A6	0.1	56	131	5.72613065326633	9.98737185049156e-13	-27.6322847289021
2N	20.5_20.5_2_1_0.5_0.3_0.2_0.1	SUM-159_NLS_2N_O1_A6_seed	SUM-159_NLS_2N_O1_A6	0.1	56	132	5.76633165829146	9.98737185049156e-13	-27.6322847289021
2N	20.5_20.5_2_1_0.5_0.3_0.2_0.1	SUM-159_NLS_2N_O1_A6_seed	SUM-159_NLS_2N_O1_A6	0.1	56	133	5.80653266331658	9.98737185049156e-13	-27.6322847289021
2N	20.5_20.5_2_1_0.5_0.3_0.2_0.1	SUM-159_NLS_2N_O1_A6_seed	SUM-159_NLS_2N_O1_A6	0.1	56	134	5.84673366834171	9.98737185049156e-13	-27.6322847289021
2N	20.5_20.5_2_1_0.5_0.3_0.2_0.1	SUM-159_NLS_2N_O1_A6_seed	SUM-159_NLS_2N_O1_A6	0.1	56	135	5.88693467336683	9.98737185049156e-13	-27.6322847289021
2N	20.5_20.5_2_1_0.5_0.3_0.2_0.1	SUM-159_NLS_2N_O1_A6_seed	SUM-159_NLS_2N_O1_A6	0.1	56	136	5.92713567839196	9.98737185049156e-13	-27.6322847289021
2N	20.5_20.5_2_1_0.5_0.3_0.2_0.1	SUM-159_NLS_2N_O1_A6_seed	SUM-159_NLS_2N_O1_A6	0.1	56	137	5.96733668341709	9.98737185049156e-13	-27.6322847289021
2N	20.5_20.5_2_1_0.5_0.3_0.2_0.1	SUM-159_NLS_2N_O1_A6_seed	SUM-159_NLS_2N_O1_A6	0.1	56	138	6.00753768844221	9.98737185049156e-13	-27.6322847289021
2N	20.5_20.5_2_1_0.5_0.3_0.2_0.1	SUM-159_NLS_2N_O1_A6_seed	SUM-159_NLS_2N_O1_A6	0.1	56	139	6.04773869346734	9.98737185049156e-13	-27.6322847289021
2N	20.5_20.5_2_1_0.5_0.3_0.2_0.1	SUM-159_NLS_2N_O1_A6_seed	SUM-159_NLS_2N_O1_A6	0.1	56	140	6.08793969849246	9.98737185049156e-13	-27.6322847289021
2N	20.5_20.5_2_1_0.5_0.3_0.2_0.1	SUM-159_NLS_2N_O1_A6_seed	SUM-159_NLS_2N_O1_A6	0.1	56	141	6.12814070351759	9.98737185049156e-13	-27.6322847289021
2N	20.5_20.5_2_1_0.5_0.3_0.2_0.1	SUM-159_NLS_2N_O1_A6_seed	SUM-159_NLS_2N_O1_A6	0.1	56	142	6.16834170854271	9.98737185049156e-13	-27.6322847289021
2N	20.5_20.5_2_1_0.5_0.3_0.2_0.1	SUM-159_NLS_2N_O1_A6_seed	SUM-159_NLS_2N_O1_A6	0.1	56	143	6.20854271356784	9.98737185049156e-13	-27.6322847289021
2N	20.5_20.5_2_1_0.5_0.3_0.2_0.1	SUM-159_NLS_2N_O1_A6_seed	SUM-159_NLS_2N_O1_A6	0.1	56	144	6.24874371859296	9.98737185049156e-13	-27.6322847289021
2N	20.5_20.5_2_1_0.5_0.3_0.2_0.1	SUM-159_NLS_2N_O1_A6_seed	SUM-159_NLS_2N_O1_A6	0.1	56	145	6.28894472361809	9.98737185049156e-13	-27.6322847289021
2N	20.5_20.5_2_1_0.5_0.3_0.2_0.1	SUM-159_NLS_2N_O1_A6_seed	SUM-159_NLS_2N_O1_A6	0.1	56	146	6.32914572864322	9.98737185049156e-13	-27.6322847289021
2N	20.5_20.5_2_1_0.5_0.3_0.2_0.1	SUM-159_NLS_2N_O1_A6_seed	SUM-159_NLS_2N_O1_A6	0.1	56	147	6.36934673366834	9.98737185049156e-13	-27.6322847289021
2N	20.5_20.5_2_1_0.5_0.3_0.2_0.1	SUM-159_NLS_2N_O1_A6_seed	SUM-159_NLS_2N_O1_A6	0.1	56	148	6.40954773869347	9.98737185049156e-13	-27.6322847289021
2N	20.5_20.5_2_1_0.5_0.3_0.2_0.1	SUM-159_NLS_2N_O1_A6_seed	SUM-159_NLS_2N_O1_A6	0.1	56	149	6.44974874371859	9.98737185049156e-13	-27.6322847289021
2N	20.5_20.5_2_1_0.5_0.3_0.2_0.1	SUM-159_NLS_2N_O1_A6_seed	SUM-159_NLS_2N_O1_A6	0.1	56	150	6.48994974874372	9.98737185049156e-13	-27.6322847289021
2N	20.5_20.5_2_1_0.5_0.3_0.2_0.1	SUM-159_NLS_2N_O1_A6_seed	SUM-159_NLS_2N_O1_A6	0.1	56	151	6.53015075376884	9.98737185049156e-13	-27.6322847289021
2N	20.5_20.5_2_1_0.5_0.3_0.2_0.1	SUM-159_NLS_2N_O1_A6_seed	SUM-159_NLS_2N_O1_A6	0.1	56	152	6.57035175879397	9.98737185049156e-13	-27.6322847289021
2N	20.5_20.5_2_1_0.5_0.3_0.2_0.1	SUM-159_NLS_2N_O1_A6_seed	SUM-159_NLS_2N_O1_A6	0.1	56	153	6.6105527638191	9.98737185049156e-13	-27.6322847289021
2N	20.5_20.5_2_1_0.5_0.3_0.2_0.1	SUM-159_NLS_2N_O1_A6_seed	SUM-159_NLS_2N_O1_A6	0.1	56	154	6.65075376884422	9.98737185049156e-13	-27.6322847289021
2N	20.5_20.5_2_1_0.5_0.3_0.2_0.1	SUM-159_NLS_2N_O1_A6_seed	SUM-159_NLS_2N_O1_A6	0.1	56	155	6.69095477386935	9.98737185049156e-13	-27.6322847289021
2N	20.5_20.5_2_1_0.5_0.3_0.2_0.1	SUM-159_NLS_2N_O1_A6_seed	SUM-159_NLS_2N_O1_A6	0.1	56	156	6.73115577889447	9.98737185049156e-13	-27.6322847289021
2N	20.5_20.5_2_1_0.5_0.3_0.2_0.1	SUM-159_NLS_2N_O1_A6_seed	SUM-159_NLS_2N_O1_A6	0.1	56	157	6.7713567839196	9.98737185049156e-13	-27.6322847289021
2N	20.5_20.5_2_1_0.5_0.3_0.2_0.1	SUM-159_NLS_2N_O1_A6_seed	SUM-159_NLS_2N_O1_A6	0.1	56	158	6.81155778894472	9.98737185049156e-13	-27.6322847289021
2N	20.5_20.5_2_1_0.5_0.3_0.2_0.1	SUM-159_NLS_2N_O1_A6_seed	SUM-159_NLS_2N_O1_A6	0.1	56	159	6.85175879396985	9.98737185049156e-13	-27.6322847289021
2N	20.5_20.5_2_1_0.5_0.3_0.2_0.1	SUM-159_NLS_2N_O1_A6_seed	SUM-159_NLS_2N_O1_A6	0.1	56	160	6.89195979899498	9.98737185049156e-13	-27.6322847289021
2N	20.5_20.5_2_1_0.5_0.3_0.2_0.1	SUM-159_NLS_2N_O1_A6_seed	SUM-159_NLS_2N_O1_A6	0.1	56	161	6.9321608040201	9.98737185049156e-13	-27.6322847289021
2N	20.5_20.5_2_1_0.5_0.3_0.2_0.1	SUM-159_NLS_2N_O1_A6_seed	SUM-159_NLS_2N_O1_A6	0.1	56	162	6.97236180904523	9.98737185049156e-13	-27.6322847289021
2N	20.5_20.5_2_1_0.5_0.3_0.2_0.1	SUM-159_NLS_2N_O1_A6_seed	SUM-159_NLS_2N_O1_A6	0.1	56	163	7.01256281407035	9.98737185049156e-13	-27.6322847289021
2N	20.5_20.5_2_1_0.5_0.3_0.2_0.1	SUM-159_NLS_2N_O1_A6_seed	SUM-159_NLS_2N_O1_A6	0.1	56	164	7.05276381909548	9.98737185049156e-13	-27.6322847289021
2N	20.5_20.5_2_1_0.5_0.3_0.2_0.1	SUM-159_NLS_2N_O1_A6_seed	SUM-159_NLS_2N_O1_A6	0.1	56	165	7.0929648241206	9.98737185049156e-13	-27.6322847289021
2N	20.5_20.5_2_1_0.5_0.3_0.2_0.1	SUM-159_NLS_2N_O1_A6_seed	SUM-159_NLS_2N_O1_A6	0.1	56	166	7.13316582914573	9.98737185049156e-13	-27.6322847289021
2N	20.5_20.5_2_1_0.5_0.3_0.2_0.1	SUM-159_NLS_2N_O1_A6_seed	SUM-159_NLS_2N_O1_A6	0.1	56	167	7.17336683417085	9.98737185049156e-13	-27.6322847289021
2N	20.5_20.5_2_1_0.5_0.3_0.2_0.1	SUM-159_NLS_2N_O1_A6_seed	SUM-159_NLS_2N_O1_A6	0.1	56	168	7.21356783919598	9.98737185049156e-13	-27.6322847289021
2N	20.5_20.5_2_1_0.5_0.3_0.2_0.1	SUM-159_NLS_2N_O1_A6_seed	SUM-159_NLS_2N_O1_A6	0.1	56	169	7.25376884422111	9.98737185049156e-13	-27.6322847289021
2N	20.5_20.5_2_1_0.5_0.3_0.2_0.1	SUM-159_NLS_2N_O1_A6_seed	SUM-159_NLS_2N_O1_A6	0.1	56	170	7.29396984924623	9.98737185049156e-13	-27.6322847289021
2N	20.5_20.5_2_1_0.5_0.3_0.2_0.1	SUM-159_NLS_2N_O1_A6_seed	SUM-159_NLS_2N_O1_A6	0.1	56	171	7.33417085427136	9.98737185049156e-13	-27.6322847289021
2N	20.5_20.5_2_1_0.5_0.3_0.2_0.1	SUM-159_NLS_2N_O1_A6_seed	SUM-159_NLS_2N_O1_A6	0.1	56	172	7.37437185929648	9.98737185049156e-13	-27.6322847289021
2N	20.5_20.5_2_1_0.5_0.3_0.2_0.1	SUM-159_NLS_2N_O1_A6_seed	SUM-159_NLS_2N_O1_A6	0.1	56	173	7.41457286432161	9.98737185049156e-13	-27.6322847289021
2N	20.5_20.5_2_1_0.5_0.3_0.2_0.1	SUM-159_NLS_2N_O1_A6_seed	SUM-159_NLS_2N_O1_A6	0.1	56	174	7.45477386934673	9.98737185049156e-13	-27.6322847289021
2N	20.5_20.5_2_1_0.5_0.3_0.2_0.1	SUM-159_NLS_2N_O1_A6_seed	SUM-159_NLS_2N_O1_A6	0.1	56	175	7.49497487437186	9.98737185049156e-13	-27.6322847289021
2N	20.5_20.5_2_1_0.5_0.3_0.2_0.1	SUM-159_NLS_2N_O1_A6_seed	SUM-159_NLS_2N_O1_A6	0.1	56	176	7.53517587939699	9.98737185049156e-13	-27.6322847289021
2N	20.5_20.5_2_1_0.5_0.3_0.2_0.1	SUM-159_NLS_2N_O1_A6_seed	SUM-159_NLS_2N_O1_A6	0.1	56	177	7.57537688442211	9.98737185049156e-13	-27.6322847289021
2N	20.5_20.5_2_1_0.5_0.3_0.2_0.1	SUM-159_NLS_2N_O1_A6_seed	SUM-159_NLS_2N_O1_A6	0.1	56	178	7.61557788944724	9.98737185049156e-13	-27.6322847289021
2N	20.5_20.5_2_1_0.5_0.3_0.2_0.1	SUM-159_NLS_2N_O1_A6_seed	SUM-159_NLS_2N_O1_A6	0.1	56	179	7.65577889447236	9.98737185049156e-13	-27.6322847289021
2N	20.5_20.5_2_1_0.5_0.3_0.2_0.1	SUM-159_NLS_2N_O1_A6_seed	SUM-159_NLS_2N_O1_A6	0.1	56	180	7.69597989949749	9.98737185049156e-13	-27.6322847289021
2N	20.5_20.5_2_1_0.5_0.3_0.2_0.1	SUM-159_NLS_2N_O1_A6_seed	SUM-159_NLS_2N_O1_A6	0.1	56	181	7.73618090452261	9.98737185049156e-13	-27.6322847289021
2N	20.5_20.5_2_1_0.5_0.3_0.2_0.1	SUM-159_NLS_2N_O1_A6_seed	SUM-159_NLS_2N_O1_A6	0.1	56	182	7.77638190954774	9.98737185049156e-13	-27.6322847289021
2N	20.5_20.5_2_1_0.5_0.3_0.2_0.1	SUM-159_NLS_2N_O1_A6_seed	SUM-159_NLS_2N_O1_A6	0.1	56	183	7.81658291457286	9.98737185049156e-13	-27.6322847289021
2N	20.5_20.5_2_1_0.5_0.3_0.2_0.1	SUM-159_NLS_2N_O1_A6_seed	SUM-159_NLS_2N_O1_A6	0.1	56	184	7.85678391959799	9.98737185049156e-13	-27.6322847289021
2N	20.5_20.5_2_1_0.5_0.3_0.2_0.1	SUM-159_NLS_2N_O1_A6_seed	SUM-159_NLS_2N_O1_A6	0.1	56	185	7.89698492462312	9.98737185049156e-13	-27.6322847289021
2N	20.5_20.5_2_1_0.5_0.3_0.2_0.1	SUM-159_NLS_2N_O1_A6_seed	SUM-159_NLS_2N_O1_A6	0.1	56	186	7.93718592964824	9.98737185049156e-13	-27.6322847289021
2N	20.5_20.5_2_1_0.5_0.3_0.2_0.1	SUM-159_NLS_2N_O1_A6_seed	SUM-159_NLS_2N_O1_A6	0.1	56	187	7.97738693467337	9.98737185049156e-13	-27.6322847289021
2N	20.5_20.5_2_1_0.5_0.3_0.2_0.1	SUM-159_NLS_2N_O1_A6_seed	SUM-159_NLS_2N_O1_A6	0.1	56	188	8.01758793969849	9.98737185049156e-13	-27.6322847289021
2N	20.5_20.5_2_1_0.5_0.3_0.2_0.1	SUM-159_NLS_2N_O1_A6_seed	SUM-159_NLS_2N_O1_A6	0.1	56	189	8.05778894472362	9.98737185049156e-13	-27.6322847289021
2N	20.5_20.5_2_1_0.5_0.3_0.2_0.1	SUM-159_NLS_2N_O1_A6_seed	SUM-159_NLS_2N_O1_A6	0.1	56	190	8.09798994974874	9.98737185049156e-13	-27.6322847289021
2N	20.5_20.5_2_1_0.5_0.3_0.2_0.1	SUM-159_NLS_2N_O1_A6_seed	SUM-159_NLS_2N_O1_A6	0.1	56	191	8.13819095477387	9.98737185049156e-13	-27.6322847289021
2N	20.5_20.5_2_1_0.5_0.3_0.2_0.1	SUM-159_NLS_2N_O1_A6_seed	SUM-159_NLS_2N_O1_A6	0.1	56	192	8.178391959799	9.98737185049156e-13	-27.6322847289021
2N	20.5_20.5_2_1_0.5_0.3_0.2_0.1	SUM-159_NLS_2N_O1_A6_seed	SUM-159_NLS_2N_O1_A6	0.1	56	193	8.21859296482412	9.98737185049156e-13	-27.6322847289021
2N	20.5_20.5_2_1_0.5_0.3_0.2_0.1	SUM-159_NLS_2N_O1_A6_seed	SUM-159_NLS_2N_O1_A6	0.1	56	194	8.25879396984925	9.98737185049156e-13	-27.6322847289021
2N	20.5_20.5_2_1_0.5_0.3_0.2_0.1	SUM-159_NLS_2N_O1_A6_seed	SUM-159_NLS_2N_O1_A6	0.1	56	195	8.29899497487437	9.98737185049156e-13	-27.6322847289021
2N	20.5_20.5_2_1_0.5_0.3_0.2_0.1	SUM-159_NLS_2N_O1_A6_seed	SUM-159_NLS_2N_O1_A6	0.1	56	196	8.3391959798995	9.98737185049156e-13	-27.6322847289021
2N	20.5_20.5_2_1_0.5_0.3_0.2_0.1	SUM-159_NLS_2N_O1_A6_seed	SUM-159_NLS_2N_O1_A6	0.1	56	197	8.37939698492462	9.98737185049156e-13	-27.6322847289021
2N	20.5_20.5_2_1_0.5_0.3_0.2_0.1	SUM-159_NLS_2N_O1_A6_seed	SUM-159_NLS_2N_O1_A6	0.1	56	198	8.41959798994975	9.98737185049156e-13	-27.6322847289021
2N	20.5_20.5_2_1_0.5_0.3_0.2_0.1	SUM-159_NLS_2N_O1_A6_seed	SUM-159_NLS_2N_O1_A6	0.1	56	199	8.45979899497488	9.98737185049156e-13	-27.6322847289021
2N	20.5_20.5_2_1_0.5_0.3_0.2_0.1	SUM-159_NLS_2N_O1_A6_seed	SUM-159_NLS_2N_O1_A6	0.1	56	200	8.5	9.98737185049156e-13	-27.6322847289021
2N	20.5_20.5_2_1_0.5_0.3_0.2_0.1	SUM-159_NLS_2N_O2_A6_seed	SUM-159_NLS_2N_O2_A6	0.1	56	1	0.5	9.97943050424923e-13	-27.6330801839299
2N	20.5_20.5_2_1_0.5_0.3_0.2_0.1	SUM-159_NLS_2N_O2_A6_seed	SUM-159_NLS_2N_O2_A6	0.1	56	2	0.540201005025126	9.97943050424923e-13	-27.6330801839299
2N	20.5_20.5_2_1_0.5_0.3_0.2_0.1	SUM-159_NLS_2N_O2_A6_seed	SUM-159_NLS_2N_O2_A6	0.1	56	3	0.580402010050251	9.97943050424923e-13	-27.6330801839299
2N	20.5_20.5_2_1_0.5_0.3_0.2_0.1	SUM-159_NLS_2N_O2_A6_seed	SUM-159_NLS_2N_O2_A6	0.1	56	4	0.620603015075377	9.97943050424923e-13	-27.6330801839299
2N	20.5_20.5_2_1_0.5_0.3_0.2_0.1	SUM-159_NLS_2N_O2_A6_seed	SUM-159_NLS_2N_O2_A6	0.1	56	5	0.660804020100503	9.97943050424923e-13	-27.6330801839299
2N	20.5_20.5_2_1_0.5_0.3_0.2_0.1	SUM-159_NLS_2N_O2_A6_seed	SUM-159_NLS_2N_O2_A6	0.1	56	6	0.701005025125628	9.97943050424923e-13	-27.6330801839299
2N	20.5_20.5_2_1_0.5_0.3_0.2_0.1	SUM-159_NLS_2N_O2_A6_seed	SUM-159_NLS_2N_O2_A6	0.1	56	7	0.741206030150754	9.97943050424923e-13	-27.6330801839299
2N	20.5_20.5_2_1_0.5_0.3_0.2_0.1	SUM-159_NLS_2N_O2_A6_seed	SUM-159_NLS_2N_O2_A6	0.1	56	8	0.781407035175879	9.97943050424923e-13	-27.6330801839299
2N	20.5_20.5_2_1_0.5_0.3_0.2_0.1	SUM-159_NLS_2N_O2_A6_seed	SUM-159_NLS_2N_O2_A6	0.1	56	9	0.821608040201005	9.97943050424923e-13	-27.6330801839299
2N	20.5_20.5_2_1_0.5_0.3_0.2_0.1	SUM-159_NLS_2N_O2_A6_seed	SUM-159_NLS_2N_O2_A6	0.1	56	10	0.861809045226131	9.97943050424923e-13	-27.6330801839299
2N	20.5_20.5_2_1_0.5_0.3_0.2_0.1	SUM-159_NLS_2N_O2_A6_seed	SUM-159_NLS_2N_O2_A6	0.1	56	11	0.902010050251256	9.97943050424923e-13	-27.6330801839299
2N	20.5_20.5_2_1_0.5_0.3_0.2_0.1	SUM-159_NLS_2N_O2_A6_seed	SUM-159_NLS_2N_O2_A6	0.1	56	12	0.942211055276382	9.97943050424923e-13	-27.6330801839299
2N	20.5_20.5_2_1_0.5_0.3_0.2_0.1	SUM-159_NLS_2N_O2_A6_seed	SUM-159_NLS_2N_O2_A6	0.1	56	13	0.982412060301508	9.97943050424923e-13	-27.6330801839299
2N	20.5_20.5_2_1_0.5_0.3_0.2_0.1	SUM-159_NLS_2N_O2_A6_seed	SUM-159_NLS_2N_O2_A6	0.1	56	14	1.02261306532663	9.97943050424923e-13	-27.6330801839299
2N	20.5_20.5_2_1_0.5_0.3_0.2_0.1	SUM-159_NLS_2N_O2_A6_seed	SUM-159_NLS_2N_O2_A6	0.1	56	15	1.06281407035176	9.97943050424923e-13	-27.6330801839299
2N	20.5_20.5_2_1_0.5_0.3_0.2_0.1	SUM-159_NLS_2N_O2_A6_seed	SUM-159_NLS_2N_O2_A6	0.1	56	16	1.10301507537688	1.01212746334058e-08	-18.4086262291008
2N	20.5_20.5_2_1_0.5_0.3_0.2_0.1	SUM-159_NLS_2N_O2_A6_seed	SUM-159_NLS_2N_O2_A6	0.1	56	17	1.14321608040201	2.77595807470082e-05	-10.4919295252132
2N	20.5_20.5_2_1_0.5_0.3_0.2_0.1	SUM-159_NLS_2N_O2_A6_seed	SUM-159_NLS_2N_O2_A6	0.1	56	18	1.18341708542714	0.000191038985511532	-8.56303303811997
2N	20.5_20.5_2_1_0.5_0.3_0.2_0.1	SUM-159_NLS_2N_O2_A6_seed	SUM-159_NLS_2N_O2_A6	0.1	56	19	1.22361809045226	0.000519404273817881	-7.56282803039466
2N	20.5_20.5_2_1_0.5_0.3_0.2_0.1	SUM-159_NLS_2N_O2_A6_seed	SUM-159_NLS_2N_O2_A6	0.1	56	20	1.26381909547739	0.000473471476233111	-7.65541888742064
2N	20.5_20.5_2_1_0.5_0.3_0.2_0.1	SUM-159_NLS_2N_O2_A6_seed	SUM-159_NLS_2N_O2_A6	0.1	56	21	1.30402010050251	0.0019979244990343	-6.21564638774089
2N	20.5_20.5_2_1_0.5_0.3_0.2_0.1	SUM-159_NLS_2N_O2_A6_seed	SUM-159_NLS_2N_O2_A6	0.1	56	22	1.34422110552764	0.00738800519375699	-4.90789751364634
2N	20.5_20.5_2_1_0.5_0.3_0.2_0.1	SUM-159_NLS_2N_O2_A6_seed	SUM-159_NLS_2N_O2_A6	0.1	56	23	1.38442211055276	0.0199077182858494	-3.91664776888717
2N	20.5_20.5_2_1_0.5_0.3_0.2_0.1	SUM-159_NLS_2N_O2_A6_seed	SUM-159_NLS_2N_O2_A6	0.1	56	24	1.42462311557789	0.0455842820516298	-3.08819231373191
2N	20.5_20.5_2_1_0.5_0.3_0.2_0.1	SUM-159_NLS_2N_O2_A6_seed	SUM-159_NLS_2N_O2_A6	0.1	56	25	1.46482412060302	0.104903469176949	-2.25471469284981
2N	20.5_20.5_2_1_0.5_0.3_0.2_0.1	SUM-159_NLS_2N_O2_A6_seed	SUM-159_NLS_2N_O2_A6	0.1	56	26	1.50502512562814	0.214218508532212	-1.54075871698801
2N	20.5_20.5_2_1_0.5_0.3_0.2_0.1	SUM-159_NLS_2N_O2_A6_seed	SUM-159_NLS_2N_O2_A6	0.1	56	27	1.54522613065327	0.392487503490952	-0.935250580506133
2N	20.5_20.5_2_1_0.5_0.3_0.2_0.1	SUM-159_NLS_2N_O2_A6_seed	SUM-159_NLS_2N_O2_A6	0.1	56	28	1.58542713567839	0.65910087513459	-0.416878683152246
2N	20.5_20.5_2_1_0.5_0.3_0.2_0.1	SUM-159_NLS_2N_O2_A6_seed	SUM-159_NLS_2N_O2_A6	0.1	56	29	1.62562814070352	1.04183815459897	0.0409866093854926
2N	20.5_20.5_2_1_0.5_0.3_0.2_0.1	SUM-159_NLS_2N_O2_A6_seed	SUM-159_NLS_2N_O2_A6	0.1	56	30	1.66582914572864	1.48559844472974	0.395817684158757
2N	20.5_20.5_2_1_0.5_0.3_0.2_0.1	SUM-159_NLS_2N_O2_A6_seed	SUM-159_NLS_2N_O2_A6	0.1	56	31	1.70603015075377	1.95161527374586	0.668657375197552
2N	20.5_20.5_2_1_0.5_0.3_0.2_0.1	SUM-159_NLS_2N_O2_A6_seed	SUM-159_NLS_2N_O2_A6	0.1	56	32	1.74623115577889	2.36543513516763	0.860961994519961
2N	20.5_20.5_2_1_0.5_0.3_0.2_0.1	SUM-159_NLS_2N_O2_A6_seed	SUM-159_NLS_2N_O2_A6	0.1	56	33	1.78643216080402	2.64569588444975	0.97293412501695
2N	20.5_20.5_2_1_0.5_0.3_0.2_0.1	SUM-159_NLS_2N_O2_A6_seed	SUM-159_NLS_2N_O2_A6	0.1	56	34	1.82663316582915	2.71844461576502	1.00005988431005
2N	20.5_20.5_2_1_0.5_0.3_0.2_0.1	SUM-159_NLS_2N_O2_A6_seed	SUM-159_NLS_2N_O2_A6	0.1	56	35	1.86683417085427	2.57314934719314	0.945130575607791
2N	20.5_20.5_2_1_0.5_0.3_0.2_0.1	SUM-159_NLS_2N_O2_A6_seed	SUM-159_NLS_2N_O2_A6	0.1	56	36	1.9070351758794	2.24898795029919	0.810480315158999
2N	20.5_20.5_2_1_0.5_0.3_0.2_0.1	SUM-159_NLS_2N_O2_A6_seed	SUM-159_NLS_2N_O2_A6	0.1	56	37	1.94723618090452	1.83026117392281	0.604458674660695
2N	20.5_20.5_2_1_0.5_0.3_0.2_0.1	SUM-159_NLS_2N_O2_A6_seed	SUM-159_NLS_2N_O2_A6	0.1	56	38	1.98743718592965	1.3651222228845	0.31124396520313
2N	20.5_20.5_2_1_0.5_0.3_0.2_0.1	SUM-159_NLS_2N_O2_A6_seed	SUM-159_NLS_2N_O2_A6	0.1	56	39	2.02763819095477	0.947926741674934	-0.0534780564273193
2N	20.5_20.5_2_1_0.5_0.3_0.2_0.1	SUM-159_NLS_2N_O2_A6_seed	SUM-159_NLS_2N_O2_A6	0.1	56	40	2.0678391959799	0.617849719433851	-0.481510023532791
2N	20.5_20.5_2_1_0.5_0.3_0.2_0.1	SUM-159_NLS_2N_O2_A6_seed	SUM-159_NLS_2N_O2_A6	0.1	56	41	2.10804020100502	0.377898164945063	-0.973130524565812
2N	20.5_20.5_2_1_0.5_0.3_0.2_0.1	SUM-159_NLS_2N_O2_A6_seed	SUM-159_NLS_2N_O2_A6	0.1	56	42	2.14824120603015	0.214759812495181	-1.5382350265182
2N	20.5_20.5_2_1_0.5_0.3_0.2_0.1	SUM-159_NLS_2N_O2_A6_seed	SUM-159_NLS_2N_O2_A6	0.1	56	43	2.18844221105528	0.110866759753668	-2.19942616126157
2N	20.5_20.5_2_1_0.5_0.3_0.2_0.1	SUM-159_NLS_2N_O2_A6_seed	SUM-159_NLS_2N_O2_A6	0.1	56	44	2.2286432160804	0.0577516221270725	-2.85160384119424
2N	20.5_20.5_2_1_0.5_0.3_0.2_0.1	SUM-159_NLS_2N_O2_A6_seed	SUM-159_NLS_2N_O2_A6	0.1	56	45	2.26884422110553	0.0283226338146964	-3.56409401254966
2N	20.5_20.5_2_1_0.5_0.3_0.2_0.1	SUM-159_NLS_2N_O2_A6_seed	SUM-159_NLS_2N_O2_A6	0.1	56	46	2.30904522613065	0.0127723543010622	-4.36047226406164
2N	20.5_20.5_2_1_0.5_0.3_0.2_0.1	SUM-159_NLS_2N_O2_A6_seed	SUM-159_NLS_2N_O2_A6	0.1	56	47	2.34924623115578	0.00566822869604616	-5.17287860933569
2N	20.5_20.5_2_1_0.5_0.3_0.2_0.1	SUM-159_NLS_2N_O2_A6_seed	SUM-159_NLS_2N_O2_A6	0.1	56	48	2.3894472361809	0.00232513185431826	-6.06397853001612
2N	20.5_20.5_2_1_0.5_0.3_0.2_0.1	SUM-159_NLS_2N_O2_A6_seed	SUM-159_NLS_2N_O2_A6	0.1	56	49	2.42964824120603	0.000953622285508804	-6.95524289205545
2N	20.5_20.5_2_1_0.5_0.3_0.2_0.1	SUM-159_NLS_2N_O2_A6_seed	SUM-159_NLS_2N_O2_A6	0.1	56	50	2.46984924623116	0.000389946284885506	-7.84950155938918
2N	20.5_20.5_2_1_0.5_0.3_0.2_0.1	SUM-159_NLS_2N_O2_A6_seed	SUM-159_NLS_2N_O2_A6	0.1	56	51	2.51005025125628	0.000193857714978352	-8.54838609593744
2N	20.5_20.5_2_1_0.5_0.3_0.2_0.1	SUM-159_NLS_2N_O2_A6_seed	SUM-159_NLS_2N_O2_A6	0.1	56	52	2.55025125628141	0.000100737318086362	-9.20299424013374
2N	20.5_20.5_2_1_0.5_0.3_0.2_0.1	SUM-159_NLS_2N_O2_A6_seed	SUM-159_NLS_2N_O2_A6	0.1	56	53	2.59045226130653	3.48787613822084e-05	-10.2636324703852
2N	20.5_20.5_2_1_0.5_0.3_0.2_0.1	SUM-159_NLS_2N_O2_A6_seed	SUM-159_NLS_2N_O2_A6	0.1	56	54	2.63065326633166	6.0401950058184e-06	-12.0170742608072
2N	20.5_20.5_2_1_0.5_0.3_0.2_0.1	SUM-159_NLS_2N_O2_A6_seed	SUM-159_NLS_2N_O2_A6	0.1	56	55	2.67085427135678	2.0381722524829e-11	-24.6163825713509
2N	20.5_20.5_2_1_0.5_0.3_0.2_0.1	SUM-159_NLS_2N_O2_A6_seed	SUM-159_NLS_2N_O2_A6	0.1	56	56	2.71105527638191	9.97943050424923e-13	-27.6330801839299
2N	20.5_20.5_2_1_0.5_0.3_0.2_0.1	SUM-159_NLS_2N_O2_A6_seed	SUM-159_NLS_2N_O2_A6	0.1	56	57	2.75125628140704	9.97943050424923e-13	-27.6330801839299
2N	20.5_20.5_2_1_0.5_0.3_0.2_0.1	SUM-159_NLS_2N_O2_A6_seed	SUM-159_NLS_2N_O2_A6	0.1	56	58	2.79145728643216	9.97943050424923e-13	-27.6330801839299
2N	20.5_20.5_2_1_0.5_0.3_0.2_0.1	SUM-159_NLS_2N_O2_A6_seed	SUM-159_NLS_2N_O2_A6	0.1	56	59	2.83165829145729	9.97943050424923e-13	-27.6330801839299
2N	20.5_20.5_2_1_0.5_0.3_0.2_0.1	SUM-159_NLS_2N_O2_A6_seed	SUM-159_NLS_2N_O2_A6	0.1	56	60	2.87185929648241	9.97943050424923e-13	-27.6330801839299
2N	20.5_20.5_2_1_0.5_0.3_0.2_0.1	SUM-159_NLS_2N_O2_A6_seed	SUM-159_NLS_2N_O2_A6	0.1	56	61	2.91206030150754	1.52137517119629e-07	-15.6984810072184
2N	20.5_20.5_2_1_0.5_0.3_0.2_0.1	SUM-159_NLS_2N_O2_A6_seed	SUM-159_NLS_2N_O2_A6	0.1	56	62	2.95226130653266	4.46708892609759e-05	-10.0161885154562
2N	20.5_20.5_2_1_0.5_0.3_0.2_0.1	SUM-159_NLS_2N_O2_A6_seed	SUM-159_NLS_2N_O2_A6	0.1	56	63	2.99246231155779	1.37343708285641e-07	-15.8007792333492
2N	20.5_20.5_2_1_0.5_0.3_0.2_0.1	SUM-159_NLS_2N_O2_A6_seed	SUM-159_NLS_2N_O2_A6	0.1	56	64	3.03266331658291	4.49801237199589e-05	-10.009289860882
2N	20.5_20.5_2_1_0.5_0.3_0.2_0.1	SUM-159_NLS_2N_O2_A6_seed	SUM-159_NLS_2N_O2_A6	0.1	56	65	3.07286432160804	0.000227552449788306	-8.38812979762547
2N	20.5_20.5_2_1_0.5_0.3_0.2_0.1	SUM-159_NLS_2N_O2_A6_seed	SUM-159_NLS_2N_O2_A6	0.1	56	66	3.11306532663317	0.000115589488000761	-9.06546554011024
2N	20.5_20.5_2_1_0.5_0.3_0.2_0.1	SUM-159_NLS_2N_O2_A6_seed	SUM-159_NLS_2N_O2_A6	0.1	56	67	3.15326633165829	0.000725947730407927	-7.22803254241466
2N	20.5_20.5_2_1_0.5_0.3_0.2_0.1	SUM-159_NLS_2N_O2_A6_seed	SUM-159_NLS_2N_O2_A6	0.1	56	68	3.19346733668342	0.00160197823619696	-6.43651601582341
2N	20.5_20.5_2_1_0.5_0.3_0.2_0.1	SUM-159_NLS_2N_O2_A6_seed	SUM-159_NLS_2N_O2_A6	0.1	56	69	3.23366834170854	0.00321979686643553	-5.73843700637367
2N	20.5_20.5_2_1_0.5_0.3_0.2_0.1	SUM-159_NLS_2N_O2_A6_seed	SUM-159_NLS_2N_O2_A6	0.1	56	70	3.27386934673367	0.00550684615454175	-5.20176320543817
2N	20.5_20.5_2_1_0.5_0.3_0.2_0.1	SUM-159_NLS_2N_O2_A6_seed	SUM-159_NLS_2N_O2_A6	0.1	56	71	3.31407035175879	0.00875471690293024	-4.73816264924054
2N	20.5_20.5_2_1_0.5_0.3_0.2_0.1	SUM-159_NLS_2N_O2_A6_seed	SUM-159_NLS_2N_O2_A6	0.1	56	72	3.35427135678392	0.0146516194577889	-4.22320440643473
2N	20.5_20.5_2_1_0.5_0.3_0.2_0.1	SUM-159_NLS_2N_O2_A6_seed	SUM-159_NLS_2N_O2_A6	0.1	56	73	3.39447236180905	0.020955579598624	-3.86535033878341
2N	20.5_20.5_2_1_0.5_0.3_0.2_0.1	SUM-159_NLS_2N_O2_A6_seed	SUM-159_NLS_2N_O2_A6	0.1	56	74	3.43467336683417	0.029282484283084	-3.53076574775448
2N	20.5_20.5_2_1_0.5_0.3_0.2_0.1	SUM-159_NLS_2N_O2_A6_seed	SUM-159_NLS_2N_O2_A6	0.1	56	75	3.4748743718593	0.0376485512854057	-3.27946080395183
2N	20.5_20.5_2_1_0.5_0.3_0.2_0.1	SUM-159_NLS_2N_O2_A6_seed	SUM-159_NLS_2N_O2_A6	0.1	56	76	3.51507537688442	0.0479194091004054	-3.03823465621079
2N	20.5_20.5_2_1_0.5_0.3_0.2_0.1	SUM-159_NLS_2N_O2_A6_seed	SUM-159_NLS_2N_O2_A6	0.1	56	77	3.55527638190955	0.0563629961655281	-2.87594243215941
2N	20.5_20.5_2_1_0.5_0.3_0.2_0.1	SUM-159_NLS_2N_O2_A6_seed	SUM-159_NLS_2N_O2_A6	0.1	56	78	3.59547738693467	0.0678326581437436	-2.69071151647202
2N	20.5_20.5_2_1_0.5_0.3_0.2_0.1	SUM-159_NLS_2N_O2_A6_seed	SUM-159_NLS_2N_O2_A6	0.1	56	79	3.6356783919598	0.0724656541206943	-2.62464256563627
2N	20.5_20.5_2_1_0.5_0.3_0.2_0.1	SUM-159_NLS_2N_O2_A6_seed	SUM-159_NLS_2N_O2_A6	0.1	56	80	3.67587939698492	0.0757560616489191	-2.58023681602632
2N	20.5_20.5_2_1_0.5_0.3_0.2_0.1	SUM-159_NLS_2N_O2_A6_seed	SUM-159_NLS_2N_O2_A6	0.1	56	81	3.71608040201005	0.0745107675461888	-2.59681163321887
2N	20.5_20.5_2_1_0.5_0.3_0.2_0.1	SUM-159_NLS_2N_O2_A6_seed	SUM-159_NLS_2N_O2_A6	0.1	56	82	3.75628140703518	0.0680015662150242	-2.68822454149739
2N	20.5_20.5_2_1_0.5_0.3_0.2_0.1	SUM-159_NLS_2N_O2_A6_seed	SUM-159_NLS_2N_O2_A6	0.1	56	83	3.7964824120603	0.0589174945379983	-2.83161721140796
2N	20.5_20.5_2_1_0.5_0.3_0.2_0.1	SUM-159_NLS_2N_O2_A6_seed	SUM-159_NLS_2N_O2_A6	0.1	56	84	3.83668341708543	0.0516081927600583	-2.96407484467821
2N	20.5_20.5_2_1_0.5_0.3_0.2_0.1	SUM-159_NLS_2N_O2_A6_seed	SUM-159_NLS_2N_O2_A6	0.1	56	85	3.87688442211055	0.0399449004541092	-3.22025426312511
2N	20.5_20.5_2_1_0.5_0.3_0.2_0.1	SUM-159_NLS_2N_O2_A6_seed	SUM-159_NLS_2N_O2_A6	0.1	56	86	3.91708542713568	0.0292911787685753	-3.53046887420749
2N	20.5_20.5_2_1_0.5_0.3_0.2_0.1	SUM-159_NLS_2N_O2_A6_seed	SUM-159_NLS_2N_O2_A6	0.1	56	87	3.9572864321608	0.0203238360683625	-3.89596089119725
2N	20.5_20.5_2_1_0.5_0.3_0.2_0.1	SUM-159_NLS_2N_O2_A6_seed	SUM-159_NLS_2N_O2_A6	0.1	56	88	3.99748743718593	0.0137772878941935	-4.28473384741205
2N	20.5_20.5_2_1_0.5_0.3_0.2_0.1	SUM-159_NLS_2N_O2_A6_seed	SUM-159_NLS_2N_O2_A6	0.1	56	89	4.03768844221106	0.0089096285126397	-4.72062273167504
2N	20.5_20.5_2_1_0.5_0.3_0.2_0.1	SUM-159_NLS_2N_O2_A6_seed	SUM-159_NLS_2N_O2_A6	0.1	56	90	4.07788944723618	0.00556006153709084	-5.1921461029588
2N	20.5_20.5_2_1_0.5_0.3_0.2_0.1	SUM-159_NLS_2N_O2_A6_seed	SUM-159_NLS_2N_O2_A6	0.1	56	91	4.11809045226131	0.00372919987566667	-5.59156157888222
2N	20.5_20.5_2_1_0.5_0.3_0.2_0.1	SUM-159_NLS_2N_O2_A6_seed	SUM-159_NLS_2N_O2_A6	0.1	56	92	4.15829145728643	0.00241594405351939	-6.02566515583357
2N	20.5_20.5_2_1_0.5_0.3_0.2_0.1	SUM-159_NLS_2N_O2_A6_seed	SUM-159_NLS_2N_O2_A6	0.1	56	93	4.19849246231156	0.00138977428956677	-6.5786139266315
2N	20.5_20.5_2_1_0.5_0.3_0.2_0.1	SUM-159_NLS_2N_O2_A6_seed	SUM-159_NLS_2N_O2_A6	0.1	56	94	4.23869346733668	0.000868214242551099	-7.04907205054421
2N	20.5_20.5_2_1_0.5_0.3_0.2_0.1	SUM-159_NLS_2N_O2_A6_seed	SUM-159_NLS_2N_O2_A6	0.1	56	95	4.27889447236181	0.000626585171361029	-7.37522584496555
2N	20.5_20.5_2_1_0.5_0.3_0.2_0.1	SUM-159_NLS_2N_O2_A6_seed	SUM-159_NLS_2N_O2_A6	0.1	56	96	4.31909547738693	0.000338050998707846	-7.99231379011204
2N	20.5_20.5_2_1_0.5_0.3_0.2_0.1	SUM-159_NLS_2N_O2_A6_seed	SUM-159_NLS_2N_O2_A6	0.1	56	97	4.35929648241206	0.000244121784907001	-8.31784333871795
2N	20.5_20.5_2_1_0.5_0.3_0.2_0.1	SUM-159_NLS_2N_O2_A6_seed	SUM-159_NLS_2N_O2_A6	0.1	56	98	4.39949748743719	0.000205926495960903	-8.48799126857234
2N	20.5_20.5_2_1_0.5_0.3_0.2_0.1	SUM-159_NLS_2N_O2_A6_seed	SUM-159_NLS_2N_O2_A6	0.1	56	99	4.43969849246231	0.000257669091438424	-8.26383438759083
2N	20.5_20.5_2_1_0.5_0.3_0.2_0.1	SUM-159_NLS_2N_O2_A6_seed	SUM-159_NLS_2N_O2_A6	0.1	56	100	4.47989949748744	3.34056847622213e-05	-10.3067844700027
2N	20.5_20.5_2_1_0.5_0.3_0.2_0.1	SUM-159_NLS_2N_O2_A6_seed	SUM-159_NLS_2N_O2_A6	0.1	56	101	4.52010050251256	4.62274559553743e-05	-9.98193665164547
2N	20.5_20.5_2_1_0.5_0.3_0.2_0.1	SUM-159_NLS_2N_O2_A6_seed	SUM-159_NLS_2N_O2_A6	0.1	56	102	4.56030150753769	3.52844581554946e-05	-10.2520679698574
2N	20.5_20.5_2_1_0.5_0.3_0.2_0.1	SUM-159_NLS_2N_O2_A6_seed	SUM-159_NLS_2N_O2_A6	0.1	56	103	4.60050251256281	2.65389339968145e-05	-10.5368976957744
2N	20.5_20.5_2_1_0.5_0.3_0.2_0.1	SUM-159_NLS_2N_O2_A6_seed	SUM-159_NLS_2N_O2_A6	0.1	56	104	4.64070351758794	8.26983188172795e-06	-11.702896377826
2N	20.5_20.5_2_1_0.5_0.3_0.2_0.1	SUM-159_NLS_2N_O2_A6_seed	SUM-159_NLS_2N_O2_A6	0.1	56	105	4.68090452261307	6.8383172727114e-08	-16.4981390553455
2N	20.5_20.5_2_1_0.5_0.3_0.2_0.1	SUM-159_NLS_2N_O2_A6_seed	SUM-159_NLS_2N_O2_A6	0.1	56	106	4.72110552763819	4.38419456311065e-05	-10.0349195360377
2N	20.5_20.5_2_1_0.5_0.3_0.2_0.1	SUM-159_NLS_2N_O2_A6_seed	SUM-159_NLS_2N_O2_A6	0.1	56	107	4.76130653266332	1.55534760133573e-07	-15.6763965924715
2N	20.5_20.5_2_1_0.5_0.3_0.2_0.1	SUM-159_NLS_2N_O2_A6_seed	SUM-159_NLS_2N_O2_A6	0.1	56	108	4.80150753768844	9.97943050424923e-13	-27.6330801839299
2N	20.5_20.5_2_1_0.5_0.3_0.2_0.1	SUM-159_NLS_2N_O2_A6_seed	SUM-159_NLS_2N_O2_A6	0.1	56	109	4.84170854271357	9.97943050424923e-13	-27.6330801839299
2N	20.5_20.5_2_1_0.5_0.3_0.2_0.1	SUM-159_NLS_2N_O2_A6_seed	SUM-159_NLS_2N_O2_A6	0.1	56	110	4.88190954773869	9.97943050424923e-13	-27.6330801839299
2N	20.5_20.5_2_1_0.5_0.3_0.2_0.1	SUM-159_NLS_2N_O2_A6_seed	SUM-159_NLS_2N_O2_A6	0.1	56	111	4.92211055276382	9.97943050424923e-13	-27.6330801839299
2N	20.5_20.5_2_1_0.5_0.3_0.2_0.1	SUM-159_NLS_2N_O2_A6_seed	SUM-159_NLS_2N_O2_A6	0.1	56	112	4.96231155778894	9.97943050424923e-13	-27.6330801839299
2N	20.5_20.5_2_1_0.5_0.3_0.2_0.1	SUM-159_NLS_2N_O2_A6_seed	SUM-159_NLS_2N_O2_A6	0.1	56	113	5.00251256281407	9.97943050424923e-13	-27.6330801839299
2N	20.5_20.5_2_1_0.5_0.3_0.2_0.1	SUM-159_NLS_2N_O2_A6_seed	SUM-159_NLS_2N_O2_A6	0.1	56	114	5.0427135678392	9.97943050424923e-13	-27.6330801839299
2N	20.5_20.5_2_1_0.5_0.3_0.2_0.1	SUM-159_NLS_2N_O2_A6_seed	SUM-159_NLS_2N_O2_A6	0.1	56	115	5.08291457286432	9.97943050424923e-13	-27.6330801839299
2N	20.5_20.5_2_1_0.5_0.3_0.2_0.1	SUM-159_NLS_2N_O2_A6_seed	SUM-159_NLS_2N_O2_A6	0.1	56	116	5.12311557788945	9.97943050424923e-13	-27.6330801839299
2N	20.5_20.5_2_1_0.5_0.3_0.2_0.1	SUM-159_NLS_2N_O2_A6_seed	SUM-159_NLS_2N_O2_A6	0.1	56	117	5.16331658291457	9.97943050424923e-13	-27.6330801839299
2N	20.5_20.5_2_1_0.5_0.3_0.2_0.1	SUM-159_NLS_2N_O2_A6_seed	SUM-159_NLS_2N_O2_A6	0.1	56	118	5.2035175879397	9.97943050424923e-13	-27.6330801839299
2N	20.5_20.5_2_1_0.5_0.3_0.2_0.1	SUM-159_NLS_2N_O2_A6_seed	SUM-159_NLS_2N_O2_A6	0.1	56	119	5.24371859296482	9.97943050424923e-13	-27.6330801839299
2N	20.5_20.5_2_1_0.5_0.3_0.2_0.1	SUM-159_NLS_2N_O2_A6_seed	SUM-159_NLS_2N_O2_A6	0.1	56	120	5.28391959798995	9.97943050424923e-13	-27.6330801839299
2N	20.5_20.5_2_1_0.5_0.3_0.2_0.1	SUM-159_NLS_2N_O2_A6_seed	SUM-159_NLS_2N_O2_A6	0.1	56	121	5.32412060301508	9.97943050424923e-13	-27.6330801839299
2N	20.5_20.5_2_1_0.5_0.3_0.2_0.1	SUM-159_NLS_2N_O2_A6_seed	SUM-159_NLS_2N_O2_A6	0.1	56	122	5.3643216080402	9.97943050424923e-13	-27.6330801839299
2N	20.5_20.5_2_1_0.5_0.3_0.2_0.1	SUM-159_NLS_2N_O2_A6_seed	SUM-159_NLS_2N_O2_A6	0.1	56	123	5.40452261306533	9.97943050424923e-13	-27.6330801839299
2N	20.5_20.5_2_1_0.5_0.3_0.2_0.1	SUM-159_NLS_2N_O2_A6_seed	SUM-159_NLS_2N_O2_A6	0.1	56	124	5.44472361809045	9.97943050424923e-13	-27.6330801839299
2N	20.5_20.5_2_1_0.5_0.3_0.2_0.1	SUM-159_NLS_2N_O2_A6_seed	SUM-159_NLS_2N_O2_A6	0.1	56	125	5.48492462311558	9.97943050424923e-13	-27.6330801839299
2N	20.5_20.5_2_1_0.5_0.3_0.2_0.1	SUM-159_NLS_2N_O2_A6_seed	SUM-159_NLS_2N_O2_A6	0.1	56	126	5.5251256281407	9.97943050424923e-13	-27.6330801839299
2N	20.5_20.5_2_1_0.5_0.3_0.2_0.1	SUM-159_NLS_2N_O2_A6_seed	SUM-159_NLS_2N_O2_A6	0.1	56	127	5.56532663316583	9.97943050424923e-13	-27.6330801839299
2N	20.5_20.5_2_1_0.5_0.3_0.2_0.1	SUM-159_NLS_2N_O2_A6_seed	SUM-159_NLS_2N_O2_A6	0.1	56	128	5.60552763819095	9.97943050424923e-13	-27.6330801839299
2N	20.5_20.5_2_1_0.5_0.3_0.2_0.1	SUM-159_NLS_2N_O2_A6_seed	SUM-159_NLS_2N_O2_A6	0.1	56	129	5.64572864321608	9.97943050424923e-13	-27.6330801839299
2N	20.5_20.5_2_1_0.5_0.3_0.2_0.1	SUM-159_NLS_2N_O2_A6_seed	SUM-159_NLS_2N_O2_A6	0.1	56	130	5.68592964824121	9.97943050424923e-13	-27.6330801839299
2N	20.5_20.5_2_1_0.5_0.3_0.2_0.1	SUM-159_NLS_2N_O2_A6_seed	SUM-159_NLS_2N_O2_A6	0.1	56	131	5.72613065326633	9.97943050424923e-13	-27.6330801839299
2N	20.5_20.5_2_1_0.5_0.3_0.2_0.1	SUM-159_NLS_2N_O2_A6_seed	SUM-159_NLS_2N_O2_A6	0.1	56	132	5.76633165829146	9.97943050424923e-13	-27.6330801839299
2N	20.5_20.5_2_1_0.5_0.3_0.2_0.1	SUM-159_NLS_2N_O2_A6_seed	SUM-159_NLS_2N_O2_A6	0.1	56	133	5.80653266331658	9.97943050424923e-13	-27.6330801839299
2N	20.5_20.5_2_1_0.5_0.3_0.2_0.1	SUM-159_NLS_2N_O2_A6_seed	SUM-159_NLS_2N_O2_A6	0.1	56	134	5.84673366834171	9.97943050424923e-13	-27.6330801839299
2N	20.5_20.5_2_1_0.5_0.3_0.2_0.1	SUM-159_NLS_2N_O2_A6_seed	SUM-159_NLS_2N_O2_A6	0.1	56	135	5.88693467336683	9.97943050424923e-13	-27.6330801839299
2N	20.5_20.5_2_1_0.5_0.3_0.2_0.1	SUM-159_NLS_2N_O2_A6_seed	SUM-159_NLS_2N_O2_A6	0.1	56	136	5.92713567839196	9.97943050424923e-13	-27.6330801839299
2N	20.5_20.5_2_1_0.5_0.3_0.2_0.1	SUM-159_NLS_2N_O2_A6_seed	SUM-159_NLS_2N_O2_A6	0.1	56	137	5.96733668341709	9.97943050424923e-13	-27.6330801839299
2N	20.5_20.5_2_1_0.5_0.3_0.2_0.1	SUM-159_NLS_2N_O2_A6_seed	SUM-159_NLS_2N_O2_A6	0.1	56	138	6.00753768844221	9.97943050424923e-13	-27.6330801839299
2N	20.5_20.5_2_1_0.5_0.3_0.2_0.1	SUM-159_NLS_2N_O2_A6_seed	SUM-159_NLS_2N_O2_A6	0.1	56	139	6.04773869346734	9.97943050424923e-13	-27.6330801839299
2N	20.5_20.5_2_1_0.5_0.3_0.2_0.1	SUM-159_NLS_2N_O2_A6_seed	SUM-159_NLS_2N_O2_A6	0.1	56	140	6.08793969849246	9.97943050424923e-13	-27.6330801839299
2N	20.5_20.5_2_1_0.5_0.3_0.2_0.1	SUM-159_NLS_2N_O2_A6_seed	SUM-159_NLS_2N_O2_A6	0.1	56	141	6.12814070351759	9.97943050424923e-13	-27.6330801839299
2N	20.5_20.5_2_1_0.5_0.3_0.2_0.1	SUM-159_NLS_2N_O2_A6_seed	SUM-159_NLS_2N_O2_A6	0.1	56	142	6.16834170854271	9.97943050424923e-13	-27.6330801839299
2N	20.5_20.5_2_1_0.5_0.3_0.2_0.1	SUM-159_NLS_2N_O2_A6_seed	SUM-159_NLS_2N_O2_A6	0.1	56	143	6.20854271356784	9.97943050424923e-13	-27.6330801839299
2N	20.5_20.5_2_1_0.5_0.3_0.2_0.1	SUM-159_NLS_2N_O2_A6_seed	SUM-159_NLS_2N_O2_A6	0.1	56	144	6.24874371859296	9.97943050424923e-13	-27.6330801839299
2N	20.5_20.5_2_1_0.5_0.3_0.2_0.1	SUM-159_NLS_2N_O2_A6_seed	SUM-159_NLS_2N_O2_A6	0.1	56	145	6.28894472361809	9.97943050424923e-13	-27.6330801839299
2N	20.5_20.5_2_1_0.5_0.3_0.2_0.1	SUM-159_NLS_2N_O2_A6_seed	SUM-159_NLS_2N_O2_A6	0.1	56	146	6.32914572864322	9.97943050424923e-13	-27.6330801839299
2N	20.5_20.5_2_1_0.5_0.3_0.2_0.1	SUM-159_NLS_2N_O2_A6_seed	SUM-159_NLS_2N_O2_A6	0.1	56	147	6.36934673366834	9.97943050424923e-13	-27.6330801839299
2N	20.5_20.5_2_1_0.5_0.3_0.2_0.1	SUM-159_NLS_2N_O2_A6_seed	SUM-159_NLS_2N_O2_A6	0.1	56	148	6.40954773869347	9.97943050424923e-13	-27.6330801839299
2N	20.5_20.5_2_1_0.5_0.3_0.2_0.1	SUM-159_NLS_2N_O2_A6_seed	SUM-159_NLS_2N_O2_A6	0.1	56	149	6.44974874371859	9.97943050424923e-13	-27.6330801839299
2N	20.5_20.5_2_1_0.5_0.3_0.2_0.1	SUM-159_NLS_2N_O2_A6_seed	SUM-159_NLS_2N_O2_A6	0.1	56	150	6.48994974874372	9.97943050424923e-13	-27.6330801839299
2N	20.5_20.5_2_1_0.5_0.3_0.2_0.1	SUM-159_NLS_2N_O2_A6_seed	SUM-159_NLS_2N_O2_A6	0.1	56	151	6.53015075376884	9.97943050424923e-13	-27.6330801839299
2N	20.5_20.5_2_1_0.5_0.3_0.2_0.1	SUM-159_NLS_2N_O2_A6_seed	SUM-159_NLS_2N_O2_A6	0.1	56	152	6.57035175879397	9.97943050424923e-13	-27.6330801839299
2N	20.5_20.5_2_1_0.5_0.3_0.2_0.1	SUM-159_NLS_2N_O2_A6_seed	SUM-159_NLS_2N_O2_A6	0.1	56	153	6.6105527638191	9.97943050424923e-13	-27.6330801839299
2N	20.5_20.5_2_1_0.5_0.3_0.2_0.1	SUM-159_NLS_2N_O2_A6_seed	SUM-159_NLS_2N_O2_A6	0.1	56	154	6.65075376884422	9.97943050424923e-13	-27.6330801839299
2N	20.5_20.5_2_1_0.5_0.3_0.2_0.1	SUM-159_NLS_2N_O2_A6_seed	SUM-159_NLS_2N_O2_A6	0.1	56	155	6.69095477386935	9.97943050424923e-13	-27.6330801839299
2N	20.5_20.5_2_1_0.5_0.3_0.2_0.1	SUM-159_NLS_2N_O2_A6_seed	SUM-159_NLS_2N_O2_A6	0.1	56	156	6.73115577889447	9.97943050424923e-13	-27.6330801839299
2N	20.5_20.5_2_1_0.5_0.3_0.2_0.1	SUM-159_NLS_2N_O2_A6_seed	SUM-159_NLS_2N_O2_A6	0.1	56	157	6.7713567839196	9.97943050424923e-13	-27.6330801839299
2N	20.5_20.5_2_1_0.5_0.3_0.2_0.1	SUM-159_NLS_2N_O2_A6_seed	SUM-159_NLS_2N_O2_A6	0.1	56	158	6.81155778894472	9.97943050424923e-13	-27.6330801839299
2N	20.5_20.5_2_1_0.5_0.3_0.2_0.1	SUM-159_NLS_2N_O2_A6_seed	SUM-159_NLS_2N_O2_A6	0.1	56	159	6.85175879396985	9.97943050424923e-13	-27.6330801839299
2N	20.5_20.5_2_1_0.5_0.3_0.2_0.1	SUM-159_NLS_2N_O2_A6_seed	SUM-159_NLS_2N_O2_A6	0.1	56	160	6.89195979899498	9.97943050424923e-13	-27.6330801839299
2N	20.5_20.5_2_1_0.5_0.3_0.2_0.1	SUM-159_NLS_2N_O2_A6_seed	SUM-159_NLS_2N_O2_A6	0.1	56	161	6.9321608040201	9.97943050424923e-13	-27.6330801839299
2N	20.5_20.5_2_1_0.5_0.3_0.2_0.1	SUM-159_NLS_2N_O2_A6_seed	SUM-159_NLS_2N_O2_A6	0.1	56	162	6.97236180904523	9.97943050424923e-13	-27.6330801839299
2N	20.5_20.5_2_1_0.5_0.3_0.2_0.1	SUM-159_NLS_2N_O2_A6_seed	SUM-159_NLS_2N_O2_A6	0.1	56	163	7.01256281407035	9.97943050424923e-13	-27.6330801839299
2N	20.5_20.5_2_1_0.5_0.3_0.2_0.1	SUM-159_NLS_2N_O2_A6_seed	SUM-159_NLS_2N_O2_A6	0.1	56	164	7.05276381909548	9.97943050424923e-13	-27.6330801839299
2N	20.5_20.5_2_1_0.5_0.3_0.2_0.1	SUM-159_NLS_2N_O2_A6_seed	SUM-159_NLS_2N_O2_A6	0.1	56	165	7.0929648241206	9.97943050424923e-13	-27.6330801839299
2N	20.5_20.5_2_1_0.5_0.3_0.2_0.1	SUM-159_NLS_2N_O2_A6_seed	SUM-159_NLS_2N_O2_A6	0.1	56	166	7.13316582914573	9.97943050424923e-13	-27.6330801839299
2N	20.5_20.5_2_1_0.5_0.3_0.2_0.1	SUM-159_NLS_2N_O2_A6_seed	SUM-159_NLS_2N_O2_A6	0.1	56	167	7.17336683417085	9.97943050424923e-13	-27.6330801839299
2N	20.5_20.5_2_1_0.5_0.3_0.2_0.1	SUM-159_NLS_2N_O2_A6_seed	SUM-159_NLS_2N_O2_A6	0.1	56	168	7.21356783919598	9.97943050424923e-13	-27.6330801839299
2N	20.5_20.5_2_1_0.5_0.3_0.2_0.1	SUM-159_NLS_2N_O2_A6_seed	SUM-159_NLS_2N_O2_A6	0.1	56	169	7.25376884422111	9.97943050424923e-13	-27.6330801839299
2N	20.5_20.5_2_1_0.5_0.3_0.2_0.1	SUM-159_NLS_2N_O2_A6_seed	SUM-159_NLS_2N_O2_A6	0.1	56	170	7.29396984924623	9.97943050424923e-13	-27.6330801839299
2N	20.5_20.5_2_1_0.5_0.3_0.2_0.1	SUM-159_NLS_2N_O2_A6_seed	SUM-159_NLS_2N_O2_A6	0.1	56	171	7.33417085427136	9.97943050424923e-13	-27.6330801839299
2N	20.5_20.5_2_1_0.5_0.3_0.2_0.1	SUM-159_NLS_2N_O2_A6_seed	SUM-159_NLS_2N_O2_A6	0.1	56	172	7.37437185929648	9.97943050424923e-13	-27.6330801839299
2N	20.5_20.5_2_1_0.5_0.3_0.2_0.1	SUM-159_NLS_2N_O2_A6_seed	SUM-159_NLS_2N_O2_A6	0.1	56	173	7.41457286432161	9.97943050424923e-13	-27.6330801839299
2N	20.5_20.5_2_1_0.5_0.3_0.2_0.1	SUM-159_NLS_2N_O2_A6_seed	SUM-159_NLS_2N_O2_A6	0.1	56	174	7.45477386934673	9.97943050424923e-13	-27.6330801839299
2N	20.5_20.5_2_1_0.5_0.3_0.2_0.1	SUM-159_NLS_2N_O2_A6_seed	SUM-159_NLS_2N_O2_A6	0.1	56	175	7.49497487437186	9.97943050424923e-13	-27.6330801839299
2N	20.5_20.5_2_1_0.5_0.3_0.2_0.1	SUM-159_NLS_2N_O2_A6_seed	SUM-159_NLS_2N_O2_A6	0.1	56	176	7.53517587939699	9.97943050424923e-13	-27.6330801839299
2N	20.5_20.5_2_1_0.5_0.3_0.2_0.1	SUM-159_NLS_2N_O2_A6_seed	SUM-159_NLS_2N_O2_A6	0.1	56	177	7.57537688442211	9.97943050424923e-13	-27.6330801839299
2N	20.5_20.5_2_1_0.5_0.3_0.2_0.1	SUM-159_NLS_2N_O2_A6_seed	SUM-159_NLS_2N_O2_A6	0.1	56	178	7.61557788944724	9.97943050424923e-13	-27.6330801839299
2N	20.5_20.5_2_1_0.5_0.3_0.2_0.1	SUM-159_NLS_2N_O2_A6_seed	SUM-159_NLS_2N_O2_A6	0.1	56	179	7.65577889447236	9.97943050424923e-13	-27.6330801839299
2N	20.5_20.5_2_1_0.5_0.3_0.2_0.1	SUM-159_NLS_2N_O2_A6_seed	SUM-159_NLS_2N_O2_A6	0.1	56	180	7.69597989949749	9.97943050424923e-13	-27.6330801839299
2N	20.5_20.5_2_1_0.5_0.3_0.2_0.1	SUM-159_NLS_2N_O2_A6_seed	SUM-159_NLS_2N_O2_A6	0.1	56	181	7.73618090452261	9.97943050424923e-13	-27.6330801839299
2N	20.5_20.5_2_1_0.5_0.3_0.2_0.1	SUM-159_NLS_2N_O2_A6_seed	SUM-159_NLS_2N_O2_A6	0.1	56	182	7.77638190954774	9.97943050424923e-13	-27.6330801839299
2N	20.5_20.5_2_1_0.5_0.3_0.2_0.1	SUM-159_NLS_2N_O2_A6_seed	SUM-159_NLS_2N_O2_A6	0.1	56	183	7.81658291457286	9.97943050424923e-13	-27.6330801839299
2N	20.5_20.5_2_1_0.5_0.3_0.2_0.1	SUM-159_NLS_2N_O2_A6_seed	SUM-159_NLS_2N_O2_A6	0.1	56	184	7.85678391959799	9.97943050424923e-13	-27.6330801839299
2N	20.5_20.5_2_1_0.5_0.3_0.2_0.1	SUM-159_NLS_2N_O2_A6_seed	SUM-159_NLS_2N_O2_A6	0.1	56	185	7.89698492462312	9.97943050424923e-13	-27.6330801839299
2N	20.5_20.5_2_1_0.5_0.3_0.2_0.1	SUM-159_NLS_2N_O2_A6_seed	SUM-159_NLS_2N_O2_A6	0.1	56	186	7.93718592964824	9.97943050424923e-13	-27.6330801839299
2N	20.5_20.5_2_1_0.5_0.3_0.2_0.1	SUM-159_NLS_2N_O2_A6_seed	SUM-159_NLS_2N_O2_A6	0.1	56	187	7.97738693467337	9.97943050424923e-13	-27.6330801839299
2N	20.5_20.5_2_1_0.5_0.3_0.2_0.1	SUM-159_NLS_2N_O2_A6_seed	SUM-159_NLS_2N_O2_A6	0.1	56	188	8.01758793969849	9.97943050424923e-13	-27.6330801839299
2N	20.5_20.5_2_1_0.5_0.3_0.2_0.1	SUM-159_NLS_2N_O2_A6_seed	SUM-159_NLS_2N_O2_A6	0.1	56	189	8.05778894472362	9.97943050424923e-13	-27.6330801839299
2N	20.5_20.5_2_1_0.5_0.3_0.2_0.1	SUM-159_NLS_2N_O2_A6_seed	SUM-159_NLS_2N_O2_A6	0.1	56	190	8.09798994974874	9.97943050424923e-13	-27.6330801839299
2N	20.5_20.5_2_1_0.5_0.3_0.2_0.1	SUM-159_NLS_2N_O2_A6_seed	SUM-159_NLS_2N_O2_A6	0.1	56	191	8.13819095477387	9.97943050424923e-13	-27.6330801839299
2N	20.5_20.5_2_1_0.5_0.3_0.2_0.1	SUM-159_NLS_2N_O2_A6_seed	SUM-159_NLS_2N_O2_A6	0.1	56	192	8.178391959799	9.97943050424923e-13	-27.6330801839299
2N	20.5_20.5_2_1_0.5_0.3_0.2_0.1	SUM-159_NLS_2N_O2_A6_seed	SUM-159_NLS_2N_O2_A6	0.1	56	193	8.21859296482412	9.97943050424923e-13	-27.6330801839299
2N	20.5_20.5_2_1_0.5_0.3_0.2_0.1	SUM-159_NLS_2N_O2_A6_seed	SUM-159_NLS_2N_O2_A6	0.1	56	194	8.25879396984925	9.97943050424923e-13	-27.6330801839299
2N	20.5_20.5_2_1_0.5_0.3_0.2_0.1	SUM-159_NLS_2N_O2_A6_seed	SUM-159_NLS_2N_O2_A6	0.1	56	195	8.29899497487437	9.97943050424923e-13	-27.6330801839299
2N	20.5_20.5_2_1_0.5_0.3_0.2_0.1	SUM-159_NLS_2N_O2_A6_seed	SUM-159_NLS_2N_O2_A6	0.1	56	196	8.3391959798995	9.97943050424923e-13	-27.6330801839299
2N	20.5_20.5_2_1_0.5_0.3_0.2_0.1	SUM-159_NLS_2N_O2_A6_seed	SUM-159_NLS_2N_O2_A6	0.1	56	197	8.37939698492462	9.97943050424923e-13	-27.6330801839299
2N	20.5_20.5_2_1_0.5_0.3_0.2_0.1	SUM-159_NLS_2N_O2_A6_seed	SUM-159_NLS_2N_O2_A6	0.1	56	198	8.41959798994975	9.97943050424923e-13	-27.6330801839299
2N	20.5_20.5_2_1_0.5_0.3_0.2_0.1	SUM-159_NLS_2N_O2_A6_seed	SUM-159_NLS_2N_O2_A6	0.1	56	199	8.45979899497488	9.97943050424923e-13	-27.6330801839299
2N	20.5_20.5_2_1_0.5_0.3_0.2_0.1	SUM-159_NLS_2N_O2_A6_seed	SUM-159_NLS_2N_O2_A6	0.1	56	200	8.5	9.97943050424923e-13	-27.6330801839299
2N	20.5_20.5_20.5_20.5_20.5_20.5_20.5_20.5_20.5_20.5_20.5_20.5_20.5_20.5	SUM-159_NLS_2N_C_A12_seed	SUM-159_NLS_2N_C_A12	20.5	57	1	0.5	9.91513173733009e-13	-27.6395441603694
2N	20.5_20.5_20.5_20.5_20.5_20.5_20.5_20.5_20.5_20.5_20.5_20.5_20.5_20.5	SUM-159_NLS_2N_C_A12_seed	SUM-159_NLS_2N_C_A12	20.5	57	2	0.540201005025126	9.91513173733009e-13	-27.6395441603694
2N	20.5_20.5_20.5_20.5_20.5_20.5_20.5_20.5_20.5_20.5_20.5_20.5_20.5_20.5	SUM-159_NLS_2N_C_A12_seed	SUM-159_NLS_2N_C_A12	20.5	57	3	0.580402010050251	9.91513173733009e-13	-27.6395441603694
2N	20.5_20.5_20.5_20.5_20.5_20.5_20.5_20.5_20.5_20.5_20.5_20.5_20.5_20.5	SUM-159_NLS_2N_C_A12_seed	SUM-159_NLS_2N_C_A12	20.5	57	4	0.620603015075377	9.91513173733009e-13	-27.6395441603694
2N	20.5_20.5_20.5_20.5_20.5_20.5_20.5_20.5_20.5_20.5_20.5_20.5_20.5_20.5	SUM-159_NLS_2N_C_A12_seed	SUM-159_NLS_2N_C_A12	20.5	57	5	0.660804020100503	9.91513173733009e-13	-27.6395441603694
2N	20.5_20.5_20.5_20.5_20.5_20.5_20.5_20.5_20.5_20.5_20.5_20.5_20.5_20.5	SUM-159_NLS_2N_C_A12_seed	SUM-159_NLS_2N_C_A12	20.5	57	6	0.701005025125628	9.91513173733009e-13	-27.6395441603694
2N	20.5_20.5_20.5_20.5_20.5_20.5_20.5_20.5_20.5_20.5_20.5_20.5_20.5_20.5	SUM-159_NLS_2N_C_A12_seed	SUM-159_NLS_2N_C_A12	20.5	57	7	0.741206030150754	9.91513173733009e-13	-27.6395441603694
2N	20.5_20.5_20.5_20.5_20.5_20.5_20.5_20.5_20.5_20.5_20.5_20.5_20.5_20.5	SUM-159_NLS_2N_C_A12_seed	SUM-159_NLS_2N_C_A12	20.5	57	8	0.781407035175879	9.91513173733009e-13	-27.6395441603694
2N	20.5_20.5_20.5_20.5_20.5_20.5_20.5_20.5_20.5_20.5_20.5_20.5_20.5_20.5	SUM-159_NLS_2N_C_A12_seed	SUM-159_NLS_2N_C_A12	20.5	57	9	0.821608040201005	9.91513173733009e-13	-27.6395441603694
2N	20.5_20.5_20.5_20.5_20.5_20.5_20.5_20.5_20.5_20.5_20.5_20.5_20.5_20.5	SUM-159_NLS_2N_C_A12_seed	SUM-159_NLS_2N_C_A12	20.5	57	10	0.861809045226131	9.91513173733009e-13	-27.6395441603694
2N	20.5_20.5_20.5_20.5_20.5_20.5_20.5_20.5_20.5_20.5_20.5_20.5_20.5_20.5	SUM-159_NLS_2N_C_A12_seed	SUM-159_NLS_2N_C_A12	20.5	57	11	0.902010050251256	1.71899432620087e-08	-17.8789413181965
2N	20.5_20.5_20.5_20.5_20.5_20.5_20.5_20.5_20.5_20.5_20.5_20.5_20.5_20.5	SUM-159_NLS_2N_C_A12_seed	SUM-159_NLS_2N_C_A12	20.5	57	12	0.942211055276382	4.66584567947257e-05	-9.97265636532715
2N	20.5_20.5_20.5_20.5_20.5_20.5_20.5_20.5_20.5_20.5_20.5_20.5_20.5_20.5	SUM-159_NLS_2N_C_A12_seed	SUM-159_NLS_2N_C_A12	20.5	57	13	0.982412060301508	1.7671208048857e-05	-10.9435739067451
2N	20.5_20.5_20.5_20.5_20.5_20.5_20.5_20.5_20.5_20.5_20.5_20.5_20.5_20.5	SUM-159_NLS_2N_C_A12_seed	SUM-159_NLS_2N_C_A12	20.5	57	14	1.02261306532663	0.000234178101967171	-8.35942861259332
2N	20.5_20.5_20.5_20.5_20.5_20.5_20.5_20.5_20.5_20.5_20.5_20.5_20.5_20.5	SUM-159_NLS_2N_C_A12_seed	SUM-159_NLS_2N_C_A12	20.5	57	15	1.06281407035176	0.000606538942705451	-7.40774162272894
2N	20.5_20.5_20.5_20.5_20.5_20.5_20.5_20.5_20.5_20.5_20.5_20.5_20.5_20.5	SUM-159_NLS_2N_C_A12_seed	SUM-159_NLS_2N_C_A12	20.5	57	16	1.10301507537688	0.00125086535431555	-6.68391968373314
2N	20.5_20.5_20.5_20.5_20.5_20.5_20.5_20.5_20.5_20.5_20.5_20.5_20.5_20.5	SUM-159_NLS_2N_C_A12_seed	SUM-159_NLS_2N_C_A12	20.5	57	17	1.14321608040201	0.00201321677043177	-6.20802145286044
2N	20.5_20.5_20.5_20.5_20.5_20.5_20.5_20.5_20.5_20.5_20.5_20.5_20.5_20.5	SUM-159_NLS_2N_C_A12_seed	SUM-159_NLS_2N_C_A12	20.5	57	18	1.18341708542714	0.00189731979848262	-6.26731302106582
2N	20.5_20.5_20.5_20.5_20.5_20.5_20.5_20.5_20.5_20.5_20.5_20.5_20.5_20.5	SUM-159_NLS_2N_C_A12_seed	SUM-159_NLS_2N_C_A12	20.5	57	19	1.22361809045226	0.00144388249271451	-6.54041961805922
2N	20.5_20.5_20.5_20.5_20.5_20.5_20.5_20.5_20.5_20.5_20.5_20.5_20.5_20.5	SUM-159_NLS_2N_C_A12_seed	SUM-159_NLS_2N_C_A12	20.5	57	20	1.26381909547739	0.00149675697542654	-6.50445452778782
2N	20.5_20.5_20.5_20.5_20.5_20.5_20.5_20.5_20.5_20.5_20.5_20.5_20.5_20.5	SUM-159_NLS_2N_C_A12_seed	SUM-159_NLS_2N_C_A12	20.5	57	21	1.30402010050251	0.00328132872609436	-5.71950683919769
2N	20.5_20.5_20.5_20.5_20.5_20.5_20.5_20.5_20.5_20.5_20.5_20.5_20.5_20.5	SUM-159_NLS_2N_C_A12_seed	SUM-159_NLS_2N_C_A12	20.5	57	22	1.34422110552764	0.00877362167945153	-4.73600559553433
2N	20.5_20.5_20.5_20.5_20.5_20.5_20.5_20.5_20.5_20.5_20.5_20.5_20.5_20.5	SUM-159_NLS_2N_C_A12_seed	SUM-159_NLS_2N_C_A12	20.5	57	23	1.38442211055276	0.022111932741648	-3.81163787311424
2N	20.5_20.5_20.5_20.5_20.5_20.5_20.5_20.5_20.5_20.5_20.5_20.5_20.5_20.5	SUM-159_NLS_2N_C_A12_seed	SUM-159_NLS_2N_C_A12	20.5	57	24	1.42462311557789	0.05366405347254	-2.92501189690959
2N	20.5_20.5_20.5_20.5_20.5_20.5_20.5_20.5_20.5_20.5_20.5_20.5_20.5_20.5	SUM-159_NLS_2N_C_A12_seed	SUM-159_NLS_2N_C_A12	20.5	57	25	1.46482412060302	0.124618169857483	-2.08250085775882
2N	20.5_20.5_20.5_20.5_20.5_20.5_20.5_20.5_20.5_20.5_20.5_20.5_20.5_20.5	SUM-159_NLS_2N_C_A12_seed	SUM-159_NLS_2N_C_A12	20.5	57	26	1.50502512562814	0.254517430219539	-1.36838595724427
2N	20.5_20.5_20.5_20.5_20.5_20.5_20.5_20.5_20.5_20.5_20.5_20.5_20.5_20.5	SUM-159_NLS_2N_C_A12_seed	SUM-159_NLS_2N_C_A12	20.5	57	27	1.54522613065327	0.495082731674225	-0.703030395683489
2N	20.5_20.5_20.5_20.5_20.5_20.5_20.5_20.5_20.5_20.5_20.5_20.5_20.5_20.5	SUM-159_NLS_2N_C_A12_seed	SUM-159_NLS_2N_C_A12	20.5	57	28	1.58542713567839	0.851105430049851	-0.161219268482151
2N	20.5_20.5_20.5_20.5_20.5_20.5_20.5_20.5_20.5_20.5_20.5_20.5_20.5_20.5	SUM-159_NLS_2N_C_A12_seed	SUM-159_NLS_2N_C_A12	20.5	57	29	1.62562814070352	1.34405940159441	0.295694438739162
2N	20.5_20.5_20.5_20.5_20.5_20.5_20.5_20.5_20.5_20.5_20.5_20.5_20.5_20.5	SUM-159_NLS_2N_C_A12_seed	SUM-159_NLS_2N_C_A12	20.5	57	30	1.66582914572864	1.94839442327078	0.667005660736538
2N	20.5_20.5_20.5_20.5_20.5_20.5_20.5_20.5_20.5_20.5_20.5_20.5_20.5_20.5	SUM-159_NLS_2N_C_A12_seed	SUM-159_NLS_2N_C_A12	20.5	57	31	1.70603015075377	2.48256424566825	0.909291996025586
2N	20.5_20.5_20.5_20.5_20.5_20.5_20.5_20.5_20.5_20.5_20.5_20.5_20.5_20.5	SUM-159_NLS_2N_C_A12_seed	SUM-159_NLS_2N_C_A12	20.5	57	32	1.74623115577889	2.87122440713269	1.05473856148826
2N	20.5_20.5_20.5_20.5_20.5_20.5_20.5_20.5_20.5_20.5_20.5_20.5_20.5_20.5	SUM-159_NLS_2N_C_A12_seed	SUM-159_NLS_2N_C_A12	20.5	57	33	1.78643216080402	3.04804700914521	1.11450106065337
2N	20.5_20.5_20.5_20.5_20.5_20.5_20.5_20.5_20.5_20.5_20.5_20.5_20.5_20.5	SUM-159_NLS_2N_C_A12_seed	SUM-159_NLS_2N_C_A12	20.5	57	34	1.82663316582915	2.89729231573109	1.06377661660714
2N	20.5_20.5_20.5_20.5_20.5_20.5_20.5_20.5_20.5_20.5_20.5_20.5_20.5_20.5	SUM-159_NLS_2N_C_A12_seed	SUM-159_NLS_2N_C_A12	20.5	57	35	1.86683417085427	2.52097687359533	0.924646474659274
2N	20.5_20.5_20.5_20.5_20.5_20.5_20.5_20.5_20.5_20.5_20.5_20.5_20.5_20.5	SUM-159_NLS_2N_C_A12_seed	SUM-159_NLS_2N_C_A12	20.5	57	36	1.9070351758794	2.00361793821043	0.694954515451082
2N	20.5_20.5_20.5_20.5_20.5_20.5_20.5_20.5_20.5_20.5_20.5_20.5_20.5_20.5	SUM-159_NLS_2N_C_A12_seed	SUM-159_NLS_2N_C_A12	20.5	57	37	1.94723618090452	1.45871163707608	0.377553605781699
2N	20.5_20.5_20.5_20.5_20.5_20.5_20.5_20.5_20.5_20.5_20.5_20.5_20.5_20.5	SUM-159_NLS_2N_C_A12_seed	SUM-159_NLS_2N_C_A12	20.5	57	38	1.98743718592965	0.980647647472939	-0.019542060824174
2N	20.5_20.5_20.5_20.5_20.5_20.5_20.5_20.5_20.5_20.5_20.5_20.5_20.5_20.5	SUM-159_NLS_2N_C_A12_seed	SUM-159_NLS_2N_C_A12	20.5	57	39	2.02763819095477	0.593528913085031	-0.521669349884756
2N	20.5_20.5_20.5_20.5_20.5_20.5_20.5_20.5_20.5_20.5_20.5_20.5_20.5_20.5	SUM-159_NLS_2N_C_A12_seed	SUM-159_NLS_2N_C_A12	20.5	57	40	2.0678391959799	0.349374443681978	-1.05161102739754
2N	20.5_20.5_20.5_20.5_20.5_20.5_20.5_20.5_20.5_20.5_20.5_20.5_20.5_20.5	SUM-159_NLS_2N_C_A12_seed	SUM-159_NLS_2N_C_A12	20.5	57	41	2.10804020100502	0.185333107753954	-1.68560049055533
2N	20.5_20.5_20.5_20.5_20.5_20.5_20.5_20.5_20.5_20.5_20.5_20.5_20.5_20.5	SUM-159_NLS_2N_C_A12_seed	SUM-159_NLS_2N_C_A12	20.5	57	42	2.14824120603015	0.100230831417906	-2.30027943887944
2N	20.5_20.5_20.5_20.5_20.5_20.5_20.5_20.5_20.5_20.5_20.5_20.5_20.5_20.5	SUM-159_NLS_2N_C_A12_seed	SUM-159_NLS_2N_C_A12	20.5	57	43	2.18844221105528	0.0452802289766645	-3.09488478819486
2N	20.5_20.5_20.5_20.5_20.5_20.5_20.5_20.5_20.5_20.5_20.5_20.5_20.5_20.5	SUM-159_NLS_2N_C_A12_seed	SUM-159_NLS_2N_C_A12	20.5	57	44	2.2286432160804	0.0216166198427747	-3.83429282299154
2N	20.5_20.5_20.5_20.5_20.5_20.5_20.5_20.5_20.5_20.5_20.5_20.5_20.5_20.5	SUM-159_NLS_2N_C_A12_seed	SUM-159_NLS_2N_C_A12	20.5	57	45	2.26884422110553	0.0105212269777717	-4.55436044560563
2N	20.5_20.5_20.5_20.5_20.5_20.5_20.5_20.5_20.5_20.5_20.5_20.5_20.5_20.5	SUM-159_NLS_2N_C_A12_seed	SUM-159_NLS_2N_C_A12	20.5	57	46	2.30904522613065	0.00557296929197044	-5.18982728055339
2N	20.5_20.5_20.5_20.5_20.5_20.5_20.5_20.5_20.5_20.5_20.5_20.5_20.5_20.5	SUM-159_NLS_2N_C_A12_seed	SUM-159_NLS_2N_C_A12	20.5	57	47	2.34924623115578	0.00298621398718205	-5.81374891894254
2N	20.5_20.5_20.5_20.5_20.5_20.5_20.5_20.5_20.5_20.5_20.5_20.5_20.5_20.5	SUM-159_NLS_2N_C_A12_seed	SUM-159_NLS_2N_C_A12	20.5	57	48	2.3894472361809	0.00125755209904292	-6.67858822619817
2N	20.5_20.5_20.5_20.5_20.5_20.5_20.5_20.5_20.5_20.5_20.5_20.5_20.5_20.5	SUM-159_NLS_2N_C_A12_seed	SUM-159_NLS_2N_C_A12	20.5	57	49	2.42964824120603	0.000976547101392736	-6.93148757389761
2N	20.5_20.5_20.5_20.5_20.5_20.5_20.5_20.5_20.5_20.5_20.5_20.5_20.5_20.5	SUM-159_NLS_2N_C_A12_seed	SUM-159_NLS_2N_C_A12	20.5	57	50	2.46984924623116	0.000459161670979237	-7.68610818556453
2N	20.5_20.5_20.5_20.5_20.5_20.5_20.5_20.5_20.5_20.5_20.5_20.5_20.5_20.5	SUM-159_NLS_2N_C_A12_seed	SUM-159_NLS_2N_C_A12	20.5	57	51	2.51005025125628	8.4332004280842e-06	-11.6833342105388
2N	20.5_20.5_20.5_20.5_20.5_20.5_20.5_20.5_20.5_20.5_20.5_20.5_20.5_20.5	SUM-159_NLS_2N_C_A12_seed	SUM-159_NLS_2N_C_A12	20.5	57	52	2.55025125628141	4.03511779053104e-05	-10.1178899714734
2N	20.5_20.5_20.5_20.5_20.5_20.5_20.5_20.5_20.5_20.5_20.5_20.5_20.5_20.5	SUM-159_NLS_2N_C_A12_seed	SUM-159_NLS_2N_C_A12	20.5	57	53	2.59045226130653	2.40515117150018e-05	-10.6353127062153
2N	20.5_20.5_20.5_20.5_20.5_20.5_20.5_20.5_20.5_20.5_20.5_20.5_20.5_20.5	SUM-159_NLS_2N_C_A12_seed	SUM-159_NLS_2N_C_A12	20.5	57	54	2.63065326633166	8.1381903964149e-06	-11.7189427126871
2N	20.5_20.5_20.5_20.5_20.5_20.5_20.5_20.5_20.5_20.5_20.5_20.5_20.5_20.5	SUM-159_NLS_2N_C_A12_seed	SUM-159_NLS_2N_C_A12	20.5	57	55	2.67085427135678	1.81051928270346e-12	-27.0374074152765
2N	20.5_20.5_20.5_20.5_20.5_20.5_20.5_20.5_20.5_20.5_20.5_20.5_20.5_20.5	SUM-159_NLS_2N_C_A12_seed	SUM-159_NLS_2N_C_A12	20.5	57	56	2.71105527638191	9.91513173733009e-13	-27.6395441603694
2N	20.5_20.5_20.5_20.5_20.5_20.5_20.5_20.5_20.5_20.5_20.5_20.5_20.5_20.5	SUM-159_NLS_2N_C_A12_seed	SUM-159_NLS_2N_C_A12	20.5	57	57	2.75125628140704	9.91513173733009e-13	-27.6395441603694
2N	20.5_20.5_20.5_20.5_20.5_20.5_20.5_20.5_20.5_20.5_20.5_20.5_20.5_20.5	SUM-159_NLS_2N_C_A12_seed	SUM-159_NLS_2N_C_A12	20.5	57	58	2.79145728643216	9.91513173733009e-13	-27.6395441603694
2N	20.5_20.5_20.5_20.5_20.5_20.5_20.5_20.5_20.5_20.5_20.5_20.5_20.5_20.5	SUM-159_NLS_2N_C_A12_seed	SUM-159_NLS_2N_C_A12	20.5	57	59	2.83165829145729	9.91513173733009e-13	-27.6395441603694
2N	20.5_20.5_20.5_20.5_20.5_20.5_20.5_20.5_20.5_20.5_20.5_20.5_20.5_20.5	SUM-159_NLS_2N_C_A12_seed	SUM-159_NLS_2N_C_A12	20.5	57	60	2.87185929648241	9.91513173733009e-13	-27.6395441603694
2N	20.5_20.5_20.5_20.5_20.5_20.5_20.5_20.5_20.5_20.5_20.5_20.5_20.5_20.5	SUM-159_NLS_2N_C_A12_seed	SUM-159_NLS_2N_C_A12	20.5	57	61	2.91206030150754	9.91513173733009e-13	-27.6395441603694
2N	20.5_20.5_20.5_20.5_20.5_20.5_20.5_20.5_20.5_20.5_20.5_20.5_20.5_20.5	SUM-159_NLS_2N_C_A12_seed	SUM-159_NLS_2N_C_A12	20.5	57	62	2.95226130653266	1.60562025255564e-08	-17.9471706118326
2N	20.5_20.5_20.5_20.5_20.5_20.5_20.5_20.5_20.5_20.5_20.5_20.5_20.5_20.5	SUM-159_NLS_2N_C_A12_seed	SUM-159_NLS_2N_C_A12	20.5	57	63	2.99246231155779	5.29363377979106e-05	-9.84642054002373
2N	20.5_20.5_20.5_20.5_20.5_20.5_20.5_20.5_20.5_20.5_20.5_20.5_20.5_20.5	SUM-159_NLS_2N_C_A12_seed	SUM-159_NLS_2N_C_A12	20.5	57	64	3.03266331658291	3.45118845574245e-05	-10.2742068133212
2N	20.5_20.5_20.5_20.5_20.5_20.5_20.5_20.5_20.5_20.5_20.5_20.5_20.5_20.5	SUM-159_NLS_2N_C_A12_seed	SUM-159_NLS_2N_C_A12	20.5	57	65	3.07286432160804	0.000150899749682945	-8.79889485101925
2N	20.5_20.5_20.5_20.5_20.5_20.5_20.5_20.5_20.5_20.5_20.5_20.5_20.5_20.5	SUM-159_NLS_2N_C_A12_seed	SUM-159_NLS_2N_C_A12	20.5	57	66	3.11306532663317	0.00035194283275453	-7.95204180250297
2N	20.5_20.5_20.5_20.5_20.5_20.5_20.5_20.5_20.5_20.5_20.5_20.5_20.5_20.5	SUM-159_NLS_2N_C_A12_seed	SUM-159_NLS_2N_C_A12	20.5	57	67	3.15326633165829	0.000728035251863853	-7.22516108805003
2N	20.5_20.5_20.5_20.5_20.5_20.5_20.5_20.5_20.5_20.5_20.5_20.5_20.5_20.5	SUM-159_NLS_2N_C_A12_seed	SUM-159_NLS_2N_C_A12	20.5	57	68	3.19346733668342	0.0011179852555218	-6.79622709259934
2N	20.5_20.5_20.5_20.5_20.5_20.5_20.5_20.5_20.5_20.5_20.5_20.5_20.5_20.5	SUM-159_NLS_2N_C_A12_seed	SUM-159_NLS_2N_C_A12	20.5	57	69	3.23366834170854	0.00160437640643354	-6.43502012971531
2N	20.5_20.5_20.5_20.5_20.5_20.5_20.5_20.5_20.5_20.5_20.5_20.5_20.5_20.5	SUM-159_NLS_2N_C_A12_seed	SUM-159_NLS_2N_C_A12	20.5	57	70	3.27386934673367	0.00221434653564656	-6.11279793677813
2N	20.5_20.5_20.5_20.5_20.5_20.5_20.5_20.5_20.5_20.5_20.5_20.5_20.5_20.5	SUM-159_NLS_2N_C_A12_seed	SUM-159_NLS_2N_C_A12	20.5	57	71	3.31407035175879	0.00302789887036036	-5.79988634212835
2N	20.5_20.5_20.5_20.5_20.5_20.5_20.5_20.5_20.5_20.5_20.5_20.5_20.5_20.5	SUM-159_NLS_2N_C_A12_seed	SUM-159_NLS_2N_C_A12	20.5	57	72	3.35427135678392	0.00607957190720068	-5.10282099548285
2N	20.5_20.5_20.5_20.5_20.5_20.5_20.5_20.5_20.5_20.5_20.5_20.5_20.5_20.5	SUM-159_NLS_2N_C_A12_seed	SUM-159_NLS_2N_C_A12	20.5	57	73	3.39447236180905	0.0064188598159098	-5.04851477582074
2N	20.5_20.5_20.5_20.5_20.5_20.5_20.5_20.5_20.5_20.5_20.5_20.5_20.5_20.5	SUM-159_NLS_2N_C_A12_seed	SUM-159_NLS_2N_C_A12	20.5	57	74	3.43467336683417	0.00986799811494541	-4.61845827134206
2N	20.5_20.5_20.5_20.5_20.5_20.5_20.5_20.5_20.5_20.5_20.5_20.5_20.5_20.5	SUM-159_NLS_2N_C_A12_seed	SUM-159_NLS_2N_C_A12	20.5	57	75	3.4748743718593	0.0112475637892855	-4.487603725846
2N	20.5_20.5_20.5_20.5_20.5_20.5_20.5_20.5_20.5_20.5_20.5_20.5_20.5_20.5	SUM-159_NLS_2N_C_A12_seed	SUM-159_NLS_2N_C_A12	20.5	57	76	3.51507537688442	0.0136583895156848	-4.29340132961687
2N	20.5_20.5_20.5_20.5_20.5_20.5_20.5_20.5_20.5_20.5_20.5_20.5_20.5_20.5	SUM-159_NLS_2N_C_A12_seed	SUM-159_NLS_2N_C_A12	20.5	57	77	3.55527638190955	0.0152132984157186	-4.18558533785717
2N	20.5_20.5_20.5_20.5_20.5_20.5_20.5_20.5_20.5_20.5_20.5_20.5_20.5_20.5	SUM-159_NLS_2N_C_A12_seed	SUM-159_NLS_2N_C_A12	20.5	57	78	3.59547738693467	0.0169450769350531	-4.07777793365293
2N	20.5_20.5_20.5_20.5_20.5_20.5_20.5_20.5_20.5_20.5_20.5_20.5_20.5_20.5	SUM-159_NLS_2N_C_A12_seed	SUM-159_NLS_2N_C_A12	20.5	57	79	3.6356783919598	0.015702418601948	-4.15394052741303
2N	20.5_20.5_20.5_20.5_20.5_20.5_20.5_20.5_20.5_20.5_20.5_20.5_20.5_20.5	SUM-159_NLS_2N_C_A12_seed	SUM-159_NLS_2N_C_A12	20.5	57	80	3.67587939698492	0.0159518461810396	-4.13818070842201
2N	20.5_20.5_20.5_20.5_20.5_20.5_20.5_20.5_20.5_20.5_20.5_20.5_20.5_20.5	SUM-159_NLS_2N_C_A12_seed	SUM-159_NLS_2N_C_A12	20.5	57	81	3.71608040201005	0.0132888003933491	-4.32083367418736
2N	20.5_20.5_20.5_20.5_20.5_20.5_20.5_20.5_20.5_20.5_20.5_20.5_20.5_20.5	SUM-159_NLS_2N_C_A12_seed	SUM-159_NLS_2N_C_A12	20.5	57	82	3.75628140703518	0.0110374440156196	-4.50646178526247
2N	20.5_20.5_20.5_20.5_20.5_20.5_20.5_20.5_20.5_20.5_20.5_20.5_20.5_20.5	SUM-159_NLS_2N_C_A12_seed	SUM-159_NLS_2N_C_A12	20.5	57	83	3.7964824120603	0.0100056552081594	-4.60460482501879
2N	20.5_20.5_20.5_20.5_20.5_20.5_20.5_20.5_20.5_20.5_20.5_20.5_20.5_20.5	SUM-159_NLS_2N_C_A12_seed	SUM-159_NLS_2N_C_A12	20.5	57	84	3.83668341708543	0.00769047253843817	-4.86777304892097
2N	20.5_20.5_20.5_20.5_20.5_20.5_20.5_20.5_20.5_20.5_20.5_20.5_20.5_20.5	SUM-159_NLS_2N_C_A12_seed	SUM-159_NLS_2N_C_A12	20.5	57	85	3.87688442211055	0.0055091288420144	-5.20134877321478
2N	20.5_20.5_20.5_20.5_20.5_20.5_20.5_20.5_20.5_20.5_20.5_20.5_20.5_20.5	SUM-159_NLS_2N_C_A12_seed	SUM-159_NLS_2N_C_A12	20.5	57	86	3.91708542713568	0.00447801672532301	-5.40857502581411
2N	20.5_20.5_20.5_20.5_20.5_20.5_20.5_20.5_20.5_20.5_20.5_20.5_20.5_20.5	SUM-159_NLS_2N_C_A12_seed	SUM-159_NLS_2N_C_A12	20.5	57	87	3.9572864321608	0.00221804356838904	-6.11112974714993
2N	20.5_20.5_20.5_20.5_20.5_20.5_20.5_20.5_20.5_20.5_20.5_20.5_20.5_20.5	SUM-159_NLS_2N_C_A12_seed	SUM-159_NLS_2N_C_A12	20.5	57	88	3.99748743718593	0.00244226057844152	-6.0148312020079
2N	20.5_20.5_20.5_20.5_20.5_20.5_20.5_20.5_20.5_20.5_20.5_20.5_20.5_20.5	SUM-159_NLS_2N_C_A12_seed	SUM-159_NLS_2N_C_A12	20.5	57	89	4.03768844221106	0.00125470053560074	-6.68085835192317
2N	20.5_20.5_20.5_20.5_20.5_20.5_20.5_20.5_20.5_20.5_20.5_20.5_20.5_20.5	SUM-159_NLS_2N_C_A12_seed	SUM-159_NLS_2N_C_A12	20.5	57	90	4.07788944723618	0.000689413021560232	-7.2796700158089
2N	20.5_20.5_20.5_20.5_20.5_20.5_20.5_20.5_20.5_20.5_20.5_20.5_20.5_20.5	SUM-159_NLS_2N_C_A12_seed	SUM-159_NLS_2N_C_A12	20.5	57	91	4.11809045226131	0.000439069304820597	-7.73085328759843
2N	20.5_20.5_20.5_20.5_20.5_20.5_20.5_20.5_20.5_20.5_20.5_20.5_20.5_20.5	SUM-159_NLS_2N_C_A12_seed	SUM-159_NLS_2N_C_A12	20.5	57	92	4.15829145728643	0.000219072795430419	-8.4261064841545
2N	20.5_20.5_20.5_20.5_20.5_20.5_20.5_20.5_20.5_20.5_20.5_20.5_20.5_20.5	SUM-159_NLS_2N_C_A12_seed	SUM-159_NLS_2N_C_A12	20.5	57	93	4.19849246231156	0.000156042648746281	-8.76538119867957
2N	20.5_20.5_20.5_20.5_20.5_20.5_20.5_20.5_20.5_20.5_20.5_20.5_20.5_20.5	SUM-159_NLS_2N_C_A12_seed	SUM-159_NLS_2N_C_A12	20.5	57	94	4.23869346733668	2.76568073314886e-05	-10.4956386638601
2N	20.5_20.5_20.5_20.5_20.5_20.5_20.5_20.5_20.5_20.5_20.5_20.5_20.5_20.5	SUM-159_NLS_2N_C_A12_seed	SUM-159_NLS_2N_C_A12	20.5	57	95	4.27889447236181	3.31705497216729e-06	-12.6164332252795
2N	20.5_20.5_20.5_20.5_20.5_20.5_20.5_20.5_20.5_20.5_20.5_20.5_20.5_20.5	SUM-159_NLS_2N_C_A12_seed	SUM-159_NLS_2N_C_A12	20.5	57	96	4.31909547738693	4.40453673416422e-05	-10.0302903792933
2N	20.5_20.5_20.5_20.5_20.5_20.5_20.5_20.5_20.5_20.5_20.5_20.5_20.5_20.5	SUM-159_NLS_2N_C_A12_seed	SUM-159_NLS_2N_C_A12	20.5	57	97	4.35929648241206	2.21833281796198e-08	-17.6239248130971
2N	20.5_20.5_20.5_20.5_20.5_20.5_20.5_20.5_20.5_20.5_20.5_20.5_20.5_20.5	SUM-159_NLS_2N_C_A12_seed	SUM-159_NLS_2N_C_A12	20.5	57	98	4.39949748743719	4.48871695326084e-05	-10.0113585605643
2N	20.5_20.5_20.5_20.5_20.5_20.5_20.5_20.5_20.5_20.5_20.5_20.5_20.5_20.5	SUM-159_NLS_2N_C_A12_seed	SUM-159_NLS_2N_C_A12	20.5	57	99	4.43969849246231	5.11022382823863e-05	-9.88168225971025
2N	20.5_20.5_20.5_20.5_20.5_20.5_20.5_20.5_20.5_20.5_20.5_20.5_20.5_20.5	SUM-159_NLS_2N_C_A12_seed	SUM-159_NLS_2N_C_A12	20.5	57	100	4.47989949748744	3.76698560639857e-05	-10.1866503572396
2N	20.5_20.5_20.5_20.5_20.5_20.5_20.5_20.5_20.5_20.5_20.5_20.5_20.5_20.5	SUM-159_NLS_2N_C_A12_seed	SUM-159_NLS_2N_C_A12	20.5	57	101	4.52010050251256	2.80323823754008e-06	-12.7847352956224
2N	20.5_20.5_20.5_20.5_20.5_20.5_20.5_20.5_20.5_20.5_20.5_20.5_20.5_20.5	SUM-159_NLS_2N_C_A12_seed	SUM-159_NLS_2N_C_A12	20.5	57	102	4.56030150753769	3.58445210938916e-05	-10.2363198312204
2N	20.5_20.5_20.5_20.5_20.5_20.5_20.5_20.5_20.5_20.5_20.5_20.5_20.5_20.5	SUM-159_NLS_2N_C_A12_seed	SUM-159_NLS_2N_C_A12	20.5	57	103	4.60050251256281	3.52492670542043e-05	-10.2530658217107
2N	20.5_20.5_20.5_20.5_20.5_20.5_20.5_20.5_20.5_20.5_20.5_20.5_20.5_20.5	SUM-159_NLS_2N_C_A12_seed	SUM-159_NLS_2N_C_A12	20.5	57	104	4.64070351758794	4.81697544141562e-06	-12.2433643286444
2N	20.5_20.5_20.5_20.5_20.5_20.5_20.5_20.5_20.5_20.5_20.5_20.5_20.5_20.5	SUM-159_NLS_2N_C_A12_seed	SUM-159_NLS_2N_C_A12	20.5	57	105	4.68090452261307	9.91513173733009e-13	-27.6395441603694
2N	20.5_20.5_20.5_20.5_20.5_20.5_20.5_20.5_20.5_20.5_20.5_20.5_20.5_20.5	SUM-159_NLS_2N_C_A12_seed	SUM-159_NLS_2N_C_A12	20.5	57	106	4.72110552763819	9.91513173733009e-13	-27.6395441603694
2N	20.5_20.5_20.5_20.5_20.5_20.5_20.5_20.5_20.5_20.5_20.5_20.5_20.5_20.5	SUM-159_NLS_2N_C_A12_seed	SUM-159_NLS_2N_C_A12	20.5	57	107	4.76130653266332	9.91513173733009e-13	-27.6395441603694
2N	20.5_20.5_20.5_20.5_20.5_20.5_20.5_20.5_20.5_20.5_20.5_20.5_20.5_20.5	SUM-159_NLS_2N_C_A12_seed	SUM-159_NLS_2N_C_A12	20.5	57	108	4.80150753768844	9.91513173733009e-13	-27.6395441603694
2N	20.5_20.5_20.5_20.5_20.5_20.5_20.5_20.5_20.5_20.5_20.5_20.5_20.5_20.5	SUM-159_NLS_2N_C_A12_seed	SUM-159_NLS_2N_C_A12	20.5	57	109	4.84170854271357	9.91513173733009e-13	-27.6395441603694
2N	20.5_20.5_20.5_20.5_20.5_20.5_20.5_20.5_20.5_20.5_20.5_20.5_20.5_20.5	SUM-159_NLS_2N_C_A12_seed	SUM-159_NLS_2N_C_A12	20.5	57	110	4.88190954773869	9.91513173733009e-13	-27.6395441603694
2N	20.5_20.5_20.5_20.5_20.5_20.5_20.5_20.5_20.5_20.5_20.5_20.5_20.5_20.5	SUM-159_NLS_2N_C_A12_seed	SUM-159_NLS_2N_C_A12	20.5	57	111	4.92211055276382	9.91513173733009e-13	-27.6395441603694
2N	20.5_20.5_20.5_20.5_20.5_20.5_20.5_20.5_20.5_20.5_20.5_20.5_20.5_20.5	SUM-159_NLS_2N_C_A12_seed	SUM-159_NLS_2N_C_A12	20.5	57	112	4.96231155778894	9.91513173733009e-13	-27.6395441603694
2N	20.5_20.5_20.5_20.5_20.5_20.5_20.5_20.5_20.5_20.5_20.5_20.5_20.5_20.5	SUM-159_NLS_2N_C_A12_seed	SUM-159_NLS_2N_C_A12	20.5	57	113	5.00251256281407	9.91513173733009e-13	-27.6395441603694
2N	20.5_20.5_20.5_20.5_20.5_20.5_20.5_20.5_20.5_20.5_20.5_20.5_20.5_20.5	SUM-159_NLS_2N_C_A12_seed	SUM-159_NLS_2N_C_A12	20.5	57	114	5.0427135678392	9.91513173733009e-13	-27.6395441603694
2N	20.5_20.5_20.5_20.5_20.5_20.5_20.5_20.5_20.5_20.5_20.5_20.5_20.5_20.5	SUM-159_NLS_2N_C_A12_seed	SUM-159_NLS_2N_C_A12	20.5	57	115	5.08291457286432	9.91513173733009e-13	-27.6395441603694
2N	20.5_20.5_20.5_20.5_20.5_20.5_20.5_20.5_20.5_20.5_20.5_20.5_20.5_20.5	SUM-159_NLS_2N_C_A12_seed	SUM-159_NLS_2N_C_A12	20.5	57	116	5.12311557788945	9.91513173733009e-13	-27.6395441603694
2N	20.5_20.5_20.5_20.5_20.5_20.5_20.5_20.5_20.5_20.5_20.5_20.5_20.5_20.5	SUM-159_NLS_2N_C_A12_seed	SUM-159_NLS_2N_C_A12	20.5	57	117	5.16331658291457	9.91513173733009e-13	-27.6395441603694
2N	20.5_20.5_20.5_20.5_20.5_20.5_20.5_20.5_20.5_20.5_20.5_20.5_20.5_20.5	SUM-159_NLS_2N_C_A12_seed	SUM-159_NLS_2N_C_A12	20.5	57	118	5.2035175879397	9.91513173733009e-13	-27.6395441603694
2N	20.5_20.5_20.5_20.5_20.5_20.5_20.5_20.5_20.5_20.5_20.5_20.5_20.5_20.5	SUM-159_NLS_2N_C_A12_seed	SUM-159_NLS_2N_C_A12	20.5	57	119	5.24371859296482	9.91513173733009e-13	-27.6395441603694
2N	20.5_20.5_20.5_20.5_20.5_20.5_20.5_20.5_20.5_20.5_20.5_20.5_20.5_20.5	SUM-159_NLS_2N_C_A12_seed	SUM-159_NLS_2N_C_A12	20.5	57	120	5.28391959798995	9.91513173733009e-13	-27.6395441603694
2N	20.5_20.5_20.5_20.5_20.5_20.5_20.5_20.5_20.5_20.5_20.5_20.5_20.5_20.5	SUM-159_NLS_2N_C_A12_seed	SUM-159_NLS_2N_C_A12	20.5	57	121	5.32412060301508	9.91513173733009e-13	-27.6395441603694
2N	20.5_20.5_20.5_20.5_20.5_20.5_20.5_20.5_20.5_20.5_20.5_20.5_20.5_20.5	SUM-159_NLS_2N_C_A12_seed	SUM-159_NLS_2N_C_A12	20.5	57	122	5.3643216080402	9.91513173733009e-13	-27.6395441603694
2N	20.5_20.5_20.5_20.5_20.5_20.5_20.5_20.5_20.5_20.5_20.5_20.5_20.5_20.5	SUM-159_NLS_2N_C_A12_seed	SUM-159_NLS_2N_C_A12	20.5	57	123	5.40452261306533	9.91513173733009e-13	-27.6395441603694
2N	20.5_20.5_20.5_20.5_20.5_20.5_20.5_20.5_20.5_20.5_20.5_20.5_20.5_20.5	SUM-159_NLS_2N_C_A12_seed	SUM-159_NLS_2N_C_A12	20.5	57	124	5.44472361809045	9.91513173733009e-13	-27.6395441603694
2N	20.5_20.5_20.5_20.5_20.5_20.5_20.5_20.5_20.5_20.5_20.5_20.5_20.5_20.5	SUM-159_NLS_2N_C_A12_seed	SUM-159_NLS_2N_C_A12	20.5	57	125	5.48492462311558	9.91513173733009e-13	-27.6395441603694
2N	20.5_20.5_20.5_20.5_20.5_20.5_20.5_20.5_20.5_20.5_20.5_20.5_20.5_20.5	SUM-159_NLS_2N_C_A12_seed	SUM-159_NLS_2N_C_A12	20.5	57	126	5.5251256281407	9.91513173733009e-13	-27.6395441603694
2N	20.5_20.5_20.5_20.5_20.5_20.5_20.5_20.5_20.5_20.5_20.5_20.5_20.5_20.5	SUM-159_NLS_2N_C_A12_seed	SUM-159_NLS_2N_C_A12	20.5	57	127	5.56532663316583	9.91513173733009e-13	-27.6395441603694
2N	20.5_20.5_20.5_20.5_20.5_20.5_20.5_20.5_20.5_20.5_20.5_20.5_20.5_20.5	SUM-159_NLS_2N_C_A12_seed	SUM-159_NLS_2N_C_A12	20.5	57	128	5.60552763819095	9.91513173733009e-13	-27.6395441603694
2N	20.5_20.5_20.5_20.5_20.5_20.5_20.5_20.5_20.5_20.5_20.5_20.5_20.5_20.5	SUM-159_NLS_2N_C_A12_seed	SUM-159_NLS_2N_C_A12	20.5	57	129	5.64572864321608	9.91513173733009e-13	-27.6395441603694
2N	20.5_20.5_20.5_20.5_20.5_20.5_20.5_20.5_20.5_20.5_20.5_20.5_20.5_20.5	SUM-159_NLS_2N_C_A12_seed	SUM-159_NLS_2N_C_A12	20.5	57	130	5.68592964824121	9.91513173733009e-13	-27.6395441603694
2N	20.5_20.5_20.5_20.5_20.5_20.5_20.5_20.5_20.5_20.5_20.5_20.5_20.5_20.5	SUM-159_NLS_2N_C_A12_seed	SUM-159_NLS_2N_C_A12	20.5	57	131	5.72613065326633	9.91513173733009e-13	-27.6395441603694
2N	20.5_20.5_20.5_20.5_20.5_20.5_20.5_20.5_20.5_20.5_20.5_20.5_20.5_20.5	SUM-159_NLS_2N_C_A12_seed	SUM-159_NLS_2N_C_A12	20.5	57	132	5.76633165829146	9.91513173733009e-13	-27.6395441603694
2N	20.5_20.5_20.5_20.5_20.5_20.5_20.5_20.5_20.5_20.5_20.5_20.5_20.5_20.5	SUM-159_NLS_2N_C_A12_seed	SUM-159_NLS_2N_C_A12	20.5	57	133	5.80653266331658	9.91513173733009e-13	-27.6395441603694
2N	20.5_20.5_20.5_20.5_20.5_20.5_20.5_20.5_20.5_20.5_20.5_20.5_20.5_20.5	SUM-159_NLS_2N_C_A12_seed	SUM-159_NLS_2N_C_A12	20.5	57	134	5.84673366834171	9.91513173733009e-13	-27.6395441603694
2N	20.5_20.5_20.5_20.5_20.5_20.5_20.5_20.5_20.5_20.5_20.5_20.5_20.5_20.5	SUM-159_NLS_2N_C_A12_seed	SUM-159_NLS_2N_C_A12	20.5	57	135	5.88693467336683	9.91513173733009e-13	-27.6395441603694
2N	20.5_20.5_20.5_20.5_20.5_20.5_20.5_20.5_20.5_20.5_20.5_20.5_20.5_20.5	SUM-159_NLS_2N_C_A12_seed	SUM-159_NLS_2N_C_A12	20.5	57	136	5.92713567839196	9.91513173733009e-13	-27.6395441603694
2N	20.5_20.5_20.5_20.5_20.5_20.5_20.5_20.5_20.5_20.5_20.5_20.5_20.5_20.5	SUM-159_NLS_2N_C_A12_seed	SUM-159_NLS_2N_C_A12	20.5	57	137	5.96733668341709	9.91513173733009e-13	-27.6395441603694
2N	20.5_20.5_20.5_20.5_20.5_20.5_20.5_20.5_20.5_20.5_20.5_20.5_20.5_20.5	SUM-159_NLS_2N_C_A12_seed	SUM-159_NLS_2N_C_A12	20.5	57	138	6.00753768844221	9.91513173733009e-13	-27.6395441603694
2N	20.5_20.5_20.5_20.5_20.5_20.5_20.5_20.5_20.5_20.5_20.5_20.5_20.5_20.5	SUM-159_NLS_2N_C_A12_seed	SUM-159_NLS_2N_C_A12	20.5	57	139	6.04773869346734	9.91513173733009e-13	-27.6395441603694
2N	20.5_20.5_20.5_20.5_20.5_20.5_20.5_20.5_20.5_20.5_20.5_20.5_20.5_20.5	SUM-159_NLS_2N_C_A12_seed	SUM-159_NLS_2N_C_A12	20.5	57	140	6.08793969849246	9.91513173733009e-13	-27.6395441603694
2N	20.5_20.5_20.5_20.5_20.5_20.5_20.5_20.5_20.5_20.5_20.5_20.5_20.5_20.5	SUM-159_NLS_2N_C_A12_seed	SUM-159_NLS_2N_C_A12	20.5	57	141	6.12814070351759	9.91513173733009e-13	-27.6395441603694
2N	20.5_20.5_20.5_20.5_20.5_20.5_20.5_20.5_20.5_20.5_20.5_20.5_20.5_20.5	SUM-159_NLS_2N_C_A12_seed	SUM-159_NLS_2N_C_A12	20.5	57	142	6.16834170854271	9.91513173733009e-13	-27.6395441603694
2N	20.5_20.5_20.5_20.5_20.5_20.5_20.5_20.5_20.5_20.5_20.5_20.5_20.5_20.5	SUM-159_NLS_2N_C_A12_seed	SUM-159_NLS_2N_C_A12	20.5	57	143	6.20854271356784	9.91513173733009e-13	-27.6395441603694
2N	20.5_20.5_20.5_20.5_20.5_20.5_20.5_20.5_20.5_20.5_20.5_20.5_20.5_20.5	SUM-159_NLS_2N_C_A12_seed	SUM-159_NLS_2N_C_A12	20.5	57	144	6.24874371859296	9.91513173733009e-13	-27.6395441603694
2N	20.5_20.5_20.5_20.5_20.5_20.5_20.5_20.5_20.5_20.5_20.5_20.5_20.5_20.5	SUM-159_NLS_2N_C_A12_seed	SUM-159_NLS_2N_C_A12	20.5	57	145	6.28894472361809	9.91513173733009e-13	-27.6395441603694
2N	20.5_20.5_20.5_20.5_20.5_20.5_20.5_20.5_20.5_20.5_20.5_20.5_20.5_20.5	SUM-159_NLS_2N_C_A12_seed	SUM-159_NLS_2N_C_A12	20.5	57	146	6.32914572864322	9.91513173733009e-13	-27.6395441603694
2N	20.5_20.5_20.5_20.5_20.5_20.5_20.5_20.5_20.5_20.5_20.5_20.5_20.5_20.5	SUM-159_NLS_2N_C_A12_seed	SUM-159_NLS_2N_C_A12	20.5	57	147	6.36934673366834	9.91513173733009e-13	-27.6395441603694
2N	20.5_20.5_20.5_20.5_20.5_20.5_20.5_20.5_20.5_20.5_20.5_20.5_20.5_20.5	SUM-159_NLS_2N_C_A12_seed	SUM-159_NLS_2N_C_A12	20.5	57	148	6.40954773869347	9.91513173733009e-13	-27.6395441603694
2N	20.5_20.5_20.5_20.5_20.5_20.5_20.5_20.5_20.5_20.5_20.5_20.5_20.5_20.5	SUM-159_NLS_2N_C_A12_seed	SUM-159_NLS_2N_C_A12	20.5	57	149	6.44974874371859	9.91513173733009e-13	-27.6395441603694
2N	20.5_20.5_20.5_20.5_20.5_20.5_20.5_20.5_20.5_20.5_20.5_20.5_20.5_20.5	SUM-159_NLS_2N_C_A12_seed	SUM-159_NLS_2N_C_A12	20.5	57	150	6.48994974874372	9.91513173733009e-13	-27.6395441603694
2N	20.5_20.5_20.5_20.5_20.5_20.5_20.5_20.5_20.5_20.5_20.5_20.5_20.5_20.5	SUM-159_NLS_2N_C_A12_seed	SUM-159_NLS_2N_C_A12	20.5	57	151	6.53015075376884	9.91513173733009e-13	-27.6395441603694
2N	20.5_20.5_20.5_20.5_20.5_20.5_20.5_20.5_20.5_20.5_20.5_20.5_20.5_20.5	SUM-159_NLS_2N_C_A12_seed	SUM-159_NLS_2N_C_A12	20.5	57	152	6.57035175879397	9.91513173733009e-13	-27.6395441603694
2N	20.5_20.5_20.5_20.5_20.5_20.5_20.5_20.5_20.5_20.5_20.5_20.5_20.5_20.5	SUM-159_NLS_2N_C_A12_seed	SUM-159_NLS_2N_C_A12	20.5	57	153	6.6105527638191	9.91513173733009e-13	-27.6395441603694
2N	20.5_20.5_20.5_20.5_20.5_20.5_20.5_20.5_20.5_20.5_20.5_20.5_20.5_20.5	SUM-159_NLS_2N_C_A12_seed	SUM-159_NLS_2N_C_A12	20.5	57	154	6.65075376884422	9.91513173733009e-13	-27.6395441603694
2N	20.5_20.5_20.5_20.5_20.5_20.5_20.5_20.5_20.5_20.5_20.5_20.5_20.5_20.5	SUM-159_NLS_2N_C_A12_seed	SUM-159_NLS_2N_C_A12	20.5	57	155	6.69095477386935	9.91513173733009e-13	-27.6395441603694
2N	20.5_20.5_20.5_20.5_20.5_20.5_20.5_20.5_20.5_20.5_20.5_20.5_20.5_20.5	SUM-159_NLS_2N_C_A12_seed	SUM-159_NLS_2N_C_A12	20.5	57	156	6.73115577889447	9.91513173733009e-13	-27.6395441603694
2N	20.5_20.5_20.5_20.5_20.5_20.5_20.5_20.5_20.5_20.5_20.5_20.5_20.5_20.5	SUM-159_NLS_2N_C_A12_seed	SUM-159_NLS_2N_C_A12	20.5	57	157	6.7713567839196	9.91513173733009e-13	-27.6395441603694
2N	20.5_20.5_20.5_20.5_20.5_20.5_20.5_20.5_20.5_20.5_20.5_20.5_20.5_20.5	SUM-159_NLS_2N_C_A12_seed	SUM-159_NLS_2N_C_A12	20.5	57	158	6.81155778894472	9.91513173733009e-13	-27.6395441603694
2N	20.5_20.5_20.5_20.5_20.5_20.5_20.5_20.5_20.5_20.5_20.5_20.5_20.5_20.5	SUM-159_NLS_2N_C_A12_seed	SUM-159_NLS_2N_C_A12	20.5	57	159	6.85175879396985	9.91513173733009e-13	-27.6395441603694
2N	20.5_20.5_20.5_20.5_20.5_20.5_20.5_20.5_20.5_20.5_20.5_20.5_20.5_20.5	SUM-159_NLS_2N_C_A12_seed	SUM-159_NLS_2N_C_A12	20.5	57	160	6.89195979899498	9.91513173733009e-13	-27.6395441603694
2N	20.5_20.5_20.5_20.5_20.5_20.5_20.5_20.5_20.5_20.5_20.5_20.5_20.5_20.5	SUM-159_NLS_2N_C_A12_seed	SUM-159_NLS_2N_C_A12	20.5	57	161	6.9321608040201	9.91513173733009e-13	-27.6395441603694
2N	20.5_20.5_20.5_20.5_20.5_20.5_20.5_20.5_20.5_20.5_20.5_20.5_20.5_20.5	SUM-159_NLS_2N_C_A12_seed	SUM-159_NLS_2N_C_A12	20.5	57	162	6.97236180904523	9.91513173733009e-13	-27.6395441603694
2N	20.5_20.5_20.5_20.5_20.5_20.5_20.5_20.5_20.5_20.5_20.5_20.5_20.5_20.5	SUM-159_NLS_2N_C_A12_seed	SUM-159_NLS_2N_C_A12	20.5	57	163	7.01256281407035	9.91513173733009e-13	-27.6395441603694
2N	20.5_20.5_20.5_20.5_20.5_20.5_20.5_20.5_20.5_20.5_20.5_20.5_20.5_20.5	SUM-159_NLS_2N_C_A12_seed	SUM-159_NLS_2N_C_A12	20.5	57	164	7.05276381909548	9.91513173733009e-13	-27.6395441603694
2N	20.5_20.5_20.5_20.5_20.5_20.5_20.5_20.5_20.5_20.5_20.5_20.5_20.5_20.5	SUM-159_NLS_2N_C_A12_seed	SUM-159_NLS_2N_C_A12	20.5	57	165	7.0929648241206	9.91513173733009e-13	-27.6395441603694
2N	20.5_20.5_20.5_20.5_20.5_20.5_20.5_20.5_20.5_20.5_20.5_20.5_20.5_20.5	SUM-159_NLS_2N_C_A12_seed	SUM-159_NLS_2N_C_A12	20.5	57	166	7.13316582914573	9.91513173733009e-13	-27.6395441603694
2N	20.5_20.5_20.5_20.5_20.5_20.5_20.5_20.5_20.5_20.5_20.5_20.5_20.5_20.5	SUM-159_NLS_2N_C_A12_seed	SUM-159_NLS_2N_C_A12	20.5	57	167	7.17336683417085	9.91513173733009e-13	-27.6395441603694
2N	20.5_20.5_20.5_20.5_20.5_20.5_20.5_20.5_20.5_20.5_20.5_20.5_20.5_20.5	SUM-159_NLS_2N_C_A12_seed	SUM-159_NLS_2N_C_A12	20.5	57	168	7.21356783919598	9.91513173733009e-13	-27.6395441603694
2N	20.5_20.5_20.5_20.5_20.5_20.5_20.5_20.5_20.5_20.5_20.5_20.5_20.5_20.5	SUM-159_NLS_2N_C_A12_seed	SUM-159_NLS_2N_C_A12	20.5	57	169	7.25376884422111	9.91513173733009e-13	-27.6395441603694
2N	20.5_20.5_20.5_20.5_20.5_20.5_20.5_20.5_20.5_20.5_20.5_20.5_20.5_20.5	SUM-159_NLS_2N_C_A12_seed	SUM-159_NLS_2N_C_A12	20.5	57	170	7.29396984924623	9.91513173733009e-13	-27.6395441603694
2N	20.5_20.5_20.5_20.5_20.5_20.5_20.5_20.5_20.5_20.5_20.5_20.5_20.5_20.5	SUM-159_NLS_2N_C_A12_seed	SUM-159_NLS_2N_C_A12	20.5	57	171	7.33417085427136	9.91513173733009e-13	-27.6395441603694
2N	20.5_20.5_20.5_20.5_20.5_20.5_20.5_20.5_20.5_20.5_20.5_20.5_20.5_20.5	SUM-159_NLS_2N_C_A12_seed	SUM-159_NLS_2N_C_A12	20.5	57	172	7.37437185929648	9.91513173733009e-13	-27.6395441603694
2N	20.5_20.5_20.5_20.5_20.5_20.5_20.5_20.5_20.5_20.5_20.5_20.5_20.5_20.5	SUM-159_NLS_2N_C_A12_seed	SUM-159_NLS_2N_C_A12	20.5	57	173	7.41457286432161	9.91513173733009e-13	-27.6395441603694
2N	20.5_20.5_20.5_20.5_20.5_20.5_20.5_20.5_20.5_20.5_20.5_20.5_20.5_20.5	SUM-159_NLS_2N_C_A12_seed	SUM-159_NLS_2N_C_A12	20.5	57	174	7.45477386934673	9.91513173733009e-13	-27.6395441603694
2N	20.5_20.5_20.5_20.5_20.5_20.5_20.5_20.5_20.5_20.5_20.5_20.5_20.5_20.5	SUM-159_NLS_2N_C_A12_seed	SUM-159_NLS_2N_C_A12	20.5	57	175	7.49497487437186	9.91513173733009e-13	-27.6395441603694
2N	20.5_20.5_20.5_20.5_20.5_20.5_20.5_20.5_20.5_20.5_20.5_20.5_20.5_20.5	SUM-159_NLS_2N_C_A12_seed	SUM-159_NLS_2N_C_A12	20.5	57	176	7.53517587939699	9.91513173733009e-13	-27.6395441603694
2N	20.5_20.5_20.5_20.5_20.5_20.5_20.5_20.5_20.5_20.5_20.5_20.5_20.5_20.5	SUM-159_NLS_2N_C_A12_seed	SUM-159_NLS_2N_C_A12	20.5	57	177	7.57537688442211	9.91513173733009e-13	-27.6395441603694
2N	20.5_20.5_20.5_20.5_20.5_20.5_20.5_20.5_20.5_20.5_20.5_20.5_20.5_20.5	SUM-159_NLS_2N_C_A12_seed	SUM-159_NLS_2N_C_A12	20.5	57	178	7.61557788944724	9.91513173733009e-13	-27.6395441603694
2N	20.5_20.5_20.5_20.5_20.5_20.5_20.5_20.5_20.5_20.5_20.5_20.5_20.5_20.5	SUM-159_NLS_2N_C_A12_seed	SUM-159_NLS_2N_C_A12	20.5	57	179	7.65577889447236	9.91513173733009e-13	-27.6395441603694
2N	20.5_20.5_20.5_20.5_20.5_20.5_20.5_20.5_20.5_20.5_20.5_20.5_20.5_20.5	SUM-159_NLS_2N_C_A12_seed	SUM-159_NLS_2N_C_A12	20.5	57	180	7.69597989949749	9.91513173733009e-13	-27.6395441603694
2N	20.5_20.5_20.5_20.5_20.5_20.5_20.5_20.5_20.5_20.5_20.5_20.5_20.5_20.5	SUM-159_NLS_2N_C_A12_seed	SUM-159_NLS_2N_C_A12	20.5	57	181	7.73618090452261	9.91513173733009e-13	-27.6395441603694
2N	20.5_20.5_20.5_20.5_20.5_20.5_20.5_20.5_20.5_20.5_20.5_20.5_20.5_20.5	SUM-159_NLS_2N_C_A12_seed	SUM-159_NLS_2N_C_A12	20.5	57	182	7.77638190954774	9.91513173733009e-13	-27.6395441603694
2N	20.5_20.5_20.5_20.5_20.5_20.5_20.5_20.5_20.5_20.5_20.5_20.5_20.5_20.5	SUM-159_NLS_2N_C_A12_seed	SUM-159_NLS_2N_C_A12	20.5	57	183	7.81658291457286	9.91513173733009e-13	-27.6395441603694
2N	20.5_20.5_20.5_20.5_20.5_20.5_20.5_20.5_20.5_20.5_20.5_20.5_20.5_20.5	SUM-159_NLS_2N_C_A12_seed	SUM-159_NLS_2N_C_A12	20.5	57	184	7.85678391959799	9.91513173733009e-13	-27.6395441603694
2N	20.5_20.5_20.5_20.5_20.5_20.5_20.5_20.5_20.5_20.5_20.5_20.5_20.5_20.5	SUM-159_NLS_2N_C_A12_seed	SUM-159_NLS_2N_C_A12	20.5	57	185	7.89698492462312	9.91513173733009e-13	-27.6395441603694
2N	20.5_20.5_20.5_20.5_20.5_20.5_20.5_20.5_20.5_20.5_20.5_20.5_20.5_20.5	SUM-159_NLS_2N_C_A12_seed	SUM-159_NLS_2N_C_A12	20.5	57	186	7.93718592964824	9.91513173733009e-13	-27.6395441603694
2N	20.5_20.5_20.5_20.5_20.5_20.5_20.5_20.5_20.5_20.5_20.5_20.5_20.5_20.5	SUM-159_NLS_2N_C_A12_seed	SUM-159_NLS_2N_C_A12	20.5	57	187	7.97738693467337	9.91513173733009e-13	-27.6395441603694
2N	20.5_20.5_20.5_20.5_20.5_20.5_20.5_20.5_20.5_20.5_20.5_20.5_20.5_20.5	SUM-159_NLS_2N_C_A12_seed	SUM-159_NLS_2N_C_A12	20.5	57	188	8.01758793969849	9.91513173733009e-13	-27.6395441603694
2N	20.5_20.5_20.5_20.5_20.5_20.5_20.5_20.5_20.5_20.5_20.5_20.5_20.5_20.5	SUM-159_NLS_2N_C_A12_seed	SUM-159_NLS_2N_C_A12	20.5	57	189	8.05778894472362	9.91513173733009e-13	-27.6395441603694
2N	20.5_20.5_20.5_20.5_20.5_20.5_20.5_20.5_20.5_20.5_20.5_20.5_20.5_20.5	SUM-159_NLS_2N_C_A12_seed	SUM-159_NLS_2N_C_A12	20.5	57	190	8.09798994974874	9.91513173733009e-13	-27.6395441603694
2N	20.5_20.5_20.5_20.5_20.5_20.5_20.5_20.5_20.5_20.5_20.5_20.5_20.5_20.5	SUM-159_NLS_2N_C_A12_seed	SUM-159_NLS_2N_C_A12	20.5	57	191	8.13819095477387	9.91513173733009e-13	-27.6395441603694
2N	20.5_20.5_20.5_20.5_20.5_20.5_20.5_20.5_20.5_20.5_20.5_20.5_20.5_20.5	SUM-159_NLS_2N_C_A12_seed	SUM-159_NLS_2N_C_A12	20.5	57	192	8.178391959799	9.91513173733009e-13	-27.6395441603694
2N	20.5_20.5_20.5_20.5_20.5_20.5_20.5_20.5_20.5_20.5_20.5_20.5_20.5_20.5	SUM-159_NLS_2N_C_A12_seed	SUM-159_NLS_2N_C_A12	20.5	57	193	8.21859296482412	9.91513173733009e-13	-27.6395441603694
2N	20.5_20.5_20.5_20.5_20.5_20.5_20.5_20.5_20.5_20.5_20.5_20.5_20.5_20.5	SUM-159_NLS_2N_C_A12_seed	SUM-159_NLS_2N_C_A12	20.5	57	194	8.25879396984925	9.91513173733009e-13	-27.6395441603694
2N	20.5_20.5_20.5_20.5_20.5_20.5_20.5_20.5_20.5_20.5_20.5_20.5_20.5_20.5	SUM-159_NLS_2N_C_A12_seed	SUM-159_NLS_2N_C_A12	20.5	57	195	8.29899497487437	9.91513173733009e-13	-27.6395441603694
2N	20.5_20.5_20.5_20.5_20.5_20.5_20.5_20.5_20.5_20.5_20.5_20.5_20.5_20.5	SUM-159_NLS_2N_C_A12_seed	SUM-159_NLS_2N_C_A12	20.5	57	196	8.3391959798995	9.91513173733009e-13	-27.6395441603694
2N	20.5_20.5_20.5_20.5_20.5_20.5_20.5_20.5_20.5_20.5_20.5_20.5_20.5_20.5	SUM-159_NLS_2N_C_A12_seed	SUM-159_NLS_2N_C_A12	20.5	57	197	8.37939698492462	9.91513173733009e-13	-27.6395441603694
2N	20.5_20.5_20.5_20.5_20.5_20.5_20.5_20.5_20.5_20.5_20.5_20.5_20.5_20.5	SUM-159_NLS_2N_C_A12_seed	SUM-159_NLS_2N_C_A12	20.5	57	198	8.41959798994975	9.91513173733009e-13	-27.6395441603694
2N	20.5_20.5_20.5_20.5_20.5_20.5_20.5_20.5_20.5_20.5_20.5_20.5_20.5_20.5	SUM-159_NLS_2N_C_A12_seed	SUM-159_NLS_2N_C_A12	20.5	57	199	8.45979899497488	9.91513173733009e-13	-27.6395441603694
2N	20.5_20.5_20.5_20.5_20.5_20.5_20.5_20.5_20.5_20.5_20.5_20.5_20.5_20.5	SUM-159_NLS_2N_C_A12_seed	SUM-159_NLS_2N_C_A12	20.5	57	200	8.5	9.91513173733009e-13	-27.6395441603694
2N	20.5_20.5_2_1_0.5_0.3_0.2_0.1_0_0_0_0_0_0	SUM-159_NLS_2N_O1_A12_seed	SUM-159_NLS_2N_O1_A12	0	89	1	0.5	9.99956180692343e-13	-27.6310649361963
2N	20.5_20.5_2_1_0.5_0.3_0.2_0.1_0_0_0_0_0_0	SUM-159_NLS_2N_O1_A12_seed	SUM-159_NLS_2N_O1_A12	0	89	2	0.540201005025126	9.99956180692343e-13	-27.6310649361963
2N	20.5_20.5_2_1_0.5_0.3_0.2_0.1_0_0_0_0_0_0	SUM-159_NLS_2N_O1_A12_seed	SUM-159_NLS_2N_O1_A12	0	89	3	0.580402010050251	9.99956180692343e-13	-27.6310649361963
2N	20.5_20.5_2_1_0.5_0.3_0.2_0.1_0_0_0_0_0_0	SUM-159_NLS_2N_O1_A12_seed	SUM-159_NLS_2N_O1_A12	0	89	4	0.620603015075377	9.99956180692343e-13	-27.6310649361963
2N	20.5_20.5_2_1_0.5_0.3_0.2_0.1_0_0_0_0_0_0	SUM-159_NLS_2N_O1_A12_seed	SUM-159_NLS_2N_O1_A12	0	89	5	0.660804020100503	9.99956180692343e-13	-27.6310649361963
2N	20.5_20.5_2_1_0.5_0.3_0.2_0.1_0_0_0_0_0_0	SUM-159_NLS_2N_O1_A12_seed	SUM-159_NLS_2N_O1_A12	0	89	6	0.701005025125628	9.99956180692343e-13	-27.6310649361963
2N	20.5_20.5_2_1_0.5_0.3_0.2_0.1_0_0_0_0_0_0	SUM-159_NLS_2N_O1_A12_seed	SUM-159_NLS_2N_O1_A12	0	89	7	0.741206030150754	9.99956180692343e-13	-27.6310649361963
2N	20.5_20.5_2_1_0.5_0.3_0.2_0.1_0_0_0_0_0_0	SUM-159_NLS_2N_O1_A12_seed	SUM-159_NLS_2N_O1_A12	0	89	8	0.781407035175879	9.99956180692343e-13	-27.6310649361963
2N	20.5_20.5_2_1_0.5_0.3_0.2_0.1_0_0_0_0_0_0	SUM-159_NLS_2N_O1_A12_seed	SUM-159_NLS_2N_O1_A12	0	89	9	0.821608040201005	9.99956180692343e-13	-27.6310649361963
2N	20.5_20.5_2_1_0.5_0.3_0.2_0.1_0_0_0_0_0_0	SUM-159_NLS_2N_O1_A12_seed	SUM-159_NLS_2N_O1_A12	0	89	10	0.861809045226131	9.99956180692343e-13	-27.6310649361963
2N	20.5_20.5_2_1_0.5_0.3_0.2_0.1_0_0_0_0_0_0	SUM-159_NLS_2N_O1_A12_seed	SUM-159_NLS_2N_O1_A12	0	89	11	0.902010050251256	9.99956180692343e-13	-27.6310649361963
2N	20.5_20.5_2_1_0.5_0.3_0.2_0.1_0_0_0_0_0_0	SUM-159_NLS_2N_O1_A12_seed	SUM-159_NLS_2N_O1_A12	0	89	12	0.942211055276382	9.99956180692343e-13	-27.6310649361963
2N	20.5_20.5_2_1_0.5_0.3_0.2_0.1_0_0_0_0_0_0	SUM-159_NLS_2N_O1_A12_seed	SUM-159_NLS_2N_O1_A12	0	89	13	0.982412060301508	9.99956180692343e-13	-27.6310649361963
2N	20.5_20.5_2_1_0.5_0.3_0.2_0.1_0_0_0_0_0_0	SUM-159_NLS_2N_O1_A12_seed	SUM-159_NLS_2N_O1_A12	0	89	14	1.02261306532663	9.99956180692343e-13	-27.6310649361963
2N	20.5_20.5_2_1_0.5_0.3_0.2_0.1_0_0_0_0_0_0	SUM-159_NLS_2N_O1_A12_seed	SUM-159_NLS_2N_O1_A12	0	89	15	1.06281407035176	9.99956180692343e-13	-27.6310649361963
2N	20.5_20.5_2_1_0.5_0.3_0.2_0.1_0_0_0_0_0_0	SUM-159_NLS_2N_O1_A12_seed	SUM-159_NLS_2N_O1_A12	0	89	16	1.10301507537688	9.99956180692343e-13	-27.6310649361963
2N	20.5_20.5_2_1_0.5_0.3_0.2_0.1_0_0_0_0_0_0	SUM-159_NLS_2N_O1_A12_seed	SUM-159_NLS_2N_O1_A12	0	89	17	1.14321608040201	4.38442096491595e-12	-26.1529635478736
2N	20.5_20.5_2_1_0.5_0.3_0.2_0.1_0_0_0_0_0_0	SUM-159_NLS_2N_O1_A12_seed	SUM-159_NLS_2N_O1_A12	0	89	18	1.18341708542714	1.18235531059996e-07	-15.9505871759615
2N	20.5_20.5_2_1_0.5_0.3_0.2_0.1_0_0_0_0_0_0	SUM-159_NLS_2N_O1_A12_seed	SUM-159_NLS_2N_O1_A12	0	89	19	1.22361809045226	1.4597653126961e-05	-11.1346497868995
2N	20.5_20.5_2_1_0.5_0.3_0.2_0.1_0_0_0_0_0_0	SUM-159_NLS_2N_O1_A12_seed	SUM-159_NLS_2N_O1_A12	0	89	20	1.26381909547739	6.53366191828087e-05	-9.63595789505213
2N	20.5_20.5_2_1_0.5_0.3_0.2_0.1_0_0_0_0_0_0	SUM-159_NLS_2N_O1_A12_seed	SUM-159_NLS_2N_O1_A12	0	89	21	1.30402010050251	0.000119153142207926	-9.03510098290048
2N	20.5_20.5_2_1_0.5_0.3_0.2_0.1_0_0_0_0_0_0	SUM-159_NLS_2N_O1_A12_seed	SUM-159_NLS_2N_O1_A12	0	89	22	1.34422110552764	0.000413783986273028	-7.79016649259686
2N	20.5_20.5_2_1_0.5_0.3_0.2_0.1_0_0_0_0_0_0	SUM-159_NLS_2N_O1_A12_seed	SUM-159_NLS_2N_O1_A12	0	89	23	1.38442211055276	0.00119497175022425	-6.7296327338578
2N	20.5_20.5_2_1_0.5_0.3_0.2_0.1_0_0_0_0_0_0	SUM-159_NLS_2N_O1_A12_seed	SUM-159_NLS_2N_O1_A12	0	89	24	1.42462311557789	0.0036570836805316	-5.61108925778749
2N	20.5_20.5_2_1_0.5_0.3_0.2_0.1_0_0_0_0_0_0	SUM-159_NLS_2N_O1_A12_seed	SUM-159_NLS_2N_O1_A12	0	89	25	1.46482412060302	0.00934136750046195	-4.67330262413308
2N	20.5_20.5_2_1_0.5_0.3_0.2_0.1_0_0_0_0_0_0	SUM-159_NLS_2N_O1_A12_seed	SUM-159_NLS_2N_O1_A12	0	89	26	1.50502512562814	0.0227950058056174	-3.78121381062857
2N	20.5_20.5_2_1_0.5_0.3_0.2_0.1_0_0_0_0_0_0	SUM-159_NLS_2N_O1_A12_seed	SUM-159_NLS_2N_O1_A12	0	89	27	1.54522613065327	0.0499517486310509	-2.99669776687168
2N	20.5_20.5_2_1_0.5_0.3_0.2_0.1_0_0_0_0_0_0	SUM-159_NLS_2N_O1_A12_seed	SUM-159_NLS_2N_O1_A12	0	89	28	1.58542713567839	0.101115129699851	-2.291495513313
2N	20.5_20.5_2_1_0.5_0.3_0.2_0.1_0_0_0_0_0_0	SUM-159_NLS_2N_O1_A12_seed	SUM-159_NLS_2N_O1_A12	0	89	29	1.62562814070352	0.19509466091176	-1.63427039763342
2N	20.5_20.5_2_1_0.5_0.3_0.2_0.1_0_0_0_0_0_0	SUM-159_NLS_2N_O1_A12_seed	SUM-159_NLS_2N_O1_A12	0	89	30	1.66582914572864	0.343140603089269	-1.06961499426802
2N	20.5_20.5_2_1_0.5_0.3_0.2_0.1_0_0_0_0_0_0	SUM-159_NLS_2N_O1_A12_seed	SUM-159_NLS_2N_O1_A12	0	89	31	1.70603015075377	0.562099519453312	-0.576076363887634
2N	20.5_20.5_2_1_0.5_0.3_0.2_0.1_0_0_0_0_0_0	SUM-159_NLS_2N_O1_A12_seed	SUM-159_NLS_2N_O1_A12	0	89	32	1.74623115577889	0.850013425049745	-0.162503135446331
2N	20.5_20.5_2_1_0.5_0.3_0.2_0.1_0_0_0_0_0_0	SUM-159_NLS_2N_O1_A12_seed	SUM-159_NLS_2N_O1_A12	0	89	33	1.78643216080402	1.19967392550975	0.182049791127132
2N	20.5_20.5_2_1_0.5_0.3_0.2_0.1_0_0_0_0_0_0	SUM-159_NLS_2N_O1_A12_seed	SUM-159_NLS_2N_O1_A12	0	89	34	1.82663316582915	1.54853350103747	0.43730835470628
2N	20.5_20.5_2_1_0.5_0.3_0.2_0.1_0_0_0_0_0_0	SUM-159_NLS_2N_O1_A12_seed	SUM-159_NLS_2N_O1_A12	0	89	35	1.86683417085427	1.85676226039999	0.618834250696128
2N	20.5_20.5_2_1_0.5_0.3_0.2_0.1_0_0_0_0_0_0	SUM-159_NLS_2N_O1_A12_seed	SUM-159_NLS_2N_O1_A12	0	89	36	1.9070351758794	2.05117348383938	0.718412060515272
2N	20.5_20.5_2_1_0.5_0.3_0.2_0.1_0_0_0_0_0_0	SUM-159_NLS_2N_O1_A12_seed	SUM-159_NLS_2N_O1_A12	0	89	37	1.94723618090452	2.09105872143082	0.737670502993745
2N	20.5_20.5_2_1_0.5_0.3_0.2_0.1_0_0_0_0_0_0	SUM-159_NLS_2N_O1_A12_seed	SUM-159_NLS_2N_O1_A12	0	89	38	1.98743718592965	1.96385894114635	0.674911385126024
2N	20.5_20.5_2_1_0.5_0.3_0.2_0.1_0_0_0_0_0_0	SUM-159_NLS_2N_O1_A12_seed	SUM-159_NLS_2N_O1_A12	0	89	39	2.02763819095477	1.71211925925337	0.537731936072191
2N	20.5_20.5_2_1_0.5_0.3_0.2_0.1_0_0_0_0_0_0	SUM-159_NLS_2N_O1_A12_seed	SUM-159_NLS_2N_O1_A12	0	89	40	2.0678391959799	1.39299663763718	0.331457281038242
2N	20.5_20.5_2_1_0.5_0.3_0.2_0.1_0_0_0_0_0_0	SUM-159_NLS_2N_O1_A12_seed	SUM-159_NLS_2N_O1_A12	0	89	41	2.10804020100502	1.04815067838369	0.0470273526475875
2N	20.5_20.5_2_1_0.5_0.3_0.2_0.1_0_0_0_0_0_0	SUM-159_NLS_2N_O1_A12_seed	SUM-159_NLS_2N_O1_A12	0	89	42	2.14824120603015	0.739155190176227	-0.302247379842432
2N	20.5_20.5_2_1_0.5_0.3_0.2_0.1_0_0_0_0_0_0	SUM-159_NLS_2N_O1_A12_seed	SUM-159_NLS_2N_O1_A12	0	89	43	2.18844221105528	0.49027501653154	-0.712788787096322
2N	20.5_20.5_2_1_0.5_0.3_0.2_0.1_0_0_0_0_0_0	SUM-159_NLS_2N_O1_A12_seed	SUM-159_NLS_2N_O1_A12	0	89	44	2.2286432160804	0.3061003946605	-1.18384214371275
2N	20.5_20.5_2_1_0.5_0.3_0.2_0.1_0_0_0_0_0_0	SUM-159_NLS_2N_O1_A12_seed	SUM-159_NLS_2N_O1_A12	0	89	45	2.26884422110553	0.182039438054276	-1.70353192277388
2N	20.5_20.5_2_1_0.5_0.3_0.2_0.1_0_0_0_0_0_0	SUM-159_NLS_2N_O1_A12_seed	SUM-159_NLS_2N_O1_A12	0	89	46	2.30904522613065	0.0996046613783666	-2.3065463144991
2N	20.5_20.5_2_1_0.5_0.3_0.2_0.1_0_0_0_0_0_0	SUM-159_NLS_2N_O1_A12_seed	SUM-159_NLS_2N_O1_A12	0	89	47	2.34924623115578	0.0538307952714256	-2.9219095727598
2N	20.5_20.5_2_1_0.5_0.3_0.2_0.1_0_0_0_0_0_0	SUM-159_NLS_2N_O1_A12_seed	SUM-159_NLS_2N_O1_A12	0	89	48	2.3894472361809	0.0290679808726974	-3.53811802424718
2N	20.5_20.5_2_1_0.5_0.3_0.2_0.1_0_0_0_0_0_0	SUM-159_NLS_2N_O1_A12_seed	SUM-159_NLS_2N_O1_A12	0	89	49	2.42964824120603	0.0143160704570933	-4.24637256452765
2N	20.5_20.5_2_1_0.5_0.3_0.2_0.1_0_0_0_0_0_0	SUM-159_NLS_2N_O1_A12_seed	SUM-159_NLS_2N_O1_A12	0	89	50	2.46984924623116	0.00696012335815215	-4.96755808092044
2N	20.5_20.5_2_1_0.5_0.3_0.2_0.1_0_0_0_0_0_0	SUM-159_NLS_2N_O1_A12_seed	SUM-159_NLS_2N_O1_A12	0	89	51	2.51005025125628	0.00343049929366609	-5.67504946173159
2N	20.5_20.5_2_1_0.5_0.3_0.2_0.1_0_0_0_0_0_0	SUM-159_NLS_2N_O1_A12_seed	SUM-159_NLS_2N_O1_A12	0	89	52	2.55025125628141	0.00179257575132872	-6.32410172622794
2N	20.5_20.5_2_1_0.5_0.3_0.2_0.1_0_0_0_0_0_0	SUM-159_NLS_2N_O1_A12_seed	SUM-159_NLS_2N_O1_A12	0	89	53	2.59045226130653	0.000672762655318416	-7.3041179572099
2N	20.5_20.5_2_1_0.5_0.3_0.2_0.1_0_0_0_0_0_0	SUM-159_NLS_2N_O1_A12_seed	SUM-159_NLS_2N_O1_A12	0	89	54	2.63065326633166	0.000174028852363372	-8.65628945431576
2N	20.5_20.5_2_1_0.5_0.3_0.2_0.1_0_0_0_0_0_0	SUM-159_NLS_2N_O1_A12_seed	SUM-159_NLS_2N_O1_A12	0	89	55	2.67085427135678	5.99127804967227e-05	-9.72262071171652
2N	20.5_20.5_2_1_0.5_0.3_0.2_0.1_0_0_0_0_0_0	SUM-159_NLS_2N_O1_A12_seed	SUM-159_NLS_2N_O1_A12	0	89	56	2.71105527638191	7.7887366389102e-05	-9.46024679552982
2N	20.5_20.5_2_1_0.5_0.3_0.2_0.1_0_0_0_0_0_0	SUM-159_NLS_2N_O1_A12_seed	SUM-159_NLS_2N_O1_A12	0	89	57	2.75125628140704	9.84294277484239e-06	-11.5287558291264
2N	20.5_20.5_2_1_0.5_0.3_0.2_0.1_0_0_0_0_0_0	SUM-159_NLS_2N_O1_A12_seed	SUM-159_NLS_2N_O1_A12	0	89	58	2.79145728643216	4.06512145770719e-08	-17.0182371225042
2N	20.5_20.5_2_1_0.5_0.3_0.2_0.1_0_0_0_0_0_0	SUM-159_NLS_2N_O1_A12_seed	SUM-159_NLS_2N_O1_A12	0	89	59	2.83165829145729	4.71341164400948e-12	-26.0806091295542
2N	20.5_20.5_2_1_0.5_0.3_0.2_0.1_0_0_0_0_0_0	SUM-159_NLS_2N_O1_A12_seed	SUM-159_NLS_2N_O1_A12	0	89	60	2.87185929648241	9.99956180692343e-13	-27.6310649361963
2N	20.5_20.5_2_1_0.5_0.3_0.2_0.1_0_0_0_0_0_0	SUM-159_NLS_2N_O1_A12_seed	SUM-159_NLS_2N_O1_A12	0	89	61	2.91206030150754	9.99956180692343e-13	-27.6310649361963
2N	20.5_20.5_2_1_0.5_0.3_0.2_0.1_0_0_0_0_0_0	SUM-159_NLS_2N_O1_A12_seed	SUM-159_NLS_2N_O1_A12	0	89	62	2.95226130653266	1.77092202331843e-08	-17.8491804158678
2N	20.5_20.5_2_1_0.5_0.3_0.2_0.1_0_0_0_0_0_0	SUM-159_NLS_2N_O1_A12_seed	SUM-159_NLS_2N_O1_A12	0	89	63	2.99246231155779	4.85665752182095e-06	-12.235160109374
2N	20.5_20.5_2_1_0.5_0.3_0.2_0.1_0_0_0_0_0_0	SUM-159_NLS_2N_O1_A12_seed	SUM-159_NLS_2N_O1_A12	0	89	64	3.03266331658291	6.92773079244138e-05	-9.57739315236904
2N	20.5_20.5_2_1_0.5_0.3_0.2_0.1_0_0_0_0_0_0	SUM-159_NLS_2N_O1_A12_seed	SUM-159_NLS_2N_O1_A12	0	89	65	3.07286432160804	0.000114309750946406	-9.07659868068492
2N	20.5_20.5_2_1_0.5_0.3_0.2_0.1_0_0_0_0_0_0	SUM-159_NLS_2N_O1_A12_seed	SUM-159_NLS_2N_O1_A12	0	89	66	3.11306532663317	0.00021049051420079	-8.46606996903636
2N	20.5_20.5_2_1_0.5_0.3_0.2_0.1_0_0_0_0_0_0	SUM-159_NLS_2N_O1_A12_seed	SUM-159_NLS_2N_O1_A12	0	89	67	3.15326633165829	0.00075004369089638	-7.19537909860214
2N	20.5_20.5_2_1_0.5_0.3_0.2_0.1_0_0_0_0_0_0	SUM-159_NLS_2N_O1_A12_seed	SUM-159_NLS_2N_O1_A12	0	89	68	3.19346733668342	0.0017080300260575	-6.37241460411132
2N	20.5_20.5_2_1_0.5_0.3_0.2_0.1_0_0_0_0_0_0	SUM-159_NLS_2N_O1_A12_seed	SUM-159_NLS_2N_O1_A12	0	89	69	3.23366834170854	0.00316440648171583	-5.75578976649533
2N	20.5_20.5_2_1_0.5_0.3_0.2_0.1_0_0_0_0_0_0	SUM-159_NLS_2N_O1_A12_seed	SUM-159_NLS_2N_O1_A12	0	89	70	3.27386934673367	0.0058866751139607	-5.1350639374878
2N	20.5_20.5_2_1_0.5_0.3_0.2_0.1_0_0_0_0_0_0	SUM-159_NLS_2N_O1_A12_seed	SUM-159_NLS_2N_O1_A12	0	89	71	3.31407035175879	0.0094679417183851	-4.65984374299097
2N	20.5_20.5_2_1_0.5_0.3_0.2_0.1_0_0_0_0_0_0	SUM-159_NLS_2N_O1_A12_seed	SUM-159_NLS_2N_O1_A12	0	89	72	3.35427135678392	0.0151815226636574	-4.18767620482128
2N	20.5_20.5_2_1_0.5_0.3_0.2_0.1_0_0_0_0_0_0	SUM-159_NLS_2N_O1_A12_seed	SUM-159_NLS_2N_O1_A12	0	89	73	3.39447236180905	0.023570582047317	-3.74775586792589
2N	20.5_20.5_2_1_0.5_0.3_0.2_0.1_0_0_0_0_0_0	SUM-159_NLS_2N_O1_A12_seed	SUM-159_NLS_2N_O1_A12	0	89	74	3.43467336683417	0.0337276339936982	-3.38943777782699
2N	20.5_20.5_2_1_0.5_0.3_0.2_0.1_0_0_0_0_0_0	SUM-159_NLS_2N_O1_A12_seed	SUM-159_NLS_2N_O1_A12	0	89	75	3.4748743718593	0.0510095984361963	-2.97574145933478
2N	20.5_20.5_2_1_0.5_0.3_0.2_0.1_0_0_0_0_0_0	SUM-159_NLS_2N_O1_A12_seed	SUM-159_NLS_2N_O1_A12	0	89	76	3.51507537688442	0.0746346420111422	-2.59515050943631
2N	20.5_20.5_2_1_0.5_0.3_0.2_0.1_0_0_0_0_0_0	SUM-159_NLS_2N_O1_A12_seed	SUM-159_NLS_2N_O1_A12	0	89	77	3.55527638190955	0.10699220338441	-2.23499931274132
2N	20.5_20.5_2_1_0.5_0.3_0.2_0.1_0_0_0_0_0_0	SUM-159_NLS_2N_O1_A12_seed	SUM-159_NLS_2N_O1_A12	0	89	78	3.59547738693467	0.146549377146086	-1.92039286194627
2N	20.5_20.5_2_1_0.5_0.3_0.2_0.1_0_0_0_0_0_0	SUM-159_NLS_2N_O1_A12_seed	SUM-159_NLS_2N_O1_A12	0	89	79	3.6356783919598	0.195607434525381	-1.63164551328277
2N	20.5_20.5_2_1_0.5_0.3_0.2_0.1_0_0_0_0_0_0	SUM-159_NLS_2N_O1_A12_seed	SUM-159_NLS_2N_O1_A12	0	89	80	3.67587939698492	0.259078209148538	-1.35062529704063
2N	20.5_20.5_2_1_0.5_0.3_0.2_0.1_0_0_0_0_0_0	SUM-159_NLS_2N_O1_A12_seed	SUM-159_NLS_2N_O1_A12	0	89	81	3.71608040201005	0.319771227231893	-1.14014945376222
2N	20.5_20.5_2_1_0.5_0.3_0.2_0.1_0_0_0_0_0_0	SUM-159_NLS_2N_O1_A12_seed	SUM-159_NLS_2N_O1_A12	0	89	82	3.75628140703518	0.376554589802323	-0.976692249417779
2N	20.5_20.5_2_1_0.5_0.3_0.2_0.1_0_0_0_0_0_0	SUM-159_NLS_2N_O1_A12_seed	SUM-159_NLS_2N_O1_A12	0	89	83	3.7964824120603	0.42571344413809	-0.853988825396791
2N	20.5_20.5_2_1_0.5_0.3_0.2_0.1_0_0_0_0_0_0	SUM-159_NLS_2N_O1_A12_seed	SUM-159_NLS_2N_O1_A12	0	89	84	3.83668341708543	0.474248335231613	-0.746024180491333
2N	20.5_20.5_2_1_0.5_0.3_0.2_0.1_0_0_0_0_0_0	SUM-159_NLS_2N_O1_A12_seed	SUM-159_NLS_2N_O1_A12	0	89	85	3.87688442211055	0.484724238790228	-0.724175129561417
2N	20.5_20.5_2_1_0.5_0.3_0.2_0.1_0_0_0_0_0_0	SUM-159_NLS_2N_O1_A12_seed	SUM-159_NLS_2N_O1_A12	0	89	86	3.91708542713568	0.484299996572871	-0.725050736649413
2N	20.5_20.5_2_1_0.5_0.3_0.2_0.1_0_0_0_0_0_0	SUM-159_NLS_2N_O1_A12_seed	SUM-159_NLS_2N_O1_A12	0	89	87	3.9572864321608	0.460765081847197	-0.774866949713022
2N	20.5_20.5_2_1_0.5_0.3_0.2_0.1_0_0_0_0_0_0	SUM-159_NLS_2N_O1_A12_seed	SUM-159_NLS_2N_O1_A12	0	89	88	3.99748743718593	0.392756668906239	-0.93456502196195
2N	20.5_20.5_2_1_0.5_0.3_0.2_0.1_0_0_0_0_0_0	SUM-159_NLS_2N_O1_A12_seed	SUM-159_NLS_2N_O1_A12	0	89	89	4.03768844221106	0.315601238430738	-1.15327576596635
2N	20.5_20.5_2_1_0.5_0.3_0.2_0.1_0_0_0_0_0_0	SUM-159_NLS_2N_O1_A12_seed	SUM-159_NLS_2N_O1_A12	0	89	90	4.07788944723618	0.271989632318482	-1.30199132988876
2N	20.5_20.5_2_1_0.5_0.3_0.2_0.1_0_0_0_0_0_0	SUM-159_NLS_2N_O1_A12_seed	SUM-159_NLS_2N_O1_A12	0	89	91	4.11809045226131	0.231922293948236	-1.46135290329901
2N	20.5_20.5_2_1_0.5_0.3_0.2_0.1_0_0_0_0_0_0	SUM-159_NLS_2N_O1_A12_seed	SUM-159_NLS_2N_O1_A12	0	89	92	4.15829145728643	0.187884374811785	-1.67192853295613
2N	20.5_20.5_2_1_0.5_0.3_0.2_0.1_0_0_0_0_0_0	SUM-159_NLS_2N_O1_A12_seed	SUM-159_NLS_2N_O1_A12	0	89	93	4.19849246231156	0.148757793027018	-1.90543584583111
2N	20.5_20.5_2_1_0.5_0.3_0.2_0.1_0_0_0_0_0_0	SUM-159_NLS_2N_O1_A12_seed	SUM-159_NLS_2N_O1_A12	0	89	94	4.23869346733668	0.116769823181364	-2.14755060514278
2N	20.5_20.5_2_1_0.5_0.3_0.2_0.1_0_0_0_0_0_0	SUM-159_NLS_2N_O1_A12_seed	SUM-159_NLS_2N_O1_A12	0	89	95	4.27889447236181	0.0882150746749323	-2.42797741589187
2N	20.5_20.5_2_1_0.5_0.3_0.2_0.1_0_0_0_0_0_0	SUM-159_NLS_2N_O1_A12_seed	SUM-159_NLS_2N_O1_A12	0	89	96	4.31909547738693	0.0672588738897735	-2.69920631545404
2N	20.5_20.5_2_1_0.5_0.3_0.2_0.1_0_0_0_0_0_0	SUM-159_NLS_2N_O1_A12_seed	SUM-159_NLS_2N_O1_A12	0	89	97	4.35929648241206	0.0483051678183795	-3.03021672987773
2N	20.5_20.5_2_1_0.5_0.3_0.2_0.1_0_0_0_0_0_0	SUM-159_NLS_2N_O1_A12_seed	SUM-159_NLS_2N_O1_A12	0	89	98	4.39949748743719	0.0341037218324402	-3.37834875600217
2N	20.5_20.5_2_1_0.5_0.3_0.2_0.1_0_0_0_0_0_0	SUM-159_NLS_2N_O1_A12_seed	SUM-159_NLS_2N_O1_A12	0	89	99	4.43969849246231	0.0263175539001212	-3.63751911376941
2N	20.5_20.5_2_1_0.5_0.3_0.2_0.1_0_0_0_0_0_0	SUM-159_NLS_2N_O1_A12_seed	SUM-159_NLS_2N_O1_A12	0	89	100	4.47989949748744	0.0182723526246595	-4.00236614705971
2N	20.5_20.5_2_1_0.5_0.3_0.2_0.1_0_0_0_0_0_0	SUM-159_NLS_2N_O1_A12_seed	SUM-159_NLS_2N_O1_A12	0	89	101	4.52010050251256	0.0131803489295523	-4.32902827608884
2N	20.5_20.5_2_1_0.5_0.3_0.2_0.1_0_0_0_0_0_0	SUM-159_NLS_2N_O1_A12_seed	SUM-159_NLS_2N_O1_A12	0	89	102	4.56030150753769	0.00876463642219254	-4.73703024210904
2N	20.5_20.5_2_1_0.5_0.3_0.2_0.1_0_0_0_0_0_0	SUM-159_NLS_2N_O1_A12_seed	SUM-159_NLS_2N_O1_A12	0	89	103	4.60050251256281	0.00640473843383896	-5.05071718227545
2N	20.5_20.5_2_1_0.5_0.3_0.2_0.1_0_0_0_0_0_0	SUM-159_NLS_2N_O1_A12_seed	SUM-159_NLS_2N_O1_A12	0	89	104	4.64070351758794	0.00493570730657786	-5.31125929183215
2N	20.5_20.5_2_1_0.5_0.3_0.2_0.1_0_0_0_0_0_0	SUM-159_NLS_2N_O1_A12_seed	SUM-159_NLS_2N_O1_A12	0	89	105	4.68090452261307	0.00314052944293405	-5.76336388087607
2N	20.5_20.5_2_1_0.5_0.3_0.2_0.1_0_0_0_0_0_0	SUM-159_NLS_2N_O1_A12_seed	SUM-159_NLS_2N_O1_A12	0	89	106	4.72110552763819	0.0021846986878259	-6.12627736025222
2N	20.5_20.5_2_1_0.5_0.3_0.2_0.1_0_0_0_0_0_0	SUM-159_NLS_2N_O1_A12_seed	SUM-159_NLS_2N_O1_A12	0	89	107	4.76130653266332	0.00157118944658541	-6.4559223371729
2N	20.5_20.5_2_1_0.5_0.3_0.2_0.1_0_0_0_0_0_0	SUM-159_NLS_2N_O1_A12_seed	SUM-159_NLS_2N_O1_A12	0	89	108	4.80150753768844	0.000895449163107991	-7.01818510735692
2N	20.5_20.5_2_1_0.5_0.3_0.2_0.1_0_0_0_0_0_0	SUM-159_NLS_2N_O1_A12_seed	SUM-159_NLS_2N_O1_A12	0	89	109	4.84170854271357	0.000503741639423094	-7.59344704151983
2N	20.5_20.5_2_1_0.5_0.3_0.2_0.1_0_0_0_0_0_0	SUM-159_NLS_2N_O1_A12_seed	SUM-159_NLS_2N_O1_A12	0	89	110	4.88190954773869	0.000293104021325984	-8.13498299036207
2N	20.5_20.5_2_1_0.5_0.3_0.2_0.1_0_0_0_0_0_0	SUM-159_NLS_2N_O1_A12_seed	SUM-159_NLS_2N_O1_A12	0	89	111	4.92211055276382	0.000175610560838137	-8.64724173712443
2N	20.5_20.5_2_1_0.5_0.3_0.2_0.1_0_0_0_0_0_0	SUM-159_NLS_2N_O1_A12_seed	SUM-159_NLS_2N_O1_A12	0	89	112	4.96231155778894	3.87328474600586e-05	-10.1588225463537
2N	20.5_20.5_2_1_0.5_0.3_0.2_0.1_0_0_0_0_0_0	SUM-159_NLS_2N_O1_A12_seed	SUM-159_NLS_2N_O1_A12	0	89	113	5.00251256281407	5.15400618256584e-06	-12.1757362461683
2N	20.5_20.5_2_1_0.5_0.3_0.2_0.1_0_0_0_0_0_0	SUM-159_NLS_2N_O1_A12_seed	SUM-159_NLS_2N_O1_A12	0	89	114	5.0427135678392	3.06074061699859e-05	-10.394268546592
2N	20.5_20.5_2_1_0.5_0.3_0.2_0.1_0_0_0_0_0_0	SUM-159_NLS_2N_O1_A12_seed	SUM-159_NLS_2N_O1_A12	0	89	115	5.08291457286432	5.85202230913639e-06	-12.0487232625894
2N	20.5_20.5_2_1_0.5_0.3_0.2_0.1_0_0_0_0_0_0	SUM-159_NLS_2N_O1_A12_seed	SUM-159_NLS_2N_O1_A12	0	89	116	5.12311557788945	2.93479728944745e-08	-17.3440423596853
2N	20.5_20.5_2_1_0.5_0.3_0.2_0.1_0_0_0_0_0_0	SUM-159_NLS_2N_O1_A12_seed	SUM-159_NLS_2N_O1_A12	0	89	117	5.16331658291457	9.99956180692343e-13	-27.6310649361963
2N	20.5_20.5_2_1_0.5_0.3_0.2_0.1_0_0_0_0_0_0	SUM-159_NLS_2N_O1_A12_seed	SUM-159_NLS_2N_O1_A12	0	89	118	5.2035175879397	9.99956180692343e-13	-27.6310649361963
2N	20.5_20.5_2_1_0.5_0.3_0.2_0.1_0_0_0_0_0_0	SUM-159_NLS_2N_O1_A12_seed	SUM-159_NLS_2N_O1_A12	0	89	119	5.24371859296482	9.99956180692343e-13	-27.6310649361963
2N	20.5_20.5_2_1_0.5_0.3_0.2_0.1_0_0_0_0_0_0	SUM-159_NLS_2N_O1_A12_seed	SUM-159_NLS_2N_O1_A12	0	89	120	5.28391959798995	9.99956180692343e-13	-27.6310649361963
2N	20.5_20.5_2_1_0.5_0.3_0.2_0.1_0_0_0_0_0_0	SUM-159_NLS_2N_O1_A12_seed	SUM-159_NLS_2N_O1_A12	0	89	121	5.32412060301508	9.99956180692343e-13	-27.6310649361963
2N	20.5_20.5_2_1_0.5_0.3_0.2_0.1_0_0_0_0_0_0	SUM-159_NLS_2N_O1_A12_seed	SUM-159_NLS_2N_O1_A12	0	89	122	5.3643216080402	9.99956180692343e-13	-27.6310649361963
2N	20.5_20.5_2_1_0.5_0.3_0.2_0.1_0_0_0_0_0_0	SUM-159_NLS_2N_O1_A12_seed	SUM-159_NLS_2N_O1_A12	0	89	123	5.40452261306533	9.99956180692343e-13	-27.6310649361963
2N	20.5_20.5_2_1_0.5_0.3_0.2_0.1_0_0_0_0_0_0	SUM-159_NLS_2N_O1_A12_seed	SUM-159_NLS_2N_O1_A12	0	89	124	5.44472361809045	9.99956180692343e-13	-27.6310649361963
2N	20.5_20.5_2_1_0.5_0.3_0.2_0.1_0_0_0_0_0_0	SUM-159_NLS_2N_O1_A12_seed	SUM-159_NLS_2N_O1_A12	0	89	125	5.48492462311558	9.99956180692343e-13	-27.6310649361963
2N	20.5_20.5_2_1_0.5_0.3_0.2_0.1_0_0_0_0_0_0	SUM-159_NLS_2N_O1_A12_seed	SUM-159_NLS_2N_O1_A12	0	89	126	5.5251256281407	9.99956180692343e-13	-27.6310649361963
2N	20.5_20.5_2_1_0.5_0.3_0.2_0.1_0_0_0_0_0_0	SUM-159_NLS_2N_O1_A12_seed	SUM-159_NLS_2N_O1_A12	0	89	127	5.56532663316583	9.99956180692343e-13	-27.6310649361963
2N	20.5_20.5_2_1_0.5_0.3_0.2_0.1_0_0_0_0_0_0	SUM-159_NLS_2N_O1_A12_seed	SUM-159_NLS_2N_O1_A12	0	89	128	5.60552763819095	9.99956180692343e-13	-27.6310649361963
2N	20.5_20.5_2_1_0.5_0.3_0.2_0.1_0_0_0_0_0_0	SUM-159_NLS_2N_O1_A12_seed	SUM-159_NLS_2N_O1_A12	0	89	129	5.64572864321608	9.99956180692343e-13	-27.6310649361963
2N	20.5_20.5_2_1_0.5_0.3_0.2_0.1_0_0_0_0_0_0	SUM-159_NLS_2N_O1_A12_seed	SUM-159_NLS_2N_O1_A12	0	89	130	5.68592964824121	9.99956180692343e-13	-27.6310649361963
2N	20.5_20.5_2_1_0.5_0.3_0.2_0.1_0_0_0_0_0_0	SUM-159_NLS_2N_O1_A12_seed	SUM-159_NLS_2N_O1_A12	0	89	131	5.72613065326633	9.99956180692343e-13	-27.6310649361963
2N	20.5_20.5_2_1_0.5_0.3_0.2_0.1_0_0_0_0_0_0	SUM-159_NLS_2N_O1_A12_seed	SUM-159_NLS_2N_O1_A12	0	89	132	5.76633165829146	9.99956180692343e-13	-27.6310649361963
2N	20.5_20.5_2_1_0.5_0.3_0.2_0.1_0_0_0_0_0_0	SUM-159_NLS_2N_O1_A12_seed	SUM-159_NLS_2N_O1_A12	0	89	133	5.80653266331658	9.99956180692343e-13	-27.6310649361963
2N	20.5_20.5_2_1_0.5_0.3_0.2_0.1_0_0_0_0_0_0	SUM-159_NLS_2N_O1_A12_seed	SUM-159_NLS_2N_O1_A12	0	89	134	5.84673366834171	9.99956180692343e-13	-27.6310649361963
2N	20.5_20.5_2_1_0.5_0.3_0.2_0.1_0_0_0_0_0_0	SUM-159_NLS_2N_O1_A12_seed	SUM-159_NLS_2N_O1_A12	0	89	135	5.88693467336683	9.99956180692343e-13	-27.6310649361963
2N	20.5_20.5_2_1_0.5_0.3_0.2_0.1_0_0_0_0_0_0	SUM-159_NLS_2N_O1_A12_seed	SUM-159_NLS_2N_O1_A12	0	89	136	5.92713567839196	9.99956180692343e-13	-27.6310649361963
2N	20.5_20.5_2_1_0.5_0.3_0.2_0.1_0_0_0_0_0_0	SUM-159_NLS_2N_O1_A12_seed	SUM-159_NLS_2N_O1_A12	0	89	137	5.96733668341709	9.99956180692343e-13	-27.6310649361963
2N	20.5_20.5_2_1_0.5_0.3_0.2_0.1_0_0_0_0_0_0	SUM-159_NLS_2N_O1_A12_seed	SUM-159_NLS_2N_O1_A12	0	89	138	6.00753768844221	9.99956180692343e-13	-27.6310649361963
2N	20.5_20.5_2_1_0.5_0.3_0.2_0.1_0_0_0_0_0_0	SUM-159_NLS_2N_O1_A12_seed	SUM-159_NLS_2N_O1_A12	0	89	139	6.04773869346734	9.99956180692343e-13	-27.6310649361963
2N	20.5_20.5_2_1_0.5_0.3_0.2_0.1_0_0_0_0_0_0	SUM-159_NLS_2N_O1_A12_seed	SUM-159_NLS_2N_O1_A12	0	89	140	6.08793969849246	9.99956180692343e-13	-27.6310649361963
2N	20.5_20.5_2_1_0.5_0.3_0.2_0.1_0_0_0_0_0_0	SUM-159_NLS_2N_O1_A12_seed	SUM-159_NLS_2N_O1_A12	0	89	141	6.12814070351759	9.99956180692343e-13	-27.6310649361963
2N	20.5_20.5_2_1_0.5_0.3_0.2_0.1_0_0_0_0_0_0	SUM-159_NLS_2N_O1_A12_seed	SUM-159_NLS_2N_O1_A12	0	89	142	6.16834170854271	9.99956180692343e-13	-27.6310649361963
2N	20.5_20.5_2_1_0.5_0.3_0.2_0.1_0_0_0_0_0_0	SUM-159_NLS_2N_O1_A12_seed	SUM-159_NLS_2N_O1_A12	0	89	143	6.20854271356784	9.99956180692343e-13	-27.6310649361963
2N	20.5_20.5_2_1_0.5_0.3_0.2_0.1_0_0_0_0_0_0	SUM-159_NLS_2N_O1_A12_seed	SUM-159_NLS_2N_O1_A12	0	89	144	6.24874371859296	9.99956180692343e-13	-27.6310649361963
2N	20.5_20.5_2_1_0.5_0.3_0.2_0.1_0_0_0_0_0_0	SUM-159_NLS_2N_O1_A12_seed	SUM-159_NLS_2N_O1_A12	0	89	145	6.28894472361809	9.99956180692343e-13	-27.6310649361963
2N	20.5_20.5_2_1_0.5_0.3_0.2_0.1_0_0_0_0_0_0	SUM-159_NLS_2N_O1_A12_seed	SUM-159_NLS_2N_O1_A12	0	89	146	6.32914572864322	9.99956180692343e-13	-27.6310649361963
2N	20.5_20.5_2_1_0.5_0.3_0.2_0.1_0_0_0_0_0_0	SUM-159_NLS_2N_O1_A12_seed	SUM-159_NLS_2N_O1_A12	0	89	147	6.36934673366834	9.99956180692343e-13	-27.6310649361963
2N	20.5_20.5_2_1_0.5_0.3_0.2_0.1_0_0_0_0_0_0	SUM-159_NLS_2N_O1_A12_seed	SUM-159_NLS_2N_O1_A12	0	89	148	6.40954773869347	9.99956180692343e-13	-27.6310649361963
2N	20.5_20.5_2_1_0.5_0.3_0.2_0.1_0_0_0_0_0_0	SUM-159_NLS_2N_O1_A12_seed	SUM-159_NLS_2N_O1_A12	0	89	149	6.44974874371859	9.99956180692343e-13	-27.6310649361963
2N	20.5_20.5_2_1_0.5_0.3_0.2_0.1_0_0_0_0_0_0	SUM-159_NLS_2N_O1_A12_seed	SUM-159_NLS_2N_O1_A12	0	89	150	6.48994974874372	9.99956180692343e-13	-27.6310649361963
2N	20.5_20.5_2_1_0.5_0.3_0.2_0.1_0_0_0_0_0_0	SUM-159_NLS_2N_O1_A12_seed	SUM-159_NLS_2N_O1_A12	0	89	151	6.53015075376884	9.99956180692343e-13	-27.6310649361963
2N	20.5_20.5_2_1_0.5_0.3_0.2_0.1_0_0_0_0_0_0	SUM-159_NLS_2N_O1_A12_seed	SUM-159_NLS_2N_O1_A12	0	89	152	6.57035175879397	9.99956180692343e-13	-27.6310649361963
2N	20.5_20.5_2_1_0.5_0.3_0.2_0.1_0_0_0_0_0_0	SUM-159_NLS_2N_O1_A12_seed	SUM-159_NLS_2N_O1_A12	0	89	153	6.6105527638191	9.99956180692343e-13	-27.6310649361963
2N	20.5_20.5_2_1_0.5_0.3_0.2_0.1_0_0_0_0_0_0	SUM-159_NLS_2N_O1_A12_seed	SUM-159_NLS_2N_O1_A12	0	89	154	6.65075376884422	9.99956180692343e-13	-27.6310649361963
2N	20.5_20.5_2_1_0.5_0.3_0.2_0.1_0_0_0_0_0_0	SUM-159_NLS_2N_O1_A12_seed	SUM-159_NLS_2N_O1_A12	0	89	155	6.69095477386935	9.99956180692343e-13	-27.6310649361963
2N	20.5_20.5_2_1_0.5_0.3_0.2_0.1_0_0_0_0_0_0	SUM-159_NLS_2N_O1_A12_seed	SUM-159_NLS_2N_O1_A12	0	89	156	6.73115577889447	9.99956180692343e-13	-27.6310649361963
2N	20.5_20.5_2_1_0.5_0.3_0.2_0.1_0_0_0_0_0_0	SUM-159_NLS_2N_O1_A12_seed	SUM-159_NLS_2N_O1_A12	0	89	157	6.7713567839196	9.99956180692343e-13	-27.6310649361963
2N	20.5_20.5_2_1_0.5_0.3_0.2_0.1_0_0_0_0_0_0	SUM-159_NLS_2N_O1_A12_seed	SUM-159_NLS_2N_O1_A12	0	89	158	6.81155778894472	9.99956180692343e-13	-27.6310649361963
2N	20.5_20.5_2_1_0.5_0.3_0.2_0.1_0_0_0_0_0_0	SUM-159_NLS_2N_O1_A12_seed	SUM-159_NLS_2N_O1_A12	0	89	159	6.85175879396985	9.99956180692343e-13	-27.6310649361963
2N	20.5_20.5_2_1_0.5_0.3_0.2_0.1_0_0_0_0_0_0	SUM-159_NLS_2N_O1_A12_seed	SUM-159_NLS_2N_O1_A12	0	89	160	6.89195979899498	9.99956180692343e-13	-27.6310649361963
2N	20.5_20.5_2_1_0.5_0.3_0.2_0.1_0_0_0_0_0_0	SUM-159_NLS_2N_O1_A12_seed	SUM-159_NLS_2N_O1_A12	0	89	161	6.9321608040201	9.99956180692343e-13	-27.6310649361963
2N	20.5_20.5_2_1_0.5_0.3_0.2_0.1_0_0_0_0_0_0	SUM-159_NLS_2N_O1_A12_seed	SUM-159_NLS_2N_O1_A12	0	89	162	6.97236180904523	9.99956180692343e-13	-27.6310649361963
2N	20.5_20.5_2_1_0.5_0.3_0.2_0.1_0_0_0_0_0_0	SUM-159_NLS_2N_O1_A12_seed	SUM-159_NLS_2N_O1_A12	0	89	163	7.01256281407035	9.99956180692343e-13	-27.6310649361963
2N	20.5_20.5_2_1_0.5_0.3_0.2_0.1_0_0_0_0_0_0	SUM-159_NLS_2N_O1_A12_seed	SUM-159_NLS_2N_O1_A12	0	89	164	7.05276381909548	9.99956180692343e-13	-27.6310649361963
2N	20.5_20.5_2_1_0.5_0.3_0.2_0.1_0_0_0_0_0_0	SUM-159_NLS_2N_O1_A12_seed	SUM-159_NLS_2N_O1_A12	0	89	165	7.0929648241206	9.99956180692343e-13	-27.6310649361963
2N	20.5_20.5_2_1_0.5_0.3_0.2_0.1_0_0_0_0_0_0	SUM-159_NLS_2N_O1_A12_seed	SUM-159_NLS_2N_O1_A12	0	89	166	7.13316582914573	9.99956180692343e-13	-27.6310649361963
2N	20.5_20.5_2_1_0.5_0.3_0.2_0.1_0_0_0_0_0_0	SUM-159_NLS_2N_O1_A12_seed	SUM-159_NLS_2N_O1_A12	0	89	167	7.17336683417085	9.99956180692343e-13	-27.6310649361963
2N	20.5_20.5_2_1_0.5_0.3_0.2_0.1_0_0_0_0_0_0	SUM-159_NLS_2N_O1_A12_seed	SUM-159_NLS_2N_O1_A12	0	89	168	7.21356783919598	9.99956180692343e-13	-27.6310649361963
2N	20.5_20.5_2_1_0.5_0.3_0.2_0.1_0_0_0_0_0_0	SUM-159_NLS_2N_O1_A12_seed	SUM-159_NLS_2N_O1_A12	0	89	169	7.25376884422111	9.99956180692343e-13	-27.6310649361963
2N	20.5_20.5_2_1_0.5_0.3_0.2_0.1_0_0_0_0_0_0	SUM-159_NLS_2N_O1_A12_seed	SUM-159_NLS_2N_O1_A12	0	89	170	7.29396984924623	9.99956180692343e-13	-27.6310649361963
2N	20.5_20.5_2_1_0.5_0.3_0.2_0.1_0_0_0_0_0_0	SUM-159_NLS_2N_O1_A12_seed	SUM-159_NLS_2N_O1_A12	0	89	171	7.33417085427136	9.99956180692343e-13	-27.6310649361963
2N	20.5_20.5_2_1_0.5_0.3_0.2_0.1_0_0_0_0_0_0	SUM-159_NLS_2N_O1_A12_seed	SUM-159_NLS_2N_O1_A12	0	89	172	7.37437185929648	9.99956180692343e-13	-27.6310649361963
2N	20.5_20.5_2_1_0.5_0.3_0.2_0.1_0_0_0_0_0_0	SUM-159_NLS_2N_O1_A12_seed	SUM-159_NLS_2N_O1_A12	0	89	173	7.41457286432161	9.99956180692343e-13	-27.6310649361963
2N	20.5_20.5_2_1_0.5_0.3_0.2_0.1_0_0_0_0_0_0	SUM-159_NLS_2N_O1_A12_seed	SUM-159_NLS_2N_O1_A12	0	89	174	7.45477386934673	9.99956180692343e-13	-27.6310649361963
2N	20.5_20.5_2_1_0.5_0.3_0.2_0.1_0_0_0_0_0_0	SUM-159_NLS_2N_O1_A12_seed	SUM-159_NLS_2N_O1_A12	0	89	175	7.49497487437186	9.99956180692343e-13	-27.6310649361963
2N	20.5_20.5_2_1_0.5_0.3_0.2_0.1_0_0_0_0_0_0	SUM-159_NLS_2N_O1_A12_seed	SUM-159_NLS_2N_O1_A12	0	89	176	7.53517587939699	9.99956180692343e-13	-27.6310649361963
2N	20.5_20.5_2_1_0.5_0.3_0.2_0.1_0_0_0_0_0_0	SUM-159_NLS_2N_O1_A12_seed	SUM-159_NLS_2N_O1_A12	0	89	177	7.57537688442211	9.99956180692343e-13	-27.6310649361963
2N	20.5_20.5_2_1_0.5_0.3_0.2_0.1_0_0_0_0_0_0	SUM-159_NLS_2N_O1_A12_seed	SUM-159_NLS_2N_O1_A12	0	89	178	7.61557788944724	9.99956180692343e-13	-27.6310649361963
2N	20.5_20.5_2_1_0.5_0.3_0.2_0.1_0_0_0_0_0_0	SUM-159_NLS_2N_O1_A12_seed	SUM-159_NLS_2N_O1_A12	0	89	179	7.65577889447236	9.99956180692343e-13	-27.6310649361963
2N	20.5_20.5_2_1_0.5_0.3_0.2_0.1_0_0_0_0_0_0	SUM-159_NLS_2N_O1_A12_seed	SUM-159_NLS_2N_O1_A12	0	89	180	7.69597989949749	9.99956180692343e-13	-27.6310649361963
2N	20.5_20.5_2_1_0.5_0.3_0.2_0.1_0_0_0_0_0_0	SUM-159_NLS_2N_O1_A12_seed	SUM-159_NLS_2N_O1_A12	0	89	181	7.73618090452261	9.99956180692343e-13	-27.6310649361963
2N	20.5_20.5_2_1_0.5_0.3_0.2_0.1_0_0_0_0_0_0	SUM-159_NLS_2N_O1_A12_seed	SUM-159_NLS_2N_O1_A12	0	89	182	7.77638190954774	9.99956180692343e-13	-27.6310649361963
2N	20.5_20.5_2_1_0.5_0.3_0.2_0.1_0_0_0_0_0_0	SUM-159_NLS_2N_O1_A12_seed	SUM-159_NLS_2N_O1_A12	0	89	183	7.81658291457286	9.99956180692343e-13	-27.6310649361963
2N	20.5_20.5_2_1_0.5_0.3_0.2_0.1_0_0_0_0_0_0	SUM-159_NLS_2N_O1_A12_seed	SUM-159_NLS_2N_O1_A12	0	89	184	7.85678391959799	9.99956180692343e-13	-27.6310649361963
2N	20.5_20.5_2_1_0.5_0.3_0.2_0.1_0_0_0_0_0_0	SUM-159_NLS_2N_O1_A12_seed	SUM-159_NLS_2N_O1_A12	0	89	185	7.89698492462312	9.99956180692343e-13	-27.6310649361963
2N	20.5_20.5_2_1_0.5_0.3_0.2_0.1_0_0_0_0_0_0	SUM-159_NLS_2N_O1_A12_seed	SUM-159_NLS_2N_O1_A12	0	89	186	7.93718592964824	9.99956180692343e-13	-27.6310649361963
2N	20.5_20.5_2_1_0.5_0.3_0.2_0.1_0_0_0_0_0_0	SUM-159_NLS_2N_O1_A12_seed	SUM-159_NLS_2N_O1_A12	0	89	187	7.97738693467337	9.99956180692343e-13	-27.6310649361963
2N	20.5_20.5_2_1_0.5_0.3_0.2_0.1_0_0_0_0_0_0	SUM-159_NLS_2N_O1_A12_seed	SUM-159_NLS_2N_O1_A12	0	89	188	8.01758793969849	9.99956180692343e-13	-27.6310649361963
2N	20.5_20.5_2_1_0.5_0.3_0.2_0.1_0_0_0_0_0_0	SUM-159_NLS_2N_O1_A12_seed	SUM-159_NLS_2N_O1_A12	0	89	189	8.05778894472362	9.99956180692343e-13	-27.6310649361963
2N	20.5_20.5_2_1_0.5_0.3_0.2_0.1_0_0_0_0_0_0	SUM-159_NLS_2N_O1_A12_seed	SUM-159_NLS_2N_O1_A12	0	89	190	8.09798994974874	9.99956180692343e-13	-27.6310649361963
2N	20.5_20.5_2_1_0.5_0.3_0.2_0.1_0_0_0_0_0_0	SUM-159_NLS_2N_O1_A12_seed	SUM-159_NLS_2N_O1_A12	0	89	191	8.13819095477387	9.99956180692343e-13	-27.6310649361963
2N	20.5_20.5_2_1_0.5_0.3_0.2_0.1_0_0_0_0_0_0	SUM-159_NLS_2N_O1_A12_seed	SUM-159_NLS_2N_O1_A12	0	89	192	8.178391959799	9.99956180692343e-13	-27.6310649361963
2N	20.5_20.5_2_1_0.5_0.3_0.2_0.1_0_0_0_0_0_0	SUM-159_NLS_2N_O1_A12_seed	SUM-159_NLS_2N_O1_A12	0	89	193	8.21859296482412	9.99956180692343e-13	-27.6310649361963
2N	20.5_20.5_2_1_0.5_0.3_0.2_0.1_0_0_0_0_0_0	SUM-159_NLS_2N_O1_A12_seed	SUM-159_NLS_2N_O1_A12	0	89	194	8.25879396984925	9.99956180692343e-13	-27.6310649361963
2N	20.5_20.5_2_1_0.5_0.3_0.2_0.1_0_0_0_0_0_0	SUM-159_NLS_2N_O1_A12_seed	SUM-159_NLS_2N_O1_A12	0	89	195	8.29899497487437	9.99956180692343e-13	-27.6310649361963
2N	20.5_20.5_2_1_0.5_0.3_0.2_0.1_0_0_0_0_0_0	SUM-159_NLS_2N_O1_A12_seed	SUM-159_NLS_2N_O1_A12	0	89	196	8.3391959798995	9.99956180692343e-13	-27.6310649361963
2N	20.5_20.5_2_1_0.5_0.3_0.2_0.1_0_0_0_0_0_0	SUM-159_NLS_2N_O1_A12_seed	SUM-159_NLS_2N_O1_A12	0	89	197	8.37939698492462	9.99956180692343e-13	-27.6310649361963
2N	20.5_20.5_2_1_0.5_0.3_0.2_0.1_0_0_0_0_0_0	SUM-159_NLS_2N_O1_A12_seed	SUM-159_NLS_2N_O1_A12	0	89	198	8.41959798994975	9.99956180692343e-13	-27.6310649361963
2N	20.5_20.5_2_1_0.5_0.3_0.2_0.1_0_0_0_0_0_0	SUM-159_NLS_2N_O1_A12_seed	SUM-159_NLS_2N_O1_A12	0	89	199	8.45979899497488	9.99956180692343e-13	-27.6310649361963
2N	20.5_20.5_2_1_0.5_0.3_0.2_0.1_0_0_0_0_0_0	SUM-159_NLS_2N_O1_A12_seed	SUM-159_NLS_2N_O1_A12	0	89	200	8.5	9.99956180692343e-13	-27.6310649361963
2N	20.5_20.5_2_1_0.5_0.3_0.2_0.1_0_0_0_0_0_0	SUM-159_NLS_2N_O2_A12_seed	SUM-159_NLS_2N_O2_A12	0	89	1	0.5	9.9999836830888e-13	-27.631022747621
2N	20.5_20.5_2_1_0.5_0.3_0.2_0.1_0_0_0_0_0_0	SUM-159_NLS_2N_O2_A12_seed	SUM-159_NLS_2N_O2_A12	0	89	2	0.540201005025126	9.9999836830888e-13	-27.631022747621
2N	20.5_20.5_2_1_0.5_0.3_0.2_0.1_0_0_0_0_0_0	SUM-159_NLS_2N_O2_A12_seed	SUM-159_NLS_2N_O2_A12	0	89	3	0.580402010050251	9.9999836830888e-13	-27.631022747621
2N	20.5_20.5_2_1_0.5_0.3_0.2_0.1_0_0_0_0_0_0	SUM-159_NLS_2N_O2_A12_seed	SUM-159_NLS_2N_O2_A12	0	89	4	0.620603015075377	9.9999836830888e-13	-27.631022747621
2N	20.5_20.5_2_1_0.5_0.3_0.2_0.1_0_0_0_0_0_0	SUM-159_NLS_2N_O2_A12_seed	SUM-159_NLS_2N_O2_A12	0	89	5	0.660804020100503	9.9999836830888e-13	-27.631022747621
2N	20.5_20.5_2_1_0.5_0.3_0.2_0.1_0_0_0_0_0_0	SUM-159_NLS_2N_O2_A12_seed	SUM-159_NLS_2N_O2_A12	0	89	6	0.701005025125628	9.9999836830888e-13	-27.631022747621
2N	20.5_20.5_2_1_0.5_0.3_0.2_0.1_0_0_0_0_0_0	SUM-159_NLS_2N_O2_A12_seed	SUM-159_NLS_2N_O2_A12	0	89	7	0.741206030150754	9.9999836830888e-13	-27.631022747621
2N	20.5_20.5_2_1_0.5_0.3_0.2_0.1_0_0_0_0_0_0	SUM-159_NLS_2N_O2_A12_seed	SUM-159_NLS_2N_O2_A12	0	89	8	0.781407035175879	9.9999836830888e-13	-27.631022747621
2N	20.5_20.5_2_1_0.5_0.3_0.2_0.1_0_0_0_0_0_0	SUM-159_NLS_2N_O2_A12_seed	SUM-159_NLS_2N_O2_A12	0	89	9	0.821608040201005	1.25740964054788e-11	-25.0993822589477
2N	20.5_20.5_2_1_0.5_0.3_0.2_0.1_0_0_0_0_0_0	SUM-159_NLS_2N_O2_A12_seed	SUM-159_NLS_2N_O2_A12	0	89	10	0.861809045226131	4.23119950522561e-10	-21.5833654061056
2N	20.5_20.5_2_1_0.5_0.3_0.2_0.1_0_0_0_0_0_0	SUM-159_NLS_2N_O2_A12_seed	SUM-159_NLS_2N_O2_A12	0	89	11	0.902010050251256	7.35635199700732e-09	-18.7277016796625
2N	20.5_20.5_2_1_0.5_0.3_0.2_0.1_0_0_0_0_0_0	SUM-159_NLS_2N_O2_A12_seed	SUM-159_NLS_2N_O2_A12	0	89	12	0.942211055276382	9.13134573203001e-08	-16.2089676634899
2N	20.5_20.5_2_1_0.5_0.3_0.2_0.1_0_0_0_0_0_0	SUM-159_NLS_2N_O2_A12_seed	SUM-159_NLS_2N_O2_A12	0	89	13	0.982412060301508	7.62574219624076e-07	-14.0865659959899
2N	20.5_20.5_2_1_0.5_0.3_0.2_0.1_0_0_0_0_0_0	SUM-159_NLS_2N_O2_A12_seed	SUM-159_NLS_2N_O2_A12	0	89	14	1.02261306532663	4.09922357752374e-06	-12.4047129735227
2N	20.5_20.5_2_1_0.5_0.3_0.2_0.1_0_0_0_0_0_0	SUM-159_NLS_2N_O2_A12_seed	SUM-159_NLS_2N_O2_A12	0	89	15	1.06281407035176	1.68276644112861e-05	-10.9924863347164
2N	20.5_20.5_2_1_0.5_0.3_0.2_0.1_0_0_0_0_0_0	SUM-159_NLS_2N_O2_A12_seed	SUM-159_NLS_2N_O2_A12	0	89	16	1.10301507537688	4.99317082571261e-05	-9.90485432099623
2N	20.5_20.5_2_1_0.5_0.3_0.2_0.1_0_0_0_0_0_0	SUM-159_NLS_2N_O2_A12_seed	SUM-159_NLS_2N_O2_A12	0	89	17	1.14321608040201	0.00012681539376284	-8.97277812141462
2N	20.5_20.5_2_1_0.5_0.3_0.2_0.1_0_0_0_0_0_0	SUM-159_NLS_2N_O2_A12_seed	SUM-159_NLS_2N_O2_A12	0	89	18	1.18341708542714	0.000300547046796892	-8.10990625452341
2N	20.5_20.5_2_1_0.5_0.3_0.2_0.1_0_0_0_0_0_0	SUM-159_NLS_2N_O2_A12_seed	SUM-159_NLS_2N_O2_A12	0	89	19	1.22361809045226	0.000712316922917229	-7.24698762913046
2N	20.5_20.5_2_1_0.5_0.3_0.2_0.1_0_0_0_0_0_0	SUM-159_NLS_2N_O2_A12_seed	SUM-159_NLS_2N_O2_A12	0	89	20	1.26381909547739	0.001706663735108	-6.37321484631046
2N	20.5_20.5_2_1_0.5_0.3_0.2_0.1_0_0_0_0_0_0	SUM-159_NLS_2N_O2_A12_seed	SUM-159_NLS_2N_O2_A12	0	89	21	1.30402010050251	0.0038583512515937	-5.55751532364717
2N	20.5_20.5_2_1_0.5_0.3_0.2_0.1_0_0_0_0_0_0	SUM-159_NLS_2N_O2_A12_seed	SUM-159_NLS_2N_O2_A12	0	89	22	1.34422110552764	0.00834996867894273	-4.78549749115123
2N	20.5_20.5_2_1_0.5_0.3_0.2_0.1_0_0_0_0_0_0	SUM-159_NLS_2N_O2_A12_seed	SUM-159_NLS_2N_O2_A12	0	89	23	1.38442211055276	0.0166812722006817	-4.09346861393594
2N	20.5_20.5_2_1_0.5_0.3_0.2_0.1_0_0_0_0_0_0	SUM-159_NLS_2N_O2_A12_seed	SUM-159_NLS_2N_O2_A12	0	89	24	1.42462311557789	0.0316636437752938	-3.45258614033384
2N	20.5_20.5_2_1_0.5_0.3_0.2_0.1_0_0_0_0_0_0	SUM-159_NLS_2N_O2_A12_seed	SUM-159_NLS_2N_O2_A12	0	89	25	1.46482412060302	0.0572639735210986	-2.86008358735906
2N	20.5_20.5_2_1_0.5_0.3_0.2_0.1_0_0_0_0_0_0	SUM-159_NLS_2N_O2_A12_seed	SUM-159_NLS_2N_O2_A12	0	89	26	1.50502512562814	0.0985114115806357	-2.31758288390409
2N	20.5_20.5_2_1_0.5_0.3_0.2_0.1_0_0_0_0_0_0	SUM-159_NLS_2N_O2_A12_seed	SUM-159_NLS_2N_O2_A12	0	89	27	1.54522613065327	0.162116350951694	-1.81944098579206
2N	20.5_20.5_2_1_0.5_0.3_0.2_0.1_0_0_0_0_0_0	SUM-159_NLS_2N_O2_A12_seed	SUM-159_NLS_2N_O2_A12	0	89	28	1.58542713567839	0.251279251998317	-1.38119040052187
2N	20.5_20.5_2_1_0.5_0.3_0.2_0.1_0_0_0_0_0_0	SUM-159_NLS_2N_O2_A12_seed	SUM-159_NLS_2N_O2_A12	0	89	29	1.62562814070352	0.369473663782507	-0.995675816418234
2N	20.5_20.5_2_1_0.5_0.3_0.2_0.1_0_0_0_0_0_0	SUM-159_NLS_2N_O2_A12_seed	SUM-159_NLS_2N_O2_A12	0	89	30	1.66582914572864	0.514241520010208	-0.665062240599212
2N	20.5_20.5_2_1_0.5_0.3_0.2_0.1_0_0_0_0_0_0	SUM-159_NLS_2N_O2_A12_seed	SUM-159_NLS_2N_O2_A12	0	89	31	1.70603015075377	0.6813717848527	-0.383647182225299
2N	20.5_20.5_2_1_0.5_0.3_0.2_0.1_0_0_0_0_0_0	SUM-159_NLS_2N_O2_A12_seed	SUM-159_NLS_2N_O2_A12	0	89	32	1.74623115577889	0.86097738579546	-0.149687039945262
2N	20.5_20.5_2_1_0.5_0.3_0.2_0.1_0_0_0_0_0_0	SUM-159_NLS_2N_O2_A12_seed	SUM-159_NLS_2N_O2_A12	0	89	33	1.78643216080402	1.0373382372689	0.0366580450811707
2N	20.5_20.5_2_1_0.5_0.3_0.2_0.1_0_0_0_0_0_0	SUM-159_NLS_2N_O2_A12_seed	SUM-159_NLS_2N_O2_A12	0	89	34	1.82663316582915	1.18978278250574	0.173770754752303
2N	20.5_20.5_2_1_0.5_0.3_0.2_0.1_0_0_0_0_0_0	SUM-159_NLS_2N_O2_A12_seed	SUM-159_NLS_2N_O2_A12	0	89	35	1.86683417085427	1.30119305372525	0.263281577242262
2N	20.5_20.5_2_1_0.5_0.3_0.2_0.1_0_0_0_0_0_0	SUM-159_NLS_2N_O2_A12_seed	SUM-159_NLS_2N_O2_A12	0	89	36	1.9070351758794	1.35504429260135	0.30383414206409
2N	20.5_20.5_2_1_0.5_0.3_0.2_0.1_0_0_0_0_0_0	SUM-159_NLS_2N_O2_A12_seed	SUM-159_NLS_2N_O2_A12	0	89	37	1.94723618090452	1.34683527631039	0.297757600648414
2N	20.5_20.5_2_1_0.5_0.3_0.2_0.1_0_0_0_0_0_0	SUM-159_NLS_2N_O2_A12_seed	SUM-159_NLS_2N_O2_A12	0	89	38	1.98743718592965	1.27870027616796	0.245844152810532
2N	20.5_20.5_2_1_0.5_0.3_0.2_0.1_0_0_0_0_0_0	SUM-159_NLS_2N_O2_A12_seed	SUM-159_NLS_2N_O2_A12	0	89	39	2.02763819095477	1.1587042877808	0.147302387523912
2N	20.5_20.5_2_1_0.5_0.3_0.2_0.1_0_0_0_0_0_0	SUM-159_NLS_2N_O2_A12_seed	SUM-159_NLS_2N_O2_A12	0	89	40	2.0678391959799	1.00355226935826	0.0035459749513445
2N	20.5_20.5_2_1_0.5_0.3_0.2_0.1_0_0_0_0_0_0	SUM-159_NLS_2N_O2_A12_seed	SUM-159_NLS_2N_O2_A12	0	89	41	2.10804020100502	0.830062902548774	-0.18625379485978
2N	20.5_20.5_2_1_0.5_0.3_0.2_0.1_0_0_0_0_0_0	SUM-159_NLS_2N_O2_A12_seed	SUM-159_NLS_2N_O2_A12	0	89	42	2.14824120603015	0.656839937322665	-0.420314916781036
2N	20.5_20.5_2_1_0.5_0.3_0.2_0.1_0_0_0_0_0_0	SUM-159_NLS_2N_O2_A12_seed	SUM-159_NLS_2N_O2_A12	0	89	43	2.18844221105528	0.497597335485586	-0.697964092303044
2N	20.5_20.5_2_1_0.5_0.3_0.2_0.1_0_0_0_0_0_0	SUM-159_NLS_2N_O2_A12_seed	SUM-159_NLS_2N_O2_A12	0	89	44	2.2286432160804	0.361268523304472	-1.01813376528673
2N	20.5_20.5_2_1_0.5_0.3_0.2_0.1_0_0_0_0_0_0	SUM-159_NLS_2N_O2_A12_seed	SUM-159_NLS_2N_O2_A12	0	89	45	2.26884422110553	0.251813476788784	-1.37906663700594
2N	20.5_20.5_2_1_0.5_0.3_0.2_0.1_0_0_0_0_0_0	SUM-159_NLS_2N_O2_A12_seed	SUM-159_NLS_2N_O2_A12	0	89	46	2.30904522613065	0.169841858112873	-1.77288752127444
2N	20.5_20.5_2_1_0.5_0.3_0.2_0.1_0_0_0_0_0_0	SUM-159_NLS_2N_O2_A12_seed	SUM-159_NLS_2N_O2_A12	0	89	47	2.34924623115578	0.110241109814335	-2.20508540451116
2N	20.5_20.5_2_1_0.5_0.3_0.2_0.1_0_0_0_0_0_0	SUM-159_NLS_2N_O2_A12_seed	SUM-159_NLS_2N_O2_A12	0	89	48	2.3894472361809	0.0694277507436855	-2.66746862477102
2N	20.5_20.5_2_1_0.5_0.3_0.2_0.1_0_0_0_0_0_0	SUM-159_NLS_2N_O2_A12_seed	SUM-159_NLS_2N_O2_A12	0	89	49	2.42964824120603	0.0420473127240996	-3.16895980128545
2N	20.5_20.5_2_1_0.5_0.3_0.2_0.1_0_0_0_0_0_0	SUM-159_NLS_2N_O2_A12_seed	SUM-159_NLS_2N_O2_A12	0	89	50	2.46984924623116	0.0246331734368044	-3.70366123078058
2N	20.5_20.5_2_1_0.5_0.3_0.2_0.1_0_0_0_0_0_0	SUM-159_NLS_2N_O2_A12_seed	SUM-159_NLS_2N_O2_A12	0	89	51	2.51005025125628	0.014025678199904	-4.26686547224312
2N	20.5_20.5_2_1_0.5_0.3_0.2_0.1_0_0_0_0_0_0	SUM-159_NLS_2N_O2_A12_seed	SUM-159_NLS_2N_O2_A12	0	89	52	2.55025125628141	0.00769610417333354	-4.86704102967428
2N	20.5_20.5_2_1_0.5_0.3_0.2_0.1_0_0_0_0_0_0	SUM-159_NLS_2N_O2_A12_seed	SUM-159_NLS_2N_O2_A12	0	89	53	2.59045226130653	0.00417273921492457	-5.47918257275361
2N	20.5_20.5_2_1_0.5_0.3_0.2_0.1_0_0_0_0_0_0	SUM-159_NLS_2N_O2_A12_seed	SUM-159_NLS_2N_O2_A12	0	89	54	2.63065326633166	0.00219582284956815	-6.12119842818438
2N	20.5_20.5_2_1_0.5_0.3_0.2_0.1_0_0_0_0_0_0	SUM-159_NLS_2N_O2_A12_seed	SUM-159_NLS_2N_O2_A12	0	89	55	2.67085427135678	0.00113291538772617	-6.78296097957828
2N	20.5_20.5_2_1_0.5_0.3_0.2_0.1_0_0_0_0_0_0	SUM-159_NLS_2N_O2_A12_seed	SUM-159_NLS_2N_O2_A12	0	89	56	2.71105527638191	0.000558352560699588	-7.49051996589227
2N	20.5_20.5_2_1_0.5_0.3_0.2_0.1_0_0_0_0_0_0	SUM-159_NLS_2N_O2_A12_seed	SUM-159_NLS_2N_O2_A12	0	89	57	2.75125628140704	0.000268132119811385	-8.22403071455945
2N	20.5_20.5_2_1_0.5_0.3_0.2_0.1_0_0_0_0_0_0	SUM-159_NLS_2N_O2_A12_seed	SUM-159_NLS_2N_O2_A12	0	89	58	2.79145728643216	0.00014174032534277	-8.86151386923578
2N	20.5_20.5_2_1_0.5_0.3_0.2_0.1_0_0_0_0_0_0	SUM-159_NLS_2N_O2_A12_seed	SUM-159_NLS_2N_O2_A12	0	89	59	2.83165829145729	0.0001016931045763	-9.19355105881803
2N	20.5_20.5_2_1_0.5_0.3_0.2_0.1_0_0_0_0_0_0	SUM-159_NLS_2N_O2_A12_seed	SUM-159_NLS_2N_O2_A12	0	89	60	2.87185929648241	0.000123490973004078	-8.99934249765206
2N	20.5_20.5_2_1_0.5_0.3_0.2_0.1_0_0_0_0_0_0	SUM-159_NLS_2N_O2_A12_seed	SUM-159_NLS_2N_O2_A12	0	89	61	2.91206030150754	0.000199235775308029	-8.52102163401919
2N	20.5_20.5_2_1_0.5_0.3_0.2_0.1_0_0_0_0_0_0	SUM-159_NLS_2N_O2_A12_seed	SUM-159_NLS_2N_O2_A12	0	89	62	2.95226130653266	0.000353906900122983	-7.94647667342236
2N	20.5_20.5_2_1_0.5_0.3_0.2_0.1_0_0_0_0_0_0	SUM-159_NLS_2N_O2_A12_seed	SUM-159_NLS_2N_O2_A12	0	89	63	2.99246231155779	0.000660440147506809	-7.3226040550544
2N	20.5_20.5_2_1_0.5_0.3_0.2_0.1_0_0_0_0_0_0	SUM-159_NLS_2N_O2_A12_seed	SUM-159_NLS_2N_O2_A12	0	89	64	3.03266331658291	0.00124515506654037	-6.6884952053833
2N	20.5_20.5_2_1_0.5_0.3_0.2_0.1_0_0_0_0_0_0	SUM-159_NLS_2N_O2_A12_seed	SUM-159_NLS_2N_O2_A12	0	89	65	3.07286432160804	0.0022928284390762	-6.07796909732275
2N	20.5_20.5_2_1_0.5_0.3_0.2_0.1_0_0_0_0_0_0	SUM-159_NLS_2N_O2_A12_seed	SUM-159_NLS_2N_O2_A12	0	89	66	3.11306532663317	0.00398804166796185	-5.52445497860166
2N	20.5_20.5_2_1_0.5_0.3_0.2_0.1_0_0_0_0_0_0	SUM-159_NLS_2N_O2_A12_seed	SUM-159_NLS_2N_O2_A12	0	89	67	3.15326633165829	0.00667716032797389	-5.00906248241717
2N	20.5_20.5_2_1_0.5_0.3_0.2_0.1_0_0_0_0_0_0	SUM-159_NLS_2N_O2_A12_seed	SUM-159_NLS_2N_O2_A12	0	89	68	3.19346733668342	0.0107228807755122	-4.53537543038169
2N	20.5_20.5_2_1_0.5_0.3_0.2_0.1_0_0_0_0_0_0	SUM-159_NLS_2N_O2_A12_seed	SUM-159_NLS_2N_O2_A12	0	89	69	3.23366834170854	0.0167833266750974	-4.08736934520289
2N	20.5_20.5_2_1_0.5_0.3_0.2_0.1_0_0_0_0_0_0	SUM-159_NLS_2N_O2_A12_seed	SUM-159_NLS_2N_O2_A12	0	89	70	3.27386934673367	0.0256547979217982	-3.66302467137627
2N	20.5_20.5_2_1_0.5_0.3_0.2_0.1_0_0_0_0_0_0	SUM-159_NLS_2N_O2_A12_seed	SUM-159_NLS_2N_O2_A12	0	89	71	3.31407035175879	0.0381021317136211	-3.26748504792591
2N	20.5_20.5_2_1_0.5_0.3_0.2_0.1_0_0_0_0_0_0	SUM-159_NLS_2N_O2_A12_seed	SUM-159_NLS_2N_O2_A12	0	89	72	3.35427135678392	0.0553572776756637	-2.89394714381567
2N	20.5_20.5_2_1_0.5_0.3_0.2_0.1_0_0_0_0_0_0	SUM-159_NLS_2N_O2_A12_seed	SUM-159_NLS_2N_O2_A12	0	89	73	3.39447236180905	0.0784790383353676	-2.54492371742692
2N	20.5_20.5_2_1_0.5_0.3_0.2_0.1_0_0_0_0_0_0	SUM-159_NLS_2N_O2_A12_seed	SUM-159_NLS_2N_O2_A12	0	89	74	3.43467336683417	0.109328712715224	-2.21339622191016
2N	20.5_20.5_2_1_0.5_0.3_0.2_0.1_0_0_0_0_0_0	SUM-159_NLS_2N_O2_A12_seed	SUM-159_NLS_2N_O2_A12	0	89	75	3.4748743718593	0.148465245914309	-1.90740438237675
2N	20.5_20.5_2_1_0.5_0.3_0.2_0.1_0_0_0_0_0_0	SUM-159_NLS_2N_O2_A12_seed	SUM-159_NLS_2N_O2_A12	0	89	76	3.51507537688442	0.196069153094804	-1.62928786006637
2N	20.5_20.5_2_1_0.5_0.3_0.2_0.1_0_0_0_0_0_0	SUM-159_NLS_2N_O2_A12_seed	SUM-159_NLS_2N_O2_A12	0	89	77	3.55527638190955	0.251854447664997	-1.37890394697025
2N	20.5_20.5_2_1_0.5_0.3_0.2_0.1_0_0_0_0_0_0	SUM-159_NLS_2N_O2_A12_seed	SUM-159_NLS_2N_O2_A12	0	89	78	3.59547738693467	0.314344614757946	-1.15726539565675
2N	20.5_20.5_2_1_0.5_0.3_0.2_0.1_0_0_0_0_0_0	SUM-159_NLS_2N_O2_A12_seed	SUM-159_NLS_2N_O2_A12	0	89	79	3.6356783919598	0.381506531583957	-0.963627307607442
2N	20.5_20.5_2_1_0.5_0.3_0.2_0.1_0_0_0_0_0_0	SUM-159_NLS_2N_O2_A12_seed	SUM-159_NLS_2N_O2_A12	0	89	80	3.67587939698492	0.449451451547165	-0.79972743636028
2N	20.5_20.5_2_1_0.5_0.3_0.2_0.1_0_0_0_0_0_0	SUM-159_NLS_2N_O2_A12_seed	SUM-159_NLS_2N_O2_A12	0	89	81	3.71608040201005	0.513283435711038	-0.666927080127421
2N	20.5_20.5_2_1_0.5_0.3_0.2_0.1_0_0_0_0_0_0	SUM-159_NLS_2N_O2_A12_seed	SUM-159_NLS_2N_O2_A12	0	89	82	3.75628140703518	0.567885365111922	-0.565835702615837
2N	20.5_20.5_2_1_0.5_0.3_0.2_0.1_0_0_0_0_0_0	SUM-159_NLS_2N_O2_A12_seed	SUM-159_NLS_2N_O2_A12	0	89	83	3.7964824120603	0.608681957547686	-0.496459384881498
2N	20.5_20.5_2_1_0.5_0.3_0.2_0.1_0_0_0_0_0_0	SUM-159_NLS_2N_O2_A12_seed	SUM-159_NLS_2N_O2_A12	0	89	84	3.83668341708543	0.630903460539578	-0.460602422536285
2N	20.5_20.5_2_1_0.5_0.3_0.2_0.1_0_0_0_0_0_0	SUM-159_NLS_2N_O2_A12_seed	SUM-159_NLS_2N_O2_A12	0	89	85	3.87688442211055	0.632118661477318	-0.458678146957053
2N	20.5_20.5_2_1_0.5_0.3_0.2_0.1_0_0_0_0_0_0	SUM-159_NLS_2N_O2_A12_seed	SUM-159_NLS_2N_O2_A12	0	89	86	3.91708542713568	0.609182141964019	-0.495637972304089
2N	20.5_20.5_2_1_0.5_0.3_0.2_0.1_0_0_0_0_0_0	SUM-159_NLS_2N_O2_A12_seed	SUM-159_NLS_2N_O2_A12	0	89	87	3.9572864321608	0.564457062718285	-0.571890960786142
2N	20.5_20.5_2_1_0.5_0.3_0.2_0.1_0_0_0_0_0_0	SUM-159_NLS_2N_O2_A12_seed	SUM-159_NLS_2N_O2_A12	0	89	88	3.99748743718593	0.502899572224952	-0.6873647864211
2N	20.5_20.5_2_1_0.5_0.3_0.2_0.1_0_0_0_0_0_0	SUM-159_NLS_2N_O2_A12_seed	SUM-159_NLS_2N_O2_A12	0	89	89	4.03768844221106	0.435446849740101	-0.831382534362378
2N	20.5_20.5_2_1_0.5_0.3_0.2_0.1_0_0_0_0_0_0	SUM-159_NLS_2N_O2_A12_seed	SUM-159_NLS_2N_O2_A12	0	89	90	4.07788944723618	0.37197530712045	-0.988927805620623
2N	20.5_20.5_2_1_0.5_0.3_0.2_0.1_0_0_0_0_0_0	SUM-159_NLS_2N_O2_A12_seed	SUM-159_NLS_2N_O2_A12	0	89	91	4.11809045226131	0.315997586030548	-1.15202070456824
2N	20.5_20.5_2_1_0.5_0.3_0.2_0.1_0_0_0_0_0_0	SUM-159_NLS_2N_O2_A12_seed	SUM-159_NLS_2N_O2_A12	0	89	92	4.15829145728643	0.265738447041095	-1.32524273573951
2N	20.5_20.5_2_1_0.5_0.3_0.2_0.1_0_0_0_0_0_0	SUM-159_NLS_2N_O2_A12_seed	SUM-159_NLS_2N_O2_A12	0	89	93	4.19849246231156	0.220242436099133	-1.51302635709775
2N	20.5_20.5_2_1_0.5_0.3_0.2_0.1_0_0_0_0_0_0	SUM-159_NLS_2N_O2_A12_seed	SUM-159_NLS_2N_O2_A12	0	89	94	4.23869346733668	0.17927612532413	-1.71882806214978
2N	20.5_20.5_2_1_0.5_0.3_0.2_0.1_0_0_0_0_0_0	SUM-159_NLS_2N_O2_A12_seed	SUM-159_NLS_2N_O2_A12	0	89	95	4.27889447236181	0.143118801831659	-1.94408021159104
2N	20.5_20.5_2_1_0.5_0.3_0.2_0.1_0_0_0_0_0_0	SUM-159_NLS_2N_O2_A12_seed	SUM-159_NLS_2N_O2_A12	0	89	96	4.31909547738693	0.111999277676412	-2.18926285702559
2N	20.5_20.5_2_1_0.5_0.3_0.2_0.1_0_0_0_0_0_0	SUM-159_NLS_2N_O2_A12_seed	SUM-159_NLS_2N_O2_A12	0	89	97	4.35929648241206	0.0860515958941927	-2.45280821036998
2N	20.5_20.5_2_1_0.5_0.3_0.2_0.1_0_0_0_0_0_0	SUM-159_NLS_2N_O2_A12_seed	SUM-159_NLS_2N_O2_A12	0	89	98	4.39949748743719	0.0656199608017946	-2.72387534880086
2N	20.5_20.5_2_1_0.5_0.3_0.2_0.1_0_0_0_0_0_0	SUM-159_NLS_2N_O2_A12_seed	SUM-159_NLS_2N_O2_A12	0	89	99	4.43969849246231	0.049657716953665	-3.00260147350575
2N	20.5_20.5_2_1_0.5_0.3_0.2_0.1_0_0_0_0_0_0	SUM-159_NLS_2N_O2_A12_seed	SUM-159_NLS_2N_O2_A12	0	89	100	4.47989949748744	0.037355056790059	-3.28728698727554
2N	20.5_20.5_2_1_0.5_0.3_0.2_0.1_0_0_0_0_0_0	SUM-159_NLS_2N_O2_A12_seed	SUM-159_NLS_2N_O2_A12	0	89	101	4.52010050251256	0.0278084374422809	-3.58241579921589
2N	20.5_20.5_2_1_0.5_0.3_0.2_0.1_0_0_0_0_0_0	SUM-159_NLS_2N_O2_A12_seed	SUM-159_NLS_2N_O2_A12	0	89	102	4.56030150753769	0.0204482388561944	-3.88985851970332
2N	20.5_20.5_2_1_0.5_0.3_0.2_0.1_0_0_0_0_0_0	SUM-159_NLS_2N_O2_A12_seed	SUM-159_NLS_2N_O2_A12	0	89	103	4.60050251256281	0.0148060802425494	-4.21271735537917
2N	20.5_20.5_2_1_0.5_0.3_0.2_0.1_0_0_0_0_0_0	SUM-159_NLS_2N_O2_A12_seed	SUM-159_NLS_2N_O2_A12	0	89	104	4.64070351758794	0.0104389356716714	-4.56221264888252
2N	20.5_20.5_2_1_0.5_0.3_0.2_0.1_0_0_0_0_0_0	SUM-159_NLS_2N_O2_A12_seed	SUM-159_NLS_2N_O2_A12	0	89	105	4.68090452261307	0.00728215218390543	-4.92232883080604
2N	20.5_20.5_2_1_0.5_0.3_0.2_0.1_0_0_0_0_0_0	SUM-159_NLS_2N_O2_A12_seed	SUM-159_NLS_2N_O2_A12	0	89	106	4.72110552763819	0.0051273429169497	-5.27316770389419
2N	20.5_20.5_2_1_0.5_0.3_0.2_0.1_0_0_0_0_0_0	SUM-159_NLS_2N_O2_A12_seed	SUM-159_NLS_2N_O2_A12	0	89	107	4.76130653266332	0.00371251674982861	-5.59604526312515
2N	20.5_20.5_2_1_0.5_0.3_0.2_0.1_0_0_0_0_0_0	SUM-159_NLS_2N_O2_A12_seed	SUM-159_NLS_2N_O2_A12	0	89	108	4.80150753768844	0.00269424318384002	-5.91663793638196
2N	20.5_20.5_2_1_0.5_0.3_0.2_0.1_0_0_0_0_0_0	SUM-159_NLS_2N_O2_A12_seed	SUM-159_NLS_2N_O2_A12	0	89	109	4.84170854271357	0.00188457201282898	-6.27405453275876
2N	20.5_20.5_2_1_0.5_0.3_0.2_0.1_0_0_0_0_0_0	SUM-159_NLS_2N_O2_A12_seed	SUM-159_NLS_2N_O2_A12	0	89	110	4.88190954773869	0.00125688166885597	-6.67912149154912
2N	20.5_20.5_2_1_0.5_0.3_0.2_0.1_0_0_0_0_0_0	SUM-159_NLS_2N_O2_A12_seed	SUM-159_NLS_2N_O2_A12	0	89	111	4.92211055276382	0.00080258904396403	-7.12766775090488
2N	20.5_20.5_2_1_0.5_0.3_0.2_0.1_0_0_0_0_0_0	SUM-159_NLS_2N_O2_A12_seed	SUM-159_NLS_2N_O2_A12	0	89	112	4.96231155778894	0.000510281293336847	-7.58054842873432
2N	20.5_20.5_2_1_0.5_0.3_0.2_0.1_0_0_0_0_0_0	SUM-159_NLS_2N_O2_A12_seed	SUM-159_NLS_2N_O2_A12	0	89	113	5.00251256281407	0.000325914433051078	-8.02887568635368
2N	20.5_20.5_2_1_0.5_0.3_0.2_0.1_0_0_0_0_0_0	SUM-159_NLS_2N_O2_A12_seed	SUM-159_NLS_2N_O2_A12	0	89	114	5.0427135678392	0.000202160128315872	-8.5064504601602
2N	20.5_20.5_2_1_0.5_0.3_0.2_0.1_0_0_0_0_0_0	SUM-159_NLS_2N_O2_A12_seed	SUM-159_NLS_2N_O2_A12	0	89	115	5.08291457286432	0.000115889221989646	-9.06287580599243
2N	20.5_20.5_2_1_0.5_0.3_0.2_0.1_0_0_0_0_0_0	SUM-159_NLS_2N_O2_A12_seed	SUM-159_NLS_2N_O2_A12	0	89	116	5.12311557788945	6.05523745602443e-05	-9.71200187221481
2N	20.5_20.5_2_1_0.5_0.3_0.2_0.1_0_0_0_0_0_0	SUM-159_NLS_2N_O2_A12_seed	SUM-159_NLS_2N_O2_A12	0	89	117	5.16331658291457	2.98335984436628e-05	-10.4198753350113
2N	20.5_20.5_2_1_0.5_0.3_0.2_0.1_0_0_0_0_0_0	SUM-159_NLS_2N_O2_A12_seed	SUM-159_NLS_2N_O2_A12	0	89	118	5.2035175879397	1.2938569558304e-05	-11.2552978191825
2N	20.5_20.5_2_1_0.5_0.3_0.2_0.1_0_0_0_0_0_0	SUM-159_NLS_2N_O2_A12_seed	SUM-159_NLS_2N_O2_A12	0	89	119	5.24371859296482	4.61618542123741e-06	-12.2859418603197
2N	20.5_20.5_2_1_0.5_0.3_0.2_0.1_0_0_0_0_0_0	SUM-159_NLS_2N_O2_A12_seed	SUM-159_NLS_2N_O2_A12	0	89	120	5.28391959798995	1.21472784820137e-06	-13.6209904995119
2N	20.5_20.5_2_1_0.5_0.3_0.2_0.1_0_0_0_0_0_0	SUM-159_NLS_2N_O2_A12_seed	SUM-159_NLS_2N_O2_A12	0	89	121	5.32412060301508	2.15739673227225e-07	-15.3491933726604
2N	20.5_20.5_2_1_0.5_0.3_0.2_0.1_0_0_0_0_0_0	SUM-159_NLS_2N_O2_A12_seed	SUM-159_NLS_2N_O2_A12	0	89	122	5.3643216080402	2.76237326044333e-08	-17.4045905567335
2N	20.5_20.5_2_1_0.5_0.3_0.2_0.1_0_0_0_0_0_0	SUM-159_NLS_2N_O2_A12_seed	SUM-159_NLS_2N_O2_A12	0	89	123	5.40452261306533	1.9481511861488e-09	-20.0563850237783
2N	20.5_20.5_2_1_0.5_0.3_0.2_0.1_0_0_0_0_0_0	SUM-159_NLS_2N_O2_A12_seed	SUM-159_NLS_2N_O2_A12	0	89	124	5.44472361809045	1.15936480948877e-10	-22.8779786528247
2N	20.5_20.5_2_1_0.5_0.3_0.2_0.1_0_0_0_0_0_0	SUM-159_NLS_2N_O2_A12_seed	SUM-159_NLS_2N_O2_A12	0	89	125	5.48492462311558	3.83400277830334e-12	-26.2871117466566
2N	20.5_20.5_2_1_0.5_0.3_0.2_0.1_0_0_0_0_0_0	SUM-159_NLS_2N_O2_A12_seed	SUM-159_NLS_2N_O2_A12	0	89	126	5.5251256281407	9.9999836830888e-13	-27.631022747621
2N	20.5_20.5_2_1_0.5_0.3_0.2_0.1_0_0_0_0_0_0	SUM-159_NLS_2N_O2_A12_seed	SUM-159_NLS_2N_O2_A12	0	89	127	5.56532663316583	9.9999836830888e-13	-27.631022747621
2N	20.5_20.5_2_1_0.5_0.3_0.2_0.1_0_0_0_0_0_0	SUM-159_NLS_2N_O2_A12_seed	SUM-159_NLS_2N_O2_A12	0	89	128	5.60552763819095	9.9999836830888e-13	-27.631022747621
2N	20.5_20.5_2_1_0.5_0.3_0.2_0.1_0_0_0_0_0_0	SUM-159_NLS_2N_O2_A12_seed	SUM-159_NLS_2N_O2_A12	0	89	129	5.64572864321608	9.9999836830888e-13	-27.631022747621
2N	20.5_20.5_2_1_0.5_0.3_0.2_0.1_0_0_0_0_0_0	SUM-159_NLS_2N_O2_A12_seed	SUM-159_NLS_2N_O2_A12	0	89	130	5.68592964824121	9.9999836830888e-13	-27.631022747621
2N	20.5_20.5_2_1_0.5_0.3_0.2_0.1_0_0_0_0_0_0	SUM-159_NLS_2N_O2_A12_seed	SUM-159_NLS_2N_O2_A12	0	89	131	5.72613065326633	9.9999836830888e-13	-27.631022747621
2N	20.5_20.5_2_1_0.5_0.3_0.2_0.1_0_0_0_0_0_0	SUM-159_NLS_2N_O2_A12_seed	SUM-159_NLS_2N_O2_A12	0	89	132	5.76633165829146	9.9999836830888e-13	-27.631022747621
2N	20.5_20.5_2_1_0.5_0.3_0.2_0.1_0_0_0_0_0_0	SUM-159_NLS_2N_O2_A12_seed	SUM-159_NLS_2N_O2_A12	0	89	133	5.80653266331658	9.9999836830888e-13	-27.631022747621
2N	20.5_20.5_2_1_0.5_0.3_0.2_0.1_0_0_0_0_0_0	SUM-159_NLS_2N_O2_A12_seed	SUM-159_NLS_2N_O2_A12	0	89	134	5.84673366834171	9.9999836830888e-13	-27.631022747621
2N	20.5_20.5_2_1_0.5_0.3_0.2_0.1_0_0_0_0_0_0	SUM-159_NLS_2N_O2_A12_seed	SUM-159_NLS_2N_O2_A12	0	89	135	5.88693467336683	9.9999836830888e-13	-27.631022747621
2N	20.5_20.5_2_1_0.5_0.3_0.2_0.1_0_0_0_0_0_0	SUM-159_NLS_2N_O2_A12_seed	SUM-159_NLS_2N_O2_A12	0	89	136	5.92713567839196	9.9999836830888e-13	-27.631022747621
2N	20.5_20.5_2_1_0.5_0.3_0.2_0.1_0_0_0_0_0_0	SUM-159_NLS_2N_O2_A12_seed	SUM-159_NLS_2N_O2_A12	0	89	137	5.96733668341709	9.9999836830888e-13	-27.631022747621
2N	20.5_20.5_2_1_0.5_0.3_0.2_0.1_0_0_0_0_0_0	SUM-159_NLS_2N_O2_A12_seed	SUM-159_NLS_2N_O2_A12	0	89	138	6.00753768844221	9.9999836830888e-13	-27.631022747621
2N	20.5_20.5_2_1_0.5_0.3_0.2_0.1_0_0_0_0_0_0	SUM-159_NLS_2N_O2_A12_seed	SUM-159_NLS_2N_O2_A12	0	89	139	6.04773869346734	9.9999836830888e-13	-27.631022747621
2N	20.5_20.5_2_1_0.5_0.3_0.2_0.1_0_0_0_0_0_0	SUM-159_NLS_2N_O2_A12_seed	SUM-159_NLS_2N_O2_A12	0	89	140	6.08793969849246	9.9999836830888e-13	-27.631022747621
2N	20.5_20.5_2_1_0.5_0.3_0.2_0.1_0_0_0_0_0_0	SUM-159_NLS_2N_O2_A12_seed	SUM-159_NLS_2N_O2_A12	0	89	141	6.12814070351759	9.9999836830888e-13	-27.631022747621
2N	20.5_20.5_2_1_0.5_0.3_0.2_0.1_0_0_0_0_0_0	SUM-159_NLS_2N_O2_A12_seed	SUM-159_NLS_2N_O2_A12	0	89	142	6.16834170854271	9.9999836830888e-13	-27.631022747621
2N	20.5_20.5_2_1_0.5_0.3_0.2_0.1_0_0_0_0_0_0	SUM-159_NLS_2N_O2_A12_seed	SUM-159_NLS_2N_O2_A12	0	89	143	6.20854271356784	9.9999836830888e-13	-27.631022747621
2N	20.5_20.5_2_1_0.5_0.3_0.2_0.1_0_0_0_0_0_0	SUM-159_NLS_2N_O2_A12_seed	SUM-159_NLS_2N_O2_A12	0	89	144	6.24874371859296	9.9999836830888e-13	-27.631022747621
2N	20.5_20.5_2_1_0.5_0.3_0.2_0.1_0_0_0_0_0_0	SUM-159_NLS_2N_O2_A12_seed	SUM-159_NLS_2N_O2_A12	0	89	145	6.28894472361809	9.9999836830888e-13	-27.631022747621
2N	20.5_20.5_2_1_0.5_0.3_0.2_0.1_0_0_0_0_0_0	SUM-159_NLS_2N_O2_A12_seed	SUM-159_NLS_2N_O2_A12	0	89	146	6.32914572864322	9.9999836830888e-13	-27.631022747621
2N	20.5_20.5_2_1_0.5_0.3_0.2_0.1_0_0_0_0_0_0	SUM-159_NLS_2N_O2_A12_seed	SUM-159_NLS_2N_O2_A12	0	89	147	6.36934673366834	9.9999836830888e-13	-27.631022747621
2N	20.5_20.5_2_1_0.5_0.3_0.2_0.1_0_0_0_0_0_0	SUM-159_NLS_2N_O2_A12_seed	SUM-159_NLS_2N_O2_A12	0	89	148	6.40954773869347	9.9999836830888e-13	-27.631022747621
2N	20.5_20.5_2_1_0.5_0.3_0.2_0.1_0_0_0_0_0_0	SUM-159_NLS_2N_O2_A12_seed	SUM-159_NLS_2N_O2_A12	0	89	149	6.44974874371859	9.9999836830888e-13	-27.631022747621
2N	20.5_20.5_2_1_0.5_0.3_0.2_0.1_0_0_0_0_0_0	SUM-159_NLS_2N_O2_A12_seed	SUM-159_NLS_2N_O2_A12	0	89	150	6.48994974874372	9.9999836830888e-13	-27.631022747621
2N	20.5_20.5_2_1_0.5_0.3_0.2_0.1_0_0_0_0_0_0	SUM-159_NLS_2N_O2_A12_seed	SUM-159_NLS_2N_O2_A12	0	89	151	6.53015075376884	9.9999836830888e-13	-27.631022747621
2N	20.5_20.5_2_1_0.5_0.3_0.2_0.1_0_0_0_0_0_0	SUM-159_NLS_2N_O2_A12_seed	SUM-159_NLS_2N_O2_A12	0	89	152	6.57035175879397	9.9999836830888e-13	-27.631022747621
2N	20.5_20.5_2_1_0.5_0.3_0.2_0.1_0_0_0_0_0_0	SUM-159_NLS_2N_O2_A12_seed	SUM-159_NLS_2N_O2_A12	0	89	153	6.6105527638191	9.9999836830888e-13	-27.631022747621
2N	20.5_20.5_2_1_0.5_0.3_0.2_0.1_0_0_0_0_0_0	SUM-159_NLS_2N_O2_A12_seed	SUM-159_NLS_2N_O2_A12	0	89	154	6.65075376884422	9.9999836830888e-13	-27.631022747621
2N	20.5_20.5_2_1_0.5_0.3_0.2_0.1_0_0_0_0_0_0	SUM-159_NLS_2N_O2_A12_seed	SUM-159_NLS_2N_O2_A12	0	89	155	6.69095477386935	9.9999836830888e-13	-27.631022747621
2N	20.5_20.5_2_1_0.5_0.3_0.2_0.1_0_0_0_0_0_0	SUM-159_NLS_2N_O2_A12_seed	SUM-159_NLS_2N_O2_A12	0	89	156	6.73115577889447	9.9999836830888e-13	-27.631022747621
2N	20.5_20.5_2_1_0.5_0.3_0.2_0.1_0_0_0_0_0_0	SUM-159_NLS_2N_O2_A12_seed	SUM-159_NLS_2N_O2_A12	0	89	157	6.7713567839196	9.9999836830888e-13	-27.631022747621
2N	20.5_20.5_2_1_0.5_0.3_0.2_0.1_0_0_0_0_0_0	SUM-159_NLS_2N_O2_A12_seed	SUM-159_NLS_2N_O2_A12	0	89	158	6.81155778894472	9.9999836830888e-13	-27.631022747621
2N	20.5_20.5_2_1_0.5_0.3_0.2_0.1_0_0_0_0_0_0	SUM-159_NLS_2N_O2_A12_seed	SUM-159_NLS_2N_O2_A12	0	89	159	6.85175879396985	9.9999836830888e-13	-27.631022747621
2N	20.5_20.5_2_1_0.5_0.3_0.2_0.1_0_0_0_0_0_0	SUM-159_NLS_2N_O2_A12_seed	SUM-159_NLS_2N_O2_A12	0	89	160	6.89195979899498	9.9999836830888e-13	-27.631022747621
2N	20.5_20.5_2_1_0.5_0.3_0.2_0.1_0_0_0_0_0_0	SUM-159_NLS_2N_O2_A12_seed	SUM-159_NLS_2N_O2_A12	0	89	161	6.9321608040201	9.9999836830888e-13	-27.631022747621
2N	20.5_20.5_2_1_0.5_0.3_0.2_0.1_0_0_0_0_0_0	SUM-159_NLS_2N_O2_A12_seed	SUM-159_NLS_2N_O2_A12	0	89	162	6.97236180904523	9.9999836830888e-13	-27.631022747621
2N	20.5_20.5_2_1_0.5_0.3_0.2_0.1_0_0_0_0_0_0	SUM-159_NLS_2N_O2_A12_seed	SUM-159_NLS_2N_O2_A12	0	89	163	7.01256281407035	9.9999836830888e-13	-27.631022747621
2N	20.5_20.5_2_1_0.5_0.3_0.2_0.1_0_0_0_0_0_0	SUM-159_NLS_2N_O2_A12_seed	SUM-159_NLS_2N_O2_A12	0	89	164	7.05276381909548	9.9999836830888e-13	-27.631022747621
2N	20.5_20.5_2_1_0.5_0.3_0.2_0.1_0_0_0_0_0_0	SUM-159_NLS_2N_O2_A12_seed	SUM-159_NLS_2N_O2_A12	0	89	165	7.0929648241206	9.9999836830888e-13	-27.631022747621
2N	20.5_20.5_2_1_0.5_0.3_0.2_0.1_0_0_0_0_0_0	SUM-159_NLS_2N_O2_A12_seed	SUM-159_NLS_2N_O2_A12	0	89	166	7.13316582914573	9.9999836830888e-13	-27.631022747621
2N	20.5_20.5_2_1_0.5_0.3_0.2_0.1_0_0_0_0_0_0	SUM-159_NLS_2N_O2_A12_seed	SUM-159_NLS_2N_O2_A12	0	89	167	7.17336683417085	9.9999836830888e-13	-27.631022747621
2N	20.5_20.5_2_1_0.5_0.3_0.2_0.1_0_0_0_0_0_0	SUM-159_NLS_2N_O2_A12_seed	SUM-159_NLS_2N_O2_A12	0	89	168	7.21356783919598	9.9999836830888e-13	-27.631022747621
2N	20.5_20.5_2_1_0.5_0.3_0.2_0.1_0_0_0_0_0_0	SUM-159_NLS_2N_O2_A12_seed	SUM-159_NLS_2N_O2_A12	0	89	169	7.25376884422111	9.9999836830888e-13	-27.631022747621
2N	20.5_20.5_2_1_0.5_0.3_0.2_0.1_0_0_0_0_0_0	SUM-159_NLS_2N_O2_A12_seed	SUM-159_NLS_2N_O2_A12	0	89	170	7.29396984924623	9.9999836830888e-13	-27.631022747621
2N	20.5_20.5_2_1_0.5_0.3_0.2_0.1_0_0_0_0_0_0	SUM-159_NLS_2N_O2_A12_seed	SUM-159_NLS_2N_O2_A12	0	89	171	7.33417085427136	9.9999836830888e-13	-27.631022747621
2N	20.5_20.5_2_1_0.5_0.3_0.2_0.1_0_0_0_0_0_0	SUM-159_NLS_2N_O2_A12_seed	SUM-159_NLS_2N_O2_A12	0	89	172	7.37437185929648	9.9999836830888e-13	-27.631022747621
2N	20.5_20.5_2_1_0.5_0.3_0.2_0.1_0_0_0_0_0_0	SUM-159_NLS_2N_O2_A12_seed	SUM-159_NLS_2N_O2_A12	0	89	173	7.41457286432161	9.9999836830888e-13	-27.631022747621
2N	20.5_20.5_2_1_0.5_0.3_0.2_0.1_0_0_0_0_0_0	SUM-159_NLS_2N_O2_A12_seed	SUM-159_NLS_2N_O2_A12	0	89	174	7.45477386934673	9.9999836830888e-13	-27.631022747621
2N	20.5_20.5_2_1_0.5_0.3_0.2_0.1_0_0_0_0_0_0	SUM-159_NLS_2N_O2_A12_seed	SUM-159_NLS_2N_O2_A12	0	89	175	7.49497487437186	9.9999836830888e-13	-27.631022747621
2N	20.5_20.5_2_1_0.5_0.3_0.2_0.1_0_0_0_0_0_0	SUM-159_NLS_2N_O2_A12_seed	SUM-159_NLS_2N_O2_A12	0	89	176	7.53517587939699	9.9999836830888e-13	-27.631022747621
2N	20.5_20.5_2_1_0.5_0.3_0.2_0.1_0_0_0_0_0_0	SUM-159_NLS_2N_O2_A12_seed	SUM-159_NLS_2N_O2_A12	0	89	177	7.57537688442211	9.9999836830888e-13	-27.631022747621
2N	20.5_20.5_2_1_0.5_0.3_0.2_0.1_0_0_0_0_0_0	SUM-159_NLS_2N_O2_A12_seed	SUM-159_NLS_2N_O2_A12	0	89	178	7.61557788944724	9.9999836830888e-13	-27.631022747621
2N	20.5_20.5_2_1_0.5_0.3_0.2_0.1_0_0_0_0_0_0	SUM-159_NLS_2N_O2_A12_seed	SUM-159_NLS_2N_O2_A12	0	89	179	7.65577889447236	9.9999836830888e-13	-27.631022747621
2N	20.5_20.5_2_1_0.5_0.3_0.2_0.1_0_0_0_0_0_0	SUM-159_NLS_2N_O2_A12_seed	SUM-159_NLS_2N_O2_A12	0	89	180	7.69597989949749	9.9999836830888e-13	-27.631022747621
2N	20.5_20.5_2_1_0.5_0.3_0.2_0.1_0_0_0_0_0_0	SUM-159_NLS_2N_O2_A12_seed	SUM-159_NLS_2N_O2_A12	0	89	181	7.73618090452261	9.9999836830888e-13	-27.631022747621
2N	20.5_20.5_2_1_0.5_0.3_0.2_0.1_0_0_0_0_0_0	SUM-159_NLS_2N_O2_A12_seed	SUM-159_NLS_2N_O2_A12	0	89	182	7.77638190954774	9.9999836830888e-13	-27.631022747621
2N	20.5_20.5_2_1_0.5_0.3_0.2_0.1_0_0_0_0_0_0	SUM-159_NLS_2N_O2_A12_seed	SUM-159_NLS_2N_O2_A12	0	89	183	7.81658291457286	9.9999836830888e-13	-27.631022747621
2N	20.5_20.5_2_1_0.5_0.3_0.2_0.1_0_0_0_0_0_0	SUM-159_NLS_2N_O2_A12_seed	SUM-159_NLS_2N_O2_A12	0	89	184	7.85678391959799	9.9999836830888e-13	-27.631022747621
2N	20.5_20.5_2_1_0.5_0.3_0.2_0.1_0_0_0_0_0_0	SUM-159_NLS_2N_O2_A12_seed	SUM-159_NLS_2N_O2_A12	0	89	185	7.89698492462312	9.9999836830888e-13	-27.631022747621
2N	20.5_20.5_2_1_0.5_0.3_0.2_0.1_0_0_0_0_0_0	SUM-159_NLS_2N_O2_A12_seed	SUM-159_NLS_2N_O2_A12	0	89	186	7.93718592964824	9.9999836830888e-13	-27.631022747621
2N	20.5_20.5_2_1_0.5_0.3_0.2_0.1_0_0_0_0_0_0	SUM-159_NLS_2N_O2_A12_seed	SUM-159_NLS_2N_O2_A12	0	89	187	7.97738693467337	9.9999836830888e-13	-27.631022747621
2N	20.5_20.5_2_1_0.5_0.3_0.2_0.1_0_0_0_0_0_0	SUM-159_NLS_2N_O2_A12_seed	SUM-159_NLS_2N_O2_A12	0	89	188	8.01758793969849	9.9999836830888e-13	-27.631022747621
2N	20.5_20.5_2_1_0.5_0.3_0.2_0.1_0_0_0_0_0_0	SUM-159_NLS_2N_O2_A12_seed	SUM-159_NLS_2N_O2_A12	0	89	189	8.05778894472362	9.9999836830888e-13	-27.631022747621
2N	20.5_20.5_2_1_0.5_0.3_0.2_0.1_0_0_0_0_0_0	SUM-159_NLS_2N_O2_A12_seed	SUM-159_NLS_2N_O2_A12	0	89	190	8.09798994974874	9.9999836830888e-13	-27.631022747621
2N	20.5_20.5_2_1_0.5_0.3_0.2_0.1_0_0_0_0_0_0	SUM-159_NLS_2N_O2_A12_seed	SUM-159_NLS_2N_O2_A12	0	89	191	8.13819095477387	9.9999836830888e-13	-27.631022747621
2N	20.5_20.5_2_1_0.5_0.3_0.2_0.1_0_0_0_0_0_0	SUM-159_NLS_2N_O2_A12_seed	SUM-159_NLS_2N_O2_A12	0	89	192	8.178391959799	9.9999836830888e-13	-27.631022747621
2N	20.5_20.5_2_1_0.5_0.3_0.2_0.1_0_0_0_0_0_0	SUM-159_NLS_2N_O2_A12_seed	SUM-159_NLS_2N_O2_A12	0	89	193	8.21859296482412	9.9999836830888e-13	-27.631022747621
2N	20.5_20.5_2_1_0.5_0.3_0.2_0.1_0_0_0_0_0_0	SUM-159_NLS_2N_O2_A12_seed	SUM-159_NLS_2N_O2_A12	0	89	194	8.25879396984925	9.9999836830888e-13	-27.631022747621
2N	20.5_20.5_2_1_0.5_0.3_0.2_0.1_0_0_0_0_0_0	SUM-159_NLS_2N_O2_A12_seed	SUM-159_NLS_2N_O2_A12	0	89	195	8.29899497487437	9.9999836830888e-13	-27.631022747621
2N	20.5_20.5_2_1_0.5_0.3_0.2_0.1_0_0_0_0_0_0	SUM-159_NLS_2N_O2_A12_seed	SUM-159_NLS_2N_O2_A12	0	89	196	8.3391959798995	9.9999836830888e-13	-27.631022747621
2N	20.5_20.5_2_1_0.5_0.3_0.2_0.1_0_0_0_0_0_0	SUM-159_NLS_2N_O2_A12_seed	SUM-159_NLS_2N_O2_A12	0	89	197	8.37939698492462	9.9999836830888e-13	-27.631022747621
2N	20.5_20.5_2_1_0.5_0.3_0.2_0.1_0_0_0_0_0_0	SUM-159_NLS_2N_O2_A12_seed	SUM-159_NLS_2N_O2_A12	0	89	198	8.41959798994975	9.9999836830888e-13	-27.631022747621
2N	20.5_20.5_2_1_0.5_0.3_0.2_0.1_0_0_0_0_0_0	SUM-159_NLS_2N_O2_A12_seed	SUM-159_NLS_2N_O2_A12	0	89	199	8.45979899497488	9.9999836830888e-13	-27.631022747621
2N	20.5_20.5_2_1_0.5_0.3_0.2_0.1_0_0_0_0_0_0	SUM-159_NLS_2N_O2_A12_seed	SUM-159_NLS_2N_O2_A12	0	89	200	8.5	9.9999836830888e-13	-27.631022747621
2N	20.5_20.5_2_1_0.5_0.3_0.2_0.1_0_0_0_0_0_0_0_0_0_0_0_0	SUM-159_NLS_2N_O1_A18_seed	SUM-159_NLS_2N_O1_A18	0	127	1	0.5	1.00009040071205e-12	-27.6309307193024
2N	20.5_20.5_2_1_0.5_0.3_0.2_0.1_0_0_0_0_0_0_0_0_0_0_0_0	SUM-159_NLS_2N_O1_A18_seed	SUM-159_NLS_2N_O1_A18	0	127	2	0.540201005025126	1.00009040071205e-12	-27.6309307193024
2N	20.5_20.5_2_1_0.5_0.3_0.2_0.1_0_0_0_0_0_0_0_0_0_0_0_0	SUM-159_NLS_2N_O1_A18_seed	SUM-159_NLS_2N_O1_A18	0	127	3	0.580402010050251	1.00009040071205e-12	-27.6309307193024
2N	20.5_20.5_2_1_0.5_0.3_0.2_0.1_0_0_0_0_0_0_0_0_0_0_0_0	SUM-159_NLS_2N_O1_A18_seed	SUM-159_NLS_2N_O1_A18	0	127	4	0.620603015075377	1.00009040071205e-12	-27.6309307193024
2N	20.5_20.5_2_1_0.5_0.3_0.2_0.1_0_0_0_0_0_0_0_0_0_0_0_0	SUM-159_NLS_2N_O1_A18_seed	SUM-159_NLS_2N_O1_A18	0	127	5	0.660804020100503	1.00009040071205e-12	-27.6309307193024
2N	20.5_20.5_2_1_0.5_0.3_0.2_0.1_0_0_0_0_0_0_0_0_0_0_0_0	SUM-159_NLS_2N_O1_A18_seed	SUM-159_NLS_2N_O1_A18	0	127	6	0.701005025125628	1.00009040071205e-12	-27.6309307193024
2N	20.5_20.5_2_1_0.5_0.3_0.2_0.1_0_0_0_0_0_0_0_0_0_0_0_0	SUM-159_NLS_2N_O1_A18_seed	SUM-159_NLS_2N_O1_A18	0	127	7	0.741206030150754	1.00009040071205e-12	-27.6309307193024
2N	20.5_20.5_2_1_0.5_0.3_0.2_0.1_0_0_0_0_0_0_0_0_0_0_0_0	SUM-159_NLS_2N_O1_A18_seed	SUM-159_NLS_2N_O1_A18	0	127	8	0.781407035175879	1.00009040071205e-12	-27.6309307193024
2N	20.5_20.5_2_1_0.5_0.3_0.2_0.1_0_0_0_0_0_0_0_0_0_0_0_0	SUM-159_NLS_2N_O1_A18_seed	SUM-159_NLS_2N_O1_A18	0	127	9	0.821608040201005	1.00009040071205e-12	-27.6309307193024
2N	20.5_20.5_2_1_0.5_0.3_0.2_0.1_0_0_0_0_0_0_0_0_0_0_0_0	SUM-159_NLS_2N_O1_A18_seed	SUM-159_NLS_2N_O1_A18	0	127	10	0.861809045226131	1.00009040071205e-12	-27.6309307193024
2N	20.5_20.5_2_1_0.5_0.3_0.2_0.1_0_0_0_0_0_0_0_0_0_0_0_0	SUM-159_NLS_2N_O1_A18_seed	SUM-159_NLS_2N_O1_A18	0	127	11	0.902010050251256	1.00009040071205e-12	-27.6309307193024
2N	20.5_20.5_2_1_0.5_0.3_0.2_0.1_0_0_0_0_0_0_0_0_0_0_0_0	SUM-159_NLS_2N_O1_A18_seed	SUM-159_NLS_2N_O1_A18	0	127	12	0.942211055276382	1.00009040071205e-12	-27.6309307193024
2N	20.5_20.5_2_1_0.5_0.3_0.2_0.1_0_0_0_0_0_0_0_0_0_0_0_0	SUM-159_NLS_2N_O1_A18_seed	SUM-159_NLS_2N_O1_A18	0	127	13	0.982412060301508	1.00009040071205e-12	-27.6309307193024
2N	20.5_20.5_2_1_0.5_0.3_0.2_0.1_0_0_0_0_0_0_0_0_0_0_0_0	SUM-159_NLS_2N_O1_A18_seed	SUM-159_NLS_2N_O1_A18	0	127	14	1.02261306532663	1.00009040071205e-12	-27.6309307193024
2N	20.5_20.5_2_1_0.5_0.3_0.2_0.1_0_0_0_0_0_0_0_0_0_0_0_0	SUM-159_NLS_2N_O1_A18_seed	SUM-159_NLS_2N_O1_A18	0	127	15	1.06281407035176	1.00009040071205e-12	-27.6309307193024
2N	20.5_20.5_2_1_0.5_0.3_0.2_0.1_0_0_0_0_0_0_0_0_0_0_0_0	SUM-159_NLS_2N_O1_A18_seed	SUM-159_NLS_2N_O1_A18	0	127	16	1.10301507537688	1.00009040071205e-12	-27.6309307193024
2N	20.5_20.5_2_1_0.5_0.3_0.2_0.1_0_0_0_0_0_0_0_0_0_0_0_0	SUM-159_NLS_2N_O1_A18_seed	SUM-159_NLS_2N_O1_A18	0	127	17	1.14321608040201	1.00009040071205e-12	-27.6309307193024
2N	20.5_20.5_2_1_0.5_0.3_0.2_0.1_0_0_0_0_0_0_0_0_0_0_0_0	SUM-159_NLS_2N_O1_A18_seed	SUM-159_NLS_2N_O1_A18	0	127	18	1.18341708542714	1.00009040071205e-12	-27.6309307193024
2N	20.5_20.5_2_1_0.5_0.3_0.2_0.1_0_0_0_0_0_0_0_0_0_0_0_0	SUM-159_NLS_2N_O1_A18_seed	SUM-159_NLS_2N_O1_A18	0	127	19	1.22361809045226	1.00009040071205e-12	-27.6309307193024
2N	20.5_20.5_2_1_0.5_0.3_0.2_0.1_0_0_0_0_0_0_0_0_0_0_0_0	SUM-159_NLS_2N_O1_A18_seed	SUM-159_NLS_2N_O1_A18	0	127	20	1.26381909547739	1.00009040071205e-12	-27.6309307193024
2N	20.5_20.5_2_1_0.5_0.3_0.2_0.1_0_0_0_0_0_0_0_0_0_0_0_0	SUM-159_NLS_2N_O1_A18_seed	SUM-159_NLS_2N_O1_A18	0	127	21	1.30402010050251	1.00009040071205e-12	-27.6309307193024
2N	20.5_20.5_2_1_0.5_0.3_0.2_0.1_0_0_0_0_0_0_0_0_0_0_0_0	SUM-159_NLS_2N_O1_A18_seed	SUM-159_NLS_2N_O1_A18	0	127	22	1.34422110552764	4.6160493937612e-11	-23.7988967932311
2N	20.5_20.5_2_1_0.5_0.3_0.2_0.1_0_0_0_0_0_0_0_0_0_0_0_0	SUM-159_NLS_2N_O1_A18_seed	SUM-159_NLS_2N_O1_A18	0	127	23	1.38442211055276	2.84170779912702e-07	-15.0736904417955
2N	20.5_20.5_2_1_0.5_0.3_0.2_0.1_0_0_0_0_0_0_0_0_0_0_0_0	SUM-159_NLS_2N_O1_A18_seed	SUM-159_NLS_2N_O1_A18	0	127	24	1.42462311557789	4.43300595598337e-05	-10.0238475656523
2N	20.5_20.5_2_1_0.5_0.3_0.2_0.1_0_0_0_0_0_0_0_0_0_0_0_0	SUM-159_NLS_2N_O1_A18_seed	SUM-159_NLS_2N_O1_A18	0	127	25	1.46482412060302	0.000365535420830872	-7.91414737285199
2N	20.5_20.5_2_1_0.5_0.3_0.2_0.1_0_0_0_0_0_0_0_0_0_0_0_0	SUM-159_NLS_2N_O1_A18_seed	SUM-159_NLS_2N_O1_A18	0	127	26	1.50502512562814	0.00111267514749418	-6.80098812036579
2N	20.5_20.5_2_1_0.5_0.3_0.2_0.1_0_0_0_0_0_0_0_0_0_0_0_0	SUM-159_NLS_2N_O1_A18_seed	SUM-159_NLS_2N_O1_A18	0	127	27	1.54522613065327	0.00256932475146593	-5.96411215721816
2N	20.5_20.5_2_1_0.5_0.3_0.2_0.1_0_0_0_0_0_0_0_0_0_0_0_0	SUM-159_NLS_2N_O1_A18_seed	SUM-159_NLS_2N_O1_A18	0	127	28	1.58542713567839	0.00545701878918131	-5.21085264765014
2N	20.5_20.5_2_1_0.5_0.3_0.2_0.1_0_0_0_0_0_0_0_0_0_0_0_0	SUM-159_NLS_2N_O1_A18_seed	SUM-159_NLS_2N_O1_A18	0	127	29	1.62562814070352	0.0129822999456754	-4.34416839190234
2N	20.5_20.5_2_1_0.5_0.3_0.2_0.1_0_0_0_0_0_0_0_0_0_0_0_0	SUM-159_NLS_2N_O1_A18_seed	SUM-159_NLS_2N_O1_A18	0	127	30	1.66582914572864	0.0245785595427129	-3.7058807793803
2N	20.5_20.5_2_1_0.5_0.3_0.2_0.1_0_0_0_0_0_0_0_0_0_0_0_0	SUM-159_NLS_2N_O1_A18_seed	SUM-159_NLS_2N_O1_A18	0	127	31	1.70603015075377	0.0476557175803161	-3.04375266488793
2N	20.5_20.5_2_1_0.5_0.3_0.2_0.1_0_0_0_0_0_0_0_0_0_0_0_0	SUM-159_NLS_2N_O1_A18_seed	SUM-159_NLS_2N_O1_A18	0	127	32	1.74623115577889	0.0894220641236148	-2.41438782497577
2N	20.5_20.5_2_1_0.5_0.3_0.2_0.1_0_0_0_0_0_0_0_0_0_0_0_0	SUM-159_NLS_2N_O1_A18_seed	SUM-159_NLS_2N_O1_A18	0	127	33	1.78643216080402	0.15261025276771	-1.87986797518225
2N	20.5_20.5_2_1_0.5_0.3_0.2_0.1_0_0_0_0_0_0_0_0_0_0_0_0	SUM-159_NLS_2N_O1_A18_seed	SUM-159_NLS_2N_O1_A18	0	127	34	1.82663316582915	0.247539972886134	-1.39618320340354
2N	20.5_20.5_2_1_0.5_0.3_0.2_0.1_0_0_0_0_0_0_0_0_0_0_0_0	SUM-159_NLS_2N_O1_A18_seed	SUM-159_NLS_2N_O1_A18	0	127	35	1.86683417085427	0.375545447229191	-0.979375783865443
2N	20.5_20.5_2_1_0.5_0.3_0.2_0.1_0_0_0_0_0_0_0_0_0_0_0_0	SUM-159_NLS_2N_O1_A18_seed	SUM-159_NLS_2N_O1_A18	0	127	36	1.9070351758794	0.563945401917445	-0.572797837280908
2N	20.5_20.5_2_1_0.5_0.3_0.2_0.1_0_0_0_0_0_0_0_0_0_0_0_0	SUM-159_NLS_2N_O1_A18_seed	SUM-159_NLS_2N_O1_A18	0	127	37	1.94723618090452	0.781490665564983	-0.246552073446599
2N	20.5_20.5_2_1_0.5_0.3_0.2_0.1_0_0_0_0_0_0_0_0_0_0_0_0	SUM-159_NLS_2N_O1_A18_seed	SUM-159_NLS_2N_O1_A18	0	127	38	1.98743718592965	1.03729771018592	0.0366189759779536
2N	20.5_20.5_2_1_0.5_0.3_0.2_0.1_0_0_0_0_0_0_0_0_0_0_0_0	SUM-159_NLS_2N_O1_A18_seed	SUM-159_NLS_2N_O1_A18	0	127	39	2.02763819095477	1.29346390152963	0.257323814662432
2N	20.5_20.5_2_1_0.5_0.3_0.2_0.1_0_0_0_0_0_0_0_0_0_0_0_0	SUM-159_NLS_2N_O1_A18_seed	SUM-159_NLS_2N_O1_A18	0	127	40	2.0678391959799	1.51861107777212	0.417796152497194
2N	20.5_20.5_2_1_0.5_0.3_0.2_0.1_0_0_0_0_0_0_0_0_0_0_0_0	SUM-159_NLS_2N_O1_A18_seed	SUM-159_NLS_2N_O1_A18	0	127	41	2.10804020100502	1.70593464827339	0.534113141344776
2N	20.5_20.5_2_1_0.5_0.3_0.2_0.1_0_0_0_0_0_0_0_0_0_0_0_0	SUM-159_NLS_2N_O1_A18_seed	SUM-159_NLS_2N_O1_A18	0	127	42	2.14824120603015	1.82403744076264	0.60105241817537
2N	20.5_20.5_2_1_0.5_0.3_0.2_0.1_0_0_0_0_0_0_0_0_0_0_0_0	SUM-159_NLS_2N_O1_A18_seed	SUM-159_NLS_2N_O1_A18	0	127	43	2.18844221105528	1.83309109899602	0.606003667020313
2N	20.5_20.5_2_1_0.5_0.3_0.2_0.1_0_0_0_0_0_0_0_0_0_0_0_0	SUM-159_NLS_2N_O1_A18_seed	SUM-159_NLS_2N_O1_A18	0	127	44	2.2286432160804	1.72973613834515	0.547968875689373
2N	20.5_20.5_2_1_0.5_0.3_0.2_0.1_0_0_0_0_0_0_0_0_0_0_0_0	SUM-159_NLS_2N_O1_A18_seed	SUM-159_NLS_2N_O1_A18	0	127	45	2.26884422110553	1.56103417127202	0.445348531922795
2N	20.5_20.5_2_1_0.5_0.3_0.2_0.1_0_0_0_0_0_0_0_0_0_0_0_0	SUM-159_NLS_2N_O1_A18_seed	SUM-159_NLS_2N_O1_A18	0	127	46	2.30904522613065	1.33828648843139	0.291390055700623
2N	20.5_20.5_2_1_0.5_0.3_0.2_0.1_0_0_0_0_0_0_0_0_0_0_0_0	SUM-159_NLS_2N_O1_A18_seed	SUM-159_NLS_2N_O1_A18	0	127	47	2.34924623115578	1.09764560151471	0.0931675236959776
2N	20.5_20.5_2_1_0.5_0.3_0.2_0.1_0_0_0_0_0_0_0_0_0_0_0_0	SUM-159_NLS_2N_O1_A18_seed	SUM-159_NLS_2N_O1_A18	0	127	48	2.3894472361809	0.850984656365984	-0.161361180693535
2N	20.5_20.5_2_1_0.5_0.3_0.2_0.1_0_0_0_0_0_0_0_0_0_0_0_0	SUM-159_NLS_2N_O1_A18_seed	SUM-159_NLS_2N_O1_A18	0	127	49	2.42964824120603	0.636776855852514	-0.45133598956515
2N	20.5_20.5_2_1_0.5_0.3_0.2_0.1_0_0_0_0_0_0_0_0_0_0_0_0	SUM-159_NLS_2N_O1_A18_seed	SUM-159_NLS_2N_O1_A18	0	127	50	2.46984924623116	0.457594663440999	-0.781771501045305
2N	20.5_20.5_2_1_0.5_0.3_0.2_0.1_0_0_0_0_0_0_0_0_0_0_0_0	SUM-159_NLS_2N_O1_A18_seed	SUM-159_NLS_2N_O1_A18	0	127	51	2.51005025125628	0.312530471890871	-1.16305330450869
2N	20.5_20.5_2_1_0.5_0.3_0.2_0.1_0_0_0_0_0_0_0_0_0_0_0_0	SUM-159_NLS_2N_O1_A18_seed	SUM-159_NLS_2N_O1_A18	0	127	52	2.55025125628141	0.207166910754215	-1.57423047848192
2N	20.5_20.5_2_1_0.5_0.3_0.2_0.1_0_0_0_0_0_0_0_0_0_0_0_0	SUM-159_NLS_2N_O1_A18_seed	SUM-159_NLS_2N_O1_A18	0	127	53	2.59045226130653	0.13386868088464	-2.01089595293692
2N	20.5_20.5_2_1_0.5_0.3_0.2_0.1_0_0_0_0_0_0_0_0_0_0_0_0	SUM-159_NLS_2N_O1_A18_seed	SUM-159_NLS_2N_O1_A18	0	127	54	2.63065326633166	0.0852500463347883	-2.46216661930208
2N	20.5_20.5_2_1_0.5_0.3_0.2_0.1_0_0_0_0_0_0_0_0_0_0_0_0	SUM-159_NLS_2N_O1_A18_seed	SUM-159_NLS_2N_O1_A18	0	127	55	2.67085427135678	0.0494266648027073	-3.00726522707933
2N	20.5_20.5_2_1_0.5_0.3_0.2_0.1_0_0_0_0_0_0_0_0_0_0_0_0	SUM-159_NLS_2N_O1_A18_seed	SUM-159_NLS_2N_O1_A18	0	127	56	2.71105527638191	0.0291384885334713	-3.53569534869309
2N	20.5_20.5_2_1_0.5_0.3_0.2_0.1_0_0_0_0_0_0_0_0_0_0_0_0	SUM-159_NLS_2N_O1_A18_seed	SUM-159_NLS_2N_O1_A18	0	127	57	2.75125628140704	0.0175731508059584	-4.0413830641208
2N	20.5_20.5_2_1_0.5_0.3_0.2_0.1_0_0_0_0_0_0_0_0_0_0_0_0	SUM-159_NLS_2N_O1_A18_seed	SUM-159_NLS_2N_O1_A18	0	127	58	2.79145728643216	0.00906167620873231	-4.7037011640385
2N	20.5_20.5_2_1_0.5_0.3_0.2_0.1_0_0_0_0_0_0_0_0_0_0_0_0	SUM-159_NLS_2N_O1_A18_seed	SUM-159_NLS_2N_O1_A18	0	127	59	2.83165829145729	0.00461699601018163	-5.37801099961585
2N	20.5_20.5_2_1_0.5_0.3_0.2_0.1_0_0_0_0_0_0_0_0_0_0_0_0	SUM-159_NLS_2N_O1_A18_seed	SUM-159_NLS_2N_O1_A18	0	127	60	2.87185929648241	0.00342286309952614	-5.67727791452949
2N	20.5_20.5_2_1_0.5_0.3_0.2_0.1_0_0_0_0_0_0_0_0_0_0_0_0	SUM-159_NLS_2N_O1_A18_seed	SUM-159_NLS_2N_O1_A18	0	127	61	2.91206030150754	0.0020671574951926	-6.18158080612347
2N	20.5_20.5_2_1_0.5_0.3_0.2_0.1_0_0_0_0_0_0_0_0_0_0_0_0	SUM-159_NLS_2N_O1_A18_seed	SUM-159_NLS_2N_O1_A18	0	127	62	2.95226130653266	0.00095515273194865	-6.95363930152874
2N	20.5_20.5_2_1_0.5_0.3_0.2_0.1_0_0_0_0_0_0_0_0_0_0_0_0	SUM-159_NLS_2N_O1_A18_seed	SUM-159_NLS_2N_O1_A18	0	127	63	2.99246231155779	0.000583148531385013	-7.44706863324758
2N	20.5_20.5_2_1_0.5_0.3_0.2_0.1_0_0_0_0_0_0_0_0_0_0_0_0	SUM-159_NLS_2N_O1_A18_seed	SUM-159_NLS_2N_O1_A18	0	127	64	3.03266331658291	0.000224784900192044	-8.40036661216496
2N	20.5_20.5_2_1_0.5_0.3_0.2_0.1_0_0_0_0_0_0_0_0_0_0_0_0	SUM-159_NLS_2N_O1_A18_seed	SUM-159_NLS_2N_O1_A18	0	127	65	3.07286432160804	5.71947681511584e-05	-9.76904812965062
2N	20.5_20.5_2_1_0.5_0.3_0.2_0.1_0_0_0_0_0_0_0_0_0_0_0_0	SUM-159_NLS_2N_O1_A18_seed	SUM-159_NLS_2N_O1_A18	0	127	66	3.11306532663317	7.34758793138357e-05	-9.51855337820677
2N	20.5_20.5_2_1_0.5_0.3_0.2_0.1_0_0_0_0_0_0_0_0_0_0_0_0	SUM-159_NLS_2N_O1_A18_seed	SUM-159_NLS_2N_O1_A18	0	127	67	3.15326633165829	9.42874728547406e-05	-9.26916222068338
2N	20.5_20.5_2_1_0.5_0.3_0.2_0.1_0_0_0_0_0_0_0_0_0_0_0_0	SUM-159_NLS_2N_O1_A18_seed	SUM-159_NLS_2N_O1_A18	0	127	68	3.19346733668342	6.91771117622472e-05	-9.57884050493293
2N	20.5_20.5_2_1_0.5_0.3_0.2_0.1_0_0_0_0_0_0_0_0_0_0_0_0	SUM-159_NLS_2N_O1_A18_seed	SUM-159_NLS_2N_O1_A18	0	127	69	3.23366834170854	4.22340902937584e-05	-10.0722828361725
2N	20.5_20.5_2_1_0.5_0.3_0.2_0.1_0_0_0_0_0_0_0_0_0_0_0_0	SUM-159_NLS_2N_O1_A18_seed	SUM-159_NLS_2N_O1_A18	0	127	70	3.27386934673367	7.17240308352277e-05	-9.54268470841919
2N	20.5_20.5_2_1_0.5_0.3_0.2_0.1_0_0_0_0_0_0_0_0_0_0_0_0	SUM-159_NLS_2N_O1_A18_seed	SUM-159_NLS_2N_O1_A18	0	127	71	3.31407035175879	8.12272026997889e-05	-9.41826035828141
2N	20.5_20.5_2_1_0.5_0.3_0.2_0.1_0_0_0_0_0_0_0_0_0_0_0_0	SUM-159_NLS_2N_O1_A18_seed	SUM-159_NLS_2N_O1_A18	0	127	72	3.35427135678392	0.00012153933308048	-9.01527261851517
2N	20.5_20.5_2_1_0.5_0.3_0.2_0.1_0_0_0_0_0_0_0_0_0_0_0_0	SUM-159_NLS_2N_O1_A18_seed	SUM-159_NLS_2N_O1_A18	0	127	73	3.39447236180905	0.000310669742513934	-8.07678013119988
2N	20.5_20.5_2_1_0.5_0.3_0.2_0.1_0_0_0_0_0_0_0_0_0_0_0_0	SUM-159_NLS_2N_O1_A18_seed	SUM-159_NLS_2N_O1_A18	0	127	74	3.43467336683417	0.000619389242907682	-7.38677665753161
2N	20.5_20.5_2_1_0.5_0.3_0.2_0.1_0_0_0_0_0_0_0_0_0_0_0_0	SUM-159_NLS_2N_O1_A18_seed	SUM-159_NLS_2N_O1_A18	0	127	75	3.4748743718593	0.0014330556033176	-6.54794632885287
2N	20.5_20.5_2_1_0.5_0.3_0.2_0.1_0_0_0_0_0_0_0_0_0_0_0_0	SUM-159_NLS_2N_O1_A18_seed	SUM-159_NLS_2N_O1_A18	0	127	76	3.51507537688442	0.00179035864073019	-6.32533932124862
2N	20.5_20.5_2_1_0.5_0.3_0.2_0.1_0_0_0_0_0_0_0_0_0_0_0_0	SUM-159_NLS_2N_O1_A18_seed	SUM-159_NLS_2N_O1_A18	0	127	77	3.55527638190955	0.00240606352883407	-6.02976325744155
2N	20.5_20.5_2_1_0.5_0.3_0.2_0.1_0_0_0_0_0_0_0_0_0_0_0_0	SUM-159_NLS_2N_O1_A18_seed	SUM-159_NLS_2N_O1_A18	0	127	78	3.59547738693467	0.00450416664067623	-5.40275239045523
2N	20.5_20.5_2_1_0.5_0.3_0.2_0.1_0_0_0_0_0_0_0_0_0_0_0_0	SUM-159_NLS_2N_O1_A18_seed	SUM-159_NLS_2N_O1_A18	0	127	79	3.6356783919598	0.00635028207135817	-5.05925604637778
2N	20.5_20.5_2_1_0.5_0.3_0.2_0.1_0_0_0_0_0_0_0_0_0_0_0_0	SUM-159_NLS_2N_O1_A18_seed	SUM-159_NLS_2N_O1_A18	0	127	80	3.67587939698492	0.00913639469332136	-4.69548942501815
2N	20.5_20.5_2_1_0.5_0.3_0.2_0.1_0_0_0_0_0_0_0_0_0_0_0_0	SUM-159_NLS_2N_O1_A18_seed	SUM-159_NLS_2N_O1_A18	0	127	81	3.71608040201005	0.013056257321542	-4.33848777189042
2N	20.5_20.5_2_1_0.5_0.3_0.2_0.1_0_0_0_0_0_0_0_0_0_0_0_0	SUM-159_NLS_2N_O1_A18_seed	SUM-159_NLS_2N_O1_A18	0	127	82	3.75628140703518	0.0187669378084818	-3.97565858455488
2N	20.5_20.5_2_1_0.5_0.3_0.2_0.1_0_0_0_0_0_0_0_0_0_0_0_0	SUM-159_NLS_2N_O1_A18_seed	SUM-159_NLS_2N_O1_A18	0	127	83	3.7964824120603	0.0268542372444001	-3.61733165876872
2N	20.5_20.5_2_1_0.5_0.3_0.2_0.1_0_0_0_0_0_0_0_0_0_0_0_0	SUM-159_NLS_2N_O1_A18_seed	SUM-159_NLS_2N_O1_A18	0	127	84	3.83668341708543	0.037550563348366	-3.28206689826493
2N	20.5_20.5_2_1_0.5_0.3_0.2_0.1_0_0_0_0_0_0_0_0_0_0_0_0	SUM-159_NLS_2N_O1_A18_seed	SUM-159_NLS_2N_O1_A18	0	127	85	3.87688442211055	0.0517092683331594	-2.96211824210054
2N	20.5_20.5_2_1_0.5_0.3_0.2_0.1_0_0_0_0_0_0_0_0_0_0_0_0	SUM-159_NLS_2N_O1_A18_seed	SUM-159_NLS_2N_O1_A18	0	127	86	3.91708542713568	0.0704371232847364	-2.65303483541669
2N	20.5_20.5_2_1_0.5_0.3_0.2_0.1_0_0_0_0_0_0_0_0_0_0_0_0	SUM-159_NLS_2N_O1_A18_seed	SUM-159_NLS_2N_O1_A18	0	127	87	3.9572864321608	0.0933278603176432	-2.37163660565418
2N	20.5_20.5_2_1_0.5_0.3_0.2_0.1_0_0_0_0_0_0_0_0_0_0_0_0	SUM-159_NLS_2N_O1_A18_seed	SUM-159_NLS_2N_O1_A18	0	127	88	3.99748743718593	0.109360934646681	-2.21310154008979
2N	20.5_20.5_2_1_0.5_0.3_0.2_0.1_0_0_0_0_0_0_0_0_0_0_0_0	SUM-159_NLS_2N_O1_A18_seed	SUM-159_NLS_2N_O1_A18	0	127	89	4.03768844221106	0.126596640496879	-2.06674930598372
2N	20.5_20.5_2_1_0.5_0.3_0.2_0.1_0_0_0_0_0_0_0_0_0_0_0_0	SUM-159_NLS_2N_O1_A18_seed	SUM-159_NLS_2N_O1_A18	0	127	90	4.07788944723618	0.149411074086627	-1.90105388529131
2N	20.5_20.5_2_1_0.5_0.3_0.2_0.1_0_0_0_0_0_0_0_0_0_0_0_0	SUM-159_NLS_2N_O1_A18_seed	SUM-159_NLS_2N_O1_A18	0	127	91	4.11809045226131	0.175350034485776	-1.74097110572773
2N	20.5_20.5_2_1_0.5_0.3_0.2_0.1_0_0_0_0_0_0_0_0_0_0_0_0	SUM-159_NLS_2N_O1_A18_seed	SUM-159_NLS_2N_O1_A18	0	127	92	4.15829145728643	0.202969252424331	-1.59470077730246
2N	20.5_20.5_2_1_0.5_0.3_0.2_0.1_0_0_0_0_0_0_0_0_0_0_0_0	SUM-159_NLS_2N_O1_A18_seed	SUM-159_NLS_2N_O1_A18	0	127	93	4.19849246231156	0.227736761324023	-1.47956487263685
2N	20.5_20.5_2_1_0.5_0.3_0.2_0.1_0_0_0_0_0_0_0_0_0_0_0_0	SUM-159_NLS_2N_O1_A18_seed	SUM-159_NLS_2N_O1_A18	0	127	94	4.23869346733668	0.252027742851881	-1.37821610684818
2N	20.5_20.5_2_1_0.5_0.3_0.2_0.1_0_0_0_0_0_0_0_0_0_0_0_0	SUM-159_NLS_2N_O1_A18_seed	SUM-159_NLS_2N_O1_A18	0	127	95	4.27889447236181	0.266533766901999	-1.32225433832948
2N	20.5_20.5_2_1_0.5_0.3_0.2_0.1_0_0_0_0_0_0_0_0_0_0_0_0	SUM-159_NLS_2N_O1_A18_seed	SUM-159_NLS_2N_O1_A18	0	127	96	4.31909547738693	0.279602241108693	-1.2743872532444
2N	20.5_20.5_2_1_0.5_0.3_0.2_0.1_0_0_0_0_0_0_0_0_0_0_0_0	SUM-159_NLS_2N_O1_A18_seed	SUM-159_NLS_2N_O1_A18	0	127	97	4.35929648241206	0.285278876890253	-1.25428806174321
2N	20.5_20.5_2_1_0.5_0.3_0.2_0.1_0_0_0_0_0_0_0_0_0_0_0_0	SUM-159_NLS_2N_O1_A18_seed	SUM-159_NLS_2N_O1_A18	0	127	98	4.39949748743719	0.283862880083399	-1.25926397402215
2N	20.5_20.5_2_1_0.5_0.3_0.2_0.1_0_0_0_0_0_0_0_0_0_0_0_0	SUM-159_NLS_2N_O1_A18_seed	SUM-159_NLS_2N_O1_A18	0	127	99	4.43969849246231	0.275432024309284	-1.28941441655291
2N	20.5_20.5_2_1_0.5_0.3_0.2_0.1_0_0_0_0_0_0_0_0_0_0_0_0	SUM-159_NLS_2N_O1_A18_seed	SUM-159_NLS_2N_O1_A18	0	127	100	4.47989949748744	0.259267120000902	-1.34989639740518
2N	20.5_20.5_2_1_0.5_0.3_0.2_0.1_0_0_0_0_0_0_0_0_0_0_0_0	SUM-159_NLS_2N_O1_A18_seed	SUM-159_NLS_2N_O1_A18	0	127	101	4.52010050251256	0.24300491158043	-1.41467362358071
2N	20.5_20.5_2_1_0.5_0.3_0.2_0.1_0_0_0_0_0_0_0_0_0_0_0_0	SUM-159_NLS_2N_O1_A18_seed	SUM-159_NLS_2N_O1_A18	0	127	102	4.56030150753769	0.221066650441548	-1.50929103722385
2N	20.5_20.5_2_1_0.5_0.3_0.2_0.1_0_0_0_0_0_0_0_0_0_0_0_0	SUM-159_NLS_2N_O1_A18_seed	SUM-159_NLS_2N_O1_A18	0	127	103	4.60050251256281	0.197299259951134	-1.62303361684183
2N	20.5_20.5_2_1_0.5_0.3_0.2_0.1_0_0_0_0_0_0_0_0_0_0_0_0	SUM-159_NLS_2N_O1_A18_seed	SUM-159_NLS_2N_O1_A18	0	127	104	4.64070351758794	0.173557247235135	-1.75124777877275
2N	20.5_20.5_2_1_0.5_0.3_0.2_0.1_0_0_0_0_0_0_0_0_0_0_0_0	SUM-159_NLS_2N_O1_A18_seed	SUM-159_NLS_2N_O1_A18	0	127	105	4.68090452261307	0.147637446370929	-1.91299569729254
2N	20.5_20.5_2_1_0.5_0.3_0.2_0.1_0_0_0_0_0_0_0_0_0_0_0_0	SUM-159_NLS_2N_O1_A18_seed	SUM-159_NLS_2N_O1_A18	0	127	106	4.72110552763819	0.12547197266135	-2.0756728707587
2N	20.5_20.5_2_1_0.5_0.3_0.2_0.1_0_0_0_0_0_0_0_0_0_0_0_0	SUM-159_NLS_2N_O1_A18_seed	SUM-159_NLS_2N_O1_A18	0	127	107	4.76130653266332	0.102441535137023	-2.2784630320444
2N	20.5_20.5_2_1_0.5_0.3_0.2_0.1_0_0_0_0_0_0_0_0_0_0_0_0	SUM-159_NLS_2N_O1_A18_seed	SUM-159_NLS_2N_O1_A18	0	127	108	4.80150753768844	0.0854146787551407	-2.460237310579
2N	20.5_20.5_2_1_0.5_0.3_0.2_0.1_0_0_0_0_0_0_0_0_0_0_0_0	SUM-159_NLS_2N_O1_A18_seed	SUM-159_NLS_2N_O1_A18	0	127	109	4.84170854271357	0.0692720386363321	-2.66971393708861
2N	20.5_20.5_2_1_0.5_0.3_0.2_0.1_0_0_0_0_0_0_0_0_0_0_0_0	SUM-159_NLS_2N_O1_A18_seed	SUM-159_NLS_2N_O1_A18	0	127	110	4.88190954773869	0.0560021814230387	-2.88236463502284
2N	20.5_20.5_2_1_0.5_0.3_0.2_0.1_0_0_0_0_0_0_0_0_0_0_0_0	SUM-159_NLS_2N_O1_A18_seed	SUM-159_NLS_2N_O1_A18	0	127	111	4.92211055276382	0.0422196526704634	-3.16486946325465
2N	20.5_20.5_2_1_0.5_0.3_0.2_0.1_0_0_0_0_0_0_0_0_0_0_0_0	SUM-159_NLS_2N_O1_A18_seed	SUM-159_NLS_2N_O1_A18	0	127	112	4.96231155778894	0.0350051906066528	-3.35225892544131
2N	20.5_20.5_2_1_0.5_0.3_0.2_0.1_0_0_0_0_0_0_0_0_0_0_0_0	SUM-159_NLS_2N_O1_A18_seed	SUM-159_NLS_2N_O1_A18	0	127	113	5.00251256281407	0.0259989786441855	-3.64969802464819
2N	20.5_20.5_2_1_0.5_0.3_0.2_0.1_0_0_0_0_0_0_0_0_0_0_0_0	SUM-159_NLS_2N_O1_A18_seed	SUM-159_NLS_2N_O1_A18	0	127	114	5.0427135678392	0.0182059034174393	-4.00600937389832
2N	20.5_20.5_2_1_0.5_0.3_0.2_0.1_0_0_0_0_0_0_0_0_0_0_0_0	SUM-159_NLS_2N_O1_A18_seed	SUM-159_NLS_2N_O1_A18	0	127	115	5.08291457286432	0.0143165864744637	-4.24633652055369
2N	20.5_20.5_2_1_0.5_0.3_0.2_0.1_0_0_0_0_0_0_0_0_0_0_0_0	SUM-159_NLS_2N_O1_A18_seed	SUM-159_NLS_2N_O1_A18	0	127	116	5.12311557788945	0.010611665537602	-4.54580136057969
2N	20.5_20.5_2_1_0.5_0.3_0.2_0.1_0_0_0_0_0_0_0_0_0_0_0_0	SUM-159_NLS_2N_O1_A18_seed	SUM-159_NLS_2N_O1_A18	0	127	117	5.16331658291457	0.00735193705559748	-4.91279145550002
2N	20.5_20.5_2_1_0.5_0.3_0.2_0.1_0_0_0_0_0_0_0_0_0_0_0_0	SUM-159_NLS_2N_O1_A18_seed	SUM-159_NLS_2N_O1_A18	0	127	118	5.2035175879397	0.00541348840099601	-5.2188615878228
2N	20.5_20.5_2_1_0.5_0.3_0.2_0.1_0_0_0_0_0_0_0_0_0_0_0_0	SUM-159_NLS_2N_O1_A18_seed	SUM-159_NLS_2N_O1_A18	0	127	119	5.24371859296482	0.00384804901911102	-5.5601890074056
2N	20.5_20.5_2_1_0.5_0.3_0.2_0.1_0_0_0_0_0_0_0_0_0_0_0_0	SUM-159_NLS_2N_O1_A18_seed	SUM-159_NLS_2N_O1_A18	0	127	120	5.28391959798995	0.0030237599706721	-5.80125419859294
2N	20.5_20.5_2_1_0.5_0.3_0.2_0.1_0_0_0_0_0_0_0_0_0_0_0_0	SUM-159_NLS_2N_O1_A18_seed	SUM-159_NLS_2N_O1_A18	0	127	121	5.32412060301508	0.0023509218346987	-6.05294775765931
2N	20.5_20.5_2_1_0.5_0.3_0.2_0.1_0_0_0_0_0_0_0_0_0_0_0_0	SUM-159_NLS_2N_O1_A18_seed	SUM-159_NLS_2N_O1_A18	0	127	122	5.3643216080402	0.00189853088017665	-6.26667491285891
2N	20.5_20.5_2_1_0.5_0.3_0.2_0.1_0_0_0_0_0_0_0_0_0_0_0_0	SUM-159_NLS_2N_O1_A18_seed	SUM-159_NLS_2N_O1_A18	0	127	123	5.40452261306533	0.00148395896245946	-6.51304178794851
2N	20.5_20.5_2_1_0.5_0.3_0.2_0.1_0_0_0_0_0_0_0_0_0_0_0_0	SUM-159_NLS_2N_O1_A18_seed	SUM-159_NLS_2N_O1_A18	0	127	124	5.44472361809045	0.00105883657535053	-6.8505845440537
2N	20.5_20.5_2_1_0.5_0.3_0.2_0.1_0_0_0_0_0_0_0_0_0_0_0_0	SUM-159_NLS_2N_O1_A18_seed	SUM-159_NLS_2N_O1_A18	0	127	125	5.48492462311558	0.000801608187886495	-7.12889061325658
2N	20.5_20.5_2_1_0.5_0.3_0.2_0.1_0_0_0_0_0_0_0_0_0_0_0_0	SUM-159_NLS_2N_O1_A18_seed	SUM-159_NLS_2N_O1_A18	0	127	126	5.5251256281407	0.000543627746341308	-7.51724583515524
2N	20.5_20.5_2_1_0.5_0.3_0.2_0.1_0_0_0_0_0_0_0_0_0_0_0_0	SUM-159_NLS_2N_O1_A18_seed	SUM-159_NLS_2N_O1_A18	0	127	127	5.56532663316583	0.000374625651505276	-7.88958329324247
2N	20.5_20.5_2_1_0.5_0.3_0.2_0.1_0_0_0_0_0_0_0_0_0_0_0_0	SUM-159_NLS_2N_O1_A18_seed	SUM-159_NLS_2N_O1_A18	0	127	128	5.60552763819095	0.000381172561267923	-7.87225836865968
2N	20.5_20.5_2_1_0.5_0.3_0.2_0.1_0_0_0_0_0_0_0_0_0_0_0_0	SUM-159_NLS_2N_O1_A18_seed	SUM-159_NLS_2N_O1_A18	0	127	129	5.64572864321608	0.000473801125120474	-7.65472289156855
2N	20.5_20.5_2_1_0.5_0.3_0.2_0.1_0_0_0_0_0_0_0_0_0_0_0_0	SUM-159_NLS_2N_O1_A18_seed	SUM-159_NLS_2N_O1_A18	0	127	130	5.68592964824121	0.000158181156713735	-8.75176962025759
2N	20.5_20.5_2_1_0.5_0.3_0.2_0.1_0_0_0_0_0_0_0_0_0_0_0_0	SUM-159_NLS_2N_O1_A18_seed	SUM-159_NLS_2N_O1_A18	0	127	131	5.72613065326633	0.000103910938714228	-9.17197638422437
2N	20.5_20.5_2_1_0.5_0.3_0.2_0.1_0_0_0_0_0_0_0_0_0_0_0_0	SUM-159_NLS_2N_O1_A18_seed	SUM-159_NLS_2N_O1_A18	0	127	132	5.76633165829146	6.5470550909269e-05	-9.63391012086409
2N	20.5_20.5_2_1_0.5_0.3_0.2_0.1_0_0_0_0_0_0_0_0_0_0_0_0	SUM-159_NLS_2N_O1_A18_seed	SUM-159_NLS_2N_O1_A18	0	127	133	5.80653266331658	7.13598664905551e-05	-9.54777494062259
2N	20.5_20.5_2_1_0.5_0.3_0.2_0.1_0_0_0_0_0_0_0_0_0_0_0_0	SUM-159_NLS_2N_O1_A18_seed	SUM-159_NLS_2N_O1_A18	0	127	134	5.84673366834171	3.57034019113459e-05	-10.2402645820843
2N	20.5_20.5_2_1_0.5_0.3_0.2_0.1_0_0_0_0_0_0_0_0_0_0_0_0	SUM-159_NLS_2N_O1_A18_seed	SUM-159_NLS_2N_O1_A18	0	127	135	5.88693467336683	2.17933628689594e-06	-13.0364901830716
2N	20.5_20.5_2_1_0.5_0.3_0.2_0.1_0_0_0_0_0_0_0_0_0_0_0_0	SUM-159_NLS_2N_O1_A18_seed	SUM-159_NLS_2N_O1_A18	0	127	136	5.92713567839196	3.11647508447606e-05	-10.3762228824487
2N	20.5_20.5_2_1_0.5_0.3_0.2_0.1_0_0_0_0_0_0_0_0_0_0_0_0	SUM-159_NLS_2N_O1_A18_seed	SUM-159_NLS_2N_O1_A18	0	127	137	5.96733668341709	8.76625620057412e-06	-11.6446007297721
2N	20.5_20.5_2_1_0.5_0.3_0.2_0.1_0_0_0_0_0_0_0_0_0_0_0_0	SUM-159_NLS_2N_O1_A18_seed	SUM-159_NLS_2N_O1_A18	0	127	138	6.00753768844221	1.31546140820795e-08	-18.1464932591004
2N	20.5_20.5_2_1_0.5_0.3_0.2_0.1_0_0_0_0_0_0_0_0_0_0_0_0	SUM-159_NLS_2N_O1_A18_seed	SUM-159_NLS_2N_O1_A18	0	127	139	6.04773869346734	1.00009040071205e-12	-27.6309307193024
2N	20.5_20.5_2_1_0.5_0.3_0.2_0.1_0_0_0_0_0_0_0_0_0_0_0_0	SUM-159_NLS_2N_O1_A18_seed	SUM-159_NLS_2N_O1_A18	0	127	140	6.08793969849246	1.00009040071205e-12	-27.6309307193024
2N	20.5_20.5_2_1_0.5_0.3_0.2_0.1_0_0_0_0_0_0_0_0_0_0_0_0	SUM-159_NLS_2N_O1_A18_seed	SUM-159_NLS_2N_O1_A18	0	127	141	6.12814070351759	1.00009040071205e-12	-27.6309307193024
2N	20.5_20.5_2_1_0.5_0.3_0.2_0.1_0_0_0_0_0_0_0_0_0_0_0_0	SUM-159_NLS_2N_O1_A18_seed	SUM-159_NLS_2N_O1_A18	0	127	142	6.16834170854271	1.00009040071205e-12	-27.6309307193024
2N	20.5_20.5_2_1_0.5_0.3_0.2_0.1_0_0_0_0_0_0_0_0_0_0_0_0	SUM-159_NLS_2N_O1_A18_seed	SUM-159_NLS_2N_O1_A18	0	127	143	6.20854271356784	1.00009040071205e-12	-27.6309307193024
2N	20.5_20.5_2_1_0.5_0.3_0.2_0.1_0_0_0_0_0_0_0_0_0_0_0_0	SUM-159_NLS_2N_O1_A18_seed	SUM-159_NLS_2N_O1_A18	0	127	144	6.24874371859296	1.00009040071205e-12	-27.6309307193024
2N	20.5_20.5_2_1_0.5_0.3_0.2_0.1_0_0_0_0_0_0_0_0_0_0_0_0	SUM-159_NLS_2N_O1_A18_seed	SUM-159_NLS_2N_O1_A18	0	127	145	6.28894472361809	1.00009040071205e-12	-27.6309307193024
2N	20.5_20.5_2_1_0.5_0.3_0.2_0.1_0_0_0_0_0_0_0_0_0_0_0_0	SUM-159_NLS_2N_O1_A18_seed	SUM-159_NLS_2N_O1_A18	0	127	146	6.32914572864322	1.00009040071205e-12	-27.6309307193024
2N	20.5_20.5_2_1_0.5_0.3_0.2_0.1_0_0_0_0_0_0_0_0_0_0_0_0	SUM-159_NLS_2N_O1_A18_seed	SUM-159_NLS_2N_O1_A18	0	127	147	6.36934673366834	1.00009040071205e-12	-27.6309307193024
2N	20.5_20.5_2_1_0.5_0.3_0.2_0.1_0_0_0_0_0_0_0_0_0_0_0_0	SUM-159_NLS_2N_O1_A18_seed	SUM-159_NLS_2N_O1_A18	0	127	148	6.40954773869347	1.00009040071205e-12	-27.6309307193024
2N	20.5_20.5_2_1_0.5_0.3_0.2_0.1_0_0_0_0_0_0_0_0_0_0_0_0	SUM-159_NLS_2N_O1_A18_seed	SUM-159_NLS_2N_O1_A18	0	127	149	6.44974874371859	1.00009040071205e-12	-27.6309307193024
2N	20.5_20.5_2_1_0.5_0.3_0.2_0.1_0_0_0_0_0_0_0_0_0_0_0_0	SUM-159_NLS_2N_O1_A18_seed	SUM-159_NLS_2N_O1_A18	0	127	150	6.48994974874372	1.00009040071205e-12	-27.6309307193024
2N	20.5_20.5_2_1_0.5_0.3_0.2_0.1_0_0_0_0_0_0_0_0_0_0_0_0	SUM-159_NLS_2N_O1_A18_seed	SUM-159_NLS_2N_O1_A18	0	127	151	6.53015075376884	1.00009040071205e-12	-27.6309307193024
2N	20.5_20.5_2_1_0.5_0.3_0.2_0.1_0_0_0_0_0_0_0_0_0_0_0_0	SUM-159_NLS_2N_O1_A18_seed	SUM-159_NLS_2N_O1_A18	0	127	152	6.57035175879397	1.00009040071205e-12	-27.6309307193024
2N	20.5_20.5_2_1_0.5_0.3_0.2_0.1_0_0_0_0_0_0_0_0_0_0_0_0	SUM-159_NLS_2N_O1_A18_seed	SUM-159_NLS_2N_O1_A18	0	127	153	6.6105527638191	1.00009040071205e-12	-27.6309307193024
2N	20.5_20.5_2_1_0.5_0.3_0.2_0.1_0_0_0_0_0_0_0_0_0_0_0_0	SUM-159_NLS_2N_O1_A18_seed	SUM-159_NLS_2N_O1_A18	0	127	154	6.65075376884422	1.00009040071205e-12	-27.6309307193024
2N	20.5_20.5_2_1_0.5_0.3_0.2_0.1_0_0_0_0_0_0_0_0_0_0_0_0	SUM-159_NLS_2N_O1_A18_seed	SUM-159_NLS_2N_O1_A18	0	127	155	6.69095477386935	1.00009040071205e-12	-27.6309307193024
2N	20.5_20.5_2_1_0.5_0.3_0.2_0.1_0_0_0_0_0_0_0_0_0_0_0_0	SUM-159_NLS_2N_O1_A18_seed	SUM-159_NLS_2N_O1_A18	0	127	156	6.73115577889447	1.00009040071205e-12	-27.6309307193024
2N	20.5_20.5_2_1_0.5_0.3_0.2_0.1_0_0_0_0_0_0_0_0_0_0_0_0	SUM-159_NLS_2N_O1_A18_seed	SUM-159_NLS_2N_O1_A18	0	127	157	6.7713567839196	1.00009040071205e-12	-27.6309307193024
2N	20.5_20.5_2_1_0.5_0.3_0.2_0.1_0_0_0_0_0_0_0_0_0_0_0_0	SUM-159_NLS_2N_O1_A18_seed	SUM-159_NLS_2N_O1_A18	0	127	158	6.81155778894472	1.00009040071205e-12	-27.6309307193024
2N	20.5_20.5_2_1_0.5_0.3_0.2_0.1_0_0_0_0_0_0_0_0_0_0_0_0	SUM-159_NLS_2N_O1_A18_seed	SUM-159_NLS_2N_O1_A18	0	127	159	6.85175879396985	1.00009040071205e-12	-27.6309307193024
2N	20.5_20.5_2_1_0.5_0.3_0.2_0.1_0_0_0_0_0_0_0_0_0_0_0_0	SUM-159_NLS_2N_O1_A18_seed	SUM-159_NLS_2N_O1_A18	0	127	160	6.89195979899498	1.00009040071205e-12	-27.6309307193024
2N	20.5_20.5_2_1_0.5_0.3_0.2_0.1_0_0_0_0_0_0_0_0_0_0_0_0	SUM-159_NLS_2N_O1_A18_seed	SUM-159_NLS_2N_O1_A18	0	127	161	6.9321608040201	1.00009040071205e-12	-27.6309307193024
2N	20.5_20.5_2_1_0.5_0.3_0.2_0.1_0_0_0_0_0_0_0_0_0_0_0_0	SUM-159_NLS_2N_O1_A18_seed	SUM-159_NLS_2N_O1_A18	0	127	162	6.97236180904523	1.00009040071205e-12	-27.6309307193024
2N	20.5_20.5_2_1_0.5_0.3_0.2_0.1_0_0_0_0_0_0_0_0_0_0_0_0	SUM-159_NLS_2N_O1_A18_seed	SUM-159_NLS_2N_O1_A18	0	127	163	7.01256281407035	1.00009040071205e-12	-27.6309307193024
2N	20.5_20.5_2_1_0.5_0.3_0.2_0.1_0_0_0_0_0_0_0_0_0_0_0_0	SUM-159_NLS_2N_O1_A18_seed	SUM-159_NLS_2N_O1_A18	0	127	164	7.05276381909548	1.00009040071205e-12	-27.6309307193024
2N	20.5_20.5_2_1_0.5_0.3_0.2_0.1_0_0_0_0_0_0_0_0_0_0_0_0	SUM-159_NLS_2N_O1_A18_seed	SUM-159_NLS_2N_O1_A18	0	127	165	7.0929648241206	1.00009040071205e-12	-27.6309307193024
2N	20.5_20.5_2_1_0.5_0.3_0.2_0.1_0_0_0_0_0_0_0_0_0_0_0_0	SUM-159_NLS_2N_O1_A18_seed	SUM-159_NLS_2N_O1_A18	0	127	166	7.13316582914573	1.00009040071205e-12	-27.6309307193024
2N	20.5_20.5_2_1_0.5_0.3_0.2_0.1_0_0_0_0_0_0_0_0_0_0_0_0	SUM-159_NLS_2N_O1_A18_seed	SUM-159_NLS_2N_O1_A18	0	127	167	7.17336683417085	1.00009040071205e-12	-27.6309307193024
2N	20.5_20.5_2_1_0.5_0.3_0.2_0.1_0_0_0_0_0_0_0_0_0_0_0_0	SUM-159_NLS_2N_O1_A18_seed	SUM-159_NLS_2N_O1_A18	0	127	168	7.21356783919598	1.00009040071205e-12	-27.6309307193024
2N	20.5_20.5_2_1_0.5_0.3_0.2_0.1_0_0_0_0_0_0_0_0_0_0_0_0	SUM-159_NLS_2N_O1_A18_seed	SUM-159_NLS_2N_O1_A18	0	127	169	7.25376884422111	1.00009040071205e-12	-27.6309307193024
2N	20.5_20.5_2_1_0.5_0.3_0.2_0.1_0_0_0_0_0_0_0_0_0_0_0_0	SUM-159_NLS_2N_O1_A18_seed	SUM-159_NLS_2N_O1_A18	0	127	170	7.29396984924623	1.00009040071205e-12	-27.6309307193024
2N	20.5_20.5_2_1_0.5_0.3_0.2_0.1_0_0_0_0_0_0_0_0_0_0_0_0	SUM-159_NLS_2N_O1_A18_seed	SUM-159_NLS_2N_O1_A18	0	127	171	7.33417085427136	1.00009040071205e-12	-27.6309307193024
2N	20.5_20.5_2_1_0.5_0.3_0.2_0.1_0_0_0_0_0_0_0_0_0_0_0_0	SUM-159_NLS_2N_O1_A18_seed	SUM-159_NLS_2N_O1_A18	0	127	172	7.37437185929648	1.00009040071205e-12	-27.6309307193024
2N	20.5_20.5_2_1_0.5_0.3_0.2_0.1_0_0_0_0_0_0_0_0_0_0_0_0	SUM-159_NLS_2N_O1_A18_seed	SUM-159_NLS_2N_O1_A18	0	127	173	7.41457286432161	1.00009040071205e-12	-27.6309307193024
2N	20.5_20.5_2_1_0.5_0.3_0.2_0.1_0_0_0_0_0_0_0_0_0_0_0_0	SUM-159_NLS_2N_O1_A18_seed	SUM-159_NLS_2N_O1_A18	0	127	174	7.45477386934673	1.00009040071205e-12	-27.6309307193024
2N	20.5_20.5_2_1_0.5_0.3_0.2_0.1_0_0_0_0_0_0_0_0_0_0_0_0	SUM-159_NLS_2N_O1_A18_seed	SUM-159_NLS_2N_O1_A18	0	127	175	7.49497487437186	1.00009040071205e-12	-27.6309307193024
2N	20.5_20.5_2_1_0.5_0.3_0.2_0.1_0_0_0_0_0_0_0_0_0_0_0_0	SUM-159_NLS_2N_O1_A18_seed	SUM-159_NLS_2N_O1_A18	0	127	176	7.53517587939699	1.00009040071205e-12	-27.6309307193024
2N	20.5_20.5_2_1_0.5_0.3_0.2_0.1_0_0_0_0_0_0_0_0_0_0_0_0	SUM-159_NLS_2N_O1_A18_seed	SUM-159_NLS_2N_O1_A18	0	127	177	7.57537688442211	1.00009040071205e-12	-27.6309307193024
2N	20.5_20.5_2_1_0.5_0.3_0.2_0.1_0_0_0_0_0_0_0_0_0_0_0_0	SUM-159_NLS_2N_O1_A18_seed	SUM-159_NLS_2N_O1_A18	0	127	178	7.61557788944724	1.00009040071205e-12	-27.6309307193024
2N	20.5_20.5_2_1_0.5_0.3_0.2_0.1_0_0_0_0_0_0_0_0_0_0_0_0	SUM-159_NLS_2N_O1_A18_seed	SUM-159_NLS_2N_O1_A18	0	127	179	7.65577889447236	1.00009040071205e-12	-27.6309307193024
2N	20.5_20.5_2_1_0.5_0.3_0.2_0.1_0_0_0_0_0_0_0_0_0_0_0_0	SUM-159_NLS_2N_O1_A18_seed	SUM-159_NLS_2N_O1_A18	0	127	180	7.69597989949749	1.00009040071205e-12	-27.6309307193024
2N	20.5_20.5_2_1_0.5_0.3_0.2_0.1_0_0_0_0_0_0_0_0_0_0_0_0	SUM-159_NLS_2N_O1_A18_seed	SUM-159_NLS_2N_O1_A18	0	127	181	7.73618090452261	1.00009040071205e-12	-27.6309307193024
2N	20.5_20.5_2_1_0.5_0.3_0.2_0.1_0_0_0_0_0_0_0_0_0_0_0_0	SUM-159_NLS_2N_O1_A18_seed	SUM-159_NLS_2N_O1_A18	0	127	182	7.77638190954774	1.00009040071205e-12	-27.6309307193024
2N	20.5_20.5_2_1_0.5_0.3_0.2_0.1_0_0_0_0_0_0_0_0_0_0_0_0	SUM-159_NLS_2N_O1_A18_seed	SUM-159_NLS_2N_O1_A18	0	127	183	7.81658291457286	1.00009040071205e-12	-27.6309307193024
2N	20.5_20.5_2_1_0.5_0.3_0.2_0.1_0_0_0_0_0_0_0_0_0_0_0_0	SUM-159_NLS_2N_O1_A18_seed	SUM-159_NLS_2N_O1_A18	0	127	184	7.85678391959799	1.00009040071205e-12	-27.6309307193024
2N	20.5_20.5_2_1_0.5_0.3_0.2_0.1_0_0_0_0_0_0_0_0_0_0_0_0	SUM-159_NLS_2N_O1_A18_seed	SUM-159_NLS_2N_O1_A18	0	127	185	7.89698492462312	1.00009040071205e-12	-27.6309307193024
2N	20.5_20.5_2_1_0.5_0.3_0.2_0.1_0_0_0_0_0_0_0_0_0_0_0_0	SUM-159_NLS_2N_O1_A18_seed	SUM-159_NLS_2N_O1_A18	0	127	186	7.93718592964824	1.00009040071205e-12	-27.6309307193024
2N	20.5_20.5_2_1_0.5_0.3_0.2_0.1_0_0_0_0_0_0_0_0_0_0_0_0	SUM-159_NLS_2N_O1_A18_seed	SUM-159_NLS_2N_O1_A18	0	127	187	7.97738693467337	1.00009040071205e-12	-27.6309307193024
2N	20.5_20.5_2_1_0.5_0.3_0.2_0.1_0_0_0_0_0_0_0_0_0_0_0_0	SUM-159_NLS_2N_O1_A18_seed	SUM-159_NLS_2N_O1_A18	0	127	188	8.01758793969849	1.00009040071205e-12	-27.6309307193024
2N	20.5_20.5_2_1_0.5_0.3_0.2_0.1_0_0_0_0_0_0_0_0_0_0_0_0	SUM-159_NLS_2N_O1_A18_seed	SUM-159_NLS_2N_O1_A18	0	127	189	8.05778894472362	1.00009040071205e-12	-27.6309307193024
2N	20.5_20.5_2_1_0.5_0.3_0.2_0.1_0_0_0_0_0_0_0_0_0_0_0_0	SUM-159_NLS_2N_O1_A18_seed	SUM-159_NLS_2N_O1_A18	0	127	190	8.09798994974874	1.00009040071205e-12	-27.6309307193024
2N	20.5_20.5_2_1_0.5_0.3_0.2_0.1_0_0_0_0_0_0_0_0_0_0_0_0	SUM-159_NLS_2N_O1_A18_seed	SUM-159_NLS_2N_O1_A18	0	127	191	8.13819095477387	1.00009040071205e-12	-27.6309307193024
2N	20.5_20.5_2_1_0.5_0.3_0.2_0.1_0_0_0_0_0_0_0_0_0_0_0_0	SUM-159_NLS_2N_O1_A18_seed	SUM-159_NLS_2N_O1_A18	0	127	192	8.178391959799	1.00009040071205e-12	-27.6309307193024
2N	20.5_20.5_2_1_0.5_0.3_0.2_0.1_0_0_0_0_0_0_0_0_0_0_0_0	SUM-159_NLS_2N_O1_A18_seed	SUM-159_NLS_2N_O1_A18	0	127	193	8.21859296482412	1.00009040071205e-12	-27.6309307193024
2N	20.5_20.5_2_1_0.5_0.3_0.2_0.1_0_0_0_0_0_0_0_0_0_0_0_0	SUM-159_NLS_2N_O1_A18_seed	SUM-159_NLS_2N_O1_A18	0	127	194	8.25879396984925	1.00009040071205e-12	-27.6309307193024
2N	20.5_20.5_2_1_0.5_0.3_0.2_0.1_0_0_0_0_0_0_0_0_0_0_0_0	SUM-159_NLS_2N_O1_A18_seed	SUM-159_NLS_2N_O1_A18	0	127	195	8.29899497487437	1.00009040071205e-12	-27.6309307193024
2N	20.5_20.5_2_1_0.5_0.3_0.2_0.1_0_0_0_0_0_0_0_0_0_0_0_0	SUM-159_NLS_2N_O1_A18_seed	SUM-159_NLS_2N_O1_A18	0	127	196	8.3391959798995	1.00009040071205e-12	-27.6309307193024
2N	20.5_20.5_2_1_0.5_0.3_0.2_0.1_0_0_0_0_0_0_0_0_0_0_0_0	SUM-159_NLS_2N_O1_A18_seed	SUM-159_NLS_2N_O1_A18	0	127	197	8.37939698492462	1.00009040071205e-12	-27.6309307193024
2N	20.5_20.5_2_1_0.5_0.3_0.2_0.1_0_0_0_0_0_0_0_0_0_0_0_0	SUM-159_NLS_2N_O1_A18_seed	SUM-159_NLS_2N_O1_A18	0	127	198	8.41959798994975	1.00009040071205e-12	-27.6309307193024
2N	20.5_20.5_2_1_0.5_0.3_0.2_0.1_0_0_0_0_0_0_0_0_0_0_0_0	SUM-159_NLS_2N_O1_A18_seed	SUM-159_NLS_2N_O1_A18	0	127	199	8.45979899497488	1.00009040071205e-12	-27.6309307193024
2N	20.5_20.5_2_1_0.5_0.3_0.2_0.1_0_0_0_0_0_0_0_0_0_0_0_0	SUM-159_NLS_2N_O1_A18_seed	SUM-159_NLS_2N_O1_A18	0	127	200	8.5	1.00009040071205e-12	-27.6309307193024
2N	20.5_20.5_2_1_0.5_0.3_0.2_0.1_0_0_0_0_0_0_0_0_0_0_0_0	SUM-159_NLS_2N_O2_A18_seed	SUM-159_NLS_2N_O2_A18	0	127	1	0.5	1.00000136569728e-12	-27.6310197502322
2N	20.5_20.5_2_1_0.5_0.3_0.2_0.1_0_0_0_0_0_0_0_0_0_0_0_0	SUM-159_NLS_2N_O2_A18_seed	SUM-159_NLS_2N_O2_A18	0	127	2	0.540201005025126	1.00000136569728e-12	-27.6310197502322
2N	20.5_20.5_2_1_0.5_0.3_0.2_0.1_0_0_0_0_0_0_0_0_0_0_0_0	SUM-159_NLS_2N_O2_A18_seed	SUM-159_NLS_2N_O2_A18	0	127	3	0.580402010050251	1.00000136569728e-12	-27.6310197502322
2N	20.5_20.5_2_1_0.5_0.3_0.2_0.1_0_0_0_0_0_0_0_0_0_0_0_0	SUM-159_NLS_2N_O2_A18_seed	SUM-159_NLS_2N_O2_A18	0	127	4	0.620603015075377	1.00000136569728e-12	-27.6310197502322
2N	20.5_20.5_2_1_0.5_0.3_0.2_0.1_0_0_0_0_0_0_0_0_0_0_0_0	SUM-159_NLS_2N_O2_A18_seed	SUM-159_NLS_2N_O2_A18	0	127	5	0.660804020100503	1.00000136569728e-12	-27.6310197502322
2N	20.5_20.5_2_1_0.5_0.3_0.2_0.1_0_0_0_0_0_0_0_0_0_0_0_0	SUM-159_NLS_2N_O2_A18_seed	SUM-159_NLS_2N_O2_A18	0	127	6	0.701005025125628	1.00000136569728e-12	-27.6310197502322
2N	20.5_20.5_2_1_0.5_0.3_0.2_0.1_0_0_0_0_0_0_0_0_0_0_0_0	SUM-159_NLS_2N_O2_A18_seed	SUM-159_NLS_2N_O2_A18	0	127	7	0.741206030150754	1.00000136569728e-12	-27.6310197502322
2N	20.5_20.5_2_1_0.5_0.3_0.2_0.1_0_0_0_0_0_0_0_0_0_0_0_0	SUM-159_NLS_2N_O2_A18_seed	SUM-159_NLS_2N_O2_A18	0	127	8	0.781407035175879	1.00000136569728e-12	-27.6310197502322
2N	20.5_20.5_2_1_0.5_0.3_0.2_0.1_0_0_0_0_0_0_0_0_0_0_0_0	SUM-159_NLS_2N_O2_A18_seed	SUM-159_NLS_2N_O2_A18	0	127	9	0.821608040201005	4.20725708884947e-12	-26.1942102034061
2N	20.5_20.5_2_1_0.5_0.3_0.2_0.1_0_0_0_0_0_0_0_0_0_0_0_0	SUM-159_NLS_2N_O2_A18_seed	SUM-159_NLS_2N_O2_A18	0	127	10	0.861809045226131	8.05372979281375e-11	-23.2423007105076
2N	20.5_20.5_2_1_0.5_0.3_0.2_0.1_0_0_0_0_0_0_0_0_0_0_0_0	SUM-159_NLS_2N_O2_A18_seed	SUM-159_NLS_2N_O2_A18	0	127	11	0.902010050251256	1.45850743227849e-09	-20.3458522307966
2N	20.5_20.5_2_1_0.5_0.3_0.2_0.1_0_0_0_0_0_0_0_0_0_0_0_0	SUM-159_NLS_2N_O2_A18_seed	SUM-159_NLS_2N_O2_A18	0	127	12	0.942211055276382	1.59591930723274e-08	-17.9532308055809
2N	20.5_20.5_2_1_0.5_0.3_0.2_0.1_0_0_0_0_0_0_0_0_0_0_0_0	SUM-159_NLS_2N_O2_A18_seed	SUM-159_NLS_2N_O2_A18	0	127	13	0.982412060301508	1.31742443154124e-07	-15.8424170086339
2N	20.5_20.5_2_1_0.5_0.3_0.2_0.1_0_0_0_0_0_0_0_0_0_0_0_0	SUM-159_NLS_2N_O2_A18_seed	SUM-159_NLS_2N_O2_A18	0	127	14	1.02261306532663	8.14394587743903e-07	-14.0208208368698
2N	20.5_20.5_2_1_0.5_0.3_0.2_0.1_0_0_0_0_0_0_0_0_0_0_0_0	SUM-159_NLS_2N_O2_A18_seed	SUM-159_NLS_2N_O2_A18	0	127	15	1.06281407035176	3.54647500236428e-06	-12.5495564048659
2N	20.5_20.5_2_1_0.5_0.3_0.2_0.1_0_0_0_0_0_0_0_0_0_0_0_0	SUM-159_NLS_2N_O2_A18_seed	SUM-159_NLS_2N_O2_A18	0	127	16	1.10301507537688	1.25120696943065e-05	-11.2888168039797
2N	20.5_20.5_2_1_0.5_0.3_0.2_0.1_0_0_0_0_0_0_0_0_0_0_0_0	SUM-159_NLS_2N_O2_A18_seed	SUM-159_NLS_2N_O2_A18	0	127	17	1.14321608040201	3.42051921847875e-05	-10.2831331071503
2N	20.5_20.5_2_1_0.5_0.3_0.2_0.1_0_0_0_0_0_0_0_0_0_0_0_0	SUM-159_NLS_2N_O2_A18_seed	SUM-159_NLS_2N_O2_A18	0	127	18	1.18341708542714	7.99626119656634e-05	-9.43395138296185
2N	20.5_20.5_2_1_0.5_0.3_0.2_0.1_0_0_0_0_0_0_0_0_0_0_0_0	SUM-159_NLS_2N_O2_A18_seed	SUM-159_NLS_2N_O2_A18	0	127	19	1.22361809045226	0.000170768425187283	-8.67520215794238
2N	20.5_20.5_2_1_0.5_0.3_0.2_0.1_0_0_0_0_0_0_0_0_0_0_0_0	SUM-159_NLS_2N_O2_A18_seed	SUM-159_NLS_2N_O2_A18	0	127	20	1.26381909547739	0.000342341518471173	-7.97970172714203
2N	20.5_20.5_2_1_0.5_0.3_0.2_0.1_0_0_0_0_0_0_0_0_0_0_0_0	SUM-159_NLS_2N_O2_A18_seed	SUM-159_NLS_2N_O2_A18	0	127	21	1.30402010050251	0.00067325413538512	-7.30338768387016
2N	20.5_20.5_2_1_0.5_0.3_0.2_0.1_0_0_0_0_0_0_0_0_0_0_0_0	SUM-159_NLS_2N_O2_A18_seed	SUM-159_NLS_2N_O2_A18	0	127	22	1.34422110552764	0.00126436558756718	-6.67318479440636
2N	20.5_20.5_2_1_0.5_0.3_0.2_0.1_0_0_0_0_0_0_0_0_0_0_0_0	SUM-159_NLS_2N_O2_A18_seed	SUM-159_NLS_2N_O2_A18	0	127	23	1.38442211055276	0.00229326004774507	-6.07778087214071
2N	20.5_20.5_2_1_0.5_0.3_0.2_0.1_0_0_0_0_0_0_0_0_0_0_0_0	SUM-159_NLS_2N_O2_A18_seed	SUM-159_NLS_2N_O2_A18	0	127	24	1.42462311557789	0.00401720180508837	-5.51716968710526
2N	20.5_20.5_2_1_0.5_0.3_0.2_0.1_0_0_0_0_0_0_0_0_0_0_0_0	SUM-159_NLS_2N_O2_A18_seed	SUM-159_NLS_2N_O2_A18	0	127	25	1.46482412060302	0.00678388456257008	-4.9932053967679
2N	20.5_20.5_2_1_0.5_0.3_0.2_0.1_0_0_0_0_0_0_0_0_0_0_0_0	SUM-159_NLS_2N_O2_A18_seed	SUM-159_NLS_2N_O2_A18	0	127	26	1.50502512562814	0.0113022476952564	-4.48275366195939
2N	20.5_20.5_2_1_0.5_0.3_0.2_0.1_0_0_0_0_0_0_0_0_0_0_0_0	SUM-159_NLS_2N_O2_A18_seed	SUM-159_NLS_2N_O2_A18	0	127	27	1.54522613065327	0.018235501448904	-4.00438495584519
2N	20.5_20.5_2_1_0.5_0.3_0.2_0.1_0_0_0_0_0_0_0_0_0_0_0_0	SUM-159_NLS_2N_O2_A18_seed	SUM-159_NLS_2N_O2_A18	0	127	28	1.58542713567839	0.0285509028648127	-3.55606671939371
2N	20.5_20.5_2_1_0.5_0.3_0.2_0.1_0_0_0_0_0_0_0_0_0_0_0_0	SUM-159_NLS_2N_O2_A18_seed	SUM-159_NLS_2N_O2_A18	0	127	29	1.62562814070352	0.043178473792252	-3.14241319976673
2N	20.5_20.5_2_1_0.5_0.3_0.2_0.1_0_0_0_0_0_0_0_0_0_0_0_0	SUM-159_NLS_2N_O2_A18_seed	SUM-159_NLS_2N_O2_A18	0	127	30	1.66582914572864	0.0630559671001389	-2.76373258028586
2N	20.5_20.5_2_1_0.5_0.3_0.2_0.1_0_0_0_0_0_0_0_0_0_0_0_0	SUM-159_NLS_2N_O2_A18_seed	SUM-159_NLS_2N_O2_A18	0	127	31	1.70603015075377	0.0898621824900822	-2.40947808796444
2N	20.5_20.5_2_1_0.5_0.3_0.2_0.1_0_0_0_0_0_0_0_0_0_0_0_0	SUM-159_NLS_2N_O2_A18_seed	SUM-159_NLS_2N_O2_A18	0	127	32	1.74623115577889	0.124130512546342	-2.08642174635347
2N	20.5_20.5_2_1_0.5_0.3_0.2_0.1_0_0_0_0_0_0_0_0_0_0_0_0	SUM-159_NLS_2N_O2_A18_seed	SUM-159_NLS_2N_O2_A18	0	127	33	1.78643216080402	0.166299716894496	-1.79396359516296
2N	20.5_20.5_2_1_0.5_0.3_0.2_0.1_0_0_0_0_0_0_0_0_0_0_0_0	SUM-159_NLS_2N_O2_A18_seed	SUM-159_NLS_2N_O2_A18	0	127	34	1.82663316582915	0.215512437802603	-1.53473665508248
2N	20.5_20.5_2_1_0.5_0.3_0.2_0.1_0_0_0_0_0_0_0_0_0_0_0_0	SUM-159_NLS_2N_O2_A18_seed	SUM-159_NLS_2N_O2_A18	0	127	35	1.86683417085427	0.270260872179365	-1.30836759319112
2N	20.5_20.5_2_1_0.5_0.3_0.2_0.1_0_0_0_0_0_0_0_0_0_0_0_0	SUM-159_NLS_2N_O2_A18_seed	SUM-159_NLS_2N_O2_A18	0	127	36	1.9070351758794	0.328806455323221	-1.11228598301467
2N	20.5_20.5_2_1_0.5_0.3_0.2_0.1_0_0_0_0_0_0_0_0_0_0_0_0	SUM-159_NLS_2N_O2_A18_seed	SUM-159_NLS_2N_O2_A18	0	127	37	1.94723618090452	0.388300093131219	-0.945976802401075
2N	20.5_20.5_2_1_0.5_0.3_0.2_0.1_0_0_0_0_0_0_0_0_0_0_0_0	SUM-159_NLS_2N_O2_A18_seed	SUM-159_NLS_2N_O2_A18	0	127	38	1.98743718592965	0.445357891760164	-0.808877068906117
2N	20.5_20.5_2_1_0.5_0.3_0.2_0.1_0_0_0_0_0_0_0_0_0_0_0_0	SUM-159_NLS_2N_O2_A18_seed	SUM-159_NLS_2N_O2_A18	0	127	39	2.02763819095477	0.49616855309218	-0.700839585201953
2N	20.5_20.5_2_1_0.5_0.3_0.2_0.1_0_0_0_0_0_0_0_0_0_0_0_0	SUM-159_NLS_2N_O2_A18_seed	SUM-159_NLS_2N_O2_A18	0	127	40	2.0678391959799	0.537199742836827	-0.621385293043469
2N	20.5_20.5_2_1_0.5_0.3_0.2_0.1_0_0_0_0_0_0_0_0_0_0_0_0	SUM-159_NLS_2N_O2_A18_seed	SUM-159_NLS_2N_O2_A18	0	127	41	2.10804020100502	0.564671553492726	-0.571511038120219
2N	20.5_20.5_2_1_0.5_0.3_0.2_0.1_0_0_0_0_0_0_0_0_0_0_0_0	SUM-159_NLS_2N_O2_A18_seed	SUM-159_NLS_2N_O2_A18	0	127	42	2.14824120603015	0.576860063685186	-0.550155565830209
2N	20.5_20.5_2_1_0.5_0.3_0.2_0.1_0_0_0_0_0_0_0_0_0_0_0_0	SUM-159_NLS_2N_O2_A18_seed	SUM-159_NLS_2N_O2_A18	0	127	43	2.18844221105528	0.571382196213983	-0.55969694785433
2N	20.5_20.5_2_1_0.5_0.3_0.2_0.1_0_0_0_0_0_0_0_0_0_0_0_0	SUM-159_NLS_2N_O2_A18_seed	SUM-159_NLS_2N_O2_A18	0	127	44	2.2286432160804	0.548991587434752	-0.599672161023978
2N	20.5_20.5_2_1_0.5_0.3_0.2_0.1_0_0_0_0_0_0_0_0_0_0_0_0	SUM-159_NLS_2N_O2_A18_seed	SUM-159_NLS_2N_O2_A18	0	127	45	2.26884422110553	0.512514525644163	-0.668426225650904
2N	20.5_20.5_2_1_0.5_0.3_0.2_0.1_0_0_0_0_0_0_0_0_0_0_0_0	SUM-159_NLS_2N_O2_A18_seed	SUM-159_NLS_2N_O2_A18	0	127	46	2.30904522613065	0.465670088487738	-0.764277860200372
2N	20.5_20.5_2_1_0.5_0.3_0.2_0.1_0_0_0_0_0_0_0_0_0_0_0_0	SUM-159_NLS_2N_O2_A18_seed	SUM-159_NLS_2N_O2_A18	0	127	47	2.34924623115578	0.413066209193879	-0.884147386051722
2N	20.5_20.5_2_1_0.5_0.3_0.2_0.1_0_0_0_0_0_0_0_0_0_0_0_0	SUM-159_NLS_2N_O2_A18_seed	SUM-159_NLS_2N_O2_A18	0	127	48	2.3894472361809	0.357798832757654	-1.02778437018882
2N	20.5_20.5_2_1_0.5_0.3_0.2_0.1_0_0_0_0_0_0_0_0_0_0_0_0	SUM-159_NLS_2N_O2_A18_seed	SUM-159_NLS_2N_O2_A18	0	127	49	2.42964824120603	0.302530403367866	-1.19557349956052
2N	20.5_20.5_2_1_0.5_0.3_0.2_0.1_0_0_0_0_0_0_0_0_0_0_0_0	SUM-159_NLS_2N_O2_A18_seed	SUM-159_NLS_2N_O2_A18	0	127	50	2.46984924623116	0.249392435498734	-1.38872757699517
2N	20.5_20.5_2_1_0.5_0.3_0.2_0.1_0_0_0_0_0_0_0_0_0_0_0_0	SUM-159_NLS_2N_O2_A18_seed	SUM-159_NLS_2N_O2_A18	0	127	51	2.51005025125628	0.200419018752981	-1.60734501031753
2N	20.5_20.5_2_1_0.5_0.3_0.2_0.1_0_0_0_0_0_0_0_0_0_0_0_0	SUM-159_NLS_2N_O2_A18_seed	SUM-159_NLS_2N_O2_A18	0	127	52	2.55025125628141	0.156833896578109	-1.85256801727244
2N	20.5_20.5_2_1_0.5_0.3_0.2_0.1_0_0_0_0_0_0_0_0_0_0_0_0	SUM-159_NLS_2N_O2_A18_seed	SUM-159_NLS_2N_O2_A18	0	127	53	2.59045226130653	0.119850342293828	-2.12151146208723
2N	20.5_20.5_2_1_0.5_0.3_0.2_0.1_0_0_0_0_0_0_0_0_0_0_0_0	SUM-159_NLS_2N_O2_A18_seed	SUM-159_NLS_2N_O2_A18	0	127	54	2.63065326633166	0.0894812077531823	-2.41372664498614
2N	20.5_20.5_2_1_0.5_0.3_0.2_0.1_0_0_0_0_0_0_0_0_0_0_0_0	SUM-159_NLS_2N_O2_A18_seed	SUM-159_NLS_2N_O2_A18	0	127	55	2.67085427135678	0.0653836241724338	-2.72748344678994
2N	20.5_20.5_2_1_0.5_0.3_0.2_0.1_0_0_0_0_0_0_0_0_0_0_0_0	SUM-159_NLS_2N_O2_A18_seed	SUM-159_NLS_2N_O2_A18	0	127	56	2.71105527638191	0.0468543872578809	-3.06071062990343
2N	20.5_20.5_2_1_0.5_0.3_0.2_0.1_0_0_0_0_0_0_0_0_0_0_0_0	SUM-159_NLS_2N_O2_A18_seed	SUM-159_NLS_2N_O2_A18	0	127	57	2.75125628140704	0.0326746748157779	-3.42115497160162
2N	20.5_20.5_2_1_0.5_0.3_0.2_0.1_0_0_0_0_0_0_0_0_0_0_0_0	SUM-159_NLS_2N_O2_A18_seed	SUM-159_NLS_2N_O2_A18	0	127	58	2.79145728643216	0.0222698780567071	-3.80452027340333
2N	20.5_20.5_2_1_0.5_0.3_0.2_0.1_0_0_0_0_0_0_0_0_0_0_0_0	SUM-159_NLS_2N_O2_A18_seed	SUM-159_NLS_2N_O2_A18	0	127	59	2.83165829145729	0.014823079488142	-4.21156988797798
2N	20.5_20.5_2_1_0.5_0.3_0.2_0.1_0_0_0_0_0_0_0_0_0_0_0_0	SUM-159_NLS_2N_O2_A18_seed	SUM-159_NLS_2N_O2_A18	0	127	60	2.87185929648241	0.00971181353373807	-4.63441224442323
2N	20.5_20.5_2_1_0.5_0.3_0.2_0.1_0_0_0_0_0_0_0_0_0_0_0_0	SUM-159_NLS_2N_O2_A18_seed	SUM-159_NLS_2N_O2_A18	0	127	61	2.91206030150754	0.00630058479268732	-5.06711282565647
2N	20.5_20.5_2_1_0.5_0.3_0.2_0.1_0_0_0_0_0_0_0_0_0_0_0_0	SUM-159_NLS_2N_O2_A18_seed	SUM-159_NLS_2N_O2_A18	0	127	62	2.95226130653266	0.00399768255139488	-5.52204044790863
2N	20.5_20.5_2_1_0.5_0.3_0.2_0.1_0_0_0_0_0_0_0_0_0_0_0_0	SUM-159_NLS_2N_O2_A18_seed	SUM-159_NLS_2N_O2_A18	0	127	63	2.99246231155779	0.00251680498570067	-5.98476504469406
2N	20.5_20.5_2_1_0.5_0.3_0.2_0.1_0_0_0_0_0_0_0_0_0_0_0_0	SUM-159_NLS_2N_O2_A18_seed	SUM-159_NLS_2N_O2_A18	0	127	64	3.03266331658291	0.00158656125660451	-6.44618633652694
2N	20.5_20.5_2_1_0.5_0.3_0.2_0.1_0_0_0_0_0_0_0_0_0_0_0_0	SUM-159_NLS_2N_O2_A18_seed	SUM-159_NLS_2N_O2_A18	0	127	65	3.07286432160804	0.00104058644466991	-6.86797083564889
2N	20.5_20.5_2_1_0.5_0.3_0.2_0.1_0_0_0_0_0_0_0_0_0_0_0_0	SUM-159_NLS_2N_O2_A18_seed	SUM-159_NLS_2N_O2_A18	0	127	66	3.11306532663317	0.000756909106039979	-7.18626738301736
2N	20.5_20.5_2_1_0.5_0.3_0.2_0.1_0_0_0_0_0_0_0_0_0_0_0_0	SUM-159_NLS_2N_O2_A18_seed	SUM-159_NLS_2N_O2_A18	0	127	67	3.15326633165829	0.000662185073642479	-7.31996547366319
2N	20.5_20.5_2_1_0.5_0.3_0.2_0.1_0_0_0_0_0_0_0_0_0_0_0_0	SUM-159_NLS_2N_O2_A18_seed	SUM-159_NLS_2N_O2_A18	0	127	68	3.19346733668342	0.000760830389061069	-7.18110010397
2N	20.5_20.5_2_1_0.5_0.3_0.2_0.1_0_0_0_0_0_0_0_0_0_0_0_0	SUM-159_NLS_2N_O2_A18_seed	SUM-159_NLS_2N_O2_A18	0	127	69	3.23366834170854	0.00108377043719082	-6.82730917220113
2N	20.5_20.5_2_1_0.5_0.3_0.2_0.1_0_0_0_0_0_0_0_0_0_0_0_0	SUM-159_NLS_2N_O2_A18_seed	SUM-159_NLS_2N_O2_A18	0	127	70	3.27386934673367	0.0017222231323301	-6.36413930394356
2N	20.5_20.5_2_1_0.5_0.3_0.2_0.1_0_0_0_0_0_0_0_0_0_0_0_0	SUM-159_NLS_2N_O2_A18_seed	SUM-159_NLS_2N_O2_A18	0	127	71	3.31407035175879	0.00280055163659108	-5.87793886813726
2N	20.5_20.5_2_1_0.5_0.3_0.2_0.1_0_0_0_0_0_0_0_0_0_0_0_0	SUM-159_NLS_2N_O2_A18_seed	SUM-159_NLS_2N_O2_A18	0	127	72	3.35427135678392	0.00445452562450297	-5.41383470532198
2N	20.5_20.5_2_1_0.5_0.3_0.2_0.1_0_0_0_0_0_0_0_0_0_0_0_0	SUM-159_NLS_2N_O2_A18_seed	SUM-159_NLS_2N_O2_A18	0	127	73	3.39447236180905	0.00695951545527256	-4.96764542555461
2N	20.5_20.5_2_1_0.5_0.3_0.2_0.1_0_0_0_0_0_0_0_0_0_0_0_0	SUM-159_NLS_2N_O2_A18_seed	SUM-159_NLS_2N_O2_A18	0	127	74	3.43467336683417	0.0105621263973947	-4.55048065758526
2N	20.5_20.5_2_1_0.5_0.3_0.2_0.1_0_0_0_0_0_0_0_0_0_0_0_0	SUM-159_NLS_2N_O2_A18_seed	SUM-159_NLS_2N_O2_A18	0	127	75	3.4748743718593	0.015686056582768	-4.15498307698358
2N	20.5_20.5_2_1_0.5_0.3_0.2_0.1_0_0_0_0_0_0_0_0_0_0_0_0	SUM-159_NLS_2N_O2_A18_seed	SUM-159_NLS_2N_O2_A18	0	127	76	3.51507537688442	0.0228336671232991	-3.77951920395027
2N	20.5_20.5_2_1_0.5_0.3_0.2_0.1_0_0_0_0_0_0_0_0_0_0_0_0	SUM-159_NLS_2N_O2_A18_seed	SUM-159_NLS_2N_O2_A18	0	127	77	3.55527638190955	0.0325385366604275	-3.42533014868716
2N	20.5_20.5_2_1_0.5_0.3_0.2_0.1_0_0_0_0_0_0_0_0_0_0_0_0	SUM-159_NLS_2N_O2_A18_seed	SUM-159_NLS_2N_O2_A18	0	127	78	3.59547738693467	0.0457450301633279	-3.08467212347108
2N	20.5_20.5_2_1_0.5_0.3_0.2_0.1_0_0_0_0_0_0_0_0_0_0_0_0	SUM-159_NLS_2N_O2_A18_seed	SUM-159_NLS_2N_O2_A18	0	127	79	3.6356783919598	0.0629971708821341	-2.76466546023173
2N	20.5_20.5_2_1_0.5_0.3_0.2_0.1_0_0_0_0_0_0_0_0_0_0_0_0	SUM-159_NLS_2N_O2_A18_seed	SUM-159_NLS_2N_O2_A18	0	127	80	3.67587939698492	0.0854043840705739	-2.46035784378424
2N	20.5_20.5_2_1_0.5_0.3_0.2_0.1_0_0_0_0_0_0_0_0_0_0_0_0	SUM-159_NLS_2N_O2_A18_seed	SUM-159_NLS_2N_O2_A18	0	127	81	3.71608040201005	0.114118551286124	-2.17051744737108
2N	20.5_20.5_2_1_0.5_0.3_0.2_0.1_0_0_0_0_0_0_0_0_0_0_0_0	SUM-159_NLS_2N_O2_A18_seed	SUM-159_NLS_2N_O2_A18	0	127	82	3.75628140703518	0.150003670241009	-1.89709551691183
2N	20.5_20.5_2_1_0.5_0.3_0.2_0.1_0_0_0_0_0_0_0_0_0_0_0_0	SUM-159_NLS_2N_O2_A18_seed	SUM-159_NLS_2N_O2_A18	0	127	83	3.7964824120603	0.193983742654554	-1.63998092418001
2N	20.5_20.5_2_1_0.5_0.3_0.2_0.1_0_0_0_0_0_0_0_0_0_0_0_0	SUM-159_NLS_2N_O2_A18_seed	SUM-159_NLS_2N_O2_A18	0	127	84	3.83668341708543	0.245147292957161	-1.40589605333966
2N	20.5_20.5_2_1_0.5_0.3_0.2_0.1_0_0_0_0_0_0_0_0_0_0_0_0	SUM-159_NLS_2N_O2_A18_seed	SUM-159_NLS_2N_O2_A18	0	127	85	3.87688442211055	0.302216664675486	-1.1966110861388
2N	20.5_20.5_2_1_0.5_0.3_0.2_0.1_0_0_0_0_0_0_0_0_0_0_0_0	SUM-159_NLS_2N_O2_A18_seed	SUM-159_NLS_2N_O2_A18	0	127	86	3.91708542713568	0.36181789631517	-1.01661424258101
2N	20.5_20.5_2_1_0.5_0.3_0.2_0.1_0_0_0_0_0_0_0_0_0_0_0_0	SUM-159_NLS_2N_O2_A18_seed	SUM-159_NLS_2N_O2_A18	0	127	87	3.9572864321608	0.41956078045214	-0.868546875722336
2N	20.5_20.5_2_1_0.5_0.3_0.2_0.1_0_0_0_0_0_0_0_0_0_0_0_0	SUM-159_NLS_2N_O2_A18_seed	SUM-159_NLS_2N_O2_A18	0	127	88	3.99748743718593	0.472603385381493	-0.749498750942474
2N	20.5_20.5_2_1_0.5_0.3_0.2_0.1_0_0_0_0_0_0_0_0_0_0_0_0	SUM-159_NLS_2N_O2_A18_seed	SUM-159_NLS_2N_O2_A18	0	127	89	4.03768844221106	0.522725523544318	-0.648698764257755
2N	20.5_20.5_2_1_0.5_0.3_0.2_0.1_0_0_0_0_0_0_0_0_0_0_0_0	SUM-159_NLS_2N_O2_A18_seed	SUM-159_NLS_2N_O2_A18	0	127	90	4.07788944723618	0.572881006237722	-0.557077251830377
2N	20.5_20.5_2_1_0.5_0.3_0.2_0.1_0_0_0_0_0_0_0_0_0_0_0_0	SUM-159_NLS_2N_O2_A18_seed	SUM-159_NLS_2N_O2_A18	0	127	91	4.11809045226131	0.623075477614343	-0.473087615664049
2N	20.5_20.5_2_1_0.5_0.3_0.2_0.1_0_0_0_0_0_0_0_0_0_0_0_0	SUM-159_NLS_2N_O2_A18_seed	SUM-159_NLS_2N_O2_A18	0	127	92	4.15829145728643	0.670167713016009	-0.400227279987091
2N	20.5_20.5_2_1_0.5_0.3_0.2_0.1_0_0_0_0_0_0_0_0_0_0_0_0	SUM-159_NLS_2N_O2_A18_seed	SUM-159_NLS_2N_O2_A18	0	127	93	4.19849246231156	0.710567756635325	-0.341690971269424
2N	20.5_20.5_2_1_0.5_0.3_0.2_0.1_0_0_0_0_0_0_0_0_0_0_0_0	SUM-159_NLS_2N_O2_A18_seed	SUM-159_NLS_2N_O2_A18	0	127	94	4.23869346733668	0.743101994966605	-0.296921969168025
2N	20.5_20.5_2_1_0.5_0.3_0.2_0.1_0_0_0_0_0_0_0_0_0_0_0_0	SUM-159_NLS_2N_O2_A18_seed	SUM-159_NLS_2N_O2_A18	0	127	95	4.27889447236181	0.766918326020946	-0.265374968264019
2N	20.5_20.5_2_1_0.5_0.3_0.2_0.1_0_0_0_0_0_0_0_0_0_0_0_0	SUM-159_NLS_2N_O2_A18_seed	SUM-159_NLS_2N_O2_A18	0	127	96	4.31909547738693	0.781277858996773	-0.246824419051442
2N	20.5_20.5_2_1_0.5_0.3_0.2_0.1_0_0_0_0_0_0_0_0_0_0_0_0	SUM-159_NLS_2N_O2_A18_seed	SUM-159_NLS_2N_O2_A18	0	127	97	4.35929648241206	0.784245911488163	-0.243032645201109
2N	20.5_20.5_2_1_0.5_0.3_0.2_0.1_0_0_0_0_0_0_0_0_0_0_0_0	SUM-159_NLS_2N_O2_A18_seed	SUM-159_NLS_2N_O2_A18	0	127	98	4.39949748743719	0.773640530072311	-0.256647944705214
2N	20.5_20.5_2_1_0.5_0.3_0.2_0.1_0_0_0_0_0_0_0_0_0_0_0_0	SUM-159_NLS_2N_O2_A18_seed	SUM-159_NLS_2N_O2_A18	0	127	99	4.43969849246231	0.750612898273694	-0.286865208477761
2N	20.5_20.5_2_1_0.5_0.3_0.2_0.1_0_0_0_0_0_0_0_0_0_0_0_0	SUM-159_NLS_2N_O2_A18_seed	SUM-159_NLS_2N_O2_A18	0	127	100	4.47989949748744	0.717007663717583	-0.332668749851657
2N	20.5_20.5_2_1_0.5_0.3_0.2_0.1_0_0_0_0_0_0_0_0_0_0_0_0	SUM-159_NLS_2N_O2_A18_seed	SUM-159_NLS_2N_O2_A18	0	127	101	4.52010050251256	0.675883648624604	-0.3917343351723
2N	20.5_20.5_2_1_0.5_0.3_0.2_0.1_0_0_0_0_0_0_0_0_0_0_0_0	SUM-159_NLS_2N_O2_A18_seed	SUM-159_NLS_2N_O2_A18	0	127	102	4.56030150753769	0.62888324838914	-0.463809654153884
2N	20.5_20.5_2_1_0.5_0.3_0.2_0.1_0_0_0_0_0_0_0_0_0_0_0_0	SUM-159_NLS_2N_O2_A18_seed	SUM-159_NLS_2N_O2_A18	0	127	103	4.60050251256281	0.576789927238229	-0.550277156343096
2N	20.5_20.5_2_1_0.5_0.3_0.2_0.1_0_0_0_0_0_0_0_0_0_0_0_0	SUM-159_NLS_2N_O2_A18_seed	SUM-159_NLS_2N_O2_A18	0	127	104	4.64070351758794	0.52131228912542	-0.651406013487436
2N	20.5_20.5_2_1_0.5_0.3_0.2_0.1_0_0_0_0_0_0_0_0_0_0_0_0	SUM-159_NLS_2N_O2_A18_seed	SUM-159_NLS_2N_O2_A18	0	127	105	4.68090452261307	0.464776178215741	-0.766199326445153
2N	20.5_20.5_2_1_0.5_0.3_0.2_0.1_0_0_0_0_0_0_0_0_0_0_0_0	SUM-159_NLS_2N_O2_A18_seed	SUM-159_NLS_2N_O2_A18	0	127	106	4.72110552763819	0.409568235224961	-0.892651758984362
2N	20.5_20.5_2_1_0.5_0.3_0.2_0.1_0_0_0_0_0_0_0_0_0_0_0_0	SUM-159_NLS_2N_O2_A18_seed	SUM-159_NLS_2N_O2_A18	0	127	107	4.76130653266332	0.356935713189987	-1.03019958851604
2N	20.5_20.5_2_1_0.5_0.3_0.2_0.1_0_0_0_0_0_0_0_0_0_0_0_0	SUM-159_NLS_2N_O2_A18_seed	SUM-159_NLS_2N_O2_A18	0	127	108	4.80150753768844	0.307290365411203	-1.17996216272508
2N	20.5_20.5_2_1_0.5_0.3_0.2_0.1_0_0_0_0_0_0_0_0_0_0_0_0	SUM-159_NLS_2N_O2_A18_seed	SUM-159_NLS_2N_O2_A18	0	127	109	4.84170854271357	0.260766052232165	-1.34413162522366
2N	20.5_20.5_2_1_0.5_0.3_0.2_0.1_0_0_0_0_0_0_0_0_0_0_0_0	SUM-159_NLS_2N_O2_A18_seed	SUM-159_NLS_2N_O2_A18	0	127	110	4.88190954773869	0.218346455055159	-1.52167223433162
2N	20.5_20.5_2_1_0.5_0.3_0.2_0.1_0_0_0_0_0_0_0_0_0_0_0_0	SUM-159_NLS_2N_O2_A18_seed	SUM-159_NLS_2N_O2_A18	0	127	111	4.92211055276382	0.18079268149638	-1.71040431029256
2N	20.5_20.5_2_1_0.5_0.3_0.2_0.1_0_0_0_0_0_0_0_0_0_0_0_0	SUM-159_NLS_2N_O2_A18_seed	SUM-159_NLS_2N_O2_A18	0	127	112	4.96231155778894	0.148566583267028	-1.90672204905961
2N	20.5_20.5_2_1_0.5_0.3_0.2_0.1_0_0_0_0_0_0_0_0_0_0_0_0	SUM-159_NLS_2N_O2_A18_seed	SUM-159_NLS_2N_O2_A18	0	127	113	5.00251256281407	0.121301786871318	-2.10947373213224
2N	20.5_20.5_2_1_0.5_0.3_0.2_0.1_0_0_0_0_0_0_0_0_0_0_0_0	SUM-159_NLS_2N_O2_A18_seed	SUM-159_NLS_2N_O2_A18	0	127	114	5.0427135678392	0.0980191589713853	-2.32259231971113
2N	20.5_20.5_2_1_0.5_0.3_0.2_0.1_0_0_0_0_0_0_0_0_0_0_0_0	SUM-159_NLS_2N_O2_A18_seed	SUM-159_NLS_2N_O2_A18	0	127	115	5.08291457286432	0.078459931877199	-2.54516720644991
2N	20.5_20.5_2_1_0.5_0.3_0.2_0.1_0_0_0_0_0_0_0_0_0_0_0_0	SUM-159_NLS_2N_O2_A18_seed	SUM-159_NLS_2N_O2_A18	0	127	116	5.12311557788945	0.0622111978070293	-2.77722026638837
2N	20.5_20.5_2_1_0.5_0.3_0.2_0.1_0_0_0_0_0_0_0_0_0_0_0_0	SUM-159_NLS_2N_O2_A18_seed	SUM-159_NLS_2N_O2_A18	0	127	117	5.16331658291457	0.0490692781089036	-3.01452214044353
2N	20.5_20.5_2_1_0.5_0.3_0.2_0.1_0_0_0_0_0_0_0_0_0_0_0_0	SUM-159_NLS_2N_O2_A18_seed	SUM-159_NLS_2N_O2_A18	0	127	118	5.2035175879397	0.0386068962580983	-3.25432435893284
2N	20.5_20.5_2_1_0.5_0.3_0.2_0.1_0_0_0_0_0_0_0_0_0_0_0_0	SUM-159_NLS_2N_O2_A18_seed	SUM-159_NLS_2N_O2_A18	0	127	119	5.24371859296482	0.0301984421868062	-3.49996493915011
2N	20.5_20.5_2_1_0.5_0.3_0.2_0.1_0_0_0_0_0_0_0_0_0_0_0_0	SUM-159_NLS_2N_O2_A18_seed	SUM-159_NLS_2N_O2_A18	0	127	120	5.28391959798995	0.0235063754135794	-3.75048360043077
2N	20.5_20.5_2_1_0.5_0.3_0.2_0.1_0_0_0_0_0_0_0_0_0_0_0_0	SUM-159_NLS_2N_O2_A18_seed	SUM-159_NLS_2N_O2_A18	0	127	121	5.32412060301508	0.0181168722537021	-4.01091160619698
2N	20.5_20.5_2_1_0.5_0.3_0.2_0.1_0_0_0_0_0_0_0_0_0_0_0_0	SUM-159_NLS_2N_O2_A18_seed	SUM-159_NLS_2N_O2_A18	0	127	122	5.3643216080402	0.0138405424149351	-4.28015313773002
2N	20.5_20.5_2_1_0.5_0.3_0.2_0.1_0_0_0_0_0_0_0_0_0_0_0_0	SUM-159_NLS_2N_O2_A18_seed	SUM-159_NLS_2N_O2_A18	0	127	123	5.40452261306533	0.0105058329481893	-4.55582465718698
2N	20.5_20.5_2_1_0.5_0.3_0.2_0.1_0_0_0_0_0_0_0_0_0_0_0_0	SUM-159_NLS_2N_O2_A18_seed	SUM-159_NLS_2N_O2_A18	0	127	124	5.44472361809045	0.00793837069223745	-4.83604722726899
2N	20.5_20.5_2_1_0.5_0.3_0.2_0.1_0_0_0_0_0_0_0_0_0_0_0_0	SUM-159_NLS_2N_O2_A18_seed	SUM-159_NLS_2N_O2_A18	0	127	125	5.48492462311558	0.00602342177843968	-5.11209977940632
2N	20.5_20.5_2_1_0.5_0.3_0.2_0.1_0_0_0_0_0_0_0_0_0_0_0_0	SUM-159_NLS_2N_O2_A18_seed	SUM-159_NLS_2N_O2_A18	0	127	126	5.5251256281407	0.00455624097890537	-5.39125734214773
2N	20.5_20.5_2_1_0.5_0.3_0.2_0.1_0_0_0_0_0_0_0_0_0_0_0_0	SUM-159_NLS_2N_O2_A18_seed	SUM-159_NLS_2N_O2_A18	0	127	127	5.56532663316583	0.00343675350973175	-5.67322800037758
2N	20.5_20.5_2_1_0.5_0.3_0.2_0.1_0_0_0_0_0_0_0_0_0_0_0_0	SUM-159_NLS_2N_O2_A18_seed	SUM-159_NLS_2N_O2_A18	0	127	128	5.60552763819095	0.00258724038320787	-5.95716346041667
2N	20.5_20.5_2_1_0.5_0.3_0.2_0.1_0_0_0_0_0_0_0_0_0_0_0_0	SUM-159_NLS_2N_O2_A18_seed	SUM-159_NLS_2N_O2_A18	0	127	129	5.64572864321608	0.00193505552495627	-6.24761925784425
2N	20.5_20.5_2_1_0.5_0.3_0.2_0.1_0_0_0_0_0_0_0_0_0_0_0_0	SUM-159_NLS_2N_O2_A18_seed	SUM-159_NLS_2N_O2_A18	0	127	130	5.68592964824121	0.00144069783895293	-6.54262767239594
2N	20.5_20.5_2_1_0.5_0.3_0.2_0.1_0_0_0_0_0_0_0_0_0_0_0_0	SUM-159_NLS_2N_O2_A18_seed	SUM-159_NLS_2N_O2_A18	0	127	131	5.72613065326633	0.00106414113463334	-6.84558725152721
2N	20.5_20.5_2_1_0.5_0.3_0.2_0.1_0_0_0_0_0_0_0_0_0_0_0_0	SUM-159_NLS_2N_O2_A18_seed	SUM-159_NLS_2N_O2_A18	0	127	132	5.76633165829146	0.000786993784566038	-7.14729020720698
2N	20.5_20.5_2_1_0.5_0.3_0.2_0.1_0_0_0_0_0_0_0_0_0_0_0_0	SUM-159_NLS_2N_O2_A18_seed	SUM-159_NLS_2N_O2_A18	0	127	133	5.80653266331658	0.000588569920633046	-7.43781482671053
2N	20.5_20.5_2_1_0.5_0.3_0.2_0.1_0_0_0_0_0_0_0_0_0_0_0_0	SUM-159_NLS_2N_O2_A18_seed	SUM-159_NLS_2N_O2_A18	0	127	134	5.84673366834171	0.000449545812228264	-7.70727279105177
2N	20.5_20.5_2_1_0.5_0.3_0.2_0.1_0_0_0_0_0_0_0_0_0_0_0_0	SUM-159_NLS_2N_O2_A18_seed	SUM-159_NLS_2N_O2_A18	0	127	135	5.88693467336683	0.00035252808089283	-7.95038027677749
2N	20.5_20.5_2_1_0.5_0.3_0.2_0.1_0_0_0_0_0_0_0_0_0_0_0_0	SUM-159_NLS_2N_O2_A18_seed	SUM-159_NLS_2N_O2_A18	0	127	136	5.92713567839196	0.000275935311180534	-8.19534409949903
2N	20.5_20.5_2_1_0.5_0.3_0.2_0.1_0_0_0_0_0_0_0_0_0_0_0_0	SUM-159_NLS_2N_O2_A18_seed	SUM-159_NLS_2N_O2_A18	0	127	137	5.96733668341709	0.0002072964813843	-8.48136051221073
2N	20.5_20.5_2_1_0.5_0.3_0.2_0.1_0_0_0_0_0_0_0_0_0_0_0_0	SUM-159_NLS_2N_O2_A18_seed	SUM-159_NLS_2N_O2_A18	0	127	138	6.00753768844221	0.000142841279791206	-8.85377647566457
2N	20.5_20.5_2_1_0.5_0.3_0.2_0.1_0_0_0_0_0_0_0_0_0_0_0_0	SUM-159_NLS_2N_O2_A18_seed	SUM-159_NLS_2N_O2_A18	0	127	139	6.04773869346734	8.86255199084211e-05	-9.33109070674362
2N	20.5_20.5_2_1_0.5_0.3_0.2_0.1_0_0_0_0_0_0_0_0_0_0_0_0	SUM-159_NLS_2N_O2_A18_seed	SUM-159_NLS_2N_O2_A18	0	127	140	6.08793969849246	5.41604489417261e-05	-9.82355964021946
2N	20.5_20.5_2_1_0.5_0.3_0.2_0.1_0_0_0_0_0_0_0_0_0_0_0_0	SUM-159_NLS_2N_O2_A18_seed	SUM-159_NLS_2N_O2_A18	0	127	141	6.12814070351759	3.83574394462497e-05	-10.1685620607961
2N	20.5_20.5_2_1_0.5_0.3_0.2_0.1_0_0_0_0_0_0_0_0_0_0_0_0	SUM-159_NLS_2N_O2_A18_seed	SUM-159_NLS_2N_O2_A18	0	127	142	6.16834170854271	3.2045742204538e-05	-10.3483462319551
2N	20.5_20.5_2_1_0.5_0.3_0.2_0.1_0_0_0_0_0_0_0_0_0_0_0_0	SUM-159_NLS_2N_O2_A18_seed	SUM-159_NLS_2N_O2_A18	0	127	143	6.20854271356784	2.54204642532344e-05	-10.5799560290639
2N	20.5_20.5_2_1_0.5_0.3_0.2_0.1_0_0_0_0_0_0_0_0_0_0_0_0	SUM-159_NLS_2N_O2_A18_seed	SUM-159_NLS_2N_O2_A18	0	127	144	6.24874371859296	1.72882315170193e-05	-10.9654845470736
2N	20.5_20.5_2_1_0.5_0.3_0.2_0.1_0_0_0_0_0_0_0_0_0_0_0_0	SUM-159_NLS_2N_O2_A18_seed	SUM-159_NLS_2N_O2_A18	0	127	145	6.28894472361809	1.18026960559451e-05	-11.3471825732727
2N	20.5_20.5_2_1_0.5_0.3_0.2_0.1_0_0_0_0_0_0_0_0_0_0_0_0	SUM-159_NLS_2N_O2_A18_seed	SUM-159_NLS_2N_O2_A18	0	127	146	6.32914572864322	1.0356576025317e-05	-11.4778888752467
2N	20.5_20.5_2_1_0.5_0.3_0.2_0.1_0_0_0_0_0_0_0_0_0_0_0_0	SUM-159_NLS_2N_O2_A18_seed	SUM-159_NLS_2N_O2_A18	0	127	147	6.36934673366834	1.01933889095704e-05	-11.4937711939321
2N	20.5_20.5_2_1_0.5_0.3_0.2_0.1_0_0_0_0_0_0_0_0_0_0_0_0	SUM-159_NLS_2N_O2_A18_seed	SUM-159_NLS_2N_O2_A18	0	127	148	6.40954773869347	8.34407256417856e-06	-11.6939591437338
2N	20.5_20.5_2_1_0.5_0.3_0.2_0.1_0_0_0_0_0_0_0_0_0_0_0_0	SUM-159_NLS_2N_O2_A18_seed	SUM-159_NLS_2N_O2_A18	0	127	149	6.44974874371859	5.04672461457762e-06	-12.196771116276
2N	20.5_20.5_2_1_0.5_0.3_0.2_0.1_0_0_0_0_0_0_0_0_0_0_0_0	SUM-159_NLS_2N_O2_A18_seed	SUM-159_NLS_2N_O2_A18	0	127	150	6.48994974874372	2.20144680892093e-06	-13.0263957733321
2N	20.5_20.5_2_1_0.5_0.3_0.2_0.1_0_0_0_0_0_0_0_0_0_0_0_0	SUM-159_NLS_2N_O2_A18_seed	SUM-159_NLS_2N_O2_A18	0	127	151	6.53015075376884	6.72078404514835e-07	-14.2128908298439
2N	20.5_20.5_2_1_0.5_0.3_0.2_0.1_0_0_0_0_0_0_0_0_0_0_0_0	SUM-159_NLS_2N_O2_A18_seed	SUM-159_NLS_2N_O2_A18	0	127	152	6.57035175879397	1.50515985940899e-07	-15.7091965395219
2N	20.5_20.5_2_1_0.5_0.3_0.2_0.1_0_0_0_0_0_0_0_0_0_0_0_0	SUM-159_NLS_2N_O2_A18_seed	SUM-159_NLS_2N_O2_A18	0	127	153	6.6105527638191	2.39332261421362e-08	-17.5479981283112
2N	20.5_20.5_2_1_0.5_0.3_0.2_0.1_0_0_0_0_0_0_0_0_0_0_0_0	SUM-159_NLS_2N_O2_A18_seed	SUM-159_NLS_2N_O2_A18	0	127	154	6.65075376884422	2.5265678601192e-09	-19.7964040322186
2N	20.5_20.5_2_1_0.5_0.3_0.2_0.1_0_0_0_0_0_0_0_0_0_0_0_0	SUM-159_NLS_2N_O2_A18_seed	SUM-159_NLS_2N_O2_A18	0	127	155	6.69095477386935	2.19157252701324e-10	-22.2412315949213
2N	20.5_20.5_2_1_0.5_0.3_0.2_0.1_0_0_0_0_0_0_0_0_0_0_0_0	SUM-159_NLS_2N_O2_A18_seed	SUM-159_NLS_2N_O2_A18	0	127	156	6.73115577889447	1.12969239723661e-11	-25.2064906421023
2N	20.5_20.5_2_1_0.5_0.3_0.2_0.1_0_0_0_0_0_0_0_0_0_0_0_0	SUM-159_NLS_2N_O2_A18_seed	SUM-159_NLS_2N_O2_A18	0	127	157	6.7713567839196	1.00000136569728e-12	-27.6310197502322
2N	20.5_20.5_2_1_0.5_0.3_0.2_0.1_0_0_0_0_0_0_0_0_0_0_0_0	SUM-159_NLS_2N_O2_A18_seed	SUM-159_NLS_2N_O2_A18	0	127	158	6.81155778894472	1.00000136569728e-12	-27.6310197502322
2N	20.5_20.5_2_1_0.5_0.3_0.2_0.1_0_0_0_0_0_0_0_0_0_0_0_0	SUM-159_NLS_2N_O2_A18_seed	SUM-159_NLS_2N_O2_A18	0	127	159	6.85175879396985	1.00000136569728e-12	-27.6310197502322
2N	20.5_20.5_2_1_0.5_0.3_0.2_0.1_0_0_0_0_0_0_0_0_0_0_0_0	SUM-159_NLS_2N_O2_A18_seed	SUM-159_NLS_2N_O2_A18	0	127	160	6.89195979899498	1.00000136569728e-12	-27.6310197502322
2N	20.5_20.5_2_1_0.5_0.3_0.2_0.1_0_0_0_0_0_0_0_0_0_0_0_0	SUM-159_NLS_2N_O2_A18_seed	SUM-159_NLS_2N_O2_A18	0	127	161	6.9321608040201	1.00000136569728e-12	-27.6310197502322
2N	20.5_20.5_2_1_0.5_0.3_0.2_0.1_0_0_0_0_0_0_0_0_0_0_0_0	SUM-159_NLS_2N_O2_A18_seed	SUM-159_NLS_2N_O2_A18	0	127	162	6.97236180904523	1.00000136569728e-12	-27.6310197502322
2N	20.5_20.5_2_1_0.5_0.3_0.2_0.1_0_0_0_0_0_0_0_0_0_0_0_0	SUM-159_NLS_2N_O2_A18_seed	SUM-159_NLS_2N_O2_A18	0	127	163	7.01256281407035	1.00000136569728e-12	-27.6310197502322
2N	20.5_20.5_2_1_0.5_0.3_0.2_0.1_0_0_0_0_0_0_0_0_0_0_0_0	SUM-159_NLS_2N_O2_A18_seed	SUM-159_NLS_2N_O2_A18	0	127	164	7.05276381909548	1.00000136569728e-12	-27.6310197502322
2N	20.5_20.5_2_1_0.5_0.3_0.2_0.1_0_0_0_0_0_0_0_0_0_0_0_0	SUM-159_NLS_2N_O2_A18_seed	SUM-159_NLS_2N_O2_A18	0	127	165	7.0929648241206	1.00000136569728e-12	-27.6310197502322
2N	20.5_20.5_2_1_0.5_0.3_0.2_0.1_0_0_0_0_0_0_0_0_0_0_0_0	SUM-159_NLS_2N_O2_A18_seed	SUM-159_NLS_2N_O2_A18	0	127	166	7.13316582914573	1.00000136569728e-12	-27.6310197502322
2N	20.5_20.5_2_1_0.5_0.3_0.2_0.1_0_0_0_0_0_0_0_0_0_0_0_0	SUM-159_NLS_2N_O2_A18_seed	SUM-159_NLS_2N_O2_A18	0	127	167	7.17336683417085	1.00000136569728e-12	-27.6310197502322
2N	20.5_20.5_2_1_0.5_0.3_0.2_0.1_0_0_0_0_0_0_0_0_0_0_0_0	SUM-159_NLS_2N_O2_A18_seed	SUM-159_NLS_2N_O2_A18	0	127	168	7.21356783919598	1.00000136569728e-12	-27.6310197502322
2N	20.5_20.5_2_1_0.5_0.3_0.2_0.1_0_0_0_0_0_0_0_0_0_0_0_0	SUM-159_NLS_2N_O2_A18_seed	SUM-159_NLS_2N_O2_A18	0	127	169	7.25376884422111	1.00000136569728e-12	-27.6310197502322
2N	20.5_20.5_2_1_0.5_0.3_0.2_0.1_0_0_0_0_0_0_0_0_0_0_0_0	SUM-159_NLS_2N_O2_A18_seed	SUM-159_NLS_2N_O2_A18	0	127	170	7.29396984924623	1.00000136569728e-12	-27.6310197502322
2N	20.5_20.5_2_1_0.5_0.3_0.2_0.1_0_0_0_0_0_0_0_0_0_0_0_0	SUM-159_NLS_2N_O2_A18_seed	SUM-159_NLS_2N_O2_A18	0	127	171	7.33417085427136	1.00000136569728e-12	-27.6310197502322
2N	20.5_20.5_2_1_0.5_0.3_0.2_0.1_0_0_0_0_0_0_0_0_0_0_0_0	SUM-159_NLS_2N_O2_A18_seed	SUM-159_NLS_2N_O2_A18	0	127	172	7.37437185929648	1.00000136569728e-12	-27.6310197502322
2N	20.5_20.5_2_1_0.5_0.3_0.2_0.1_0_0_0_0_0_0_0_0_0_0_0_0	SUM-159_NLS_2N_O2_A18_seed	SUM-159_NLS_2N_O2_A18	0	127	173	7.41457286432161	1.00000136569728e-12	-27.6310197502322
2N	20.5_20.5_2_1_0.5_0.3_0.2_0.1_0_0_0_0_0_0_0_0_0_0_0_0	SUM-159_NLS_2N_O2_A18_seed	SUM-159_NLS_2N_O2_A18	0	127	174	7.45477386934673	1.00000136569728e-12	-27.6310197502322
2N	20.5_20.5_2_1_0.5_0.3_0.2_0.1_0_0_0_0_0_0_0_0_0_0_0_0	SUM-159_NLS_2N_O2_A18_seed	SUM-159_NLS_2N_O2_A18	0	127	175	7.49497487437186	1.00000136569728e-12	-27.6310197502322
2N	20.5_20.5_2_1_0.5_0.3_0.2_0.1_0_0_0_0_0_0_0_0_0_0_0_0	SUM-159_NLS_2N_O2_A18_seed	SUM-159_NLS_2N_O2_A18	0	127	176	7.53517587939699	1.00000136569728e-12	-27.6310197502322
2N	20.5_20.5_2_1_0.5_0.3_0.2_0.1_0_0_0_0_0_0_0_0_0_0_0_0	SUM-159_NLS_2N_O2_A18_seed	SUM-159_NLS_2N_O2_A18	0	127	177	7.57537688442211	1.00000136569728e-12	-27.6310197502322
2N	20.5_20.5_2_1_0.5_0.3_0.2_0.1_0_0_0_0_0_0_0_0_0_0_0_0	SUM-159_NLS_2N_O2_A18_seed	SUM-159_NLS_2N_O2_A18	0	127	178	7.61557788944724	1.00000136569728e-12	-27.6310197502322
2N	20.5_20.5_2_1_0.5_0.3_0.2_0.1_0_0_0_0_0_0_0_0_0_0_0_0	SUM-159_NLS_2N_O2_A18_seed	SUM-159_NLS_2N_O2_A18	0	127	179	7.65577889447236	1.00000136569728e-12	-27.6310197502322
2N	20.5_20.5_2_1_0.5_0.3_0.2_0.1_0_0_0_0_0_0_0_0_0_0_0_0	SUM-159_NLS_2N_O2_A18_seed	SUM-159_NLS_2N_O2_A18	0	127	180	7.69597989949749	1.00000136569728e-12	-27.6310197502322
2N	20.5_20.5_2_1_0.5_0.3_0.2_0.1_0_0_0_0_0_0_0_0_0_0_0_0	SUM-159_NLS_2N_O2_A18_seed	SUM-159_NLS_2N_O2_A18	0	127	181	7.73618090452261	1.00000136569728e-12	-27.6310197502322
2N	20.5_20.5_2_1_0.5_0.3_0.2_0.1_0_0_0_0_0_0_0_0_0_0_0_0	SUM-159_NLS_2N_O2_A18_seed	SUM-159_NLS_2N_O2_A18	0	127	182	7.77638190954774	1.00000136569728e-12	-27.6310197502322
2N	20.5_20.5_2_1_0.5_0.3_0.2_0.1_0_0_0_0_0_0_0_0_0_0_0_0	SUM-159_NLS_2N_O2_A18_seed	SUM-159_NLS_2N_O2_A18	0	127	183	7.81658291457286	1.00000136569728e-12	-27.6310197502322
2N	20.5_20.5_2_1_0.5_0.3_0.2_0.1_0_0_0_0_0_0_0_0_0_0_0_0	SUM-159_NLS_2N_O2_A18_seed	SUM-159_NLS_2N_O2_A18	0	127	184	7.85678391959799	1.00000136569728e-12	-27.6310197502322
2N	20.5_20.5_2_1_0.5_0.3_0.2_0.1_0_0_0_0_0_0_0_0_0_0_0_0	SUM-159_NLS_2N_O2_A18_seed	SUM-159_NLS_2N_O2_A18	0	127	185	7.89698492462312	1.00000136569728e-12	-27.6310197502322
2N	20.5_20.5_2_1_0.5_0.3_0.2_0.1_0_0_0_0_0_0_0_0_0_0_0_0	SUM-159_NLS_2N_O2_A18_seed	SUM-159_NLS_2N_O2_A18	0	127	186	7.93718592964824	1.00000136569728e-12	-27.6310197502322
2N	20.5_20.5_2_1_0.5_0.3_0.2_0.1_0_0_0_0_0_0_0_0_0_0_0_0	SUM-159_NLS_2N_O2_A18_seed	SUM-159_NLS_2N_O2_A18	0	127	187	7.97738693467337	1.00000136569728e-12	-27.6310197502322
2N	20.5_20.5_2_1_0.5_0.3_0.2_0.1_0_0_0_0_0_0_0_0_0_0_0_0	SUM-159_NLS_2N_O2_A18_seed	SUM-159_NLS_2N_O2_A18	0	127	188	8.01758793969849	1.00000136569728e-12	-27.6310197502322
2N	20.5_20.5_2_1_0.5_0.3_0.2_0.1_0_0_0_0_0_0_0_0_0_0_0_0	SUM-159_NLS_2N_O2_A18_seed	SUM-159_NLS_2N_O2_A18	0	127	189	8.05778894472362	1.00000136569728e-12	-27.6310197502322
2N	20.5_20.5_2_1_0.5_0.3_0.2_0.1_0_0_0_0_0_0_0_0_0_0_0_0	SUM-159_NLS_2N_O2_A18_seed	SUM-159_NLS_2N_O2_A18	0	127	190	8.09798994974874	1.00000136569728e-12	-27.6310197502322
2N	20.5_20.5_2_1_0.5_0.3_0.2_0.1_0_0_0_0_0_0_0_0_0_0_0_0	SUM-159_NLS_2N_O2_A18_seed	SUM-159_NLS_2N_O2_A18	0	127	191	8.13819095477387	1.00000136569728e-12	-27.6310197502322
2N	20.5_20.5_2_1_0.5_0.3_0.2_0.1_0_0_0_0_0_0_0_0_0_0_0_0	SUM-159_NLS_2N_O2_A18_seed	SUM-159_NLS_2N_O2_A18	0	127	192	8.178391959799	1.00000136569728e-12	-27.6310197502322
2N	20.5_20.5_2_1_0.5_0.3_0.2_0.1_0_0_0_0_0_0_0_0_0_0_0_0	SUM-159_NLS_2N_O2_A18_seed	SUM-159_NLS_2N_O2_A18	0	127	193	8.21859296482412	1.00000136569728e-12	-27.6310197502322
2N	20.5_20.5_2_1_0.5_0.3_0.2_0.1_0_0_0_0_0_0_0_0_0_0_0_0	SUM-159_NLS_2N_O2_A18_seed	SUM-159_NLS_2N_O2_A18	0	127	194	8.25879396984925	1.00000136569728e-12	-27.6310197502322
2N	20.5_20.5_2_1_0.5_0.3_0.2_0.1_0_0_0_0_0_0_0_0_0_0_0_0	SUM-159_NLS_2N_O2_A18_seed	SUM-159_NLS_2N_O2_A18	0	127	195	8.29899497487437	1.00000136569728e-12	-27.6310197502322
2N	20.5_20.5_2_1_0.5_0.3_0.2_0.1_0_0_0_0_0_0_0_0_0_0_0_0	SUM-159_NLS_2N_O2_A18_seed	SUM-159_NLS_2N_O2_A18	0	127	196	8.3391959798995	1.00000136569728e-12	-27.6310197502322
2N	20.5_20.5_2_1_0.5_0.3_0.2_0.1_0_0_0_0_0_0_0_0_0_0_0_0	SUM-159_NLS_2N_O2_A18_seed	SUM-159_NLS_2N_O2_A18	0	127	197	8.37939698492462	1.00000136569728e-12	-27.6310197502322
2N	20.5_20.5_2_1_0.5_0.3_0.2_0.1_0_0_0_0_0_0_0_0_0_0_0_0	SUM-159_NLS_2N_O2_A18_seed	SUM-159_NLS_2N_O2_A18	0	127	198	8.41959798994975	1.00000136569728e-12	-27.6310197502322
2N	20.5_20.5_2_1_0.5_0.3_0.2_0.1_0_0_0_0_0_0_0_0_0_0_0_0	SUM-159_NLS_2N_O2_A18_seed	SUM-159_NLS_2N_O2_A18	0	127	199	8.45979899497488	1.00000136569728e-12	-27.6310197502322
2N	20.5_20.5_2_1_0.5_0.3_0.2_0.1_0_0_0_0_0_0_0_0_0_0_0_0	SUM-159_NLS_2N_O2_A18_seed	SUM-159_NLS_2N_O2_A18	0	127	200	8.5	1.00000136569728e-12	-27.6310197502322
2N	20.5_20.5_2_1_0.5_0.3_0.2_0.1_0_0_0_0_0_0_0_0_0_0_0_0_0_0_0_0_0	SUM-159_NLS_2N_O1_A23_seed	SUM-159_NLS_2N_O1_A23	0	150	1	0.5	9.99870850076618e-13	-27.6311502741925
2N	20.5_20.5_2_1_0.5_0.3_0.2_0.1_0_0_0_0_0_0_0_0_0_0_0_0_0_0_0_0_0	SUM-159_NLS_2N_O1_A23_seed	SUM-159_NLS_2N_O1_A23	0	150	2	0.540201005025126	9.99870850076618e-13	-27.6311502741925
2N	20.5_20.5_2_1_0.5_0.3_0.2_0.1_0_0_0_0_0_0_0_0_0_0_0_0_0_0_0_0_0	SUM-159_NLS_2N_O1_A23_seed	SUM-159_NLS_2N_O1_A23	0	150	3	0.580402010050251	9.99870850076618e-13	-27.6311502741925
2N	20.5_20.5_2_1_0.5_0.3_0.2_0.1_0_0_0_0_0_0_0_0_0_0_0_0_0_0_0_0_0	SUM-159_NLS_2N_O1_A23_seed	SUM-159_NLS_2N_O1_A23	0	150	4	0.620603015075377	9.99870850076618e-13	-27.6311502741925
2N	20.5_20.5_2_1_0.5_0.3_0.2_0.1_0_0_0_0_0_0_0_0_0_0_0_0_0_0_0_0_0	SUM-159_NLS_2N_O1_A23_seed	SUM-159_NLS_2N_O1_A23	0	150	5	0.660804020100503	9.99870850076618e-13	-27.6311502741925
2N	20.5_20.5_2_1_0.5_0.3_0.2_0.1_0_0_0_0_0_0_0_0_0_0_0_0_0_0_0_0_0	SUM-159_NLS_2N_O1_A23_seed	SUM-159_NLS_2N_O1_A23	0	150	6	0.701005025125628	9.99870850076618e-13	-27.6311502741925
2N	20.5_20.5_2_1_0.5_0.3_0.2_0.1_0_0_0_0_0_0_0_0_0_0_0_0_0_0_0_0_0	SUM-159_NLS_2N_O1_A23_seed	SUM-159_NLS_2N_O1_A23	0	150	7	0.741206030150754	9.99870850076618e-13	-27.6311502741925
2N	20.5_20.5_2_1_0.5_0.3_0.2_0.1_0_0_0_0_0_0_0_0_0_0_0_0_0_0_0_0_0	SUM-159_NLS_2N_O1_A23_seed	SUM-159_NLS_2N_O1_A23	0	150	8	0.781407035175879	9.99870850076618e-13	-27.6311502741925
2N	20.5_20.5_2_1_0.5_0.3_0.2_0.1_0_0_0_0_0_0_0_0_0_0_0_0_0_0_0_0_0	SUM-159_NLS_2N_O1_A23_seed	SUM-159_NLS_2N_O1_A23	0	150	9	0.821608040201005	9.99870850076618e-13	-27.6311502741925
2N	20.5_20.5_2_1_0.5_0.3_0.2_0.1_0_0_0_0_0_0_0_0_0_0_0_0_0_0_0_0_0	SUM-159_NLS_2N_O1_A23_seed	SUM-159_NLS_2N_O1_A23	0	150	10	0.861809045226131	9.99870850076618e-13	-27.6311502741925
2N	20.5_20.5_2_1_0.5_0.3_0.2_0.1_0_0_0_0_0_0_0_0_0_0_0_0_0_0_0_0_0	SUM-159_NLS_2N_O1_A23_seed	SUM-159_NLS_2N_O1_A23	0	150	11	0.902010050251256	9.99870850076618e-13	-27.6311502741925
2N	20.5_20.5_2_1_0.5_0.3_0.2_0.1_0_0_0_0_0_0_0_0_0_0_0_0_0_0_0_0_0	SUM-159_NLS_2N_O1_A23_seed	SUM-159_NLS_2N_O1_A23	0	150	12	0.942211055276382	9.99870850076618e-13	-27.6311502741925
2N	20.5_20.5_2_1_0.5_0.3_0.2_0.1_0_0_0_0_0_0_0_0_0_0_0_0_0_0_0_0_0	SUM-159_NLS_2N_O1_A23_seed	SUM-159_NLS_2N_O1_A23	0	150	13	0.982412060301508	9.99870850076618e-13	-27.6311502741925
2N	20.5_20.5_2_1_0.5_0.3_0.2_0.1_0_0_0_0_0_0_0_0_0_0_0_0_0_0_0_0_0	SUM-159_NLS_2N_O1_A23_seed	SUM-159_NLS_2N_O1_A23	0	150	14	1.02261306532663	9.99870850076618e-13	-27.6311502741925
2N	20.5_20.5_2_1_0.5_0.3_0.2_0.1_0_0_0_0_0_0_0_0_0_0_0_0_0_0_0_0_0	SUM-159_NLS_2N_O1_A23_seed	SUM-159_NLS_2N_O1_A23	0	150	15	1.06281407035176	9.99870850076618e-13	-27.6311502741925
2N	20.5_20.5_2_1_0.5_0.3_0.2_0.1_0_0_0_0_0_0_0_0_0_0_0_0_0_0_0_0_0	SUM-159_NLS_2N_O1_A23_seed	SUM-159_NLS_2N_O1_A23	0	150	16	1.10301507537688	9.99870850076618e-13	-27.6311502741925
2N	20.5_20.5_2_1_0.5_0.3_0.2_0.1_0_0_0_0_0_0_0_0_0_0_0_0_0_0_0_0_0	SUM-159_NLS_2N_O1_A23_seed	SUM-159_NLS_2N_O1_A23	0	150	17	1.14321608040201	9.99870850076618e-13	-27.6311502741925
2N	20.5_20.5_2_1_0.5_0.3_0.2_0.1_0_0_0_0_0_0_0_0_0_0_0_0_0_0_0_0_0	SUM-159_NLS_2N_O1_A23_seed	SUM-159_NLS_2N_O1_A23	0	150	18	1.18341708542714	2.77810686381375e-11	-24.3066663114467
2N	20.5_20.5_2_1_0.5_0.3_0.2_0.1_0_0_0_0_0_0_0_0_0_0_0_0_0_0_0_0_0	SUM-159_NLS_2N_O1_A23_seed	SUM-159_NLS_2N_O1_A23	0	150	19	1.22361809045226	8.88192319370259e-07	-13.934077541536
2N	20.5_20.5_2_1_0.5_0.3_0.2_0.1_0_0_0_0_0_0_0_0_0_0_0_0_0_0_0_0_0	SUM-159_NLS_2N_O1_A23_seed	SUM-159_NLS_2N_O1_A23	0	150	20	1.26381909547739	3.01789646481864e-05	-10.4083654111048
2N	20.5_20.5_2_1_0.5_0.3_0.2_0.1_0_0_0_0_0_0_0_0_0_0_0_0_0_0_0_0_0	SUM-159_NLS_2N_O1_A23_seed	SUM-159_NLS_2N_O1_A23	0	150	21	1.30402010050251	6.34122131254556e-05	-9.66585407902484
2N	20.5_20.5_2_1_0.5_0.3_0.2_0.1_0_0_0_0_0_0_0_0_0_0_0_0_0_0_0_0_0	SUM-159_NLS_2N_O1_A23_seed	SUM-159_NLS_2N_O1_A23	0	150	22	1.34422110552764	0.000272664914588216	-8.20726693576587
2N	20.5_20.5_2_1_0.5_0.3_0.2_0.1_0_0_0_0_0_0_0_0_0_0_0_0_0_0_0_0_0	SUM-159_NLS_2N_O1_A23_seed	SUM-159_NLS_2N_O1_A23	0	150	23	1.38442211055276	0.000747546075969574	-7.19871461450603
2N	20.5_20.5_2_1_0.5_0.3_0.2_0.1_0_0_0_0_0_0_0_0_0_0_0_0_0_0_0_0_0	SUM-159_NLS_2N_O1_A23_seed	SUM-159_NLS_2N_O1_A23	0	150	24	1.42462311557789	0.00214140990671316	-6.14629083197213
2N	20.5_20.5_2_1_0.5_0.3_0.2_0.1_0_0_0_0_0_0_0_0_0_0_0_0_0_0_0_0_0	SUM-159_NLS_2N_O1_A23_seed	SUM-159_NLS_2N_O1_A23	0	150	25	1.46482412060302	0.00499915773528694	-5.29848583368044
2N	20.5_20.5_2_1_0.5_0.3_0.2_0.1_0_0_0_0_0_0_0_0_0_0_0_0_0_0_0_0_0	SUM-159_NLS_2N_O1_A23_seed	SUM-159_NLS_2N_O1_A23	0	150	26	1.50502512562814	0.0115156284239319	-4.46405017282329
2N	20.5_20.5_2_1_0.5_0.3_0.2_0.1_0_0_0_0_0_0_0_0_0_0_0_0_0_0_0_0_0	SUM-159_NLS_2N_O1_A23_seed	SUM-159_NLS_2N_O1_A23	0	150	27	1.54522613065327	0.0238858322646	-3.73446978809163
2N	20.5_20.5_2_1_0.5_0.3_0.2_0.1_0_0_0_0_0_0_0_0_0_0_0_0_0_0_0_0_0	SUM-159_NLS_2N_O1_A23_seed	SUM-159_NLS_2N_O1_A23	0	150	28	1.58542713567839	0.04606871583954	-3.07762117453741
2N	20.5_20.5_2_1_0.5_0.3_0.2_0.1_0_0_0_0_0_0_0_0_0_0_0_0_0_0_0_0_0	SUM-159_NLS_2N_O1_A23_seed	SUM-159_NLS_2N_O1_A23	0	150	29	1.62562814070352	0.0853685199827432	-2.46077786461315
2N	20.5_20.5_2_1_0.5_0.3_0.2_0.1_0_0_0_0_0_0_0_0_0_0_0_0_0_0_0_0_0	SUM-159_NLS_2N_O1_A23_seed	SUM-159_NLS_2N_O1_A23	0	150	30	1.66582914572864	0.151998946430167	-1.88388168954036
2N	20.5_20.5_2_1_0.5_0.3_0.2_0.1_0_0_0_0_0_0_0_0_0_0_0_0_0_0_0_0_0	SUM-159_NLS_2N_O1_A23_seed	SUM-159_NLS_2N_O1_A23	0	150	31	1.70603015075377	0.257254735230544	-1.35768849732157
2N	20.5_20.5_2_1_0.5_0.3_0.2_0.1_0_0_0_0_0_0_0_0_0_0_0_0_0_0_0_0_0	SUM-159_NLS_2N_O1_A23_seed	SUM-159_NLS_2N_O1_A23	0	150	32	1.74623115577889	0.401243918007803	-0.913185762265741
2N	20.5_20.5_2_1_0.5_0.3_0.2_0.1_0_0_0_0_0_0_0_0_0_0_0_0_0_0_0_0_0	SUM-159_NLS_2N_O1_A23_seed	SUM-159_NLS_2N_O1_A23	0	150	33	1.78643216080402	0.599246505898128	-0.512082236476252
2N	20.5_20.5_2_1_0.5_0.3_0.2_0.1_0_0_0_0_0_0_0_0_0_0_0_0_0_0_0_0_0	SUM-159_NLS_2N_O1_A23_seed	SUM-159_NLS_2N_O1_A23	0	150	34	1.82663316582915	0.841747369259984	-0.172275346268101
2N	20.5_20.5_2_1_0.5_0.3_0.2_0.1_0_0_0_0_0_0_0_0_0_0_0_0_0_0_0_0_0	SUM-159_NLS_2N_O1_A23_seed	SUM-159_NLS_2N_O1_A23	0	150	35	1.86683417085427	1.10503127254494	0.0998736355149006
2N	20.5_20.5_2_1_0.5_0.3_0.2_0.1_0_0_0_0_0_0_0_0_0_0_0_0_0_0_0_0_0	SUM-159_NLS_2N_O1_A23_seed	SUM-159_NLS_2N_O1_A23	0	150	36	1.9070351758794	1.38868695293373	0.328358662513606
2N	20.5_20.5_2_1_0.5_0.3_0.2_0.1_0_0_0_0_0_0_0_0_0_0_0_0_0_0_0_0_0	SUM-159_NLS_2N_O1_A23_seed	SUM-159_NLS_2N_O1_A23	0	150	37	1.94723618090452	1.62559490746201	0.485873845684279
2N	20.5_20.5_2_1_0.5_0.3_0.2_0.1_0_0_0_0_0_0_0_0_0_0_0_0_0_0_0_0_0	SUM-159_NLS_2N_O1_A23_seed	SUM-159_NLS_2N_O1_A23	0	150	38	1.98743718592965	1.79867915063937	0.587052590334949
2N	20.5_20.5_2_1_0.5_0.3_0.2_0.1_0_0_0_0_0_0_0_0_0_0_0_0_0_0_0_0_0	SUM-159_NLS_2N_O1_A23_seed	SUM-159_NLS_2N_O1_A23	0	150	39	2.02763819095477	1.89634266619337	0.639927118617578
2N	20.5_20.5_2_1_0.5_0.3_0.2_0.1_0_0_0_0_0_0_0_0_0_0_0_0_0_0_0_0_0	SUM-159_NLS_2N_O1_A23_seed	SUM-159_NLS_2N_O1_A23	0	150	40	2.0678391959799	1.87626462961098	0.629282901196152
2N	20.5_20.5_2_1_0.5_0.3_0.2_0.1_0_0_0_0_0_0_0_0_0_0_0_0_0_0_0_0_0	SUM-159_NLS_2N_O1_A23_seed	SUM-159_NLS_2N_O1_A23	0	150	41	2.10804020100502	1.75362829200777	0.561686951313725
2N	20.5_20.5_2_1_0.5_0.3_0.2_0.1_0_0_0_0_0_0_0_0_0_0_0_0_0_0_0_0_0	SUM-159_NLS_2N_O1_A23_seed	SUM-159_NLS_2N_O1_A23	0	150	42	2.14824120603015	1.55376789272516	0.440682879609244
2N	20.5_20.5_2_1_0.5_0.3_0.2_0.1_0_0_0_0_0_0_0_0_0_0_0_0_0_0_0_0_0	SUM-159_NLS_2N_O1_A23_seed	SUM-159_NLS_2N_O1_A23	0	150	43	2.18844221105528	1.30791682991857	0.268435665324185
2N	20.5_20.5_2_1_0.5_0.3_0.2_0.1_0_0_0_0_0_0_0_0_0_0_0_0_0_0_0_0_0	SUM-159_NLS_2N_O1_A23_seed	SUM-159_NLS_2N_O1_A23	0	150	44	2.2286432160804	1.04269662800272	0.0418102688988266
2N	20.5_20.5_2_1_0.5_0.3_0.2_0.1_0_0_0_0_0_0_0_0_0_0_0_0_0_0_0_0_0	SUM-159_NLS_2N_O1_A23_seed	SUM-159_NLS_2N_O1_A23	0	150	45	2.26884422110553	0.79801908213974	-0.225622769362412
2N	20.5_20.5_2_1_0.5_0.3_0.2_0.1_0_0_0_0_0_0_0_0_0_0_0_0_0_0_0_0_0	SUM-159_NLS_2N_O1_A23_seed	SUM-159_NLS_2N_O1_A23	0	150	46	2.30904522613065	0.573378524445055	-0.556209179242525
2N	20.5_20.5_2_1_0.5_0.3_0.2_0.1_0_0_0_0_0_0_0_0_0_0_0_0_0_0_0_0_0	SUM-159_NLS_2N_O1_A23_seed	SUM-159_NLS_2N_O1_A23	0	150	47	2.34924623115578	0.402264873614815	-0.910644517746466
2N	20.5_20.5_2_1_0.5_0.3_0.2_0.1_0_0_0_0_0_0_0_0_0_0_0_0_0_0_0_0_0	SUM-159_NLS_2N_O1_A23_seed	SUM-159_NLS_2N_O1_A23	0	150	48	2.3894472361809	0.26450136828999	-1.32990885457811
2N	20.5_20.5_2_1_0.5_0.3_0.2_0.1_0_0_0_0_0_0_0_0_0_0_0_0_0_0_0_0_0	SUM-159_NLS_2N_O1_A23_seed	SUM-159_NLS_2N_O1_A23	0	150	49	2.42964824120603	0.170864489224941	-1.76688449731528
2N	20.5_20.5_2_1_0.5_0.3_0.2_0.1_0_0_0_0_0_0_0_0_0_0_0_0_0_0_0_0_0	SUM-159_NLS_2N_O1_A23_seed	SUM-159_NLS_2N_O1_A23	0	150	50	2.46984924623116	0.106241019936834	-2.24204499299104
2N	20.5_20.5_2_1_0.5_0.3_0.2_0.1_0_0_0_0_0_0_0_0_0_0_0_0_0_0_0_0_0	SUM-159_NLS_2N_O1_A23_seed	SUM-159_NLS_2N_O1_A23	0	150	51	2.51005025125628	0.0652377411052597	-2.72971712621166
2N	20.5_20.5_2_1_0.5_0.3_0.2_0.1_0_0_0_0_0_0_0_0_0_0_0_0_0_0_0_0_0	SUM-159_NLS_2N_O1_A23_seed	SUM-159_NLS_2N_O1_A23	0	150	52	2.55025125628141	0.0391307469270242	-3.24084675459484
2N	20.5_20.5_2_1_0.5_0.3_0.2_0.1_0_0_0_0_0_0_0_0_0_0_0_0_0_0_0_0_0	SUM-159_NLS_2N_O1_A23_seed	SUM-159_NLS_2N_O1_A23	0	150	53	2.59045226130653	0.0238398968311153	-3.73639476434824
2N	20.5_20.5_2_1_0.5_0.3_0.2_0.1_0_0_0_0_0_0_0_0_0_0_0_0_0_0_0_0_0	SUM-159_NLS_2N_O1_A23_seed	SUM-159_NLS_2N_O1_A23	0	150	54	2.63065326633166	0.0145362263765722	-4.23111137449741
2N	20.5_20.5_2_1_0.5_0.3_0.2_0.1_0_0_0_0_0_0_0_0_0_0_0_0_0_0_0_0_0	SUM-159_NLS_2N_O1_A23_seed	SUM-159_NLS_2N_O1_A23	0	150	55	2.67085427135678	0.00918914607815111	-4.68973226552248
2N	20.5_20.5_2_1_0.5_0.3_0.2_0.1_0_0_0_0_0_0_0_0_0_0_0_0_0_0_0_0_0	SUM-159_NLS_2N_O1_A23_seed	SUM-159_NLS_2N_O1_A23	0	150	56	2.71105527638191	0.00571056610225616	-5.16543711797697
2N	20.5_20.5_2_1_0.5_0.3_0.2_0.1_0_0_0_0_0_0_0_0_0_0_0_0_0_0_0_0_0	SUM-159_NLS_2N_O1_A23_seed	SUM-159_NLS_2N_O1_A23	0	150	57	2.75125628140704	0.0037985836134309	-5.57312701503978
2N	20.5_20.5_2_1_0.5_0.3_0.2_0.1_0_0_0_0_0_0_0_0_0_0_0_0_0_0_0_0_0	SUM-159_NLS_2N_O1_A23_seed	SUM-159_NLS_2N_O1_A23	0	150	58	2.79145728643216	0.00278441223020037	-5.88371847627876
2N	20.5_20.5_2_1_0.5_0.3_0.2_0.1_0_0_0_0_0_0_0_0_0_0_0_0_0_0_0_0_0	SUM-159_NLS_2N_O1_A23_seed	SUM-159_NLS_2N_O1_A23	0	150	59	2.83165829145729	0.00147163360820815	-6.52138219712535
2N	20.5_20.5_2_1_0.5_0.3_0.2_0.1_0_0_0_0_0_0_0_0_0_0_0_0_0_0_0_0_0	SUM-159_NLS_2N_O1_A23_seed	SUM-159_NLS_2N_O1_A23	0	150	60	2.87185929648241	0.000933866201952332	-6.97617738272478
2N	20.5_20.5_2_1_0.5_0.3_0.2_0.1_0_0_0_0_0_0_0_0_0_0_0_0_0_0_0_0_0	SUM-159_NLS_2N_O1_A23_seed	SUM-159_NLS_2N_O1_A23	0	150	61	2.91206030150754	0.000987679728493273	-6.92015207421214
2N	20.5_20.5_2_1_0.5_0.3_0.2_0.1_0_0_0_0_0_0_0_0_0_0_0_0_0_0_0_0_0	SUM-159_NLS_2N_O1_A23_seed	SUM-159_NLS_2N_O1_A23	0	150	62	2.95226130653266	0.000606429499063388	-7.40792207860659
2N	20.5_20.5_2_1_0.5_0.3_0.2_0.1_0_0_0_0_0_0_0_0_0_0_0_0_0_0_0_0_0	SUM-159_NLS_2N_O1_A23_seed	SUM-159_NLS_2N_O1_A23	0	150	63	2.99246231155779	0.000553022333572764	-7.50011217104991
2N	20.5_20.5_2_1_0.5_0.3_0.2_0.1_0_0_0_0_0_0_0_0_0_0_0_0_0_0_0_0_0	SUM-159_NLS_2N_O1_A23_seed	SUM-159_NLS_2N_O1_A23	0	150	64	3.03266331658291	0.000553030334885793	-7.50009770281841
2N	20.5_20.5_2_1_0.5_0.3_0.2_0.1_0_0_0_0_0_0_0_0_0_0_0_0_0_0_0_0_0	SUM-159_NLS_2N_O1_A23_seed	SUM-159_NLS_2N_O1_A23	0	150	65	3.07286432160804	0.000354175969148094	-7.94571668034884
2N	20.5_20.5_2_1_0.5_0.3_0.2_0.1_0_0_0_0_0_0_0_0_0_0_0_0_0_0_0_0_0	SUM-159_NLS_2N_O1_A23_seed	SUM-159_NLS_2N_O1_A23	0	150	66	3.11306532663317	0.000220282076894787	-8.42060166518341
2N	20.5_20.5_2_1_0.5_0.3_0.2_0.1_0_0_0_0_0_0_0_0_0_0_0_0_0_0_0_0_0	SUM-159_NLS_2N_O1_A23_seed	SUM-159_NLS_2N_O1_A23	0	150	67	3.15326633165829	0.000113008456173696	-9.08804790865627
2N	20.5_20.5_2_1_0.5_0.3_0.2_0.1_0_0_0_0_0_0_0_0_0_0_0_0_0_0_0_0_0	SUM-159_NLS_2N_O1_A23_seed	SUM-159_NLS_2N_O1_A23	0	150	68	3.19346733668342	0.000295171774984464	-8.12795308300545
2N	20.5_20.5_2_1_0.5_0.3_0.2_0.1_0_0_0_0_0_0_0_0_0_0_0_0_0_0_0_0_0	SUM-159_NLS_2N_O1_A23_seed	SUM-159_NLS_2N_O1_A23	0	150	69	3.23366834170854	0.000592375953212593	-7.43136906854071
2N	20.5_20.5_2_1_0.5_0.3_0.2_0.1_0_0_0_0_0_0_0_0_0_0_0_0_0_0_0_0_0	SUM-159_NLS_2N_O1_A23_seed	SUM-159_NLS_2N_O1_A23	0	150	70	3.27386934673367	0.000815663223261312	-7.11150900478263
2N	20.5_20.5_2_1_0.5_0.3_0.2_0.1_0_0_0_0_0_0_0_0_0_0_0_0_0_0_0_0_0	SUM-159_NLS_2N_O1_A23_seed	SUM-159_NLS_2N_O1_A23	0	150	71	3.31407035175879	0.00138066324263714	-6.58519128466269
2N	20.5_20.5_2_1_0.5_0.3_0.2_0.1_0_0_0_0_0_0_0_0_0_0_0_0_0_0_0_0_0	SUM-159_NLS_2N_O1_A23_seed	SUM-159_NLS_2N_O1_A23	0	150	72	3.35427135678392	0.00214253412487396	-6.1457659800234
2N	20.5_20.5_2_1_0.5_0.3_0.2_0.1_0_0_0_0_0_0_0_0_0_0_0_0_0_0_0_0_0	SUM-159_NLS_2N_O1_A23_seed	SUM-159_NLS_2N_O1_A23	0	150	73	3.39447236180905	0.00379353840209594	-5.57445608010678
2N	20.5_20.5_2_1_0.5_0.3_0.2_0.1_0_0_0_0_0_0_0_0_0_0_0_0_0_0_0_0_0	SUM-159_NLS_2N_O1_A23_seed	SUM-159_NLS_2N_O1_A23	0	150	74	3.43467336683417	0.0061250522124686	-5.09536799810301
2N	20.5_20.5_2_1_0.5_0.3_0.2_0.1_0_0_0_0_0_0_0_0_0_0_0_0_0_0_0_0_0	SUM-159_NLS_2N_O1_A23_seed	SUM-159_NLS_2N_O1_A23	0	150	75	3.4748743718593	0.00934829972739768	-4.67256079955492
2N	20.5_20.5_2_1_0.5_0.3_0.2_0.1_0_0_0_0_0_0_0_0_0_0_0_0_0_0_0_0_0	SUM-159_NLS_2N_O1_A23_seed	SUM-159_NLS_2N_O1_A23	0	150	76	3.51507537688442	0.0138712099960485	-4.27793981010078
2N	20.5_20.5_2_1_0.5_0.3_0.2_0.1_0_0_0_0_0_0_0_0_0_0_0_0_0_0_0_0_0	SUM-159_NLS_2N_O1_A23_seed	SUM-159_NLS_2N_O1_A23	0	150	77	3.55527638190955	0.0209636647373238	-3.86496459047482
2N	20.5_20.5_2_1_0.5_0.3_0.2_0.1_0_0_0_0_0_0_0_0_0_0_0_0_0_0_0_0_0	SUM-159_NLS_2N_O1_A23_seed	SUM-159_NLS_2N_O1_A23	0	150	78	3.59547738693467	0.0309469279116686	-3.47548154449802
2N	20.5_20.5_2_1_0.5_0.3_0.2_0.1_0_0_0_0_0_0_0_0_0_0_0_0_0_0_0_0_0	SUM-159_NLS_2N_O1_A23_seed	SUM-159_NLS_2N_O1_A23	0	150	79	3.6356783919598	0.0423605174855163	-3.16153854195159
2N	20.5_20.5_2_1_0.5_0.3_0.2_0.1_0_0_0_0_0_0_0_0_0_0_0_0_0_0_0_0_0	SUM-159_NLS_2N_O1_A23_seed	SUM-159_NLS_2N_O1_A23	0	150	80	3.67587939698492	0.0606189080843569	-2.80314841997995
2N	20.5_20.5_2_1_0.5_0.3_0.2_0.1_0_0_0_0_0_0_0_0_0_0_0_0_0_0_0_0_0	SUM-159_NLS_2N_O1_A23_seed	SUM-159_NLS_2N_O1_A23	0	150	81	3.71608040201005	0.0847696359518429	-2.46781786691106
2N	20.5_20.5_2_1_0.5_0.3_0.2_0.1_0_0_0_0_0_0_0_0_0_0_0_0_0_0_0_0_0	SUM-159_NLS_2N_O1_A23_seed	SUM-159_NLS_2N_O1_A23	0	150	82	3.75628140703518	0.107121705002449	-2.23378966097413
2N	20.5_20.5_2_1_0.5_0.3_0.2_0.1_0_0_0_0_0_0_0_0_0_0_0_0_0_0_0_0_0	SUM-159_NLS_2N_O1_A23_seed	SUM-159_NLS_2N_O1_A23	0	150	83	3.7964824120603	0.139545890872403	-1.96936176499118
2N	20.5_20.5_2_1_0.5_0.3_0.2_0.1_0_0_0_0_0_0_0_0_0_0_0_0_0_0_0_0_0	SUM-159_NLS_2N_O1_A23_seed	SUM-159_NLS_2N_O1_A23	0	150	84	3.83668341708543	0.177975638467906	-1.72610860059644
2N	20.5_20.5_2_1_0.5_0.3_0.2_0.1_0_0_0_0_0_0_0_0_0_0_0_0_0_0_0_0_0	SUM-159_NLS_2N_O1_A23_seed	SUM-159_NLS_2N_O1_A23	0	150	85	3.87688442211055	0.208452982311386	-1.56804176767499
2N	20.5_20.5_2_1_0.5_0.3_0.2_0.1_0_0_0_0_0_0_0_0_0_0_0_0_0_0_0_0_0	SUM-159_NLS_2N_O1_A23_seed	SUM-159_NLS_2N_O1_A23	0	150	86	3.91708542713568	0.243133091509388	-1.41414628389069
2N	20.5_20.5_2_1_0.5_0.3_0.2_0.1_0_0_0_0_0_0_0_0_0_0_0_0_0_0_0_0_0	SUM-159_NLS_2N_O1_A23_seed	SUM-159_NLS_2N_O1_A23	0	150	87	3.9572864321608	0.278652694175406	-1.2777890963415
2N	20.5_20.5_2_1_0.5_0.3_0.2_0.1_0_0_0_0_0_0_0_0_0_0_0_0_0_0_0_0_0	SUM-159_NLS_2N_O1_A23_seed	SUM-159_NLS_2N_O1_A23	0	150	88	3.99748743718593	0.290256855935628	-1.23698903788852
2N	20.5_20.5_2_1_0.5_0.3_0.2_0.1_0_0_0_0_0_0_0_0_0_0_0_0_0_0_0_0_0	SUM-159_NLS_2N_O1_A23_seed	SUM-159_NLS_2N_O1_A23	0	150	89	4.03768844221106	0.276427081530588	-1.28580821239992
2N	20.5_20.5_2_1_0.5_0.3_0.2_0.1_0_0_0_0_0_0_0_0_0_0_0_0_0_0_0_0_0	SUM-159_NLS_2N_O1_A23_seed	SUM-159_NLS_2N_O1_A23	0	150	90	4.07788944723618	0.285263239805892	-1.2543428765725
2N	20.5_20.5_2_1_0.5_0.3_0.2_0.1_0_0_0_0_0_0_0_0_0_0_0_0_0_0_0_0_0	SUM-159_NLS_2N_O1_A23_seed	SUM-159_NLS_2N_O1_A23	0	150	91	4.11809045226131	0.28291557497207	-1.26260674749912
2N	20.5_20.5_2_1_0.5_0.3_0.2_0.1_0_0_0_0_0_0_0_0_0_0_0_0_0_0_0_0_0	SUM-159_NLS_2N_O1_A23_seed	SUM-159_NLS_2N_O1_A23	0	150	92	4.15829145728643	0.276276919867433	-1.28635158341395
2N	20.5_20.5_2_1_0.5_0.3_0.2_0.1_0_0_0_0_0_0_0_0_0_0_0_0_0_0_0_0_0	SUM-159_NLS_2N_O1_A23_seed	SUM-159_NLS_2N_O1_A23	0	150	93	4.19849246231156	0.257280815010324	-1.35758712520145
2N	20.5_20.5_2_1_0.5_0.3_0.2_0.1_0_0_0_0_0_0_0_0_0_0_0_0_0_0_0_0_0	SUM-159_NLS_2N_O1_A23_seed	SUM-159_NLS_2N_O1_A23	0	150	94	4.23869346733668	0.240484294327521	-1.42510049582021
2N	20.5_20.5_2_1_0.5_0.3_0.2_0.1_0_0_0_0_0_0_0_0_0_0_0_0_0_0_0_0_0	SUM-159_NLS_2N_O1_A23_seed	SUM-159_NLS_2N_O1_A23	0	150	95	4.27889447236181	0.219346625982932	-1.51710203337592
2N	20.5_20.5_2_1_0.5_0.3_0.2_0.1_0_0_0_0_0_0_0_0_0_0_0_0_0_0_0_0_0	SUM-159_NLS_2N_O1_A23_seed	SUM-159_NLS_2N_O1_A23	0	150	96	4.31909547738693	0.192765212557975	-1.64628234587623
2N	20.5_20.5_2_1_0.5_0.3_0.2_0.1_0_0_0_0_0_0_0_0_0_0_0_0_0_0_0_0_0	SUM-159_NLS_2N_O1_A23_seed	SUM-159_NLS_2N_O1_A23	0	150	97	4.35929648241206	0.169594421709023	-1.77434544703186
2N	20.5_20.5_2_1_0.5_0.3_0.2_0.1_0_0_0_0_0_0_0_0_0_0_0_0_0_0_0_0_0	SUM-159_NLS_2N_O1_A23_seed	SUM-159_NLS_2N_O1_A23	0	150	98	4.39949748743719	0.142362743989933	-1.94937694351935
2N	20.5_20.5_2_1_0.5_0.3_0.2_0.1_0_0_0_0_0_0_0_0_0_0_0_0_0_0_0_0_0	SUM-159_NLS_2N_O1_A23_seed	SUM-159_NLS_2N_O1_A23	0	150	99	4.43969849246231	0.118305514621056	-2.13448489352166
2N	20.5_20.5_2_1_0.5_0.3_0.2_0.1_0_0_0_0_0_0_0_0_0_0_0_0_0_0_0_0_0	SUM-159_NLS_2N_O1_A23_seed	SUM-159_NLS_2N_O1_A23	0	150	100	4.47989949748744	0.0965466642762028	-2.3377288198893
2N	20.5_20.5_2_1_0.5_0.3_0.2_0.1_0_0_0_0_0_0_0_0_0_0_0_0_0_0_0_0_0	SUM-159_NLS_2N_O1_A23_seed	SUM-159_NLS_2N_O1_A23	0	150	101	4.52010050251256	0.0765972059681777	-2.5691946785121
2N	20.5_20.5_2_1_0.5_0.3_0.2_0.1_0_0_0_0_0_0_0_0_0_0_0_0_0_0_0_0_0	SUM-159_NLS_2N_O1_A23_seed	SUM-159_NLS_2N_O1_A23	0	150	102	4.56030150753769	0.060275760087419	-2.80882524466809
2N	20.5_20.5_2_1_0.5_0.3_0.2_0.1_0_0_0_0_0_0_0_0_0_0_0_0_0_0_0_0_0	SUM-159_NLS_2N_O1_A23_seed	SUM-159_NLS_2N_O1_A23	0	150	103	4.60050251256281	0.0483132807569732	-3.03004879220677
2N	20.5_20.5_2_1_0.5_0.3_0.2_0.1_0_0_0_0_0_0_0_0_0_0_0_0_0_0_0_0_0	SUM-159_NLS_2N_O1_A23_seed	SUM-159_NLS_2N_O1_A23	0	150	104	4.64070351758794	0.0359044485194918	-3.32689407697266
2N	20.5_20.5_2_1_0.5_0.3_0.2_0.1_0_0_0_0_0_0_0_0_0_0_0_0_0_0_0_0_0	SUM-159_NLS_2N_O1_A23_seed	SUM-159_NLS_2N_O1_A23	0	150	105	4.68090452261307	0.0258797783397761	-3.65429337430976
2N	20.5_20.5_2_1_0.5_0.3_0.2_0.1_0_0_0_0_0_0_0_0_0_0_0_0_0_0_0_0_0	SUM-159_NLS_2N_O1_A23_seed	SUM-159_NLS_2N_O1_A23	0	150	106	4.72110552763819	0.0196479682299886	-3.92978134397776
2N	20.5_20.5_2_1_0.5_0.3_0.2_0.1_0_0_0_0_0_0_0_0_0_0_0_0_0_0_0_0_0	SUM-159_NLS_2N_O1_A23_seed	SUM-159_NLS_2N_O1_A23	0	150	107	4.76130653266332	0.0154179040562732	-4.17222584380311
2N	20.5_20.5_2_1_0.5_0.3_0.2_0.1_0_0_0_0_0_0_0_0_0_0_0_0_0_0_0_0_0	SUM-159_NLS_2N_O1_A23_seed	SUM-159_NLS_2N_O1_A23	0	150	108	4.80150753768844	0.0122340656661634	-4.4035309506624
2N	20.5_20.5_2_1_0.5_0.3_0.2_0.1_0_0_0_0_0_0_0_0_0_0_0_0_0_0_0_0_0	SUM-159_NLS_2N_O1_A23_seed	SUM-159_NLS_2N_O1_A23	0	150	109	4.84170854271357	0.00843264038070847	-4.77564534358821
2N	20.5_20.5_2_1_0.5_0.3_0.2_0.1_0_0_0_0_0_0_0_0_0_0_0_0_0_0_0_0_0	SUM-159_NLS_2N_O1_A23_seed	SUM-159_NLS_2N_O1_A23	0	150	110	4.88190954773869	0.00690013554542705	-4.97621422330708
2N	20.5_20.5_2_1_0.5_0.3_0.2_0.1_0_0_0_0_0_0_0_0_0_0_0_0_0_0_0_0_0	SUM-159_NLS_2N_O1_A23_seed	SUM-159_NLS_2N_O1_A23	0	150	111	4.92211055276382	0.00516199635092023	-5.26643188459797
2N	20.5_20.5_2_1_0.5_0.3_0.2_0.1_0_0_0_0_0_0_0_0_0_0_0_0_0_0_0_0_0	SUM-159_NLS_2N_O1_A23_seed	SUM-159_NLS_2N_O1_A23	0	150	112	4.96231155778894	0.00402268581608569	-5.51580548598549
2N	20.5_20.5_2_1_0.5_0.3_0.2_0.1_0_0_0_0_0_0_0_0_0_0_0_0_0_0_0_0_0	SUM-159_NLS_2N_O1_A23_seed	SUM-159_NLS_2N_O1_A23	0	150	113	5.00251256281407	0.00292857538542714	-5.83323919077254
2N	20.5_20.5_2_1_0.5_0.3_0.2_0.1_0_0_0_0_0_0_0_0_0_0_0_0_0_0_0_0_0	SUM-159_NLS_2N_O1_A23_seed	SUM-159_NLS_2N_O1_A23	0	150	114	5.0427135678392	0.00241037798644477	-6.02797170292936
2N	20.5_20.5_2_1_0.5_0.3_0.2_0.1_0_0_0_0_0_0_0_0_0_0_0_0_0_0_0_0_0	SUM-159_NLS_2N_O1_A23_seed	SUM-159_NLS_2N_O1_A23	0	150	115	5.08291457286432	0.00194805490363587	-6.24092388954097
2N	20.5_20.5_2_1_0.5_0.3_0.2_0.1_0_0_0_0_0_0_0_0_0_0_0_0_0_0_0_0_0	SUM-159_NLS_2N_O1_A23_seed	SUM-159_NLS_2N_O1_A23	0	150	116	5.12311557788945	0.00149517686233571	-6.50551077657099
2N	20.5_20.5_2_1_0.5_0.3_0.2_0.1_0_0_0_0_0_0_0_0_0_0_0_0_0_0_0_0_0	SUM-159_NLS_2N_O1_A23_seed	SUM-159_NLS_2N_O1_A23	0	150	117	5.16331658291457	0.00114286367920553	-6.77421816706913
2N	20.5_20.5_2_1_0.5_0.3_0.2_0.1_0_0_0_0_0_0_0_0_0_0_0_0_0_0_0_0_0	SUM-159_NLS_2N_O1_A23_seed	SUM-159_NLS_2N_O1_A23	0	150	118	5.2035175879397	0.000647307149679678	-7.34268964708577
2N	20.5_20.5_2_1_0.5_0.3_0.2_0.1_0_0_0_0_0_0_0_0_0_0_0_0_0_0_0_0_0	SUM-159_NLS_2N_O1_A23_seed	SUM-159_NLS_2N_O1_A23	0	150	119	5.24371859296482	0.000395898071522437	-7.83435377498697
2N	20.5_20.5_2_1_0.5_0.3_0.2_0.1_0_0_0_0_0_0_0_0_0_0_0_0_0_0_0_0_0	SUM-159_NLS_2N_O1_A23_seed	SUM-159_NLS_2N_O1_A23	0	150	120	5.28391959798995	0.00041017070249183	-7.79893713737346
2N	20.5_20.5_2_1_0.5_0.3_0.2_0.1_0_0_0_0_0_0_0_0_0_0_0_0_0_0_0_0_0	SUM-159_NLS_2N_O1_A23_seed	SUM-159_NLS_2N_O1_A23	0	150	121	5.32412060301508	0.000335870216170947	-7.99878573401521
2N	20.5_20.5_2_1_0.5_0.3_0.2_0.1_0_0_0_0_0_0_0_0_0_0_0_0_0_0_0_0_0	SUM-159_NLS_2N_O1_A23_seed	SUM-159_NLS_2N_O1_A23	0	150	122	5.3643216080402	0.00039902227316841	-7.82649332015521
2N	20.5_20.5_2_1_0.5_0.3_0.2_0.1_0_0_0_0_0_0_0_0_0_0_0_0_0_0_0_0_0	SUM-159_NLS_2N_O1_A23_seed	SUM-159_NLS_2N_O1_A23	0	150	123	5.40452261306533	0.000348731798250951	-7.96120741758584
2N	20.5_20.5_2_1_0.5_0.3_0.2_0.1_0_0_0_0_0_0_0_0_0_0_0_0_0_0_0_0_0	SUM-159_NLS_2N_O1_A23_seed	SUM-159_NLS_2N_O1_A23	0	150	124	5.44472361809045	0.000266438664943726	-8.23036649115199
2N	20.5_20.5_2_1_0.5_0.3_0.2_0.1_0_0_0_0_0_0_0_0_0_0_0_0_0_0_0_0_0	SUM-159_NLS_2N_O1_A23_seed	SUM-159_NLS_2N_O1_A23	0	150	125	5.48492462311558	0.000351964433664601	-7.9519804281967
2N	20.5_20.5_2_1_0.5_0.3_0.2_0.1_0_0_0_0_0_0_0_0_0_0_0_0_0_0_0_0_0	SUM-159_NLS_2N_O1_A23_seed	SUM-159_NLS_2N_O1_A23	0	150	126	5.5251256281407	0.00017013132847749	-8.67893989869853
2N	20.5_20.5_2_1_0.5_0.3_0.2_0.1_0_0_0_0_0_0_0_0_0_0_0_0_0_0_0_0_0	SUM-159_NLS_2N_O1_A23_seed	SUM-159_NLS_2N_O1_A23	0	150	127	5.56532663316583	0.000213324941795866	-8.4526940063842
2N	20.5_20.5_2_1_0.5_0.3_0.2_0.1_0_0_0_0_0_0_0_0_0_0_0_0_0_0_0_0_0	SUM-159_NLS_2N_O1_A23_seed	SUM-159_NLS_2N_O1_A23	0	150	128	5.60552763819095	0.000281967540757745	-8.17371859734704
2N	20.5_20.5_2_1_0.5_0.3_0.2_0.1_0_0_0_0_0_0_0_0_0_0_0_0_0_0_0_0_0	SUM-159_NLS_2N_O1_A23_seed	SUM-159_NLS_2N_O1_A23	0	150	129	5.64572864321608	0.00017567872618136	-8.64685365045856
2N	20.5_20.5_2_1_0.5_0.3_0.2_0.1_0_0_0_0_0_0_0_0_0_0_0_0_0_0_0_0_0	SUM-159_NLS_2N_O1_A23_seed	SUM-159_NLS_2N_O1_A23	0	150	130	5.68592964824121	0.000109356209610454	-9.12090002589271
2N	20.5_20.5_2_1_0.5_0.3_0.2_0.1_0_0_0_0_0_0_0_0_0_0_0_0_0_0_0_0_0	SUM-159_NLS_2N_O1_A23_seed	SUM-159_NLS_2N_O1_A23	0	150	131	5.72613065326633	0.00015475718255915	-8.77365323352416
2N	20.5_20.5_2_1_0.5_0.3_0.2_0.1_0_0_0_0_0_0_0_0_0_0_0_0_0_0_0_0_0	SUM-159_NLS_2N_O1_A23_seed	SUM-159_NLS_2N_O1_A23	0	150	132	5.76633165829146	0.000195536037361523	-8.5397658611963
2N	20.5_20.5_2_1_0.5_0.3_0.2_0.1_0_0_0_0_0_0_0_0_0_0_0_0_0_0_0_0_0	SUM-159_NLS_2N_O1_A23_seed	SUM-159_NLS_2N_O1_A23	0	150	133	5.80653266331658	0.000142278364256913	-8.85772510759817
2N	20.5_20.5_2_1_0.5_0.3_0.2_0.1_0_0_0_0_0_0_0_0_0_0_0_0_0_0_0_0_0	SUM-159_NLS_2N_O1_A23_seed	SUM-159_NLS_2N_O1_A23	0	150	134	5.84673366834171	8.87362847991067e-05	-9.32984167902575
2N	20.5_20.5_2_1_0.5_0.3_0.2_0.1_0_0_0_0_0_0_0_0_0_0_0_0_0_0_0_0_0	SUM-159_NLS_2N_O1_A23_seed	SUM-159_NLS_2N_O1_A23	0	150	135	5.88693467336683	0.000133497389001704	-8.9214286383549
2N	20.5_20.5_2_1_0.5_0.3_0.2_0.1_0_0_0_0_0_0_0_0_0_0_0_0_0_0_0_0_0	SUM-159_NLS_2N_O1_A23_seed	SUM-159_NLS_2N_O1_A23	0	150	136	5.92713567839196	3.8757883289831e-05	-10.1581763831184
2N	20.5_20.5_2_1_0.5_0.3_0.2_0.1_0_0_0_0_0_0_0_0_0_0_0_0_0_0_0_0_0	SUM-159_NLS_2N_O1_A23_seed	SUM-159_NLS_2N_O1_A23	0	150	137	5.96733668341709	8.22103154810612e-05	-9.40622977130533
2N	20.5_20.5_2_1_0.5_0.3_0.2_0.1_0_0_0_0_0_0_0_0_0_0_0_0_0_0_0_0_0	SUM-159_NLS_2N_O1_A23_seed	SUM-159_NLS_2N_O1_A23	0	150	138	6.00753768844221	8.23159074212473e-05	-9.40494618315967
2N	20.5_20.5_2_1_0.5_0.3_0.2_0.1_0_0_0_0_0_0_0_0_0_0_0_0_0_0_0_0_0	SUM-159_NLS_2N_O1_A23_seed	SUM-159_NLS_2N_O1_A23	0	150	139	6.04773869346734	6.24816341845457e-06	-11.9832229904465
2N	20.5_20.5_2_1_0.5_0.3_0.2_0.1_0_0_0_0_0_0_0_0_0_0_0_0_0_0_0_0_0	SUM-159_NLS_2N_O1_A23_seed	SUM-159_NLS_2N_O1_A23	0	150	140	6.08793969849246	1.23999524341139e-05	-11.2978179213192
2N	20.5_20.5_2_1_0.5_0.3_0.2_0.1_0_0_0_0_0_0_0_0_0_0_0_0_0_0_0_0_0	SUM-159_NLS_2N_O1_A23_seed	SUM-159_NLS_2N_O1_A23	0	150	141	6.12814070351759	2.75622096802952e-05	-10.4990649379539
2N	20.5_20.5_2_1_0.5_0.3_0.2_0.1_0_0_0_0_0_0_0_0_0_0_0_0_0_0_0_0_0	SUM-159_NLS_2N_O1_A23_seed	SUM-159_NLS_2N_O1_A23	0	150	142	6.16834170854271	3.3333828799345e-07	-14.9141079827625
2N	20.5_20.5_2_1_0.5_0.3_0.2_0.1_0_0_0_0_0_0_0_0_0_0_0_0_0_0_0_0_0	SUM-159_NLS_2N_O1_A23_seed	SUM-159_NLS_2N_O1_A23	0	150	143	6.20854271356784	2.43747202210812e-11	-24.43747457722
2N	20.5_20.5_2_1_0.5_0.3_0.2_0.1_0_0_0_0_0_0_0_0_0_0_0_0_0_0_0_0_0	SUM-159_NLS_2N_O1_A23_seed	SUM-159_NLS_2N_O1_A23	0	150	144	6.24874371859296	9.99870850076618e-13	-27.6311502741925
2N	20.5_20.5_2_1_0.5_0.3_0.2_0.1_0_0_0_0_0_0_0_0_0_0_0_0_0_0_0_0_0	SUM-159_NLS_2N_O1_A23_seed	SUM-159_NLS_2N_O1_A23	0	150	145	6.28894472361809	9.99870850076618e-13	-27.6311502741925
2N	20.5_20.5_2_1_0.5_0.3_0.2_0.1_0_0_0_0_0_0_0_0_0_0_0_0_0_0_0_0_0	SUM-159_NLS_2N_O1_A23_seed	SUM-159_NLS_2N_O1_A23	0	150	146	6.32914572864322	9.99870850076618e-13	-27.6311502741925
2N	20.5_20.5_2_1_0.5_0.3_0.2_0.1_0_0_0_0_0_0_0_0_0_0_0_0_0_0_0_0_0	SUM-159_NLS_2N_O1_A23_seed	SUM-159_NLS_2N_O1_A23	0	150	147	6.36934673366834	9.99870850076618e-13	-27.6311502741925
2N	20.5_20.5_2_1_0.5_0.3_0.2_0.1_0_0_0_0_0_0_0_0_0_0_0_0_0_0_0_0_0	SUM-159_NLS_2N_O1_A23_seed	SUM-159_NLS_2N_O1_A23	0	150	148	6.40954773869347	9.99870850076618e-13	-27.6311502741925
2N	20.5_20.5_2_1_0.5_0.3_0.2_0.1_0_0_0_0_0_0_0_0_0_0_0_0_0_0_0_0_0	SUM-159_NLS_2N_O1_A23_seed	SUM-159_NLS_2N_O1_A23	0	150	149	6.44974874371859	9.99870850076618e-13	-27.6311502741925
2N	20.5_20.5_2_1_0.5_0.3_0.2_0.1_0_0_0_0_0_0_0_0_0_0_0_0_0_0_0_0_0	SUM-159_NLS_2N_O1_A23_seed	SUM-159_NLS_2N_O1_A23	0	150	150	6.48994974874372	9.99870850076618e-13	-27.6311502741925
2N	20.5_20.5_2_1_0.5_0.3_0.2_0.1_0_0_0_0_0_0_0_0_0_0_0_0_0_0_0_0_0	SUM-159_NLS_2N_O1_A23_seed	SUM-159_NLS_2N_O1_A23	0	150	151	6.53015075376884	9.99870850076618e-13	-27.6311502741925
2N	20.5_20.5_2_1_0.5_0.3_0.2_0.1_0_0_0_0_0_0_0_0_0_0_0_0_0_0_0_0_0	SUM-159_NLS_2N_O1_A23_seed	SUM-159_NLS_2N_O1_A23	0	150	152	6.57035175879397	9.99870850076618e-13	-27.6311502741925
2N	20.5_20.5_2_1_0.5_0.3_0.2_0.1_0_0_0_0_0_0_0_0_0_0_0_0_0_0_0_0_0	SUM-159_NLS_2N_O1_A23_seed	SUM-159_NLS_2N_O1_A23	0	150	153	6.6105527638191	9.99870850076618e-13	-27.6311502741925
2N	20.5_20.5_2_1_0.5_0.3_0.2_0.1_0_0_0_0_0_0_0_0_0_0_0_0_0_0_0_0_0	SUM-159_NLS_2N_O1_A23_seed	SUM-159_NLS_2N_O1_A23	0	150	154	6.65075376884422	9.99870850076618e-13	-27.6311502741925
2N	20.5_20.5_2_1_0.5_0.3_0.2_0.1_0_0_0_0_0_0_0_0_0_0_0_0_0_0_0_0_0	SUM-159_NLS_2N_O1_A23_seed	SUM-159_NLS_2N_O1_A23	0	150	155	6.69095477386935	9.99870850076618e-13	-27.6311502741925
2N	20.5_20.5_2_1_0.5_0.3_0.2_0.1_0_0_0_0_0_0_0_0_0_0_0_0_0_0_0_0_0	SUM-159_NLS_2N_O1_A23_seed	SUM-159_NLS_2N_O1_A23	0	150	156	6.73115577889447	9.99870850076618e-13	-27.6311502741925
2N	20.5_20.5_2_1_0.5_0.3_0.2_0.1_0_0_0_0_0_0_0_0_0_0_0_0_0_0_0_0_0	SUM-159_NLS_2N_O1_A23_seed	SUM-159_NLS_2N_O1_A23	0	150	157	6.7713567839196	9.99870850076618e-13	-27.6311502741925
2N	20.5_20.5_2_1_0.5_0.3_0.2_0.1_0_0_0_0_0_0_0_0_0_0_0_0_0_0_0_0_0	SUM-159_NLS_2N_O1_A23_seed	SUM-159_NLS_2N_O1_A23	0	150	158	6.81155778894472	9.99870850076618e-13	-27.6311502741925
2N	20.5_20.5_2_1_0.5_0.3_0.2_0.1_0_0_0_0_0_0_0_0_0_0_0_0_0_0_0_0_0	SUM-159_NLS_2N_O1_A23_seed	SUM-159_NLS_2N_O1_A23	0	150	159	6.85175879396985	9.99870850076618e-13	-27.6311502741925
2N	20.5_20.5_2_1_0.5_0.3_0.2_0.1_0_0_0_0_0_0_0_0_0_0_0_0_0_0_0_0_0	SUM-159_NLS_2N_O1_A23_seed	SUM-159_NLS_2N_O1_A23	0	150	160	6.89195979899498	9.99870850076618e-13	-27.6311502741925
2N	20.5_20.5_2_1_0.5_0.3_0.2_0.1_0_0_0_0_0_0_0_0_0_0_0_0_0_0_0_0_0	SUM-159_NLS_2N_O1_A23_seed	SUM-159_NLS_2N_O1_A23	0	150	161	6.9321608040201	9.99870850076618e-13	-27.6311502741925
2N	20.5_20.5_2_1_0.5_0.3_0.2_0.1_0_0_0_0_0_0_0_0_0_0_0_0_0_0_0_0_0	SUM-159_NLS_2N_O1_A23_seed	SUM-159_NLS_2N_O1_A23	0	150	162	6.97236180904523	9.99870850076618e-13	-27.6311502741925
2N	20.5_20.5_2_1_0.5_0.3_0.2_0.1_0_0_0_0_0_0_0_0_0_0_0_0_0_0_0_0_0	SUM-159_NLS_2N_O1_A23_seed	SUM-159_NLS_2N_O1_A23	0	150	163	7.01256281407035	9.99870850076618e-13	-27.6311502741925
2N	20.5_20.5_2_1_0.5_0.3_0.2_0.1_0_0_0_0_0_0_0_0_0_0_0_0_0_0_0_0_0	SUM-159_NLS_2N_O1_A23_seed	SUM-159_NLS_2N_O1_A23	0	150	164	7.05276381909548	9.99870850076618e-13	-27.6311502741925
2N	20.5_20.5_2_1_0.5_0.3_0.2_0.1_0_0_0_0_0_0_0_0_0_0_0_0_0_0_0_0_0	SUM-159_NLS_2N_O1_A23_seed	SUM-159_NLS_2N_O1_A23	0	150	165	7.0929648241206	9.99870850076618e-13	-27.6311502741925
2N	20.5_20.5_2_1_0.5_0.3_0.2_0.1_0_0_0_0_0_0_0_0_0_0_0_0_0_0_0_0_0	SUM-159_NLS_2N_O1_A23_seed	SUM-159_NLS_2N_O1_A23	0	150	166	7.13316582914573	9.99870850076618e-13	-27.6311502741925
2N	20.5_20.5_2_1_0.5_0.3_0.2_0.1_0_0_0_0_0_0_0_0_0_0_0_0_0_0_0_0_0	SUM-159_NLS_2N_O1_A23_seed	SUM-159_NLS_2N_O1_A23	0	150	167	7.17336683417085	9.99870850076618e-13	-27.6311502741925
2N	20.5_20.5_2_1_0.5_0.3_0.2_0.1_0_0_0_0_0_0_0_0_0_0_0_0_0_0_0_0_0	SUM-159_NLS_2N_O1_A23_seed	SUM-159_NLS_2N_O1_A23	0	150	168	7.21356783919598	9.99870850076618e-13	-27.6311502741925
2N	20.5_20.5_2_1_0.5_0.3_0.2_0.1_0_0_0_0_0_0_0_0_0_0_0_0_0_0_0_0_0	SUM-159_NLS_2N_O1_A23_seed	SUM-159_NLS_2N_O1_A23	0	150	169	7.25376884422111	9.99870850076618e-13	-27.6311502741925
2N	20.5_20.5_2_1_0.5_0.3_0.2_0.1_0_0_0_0_0_0_0_0_0_0_0_0_0_0_0_0_0	SUM-159_NLS_2N_O1_A23_seed	SUM-159_NLS_2N_O1_A23	0	150	170	7.29396984924623	9.99870850076618e-13	-27.6311502741925
2N	20.5_20.5_2_1_0.5_0.3_0.2_0.1_0_0_0_0_0_0_0_0_0_0_0_0_0_0_0_0_0	SUM-159_NLS_2N_O1_A23_seed	SUM-159_NLS_2N_O1_A23	0	150	171	7.33417085427136	9.99870850076618e-13	-27.6311502741925
2N	20.5_20.5_2_1_0.5_0.3_0.2_0.1_0_0_0_0_0_0_0_0_0_0_0_0_0_0_0_0_0	SUM-159_NLS_2N_O1_A23_seed	SUM-159_NLS_2N_O1_A23	0	150	172	7.37437185929648	9.99870850076618e-13	-27.6311502741925
2N	20.5_20.5_2_1_0.5_0.3_0.2_0.1_0_0_0_0_0_0_0_0_0_0_0_0_0_0_0_0_0	SUM-159_NLS_2N_O1_A23_seed	SUM-159_NLS_2N_O1_A23	0	150	173	7.41457286432161	9.99870850076618e-13	-27.6311502741925
2N	20.5_20.5_2_1_0.5_0.3_0.2_0.1_0_0_0_0_0_0_0_0_0_0_0_0_0_0_0_0_0	SUM-159_NLS_2N_O1_A23_seed	SUM-159_NLS_2N_O1_A23	0	150	174	7.45477386934673	9.99870850076618e-13	-27.6311502741925
2N	20.5_20.5_2_1_0.5_0.3_0.2_0.1_0_0_0_0_0_0_0_0_0_0_0_0_0_0_0_0_0	SUM-159_NLS_2N_O1_A23_seed	SUM-159_NLS_2N_O1_A23	0	150	175	7.49497487437186	9.99870850076618e-13	-27.6311502741925
2N	20.5_20.5_2_1_0.5_0.3_0.2_0.1_0_0_0_0_0_0_0_0_0_0_0_0_0_0_0_0_0	SUM-159_NLS_2N_O1_A23_seed	SUM-159_NLS_2N_O1_A23	0	150	176	7.53517587939699	9.99870850076618e-13	-27.6311502741925
2N	20.5_20.5_2_1_0.5_0.3_0.2_0.1_0_0_0_0_0_0_0_0_0_0_0_0_0_0_0_0_0	SUM-159_NLS_2N_O1_A23_seed	SUM-159_NLS_2N_O1_A23	0	150	177	7.57537688442211	9.99870850076618e-13	-27.6311502741925
2N	20.5_20.5_2_1_0.5_0.3_0.2_0.1_0_0_0_0_0_0_0_0_0_0_0_0_0_0_0_0_0	SUM-159_NLS_2N_O1_A23_seed	SUM-159_NLS_2N_O1_A23	0	150	178	7.61557788944724	9.99870850076618e-13	-27.6311502741925
2N	20.5_20.5_2_1_0.5_0.3_0.2_0.1_0_0_0_0_0_0_0_0_0_0_0_0_0_0_0_0_0	SUM-159_NLS_2N_O1_A23_seed	SUM-159_NLS_2N_O1_A23	0	150	179	7.65577889447236	9.99870850076618e-13	-27.6311502741925
2N	20.5_20.5_2_1_0.5_0.3_0.2_0.1_0_0_0_0_0_0_0_0_0_0_0_0_0_0_0_0_0	SUM-159_NLS_2N_O1_A23_seed	SUM-159_NLS_2N_O1_A23	0	150	180	7.69597989949749	9.99870850076618e-13	-27.6311502741925
2N	20.5_20.5_2_1_0.5_0.3_0.2_0.1_0_0_0_0_0_0_0_0_0_0_0_0_0_0_0_0_0	SUM-159_NLS_2N_O1_A23_seed	SUM-159_NLS_2N_O1_A23	0	150	181	7.73618090452261	9.99870850076618e-13	-27.6311502741925
2N	20.5_20.5_2_1_0.5_0.3_0.2_0.1_0_0_0_0_0_0_0_0_0_0_0_0_0_0_0_0_0	SUM-159_NLS_2N_O1_A23_seed	SUM-159_NLS_2N_O1_A23	0	150	182	7.77638190954774	9.99870850076618e-13	-27.6311502741925
2N	20.5_20.5_2_1_0.5_0.3_0.2_0.1_0_0_0_0_0_0_0_0_0_0_0_0_0_0_0_0_0	SUM-159_NLS_2N_O1_A23_seed	SUM-159_NLS_2N_O1_A23	0	150	183	7.81658291457286	9.99870850076618e-13	-27.6311502741925
2N	20.5_20.5_2_1_0.5_0.3_0.2_0.1_0_0_0_0_0_0_0_0_0_0_0_0_0_0_0_0_0	SUM-159_NLS_2N_O1_A23_seed	SUM-159_NLS_2N_O1_A23	0	150	184	7.85678391959799	9.99870850076618e-13	-27.6311502741925
2N	20.5_20.5_2_1_0.5_0.3_0.2_0.1_0_0_0_0_0_0_0_0_0_0_0_0_0_0_0_0_0	SUM-159_NLS_2N_O1_A23_seed	SUM-159_NLS_2N_O1_A23	0	150	185	7.89698492462312	9.99870850076618e-13	-27.6311502741925
2N	20.5_20.5_2_1_0.5_0.3_0.2_0.1_0_0_0_0_0_0_0_0_0_0_0_0_0_0_0_0_0	SUM-159_NLS_2N_O1_A23_seed	SUM-159_NLS_2N_O1_A23	0	150	186	7.93718592964824	9.99870850076618e-13	-27.6311502741925
2N	20.5_20.5_2_1_0.5_0.3_0.2_0.1_0_0_0_0_0_0_0_0_0_0_0_0_0_0_0_0_0	SUM-159_NLS_2N_O1_A23_seed	SUM-159_NLS_2N_O1_A23	0	150	187	7.97738693467337	9.99870850076618e-13	-27.6311502741925
2N	20.5_20.5_2_1_0.5_0.3_0.2_0.1_0_0_0_0_0_0_0_0_0_0_0_0_0_0_0_0_0	SUM-159_NLS_2N_O1_A23_seed	SUM-159_NLS_2N_O1_A23	0	150	188	8.01758793969849	9.99870850076618e-13	-27.6311502741925
2N	20.5_20.5_2_1_0.5_0.3_0.2_0.1_0_0_0_0_0_0_0_0_0_0_0_0_0_0_0_0_0	SUM-159_NLS_2N_O1_A23_seed	SUM-159_NLS_2N_O1_A23	0	150	189	8.05778894472362	9.99870850076618e-13	-27.6311502741925
2N	20.5_20.5_2_1_0.5_0.3_0.2_0.1_0_0_0_0_0_0_0_0_0_0_0_0_0_0_0_0_0	SUM-159_NLS_2N_O1_A23_seed	SUM-159_NLS_2N_O1_A23	0	150	190	8.09798994974874	9.99870850076618e-13	-27.6311502741925
2N	20.5_20.5_2_1_0.5_0.3_0.2_0.1_0_0_0_0_0_0_0_0_0_0_0_0_0_0_0_0_0	SUM-159_NLS_2N_O1_A23_seed	SUM-159_NLS_2N_O1_A23	0	150	191	8.13819095477387	9.99870850076618e-13	-27.6311502741925
2N	20.5_20.5_2_1_0.5_0.3_0.2_0.1_0_0_0_0_0_0_0_0_0_0_0_0_0_0_0_0_0	SUM-159_NLS_2N_O1_A23_seed	SUM-159_NLS_2N_O1_A23	0	150	192	8.178391959799	9.99870850076618e-13	-27.6311502741925
2N	20.5_20.5_2_1_0.5_0.3_0.2_0.1_0_0_0_0_0_0_0_0_0_0_0_0_0_0_0_0_0	SUM-159_NLS_2N_O1_A23_seed	SUM-159_NLS_2N_O1_A23	0	150	193	8.21859296482412	9.99870850076618e-13	-27.6311502741925
2N	20.5_20.5_2_1_0.5_0.3_0.2_0.1_0_0_0_0_0_0_0_0_0_0_0_0_0_0_0_0_0	SUM-159_NLS_2N_O1_A23_seed	SUM-159_NLS_2N_O1_A23	0	150	194	8.25879396984925	9.99870850076618e-13	-27.6311502741925
2N	20.5_20.5_2_1_0.5_0.3_0.2_0.1_0_0_0_0_0_0_0_0_0_0_0_0_0_0_0_0_0	SUM-159_NLS_2N_O1_A23_seed	SUM-159_NLS_2N_O1_A23	0	150	195	8.29899497487437	9.99870850076618e-13	-27.6311502741925
2N	20.5_20.5_2_1_0.5_0.3_0.2_0.1_0_0_0_0_0_0_0_0_0_0_0_0_0_0_0_0_0	SUM-159_NLS_2N_O1_A23_seed	SUM-159_NLS_2N_O1_A23	0	150	196	8.3391959798995	9.99870850076618e-13	-27.6311502741925
2N	20.5_20.5_2_1_0.5_0.3_0.2_0.1_0_0_0_0_0_0_0_0_0_0_0_0_0_0_0_0_0	SUM-159_NLS_2N_O1_A23_seed	SUM-159_NLS_2N_O1_A23	0	150	197	8.37939698492462	9.99870850076618e-13	-27.6311502741925
2N	20.5_20.5_2_1_0.5_0.3_0.2_0.1_0_0_0_0_0_0_0_0_0_0_0_0_0_0_0_0_0	SUM-159_NLS_2N_O1_A23_seed	SUM-159_NLS_2N_O1_A23	0	150	198	8.41959798994975	9.99870850076618e-13	-27.6311502741925
2N	20.5_20.5_2_1_0.5_0.3_0.2_0.1_0_0_0_0_0_0_0_0_0_0_0_0_0_0_0_0_0	SUM-159_NLS_2N_O1_A23_seed	SUM-159_NLS_2N_O1_A23	0	150	199	8.45979899497488	9.99870850076618e-13	-27.6311502741925
2N	20.5_20.5_2_1_0.5_0.3_0.2_0.1_0_0_0_0_0_0_0_0_0_0_0_0_0_0_0_0_0	SUM-159_NLS_2N_O1_A23_seed	SUM-159_NLS_2N_O1_A23	0	150	200	8.5	9.99870850076618e-13	-27.6311502741925
2N	20.5_20.5_2_1_0.5_0.3_0.2_0.1_0_0_0_0_0_0_0_0_0_0_0_0_0_0_0_0_0	SUM-159_NLS_2N_O2_A23_seed	SUM-159_NLS_2N_O2_A23	0	150	1	0.5	9.99998486518495e-13	-27.6310226294112
2N	20.5_20.5_2_1_0.5_0.3_0.2_0.1_0_0_0_0_0_0_0_0_0_0_0_0_0_0_0_0_0	SUM-159_NLS_2N_O2_A23_seed	SUM-159_NLS_2N_O2_A23	0	150	2	0.540201005025126	9.99998486518495e-13	-27.6310226294112
2N	20.5_20.5_2_1_0.5_0.3_0.2_0.1_0_0_0_0_0_0_0_0_0_0_0_0_0_0_0_0_0	SUM-159_NLS_2N_O2_A23_seed	SUM-159_NLS_2N_O2_A23	0	150	3	0.580402010050251	9.99998486518495e-13	-27.6310226294112
2N	20.5_20.5_2_1_0.5_0.3_0.2_0.1_0_0_0_0_0_0_0_0_0_0_0_0_0_0_0_0_0	SUM-159_NLS_2N_O2_A23_seed	SUM-159_NLS_2N_O2_A23	0	150	4	0.620603015075377	9.99998486518495e-13	-27.6310226294112
2N	20.5_20.5_2_1_0.5_0.3_0.2_0.1_0_0_0_0_0_0_0_0_0_0_0_0_0_0_0_0_0	SUM-159_NLS_2N_O2_A23_seed	SUM-159_NLS_2N_O2_A23	0	150	5	0.660804020100503	9.99998486518495e-13	-27.6310226294112
2N	20.5_20.5_2_1_0.5_0.3_0.2_0.1_0_0_0_0_0_0_0_0_0_0_0_0_0_0_0_0_0	SUM-159_NLS_2N_O2_A23_seed	SUM-159_NLS_2N_O2_A23	0	150	6	0.701005025125628	1.2705455724392e-12	-27.3915747231053
2N	20.5_20.5_2_1_0.5_0.3_0.2_0.1_0_0_0_0_0_0_0_0_0_0_0_0_0_0_0_0_0	SUM-159_NLS_2N_O2_A23_seed	SUM-159_NLS_2N_O2_A23	0	150	7	0.741206030150754	3.32391578081013e-11	-24.127292482962
2N	20.5_20.5_2_1_0.5_0.3_0.2_0.1_0_0_0_0_0_0_0_0_0_0_0_0_0_0_0_0_0	SUM-159_NLS_2N_O2_A23_seed	SUM-159_NLS_2N_O2_A23	0	150	8	0.781407035175879	6.16532504984303e-10	-21.2069100696787
2N	20.5_20.5_2_1_0.5_0.3_0.2_0.1_0_0_0_0_0_0_0_0_0_0_0_0_0_0_0_0_0	SUM-159_NLS_2N_O2_A23_seed	SUM-159_NLS_2N_O2_A23	0	150	9	0.821608040201005	6.85741679415689e-09	-18.7979350267439
2N	20.5_20.5_2_1_0.5_0.3_0.2_0.1_0_0_0_0_0_0_0_0_0_0_0_0_0_0_0_0_0	SUM-159_NLS_2N_O2_A23_seed	SUM-159_NLS_2N_O2_A23	0	150	10	0.861809045226131	6.3199411476674e-08	-16.5769708479149
2N	20.5_20.5_2_1_0.5_0.3_0.2_0.1_0_0_0_0_0_0_0_0_0_0_0_0_0_0_0_0_0	SUM-159_NLS_2N_O2_A23_seed	SUM-159_NLS_2N_O2_A23	0	150	11	0.902010050251256	3.59279382829787e-07	-14.8391655259657
2N	20.5_20.5_2_1_0.5_0.3_0.2_0.1_0_0_0_0_0_0_0_0_0_0_0_0_0_0_0_0_0	SUM-159_NLS_2N_O2_A23_seed	SUM-159_NLS_2N_O2_A23	0	150	12	0.942211055276382	1.44654383366871e-06	-13.4463334097272
2N	20.5_20.5_2_1_0.5_0.3_0.2_0.1_0_0_0_0_0_0_0_0_0_0_0_0_0_0_0_0_0	SUM-159_NLS_2N_O2_A23_seed	SUM-159_NLS_2N_O2_A23	0	150	13	0.982412060301508	4.01362191895624e-06	-12.4258165026202
2N	20.5_20.5_2_1_0.5_0.3_0.2_0.1_0_0_0_0_0_0_0_0_0_0_0_0_0_0_0_0_0	SUM-159_NLS_2N_O2_A23_seed	SUM-159_NLS_2N_O2_A23	0	150	14	1.02261306532663	7.66673670398629e-06	-11.7786194954424
2N	20.5_20.5_2_1_0.5_0.3_0.2_0.1_0_0_0_0_0_0_0_0_0_0_0_0_0_0_0_0_0	SUM-159_NLS_2N_O2_A23_seed	SUM-159_NLS_2N_O2_A23	0	150	15	1.06281407035176	1.02385510143574e-05	-11.4893504508695
2N	20.5_20.5_2_1_0.5_0.3_0.2_0.1_0_0_0_0_0_0_0_0_0_0_0_0_0_0_0_0_0	SUM-159_NLS_2N_O2_A23_seed	SUM-159_NLS_2N_O2_A23	0	150	16	1.10301507537688	1.07127733471326e-05	-11.4440737577141
2N	20.5_20.5_2_1_0.5_0.3_0.2_0.1_0_0_0_0_0_0_0_0_0_0_0_0_0_0_0_0_0	SUM-159_NLS_2N_O2_A23_seed	SUM-159_NLS_2N_O2_A23	0	150	17	1.14321608040201	1.42062596583959e-05	-11.1618278694763
2N	20.5_20.5_2_1_0.5_0.3_0.2_0.1_0_0_0_0_0_0_0_0_0_0_0_0_0_0_0_0_0	SUM-159_NLS_2N_O2_A23_seed	SUM-159_NLS_2N_O2_A23	0	150	18	1.18341708542714	3.60002652787913e-05	-10.23198425068
2N	20.5_20.5_2_1_0.5_0.3_0.2_0.1_0_0_0_0_0_0_0_0_0_0_0_0_0_0_0_0_0	SUM-159_NLS_2N_O2_A23_seed	SUM-159_NLS_2N_O2_A23	0	150	19	1.22361809045226	0.000105082157976814	-9.16076805684454
2N	20.5_20.5_2_1_0.5_0.3_0.2_0.1_0_0_0_0_0_0_0_0_0_0_0_0_0_0_0_0_0	SUM-159_NLS_2N_O2_A23_seed	SUM-159_NLS_2N_O2_A23	0	150	20	1.26381909547739	0.000279693203795912	-8.1818172562428
2N	20.5_20.5_2_1_0.5_0.3_0.2_0.1_0_0_0_0_0_0_0_0_0_0_0_0_0_0_0_0_0	SUM-159_NLS_2N_O2_A23_seed	SUM-159_NLS_2N_O2_A23	0	150	21	1.30402010050251	0.00064505160800562	-7.34618023195751
2N	20.5_20.5_2_1_0.5_0.3_0.2_0.1_0_0_0_0_0_0_0_0_0_0_0_0_0_0_0_0_0	SUM-159_NLS_2N_O2_A23_seed	SUM-159_NLS_2N_O2_A23	0	150	22	1.34422110552764	0.00138990605563989	-6.57851911999415
2N	20.5_20.5_2_1_0.5_0.3_0.2_0.1_0_0_0_0_0_0_0_0_0_0_0_0_0_0_0_0_0	SUM-159_NLS_2N_O2_A23_seed	SUM-159_NLS_2N_O2_A23	0	150	23	1.38442211055276	0.00283235579918364	-5.86664647573716
2N	20.5_20.5_2_1_0.5_0.3_0.2_0.1_0_0_0_0_0_0_0_0_0_0_0_0_0_0_0_0_0	SUM-159_NLS_2N_O2_A23_seed	SUM-159_NLS_2N_O2_A23	0	150	24	1.42462311557789	0.00556353036287024	-5.19152241486901
2N	20.5_20.5_2_1_0.5_0.3_0.2_0.1_0_0_0_0_0_0_0_0_0_0_0_0_0_0_0_0_0	SUM-159_NLS_2N_O2_A23_seed	SUM-159_NLS_2N_O2_A23	0	150	25	1.46482412060302	0.0106324254665895	-4.54384694082207
2N	20.5_20.5_2_1_0.5_0.3_0.2_0.1_0_0_0_0_0_0_0_0_0_0_0_0_0_0_0_0_0	SUM-159_NLS_2N_O2_A23_seed	SUM-159_NLS_2N_O2_A23	0	150	26	1.50502512562814	0.0193491164553708	-3.94510852177
2N	20.5_20.5_2_1_0.5_0.3_0.2_0.1_0_0_0_0_0_0_0_0_0_0_0_0_0_0_0_0_0	SUM-159_NLS_2N_O2_A23_seed	SUM-159_NLS_2N_O2_A23	0	150	27	1.54522613065327	0.0341008641490156	-3.3784325534004
2N	20.5_20.5_2_1_0.5_0.3_0.2_0.1_0_0_0_0_0_0_0_0_0_0_0_0_0_0_0_0_0	SUM-159_NLS_2N_O2_A23_seed	SUM-159_NLS_2N_O2_A23	0	150	28	1.58542713567839	0.0572750343628165	-2.85989045068088
2N	20.5_20.5_2_1_0.5_0.3_0.2_0.1_0_0_0_0_0_0_0_0_0_0_0_0_0_0_0_0_0	SUM-159_NLS_2N_O2_A23_seed	SUM-159_NLS_2N_O2_A23	0	150	29	1.62562814070352	0.0921759342785741	-2.38405619899169
2N	20.5_20.5_2_1_0.5_0.3_0.2_0.1_0_0_0_0_0_0_0_0_0_0_0_0_0_0_0_0_0	SUM-159_NLS_2N_O2_A23_seed	SUM-159_NLS_2N_O2_A23	0	150	30	1.66582914572864	0.14203820812368	-1.95165918628054
2N	20.5_20.5_2_1_0.5_0.3_0.2_0.1_0_0_0_0_0_0_0_0_0_0_0_0_0_0_0_0_0	SUM-159_NLS_2N_O2_A23_seed	SUM-159_NLS_2N_O2_A23	0	150	31	1.70603015075377	0.208248553426234	-1.56902294429192
2N	20.5_20.5_2_1_0.5_0.3_0.2_0.1_0_0_0_0_0_0_0_0_0_0_0_0_0_0_0_0_0	SUM-159_NLS_2N_O2_A23_seed	SUM-159_NLS_2N_O2_A23	0	150	32	1.74623115577889	0.29220661242251	-1.23029415013887
2N	20.5_20.5_2_1_0.5_0.3_0.2_0.1_0_0_0_0_0_0_0_0_0_0_0_0_0_0_0_0_0	SUM-159_NLS_2N_O2_A23_seed	SUM-159_NLS_2N_O2_A23	0	150	33	1.78643216080402	0.390670511695346	-0.939890755338141
2N	20.5_20.5_2_1_0.5_0.3_0.2_0.1_0_0_0_0_0_0_0_0_0_0_0_0_0_0_0_0_0	SUM-159_NLS_2N_O2_A23_seed	SUM-159_NLS_2N_O2_A23	0	150	34	1.82663316582915	0.499165432458542	-0.694817710200844
2N	20.5_20.5_2_1_0.5_0.3_0.2_0.1_0_0_0_0_0_0_0_0_0_0_0_0_0_0_0_0_0	SUM-159_NLS_2N_O2_A23_seed	SUM-159_NLS_2N_O2_A23	0	150	35	1.86683417085427	0.609431594109326	-0.495228569157864
2N	20.5_20.5_2_1_0.5_0.3_0.2_0.1_0_0_0_0_0_0_0_0_0_0_0_0_0_0_0_0_0	SUM-159_NLS_2N_O2_A23_seed	SUM-159_NLS_2N_O2_A23	0	150	36	1.9070351758794	0.711279640246887	-0.340689620952073
2N	20.5_20.5_2_1_0.5_0.3_0.2_0.1_0_0_0_0_0_0_0_0_0_0_0_0_0_0_0_0_0	SUM-159_NLS_2N_O2_A23_seed	SUM-159_NLS_2N_O2_A23	0	150	37	1.94723618090452	0.792742462828168	-0.232256873236544
2N	20.5_20.5_2_1_0.5_0.3_0.2_0.1_0_0_0_0_0_0_0_0_0_0_0_0_0_0_0_0_0	SUM-159_NLS_2N_O2_A23_seed	SUM-159_NLS_2N_O2_A23	0	150	38	1.98743718592965	0.845928316084663	-0.167320655726382
2N	20.5_20.5_2_1_0.5_0.3_0.2_0.1_0_0_0_0_0_0_0_0_0_0_0_0_0_0_0_0_0	SUM-159_NLS_2N_O2_A23_seed	SUM-159_NLS_2N_O2_A23	0	150	39	2.02763819095477	0.863574729674624	-0.146674842378433
2N	20.5_20.5_2_1_0.5_0.3_0.2_0.1_0_0_0_0_0_0_0_0_0_0_0_0_0_0_0_0_0	SUM-159_NLS_2N_O2_A23_seed	SUM-159_NLS_2N_O2_A23	0	150	40	2.0678391959799	0.844743122724848	-0.168722694616678
2N	20.5_20.5_2_1_0.5_0.3_0.2_0.1_0_0_0_0_0_0_0_0_0_0_0_0_0_0_0_0_0	SUM-159_NLS_2N_O2_A23_seed	SUM-159_NLS_2N_O2_A23	0	150	41	2.10804020100502	0.791986216487202	-0.233211290744403
2N	20.5_20.5_2_1_0.5_0.3_0.2_0.1_0_0_0_0_0_0_0_0_0_0_0_0_0_0_0_0_0	SUM-159_NLS_2N_O2_A23_seed	SUM-159_NLS_2N_O2_A23	0	150	42	2.14824120603015	0.710678540405926	-0.341535074615823
2N	20.5_20.5_2_1_0.5_0.3_0.2_0.1_0_0_0_0_0_0_0_0_0_0_0_0_0_0_0_0_0	SUM-159_NLS_2N_O2_A23_seed	SUM-159_NLS_2N_O2_A23	0	150	43	2.18844221105528	0.611858411234478	-0.49125437742835
2N	20.5_20.5_2_1_0.5_0.3_0.2_0.1_0_0_0_0_0_0_0_0_0_0_0_0_0_0_0_0_0	SUM-159_NLS_2N_O2_A23_seed	SUM-159_NLS_2N_O2_A23	0	150	44	2.2286432160804	0.505934578155454	-0.681347910236523
2N	20.5_20.5_2_1_0.5_0.3_0.2_0.1_0_0_0_0_0_0_0_0_0_0_0_0_0_0_0_0_0	SUM-159_NLS_2N_O2_A23_seed	SUM-159_NLS_2N_O2_A23	0	150	45	2.26884422110553	0.402890500130618	-0.909090465790498
2N	20.5_20.5_2_1_0.5_0.3_0.2_0.1_0_0_0_0_0_0_0_0_0_0_0_0_0_0_0_0_0	SUM-159_NLS_2N_O2_A23_seed	SUM-159_NLS_2N_O2_A23	0	150	46	2.30904522613065	0.309459660775011	-1.17292753210485
2N	20.5_20.5_2_1_0.5_0.3_0.2_0.1_0_0_0_0_0_0_0_0_0_0_0_0_0_0_0_0_0	SUM-159_NLS_2N_O2_A23_seed	SUM-159_NLS_2N_O2_A23	0	150	47	2.34924623115578	0.229667195880969	-1.47112399236797
2N	20.5_20.5_2_1_0.5_0.3_0.2_0.1_0_0_0_0_0_0_0_0_0_0_0_0_0_0_0_0_0	SUM-159_NLS_2N_O2_A23_seed	SUM-159_NLS_2N_O2_A23	0	150	48	2.3894472361809	0.164197948411892	-1.80668257648832
2N	20.5_20.5_2_1_0.5_0.3_0.2_0.1_0_0_0_0_0_0_0_0_0_0_0_0_0_0_0_0_0	SUM-159_NLS_2N_O2_A23_seed	SUM-159_NLS_2N_O2_A23	0	150	49	2.42964824120603	0.1136448891305	-2.17467669994995
2N	20.5_20.5_2_1_0.5_0.3_0.2_0.1_0_0_0_0_0_0_0_0_0_0_0_0_0_0_0_0_0	SUM-159_NLS_2N_O2_A23_seed	SUM-159_NLS_2N_O2_A23	0	150	50	2.46984924623116	0.075824483906977	-2.57933403180089
2N	20.5_20.5_2_1_0.5_0.3_0.2_0.1_0_0_0_0_0_0_0_0_0_0_0_0_0_0_0_0_0	SUM-159_NLS_2N_O2_A23_seed	SUM-159_NLS_2N_O2_A23	0	150	51	2.51005025125628	0.0490892092771603	-3.0141160386573
2N	20.5_20.5_2_1_0.5_0.3_0.2_0.1_0_0_0_0_0_0_0_0_0_0_0_0_0_0_0_0_0	SUM-159_NLS_2N_O2_A23_seed	SUM-159_NLS_2N_O2_A23	0	150	52	2.55025125628141	0.0310782913165068	-3.47124573194035
2N	20.5_20.5_2_1_0.5_0.3_0.2_0.1_0_0_0_0_0_0_0_0_0_0_0_0_0_0_0_0_0	SUM-159_NLS_2N_O2_A23_seed	SUM-159_NLS_2N_O2_A23	0	150	53	2.59045226130653	0.019245707593748	-3.95046722525552
2N	20.5_20.5_2_1_0.5_0.3_0.2_0.1_0_0_0_0_0_0_0_0_0_0_0_0_0_0_0_0_0	SUM-159_NLS_2N_O2_A23_seed	SUM-159_NLS_2N_O2_A23	0	150	54	2.63065326633166	0.0119120985670107	-4.43020070903672
2N	20.5_20.5_2_1_0.5_0.3_0.2_0.1_0_0_0_0_0_0_0_0_0_0_0_0_0_0_0_0_0	SUM-159_NLS_2N_O2_A23_seed	SUM-159_NLS_2N_O2_A23	0	150	55	2.67085427135678	0.00731565916967916	-4.91773813651533
2N	20.5_20.5_2_1_0.5_0.3_0.2_0.1_0_0_0_0_0_0_0_0_0_0_0_0_0_0_0_0_0	SUM-159_NLS_2N_O2_A23_seed	SUM-159_NLS_2N_O2_A23	0	150	56	2.71105527638191	0.00455341687033942	-5.39187736733488
2N	20.5_20.5_2_1_0.5_0.3_0.2_0.1_0_0_0_0_0_0_0_0_0_0_0_0_0_0_0_0_0	SUM-159_NLS_2N_O2_A23_seed	SUM-159_NLS_2N_O2_A23	0	150	57	2.75125628140704	0.00290036897594436	-5.84291731699889
2N	20.5_20.5_2_1_0.5_0.3_0.2_0.1_0_0_0_0_0_0_0_0_0_0_0_0_0_0_0_0_0	SUM-159_NLS_2N_O2_A23_seed	SUM-159_NLS_2N_O2_A23	0	150	58	2.79145728643216	0.00188437530127571	-6.27415891816776
2N	20.5_20.5_2_1_0.5_0.3_0.2_0.1_0_0_0_0_0_0_0_0_0_0_0_0_0_0_0_0_0	SUM-159_NLS_2N_O2_A23_seed	SUM-159_NLS_2N_O2_A23	0	150	59	2.83165829145729	0.00124611763571408	-6.68772245238783
2N	20.5_20.5_2_1_0.5_0.3_0.2_0.1_0_0_0_0_0_0_0_0_0_0_0_0_0_0_0_0_0	SUM-159_NLS_2N_O2_A23_seed	SUM-159_NLS_2N_O2_A23	0	150	60	2.87185929648241	0.000822486843752702	-7.10317807089012
2N	20.5_20.5_2_1_0.5_0.3_0.2_0.1_0_0_0_0_0_0_0_0_0_0_0_0_0_0_0_0_0	SUM-159_NLS_2N_O2_A23_seed	SUM-159_NLS_2N_O2_A23	0	150	61	2.91206030150754	0.000560300620517048	-7.48703709592078
2N	20.5_20.5_2_1_0.5_0.3_0.2_0.1_0_0_0_0_0_0_0_0_0_0_0_0_0_0_0_0_0	SUM-159_NLS_2N_O2_A23_seed	SUM-159_NLS_2N_O2_A23	0	150	62	2.95226130653266	0.000428713008571285	-7.75472284059099
2N	20.5_20.5_2_1_0.5_0.3_0.2_0.1_0_0_0_0_0_0_0_0_0_0_0_0_0_0_0_0_0	SUM-159_NLS_2N_O2_A23_seed	SUM-159_NLS_2N_O2_A23	0	150	63	2.99246231155779	0.000412728470127059	-7.79272063854255
2N	20.5_20.5_2_1_0.5_0.3_0.2_0.1_0_0_0_0_0_0_0_0_0_0_0_0_0_0_0_0_0	SUM-159_NLS_2N_O2_A23_seed	SUM-159_NLS_2N_O2_A23	0	150	64	3.03266331658291	0.00050073352341889	-7.5994364877662
2N	20.5_20.5_2_1_0.5_0.3_0.2_0.1_0_0_0_0_0_0_0_0_0_0_0_0_0_0_0_0_0	SUM-159_NLS_2N_O2_A23_seed	SUM-159_NLS_2N_O2_A23	0	150	65	3.07286432160804	0.000689641972963584	-7.27933797480058
2N	20.5_20.5_2_1_0.5_0.3_0.2_0.1_0_0_0_0_0_0_0_0_0_0_0_0_0_0_0_0_0	SUM-159_NLS_2N_O2_A23_seed	SUM-159_NLS_2N_O2_A23	0	150	66	3.11306532663317	0.00105391651574662	-6.85524203907153
2N	20.5_20.5_2_1_0.5_0.3_0.2_0.1_0_0_0_0_0_0_0_0_0_0_0_0_0_0_0_0_0	SUM-159_NLS_2N_O2_A23_seed	SUM-159_NLS_2N_O2_A23	0	150	67	3.15326633165829	0.00173095551477023	-6.35908170226894
2N	20.5_20.5_2_1_0.5_0.3_0.2_0.1_0_0_0_0_0_0_0_0_0_0_0_0_0_0_0_0_0	SUM-159_NLS_2N_O2_A23_seed	SUM-159_NLS_2N_O2_A23	0	150	68	3.19346733668342	0.00288339457118247	-5.8487870083716
2N	20.5_20.5_2_1_0.5_0.3_0.2_0.1_0_0_0_0_0_0_0_0_0_0_0_0_0_0_0_0_0	SUM-159_NLS_2N_O2_A23_seed	SUM-159_NLS_2N_O2_A23	0	150	69	3.23366834170854	0.00463747363109361	-5.3735855370823
2N	20.5_20.5_2_1_0.5_0.3_0.2_0.1_0_0_0_0_0_0_0_0_0_0_0_0_0_0_0_0_0	SUM-159_NLS_2N_O2_A23_seed	SUM-159_NLS_2N_O2_A23	0	150	70	3.27386934673367	0.00717668955668728	-4.93691706677317
2N	20.5_20.5_2_1_0.5_0.3_0.2_0.1_0_0_0_0_0_0_0_0_0_0_0_0_0_0_0_0_0	SUM-159_NLS_2N_O2_A23_seed	SUM-159_NLS_2N_O2_A23	0	150	71	3.31407035175879	0.0110867334460291	-4.50200607050952
2N	20.5_20.5_2_1_0.5_0.3_0.2_0.1_0_0_0_0_0_0_0_0_0_0_0_0_0_0_0_0_0	SUM-159_NLS_2N_O2_A23_seed	SUM-159_NLS_2N_O2_A23	0	150	72	3.35427135678392	0.0169846568713896	-4.07544487943473
2N	20.5_20.5_2_1_0.5_0.3_0.2_0.1_0_0_0_0_0_0_0_0_0_0_0_0_0_0_0_0_0	SUM-159_NLS_2N_O2_A23_seed	SUM-159_NLS_2N_O2_A23	0	150	73	3.39447236180905	0.0257209813725127	-3.66044822433315
2N	20.5_20.5_2_1_0.5_0.3_0.2_0.1_0_0_0_0_0_0_0_0_0_0_0_0_0_0_0_0_0	SUM-159_NLS_2N_O2_A23_seed	SUM-159_NLS_2N_O2_A23	0	150	74	3.43467336683417	0.0382195750416094	-3.26440745897569
2N	20.5_20.5_2_1_0.5_0.3_0.2_0.1_0_0_0_0_0_0_0_0_0_0_0_0_0_0_0_0_0	SUM-159_NLS_2N_O2_A23_seed	SUM-159_NLS_2N_O2_A23	0	150	75	3.4748743718593	0.0556123838453555	-2.8893493714949
2N	20.5_20.5_2_1_0.5_0.3_0.2_0.1_0_0_0_0_0_0_0_0_0_0_0_0_0_0_0_0_0	SUM-159_NLS_2N_O2_A23_seed	SUM-159_NLS_2N_O2_A23	0	150	76	3.51507537688442	0.0798546699175813	-2.52754692240465
2N	20.5_20.5_2_1_0.5_0.3_0.2_0.1_0_0_0_0_0_0_0_0_0_0_0_0_0_0_0_0_0	SUM-159_NLS_2N_O2_A23_seed	SUM-159_NLS_2N_O2_A23	0	150	77	3.55527638190955	0.112240061093556	-2.18711529887628
2N	20.5_20.5_2_1_0.5_0.3_0.2_0.1_0_0_0_0_0_0_0_0_0_0_0_0_0_0_0_0_0	SUM-159_NLS_2N_O2_A23_seed	SUM-159_NLS_2N_O2_A23	0	150	78	3.59547738693467	0.154829410436205	-1.86543134597434
2N	20.5_20.5_2_1_0.5_0.3_0.2_0.1_0_0_0_0_0_0_0_0_0_0_0_0_0_0_0_0_0	SUM-159_NLS_2N_O2_A23_seed	SUM-159_NLS_2N_O2_A23	0	150	79	3.6356783919598	0.208511495840567	-1.56776110333723
2N	20.5_20.5_2_1_0.5_0.3_0.2_0.1_0_0_0_0_0_0_0_0_0_0_0_0_0_0_0_0_0	SUM-159_NLS_2N_O2_A23_seed	SUM-159_NLS_2N_O2_A23	0	150	80	3.67587939698492	0.273453838315921	-1.29662245265989
2N	20.5_20.5_2_1_0.5_0.3_0.2_0.1_0_0_0_0_0_0_0_0_0_0_0_0_0_0_0_0_0	SUM-159_NLS_2N_O2_A23_seed	SUM-159_NLS_2N_O2_A23	0	150	81	3.71608040201005	0.349664715186963	-1.05078054024103
2N	20.5_20.5_2_1_0.5_0.3_0.2_0.1_0_0_0_0_0_0_0_0_0_0_0_0_0_0_0_0_0	SUM-159_NLS_2N_O2_A23_seed	SUM-159_NLS_2N_O2_A23	0	150	82	3.75628140703518	0.435486717877933	-0.831290981712804
2N	20.5_20.5_2_1_0.5_0.3_0.2_0.1_0_0_0_0_0_0_0_0_0_0_0_0_0_0_0_0_0	SUM-159_NLS_2N_O2_A23_seed	SUM-159_NLS_2N_O2_A23	0	150	83	3.7964824120603	0.528809591422632	-0.637126852517944
2N	20.5_20.5_2_1_0.5_0.3_0.2_0.1_0_0_0_0_0_0_0_0_0_0_0_0_0_0_0_0_0	SUM-159_NLS_2N_O2_A23_seed	SUM-159_NLS_2N_O2_A23	0	150	84	3.83668341708543	0.624367607733403	-0.471015969115428
2N	20.5_20.5_2_1_0.5_0.3_0.2_0.1_0_0_0_0_0_0_0_0_0_0_0_0_0_0_0_0_0	SUM-159_NLS_2N_O2_A23_seed	SUM-159_NLS_2N_O2_A23	0	150	85	3.87688442211055	0.714296658054924	-0.336456915461689
2N	20.5_20.5_2_1_0.5_0.3_0.2_0.1_0_0_0_0_0_0_0_0_0_0_0_0_0_0_0_0_0	SUM-159_NLS_2N_O2_A23_seed	SUM-159_NLS_2N_O2_A23	0	150	86	3.91708542713568	0.787384891554831	-0.239038088420327
2N	20.5_20.5_2_1_0.5_0.3_0.2_0.1_0_0_0_0_0_0_0_0_0_0_0_0_0_0_0_0_0	SUM-159_NLS_2N_O2_A23_seed	SUM-159_NLS_2N_O2_A23	0	150	87	3.9572864321608	0.834166867756275	-0.181321815394437
2N	20.5_20.5_2_1_0.5_0.3_0.2_0.1_0_0_0_0_0_0_0_0_0_0_0_0_0_0_0_0_0	SUM-159_NLS_2N_O2_A23_seed	SUM-159_NLS_2N_O2_A23	0	150	88	3.99748743718593	0.849868343884154	-0.162673831042454
2N	20.5_20.5_2_1_0.5_0.3_0.2_0.1_0_0_0_0_0_0_0_0_0_0_0_0_0_0_0_0_0	SUM-159_NLS_2N_O2_A23_seed	SUM-159_NLS_2N_O2_A23	0	150	89	4.03768844221106	0.84400905623275	-0.169592054310158
2N	20.5_20.5_2_1_0.5_0.3_0.2_0.1_0_0_0_0_0_0_0_0_0_0_0_0_0_0_0_0_0	SUM-159_NLS_2N_O2_A23_seed	SUM-159_NLS_2N_O2_A23	0	150	90	4.07788944723618	0.826773745178945	-0.190224206421163
2N	20.5_20.5_2_1_0.5_0.3_0.2_0.1_0_0_0_0_0_0_0_0_0_0_0_0_0_0_0_0_0	SUM-159_NLS_2N_O2_A23_seed	SUM-159_NLS_2N_O2_A23	0	150	91	4.11809045226131	0.802214517473683	-0.220379228734787
2N	20.5_20.5_2_1_0.5_0.3_0.2_0.1_0_0_0_0_0_0_0_0_0_0_0_0_0_0_0_0_0	SUM-159_NLS_2N_O2_A23_seed	SUM-159_NLS_2N_O2_A23	0	150	92	4.15829145728643	0.768733887407983	-0.263010419550352
2N	20.5_20.5_2_1_0.5_0.3_0.2_0.1_0_0_0_0_0_0_0_0_0_0_0_0_0_0_0_0_0	SUM-159_NLS_2N_O2_A23_seed	SUM-159_NLS_2N_O2_A23	0	150	93	4.19849246231156	0.723907880659398	-0.323091131349981
2N	20.5_20.5_2_1_0.5_0.3_0.2_0.1_0_0_0_0_0_0_0_0_0_0_0_0_0_0_0_0_0	SUM-159_NLS_2N_O2_A23_seed	SUM-159_NLS_2N_O2_A23	0	150	94	4.23869346733668	0.669167305530204	-0.401721167114662
2N	20.5_20.5_2_1_0.5_0.3_0.2_0.1_0_0_0_0_0_0_0_0_0_0_0_0_0_0_0_0_0	SUM-159_NLS_2N_O2_A23_seed	SUM-159_NLS_2N_O2_A23	0	150	95	4.27889447236181	0.606368997595191	-0.500266571298665
2N	20.5_20.5_2_1_0.5_0.3_0.2_0.1_0_0_0_0_0_0_0_0_0_0_0_0_0_0_0_0_0	SUM-159_NLS_2N_O2_A23_seed	SUM-159_NLS_2N_O2_A23	0	150	96	4.31909547738693	0.538574411392675	-0.618829609215843
2N	20.5_20.5_2_1_0.5_0.3_0.2_0.1_0_0_0_0_0_0_0_0_0_0_0_0_0_0_0_0_0	SUM-159_NLS_2N_O2_A23_seed	SUM-159_NLS_2N_O2_A23	0	150	97	4.35929648241206	0.468904579267677	-0.757355986955018
2N	20.5_20.5_2_1_0.5_0.3_0.2_0.1_0_0_0_0_0_0_0_0_0_0_0_0_0_0_0_0_0	SUM-159_NLS_2N_O2_A23_seed	SUM-159_NLS_2N_O2_A23	0	150	98	4.39949748743719	0.4003597801828	-0.915391685680327
2N	20.5_20.5_2_1_0.5_0.3_0.2_0.1_0_0_0_0_0_0_0_0_0_0_0_0_0_0_0_0_0	SUM-159_NLS_2N_O2_A23_seed	SUM-159_NLS_2N_O2_A23	0	150	99	4.43969849246231	0.335368162410752	-1.09252635833609
2N	20.5_20.5_2_1_0.5_0.3_0.2_0.1_0_0_0_0_0_0_0_0_0_0_0_0_0_0_0_0_0	SUM-159_NLS_2N_O2_A23_seed	SUM-159_NLS_2N_O2_A23	0	150	100	4.47989949748744	0.276094128597182	-1.28701342576587
2N	20.5_20.5_2_1_0.5_0.3_0.2_0.1_0_0_0_0_0_0_0_0_0_0_0_0_0_0_0_0_0	SUM-159_NLS_2N_O2_A23_seed	SUM-159_NLS_2N_O2_A23	0	150	101	4.52010050251256	0.223609560067121	-1.49785378339549
2N	20.5_20.5_2_1_0.5_0.3_0.2_0.1_0_0_0_0_0_0_0_0_0_0_0_0_0_0_0_0_0	SUM-159_NLS_2N_O2_A23_seed	SUM-159_NLS_2N_O2_A23	0	150	102	4.56030150753769	0.178417357528667	-1.72362976800486
2N	20.5_20.5_2_1_0.5_0.3_0.2_0.1_0_0_0_0_0_0_0_0_0_0_0_0_0_0_0_0_0	SUM-159_NLS_2N_O2_A23_seed	SUM-159_NLS_2N_O2_A23	0	150	103	4.60050251256281	0.14076950985991	-1.96063140799879
2N	20.5_20.5_2_1_0.5_0.3_0.2_0.1_0_0_0_0_0_0_0_0_0_0_0_0_0_0_0_0_0	SUM-159_NLS_2N_O2_A23_seed	SUM-159_NLS_2N_O2_A23	0	150	104	4.64070351758794	0.109964950381372	-2.20759359686059
2N	20.5_20.5_2_1_0.5_0.3_0.2_0.1_0_0_0_0_0_0_0_0_0_0_0_0_0_0_0_0_0	SUM-159_NLS_2N_O2_A23_seed	SUM-159_NLS_2N_O2_A23	0	150	105	4.68090452261307	0.0855485725559908	-2.45867096427711
2N	20.5_20.5_2_1_0.5_0.3_0.2_0.1_0_0_0_0_0_0_0_0_0_0_0_0_0_0_0_0_0	SUM-159_NLS_2N_O2_A23_seed	SUM-159_NLS_2N_O2_A23	0	150	106	4.72110552763819	0.0660967057695814	-2.71663637043779
2N	20.5_20.5_2_1_0.5_0.3_0.2_0.1_0_0_0_0_0_0_0_0_0_0_0_0_0_0_0_0_0	SUM-159_NLS_2N_O2_A23_seed	SUM-159_NLS_2N_O2_A23	0	150	107	4.76130653266332	0.0507126096974827	-2.98158068732679
2N	20.5_20.5_2_1_0.5_0.3_0.2_0.1_0_0_0_0_0_0_0_0_0_0_0_0_0_0_0_0_0	SUM-159_NLS_2N_O2_A23_seed	SUM-159_NLS_2N_O2_A23	0	150	108	4.80150753768844	0.0387078809373681	-3.25171205788612
2N	20.5_20.5_2_1_0.5_0.3_0.2_0.1_0_0_0_0_0_0_0_0_0_0_0_0_0_0_0_0_0	SUM-159_NLS_2N_O2_A23_seed	SUM-159_NLS_2N_O2_A23	0	150	109	4.84170854271357	0.0293655640783262	-3.52793258098642
2N	20.5_20.5_2_1_0.5_0.3_0.2_0.1_0_0_0_0_0_0_0_0_0_0_0_0_0_0_0_0_0	SUM-159_NLS_2N_O2_A23_seed	SUM-159_NLS_2N_O2_A23	0	150	110	4.88190954773869	0.0222721601489334	-3.80441780426091
2N	20.5_20.5_2_1_0.5_0.3_0.2_0.1_0_0_0_0_0_0_0_0_0_0_0_0_0_0_0_0_0	SUM-159_NLS_2N_O2_A23_seed	SUM-159_NLS_2N_O2_A23	0	150	111	4.92211055276382	0.0168016323659131	-4.08627923265542
2N	20.5_20.5_2_1_0.5_0.3_0.2_0.1_0_0_0_0_0_0_0_0_0_0_0_0_0_0_0_0_0	SUM-159_NLS_2N_O2_A23_seed	SUM-159_NLS_2N_O2_A23	0	150	112	4.96231155778894	0.012674066453991	-4.36819738476246
2N	20.5_20.5_2_1_0.5_0.3_0.2_0.1_0_0_0_0_0_0_0_0_0_0_0_0_0_0_0_0_0	SUM-159_NLS_2N_O2_A23_seed	SUM-159_NLS_2N_O2_A23	0	150	113	5.00251256281407	0.00962250410803504	-4.64365074588674
2N	20.5_20.5_2_1_0.5_0.3_0.2_0.1_0_0_0_0_0_0_0_0_0_0_0_0_0_0_0_0_0	SUM-159_NLS_2N_O2_A23_seed	SUM-159_NLS_2N_O2_A23	0	150	114	5.0427135678392	0.0073622292491294	-4.91139250499242
2N	20.5_20.5_2_1_0.5_0.3_0.2_0.1_0_0_0_0_0_0_0_0_0_0_0_0_0_0_0_0_0	SUM-159_NLS_2N_O2_A23_seed	SUM-159_NLS_2N_O2_A23	0	150	115	5.08291457286432	0.00568134171027678	-5.1705678575458
2N	20.5_20.5_2_1_0.5_0.3_0.2_0.1_0_0_0_0_0_0_0_0_0_0_0_0_0_0_0_0_0	SUM-159_NLS_2N_O2_A23_seed	SUM-159_NLS_2N_O2_A23	0	150	116	5.12311557788945	0.00437978310745619	-5.4307560746655
2N	20.5_20.5_2_1_0.5_0.3_0.2_0.1_0_0_0_0_0_0_0_0_0_0_0_0_0_0_0_0_0	SUM-159_NLS_2N_O2_A23_seed	SUM-159_NLS_2N_O2_A23	0	150	117	5.16331658291457	0.00339064520338732	-5.68673505021639
2N	20.5_20.5_2_1_0.5_0.3_0.2_0.1_0_0_0_0_0_0_0_0_0_0_0_0_0_0_0_0_0	SUM-159_NLS_2N_O2_A23_seed	SUM-159_NLS_2N_O2_A23	0	150	118	5.2035175879397	0.00266044580347284	-5.92926157494051
2N	20.5_20.5_2_1_0.5_0.3_0.2_0.1_0_0_0_0_0_0_0_0_0_0_0_0_0_0_0_0_0	SUM-159_NLS_2N_O2_A23_seed	SUM-159_NLS_2N_O2_A23	0	150	119	5.24371859296482	0.00213792327328667	-6.14792035416699
2N	20.5_20.5_2_1_0.5_0.3_0.2_0.1_0_0_0_0_0_0_0_0_0_0_0_0_0_0_0_0_0	SUM-159_NLS_2N_O2_A23_seed	SUM-159_NLS_2N_O2_A23	0	150	120	5.28391959798995	0.00176101350147729	-6.34186578255976
2N	20.5_20.5_2_1_0.5_0.3_0.2_0.1_0_0_0_0_0_0_0_0_0_0_0_0_0_0_0_0_0	SUM-159_NLS_2N_O2_A23_seed	SUM-159_NLS_2N_O2_A23	0	150	121	5.32412060301508	0.00146255770565151	-6.52756852278093
2N	20.5_20.5_2_1_0.5_0.3_0.2_0.1_0_0_0_0_0_0_0_0_0_0_0_0_0_0_0_0_0	SUM-159_NLS_2N_O2_A23_seed	SUM-159_NLS_2N_O2_A23	0	150	122	5.3643216080402	0.00121716958591327	-6.71122712717997
2N	20.5_20.5_2_1_0.5_0.3_0.2_0.1_0_0_0_0_0_0_0_0_0_0_0_0_0_0_0_0_0	SUM-159_NLS_2N_O2_A23_seed	SUM-159_NLS_2N_O2_A23	0	150	123	5.40452261306533	0.00101073436012469	-6.89707812309792
2N	20.5_20.5_2_1_0.5_0.3_0.2_0.1_0_0_0_0_0_0_0_0_0_0_0_0_0_0_0_0_0	SUM-159_NLS_2N_O2_A23_seed	SUM-159_NLS_2N_O2_A23	0	150	124	5.44472361809045	0.000832344529924655	-7.09126410439104
2N	20.5_20.5_2_1_0.5_0.3_0.2_0.1_0_0_0_0_0_0_0_0_0_0_0_0_0_0_0_0_0	SUM-159_NLS_2N_O2_A23_seed	SUM-159_NLS_2N_O2_A23	0	150	125	5.48492462311558	0.000680907565239451	-7.29208399489021
2N	20.5_20.5_2_1_0.5_0.3_0.2_0.1_0_0_0_0_0_0_0_0_0_0_0_0_0_0_0_0_0	SUM-159_NLS_2N_O2_A23_seed	SUM-159_NLS_2N_O2_A23	0	150	126	5.5251256281407	0.000567271364397094	-7.47467277190718
2N	20.5_20.5_2_1_0.5_0.3_0.2_0.1_0_0_0_0_0_0_0_0_0_0_0_0_0_0_0_0_0	SUM-159_NLS_2N_O2_A23_seed	SUM-159_NLS_2N_O2_A23	0	150	127	5.56532663316583	0.000500731012842647	-7.59944150157578
2N	20.5_20.5_2_1_0.5_0.3_0.2_0.1_0_0_0_0_0_0_0_0_0_0_0_0_0_0_0_0_0	SUM-159_NLS_2N_O2_A23_seed	SUM-159_NLS_2N_O2_A23	0	150	128	5.60552763819095	0.000469228160208007	-7.66442142549231
2N	20.5_20.5_2_1_0.5_0.3_0.2_0.1_0_0_0_0_0_0_0_0_0_0_0_0_0_0_0_0_0	SUM-159_NLS_2N_O2_A23_seed	SUM-159_NLS_2N_O2_A23	0	150	129	5.64572864321608	0.000466697418106246	-7.66982943725812
2N	20.5_20.5_2_1_0.5_0.3_0.2_0.1_0_0_0_0_0_0_0_0_0_0_0_0_0_0_0_0_0	SUM-159_NLS_2N_O2_A23_seed	SUM-159_NLS_2N_O2_A23	0	150	130	5.68592964824121	0.000495520463520235	-7.60990190631797
2N	20.5_20.5_2_1_0.5_0.3_0.2_0.1_0_0_0_0_0_0_0_0_0_0_0_0_0_0_0_0_0	SUM-159_NLS_2N_O2_A23_seed	SUM-159_NLS_2N_O2_A23	0	150	131	5.72613065326633	0.00054296807030838	-7.51846004213794
2N	20.5_20.5_2_1_0.5_0.3_0.2_0.1_0_0_0_0_0_0_0_0_0_0_0_0_0_0_0_0_0	SUM-159_NLS_2N_O2_A23_seed	SUM-159_NLS_2N_O2_A23	0	150	132	5.76633165829146	0.000571696194045686	-7.46690283697436
2N	20.5_20.5_2_1_0.5_0.3_0.2_0.1_0_0_0_0_0_0_0_0_0_0_0_0_0_0_0_0_0	SUM-159_NLS_2N_O2_A23_seed	SUM-159_NLS_2N_O2_A23	0	150	133	5.80653266331658	0.000549839191309033	-7.50588470192708
2N	20.5_20.5_2_1_0.5_0.3_0.2_0.1_0_0_0_0_0_0_0_0_0_0_0_0_0_0_0_0_0	SUM-159_NLS_2N_O2_A23_seed	SUM-159_NLS_2N_O2_A23	0	150	134	5.84673366834171	0.000474658611353626	-7.65291472526733
2N	20.5_20.5_2_1_0.5_0.3_0.2_0.1_0_0_0_0_0_0_0_0_0_0_0_0_0_0_0_0_0	SUM-159_NLS_2N_O2_A23_seed	SUM-159_NLS_2N_O2_A23	0	150	135	5.88693467336683	0.000378105948450034	-7.88033611471287
2N	20.5_20.5_2_1_0.5_0.3_0.2_0.1_0_0_0_0_0_0_0_0_0_0_0_0_0_0_0_0_0	SUM-159_NLS_2N_O2_A23_seed	SUM-159_NLS_2N_O2_A23	0	150	136	5.92713567839196	0.000292382723220729	-8.13744691794672
2N	20.5_20.5_2_1_0.5_0.3_0.2_0.1_0_0_0_0_0_0_0_0_0_0_0_0_0_0_0_0_0	SUM-159_NLS_2N_O2_A23_seed	SUM-159_NLS_2N_O2_A23	0	150	137	5.96733668341709	0.000225033343191067	-8.3992619747789
2N	20.5_20.5_2_1_0.5_0.3_0.2_0.1_0_0_0_0_0_0_0_0_0_0_0_0_0_0_0_0_0	SUM-159_NLS_2N_O2_A23_seed	SUM-159_NLS_2N_O2_A23	0	150	138	6.00753768844221	0.000166210178854686	-8.70225743280527
2N	20.5_20.5_2_1_0.5_0.3_0.2_0.1_0_0_0_0_0_0_0_0_0_0_0_0_0_0_0_0_0	SUM-159_NLS_2N_O2_A23_seed	SUM-159_NLS_2N_O2_A23	0	150	139	6.04773869346734	0.000114242985939753	-9.07718292228677
2N	20.5_20.5_2_1_0.5_0.3_0.2_0.1_0_0_0_0_0_0_0_0_0_0_0_0_0_0_0_0_0	SUM-159_NLS_2N_O2_A23_seed	SUM-159_NLS_2N_O2_A23	0	150	140	6.08793969849246	7.48412986326639e-05	-9.50014070458889
2N	20.5_20.5_2_1_0.5_0.3_0.2_0.1_0_0_0_0_0_0_0_0_0_0_0_0_0_0_0_0_0	SUM-159_NLS_2N_O2_A23_seed	SUM-159_NLS_2N_O2_A23	0	150	141	6.12814070351759	5.15866669113325e-05	-9.87224731205726
2N	20.5_20.5_2_1_0.5_0.3_0.2_0.1_0_0_0_0_0_0_0_0_0_0_0_0_0_0_0_0_0	SUM-159_NLS_2N_O2_A23_seed	SUM-159_NLS_2N_O2_A23	0	150	142	6.16834170854271	4.13690542624165e-05	-10.0929774382208
2N	20.5_20.5_2_1_0.5_0.3_0.2_0.1_0_0_0_0_0_0_0_0_0_0_0_0_0_0_0_0_0	SUM-159_NLS_2N_O2_A23_seed	SUM-159_NLS_2N_O2_A23	0	150	143	6.20854271356784	3.58005530995022e-05	-10.2375472149702
2N	20.5_20.5_2_1_0.5_0.3_0.2_0.1_0_0_0_0_0_0_0_0_0_0_0_0_0_0_0_0_0	SUM-159_NLS_2N_O2_A23_seed	SUM-159_NLS_2N_O2_A23	0	150	144	6.24874371859296	2.93668611552805e-05	-10.4356436909444
2N	20.5_20.5_2_1_0.5_0.3_0.2_0.1_0_0_0_0_0_0_0_0_0_0_0_0_0_0_0_0_0	SUM-159_NLS_2N_O2_A23_seed	SUM-159_NLS_2N_O2_A23	0	150	145	6.28894472361809	2.17697025558425e-05	-10.7349913458409
2N	20.5_20.5_2_1_0.5_0.3_0.2_0.1_0_0_0_0_0_0_0_0_0_0_0_0_0_0_0_0_0	SUM-159_NLS_2N_O2_A23_seed	SUM-159_NLS_2N_O2_A23	0	150	146	6.32914572864322	1.43922740462629e-05	-11.1488190199282
2N	20.5_20.5_2_1_0.5_0.3_0.2_0.1_0_0_0_0_0_0_0_0_0_0_0_0_0_0_0_0_0	SUM-159_NLS_2N_O2_A23_seed	SUM-159_NLS_2N_O2_A23	0	150	147	6.36934673366834	8.03638240710692e-06	-11.7315315253958
2N	20.5_20.5_2_1_0.5_0.3_0.2_0.1_0_0_0_0_0_0_0_0_0_0_0_0_0_0_0_0_0	SUM-159_NLS_2N_O2_A23_seed	SUM-159_NLS_2N_O2_A23	0	150	148	6.40954773869347	3.44228442535754e-06	-12.5793752298418
2N	20.5_20.5_2_1_0.5_0.3_0.2_0.1_0_0_0_0_0_0_0_0_0_0_0_0_0_0_0_0_0	SUM-159_NLS_2N_O2_A23_seed	SUM-159_NLS_2N_O2_A23	0	150	149	6.44974874371859	1.10511960302157e-06	-13.7155569908233
2N	20.5_20.5_2_1_0.5_0.3_0.2_0.1_0_0_0_0_0_0_0_0_0_0_0_0_0_0_0_0_0	SUM-159_NLS_2N_O2_A23_seed	SUM-159_NLS_2N_O2_A23	0	150	150	6.48994974874372	2.4483909956491e-07	-15.2226645786173
2N	20.5_20.5_2_1_0.5_0.3_0.2_0.1_0_0_0_0_0_0_0_0_0_0_0_0_0_0_0_0_0	SUM-159_NLS_2N_O2_A23_seed	SUM-159_NLS_2N_O2_A23	0	150	151	6.53015075376884	3.77068862178588e-08	-17.0934231008738
2N	20.5_20.5_2_1_0.5_0.3_0.2_0.1_0_0_0_0_0_0_0_0_0_0_0_0_0_0_0_0_0	SUM-159_NLS_2N_O2_A23_seed	SUM-159_NLS_2N_O2_A23	0	150	152	6.57035175879397	4.23091845100462e-09	-19.28084673956
2N	20.5_20.5_2_1_0.5_0.3_0.2_0.1_0_0_0_0_0_0_0_0_0_0_0_0_0_0_0_0_0	SUM-159_NLS_2N_O2_A23_seed	SUM-159_NLS_2N_O2_A23	0	150	153	6.6105527638191	2.76007371126183e-10	-22.0105935435891
2N	20.5_20.5_2_1_0.5_0.3_0.2_0.1_0_0_0_0_0_0_0_0_0_0_0_0_0_0_0_0_0	SUM-159_NLS_2N_O2_A23_seed	SUM-159_NLS_2N_O2_A23	0	150	154	6.65075376884422	1.62214306114841e-11	-24.8446878706693
2N	20.5_20.5_2_1_0.5_0.3_0.2_0.1_0_0_0_0_0_0_0_0_0_0_0_0_0_0_0_0_0	SUM-159_NLS_2N_O2_A23_seed	SUM-159_NLS_2N_O2_A23	0	150	155	6.69095477386935	9.99998486518495e-13	-27.6310226294112
2N	20.5_20.5_2_1_0.5_0.3_0.2_0.1_0_0_0_0_0_0_0_0_0_0_0_0_0_0_0_0_0	SUM-159_NLS_2N_O2_A23_seed	SUM-159_NLS_2N_O2_A23	0	150	156	6.73115577889447	9.99998486518495e-13	-27.6310226294112
2N	20.5_20.5_2_1_0.5_0.3_0.2_0.1_0_0_0_0_0_0_0_0_0_0_0_0_0_0_0_0_0	SUM-159_NLS_2N_O2_A23_seed	SUM-159_NLS_2N_O2_A23	0	150	157	6.7713567839196	9.99998486518495e-13	-27.6310226294112
2N	20.5_20.5_2_1_0.5_0.3_0.2_0.1_0_0_0_0_0_0_0_0_0_0_0_0_0_0_0_0_0	SUM-159_NLS_2N_O2_A23_seed	SUM-159_NLS_2N_O2_A23	0	150	158	6.81155778894472	9.99998486518495e-13	-27.6310226294112
2N	20.5_20.5_2_1_0.5_0.3_0.2_0.1_0_0_0_0_0_0_0_0_0_0_0_0_0_0_0_0_0	SUM-159_NLS_2N_O2_A23_seed	SUM-159_NLS_2N_O2_A23	0	150	159	6.85175879396985	9.99998486518495e-13	-27.6310226294112
2N	20.5_20.5_2_1_0.5_0.3_0.2_0.1_0_0_0_0_0_0_0_0_0_0_0_0_0_0_0_0_0	SUM-159_NLS_2N_O2_A23_seed	SUM-159_NLS_2N_O2_A23	0	150	160	6.89195979899498	9.99998486518495e-13	-27.6310226294112
2N	20.5_20.5_2_1_0.5_0.3_0.2_0.1_0_0_0_0_0_0_0_0_0_0_0_0_0_0_0_0_0	SUM-159_NLS_2N_O2_A23_seed	SUM-159_NLS_2N_O2_A23	0	150	161	6.9321608040201	9.99998486518495e-13	-27.6310226294112
2N	20.5_20.5_2_1_0.5_0.3_0.2_0.1_0_0_0_0_0_0_0_0_0_0_0_0_0_0_0_0_0	SUM-159_NLS_2N_O2_A23_seed	SUM-159_NLS_2N_O2_A23	0	150	162	6.97236180904523	9.99998486518495e-13	-27.6310226294112
2N	20.5_20.5_2_1_0.5_0.3_0.2_0.1_0_0_0_0_0_0_0_0_0_0_0_0_0_0_0_0_0	SUM-159_NLS_2N_O2_A23_seed	SUM-159_NLS_2N_O2_A23	0	150	163	7.01256281407035	9.99998486518495e-13	-27.6310226294112
2N	20.5_20.5_2_1_0.5_0.3_0.2_0.1_0_0_0_0_0_0_0_0_0_0_0_0_0_0_0_0_0	SUM-159_NLS_2N_O2_A23_seed	SUM-159_NLS_2N_O2_A23	0	150	164	7.05276381909548	9.99998486518495e-13	-27.6310226294112
2N	20.5_20.5_2_1_0.5_0.3_0.2_0.1_0_0_0_0_0_0_0_0_0_0_0_0_0_0_0_0_0	SUM-159_NLS_2N_O2_A23_seed	SUM-159_NLS_2N_O2_A23	0	150	165	7.0929648241206	9.99998486518495e-13	-27.6310226294112
2N	20.5_20.5_2_1_0.5_0.3_0.2_0.1_0_0_0_0_0_0_0_0_0_0_0_0_0_0_0_0_0	SUM-159_NLS_2N_O2_A23_seed	SUM-159_NLS_2N_O2_A23	0	150	166	7.13316582914573	9.99998486518495e-13	-27.6310226294112
2N	20.5_20.5_2_1_0.5_0.3_0.2_0.1_0_0_0_0_0_0_0_0_0_0_0_0_0_0_0_0_0	SUM-159_NLS_2N_O2_A23_seed	SUM-159_NLS_2N_O2_A23	0	150	167	7.17336683417085	9.99998486518495e-13	-27.6310226294112
2N	20.5_20.5_2_1_0.5_0.3_0.2_0.1_0_0_0_0_0_0_0_0_0_0_0_0_0_0_0_0_0	SUM-159_NLS_2N_O2_A23_seed	SUM-159_NLS_2N_O2_A23	0	150	168	7.21356783919598	9.99998486518495e-13	-27.6310226294112
2N	20.5_20.5_2_1_0.5_0.3_0.2_0.1_0_0_0_0_0_0_0_0_0_0_0_0_0_0_0_0_0	SUM-159_NLS_2N_O2_A23_seed	SUM-159_NLS_2N_O2_A23	0	150	169	7.25376884422111	9.99998486518495e-13	-27.6310226294112
2N	20.5_20.5_2_1_0.5_0.3_0.2_0.1_0_0_0_0_0_0_0_0_0_0_0_0_0_0_0_0_0	SUM-159_NLS_2N_O2_A23_seed	SUM-159_NLS_2N_O2_A23	0	150	170	7.29396984924623	9.99998486518495e-13	-27.6310226294112
2N	20.5_20.5_2_1_0.5_0.3_0.2_0.1_0_0_0_0_0_0_0_0_0_0_0_0_0_0_0_0_0	SUM-159_NLS_2N_O2_A23_seed	SUM-159_NLS_2N_O2_A23	0	150	171	7.33417085427136	9.99998486518495e-13	-27.6310226294112
2N	20.5_20.5_2_1_0.5_0.3_0.2_0.1_0_0_0_0_0_0_0_0_0_0_0_0_0_0_0_0_0	SUM-159_NLS_2N_O2_A23_seed	SUM-159_NLS_2N_O2_A23	0	150	172	7.37437185929648	9.99998486518495e-13	-27.6310226294112
2N	20.5_20.5_2_1_0.5_0.3_0.2_0.1_0_0_0_0_0_0_0_0_0_0_0_0_0_0_0_0_0	SUM-159_NLS_2N_O2_A23_seed	SUM-159_NLS_2N_O2_A23	0	150	173	7.41457286432161	9.99998486518495e-13	-27.6310226294112
2N	20.5_20.5_2_1_0.5_0.3_0.2_0.1_0_0_0_0_0_0_0_0_0_0_0_0_0_0_0_0_0	SUM-159_NLS_2N_O2_A23_seed	SUM-159_NLS_2N_O2_A23	0	150	174	7.45477386934673	9.99998486518495e-13	-27.6310226294112
2N	20.5_20.5_2_1_0.5_0.3_0.2_0.1_0_0_0_0_0_0_0_0_0_0_0_0_0_0_0_0_0	SUM-159_NLS_2N_O2_A23_seed	SUM-159_NLS_2N_O2_A23	0	150	175	7.49497487437186	9.99998486518495e-13	-27.6310226294112
2N	20.5_20.5_2_1_0.5_0.3_0.2_0.1_0_0_0_0_0_0_0_0_0_0_0_0_0_0_0_0_0	SUM-159_NLS_2N_O2_A23_seed	SUM-159_NLS_2N_O2_A23	0	150	176	7.53517587939699	9.99998486518495e-13	-27.6310226294112
2N	20.5_20.5_2_1_0.5_0.3_0.2_0.1_0_0_0_0_0_0_0_0_0_0_0_0_0_0_0_0_0	SUM-159_NLS_2N_O2_A23_seed	SUM-159_NLS_2N_O2_A23	0	150	177	7.57537688442211	9.99998486518495e-13	-27.6310226294112
2N	20.5_20.5_2_1_0.5_0.3_0.2_0.1_0_0_0_0_0_0_0_0_0_0_0_0_0_0_0_0_0	SUM-159_NLS_2N_O2_A23_seed	SUM-159_NLS_2N_O2_A23	0	150	178	7.61557788944724	9.99998486518495e-13	-27.6310226294112
2N	20.5_20.5_2_1_0.5_0.3_0.2_0.1_0_0_0_0_0_0_0_0_0_0_0_0_0_0_0_0_0	SUM-159_NLS_2N_O2_A23_seed	SUM-159_NLS_2N_O2_A23	0	150	179	7.65577889447236	9.99998486518495e-13	-27.6310226294112
2N	20.5_20.5_2_1_0.5_0.3_0.2_0.1_0_0_0_0_0_0_0_0_0_0_0_0_0_0_0_0_0	SUM-159_NLS_2N_O2_A23_seed	SUM-159_NLS_2N_O2_A23	0	150	180	7.69597989949749	9.99998486518495e-13	-27.6310226294112
2N	20.5_20.5_2_1_0.5_0.3_0.2_0.1_0_0_0_0_0_0_0_0_0_0_0_0_0_0_0_0_0	SUM-159_NLS_2N_O2_A23_seed	SUM-159_NLS_2N_O2_A23	0	150	181	7.73618090452261	9.99998486518495e-13	-27.6310226294112
2N	20.5_20.5_2_1_0.5_0.3_0.2_0.1_0_0_0_0_0_0_0_0_0_0_0_0_0_0_0_0_0	SUM-159_NLS_2N_O2_A23_seed	SUM-159_NLS_2N_O2_A23	0	150	182	7.77638190954774	9.99998486518495e-13	-27.6310226294112
2N	20.5_20.5_2_1_0.5_0.3_0.2_0.1_0_0_0_0_0_0_0_0_0_0_0_0_0_0_0_0_0	SUM-159_NLS_2N_O2_A23_seed	SUM-159_NLS_2N_O2_A23	0	150	183	7.81658291457286	9.99998486518495e-13	-27.6310226294112
2N	20.5_20.5_2_1_0.5_0.3_0.2_0.1_0_0_0_0_0_0_0_0_0_0_0_0_0_0_0_0_0	SUM-159_NLS_2N_O2_A23_seed	SUM-159_NLS_2N_O2_A23	0	150	184	7.85678391959799	9.99998486518495e-13	-27.6310226294112
2N	20.5_20.5_2_1_0.5_0.3_0.2_0.1_0_0_0_0_0_0_0_0_0_0_0_0_0_0_0_0_0	SUM-159_NLS_2N_O2_A23_seed	SUM-159_NLS_2N_O2_A23	0	150	185	7.89698492462312	9.99998486518495e-13	-27.6310226294112
2N	20.5_20.5_2_1_0.5_0.3_0.2_0.1_0_0_0_0_0_0_0_0_0_0_0_0_0_0_0_0_0	SUM-159_NLS_2N_O2_A23_seed	SUM-159_NLS_2N_O2_A23	0	150	186	7.93718592964824	9.99998486518495e-13	-27.6310226294112
2N	20.5_20.5_2_1_0.5_0.3_0.2_0.1_0_0_0_0_0_0_0_0_0_0_0_0_0_0_0_0_0	SUM-159_NLS_2N_O2_A23_seed	SUM-159_NLS_2N_O2_A23	0	150	187	7.97738693467337	9.99998486518495e-13	-27.6310226294112
2N	20.5_20.5_2_1_0.5_0.3_0.2_0.1_0_0_0_0_0_0_0_0_0_0_0_0_0_0_0_0_0	SUM-159_NLS_2N_O2_A23_seed	SUM-159_NLS_2N_O2_A23	0	150	188	8.01758793969849	9.99998486518495e-13	-27.6310226294112
2N	20.5_20.5_2_1_0.5_0.3_0.2_0.1_0_0_0_0_0_0_0_0_0_0_0_0_0_0_0_0_0	SUM-159_NLS_2N_O2_A23_seed	SUM-159_NLS_2N_O2_A23	0	150	189	8.05778894472362	9.99998486518495e-13	-27.6310226294112
2N	20.5_20.5_2_1_0.5_0.3_0.2_0.1_0_0_0_0_0_0_0_0_0_0_0_0_0_0_0_0_0	SUM-159_NLS_2N_O2_A23_seed	SUM-159_NLS_2N_O2_A23	0	150	190	8.09798994974874	9.99998486518495e-13	-27.6310226294112
2N	20.5_20.5_2_1_0.5_0.3_0.2_0.1_0_0_0_0_0_0_0_0_0_0_0_0_0_0_0_0_0	SUM-159_NLS_2N_O2_A23_seed	SUM-159_NLS_2N_O2_A23	0	150	191	8.13819095477387	9.99998486518495e-13	-27.6310226294112
2N	20.5_20.5_2_1_0.5_0.3_0.2_0.1_0_0_0_0_0_0_0_0_0_0_0_0_0_0_0_0_0	SUM-159_NLS_2N_O2_A23_seed	SUM-159_NLS_2N_O2_A23	0	150	192	8.178391959799	9.99998486518495e-13	-27.6310226294112
2N	20.5_20.5_2_1_0.5_0.3_0.2_0.1_0_0_0_0_0_0_0_0_0_0_0_0_0_0_0_0_0	SUM-159_NLS_2N_O2_A23_seed	SUM-159_NLS_2N_O2_A23	0	150	193	8.21859296482412	9.99998486518495e-13	-27.6310226294112
2N	20.5_20.5_2_1_0.5_0.3_0.2_0.1_0_0_0_0_0_0_0_0_0_0_0_0_0_0_0_0_0	SUM-159_NLS_2N_O2_A23_seed	SUM-159_NLS_2N_O2_A23	0	150	194	8.25879396984925	9.99998486518495e-13	-27.6310226294112
2N	20.5_20.5_2_1_0.5_0.3_0.2_0.1_0_0_0_0_0_0_0_0_0_0_0_0_0_0_0_0_0	SUM-159_NLS_2N_O2_A23_seed	SUM-159_NLS_2N_O2_A23	0	150	195	8.29899497487437	9.99998486518495e-13	-27.6310226294112
2N	20.5_20.5_2_1_0.5_0.3_0.2_0.1_0_0_0_0_0_0_0_0_0_0_0_0_0_0_0_0_0	SUM-159_NLS_2N_O2_A23_seed	SUM-159_NLS_2N_O2_A23	0	150	196	8.3391959798995	9.99998486518495e-13	-27.6310226294112
2N	20.5_20.5_2_1_0.5_0.3_0.2_0.1_0_0_0_0_0_0_0_0_0_0_0_0_0_0_0_0_0	SUM-159_NLS_2N_O2_A23_seed	SUM-159_NLS_2N_O2_A23	0	150	197	8.37939698492462	9.99998486518495e-13	-27.6310226294112
2N	20.5_20.5_2_1_0.5_0.3_0.2_0.1_0_0_0_0_0_0_0_0_0_0_0_0_0_0_0_0_0	SUM-159_NLS_2N_O2_A23_seed	SUM-159_NLS_2N_O2_A23	0	150	198	8.41959798994975	9.99998486518495e-13	-27.6310226294112
2N	20.5_20.5_2_1_0.5_0.3_0.2_0.1_0_0_0_0_0_0_0_0_0_0_0_0_0_0_0_0_0	SUM-159_NLS_2N_O2_A23_seed	SUM-159_NLS_2N_O2_A23	0	150	199	8.45979899497488	9.99998486518495e-13	-27.6310226294112
2N	20.5_20.5_2_1_0.5_0.3_0.2_0.1_0_0_0_0_0_0_0_0_0_0_0_0_0_0_0_0_0	SUM-159_NLS_2N_O2_A23_seed	SUM-159_NLS_2N_O2_A23	0	150	200	8.5	9.99998486518495e-13	-27.6310226294112
4N	20.5_20.5_20.5	SUM-159_NLS_4N_C_A1_seed	SUM-159_NLS_4N_C_A1_	20.5	31	1	0.5	1.0000246559562e-12	-27.6309964602763
4N	20.5_20.5_20.5	SUM-159_NLS_4N_C_A1_seed	SUM-159_NLS_4N_C_A1_	20.5	31	2	0.540201005025126	1.0000246559562e-12	-27.6309964602763
4N	20.5_20.5_20.5	SUM-159_NLS_4N_C_A1_seed	SUM-159_NLS_4N_C_A1_	20.5	31	3	0.580402010050251	1.0000246559562e-12	-27.6309964602763
4N	20.5_20.5_20.5	SUM-159_NLS_4N_C_A1_seed	SUM-159_NLS_4N_C_A1_	20.5	31	4	0.620603015075377	1.0000246559562e-12	-27.6309964602763
4N	20.5_20.5_20.5	SUM-159_NLS_4N_C_A1_seed	SUM-159_NLS_4N_C_A1_	20.5	31	5	0.660804020100503	1.0000246559562e-12	-27.6309964602763
4N	20.5_20.5_20.5	SUM-159_NLS_4N_C_A1_seed	SUM-159_NLS_4N_C_A1_	20.5	31	6	0.701005025125628	1.0000246559562e-12	-27.6309964602763
4N	20.5_20.5_20.5	SUM-159_NLS_4N_C_A1_seed	SUM-159_NLS_4N_C_A1_	20.5	31	7	0.741206030150754	1.0000246559562e-12	-27.6309964602763
4N	20.5_20.5_20.5	SUM-159_NLS_4N_C_A1_seed	SUM-159_NLS_4N_C_A1_	20.5	31	8	0.781407035175879	1.0000246559562e-12	-27.6309964602763
4N	20.5_20.5_20.5	SUM-159_NLS_4N_C_A1_seed	SUM-159_NLS_4N_C_A1_	20.5	31	9	0.821608040201005	1.0000246559562e-12	-27.6309964602763
4N	20.5_20.5_20.5	SUM-159_NLS_4N_C_A1_seed	SUM-159_NLS_4N_C_A1_	20.5	31	10	0.861809045226131	1.0000246559562e-12	-27.6309964602763
4N	20.5_20.5_20.5	SUM-159_NLS_4N_C_A1_seed	SUM-159_NLS_4N_C_A1_	20.5	31	11	0.902010050251256	1.0000246559562e-12	-27.6309964602763
4N	20.5_20.5_20.5	SUM-159_NLS_4N_C_A1_seed	SUM-159_NLS_4N_C_A1_	20.5	31	12	0.942211055276382	1.0000246559562e-12	-27.6309964602763
4N	20.5_20.5_20.5	SUM-159_NLS_4N_C_A1_seed	SUM-159_NLS_4N_C_A1_	20.5	31	13	0.982412060301508	1.0000246559562e-12	-27.6309964602763
4N	20.5_20.5_20.5	SUM-159_NLS_4N_C_A1_seed	SUM-159_NLS_4N_C_A1_	20.5	31	14	1.02261306532663	1.0000246559562e-12	-27.6309964602763
4N	20.5_20.5_20.5	SUM-159_NLS_4N_C_A1_seed	SUM-159_NLS_4N_C_A1_	20.5	31	15	1.06281407035176	1.0000246559562e-12	-27.6309964602763
4N	20.5_20.5_20.5	SUM-159_NLS_4N_C_A1_seed	SUM-159_NLS_4N_C_A1_	20.5	31	16	1.10301507537688	1.0000246559562e-12	-27.6309964602763
4N	20.5_20.5_20.5	SUM-159_NLS_4N_C_A1_seed	SUM-159_NLS_4N_C_A1_	20.5	31	17	1.14321608040201	1.0000246559562e-12	-27.6309964602763
4N	20.5_20.5_20.5	SUM-159_NLS_4N_C_A1_seed	SUM-159_NLS_4N_C_A1_	20.5	31	18	1.18341708542714	1.0000246559562e-12	-27.6309964602763
4N	20.5_20.5_20.5	SUM-159_NLS_4N_C_A1_seed	SUM-159_NLS_4N_C_A1_	20.5	31	19	1.22361809045226	1.0000246559562e-12	-27.6309964602763
4N	20.5_20.5_20.5	SUM-159_NLS_4N_C_A1_seed	SUM-159_NLS_4N_C_A1_	20.5	31	20	1.26381909547739	1.0000246559562e-12	-27.6309964602763
4N	20.5_20.5_20.5	SUM-159_NLS_4N_C_A1_seed	SUM-159_NLS_4N_C_A1_	20.5	31	21	1.30402010050251	1.0000246559562e-12	-27.6309964602763
4N	20.5_20.5_20.5	SUM-159_NLS_4N_C_A1_seed	SUM-159_NLS_4N_C_A1_	20.5	31	22	1.34422110552764	1.0000246559562e-12	-27.6309964602763
4N	20.5_20.5_20.5	SUM-159_NLS_4N_C_A1_seed	SUM-159_NLS_4N_C_A1_	20.5	31	23	1.38442211055276	1.0000246559562e-12	-27.6309964602763
4N	20.5_20.5_20.5	SUM-159_NLS_4N_C_A1_seed	SUM-159_NLS_4N_C_A1_	20.5	31	24	1.42462311557789	1.0000246559562e-12	-27.6309964602763
4N	20.5_20.5_20.5	SUM-159_NLS_4N_C_A1_seed	SUM-159_NLS_4N_C_A1_	20.5	31	25	1.46482412060302	1.0000246559562e-12	-27.6309964602763
4N	20.5_20.5_20.5	SUM-159_NLS_4N_C_A1_seed	SUM-159_NLS_4N_C_A1_	20.5	31	26	1.50502512562814	1.0000246559562e-12	-27.6309964602763
4N	20.5_20.5_20.5	SUM-159_NLS_4N_C_A1_seed	SUM-159_NLS_4N_C_A1_	20.5	31	27	1.54522613065327	1.0000246559562e-12	-27.6309964602763
4N	20.5_20.5_20.5	SUM-159_NLS_4N_C_A1_seed	SUM-159_NLS_4N_C_A1_	20.5	31	28	1.58542713567839	1.0000246559562e-12	-27.6309964602763
4N	20.5_20.5_20.5	SUM-159_NLS_4N_C_A1_seed	SUM-159_NLS_4N_C_A1_	20.5	31	29	1.62562814070352	1.0000246559562e-12	-27.6309964602763
4N	20.5_20.5_20.5	SUM-159_NLS_4N_C_A1_seed	SUM-159_NLS_4N_C_A1_	20.5	31	30	1.66582914572864	1.0000246559562e-12	-27.6309964602763
4N	20.5_20.5_20.5	SUM-159_NLS_4N_C_A1_seed	SUM-159_NLS_4N_C_A1_	20.5	31	31	1.70603015075377	1.0000246559562e-12	-27.6309964602763
4N	20.5_20.5_20.5	SUM-159_NLS_4N_C_A1_seed	SUM-159_NLS_4N_C_A1_	20.5	31	32	1.74623115577889	1.0000246559562e-12	-27.6309964602763
4N	20.5_20.5_20.5	SUM-159_NLS_4N_C_A1_seed	SUM-159_NLS_4N_C_A1_	20.5	31	33	1.78643216080402	1.0000246559562e-12	-27.6309964602763
4N	20.5_20.5_20.5	SUM-159_NLS_4N_C_A1_seed	SUM-159_NLS_4N_C_A1_	20.5	31	34	1.82663316582915	1.0000246559562e-12	-27.6309964602763
4N	20.5_20.5_20.5	SUM-159_NLS_4N_C_A1_seed	SUM-159_NLS_4N_C_A1_	20.5	31	35	1.86683417085427	1.0000246559562e-12	-27.6309964602763
4N	20.5_20.5_20.5	SUM-159_NLS_4N_C_A1_seed	SUM-159_NLS_4N_C_A1_	20.5	31	36	1.9070351758794	1.0000246559562e-12	-27.6309964602763
4N	20.5_20.5_20.5	SUM-159_NLS_4N_C_A1_seed	SUM-159_NLS_4N_C_A1_	20.5	31	37	1.94723618090452	1.0000246559562e-12	-27.6309964602763
4N	20.5_20.5_20.5	SUM-159_NLS_4N_C_A1_seed	SUM-159_NLS_4N_C_A1_	20.5	31	38	1.98743718592965	1.0000246559562e-12	-27.6309964602763
4N	20.5_20.5_20.5	SUM-159_NLS_4N_C_A1_seed	SUM-159_NLS_4N_C_A1_	20.5	31	39	2.02763819095477	1.0000246559562e-12	-27.6309964602763
4N	20.5_20.5_20.5	SUM-159_NLS_4N_C_A1_seed	SUM-159_NLS_4N_C_A1_	20.5	31	40	2.0678391959799	1.0000246559562e-12	-27.6309964602763
4N	20.5_20.5_20.5	SUM-159_NLS_4N_C_A1_seed	SUM-159_NLS_4N_C_A1_	20.5	31	41	2.10804020100502	1.0000246559562e-12	-27.6309964602763
4N	20.5_20.5_20.5	SUM-159_NLS_4N_C_A1_seed	SUM-159_NLS_4N_C_A1_	20.5	31	42	2.14824120603015	1.0000246559562e-12	-27.6309964602763
4N	20.5_20.5_20.5	SUM-159_NLS_4N_C_A1_seed	SUM-159_NLS_4N_C_A1_	20.5	31	43	2.18844221105528	3.95730918932256e-09	-19.347701540289
4N	20.5_20.5_20.5	SUM-159_NLS_4N_C_A1_seed	SUM-159_NLS_4N_C_A1_	20.5	31	44	2.2286432160804	3.41272911845211e-06	-12.5879982587687
4N	20.5_20.5_20.5	SUM-159_NLS_4N_C_A1_seed	SUM-159_NLS_4N_C_A1_	20.5	31	45	2.26884422110553	3.37547151927727e-05	-10.2963904409887
4N	20.5_20.5_20.5	SUM-159_NLS_4N_C_A1_seed	SUM-159_NLS_4N_C_A1_	20.5	31	46	2.30904522613065	4.40359898299602e-06	-12.3330884006985
4N	20.5_20.5_20.5	SUM-159_NLS_4N_C_A1_seed	SUM-159_NLS_4N_C_A1_	20.5	31	47	2.34924623115578	1.84473156610045e-05	-10.9005916906913
4N	20.5_20.5_20.5	SUM-159_NLS_4N_C_A1_seed	SUM-159_NLS_4N_C_A1_	20.5	31	48	2.3894472361809	0.000135600476891171	-8.90579766556762
4N	20.5_20.5_20.5	SUM-159_NLS_4N_C_A1_seed	SUM-159_NLS_4N_C_A1_	20.5	31	49	2.42964824120603	7.37350930137321e-05	-9.51503171180245
4N	20.5_20.5_20.5	SUM-159_NLS_4N_C_A1_seed	SUM-159_NLS_4N_C_A1_	20.5	31	50	2.46984924623116	0.000306322829895617	-8.09087101247405
4N	20.5_20.5_20.5	SUM-159_NLS_4N_C_A1_seed	SUM-159_NLS_4N_C_A1_	20.5	31	51	2.51005025125628	0.000591218475244571	-7.43332493840488
4N	20.5_20.5_20.5	SUM-159_NLS_4N_C_A1_seed	SUM-159_NLS_4N_C_A1_	20.5	31	52	2.55025125628141	0.00105182463653659	-6.85722887386925
4N	20.5_20.5_20.5	SUM-159_NLS_4N_C_A1_seed	SUM-159_NLS_4N_C_A1_	20.5	31	53	2.59045226130653	0.001722642484889	-6.36389583867811
4N	20.5_20.5_20.5	SUM-159_NLS_4N_C_A1_seed	SUM-159_NLS_4N_C_A1_	20.5	31	54	2.63065326633166	0.00258120904468284	-5.9594973678475
4N	20.5_20.5_20.5	SUM-159_NLS_4N_C_A1_seed	SUM-159_NLS_4N_C_A1_	20.5	31	55	2.67085427135678	0.00490899197448261	-5.31668665876545
4N	20.5_20.5_20.5	SUM-159_NLS_4N_C_A1_seed	SUM-159_NLS_4N_C_A1_	20.5	31	56	2.71105527638191	0.00759171993339458	-4.88069710805535
4N	20.5_20.5_20.5	SUM-159_NLS_4N_C_A1_seed	SUM-159_NLS_4N_C_A1_	20.5	31	57	2.75125628140704	0.0126299911959491	-4.37168103969448
4N	20.5_20.5_20.5	SUM-159_NLS_4N_C_A1_seed	SUM-159_NLS_4N_C_A1_	20.5	31	58	2.79145728643216	0.020068294277	-3.90861410847522
4N	20.5_20.5_20.5	SUM-159_NLS_4N_C_A1_seed	SUM-159_NLS_4N_C_A1_	20.5	31	59	2.83165829145729	0.0312112915667987	-3.46697534044777
4N	20.5_20.5_20.5	SUM-159_NLS_4N_C_A1_seed	SUM-159_NLS_4N_C_A1_	20.5	31	60	2.87185929648241	0.047359275315423	-3.04999259014037
4N	20.5_20.5_20.5	SUM-159_NLS_4N_C_A1_seed	SUM-159_NLS_4N_C_A1_	20.5	31	61	2.91206030150754	0.0716791813518291	-2.6355549312536
4N	20.5_20.5_20.5	SUM-159_NLS_4N_C_A1_seed	SUM-159_NLS_4N_C_A1_	20.5	31	62	2.95226130653266	0.100217372516525	-2.30041372695124
4N	20.5_20.5_20.5	SUM-159_NLS_4N_C_A1_seed	SUM-159_NLS_4N_C_A1_	20.5	31	63	2.99246231155779	0.147577914002218	-1.91339901214338
4N	20.5_20.5_20.5	SUM-159_NLS_4N_C_A1_seed	SUM-159_NLS_4N_C_A1_	20.5	31	64	3.03266331658291	0.204383713169416	-1.58775610499454
4N	20.5_20.5_20.5	SUM-159_NLS_4N_C_A1_seed	SUM-159_NLS_4N_C_A1_	20.5	31	65	3.07286432160804	0.275301269393389	-1.28988925589837
4N	20.5_20.5_20.5	SUM-159_NLS_4N_C_A1_seed	SUM-159_NLS_4N_C_A1_	20.5	31	66	3.11306532663317	0.363786880783452	-1.01118707516613
4N	20.5_20.5_20.5	SUM-159_NLS_4N_C_A1_seed	SUM-159_NLS_4N_C_A1_	20.5	31	67	3.15326633165829	0.464209834984725	-0.76741859841078
4N	20.5_20.5_20.5	SUM-159_NLS_4N_C_A1_seed	SUM-159_NLS_4N_C_A1_	20.5	31	68	3.19346733668342	0.589963158238188	-0.527695187696147
4N	20.5_20.5_20.5	SUM-159_NLS_4N_C_A1_seed	SUM-159_NLS_4N_C_A1_	20.5	31	69	3.23366834170854	0.728075157941153	-0.317350997184068
4N	20.5_20.5_20.5	SUM-159_NLS_4N_C_A1_seed	SUM-159_NLS_4N_C_A1_	20.5	31	70	3.27386934673367	0.86813297690132	-0.141410376860516
4N	20.5_20.5_20.5	SUM-159_NLS_4N_C_A1_seed	SUM-159_NLS_4N_C_A1_	20.5	31	71	3.31407035175879	1.01501559920419	0.0149039810497337
4N	20.5_20.5_20.5	SUM-159_NLS_4N_C_A1_seed	SUM-159_NLS_4N_C_A1_	20.5	31	72	3.35427135678392	1.16561533595624	0.153249132947033
4N	20.5_20.5_20.5	SUM-159_NLS_4N_C_A1_seed	SUM-159_NLS_4N_C_A1_	20.5	31	73	3.39447236180905	1.28798328743162	0.253077652001407
4N	20.5_20.5_20.5	SUM-159_NLS_4N_C_A1_seed	SUM-159_NLS_4N_C_A1_	20.5	31	74	3.43467336683417	1.39505662539801	0.33293500613267
4N	20.5_20.5_20.5	SUM-159_NLS_4N_C_A1_seed	SUM-159_NLS_4N_C_A1_	20.5	31	75	3.4748743718593	1.47315455871357	0.387406059819519
4N	20.5_20.5_20.5	SUM-159_NLS_4N_C_A1_seed	SUM-159_NLS_4N_C_A1_	20.5	31	76	3.51507537688442	1.51406879156485	0.414800590947926
4N	20.5_20.5_20.5	SUM-159_NLS_4N_C_A1_seed	SUM-159_NLS_4N_C_A1_	20.5	31	77	3.55527638190955	1.5314937973537	0.426243597235936
4N	20.5_20.5_20.5	SUM-159_NLS_4N_C_A1_seed	SUM-159_NLS_4N_C_A1_	20.5	31	78	3.59547738693467	1.50282560575307	0.407347073268997
4N	20.5_20.5_20.5	SUM-159_NLS_4N_C_A1_seed	SUM-159_NLS_4N_C_A1_	20.5	31	79	3.6356783919598	1.44415543802977	0.367524678742364
4N	20.5_20.5_20.5	SUM-159_NLS_4N_C_A1_seed	SUM-159_NLS_4N_C_A1_	20.5	31	80	3.67587939698492	1.35020025220903	0.300252916419445
4N	20.5_20.5_20.5	SUM-159_NLS_4N_C_A1_seed	SUM-159_NLS_4N_C_A1_	20.5	31	81	3.71608040201005	1.23788836475563	0.213406996331901
4N	20.5_20.5_20.5	SUM-159_NLS_4N_C_A1_seed	SUM-159_NLS_4N_C_A1_	20.5	31	82	3.75628140703518	1.10839424028989	0.102912337574825
4N	20.5_20.5_20.5	SUM-159_NLS_4N_C_A1_seed	SUM-159_NLS_4N_C_A1_	20.5	31	83	3.7964824120603	0.965451267935142	-0.0351596517844493
4N	20.5_20.5_20.5	SUM-159_NLS_4N_C_A1_seed	SUM-159_NLS_4N_C_A1_	20.5	31	84	3.83668341708543	0.827159631632237	-0.189757577637073
4N	20.5_20.5_20.5	SUM-159_NLS_4N_C_A1_seed	SUM-159_NLS_4N_C_A1_	20.5	31	85	3.87688442211055	0.690773832638464	-0.369942813220841
4N	20.5_20.5_20.5	SUM-159_NLS_4N_C_A1_seed	SUM-159_NLS_4N_C_A1_	20.5	31	86	3.91708542713568	0.561004249951378	-0.57802679781723
4N	20.5_20.5_20.5	SUM-159_NLS_4N_C_A1_seed	SUM-159_NLS_4N_C_A1_	20.5	31	87	3.9572864321608	0.453895156139066	-0.789889041224454
4N	20.5_20.5_20.5	SUM-159_NLS_4N_C_A1_seed	SUM-159_NLS_4N_C_A1_	20.5	31	88	3.99748743718593	0.336945612241308	-1.08783374966221
4N	20.5_20.5_20.5	SUM-159_NLS_4N_C_A1_seed	SUM-159_NLS_4N_C_A1_	20.5	31	89	4.03768844221106	0.248133624515775	-1.393787869391
4N	20.5_20.5_20.5	SUM-159_NLS_4N_C_A1_seed	SUM-159_NLS_4N_C_A1_	20.5	31	90	4.07788944723618	0.195737552426659	-1.63098053526894
4N	20.5_20.5_20.5	SUM-159_NLS_4N_C_A1_seed	SUM-159_NLS_4N_C_A1_	20.5	31	91	4.11809045226131	0.151699307655541	-1.88585495654353
4N	20.5_20.5_20.5	SUM-159_NLS_4N_C_A1_seed	SUM-159_NLS_4N_C_A1_	20.5	31	92	4.15829145728643	0.118003417070109	-2.13704169671449
4N	20.5_20.5_20.5	SUM-159_NLS_4N_C_A1_seed	SUM-159_NLS_4N_C_A1_	20.5	31	93	4.19849246231156	0.0901604859388827	-2.40616401952598
4N	20.5_20.5_20.5	SUM-159_NLS_4N_C_A1_seed	SUM-159_NLS_4N_C_A1_	20.5	31	94	4.23869346733668	0.0661569970498255	-2.71572461850744
4N	20.5_20.5_20.5	SUM-159_NLS_4N_C_A1_seed	SUM-159_NLS_4N_C_A1_	20.5	31	95	4.27889447236181	0.0504804759281888	-2.98616863273917
4N	20.5_20.5_20.5	SUM-159_NLS_4N_C_A1_seed	SUM-159_NLS_4N_C_A1_	20.5	31	96	4.31909547738693	0.0385226149295938	-3.25650980937203
4N	20.5_20.5_20.5	SUM-159_NLS_4N_C_A1_seed	SUM-159_NLS_4N_C_A1_	20.5	31	97	4.35929648241206	0.0290917984113719	-3.53729898606309
4N	20.5_20.5_20.5	SUM-159_NLS_4N_C_A1_seed	SUM-159_NLS_4N_C_A1_	20.5	31	98	4.39949748743719	0.0216128510234973	-3.83446718641591
4N	20.5_20.5_20.5	SUM-159_NLS_4N_C_A1_seed	SUM-159_NLS_4N_C_A1_	20.5	31	99	4.43969849246231	0.0152386867669105	-4.18391790258673
4N	20.5_20.5_20.5	SUM-159_NLS_4N_C_A1_seed	SUM-159_NLS_4N_C_A1_	20.5	31	100	4.47989949748744	0.0109421901811985	-4.51512930264723
4N	20.5_20.5_20.5	SUM-159_NLS_4N_C_A1_seed	SUM-159_NLS_4N_C_A1_	20.5	31	101	4.52010050251256	0.00802582179920445	-4.82509121032379
4N	20.5_20.5_20.5	SUM-159_NLS_4N_C_A1_seed	SUM-159_NLS_4N_C_A1_	20.5	31	102	4.56030150753769	0.00607982428222	-5.10277948437236
4N	20.5_20.5_20.5	SUM-159_NLS_4N_C_A1_seed	SUM-159_NLS_4N_C_A1_	20.5	31	103	4.60050251256281	0.0041684614207148	-5.4802082751127
4N	20.5_20.5_20.5	SUM-159_NLS_4N_C_A1_seed	SUM-159_NLS_4N_C_A1_	20.5	31	104	4.64070351758794	0.00316486965393469	-5.755643407825
4N	20.5_20.5_20.5	SUM-159_NLS_4N_C_A1_seed	SUM-159_NLS_4N_C_A1_	20.5	31	105	4.68090452261307	0.00242058284483027	-6.02374692284085
4N	20.5_20.5_20.5	SUM-159_NLS_4N_C_A1_seed	SUM-159_NLS_4N_C_A1_	20.5	31	106	4.72110552763819	0.00203289501906192	-6.1982943841041
4N	20.5_20.5_20.5	SUM-159_NLS_4N_C_A1_seed	SUM-159_NLS_4N_C_A1_	20.5	31	107	4.76130653266332	0.00151214517290145	-6.49422599201012
4N	20.5_20.5_20.5	SUM-159_NLS_4N_C_A1_seed	SUM-159_NLS_4N_C_A1_	20.5	31	108	4.80150753768844	0.00108152075918474	-6.82938711794748
4N	20.5_20.5_20.5	SUM-159_NLS_4N_C_A1_seed	SUM-159_NLS_4N_C_A1_	20.5	31	109	4.84170854271357	0.000939665849812074	-6.96998622482116
4N	20.5_20.5_20.5	SUM-159_NLS_4N_C_A1_seed	SUM-159_NLS_4N_C_A1_	20.5	31	110	4.88190954773869	0.000619095286856524	-7.38725136036336
4N	20.5_20.5_20.5	SUM-159_NLS_4N_C_A1_seed	SUM-159_NLS_4N_C_A1_	20.5	31	111	4.92211055276382	0.000634620143828857	-7.36248393675852
4N	20.5_20.5_20.5	SUM-159_NLS_4N_C_A1_seed	SUM-159_NLS_4N_C_A1_	20.5	31	112	4.96231155778894	0.000608956105037676	-7.40376436996589
4N	20.5_20.5_20.5	SUM-159_NLS_4N_C_A1_seed	SUM-159_NLS_4N_C_A1_	20.5	31	113	5.00251256281407	0.000485986036813412	-7.62933066531312
4N	20.5_20.5_20.5	SUM-159_NLS_4N_C_A1_seed	SUM-159_NLS_4N_C_A1_	20.5	31	114	5.0427135678392	0.000345519007347001	-7.97046290224082
4N	20.5_20.5_20.5	SUM-159_NLS_4N_C_A1_seed	SUM-159_NLS_4N_C_A1_	20.5	31	115	5.08291457286432	0.000320031108749622	-8.04709235205299
4N	20.5_20.5_20.5	SUM-159_NLS_4N_C_A1_seed	SUM-159_NLS_4N_C_A1_	20.5	31	116	5.12311557788945	0.000325648236066216	-8.02969278964179
4N	20.5_20.5_20.5	SUM-159_NLS_4N_C_A1_seed	SUM-159_NLS_4N_C_A1_	20.5	31	117	5.16331658291457	0.000371411941466032	-7.89819875698842
4N	20.5_20.5_20.5	SUM-159_NLS_4N_C_A1_seed	SUM-159_NLS_4N_C_A1_	20.5	31	118	5.2035175879397	0.000289492380243494	-8.14738158170005
4N	20.5_20.5_20.5	SUM-159_NLS_4N_C_A1_seed	SUM-159_NLS_4N_C_A1_	20.5	31	119	5.24371859296482	0.000170670495427666	-8.67577578769804
4N	20.5_20.5_20.5	SUM-159_NLS_4N_C_A1_seed	SUM-159_NLS_4N_C_A1_	20.5	31	120	5.28391959798995	0.000101178002389622	-9.19862919243017
4N	20.5_20.5_20.5	SUM-159_NLS_4N_C_A1_seed	SUM-159_NLS_4N_C_A1_	20.5	31	121	5.32412060301508	9.31071292491342e-05	-9.28175980036028
4N	20.5_20.5_20.5	SUM-159_NLS_4N_C_A1_seed	SUM-159_NLS_4N_C_A1_	20.5	31	122	5.3643216080402	8.40655636299229e-05	-9.38391354416398
4N	20.5_20.5_20.5	SUM-159_NLS_4N_C_A1_seed	SUM-159_NLS_4N_C_A1_	20.5	31	123	5.40452261306533	0.00014422598292319	-8.84412916263782
4N	20.5_20.5_20.5	SUM-159_NLS_4N_C_A1_seed	SUM-159_NLS_4N_C_A1_	20.5	31	124	5.44472361809045	5.55246056103814e-05	-9.79868429112875
4N	20.5_20.5_20.5	SUM-159_NLS_4N_C_A1_seed	SUM-159_NLS_4N_C_A1_	20.5	31	125	5.48492462311558	2.98648880899743e-05	-10.4188270789836
4N	20.5_20.5_20.5	SUM-159_NLS_4N_C_A1_seed	SUM-159_NLS_4N_C_A1_	20.5	31	126	5.5251256281407	0.000118087191917308	-9.0440872918081
4N	20.5_20.5_20.5	SUM-159_NLS_4N_C_A1_seed	SUM-159_NLS_4N_C_A1_	20.5	31	127	5.56532663316583	6.15479398278649e-05	-9.69569417741528
4N	20.5_20.5_20.5	SUM-159_NLS_4N_C_A1_seed	SUM-159_NLS_4N_C_A1_	20.5	31	128	5.60552763819095	6.36238735015351e-05	-9.66252178853072
4N	20.5_20.5_20.5	SUM-159_NLS_4N_C_A1_seed	SUM-159_NLS_4N_C_A1_	20.5	31	129	5.64572864321608	4.85102907195406e-05	-9.93373460274344
4N	20.5_20.5_20.5	SUM-159_NLS_4N_C_A1_seed	SUM-159_NLS_4N_C_A1_	20.5	31	130	5.68592964824121	3.96145563914386e-05	-10.1363139216045
4N	20.5_20.5_20.5	SUM-159_NLS_4N_C_A1_seed	SUM-159_NLS_4N_C_A1_	20.5	31	131	5.72613065326633	2.7058233299119e-05	-10.5175192256339
4N	20.5_20.5_20.5	SUM-159_NLS_4N_C_A1_seed	SUM-159_NLS_4N_C_A1_	20.5	31	132	5.76633165829146	3.26046097513627e-05	-10.3310568761721
4N	20.5_20.5_20.5	SUM-159_NLS_4N_C_A1_seed	SUM-159_NLS_4N_C_A1_	20.5	31	133	5.80653266331658	2.22569420649881e-05	-10.712856595094
4N	20.5_20.5_20.5	SUM-159_NLS_4N_C_A1_seed	SUM-159_NLS_4N_C_A1_	20.5	31	134	5.84673366834171	2.64484219650463e-07	-15.1454842484847
4N	20.5_20.5_20.5	SUM-159_NLS_4N_C_A1_seed	SUM-159_NLS_4N_C_A1_	20.5	31	135	5.88693467336683	5.93168453184773e-11	-23.5481277808134
4N	20.5_20.5_20.5	SUM-159_NLS_4N_C_A1_seed	SUM-159_NLS_4N_C_A1_	20.5	31	136	5.92713567839196	1.0000246559562e-12	-27.6309964602763
4N	20.5_20.5_20.5	SUM-159_NLS_4N_C_A1_seed	SUM-159_NLS_4N_C_A1_	20.5	31	137	5.96733668341709	1.0000246559562e-12	-27.6309964602763
4N	20.5_20.5_20.5	SUM-159_NLS_4N_C_A1_seed	SUM-159_NLS_4N_C_A1_	20.5	31	138	6.00753768844221	1.0000246559562e-12	-27.6309964602763
4N	20.5_20.5_20.5	SUM-159_NLS_4N_C_A1_seed	SUM-159_NLS_4N_C_A1_	20.5	31	139	6.04773869346734	1.0000246559562e-12	-27.6309964602763
4N	20.5_20.5_20.5	SUM-159_NLS_4N_C_A1_seed	SUM-159_NLS_4N_C_A1_	20.5	31	140	6.08793969849246	1.0000246559562e-12	-27.6309964602763
4N	20.5_20.5_20.5	SUM-159_NLS_4N_C_A1_seed	SUM-159_NLS_4N_C_A1_	20.5	31	141	6.12814070351759	1.0000246559562e-12	-27.6309964602763
4N	20.5_20.5_20.5	SUM-159_NLS_4N_C_A1_seed	SUM-159_NLS_4N_C_A1_	20.5	31	142	6.16834170854271	1.0000246559562e-12	-27.6309964602763
4N	20.5_20.5_20.5	SUM-159_NLS_4N_C_A1_seed	SUM-159_NLS_4N_C_A1_	20.5	31	143	6.20854271356784	1.0000246559562e-12	-27.6309964602763
4N	20.5_20.5_20.5	SUM-159_NLS_4N_C_A1_seed	SUM-159_NLS_4N_C_A1_	20.5	31	144	6.24874371859296	1.0000246559562e-12	-27.6309964602763
4N	20.5_20.5_20.5	SUM-159_NLS_4N_C_A1_seed	SUM-159_NLS_4N_C_A1_	20.5	31	145	6.28894472361809	1.0000246559562e-12	-27.6309964602763
4N	20.5_20.5_20.5	SUM-159_NLS_4N_C_A1_seed	SUM-159_NLS_4N_C_A1_	20.5	31	146	6.32914572864322	1.0000246559562e-12	-27.6309964602763
4N	20.5_20.5_20.5	SUM-159_NLS_4N_C_A1_seed	SUM-159_NLS_4N_C_A1_	20.5	31	147	6.36934673366834	1.0000246559562e-12	-27.6309964602763
4N	20.5_20.5_20.5	SUM-159_NLS_4N_C_A1_seed	SUM-159_NLS_4N_C_A1_	20.5	31	148	6.40954773869347	1.0000246559562e-12	-27.6309964602763
4N	20.5_20.5_20.5	SUM-159_NLS_4N_C_A1_seed	SUM-159_NLS_4N_C_A1_	20.5	31	149	6.44974874371859	1.0000246559562e-12	-27.6309964602763
4N	20.5_20.5_20.5	SUM-159_NLS_4N_C_A1_seed	SUM-159_NLS_4N_C_A1_	20.5	31	150	6.48994974874372	1.0000246559562e-12	-27.6309964602763
4N	20.5_20.5_20.5	SUM-159_NLS_4N_C_A1_seed	SUM-159_NLS_4N_C_A1_	20.5	31	151	6.53015075376884	1.0000246559562e-12	-27.6309964602763
4N	20.5_20.5_20.5	SUM-159_NLS_4N_C_A1_seed	SUM-159_NLS_4N_C_A1_	20.5	31	152	6.57035175879397	1.0000246559562e-12	-27.6309964602763
4N	20.5_20.5_20.5	SUM-159_NLS_4N_C_A1_seed	SUM-159_NLS_4N_C_A1_	20.5	31	153	6.6105527638191	1.0000246559562e-12	-27.6309964602763
4N	20.5_20.5_20.5	SUM-159_NLS_4N_C_A1_seed	SUM-159_NLS_4N_C_A1_	20.5	31	154	6.65075376884422	1.0000246559562e-12	-27.6309964602763
4N	20.5_20.5_20.5	SUM-159_NLS_4N_C_A1_seed	SUM-159_NLS_4N_C_A1_	20.5	31	155	6.69095477386935	1.0000246559562e-12	-27.6309964602763
4N	20.5_20.5_20.5	SUM-159_NLS_4N_C_A1_seed	SUM-159_NLS_4N_C_A1_	20.5	31	156	6.73115577889447	1.0000246559562e-12	-27.6309964602763
4N	20.5_20.5_20.5	SUM-159_NLS_4N_C_A1_seed	SUM-159_NLS_4N_C_A1_	20.5	31	157	6.7713567839196	1.0000246559562e-12	-27.6309964602763
4N	20.5_20.5_20.5	SUM-159_NLS_4N_C_A1_seed	SUM-159_NLS_4N_C_A1_	20.5	31	158	6.81155778894472	1.0000246559562e-12	-27.6309964602763
4N	20.5_20.5_20.5	SUM-159_NLS_4N_C_A1_seed	SUM-159_NLS_4N_C_A1_	20.5	31	159	6.85175879396985	1.0000246559562e-12	-27.6309964602763
4N	20.5_20.5_20.5	SUM-159_NLS_4N_C_A1_seed	SUM-159_NLS_4N_C_A1_	20.5	31	160	6.89195979899498	1.0000246559562e-12	-27.6309964602763
4N	20.5_20.5_20.5	SUM-159_NLS_4N_C_A1_seed	SUM-159_NLS_4N_C_A1_	20.5	31	161	6.9321608040201	1.0000246559562e-12	-27.6309964602763
4N	20.5_20.5_20.5	SUM-159_NLS_4N_C_A1_seed	SUM-159_NLS_4N_C_A1_	20.5	31	162	6.97236180904523	1.0000246559562e-12	-27.6309964602763
4N	20.5_20.5_20.5	SUM-159_NLS_4N_C_A1_seed	SUM-159_NLS_4N_C_A1_	20.5	31	163	7.01256281407035	1.0000246559562e-12	-27.6309964602763
4N	20.5_20.5_20.5	SUM-159_NLS_4N_C_A1_seed	SUM-159_NLS_4N_C_A1_	20.5	31	164	7.05276381909548	1.0000246559562e-12	-27.6309964602763
4N	20.5_20.5_20.5	SUM-159_NLS_4N_C_A1_seed	SUM-159_NLS_4N_C_A1_	20.5	31	165	7.0929648241206	1.0000246559562e-12	-27.6309964602763
4N	20.5_20.5_20.5	SUM-159_NLS_4N_C_A1_seed	SUM-159_NLS_4N_C_A1_	20.5	31	166	7.13316582914573	1.0000246559562e-12	-27.6309964602763
4N	20.5_20.5_20.5	SUM-159_NLS_4N_C_A1_seed	SUM-159_NLS_4N_C_A1_	20.5	31	167	7.17336683417085	1.0000246559562e-12	-27.6309964602763
4N	20.5_20.5_20.5	SUM-159_NLS_4N_C_A1_seed	SUM-159_NLS_4N_C_A1_	20.5	31	168	7.21356783919598	1.0000246559562e-12	-27.6309964602763
4N	20.5_20.5_20.5	SUM-159_NLS_4N_C_A1_seed	SUM-159_NLS_4N_C_A1_	20.5	31	169	7.25376884422111	1.0000246559562e-12	-27.6309964602763
4N	20.5_20.5_20.5	SUM-159_NLS_4N_C_A1_seed	SUM-159_NLS_4N_C_A1_	20.5	31	170	7.29396984924623	1.0000246559562e-12	-27.6309964602763
4N	20.5_20.5_20.5	SUM-159_NLS_4N_C_A1_seed	SUM-159_NLS_4N_C_A1_	20.5	31	171	7.33417085427136	1.0000246559562e-12	-27.6309964602763
4N	20.5_20.5_20.5	SUM-159_NLS_4N_C_A1_seed	SUM-159_NLS_4N_C_A1_	20.5	31	172	7.37437185929648	1.0000246559562e-12	-27.6309964602763
4N	20.5_20.5_20.5	SUM-159_NLS_4N_C_A1_seed	SUM-159_NLS_4N_C_A1_	20.5	31	173	7.41457286432161	1.0000246559562e-12	-27.6309964602763
4N	20.5_20.5_20.5	SUM-159_NLS_4N_C_A1_seed	SUM-159_NLS_4N_C_A1_	20.5	31	174	7.45477386934673	1.0000246559562e-12	-27.6309964602763
4N	20.5_20.5_20.5	SUM-159_NLS_4N_C_A1_seed	SUM-159_NLS_4N_C_A1_	20.5	31	175	7.49497487437186	1.0000246559562e-12	-27.6309964602763
4N	20.5_20.5_20.5	SUM-159_NLS_4N_C_A1_seed	SUM-159_NLS_4N_C_A1_	20.5	31	176	7.53517587939699	1.0000246559562e-12	-27.6309964602763
4N	20.5_20.5_20.5	SUM-159_NLS_4N_C_A1_seed	SUM-159_NLS_4N_C_A1_	20.5	31	177	7.57537688442211	1.0000246559562e-12	-27.6309964602763
4N	20.5_20.5_20.5	SUM-159_NLS_4N_C_A1_seed	SUM-159_NLS_4N_C_A1_	20.5	31	178	7.61557788944724	1.0000246559562e-12	-27.6309964602763
4N	20.5_20.5_20.5	SUM-159_NLS_4N_C_A1_seed	SUM-159_NLS_4N_C_A1_	20.5	31	179	7.65577889447236	1.0000246559562e-12	-27.6309964602763
4N	20.5_20.5_20.5	SUM-159_NLS_4N_C_A1_seed	SUM-159_NLS_4N_C_A1_	20.5	31	180	7.69597989949749	1.0000246559562e-12	-27.6309964602763
4N	20.5_20.5_20.5	SUM-159_NLS_4N_C_A1_seed	SUM-159_NLS_4N_C_A1_	20.5	31	181	7.73618090452261	1.0000246559562e-12	-27.6309964602763
4N	20.5_20.5_20.5	SUM-159_NLS_4N_C_A1_seed	SUM-159_NLS_4N_C_A1_	20.5	31	182	7.77638190954774	1.0000246559562e-12	-27.6309964602763
4N	20.5_20.5_20.5	SUM-159_NLS_4N_C_A1_seed	SUM-159_NLS_4N_C_A1_	20.5	31	183	7.81658291457286	1.0000246559562e-12	-27.6309964602763
4N	20.5_20.5_20.5	SUM-159_NLS_4N_C_A1_seed	SUM-159_NLS_4N_C_A1_	20.5	31	184	7.85678391959799	1.0000246559562e-12	-27.6309964602763
4N	20.5_20.5_20.5	SUM-159_NLS_4N_C_A1_seed	SUM-159_NLS_4N_C_A1_	20.5	31	185	7.89698492462312	1.0000246559562e-12	-27.6309964602763
4N	20.5_20.5_20.5	SUM-159_NLS_4N_C_A1_seed	SUM-159_NLS_4N_C_A1_	20.5	31	186	7.93718592964824	1.0000246559562e-12	-27.6309964602763
4N	20.5_20.5_20.5	SUM-159_NLS_4N_C_A1_seed	SUM-159_NLS_4N_C_A1_	20.5	31	187	7.97738693467337	1.0000246559562e-12	-27.6309964602763
4N	20.5_20.5_20.5	SUM-159_NLS_4N_C_A1_seed	SUM-159_NLS_4N_C_A1_	20.5	31	188	8.01758793969849	1.0000246559562e-12	-27.6309964602763
4N	20.5_20.5_20.5	SUM-159_NLS_4N_C_A1_seed	SUM-159_NLS_4N_C_A1_	20.5	31	189	8.05778894472362	1.0000246559562e-12	-27.6309964602763
4N	20.5_20.5_20.5	SUM-159_NLS_4N_C_A1_seed	SUM-159_NLS_4N_C_A1_	20.5	31	190	8.09798994974874	1.0000246559562e-12	-27.6309964602763
4N	20.5_20.5_20.5	SUM-159_NLS_4N_C_A1_seed	SUM-159_NLS_4N_C_A1_	20.5	31	191	8.13819095477387	1.0000246559562e-12	-27.6309964602763
4N	20.5_20.5_20.5	SUM-159_NLS_4N_C_A1_seed	SUM-159_NLS_4N_C_A1_	20.5	31	192	8.178391959799	1.0000246559562e-12	-27.6309964602763
4N	20.5_20.5_20.5	SUM-159_NLS_4N_C_A1_seed	SUM-159_NLS_4N_C_A1_	20.5	31	193	8.21859296482412	1.0000246559562e-12	-27.6309964602763
4N	20.5_20.5_20.5	SUM-159_NLS_4N_C_A1_seed	SUM-159_NLS_4N_C_A1_	20.5	31	194	8.25879396984925	1.0000246559562e-12	-27.6309964602763
4N	20.5_20.5_20.5	SUM-159_NLS_4N_C_A1_seed	SUM-159_NLS_4N_C_A1_	20.5	31	195	8.29899497487437	1.0000246559562e-12	-27.6309964602763
4N	20.5_20.5_20.5	SUM-159_NLS_4N_C_A1_seed	SUM-159_NLS_4N_C_A1_	20.5	31	196	8.3391959798995	1.0000246559562e-12	-27.6309964602763
4N	20.5_20.5_20.5	SUM-159_NLS_4N_C_A1_seed	SUM-159_NLS_4N_C_A1_	20.5	31	197	8.37939698492462	1.0000246559562e-12	-27.6309964602763
4N	20.5_20.5_20.5	SUM-159_NLS_4N_C_A1_seed	SUM-159_NLS_4N_C_A1_	20.5	31	198	8.41959798994975	1.0000246559562e-12	-27.6309964602763
4N	20.5_20.5_20.5	SUM-159_NLS_4N_C_A1_seed	SUM-159_NLS_4N_C_A1_	20.5	31	199	8.45979899497488	1.0000246559562e-12	-27.6309964602763
4N	20.5_20.5_20.5	SUM-159_NLS_4N_C_A1_seed	SUM-159_NLS_4N_C_A1_	20.5	31	200	8.5	1.0000246559562e-12	-27.6309964602763
4N	20.5_20.5_2_1_0.5_0.3_0.2_0.1	SUM-159_NLS_4N_O1_A6_seed	SUM-159_NLS_4N_O1_A6	0.1	56	1	0.5	1.00003906254427e-12	-27.6309820541472
4N	20.5_20.5_2_1_0.5_0.3_0.2_0.1	SUM-159_NLS_4N_O1_A6_seed	SUM-159_NLS_4N_O1_A6	0.1	56	2	0.540201005025126	1.00003906254427e-12	-27.6309820541472
4N	20.5_20.5_2_1_0.5_0.3_0.2_0.1	SUM-159_NLS_4N_O1_A6_seed	SUM-159_NLS_4N_O1_A6	0.1	56	3	0.580402010050251	1.00003906254427e-12	-27.6309820541472
4N	20.5_20.5_2_1_0.5_0.3_0.2_0.1	SUM-159_NLS_4N_O1_A6_seed	SUM-159_NLS_4N_O1_A6	0.1	56	4	0.620603015075377	1.00003906254427e-12	-27.6309820541472
4N	20.5_20.5_2_1_0.5_0.3_0.2_0.1	SUM-159_NLS_4N_O1_A6_seed	SUM-159_NLS_4N_O1_A6	0.1	56	5	0.660804020100503	1.00003906254427e-12	-27.6309820541472
4N	20.5_20.5_2_1_0.5_0.3_0.2_0.1	SUM-159_NLS_4N_O1_A6_seed	SUM-159_NLS_4N_O1_A6	0.1	56	6	0.701005025125628	1.00003906254427e-12	-27.6309820541472
4N	20.5_20.5_2_1_0.5_0.3_0.2_0.1	SUM-159_NLS_4N_O1_A6_seed	SUM-159_NLS_4N_O1_A6	0.1	56	7	0.741206030150754	1.00003906254427e-12	-27.6309820541472
4N	20.5_20.5_2_1_0.5_0.3_0.2_0.1	SUM-159_NLS_4N_O1_A6_seed	SUM-159_NLS_4N_O1_A6	0.1	56	8	0.781407035175879	1.00003906254427e-12	-27.6309820541472
4N	20.5_20.5_2_1_0.5_0.3_0.2_0.1	SUM-159_NLS_4N_O1_A6_seed	SUM-159_NLS_4N_O1_A6	0.1	56	9	0.821608040201005	1.00003906254427e-12	-27.6309820541472
4N	20.5_20.5_2_1_0.5_0.3_0.2_0.1	SUM-159_NLS_4N_O1_A6_seed	SUM-159_NLS_4N_O1_A6	0.1	56	10	0.861809045226131	1.00003906254427e-12	-27.6309820541472
4N	20.5_20.5_2_1_0.5_0.3_0.2_0.1	SUM-159_NLS_4N_O1_A6_seed	SUM-159_NLS_4N_O1_A6	0.1	56	11	0.902010050251256	1.00003906254427e-12	-27.6309820541472
4N	20.5_20.5_2_1_0.5_0.3_0.2_0.1	SUM-159_NLS_4N_O1_A6_seed	SUM-159_NLS_4N_O1_A6	0.1	56	12	0.942211055276382	1.00003906254427e-12	-27.6309820541472
4N	20.5_20.5_2_1_0.5_0.3_0.2_0.1	SUM-159_NLS_4N_O1_A6_seed	SUM-159_NLS_4N_O1_A6	0.1	56	13	0.982412060301508	1.00003906254427e-12	-27.6309820541472
4N	20.5_20.5_2_1_0.5_0.3_0.2_0.1	SUM-159_NLS_4N_O1_A6_seed	SUM-159_NLS_4N_O1_A6	0.1	56	14	1.02261306532663	1.00003906254427e-12	-27.6309820541472
4N	20.5_20.5_2_1_0.5_0.3_0.2_0.1	SUM-159_NLS_4N_O1_A6_seed	SUM-159_NLS_4N_O1_A6	0.1	56	15	1.06281407035176	1.00003906254427e-12	-27.6309820541472
4N	20.5_20.5_2_1_0.5_0.3_0.2_0.1	SUM-159_NLS_4N_O1_A6_seed	SUM-159_NLS_4N_O1_A6	0.1	56	16	1.10301507537688	1.00003906254427e-12	-27.6309820541472
4N	20.5_20.5_2_1_0.5_0.3_0.2_0.1	SUM-159_NLS_4N_O1_A6_seed	SUM-159_NLS_4N_O1_A6	0.1	56	17	1.14321608040201	1.00003906254427e-12	-27.6309820541472
4N	20.5_20.5_2_1_0.5_0.3_0.2_0.1	SUM-159_NLS_4N_O1_A6_seed	SUM-159_NLS_4N_O1_A6	0.1	56	18	1.18341708542714	1.00003906254427e-12	-27.6309820541472
4N	20.5_20.5_2_1_0.5_0.3_0.2_0.1	SUM-159_NLS_4N_O1_A6_seed	SUM-159_NLS_4N_O1_A6	0.1	56	19	1.22361809045226	1.00003906254427e-12	-27.6309820541472
4N	20.5_20.5_2_1_0.5_0.3_0.2_0.1	SUM-159_NLS_4N_O1_A6_seed	SUM-159_NLS_4N_O1_A6	0.1	56	20	1.26381909547739	1.00003906254427e-12	-27.6309820541472
4N	20.5_20.5_2_1_0.5_0.3_0.2_0.1	SUM-159_NLS_4N_O1_A6_seed	SUM-159_NLS_4N_O1_A6	0.1	56	21	1.30402010050251	1.00003906254427e-12	-27.6309820541472
4N	20.5_20.5_2_1_0.5_0.3_0.2_0.1	SUM-159_NLS_4N_O1_A6_seed	SUM-159_NLS_4N_O1_A6	0.1	56	22	1.34422110552764	1.00003906254427e-12	-27.6309820541472
4N	20.5_20.5_2_1_0.5_0.3_0.2_0.1	SUM-159_NLS_4N_O1_A6_seed	SUM-159_NLS_4N_O1_A6	0.1	56	23	1.38442211055276	1.00003906254427e-12	-27.6309820541472
4N	20.5_20.5_2_1_0.5_0.3_0.2_0.1	SUM-159_NLS_4N_O1_A6_seed	SUM-159_NLS_4N_O1_A6	0.1	56	24	1.42462311557789	1.00003906254427e-12	-27.6309820541472
4N	20.5_20.5_2_1_0.5_0.3_0.2_0.1	SUM-159_NLS_4N_O1_A6_seed	SUM-159_NLS_4N_O1_A6	0.1	56	25	1.46482412060302	1.00003906254427e-12	-27.6309820541472
4N	20.5_20.5_2_1_0.5_0.3_0.2_0.1	SUM-159_NLS_4N_O1_A6_seed	SUM-159_NLS_4N_O1_A6	0.1	56	26	1.50502512562814	1.00003906254427e-12	-27.6309820541472
4N	20.5_20.5_2_1_0.5_0.3_0.2_0.1	SUM-159_NLS_4N_O1_A6_seed	SUM-159_NLS_4N_O1_A6	0.1	56	27	1.54522613065327	1.00003906254427e-12	-27.6309820541472
4N	20.5_20.5_2_1_0.5_0.3_0.2_0.1	SUM-159_NLS_4N_O1_A6_seed	SUM-159_NLS_4N_O1_A6	0.1	56	28	1.58542713567839	1.00003906254427e-12	-27.6309820541472
4N	20.5_20.5_2_1_0.5_0.3_0.2_0.1	SUM-159_NLS_4N_O1_A6_seed	SUM-159_NLS_4N_O1_A6	0.1	56	29	1.62562814070352	1.00003906254427e-12	-27.6309820541472
4N	20.5_20.5_2_1_0.5_0.3_0.2_0.1	SUM-159_NLS_4N_O1_A6_seed	SUM-159_NLS_4N_O1_A6	0.1	56	30	1.66582914572864	1.00003906254427e-12	-27.6309820541472
4N	20.5_20.5_2_1_0.5_0.3_0.2_0.1	SUM-159_NLS_4N_O1_A6_seed	SUM-159_NLS_4N_O1_A6	0.1	56	31	1.70603015075377	1.00003906254427e-12	-27.6309820541472
4N	20.5_20.5_2_1_0.5_0.3_0.2_0.1	SUM-159_NLS_4N_O1_A6_seed	SUM-159_NLS_4N_O1_A6	0.1	56	32	1.74623115577889	1.00003906254427e-12	-27.6309820541472
4N	20.5_20.5_2_1_0.5_0.3_0.2_0.1	SUM-159_NLS_4N_O1_A6_seed	SUM-159_NLS_4N_O1_A6	0.1	56	33	1.78643216080402	1.00003906254427e-12	-27.6309820541472
4N	20.5_20.5_2_1_0.5_0.3_0.2_0.1	SUM-159_NLS_4N_O1_A6_seed	SUM-159_NLS_4N_O1_A6	0.1	56	34	1.82663316582915	1.00003906254427e-12	-27.6309820541472
4N	20.5_20.5_2_1_0.5_0.3_0.2_0.1	SUM-159_NLS_4N_O1_A6_seed	SUM-159_NLS_4N_O1_A6	0.1	56	35	1.86683417085427	1.00003906254427e-12	-27.6309820541472
4N	20.5_20.5_2_1_0.5_0.3_0.2_0.1	SUM-159_NLS_4N_O1_A6_seed	SUM-159_NLS_4N_O1_A6	0.1	56	36	1.9070351758794	1.00003906254427e-12	-27.6309820541472
4N	20.5_20.5_2_1_0.5_0.3_0.2_0.1	SUM-159_NLS_4N_O1_A6_seed	SUM-159_NLS_4N_O1_A6	0.1	56	37	1.94723618090452	1.00003906254427e-12	-27.6309820541472
4N	20.5_20.5_2_1_0.5_0.3_0.2_0.1	SUM-159_NLS_4N_O1_A6_seed	SUM-159_NLS_4N_O1_A6	0.1	56	38	1.98743718592965	3.59956432387924e-10	-21.7450381129467
4N	20.5_20.5_2_1_0.5_0.3_0.2_0.1	SUM-159_NLS_4N_O1_A6_seed	SUM-159_NLS_4N_O1_A6	0.1	56	39	2.02763819095477	1.04370391677695e-06	-13.772734713347
4N	20.5_20.5_2_1_0.5_0.3_0.2_0.1	SUM-159_NLS_4N_O1_A6_seed	SUM-159_NLS_4N_O1_A6	0.1	56	40	2.0678391959799	2.55281142988976e-05	-10.575730191605
4N	20.5_20.5_2_1_0.5_0.3_0.2_0.1	SUM-159_NLS_4N_O1_A6_seed	SUM-159_NLS_4N_O1_A6	0.1	56	41	2.10804020100502	1.53205387633131e-05	-11.0863162269521
4N	20.5_20.5_2_1_0.5_0.3_0.2_0.1	SUM-159_NLS_4N_O1_A6_seed	SUM-159_NLS_4N_O1_A6	0.1	56	42	2.14824120603015	1.07142803622899e-07	-16.0491032789911
4N	20.5_20.5_2_1_0.5_0.3_0.2_0.1	SUM-159_NLS_4N_O1_A6_seed	SUM-159_NLS_4N_O1_A6	0.1	56	43	2.18844221105528	1.26098046391277e-11	-25.0965464586072
4N	20.5_20.5_2_1_0.5_0.3_0.2_0.1	SUM-159_NLS_4N_O1_A6_seed	SUM-159_NLS_4N_O1_A6	0.1	56	44	2.2286432160804	1.00003906254427e-12	-27.6309820541472
4N	20.5_20.5_2_1_0.5_0.3_0.2_0.1	SUM-159_NLS_4N_O1_A6_seed	SUM-159_NLS_4N_O1_A6	0.1	56	45	2.26884422110553	3.92254060674769e-08	-17.0539411861189
4N	20.5_20.5_2_1_0.5_0.3_0.2_0.1	SUM-159_NLS_4N_O1_A6_seed	SUM-159_NLS_4N_O1_A6	0.1	56	46	2.30904522613065	9.74187964867185e-06	-11.5390764765187
4N	20.5_20.5_2_1_0.5_0.3_0.2_0.1	SUM-159_NLS_4N_O1_A6_seed	SUM-159_NLS_4N_O1_A6	0.1	56	47	2.34924623115578	6.22661761582646e-05	-9.6840921984126
4N	20.5_20.5_2_1_0.5_0.3_0.2_0.1	SUM-159_NLS_4N_O1_A6_seed	SUM-159_NLS_4N_O1_A6	0.1	56	48	2.3894472361809	2.92071082392698e-05	-10.4410984454633
4N	20.5_20.5_2_1_0.5_0.3_0.2_0.1	SUM-159_NLS_4N_O1_A6_seed	SUM-159_NLS_4N_O1_A6	0.1	56	49	2.42964824120603	2.55933713673719e-05	-10.5731771709692
4N	20.5_20.5_2_1_0.5_0.3_0.2_0.1	SUM-159_NLS_4N_O1_A6_seed	SUM-159_NLS_4N_O1_A6	0.1	56	50	2.46984924623116	3.62383571465741e-05	-10.2253924104171
4N	20.5_20.5_2_1_0.5_0.3_0.2_0.1	SUM-159_NLS_4N_O1_A6_seed	SUM-159_NLS_4N_O1_A6	0.1	56	51	2.51005025125628	0.00012113839761631	-9.01857688403478
4N	20.5_20.5_2_1_0.5_0.3_0.2_0.1	SUM-159_NLS_4N_O1_A6_seed	SUM-159_NLS_4N_O1_A6	0.1	56	52	2.55025125628141	0.00041292883156138	-7.79223530052678
4N	20.5_20.5_2_1_0.5_0.3_0.2_0.1	SUM-159_NLS_4N_O1_A6_seed	SUM-159_NLS_4N_O1_A6	0.1	56	53	2.59045226130653	0.000646753109599265	-7.34354592887063
4N	20.5_20.5_2_1_0.5_0.3_0.2_0.1	SUM-159_NLS_4N_O1_A6_seed	SUM-159_NLS_4N_O1_A6	0.1	56	54	2.63065326633166	0.000940061427614484	-6.9695653363093
4N	20.5_20.5_2_1_0.5_0.3_0.2_0.1	SUM-159_NLS_4N_O1_A6_seed	SUM-159_NLS_4N_O1_A6	0.1	56	55	2.67085427135678	0.00146239782941736	-6.52767784152605
4N	20.5_20.5_2_1_0.5_0.3_0.2_0.1	SUM-159_NLS_4N_O1_A6_seed	SUM-159_NLS_4N_O1_A6	0.1	56	56	2.71105527638191	0.00309111438118364	-5.77922361192812
4N	20.5_20.5_2_1_0.5_0.3_0.2_0.1	SUM-159_NLS_4N_O1_A6_seed	SUM-159_NLS_4N_O1_A6	0.1	56	57	2.75125628140704	0.00467399658176998	-5.36574077419437
4N	20.5_20.5_2_1_0.5_0.3_0.2_0.1	SUM-159_NLS_4N_O1_A6_seed	SUM-159_NLS_4N_O1_A6	0.1	56	58	2.79145728643216	0.00854511644007892	-4.76239533581592
4N	20.5_20.5_2_1_0.5_0.3_0.2_0.1	SUM-159_NLS_4N_O1_A6_seed	SUM-159_NLS_4N_O1_A6	0.1	56	59	2.83165829145729	0.0131512664451902	-4.33123721737662
4N	20.5_20.5_2_1_0.5_0.3_0.2_0.1	SUM-159_NLS_4N_O1_A6_seed	SUM-159_NLS_4N_O1_A6	0.1	56	60	2.87185929648241	0.020940844181186	-3.86605376006457
4N	20.5_20.5_2_1_0.5_0.3_0.2_0.1	SUM-159_NLS_4N_O1_A6_seed	SUM-159_NLS_4N_O1_A6	0.1	56	61	2.91206030150754	0.0311182545989667	-3.46996066739629
4N	20.5_20.5_2_1_0.5_0.3_0.2_0.1	SUM-159_NLS_4N_O1_A6_seed	SUM-159_NLS_4N_O1_A6	0.1	56	62	2.95226130653266	0.0456557439432949	-3.08662585415458
4N	20.5_20.5_2_1_0.5_0.3_0.2_0.1	SUM-159_NLS_4N_O1_A6_seed	SUM-159_NLS_4N_O1_A6	0.1	56	63	2.99246231155779	0.0663080692913649	-2.71344368042753
4N	20.5_20.5_2_1_0.5_0.3_0.2_0.1	SUM-159_NLS_4N_O1_A6_seed	SUM-159_NLS_4N_O1_A6	0.1	56	64	3.03266331658291	0.0919604533672213	-2.38639664905123
4N	20.5_20.5_2_1_0.5_0.3_0.2_0.1	SUM-159_NLS_4N_O1_A6_seed	SUM-159_NLS_4N_O1_A6	0.1	56	65	3.07286432160804	0.127686129038751	-2.0581801433097
4N	20.5_20.5_2_1_0.5_0.3_0.2_0.1	SUM-159_NLS_4N_O1_A6_seed	SUM-159_NLS_4N_O1_A6	0.1	56	66	3.11306532663317	0.175636901671463	-1.7393364736659
4N	20.5_20.5_2_1_0.5_0.3_0.2_0.1	SUM-159_NLS_4N_O1_A6_seed	SUM-159_NLS_4N_O1_A6	0.1	56	67	3.15326633165829	0.235191464135739	-1.44735535555612
4N	20.5_20.5_2_1_0.5_0.3_0.2_0.1	SUM-159_NLS_4N_O1_A6_seed	SUM-159_NLS_4N_O1_A6	0.1	56	68	3.19346733668342	0.306034541784349	-1.18405730175221
4N	20.5_20.5_2_1_0.5_0.3_0.2_0.1	SUM-159_NLS_4N_O1_A6_seed	SUM-159_NLS_4N_O1_A6	0.1	56	69	3.23366834170854	0.387126107030785	-0.949004781071845
4N	20.5_20.5_2_1_0.5_0.3_0.2_0.1	SUM-159_NLS_4N_O1_A6_seed	SUM-159_NLS_4N_O1_A6	0.1	56	70	3.27386934673367	0.484477515126729	-0.724684257135384
4N	20.5_20.5_2_1_0.5_0.3_0.2_0.1	SUM-159_NLS_4N_O1_A6_seed	SUM-159_NLS_4N_O1_A6	0.1	56	71	3.31407035175879	0.594199735687443	-0.520539760774592
4N	20.5_20.5_2_1_0.5_0.3_0.2_0.1	SUM-159_NLS_4N_O1_A6_seed	SUM-159_NLS_4N_O1_A6	0.1	56	72	3.35427135678392	0.71148948429388	-0.340394641190571
4N	20.5_20.5_2_1_0.5_0.3_0.2_0.1	SUM-159_NLS_4N_O1_A6_seed	SUM-159_NLS_4N_O1_A6	0.1	56	73	3.39447236180905	0.827859488529345	-0.188911838841311
4N	20.5_20.5_2_1_0.5_0.3_0.2_0.1	SUM-159_NLS_4N_O1_A6_seed	SUM-159_NLS_4N_O1_A6	0.1	56	74	3.43467336683417	0.941912632440586	-0.0598427555853904
4N	20.5_20.5_2_1_0.5_0.3_0.2_0.1	SUM-159_NLS_4N_O1_A6_seed	SUM-159_NLS_4N_O1_A6	0.1	56	75	3.4748743718593	1.06717084799145	0.0650110794562821
4N	20.5_20.5_2_1_0.5_0.3_0.2_0.1	SUM-159_NLS_4N_O1_A6_seed	SUM-159_NLS_4N_O1_A6	0.1	56	76	3.51507537688442	1.17306269490305	0.159618016583225
4N	20.5_20.5_2_1_0.5_0.3_0.2_0.1	SUM-159_NLS_4N_O1_A6_seed	SUM-159_NLS_4N_O1_A6	0.1	56	77	3.55527638190955	1.26819830082801	0.237597232453228
4N	20.5_20.5_2_1_0.5_0.3_0.2_0.1	SUM-159_NLS_4N_O1_A6_seed	SUM-159_NLS_4N_O1_A6	0.1	56	78	3.59547738693467	1.33257089679847	0.287110081494989
4N	20.5_20.5_2_1_0.5_0.3_0.2_0.1	SUM-159_NLS_4N_O1_A6_seed	SUM-159_NLS_4N_O1_A6	0.1	56	79	3.6356783919598	1.38391764186477	0.324918348101701
4N	20.5_20.5_2_1_0.5_0.3_0.2_0.1	SUM-159_NLS_4N_O1_A6_seed	SUM-159_NLS_4N_O1_A6	0.1	56	80	3.67587939698492	1.40499152788841	0.340031272794868
4N	20.5_20.5_2_1_0.5_0.3_0.2_0.1	SUM-159_NLS_4N_O1_A6_seed	SUM-159_NLS_4N_O1_A6	0.1	56	81	3.71608040201005	1.38480352373736	0.325558269458773
4N	20.5_20.5_2_1_0.5_0.3_0.2_0.1	SUM-159_NLS_4N_O1_A6_seed	SUM-159_NLS_4N_O1_A6	0.1	56	82	3.75628140703518	1.349406097687	0.299664568014527
4N	20.5_20.5_2_1_0.5_0.3_0.2_0.1	SUM-159_NLS_4N_O1_A6_seed	SUM-159_NLS_4N_O1_A6	0.1	56	83	3.7964824120603	1.28233603725124	0.248683443691906
4N	20.5_20.5_2_1_0.5_0.3_0.2_0.1	SUM-159_NLS_4N_O1_A6_seed	SUM-159_NLS_4N_O1_A6	0.1	56	84	3.83668341708543	1.20547809523047	0.18687624778173
4N	20.5_20.5_2_1_0.5_0.3_0.2_0.1	SUM-159_NLS_4N_O1_A6_seed	SUM-159_NLS_4N_O1_A6	0.1	56	85	3.87688442211055	1.11647476124522	0.110176186798702
4N	20.5_20.5_2_1_0.5_0.3_0.2_0.1	SUM-159_NLS_4N_O1_A6_seed	SUM-159_NLS_4N_O1_A6	0.1	56	86	3.91708542713568	1.00308857925512	0.00308381939250737
4N	20.5_20.5_2_1_0.5_0.3_0.2_0.1	SUM-159_NLS_4N_O1_A6_seed	SUM-159_NLS_4N_O1_A6	0.1	56	87	3.9572864321608	0.882657698578417	-0.12481781086579
4N	20.5_20.5_2_1_0.5_0.3_0.2_0.1	SUM-159_NLS_4N_O1_A6_seed	SUM-159_NLS_4N_O1_A6	0.1	56	88	3.99748743718593	0.71426903574787	-0.33649558684681
4N	20.5_20.5_2_1_0.5_0.3_0.2_0.1	SUM-159_NLS_4N_O1_A6_seed	SUM-159_NLS_4N_O1_A6	0.1	56	89	4.03768844221106	0.572695694536526	-0.557400777444484
4N	20.5_20.5_2_1_0.5_0.3_0.2_0.1	SUM-159_NLS_4N_O1_A6_seed	SUM-159_NLS_4N_O1_A6	0.1	56	90	4.07788944723618	0.493034149445604	-0.707176838686068
4N	20.5_20.5_2_1_0.5_0.3_0.2_0.1	SUM-159_NLS_4N_O1_A6_seed	SUM-159_NLS_4N_O1_A6	0.1	56	91	4.11809045226131	0.417776742675301	-0.872808097576392
4N	20.5_20.5_2_1_0.5_0.3_0.2_0.1	SUM-159_NLS_4N_O1_A6_seed	SUM-159_NLS_4N_O1_A6	0.1	56	92	4.15829145728643	0.350286403242132	-1.04900416414196
4N	20.5_20.5_2_1_0.5_0.3_0.2_0.1	SUM-159_NLS_4N_O1_A6_seed	SUM-159_NLS_4N_O1_A6	0.1	56	93	4.19849246231156	0.293741827151221	-1.22505403637475
4N	20.5_20.5_2_1_0.5_0.3_0.2_0.1	SUM-159_NLS_4N_O1_A6_seed	SUM-159_NLS_4N_O1_A6	0.1	56	94	4.23869346733668	0.237590404461189	-1.43720707757351
4N	20.5_20.5_2_1_0.5_0.3_0.2_0.1	SUM-159_NLS_4N_O1_A6_seed	SUM-159_NLS_4N_O1_A6	0.1	56	95	4.27889447236181	0.192409803805573	-1.64812778671829
4N	20.5_20.5_2_1_0.5_0.3_0.2_0.1	SUM-159_NLS_4N_O1_A6_seed	SUM-159_NLS_4N_O1_A6	0.1	56	96	4.31909547738693	0.157377352024854	-1.84910884137678
4N	20.5_20.5_2_1_0.5_0.3_0.2_0.1	SUM-159_NLS_4N_O1_A6_seed	SUM-159_NLS_4N_O1_A6	0.1	56	97	4.35929648241206	0.124832536201894	-2.08078215027896
4N	20.5_20.5_2_1_0.5_0.3_0.2_0.1	SUM-159_NLS_4N_O1_A6_seed	SUM-159_NLS_4N_O1_A6	0.1	56	98	4.39949748743719	0.096723488209356	-2.3358990082995
4N	20.5_20.5_2_1_0.5_0.3_0.2_0.1	SUM-159_NLS_4N_O1_A6_seed	SUM-159_NLS_4N_O1_A6	0.1	56	99	4.43969849246231	0.073492984993141	-2.61056531958844
4N	20.5_20.5_2_1_0.5_0.3_0.2_0.1	SUM-159_NLS_4N_O1_A6_seed	SUM-159_NLS_4N_O1_A6	0.1	56	100	4.47989949748744	0.0554576292211098	-2.89213598725401
4N	20.5_20.5_2_1_0.5_0.3_0.2_0.1	SUM-159_NLS_4N_O1_A6_seed	SUM-159_NLS_4N_O1_A6	0.1	56	101	4.52010050251256	0.0416458291969364	-3.17855405471282
4N	20.5_20.5_2_1_0.5_0.3_0.2_0.1	SUM-159_NLS_4N_O1_A6_seed	SUM-159_NLS_4N_O1_A6	0.1	56	102	4.56030150753769	0.0324001369651022	-3.42959262887482
4N	20.5_20.5_2_1_0.5_0.3_0.2_0.1	SUM-159_NLS_4N_O1_A6_seed	SUM-159_NLS_4N_O1_A6	0.1	56	103	4.60050251256281	0.0238385159535104	-3.73645268899483
4N	20.5_20.5_2_1_0.5_0.3_0.2_0.1	SUM-159_NLS_4N_O1_A6_seed	SUM-159_NLS_4N_O1_A6	0.1	56	104	4.64070351758794	0.0168775434364609	-4.08177133142034
4N	20.5_20.5_2_1_0.5_0.3_0.2_0.1	SUM-159_NLS_4N_O1_A6_seed	SUM-159_NLS_4N_O1_A6	0.1	56	105	4.68090452261307	0.0130767872462237	-4.33691658650084
4N	20.5_20.5_2_1_0.5_0.3_0.2_0.1	SUM-159_NLS_4N_O1_A6_seed	SUM-159_NLS_4N_O1_A6	0.1	56	106	4.72110552763819	0.00924447487611243	-4.68372921660945
4N	20.5_20.5_2_1_0.5_0.3_0.2_0.1	SUM-159_NLS_4N_O1_A6_seed	SUM-159_NLS_4N_O1_A6	0.1	56	107	4.76130653266332	0.00729294957041887	-4.92084720979637
4N	20.5_20.5_2_1_0.5_0.3_0.2_0.1	SUM-159_NLS_4N_O1_A6_seed	SUM-159_NLS_4N_O1_A6	0.1	56	108	4.80150753768844	0.00448549263882196	-5.40690694807163
4N	20.5_20.5_2_1_0.5_0.3_0.2_0.1	SUM-159_NLS_4N_O1_A6_seed	SUM-159_NLS_4N_O1_A6	0.1	56	109	4.84170854271357	0.00310953729338103	-5.77328134412321
4N	20.5_20.5_2_1_0.5_0.3_0.2_0.1	SUM-159_NLS_4N_O1_A6_seed	SUM-159_NLS_4N_O1_A6	0.1	56	110	4.88190954773869	0.00244320643992287	-6.01444398764759
4N	20.5_20.5_2_1_0.5_0.3_0.2_0.1	SUM-159_NLS_4N_O1_A6_seed	SUM-159_NLS_4N_O1_A6	0.1	56	111	4.92211055276382	0.00173275676996692	-6.35804163010879
4N	20.5_20.5_2_1_0.5_0.3_0.2_0.1	SUM-159_NLS_4N_O1_A6_seed	SUM-159_NLS_4N_O1_A6	0.1	56	112	4.96231155778894	0.00106899047122144	-6.84104056071007
4N	20.5_20.5_2_1_0.5_0.3_0.2_0.1	SUM-159_NLS_4N_O1_A6_seed	SUM-159_NLS_4N_O1_A6	0.1	56	113	5.00251256281407	0.000766094673405343	-7.17420480133691
4N	20.5_20.5_2_1_0.5_0.3_0.2_0.1	SUM-159_NLS_4N_O1_A6_seed	SUM-159_NLS_4N_O1_A6	0.1	56	114	5.0427135678392	0.000496343638709144	-7.6082420511502
4N	20.5_20.5_2_1_0.5_0.3_0.2_0.1	SUM-159_NLS_4N_O1_A6_seed	SUM-159_NLS_4N_O1_A6	0.1	56	115	5.08291457286432	0.00052584924942402	-7.55049598435683
4N	20.5_20.5_2_1_0.5_0.3_0.2_0.1	SUM-159_NLS_4N_O1_A6_seed	SUM-159_NLS_4N_O1_A6	0.1	56	116	5.12311557788945	0.000395260497082113	-7.83596552414484
4N	20.5_20.5_2_1_0.5_0.3_0.2_0.1	SUM-159_NLS_4N_O1_A6_seed	SUM-159_NLS_4N_O1_A6	0.1	56	117	5.16331658291457	0.000308983671046932	-8.08222212697116
4N	20.5_20.5_2_1_0.5_0.3_0.2_0.1	SUM-159_NLS_4N_O1_A6_seed	SUM-159_NLS_4N_O1_A6	0.1	56	118	5.2035175879397	0.000165321700482398	-8.70761728236833
4N	20.5_20.5_2_1_0.5_0.3_0.2_0.1	SUM-159_NLS_4N_O1_A6_seed	SUM-159_NLS_4N_O1_A6	0.1	56	119	5.24371859296482	0.000155297039724338	-8.77017088965043
4N	20.5_20.5_2_1_0.5_0.3_0.2_0.1	SUM-159_NLS_4N_O1_A6_seed	SUM-159_NLS_4N_O1_A6	0.1	56	120	5.28391959798995	7.60686792401662e-05	-9.48387395153295
4N	20.5_20.5_2_1_0.5_0.3_0.2_0.1	SUM-159_NLS_4N_O1_A6_seed	SUM-159_NLS_4N_O1_A6	0.1	56	121	5.32412060301508	6.50577301119764e-05	-9.64023552667655
4N	20.5_20.5_2_1_0.5_0.3_0.2_0.1	SUM-159_NLS_4N_O1_A6_seed	SUM-159_NLS_4N_O1_A6	0.1	56	122	5.3643216080402	1.7255759708543e-05	-10.9673645740704
4N	20.5_20.5_2_1_0.5_0.3_0.2_0.1	SUM-159_NLS_4N_O1_A6_seed	SUM-159_NLS_4N_O1_A6	0.1	56	123	5.40452261306533	4.07636517758867e-05	-10.1077197614765
4N	20.5_20.5_2_1_0.5_0.3_0.2_0.1	SUM-159_NLS_4N_O1_A6_seed	SUM-159_NLS_4N_O1_A6	0.1	56	124	5.44472361809045	3.77875233891244e-05	-10.1835315788943
4N	20.5_20.5_2_1_0.5_0.3_0.2_0.1	SUM-159_NLS_4N_O1_A6_seed	SUM-159_NLS_4N_O1_A6	0.1	56	125	5.48492462311558	1.67606573406474e-05	-10.9964762428771
4N	20.5_20.5_2_1_0.5_0.3_0.2_0.1	SUM-159_NLS_4N_O1_A6_seed	SUM-159_NLS_4N_O1_A6	0.1	56	126	5.5251256281407	2.43283570802978e-05	-10.6238679299471
4N	20.5_20.5_2_1_0.5_0.3_0.2_0.1	SUM-159_NLS_4N_O1_A6_seed	SUM-159_NLS_4N_O1_A6	0.1	56	127	5.56532663316583	6.26415485571209e-07	-14.2832519710377
4N	20.5_20.5_2_1_0.5_0.3_0.2_0.1	SUM-159_NLS_4N_O1_A6_seed	SUM-159_NLS_4N_O1_A6	0.1	56	128	5.60552763819095	2.5869540409021e-10	-22.0753697922975
4N	20.5_20.5_2_1_0.5_0.3_0.2_0.1	SUM-159_NLS_4N_O1_A6_seed	SUM-159_NLS_4N_O1_A6	0.1	56	129	5.64572864321608	1.00003906254427e-12	-27.6309820541472
4N	20.5_20.5_2_1_0.5_0.3_0.2_0.1	SUM-159_NLS_4N_O1_A6_seed	SUM-159_NLS_4N_O1_A6	0.1	56	130	5.68592964824121	1.00003906254427e-12	-27.6309820541472
4N	20.5_20.5_2_1_0.5_0.3_0.2_0.1	SUM-159_NLS_4N_O1_A6_seed	SUM-159_NLS_4N_O1_A6	0.1	56	131	5.72613065326633	1.00003906254427e-12	-27.6309820541472
4N	20.5_20.5_2_1_0.5_0.3_0.2_0.1	SUM-159_NLS_4N_O1_A6_seed	SUM-159_NLS_4N_O1_A6	0.1	56	132	5.76633165829146	1.00003906254427e-12	-27.6309820541472
4N	20.5_20.5_2_1_0.5_0.3_0.2_0.1	SUM-159_NLS_4N_O1_A6_seed	SUM-159_NLS_4N_O1_A6	0.1	56	133	5.80653266331658	1.00003906254427e-12	-27.6309820541472
4N	20.5_20.5_2_1_0.5_0.3_0.2_0.1	SUM-159_NLS_4N_O1_A6_seed	SUM-159_NLS_4N_O1_A6	0.1	56	134	5.84673366834171	1.00003906254427e-12	-27.6309820541472
4N	20.5_20.5_2_1_0.5_0.3_0.2_0.1	SUM-159_NLS_4N_O1_A6_seed	SUM-159_NLS_4N_O1_A6	0.1	56	135	5.88693467336683	1.00003906254427e-12	-27.6309820541472
4N	20.5_20.5_2_1_0.5_0.3_0.2_0.1	SUM-159_NLS_4N_O1_A6_seed	SUM-159_NLS_4N_O1_A6	0.1	56	136	5.92713567839196	1.00003906254427e-12	-27.6309820541472
4N	20.5_20.5_2_1_0.5_0.3_0.2_0.1	SUM-159_NLS_4N_O1_A6_seed	SUM-159_NLS_4N_O1_A6	0.1	56	137	5.96733668341709	1.00003906254427e-12	-27.6309820541472
4N	20.5_20.5_2_1_0.5_0.3_0.2_0.1	SUM-159_NLS_4N_O1_A6_seed	SUM-159_NLS_4N_O1_A6	0.1	56	138	6.00753768844221	1.00003906254427e-12	-27.6309820541472
4N	20.5_20.5_2_1_0.5_0.3_0.2_0.1	SUM-159_NLS_4N_O1_A6_seed	SUM-159_NLS_4N_O1_A6	0.1	56	139	6.04773869346734	1.00003906254427e-12	-27.6309820541472
4N	20.5_20.5_2_1_0.5_0.3_0.2_0.1	SUM-159_NLS_4N_O1_A6_seed	SUM-159_NLS_4N_O1_A6	0.1	56	140	6.08793969849246	1.00003906254427e-12	-27.6309820541472
4N	20.5_20.5_2_1_0.5_0.3_0.2_0.1	SUM-159_NLS_4N_O1_A6_seed	SUM-159_NLS_4N_O1_A6	0.1	56	141	6.12814070351759	1.00003906254427e-12	-27.6309820541472
4N	20.5_20.5_2_1_0.5_0.3_0.2_0.1	SUM-159_NLS_4N_O1_A6_seed	SUM-159_NLS_4N_O1_A6	0.1	56	142	6.16834170854271	1.00003906254427e-12	-27.6309820541472
4N	20.5_20.5_2_1_0.5_0.3_0.2_0.1	SUM-159_NLS_4N_O1_A6_seed	SUM-159_NLS_4N_O1_A6	0.1	56	143	6.20854271356784	1.00003906254427e-12	-27.6309820541472
4N	20.5_20.5_2_1_0.5_0.3_0.2_0.1	SUM-159_NLS_4N_O1_A6_seed	SUM-159_NLS_4N_O1_A6	0.1	56	144	6.24874371859296	1.00003906254427e-12	-27.6309820541472
4N	20.5_20.5_2_1_0.5_0.3_0.2_0.1	SUM-159_NLS_4N_O1_A6_seed	SUM-159_NLS_4N_O1_A6	0.1	56	145	6.28894472361809	1.00003906254427e-12	-27.6309820541472
4N	20.5_20.5_2_1_0.5_0.3_0.2_0.1	SUM-159_NLS_4N_O1_A6_seed	SUM-159_NLS_4N_O1_A6	0.1	56	146	6.32914572864322	1.00003906254427e-12	-27.6309820541472
4N	20.5_20.5_2_1_0.5_0.3_0.2_0.1	SUM-159_NLS_4N_O1_A6_seed	SUM-159_NLS_4N_O1_A6	0.1	56	147	6.36934673366834	1.00003906254427e-12	-27.6309820541472
4N	20.5_20.5_2_1_0.5_0.3_0.2_0.1	SUM-159_NLS_4N_O1_A6_seed	SUM-159_NLS_4N_O1_A6	0.1	56	148	6.40954773869347	1.00003906254427e-12	-27.6309820541472
4N	20.5_20.5_2_1_0.5_0.3_0.2_0.1	SUM-159_NLS_4N_O1_A6_seed	SUM-159_NLS_4N_O1_A6	0.1	56	149	6.44974874371859	1.00003906254427e-12	-27.6309820541472
4N	20.5_20.5_2_1_0.5_0.3_0.2_0.1	SUM-159_NLS_4N_O1_A6_seed	SUM-159_NLS_4N_O1_A6	0.1	56	150	6.48994974874372	1.00003906254427e-12	-27.6309820541472
4N	20.5_20.5_2_1_0.5_0.3_0.2_0.1	SUM-159_NLS_4N_O1_A6_seed	SUM-159_NLS_4N_O1_A6	0.1	56	151	6.53015075376884	1.00003906254427e-12	-27.6309820541472
4N	20.5_20.5_2_1_0.5_0.3_0.2_0.1	SUM-159_NLS_4N_O1_A6_seed	SUM-159_NLS_4N_O1_A6	0.1	56	152	6.57035175879397	1.00003906254427e-12	-27.6309820541472
4N	20.5_20.5_2_1_0.5_0.3_0.2_0.1	SUM-159_NLS_4N_O1_A6_seed	SUM-159_NLS_4N_O1_A6	0.1	56	153	6.6105527638191	1.00003906254427e-12	-27.6309820541472
4N	20.5_20.5_2_1_0.5_0.3_0.2_0.1	SUM-159_NLS_4N_O1_A6_seed	SUM-159_NLS_4N_O1_A6	0.1	56	154	6.65075376884422	1.00003906254427e-12	-27.6309820541472
4N	20.5_20.5_2_1_0.5_0.3_0.2_0.1	SUM-159_NLS_4N_O1_A6_seed	SUM-159_NLS_4N_O1_A6	0.1	56	155	6.69095477386935	1.00003906254427e-12	-27.6309820541472
4N	20.5_20.5_2_1_0.5_0.3_0.2_0.1	SUM-159_NLS_4N_O1_A6_seed	SUM-159_NLS_4N_O1_A6	0.1	56	156	6.73115577889447	1.00003906254427e-12	-27.6309820541472
4N	20.5_20.5_2_1_0.5_0.3_0.2_0.1	SUM-159_NLS_4N_O1_A6_seed	SUM-159_NLS_4N_O1_A6	0.1	56	157	6.7713567839196	1.00003906254427e-12	-27.6309820541472
4N	20.5_20.5_2_1_0.5_0.3_0.2_0.1	SUM-159_NLS_4N_O1_A6_seed	SUM-159_NLS_4N_O1_A6	0.1	56	158	6.81155778894472	1.00003906254427e-12	-27.6309820541472
4N	20.5_20.5_2_1_0.5_0.3_0.2_0.1	SUM-159_NLS_4N_O1_A6_seed	SUM-159_NLS_4N_O1_A6	0.1	56	159	6.85175879396985	1.00003906254427e-12	-27.6309820541472
4N	20.5_20.5_2_1_0.5_0.3_0.2_0.1	SUM-159_NLS_4N_O1_A6_seed	SUM-159_NLS_4N_O1_A6	0.1	56	160	6.89195979899498	1.00003906254427e-12	-27.6309820541472
4N	20.5_20.5_2_1_0.5_0.3_0.2_0.1	SUM-159_NLS_4N_O1_A6_seed	SUM-159_NLS_4N_O1_A6	0.1	56	161	6.9321608040201	1.00003906254427e-12	-27.6309820541472
4N	20.5_20.5_2_1_0.5_0.3_0.2_0.1	SUM-159_NLS_4N_O1_A6_seed	SUM-159_NLS_4N_O1_A6	0.1	56	162	6.97236180904523	1.00003906254427e-12	-27.6309820541472
4N	20.5_20.5_2_1_0.5_0.3_0.2_0.1	SUM-159_NLS_4N_O1_A6_seed	SUM-159_NLS_4N_O1_A6	0.1	56	163	7.01256281407035	1.00003906254427e-12	-27.6309820541472
4N	20.5_20.5_2_1_0.5_0.3_0.2_0.1	SUM-159_NLS_4N_O1_A6_seed	SUM-159_NLS_4N_O1_A6	0.1	56	164	7.05276381909548	1.00003906254427e-12	-27.6309820541472
4N	20.5_20.5_2_1_0.5_0.3_0.2_0.1	SUM-159_NLS_4N_O1_A6_seed	SUM-159_NLS_4N_O1_A6	0.1	56	165	7.0929648241206	1.00003906254427e-12	-27.6309820541472
4N	20.5_20.5_2_1_0.5_0.3_0.2_0.1	SUM-159_NLS_4N_O1_A6_seed	SUM-159_NLS_4N_O1_A6	0.1	56	166	7.13316582914573	1.00003906254427e-12	-27.6309820541472
4N	20.5_20.5_2_1_0.5_0.3_0.2_0.1	SUM-159_NLS_4N_O1_A6_seed	SUM-159_NLS_4N_O1_A6	0.1	56	167	7.17336683417085	1.00003906254427e-12	-27.6309820541472
4N	20.5_20.5_2_1_0.5_0.3_0.2_0.1	SUM-159_NLS_4N_O1_A6_seed	SUM-159_NLS_4N_O1_A6	0.1	56	168	7.21356783919598	1.00003906254427e-12	-27.6309820541472
4N	20.5_20.5_2_1_0.5_0.3_0.2_0.1	SUM-159_NLS_4N_O1_A6_seed	SUM-159_NLS_4N_O1_A6	0.1	56	169	7.25376884422111	1.00003906254427e-12	-27.6309820541472
4N	20.5_20.5_2_1_0.5_0.3_0.2_0.1	SUM-159_NLS_4N_O1_A6_seed	SUM-159_NLS_4N_O1_A6	0.1	56	170	7.29396984924623	1.00003906254427e-12	-27.6309820541472
4N	20.5_20.5_2_1_0.5_0.3_0.2_0.1	SUM-159_NLS_4N_O1_A6_seed	SUM-159_NLS_4N_O1_A6	0.1	56	171	7.33417085427136	1.00003906254427e-12	-27.6309820541472
4N	20.5_20.5_2_1_0.5_0.3_0.2_0.1	SUM-159_NLS_4N_O1_A6_seed	SUM-159_NLS_4N_O1_A6	0.1	56	172	7.37437185929648	1.00003906254427e-12	-27.6309820541472
4N	20.5_20.5_2_1_0.5_0.3_0.2_0.1	SUM-159_NLS_4N_O1_A6_seed	SUM-159_NLS_4N_O1_A6	0.1	56	173	7.41457286432161	1.00003906254427e-12	-27.6309820541472
4N	20.5_20.5_2_1_0.5_0.3_0.2_0.1	SUM-159_NLS_4N_O1_A6_seed	SUM-159_NLS_4N_O1_A6	0.1	56	174	7.45477386934673	1.00003906254427e-12	-27.6309820541472
4N	20.5_20.5_2_1_0.5_0.3_0.2_0.1	SUM-159_NLS_4N_O1_A6_seed	SUM-159_NLS_4N_O1_A6	0.1	56	175	7.49497487437186	1.00003906254427e-12	-27.6309820541472
4N	20.5_20.5_2_1_0.5_0.3_0.2_0.1	SUM-159_NLS_4N_O1_A6_seed	SUM-159_NLS_4N_O1_A6	0.1	56	176	7.53517587939699	1.00003906254427e-12	-27.6309820541472
4N	20.5_20.5_2_1_0.5_0.3_0.2_0.1	SUM-159_NLS_4N_O1_A6_seed	SUM-159_NLS_4N_O1_A6	0.1	56	177	7.57537688442211	1.00003906254427e-12	-27.6309820541472
4N	20.5_20.5_2_1_0.5_0.3_0.2_0.1	SUM-159_NLS_4N_O1_A6_seed	SUM-159_NLS_4N_O1_A6	0.1	56	178	7.61557788944724	1.00003906254427e-12	-27.6309820541472
4N	20.5_20.5_2_1_0.5_0.3_0.2_0.1	SUM-159_NLS_4N_O1_A6_seed	SUM-159_NLS_4N_O1_A6	0.1	56	179	7.65577889447236	1.00003906254427e-12	-27.6309820541472
4N	20.5_20.5_2_1_0.5_0.3_0.2_0.1	SUM-159_NLS_4N_O1_A6_seed	SUM-159_NLS_4N_O1_A6	0.1	56	180	7.69597989949749	1.00003906254427e-12	-27.6309820541472
4N	20.5_20.5_2_1_0.5_0.3_0.2_0.1	SUM-159_NLS_4N_O1_A6_seed	SUM-159_NLS_4N_O1_A6	0.1	56	181	7.73618090452261	1.00003906254427e-12	-27.6309820541472
4N	20.5_20.5_2_1_0.5_0.3_0.2_0.1	SUM-159_NLS_4N_O1_A6_seed	SUM-159_NLS_4N_O1_A6	0.1	56	182	7.77638190954774	1.00003906254427e-12	-27.6309820541472
4N	20.5_20.5_2_1_0.5_0.3_0.2_0.1	SUM-159_NLS_4N_O1_A6_seed	SUM-159_NLS_4N_O1_A6	0.1	56	183	7.81658291457286	1.00003906254427e-12	-27.6309820541472
4N	20.5_20.5_2_1_0.5_0.3_0.2_0.1	SUM-159_NLS_4N_O1_A6_seed	SUM-159_NLS_4N_O1_A6	0.1	56	184	7.85678391959799	1.00003906254427e-12	-27.6309820541472
4N	20.5_20.5_2_1_0.5_0.3_0.2_0.1	SUM-159_NLS_4N_O1_A6_seed	SUM-159_NLS_4N_O1_A6	0.1	56	185	7.89698492462312	1.00003906254427e-12	-27.6309820541472
4N	20.5_20.5_2_1_0.5_0.3_0.2_0.1	SUM-159_NLS_4N_O1_A6_seed	SUM-159_NLS_4N_O1_A6	0.1	56	186	7.93718592964824	1.00003906254427e-12	-27.6309820541472
4N	20.5_20.5_2_1_0.5_0.3_0.2_0.1	SUM-159_NLS_4N_O1_A6_seed	SUM-159_NLS_4N_O1_A6	0.1	56	187	7.97738693467337	1.00003906254427e-12	-27.6309820541472
4N	20.5_20.5_2_1_0.5_0.3_0.2_0.1	SUM-159_NLS_4N_O1_A6_seed	SUM-159_NLS_4N_O1_A6	0.1	56	188	8.01758793969849	1.00003906254427e-12	-27.6309820541472
4N	20.5_20.5_2_1_0.5_0.3_0.2_0.1	SUM-159_NLS_4N_O1_A6_seed	SUM-159_NLS_4N_O1_A6	0.1	56	189	8.05778894472362	1.00003906254427e-12	-27.6309820541472
4N	20.5_20.5_2_1_0.5_0.3_0.2_0.1	SUM-159_NLS_4N_O1_A6_seed	SUM-159_NLS_4N_O1_A6	0.1	56	190	8.09798994974874	1.00003906254427e-12	-27.6309820541472
4N	20.5_20.5_2_1_0.5_0.3_0.2_0.1	SUM-159_NLS_4N_O1_A6_seed	SUM-159_NLS_4N_O1_A6	0.1	56	191	8.13819095477387	1.00003906254427e-12	-27.6309820541472
4N	20.5_20.5_2_1_0.5_0.3_0.2_0.1	SUM-159_NLS_4N_O1_A6_seed	SUM-159_NLS_4N_O1_A6	0.1	56	192	8.178391959799	1.00003906254427e-12	-27.6309820541472
4N	20.5_20.5_2_1_0.5_0.3_0.2_0.1	SUM-159_NLS_4N_O1_A6_seed	SUM-159_NLS_4N_O1_A6	0.1	56	193	8.21859296482412	1.00003906254427e-12	-27.6309820541472
4N	20.5_20.5_2_1_0.5_0.3_0.2_0.1	SUM-159_NLS_4N_O1_A6_seed	SUM-159_NLS_4N_O1_A6	0.1	56	194	8.25879396984925	1.00003906254427e-12	-27.6309820541472
4N	20.5_20.5_2_1_0.5_0.3_0.2_0.1	SUM-159_NLS_4N_O1_A6_seed	SUM-159_NLS_4N_O1_A6	0.1	56	195	8.29899497487437	1.00003906254427e-12	-27.6309820541472
4N	20.5_20.5_2_1_0.5_0.3_0.2_0.1	SUM-159_NLS_4N_O1_A6_seed	SUM-159_NLS_4N_O1_A6	0.1	56	196	8.3391959798995	1.00003906254427e-12	-27.6309820541472
4N	20.5_20.5_2_1_0.5_0.3_0.2_0.1	SUM-159_NLS_4N_O1_A6_seed	SUM-159_NLS_4N_O1_A6	0.1	56	197	8.37939698492462	1.00003906254427e-12	-27.6309820541472
4N	20.5_20.5_2_1_0.5_0.3_0.2_0.1	SUM-159_NLS_4N_O1_A6_seed	SUM-159_NLS_4N_O1_A6	0.1	56	198	8.41959798994975	1.00003906254427e-12	-27.6309820541472
4N	20.5_20.5_2_1_0.5_0.3_0.2_0.1	SUM-159_NLS_4N_O1_A6_seed	SUM-159_NLS_4N_O1_A6	0.1	56	199	8.45979899497488	1.00003906254427e-12	-27.6309820541472
4N	20.5_20.5_2_1_0.5_0.3_0.2_0.1	SUM-159_NLS_4N_O1_A6_seed	SUM-159_NLS_4N_O1_A6	0.1	56	200	8.5	1.00003906254427e-12	-27.6309820541472
4N	20.5_20.5_2_1_0.5_0.3_0.2_0.1	SUM-159_NLS_4N_O2_A6_seed	SUM-159_NLS_4N_O2_A6	0.1	56	1	0.5	9.99964509560848e-13	-27.6310566069975
4N	20.5_20.5_2_1_0.5_0.3_0.2_0.1	SUM-159_NLS_4N_O2_A6_seed	SUM-159_NLS_4N_O2_A6	0.1	56	2	0.540201005025126	9.99964509560848e-13	-27.6310566069975
4N	20.5_20.5_2_1_0.5_0.3_0.2_0.1	SUM-159_NLS_4N_O2_A6_seed	SUM-159_NLS_4N_O2_A6	0.1	56	3	0.580402010050251	9.99964509560848e-13	-27.6310566069975
4N	20.5_20.5_2_1_0.5_0.3_0.2_0.1	SUM-159_NLS_4N_O2_A6_seed	SUM-159_NLS_4N_O2_A6	0.1	56	4	0.620603015075377	9.99964509560848e-13	-27.6310566069975
4N	20.5_20.5_2_1_0.5_0.3_0.2_0.1	SUM-159_NLS_4N_O2_A6_seed	SUM-159_NLS_4N_O2_A6	0.1	56	5	0.660804020100503	9.99964509560848e-13	-27.6310566069975
4N	20.5_20.5_2_1_0.5_0.3_0.2_0.1	SUM-159_NLS_4N_O2_A6_seed	SUM-159_NLS_4N_O2_A6	0.1	56	6	0.701005025125628	9.99964509560848e-13	-27.6310566069975
4N	20.5_20.5_2_1_0.5_0.3_0.2_0.1	SUM-159_NLS_4N_O2_A6_seed	SUM-159_NLS_4N_O2_A6	0.1	56	7	0.741206030150754	9.99964509560848e-13	-27.6310566069975
4N	20.5_20.5_2_1_0.5_0.3_0.2_0.1	SUM-159_NLS_4N_O2_A6_seed	SUM-159_NLS_4N_O2_A6	0.1	56	8	0.781407035175879	9.99964509560848e-13	-27.6310566069975
4N	20.5_20.5_2_1_0.5_0.3_0.2_0.1	SUM-159_NLS_4N_O2_A6_seed	SUM-159_NLS_4N_O2_A6	0.1	56	9	0.821608040201005	9.99964509560848e-13	-27.6310566069975
4N	20.5_20.5_2_1_0.5_0.3_0.2_0.1	SUM-159_NLS_4N_O2_A6_seed	SUM-159_NLS_4N_O2_A6	0.1	56	10	0.861809045226131	9.99964509560848e-13	-27.6310566069975
4N	20.5_20.5_2_1_0.5_0.3_0.2_0.1	SUM-159_NLS_4N_O2_A6_seed	SUM-159_NLS_4N_O2_A6	0.1	56	11	0.902010050251256	9.99964509560848e-13	-27.6310566069975
4N	20.5_20.5_2_1_0.5_0.3_0.2_0.1	SUM-159_NLS_4N_O2_A6_seed	SUM-159_NLS_4N_O2_A6	0.1	56	12	0.942211055276382	9.99964509560848e-13	-27.6310566069975
4N	20.5_20.5_2_1_0.5_0.3_0.2_0.1	SUM-159_NLS_4N_O2_A6_seed	SUM-159_NLS_4N_O2_A6	0.1	56	13	0.982412060301508	9.99964509560848e-13	-27.6310566069975
4N	20.5_20.5_2_1_0.5_0.3_0.2_0.1	SUM-159_NLS_4N_O2_A6_seed	SUM-159_NLS_4N_O2_A6	0.1	56	14	1.02261306532663	9.99964509560848e-13	-27.6310566069975
4N	20.5_20.5_2_1_0.5_0.3_0.2_0.1	SUM-159_NLS_4N_O2_A6_seed	SUM-159_NLS_4N_O2_A6	0.1	56	15	1.06281407035176	9.99964509560848e-13	-27.6310566069975
4N	20.5_20.5_2_1_0.5_0.3_0.2_0.1	SUM-159_NLS_4N_O2_A6_seed	SUM-159_NLS_4N_O2_A6	0.1	56	16	1.10301507537688	9.99964509560848e-13	-27.6310566069975
4N	20.5_20.5_2_1_0.5_0.3_0.2_0.1	SUM-159_NLS_4N_O2_A6_seed	SUM-159_NLS_4N_O2_A6	0.1	56	17	1.14321608040201	9.99964509560848e-13	-27.6310566069975
4N	20.5_20.5_2_1_0.5_0.3_0.2_0.1	SUM-159_NLS_4N_O2_A6_seed	SUM-159_NLS_4N_O2_A6	0.1	56	18	1.18341708542714	9.99964509560848e-13	-27.6310566069975
4N	20.5_20.5_2_1_0.5_0.3_0.2_0.1	SUM-159_NLS_4N_O2_A6_seed	SUM-159_NLS_4N_O2_A6	0.1	56	19	1.22361809045226	9.99964509560848e-13	-27.6310566069975
4N	20.5_20.5_2_1_0.5_0.3_0.2_0.1	SUM-159_NLS_4N_O2_A6_seed	SUM-159_NLS_4N_O2_A6	0.1	56	20	1.26381909547739	9.99964509560848e-13	-27.6310566069975
4N	20.5_20.5_2_1_0.5_0.3_0.2_0.1	SUM-159_NLS_4N_O2_A6_seed	SUM-159_NLS_4N_O2_A6	0.1	56	21	1.30402010050251	9.99964509560848e-13	-27.6310566069975
4N	20.5_20.5_2_1_0.5_0.3_0.2_0.1	SUM-159_NLS_4N_O2_A6_seed	SUM-159_NLS_4N_O2_A6	0.1	56	22	1.34422110552764	9.99964509560848e-13	-27.6310566069975
4N	20.5_20.5_2_1_0.5_0.3_0.2_0.1	SUM-159_NLS_4N_O2_A6_seed	SUM-159_NLS_4N_O2_A6	0.1	56	23	1.38442211055276	9.99964509560848e-13	-27.6310566069975
4N	20.5_20.5_2_1_0.5_0.3_0.2_0.1	SUM-159_NLS_4N_O2_A6_seed	SUM-159_NLS_4N_O2_A6	0.1	56	24	1.42462311557789	9.99964509560848e-13	-27.6310566069975
4N	20.5_20.5_2_1_0.5_0.3_0.2_0.1	SUM-159_NLS_4N_O2_A6_seed	SUM-159_NLS_4N_O2_A6	0.1	56	25	1.46482412060302	9.99964509560848e-13	-27.6310566069975
4N	20.5_20.5_2_1_0.5_0.3_0.2_0.1	SUM-159_NLS_4N_O2_A6_seed	SUM-159_NLS_4N_O2_A6	0.1	56	26	1.50502512562814	9.99964509560848e-13	-27.6310566069975
4N	20.5_20.5_2_1_0.5_0.3_0.2_0.1	SUM-159_NLS_4N_O2_A6_seed	SUM-159_NLS_4N_O2_A6	0.1	56	27	1.54522613065327	9.99964509560848e-13	-27.6310566069975
4N	20.5_20.5_2_1_0.5_0.3_0.2_0.1	SUM-159_NLS_4N_O2_A6_seed	SUM-159_NLS_4N_O2_A6	0.1	56	28	1.58542713567839	9.99964509560848e-13	-27.6310566069975
4N	20.5_20.5_2_1_0.5_0.3_0.2_0.1	SUM-159_NLS_4N_O2_A6_seed	SUM-159_NLS_4N_O2_A6	0.1	56	29	1.62562814070352	9.99964509560848e-13	-27.6310566069975
4N	20.5_20.5_2_1_0.5_0.3_0.2_0.1	SUM-159_NLS_4N_O2_A6_seed	SUM-159_NLS_4N_O2_A6	0.1	56	30	1.66582914572864	9.99964509560848e-13	-27.6310566069975
4N	20.5_20.5_2_1_0.5_0.3_0.2_0.1	SUM-159_NLS_4N_O2_A6_seed	SUM-159_NLS_4N_O2_A6	0.1	56	31	1.70603015075377	9.99964509560848e-13	-27.6310566069975
4N	20.5_20.5_2_1_0.5_0.3_0.2_0.1	SUM-159_NLS_4N_O2_A6_seed	SUM-159_NLS_4N_O2_A6	0.1	56	32	1.74623115577889	9.99964509560848e-13	-27.6310566069975
4N	20.5_20.5_2_1_0.5_0.3_0.2_0.1	SUM-159_NLS_4N_O2_A6_seed	SUM-159_NLS_4N_O2_A6	0.1	56	33	1.78643216080402	9.99964509560848e-13	-27.6310566069975
4N	20.5_20.5_2_1_0.5_0.3_0.2_0.1	SUM-159_NLS_4N_O2_A6_seed	SUM-159_NLS_4N_O2_A6	0.1	56	34	1.82663316582915	9.99964509560848e-13	-27.6310566069975
4N	20.5_20.5_2_1_0.5_0.3_0.2_0.1	SUM-159_NLS_4N_O2_A6_seed	SUM-159_NLS_4N_O2_A6	0.1	56	35	1.86683417085427	9.99964509560848e-13	-27.6310566069975
4N	20.5_20.5_2_1_0.5_0.3_0.2_0.1	SUM-159_NLS_4N_O2_A6_seed	SUM-159_NLS_4N_O2_A6	0.1	56	36	1.9070351758794	9.99964509560848e-13	-27.6310566069975
4N	20.5_20.5_2_1_0.5_0.3_0.2_0.1	SUM-159_NLS_4N_O2_A6_seed	SUM-159_NLS_4N_O2_A6	0.1	56	37	1.94723618090452	9.99964509560848e-13	-27.6310566069975
4N	20.5_20.5_2_1_0.5_0.3_0.2_0.1	SUM-159_NLS_4N_O2_A6_seed	SUM-159_NLS_4N_O2_A6	0.1	56	38	1.98743718592965	9.99964509560848e-13	-27.6310566069975
4N	20.5_20.5_2_1_0.5_0.3_0.2_0.1	SUM-159_NLS_4N_O2_A6_seed	SUM-159_NLS_4N_O2_A6	0.1	56	39	2.02763819095477	9.99964509560848e-13	-27.6310566069975
4N	20.5_20.5_2_1_0.5_0.3_0.2_0.1	SUM-159_NLS_4N_O2_A6_seed	SUM-159_NLS_4N_O2_A6	0.1	56	40	2.0678391959799	9.99964509560848e-13	-27.6310566069975
4N	20.5_20.5_2_1_0.5_0.3_0.2_0.1	SUM-159_NLS_4N_O2_A6_seed	SUM-159_NLS_4N_O2_A6	0.1	56	41	2.10804020100502	9.99964509560848e-13	-27.6310566069975
4N	20.5_20.5_2_1_0.5_0.3_0.2_0.1	SUM-159_NLS_4N_O2_A6_seed	SUM-159_NLS_4N_O2_A6	0.1	56	42	2.14824120603015	9.99964509560848e-13	-27.6310566069975
4N	20.5_20.5_2_1_0.5_0.3_0.2_0.1	SUM-159_NLS_4N_O2_A6_seed	SUM-159_NLS_4N_O2_A6	0.1	56	43	2.18844221105528	9.99964509560848e-13	-27.6310566069975
4N	20.5_20.5_2_1_0.5_0.3_0.2_0.1	SUM-159_NLS_4N_O2_A6_seed	SUM-159_NLS_4N_O2_A6	0.1	56	44	2.2286432160804	9.99964509560848e-13	-27.6310566069975
4N	20.5_20.5_2_1_0.5_0.3_0.2_0.1	SUM-159_NLS_4N_O2_A6_seed	SUM-159_NLS_4N_O2_A6	0.1	56	45	2.26884422110553	9.99964509560848e-13	-27.6310566069975
4N	20.5_20.5_2_1_0.5_0.3_0.2_0.1	SUM-159_NLS_4N_O2_A6_seed	SUM-159_NLS_4N_O2_A6	0.1	56	46	2.30904522613065	9.99964509560848e-13	-27.6310566069975
4N	20.5_20.5_2_1_0.5_0.3_0.2_0.1	SUM-159_NLS_4N_O2_A6_seed	SUM-159_NLS_4N_O2_A6	0.1	56	47	2.34924623115578	9.99964509560848e-13	-27.6310566069975
4N	20.5_20.5_2_1_0.5_0.3_0.2_0.1	SUM-159_NLS_4N_O2_A6_seed	SUM-159_NLS_4N_O2_A6	0.1	56	48	2.3894472361809	9.99964509560848e-13	-27.6310566069975
4N	20.5_20.5_2_1_0.5_0.3_0.2_0.1	SUM-159_NLS_4N_O2_A6_seed	SUM-159_NLS_4N_O2_A6	0.1	56	49	2.42964824120603	9.99964509560848e-13	-27.6310566069975
4N	20.5_20.5_2_1_0.5_0.3_0.2_0.1	SUM-159_NLS_4N_O2_A6_seed	SUM-159_NLS_4N_O2_A6	0.1	56	50	2.46984924623116	1.42336283903403e-12	-27.2779988475705
4N	20.5_20.5_2_1_0.5_0.3_0.2_0.1	SUM-159_NLS_4N_O2_A6_seed	SUM-159_NLS_4N_O2_A6	0.1	56	51	2.51005025125628	2.12916607788362e-07	-15.3623652606288
4N	20.5_20.5_2_1_0.5_0.3_0.2_0.1	SUM-159_NLS_4N_O2_A6_seed	SUM-159_NLS_4N_O2_A6	0.1	56	52	2.55025125628141	2.65122386993311e-05	-10.5379040938757
4N	20.5_20.5_2_1_0.5_0.3_0.2_0.1	SUM-159_NLS_4N_O2_A6_seed	SUM-159_NLS_4N_O2_A6	0.1	56	53	2.59045226130653	0.000184097068924158	-8.60004739095922
4N	20.5_20.5_2_1_0.5_0.3_0.2_0.1	SUM-159_NLS_4N_O2_A6_seed	SUM-159_NLS_4N_O2_A6	0.1	56	54	2.63065326633166	0.00033894816953077	-7.98966335451265
4N	20.5_20.5_2_1_0.5_0.3_0.2_0.1	SUM-159_NLS_4N_O2_A6_seed	SUM-159_NLS_4N_O2_A6	0.1	56	55	2.67085427135678	0.000768181935756667	-7.17148395735542
4N	20.5_20.5_2_1_0.5_0.3_0.2_0.1	SUM-159_NLS_4N_O2_A6_seed	SUM-159_NLS_4N_O2_A6	0.1	56	56	2.71105527638191	0.00208923914218625	-6.17095532608738
4N	20.5_20.5_2_1_0.5_0.3_0.2_0.1	SUM-159_NLS_4N_O2_A6_seed	SUM-159_NLS_4N_O2_A6	0.1	56	57	2.75125628140704	0.00255288357343783	-5.97053174558648
4N	20.5_20.5_2_1_0.5_0.3_0.2_0.1	SUM-159_NLS_4N_O2_A6_seed	SUM-159_NLS_4N_O2_A6	0.1	56	58	2.79145728643216	0.00486136254529023	-5.32643652124979
4N	20.5_20.5_2_1_0.5_0.3_0.2_0.1	SUM-159_NLS_4N_O2_A6_seed	SUM-159_NLS_4N_O2_A6	0.1	56	59	2.83165829145729	0.00782600264740216	-4.85030341691105
4N	20.5_20.5_2_1_0.5_0.3_0.2_0.1	SUM-159_NLS_4N_O2_A6_seed	SUM-159_NLS_4N_O2_A6	0.1	56	60	2.87185929648241	0.013004018590377	-4.34249684695237
4N	20.5_20.5_2_1_0.5_0.3_0.2_0.1	SUM-159_NLS_4N_O2_A6_seed	SUM-159_NLS_4N_O2_A6	0.1	56	61	2.91206030150754	0.0210673127307796	-3.86003259936738
4N	20.5_20.5_2_1_0.5_0.3_0.2_0.1	SUM-159_NLS_4N_O2_A6_seed	SUM-159_NLS_4N_O2_A6	0.1	56	62	2.95226130653266	0.0326307919211141	-3.4224988989468
4N	20.5_20.5_2_1_0.5_0.3_0.2_0.1	SUM-159_NLS_4N_O2_A6_seed	SUM-159_NLS_4N_O2_A6	0.1	56	63	2.99246231155779	0.052592590483292	-2.94518003449758
4N	20.5_20.5_2_1_0.5_0.3_0.2_0.1	SUM-159_NLS_4N_O2_A6_seed	SUM-159_NLS_4N_O2_A6	0.1	56	64	3.03266331658291	0.0802844955762203	-2.52217875791459
4N	20.5_20.5_2_1_0.5_0.3_0.2_0.1	SUM-159_NLS_4N_O2_A6_seed	SUM-159_NLS_4N_O2_A6	0.1	56	65	3.07286432160804	0.11926654698017	-2.12639440009623
4N	20.5_20.5_2_1_0.5_0.3_0.2_0.1	SUM-159_NLS_4N_O2_A6_seed	SUM-159_NLS_4N_O2_A6	0.1	56	66	3.11306532663317	0.164627753368276	-1.80406839396652
4N	20.5_20.5_2_1_0.5_0.3_0.2_0.1	SUM-159_NLS_4N_O2_A6_seed	SUM-159_NLS_4N_O2_A6	0.1	56	67	3.15326633165829	0.228038909269674	-1.478239009896
4N	20.5_20.5_2_1_0.5_0.3_0.2_0.1	SUM-159_NLS_4N_O2_A6_seed	SUM-159_NLS_4N_O2_A6	0.1	56	68	3.19346733668342	0.305706827382	-1.18512871673317
4N	20.5_20.5_2_1_0.5_0.3_0.2_0.1	SUM-159_NLS_4N_O2_A6_seed	SUM-159_NLS_4N_O2_A6	0.1	56	69	3.23366834170854	0.403295621593506	-0.908085433612264
4N	20.5_20.5_2_1_0.5_0.3_0.2_0.1	SUM-159_NLS_4N_O2_A6_seed	SUM-159_NLS_4N_O2_A6	0.1	56	70	3.27386934673367	0.514452313743702	-0.664652412661049
4N	20.5_20.5_2_1_0.5_0.3_0.2_0.1	SUM-159_NLS_4N_O2_A6_seed	SUM-159_NLS_4N_O2_A6	0.1	56	71	3.31407035175879	0.647062933784319	-0.435311719065892
4N	20.5_20.5_2_1_0.5_0.3_0.2_0.1	SUM-159_NLS_4N_O2_A6_seed	SUM-159_NLS_4N_O2_A6	0.1	56	72	3.35427135678392	0.783904457485432	-0.243468131510182
4N	20.5_20.5_2_1_0.5_0.3_0.2_0.1	SUM-159_NLS_4N_O2_A6_seed	SUM-159_NLS_4N_O2_A6	0.1	56	73	3.39447236180905	0.933012754327387	-0.069336407995232
4N	20.5_20.5_2_1_0.5_0.3_0.2_0.1	SUM-159_NLS_4N_O2_A6_seed	SUM-159_NLS_4N_O2_A6	0.1	56	74	3.43467336683417	1.06818524002395	0.065961171213346
4N	20.5_20.5_2_1_0.5_0.3_0.2_0.1	SUM-159_NLS_4N_O2_A6_seed	SUM-159_NLS_4N_O2_A6	0.1	56	75	3.4748743718593	1.20689436008422	0.188050415571073
4N	20.5_20.5_2_1_0.5_0.3_0.2_0.1	SUM-159_NLS_4N_O2_A6_seed	SUM-159_NLS_4N_O2_A6	0.1	56	76	3.51507537688442	1.3196024824364	0.277330541574219
4N	20.5_20.5_2_1_0.5_0.3_0.2_0.1	SUM-159_NLS_4N_O2_A6_seed	SUM-159_NLS_4N_O2_A6	0.1	56	77	3.55527638190955	1.41124834126608	0.344474661115996
4N	20.5_20.5_2_1_0.5_0.3_0.2_0.1	SUM-159_NLS_4N_O2_A6_seed	SUM-159_NLS_4N_O2_A6	0.1	56	78	3.59547738693467	1.47411499220747	0.388057804433506
4N	20.5_20.5_2_1_0.5_0.3_0.2_0.1	SUM-159_NLS_4N_O2_A6_seed	SUM-159_NLS_4N_O2_A6	0.1	56	79	3.6356783919598	1.52158927648226	0.419755365256721
4N	20.5_20.5_2_1_0.5_0.3_0.2_0.1	SUM-159_NLS_4N_O2_A6_seed	SUM-159_NLS_4N_O2_A6	0.1	56	80	3.67587939698492	1.5215510288589	0.419730228312956
4N	20.5_20.5_2_1_0.5_0.3_0.2_0.1	SUM-159_NLS_4N_O2_A6_seed	SUM-159_NLS_4N_O2_A6	0.1	56	81	3.71608040201005	1.48491505183838	0.395357566469202
4N	20.5_20.5_2_1_0.5_0.3_0.2_0.1	SUM-159_NLS_4N_O2_A6_seed	SUM-159_NLS_4N_O2_A6	0.1	56	82	3.75628140703518	1.4139911716108	0.346416323898173
4N	20.5_20.5_2_1_0.5_0.3_0.2_0.1	SUM-159_NLS_4N_O2_A6_seed	SUM-159_NLS_4N_O2_A6	0.1	56	83	3.7964824120603	1.31931475631294	0.277112477801412
4N	20.5_20.5_2_1_0.5_0.3_0.2_0.1	SUM-159_NLS_4N_O2_A6_seed	SUM-159_NLS_4N_O2_A6	0.1	56	84	3.83668341708543	1.20905196774892	0.189836554785723
4N	20.5_20.5_2_1_0.5_0.3_0.2_0.1	SUM-159_NLS_4N_O2_A6_seed	SUM-159_NLS_4N_O2_A6	0.1	56	85	3.87688442211055	1.05884359976733	0.0571773689961098
4N	20.5_20.5_2_1_0.5_0.3_0.2_0.1	SUM-159_NLS_4N_O2_A6_seed	SUM-159_NLS_4N_O2_A6	0.1	56	86	3.91708542713568	0.920099271027962	-0.0832737114689299
4N	20.5_20.5_2_1_0.5_0.3_0.2_0.1	SUM-159_NLS_4N_O2_A6_seed	SUM-159_NLS_4N_O2_A6	0.1	56	87	3.9572864321608	0.783358716875033	-0.244164556515738
4N	20.5_20.5_2_1_0.5_0.3_0.2_0.1	SUM-159_NLS_4N_O2_A6_seed	SUM-159_NLS_4N_O2_A6	0.1	56	88	3.99748743718593	0.61856884651818	-0.48034678126966
4N	20.5_20.5_2_1_0.5_0.3_0.2_0.1	SUM-159_NLS_4N_O2_A6_seed	SUM-159_NLS_4N_O2_A6	0.1	56	89	4.03768844221106	0.467720562093648	-0.759884250936929
4N	20.5_20.5_2_1_0.5_0.3_0.2_0.1	SUM-159_NLS_4N_O2_A6_seed	SUM-159_NLS_4N_O2_A6	0.1	56	90	4.07788944723618	0.383089579555643	-0.959486427970077
4N	20.5_20.5_2_1_0.5_0.3_0.2_0.1	SUM-159_NLS_4N_O2_A6_seed	SUM-159_NLS_4N_O2_A6	0.1	56	91	4.11809045226131	0.317054302124834	-1.1486822196967
4N	20.5_20.5_2_1_0.5_0.3_0.2_0.1	SUM-159_NLS_4N_O2_A6_seed	SUM-159_NLS_4N_O2_A6	0.1	56	92	4.15829145728643	0.249844396702715	-1.38691696808853
4N	20.5_20.5_2_1_0.5_0.3_0.2_0.1	SUM-159_NLS_4N_O2_A6_seed	SUM-159_NLS_4N_O2_A6	0.1	56	93	4.19849246231156	0.199408914086635	-1.6123977179068
4N	20.5_20.5_2_1_0.5_0.3_0.2_0.1	SUM-159_NLS_4N_O2_A6_seed	SUM-159_NLS_4N_O2_A6	0.1	56	94	4.23869346733668	0.15541528086602	-1.86165451341174
4N	20.5_20.5_2_1_0.5_0.3_0.2_0.1	SUM-159_NLS_4N_O2_A6_seed	SUM-159_NLS_4N_O2_A6	0.1	56	95	4.27889447236181	0.11994859334875	-2.12069201674519
4N	20.5_20.5_2_1_0.5_0.3_0.2_0.1	SUM-159_NLS_4N_O2_A6_seed	SUM-159_NLS_4N_O2_A6	0.1	56	96	4.31909547738693	0.0912877719346336	-2.39373843315897
4N	20.5_20.5_2_1_0.5_0.3_0.2_0.1	SUM-159_NLS_4N_O2_A6_seed	SUM-159_NLS_4N_O2_A6	0.1	56	97	4.35929648241206	0.0691145601360831	-2.67198985931839
4N	20.5_20.5_2_1_0.5_0.3_0.2_0.1	SUM-159_NLS_4N_O2_A6_seed	SUM-159_NLS_4N_O2_A6	0.1	56	98	4.39949748743719	0.0495293346149477	-3.00519016645269
4N	20.5_20.5_2_1_0.5_0.3_0.2_0.1	SUM-159_NLS_4N_O2_A6_seed	SUM-159_NLS_4N_O2_A6	0.1	56	99	4.43969849246231	0.0367884416714638	-3.30257156815685
4N	20.5_20.5_2_1_0.5_0.3_0.2_0.1	SUM-159_NLS_4N_O2_A6_seed	SUM-159_NLS_4N_O2_A6	0.1	56	100	4.47989949748744	0.0264301160481898	-3.63325115960033
4N	20.5_20.5_2_1_0.5_0.3_0.2_0.1	SUM-159_NLS_4N_O2_A6_seed	SUM-159_NLS_4N_O2_A6	0.1	56	101	4.52010050251256	0.0183123854446663	-4.00017764780578
4N	20.5_20.5_2_1_0.5_0.3_0.2_0.1	SUM-159_NLS_4N_O2_A6_seed	SUM-159_NLS_4N_O2_A6	0.1	56	102	4.56030150753769	0.0132517505902917	-4.32362561525497
4N	20.5_20.5_2_1_0.5_0.3_0.2_0.1	SUM-159_NLS_4N_O2_A6_seed	SUM-159_NLS_4N_O2_A6	0.1	56	103	4.60050251256281	0.00903593276505149	-4.70654612119075
4N	20.5_20.5_2_1_0.5_0.3_0.2_0.1	SUM-159_NLS_4N_O2_A6_seed	SUM-159_NLS_4N_O2_A6	0.1	56	104	4.64070351758794	0.00591578055285166	-5.13013182866004
4N	20.5_20.5_2_1_0.5_0.3_0.2_0.1	SUM-159_NLS_4N_O2_A6_seed	SUM-159_NLS_4N_O2_A6	0.1	56	105	4.68090452261307	0.00436859939401521	-5.43331282604929
4N	20.5_20.5_2_1_0.5_0.3_0.2_0.1	SUM-159_NLS_4N_O2_A6_seed	SUM-159_NLS_4N_O2_A6	0.1	56	106	4.72110552763819	0.00335491042204153	-5.69733020875353
4N	20.5_20.5_2_1_0.5_0.3_0.2_0.1	SUM-159_NLS_4N_O2_A6_seed	SUM-159_NLS_4N_O2_A6	0.1	56	107	4.76130653266332	0.00229021869609146	-6.07910796549925
4N	20.5_20.5_2_1_0.5_0.3_0.2_0.1	SUM-159_NLS_4N_O2_A6_seed	SUM-159_NLS_4N_O2_A6	0.1	56	108	4.80150753768844	0.00147180979532899	-6.52126248215421
4N	20.5_20.5_2_1_0.5_0.3_0.2_0.1	SUM-159_NLS_4N_O2_A6_seed	SUM-159_NLS_4N_O2_A6	0.1	56	109	4.84170854271357	0.000941931587262192	-6.96757791101229
4N	20.5_20.5_2_1_0.5_0.3_0.2_0.1	SUM-159_NLS_4N_O2_A6_seed	SUM-159_NLS_4N_O2_A6	0.1	56	110	4.88190954773869	0.000569401690843484	-7.47092441360686
4N	20.5_20.5_2_1_0.5_0.3_0.2_0.1	SUM-159_NLS_4N_O2_A6_seed	SUM-159_NLS_4N_O2_A6	0.1	56	111	4.92211055276382	0.000433115445564421	-7.74450624756634
4N	20.5_20.5_2_1_0.5_0.3_0.2_0.1	SUM-159_NLS_4N_O2_A6_seed	SUM-159_NLS_4N_O2_A6	0.1	56	112	4.96231155778894	0.000254858677351829	-8.27480137289843
4N	20.5_20.5_2_1_0.5_0.3_0.2_0.1	SUM-159_NLS_4N_O2_A6_seed	SUM-159_NLS_4N_O2_A6	0.1	56	113	5.00251256281407	0.000136779138976903	-8.89714305726294
4N	20.5_20.5_2_1_0.5_0.3_0.2_0.1	SUM-159_NLS_4N_O2_A6_seed	SUM-159_NLS_4N_O2_A6	0.1	56	114	5.0427135678392	2.17001925148899e-05	-10.7381894258033
4N	20.5_20.5_2_1_0.5_0.3_0.2_0.1	SUM-159_NLS_4N_O2_A6_seed	SUM-159_NLS_4N_O2_A6	0.1	56	115	5.08291457286432	8.11289054613491e-08	-16.3272265218008
4N	20.5_20.5_2_1_0.5_0.3_0.2_0.1	SUM-159_NLS_4N_O2_A6_seed	SUM-159_NLS_4N_O2_A6	0.1	56	116	5.12311557788945	7.23810928386083e-06	-11.8361505343099
4N	20.5_20.5_2_1_0.5_0.3_0.2_0.1	SUM-159_NLS_4N_O2_A6_seed	SUM-159_NLS_4N_O2_A6	0.1	56	117	5.16331658291457	3.43755150572347e-05	-10.2781660186066
4N	20.5_20.5_2_1_0.5_0.3_0.2_0.1	SUM-159_NLS_4N_O2_A6_seed	SUM-159_NLS_4N_O2_A6	0.1	56	118	5.2035175879397	4.13225226077008e-06	-12.3966879580452
4N	20.5_20.5_2_1_0.5_0.3_0.2_0.1	SUM-159_NLS_4N_O2_A6_seed	SUM-159_NLS_4N_O2_A6	0.1	56	119	5.24371859296482	3.22198274133088e-05	-10.3429285367379
4N	20.5_20.5_2_1_0.5_0.3_0.2_0.1	SUM-159_NLS_4N_O2_A6_seed	SUM-159_NLS_4N_O2_A6	0.1	56	120	5.28391959798995	7.0448709707838e-06	-11.8632107277872
4N	20.5_20.5_2_1_0.5_0.3_0.2_0.1	SUM-159_NLS_4N_O2_A6_seed	SUM-159_NLS_4N_O2_A6	0.1	56	121	5.32412060301508	1.00583771231586e-08	-18.4148600050538
4N	20.5_20.5_2_1_0.5_0.3_0.2_0.1	SUM-159_NLS_4N_O2_A6_seed	SUM-159_NLS_4N_O2_A6	0.1	56	122	5.3643216080402	9.99964509560848e-13	-27.6310566069975
4N	20.5_20.5_2_1_0.5_0.3_0.2_0.1	SUM-159_NLS_4N_O2_A6_seed	SUM-159_NLS_4N_O2_A6	0.1	56	123	5.40452261306533	9.99964509560848e-13	-27.6310566069975
4N	20.5_20.5_2_1_0.5_0.3_0.2_0.1	SUM-159_NLS_4N_O2_A6_seed	SUM-159_NLS_4N_O2_A6	0.1	56	124	5.44472361809045	9.99964509560848e-13	-27.6310566069975
4N	20.5_20.5_2_1_0.5_0.3_0.2_0.1	SUM-159_NLS_4N_O2_A6_seed	SUM-159_NLS_4N_O2_A6	0.1	56	125	5.48492462311558	9.99964509560848e-13	-27.6310566069975
4N	20.5_20.5_2_1_0.5_0.3_0.2_0.1	SUM-159_NLS_4N_O2_A6_seed	SUM-159_NLS_4N_O2_A6	0.1	56	126	5.5251256281407	9.99964509560848e-13	-27.6310566069975
4N	20.5_20.5_2_1_0.5_0.3_0.2_0.1	SUM-159_NLS_4N_O2_A6_seed	SUM-159_NLS_4N_O2_A6	0.1	56	127	5.56532663316583	9.99964509560848e-13	-27.6310566069975
4N	20.5_20.5_2_1_0.5_0.3_0.2_0.1	SUM-159_NLS_4N_O2_A6_seed	SUM-159_NLS_4N_O2_A6	0.1	56	128	5.60552763819095	9.99964509560848e-13	-27.6310566069975
4N	20.5_20.5_2_1_0.5_0.3_0.2_0.1	SUM-159_NLS_4N_O2_A6_seed	SUM-159_NLS_4N_O2_A6	0.1	56	129	5.64572864321608	9.99964509560848e-13	-27.6310566069975
4N	20.5_20.5_2_1_0.5_0.3_0.2_0.1	SUM-159_NLS_4N_O2_A6_seed	SUM-159_NLS_4N_O2_A6	0.1	56	130	5.68592964824121	9.99964509560848e-13	-27.6310566069975
4N	20.5_20.5_2_1_0.5_0.3_0.2_0.1	SUM-159_NLS_4N_O2_A6_seed	SUM-159_NLS_4N_O2_A6	0.1	56	131	5.72613065326633	9.99964509560848e-13	-27.6310566069975
4N	20.5_20.5_2_1_0.5_0.3_0.2_0.1	SUM-159_NLS_4N_O2_A6_seed	SUM-159_NLS_4N_O2_A6	0.1	56	132	5.76633165829146	9.99964509560848e-13	-27.6310566069975
4N	20.5_20.5_2_1_0.5_0.3_0.2_0.1	SUM-159_NLS_4N_O2_A6_seed	SUM-159_NLS_4N_O2_A6	0.1	56	133	5.80653266331658	9.99964509560848e-13	-27.6310566069975
4N	20.5_20.5_2_1_0.5_0.3_0.2_0.1	SUM-159_NLS_4N_O2_A6_seed	SUM-159_NLS_4N_O2_A6	0.1	56	134	5.84673366834171	9.99964509560848e-13	-27.6310566069975
4N	20.5_20.5_2_1_0.5_0.3_0.2_0.1	SUM-159_NLS_4N_O2_A6_seed	SUM-159_NLS_4N_O2_A6	0.1	56	135	5.88693467336683	9.99964509560848e-13	-27.6310566069975
4N	20.5_20.5_2_1_0.5_0.3_0.2_0.1	SUM-159_NLS_4N_O2_A6_seed	SUM-159_NLS_4N_O2_A6	0.1	56	136	5.92713567839196	9.99964509560848e-13	-27.6310566069975
4N	20.5_20.5_2_1_0.5_0.3_0.2_0.1	SUM-159_NLS_4N_O2_A6_seed	SUM-159_NLS_4N_O2_A6	0.1	56	137	5.96733668341709	9.99964509560848e-13	-27.6310566069975
4N	20.5_20.5_2_1_0.5_0.3_0.2_0.1	SUM-159_NLS_4N_O2_A6_seed	SUM-159_NLS_4N_O2_A6	0.1	56	138	6.00753768844221	9.99964509560848e-13	-27.6310566069975
4N	20.5_20.5_2_1_0.5_0.3_0.2_0.1	SUM-159_NLS_4N_O2_A6_seed	SUM-159_NLS_4N_O2_A6	0.1	56	139	6.04773869346734	9.99964509560848e-13	-27.6310566069975
4N	20.5_20.5_2_1_0.5_0.3_0.2_0.1	SUM-159_NLS_4N_O2_A6_seed	SUM-159_NLS_4N_O2_A6	0.1	56	140	6.08793969849246	9.99964509560848e-13	-27.6310566069975
4N	20.5_20.5_2_1_0.5_0.3_0.2_0.1	SUM-159_NLS_4N_O2_A6_seed	SUM-159_NLS_4N_O2_A6	0.1	56	141	6.12814070351759	9.99964509560848e-13	-27.6310566069975
4N	20.5_20.5_2_1_0.5_0.3_0.2_0.1	SUM-159_NLS_4N_O2_A6_seed	SUM-159_NLS_4N_O2_A6	0.1	56	142	6.16834170854271	9.99964509560848e-13	-27.6310566069975
4N	20.5_20.5_2_1_0.5_0.3_0.2_0.1	SUM-159_NLS_4N_O2_A6_seed	SUM-159_NLS_4N_O2_A6	0.1	56	143	6.20854271356784	9.99964509560848e-13	-27.6310566069975
4N	20.5_20.5_2_1_0.5_0.3_0.2_0.1	SUM-159_NLS_4N_O2_A6_seed	SUM-159_NLS_4N_O2_A6	0.1	56	144	6.24874371859296	9.99964509560848e-13	-27.6310566069975
4N	20.5_20.5_2_1_0.5_0.3_0.2_0.1	SUM-159_NLS_4N_O2_A6_seed	SUM-159_NLS_4N_O2_A6	0.1	56	145	6.28894472361809	9.99964509560848e-13	-27.6310566069975
4N	20.5_20.5_2_1_0.5_0.3_0.2_0.1	SUM-159_NLS_4N_O2_A6_seed	SUM-159_NLS_4N_O2_A6	0.1	56	146	6.32914572864322	9.99964509560848e-13	-27.6310566069975
4N	20.5_20.5_2_1_0.5_0.3_0.2_0.1	SUM-159_NLS_4N_O2_A6_seed	SUM-159_NLS_4N_O2_A6	0.1	56	147	6.36934673366834	9.99964509560848e-13	-27.6310566069975
4N	20.5_20.5_2_1_0.5_0.3_0.2_0.1	SUM-159_NLS_4N_O2_A6_seed	SUM-159_NLS_4N_O2_A6	0.1	56	148	6.40954773869347	9.99964509560848e-13	-27.6310566069975
4N	20.5_20.5_2_1_0.5_0.3_0.2_0.1	SUM-159_NLS_4N_O2_A6_seed	SUM-159_NLS_4N_O2_A6	0.1	56	149	6.44974874371859	9.99964509560848e-13	-27.6310566069975
4N	20.5_20.5_2_1_0.5_0.3_0.2_0.1	SUM-159_NLS_4N_O2_A6_seed	SUM-159_NLS_4N_O2_A6	0.1	56	150	6.48994974874372	9.99964509560848e-13	-27.6310566069975
4N	20.5_20.5_2_1_0.5_0.3_0.2_0.1	SUM-159_NLS_4N_O2_A6_seed	SUM-159_NLS_4N_O2_A6	0.1	56	151	6.53015075376884	9.99964509560848e-13	-27.6310566069975
4N	20.5_20.5_2_1_0.5_0.3_0.2_0.1	SUM-159_NLS_4N_O2_A6_seed	SUM-159_NLS_4N_O2_A6	0.1	56	152	6.57035175879397	9.99964509560848e-13	-27.6310566069975
4N	20.5_20.5_2_1_0.5_0.3_0.2_0.1	SUM-159_NLS_4N_O2_A6_seed	SUM-159_NLS_4N_O2_A6	0.1	56	153	6.6105527638191	9.99964509560848e-13	-27.6310566069975
4N	20.5_20.5_2_1_0.5_0.3_0.2_0.1	SUM-159_NLS_4N_O2_A6_seed	SUM-159_NLS_4N_O2_A6	0.1	56	154	6.65075376884422	9.99964509560848e-13	-27.6310566069975
4N	20.5_20.5_2_1_0.5_0.3_0.2_0.1	SUM-159_NLS_4N_O2_A6_seed	SUM-159_NLS_4N_O2_A6	0.1	56	155	6.69095477386935	9.99964509560848e-13	-27.6310566069975
4N	20.5_20.5_2_1_0.5_0.3_0.2_0.1	SUM-159_NLS_4N_O2_A6_seed	SUM-159_NLS_4N_O2_A6	0.1	56	156	6.73115577889447	9.99964509560848e-13	-27.6310566069975
4N	20.5_20.5_2_1_0.5_0.3_0.2_0.1	SUM-159_NLS_4N_O2_A6_seed	SUM-159_NLS_4N_O2_A6	0.1	56	157	6.7713567839196	9.99964509560848e-13	-27.6310566069975
4N	20.5_20.5_2_1_0.5_0.3_0.2_0.1	SUM-159_NLS_4N_O2_A6_seed	SUM-159_NLS_4N_O2_A6	0.1	56	158	6.81155778894472	9.99964509560848e-13	-27.6310566069975
4N	20.5_20.5_2_1_0.5_0.3_0.2_0.1	SUM-159_NLS_4N_O2_A6_seed	SUM-159_NLS_4N_O2_A6	0.1	56	159	6.85175879396985	9.99964509560848e-13	-27.6310566069975
4N	20.5_20.5_2_1_0.5_0.3_0.2_0.1	SUM-159_NLS_4N_O2_A6_seed	SUM-159_NLS_4N_O2_A6	0.1	56	160	6.89195979899498	9.99964509560848e-13	-27.6310566069975
4N	20.5_20.5_2_1_0.5_0.3_0.2_0.1	SUM-159_NLS_4N_O2_A6_seed	SUM-159_NLS_4N_O2_A6	0.1	56	161	6.9321608040201	9.99964509560848e-13	-27.6310566069975
4N	20.5_20.5_2_1_0.5_0.3_0.2_0.1	SUM-159_NLS_4N_O2_A6_seed	SUM-159_NLS_4N_O2_A6	0.1	56	162	6.97236180904523	9.99964509560848e-13	-27.6310566069975
4N	20.5_20.5_2_1_0.5_0.3_0.2_0.1	SUM-159_NLS_4N_O2_A6_seed	SUM-159_NLS_4N_O2_A6	0.1	56	163	7.01256281407035	9.99964509560848e-13	-27.6310566069975
4N	20.5_20.5_2_1_0.5_0.3_0.2_0.1	SUM-159_NLS_4N_O2_A6_seed	SUM-159_NLS_4N_O2_A6	0.1	56	164	7.05276381909548	9.99964509560848e-13	-27.6310566069975
4N	20.5_20.5_2_1_0.5_0.3_0.2_0.1	SUM-159_NLS_4N_O2_A6_seed	SUM-159_NLS_4N_O2_A6	0.1	56	165	7.0929648241206	9.99964509560848e-13	-27.6310566069975
4N	20.5_20.5_2_1_0.5_0.3_0.2_0.1	SUM-159_NLS_4N_O2_A6_seed	SUM-159_NLS_4N_O2_A6	0.1	56	166	7.13316582914573	9.99964509560848e-13	-27.6310566069975
4N	20.5_20.5_2_1_0.5_0.3_0.2_0.1	SUM-159_NLS_4N_O2_A6_seed	SUM-159_NLS_4N_O2_A6	0.1	56	167	7.17336683417085	9.99964509560848e-13	-27.6310566069975
4N	20.5_20.5_2_1_0.5_0.3_0.2_0.1	SUM-159_NLS_4N_O2_A6_seed	SUM-159_NLS_4N_O2_A6	0.1	56	168	7.21356783919598	9.99964509560848e-13	-27.6310566069975
4N	20.5_20.5_2_1_0.5_0.3_0.2_0.1	SUM-159_NLS_4N_O2_A6_seed	SUM-159_NLS_4N_O2_A6	0.1	56	169	7.25376884422111	9.99964509560848e-13	-27.6310566069975
4N	20.5_20.5_2_1_0.5_0.3_0.2_0.1	SUM-159_NLS_4N_O2_A6_seed	SUM-159_NLS_4N_O2_A6	0.1	56	170	7.29396984924623	9.99964509560848e-13	-27.6310566069975
4N	20.5_20.5_2_1_0.5_0.3_0.2_0.1	SUM-159_NLS_4N_O2_A6_seed	SUM-159_NLS_4N_O2_A6	0.1	56	171	7.33417085427136	9.99964509560848e-13	-27.6310566069975
4N	20.5_20.5_2_1_0.5_0.3_0.2_0.1	SUM-159_NLS_4N_O2_A6_seed	SUM-159_NLS_4N_O2_A6	0.1	56	172	7.37437185929648	9.99964509560848e-13	-27.6310566069975
4N	20.5_20.5_2_1_0.5_0.3_0.2_0.1	SUM-159_NLS_4N_O2_A6_seed	SUM-159_NLS_4N_O2_A6	0.1	56	173	7.41457286432161	9.99964509560848e-13	-27.6310566069975
4N	20.5_20.5_2_1_0.5_0.3_0.2_0.1	SUM-159_NLS_4N_O2_A6_seed	SUM-159_NLS_4N_O2_A6	0.1	56	174	7.45477386934673	9.99964509560848e-13	-27.6310566069975
4N	20.5_20.5_2_1_0.5_0.3_0.2_0.1	SUM-159_NLS_4N_O2_A6_seed	SUM-159_NLS_4N_O2_A6	0.1	56	175	7.49497487437186	9.99964509560848e-13	-27.6310566069975
4N	20.5_20.5_2_1_0.5_0.3_0.2_0.1	SUM-159_NLS_4N_O2_A6_seed	SUM-159_NLS_4N_O2_A6	0.1	56	176	7.53517587939699	9.99964509560848e-13	-27.6310566069975
4N	20.5_20.5_2_1_0.5_0.3_0.2_0.1	SUM-159_NLS_4N_O2_A6_seed	SUM-159_NLS_4N_O2_A6	0.1	56	177	7.57537688442211	9.99964509560848e-13	-27.6310566069975
4N	20.5_20.5_2_1_0.5_0.3_0.2_0.1	SUM-159_NLS_4N_O2_A6_seed	SUM-159_NLS_4N_O2_A6	0.1	56	178	7.61557788944724	9.99964509560848e-13	-27.6310566069975
4N	20.5_20.5_2_1_0.5_0.3_0.2_0.1	SUM-159_NLS_4N_O2_A6_seed	SUM-159_NLS_4N_O2_A6	0.1	56	179	7.65577889447236	9.99964509560848e-13	-27.6310566069975
4N	20.5_20.5_2_1_0.5_0.3_0.2_0.1	SUM-159_NLS_4N_O2_A6_seed	SUM-159_NLS_4N_O2_A6	0.1	56	180	7.69597989949749	9.99964509560848e-13	-27.6310566069975
4N	20.5_20.5_2_1_0.5_0.3_0.2_0.1	SUM-159_NLS_4N_O2_A6_seed	SUM-159_NLS_4N_O2_A6	0.1	56	181	7.73618090452261	9.99964509560848e-13	-27.6310566069975
4N	20.5_20.5_2_1_0.5_0.3_0.2_0.1	SUM-159_NLS_4N_O2_A6_seed	SUM-159_NLS_4N_O2_A6	0.1	56	182	7.77638190954774	9.99964509560848e-13	-27.6310566069975
4N	20.5_20.5_2_1_0.5_0.3_0.2_0.1	SUM-159_NLS_4N_O2_A6_seed	SUM-159_NLS_4N_O2_A6	0.1	56	183	7.81658291457286	9.99964509560848e-13	-27.6310566069975
4N	20.5_20.5_2_1_0.5_0.3_0.2_0.1	SUM-159_NLS_4N_O2_A6_seed	SUM-159_NLS_4N_O2_A6	0.1	56	184	7.85678391959799	9.99964509560848e-13	-27.6310566069975
4N	20.5_20.5_2_1_0.5_0.3_0.2_0.1	SUM-159_NLS_4N_O2_A6_seed	SUM-159_NLS_4N_O2_A6	0.1	56	185	7.89698492462312	9.99964509560848e-13	-27.6310566069975
4N	20.5_20.5_2_1_0.5_0.3_0.2_0.1	SUM-159_NLS_4N_O2_A6_seed	SUM-159_NLS_4N_O2_A6	0.1	56	186	7.93718592964824	9.99964509560848e-13	-27.6310566069975
4N	20.5_20.5_2_1_0.5_0.3_0.2_0.1	SUM-159_NLS_4N_O2_A6_seed	SUM-159_NLS_4N_O2_A6	0.1	56	187	7.97738693467337	9.99964509560848e-13	-27.6310566069975
4N	20.5_20.5_2_1_0.5_0.3_0.2_0.1	SUM-159_NLS_4N_O2_A6_seed	SUM-159_NLS_4N_O2_A6	0.1	56	188	8.01758793969849	9.99964509560848e-13	-27.6310566069975
4N	20.5_20.5_2_1_0.5_0.3_0.2_0.1	SUM-159_NLS_4N_O2_A6_seed	SUM-159_NLS_4N_O2_A6	0.1	56	189	8.05778894472362	9.99964509560848e-13	-27.6310566069975
4N	20.5_20.5_2_1_0.5_0.3_0.2_0.1	SUM-159_NLS_4N_O2_A6_seed	SUM-159_NLS_4N_O2_A6	0.1	56	190	8.09798994974874	9.99964509560848e-13	-27.6310566069975
4N	20.5_20.5_2_1_0.5_0.3_0.2_0.1	SUM-159_NLS_4N_O2_A6_seed	SUM-159_NLS_4N_O2_A6	0.1	56	191	8.13819095477387	9.99964509560848e-13	-27.6310566069975
4N	20.5_20.5_2_1_0.5_0.3_0.2_0.1	SUM-159_NLS_4N_O2_A6_seed	SUM-159_NLS_4N_O2_A6	0.1	56	192	8.178391959799	9.99964509560848e-13	-27.6310566069975
4N	20.5_20.5_2_1_0.5_0.3_0.2_0.1	SUM-159_NLS_4N_O2_A6_seed	SUM-159_NLS_4N_O2_A6	0.1	56	193	8.21859296482412	9.99964509560848e-13	-27.6310566069975
4N	20.5_20.5_2_1_0.5_0.3_0.2_0.1	SUM-159_NLS_4N_O2_A6_seed	SUM-159_NLS_4N_O2_A6	0.1	56	194	8.25879396984925	9.99964509560848e-13	-27.6310566069975
4N	20.5_20.5_2_1_0.5_0.3_0.2_0.1	SUM-159_NLS_4N_O2_A6_seed	SUM-159_NLS_4N_O2_A6	0.1	56	195	8.29899497487437	9.99964509560848e-13	-27.6310566069975
4N	20.5_20.5_2_1_0.5_0.3_0.2_0.1	SUM-159_NLS_4N_O2_A6_seed	SUM-159_NLS_4N_O2_A6	0.1	56	196	8.3391959798995	9.99964509560848e-13	-27.6310566069975
4N	20.5_20.5_2_1_0.5_0.3_0.2_0.1	SUM-159_NLS_4N_O2_A6_seed	SUM-159_NLS_4N_O2_A6	0.1	56	197	8.37939698492462	9.99964509560848e-13	-27.6310566069975
4N	20.5_20.5_2_1_0.5_0.3_0.2_0.1	SUM-159_NLS_4N_O2_A6_seed	SUM-159_NLS_4N_O2_A6	0.1	56	198	8.41959798994975	9.99964509560848e-13	-27.6310566069975
4N	20.5_20.5_2_1_0.5_0.3_0.2_0.1	SUM-159_NLS_4N_O2_A6_seed	SUM-159_NLS_4N_O2_A6	0.1	56	199	8.45979899497488	9.99964509560848e-13	-27.6310566069975
4N	20.5_20.5_2_1_0.5_0.3_0.2_0.1	SUM-159_NLS_4N_O2_A6_seed	SUM-159_NLS_4N_O2_A6	0.1	56	200	8.5	9.99964509560848e-13	-27.6310566069975
4N	20.5_20.5_20.5_20.5_20.5_20.5_20.5_20.5_20.5_20.5_20.5_20.5_20.5_20.5	SUM-159_NLS_4N_C_A12_seed	SUM-159_NLS_4N_C_A12	20.5	57	1	0.5	9.99883123807203e-13	-27.6311379989519
4N	20.5_20.5_20.5_20.5_20.5_20.5_20.5_20.5_20.5_20.5_20.5_20.5_20.5_20.5	SUM-159_NLS_4N_C_A12_seed	SUM-159_NLS_4N_C_A12	20.5	57	2	0.540201005025126	9.99883123807203e-13	-27.6311379989519
4N	20.5_20.5_20.5_20.5_20.5_20.5_20.5_20.5_20.5_20.5_20.5_20.5_20.5_20.5	SUM-159_NLS_4N_C_A12_seed	SUM-159_NLS_4N_C_A12	20.5	57	3	0.580402010050251	9.99883123807203e-13	-27.6311379989519
4N	20.5_20.5_20.5_20.5_20.5_20.5_20.5_20.5_20.5_20.5_20.5_20.5_20.5_20.5	SUM-159_NLS_4N_C_A12_seed	SUM-159_NLS_4N_C_A12	20.5	57	4	0.620603015075377	9.99883123807203e-13	-27.6311379989519
4N	20.5_20.5_20.5_20.5_20.5_20.5_20.5_20.5_20.5_20.5_20.5_20.5_20.5_20.5	SUM-159_NLS_4N_C_A12_seed	SUM-159_NLS_4N_C_A12	20.5	57	5	0.660804020100503	9.99883123807203e-13	-27.6311379989519
4N	20.5_20.5_20.5_20.5_20.5_20.5_20.5_20.5_20.5_20.5_20.5_20.5_20.5_20.5	SUM-159_NLS_4N_C_A12_seed	SUM-159_NLS_4N_C_A12	20.5	57	6	0.701005025125628	9.99883123807203e-13	-27.6311379989519
4N	20.5_20.5_20.5_20.5_20.5_20.5_20.5_20.5_20.5_20.5_20.5_20.5_20.5_20.5	SUM-159_NLS_4N_C_A12_seed	SUM-159_NLS_4N_C_A12	20.5	57	7	0.741206030150754	9.99883123807203e-13	-27.6311379989519
4N	20.5_20.5_20.5_20.5_20.5_20.5_20.5_20.5_20.5_20.5_20.5_20.5_20.5_20.5	SUM-159_NLS_4N_C_A12_seed	SUM-159_NLS_4N_C_A12	20.5	57	8	0.781407035175879	9.99883123807203e-13	-27.6311379989519
4N	20.5_20.5_20.5_20.5_20.5_20.5_20.5_20.5_20.5_20.5_20.5_20.5_20.5_20.5	SUM-159_NLS_4N_C_A12_seed	SUM-159_NLS_4N_C_A12	20.5	57	9	0.821608040201005	9.99883123807203e-13	-27.6311379989519
4N	20.5_20.5_20.5_20.5_20.5_20.5_20.5_20.5_20.5_20.5_20.5_20.5_20.5_20.5	SUM-159_NLS_4N_C_A12_seed	SUM-159_NLS_4N_C_A12	20.5	57	10	0.861809045226131	9.99883123807203e-13	-27.6311379989519
4N	20.5_20.5_20.5_20.5_20.5_20.5_20.5_20.5_20.5_20.5_20.5_20.5_20.5_20.5	SUM-159_NLS_4N_C_A12_seed	SUM-159_NLS_4N_C_A12	20.5	57	11	0.902010050251256	9.99883123807203e-13	-27.6311379989519
4N	20.5_20.5_20.5_20.5_20.5_20.5_20.5_20.5_20.5_20.5_20.5_20.5_20.5_20.5	SUM-159_NLS_4N_C_A12_seed	SUM-159_NLS_4N_C_A12	20.5	57	12	0.942211055276382	9.99883123807203e-13	-27.6311379989519
4N	20.5_20.5_20.5_20.5_20.5_20.5_20.5_20.5_20.5_20.5_20.5_20.5_20.5_20.5	SUM-159_NLS_4N_C_A12_seed	SUM-159_NLS_4N_C_A12	20.5	57	13	0.982412060301508	9.99883123807203e-13	-27.6311379989519
4N	20.5_20.5_20.5_20.5_20.5_20.5_20.5_20.5_20.5_20.5_20.5_20.5_20.5_20.5	SUM-159_NLS_4N_C_A12_seed	SUM-159_NLS_4N_C_A12	20.5	57	14	1.02261306532663	9.99883123807203e-13	-27.6311379989519
4N	20.5_20.5_20.5_20.5_20.5_20.5_20.5_20.5_20.5_20.5_20.5_20.5_20.5_20.5	SUM-159_NLS_4N_C_A12_seed	SUM-159_NLS_4N_C_A12	20.5	57	15	1.06281407035176	9.99883123807203e-13	-27.6311379989519
4N	20.5_20.5_20.5_20.5_20.5_20.5_20.5_20.5_20.5_20.5_20.5_20.5_20.5_20.5	SUM-159_NLS_4N_C_A12_seed	SUM-159_NLS_4N_C_A12	20.5	57	16	1.10301507537688	9.99883123807203e-13	-27.6311379989519
4N	20.5_20.5_20.5_20.5_20.5_20.5_20.5_20.5_20.5_20.5_20.5_20.5_20.5_20.5	SUM-159_NLS_4N_C_A12_seed	SUM-159_NLS_4N_C_A12	20.5	57	17	1.14321608040201	9.99883123807203e-13	-27.6311379989519
4N	20.5_20.5_20.5_20.5_20.5_20.5_20.5_20.5_20.5_20.5_20.5_20.5_20.5_20.5	SUM-159_NLS_4N_C_A12_seed	SUM-159_NLS_4N_C_A12	20.5	57	18	1.18341708542714	9.99883123807203e-13	-27.6311379989519
4N	20.5_20.5_20.5_20.5_20.5_20.5_20.5_20.5_20.5_20.5_20.5_20.5_20.5_20.5	SUM-159_NLS_4N_C_A12_seed	SUM-159_NLS_4N_C_A12	20.5	57	19	1.22361809045226	9.99883123807203e-13	-27.6311379989519
4N	20.5_20.5_20.5_20.5_20.5_20.5_20.5_20.5_20.5_20.5_20.5_20.5_20.5_20.5	SUM-159_NLS_4N_C_A12_seed	SUM-159_NLS_4N_C_A12	20.5	57	20	1.26381909547739	9.99883123807203e-13	-27.6311379989519
4N	20.5_20.5_20.5_20.5_20.5_20.5_20.5_20.5_20.5_20.5_20.5_20.5_20.5_20.5	SUM-159_NLS_4N_C_A12_seed	SUM-159_NLS_4N_C_A12	20.5	57	21	1.30402010050251	9.99883123807203e-13	-27.6311379989519
4N	20.5_20.5_20.5_20.5_20.5_20.5_20.5_20.5_20.5_20.5_20.5_20.5_20.5_20.5	SUM-159_NLS_4N_C_A12_seed	SUM-159_NLS_4N_C_A12	20.5	57	22	1.34422110552764	9.99883123807203e-13	-27.6311379989519
4N	20.5_20.5_20.5_20.5_20.5_20.5_20.5_20.5_20.5_20.5_20.5_20.5_20.5_20.5	SUM-159_NLS_4N_C_A12_seed	SUM-159_NLS_4N_C_A12	20.5	57	23	1.38442211055276	9.99883123807203e-13	-27.6311379989519
4N	20.5_20.5_20.5_20.5_20.5_20.5_20.5_20.5_20.5_20.5_20.5_20.5_20.5_20.5	SUM-159_NLS_4N_C_A12_seed	SUM-159_NLS_4N_C_A12	20.5	57	24	1.42462311557789	9.99883123807203e-13	-27.6311379989519
4N	20.5_20.5_20.5_20.5_20.5_20.5_20.5_20.5_20.5_20.5_20.5_20.5_20.5_20.5	SUM-159_NLS_4N_C_A12_seed	SUM-159_NLS_4N_C_A12	20.5	57	25	1.46482412060302	9.99883123807203e-13	-27.6311379989519
4N	20.5_20.5_20.5_20.5_20.5_20.5_20.5_20.5_20.5_20.5_20.5_20.5_20.5_20.5	SUM-159_NLS_4N_C_A12_seed	SUM-159_NLS_4N_C_A12	20.5	57	26	1.50502512562814	9.99883123807203e-13	-27.6311379989519
4N	20.5_20.5_20.5_20.5_20.5_20.5_20.5_20.5_20.5_20.5_20.5_20.5_20.5_20.5	SUM-159_NLS_4N_C_A12_seed	SUM-159_NLS_4N_C_A12	20.5	57	27	1.54522613065327	9.99883123807203e-13	-27.6311379989519
4N	20.5_20.5_20.5_20.5_20.5_20.5_20.5_20.5_20.5_20.5_20.5_20.5_20.5_20.5	SUM-159_NLS_4N_C_A12_seed	SUM-159_NLS_4N_C_A12	20.5	57	28	1.58542713567839	9.99883123807203e-13	-27.6311379989519
4N	20.5_20.5_20.5_20.5_20.5_20.5_20.5_20.5_20.5_20.5_20.5_20.5_20.5_20.5	SUM-159_NLS_4N_C_A12_seed	SUM-159_NLS_4N_C_A12	20.5	57	29	1.62562814070352	9.99883123807203e-13	-27.6311379989519
4N	20.5_20.5_20.5_20.5_20.5_20.5_20.5_20.5_20.5_20.5_20.5_20.5_20.5_20.5	SUM-159_NLS_4N_C_A12_seed	SUM-159_NLS_4N_C_A12	20.5	57	30	1.66582914572864	9.99883123807203e-13	-27.6311379989519
4N	20.5_20.5_20.5_20.5_20.5_20.5_20.5_20.5_20.5_20.5_20.5_20.5_20.5_20.5	SUM-159_NLS_4N_C_A12_seed	SUM-159_NLS_4N_C_A12	20.5	57	31	1.70603015075377	9.99883123807203e-13	-27.6311379989519
4N	20.5_20.5_20.5_20.5_20.5_20.5_20.5_20.5_20.5_20.5_20.5_20.5_20.5_20.5	SUM-159_NLS_4N_C_A12_seed	SUM-159_NLS_4N_C_A12	20.5	57	32	1.74623115577889	9.99883123807203e-13	-27.6311379989519
4N	20.5_20.5_20.5_20.5_20.5_20.5_20.5_20.5_20.5_20.5_20.5_20.5_20.5_20.5	SUM-159_NLS_4N_C_A12_seed	SUM-159_NLS_4N_C_A12	20.5	57	33	1.78643216080402	9.99883123807203e-13	-27.6311379989519
4N	20.5_20.5_20.5_20.5_20.5_20.5_20.5_20.5_20.5_20.5_20.5_20.5_20.5_20.5	SUM-159_NLS_4N_C_A12_seed	SUM-159_NLS_4N_C_A12	20.5	57	34	1.82663316582915	9.99883123807203e-13	-27.6311379989519
4N	20.5_20.5_20.5_20.5_20.5_20.5_20.5_20.5_20.5_20.5_20.5_20.5_20.5_20.5	SUM-159_NLS_4N_C_A12_seed	SUM-159_NLS_4N_C_A12	20.5	57	35	1.86683417085427	9.99883123807203e-13	-27.6311379989519
4N	20.5_20.5_20.5_20.5_20.5_20.5_20.5_20.5_20.5_20.5_20.5_20.5_20.5_20.5	SUM-159_NLS_4N_C_A12_seed	SUM-159_NLS_4N_C_A12	20.5	57	36	1.9070351758794	9.99883123807203e-13	-27.6311379989519
4N	20.5_20.5_20.5_20.5_20.5_20.5_20.5_20.5_20.5_20.5_20.5_20.5_20.5_20.5	SUM-159_NLS_4N_C_A12_seed	SUM-159_NLS_4N_C_A12	20.5	57	37	1.94723618090452	9.99883123807203e-13	-27.6311379989519
4N	20.5_20.5_20.5_20.5_20.5_20.5_20.5_20.5_20.5_20.5_20.5_20.5_20.5_20.5	SUM-159_NLS_4N_C_A12_seed	SUM-159_NLS_4N_C_A12	20.5	57	38	1.98743718592965	4.30286234409284e-08	-16.9614002812902
4N	20.5_20.5_20.5_20.5_20.5_20.5_20.5_20.5_20.5_20.5_20.5_20.5_20.5_20.5	SUM-159_NLS_4N_C_A12_seed	SUM-159_NLS_4N_C_A12	20.5	57	39	2.02763819095477	1.94879316565065e-05	-10.8457151733956
4N	20.5_20.5_20.5_20.5_20.5_20.5_20.5_20.5_20.5_20.5_20.5_20.5_20.5_20.5	SUM-159_NLS_4N_C_A12_seed	SUM-159_NLS_4N_C_A12	20.5	57	40	2.0678391959799	6.30252815675908e-05	-9.67197461734627
4N	20.5_20.5_20.5_20.5_20.5_20.5_20.5_20.5_20.5_20.5_20.5_20.5_20.5_20.5	SUM-159_NLS_4N_C_A12_seed	SUM-159_NLS_4N_C_A12	20.5	57	41	2.10804020100502	0.000118338469097371	-9.0419616572759
4N	20.5_20.5_20.5_20.5_20.5_20.5_20.5_20.5_20.5_20.5_20.5_20.5_20.5_20.5	SUM-159_NLS_4N_C_A12_seed	SUM-159_NLS_4N_C_A12	20.5	57	42	2.14824120603015	0.000203922187451861	-8.49777207094404
4N	20.5_20.5_20.5_20.5_20.5_20.5_20.5_20.5_20.5_20.5_20.5_20.5_20.5_20.5	SUM-159_NLS_4N_C_A12_seed	SUM-159_NLS_4N_C_A12	20.5	57	43	2.18844221105528	0.000341684556825589	-7.98162259498994
4N	20.5_20.5_20.5_20.5_20.5_20.5_20.5_20.5_20.5_20.5_20.5_20.5_20.5_20.5	SUM-159_NLS_4N_C_A12_seed	SUM-159_NLS_4N_C_A12	20.5	57	44	2.2286432160804	0.000501705829808465	-7.59749660643302
4N	20.5_20.5_20.5_20.5_20.5_20.5_20.5_20.5_20.5_20.5_20.5_20.5_20.5_20.5	SUM-159_NLS_4N_C_A12_seed	SUM-159_NLS_4N_C_A12	20.5	57	45	2.26884422110553	0.000505957418992777	-7.58905804440599
4N	20.5_20.5_20.5_20.5_20.5_20.5_20.5_20.5_20.5_20.5_20.5_20.5_20.5_20.5	SUM-159_NLS_4N_C_A12_seed	SUM-159_NLS_4N_C_A12	20.5	57	46	2.30904522613065	0.000810787481174273	-7.11750458359656
4N	20.5_20.5_20.5_20.5_20.5_20.5_20.5_20.5_20.5_20.5_20.5_20.5_20.5_20.5	SUM-159_NLS_4N_C_A12_seed	SUM-159_NLS_4N_C_A12	20.5	57	47	2.34924623115578	0.000955054373756155	-6.95374228323401
4N	20.5_20.5_20.5_20.5_20.5_20.5_20.5_20.5_20.5_20.5_20.5_20.5_20.5_20.5	SUM-159_NLS_4N_C_A12_seed	SUM-159_NLS_4N_C_A12	20.5	57	48	2.3894472361809	0.00105478839973376	-6.85441510114349
4N	20.5_20.5_20.5_20.5_20.5_20.5_20.5_20.5_20.5_20.5_20.5_20.5_20.5_20.5	SUM-159_NLS_4N_C_A12_seed	SUM-159_NLS_4N_C_A12	20.5	57	49	2.42964824120603	0.000992573911717983	-6.91520907793088
4N	20.5_20.5_20.5_20.5_20.5_20.5_20.5_20.5_20.5_20.5_20.5_20.5_20.5_20.5	SUM-159_NLS_4N_C_A12_seed	SUM-159_NLS_4N_C_A12	20.5	57	50	2.46984924623116	0.000855488412650721	-7.06383800925827
4N	20.5_20.5_20.5_20.5_20.5_20.5_20.5_20.5_20.5_20.5_20.5_20.5_20.5_20.5	SUM-159_NLS_4N_C_A12_seed	SUM-159_NLS_4N_C_A12	20.5	57	51	2.51005025125628	0.000792577720275672	-7.14021998727288
4N	20.5_20.5_20.5_20.5_20.5_20.5_20.5_20.5_20.5_20.5_20.5_20.5_20.5_20.5	SUM-159_NLS_4N_C_A12_seed	SUM-159_NLS_4N_C_A12	20.5	57	52	2.55025125628141	0.000488053444375194	-7.62508564094541
4N	20.5_20.5_20.5_20.5_20.5_20.5_20.5_20.5_20.5_20.5_20.5_20.5_20.5_20.5	SUM-159_NLS_4N_C_A12_seed	SUM-159_NLS_4N_C_A12	20.5	57	53	2.59045226130653	0.000610681698839652	-7.40093468569748
4N	20.5_20.5_20.5_20.5_20.5_20.5_20.5_20.5_20.5_20.5_20.5_20.5_20.5_20.5	SUM-159_NLS_4N_C_A12_seed	SUM-159_NLS_4N_C_A12	20.5	57	54	2.63065326633166	0.000591217054481167	-7.4333273415184
4N	20.5_20.5_20.5_20.5_20.5_20.5_20.5_20.5_20.5_20.5_20.5_20.5_20.5_20.5	SUM-159_NLS_4N_C_A12_seed	SUM-159_NLS_4N_C_A12	20.5	57	55	2.67085427135678	0.00085261043461338	-7.06720781512797
4N	20.5_20.5_20.5_20.5_20.5_20.5_20.5_20.5_20.5_20.5_20.5_20.5_20.5_20.5	SUM-159_NLS_4N_C_A12_seed	SUM-159_NLS_4N_C_A12	20.5	57	56	2.71105527638191	0.0015741804193432	-6.45402051081429
4N	20.5_20.5_20.5_20.5_20.5_20.5_20.5_20.5_20.5_20.5_20.5_20.5_20.5_20.5	SUM-159_NLS_4N_C_A12_seed	SUM-159_NLS_4N_C_A12	20.5	57	57	2.75125628140704	0.00308276125573797	-5.78192957201992
4N	20.5_20.5_20.5_20.5_20.5_20.5_20.5_20.5_20.5_20.5_20.5_20.5_20.5_20.5	SUM-159_NLS_4N_C_A12_seed	SUM-159_NLS_4N_C_A12	20.5	57	58	2.79145728643216	0.00573379206903273	-5.16137817499104
4N	20.5_20.5_20.5_20.5_20.5_20.5_20.5_20.5_20.5_20.5_20.5_20.5_20.5_20.5	SUM-159_NLS_4N_C_A12_seed	SUM-159_NLS_4N_C_A12	20.5	57	59	2.83165829145729	0.0108571813576487	-4.52292854165818
4N	20.5_20.5_20.5_20.5_20.5_20.5_20.5_20.5_20.5_20.5_20.5_20.5_20.5_20.5	SUM-159_NLS_4N_C_A12_seed	SUM-159_NLS_4N_C_A12	20.5	57	60	2.87185929648241	0.0183812321806767	-3.99642512509179
4N	20.5_20.5_20.5_20.5_20.5_20.5_20.5_20.5_20.5_20.5_20.5_20.5_20.5_20.5	SUM-159_NLS_4N_C_A12_seed	SUM-159_NLS_4N_C_A12	20.5	57	61	2.91206030150754	0.0324611900769264	-3.42771005469264
4N	20.5_20.5_20.5_20.5_20.5_20.5_20.5_20.5_20.5_20.5_20.5_20.5_20.5_20.5	SUM-159_NLS_4N_C_A12_seed	SUM-159_NLS_4N_C_A12	20.5	57	62	2.95226130653266	0.0511476116488515	-2.97303948075674
4N	20.5_20.5_20.5_20.5_20.5_20.5_20.5_20.5_20.5_20.5_20.5_20.5_20.5_20.5	SUM-159_NLS_4N_C_A12_seed	SUM-159_NLS_4N_C_A12	20.5	57	63	2.99246231155779	0.079227383104346	-2.53543329365123
4N	20.5_20.5_20.5_20.5_20.5_20.5_20.5_20.5_20.5_20.5_20.5_20.5_20.5_20.5	SUM-159_NLS_4N_C_A12_seed	SUM-159_NLS_4N_C_A12	20.5	57	64	3.03266331658291	0.120917131585386	-2.11264983094184
4N	20.5_20.5_20.5_20.5_20.5_20.5_20.5_20.5_20.5_20.5_20.5_20.5_20.5_20.5	SUM-159_NLS_4N_C_A12_seed	SUM-159_NLS_4N_C_A12	20.5	57	65	3.07286432160804	0.184827795041729	-1.68833072501445
4N	20.5_20.5_20.5_20.5_20.5_20.5_20.5_20.5_20.5_20.5_20.5_20.5_20.5_20.5	SUM-159_NLS_4N_C_A12_seed	SUM-159_NLS_4N_C_A12	20.5	57	66	3.11306532663317	0.267194764314852	-1.31977743214167
4N	20.5_20.5_20.5_20.5_20.5_20.5_20.5_20.5_20.5_20.5_20.5_20.5_20.5_20.5	SUM-159_NLS_4N_C_A12_seed	SUM-159_NLS_4N_C_A12	20.5	57	67	3.15326633165829	0.377478192717877	-0.974242479596436
4N	20.5_20.5_20.5_20.5_20.5_20.5_20.5_20.5_20.5_20.5_20.5_20.5_20.5_20.5	SUM-159_NLS_4N_C_A12_seed	SUM-159_NLS_4N_C_A12	20.5	57	68	3.19346733668342	0.512180767547063	-0.669077654638857
4N	20.5_20.5_20.5_20.5_20.5_20.5_20.5_20.5_20.5_20.5_20.5_20.5_20.5_20.5	SUM-159_NLS_4N_C_A12_seed	SUM-159_NLS_4N_C_A12	20.5	57	69	3.23366834170854	0.675525881301986	-0.392263808027203
4N	20.5_20.5_20.5_20.5_20.5_20.5_20.5_20.5_20.5_20.5_20.5_20.5_20.5_20.5	SUM-159_NLS_4N_C_A12_seed	SUM-159_NLS_4N_C_A12	20.5	57	70	3.27386934673367	0.858320055522804	-0.152778223965882
4N	20.5_20.5_20.5_20.5_20.5_20.5_20.5_20.5_20.5_20.5_20.5_20.5_20.5_20.5	SUM-159_NLS_4N_C_A12_seed	SUM-159_NLS_4N_C_A12	20.5	57	71	3.31407035175879	1.05183896415109	0.0505400266962005
4N	20.5_20.5_20.5_20.5_20.5_20.5_20.5_20.5_20.5_20.5_20.5_20.5_20.5_20.5	SUM-159_NLS_4N_C_A12_seed	SUM-159_NLS_4N_C_A12	20.5	57	72	3.35427135678392	1.25336597258118	0.225832710347673
4N	20.5_20.5_20.5_20.5_20.5_20.5_20.5_20.5_20.5_20.5_20.5_20.5_20.5_20.5	SUM-159_NLS_4N_C_A12_seed	SUM-159_NLS_4N_C_A12	20.5	57	73	3.39447236180905	1.44099113230288	0.365331163148957
4N	20.5_20.5_20.5_20.5_20.5_20.5_20.5_20.5_20.5_20.5_20.5_20.5_20.5_20.5	SUM-159_NLS_4N_C_A12_seed	SUM-159_NLS_4N_C_A12	20.5	57	74	3.43467336683417	1.59480171913987	0.466749414490288
4N	20.5_20.5_20.5_20.5_20.5_20.5_20.5_20.5_20.5_20.5_20.5_20.5_20.5_20.5	SUM-159_NLS_4N_C_A12_seed	SUM-159_NLS_4N_C_A12	20.5	57	75	3.4748743718593	1.70958571930373	0.536251071749572
4N	20.5_20.5_20.5_20.5_20.5_20.5_20.5_20.5_20.5_20.5_20.5_20.5_20.5_20.5	SUM-159_NLS_4N_C_A12_seed	SUM-159_NLS_4N_C_A12	20.5	57	76	3.51507537688442	1.77195166442778	0.572081574399896
4N	20.5_20.5_20.5_20.5_20.5_20.5_20.5_20.5_20.5_20.5_20.5_20.5_20.5_20.5	SUM-159_NLS_4N_C_A12_seed	SUM-159_NLS_4N_C_A12	20.5	57	77	3.55527638190955	1.76827256567048	0.57000311843629
4N	20.5_20.5_20.5_20.5_20.5_20.5_20.5_20.5_20.5_20.5_20.5_20.5_20.5_20.5	SUM-159_NLS_4N_C_A12_seed	SUM-159_NLS_4N_C_A12	20.5	57	78	3.59547738693467	1.7147025817985	0.539239643886787
4N	20.5_20.5_20.5_20.5_20.5_20.5_20.5_20.5_20.5_20.5_20.5_20.5_20.5_20.5	SUM-159_NLS_4N_C_A12_seed	SUM-159_NLS_4N_C_A12	20.5	57	79	3.6356783919598	1.61151560900592	0.477175108236944
4N	20.5_20.5_20.5_20.5_20.5_20.5_20.5_20.5_20.5_20.5_20.5_20.5_20.5_20.5	SUM-159_NLS_4N_C_A12_seed	SUM-159_NLS_4N_C_A12	20.5	57	80	3.67587939698492	1.46102551786258	0.379138598641072
4N	20.5_20.5_20.5_20.5_20.5_20.5_20.5_20.5_20.5_20.5_20.5_20.5_20.5_20.5	SUM-159_NLS_4N_C_A12_seed	SUM-159_NLS_4N_C_A12	20.5	57	81	3.71608040201005	1.28975931006004	0.254455619616313
4N	20.5_20.5_20.5_20.5_20.5_20.5_20.5_20.5_20.5_20.5_20.5_20.5_20.5_20.5	SUM-159_NLS_4N_C_A12_seed	SUM-159_NLS_4N_C_A12	20.5	57	82	3.75628140703518	1.11273862806928	0.106824209197959
4N	20.5_20.5_20.5_20.5_20.5_20.5_20.5_20.5_20.5_20.5_20.5_20.5_20.5_20.5	SUM-159_NLS_4N_C_A12_seed	SUM-159_NLS_4N_C_A12	20.5	57	83	3.7964824120603	0.918539576690736	-0.0849702868603131
4N	20.5_20.5_20.5_20.5_20.5_20.5_20.5_20.5_20.5_20.5_20.5_20.5_20.5_20.5	SUM-159_NLS_4N_C_A12_seed	SUM-159_NLS_4N_C_A12	20.5	57	84	3.83668341708543	0.745284410448994	-0.293989374462063
4N	20.5_20.5_20.5_20.5_20.5_20.5_20.5_20.5_20.5_20.5_20.5_20.5_20.5_20.5	SUM-159_NLS_4N_C_A12_seed	SUM-159_NLS_4N_C_A12	20.5	57	85	3.87688442211055	0.599519566938156	-0.511626666284638
4N	20.5_20.5_20.5_20.5_20.5_20.5_20.5_20.5_20.5_20.5_20.5_20.5_20.5_20.5	SUM-159_NLS_4N_C_A12_seed	SUM-159_NLS_4N_C_A12	20.5	57	86	3.91708542713568	0.456098782854749	-0.785045863861008
4N	20.5_20.5_20.5_20.5_20.5_20.5_20.5_20.5_20.5_20.5_20.5_20.5_20.5_20.5	SUM-159_NLS_4N_C_A12_seed	SUM-159_NLS_4N_C_A12	20.5	57	87	3.9572864321608	0.341032087448266	-1.07577870803681
4N	20.5_20.5_20.5_20.5_20.5_20.5_20.5_20.5_20.5_20.5_20.5_20.5_20.5_20.5	SUM-159_NLS_4N_C_A12_seed	SUM-159_NLS_4N_C_A12	20.5	57	88	3.99748743718593	0.238048507138558	-1.43528081457086
4N	20.5_20.5_20.5_20.5_20.5_20.5_20.5_20.5_20.5_20.5_20.5_20.5_20.5_20.5	SUM-159_NLS_4N_C_A12_seed	SUM-159_NLS_4N_C_A12	20.5	57	89	4.03768844221106	0.162201424980086	-1.81891635201213
4N	20.5_20.5_20.5_20.5_20.5_20.5_20.5_20.5_20.5_20.5_20.5_20.5_20.5_20.5	SUM-159_NLS_4N_C_A12_seed	SUM-159_NLS_4N_C_A12	20.5	57	90	4.07788944723618	0.119599823977462	-2.12360390922704
4N	20.5_20.5_20.5_20.5_20.5_20.5_20.5_20.5_20.5_20.5_20.5_20.5_20.5_20.5	SUM-159_NLS_4N_C_A12_seed	SUM-159_NLS_4N_C_A12	20.5	57	91	4.11809045226131	0.0891673461632065	-2.41724038082128
4N	20.5_20.5_20.5_20.5_20.5_20.5_20.5_20.5_20.5_20.5_20.5_20.5_20.5_20.5	SUM-159_NLS_4N_C_A12_seed	SUM-159_NLS_4N_C_A12	20.5	57	92	4.15829145728643	0.0631861490139912	-2.76167016301967
4N	20.5_20.5_20.5_20.5_20.5_20.5_20.5_20.5_20.5_20.5_20.5_20.5_20.5_20.5	SUM-159_NLS_4N_C_A12_seed	SUM-159_NLS_4N_C_A12	20.5	57	93	4.19849246231156	0.0462676259642513	-3.07331278569484
4N	20.5_20.5_20.5_20.5_20.5_20.5_20.5_20.5_20.5_20.5_20.5_20.5_20.5_20.5	SUM-159_NLS_4N_C_A12_seed	SUM-159_NLS_4N_C_A12	20.5	57	94	4.23869346733668	0.0318593819686737	-3.4464233730351
4N	20.5_20.5_20.5_20.5_20.5_20.5_20.5_20.5_20.5_20.5_20.5_20.5_20.5_20.5	SUM-159_NLS_4N_C_A12_seed	SUM-159_NLS_4N_C_A12	20.5	57	95	4.27889447236181	0.0222234286247161	-3.80660820313164
4N	20.5_20.5_20.5_20.5_20.5_20.5_20.5_20.5_20.5_20.5_20.5_20.5_20.5_20.5	SUM-159_NLS_4N_C_A12_seed	SUM-159_NLS_4N_C_A12	20.5	57	96	4.31909547738693	0.0158874231153935	-4.14222748179261
4N	20.5_20.5_20.5_20.5_20.5_20.5_20.5_20.5_20.5_20.5_20.5_20.5_20.5_20.5	SUM-159_NLS_4N_C_A12_seed	SUM-159_NLS_4N_C_A12	20.5	57	97	4.35929648241206	0.010411387558927	-4.5648551142745
4N	20.5_20.5_20.5_20.5_20.5_20.5_20.5_20.5_20.5_20.5_20.5_20.5_20.5_20.5	SUM-159_NLS_4N_C_A12_seed	SUM-159_NLS_4N_C_A12	20.5	57	98	4.39949748743719	0.00670601980213935	-5.00474967804366
4N	20.5_20.5_20.5_20.5_20.5_20.5_20.5_20.5_20.5_20.5_20.5_20.5_20.5_20.5	SUM-159_NLS_4N_C_A12_seed	SUM-159_NLS_4N_C_A12	20.5	57	99	4.43969849246231	0.00549334005343973	-5.20421881984933
4N	20.5_20.5_20.5_20.5_20.5_20.5_20.5_20.5_20.5_20.5_20.5_20.5_20.5_20.5	SUM-159_NLS_4N_C_A12_seed	SUM-159_NLS_4N_C_A12	20.5	57	100	4.47989949748744	0.0039037852867843	-5.54580861020597
4N	20.5_20.5_20.5_20.5_20.5_20.5_20.5_20.5_20.5_20.5_20.5_20.5_20.5_20.5	SUM-159_NLS_4N_C_A12_seed	SUM-159_NLS_4N_C_A12	20.5	57	101	4.52010050251256	0.00266121590412964	-5.92897215381437
4N	20.5_20.5_20.5_20.5_20.5_20.5_20.5_20.5_20.5_20.5_20.5_20.5_20.5_20.5	SUM-159_NLS_4N_C_A12_seed	SUM-159_NLS_4N_C_A12	20.5	57	102	4.56030150753769	0.00209563646594581	-6.16789796938586
4N	20.5_20.5_20.5_20.5_20.5_20.5_20.5_20.5_20.5_20.5_20.5_20.5_20.5_20.5	SUM-159_NLS_4N_C_A12_seed	SUM-159_NLS_4N_C_A12	20.5	57	103	4.60050251256281	0.00135850525093745	-6.60137026385878
4N	20.5_20.5_20.5_20.5_20.5_20.5_20.5_20.5_20.5_20.5_20.5_20.5_20.5_20.5	SUM-159_NLS_4N_C_A12_seed	SUM-159_NLS_4N_C_A12	20.5	57	104	4.64070351758794	0.00107001558495905	-6.84008206523211
4N	20.5_20.5_20.5_20.5_20.5_20.5_20.5_20.5_20.5_20.5_20.5_20.5_20.5_20.5	SUM-159_NLS_4N_C_A12_seed	SUM-159_NLS_4N_C_A12	20.5	57	105	4.68090452261307	0.000968624034222629	-6.93963401494079
4N	20.5_20.5_20.5_20.5_20.5_20.5_20.5_20.5_20.5_20.5_20.5_20.5_20.5_20.5	SUM-159_NLS_4N_C_A12_seed	SUM-159_NLS_4N_C_A12	20.5	57	106	4.72110552763819	0.000649327406174035	-7.3395734905403
4N	20.5_20.5_20.5_20.5_20.5_20.5_20.5_20.5_20.5_20.5_20.5_20.5_20.5_20.5	SUM-159_NLS_4N_C_A12_seed	SUM-159_NLS_4N_C_A12	20.5	57	107	4.76130653266332	0.000590441933210104	-7.43463926211531
4N	20.5_20.5_20.5_20.5_20.5_20.5_20.5_20.5_20.5_20.5_20.5_20.5_20.5_20.5	SUM-159_NLS_4N_C_A12_seed	SUM-159_NLS_4N_C_A12	20.5	57	108	4.80150753768844	0.00027952014306853	-8.18243619974219
4N	20.5_20.5_20.5_20.5_20.5_20.5_20.5_20.5_20.5_20.5_20.5_20.5_20.5_20.5	SUM-159_NLS_4N_C_A12_seed	SUM-159_NLS_4N_C_A12	20.5	57	109	4.84170854271357	0.000222519914546458	-8.4104939567836
4N	20.5_20.5_20.5_20.5_20.5_20.5_20.5_20.5_20.5_20.5_20.5_20.5_20.5_20.5	SUM-159_NLS_4N_C_A12_seed	SUM-159_NLS_4N_C_A12	20.5	57	110	4.88190954773869	0.000154156458903515	-8.77754250438979
4N	20.5_20.5_20.5_20.5_20.5_20.5_20.5_20.5_20.5_20.5_20.5_20.5_20.5_20.5	SUM-159_NLS_4N_C_A12_seed	SUM-159_NLS_4N_C_A12	20.5	57	111	4.92211055276382	6.41907005260864e-05	-9.65365220937896
4N	20.5_20.5_20.5_20.5_20.5_20.5_20.5_20.5_20.5_20.5_20.5_20.5_20.5_20.5	SUM-159_NLS_4N_C_A12_seed	SUM-159_NLS_4N_C_A12	20.5	57	112	4.96231155778894	6.8748253492407e-05	-9.58505922548708
4N	20.5_20.5_20.5_20.5_20.5_20.5_20.5_20.5_20.5_20.5_20.5_20.5_20.5_20.5	SUM-159_NLS_4N_C_A12_seed	SUM-159_NLS_4N_C_A12	20.5	57	113	5.00251256281407	0.00011219091650316	-9.09530852623531
4N	20.5_20.5_20.5_20.5_20.5_20.5_20.5_20.5_20.5_20.5_20.5_20.5_20.5_20.5	SUM-159_NLS_4N_C_A12_seed	SUM-159_NLS_4N_C_A12	20.5	57	114	5.0427135678392	4.44531325149043e-05	-10.0210751257112
4N	20.5_20.5_20.5_20.5_20.5_20.5_20.5_20.5_20.5_20.5_20.5_20.5_20.5_20.5	SUM-159_NLS_4N_C_A12_seed	SUM-159_NLS_4N_C_A12	20.5	57	115	5.08291457286432	1.30573422728965e-05	-11.2461599561348
4N	20.5_20.5_20.5_20.5_20.5_20.5_20.5_20.5_20.5_20.5_20.5_20.5_20.5_20.5	SUM-159_NLS_4N_C_A12_seed	SUM-159_NLS_4N_C_A12	20.5	57	116	5.12311557788945	2.62568465638024e-08	-17.4553390604386
4N	20.5_20.5_20.5_20.5_20.5_20.5_20.5_20.5_20.5_20.5_20.5_20.5_20.5_20.5	SUM-159_NLS_4N_C_A12_seed	SUM-159_NLS_4N_C_A12	20.5	57	117	5.16331658291457	9.99883123807203e-13	-27.6311379989519
4N	20.5_20.5_20.5_20.5_20.5_20.5_20.5_20.5_20.5_20.5_20.5_20.5_20.5_20.5	SUM-159_NLS_4N_C_A12_seed	SUM-159_NLS_4N_C_A12	20.5	57	118	5.2035175879397	9.99883123807203e-13	-27.6311379989519
4N	20.5_20.5_20.5_20.5_20.5_20.5_20.5_20.5_20.5_20.5_20.5_20.5_20.5_20.5	SUM-159_NLS_4N_C_A12_seed	SUM-159_NLS_4N_C_A12	20.5	57	119	5.24371859296482	9.99883123807203e-13	-27.6311379989519
4N	20.5_20.5_20.5_20.5_20.5_20.5_20.5_20.5_20.5_20.5_20.5_20.5_20.5_20.5	SUM-159_NLS_4N_C_A12_seed	SUM-159_NLS_4N_C_A12	20.5	57	120	5.28391959798995	9.99883123807203e-13	-27.6311379989519
4N	20.5_20.5_20.5_20.5_20.5_20.5_20.5_20.5_20.5_20.5_20.5_20.5_20.5_20.5	SUM-159_NLS_4N_C_A12_seed	SUM-159_NLS_4N_C_A12	20.5	57	121	5.32412060301508	9.99883123807203e-13	-27.6311379989519
4N	20.5_20.5_20.5_20.5_20.5_20.5_20.5_20.5_20.5_20.5_20.5_20.5_20.5_20.5	SUM-159_NLS_4N_C_A12_seed	SUM-159_NLS_4N_C_A12	20.5	57	122	5.3643216080402	9.99883123807203e-13	-27.6311379989519
4N	20.5_20.5_20.5_20.5_20.5_20.5_20.5_20.5_20.5_20.5_20.5_20.5_20.5_20.5	SUM-159_NLS_4N_C_A12_seed	SUM-159_NLS_4N_C_A12	20.5	57	123	5.40452261306533	9.99883123807203e-13	-27.6311379989519
4N	20.5_20.5_20.5_20.5_20.5_20.5_20.5_20.5_20.5_20.5_20.5_20.5_20.5_20.5	SUM-159_NLS_4N_C_A12_seed	SUM-159_NLS_4N_C_A12	20.5	57	124	5.44472361809045	9.99883123807203e-13	-27.6311379989519
4N	20.5_20.5_20.5_20.5_20.5_20.5_20.5_20.5_20.5_20.5_20.5_20.5_20.5_20.5	SUM-159_NLS_4N_C_A12_seed	SUM-159_NLS_4N_C_A12	20.5	57	125	5.48492462311558	9.99883123807203e-13	-27.6311379989519
4N	20.5_20.5_20.5_20.5_20.5_20.5_20.5_20.5_20.5_20.5_20.5_20.5_20.5_20.5	SUM-159_NLS_4N_C_A12_seed	SUM-159_NLS_4N_C_A12	20.5	57	126	5.5251256281407	9.99883123807203e-13	-27.6311379989519
4N	20.5_20.5_20.5_20.5_20.5_20.5_20.5_20.5_20.5_20.5_20.5_20.5_20.5_20.5	SUM-159_NLS_4N_C_A12_seed	SUM-159_NLS_4N_C_A12	20.5	57	127	5.56532663316583	9.99883123807203e-13	-27.6311379989519
4N	20.5_20.5_20.5_20.5_20.5_20.5_20.5_20.5_20.5_20.5_20.5_20.5_20.5_20.5	SUM-159_NLS_4N_C_A12_seed	SUM-159_NLS_4N_C_A12	20.5	57	128	5.60552763819095	9.99883123807203e-13	-27.6311379989519
4N	20.5_20.5_20.5_20.5_20.5_20.5_20.5_20.5_20.5_20.5_20.5_20.5_20.5_20.5	SUM-159_NLS_4N_C_A12_seed	SUM-159_NLS_4N_C_A12	20.5	57	129	5.64572864321608	9.99883123807203e-13	-27.6311379989519
4N	20.5_20.5_20.5_20.5_20.5_20.5_20.5_20.5_20.5_20.5_20.5_20.5_20.5_20.5	SUM-159_NLS_4N_C_A12_seed	SUM-159_NLS_4N_C_A12	20.5	57	130	5.68592964824121	9.99883123807203e-13	-27.6311379989519
4N	20.5_20.5_20.5_20.5_20.5_20.5_20.5_20.5_20.5_20.5_20.5_20.5_20.5_20.5	SUM-159_NLS_4N_C_A12_seed	SUM-159_NLS_4N_C_A12	20.5	57	131	5.72613065326633	9.99883123807203e-13	-27.6311379989519
4N	20.5_20.5_20.5_20.5_20.5_20.5_20.5_20.5_20.5_20.5_20.5_20.5_20.5_20.5	SUM-159_NLS_4N_C_A12_seed	SUM-159_NLS_4N_C_A12	20.5	57	132	5.76633165829146	9.99883123807203e-13	-27.6311379989519
4N	20.5_20.5_20.5_20.5_20.5_20.5_20.5_20.5_20.5_20.5_20.5_20.5_20.5_20.5	SUM-159_NLS_4N_C_A12_seed	SUM-159_NLS_4N_C_A12	20.5	57	133	5.80653266331658	9.99883123807203e-13	-27.6311379989519
4N	20.5_20.5_20.5_20.5_20.5_20.5_20.5_20.5_20.5_20.5_20.5_20.5_20.5_20.5	SUM-159_NLS_4N_C_A12_seed	SUM-159_NLS_4N_C_A12	20.5	57	134	5.84673366834171	9.99883123807203e-13	-27.6311379989519
4N	20.5_20.5_20.5_20.5_20.5_20.5_20.5_20.5_20.5_20.5_20.5_20.5_20.5_20.5	SUM-159_NLS_4N_C_A12_seed	SUM-159_NLS_4N_C_A12	20.5	57	135	5.88693467336683	9.99883123807203e-13	-27.6311379989519
4N	20.5_20.5_20.5_20.5_20.5_20.5_20.5_20.5_20.5_20.5_20.5_20.5_20.5_20.5	SUM-159_NLS_4N_C_A12_seed	SUM-159_NLS_4N_C_A12	20.5	57	136	5.92713567839196	9.99883123807203e-13	-27.6311379989519
4N	20.5_20.5_20.5_20.5_20.5_20.5_20.5_20.5_20.5_20.5_20.5_20.5_20.5_20.5	SUM-159_NLS_4N_C_A12_seed	SUM-159_NLS_4N_C_A12	20.5	57	137	5.96733668341709	9.99883123807203e-13	-27.6311379989519
4N	20.5_20.5_20.5_20.5_20.5_20.5_20.5_20.5_20.5_20.5_20.5_20.5_20.5_20.5	SUM-159_NLS_4N_C_A12_seed	SUM-159_NLS_4N_C_A12	20.5	57	138	6.00753768844221	9.99883123807203e-13	-27.6311379989519
4N	20.5_20.5_20.5_20.5_20.5_20.5_20.5_20.5_20.5_20.5_20.5_20.5_20.5_20.5	SUM-159_NLS_4N_C_A12_seed	SUM-159_NLS_4N_C_A12	20.5	57	139	6.04773869346734	9.99883123807203e-13	-27.6311379989519
4N	20.5_20.5_20.5_20.5_20.5_20.5_20.5_20.5_20.5_20.5_20.5_20.5_20.5_20.5	SUM-159_NLS_4N_C_A12_seed	SUM-159_NLS_4N_C_A12	20.5	57	140	6.08793969849246	9.99883123807203e-13	-27.6311379989519
4N	20.5_20.5_20.5_20.5_20.5_20.5_20.5_20.5_20.5_20.5_20.5_20.5_20.5_20.5	SUM-159_NLS_4N_C_A12_seed	SUM-159_NLS_4N_C_A12	20.5	57	141	6.12814070351759	9.99883123807203e-13	-27.6311379989519
4N	20.5_20.5_20.5_20.5_20.5_20.5_20.5_20.5_20.5_20.5_20.5_20.5_20.5_20.5	SUM-159_NLS_4N_C_A12_seed	SUM-159_NLS_4N_C_A12	20.5	57	142	6.16834170854271	9.99883123807203e-13	-27.6311379989519
4N	20.5_20.5_20.5_20.5_20.5_20.5_20.5_20.5_20.5_20.5_20.5_20.5_20.5_20.5	SUM-159_NLS_4N_C_A12_seed	SUM-159_NLS_4N_C_A12	20.5	57	143	6.20854271356784	9.99883123807203e-13	-27.6311379989519
4N	20.5_20.5_20.5_20.5_20.5_20.5_20.5_20.5_20.5_20.5_20.5_20.5_20.5_20.5	SUM-159_NLS_4N_C_A12_seed	SUM-159_NLS_4N_C_A12	20.5	57	144	6.24874371859296	9.99883123807203e-13	-27.6311379989519
4N	20.5_20.5_20.5_20.5_20.5_20.5_20.5_20.5_20.5_20.5_20.5_20.5_20.5_20.5	SUM-159_NLS_4N_C_A12_seed	SUM-159_NLS_4N_C_A12	20.5	57	145	6.28894472361809	9.99883123807203e-13	-27.6311379989519
4N	20.5_20.5_20.5_20.5_20.5_20.5_20.5_20.5_20.5_20.5_20.5_20.5_20.5_20.5	SUM-159_NLS_4N_C_A12_seed	SUM-159_NLS_4N_C_A12	20.5	57	146	6.32914572864322	9.99883123807203e-13	-27.6311379989519
4N	20.5_20.5_20.5_20.5_20.5_20.5_20.5_20.5_20.5_20.5_20.5_20.5_20.5_20.5	SUM-159_NLS_4N_C_A12_seed	SUM-159_NLS_4N_C_A12	20.5	57	147	6.36934673366834	9.99883123807203e-13	-27.6311379989519
4N	20.5_20.5_20.5_20.5_20.5_20.5_20.5_20.5_20.5_20.5_20.5_20.5_20.5_20.5	SUM-159_NLS_4N_C_A12_seed	SUM-159_NLS_4N_C_A12	20.5	57	148	6.40954773869347	9.99883123807203e-13	-27.6311379989519
4N	20.5_20.5_20.5_20.5_20.5_20.5_20.5_20.5_20.5_20.5_20.5_20.5_20.5_20.5	SUM-159_NLS_4N_C_A12_seed	SUM-159_NLS_4N_C_A12	20.5	57	149	6.44974874371859	9.99883123807203e-13	-27.6311379989519
4N	20.5_20.5_20.5_20.5_20.5_20.5_20.5_20.5_20.5_20.5_20.5_20.5_20.5_20.5	SUM-159_NLS_4N_C_A12_seed	SUM-159_NLS_4N_C_A12	20.5	57	150	6.48994974874372	9.99883123807203e-13	-27.6311379989519
4N	20.5_20.5_20.5_20.5_20.5_20.5_20.5_20.5_20.5_20.5_20.5_20.5_20.5_20.5	SUM-159_NLS_4N_C_A12_seed	SUM-159_NLS_4N_C_A12	20.5	57	151	6.53015075376884	9.99883123807203e-13	-27.6311379989519
4N	20.5_20.5_20.5_20.5_20.5_20.5_20.5_20.5_20.5_20.5_20.5_20.5_20.5_20.5	SUM-159_NLS_4N_C_A12_seed	SUM-159_NLS_4N_C_A12	20.5	57	152	6.57035175879397	9.99883123807203e-13	-27.6311379989519
4N	20.5_20.5_20.5_20.5_20.5_20.5_20.5_20.5_20.5_20.5_20.5_20.5_20.5_20.5	SUM-159_NLS_4N_C_A12_seed	SUM-159_NLS_4N_C_A12	20.5	57	153	6.6105527638191	9.99883123807203e-13	-27.6311379989519
4N	20.5_20.5_20.5_20.5_20.5_20.5_20.5_20.5_20.5_20.5_20.5_20.5_20.5_20.5	SUM-159_NLS_4N_C_A12_seed	SUM-159_NLS_4N_C_A12	20.5	57	154	6.65075376884422	9.99883123807203e-13	-27.6311379989519
4N	20.5_20.5_20.5_20.5_20.5_20.5_20.5_20.5_20.5_20.5_20.5_20.5_20.5_20.5	SUM-159_NLS_4N_C_A12_seed	SUM-159_NLS_4N_C_A12	20.5	57	155	6.69095477386935	9.99883123807203e-13	-27.6311379989519
4N	20.5_20.5_20.5_20.5_20.5_20.5_20.5_20.5_20.5_20.5_20.5_20.5_20.5_20.5	SUM-159_NLS_4N_C_A12_seed	SUM-159_NLS_4N_C_A12	20.5	57	156	6.73115577889447	9.99883123807203e-13	-27.6311379989519
4N	20.5_20.5_20.5_20.5_20.5_20.5_20.5_20.5_20.5_20.5_20.5_20.5_20.5_20.5	SUM-159_NLS_4N_C_A12_seed	SUM-159_NLS_4N_C_A12	20.5	57	157	6.7713567839196	9.99883123807203e-13	-27.6311379989519
4N	20.5_20.5_20.5_20.5_20.5_20.5_20.5_20.5_20.5_20.5_20.5_20.5_20.5_20.5	SUM-159_NLS_4N_C_A12_seed	SUM-159_NLS_4N_C_A12	20.5	57	158	6.81155778894472	9.99883123807203e-13	-27.6311379989519
4N	20.5_20.5_20.5_20.5_20.5_20.5_20.5_20.5_20.5_20.5_20.5_20.5_20.5_20.5	SUM-159_NLS_4N_C_A12_seed	SUM-159_NLS_4N_C_A12	20.5	57	159	6.85175879396985	9.99883123807203e-13	-27.6311379989519
4N	20.5_20.5_20.5_20.5_20.5_20.5_20.5_20.5_20.5_20.5_20.5_20.5_20.5_20.5	SUM-159_NLS_4N_C_A12_seed	SUM-159_NLS_4N_C_A12	20.5	57	160	6.89195979899498	9.99883123807203e-13	-27.6311379989519
4N	20.5_20.5_20.5_20.5_20.5_20.5_20.5_20.5_20.5_20.5_20.5_20.5_20.5_20.5	SUM-159_NLS_4N_C_A12_seed	SUM-159_NLS_4N_C_A12	20.5	57	161	6.9321608040201	9.99883123807203e-13	-27.6311379989519
4N	20.5_20.5_20.5_20.5_20.5_20.5_20.5_20.5_20.5_20.5_20.5_20.5_20.5_20.5	SUM-159_NLS_4N_C_A12_seed	SUM-159_NLS_4N_C_A12	20.5	57	162	6.97236180904523	9.99883123807203e-13	-27.6311379989519
4N	20.5_20.5_20.5_20.5_20.5_20.5_20.5_20.5_20.5_20.5_20.5_20.5_20.5_20.5	SUM-159_NLS_4N_C_A12_seed	SUM-159_NLS_4N_C_A12	20.5	57	163	7.01256281407035	9.99883123807203e-13	-27.6311379989519
4N	20.5_20.5_20.5_20.5_20.5_20.5_20.5_20.5_20.5_20.5_20.5_20.5_20.5_20.5	SUM-159_NLS_4N_C_A12_seed	SUM-159_NLS_4N_C_A12	20.5	57	164	7.05276381909548	9.99883123807203e-13	-27.6311379989519
4N	20.5_20.5_20.5_20.5_20.5_20.5_20.5_20.5_20.5_20.5_20.5_20.5_20.5_20.5	SUM-159_NLS_4N_C_A12_seed	SUM-159_NLS_4N_C_A12	20.5	57	165	7.0929648241206	9.99883123807203e-13	-27.6311379989519
4N	20.5_20.5_20.5_20.5_20.5_20.5_20.5_20.5_20.5_20.5_20.5_20.5_20.5_20.5	SUM-159_NLS_4N_C_A12_seed	SUM-159_NLS_4N_C_A12	20.5	57	166	7.13316582914573	9.99883123807203e-13	-27.6311379989519
4N	20.5_20.5_20.5_20.5_20.5_20.5_20.5_20.5_20.5_20.5_20.5_20.5_20.5_20.5	SUM-159_NLS_4N_C_A12_seed	SUM-159_NLS_4N_C_A12	20.5	57	167	7.17336683417085	9.99883123807203e-13	-27.6311379989519
4N	20.5_20.5_20.5_20.5_20.5_20.5_20.5_20.5_20.5_20.5_20.5_20.5_20.5_20.5	SUM-159_NLS_4N_C_A12_seed	SUM-159_NLS_4N_C_A12	20.5	57	168	7.21356783919598	9.99883123807203e-13	-27.6311379989519
4N	20.5_20.5_20.5_20.5_20.5_20.5_20.5_20.5_20.5_20.5_20.5_20.5_20.5_20.5	SUM-159_NLS_4N_C_A12_seed	SUM-159_NLS_4N_C_A12	20.5	57	169	7.25376884422111	9.99883123807203e-13	-27.6311379989519
4N	20.5_20.5_20.5_20.5_20.5_20.5_20.5_20.5_20.5_20.5_20.5_20.5_20.5_20.5	SUM-159_NLS_4N_C_A12_seed	SUM-159_NLS_4N_C_A12	20.5	57	170	7.29396984924623	9.99883123807203e-13	-27.6311379989519
4N	20.5_20.5_20.5_20.5_20.5_20.5_20.5_20.5_20.5_20.5_20.5_20.5_20.5_20.5	SUM-159_NLS_4N_C_A12_seed	SUM-159_NLS_4N_C_A12	20.5	57	171	7.33417085427136	9.99883123807203e-13	-27.6311379989519
4N	20.5_20.5_20.5_20.5_20.5_20.5_20.5_20.5_20.5_20.5_20.5_20.5_20.5_20.5	SUM-159_NLS_4N_C_A12_seed	SUM-159_NLS_4N_C_A12	20.5	57	172	7.37437185929648	9.99883123807203e-13	-27.6311379989519
4N	20.5_20.5_20.5_20.5_20.5_20.5_20.5_20.5_20.5_20.5_20.5_20.5_20.5_20.5	SUM-159_NLS_4N_C_A12_seed	SUM-159_NLS_4N_C_A12	20.5	57	173	7.41457286432161	9.99883123807203e-13	-27.6311379989519
4N	20.5_20.5_20.5_20.5_20.5_20.5_20.5_20.5_20.5_20.5_20.5_20.5_20.5_20.5	SUM-159_NLS_4N_C_A12_seed	SUM-159_NLS_4N_C_A12	20.5	57	174	7.45477386934673	9.99883123807203e-13	-27.6311379989519
4N	20.5_20.5_20.5_20.5_20.5_20.5_20.5_20.5_20.5_20.5_20.5_20.5_20.5_20.5	SUM-159_NLS_4N_C_A12_seed	SUM-159_NLS_4N_C_A12	20.5	57	175	7.49497487437186	9.99883123807203e-13	-27.6311379989519
4N	20.5_20.5_20.5_20.5_20.5_20.5_20.5_20.5_20.5_20.5_20.5_20.5_20.5_20.5	SUM-159_NLS_4N_C_A12_seed	SUM-159_NLS_4N_C_A12	20.5	57	176	7.53517587939699	9.99883123807203e-13	-27.6311379989519
4N	20.5_20.5_20.5_20.5_20.5_20.5_20.5_20.5_20.5_20.5_20.5_20.5_20.5_20.5	SUM-159_NLS_4N_C_A12_seed	SUM-159_NLS_4N_C_A12	20.5	57	177	7.57537688442211	9.99883123807203e-13	-27.6311379989519
4N	20.5_20.5_20.5_20.5_20.5_20.5_20.5_20.5_20.5_20.5_20.5_20.5_20.5_20.5	SUM-159_NLS_4N_C_A12_seed	SUM-159_NLS_4N_C_A12	20.5	57	178	7.61557788944724	9.99883123807203e-13	-27.6311379989519
4N	20.5_20.5_20.5_20.5_20.5_20.5_20.5_20.5_20.5_20.5_20.5_20.5_20.5_20.5	SUM-159_NLS_4N_C_A12_seed	SUM-159_NLS_4N_C_A12	20.5	57	179	7.65577889447236	9.99883123807203e-13	-27.6311379989519
4N	20.5_20.5_20.5_20.5_20.5_20.5_20.5_20.5_20.5_20.5_20.5_20.5_20.5_20.5	SUM-159_NLS_4N_C_A12_seed	SUM-159_NLS_4N_C_A12	20.5	57	180	7.69597989949749	9.99883123807203e-13	-27.6311379989519
4N	20.5_20.5_20.5_20.5_20.5_20.5_20.5_20.5_20.5_20.5_20.5_20.5_20.5_20.5	SUM-159_NLS_4N_C_A12_seed	SUM-159_NLS_4N_C_A12	20.5	57	181	7.73618090452261	9.99883123807203e-13	-27.6311379989519
4N	20.5_20.5_20.5_20.5_20.5_20.5_20.5_20.5_20.5_20.5_20.5_20.5_20.5_20.5	SUM-159_NLS_4N_C_A12_seed	SUM-159_NLS_4N_C_A12	20.5	57	182	7.77638190954774	9.99883123807203e-13	-27.6311379989519
4N	20.5_20.5_20.5_20.5_20.5_20.5_20.5_20.5_20.5_20.5_20.5_20.5_20.5_20.5	SUM-159_NLS_4N_C_A12_seed	SUM-159_NLS_4N_C_A12	20.5	57	183	7.81658291457286	9.99883123807203e-13	-27.6311379989519
4N	20.5_20.5_20.5_20.5_20.5_20.5_20.5_20.5_20.5_20.5_20.5_20.5_20.5_20.5	SUM-159_NLS_4N_C_A12_seed	SUM-159_NLS_4N_C_A12	20.5	57	184	7.85678391959799	9.99883123807203e-13	-27.6311379989519
4N	20.5_20.5_20.5_20.5_20.5_20.5_20.5_20.5_20.5_20.5_20.5_20.5_20.5_20.5	SUM-159_NLS_4N_C_A12_seed	SUM-159_NLS_4N_C_A12	20.5	57	185	7.89698492462312	9.99883123807203e-13	-27.6311379989519
4N	20.5_20.5_20.5_20.5_20.5_20.5_20.5_20.5_20.5_20.5_20.5_20.5_20.5_20.5	SUM-159_NLS_4N_C_A12_seed	SUM-159_NLS_4N_C_A12	20.5	57	186	7.93718592964824	9.99883123807203e-13	-27.6311379989519
4N	20.5_20.5_20.5_20.5_20.5_20.5_20.5_20.5_20.5_20.5_20.5_20.5_20.5_20.5	SUM-159_NLS_4N_C_A12_seed	SUM-159_NLS_4N_C_A12	20.5	57	187	7.97738693467337	9.99883123807203e-13	-27.6311379989519
4N	20.5_20.5_20.5_20.5_20.5_20.5_20.5_20.5_20.5_20.5_20.5_20.5_20.5_20.5	SUM-159_NLS_4N_C_A12_seed	SUM-159_NLS_4N_C_A12	20.5	57	188	8.01758793969849	9.99883123807203e-13	-27.6311379989519
4N	20.5_20.5_20.5_20.5_20.5_20.5_20.5_20.5_20.5_20.5_20.5_20.5_20.5_20.5	SUM-159_NLS_4N_C_A12_seed	SUM-159_NLS_4N_C_A12	20.5	57	189	8.05778894472362	9.99883123807203e-13	-27.6311379989519
4N	20.5_20.5_20.5_20.5_20.5_20.5_20.5_20.5_20.5_20.5_20.5_20.5_20.5_20.5	SUM-159_NLS_4N_C_A12_seed	SUM-159_NLS_4N_C_A12	20.5	57	190	8.09798994974874	9.99883123807203e-13	-27.6311379989519
4N	20.5_20.5_20.5_20.5_20.5_20.5_20.5_20.5_20.5_20.5_20.5_20.5_20.5_20.5	SUM-159_NLS_4N_C_A12_seed	SUM-159_NLS_4N_C_A12	20.5	57	191	8.13819095477387	9.99883123807203e-13	-27.6311379989519
4N	20.5_20.5_20.5_20.5_20.5_20.5_20.5_20.5_20.5_20.5_20.5_20.5_20.5_20.5	SUM-159_NLS_4N_C_A12_seed	SUM-159_NLS_4N_C_A12	20.5	57	192	8.178391959799	9.99883123807203e-13	-27.6311379989519
4N	20.5_20.5_20.5_20.5_20.5_20.5_20.5_20.5_20.5_20.5_20.5_20.5_20.5_20.5	SUM-159_NLS_4N_C_A12_seed	SUM-159_NLS_4N_C_A12	20.5	57	193	8.21859296482412	9.99883123807203e-13	-27.6311379989519
4N	20.5_20.5_20.5_20.5_20.5_20.5_20.5_20.5_20.5_20.5_20.5_20.5_20.5_20.5	SUM-159_NLS_4N_C_A12_seed	SUM-159_NLS_4N_C_A12	20.5	57	194	8.25879396984925	9.99883123807203e-13	-27.6311379989519
4N	20.5_20.5_20.5_20.5_20.5_20.5_20.5_20.5_20.5_20.5_20.5_20.5_20.5_20.5	SUM-159_NLS_4N_C_A12_seed	SUM-159_NLS_4N_C_A12	20.5	57	195	8.29899497487437	9.99883123807203e-13	-27.6311379989519
4N	20.5_20.5_20.5_20.5_20.5_20.5_20.5_20.5_20.5_20.5_20.5_20.5_20.5_20.5	SUM-159_NLS_4N_C_A12_seed	SUM-159_NLS_4N_C_A12	20.5	57	196	8.3391959798995	9.99883123807203e-13	-27.6311379989519
4N	20.5_20.5_20.5_20.5_20.5_20.5_20.5_20.5_20.5_20.5_20.5_20.5_20.5_20.5	SUM-159_NLS_4N_C_A12_seed	SUM-159_NLS_4N_C_A12	20.5	57	197	8.37939698492462	9.99883123807203e-13	-27.6311379989519
4N	20.5_20.5_20.5_20.5_20.5_20.5_20.5_20.5_20.5_20.5_20.5_20.5_20.5_20.5	SUM-159_NLS_4N_C_A12_seed	SUM-159_NLS_4N_C_A12	20.5	57	198	8.41959798994975	9.99883123807203e-13	-27.6311379989519
4N	20.5_20.5_20.5_20.5_20.5_20.5_20.5_20.5_20.5_20.5_20.5_20.5_20.5_20.5	SUM-159_NLS_4N_C_A12_seed	SUM-159_NLS_4N_C_A12	20.5	57	199	8.45979899497488	9.99883123807203e-13	-27.6311379989519
4N	20.5_20.5_20.5_20.5_20.5_20.5_20.5_20.5_20.5_20.5_20.5_20.5_20.5_20.5	SUM-159_NLS_4N_C_A12_seed	SUM-159_NLS_4N_C_A12	20.5	57	200	8.5	9.99883123807203e-13	-27.6311379989519
4N	20.5_20.5_2_1_0.5_0.3_0.2_0.1_0_0_0_0_0_0	SUM-159_NLS_4N_O1_A12_seed	SUM-159_NLS_4N_O1_A12	0	85	1	0.5	9.99994315189708e-13	-27.631026800755
4N	20.5_20.5_2_1_0.5_0.3_0.2_0.1_0_0_0_0_0_0	SUM-159_NLS_4N_O1_A12_seed	SUM-159_NLS_4N_O1_A12	0	85	2	0.540201005025126	9.99994315189708e-13	-27.631026800755
4N	20.5_20.5_2_1_0.5_0.3_0.2_0.1_0_0_0_0_0_0	SUM-159_NLS_4N_O1_A12_seed	SUM-159_NLS_4N_O1_A12	0	85	3	0.580402010050251	9.99994315189708e-13	-27.631026800755
4N	20.5_20.5_2_1_0.5_0.3_0.2_0.1_0_0_0_0_0_0	SUM-159_NLS_4N_O1_A12_seed	SUM-159_NLS_4N_O1_A12	0	85	4	0.620603015075377	9.99994315189708e-13	-27.631026800755
4N	20.5_20.5_2_1_0.5_0.3_0.2_0.1_0_0_0_0_0_0	SUM-159_NLS_4N_O1_A12_seed	SUM-159_NLS_4N_O1_A12	0	85	5	0.660804020100503	9.99994315189708e-13	-27.631026800755
4N	20.5_20.5_2_1_0.5_0.3_0.2_0.1_0_0_0_0_0_0	SUM-159_NLS_4N_O1_A12_seed	SUM-159_NLS_4N_O1_A12	0	85	6	0.701005025125628	9.99994315189708e-13	-27.631026800755
4N	20.5_20.5_2_1_0.5_0.3_0.2_0.1_0_0_0_0_0_0	SUM-159_NLS_4N_O1_A12_seed	SUM-159_NLS_4N_O1_A12	0	85	7	0.741206030150754	9.99994315189708e-13	-27.631026800755
4N	20.5_20.5_2_1_0.5_0.3_0.2_0.1_0_0_0_0_0_0	SUM-159_NLS_4N_O1_A12_seed	SUM-159_NLS_4N_O1_A12	0	85	8	0.781407035175879	9.99994315189708e-13	-27.631026800755
4N	20.5_20.5_2_1_0.5_0.3_0.2_0.1_0_0_0_0_0_0	SUM-159_NLS_4N_O1_A12_seed	SUM-159_NLS_4N_O1_A12	0	85	9	0.821608040201005	9.99994315189708e-13	-27.631026800755
4N	20.5_20.5_2_1_0.5_0.3_0.2_0.1_0_0_0_0_0_0	SUM-159_NLS_4N_O1_A12_seed	SUM-159_NLS_4N_O1_A12	0	85	10	0.861809045226131	9.99994315189708e-13	-27.631026800755
4N	20.5_20.5_2_1_0.5_0.3_0.2_0.1_0_0_0_0_0_0	SUM-159_NLS_4N_O1_A12_seed	SUM-159_NLS_4N_O1_A12	0	85	11	0.902010050251256	9.99994315189708e-13	-27.631026800755
4N	20.5_20.5_2_1_0.5_0.3_0.2_0.1_0_0_0_0_0_0	SUM-159_NLS_4N_O1_A12_seed	SUM-159_NLS_4N_O1_A12	0	85	12	0.942211055276382	9.99994315189708e-13	-27.631026800755
4N	20.5_20.5_2_1_0.5_0.3_0.2_0.1_0_0_0_0_0_0	SUM-159_NLS_4N_O1_A12_seed	SUM-159_NLS_4N_O1_A12	0	85	13	0.982412060301508	9.99994315189708e-13	-27.631026800755
4N	20.5_20.5_2_1_0.5_0.3_0.2_0.1_0_0_0_0_0_0	SUM-159_NLS_4N_O1_A12_seed	SUM-159_NLS_4N_O1_A12	0	85	14	1.02261306532663	9.99994315189708e-13	-27.631026800755
4N	20.5_20.5_2_1_0.5_0.3_0.2_0.1_0_0_0_0_0_0	SUM-159_NLS_4N_O1_A12_seed	SUM-159_NLS_4N_O1_A12	0	85	15	1.06281407035176	9.99994315189708e-13	-27.631026800755
4N	20.5_20.5_2_1_0.5_0.3_0.2_0.1_0_0_0_0_0_0	SUM-159_NLS_4N_O1_A12_seed	SUM-159_NLS_4N_O1_A12	0	85	16	1.10301507537688	9.99994315189708e-13	-27.631026800755
4N	20.5_20.5_2_1_0.5_0.3_0.2_0.1_0_0_0_0_0_0	SUM-159_NLS_4N_O1_A12_seed	SUM-159_NLS_4N_O1_A12	0	85	17	1.14321608040201	9.99994315189708e-13	-27.631026800755
4N	20.5_20.5_2_1_0.5_0.3_0.2_0.1_0_0_0_0_0_0	SUM-159_NLS_4N_O1_A12_seed	SUM-159_NLS_4N_O1_A12	0	85	18	1.18341708542714	9.99994315189708e-13	-27.631026800755
4N	20.5_20.5_2_1_0.5_0.3_0.2_0.1_0_0_0_0_0_0	SUM-159_NLS_4N_O1_A12_seed	SUM-159_NLS_4N_O1_A12	0	85	19	1.22361809045226	9.99994315189708e-13	-27.631026800755
4N	20.5_20.5_2_1_0.5_0.3_0.2_0.1_0_0_0_0_0_0	SUM-159_NLS_4N_O1_A12_seed	SUM-159_NLS_4N_O1_A12	0	85	20	1.26381909547739	9.99994315189708e-13	-27.631026800755
4N	20.5_20.5_2_1_0.5_0.3_0.2_0.1_0_0_0_0_0_0	SUM-159_NLS_4N_O1_A12_seed	SUM-159_NLS_4N_O1_A12	0	85	21	1.30402010050251	9.99994315189708e-13	-27.631026800755
4N	20.5_20.5_2_1_0.5_0.3_0.2_0.1_0_0_0_0_0_0	SUM-159_NLS_4N_O1_A12_seed	SUM-159_NLS_4N_O1_A12	0	85	22	1.34422110552764	9.99994315189708e-13	-27.631026800755
4N	20.5_20.5_2_1_0.5_0.3_0.2_0.1_0_0_0_0_0_0	SUM-159_NLS_4N_O1_A12_seed	SUM-159_NLS_4N_O1_A12	0	85	23	1.38442211055276	9.99994315189708e-13	-27.631026800755
4N	20.5_20.5_2_1_0.5_0.3_0.2_0.1_0_0_0_0_0_0	SUM-159_NLS_4N_O1_A12_seed	SUM-159_NLS_4N_O1_A12	0	85	24	1.42462311557789	9.99994315189708e-13	-27.631026800755
4N	20.5_20.5_2_1_0.5_0.3_0.2_0.1_0_0_0_0_0_0	SUM-159_NLS_4N_O1_A12_seed	SUM-159_NLS_4N_O1_A12	0	85	25	1.46482412060302	9.99994315189708e-13	-27.631026800755
4N	20.5_20.5_2_1_0.5_0.3_0.2_0.1_0_0_0_0_0_0	SUM-159_NLS_4N_O1_A12_seed	SUM-159_NLS_4N_O1_A12	0	85	26	1.50502512562814	9.99994315189708e-13	-27.631026800755
4N	20.5_20.5_2_1_0.5_0.3_0.2_0.1_0_0_0_0_0_0	SUM-159_NLS_4N_O1_A12_seed	SUM-159_NLS_4N_O1_A12	0	85	27	1.54522613065327	9.99994315189708e-13	-27.631026800755
4N	20.5_20.5_2_1_0.5_0.3_0.2_0.1_0_0_0_0_0_0	SUM-159_NLS_4N_O1_A12_seed	SUM-159_NLS_4N_O1_A12	0	85	28	1.58542713567839	9.99994315189708e-13	-27.631026800755
4N	20.5_20.5_2_1_0.5_0.3_0.2_0.1_0_0_0_0_0_0	SUM-159_NLS_4N_O1_A12_seed	SUM-159_NLS_4N_O1_A12	0	85	29	1.62562814070352	9.99994315189708e-13	-27.631026800755
4N	20.5_20.5_2_1_0.5_0.3_0.2_0.1_0_0_0_0_0_0	SUM-159_NLS_4N_O1_A12_seed	SUM-159_NLS_4N_O1_A12	0	85	30	1.66582914572864	9.99994315189708e-13	-27.631026800755
4N	20.5_20.5_2_1_0.5_0.3_0.2_0.1_0_0_0_0_0_0	SUM-159_NLS_4N_O1_A12_seed	SUM-159_NLS_4N_O1_A12	0	85	31	1.70603015075377	9.99994315189708e-13	-27.631026800755
4N	20.5_20.5_2_1_0.5_0.3_0.2_0.1_0_0_0_0_0_0	SUM-159_NLS_4N_O1_A12_seed	SUM-159_NLS_4N_O1_A12	0	85	32	1.74623115577889	9.99994315189708e-13	-27.631026800755
4N	20.5_20.5_2_1_0.5_0.3_0.2_0.1_0_0_0_0_0_0	SUM-159_NLS_4N_O1_A12_seed	SUM-159_NLS_4N_O1_A12	0	85	33	1.78643216080402	9.99994315189708e-13	-27.631026800755
4N	20.5_20.5_2_1_0.5_0.3_0.2_0.1_0_0_0_0_0_0	SUM-159_NLS_4N_O1_A12_seed	SUM-159_NLS_4N_O1_A12	0	85	34	1.82663316582915	9.99994315189708e-13	-27.631026800755
4N	20.5_20.5_2_1_0.5_0.3_0.2_0.1_0_0_0_0_0_0	SUM-159_NLS_4N_O1_A12_seed	SUM-159_NLS_4N_O1_A12	0	85	35	1.86683417085427	9.99994315189708e-13	-27.631026800755
4N	20.5_20.5_2_1_0.5_0.3_0.2_0.1_0_0_0_0_0_0	SUM-159_NLS_4N_O1_A12_seed	SUM-159_NLS_4N_O1_A12	0	85	36	1.9070351758794	9.99994315189708e-13	-27.631026800755
4N	20.5_20.5_2_1_0.5_0.3_0.2_0.1_0_0_0_0_0_0	SUM-159_NLS_4N_O1_A12_seed	SUM-159_NLS_4N_O1_A12	0	85	37	1.94723618090452	9.99994315189708e-13	-27.631026800755
4N	20.5_20.5_2_1_0.5_0.3_0.2_0.1_0_0_0_0_0_0	SUM-159_NLS_4N_O1_A12_seed	SUM-159_NLS_4N_O1_A12	0	85	38	1.98743718592965	9.99994315189708e-13	-27.631026800755
4N	20.5_20.5_2_1_0.5_0.3_0.2_0.1_0_0_0_0_0_0	SUM-159_NLS_4N_O1_A12_seed	SUM-159_NLS_4N_O1_A12	0	85	39	2.02763819095477	9.99994315189708e-13	-27.631026800755
4N	20.5_20.5_2_1_0.5_0.3_0.2_0.1_0_0_0_0_0_0	SUM-159_NLS_4N_O1_A12_seed	SUM-159_NLS_4N_O1_A12	0	85	40	2.0678391959799	9.99994315189708e-13	-27.631026800755
4N	20.5_20.5_2_1_0.5_0.3_0.2_0.1_0_0_0_0_0_0	SUM-159_NLS_4N_O1_A12_seed	SUM-159_NLS_4N_O1_A12	0	85	41	2.10804020100502	9.99994315189708e-13	-27.631026800755
4N	20.5_20.5_2_1_0.5_0.3_0.2_0.1_0_0_0_0_0_0	SUM-159_NLS_4N_O1_A12_seed	SUM-159_NLS_4N_O1_A12	0	85	42	2.14824120603015	9.99994315189708e-13	-27.631026800755
4N	20.5_20.5_2_1_0.5_0.3_0.2_0.1_0_0_0_0_0_0	SUM-159_NLS_4N_O1_A12_seed	SUM-159_NLS_4N_O1_A12	0	85	43	2.18844221105528	9.99994315189708e-13	-27.631026800755
4N	20.5_20.5_2_1_0.5_0.3_0.2_0.1_0_0_0_0_0_0	SUM-159_NLS_4N_O1_A12_seed	SUM-159_NLS_4N_O1_A12	0	85	44	2.2286432160804	9.99994315189708e-13	-27.631026800755
4N	20.5_20.5_2_1_0.5_0.3_0.2_0.1_0_0_0_0_0_0	SUM-159_NLS_4N_O1_A12_seed	SUM-159_NLS_4N_O1_A12	0	85	45	2.26884422110553	9.99994315189708e-13	-27.631026800755
4N	20.5_20.5_2_1_0.5_0.3_0.2_0.1_0_0_0_0_0_0	SUM-159_NLS_4N_O1_A12_seed	SUM-159_NLS_4N_O1_A12	0	85	46	2.30904522613065	9.99994315189708e-13	-27.631026800755
4N	20.5_20.5_2_1_0.5_0.3_0.2_0.1_0_0_0_0_0_0	SUM-159_NLS_4N_O1_A12_seed	SUM-159_NLS_4N_O1_A12	0	85	47	2.34924623115578	9.99994315189708e-13	-27.631026800755
4N	20.5_20.5_2_1_0.5_0.3_0.2_0.1_0_0_0_0_0_0	SUM-159_NLS_4N_O1_A12_seed	SUM-159_NLS_4N_O1_A12	0	85	48	2.3894472361809	9.99994315189708e-13	-27.631026800755
4N	20.5_20.5_2_1_0.5_0.3_0.2_0.1_0_0_0_0_0_0	SUM-159_NLS_4N_O1_A12_seed	SUM-159_NLS_4N_O1_A12	0	85	49	2.42964824120603	5.7505981802152e-12	-25.8817172351884
4N	20.5_20.5_2_1_0.5_0.3_0.2_0.1_0_0_0_0_0_0	SUM-159_NLS_4N_O1_A12_seed	SUM-159_NLS_4N_O1_A12	0	85	50	2.46984924623116	8.02608662734435e-08	-16.3379836788262
4N	20.5_20.5_2_1_0.5_0.3_0.2_0.1_0_0_0_0_0_0	SUM-159_NLS_4N_O1_A12_seed	SUM-159_NLS_4N_O1_A12	0	85	51	2.51005025125628	1.30229758774466e-05	-11.2487953852843
4N	20.5_20.5_2_1_0.5_0.3_0.2_0.1_0_0_0_0_0_0	SUM-159_NLS_4N_O1_A12_seed	SUM-159_NLS_4N_O1_A12	0	85	52	2.55025125628141	2.80937791837993e-05	-10.4799623874925
4N	20.5_20.5_2_1_0.5_0.3_0.2_0.1_0_0_0_0_0_0	SUM-159_NLS_4N_O1_A12_seed	SUM-159_NLS_4N_O1_A12	0	85	53	2.59045226130653	2.94264683710523e-05	-10.4336160039032
4N	20.5_20.5_2_1_0.5_0.3_0.2_0.1_0_0_0_0_0_0	SUM-159_NLS_4N_O1_A12_seed	SUM-159_NLS_4N_O1_A12	0	85	54	2.63065326633166	6.82815082504687e-05	-9.59187157108357
4N	20.5_20.5_2_1_0.5_0.3_0.2_0.1_0_0_0_0_0_0	SUM-159_NLS_4N_O1_A12_seed	SUM-159_NLS_4N_O1_A12	0	85	55	2.67085427135678	0.000163044608607748	-8.72148672215881
4N	20.5_20.5_2_1_0.5_0.3_0.2_0.1_0_0_0_0_0_0	SUM-159_NLS_4N_O1_A12_seed	SUM-159_NLS_4N_O1_A12	0	85	56	2.71105527638191	0.000729357851105885	-7.22334606696557
4N	20.5_20.5_2_1_0.5_0.3_0.2_0.1_0_0_0_0_0_0	SUM-159_NLS_4N_O1_A12_seed	SUM-159_NLS_4N_O1_A12	0	85	57	2.75125628140704	0.00135116170692994	-6.6067905329182
4N	20.5_20.5_2_1_0.5_0.3_0.2_0.1_0_0_0_0_0_0	SUM-159_NLS_4N_O1_A12_seed	SUM-159_NLS_4N_O1_A12	0	85	58	2.79145728643216	0.0023883420605343	-6.03715585228008
4N	20.5_20.5_2_1_0.5_0.3_0.2_0.1_0_0_0_0_0_0	SUM-159_NLS_4N_O1_A12_seed	SUM-159_NLS_4N_O1_A12	0	85	59	2.83165829145729	0.00357399595789206	-5.63407099322146
4N	20.5_20.5_2_1_0.5_0.3_0.2_0.1_0_0_0_0_0_0	SUM-159_NLS_4N_O1_A12_seed	SUM-159_NLS_4N_O1_A12	0	85	60	2.87185929648241	0.00543948657182834	-5.21407060274699
4N	20.5_20.5_2_1_0.5_0.3_0.2_0.1_0_0_0_0_0_0	SUM-159_NLS_4N_O1_A12_seed	SUM-159_NLS_4N_O1_A12	0	85	61	2.91206030150754	0.00899575683637892	-4.71100227544393
4N	20.5_20.5_2_1_0.5_0.3_0.2_0.1_0_0_0_0_0_0	SUM-159_NLS_4N_O1_A12_seed	SUM-159_NLS_4N_O1_A12	0	85	62	2.95226130653266	0.0160373281979851	-4.13283626161623
4N	20.5_20.5_2_1_0.5_0.3_0.2_0.1_0_0_0_0_0_0	SUM-159_NLS_4N_O1_A12_seed	SUM-159_NLS_4N_O1_A12	0	85	63	2.99246231155779	0.0251068674443448	-3.68461386690662
4N	20.5_20.5_2_1_0.5_0.3_0.2_0.1_0_0_0_0_0_0	SUM-159_NLS_4N_O1_A12_seed	SUM-159_NLS_4N_O1_A12	0	85	64	3.03266331658291	0.0378154410666373	-3.2750377659411
4N	20.5_20.5_2_1_0.5_0.3_0.2_0.1_0_0_0_0_0_0	SUM-159_NLS_4N_O1_A12_seed	SUM-159_NLS_4N_O1_A12	0	85	65	3.07286432160804	0.0541530829495025	-2.91594037364697
4N	20.5_20.5_2_1_0.5_0.3_0.2_0.1_0_0_0_0_0_0	SUM-159_NLS_4N_O1_A12_seed	SUM-159_NLS_4N_O1_A12	0	85	66	3.11306532663317	0.0823916887254375	-2.49627071213648
4N	20.5_20.5_2_1_0.5_0.3_0.2_0.1_0_0_0_0_0_0	SUM-159_NLS_4N_O1_A12_seed	SUM-159_NLS_4N_O1_A12	0	85	67	3.15326633165829	0.118864411997916	-2.12977183045004
4N	20.5_20.5_2_1_0.5_0.3_0.2_0.1_0_0_0_0_0_0	SUM-159_NLS_4N_O1_A12_seed	SUM-159_NLS_4N_O1_A12	0	85	68	3.19346733668342	0.167630791709462	-1.78599138639203
4N	20.5_20.5_2_1_0.5_0.3_0.2_0.1_0_0_0_0_0_0	SUM-159_NLS_4N_O1_A12_seed	SUM-159_NLS_4N_O1_A12	0	85	69	3.23366834170854	0.231130401581182	-1.46477321872617
4N	20.5_20.5_2_1_0.5_0.3_0.2_0.1_0_0_0_0_0_0	SUM-159_NLS_4N_O1_A12_seed	SUM-159_NLS_4N_O1_A12	0	85	70	3.27386934673367	0.300936153586534	-1.20085715106314
4N	20.5_20.5_2_1_0.5_0.3_0.2_0.1_0_0_0_0_0_0	SUM-159_NLS_4N_O1_A12_seed	SUM-159_NLS_4N_O1_A12	0	85	71	3.31407035175879	0.389078277132988	-0.943974729044089
4N	20.5_20.5_2_1_0.5_0.3_0.2_0.1_0_0_0_0_0_0	SUM-159_NLS_4N_O1_A12_seed	SUM-159_NLS_4N_O1_A12	0	85	72	3.35427135678392	0.489283021890081	-0.714814180062669
4N	20.5_20.5_2_1_0.5_0.3_0.2_0.1_0_0_0_0_0_0	SUM-159_NLS_4N_O1_A12_seed	SUM-159_NLS_4N_O1_A12	0	85	73	3.39447236180905	0.607111148886112	-0.499043392846831
4N	20.5_20.5_2_1_0.5_0.3_0.2_0.1_0_0_0_0_0_0	SUM-159_NLS_4N_O1_A12_seed	SUM-159_NLS_4N_O1_A12	0	85	74	3.43467336683417	0.730832053537299	-0.313571594551669
4N	20.5_20.5_2_1_0.5_0.3_0.2_0.1_0_0_0_0_0_0	SUM-159_NLS_4N_O1_A12_seed	SUM-159_NLS_4N_O1_A12	0	85	75	3.4748743718593	0.85675492437966	-0.154603370499951
4N	20.5_20.5_2_1_0.5_0.3_0.2_0.1_0_0_0_0_0_0	SUM-159_NLS_4N_O1_A12_seed	SUM-159_NLS_4N_O1_A12	0	85	76	3.51507537688442	0.986989852305349	-0.0130955209537388
4N	20.5_20.5_2_1_0.5_0.3_0.2_0.1_0_0_0_0_0_0	SUM-159_NLS_4N_O1_A12_seed	SUM-159_NLS_4N_O1_A12	0	85	77	3.55527638190955	1.10866226418505	0.103154121125156
4N	20.5_20.5_2_1_0.5_0.3_0.2_0.1_0_0_0_0_0_0	SUM-159_NLS_4N_O1_A12_seed	SUM-159_NLS_4N_O1_A12	0	85	78	3.59547738693467	1.22591474949364	0.20368729960989
4N	20.5_20.5_2_1_0.5_0.3_0.2_0.1_0_0_0_0_0_0	SUM-159_NLS_4N_O1_A12_seed	SUM-159_NLS_4N_O1_A12	0	85	79	3.6356783919598	1.31442531540976	0.273399547605481
4N	20.5_20.5_2_1_0.5_0.3_0.2_0.1_0_0_0_0_0_0	SUM-159_NLS_4N_O1_A12_seed	SUM-159_NLS_4N_O1_A12	0	85	80	3.67587939698492	1.37811430731248	0.320716120756743
4N	20.5_20.5_2_1_0.5_0.3_0.2_0.1_0_0_0_0_0_0	SUM-159_NLS_4N_O1_A12_seed	SUM-159_NLS_4N_O1_A12	0	85	81	3.71608040201005	1.41956281837792	0.350348949828377
4N	20.5_20.5_2_1_0.5_0.3_0.2_0.1_0_0_0_0_0_0	SUM-159_NLS_4N_O1_A12_seed	SUM-159_NLS_4N_O1_A12	0	85	82	3.75628140703518	1.43438215497765	0.360734202474045
4N	20.5_20.5_2_1_0.5_0.3_0.2_0.1_0_0_0_0_0_0	SUM-159_NLS_4N_O1_A12_seed	SUM-159_NLS_4N_O1_A12	0	85	83	3.7964824120603	1.40946638067693	0.343211179337894
4N	20.5_20.5_2_1_0.5_0.3_0.2_0.1_0_0_0_0_0_0	SUM-159_NLS_4N_O1_A12_seed	SUM-159_NLS_4N_O1_A12	0	85	84	3.83668341708543	1.3497356372547	0.29990874901849
4N	20.5_20.5_2_1_0.5_0.3_0.2_0.1_0_0_0_0_0_0	SUM-159_NLS_4N_O1_A12_seed	SUM-159_NLS_4N_O1_A12	0	85	85	3.87688442211055	1.28645978207475	0.251894090746734
4N	20.5_20.5_2_1_0.5_0.3_0.2_0.1_0_0_0_0_0_0	SUM-159_NLS_4N_O1_A12_seed	SUM-159_NLS_4N_O1_A12	0	85	86	3.91708542713568	1.19667641619403	0.179548061036238
4N	20.5_20.5_2_1_0.5_0.3_0.2_0.1_0_0_0_0_0_0	SUM-159_NLS_4N_O1_A12_seed	SUM-159_NLS_4N_O1_A12	0	85	87	3.9572864321608	1.08310004678884	0.0798273430585587
4N	20.5_20.5_2_1_0.5_0.3_0.2_0.1_0_0_0_0_0_0	SUM-159_NLS_4N_O1_A12_seed	SUM-159_NLS_4N_O1_A12	0	85	88	3.99748743718593	0.905169072909517	-0.0996335318365669
4N	20.5_20.5_2_1_0.5_0.3_0.2_0.1_0_0_0_0_0_0	SUM-159_NLS_4N_O1_A12_seed	SUM-159_NLS_4N_O1_A12	0	85	89	4.03768844221106	0.737284321297853	-0.30478167923657
4N	20.5_20.5_2_1_0.5_0.3_0.2_0.1_0_0_0_0_0_0	SUM-159_NLS_4N_O1_A12_seed	SUM-159_NLS_4N_O1_A12	0	85	90	4.07788944723618	0.649094323673364	-0.43217723589951
4N	20.5_20.5_2_1_0.5_0.3_0.2_0.1_0_0_0_0_0_0	SUM-159_NLS_4N_O1_A12_seed	SUM-159_NLS_4N_O1_A12	0	85	91	4.11809045226131	0.569885971036168	-0.562318988980114
4N	20.5_20.5_2_1_0.5_0.3_0.2_0.1_0_0_0_0_0_0	SUM-159_NLS_4N_O1_A12_seed	SUM-159_NLS_4N_O1_A12	0	85	92	4.15829145728643	0.483636552380943	-0.726421579183545
4N	20.5_20.5_2_1_0.5_0.3_0.2_0.1_0_0_0_0_0_0	SUM-159_NLS_4N_O1_A12_seed	SUM-159_NLS_4N_O1_A12	0	85	93	4.19849246231156	0.411125733024293	-0.888856191502677
4N	20.5_20.5_2_1_0.5_0.3_0.2_0.1_0_0_0_0_0_0	SUM-159_NLS_4N_O1_A12_seed	SUM-159_NLS_4N_O1_A12	0	85	94	4.23869346733668	0.345626241053022	-1.06239731596183
4N	20.5_20.5_2_1_0.5_0.3_0.2_0.1_0_0_0_0_0_0	SUM-159_NLS_4N_O1_A12_seed	SUM-159_NLS_4N_O1_A12	0	85	95	4.27889447236181	0.290894570491259	-1.23479437817473
4N	20.5_20.5_2_1_0.5_0.3_0.2_0.1_0_0_0_0_0_0	SUM-159_NLS_4N_O1_A12_seed	SUM-159_NLS_4N_O1_A12	0	85	96	4.31909547738693	0.237490222640503	-1.43762882418432
4N	20.5_20.5_2_1_0.5_0.3_0.2_0.1_0_0_0_0_0_0	SUM-159_NLS_4N_O1_A12_seed	SUM-159_NLS_4N_O1_A12	0	85	97	4.35929648241206	0.196391777163474	-1.62764375174134
4N	20.5_20.5_2_1_0.5_0.3_0.2_0.1_0_0_0_0_0_0	SUM-159_NLS_4N_O1_A12_seed	SUM-159_NLS_4N_O1_A12	0	85	98	4.39949748743719	0.157921174383347	-1.84565926675327
4N	20.5_20.5_2_1_0.5_0.3_0.2_0.1_0_0_0_0_0_0	SUM-159_NLS_4N_O1_A12_seed	SUM-159_NLS_4N_O1_A12	0	85	99	4.43969849246231	0.125748805376691	-2.07346897003397
4N	20.5_20.5_2_1_0.5_0.3_0.2_0.1_0_0_0_0_0_0	SUM-159_NLS_4N_O1_A12_seed	SUM-159_NLS_4N_O1_A12	0	85	100	4.47989949748744	0.101896053458845	-2.28380206905356
4N	20.5_20.5_2_1_0.5_0.3_0.2_0.1_0_0_0_0_0_0	SUM-159_NLS_4N_O1_A12_seed	SUM-159_NLS_4N_O1_A12	0	85	101	4.52010050251256	0.079035135144523	-2.53786277672164
4N	20.5_20.5_2_1_0.5_0.3_0.2_0.1_0_0_0_0_0_0	SUM-159_NLS_4N_O1_A12_seed	SUM-159_NLS_4N_O1_A12	0	85	102	4.56030150753769	0.0611938261059953	-2.79370897517364
4N	20.5_20.5_2_1_0.5_0.3_0.2_0.1_0_0_0_0_0_0	SUM-159_NLS_4N_O1_A12_seed	SUM-159_NLS_4N_O1_A12	0	85	103	4.60050251256281	0.0457062539183651	-3.08552014321571
4N	20.5_20.5_2_1_0.5_0.3_0.2_0.1_0_0_0_0_0_0	SUM-159_NLS_4N_O1_A12_seed	SUM-159_NLS_4N_O1_A12	0	85	104	4.64070351758794	0.0347740354426668	-3.35888427864813
4N	20.5_20.5_2_1_0.5_0.3_0.2_0.1_0_0_0_0_0_0	SUM-159_NLS_4N_O1_A12_seed	SUM-159_NLS_4N_O1_A12	0	85	105	4.68090452261307	0.0274263771804521	-3.59625005783908
4N	20.5_20.5_2_1_0.5_0.3_0.2_0.1_0_0_0_0_0_0	SUM-159_NLS_4N_O1_A12_seed	SUM-159_NLS_4N_O1_A12	0	85	106	4.72110552763819	0.0217937471703305	-3.8261321773789
4N	20.5_20.5_2_1_0.5_0.3_0.2_0.1_0_0_0_0_0_0	SUM-159_NLS_4N_O1_A12_seed	SUM-159_NLS_4N_O1_A12	0	85	107	4.76130653266332	0.0166360622369958	-4.09618251600509
4N	20.5_20.5_2_1_0.5_0.3_0.2_0.1_0_0_0_0_0_0	SUM-159_NLS_4N_O1_A12_seed	SUM-159_NLS_4N_O1_A12	0	85	108	4.80150753768844	0.0123739577992364	-4.39216119231746
4N	20.5_20.5_2_1_0.5_0.3_0.2_0.1_0_0_0_0_0_0	SUM-159_NLS_4N_O1_A12_seed	SUM-159_NLS_4N_O1_A12	0	85	109	4.84170854271357	0.00986675285772067	-4.61858447077859
4N	20.5_20.5_2_1_0.5_0.3_0.2_0.1_0_0_0_0_0_0	SUM-159_NLS_4N_O1_A12_seed	SUM-159_NLS_4N_O1_A12	0	85	110	4.88190954773869	0.0076878689342357	-4.86811165555576
4N	20.5_20.5_2_1_0.5_0.3_0.2_0.1_0_0_0_0_0_0	SUM-159_NLS_4N_O1_A12_seed	SUM-159_NLS_4N_O1_A12	0	85	111	4.92211055276382	0.00615167881526796	-5.0910302563231
4N	20.5_20.5_2_1_0.5_0.3_0.2_0.1_0_0_0_0_0_0	SUM-159_NLS_4N_O1_A12_seed	SUM-159_NLS_4N_O1_A12	0	85	112	4.96231155778894	0.00430170531017176	-5.4487437511403
4N	20.5_20.5_2_1_0.5_0.3_0.2_0.1_0_0_0_0_0_0	SUM-159_NLS_4N_O1_A12_seed	SUM-159_NLS_4N_O1_A12	0	85	113	5.00251256281407	0.00323957242096473	-5.7323139267246
4N	20.5_20.5_2_1_0.5_0.3_0.2_0.1_0_0_0_0_0_0	SUM-159_NLS_4N_O1_A12_seed	SUM-159_NLS_4N_O1_A12	0	85	114	5.0427135678392	0.00224540566552297	-6.09886907677409
4N	20.5_20.5_2_1_0.5_0.3_0.2_0.1_0_0_0_0_0_0	SUM-159_NLS_4N_O1_A12_seed	SUM-159_NLS_4N_O1_A12	0	85	115	5.08291457286432	0.00179271763677504	-6.32402257764453
4N	20.5_20.5_2_1_0.5_0.3_0.2_0.1_0_0_0_0_0_0	SUM-159_NLS_4N_O1_A12_seed	SUM-159_NLS_4N_O1_A12	0	85	116	5.12311557788945	0.00129389995721272	-6.65009439871083
4N	20.5_20.5_2_1_0.5_0.3_0.2_0.1_0_0_0_0_0_0	SUM-159_NLS_4N_O1_A12_seed	SUM-159_NLS_4N_O1_A12	0	85	117	5.16331658291457	0.000916989226068331	-6.99441483488443
4N	20.5_20.5_2_1_0.5_0.3_0.2_0.1_0_0_0_0_0_0	SUM-159_NLS_4N_O1_A12_seed	SUM-159_NLS_4N_O1_A12	0	85	118	5.2035175879397	0.000917030194351836	-6.99437015893056
4N	20.5_20.5_2_1_0.5_0.3_0.2_0.1_0_0_0_0_0_0	SUM-159_NLS_4N_O1_A12_seed	SUM-159_NLS_4N_O1_A12	0	85	119	5.24371859296482	0.00056077043710882	-7.48619893920256
4N	20.5_20.5_2_1_0.5_0.3_0.2_0.1_0_0_0_0_0_0	SUM-159_NLS_4N_O1_A12_seed	SUM-159_NLS_4N_O1_A12	0	85	120	5.28391959798995	0.000457651653976351	-7.6894022440761
4N	20.5_20.5_2_1_0.5_0.3_0.2_0.1_0_0_0_0_0_0	SUM-159_NLS_4N_O1_A12_seed	SUM-159_NLS_4N_O1_A12	0	85	121	5.32412060301508	0.000252856241371638	-8.28268944665498
4N	20.5_20.5_2_1_0.5_0.3_0.2_0.1_0_0_0_0_0_0	SUM-159_NLS_4N_O1_A12_seed	SUM-159_NLS_4N_O1_A12	0	85	122	5.3643216080402	0.000193772364931717	-8.54882646448693
4N	20.5_20.5_2_1_0.5_0.3_0.2_0.1_0_0_0_0_0_0	SUM-159_NLS_4N_O1_A12_seed	SUM-159_NLS_4N_O1_A12	0	85	123	5.40452261306533	0.000233472620570152	-8.3624457443893
4N	20.5_20.5_2_1_0.5_0.3_0.2_0.1_0_0_0_0_0_0	SUM-159_NLS_4N_O1_A12_seed	SUM-159_NLS_4N_O1_A12	0	85	124	5.44472361809045	0.000144351802328553	-8.84325716611026
4N	20.5_20.5_2_1_0.5_0.3_0.2_0.1_0_0_0_0_0_0	SUM-159_NLS_4N_O1_A12_seed	SUM-159_NLS_4N_O1_A12	0	85	125	5.48492462311558	0.000115359506679341	-9.06745716079478
4N	20.5_20.5_2_1_0.5_0.3_0.2_0.1_0_0_0_0_0_0	SUM-159_NLS_4N_O1_A12_seed	SUM-159_NLS_4N_O1_A12	0	85	126	5.5251256281407	4.58321968026638e-05	-9.990523726866
4N	20.5_20.5_2_1_0.5_0.3_0.2_0.1_0_0_0_0_0_0	SUM-159_NLS_4N_O1_A12_seed	SUM-159_NLS_4N_O1_A12	0	85	127	5.56532663316583	2.34510210645658e-06	-12.963181614815
4N	20.5_20.5_2_1_0.5_0.3_0.2_0.1_0_0_0_0_0_0	SUM-159_NLS_4N_O1_A12_seed	SUM-159_NLS_4N_O1_A12	0	85	128	5.60552763819095	1.83392594617356e-05	-10.9064664702644
4N	20.5_20.5_2_1_0.5_0.3_0.2_0.1_0_0_0_0_0_0	SUM-159_NLS_4N_O1_A12_seed	SUM-159_NLS_4N_O1_A12	0	85	129	5.64572864321608	2.20385971892267e-05	-10.7227152241069
4N	20.5_20.5_2_1_0.5_0.3_0.2_0.1_0_0_0_0_0_0	SUM-159_NLS_4N_O1_A12_seed	SUM-159_NLS_4N_O1_A12	0	85	130	5.68592964824121	1.93983993640783e-06	-13.1529050952992
4N	20.5_20.5_2_1_0.5_0.3_0.2_0.1_0_0_0_0_0_0	SUM-159_NLS_4N_O1_A12_seed	SUM-159_NLS_4N_O1_A12	0	85	131	5.72613065326633	3.09260014182149e-05	-10.3839132580527
4N	20.5_20.5_2_1_0.5_0.3_0.2_0.1_0_0_0_0_0_0	SUM-159_NLS_4N_O1_A12_seed	SUM-159_NLS_4N_O1_A12	0	85	132	5.76633165829146	7.11456027098013e-06	-11.8533671314272
4N	20.5_20.5_2_1_0.5_0.3_0.2_0.1_0_0_0_0_0_0	SUM-159_NLS_4N_O1_A12_seed	SUM-159_NLS_4N_O1_A12	0	85	133	5.80653266331658	2.60678866161688e-08	-17.4625616780266
4N	20.5_20.5_2_1_0.5_0.3_0.2_0.1_0_0_0_0_0_0	SUM-159_NLS_4N_O1_A12_seed	SUM-159_NLS_4N_O1_A12	0	85	134	5.84673366834171	9.99994315189708e-13	-27.631026800755
4N	20.5_20.5_2_1_0.5_0.3_0.2_0.1_0_0_0_0_0_0	SUM-159_NLS_4N_O1_A12_seed	SUM-159_NLS_4N_O1_A12	0	85	135	5.88693467336683	9.99994315189708e-13	-27.631026800755
4N	20.5_20.5_2_1_0.5_0.3_0.2_0.1_0_0_0_0_0_0	SUM-159_NLS_4N_O1_A12_seed	SUM-159_NLS_4N_O1_A12	0	85	136	5.92713567839196	9.99994315189708e-13	-27.631026800755
4N	20.5_20.5_2_1_0.5_0.3_0.2_0.1_0_0_0_0_0_0	SUM-159_NLS_4N_O1_A12_seed	SUM-159_NLS_4N_O1_A12	0	85	137	5.96733668341709	9.99994315189708e-13	-27.631026800755
4N	20.5_20.5_2_1_0.5_0.3_0.2_0.1_0_0_0_0_0_0	SUM-159_NLS_4N_O1_A12_seed	SUM-159_NLS_4N_O1_A12	0	85	138	6.00753768844221	9.99994315189708e-13	-27.631026800755
4N	20.5_20.5_2_1_0.5_0.3_0.2_0.1_0_0_0_0_0_0	SUM-159_NLS_4N_O1_A12_seed	SUM-159_NLS_4N_O1_A12	0	85	139	6.04773869346734	9.99994315189708e-13	-27.631026800755
4N	20.5_20.5_2_1_0.5_0.3_0.2_0.1_0_0_0_0_0_0	SUM-159_NLS_4N_O1_A12_seed	SUM-159_NLS_4N_O1_A12	0	85	140	6.08793969849246	9.99994315189708e-13	-27.631026800755
4N	20.5_20.5_2_1_0.5_0.3_0.2_0.1_0_0_0_0_0_0	SUM-159_NLS_4N_O1_A12_seed	SUM-159_NLS_4N_O1_A12	0	85	141	6.12814070351759	9.99994315189708e-13	-27.631026800755
4N	20.5_20.5_2_1_0.5_0.3_0.2_0.1_0_0_0_0_0_0	SUM-159_NLS_4N_O1_A12_seed	SUM-159_NLS_4N_O1_A12	0	85	142	6.16834170854271	9.99994315189708e-13	-27.631026800755
4N	20.5_20.5_2_1_0.5_0.3_0.2_0.1_0_0_0_0_0_0	SUM-159_NLS_4N_O1_A12_seed	SUM-159_NLS_4N_O1_A12	0	85	143	6.20854271356784	9.99994315189708e-13	-27.631026800755
4N	20.5_20.5_2_1_0.5_0.3_0.2_0.1_0_0_0_0_0_0	SUM-159_NLS_4N_O1_A12_seed	SUM-159_NLS_4N_O1_A12	0	85	144	6.24874371859296	9.99994315189708e-13	-27.631026800755
4N	20.5_20.5_2_1_0.5_0.3_0.2_0.1_0_0_0_0_0_0	SUM-159_NLS_4N_O1_A12_seed	SUM-159_NLS_4N_O1_A12	0	85	145	6.28894472361809	9.99994315189708e-13	-27.631026800755
4N	20.5_20.5_2_1_0.5_0.3_0.2_0.1_0_0_0_0_0_0	SUM-159_NLS_4N_O1_A12_seed	SUM-159_NLS_4N_O1_A12	0	85	146	6.32914572864322	9.99994315189708e-13	-27.631026800755
4N	20.5_20.5_2_1_0.5_0.3_0.2_0.1_0_0_0_0_0_0	SUM-159_NLS_4N_O1_A12_seed	SUM-159_NLS_4N_O1_A12	0	85	147	6.36934673366834	9.99994315189708e-13	-27.631026800755
4N	20.5_20.5_2_1_0.5_0.3_0.2_0.1_0_0_0_0_0_0	SUM-159_NLS_4N_O1_A12_seed	SUM-159_NLS_4N_O1_A12	0	85	148	6.40954773869347	9.99994315189708e-13	-27.631026800755
4N	20.5_20.5_2_1_0.5_0.3_0.2_0.1_0_0_0_0_0_0	SUM-159_NLS_4N_O1_A12_seed	SUM-159_NLS_4N_O1_A12	0	85	149	6.44974874371859	9.99994315189708e-13	-27.631026800755
4N	20.5_20.5_2_1_0.5_0.3_0.2_0.1_0_0_0_0_0_0	SUM-159_NLS_4N_O1_A12_seed	SUM-159_NLS_4N_O1_A12	0	85	150	6.48994974874372	9.99994315189708e-13	-27.631026800755
4N	20.5_20.5_2_1_0.5_0.3_0.2_0.1_0_0_0_0_0_0	SUM-159_NLS_4N_O1_A12_seed	SUM-159_NLS_4N_O1_A12	0	85	151	6.53015075376884	9.99994315189708e-13	-27.631026800755
4N	20.5_20.5_2_1_0.5_0.3_0.2_0.1_0_0_0_0_0_0	SUM-159_NLS_4N_O1_A12_seed	SUM-159_NLS_4N_O1_A12	0	85	152	6.57035175879397	9.99994315189708e-13	-27.631026800755
4N	20.5_20.5_2_1_0.5_0.3_0.2_0.1_0_0_0_0_0_0	SUM-159_NLS_4N_O1_A12_seed	SUM-159_NLS_4N_O1_A12	0	85	153	6.6105527638191	9.99994315189708e-13	-27.631026800755
4N	20.5_20.5_2_1_0.5_0.3_0.2_0.1_0_0_0_0_0_0	SUM-159_NLS_4N_O1_A12_seed	SUM-159_NLS_4N_O1_A12	0	85	154	6.65075376884422	9.99994315189708e-13	-27.631026800755
4N	20.5_20.5_2_1_0.5_0.3_0.2_0.1_0_0_0_0_0_0	SUM-159_NLS_4N_O1_A12_seed	SUM-159_NLS_4N_O1_A12	0	85	155	6.69095477386935	9.99994315189708e-13	-27.631026800755
4N	20.5_20.5_2_1_0.5_0.3_0.2_0.1_0_0_0_0_0_0	SUM-159_NLS_4N_O1_A12_seed	SUM-159_NLS_4N_O1_A12	0	85	156	6.73115577889447	9.99994315189708e-13	-27.631026800755
4N	20.5_20.5_2_1_0.5_0.3_0.2_0.1_0_0_0_0_0_0	SUM-159_NLS_4N_O1_A12_seed	SUM-159_NLS_4N_O1_A12	0	85	157	6.7713567839196	9.99994315189708e-13	-27.631026800755
4N	20.5_20.5_2_1_0.5_0.3_0.2_0.1_0_0_0_0_0_0	SUM-159_NLS_4N_O1_A12_seed	SUM-159_NLS_4N_O1_A12	0	85	158	6.81155778894472	9.99994315189708e-13	-27.631026800755
4N	20.5_20.5_2_1_0.5_0.3_0.2_0.1_0_0_0_0_0_0	SUM-159_NLS_4N_O1_A12_seed	SUM-159_NLS_4N_O1_A12	0	85	159	6.85175879396985	9.99994315189708e-13	-27.631026800755
4N	20.5_20.5_2_1_0.5_0.3_0.2_0.1_0_0_0_0_0_0	SUM-159_NLS_4N_O1_A12_seed	SUM-159_NLS_4N_O1_A12	0	85	160	6.89195979899498	9.99994315189708e-13	-27.631026800755
4N	20.5_20.5_2_1_0.5_0.3_0.2_0.1_0_0_0_0_0_0	SUM-159_NLS_4N_O1_A12_seed	SUM-159_NLS_4N_O1_A12	0	85	161	6.9321608040201	9.99994315189708e-13	-27.631026800755
4N	20.5_20.5_2_1_0.5_0.3_0.2_0.1_0_0_0_0_0_0	SUM-159_NLS_4N_O1_A12_seed	SUM-159_NLS_4N_O1_A12	0	85	162	6.97236180904523	9.99994315189708e-13	-27.631026800755
4N	20.5_20.5_2_1_0.5_0.3_0.2_0.1_0_0_0_0_0_0	SUM-159_NLS_4N_O1_A12_seed	SUM-159_NLS_4N_O1_A12	0	85	163	7.01256281407035	9.99994315189708e-13	-27.631026800755
4N	20.5_20.5_2_1_0.5_0.3_0.2_0.1_0_0_0_0_0_0	SUM-159_NLS_4N_O1_A12_seed	SUM-159_NLS_4N_O1_A12	0	85	164	7.05276381909548	9.99994315189708e-13	-27.631026800755
4N	20.5_20.5_2_1_0.5_0.3_0.2_0.1_0_0_0_0_0_0	SUM-159_NLS_4N_O1_A12_seed	SUM-159_NLS_4N_O1_A12	0	85	165	7.0929648241206	9.99994315189708e-13	-27.631026800755
4N	20.5_20.5_2_1_0.5_0.3_0.2_0.1_0_0_0_0_0_0	SUM-159_NLS_4N_O1_A12_seed	SUM-159_NLS_4N_O1_A12	0	85	166	7.13316582914573	9.99994315189708e-13	-27.631026800755
4N	20.5_20.5_2_1_0.5_0.3_0.2_0.1_0_0_0_0_0_0	SUM-159_NLS_4N_O1_A12_seed	SUM-159_NLS_4N_O1_A12	0	85	167	7.17336683417085	9.99994315189708e-13	-27.631026800755
4N	20.5_20.5_2_1_0.5_0.3_0.2_0.1_0_0_0_0_0_0	SUM-159_NLS_4N_O1_A12_seed	SUM-159_NLS_4N_O1_A12	0	85	168	7.21356783919598	9.99994315189708e-13	-27.631026800755
4N	20.5_20.5_2_1_0.5_0.3_0.2_0.1_0_0_0_0_0_0	SUM-159_NLS_4N_O1_A12_seed	SUM-159_NLS_4N_O1_A12	0	85	169	7.25376884422111	9.99994315189708e-13	-27.631026800755
4N	20.5_20.5_2_1_0.5_0.3_0.2_0.1_0_0_0_0_0_0	SUM-159_NLS_4N_O1_A12_seed	SUM-159_NLS_4N_O1_A12	0	85	170	7.29396984924623	9.99994315189708e-13	-27.631026800755
4N	20.5_20.5_2_1_0.5_0.3_0.2_0.1_0_0_0_0_0_0	SUM-159_NLS_4N_O1_A12_seed	SUM-159_NLS_4N_O1_A12	0	85	171	7.33417085427136	9.99994315189708e-13	-27.631026800755
4N	20.5_20.5_2_1_0.5_0.3_0.2_0.1_0_0_0_0_0_0	SUM-159_NLS_4N_O1_A12_seed	SUM-159_NLS_4N_O1_A12	0	85	172	7.37437185929648	9.99994315189708e-13	-27.631026800755
4N	20.5_20.5_2_1_0.5_0.3_0.2_0.1_0_0_0_0_0_0	SUM-159_NLS_4N_O1_A12_seed	SUM-159_NLS_4N_O1_A12	0	85	173	7.41457286432161	9.99994315189708e-13	-27.631026800755
4N	20.5_20.5_2_1_0.5_0.3_0.2_0.1_0_0_0_0_0_0	SUM-159_NLS_4N_O1_A12_seed	SUM-159_NLS_4N_O1_A12	0	85	174	7.45477386934673	9.99994315189708e-13	-27.631026800755
4N	20.5_20.5_2_1_0.5_0.3_0.2_0.1_0_0_0_0_0_0	SUM-159_NLS_4N_O1_A12_seed	SUM-159_NLS_4N_O1_A12	0	85	175	7.49497487437186	9.99994315189708e-13	-27.631026800755
4N	20.5_20.5_2_1_0.5_0.3_0.2_0.1_0_0_0_0_0_0	SUM-159_NLS_4N_O1_A12_seed	SUM-159_NLS_4N_O1_A12	0	85	176	7.53517587939699	9.99994315189708e-13	-27.631026800755
4N	20.5_20.5_2_1_0.5_0.3_0.2_0.1_0_0_0_0_0_0	SUM-159_NLS_4N_O1_A12_seed	SUM-159_NLS_4N_O1_A12	0	85	177	7.57537688442211	9.99994315189708e-13	-27.631026800755
4N	20.5_20.5_2_1_0.5_0.3_0.2_0.1_0_0_0_0_0_0	SUM-159_NLS_4N_O1_A12_seed	SUM-159_NLS_4N_O1_A12	0	85	178	7.61557788944724	9.99994315189708e-13	-27.631026800755
4N	20.5_20.5_2_1_0.5_0.3_0.2_0.1_0_0_0_0_0_0	SUM-159_NLS_4N_O1_A12_seed	SUM-159_NLS_4N_O1_A12	0	85	179	7.65577889447236	9.99994315189708e-13	-27.631026800755
4N	20.5_20.5_2_1_0.5_0.3_0.2_0.1_0_0_0_0_0_0	SUM-159_NLS_4N_O1_A12_seed	SUM-159_NLS_4N_O1_A12	0	85	180	7.69597989949749	9.99994315189708e-13	-27.631026800755
4N	20.5_20.5_2_1_0.5_0.3_0.2_0.1_0_0_0_0_0_0	SUM-159_NLS_4N_O1_A12_seed	SUM-159_NLS_4N_O1_A12	0	85	181	7.73618090452261	9.99994315189708e-13	-27.631026800755
4N	20.5_20.5_2_1_0.5_0.3_0.2_0.1_0_0_0_0_0_0	SUM-159_NLS_4N_O1_A12_seed	SUM-159_NLS_4N_O1_A12	0	85	182	7.77638190954774	9.99994315189708e-13	-27.631026800755
4N	20.5_20.5_2_1_0.5_0.3_0.2_0.1_0_0_0_0_0_0	SUM-159_NLS_4N_O1_A12_seed	SUM-159_NLS_4N_O1_A12	0	85	183	7.81658291457286	9.99994315189708e-13	-27.631026800755
4N	20.5_20.5_2_1_0.5_0.3_0.2_0.1_0_0_0_0_0_0	SUM-159_NLS_4N_O1_A12_seed	SUM-159_NLS_4N_O1_A12	0	85	184	7.85678391959799	9.99994315189708e-13	-27.631026800755
4N	20.5_20.5_2_1_0.5_0.3_0.2_0.1_0_0_0_0_0_0	SUM-159_NLS_4N_O1_A12_seed	SUM-159_NLS_4N_O1_A12	0	85	185	7.89698492462312	9.99994315189708e-13	-27.631026800755
4N	20.5_20.5_2_1_0.5_0.3_0.2_0.1_0_0_0_0_0_0	SUM-159_NLS_4N_O1_A12_seed	SUM-159_NLS_4N_O1_A12	0	85	186	7.93718592964824	9.99994315189708e-13	-27.631026800755
4N	20.5_20.5_2_1_0.5_0.3_0.2_0.1_0_0_0_0_0_0	SUM-159_NLS_4N_O1_A12_seed	SUM-159_NLS_4N_O1_A12	0	85	187	7.97738693467337	9.99994315189708e-13	-27.631026800755
4N	20.5_20.5_2_1_0.5_0.3_0.2_0.1_0_0_0_0_0_0	SUM-159_NLS_4N_O1_A12_seed	SUM-159_NLS_4N_O1_A12	0	85	188	8.01758793969849	9.99994315189708e-13	-27.631026800755
4N	20.5_20.5_2_1_0.5_0.3_0.2_0.1_0_0_0_0_0_0	SUM-159_NLS_4N_O1_A12_seed	SUM-159_NLS_4N_O1_A12	0	85	189	8.05778894472362	9.99994315189708e-13	-27.631026800755
4N	20.5_20.5_2_1_0.5_0.3_0.2_0.1_0_0_0_0_0_0	SUM-159_NLS_4N_O1_A12_seed	SUM-159_NLS_4N_O1_A12	0	85	190	8.09798994974874	9.99994315189708e-13	-27.631026800755
4N	20.5_20.5_2_1_0.5_0.3_0.2_0.1_0_0_0_0_0_0	SUM-159_NLS_4N_O1_A12_seed	SUM-159_NLS_4N_O1_A12	0	85	191	8.13819095477387	9.99994315189708e-13	-27.631026800755
4N	20.5_20.5_2_1_0.5_0.3_0.2_0.1_0_0_0_0_0_0	SUM-159_NLS_4N_O1_A12_seed	SUM-159_NLS_4N_O1_A12	0	85	192	8.178391959799	9.99994315189708e-13	-27.631026800755
4N	20.5_20.5_2_1_0.5_0.3_0.2_0.1_0_0_0_0_0_0	SUM-159_NLS_4N_O1_A12_seed	SUM-159_NLS_4N_O1_A12	0	85	193	8.21859296482412	9.99994315189708e-13	-27.631026800755
4N	20.5_20.5_2_1_0.5_0.3_0.2_0.1_0_0_0_0_0_0	SUM-159_NLS_4N_O1_A12_seed	SUM-159_NLS_4N_O1_A12	0	85	194	8.25879396984925	9.99994315189708e-13	-27.631026800755
4N	20.5_20.5_2_1_0.5_0.3_0.2_0.1_0_0_0_0_0_0	SUM-159_NLS_4N_O1_A12_seed	SUM-159_NLS_4N_O1_A12	0	85	195	8.29899497487437	9.99994315189708e-13	-27.631026800755
4N	20.5_20.5_2_1_0.5_0.3_0.2_0.1_0_0_0_0_0_0	SUM-159_NLS_4N_O1_A12_seed	SUM-159_NLS_4N_O1_A12	0	85	196	8.3391959798995	9.99994315189708e-13	-27.631026800755
4N	20.5_20.5_2_1_0.5_0.3_0.2_0.1_0_0_0_0_0_0	SUM-159_NLS_4N_O1_A12_seed	SUM-159_NLS_4N_O1_A12	0	85	197	8.37939698492462	9.99994315189708e-13	-27.631026800755
4N	20.5_20.5_2_1_0.5_0.3_0.2_0.1_0_0_0_0_0_0	SUM-159_NLS_4N_O1_A12_seed	SUM-159_NLS_4N_O1_A12	0	85	198	8.41959798994975	9.99994315189708e-13	-27.631026800755
4N	20.5_20.5_2_1_0.5_0.3_0.2_0.1_0_0_0_0_0_0	SUM-159_NLS_4N_O1_A12_seed	SUM-159_NLS_4N_O1_A12	0	85	199	8.45979899497488	9.99994315189708e-13	-27.631026800755
4N	20.5_20.5_2_1_0.5_0.3_0.2_0.1_0_0_0_0_0_0	SUM-159_NLS_4N_O1_A12_seed	SUM-159_NLS_4N_O1_A12	0	85	200	8.5	9.99994315189708e-13	-27.631026800755
4N	20.5_20.5_2_1_0.5_0.3_0.2_0.1_0_0_0_0_0_0	SUM-159_NLS_4N_O2_A12_seed	SUM-159_NLS_4N_O2_A12	0	85	1	0.5	9.99966350842595e-13	-27.6310547656521
4N	20.5_20.5_2_1_0.5_0.3_0.2_0.1_0_0_0_0_0_0	SUM-159_NLS_4N_O2_A12_seed	SUM-159_NLS_4N_O2_A12	0	85	2	0.540201005025126	9.99966350842595e-13	-27.6310547656521
4N	20.5_20.5_2_1_0.5_0.3_0.2_0.1_0_0_0_0_0_0	SUM-159_NLS_4N_O2_A12_seed	SUM-159_NLS_4N_O2_A12	0	85	3	0.580402010050251	9.99966350842595e-13	-27.6310547656521
4N	20.5_20.5_2_1_0.5_0.3_0.2_0.1_0_0_0_0_0_0	SUM-159_NLS_4N_O2_A12_seed	SUM-159_NLS_4N_O2_A12	0	85	4	0.620603015075377	9.99966350842595e-13	-27.6310547656521
4N	20.5_20.5_2_1_0.5_0.3_0.2_0.1_0_0_0_0_0_0	SUM-159_NLS_4N_O2_A12_seed	SUM-159_NLS_4N_O2_A12	0	85	5	0.660804020100503	9.99966350842595e-13	-27.6310547656521
4N	20.5_20.5_2_1_0.5_0.3_0.2_0.1_0_0_0_0_0_0	SUM-159_NLS_4N_O2_A12_seed	SUM-159_NLS_4N_O2_A12	0	85	6	0.701005025125628	9.99966350842595e-13	-27.6310547656521
4N	20.5_20.5_2_1_0.5_0.3_0.2_0.1_0_0_0_0_0_0	SUM-159_NLS_4N_O2_A12_seed	SUM-159_NLS_4N_O2_A12	0	85	7	0.741206030150754	9.99966350842595e-13	-27.6310547656521
4N	20.5_20.5_2_1_0.5_0.3_0.2_0.1_0_0_0_0_0_0	SUM-159_NLS_4N_O2_A12_seed	SUM-159_NLS_4N_O2_A12	0	85	8	0.781407035175879	9.99966350842595e-13	-27.6310547656521
4N	20.5_20.5_2_1_0.5_0.3_0.2_0.1_0_0_0_0_0_0	SUM-159_NLS_4N_O2_A12_seed	SUM-159_NLS_4N_O2_A12	0	85	9	0.821608040201005	9.99966350842595e-13	-27.6310547656521
4N	20.5_20.5_2_1_0.5_0.3_0.2_0.1_0_0_0_0_0_0	SUM-159_NLS_4N_O2_A12_seed	SUM-159_NLS_4N_O2_A12	0	85	10	0.861809045226131	9.99966350842595e-13	-27.6310547656521
4N	20.5_20.5_2_1_0.5_0.3_0.2_0.1_0_0_0_0_0_0	SUM-159_NLS_4N_O2_A12_seed	SUM-159_NLS_4N_O2_A12	0	85	11	0.902010050251256	9.99966350842595e-13	-27.6310547656521
4N	20.5_20.5_2_1_0.5_0.3_0.2_0.1_0_0_0_0_0_0	SUM-159_NLS_4N_O2_A12_seed	SUM-159_NLS_4N_O2_A12	0	85	12	0.942211055276382	9.99966350842595e-13	-27.6310547656521
4N	20.5_20.5_2_1_0.5_0.3_0.2_0.1_0_0_0_0_0_0	SUM-159_NLS_4N_O2_A12_seed	SUM-159_NLS_4N_O2_A12	0	85	13	0.982412060301508	9.99966350842595e-13	-27.6310547656521
4N	20.5_20.5_2_1_0.5_0.3_0.2_0.1_0_0_0_0_0_0	SUM-159_NLS_4N_O2_A12_seed	SUM-159_NLS_4N_O2_A12	0	85	14	1.02261306532663	9.99966350842595e-13	-27.6310547656521
4N	20.5_20.5_2_1_0.5_0.3_0.2_0.1_0_0_0_0_0_0	SUM-159_NLS_4N_O2_A12_seed	SUM-159_NLS_4N_O2_A12	0	85	15	1.06281407035176	9.99966350842595e-13	-27.6310547656521
4N	20.5_20.5_2_1_0.5_0.3_0.2_0.1_0_0_0_0_0_0	SUM-159_NLS_4N_O2_A12_seed	SUM-159_NLS_4N_O2_A12	0	85	16	1.10301507537688	9.99966350842595e-13	-27.6310547656521
4N	20.5_20.5_2_1_0.5_0.3_0.2_0.1_0_0_0_0_0_0	SUM-159_NLS_4N_O2_A12_seed	SUM-159_NLS_4N_O2_A12	0	85	17	1.14321608040201	9.99966350842595e-13	-27.6310547656521
4N	20.5_20.5_2_1_0.5_0.3_0.2_0.1_0_0_0_0_0_0	SUM-159_NLS_4N_O2_A12_seed	SUM-159_NLS_4N_O2_A12	0	85	18	1.18341708542714	9.99966350842595e-13	-27.6310547656521
4N	20.5_20.5_2_1_0.5_0.3_0.2_0.1_0_0_0_0_0_0	SUM-159_NLS_4N_O2_A12_seed	SUM-159_NLS_4N_O2_A12	0	85	19	1.22361809045226	9.99966350842595e-13	-27.6310547656521
4N	20.5_20.5_2_1_0.5_0.3_0.2_0.1_0_0_0_0_0_0	SUM-159_NLS_4N_O2_A12_seed	SUM-159_NLS_4N_O2_A12	0	85	20	1.26381909547739	9.99966350842595e-13	-27.6310547656521
4N	20.5_20.5_2_1_0.5_0.3_0.2_0.1_0_0_0_0_0_0	SUM-159_NLS_4N_O2_A12_seed	SUM-159_NLS_4N_O2_A12	0	85	21	1.30402010050251	9.99966350842595e-13	-27.6310547656521
4N	20.5_20.5_2_1_0.5_0.3_0.2_0.1_0_0_0_0_0_0	SUM-159_NLS_4N_O2_A12_seed	SUM-159_NLS_4N_O2_A12	0	85	22	1.34422110552764	9.99966350842595e-13	-27.6310547656521
4N	20.5_20.5_2_1_0.5_0.3_0.2_0.1_0_0_0_0_0_0	SUM-159_NLS_4N_O2_A12_seed	SUM-159_NLS_4N_O2_A12	0	85	23	1.38442211055276	9.99966350842595e-13	-27.6310547656521
4N	20.5_20.5_2_1_0.5_0.3_0.2_0.1_0_0_0_0_0_0	SUM-159_NLS_4N_O2_A12_seed	SUM-159_NLS_4N_O2_A12	0	85	24	1.42462311557789	9.99966350842595e-13	-27.6310547656521
4N	20.5_20.5_2_1_0.5_0.3_0.2_0.1_0_0_0_0_0_0	SUM-159_NLS_4N_O2_A12_seed	SUM-159_NLS_4N_O2_A12	0	85	25	1.46482412060302	9.99966350842595e-13	-27.6310547656521
4N	20.5_20.5_2_1_0.5_0.3_0.2_0.1_0_0_0_0_0_0	SUM-159_NLS_4N_O2_A12_seed	SUM-159_NLS_4N_O2_A12	0	85	26	1.50502512562814	9.99966350842595e-13	-27.6310547656521
4N	20.5_20.5_2_1_0.5_0.3_0.2_0.1_0_0_0_0_0_0	SUM-159_NLS_4N_O2_A12_seed	SUM-159_NLS_4N_O2_A12	0	85	27	1.54522613065327	9.99966350842595e-13	-27.6310547656521
4N	20.5_20.5_2_1_0.5_0.3_0.2_0.1_0_0_0_0_0_0	SUM-159_NLS_4N_O2_A12_seed	SUM-159_NLS_4N_O2_A12	0	85	28	1.58542713567839	9.99966350842595e-13	-27.6310547656521
4N	20.5_20.5_2_1_0.5_0.3_0.2_0.1_0_0_0_0_0_0	SUM-159_NLS_4N_O2_A12_seed	SUM-159_NLS_4N_O2_A12	0	85	29	1.62562814070352	9.99966350842595e-13	-27.6310547656521
4N	20.5_20.5_2_1_0.5_0.3_0.2_0.1_0_0_0_0_0_0	SUM-159_NLS_4N_O2_A12_seed	SUM-159_NLS_4N_O2_A12	0	85	30	1.66582914572864	9.99966350842595e-13	-27.6310547656521
4N	20.5_20.5_2_1_0.5_0.3_0.2_0.1_0_0_0_0_0_0	SUM-159_NLS_4N_O2_A12_seed	SUM-159_NLS_4N_O2_A12	0	85	31	1.70603015075377	9.99966350842595e-13	-27.6310547656521
4N	20.5_20.5_2_1_0.5_0.3_0.2_0.1_0_0_0_0_0_0	SUM-159_NLS_4N_O2_A12_seed	SUM-159_NLS_4N_O2_A12	0	85	32	1.74623115577889	9.99966350842595e-13	-27.6310547656521
4N	20.5_20.5_2_1_0.5_0.3_0.2_0.1_0_0_0_0_0_0	SUM-159_NLS_4N_O2_A12_seed	SUM-159_NLS_4N_O2_A12	0	85	33	1.78643216080402	9.99966350842595e-13	-27.6310547656521
4N	20.5_20.5_2_1_0.5_0.3_0.2_0.1_0_0_0_0_0_0	SUM-159_NLS_4N_O2_A12_seed	SUM-159_NLS_4N_O2_A12	0	85	34	1.82663316582915	9.99966350842595e-13	-27.6310547656521
4N	20.5_20.5_2_1_0.5_0.3_0.2_0.1_0_0_0_0_0_0	SUM-159_NLS_4N_O2_A12_seed	SUM-159_NLS_4N_O2_A12	0	85	35	1.86683417085427	9.99966350842595e-13	-27.6310547656521
4N	20.5_20.5_2_1_0.5_0.3_0.2_0.1_0_0_0_0_0_0	SUM-159_NLS_4N_O2_A12_seed	SUM-159_NLS_4N_O2_A12	0	85	36	1.9070351758794	2.96159845672251e-11	-24.2427068811934
4N	20.5_20.5_2_1_0.5_0.3_0.2_0.1_0_0_0_0_0_0	SUM-159_NLS_4N_O2_A12_seed	SUM-159_NLS_4N_O2_A12	0	85	37	1.94723618090452	3.59252152344177e-07	-14.8392413207897
4N	20.5_20.5_2_1_0.5_0.3_0.2_0.1_0_0_0_0_0_0	SUM-159_NLS_4N_O2_A12_seed	SUM-159_NLS_4N_O2_A12	0	85	38	1.98743718592965	1.95595772662022e-05	-10.8420455057485
4N	20.5_20.5_2_1_0.5_0.3_0.2_0.1_0_0_0_0_0_0	SUM-159_NLS_4N_O2_A12_seed	SUM-159_NLS_4N_O2_A12	0	85	39	2.02763819095477	6.46436955217629e-05	-9.64661997456627
4N	20.5_20.5_2_1_0.5_0.3_0.2_0.1_0_0_0_0_0_0	SUM-159_NLS_4N_O2_A12_seed	SUM-159_NLS_4N_O2_A12	0	85	40	2.0678391959799	0.000133907677642463	-8.91835996828165
4N	20.5_20.5_2_1_0.5_0.3_0.2_0.1_0_0_0_0_0_0	SUM-159_NLS_4N_O2_A12_seed	SUM-159_NLS_4N_O2_A12	0	85	41	2.10804020100502	0.000176734795820006	-8.64086027770793
4N	20.5_20.5_2_1_0.5_0.3_0.2_0.1_0_0_0_0_0_0	SUM-159_NLS_4N_O2_A12_seed	SUM-159_NLS_4N_O2_A12	0	85	42	2.14824120603015	0.000430768161026342	-7.74994052203736
4N	20.5_20.5_2_1_0.5_0.3_0.2_0.1_0_0_0_0_0_0	SUM-159_NLS_4N_O2_A12_seed	SUM-159_NLS_4N_O2_A12	0	85	43	2.18844221105528	0.000860866462961837	-7.05757116084748
4N	20.5_20.5_2_1_0.5_0.3_0.2_0.1_0_0_0_0_0_0	SUM-159_NLS_4N_O2_A12_seed	SUM-159_NLS_4N_O2_A12	0	85	44	2.2286432160804	0.000957148712110056	-6.95155178452933
4N	20.5_20.5_2_1_0.5_0.3_0.2_0.1_0_0_0_0_0_0	SUM-159_NLS_4N_O2_A12_seed	SUM-159_NLS_4N_O2_A12	0	85	45	2.26884422110553	0.00145642574215557	-6.53176996662312
4N	20.5_20.5_2_1_0.5_0.3_0.2_0.1_0_0_0_0_0_0	SUM-159_NLS_4N_O2_A12_seed	SUM-159_NLS_4N_O2_A12	0	85	46	2.30904522613065	0.00282931272466906	-5.8677214502945
4N	20.5_20.5_2_1_0.5_0.3_0.2_0.1_0_0_0_0_0_0	SUM-159_NLS_4N_O2_A12_seed	SUM-159_NLS_4N_O2_A12	0	85	47	2.34924623115578	0.00462948615698249	-5.37530939825615
4N	20.5_20.5_2_1_0.5_0.3_0.2_0.1_0_0_0_0_0_0	SUM-159_NLS_4N_O2_A12_seed	SUM-159_NLS_4N_O2_A12	0	85	48	2.3894472361809	0.00686242336339225	-4.98169463965624
4N	20.5_20.5_2_1_0.5_0.3_0.2_0.1_0_0_0_0_0_0	SUM-159_NLS_4N_O2_A12_seed	SUM-159_NLS_4N_O2_A12	0	85	49	2.42964824120603	0.0110263899772013	-4.50746379056642
4N	20.5_20.5_2_1_0.5_0.3_0.2_0.1_0_0_0_0_0_0	SUM-159_NLS_4N_O2_A12_seed	SUM-159_NLS_4N_O2_A12	0	85	50	2.46984924623116	0.0151844416298917	-4.18748395232338
4N	20.5_20.5_2_1_0.5_0.3_0.2_0.1_0_0_0_0_0_0	SUM-159_NLS_4N_O2_A12_seed	SUM-159_NLS_4N_O2_A12	0	85	51	2.51005025125628	0.0230067983241366	-3.77196552741766
4N	20.5_20.5_2_1_0.5_0.3_0.2_0.1_0_0_0_0_0_0	SUM-159_NLS_4N_O2_A12_seed	SUM-159_NLS_4N_O2_A12	0	85	52	2.55025125628141	0.0336448511484115	-3.3918952465332
4N	20.5_20.5_2_1_0.5_0.3_0.2_0.1_0_0_0_0_0_0	SUM-159_NLS_4N_O2_A12_seed	SUM-159_NLS_4N_O2_A12	0	85	53	2.59045226130653	0.0482445959774766	-3.03147145793647
4N	20.5_20.5_2_1_0.5_0.3_0.2_0.1_0_0_0_0_0_0	SUM-159_NLS_4N_O2_A12_seed	SUM-159_NLS_4N_O2_A12	0	85	54	2.63065326633166	0.0686850314602489	-2.6782239861684
4N	20.5_20.5_2_1_0.5_0.3_0.2_0.1_0_0_0_0_0_0	SUM-159_NLS_4N_O2_A12_seed	SUM-159_NLS_4N_O2_A12	0	85	55	2.67085427135678	0.0933214764907102	-2.37170501015049
4N	20.5_20.5_2_1_0.5_0.3_0.2_0.1_0_0_0_0_0_0	SUM-159_NLS_4N_O2_A12_seed	SUM-159_NLS_4N_O2_A12	0	85	56	2.71105527638191	0.128708544978431	-2.05020477203527
4N	20.5_20.5_2_1_0.5_0.3_0.2_0.1_0_0_0_0_0_0	SUM-159_NLS_4N_O2_A12_seed	SUM-159_NLS_4N_O2_A12	0	85	57	2.75125628140704	0.17376903316931	-1.75002825711619
4N	20.5_20.5_2_1_0.5_0.3_0.2_0.1_0_0_0_0_0_0	SUM-159_NLS_4N_O2_A12_seed	SUM-159_NLS_4N_O2_A12	0	85	58	2.79145728643216	0.223045309742024	-1.50038034546117
4N	20.5_20.5_2_1_0.5_0.3_0.2_0.1_0_0_0_0_0_0	SUM-159_NLS_4N_O2_A12_seed	SUM-159_NLS_4N_O2_A12	0	85	59	2.83165829145729	0.290151436950963	-1.23735229591607
4N	20.5_20.5_2_1_0.5_0.3_0.2_0.1_0_0_0_0_0_0	SUM-159_NLS_4N_O2_A12_seed	SUM-159_NLS_4N_O2_A12	0	85	60	2.87185929648241	0.371476176988601	-0.990270543425334
4N	20.5_20.5_2_1_0.5_0.3_0.2_0.1_0_0_0_0_0_0	SUM-159_NLS_4N_O2_A12_seed	SUM-159_NLS_4N_O2_A12	0	85	61	2.91206030150754	0.462377868434797	-0.771372825150904
4N	20.5_20.5_2_1_0.5_0.3_0.2_0.1_0_0_0_0_0_0	SUM-159_NLS_4N_O2_A12_seed	SUM-159_NLS_4N_O2_A12	0	85	62	2.95226130653266	0.555653433811996	-0.587610499558552
4N	20.5_20.5_2_1_0.5_0.3_0.2_0.1_0_0_0_0_0_0	SUM-159_NLS_4N_O2_A12_seed	SUM-159_NLS_4N_O2_A12	0	85	63	2.99246231155779	0.673058181985105	-0.395923501387506
4N	20.5_20.5_2_1_0.5_0.3_0.2_0.1_0_0_0_0_0_0	SUM-159_NLS_4N_O2_A12_seed	SUM-159_NLS_4N_O2_A12	0	85	64	3.03266331658291	0.78872001732333	-0.237343878751498
4N	20.5_20.5_2_1_0.5_0.3_0.2_0.1_0_0_0_0_0_0	SUM-159_NLS_4N_O2_A12_seed	SUM-159_NLS_4N_O2_A12	0	85	65	3.07286432160804	0.897378444804767	-0.10827760533563
4N	20.5_20.5_2_1_0.5_0.3_0.2_0.1_0_0_0_0_0_0	SUM-159_NLS_4N_O2_A12_seed	SUM-159_NLS_4N_O2_A12	0	85	66	3.11306532663317	1.00664833176773	0.00662632907703449
4N	20.5_20.5_2_1_0.5_0.3_0.2_0.1_0_0_0_0_0_0	SUM-159_NLS_4N_O2_A12_seed	SUM-159_NLS_4N_O2_A12	0	85	67	3.15326633165829	1.11984047774045	0.113186244573924
4N	20.5_20.5_2_1_0.5_0.3_0.2_0.1_0_0_0_0_0_0	SUM-159_NLS_4N_O2_A12_seed	SUM-159_NLS_4N_O2_A12	0	85	68	3.19346733668342	1.20619977393401	0.187474734614741
4N	20.5_20.5_2_1_0.5_0.3_0.2_0.1_0_0_0_0_0_0	SUM-159_NLS_4N_O2_A12_seed	SUM-159_NLS_4N_O2_A12	0	85	69	3.23366834170854	1.2840979109103	0.250056456963573
4N	20.5_20.5_2_1_0.5_0.3_0.2_0.1_0_0_0_0_0_0	SUM-159_NLS_4N_O2_A12_seed	SUM-159_NLS_4N_O2_A12	0	85	70	3.27386934673367	1.33615526572119	0.289796285218974
4N	20.5_20.5_2_1_0.5_0.3_0.2_0.1_0_0_0_0_0_0	SUM-159_NLS_4N_O2_A12_seed	SUM-159_NLS_4N_O2_A12	0	85	71	3.31407035175879	1.35149042986304	0.301208005586864
4N	20.5_20.5_2_1_0.5_0.3_0.2_0.1_0_0_0_0_0_0	SUM-159_NLS_4N_O2_A12_seed	SUM-159_NLS_4N_O2_A12	0	85	72	3.35427135678392	1.35750186989169	0.305646150277445
4N	20.5_20.5_2_1_0.5_0.3_0.2_0.1_0_0_0_0_0_0	SUM-159_NLS_4N_O2_A12_seed	SUM-159_NLS_4N_O2_A12	0	85	73	3.39447236180905	1.33086492802267	0.285829052687616
4N	20.5_20.5_2_1_0.5_0.3_0.2_0.1_0_0_0_0_0_0	SUM-159_NLS_4N_O2_A12_seed	SUM-159_NLS_4N_O2_A12	0	85	74	3.43467336683417	1.28737794707839	0.252607550676384
4N	20.5_20.5_2_1_0.5_0.3_0.2_0.1_0_0_0_0_0_0	SUM-159_NLS_4N_O2_A12_seed	SUM-159_NLS_4N_O2_A12	0	85	75	3.4748743718593	1.21900021069987	0.198031023345608
4N	20.5_20.5_2_1_0.5_0.3_0.2_0.1_0_0_0_0_0_0	SUM-159_NLS_4N_O2_A12_seed	SUM-159_NLS_4N_O2_A12	0	85	76	3.51507537688442	1.12624339221634	0.118887662856687
4N	20.5_20.5_2_1_0.5_0.3_0.2_0.1_0_0_0_0_0_0	SUM-159_NLS_4N_O2_A12_seed	SUM-159_NLS_4N_O2_A12	0	85	77	3.55527638190955	1.02575716475531	0.0254310372100428
4N	20.5_20.5_2_1_0.5_0.3_0.2_0.1_0_0_0_0_0_0	SUM-159_NLS_4N_O2_A12_seed	SUM-159_NLS_4N_O2_A12	0	85	78	3.59547738693467	0.915835823634894	-0.0879181622115874
4N	20.5_20.5_2_1_0.5_0.3_0.2_0.1_0_0_0_0_0_0	SUM-159_NLS_4N_O2_A12_seed	SUM-159_NLS_4N_O2_A12	0	85	79	3.6356783919598	0.811166692165367	-0.209281706942137
4N	20.5_20.5_2_1_0.5_0.3_0.2_0.1_0_0_0_0_0_0	SUM-159_NLS_4N_O2_A12_seed	SUM-159_NLS_4N_O2_A12	0	85	80	3.67587939698492	0.7044693281288	-0.350310485668812
4N	20.5_20.5_2_1_0.5_0.3_0.2_0.1_0_0_0_0_0_0	SUM-159_NLS_4N_O2_A12_seed	SUM-159_NLS_4N_O2_A12	0	85	81	3.71608040201005	0.595382084042758	-0.51855192147671
4N	20.5_20.5_2_1_0.5_0.3_0.2_0.1_0_0_0_0_0_0	SUM-159_NLS_4N_O2_A12_seed	SUM-159_NLS_4N_O2_A12	0	85	82	3.75628140703518	0.501194977396653	-0.690760077166355
4N	20.5_20.5_2_1_0.5_0.3_0.2_0.1_0_0_0_0_0_0	SUM-159_NLS_4N_O2_A12_seed	SUM-159_NLS_4N_O2_A12	0	85	83	3.7964824120603	0.410597841619144	-0.890141031062012
4N	20.5_20.5_2_1_0.5_0.3_0.2_0.1_0_0_0_0_0_0	SUM-159_NLS_4N_O2_A12_seed	SUM-159_NLS_4N_O2_A12	0	85	84	3.83668341708543	0.331304790546473	-1.10471650993636
4N	20.5_20.5_2_1_0.5_0.3_0.2_0.1_0_0_0_0_0_0	SUM-159_NLS_4N_O2_A12_seed	SUM-159_NLS_4N_O2_A12	0	85	85	3.87688442211055	0.262513949225696	-1.33745105845492
4N	20.5_20.5_2_1_0.5_0.3_0.2_0.1_0_0_0_0_0_0	SUM-159_NLS_4N_O2_A12_seed	SUM-159_NLS_4N_O2_A12	0	85	86	3.91708542713568	0.207556936527767	-1.57234958404533
4N	20.5_20.5_2_1_0.5_0.3_0.2_0.1_0_0_0_0_0_0	SUM-159_NLS_4N_O2_A12_seed	SUM-159_NLS_4N_O2_A12	0	85	87	3.9572864321608	0.159590839369164	-1.83514199305004
4N	20.5_20.5_2_1_0.5_0.3_0.2_0.1_0_0_0_0_0_0	SUM-159_NLS_4N_O2_A12_seed	SUM-159_NLS_4N_O2_A12	0	85	88	3.99748743718593	0.11483979709067	-2.16421719061807
4N	20.5_20.5_2_1_0.5_0.3_0.2_0.1_0_0_0_0_0_0	SUM-159_NLS_4N_O2_A12_seed	SUM-159_NLS_4N_O2_A12	0	85	89	4.03768844221106	0.0834514943443108	-2.48348972197278
4N	20.5_20.5_2_1_0.5_0.3_0.2_0.1_0_0_0_0_0_0	SUM-159_NLS_4N_O2_A12_seed	SUM-159_NLS_4N_O2_A12	0	85	90	4.07788944723618	0.0637253215418989	-2.75317328295946
4N	20.5_20.5_2_1_0.5_0.3_0.2_0.1_0_0_0_0_0_0	SUM-159_NLS_4N_O2_A12_seed	SUM-159_NLS_4N_O2_A12	0	85	91	4.11809045226131	0.0476638595005038	-3.04358183072234
4N	20.5_20.5_2_1_0.5_0.3_0.2_0.1_0_0_0_0_0_0	SUM-159_NLS_4N_O2_A12_seed	SUM-159_NLS_4N_O2_A12	0	85	92	4.15829145728643	0.0352495030062644	-3.34530384893632
4N	20.5_20.5_2_1_0.5_0.3_0.2_0.1_0_0_0_0_0_0	SUM-159_NLS_4N_O2_A12_seed	SUM-159_NLS_4N_O2_A12	0	85	93	4.19849246231156	0.0262462718311481	-3.64023132551115
4N	20.5_20.5_2_1_0.5_0.3_0.2_0.1_0_0_0_0_0_0	SUM-159_NLS_4N_O2_A12_seed	SUM-159_NLS_4N_O2_A12	0	85	94	4.23869346733668	0.0211463237421678	-3.85628920693523
4N	20.5_20.5_2_1_0.5_0.3_0.2_0.1_0_0_0_0_0_0	SUM-159_NLS_4N_O2_A12_seed	SUM-159_NLS_4N_O2_A12	0	85	95	4.27889447236181	0.0154631690489176	-4.16929427306994
4N	20.5_20.5_2_1_0.5_0.3_0.2_0.1_0_0_0_0_0_0	SUM-159_NLS_4N_O2_A12_seed	SUM-159_NLS_4N_O2_A12	0	85	96	4.31909547738693	0.0109967832028962	-4.51015248505189
4N	20.5_20.5_2_1_0.5_0.3_0.2_0.1_0_0_0_0_0_0	SUM-159_NLS_4N_O2_A12_seed	SUM-159_NLS_4N_O2_A12	0	85	97	4.35929648241206	0.00844855864079347	-4.77375942721666
4N	20.5_20.5_2_1_0.5_0.3_0.2_0.1_0_0_0_0_0_0	SUM-159_NLS_4N_O2_A12_seed	SUM-159_NLS_4N_O2_A12	0	85	98	4.39949748743719	0.00586546039014143	-5.13867430206467
4N	20.5_20.5_2_1_0.5_0.3_0.2_0.1_0_0_0_0_0_0	SUM-159_NLS_4N_O2_A12_seed	SUM-159_NLS_4N_O2_A12	0	85	99	4.43969849246231	0.00457921737538224	-5.38622717419498
4N	20.5_20.5_2_1_0.5_0.3_0.2_0.1_0_0_0_0_0_0	SUM-159_NLS_4N_O2_A12_seed	SUM-159_NLS_4N_O2_A12	0	85	100	4.47989949748744	0.00320415497075562	-5.74330688304446
4N	20.5_20.5_2_1_0.5_0.3_0.2_0.1_0_0_0_0_0_0	SUM-159_NLS_4N_O2_A12_seed	SUM-159_NLS_4N_O2_A12	0	85	101	4.52010050251256	0.0022008290009405	-6.11892117098685
4N	20.5_20.5_2_1_0.5_0.3_0.2_0.1_0_0_0_0_0_0	SUM-159_NLS_4N_O2_A12_seed	SUM-159_NLS_4N_O2_A12	0	85	102	4.56030150753769	0.00134469986458058	-6.6115844398405
4N	20.5_20.5_2_1_0.5_0.3_0.2_0.1_0_0_0_0_0_0	SUM-159_NLS_4N_O2_A12_seed	SUM-159_NLS_4N_O2_A12	0	85	103	4.60050251256281	0.00109857590499787	-6.81374056975771
4N	20.5_20.5_2_1_0.5_0.3_0.2_0.1_0_0_0_0_0_0	SUM-159_NLS_4N_O2_A12_seed	SUM-159_NLS_4N_O2_A12	0	85	104	4.64070351758794	0.00112477115742867	-6.79017567963648
4N	20.5_20.5_2_1_0.5_0.3_0.2_0.1_0_0_0_0_0_0	SUM-159_NLS_4N_O2_A12_seed	SUM-159_NLS_4N_O2_A12	0	85	105	4.68090452261307	0.000679860192828239	-7.29362337971445
4N	20.5_20.5_2_1_0.5_0.3_0.2_0.1_0_0_0_0_0_0	SUM-159_NLS_4N_O2_A12_seed	SUM-159_NLS_4N_O2_A12	0	85	106	4.72110552763819	0.000352577798771097	-7.95023925433027
4N	20.5_20.5_2_1_0.5_0.3_0.2_0.1_0_0_0_0_0_0	SUM-159_NLS_4N_O2_A12_seed	SUM-159_NLS_4N_O2_A12	0	85	107	4.76130653266332	0.000244874692575545	-8.31476393713458
4N	20.5_20.5_2_1_0.5_0.3_0.2_0.1_0_0_0_0_0_0	SUM-159_NLS_4N_O2_A12_seed	SUM-159_NLS_4N_O2_A12	0	85	108	4.80150753768844	0.00014571451164142	-8.83386125026214
4N	20.5_20.5_2_1_0.5_0.3_0.2_0.1_0_0_0_0_0_0	SUM-159_NLS_4N_O2_A12_seed	SUM-159_NLS_4N_O2_A12	0	85	109	4.84170854271357	5.90519241988714e-05	-9.73709342992681
4N	20.5_20.5_2_1_0.5_0.3_0.2_0.1_0_0_0_0_0_0	SUM-159_NLS_4N_O2_A12_seed	SUM-159_NLS_4N_O2_A12	0	85	110	4.88190954773869	6.16461165074243e-05	-9.69410032291834
4N	20.5_20.5_2_1_0.5_0.3_0.2_0.1_0_0_0_0_0_0	SUM-159_NLS_4N_O2_A12_seed	SUM-159_NLS_4N_O2_A12	0	85	111	4.92211055276382	5.81773055411769e-05	-9.75201521842796
4N	20.5_20.5_2_1_0.5_0.3_0.2_0.1_0_0_0_0_0_0	SUM-159_NLS_4N_O2_A12_seed	SUM-159_NLS_4N_O2_A12	0	85	112	4.96231155778894	2.994074579541e-05	-10.4162902696167
4N	20.5_20.5_2_1_0.5_0.3_0.2_0.1_0_0_0_0_0_0	SUM-159_NLS_4N_O2_A12_seed	SUM-159_NLS_4N_O2_A12	0	85	113	5.00251256281407	3.3866966462348e-05	-10.2930704592925
4N	20.5_20.5_2_1_0.5_0.3_0.2_0.1_0_0_0_0_0_0	SUM-159_NLS_4N_O2_A12_seed	SUM-159_NLS_4N_O2_A12	0	85	114	5.0427135678392	2.04313496568459e-05	-10.7984400888182
4N	20.5_20.5_2_1_0.5_0.3_0.2_0.1_0_0_0_0_0_0	SUM-159_NLS_4N_O2_A12_seed	SUM-159_NLS_4N_O2_A12	0	85	115	5.08291457286432	4.32392258343451e-07	-14.6539326552652
4N	20.5_20.5_2_1_0.5_0.3_0.2_0.1_0_0_0_0_0_0	SUM-159_NLS_4N_O2_A12_seed	SUM-159_NLS_4N_O2_A12	0	85	116	5.12311557788945	4.6555841275851e-10	-21.4877835431773
4N	20.5_20.5_2_1_0.5_0.3_0.2_0.1_0_0_0_0_0_0	SUM-159_NLS_4N_O2_A12_seed	SUM-159_NLS_4N_O2_A12	0	85	117	5.16331658291457	9.99966350842595e-13	-27.6310547656521
4N	20.5_20.5_2_1_0.5_0.3_0.2_0.1_0_0_0_0_0_0	SUM-159_NLS_4N_O2_A12_seed	SUM-159_NLS_4N_O2_A12	0	85	118	5.2035175879397	9.99966350842595e-13	-27.6310547656521
4N	20.5_20.5_2_1_0.5_0.3_0.2_0.1_0_0_0_0_0_0	SUM-159_NLS_4N_O2_A12_seed	SUM-159_NLS_4N_O2_A12	0	85	119	5.24371859296482	9.99966350842595e-13	-27.6310547656521
4N	20.5_20.5_2_1_0.5_0.3_0.2_0.1_0_0_0_0_0_0	SUM-159_NLS_4N_O2_A12_seed	SUM-159_NLS_4N_O2_A12	0	85	120	5.28391959798995	9.99966350842595e-13	-27.6310547656521
4N	20.5_20.5_2_1_0.5_0.3_0.2_0.1_0_0_0_0_0_0	SUM-159_NLS_4N_O2_A12_seed	SUM-159_NLS_4N_O2_A12	0	85	121	5.32412060301508	9.99966350842595e-13	-27.6310547656521
4N	20.5_20.5_2_1_0.5_0.3_0.2_0.1_0_0_0_0_0_0	SUM-159_NLS_4N_O2_A12_seed	SUM-159_NLS_4N_O2_A12	0	85	122	5.3643216080402	9.99966350842595e-13	-27.6310547656521
4N	20.5_20.5_2_1_0.5_0.3_0.2_0.1_0_0_0_0_0_0	SUM-159_NLS_4N_O2_A12_seed	SUM-159_NLS_4N_O2_A12	0	85	123	5.40452261306533	9.99966350842595e-13	-27.6310547656521
4N	20.5_20.5_2_1_0.5_0.3_0.2_0.1_0_0_0_0_0_0	SUM-159_NLS_4N_O2_A12_seed	SUM-159_NLS_4N_O2_A12	0	85	124	5.44472361809045	9.99966350842595e-13	-27.6310547656521
4N	20.5_20.5_2_1_0.5_0.3_0.2_0.1_0_0_0_0_0_0	SUM-159_NLS_4N_O2_A12_seed	SUM-159_NLS_4N_O2_A12	0	85	125	5.48492462311558	9.99966350842595e-13	-27.6310547656521
4N	20.5_20.5_2_1_0.5_0.3_0.2_0.1_0_0_0_0_0_0	SUM-159_NLS_4N_O2_A12_seed	SUM-159_NLS_4N_O2_A12	0	85	126	5.5251256281407	9.99966350842595e-13	-27.6310547656521
4N	20.5_20.5_2_1_0.5_0.3_0.2_0.1_0_0_0_0_0_0	SUM-159_NLS_4N_O2_A12_seed	SUM-159_NLS_4N_O2_A12	0	85	127	5.56532663316583	9.99966350842595e-13	-27.6310547656521
4N	20.5_20.5_2_1_0.5_0.3_0.2_0.1_0_0_0_0_0_0	SUM-159_NLS_4N_O2_A12_seed	SUM-159_NLS_4N_O2_A12	0	85	128	5.60552763819095	9.99966350842595e-13	-27.6310547656521
4N	20.5_20.5_2_1_0.5_0.3_0.2_0.1_0_0_0_0_0_0	SUM-159_NLS_4N_O2_A12_seed	SUM-159_NLS_4N_O2_A12	0	85	129	5.64572864321608	9.99966350842595e-13	-27.6310547656521
4N	20.5_20.5_2_1_0.5_0.3_0.2_0.1_0_0_0_0_0_0	SUM-159_NLS_4N_O2_A12_seed	SUM-159_NLS_4N_O2_A12	0	85	130	5.68592964824121	9.99966350842595e-13	-27.6310547656521
4N	20.5_20.5_2_1_0.5_0.3_0.2_0.1_0_0_0_0_0_0	SUM-159_NLS_4N_O2_A12_seed	SUM-159_NLS_4N_O2_A12	0	85	131	5.72613065326633	9.99966350842595e-13	-27.6310547656521
4N	20.5_20.5_2_1_0.5_0.3_0.2_0.1_0_0_0_0_0_0	SUM-159_NLS_4N_O2_A12_seed	SUM-159_NLS_4N_O2_A12	0	85	132	5.76633165829146	9.99966350842595e-13	-27.6310547656521
4N	20.5_20.5_2_1_0.5_0.3_0.2_0.1_0_0_0_0_0_0	SUM-159_NLS_4N_O2_A12_seed	SUM-159_NLS_4N_O2_A12	0	85	133	5.80653266331658	9.99966350842595e-13	-27.6310547656521
4N	20.5_20.5_2_1_0.5_0.3_0.2_0.1_0_0_0_0_0_0	SUM-159_NLS_4N_O2_A12_seed	SUM-159_NLS_4N_O2_A12	0	85	134	5.84673366834171	9.99966350842595e-13	-27.6310547656521
4N	20.5_20.5_2_1_0.5_0.3_0.2_0.1_0_0_0_0_0_0	SUM-159_NLS_4N_O2_A12_seed	SUM-159_NLS_4N_O2_A12	0	85	135	5.88693467336683	9.99966350842595e-13	-27.6310547656521
4N	20.5_20.5_2_1_0.5_0.3_0.2_0.1_0_0_0_0_0_0	SUM-159_NLS_4N_O2_A12_seed	SUM-159_NLS_4N_O2_A12	0	85	136	5.92713567839196	9.99966350842595e-13	-27.6310547656521
4N	20.5_20.5_2_1_0.5_0.3_0.2_0.1_0_0_0_0_0_0	SUM-159_NLS_4N_O2_A12_seed	SUM-159_NLS_4N_O2_A12	0	85	137	5.96733668341709	9.99966350842595e-13	-27.6310547656521
4N	20.5_20.5_2_1_0.5_0.3_0.2_0.1_0_0_0_0_0_0	SUM-159_NLS_4N_O2_A12_seed	SUM-159_NLS_4N_O2_A12	0	85	138	6.00753768844221	9.99966350842595e-13	-27.6310547656521
4N	20.5_20.5_2_1_0.5_0.3_0.2_0.1_0_0_0_0_0_0	SUM-159_NLS_4N_O2_A12_seed	SUM-159_NLS_4N_O2_A12	0	85	139	6.04773869346734	9.99966350842595e-13	-27.6310547656521
4N	20.5_20.5_2_1_0.5_0.3_0.2_0.1_0_0_0_0_0_0	SUM-159_NLS_4N_O2_A12_seed	SUM-159_NLS_4N_O2_A12	0	85	140	6.08793969849246	9.99966350842595e-13	-27.6310547656521
4N	20.5_20.5_2_1_0.5_0.3_0.2_0.1_0_0_0_0_0_0	SUM-159_NLS_4N_O2_A12_seed	SUM-159_NLS_4N_O2_A12	0	85	141	6.12814070351759	9.99966350842595e-13	-27.6310547656521
4N	20.5_20.5_2_1_0.5_0.3_0.2_0.1_0_0_0_0_0_0	SUM-159_NLS_4N_O2_A12_seed	SUM-159_NLS_4N_O2_A12	0	85	142	6.16834170854271	9.99966350842595e-13	-27.6310547656521
4N	20.5_20.5_2_1_0.5_0.3_0.2_0.1_0_0_0_0_0_0	SUM-159_NLS_4N_O2_A12_seed	SUM-159_NLS_4N_O2_A12	0	85	143	6.20854271356784	9.99966350842595e-13	-27.6310547656521
4N	20.5_20.5_2_1_0.5_0.3_0.2_0.1_0_0_0_0_0_0	SUM-159_NLS_4N_O2_A12_seed	SUM-159_NLS_4N_O2_A12	0	85	144	6.24874371859296	9.99966350842595e-13	-27.6310547656521
4N	20.5_20.5_2_1_0.5_0.3_0.2_0.1_0_0_0_0_0_0	SUM-159_NLS_4N_O2_A12_seed	SUM-159_NLS_4N_O2_A12	0	85	145	6.28894472361809	9.99966350842595e-13	-27.6310547656521
4N	20.5_20.5_2_1_0.5_0.3_0.2_0.1_0_0_0_0_0_0	SUM-159_NLS_4N_O2_A12_seed	SUM-159_NLS_4N_O2_A12	0	85	146	6.32914572864322	9.99966350842595e-13	-27.6310547656521
4N	20.5_20.5_2_1_0.5_0.3_0.2_0.1_0_0_0_0_0_0	SUM-159_NLS_4N_O2_A12_seed	SUM-159_NLS_4N_O2_A12	0	85	147	6.36934673366834	9.99966350842595e-13	-27.6310547656521
4N	20.5_20.5_2_1_0.5_0.3_0.2_0.1_0_0_0_0_0_0	SUM-159_NLS_4N_O2_A12_seed	SUM-159_NLS_4N_O2_A12	0	85	148	6.40954773869347	9.99966350842595e-13	-27.6310547656521
4N	20.5_20.5_2_1_0.5_0.3_0.2_0.1_0_0_0_0_0_0	SUM-159_NLS_4N_O2_A12_seed	SUM-159_NLS_4N_O2_A12	0	85	149	6.44974874371859	9.99966350842595e-13	-27.6310547656521
4N	20.5_20.5_2_1_0.5_0.3_0.2_0.1_0_0_0_0_0_0	SUM-159_NLS_4N_O2_A12_seed	SUM-159_NLS_4N_O2_A12	0	85	150	6.48994974874372	9.99966350842595e-13	-27.6310547656521
4N	20.5_20.5_2_1_0.5_0.3_0.2_0.1_0_0_0_0_0_0	SUM-159_NLS_4N_O2_A12_seed	SUM-159_NLS_4N_O2_A12	0	85	151	6.53015075376884	9.99966350842595e-13	-27.6310547656521
4N	20.5_20.5_2_1_0.5_0.3_0.2_0.1_0_0_0_0_0_0	SUM-159_NLS_4N_O2_A12_seed	SUM-159_NLS_4N_O2_A12	0	85	152	6.57035175879397	9.99966350842595e-13	-27.6310547656521
4N	20.5_20.5_2_1_0.5_0.3_0.2_0.1_0_0_0_0_0_0	SUM-159_NLS_4N_O2_A12_seed	SUM-159_NLS_4N_O2_A12	0	85	153	6.6105527638191	9.99966350842595e-13	-27.6310547656521
4N	20.5_20.5_2_1_0.5_0.3_0.2_0.1_0_0_0_0_0_0	SUM-159_NLS_4N_O2_A12_seed	SUM-159_NLS_4N_O2_A12	0	85	154	6.65075376884422	9.99966350842595e-13	-27.6310547656521
4N	20.5_20.5_2_1_0.5_0.3_0.2_0.1_0_0_0_0_0_0	SUM-159_NLS_4N_O2_A12_seed	SUM-159_NLS_4N_O2_A12	0	85	155	6.69095477386935	9.99966350842595e-13	-27.6310547656521
4N	20.5_20.5_2_1_0.5_0.3_0.2_0.1_0_0_0_0_0_0	SUM-159_NLS_4N_O2_A12_seed	SUM-159_NLS_4N_O2_A12	0	85	156	6.73115577889447	9.99966350842595e-13	-27.6310547656521
4N	20.5_20.5_2_1_0.5_0.3_0.2_0.1_0_0_0_0_0_0	SUM-159_NLS_4N_O2_A12_seed	SUM-159_NLS_4N_O2_A12	0	85	157	6.7713567839196	9.99966350842595e-13	-27.6310547656521
4N	20.5_20.5_2_1_0.5_0.3_0.2_0.1_0_0_0_0_0_0	SUM-159_NLS_4N_O2_A12_seed	SUM-159_NLS_4N_O2_A12	0	85	158	6.81155778894472	9.99966350842595e-13	-27.6310547656521
4N	20.5_20.5_2_1_0.5_0.3_0.2_0.1_0_0_0_0_0_0	SUM-159_NLS_4N_O2_A12_seed	SUM-159_NLS_4N_O2_A12	0	85	159	6.85175879396985	9.99966350842595e-13	-27.6310547656521
4N	20.5_20.5_2_1_0.5_0.3_0.2_0.1_0_0_0_0_0_0	SUM-159_NLS_4N_O2_A12_seed	SUM-159_NLS_4N_O2_A12	0	85	160	6.89195979899498	9.99966350842595e-13	-27.6310547656521
4N	20.5_20.5_2_1_0.5_0.3_0.2_0.1_0_0_0_0_0_0	SUM-159_NLS_4N_O2_A12_seed	SUM-159_NLS_4N_O2_A12	0	85	161	6.9321608040201	9.99966350842595e-13	-27.6310547656521
4N	20.5_20.5_2_1_0.5_0.3_0.2_0.1_0_0_0_0_0_0	SUM-159_NLS_4N_O2_A12_seed	SUM-159_NLS_4N_O2_A12	0	85	162	6.97236180904523	9.99966350842595e-13	-27.6310547656521
4N	20.5_20.5_2_1_0.5_0.3_0.2_0.1_0_0_0_0_0_0	SUM-159_NLS_4N_O2_A12_seed	SUM-159_NLS_4N_O2_A12	0	85	163	7.01256281407035	9.99966350842595e-13	-27.6310547656521
4N	20.5_20.5_2_1_0.5_0.3_0.2_0.1_0_0_0_0_0_0	SUM-159_NLS_4N_O2_A12_seed	SUM-159_NLS_4N_O2_A12	0	85	164	7.05276381909548	9.99966350842595e-13	-27.6310547656521
4N	20.5_20.5_2_1_0.5_0.3_0.2_0.1_0_0_0_0_0_0	SUM-159_NLS_4N_O2_A12_seed	SUM-159_NLS_4N_O2_A12	0	85	165	7.0929648241206	9.99966350842595e-13	-27.6310547656521
4N	20.5_20.5_2_1_0.5_0.3_0.2_0.1_0_0_0_0_0_0	SUM-159_NLS_4N_O2_A12_seed	SUM-159_NLS_4N_O2_A12	0	85	166	7.13316582914573	9.99966350842595e-13	-27.6310547656521
4N	20.5_20.5_2_1_0.5_0.3_0.2_0.1_0_0_0_0_0_0	SUM-159_NLS_4N_O2_A12_seed	SUM-159_NLS_4N_O2_A12	0	85	167	7.17336683417085	9.99966350842595e-13	-27.6310547656521
4N	20.5_20.5_2_1_0.5_0.3_0.2_0.1_0_0_0_0_0_0	SUM-159_NLS_4N_O2_A12_seed	SUM-159_NLS_4N_O2_A12	0	85	168	7.21356783919598	9.99966350842595e-13	-27.6310547656521
4N	20.5_20.5_2_1_0.5_0.3_0.2_0.1_0_0_0_0_0_0	SUM-159_NLS_4N_O2_A12_seed	SUM-159_NLS_4N_O2_A12	0	85	169	7.25376884422111	9.99966350842595e-13	-27.6310547656521
4N	20.5_20.5_2_1_0.5_0.3_0.2_0.1_0_0_0_0_0_0	SUM-159_NLS_4N_O2_A12_seed	SUM-159_NLS_4N_O2_A12	0	85	170	7.29396984924623	9.99966350842595e-13	-27.6310547656521
4N	20.5_20.5_2_1_0.5_0.3_0.2_0.1_0_0_0_0_0_0	SUM-159_NLS_4N_O2_A12_seed	SUM-159_NLS_4N_O2_A12	0	85	171	7.33417085427136	9.99966350842595e-13	-27.6310547656521
4N	20.5_20.5_2_1_0.5_0.3_0.2_0.1_0_0_0_0_0_0	SUM-159_NLS_4N_O2_A12_seed	SUM-159_NLS_4N_O2_A12	0	85	172	7.37437185929648	9.99966350842595e-13	-27.6310547656521
4N	20.5_20.5_2_1_0.5_0.3_0.2_0.1_0_0_0_0_0_0	SUM-159_NLS_4N_O2_A12_seed	SUM-159_NLS_4N_O2_A12	0	85	173	7.41457286432161	9.99966350842595e-13	-27.6310547656521
4N	20.5_20.5_2_1_0.5_0.3_0.2_0.1_0_0_0_0_0_0	SUM-159_NLS_4N_O2_A12_seed	SUM-159_NLS_4N_O2_A12	0	85	174	7.45477386934673	9.99966350842595e-13	-27.6310547656521
4N	20.5_20.5_2_1_0.5_0.3_0.2_0.1_0_0_0_0_0_0	SUM-159_NLS_4N_O2_A12_seed	SUM-159_NLS_4N_O2_A12	0	85	175	7.49497487437186	9.99966350842595e-13	-27.6310547656521
4N	20.5_20.5_2_1_0.5_0.3_0.2_0.1_0_0_0_0_0_0	SUM-159_NLS_4N_O2_A12_seed	SUM-159_NLS_4N_O2_A12	0	85	176	7.53517587939699	9.99966350842595e-13	-27.6310547656521
4N	20.5_20.5_2_1_0.5_0.3_0.2_0.1_0_0_0_0_0_0	SUM-159_NLS_4N_O2_A12_seed	SUM-159_NLS_4N_O2_A12	0	85	177	7.57537688442211	9.99966350842595e-13	-27.6310547656521
4N	20.5_20.5_2_1_0.5_0.3_0.2_0.1_0_0_0_0_0_0	SUM-159_NLS_4N_O2_A12_seed	SUM-159_NLS_4N_O2_A12	0	85	178	7.61557788944724	9.99966350842595e-13	-27.6310547656521
4N	20.5_20.5_2_1_0.5_0.3_0.2_0.1_0_0_0_0_0_0	SUM-159_NLS_4N_O2_A12_seed	SUM-159_NLS_4N_O2_A12	0	85	179	7.65577889447236	9.99966350842595e-13	-27.6310547656521
4N	20.5_20.5_2_1_0.5_0.3_0.2_0.1_0_0_0_0_0_0	SUM-159_NLS_4N_O2_A12_seed	SUM-159_NLS_4N_O2_A12	0	85	180	7.69597989949749	9.99966350842595e-13	-27.6310547656521
4N	20.5_20.5_2_1_0.5_0.3_0.2_0.1_0_0_0_0_0_0	SUM-159_NLS_4N_O2_A12_seed	SUM-159_NLS_4N_O2_A12	0	85	181	7.73618090452261	9.99966350842595e-13	-27.6310547656521
4N	20.5_20.5_2_1_0.5_0.3_0.2_0.1_0_0_0_0_0_0	SUM-159_NLS_4N_O2_A12_seed	SUM-159_NLS_4N_O2_A12	0	85	182	7.77638190954774	9.99966350842595e-13	-27.6310547656521
4N	20.5_20.5_2_1_0.5_0.3_0.2_0.1_0_0_0_0_0_0	SUM-159_NLS_4N_O2_A12_seed	SUM-159_NLS_4N_O2_A12	0	85	183	7.81658291457286	9.99966350842595e-13	-27.6310547656521
4N	20.5_20.5_2_1_0.5_0.3_0.2_0.1_0_0_0_0_0_0	SUM-159_NLS_4N_O2_A12_seed	SUM-159_NLS_4N_O2_A12	0	85	184	7.85678391959799	9.99966350842595e-13	-27.6310547656521
4N	20.5_20.5_2_1_0.5_0.3_0.2_0.1_0_0_0_0_0_0	SUM-159_NLS_4N_O2_A12_seed	SUM-159_NLS_4N_O2_A12	0	85	185	7.89698492462312	9.99966350842595e-13	-27.6310547656521
4N	20.5_20.5_2_1_0.5_0.3_0.2_0.1_0_0_0_0_0_0	SUM-159_NLS_4N_O2_A12_seed	SUM-159_NLS_4N_O2_A12	0	85	186	7.93718592964824	9.99966350842595e-13	-27.6310547656521
4N	20.5_20.5_2_1_0.5_0.3_0.2_0.1_0_0_0_0_0_0	SUM-159_NLS_4N_O2_A12_seed	SUM-159_NLS_4N_O2_A12	0	85	187	7.97738693467337	9.99966350842595e-13	-27.6310547656521
4N	20.5_20.5_2_1_0.5_0.3_0.2_0.1_0_0_0_0_0_0	SUM-159_NLS_4N_O2_A12_seed	SUM-159_NLS_4N_O2_A12	0	85	188	8.01758793969849	9.99966350842595e-13	-27.6310547656521
4N	20.5_20.5_2_1_0.5_0.3_0.2_0.1_0_0_0_0_0_0	SUM-159_NLS_4N_O2_A12_seed	SUM-159_NLS_4N_O2_A12	0	85	189	8.05778894472362	9.99966350842595e-13	-27.6310547656521
4N	20.5_20.5_2_1_0.5_0.3_0.2_0.1_0_0_0_0_0_0	SUM-159_NLS_4N_O2_A12_seed	SUM-159_NLS_4N_O2_A12	0	85	190	8.09798994974874	9.99966350842595e-13	-27.6310547656521
4N	20.5_20.5_2_1_0.5_0.3_0.2_0.1_0_0_0_0_0_0	SUM-159_NLS_4N_O2_A12_seed	SUM-159_NLS_4N_O2_A12	0	85	191	8.13819095477387	9.99966350842595e-13	-27.6310547656521
4N	20.5_20.5_2_1_0.5_0.3_0.2_0.1_0_0_0_0_0_0	SUM-159_NLS_4N_O2_A12_seed	SUM-159_NLS_4N_O2_A12	0	85	192	8.178391959799	9.99966350842595e-13	-27.6310547656521
4N	20.5_20.5_2_1_0.5_0.3_0.2_0.1_0_0_0_0_0_0	SUM-159_NLS_4N_O2_A12_seed	SUM-159_NLS_4N_O2_A12	0	85	193	8.21859296482412	9.99966350842595e-13	-27.6310547656521
4N	20.5_20.5_2_1_0.5_0.3_0.2_0.1_0_0_0_0_0_0	SUM-159_NLS_4N_O2_A12_seed	SUM-159_NLS_4N_O2_A12	0	85	194	8.25879396984925	9.99966350842595e-13	-27.6310547656521
4N	20.5_20.5_2_1_0.5_0.3_0.2_0.1_0_0_0_0_0_0	SUM-159_NLS_4N_O2_A12_seed	SUM-159_NLS_4N_O2_A12	0	85	195	8.29899497487437	9.99966350842595e-13	-27.6310547656521
4N	20.5_20.5_2_1_0.5_0.3_0.2_0.1_0_0_0_0_0_0	SUM-159_NLS_4N_O2_A12_seed	SUM-159_NLS_4N_O2_A12	0	85	196	8.3391959798995	9.99966350842595e-13	-27.6310547656521
4N	20.5_20.5_2_1_0.5_0.3_0.2_0.1_0_0_0_0_0_0	SUM-159_NLS_4N_O2_A12_seed	SUM-159_NLS_4N_O2_A12	0	85	197	8.37939698492462	9.99966350842595e-13	-27.6310547656521
4N	20.5_20.5_2_1_0.5_0.3_0.2_0.1_0_0_0_0_0_0	SUM-159_NLS_4N_O2_A12_seed	SUM-159_NLS_4N_O2_A12	0	85	198	8.41959798994975	9.99966350842595e-13	-27.6310547656521
4N	20.5_20.5_2_1_0.5_0.3_0.2_0.1_0_0_0_0_0_0	SUM-159_NLS_4N_O2_A12_seed	SUM-159_NLS_4N_O2_A12	0	85	199	8.45979899497488	9.99966350842595e-13	-27.6310547656521
4N	20.5_20.5_2_1_0.5_0.3_0.2_0.1_0_0_0_0_0_0	SUM-159_NLS_4N_O2_A12_seed	SUM-159_NLS_4N_O2_A12	0	85	200	8.5	9.99966350842595e-13	-27.6310547656521
4N	20.5_20.5_2_1_0.5_0.3_0.2_0.1_0_0_0_0_0_0_0_0_0_0_0_0_0	SUM-159_NLS_4N_O1_A19_seed	SUM-159_NLS_4N_O1_A19	0	138	1	0.5	9.99998941878107e-13	-27.631022174051
4N	20.5_20.5_2_1_0.5_0.3_0.2_0.1_0_0_0_0_0_0_0_0_0_0_0_0_0	SUM-159_NLS_4N_O1_A19_seed	SUM-159_NLS_4N_O1_A19	0	138	2	0.540201005025126	9.99998941878107e-13	-27.631022174051
4N	20.5_20.5_2_1_0.5_0.3_0.2_0.1_0_0_0_0_0_0_0_0_0_0_0_0_0	SUM-159_NLS_4N_O1_A19_seed	SUM-159_NLS_4N_O1_A19	0	138	3	0.580402010050251	9.99998941878107e-13	-27.631022174051
4N	20.5_20.5_2_1_0.5_0.3_0.2_0.1_0_0_0_0_0_0_0_0_0_0_0_0_0	SUM-159_NLS_4N_O1_A19_seed	SUM-159_NLS_4N_O1_A19	0	138	4	0.620603015075377	9.99998941878107e-13	-27.631022174051
4N	20.5_20.5_2_1_0.5_0.3_0.2_0.1_0_0_0_0_0_0_0_0_0_0_0_0_0	SUM-159_NLS_4N_O1_A19_seed	SUM-159_NLS_4N_O1_A19	0	138	5	0.660804020100503	9.99998941878107e-13	-27.631022174051
4N	20.5_20.5_2_1_0.5_0.3_0.2_0.1_0_0_0_0_0_0_0_0_0_0_0_0_0	SUM-159_NLS_4N_O1_A19_seed	SUM-159_NLS_4N_O1_A19	0	138	6	0.701005025125628	9.99998941878107e-13	-27.631022174051
4N	20.5_20.5_2_1_0.5_0.3_0.2_0.1_0_0_0_0_0_0_0_0_0_0_0_0_0	SUM-159_NLS_4N_O1_A19_seed	SUM-159_NLS_4N_O1_A19	0	138	7	0.741206030150754	9.99998941878107e-13	-27.631022174051
4N	20.5_20.5_2_1_0.5_0.3_0.2_0.1_0_0_0_0_0_0_0_0_0_0_0_0_0	SUM-159_NLS_4N_O1_A19_seed	SUM-159_NLS_4N_O1_A19	0	138	8	0.781407035175879	9.99998941878107e-13	-27.631022174051
4N	20.5_20.5_2_1_0.5_0.3_0.2_0.1_0_0_0_0_0_0_0_0_0_0_0_0_0	SUM-159_NLS_4N_O1_A19_seed	SUM-159_NLS_4N_O1_A19	0	138	9	0.821608040201005	9.99998941878107e-13	-27.631022174051
4N	20.5_20.5_2_1_0.5_0.3_0.2_0.1_0_0_0_0_0_0_0_0_0_0_0_0_0	SUM-159_NLS_4N_O1_A19_seed	SUM-159_NLS_4N_O1_A19	0	138	10	0.861809045226131	9.99998941878107e-13	-27.631022174051
4N	20.5_20.5_2_1_0.5_0.3_0.2_0.1_0_0_0_0_0_0_0_0_0_0_0_0_0	SUM-159_NLS_4N_O1_A19_seed	SUM-159_NLS_4N_O1_A19	0	138	11	0.902010050251256	9.99998941878107e-13	-27.631022174051
4N	20.5_20.5_2_1_0.5_0.3_0.2_0.1_0_0_0_0_0_0_0_0_0_0_0_0_0	SUM-159_NLS_4N_O1_A19_seed	SUM-159_NLS_4N_O1_A19	0	138	12	0.942211055276382	9.99998941878107e-13	-27.631022174051
4N	20.5_20.5_2_1_0.5_0.3_0.2_0.1_0_0_0_0_0_0_0_0_0_0_0_0_0	SUM-159_NLS_4N_O1_A19_seed	SUM-159_NLS_4N_O1_A19	0	138	13	0.982412060301508	9.99998941878107e-13	-27.631022174051
4N	20.5_20.5_2_1_0.5_0.3_0.2_0.1_0_0_0_0_0_0_0_0_0_0_0_0_0	SUM-159_NLS_4N_O1_A19_seed	SUM-159_NLS_4N_O1_A19	0	138	14	1.02261306532663	9.99998941878107e-13	-27.631022174051
4N	20.5_20.5_2_1_0.5_0.3_0.2_0.1_0_0_0_0_0_0_0_0_0_0_0_0_0	SUM-159_NLS_4N_O1_A19_seed	SUM-159_NLS_4N_O1_A19	0	138	15	1.06281407035176	9.99998941878107e-13	-27.631022174051
4N	20.5_20.5_2_1_0.5_0.3_0.2_0.1_0_0_0_0_0_0_0_0_0_0_0_0_0	SUM-159_NLS_4N_O1_A19_seed	SUM-159_NLS_4N_O1_A19	0	138	16	1.10301507537688	9.99998941878107e-13	-27.631022174051
4N	20.5_20.5_2_1_0.5_0.3_0.2_0.1_0_0_0_0_0_0_0_0_0_0_0_0_0	SUM-159_NLS_4N_O1_A19_seed	SUM-159_NLS_4N_O1_A19	0	138	17	1.14321608040201	9.99998941878107e-13	-27.631022174051
4N	20.5_20.5_2_1_0.5_0.3_0.2_0.1_0_0_0_0_0_0_0_0_0_0_0_0_0	SUM-159_NLS_4N_O1_A19_seed	SUM-159_NLS_4N_O1_A19	0	138	18	1.18341708542714	9.99998941878107e-13	-27.631022174051
4N	20.5_20.5_2_1_0.5_0.3_0.2_0.1_0_0_0_0_0_0_0_0_0_0_0_0_0	SUM-159_NLS_4N_O1_A19_seed	SUM-159_NLS_4N_O1_A19	0	138	19	1.22361809045226	9.99998941878107e-13	-27.631022174051
4N	20.5_20.5_2_1_0.5_0.3_0.2_0.1_0_0_0_0_0_0_0_0_0_0_0_0_0	SUM-159_NLS_4N_O1_A19_seed	SUM-159_NLS_4N_O1_A19	0	138	20	1.26381909547739	9.99998941878107e-13	-27.631022174051
4N	20.5_20.5_2_1_0.5_0.3_0.2_0.1_0_0_0_0_0_0_0_0_0_0_0_0_0	SUM-159_NLS_4N_O1_A19_seed	SUM-159_NLS_4N_O1_A19	0	138	21	1.30402010050251	9.99998941878107e-13	-27.631022174051
4N	20.5_20.5_2_1_0.5_0.3_0.2_0.1_0_0_0_0_0_0_0_0_0_0_0_0_0	SUM-159_NLS_4N_O1_A19_seed	SUM-159_NLS_4N_O1_A19	0	138	22	1.34422110552764	9.99998941878107e-13	-27.631022174051
4N	20.5_20.5_2_1_0.5_0.3_0.2_0.1_0_0_0_0_0_0_0_0_0_0_0_0_0	SUM-159_NLS_4N_O1_A19_seed	SUM-159_NLS_4N_O1_A19	0	138	23	1.38442211055276	9.99998941878107e-13	-27.631022174051
4N	20.5_20.5_2_1_0.5_0.3_0.2_0.1_0_0_0_0_0_0_0_0_0_0_0_0_0	SUM-159_NLS_4N_O1_A19_seed	SUM-159_NLS_4N_O1_A19	0	138	24	1.42462311557789	9.99998941878107e-13	-27.631022174051
4N	20.5_20.5_2_1_0.5_0.3_0.2_0.1_0_0_0_0_0_0_0_0_0_0_0_0_0	SUM-159_NLS_4N_O1_A19_seed	SUM-159_NLS_4N_O1_A19	0	138	25	1.46482412060302	9.99998941878107e-13	-27.631022174051
4N	20.5_20.5_2_1_0.5_0.3_0.2_0.1_0_0_0_0_0_0_0_0_0_0_0_0_0	SUM-159_NLS_4N_O1_A19_seed	SUM-159_NLS_4N_O1_A19	0	138	26	1.50502512562814	9.99998941878107e-13	-27.631022174051
4N	20.5_20.5_2_1_0.5_0.3_0.2_0.1_0_0_0_0_0_0_0_0_0_0_0_0_0	SUM-159_NLS_4N_O1_A19_seed	SUM-159_NLS_4N_O1_A19	0	138	27	1.54522613065327	9.99998941878107e-13	-27.631022174051
4N	20.5_20.5_2_1_0.5_0.3_0.2_0.1_0_0_0_0_0_0_0_0_0_0_0_0_0	SUM-159_NLS_4N_O1_A19_seed	SUM-159_NLS_4N_O1_A19	0	138	28	1.58542713567839	9.99998941878107e-13	-27.631022174051
4N	20.5_20.5_2_1_0.5_0.3_0.2_0.1_0_0_0_0_0_0_0_0_0_0_0_0_0	SUM-159_NLS_4N_O1_A19_seed	SUM-159_NLS_4N_O1_A19	0	138	29	1.62562814070352	9.99998941878107e-13	-27.631022174051
4N	20.5_20.5_2_1_0.5_0.3_0.2_0.1_0_0_0_0_0_0_0_0_0_0_0_0_0	SUM-159_NLS_4N_O1_A19_seed	SUM-159_NLS_4N_O1_A19	0	138	30	1.66582914572864	9.99998941878107e-13	-27.631022174051
4N	20.5_20.5_2_1_0.5_0.3_0.2_0.1_0_0_0_0_0_0_0_0_0_0_0_0_0	SUM-159_NLS_4N_O1_A19_seed	SUM-159_NLS_4N_O1_A19	0	138	31	1.70603015075377	9.99998941878107e-13	-27.631022174051
4N	20.5_20.5_2_1_0.5_0.3_0.2_0.1_0_0_0_0_0_0_0_0_0_0_0_0_0	SUM-159_NLS_4N_O1_A19_seed	SUM-159_NLS_4N_O1_A19	0	138	32	1.74623115577889	9.99998941878107e-13	-27.631022174051
4N	20.5_20.5_2_1_0.5_0.3_0.2_0.1_0_0_0_0_0_0_0_0_0_0_0_0_0	SUM-159_NLS_4N_O1_A19_seed	SUM-159_NLS_4N_O1_A19	0	138	33	1.78643216080402	9.99998941878107e-13	-27.631022174051
4N	20.5_20.5_2_1_0.5_0.3_0.2_0.1_0_0_0_0_0_0_0_0_0_0_0_0_0	SUM-159_NLS_4N_O1_A19_seed	SUM-159_NLS_4N_O1_A19	0	138	34	1.82663316582915	9.99998941878107e-13	-27.631022174051
4N	20.5_20.5_2_1_0.5_0.3_0.2_0.1_0_0_0_0_0_0_0_0_0_0_0_0_0	SUM-159_NLS_4N_O1_A19_seed	SUM-159_NLS_4N_O1_A19	0	138	35	1.86683417085427	9.99998941878107e-13	-27.631022174051
4N	20.5_20.5_2_1_0.5_0.3_0.2_0.1_0_0_0_0_0_0_0_0_0_0_0_0_0	SUM-159_NLS_4N_O1_A19_seed	SUM-159_NLS_4N_O1_A19	0	138	36	1.9070351758794	9.99998941878107e-13	-27.631022174051
4N	20.5_20.5_2_1_0.5_0.3_0.2_0.1_0_0_0_0_0_0_0_0_0_0_0_0_0	SUM-159_NLS_4N_O1_A19_seed	SUM-159_NLS_4N_O1_A19	0	138	37	1.94723618090452	9.99998941878107e-13	-27.631022174051
4N	20.5_20.5_2_1_0.5_0.3_0.2_0.1_0_0_0_0_0_0_0_0_0_0_0_0_0	SUM-159_NLS_4N_O1_A19_seed	SUM-159_NLS_4N_O1_A19	0	138	38	1.98743718592965	9.99998941878107e-13	-27.631022174051
4N	20.5_20.5_2_1_0.5_0.3_0.2_0.1_0_0_0_0_0_0_0_0_0_0_0_0_0	SUM-159_NLS_4N_O1_A19_seed	SUM-159_NLS_4N_O1_A19	0	138	39	2.02763819095477	9.99998941878107e-13	-27.631022174051
4N	20.5_20.5_2_1_0.5_0.3_0.2_0.1_0_0_0_0_0_0_0_0_0_0_0_0_0	SUM-159_NLS_4N_O1_A19_seed	SUM-159_NLS_4N_O1_A19	0	138	40	2.0678391959799	9.99998941878107e-13	-27.631022174051
4N	20.5_20.5_2_1_0.5_0.3_0.2_0.1_0_0_0_0_0_0_0_0_0_0_0_0_0	SUM-159_NLS_4N_O1_A19_seed	SUM-159_NLS_4N_O1_A19	0	138	41	2.10804020100502	9.99998941878107e-13	-27.631022174051
4N	20.5_20.5_2_1_0.5_0.3_0.2_0.1_0_0_0_0_0_0_0_0_0_0_0_0_0	SUM-159_NLS_4N_O1_A19_seed	SUM-159_NLS_4N_O1_A19	0	138	42	2.14824120603015	9.99998941878107e-13	-27.631022174051
4N	20.5_20.5_2_1_0.5_0.3_0.2_0.1_0_0_0_0_0_0_0_0_0_0_0_0_0	SUM-159_NLS_4N_O1_A19_seed	SUM-159_NLS_4N_O1_A19	0	138	43	2.18844221105528	9.99998941878107e-13	-27.631022174051
4N	20.5_20.5_2_1_0.5_0.3_0.2_0.1_0_0_0_0_0_0_0_0_0_0_0_0_0	SUM-159_NLS_4N_O1_A19_seed	SUM-159_NLS_4N_O1_A19	0	138	44	2.2286432160804	9.99998941878107e-13	-27.631022174051
4N	20.5_20.5_2_1_0.5_0.3_0.2_0.1_0_0_0_0_0_0_0_0_0_0_0_0_0	SUM-159_NLS_4N_O1_A19_seed	SUM-159_NLS_4N_O1_A19	0	138	45	2.26884422110553	9.99998941878107e-13	-27.631022174051
4N	20.5_20.5_2_1_0.5_0.3_0.2_0.1_0_0_0_0_0_0_0_0_0_0_0_0_0	SUM-159_NLS_4N_O1_A19_seed	SUM-159_NLS_4N_O1_A19	0	138	46	2.30904522613065	9.99998941878107e-13	-27.631022174051
4N	20.5_20.5_2_1_0.5_0.3_0.2_0.1_0_0_0_0_0_0_0_0_0_0_0_0_0	SUM-159_NLS_4N_O1_A19_seed	SUM-159_NLS_4N_O1_A19	0	138	47	2.34924623115578	4.5125595713398e-11	-23.8215714979577
4N	20.5_20.5_2_1_0.5_0.3_0.2_0.1_0_0_0_0_0_0_0_0_0_0_0_0_0	SUM-159_NLS_4N_O1_A19_seed	SUM-159_NLS_4N_O1_A19	0	138	48	2.3894472361809	3.32503504816699e-08	-17.219200529098
4N	20.5_20.5_2_1_0.5_0.3_0.2_0.1_0_0_0_0_0_0_0_0_0_0_0_0_0	SUM-159_NLS_4N_O1_A19_seed	SUM-159_NLS_4N_O1_A19	0	138	49	2.42964824120603	1.60865895237137e-06	-13.3401096749002
4N	20.5_20.5_2_1_0.5_0.3_0.2_0.1_0_0_0_0_0_0_0_0_0_0_0_0_0	SUM-159_NLS_4N_O1_A19_seed	SUM-159_NLS_4N_O1_A19	0	138	50	2.46984924623116	1.51510556456522e-05	-11.0974403488554
4N	20.5_20.5_2_1_0.5_0.3_0.2_0.1_0_0_0_0_0_0_0_0_0_0_0_0_0	SUM-159_NLS_4N_O1_A19_seed	SUM-159_NLS_4N_O1_A19	0	138	51	2.51005025125628	2.21170121118097e-05	-10.7191634667534
4N	20.5_20.5_2_1_0.5_0.3_0.2_0.1_0_0_0_0_0_0_0_0_0_0_0_0_0	SUM-159_NLS_4N_O1_A19_seed	SUM-159_NLS_4N_O1_A19	0	138	52	2.55025125628141	2.95444159859026e-05	-10.4296158002971
4N	20.5_20.5_2_1_0.5_0.3_0.2_0.1_0_0_0_0_0_0_0_0_0_0_0_0_0	SUM-159_NLS_4N_O1_A19_seed	SUM-159_NLS_4N_O1_A19	0	138	53	2.59045226130653	8.86969133639392e-05	-9.33028546785694
4N	20.5_20.5_2_1_0.5_0.3_0.2_0.1_0_0_0_0_0_0_0_0_0_0_0_0_0	SUM-159_NLS_4N_O1_A19_seed	SUM-159_NLS_4N_O1_A19	0	138	54	2.63065326633166	0.000149065395799815	-8.81112545032103
4N	20.5_20.5_2_1_0.5_0.3_0.2_0.1_0_0_0_0_0_0_0_0_0_0_0_0_0	SUM-159_NLS_4N_O1_A19_seed	SUM-159_NLS_4N_O1_A19	0	138	55	2.67085427135678	0.000171427059948075	-8.67135268825193
4N	20.5_20.5_2_1_0.5_0.3_0.2_0.1_0_0_0_0_0_0_0_0_0_0_0_0_0	SUM-159_NLS_4N_O1_A19_seed	SUM-159_NLS_4N_O1_A19	0	138	56	2.71105527638191	0.000240886000702406	-8.33118676251687
4N	20.5_20.5_2_1_0.5_0.3_0.2_0.1_0_0_0_0_0_0_0_0_0_0_0_0_0	SUM-159_NLS_4N_O1_A19_seed	SUM-159_NLS_4N_O1_A19	0	138	57	2.75125628140704	0.000277590795793134	-8.1893624862461
4N	20.5_20.5_2_1_0.5_0.3_0.2_0.1_0_0_0_0_0_0_0_0_0_0_0_0_0	SUM-159_NLS_4N_O1_A19_seed	SUM-159_NLS_4N_O1_A19	0	138	58	2.79145728643216	0.000397984141072519	-7.82909840002519
4N	20.5_20.5_2_1_0.5_0.3_0.2_0.1_0_0_0_0_0_0_0_0_0_0_0_0_0	SUM-159_NLS_4N_O1_A19_seed	SUM-159_NLS_4N_O1_A19	0	138	59	2.83165829145729	0.000656430960043844	-7.32869303343187
4N	20.5_20.5_2_1_0.5_0.3_0.2_0.1_0_0_0_0_0_0_0_0_0_0_0_0_0	SUM-159_NLS_4N_O1_A19_seed	SUM-159_NLS_4N_O1_A19	0	138	60	2.87185929648241	0.000860078876212174	-7.05848645639664
4N	20.5_20.5_2_1_0.5_0.3_0.2_0.1_0_0_0_0_0_0_0_0_0_0_0_0_0	SUM-159_NLS_4N_O1_A19_seed	SUM-159_NLS_4N_O1_A19	0	138	61	2.91206030150754	0.00104134028618184	-6.86724665882393
4N	20.5_20.5_2_1_0.5_0.3_0.2_0.1_0_0_0_0_0_0_0_0_0_0_0_0_0	SUM-159_NLS_4N_O1_A19_seed	SUM-159_NLS_4N_O1_A19	0	138	62	2.95226130653266	0.0013748731670452	-6.58939379426712
4N	20.5_20.5_2_1_0.5_0.3_0.2_0.1_0_0_0_0_0_0_0_0_0_0_0_0_0	SUM-159_NLS_4N_O1_A19_seed	SUM-159_NLS_4N_O1_A19	0	138	63	2.99246231155779	0.00181451407718762	-6.31193757317777
4N	20.5_20.5_2_1_0.5_0.3_0.2_0.1_0_0_0_0_0_0_0_0_0_0_0_0_0	SUM-159_NLS_4N_O1_A19_seed	SUM-159_NLS_4N_O1_A19	0	138	64	3.03266331658291	0.00244090064108984	-6.01538819258253
4N	20.5_20.5_2_1_0.5_0.3_0.2_0.1_0_0_0_0_0_0_0_0_0_0_0_0_0	SUM-159_NLS_4N_O1_A19_seed	SUM-159_NLS_4N_O1_A19	0	138	65	3.07286432160804	0.00339594718900264	-5.68517256159546
4N	20.5_20.5_2_1_0.5_0.3_0.2_0.1_0_0_0_0_0_0_0_0_0_0_0_0_0	SUM-159_NLS_4N_O1_A19_seed	SUM-159_NLS_4N_O1_A19	0	138	66	3.11306532663317	0.00443325668376038	-5.41862082194936
4N	20.5_20.5_2_1_0.5_0.3_0.2_0.1_0_0_0_0_0_0_0_0_0_0_0_0_0	SUM-159_NLS_4N_O1_A19_seed	SUM-159_NLS_4N_O1_A19	0	138	67	3.15326633165829	0.00582184991894938	-5.14613721225456
4N	20.5_20.5_2_1_0.5_0.3_0.2_0.1_0_0_0_0_0_0_0_0_0_0_0_0_0	SUM-159_NLS_4N_O1_A19_seed	SUM-159_NLS_4N_O1_A19	0	138	68	3.19346733668342	0.0073973044952697	-4.90663960252584
4N	20.5_20.5_2_1_0.5_0.3_0.2_0.1_0_0_0_0_0_0_0_0_0_0_0_0_0	SUM-159_NLS_4N_O1_A19_seed	SUM-159_NLS_4N_O1_A19	0	138	69	3.23366834170854	0.00907533848436998	-4.70219460097363
4N	20.5_20.5_2_1_0.5_0.3_0.2_0.1_0_0_0_0_0_0_0_0_0_0_0_0_0	SUM-159_NLS_4N_O1_A19_seed	SUM-159_NLS_4N_O1_A19	0	138	70	3.27386934673367	0.0120321399066349	-4.42017388396369
4N	20.5_20.5_2_1_0.5_0.3_0.2_0.1_0_0_0_0_0_0_0_0_0_0_0_0_0	SUM-159_NLS_4N_O1_A19_seed	SUM-159_NLS_4N_O1_A19	0	138	71	3.31407035175879	0.0164674891412377	-4.10636719685528
4N	20.5_20.5_2_1_0.5_0.3_0.2_0.1_0_0_0_0_0_0_0_0_0_0_0_0_0	SUM-159_NLS_4N_O1_A19_seed	SUM-159_NLS_4N_O1_A19	0	138	72	3.35427135678392	0.0219363732411703	-3.81960914130099
4N	20.5_20.5_2_1_0.5_0.3_0.2_0.1_0_0_0_0_0_0_0_0_0_0_0_0_0	SUM-159_NLS_4N_O1_A19_seed	SUM-159_NLS_4N_O1_A19	0	138	73	3.39447236180905	0.0283853681368067	-3.56188147302989
4N	20.5_20.5_2_1_0.5_0.3_0.2_0.1_0_0_0_0_0_0_0_0_0_0_0_0_0	SUM-159_NLS_4N_O1_A19_seed	SUM-159_NLS_4N_O1_A19	0	138	74	3.43467336683417	0.036854977415063	-3.30076459714631
4N	20.5_20.5_2_1_0.5_0.3_0.2_0.1_0_0_0_0_0_0_0_0_0_0_0_0_0	SUM-159_NLS_4N_O1_A19_seed	SUM-159_NLS_4N_O1_A19	0	138	75	3.4748743718593	0.0475847581136696	-3.04524277671821
4N	20.5_20.5_2_1_0.5_0.3_0.2_0.1_0_0_0_0_0_0_0_0_0_0_0_0_0	SUM-159_NLS_4N_O1_A19_seed	SUM-159_NLS_4N_O1_A19	0	138	76	3.51507537688442	0.0610848184383984	-2.79549191440853
4N	20.5_20.5_2_1_0.5_0.3_0.2_0.1_0_0_0_0_0_0_0_0_0_0_0_0_0	SUM-159_NLS_4N_O1_A19_seed	SUM-159_NLS_4N_O1_A19	0	138	77	3.55527638190955	0.0784069409284175	-2.5458428232943
4N	20.5_20.5_2_1_0.5_0.3_0.2_0.1_0_0_0_0_0_0_0_0_0_0_0_0_0	SUM-159_NLS_4N_O1_A19_seed	SUM-159_NLS_4N_O1_A19	0	138	78	3.59547738693467	0.101341691398165	-2.28925738874244
4N	20.5_20.5_2_1_0.5_0.3_0.2_0.1_0_0_0_0_0_0_0_0_0_0_0_0_0	SUM-159_NLS_4N_O1_A19_seed	SUM-159_NLS_4N_O1_A19	0	138	79	3.6356783919598	0.127436960690864	-2.06013346260648
4N	20.5_20.5_2_1_0.5_0.3_0.2_0.1_0_0_0_0_0_0_0_0_0_0_0_0_0	SUM-159_NLS_4N_O1_A19_seed	SUM-159_NLS_4N_O1_A19	0	138	80	3.67587939698492	0.155416229493709	-1.86164840960529
4N	20.5_20.5_2_1_0.5_0.3_0.2_0.1_0_0_0_0_0_0_0_0_0_0_0_0_0	SUM-159_NLS_4N_O1_A19_seed	SUM-159_NLS_4N_O1_A19	0	138	81	3.71608040201005	0.186183843687414	-1.68102068649984
4N	20.5_20.5_2_1_0.5_0.3_0.2_0.1_0_0_0_0_0_0_0_0_0_0_0_0_0	SUM-159_NLS_4N_O1_A19_seed	SUM-159_NLS_4N_O1_A19	0	138	82	3.75628140703518	0.222477845498209	-1.50292775312791
4N	20.5_20.5_2_1_0.5_0.3_0.2_0.1_0_0_0_0_0_0_0_0_0_0_0_0_0	SUM-159_NLS_4N_O1_A19_seed	SUM-159_NLS_4N_O1_A19	0	138	83	3.7964824120603	0.266555580294965	-1.32217250066721
4N	20.5_20.5_2_1_0.5_0.3_0.2_0.1_0_0_0_0_0_0_0_0_0_0_0_0_0	SUM-159_NLS_4N_O1_A19_seed	SUM-159_NLS_4N_O1_A19	0	138	84	3.83668341708543	0.316656594285678	-1.14993739108044
4N	20.5_20.5_2_1_0.5_0.3_0.2_0.1_0_0_0_0_0_0_0_0_0_0_0_0_0	SUM-159_NLS_4N_O1_A19_seed	SUM-159_NLS_4N_O1_A19	0	138	85	3.87688442211055	0.37080220562438	-0.992086497022313
4N	20.5_20.5_2_1_0.5_0.3_0.2_0.1_0_0_0_0_0_0_0_0_0_0_0_0_0	SUM-159_NLS_4N_O1_A19_seed	SUM-159_NLS_4N_O1_A19	0	138	86	3.91708542713568	0.429296855978673	-0.845606627378083
4N	20.5_20.5_2_1_0.5_0.3_0.2_0.1_0_0_0_0_0_0_0_0_0_0_0_0_0	SUM-159_NLS_4N_O1_A19_seed	SUM-159_NLS_4N_O1_A19	0	138	87	3.9572864321608	0.486415106917317	-0.720692890183137
4N	20.5_20.5_2_1_0.5_0.3_0.2_0.1_0_0_0_0_0_0_0_0_0_0_0_0_0	SUM-159_NLS_4N_O1_A19_seed	SUM-159_NLS_4N_O1_A19	0	138	88	3.99748743718593	0.51650921862611	-0.66066214232207
4N	20.5_20.5_2_1_0.5_0.3_0.2_0.1_0_0_0_0_0_0_0_0_0_0_0_0_0	SUM-159_NLS_4N_O1_A19_seed	SUM-159_NLS_4N_O1_A19	0	138	89	4.03768844221106	0.533290648778285	-0.628688696165945
4N	20.5_20.5_2_1_0.5_0.3_0.2_0.1_0_0_0_0_0_0_0_0_0_0_0_0_0	SUM-159_NLS_4N_O1_A19_seed	SUM-159_NLS_4N_O1_A19	0	138	90	4.07788944723618	0.576390141260649	-0.550970518992203
4N	20.5_20.5_2_1_0.5_0.3_0.2_0.1_0_0_0_0_0_0_0_0_0_0_0_0_0	SUM-159_NLS_4N_O1_A19_seed	SUM-159_NLS_4N_O1_A19	0	138	91	4.11809045226131	0.62300892335354	-0.473194437097357
4N	20.5_20.5_2_1_0.5_0.3_0.2_0.1_0_0_0_0_0_0_0_0_0_0_0_0_0	SUM-159_NLS_4N_O1_A19_seed	SUM-159_NLS_4N_O1_A19	0	138	92	4.15829145728643	0.666555382103402	-0.405632048886897
4N	20.5_20.5_2_1_0.5_0.3_0.2_0.1_0_0_0_0_0_0_0_0_0_0_0_0_0	SUM-159_NLS_4N_O1_A19_seed	SUM-159_NLS_4N_O1_A19	0	138	93	4.19849246231156	0.712591346411047	-0.338847169567764
4N	20.5_20.5_2_1_0.5_0.3_0.2_0.1_0_0_0_0_0_0_0_0_0_0_0_0_0	SUM-159_NLS_4N_O1_A19_seed	SUM-159_NLS_4N_O1_A19	0	138	94	4.23869346733668	0.756382110534991	-0.279208593277373
4N	20.5_20.5_2_1_0.5_0.3_0.2_0.1_0_0_0_0_0_0_0_0_0_0_0_0_0	SUM-159_NLS_4N_O1_A19_seed	SUM-159_NLS_4N_O1_A19	0	138	95	4.27889447236181	0.787195193166526	-0.239279039504446
4N	20.5_20.5_2_1_0.5_0.3_0.2_0.1_0_0_0_0_0_0_0_0_0_0_0_0_0	SUM-159_NLS_4N_O1_A19_seed	SUM-159_NLS_4N_O1_A19	0	138	96	4.31909547738693	0.813865202039495	-0.205960526152781
4N	20.5_20.5_2_1_0.5_0.3_0.2_0.1_0_0_0_0_0_0_0_0_0_0_0_0_0	SUM-159_NLS_4N_O1_A19_seed	SUM-159_NLS_4N_O1_A19	0	138	97	4.35929648241206	0.843953856186879	-0.169657458645151
4N	20.5_20.5_2_1_0.5_0.3_0.2_0.1_0_0_0_0_0_0_0_0_0_0_0_0_0	SUM-159_NLS_4N_O1_A19_seed	SUM-159_NLS_4N_O1_A19	0	138	98	4.39949748743719	0.871456446958176	-0.137589390075002
4N	20.5_20.5_2_1_0.5_0.3_0.2_0.1_0_0_0_0_0_0_0_0_0_0_0_0_0	SUM-159_NLS_4N_O1_A19_seed	SUM-159_NLS_4N_O1_A19	0	138	99	4.43969849246231	0.885898450706831	-0.121152950400953
4N	20.5_20.5_2_1_0.5_0.3_0.2_0.1_0_0_0_0_0_0_0_0_0_0_0_0_0	SUM-159_NLS_4N_O1_A19_seed	SUM-159_NLS_4N_O1_A19	0	138	100	4.47989949748744	0.889020724813203	-0.117634731239174
4N	20.5_20.5_2_1_0.5_0.3_0.2_0.1_0_0_0_0_0_0_0_0_0_0_0_0_0	SUM-159_NLS_4N_O1_A19_seed	SUM-159_NLS_4N_O1_A19	0	138	101	4.52010050251256	0.888244298274469	-0.118508463156521
4N	20.5_20.5_2_1_0.5_0.3_0.2_0.1_0_0_0_0_0_0_0_0_0_0_0_0_0	SUM-159_NLS_4N_O1_A19_seed	SUM-159_NLS_4N_O1_A19	0	138	102	4.56030150753769	0.878101957752054	-0.129992567086667
4N	20.5_20.5_2_1_0.5_0.3_0.2_0.1_0_0_0_0_0_0_0_0_0_0_0_0_0	SUM-159_NLS_4N_O1_A19_seed	SUM-159_NLS_4N_O1_A19	0	138	103	4.60050251256281	0.85977018321141	-0.15109015427051
4N	20.5_20.5_2_1_0.5_0.3_0.2_0.1_0_0_0_0_0_0_0_0_0_0_0_0_0	SUM-159_NLS_4N_O1_A19_seed	SUM-159_NLS_4N_O1_A19	0	138	104	4.64070351758794	0.834084416429479	-0.181420663005279
4N	20.5_20.5_2_1_0.5_0.3_0.2_0.1_0_0_0_0_0_0_0_0_0_0_0_0_0	SUM-159_NLS_4N_O1_A19_seed	SUM-159_NLS_4N_O1_A19	0	138	105	4.68090452261307	0.804755272918272	-0.217217056580794
4N	20.5_20.5_2_1_0.5_0.3_0.2_0.1_0_0_0_0_0_0_0_0_0_0_0_0_0	SUM-159_NLS_4N_O1_A19_seed	SUM-159_NLS_4N_O1_A19	0	138	106	4.72110552763819	0.769978845630457	-0.261392237719002
4N	20.5_20.5_2_1_0.5_0.3_0.2_0.1_0_0_0_0_0_0_0_0_0_0_0_0_0	SUM-159_NLS_4N_O1_A19_seed	SUM-159_NLS_4N_O1_A19	0	138	107	4.76130653266332	0.730053166770947	-0.314637916298685
4N	20.5_20.5_2_1_0.5_0.3_0.2_0.1_0_0_0_0_0_0_0_0_0_0_0_0_0	SUM-159_NLS_4N_O1_A19_seed	SUM-159_NLS_4N_O1_A19	0	138	108	4.80150753768844	0.691370131360452	-0.369079952658531
4N	20.5_20.5_2_1_0.5_0.3_0.2_0.1_0_0_0_0_0_0_0_0_0_0_0_0_0	SUM-159_NLS_4N_O1_A19_seed	SUM-159_NLS_4N_O1_A19	0	138	109	4.84170854271357	0.648936740560721	-0.43242003920023
4N	20.5_20.5_2_1_0.5_0.3_0.2_0.1_0_0_0_0_0_0_0_0_0_0_0_0_0	SUM-159_NLS_4N_O1_A19_seed	SUM-159_NLS_4N_O1_A19	0	138	110	4.88190954773869	0.604282089622336	-0.503714154276026
4N	20.5_20.5_2_1_0.5_0.3_0.2_0.1_0_0_0_0_0_0_0_0_0_0_0_0_0	SUM-159_NLS_4N_O1_A19_seed	SUM-159_NLS_4N_O1_A19	0	138	111	4.92211055276382	0.556677212651894	-0.585769717535257
4N	20.5_20.5_2_1_0.5_0.3_0.2_0.1_0_0_0_0_0_0_0_0_0_0_0_0_0	SUM-159_NLS_4N_O1_A19_seed	SUM-159_NLS_4N_O1_A19	0	138	112	4.96231155778894	0.502585802382798	-0.687988902614657
4N	20.5_20.5_2_1_0.5_0.3_0.2_0.1_0_0_0_0_0_0_0_0_0_0_0_0_0	SUM-159_NLS_4N_O1_A19_seed	SUM-159_NLS_4N_O1_A19	0	138	113	5.00251256281407	0.451133048591763	-0.795992975021754
4N	20.5_20.5_2_1_0.5_0.3_0.2_0.1_0_0_0_0_0_0_0_0_0_0_0_0_0	SUM-159_NLS_4N_O1_A19_seed	SUM-159_NLS_4N_O1_A19	0	138	114	5.0427135678392	0.411615832948594	-0.887664808928753
4N	20.5_20.5_2_1_0.5_0.3_0.2_0.1_0_0_0_0_0_0_0_0_0_0_0_0_0	SUM-159_NLS_4N_O1_A19_seed	SUM-159_NLS_4N_O1_A19	0	138	115	5.08291457286432	0.374991857889997	-0.980850965540783
4N	20.5_20.5_2_1_0.5_0.3_0.2_0.1_0_0_0_0_0_0_0_0_0_0_0_0_0	SUM-159_NLS_4N_O1_A19_seed	SUM-159_NLS_4N_O1_A19	0	138	116	5.12311557788945	0.334079924075911	-1.09637502099114
4N	20.5_20.5_2_1_0.5_0.3_0.2_0.1_0_0_0_0_0_0_0_0_0_0_0_0_0	SUM-159_NLS_4N_O1_A19_seed	SUM-159_NLS_4N_O1_A19	0	138	117	5.16331658291457	0.294341842884998	-1.22301345619015
4N	20.5_20.5_2_1_0.5_0.3_0.2_0.1_0_0_0_0_0_0_0_0_0_0_0_0_0	SUM-159_NLS_4N_O1_A19_seed	SUM-159_NLS_4N_O1_A19	0	138	118	5.2035175879397	0.258770990763303	-1.35181181397
4N	20.5_20.5_2_1_0.5_0.3_0.2_0.1_0_0_0_0_0_0_0_0_0_0_0_0_0	SUM-159_NLS_4N_O1_A19_seed	SUM-159_NLS_4N_O1_A19	0	138	119	5.24371859296482	0.225913877571452	-1.48760142502919
4N	20.5_20.5_2_1_0.5_0.3_0.2_0.1_0_0_0_0_0_0_0_0_0_0_0_0_0	SUM-159_NLS_4N_O1_A19_seed	SUM-159_NLS_4N_O1_A19	0	138	120	5.28391959798995	0.195944870882007	-1.6299219303259
4N	20.5_20.5_2_1_0.5_0.3_0.2_0.1_0_0_0_0_0_0_0_0_0_0_0_0_0	SUM-159_NLS_4N_O1_A19_seed	SUM-159_NLS_4N_O1_A19	0	138	121	5.32412060301508	0.170700526728084	-1.76784456349181
4N	20.5_20.5_2_1_0.5_0.3_0.2_0.1_0_0_0_0_0_0_0_0_0_0_0_0_0	SUM-159_NLS_4N_O1_A19_seed	SUM-159_NLS_4N_O1_A19	0	138	122	5.3643216080402	0.147251877445028	-1.9156107064806
4N	20.5_20.5_2_1_0.5_0.3_0.2_0.1_0_0_0_0_0_0_0_0_0_0_0_0_0	SUM-159_NLS_4N_O1_A19_seed	SUM-159_NLS_4N_O1_A19	0	138	123	5.40452261306533	0.123847888988331	-2.08870116809853
4N	20.5_20.5_2_1_0.5_0.3_0.2_0.1_0_0_0_0_0_0_0_0_0_0_0_0_0	SUM-159_NLS_4N_O1_A19_seed	SUM-159_NLS_4N_O1_A19	0	138	124	5.44472361809045	0.106401201800807	-2.24053840701802
4N	20.5_20.5_2_1_0.5_0.3_0.2_0.1_0_0_0_0_0_0_0_0_0_0_0_0_0	SUM-159_NLS_4N_O1_A19_seed	SUM-159_NLS_4N_O1_A19	0	138	125	5.48492462311558	0.0907892627853833	-2.39921425162942
4N	20.5_20.5_2_1_0.5_0.3_0.2_0.1_0_0_0_0_0_0_0_0_0_0_0_0_0	SUM-159_NLS_4N_O1_A19_seed	SUM-159_NLS_4N_O1_A19	0	138	126	5.5251256281407	0.0764096179083775	-2.57164670187989
4N	20.5_20.5_2_1_0.5_0.3_0.2_0.1_0_0_0_0_0_0_0_0_0_0_0_0_0	SUM-159_NLS_4N_O1_A19_seed	SUM-159_NLS_4N_O1_A19	0	138	127	5.56532663316583	0.0642433226734499	-2.7450774878691
4N	20.5_20.5_2_1_0.5_0.3_0.2_0.1_0_0_0_0_0_0_0_0_0_0_0_0_0	SUM-159_NLS_4N_O1_A19_seed	SUM-159_NLS_4N_O1_A19	0	138	128	5.60552763819095	0.0537668365217538	-2.923098423409
4N	20.5_20.5_2_1_0.5_0.3_0.2_0.1_0_0_0_0_0_0_0_0_0_0_0_0_0	SUM-159_NLS_4N_O1_A19_seed	SUM-159_NLS_4N_O1_A19	0	138	129	5.64572864321608	0.0447860129015881	-3.10585940032764
4N	20.5_20.5_2_1_0.5_0.3_0.2_0.1_0_0_0_0_0_0_0_0_0_0_0_0_0	SUM-159_NLS_4N_O1_A19_seed	SUM-159_NLS_4N_O1_A19	0	138	130	5.68592964824121	0.0368248273183992	-3.30158300589361
4N	20.5_20.5_2_1_0.5_0.3_0.2_0.1_0_0_0_0_0_0_0_0_0_0_0_0_0	SUM-159_NLS_4N_O1_A19_seed	SUM-159_NLS_4N_O1_A19	0	138	131	5.72613065326633	0.0299178727573046	-3.50929922608709
4N	20.5_20.5_2_1_0.5_0.3_0.2_0.1_0_0_0_0_0_0_0_0_0_0_0_0_0	SUM-159_NLS_4N_O1_A19_seed	SUM-159_NLS_4N_O1_A19	0	138	132	5.76633165829146	0.0245634788089437	-3.70649454041865
4N	20.5_20.5_2_1_0.5_0.3_0.2_0.1_0_0_0_0_0_0_0_0_0_0_0_0_0	SUM-159_NLS_4N_O1_A19_seed	SUM-159_NLS_4N_O1_A19	0	138	133	5.80653266331658	0.0207620572398105	-3.87462812926418
4N	20.5_20.5_2_1_0.5_0.3_0.2_0.1_0_0_0_0_0_0_0_0_0_0_0_0_0	SUM-159_NLS_4N_O1_A19_seed	SUM-159_NLS_4N_O1_A19	0	138	134	5.84673366834171	0.0174162824082544	-4.05034973973267
4N	20.5_20.5_2_1_0.5_0.3_0.2_0.1_0_0_0_0_0_0_0_0_0_0_0_0_0	SUM-159_NLS_4N_O1_A19_seed	SUM-159_NLS_4N_O1_A19	0	138	135	5.88693467336683	0.0142311813973397	-4.25231984872847
4N	20.5_20.5_2_1_0.5_0.3_0.2_0.1_0_0_0_0_0_0_0_0_0_0_0_0_0	SUM-159_NLS_4N_O1_A19_seed	SUM-159_NLS_4N_O1_A19	0	138	136	5.92713567839196	0.0114183642105121	-4.47253232402341
4N	20.5_20.5_2_1_0.5_0.3_0.2_0.1_0_0_0_0_0_0_0_0_0_0_0_0_0	SUM-159_NLS_4N_O1_A19_seed	SUM-159_NLS_4N_O1_A19	0	138	137	5.96733668341709	0.00895930602749021	-4.71506250728392
4N	20.5_20.5_2_1_0.5_0.3_0.2_0.1_0_0_0_0_0_0_0_0_0_0_0_0_0	SUM-159_NLS_4N_O1_A19_seed	SUM-159_NLS_4N_O1_A19	0	138	138	6.00753768844221	0.00713151823977627	-4.94323113036875
4N	20.5_20.5_2_1_0.5_0.3_0.2_0.1_0_0_0_0_0_0_0_0_0_0_0_0_0	SUM-159_NLS_4N_O1_A19_seed	SUM-159_NLS_4N_O1_A19	0	138	139	6.04773869346734	0.00542886579198862	-5.21602504494117
4N	20.5_20.5_2_1_0.5_0.3_0.2_0.1_0_0_0_0_0_0_0_0_0_0_0_0_0	SUM-159_NLS_4N_O1_A19_seed	SUM-159_NLS_4N_O1_A19	0	138	140	6.08793969849246	0.00459343668566783	-5.38312680180963
4N	20.5_20.5_2_1_0.5_0.3_0.2_0.1_0_0_0_0_0_0_0_0_0_0_0_0_0	SUM-159_NLS_4N_O1_A19_seed	SUM-159_NLS_4N_O1_A19	0	138	141	6.12814070351759	0.0039609465028858	-5.53127226639524
4N	20.5_20.5_2_1_0.5_0.3_0.2_0.1_0_0_0_0_0_0_0_0_0_0_0_0_0	SUM-159_NLS_4N_O1_A19_seed	SUM-159_NLS_4N_O1_A19	0	138	142	6.16834170854271	0.00295743156728995	-5.82343410108106
4N	20.5_20.5_2_1_0.5_0.3_0.2_0.1_0_0_0_0_0_0_0_0_0_0_0_0_0	SUM-159_NLS_4N_O1_A19_seed	SUM-159_NLS_4N_O1_A19	0	138	143	6.20854271356784	0.00216576677249962	-6.13498081279385
4N	20.5_20.5_2_1_0.5_0.3_0.2_0.1_0_0_0_0_0_0_0_0_0_0_0_0_0	SUM-159_NLS_4N_O1_A19_seed	SUM-159_NLS_4N_O1_A19	0	138	144	6.24874371859296	0.00196015117625576	-6.2347336779714
4N	20.5_20.5_2_1_0.5_0.3_0.2_0.1_0_0_0_0_0_0_0_0_0_0_0_0_0	SUM-159_NLS_4N_O1_A19_seed	SUM-159_NLS_4N_O1_A19	0	138	145	6.28894472361809	0.00178400851362417	-6.32889247262485
4N	20.5_20.5_2_1_0.5_0.3_0.2_0.1_0_0_0_0_0_0_0_0_0_0_0_0_0	SUM-159_NLS_4N_O1_A19_seed	SUM-159_NLS_4N_O1_A19	0	138	146	6.32914572864322	0.00149038293409543	-6.50872218929571
4N	20.5_20.5_2_1_0.5_0.3_0.2_0.1_0_0_0_0_0_0_0_0_0_0_0_0_0	SUM-159_NLS_4N_O1_A19_seed	SUM-159_NLS_4N_O1_A19	0	138	147	6.36934673366834	0.0010646004165019	-6.84515574599716
4N	20.5_20.5_2_1_0.5_0.3_0.2_0.1_0_0_0_0_0_0_0_0_0_0_0_0_0	SUM-159_NLS_4N_O1_A19_seed	SUM-159_NLS_4N_O1_A19	0	138	148	6.40954773869347	0.000774152085473315	-7.16374221081716
4N	20.5_20.5_2_1_0.5_0.3_0.2_0.1_0_0_0_0_0_0_0_0_0_0_0_0_0	SUM-159_NLS_4N_O1_A19_seed	SUM-159_NLS_4N_O1_A19	0	138	149	6.44974874371859	0.000611923295207229	-7.3989036179357
4N	20.5_20.5_2_1_0.5_0.3_0.2_0.1_0_0_0_0_0_0_0_0_0_0_0_0_0	SUM-159_NLS_4N_O1_A19_seed	SUM-159_NLS_4N_O1_A19	0	138	150	6.48994974874372	0.00050109710225129	-7.59871065879063
4N	20.5_20.5_2_1_0.5_0.3_0.2_0.1_0_0_0_0_0_0_0_0_0_0_0_0_0	SUM-159_NLS_4N_O1_A19_seed	SUM-159_NLS_4N_O1_A19	0	138	151	6.53015075376884	0.00031920374695493	-8.04968095387691
4N	20.5_20.5_2_1_0.5_0.3_0.2_0.1_0_0_0_0_0_0_0_0_0_0_0_0_0	SUM-159_NLS_4N_O1_A19_seed	SUM-159_NLS_4N_O1_A19	0	138	152	6.57035175879397	0.000233335293757721	-8.36303410980547
4N	20.5_20.5_2_1_0.5_0.3_0.2_0.1_0_0_0_0_0_0_0_0_0_0_0_0_0	SUM-159_NLS_4N_O1_A19_seed	SUM-159_NLS_4N_O1_A19	0	138	153	6.6105527638191	0.000169443789121743	-8.6829893137447
4N	20.5_20.5_2_1_0.5_0.3_0.2_0.1_0_0_0_0_0_0_0_0_0_0_0_0_0	SUM-159_NLS_4N_O1_A19_seed	SUM-159_NLS_4N_O1_A19	0	138	154	6.65075376884422	0.000153920452030394	-8.77907463426329
4N	20.5_20.5_2_1_0.5_0.3_0.2_0.1_0_0_0_0_0_0_0_0_0_0_0_0_0	SUM-159_NLS_4N_O1_A19_seed	SUM-159_NLS_4N_O1_A19	0	138	155	6.69095477386935	0.00013951578618604	-8.87733280048132
4N	20.5_20.5_2_1_0.5_0.3_0.2_0.1_0_0_0_0_0_0_0_0_0_0_0_0_0	SUM-159_NLS_4N_O1_A19_seed	SUM-159_NLS_4N_O1_A19	0	138	156	6.73115577889447	7.8088431567338e-05	-9.45766863542752
4N	20.5_20.5_2_1_0.5_0.3_0.2_0.1_0_0_0_0_0_0_0_0_0_0_0_0_0	SUM-159_NLS_4N_O1_A19_seed	SUM-159_NLS_4N_O1_A19	0	138	157	6.7713567839196	3.81181224734498e-05	-10.1748207334487
4N	20.5_20.5_2_1_0.5_0.3_0.2_0.1_0_0_0_0_0_0_0_0_0_0_0_0_0	SUM-159_NLS_4N_O1_A19_seed	SUM-159_NLS_4N_O1_A19	0	138	158	6.81155778894472	3.83685468711304e-05	-10.1682725259073
4N	20.5_20.5_2_1_0.5_0.3_0.2_0.1_0_0_0_0_0_0_0_0_0_0_0_0_0	SUM-159_NLS_4N_O1_A19_seed	SUM-159_NLS_4N_O1_A19	0	138	159	6.85175879396985	6.11551691086901e-05	-9.70209616778161
4N	20.5_20.5_2_1_0.5_0.3_0.2_0.1_0_0_0_0_0_0_0_0_0_0_0_0_0	SUM-159_NLS_4N_O1_A19_seed	SUM-159_NLS_4N_O1_A19	0	138	160	6.89195979899498	5.90968006360918e-05	-9.73633376977066
4N	20.5_20.5_2_1_0.5_0.3_0.2_0.1_0_0_0_0_0_0_0_0_0_0_0_0_0	SUM-159_NLS_4N_O1_A19_seed	SUM-159_NLS_4N_O1_A19	0	138	161	6.9321608040201	3.2265331979199e-05	-10.3415172174864
4N	20.5_20.5_2_1_0.5_0.3_0.2_0.1_0_0_0_0_0_0_0_0_0_0_0_0_0	SUM-159_NLS_4N_O1_A19_seed	SUM-159_NLS_4N_O1_A19	0	138	162	6.97236180904523	1.13059196575134e-05	-11.3901841059178
4N	20.5_20.5_2_1_0.5_0.3_0.2_0.1_0_0_0_0_0_0_0_0_0_0_0_0_0	SUM-159_NLS_4N_O1_A19_seed	SUM-159_NLS_4N_O1_A19	0	138	163	7.01256281407035	2.16386092055741e-05	-10.7410313756644
4N	20.5_20.5_2_1_0.5_0.3_0.2_0.1_0_0_0_0_0_0_0_0_0_0_0_0_0	SUM-159_NLS_4N_O1_A19_seed	SUM-159_NLS_4N_O1_A19	0	138	164	7.05276381909548	2.45747361277018e-05	-10.6137916294169
4N	20.5_20.5_2_1_0.5_0.3_0.2_0.1_0_0_0_0_0_0_0_0_0_0_0_0_0	SUM-159_NLS_4N_O1_A19_seed	SUM-159_NLS_4N_O1_A19	0	138	165	7.0929648241206	3.51524500264485e-05	-10.255816240104
4N	20.5_20.5_2_1_0.5_0.3_0.2_0.1_0_0_0_0_0_0_0_0_0_0_0_0_0	SUM-159_NLS_4N_O1_A19_seed	SUM-159_NLS_4N_O1_A19	0	138	166	7.13316582914573	3.02737623651394e-05	-10.4052291491249
4N	20.5_20.5_2_1_0.5_0.3_0.2_0.1_0_0_0_0_0_0_0_0_0_0_0_0_0	SUM-159_NLS_4N_O1_A19_seed	SUM-159_NLS_4N_O1_A19	0	138	167	7.17336683417085	8.5188472493909e-06	-11.6732295256441
4N	20.5_20.5_2_1_0.5_0.3_0.2_0.1_0_0_0_0_0_0_0_0_0_0_0_0_0	SUM-159_NLS_4N_O1_A19_seed	SUM-159_NLS_4N_O1_A19	0	138	168	7.21356783919598	1.28297663081179e-05	-11.2637425939907
4N	20.5_20.5_2_1_0.5_0.3_0.2_0.1_0_0_0_0_0_0_0_0_0_0_0_0_0	SUM-159_NLS_4N_O1_A19_seed	SUM-159_NLS_4N_O1_A19	0	138	169	7.25376884422111	2.15470046170179e-05	-10.7452737479656
4N	20.5_20.5_2_1_0.5_0.3_0.2_0.1_0_0_0_0_0_0_0_0_0_0_0_0_0	SUM-159_NLS_4N_O1_A19_seed	SUM-159_NLS_4N_O1_A19	0	138	170	7.29396984924623	5.47373880164349e-06	-12.1155486646619
4N	20.5_20.5_2_1_0.5_0.3_0.2_0.1_0_0_0_0_0_0_0_0_0_0_0_0_0	SUM-159_NLS_4N_O1_A19_seed	SUM-159_NLS_4N_O1_A19	0	138	171	7.33417085427136	2.46888872610753e-07	-15.2143275100161
4N	20.5_20.5_2_1_0.5_0.3_0.2_0.1_0_0_0_0_0_0_0_0_0_0_0_0_0	SUM-159_NLS_4N_O1_A19_seed	SUM-159_NLS_4N_O1_A19	0	138	172	7.37437185929648	9.00926993393121e-10	-20.8275968900237
4N	20.5_20.5_2_1_0.5_0.3_0.2_0.1_0_0_0_0_0_0_0_0_0_0_0_0_0	SUM-159_NLS_4N_O1_A19_seed	SUM-159_NLS_4N_O1_A19	0	138	173	7.41457286432161	1.59647293074508e-12	-27.1632243382738
4N	20.5_20.5_2_1_0.5_0.3_0.2_0.1_0_0_0_0_0_0_0_0_0_0_0_0_0	SUM-159_NLS_4N_O1_A19_seed	SUM-159_NLS_4N_O1_A19	0	138	174	7.45477386934673	9.99998941878107e-13	-27.631022174051
4N	20.5_20.5_2_1_0.5_0.3_0.2_0.1_0_0_0_0_0_0_0_0_0_0_0_0_0	SUM-159_NLS_4N_O1_A19_seed	SUM-159_NLS_4N_O1_A19	0	138	175	7.49497487437186	9.99998941878107e-13	-27.631022174051
4N	20.5_20.5_2_1_0.5_0.3_0.2_0.1_0_0_0_0_0_0_0_0_0_0_0_0_0	SUM-159_NLS_4N_O1_A19_seed	SUM-159_NLS_4N_O1_A19	0	138	176	7.53517587939699	9.99998941878107e-13	-27.631022174051
4N	20.5_20.5_2_1_0.5_0.3_0.2_0.1_0_0_0_0_0_0_0_0_0_0_0_0_0	SUM-159_NLS_4N_O1_A19_seed	SUM-159_NLS_4N_O1_A19	0	138	177	7.57537688442211	9.99998941878107e-13	-27.631022174051
4N	20.5_20.5_2_1_0.5_0.3_0.2_0.1_0_0_0_0_0_0_0_0_0_0_0_0_0	SUM-159_NLS_4N_O1_A19_seed	SUM-159_NLS_4N_O1_A19	0	138	178	7.61557788944724	9.99998941878107e-13	-27.631022174051
4N	20.5_20.5_2_1_0.5_0.3_0.2_0.1_0_0_0_0_0_0_0_0_0_0_0_0_0	SUM-159_NLS_4N_O1_A19_seed	SUM-159_NLS_4N_O1_A19	0	138	179	7.65577889447236	9.99998941878107e-13	-27.631022174051
4N	20.5_20.5_2_1_0.5_0.3_0.2_0.1_0_0_0_0_0_0_0_0_0_0_0_0_0	SUM-159_NLS_4N_O1_A19_seed	SUM-159_NLS_4N_O1_A19	0	138	180	7.69597989949749	9.99998941878107e-13	-27.631022174051
4N	20.5_20.5_2_1_0.5_0.3_0.2_0.1_0_0_0_0_0_0_0_0_0_0_0_0_0	SUM-159_NLS_4N_O1_A19_seed	SUM-159_NLS_4N_O1_A19	0	138	181	7.73618090452261	9.99998941878107e-13	-27.631022174051
4N	20.5_20.5_2_1_0.5_0.3_0.2_0.1_0_0_0_0_0_0_0_0_0_0_0_0_0	SUM-159_NLS_4N_O1_A19_seed	SUM-159_NLS_4N_O1_A19	0	138	182	7.77638190954774	9.99998941878107e-13	-27.631022174051
4N	20.5_20.5_2_1_0.5_0.3_0.2_0.1_0_0_0_0_0_0_0_0_0_0_0_0_0	SUM-159_NLS_4N_O1_A19_seed	SUM-159_NLS_4N_O1_A19	0	138	183	7.81658291457286	9.99998941878107e-13	-27.631022174051
4N	20.5_20.5_2_1_0.5_0.3_0.2_0.1_0_0_0_0_0_0_0_0_0_0_0_0_0	SUM-159_NLS_4N_O1_A19_seed	SUM-159_NLS_4N_O1_A19	0	138	184	7.85678391959799	9.99998941878107e-13	-27.631022174051
4N	20.5_20.5_2_1_0.5_0.3_0.2_0.1_0_0_0_0_0_0_0_0_0_0_0_0_0	SUM-159_NLS_4N_O1_A19_seed	SUM-159_NLS_4N_O1_A19	0	138	185	7.89698492462312	9.99998941878107e-13	-27.631022174051
4N	20.5_20.5_2_1_0.5_0.3_0.2_0.1_0_0_0_0_0_0_0_0_0_0_0_0_0	SUM-159_NLS_4N_O1_A19_seed	SUM-159_NLS_4N_O1_A19	0	138	186	7.93718592964824	9.99998941878107e-13	-27.631022174051
4N	20.5_20.5_2_1_0.5_0.3_0.2_0.1_0_0_0_0_0_0_0_0_0_0_0_0_0	SUM-159_NLS_4N_O1_A19_seed	SUM-159_NLS_4N_O1_A19	0	138	187	7.97738693467337	9.99998941878107e-13	-27.631022174051
4N	20.5_20.5_2_1_0.5_0.3_0.2_0.1_0_0_0_0_0_0_0_0_0_0_0_0_0	SUM-159_NLS_4N_O1_A19_seed	SUM-159_NLS_4N_O1_A19	0	138	188	8.01758793969849	9.99998941878107e-13	-27.631022174051
4N	20.5_20.5_2_1_0.5_0.3_0.2_0.1_0_0_0_0_0_0_0_0_0_0_0_0_0	SUM-159_NLS_4N_O1_A19_seed	SUM-159_NLS_4N_O1_A19	0	138	189	8.05778894472362	9.99998941878107e-13	-27.631022174051
4N	20.5_20.5_2_1_0.5_0.3_0.2_0.1_0_0_0_0_0_0_0_0_0_0_0_0_0	SUM-159_NLS_4N_O1_A19_seed	SUM-159_NLS_4N_O1_A19	0	138	190	8.09798994974874	9.99998941878107e-13	-27.631022174051
4N	20.5_20.5_2_1_0.5_0.3_0.2_0.1_0_0_0_0_0_0_0_0_0_0_0_0_0	SUM-159_NLS_4N_O1_A19_seed	SUM-159_NLS_4N_O1_A19	0	138	191	8.13819095477387	9.99998941878107e-13	-27.631022174051
4N	20.5_20.5_2_1_0.5_0.3_0.2_0.1_0_0_0_0_0_0_0_0_0_0_0_0_0	SUM-159_NLS_4N_O1_A19_seed	SUM-159_NLS_4N_O1_A19	0	138	192	8.178391959799	9.99998941878107e-13	-27.631022174051
4N	20.5_20.5_2_1_0.5_0.3_0.2_0.1_0_0_0_0_0_0_0_0_0_0_0_0_0	SUM-159_NLS_4N_O1_A19_seed	SUM-159_NLS_4N_O1_A19	0	138	193	8.21859296482412	9.99998941878107e-13	-27.631022174051
4N	20.5_20.5_2_1_0.5_0.3_0.2_0.1_0_0_0_0_0_0_0_0_0_0_0_0_0	SUM-159_NLS_4N_O1_A19_seed	SUM-159_NLS_4N_O1_A19	0	138	194	8.25879396984925	9.99998941878107e-13	-27.631022174051
4N	20.5_20.5_2_1_0.5_0.3_0.2_0.1_0_0_0_0_0_0_0_0_0_0_0_0_0	SUM-159_NLS_4N_O1_A19_seed	SUM-159_NLS_4N_O1_A19	0	138	195	8.29899497487437	9.99998941878107e-13	-27.631022174051
4N	20.5_20.5_2_1_0.5_0.3_0.2_0.1_0_0_0_0_0_0_0_0_0_0_0_0_0	SUM-159_NLS_4N_O1_A19_seed	SUM-159_NLS_4N_O1_A19	0	138	196	8.3391959798995	9.99998941878107e-13	-27.631022174051
4N	20.5_20.5_2_1_0.5_0.3_0.2_0.1_0_0_0_0_0_0_0_0_0_0_0_0_0	SUM-159_NLS_4N_O1_A19_seed	SUM-159_NLS_4N_O1_A19	0	138	197	8.37939698492462	9.99998941878107e-13	-27.631022174051
4N	20.5_20.5_2_1_0.5_0.3_0.2_0.1_0_0_0_0_0_0_0_0_0_0_0_0_0	SUM-159_NLS_4N_O1_A19_seed	SUM-159_NLS_4N_O1_A19	0	138	198	8.41959798994975	9.99998941878107e-13	-27.631022174051
4N	20.5_20.5_2_1_0.5_0.3_0.2_0.1_0_0_0_0_0_0_0_0_0_0_0_0_0	SUM-159_NLS_4N_O1_A19_seed	SUM-159_NLS_4N_O1_A19	0	138	199	8.45979899497488	9.99998941878107e-13	-27.631022174051
4N	20.5_20.5_2_1_0.5_0.3_0.2_0.1_0_0_0_0_0_0_0_0_0_0_0_0_0	SUM-159_NLS_4N_O1_A19_seed	SUM-159_NLS_4N_O1_A19	0	138	200	8.5	9.99998941878107e-13	-27.631022174051
4N	20.5_20.5_2_1_0.5_0.3_0.2_0.1_0_0_0_0_0_0_0_0_0_0_0_0_0	SUM-159_NLS_4N_O2_A19_seed	SUM-159_NLS_4N_O2_A19	0	138	1	0.5	9.99995972321359e-13	-27.6310251436153
4N	20.5_20.5_2_1_0.5_0.3_0.2_0.1_0_0_0_0_0_0_0_0_0_0_0_0_0	SUM-159_NLS_4N_O2_A19_seed	SUM-159_NLS_4N_O2_A19	0	138	2	0.540201005025126	9.99995972321359e-13	-27.6310251436153
4N	20.5_20.5_2_1_0.5_0.3_0.2_0.1_0_0_0_0_0_0_0_0_0_0_0_0_0	SUM-159_NLS_4N_O2_A19_seed	SUM-159_NLS_4N_O2_A19	0	138	3	0.580402010050251	9.99995972321359e-13	-27.6310251436153
4N	20.5_20.5_2_1_0.5_0.3_0.2_0.1_0_0_0_0_0_0_0_0_0_0_0_0_0	SUM-159_NLS_4N_O2_A19_seed	SUM-159_NLS_4N_O2_A19	0	138	4	0.620603015075377	9.99995972321359e-13	-27.6310251436153
4N	20.5_20.5_2_1_0.5_0.3_0.2_0.1_0_0_0_0_0_0_0_0_0_0_0_0_0	SUM-159_NLS_4N_O2_A19_seed	SUM-159_NLS_4N_O2_A19	0	138	5	0.660804020100503	9.99995972321359e-13	-27.6310251436153
4N	20.5_20.5_2_1_0.5_0.3_0.2_0.1_0_0_0_0_0_0_0_0_0_0_0_0_0	SUM-159_NLS_4N_O2_A19_seed	SUM-159_NLS_4N_O2_A19	0	138	6	0.701005025125628	9.99995972321359e-13	-27.6310251436153
4N	20.5_20.5_2_1_0.5_0.3_0.2_0.1_0_0_0_0_0_0_0_0_0_0_0_0_0	SUM-159_NLS_4N_O2_A19_seed	SUM-159_NLS_4N_O2_A19	0	138	7	0.741206030150754	9.99995972321359e-13	-27.6310251436153
4N	20.5_20.5_2_1_0.5_0.3_0.2_0.1_0_0_0_0_0_0_0_0_0_0_0_0_0	SUM-159_NLS_4N_O2_A19_seed	SUM-159_NLS_4N_O2_A19	0	138	8	0.781407035175879	9.99995972321359e-13	-27.6310251436153
4N	20.5_20.5_2_1_0.5_0.3_0.2_0.1_0_0_0_0_0_0_0_0_0_0_0_0_0	SUM-159_NLS_4N_O2_A19_seed	SUM-159_NLS_4N_O2_A19	0	138	9	0.821608040201005	9.99995972321359e-13	-27.6310251436153
4N	20.5_20.5_2_1_0.5_0.3_0.2_0.1_0_0_0_0_0_0_0_0_0_0_0_0_0	SUM-159_NLS_4N_O2_A19_seed	SUM-159_NLS_4N_O2_A19	0	138	10	0.861809045226131	9.99995972321359e-13	-27.6310251436153
4N	20.5_20.5_2_1_0.5_0.3_0.2_0.1_0_0_0_0_0_0_0_0_0_0_0_0_0	SUM-159_NLS_4N_O2_A19_seed	SUM-159_NLS_4N_O2_A19	0	138	11	0.902010050251256	9.99995972321359e-13	-27.6310251436153
4N	20.5_20.5_2_1_0.5_0.3_0.2_0.1_0_0_0_0_0_0_0_0_0_0_0_0_0	SUM-159_NLS_4N_O2_A19_seed	SUM-159_NLS_4N_O2_A19	0	138	12	0.942211055276382	9.99995972321359e-13	-27.6310251436153
4N	20.5_20.5_2_1_0.5_0.3_0.2_0.1_0_0_0_0_0_0_0_0_0_0_0_0_0	SUM-159_NLS_4N_O2_A19_seed	SUM-159_NLS_4N_O2_A19	0	138	13	0.982412060301508	9.99995972321359e-13	-27.6310251436153
4N	20.5_20.5_2_1_0.5_0.3_0.2_0.1_0_0_0_0_0_0_0_0_0_0_0_0_0	SUM-159_NLS_4N_O2_A19_seed	SUM-159_NLS_4N_O2_A19	0	138	14	1.02261306532663	9.99995972321359e-13	-27.6310251436153
4N	20.5_20.5_2_1_0.5_0.3_0.2_0.1_0_0_0_0_0_0_0_0_0_0_0_0_0	SUM-159_NLS_4N_O2_A19_seed	SUM-159_NLS_4N_O2_A19	0	138	15	1.06281407035176	9.99995972321359e-13	-27.6310251436153
4N	20.5_20.5_2_1_0.5_0.3_0.2_0.1_0_0_0_0_0_0_0_0_0_0_0_0_0	SUM-159_NLS_4N_O2_A19_seed	SUM-159_NLS_4N_O2_A19	0	138	16	1.10301507537688	9.99995972321359e-13	-27.6310251436153
4N	20.5_20.5_2_1_0.5_0.3_0.2_0.1_0_0_0_0_0_0_0_0_0_0_0_0_0	SUM-159_NLS_4N_O2_A19_seed	SUM-159_NLS_4N_O2_A19	0	138	17	1.14321608040201	9.99995972321359e-13	-27.6310251436153
4N	20.5_20.5_2_1_0.5_0.3_0.2_0.1_0_0_0_0_0_0_0_0_0_0_0_0_0	SUM-159_NLS_4N_O2_A19_seed	SUM-159_NLS_4N_O2_A19	0	138	18	1.18341708542714	9.99995972321359e-13	-27.6310251436153
4N	20.5_20.5_2_1_0.5_0.3_0.2_0.1_0_0_0_0_0_0_0_0_0_0_0_0_0	SUM-159_NLS_4N_O2_A19_seed	SUM-159_NLS_4N_O2_A19	0	138	19	1.22361809045226	9.99995972321359e-13	-27.6310251436153
4N	20.5_20.5_2_1_0.5_0.3_0.2_0.1_0_0_0_0_0_0_0_0_0_0_0_0_0	SUM-159_NLS_4N_O2_A19_seed	SUM-159_NLS_4N_O2_A19	0	138	20	1.26381909547739	9.99995972321359e-13	-27.6310251436153
4N	20.5_20.5_2_1_0.5_0.3_0.2_0.1_0_0_0_0_0_0_0_0_0_0_0_0_0	SUM-159_NLS_4N_O2_A19_seed	SUM-159_NLS_4N_O2_A19	0	138	21	1.30402010050251	9.99995972321359e-13	-27.6310251436153
4N	20.5_20.5_2_1_0.5_0.3_0.2_0.1_0_0_0_0_0_0_0_0_0_0_0_0_0	SUM-159_NLS_4N_O2_A19_seed	SUM-159_NLS_4N_O2_A19	0	138	22	1.34422110552764	9.99995972321359e-13	-27.6310251436153
4N	20.5_20.5_2_1_0.5_0.3_0.2_0.1_0_0_0_0_0_0_0_0_0_0_0_0_0	SUM-159_NLS_4N_O2_A19_seed	SUM-159_NLS_4N_O2_A19	0	138	23	1.38442211055276	9.99995972321359e-13	-27.6310251436153
4N	20.5_20.5_2_1_0.5_0.3_0.2_0.1_0_0_0_0_0_0_0_0_0_0_0_0_0	SUM-159_NLS_4N_O2_A19_seed	SUM-159_NLS_4N_O2_A19	0	138	24	1.42462311557789	9.99995972321359e-13	-27.6310251436153
4N	20.5_20.5_2_1_0.5_0.3_0.2_0.1_0_0_0_0_0_0_0_0_0_0_0_0_0	SUM-159_NLS_4N_O2_A19_seed	SUM-159_NLS_4N_O2_A19	0	138	25	1.46482412060302	9.99995972321359e-13	-27.6310251436153
4N	20.5_20.5_2_1_0.5_0.3_0.2_0.1_0_0_0_0_0_0_0_0_0_0_0_0_0	SUM-159_NLS_4N_O2_A19_seed	SUM-159_NLS_4N_O2_A19	0	138	26	1.50502512562814	9.99995972321359e-13	-27.6310251436153
4N	20.5_20.5_2_1_0.5_0.3_0.2_0.1_0_0_0_0_0_0_0_0_0_0_0_0_0	SUM-159_NLS_4N_O2_A19_seed	SUM-159_NLS_4N_O2_A19	0	138	27	1.54522613065327	9.99995972321359e-13	-27.6310251436153
4N	20.5_20.5_2_1_0.5_0.3_0.2_0.1_0_0_0_0_0_0_0_0_0_0_0_0_0	SUM-159_NLS_4N_O2_A19_seed	SUM-159_NLS_4N_O2_A19	0	138	28	1.58542713567839	9.99995972321359e-13	-27.6310251436153
4N	20.5_20.5_2_1_0.5_0.3_0.2_0.1_0_0_0_0_0_0_0_0_0_0_0_0_0	SUM-159_NLS_4N_O2_A19_seed	SUM-159_NLS_4N_O2_A19	0	138	29	1.62562814070352	9.99995972321359e-13	-27.6310251436153
4N	20.5_20.5_2_1_0.5_0.3_0.2_0.1_0_0_0_0_0_0_0_0_0_0_0_0_0	SUM-159_NLS_4N_O2_A19_seed	SUM-159_NLS_4N_O2_A19	0	138	30	1.66582914572864	9.99995972321359e-13	-27.6310251436153
4N	20.5_20.5_2_1_0.5_0.3_0.2_0.1_0_0_0_0_0_0_0_0_0_0_0_0_0	SUM-159_NLS_4N_O2_A19_seed	SUM-159_NLS_4N_O2_A19	0	138	31	1.70603015075377	9.99995972321359e-13	-27.6310251436153
4N	20.5_20.5_2_1_0.5_0.3_0.2_0.1_0_0_0_0_0_0_0_0_0_0_0_0_0	SUM-159_NLS_4N_O2_A19_seed	SUM-159_NLS_4N_O2_A19	0	138	32	1.74623115577889	9.99995972321359e-13	-27.6310251436153
4N	20.5_20.5_2_1_0.5_0.3_0.2_0.1_0_0_0_0_0_0_0_0_0_0_0_0_0	SUM-159_NLS_4N_O2_A19_seed	SUM-159_NLS_4N_O2_A19	0	138	33	1.78643216080402	9.99995972321359e-13	-27.6310251436153
4N	20.5_20.5_2_1_0.5_0.3_0.2_0.1_0_0_0_0_0_0_0_0_0_0_0_0_0	SUM-159_NLS_4N_O2_A19_seed	SUM-159_NLS_4N_O2_A19	0	138	34	1.82663316582915	9.99995972321359e-13	-27.6310251436153
4N	20.5_20.5_2_1_0.5_0.3_0.2_0.1_0_0_0_0_0_0_0_0_0_0_0_0_0	SUM-159_NLS_4N_O2_A19_seed	SUM-159_NLS_4N_O2_A19	0	138	35	1.86683417085427	9.99995972321359e-13	-27.6310251436153
4N	20.5_20.5_2_1_0.5_0.3_0.2_0.1_0_0_0_0_0_0_0_0_0_0_0_0_0	SUM-159_NLS_4N_O2_A19_seed	SUM-159_NLS_4N_O2_A19	0	138	36	1.9070351758794	9.99995972321359e-13	-27.6310251436153
4N	20.5_20.5_2_1_0.5_0.3_0.2_0.1_0_0_0_0_0_0_0_0_0_0_0_0_0	SUM-159_NLS_4N_O2_A19_seed	SUM-159_NLS_4N_O2_A19	0	138	37	1.94723618090452	9.99995972321359e-13	-27.6310251436153
4N	20.5_20.5_2_1_0.5_0.3_0.2_0.1_0_0_0_0_0_0_0_0_0_0_0_0_0	SUM-159_NLS_4N_O2_A19_seed	SUM-159_NLS_4N_O2_A19	0	138	38	1.98743718592965	9.99995972321359e-13	-27.6310251436153
4N	20.5_20.5_2_1_0.5_0.3_0.2_0.1_0_0_0_0_0_0_0_0_0_0_0_0_0	SUM-159_NLS_4N_O2_A19_seed	SUM-159_NLS_4N_O2_A19	0	138	39	2.02763819095477	9.99995972321359e-13	-27.6310251436153
4N	20.5_20.5_2_1_0.5_0.3_0.2_0.1_0_0_0_0_0_0_0_0_0_0_0_0_0	SUM-159_NLS_4N_O2_A19_seed	SUM-159_NLS_4N_O2_A19	0	138	40	2.0678391959799	9.99995972321359e-13	-27.6310251436153
4N	20.5_20.5_2_1_0.5_0.3_0.2_0.1_0_0_0_0_0_0_0_0_0_0_0_0_0	SUM-159_NLS_4N_O2_A19_seed	SUM-159_NLS_4N_O2_A19	0	138	41	2.10804020100502	9.99995972321359e-13	-27.6310251436153
4N	20.5_20.5_2_1_0.5_0.3_0.2_0.1_0_0_0_0_0_0_0_0_0_0_0_0_0	SUM-159_NLS_4N_O2_A19_seed	SUM-159_NLS_4N_O2_A19	0	138	42	2.14824120603015	9.99995972321359e-13	-27.6310251436153
4N	20.5_20.5_2_1_0.5_0.3_0.2_0.1_0_0_0_0_0_0_0_0_0_0_0_0_0	SUM-159_NLS_4N_O2_A19_seed	SUM-159_NLS_4N_O2_A19	0	138	43	2.18844221105528	9.99995972321359e-13	-27.6310251436153
4N	20.5_20.5_2_1_0.5_0.3_0.2_0.1_0_0_0_0_0_0_0_0_0_0_0_0_0	SUM-159_NLS_4N_O2_A19_seed	SUM-159_NLS_4N_O2_A19	0	138	44	2.2286432160804	9.99995972321359e-13	-27.6310251436153
4N	20.5_20.5_2_1_0.5_0.3_0.2_0.1_0_0_0_0_0_0_0_0_0_0_0_0_0	SUM-159_NLS_4N_O2_A19_seed	SUM-159_NLS_4N_O2_A19	0	138	45	2.26884422110553	9.99995972321359e-13	-27.6310251436153
4N	20.5_20.5_2_1_0.5_0.3_0.2_0.1_0_0_0_0_0_0_0_0_0_0_0_0_0	SUM-159_NLS_4N_O2_A19_seed	SUM-159_NLS_4N_O2_A19	0	138	46	2.30904522613065	9.99995972321359e-13	-27.6310251436153
4N	20.5_20.5_2_1_0.5_0.3_0.2_0.1_0_0_0_0_0_0_0_0_0_0_0_0_0	SUM-159_NLS_4N_O2_A19_seed	SUM-159_NLS_4N_O2_A19	0	138	47	2.34924623115578	9.99995972321359e-13	-27.6310251436153
4N	20.5_20.5_2_1_0.5_0.3_0.2_0.1_0_0_0_0_0_0_0_0_0_0_0_0_0	SUM-159_NLS_4N_O2_A19_seed	SUM-159_NLS_4N_O2_A19	0	138	48	2.3894472361809	9.99995972321359e-13	-27.6310251436153
4N	20.5_20.5_2_1_0.5_0.3_0.2_0.1_0_0_0_0_0_0_0_0_0_0_0_0_0	SUM-159_NLS_4N_O2_A19_seed	SUM-159_NLS_4N_O2_A19	0	138	49	2.42964824120603	9.99995972321359e-13	-27.6310251436153
4N	20.5_20.5_2_1_0.5_0.3_0.2_0.1_0_0_0_0_0_0_0_0_0_0_0_0_0	SUM-159_NLS_4N_O2_A19_seed	SUM-159_NLS_4N_O2_A19	0	138	50	2.46984924623116	2.72700758055228e-11	-24.3252311392611
4N	20.5_20.5_2_1_0.5_0.3_0.2_0.1_0_0_0_0_0_0_0_0_0_0_0_0_0	SUM-159_NLS_4N_O2_A19_seed	SUM-159_NLS_4N_O2_A19	0	138	51	2.51005025125628	2.01092994067021e-08	-17.7220834718243
4N	20.5_20.5_2_1_0.5_0.3_0.2_0.1_0_0_0_0_0_0_0_0_0_0_0_0_0	SUM-159_NLS_4N_O2_A19_seed	SUM-159_NLS_4N_O2_A19	0	138	52	2.55025125628141	2.25299888234345e-06	-13.0032483925891
4N	20.5_20.5_2_1_0.5_0.3_0.2_0.1_0_0_0_0_0_0_0_0_0_0_0_0_0	SUM-159_NLS_4N_O2_A19_seed	SUM-159_NLS_4N_O2_A19	0	138	53	2.59045226130653	3.43655329480272e-05	-10.2784564450568
4N	20.5_20.5_2_1_0.5_0.3_0.2_0.1_0_0_0_0_0_0_0_0_0_0_0_0_0	SUM-159_NLS_4N_O2_A19_seed	SUM-159_NLS_4N_O2_A19	0	138	54	2.63065326633166	7.5009557141938e-05	-9.49789502398712
4N	20.5_20.5_2_1_0.5_0.3_0.2_0.1_0_0_0_0_0_0_0_0_0_0_0_0_0	SUM-159_NLS_4N_O2_A19_seed	SUM-159_NLS_4N_O2_A19	0	138	55	2.67085427135678	7.86700866551096e-05	-9.4502475681224
4N	20.5_20.5_2_1_0.5_0.3_0.2_0.1_0_0_0_0_0_0_0_0_0_0_0_0_0	SUM-159_NLS_4N_O2_A19_seed	SUM-159_NLS_4N_O2_A19	0	138	56	2.71105527638191	0.00015769105064679	-8.75487281483329
4N	20.5_20.5_2_1_0.5_0.3_0.2_0.1_0_0_0_0_0_0_0_0_0_0_0_0_0	SUM-159_NLS_4N_O2_A19_seed	SUM-159_NLS_4N_O2_A19	0	138	57	2.75125628140704	0.000192164996680568	-8.55715619726163
4N	20.5_20.5_2_1_0.5_0.3_0.2_0.1_0_0_0_0_0_0_0_0_0_0_0_0_0	SUM-159_NLS_4N_O2_A19_seed	SUM-159_NLS_4N_O2_A19	0	138	58	2.79145728643216	0.000342879733055556	-7.97813080477537
4N	20.5_20.5_2_1_0.5_0.3_0.2_0.1_0_0_0_0_0_0_0_0_0_0_0_0_0	SUM-159_NLS_4N_O2_A19_seed	SUM-159_NLS_4N_O2_A19	0	138	59	2.83165829145729	0.00070634733878347	-7.25540346017444
4N	20.5_20.5_2_1_0.5_0.3_0.2_0.1_0_0_0_0_0_0_0_0_0_0_0_0_0	SUM-159_NLS_4N_O2_A19_seed	SUM-159_NLS_4N_O2_A19	0	138	60	2.87185929648241	0.00085838284222739	-7.06046035493307
4N	20.5_20.5_2_1_0.5_0.3_0.2_0.1_0_0_0_0_0_0_0_0_0_0_0_0_0	SUM-159_NLS_4N_O2_A19_seed	SUM-159_NLS_4N_O2_A19	0	138	61	2.91206030150754	0.00110141580363094	-6.81115883256357
4N	20.5_20.5_2_1_0.5_0.3_0.2_0.1_0_0_0_0_0_0_0_0_0_0_0_0_0	SUM-159_NLS_4N_O2_A19_seed	SUM-159_NLS_4N_O2_A19	0	138	62	2.95226130653266	0.00153087730516199	-6.48191430584328
4N	20.5_20.5_2_1_0.5_0.3_0.2_0.1_0_0_0_0_0_0_0_0_0_0_0_0_0	SUM-159_NLS_4N_O2_A19_seed	SUM-159_NLS_4N_O2_A19	0	138	63	2.99246231155779	0.00188796110010048	-6.27225781523143
4N	20.5_20.5_2_1_0.5_0.3_0.2_0.1_0_0_0_0_0_0_0_0_0_0_0_0_0	SUM-159_NLS_4N_O2_A19_seed	SUM-159_NLS_4N_O2_A19	0	138	64	3.03266331658291	0.00237389312473228	-6.04322400287617
4N	20.5_20.5_2_1_0.5_0.3_0.2_0.1_0_0_0_0_0_0_0_0_0_0_0_0_0	SUM-159_NLS_4N_O2_A19_seed	SUM-159_NLS_4N_O2_A19	0	138	65	3.07286432160804	0.00329884657708052	-5.7141823937036
4N	20.5_20.5_2_1_0.5_0.3_0.2_0.1_0_0_0_0_0_0_0_0_0_0_0_0_0	SUM-159_NLS_4N_O2_A19_seed	SUM-159_NLS_4N_O2_A19	0	138	66	3.11306532663317	0.00429541908764979	-5.45020615260186
4N	20.5_20.5_2_1_0.5_0.3_0.2_0.1_0_0_0_0_0_0_0_0_0_0_0_0_0	SUM-159_NLS_4N_O2_A19_seed	SUM-159_NLS_4N_O2_A19	0	138	67	3.15326633165829	0.00597946433821761	-5.11942429058062
4N	20.5_20.5_2_1_0.5_0.3_0.2_0.1_0_0_0_0_0_0_0_0_0_0_0_0_0	SUM-159_NLS_4N_O2_A19_seed	SUM-159_NLS_4N_O2_A19	0	138	68	3.19346733668342	0.0075491603420203	-4.88631893488327
4N	20.5_20.5_2_1_0.5_0.3_0.2_0.1_0_0_0_0_0_0_0_0_0_0_0_0_0	SUM-159_NLS_4N_O2_A19_seed	SUM-159_NLS_4N_O2_A19	0	138	69	3.23366834170854	0.00978944079309015	-4.62645094428665
4N	20.5_20.5_2_1_0.5_0.3_0.2_0.1_0_0_0_0_0_0_0_0_0_0_0_0_0	SUM-159_NLS_4N_O2_A19_seed	SUM-159_NLS_4N_O2_A19	0	138	70	3.27386934673367	0.0128489527167063	-4.35449297160769
4N	20.5_20.5_2_1_0.5_0.3_0.2_0.1_0_0_0_0_0_0_0_0_0_0_0_0_0	SUM-159_NLS_4N_O2_A19_seed	SUM-159_NLS_4N_O2_A19	0	138	71	3.31407035175879	0.0170335945481394	-4.07256773505097
4N	20.5_20.5_2_1_0.5_0.3_0.2_0.1_0_0_0_0_0_0_0_0_0_0_0_0_0	SUM-159_NLS_4N_O2_A19_seed	SUM-159_NLS_4N_O2_A19	0	138	72	3.35427135678392	0.022530539253317	-3.79288358992353
4N	20.5_20.5_2_1_0.5_0.3_0.2_0.1_0_0_0_0_0_0_0_0_0_0_0_0_0	SUM-159_NLS_4N_O2_A19_seed	SUM-159_NLS_4N_O2_A19	0	138	73	3.39447236180905	0.0297871035884647	-3.51367974462855
4N	20.5_20.5_2_1_0.5_0.3_0.2_0.1_0_0_0_0_0_0_0_0_0_0_0_0_0	SUM-159_NLS_4N_O2_A19_seed	SUM-159_NLS_4N_O2_A19	0	138	74	3.43467336683417	0.0399386267633721	-3.22041133407499
4N	20.5_20.5_2_1_0.5_0.3_0.2_0.1_0_0_0_0_0_0_0_0_0_0_0_0_0	SUM-159_NLS_4N_O2_A19_seed	SUM-159_NLS_4N_O2_A19	0	138	75	3.4748743718593	0.0522580787181486	-2.95156078347385
4N	20.5_20.5_2_1_0.5_0.3_0.2_0.1_0_0_0_0_0_0_0_0_0_0_0_0_0	SUM-159_NLS_4N_O2_A19_seed	SUM-159_NLS_4N_O2_A19	0	138	76	3.51507537688442	0.0666353282263949	-2.70852038822693
4N	20.5_20.5_2_1_0.5_0.3_0.2_0.1_0_0_0_0_0_0_0_0_0_0_0_0_0	SUM-159_NLS_4N_O2_A19_seed	SUM-159_NLS_4N_O2_A19	0	138	77	3.55527638190955	0.0856558498333995	-2.45741775726351
4N	20.5_20.5_2_1_0.5_0.3_0.2_0.1_0_0_0_0_0_0_0_0_0_0_0_0_0	SUM-159_NLS_4N_O2_A19_seed	SUM-159_NLS_4N_O2_A19	0	138	78	3.59547738693467	0.111717988359762	-2.19177754415605
4N	20.5_20.5_2_1_0.5_0.3_0.2_0.1_0_0_0_0_0_0_0_0_0_0_0_0_0	SUM-159_NLS_4N_O2_A19_seed	SUM-159_NLS_4N_O2_A19	0	138	79	3.6356783919598	0.141398945877577	-1.95616998044436
4N	20.5_20.5_2_1_0.5_0.3_0.2_0.1_0_0_0_0_0_0_0_0_0_0_0_0_0	SUM-159_NLS_4N_O2_A19_seed	SUM-159_NLS_4N_O2_A19	0	138	80	3.67587939698492	0.174684547949916	-1.74477351480998
4N	20.5_20.5_2_1_0.5_0.3_0.2_0.1_0_0_0_0_0_0_0_0_0_0_0_0_0	SUM-159_NLS_4N_O2_A19_seed	SUM-159_NLS_4N_O2_A19	0	138	81	3.71608040201005	0.216229387191827	-1.53141545705748
4N	20.5_20.5_2_1_0.5_0.3_0.2_0.1_0_0_0_0_0_0_0_0_0_0_0_0_0	SUM-159_NLS_4N_O2_A19_seed	SUM-159_NLS_4N_O2_A19	0	138	82	3.75628140703518	0.267806239311163	-1.3174915475978
4N	20.5_20.5_2_1_0.5_0.3_0.2_0.1_0_0_0_0_0_0_0_0_0_0_0_0_0	SUM-159_NLS_4N_O2_A19_seed	SUM-159_NLS_4N_O2_A19	0	138	83	3.7964824120603	0.324939346925971	-1.12411673891215
4N	20.5_20.5_2_1_0.5_0.3_0.2_0.1_0_0_0_0_0_0_0_0_0_0_0_0_0	SUM-159_NLS_4N_O2_A19_seed	SUM-159_NLS_4N_O2_A19	0	138	84	3.83668341708543	0.388817196067869	-0.944645978804285
4N	20.5_20.5_2_1_0.5_0.3_0.2_0.1_0_0_0_0_0_0_0_0_0_0_0_0_0	SUM-159_NLS_4N_O2_A19_seed	SUM-159_NLS_4N_O2_A19	0	138	85	3.87688442211055	0.457343378211065	-0.782320795587258
4N	20.5_20.5_2_1_0.5_0.3_0.2_0.1_0_0_0_0_0_0_0_0_0_0_0_0_0	SUM-159_NLS_4N_O2_A19_seed	SUM-159_NLS_4N_O2_A19	0	138	86	3.91708542713568	0.529109051246564	-0.636560722345259
4N	20.5_20.5_2_1_0.5_0.3_0.2_0.1_0_0_0_0_0_0_0_0_0_0_0_0_0	SUM-159_NLS_4N_O2_A19_seed	SUM-159_NLS_4N_O2_A19	0	138	87	3.9572864321608	0.593997512456107	-0.520880147412592
4N	20.5_20.5_2_1_0.5_0.3_0.2_0.1_0_0_0_0_0_0_0_0_0_0_0_0_0	SUM-159_NLS_4N_O2_A19_seed	SUM-159_NLS_4N_O2_A19	0	138	88	3.99748743718593	0.62759422597583	-0.465861458331563
4N	20.5_20.5_2_1_0.5_0.3_0.2_0.1_0_0_0_0_0_0_0_0_0_0_0_0_0	SUM-159_NLS_4N_O2_A19_seed	SUM-159_NLS_4N_O2_A19	0	138	89	4.03768844221106	0.645602066312092	-0.43757196142419
4N	20.5_20.5_2_1_0.5_0.3_0.2_0.1_0_0_0_0_0_0_0_0_0_0_0_0_0	SUM-159_NLS_4N_O2_A19_seed	SUM-159_NLS_4N_O2_A19	0	138	90	4.07788944723618	0.697107488366721	-0.360815664377461
4N	20.5_20.5_2_1_0.5_0.3_0.2_0.1_0_0_0_0_0_0_0_0_0_0_0_0_0	SUM-159_NLS_4N_O2_A19_seed	SUM-159_NLS_4N_O2_A19	0	138	91	4.11809045226131	0.74978883908812	-0.287963659976334
4N	20.5_20.5_2_1_0.5_0.3_0.2_0.1_0_0_0_0_0_0_0_0_0_0_0_0_0	SUM-159_NLS_4N_O2_A19_seed	SUM-159_NLS_4N_O2_A19	0	138	92	4.15829145728643	0.799602062598706	-0.223641096821068
4N	20.5_20.5_2_1_0.5_0.3_0.2_0.1_0_0_0_0_0_0_0_0_0_0_0_0_0	SUM-159_NLS_4N_O2_A19_seed	SUM-159_NLS_4N_O2_A19	0	138	93	4.19849246231156	0.839101367743978	-0.175423760094359
4N	20.5_20.5_2_1_0.5_0.3_0.2_0.1_0_0_0_0_0_0_0_0_0_0_0_0_0	SUM-159_NLS_4N_O2_A19_seed	SUM-159_NLS_4N_O2_A19	0	138	94	4.23869346733668	0.87128825148265	-0.137782413730387
4N	20.5_20.5_2_1_0.5_0.3_0.2_0.1_0_0_0_0_0_0_0_0_0_0_0_0_0	SUM-159_NLS_4N_O2_A19_seed	SUM-159_NLS_4N_O2_A19	0	138	95	4.27889447236181	0.901808052246193	-0.103353583952967
4N	20.5_20.5_2_1_0.5_0.3_0.2_0.1_0_0_0_0_0_0_0_0_0_0_0_0_0	SUM-159_NLS_4N_O2_A19_seed	SUM-159_NLS_4N_O2_A19	0	138	96	4.31909547738693	0.925135091154467	-0.0778155076418552
4N	20.5_20.5_2_1_0.5_0.3_0.2_0.1_0_0_0_0_0_0_0_0_0_0_0_0_0	SUM-159_NLS_4N_O2_A19_seed	SUM-159_NLS_4N_O2_A19	0	138	97	4.35929648241206	0.937726421806653	-0.0642970337042452
4N	20.5_20.5_2_1_0.5_0.3_0.2_0.1_0_0_0_0_0_0_0_0_0_0_0_0_0	SUM-159_NLS_4N_O2_A19_seed	SUM-159_NLS_4N_O2_A19	0	138	98	4.39949748743719	0.945175300523032	-0.0563848654930097
4N	20.5_20.5_2_1_0.5_0.3_0.2_0.1_0_0_0_0_0_0_0_0_0_0_0_0_0	SUM-159_NLS_4N_O2_A19_seed	SUM-159_NLS_4N_O2_A19	0	138	99	4.43969849246231	0.945637923150239	-0.0558955282801674
4N	20.5_20.5_2_1_0.5_0.3_0.2_0.1_0_0_0_0_0_0_0_0_0_0_0_0_0	SUM-159_NLS_4N_O2_A19_seed	SUM-159_NLS_4N_O2_A19	0	138	100	4.47989949748744	0.932206600573969	-0.0702008144271039
4N	20.5_20.5_2_1_0.5_0.3_0.2_0.1_0_0_0_0_0_0_0_0_0_0_0_0_0	SUM-159_NLS_4N_O2_A19_seed	SUM-159_NLS_4N_O2_A19	0	138	101	4.52010050251256	0.914870081572029	-0.0889732111407481
4N	20.5_20.5_2_1_0.5_0.3_0.2_0.1_0_0_0_0_0_0_0_0_0_0_0_0_0	SUM-159_NLS_4N_O2_A19_seed	SUM-159_NLS_4N_O2_A19	0	138	102	4.56030150753769	0.886444976425509	-0.120536223724132
4N	20.5_20.5_2_1_0.5_0.3_0.2_0.1_0_0_0_0_0_0_0_0_0_0_0_0_0	SUM-159_NLS_4N_O2_A19_seed	SUM-159_NLS_4N_O2_A19	0	138	103	4.60050251256281	0.85286823519123	-0.159150215648512
4N	20.5_20.5_2_1_0.5_0.3_0.2_0.1_0_0_0_0_0_0_0_0_0_0_0_0_0	SUM-159_NLS_4N_O2_A19_seed	SUM-159_NLS_4N_O2_A19	0	138	104	4.64070351758794	0.813679619362301	-0.206188578462687
4N	20.5_20.5_2_1_0.5_0.3_0.2_0.1_0_0_0_0_0_0_0_0_0_0_0_0_0	SUM-159_NLS_4N_O2_A19_seed	SUM-159_NLS_4N_O2_A19	0	138	105	4.68090452261307	0.767752220298638	-0.264288227710144
4N	20.5_20.5_2_1_0.5_0.3_0.2_0.1_0_0_0_0_0_0_0_0_0_0_0_0_0	SUM-159_NLS_4N_O2_A19_seed	SUM-159_NLS_4N_O2_A19	0	138	106	4.72110552763819	0.715231441107651	-0.335149094808829
4N	20.5_20.5_2_1_0.5_0.3_0.2_0.1_0_0_0_0_0_0_0_0_0_0_0_0_0	SUM-159_NLS_4N_O2_A19_seed	SUM-159_NLS_4N_O2_A19	0	138	107	4.76130653266332	0.660982478293754	-0.414027947358109
4N	20.5_20.5_2_1_0.5_0.3_0.2_0.1_0_0_0_0_0_0_0_0_0_0_0_0_0	SUM-159_NLS_4N_O2_A19_seed	SUM-159_NLS_4N_O2_A19	0	138	108	4.80150753768844	0.607243871209716	-0.498824803847838
4N	20.5_20.5_2_1_0.5_0.3_0.2_0.1_0_0_0_0_0_0_0_0_0_0_0_0_0	SUM-159_NLS_4N_O2_A19_seed	SUM-159_NLS_4N_O2_A19	0	138	109	4.84170854271357	0.552177188993237	-0.593886289659805
4N	20.5_20.5_2_1_0.5_0.3_0.2_0.1_0_0_0_0_0_0_0_0_0_0_0_0_0	SUM-159_NLS_4N_O2_A19_seed	SUM-159_NLS_4N_O2_A19	0	138	110	4.88190954773869	0.502977380766093	-0.687210078549396
4N	20.5_20.5_2_1_0.5_0.3_0.2_0.1_0_0_0_0_0_0_0_0_0_0_0_0_0	SUM-159_NLS_4N_O2_A19_seed	SUM-159_NLS_4N_O2_A19	0	138	111	4.92211055276382	0.452347286786773	-0.793305060568005
4N	20.5_20.5_2_1_0.5_0.3_0.2_0.1_0_0_0_0_0_0_0_0_0_0_0_0_0	SUM-159_NLS_4N_O2_A19_seed	SUM-159_NLS_4N_O2_A19	0	138	112	4.96231155778894	0.401634770314034	-0.912212134885186
4N	20.5_20.5_2_1_0.5_0.3_0.2_0.1_0_0_0_0_0_0_0_0_0_0_0_0_0	SUM-159_NLS_4N_O2_A19_seed	SUM-159_NLS_4N_O2_A19	0	138	113	5.00251256281407	0.354268999049017	-1.03769877009502
4N	20.5_20.5_2_1_0.5_0.3_0.2_0.1_0_0_0_0_0_0_0_0_0_0_0_0_0	SUM-159_NLS_4N_O2_A19_seed	SUM-159_NLS_4N_O2_A19	0	138	114	5.0427135678392	0.307641787510381	-1.17881920041366
4N	20.5_20.5_2_1_0.5_0.3_0.2_0.1_0_0_0_0_0_0_0_0_0_0_0_0_0	SUM-159_NLS_4N_O2_A19_seed	SUM-159_NLS_4N_O2_A19	0	138	115	5.08291457286432	0.266174350757998	-1.32360373093914
4N	20.5_20.5_2_1_0.5_0.3_0.2_0.1_0_0_0_0_0_0_0_0_0_0_0_0_0	SUM-159_NLS_4N_O2_A19_seed	SUM-159_NLS_4N_O2_A19	0	138	116	5.12311557788945	0.228171329370404	-1.4776584876138
4N	20.5_20.5_2_1_0.5_0.3_0.2_0.1_0_0_0_0_0_0_0_0_0_0_0_0_0	SUM-159_NLS_4N_O2_A19_seed	SUM-159_NLS_4N_O2_A19	0	138	117	5.16331658291457	0.19483310821379	-1.63561194218555
4N	20.5_20.5_2_1_0.5_0.3_0.2_0.1_0_0_0_0_0_0_0_0_0_0_0_0_0	SUM-159_NLS_4N_O2_A19_seed	SUM-159_NLS_4N_O2_A19	0	138	118	5.2035175879397	0.165172148009406	-1.8007670276938
4N	20.5_20.5_2_1_0.5_0.3_0.2_0.1_0_0_0_0_0_0_0_0_0_0_0_0_0	SUM-159_NLS_4N_O2_A19_seed	SUM-159_NLS_4N_O2_A19	0	138	119	5.24371859296482	0.142245891389099	-1.950198089422
4N	20.5_20.5_2_1_0.5_0.3_0.2_0.1_0_0_0_0_0_0_0_0_0_0_0_0_0	SUM-159_NLS_4N_O2_A19_seed	SUM-159_NLS_4N_O2_A19	0	138	120	5.28391959798995	0.122889221116663	-2.09647197075875
4N	20.5_20.5_2_1_0.5_0.3_0.2_0.1_0_0_0_0_0_0_0_0_0_0_0_0_0	SUM-159_NLS_4N_O2_A19_seed	SUM-159_NLS_4N_O2_A19	0	138	121	5.32412060301508	0.103404064539659	-2.2691110087862
4N	20.5_20.5_2_1_0.5_0.3_0.2_0.1_0_0_0_0_0_0_0_0_0_0_0_0_0	SUM-159_NLS_4N_O2_A19_seed	SUM-159_NLS_4N_O2_A19	0	138	122	5.3643216080402	0.0862645227624157	-2.45033685739087
4N	20.5_20.5_2_1_0.5_0.3_0.2_0.1_0_0_0_0_0_0_0_0_0_0_0_0_0	SUM-159_NLS_4N_O2_A19_seed	SUM-159_NLS_4N_O2_A19	0	138	123	5.40452261306533	0.0708859878242859	-2.6466824979198
4N	20.5_20.5_2_1_0.5_0.3_0.2_0.1_0_0_0_0_0_0_0_0_0_0_0_0_0	SUM-159_NLS_4N_O2_A19_seed	SUM-159_NLS_4N_O2_A19	0	138	124	5.44472361809045	0.0579839947005353	-2.84758825995692
4N	20.5_20.5_2_1_0.5_0.3_0.2_0.1_0_0_0_0_0_0_0_0_0_0_0_0_0	SUM-159_NLS_4N_O2_A19_seed	SUM-159_NLS_4N_O2_A19	0	138	125	5.48492462311558	0.0489176478278009	-3.01761705133466
4N	20.5_20.5_2_1_0.5_0.3_0.2_0.1_0_0_0_0_0_0_0_0_0_0_0_0_0	SUM-159_NLS_4N_O2_A19_seed	SUM-159_NLS_4N_O2_A19	0	138	126	5.5251256281407	0.039953384783603	-3.22004188486191
4N	20.5_20.5_2_1_0.5_0.3_0.2_0.1_0_0_0_0_0_0_0_0_0_0_0_0_0	SUM-159_NLS_4N_O2_A19_seed	SUM-159_NLS_4N_O2_A19	0	138	127	5.56532663316583	0.0325935451789264	-3.42364101086062
4N	20.5_20.5_2_1_0.5_0.3_0.2_0.1_0_0_0_0_0_0_0_0_0_0_0_0_0	SUM-159_NLS_4N_O2_A19_seed	SUM-159_NLS_4N_O2_A19	0	138	128	5.60552763819095	0.0269739668034426	-3.61288307057546
4N	20.5_20.5_2_1_0.5_0.3_0.2_0.1_0_0_0_0_0_0_0_0_0_0_0_0_0	SUM-159_NLS_4N_O2_A19_seed	SUM-159_NLS_4N_O2_A19	0	138	129	5.64572864321608	0.022028888972143	-3.81540055193429
4N	20.5_20.5_2_1_0.5_0.3_0.2_0.1_0_0_0_0_0_0_0_0_0_0_0_0_0	SUM-159_NLS_4N_O2_A19_seed	SUM-159_NLS_4N_O2_A19	0	138	130	5.68592964824121	0.0172479476687352	-4.06006211830844
4N	20.5_20.5_2_1_0.5_0.3_0.2_0.1_0_0_0_0_0_0_0_0_0_0_0_0_0	SUM-159_NLS_4N_O2_A19_seed	SUM-159_NLS_4N_O2_A19	0	138	131	5.72613065326633	0.0133312383322546	-4.31764525096265
4N	20.5_20.5_2_1_0.5_0.3_0.2_0.1_0_0_0_0_0_0_0_0_0_0_0_0_0	SUM-159_NLS_4N_O2_A19_seed	SUM-159_NLS_4N_O2_A19	0	138	132	5.76633165829146	0.0104776507867946	-4.5585107867826
4N	20.5_20.5_2_1_0.5_0.3_0.2_0.1_0_0_0_0_0_0_0_0_0_0_0_0_0	SUM-159_NLS_4N_O2_A19_seed	SUM-159_NLS_4N_O2_A19	0	138	133	5.80653266331658	0.00817047409883636	-4.80722834256052
4N	20.5_20.5_2_1_0.5_0.3_0.2_0.1_0_0_0_0_0_0_0_0_0_0_0_0_0	SUM-159_NLS_4N_O2_A19_seed	SUM-159_NLS_4N_O2_A19	0	138	134	5.84673366834171	0.00696342860298611	-4.96708331055936
4N	20.5_20.5_2_1_0.5_0.3_0.2_0.1_0_0_0_0_0_0_0_0_0_0_0_0_0	SUM-159_NLS_4N_O2_A19_seed	SUM-159_NLS_4N_O2_A19	0	138	135	5.88693467336683	0.00576763166632286	-5.15549373916561
4N	20.5_20.5_2_1_0.5_0.3_0.2_0.1_0_0_0_0_0_0_0_0_0_0_0_0_0	SUM-159_NLS_4N_O2_A19_seed	SUM-159_NLS_4N_O2_A19	0	138	136	5.92713567839196	0.00438898746178131	-5.42865672501712
4N	20.5_20.5_2_1_0.5_0.3_0.2_0.1_0_0_0_0_0_0_0_0_0_0_0_0_0	SUM-159_NLS_4N_O2_A19_seed	SUM-159_NLS_4N_O2_A19	0	138	137	5.96733668341709	0.00362567328450717	-5.61971527426471
4N	20.5_20.5_2_1_0.5_0.3_0.2_0.1_0_0_0_0_0_0_0_0_0_0_0_0_0	SUM-159_NLS_4N_O2_A19_seed	SUM-159_NLS_4N_O2_A19	0	138	138	6.00753768844221	0.00316914280812973	-5.75429413518971
4N	20.5_20.5_2_1_0.5_0.3_0.2_0.1_0_0_0_0_0_0_0_0_0_0_0_0_0	SUM-159_NLS_4N_O2_A19_seed	SUM-159_NLS_4N_O2_A19	0	138	139	6.04773869346734	0.00247928496084712	-5.99978508261716
4N	20.5_20.5_2_1_0.5_0.3_0.2_0.1_0_0_0_0_0_0_0_0_0_0_0_0_0	SUM-159_NLS_4N_O2_A19_seed	SUM-159_NLS_4N_O2_A19	0	138	140	6.08793969849246	0.00207255162331223	-6.17897476254985
4N	20.5_20.5_2_1_0.5_0.3_0.2_0.1_0_0_0_0_0_0_0_0_0_0_0_0_0	SUM-159_NLS_4N_O2_A19_seed	SUM-159_NLS_4N_O2_A19	0	138	141	6.12814070351759	0.00151116987212722	-6.49487117836585
4N	20.5_20.5_2_1_0.5_0.3_0.2_0.1_0_0_0_0_0_0_0_0_0_0_0_0_0	SUM-159_NLS_4N_O2_A19_seed	SUM-159_NLS_4N_O2_A19	0	138	142	6.16834170854271	0.00115993667274368	-6.75938986781643
4N	20.5_20.5_2_1_0.5_0.3_0.2_0.1_0_0_0_0_0_0_0_0_0_0_0_0_0	SUM-159_NLS_4N_O2_A19_seed	SUM-159_NLS_4N_O2_A19	0	138	143	6.20854271356784	0.00105045195102006	-6.85853477787801
4N	20.5_20.5_2_1_0.5_0.3_0.2_0.1_0_0_0_0_0_0_0_0_0_0_0_0_0	SUM-159_NLS_4N_O2_A19_seed	SUM-159_NLS_4N_O2_A19	0	138	144	6.24874371859296	0.000825855663025818	-7.09909054181197
4N	20.5_20.5_2_1_0.5_0.3_0.2_0.1_0_0_0_0_0_0_0_0_0_0_0_0_0	SUM-159_NLS_4N_O2_A19_seed	SUM-159_NLS_4N_O2_A19	0	138	145	6.28894472361809	0.000582023841912234	-7.44899914558696
4N	20.5_20.5_2_1_0.5_0.3_0.2_0.1_0_0_0_0_0_0_0_0_0_0_0_0_0	SUM-159_NLS_4N_O2_A19_seed	SUM-159_NLS_4N_O2_A19	0	138	146	6.32914572864322	0.000337673223747773	-7.99343192377331
4N	20.5_20.5_2_1_0.5_0.3_0.2_0.1_0_0_0_0_0_0_0_0_0_0_0_0_0	SUM-159_NLS_4N_O2_A19_seed	SUM-159_NLS_4N_O2_A19	0	138	147	6.36934673366834	0.000420753413793348	-7.77346361133543
4N	20.5_20.5_2_1_0.5_0.3_0.2_0.1_0_0_0_0_0_0_0_0_0_0_0_0_0	SUM-159_NLS_4N_O2_A19_seed	SUM-159_NLS_4N_O2_A19	0	138	148	6.40954773869347	0.000499890670473794	-7.60112114250387
4N	20.5_20.5_2_1_0.5_0.3_0.2_0.1_0_0_0_0_0_0_0_0_0_0_0_0_0	SUM-159_NLS_4N_O2_A19_seed	SUM-159_NLS_4N_O2_A19	0	138	149	6.44974874371859	0.000456626152152557	-7.69164554965999
4N	20.5_20.5_2_1_0.5_0.3_0.2_0.1_0_0_0_0_0_0_0_0_0_0_0_0_0	SUM-159_NLS_4N_O2_A19_seed	SUM-159_NLS_4N_O2_A19	0	138	150	6.48994974874372	0.000284760687875231	-8.1638614221
4N	20.5_20.5_2_1_0.5_0.3_0.2_0.1_0_0_0_0_0_0_0_0_0_0_0_0_0	SUM-159_NLS_4N_O2_A19_seed	SUM-159_NLS_4N_O2_A19	0	138	151	6.53015075376884	0.000100755131125997	-9.20281742914404
4N	20.5_20.5_2_1_0.5_0.3_0.2_0.1_0_0_0_0_0_0_0_0_0_0_0_0_0	SUM-159_NLS_4N_O2_A19_seed	SUM-159_NLS_4N_O2_A19	0	138	152	6.57035175879397	8.5245115288425e-05	-9.36997974211178
4N	20.5_20.5_2_1_0.5_0.3_0.2_0.1_0_0_0_0_0_0_0_0_0_0_0_0_0	SUM-159_NLS_4N_O2_A19_seed	SUM-159_NLS_4N_O2_A19	0	138	153	6.6105527638191	0.000150305655641637	-8.80283963289376
4N	20.5_20.5_2_1_0.5_0.3_0.2_0.1_0_0_0_0_0_0_0_0_0_0_0_0_0	SUM-159_NLS_4N_O2_A19_seed	SUM-159_NLS_4N_O2_A19	0	138	154	6.65075376884422	0.000138322452537395	-8.88592298585144
4N	20.5_20.5_2_1_0.5_0.3_0.2_0.1_0_0_0_0_0_0_0_0_0_0_0_0_0	SUM-159_NLS_4N_O2_A19_seed	SUM-159_NLS_4N_O2_A19	0	138	155	6.69095477386935	8.1843866360105e-05	-9.41069719452253
4N	20.5_20.5_2_1_0.5_0.3_0.2_0.1_0_0_0_0_0_0_0_0_0_0_0_0_0	SUM-159_NLS_4N_O2_A19_seed	SUM-159_NLS_4N_O2_A19	0	138	156	6.73115577889447	6.51809680818433e-05	-9.63834303222816
4N	20.5_20.5_2_1_0.5_0.3_0.2_0.1_0_0_0_0_0_0_0_0_0_0_0_0_0	SUM-159_NLS_4N_O2_A19_seed	SUM-159_NLS_4N_O2_A19	0	138	157	6.7713567839196	5.04032364443773e-05	-9.89545516978244
4N	20.5_20.5_2_1_0.5_0.3_0.2_0.1_0_0_0_0_0_0_0_0_0_0_0_0_0	SUM-159_NLS_4N_O2_A19_seed	SUM-159_NLS_4N_O2_A19	0	138	158	6.81155778894472	1.50824753204092e-05	-11.1019770629392
4N	20.5_20.5_2_1_0.5_0.3_0.2_0.1_0_0_0_0_0_0_0_0_0_0_0_0_0	SUM-159_NLS_4N_O2_A19_seed	SUM-159_NLS_4N_O2_A19	0	138	159	6.85175879396985	3.27600758908361e-05	-10.326299982412
4N	20.5_20.5_2_1_0.5_0.3_0.2_0.1_0_0_0_0_0_0_0_0_0_0_0_0_0	SUM-159_NLS_4N_O2_A19_seed	SUM-159_NLS_4N_O2_A19	0	138	160	6.89195979899498	3.55366604050426e-05	-10.2449457068718
4N	20.5_20.5_2_1_0.5_0.3_0.2_0.1_0_0_0_0_0_0_0_0_0_0_0_0_0	SUM-159_NLS_4N_O2_A19_seed	SUM-159_NLS_4N_O2_A19	0	138	161	6.9321608040201	1.48673727300847e-05	-11.1163414956791
4N	20.5_20.5_2_1_0.5_0.3_0.2_0.1_0_0_0_0_0_0_0_0_0_0_0_0_0	SUM-159_NLS_4N_O2_A19_seed	SUM-159_NLS_4N_O2_A19	0	138	162	6.97236180904523	2.3251020932707e-05	-10.6691615158108
4N	20.5_20.5_2_1_0.5_0.3_0.2_0.1_0_0_0_0_0_0_0_0_0_0_0_0_0	SUM-159_NLS_4N_O2_A19_seed	SUM-159_NLS_4N_O2_A19	0	138	163	7.01256281407035	1.0626735307325e-05	-11.4521375334472
4N	20.5_20.5_2_1_0.5_0.3_0.2_0.1_0_0_0_0_0_0_0_0_0_0_0_0_0	SUM-159_NLS_4N_O2_A19_seed	SUM-159_NLS_4N_O2_A19	0	138	164	7.05276381909548	6.51114900477968e-07	-14.2445797118818
4N	20.5_20.5_2_1_0.5_0.3_0.2_0.1_0_0_0_0_0_0_0_0_0_0_0_0_0	SUM-159_NLS_4N_O2_A19_seed	SUM-159_NLS_4N_O2_A19	0	138	165	7.0929648241206	4.44629809877261e-09	-19.2311939748953
4N	20.5_20.5_2_1_0.5_0.3_0.2_0.1_0_0_0_0_0_0_0_0_0_0_0_0_0	SUM-159_NLS_4N_O2_A19_seed	SUM-159_NLS_4N_O2_A19	0	138	166	7.13316582914573	3.13775915938654e-12	-26.4875122142806
4N	20.5_20.5_2_1_0.5_0.3_0.2_0.1_0_0_0_0_0_0_0_0_0_0_0_0_0	SUM-159_NLS_4N_O2_A19_seed	SUM-159_NLS_4N_O2_A19	0	138	167	7.17336683417085	9.99995972321359e-13	-27.6310251436153
4N	20.5_20.5_2_1_0.5_0.3_0.2_0.1_0_0_0_0_0_0_0_0_0_0_0_0_0	SUM-159_NLS_4N_O2_A19_seed	SUM-159_NLS_4N_O2_A19	0	138	168	7.21356783919598	9.99995972321359e-13	-27.6310251436153
4N	20.5_20.5_2_1_0.5_0.3_0.2_0.1_0_0_0_0_0_0_0_0_0_0_0_0_0	SUM-159_NLS_4N_O2_A19_seed	SUM-159_NLS_4N_O2_A19	0	138	169	7.25376884422111	9.99995972321359e-13	-27.6310251436153
4N	20.5_20.5_2_1_0.5_0.3_0.2_0.1_0_0_0_0_0_0_0_0_0_0_0_0_0	SUM-159_NLS_4N_O2_A19_seed	SUM-159_NLS_4N_O2_A19	0	138	170	7.29396984924623	9.99995972321359e-13	-27.6310251436153
4N	20.5_20.5_2_1_0.5_0.3_0.2_0.1_0_0_0_0_0_0_0_0_0_0_0_0_0	SUM-159_NLS_4N_O2_A19_seed	SUM-159_NLS_4N_O2_A19	0	138	171	7.33417085427136	9.99995972321359e-13	-27.6310251436153
4N	20.5_20.5_2_1_0.5_0.3_0.2_0.1_0_0_0_0_0_0_0_0_0_0_0_0_0	SUM-159_NLS_4N_O2_A19_seed	SUM-159_NLS_4N_O2_A19	0	138	172	7.37437185929648	9.99995972321359e-13	-27.6310251436153
4N	20.5_20.5_2_1_0.5_0.3_0.2_0.1_0_0_0_0_0_0_0_0_0_0_0_0_0	SUM-159_NLS_4N_O2_A19_seed	SUM-159_NLS_4N_O2_A19	0	138	173	7.41457286432161	9.99995972321359e-13	-27.6310251436153
4N	20.5_20.5_2_1_0.5_0.3_0.2_0.1_0_0_0_0_0_0_0_0_0_0_0_0_0	SUM-159_NLS_4N_O2_A19_seed	SUM-159_NLS_4N_O2_A19	0	138	174	7.45477386934673	9.99995972321359e-13	-27.6310251436153
4N	20.5_20.5_2_1_0.5_0.3_0.2_0.1_0_0_0_0_0_0_0_0_0_0_0_0_0	SUM-159_NLS_4N_O2_A19_seed	SUM-159_NLS_4N_O2_A19	0	138	175	7.49497487437186	9.99995972321359e-13	-27.6310251436153
4N	20.5_20.5_2_1_0.5_0.3_0.2_0.1_0_0_0_0_0_0_0_0_0_0_0_0_0	SUM-159_NLS_4N_O2_A19_seed	SUM-159_NLS_4N_O2_A19	0	138	176	7.53517587939699	9.99995972321359e-13	-27.6310251436153
4N	20.5_20.5_2_1_0.5_0.3_0.2_0.1_0_0_0_0_0_0_0_0_0_0_0_0_0	SUM-159_NLS_4N_O2_A19_seed	SUM-159_NLS_4N_O2_A19	0	138	177	7.57537688442211	9.99995972321359e-13	-27.6310251436153
4N	20.5_20.5_2_1_0.5_0.3_0.2_0.1_0_0_0_0_0_0_0_0_0_0_0_0_0	SUM-159_NLS_4N_O2_A19_seed	SUM-159_NLS_4N_O2_A19	0	138	178	7.61557788944724	9.99995972321359e-13	-27.6310251436153
4N	20.5_20.5_2_1_0.5_0.3_0.2_0.1_0_0_0_0_0_0_0_0_0_0_0_0_0	SUM-159_NLS_4N_O2_A19_seed	SUM-159_NLS_4N_O2_A19	0	138	179	7.65577889447236	9.99995972321359e-13	-27.6310251436153
4N	20.5_20.5_2_1_0.5_0.3_0.2_0.1_0_0_0_0_0_0_0_0_0_0_0_0_0	SUM-159_NLS_4N_O2_A19_seed	SUM-159_NLS_4N_O2_A19	0	138	180	7.69597989949749	9.99995972321359e-13	-27.6310251436153
4N	20.5_20.5_2_1_0.5_0.3_0.2_0.1_0_0_0_0_0_0_0_0_0_0_0_0_0	SUM-159_NLS_4N_O2_A19_seed	SUM-159_NLS_4N_O2_A19	0	138	181	7.73618090452261	9.99995972321359e-13	-27.6310251436153
4N	20.5_20.5_2_1_0.5_0.3_0.2_0.1_0_0_0_0_0_0_0_0_0_0_0_0_0	SUM-159_NLS_4N_O2_A19_seed	SUM-159_NLS_4N_O2_A19	0	138	182	7.77638190954774	9.99995972321359e-13	-27.6310251436153
4N	20.5_20.5_2_1_0.5_0.3_0.2_0.1_0_0_0_0_0_0_0_0_0_0_0_0_0	SUM-159_NLS_4N_O2_A19_seed	SUM-159_NLS_4N_O2_A19	0	138	183	7.81658291457286	9.99995972321359e-13	-27.6310251436153
4N	20.5_20.5_2_1_0.5_0.3_0.2_0.1_0_0_0_0_0_0_0_0_0_0_0_0_0	SUM-159_NLS_4N_O2_A19_seed	SUM-159_NLS_4N_O2_A19	0	138	184	7.85678391959799	9.99995972321359e-13	-27.6310251436153
4N	20.5_20.5_2_1_0.5_0.3_0.2_0.1_0_0_0_0_0_0_0_0_0_0_0_0_0	SUM-159_NLS_4N_O2_A19_seed	SUM-159_NLS_4N_O2_A19	0	138	185	7.89698492462312	9.99995972321359e-13	-27.6310251436153
4N	20.5_20.5_2_1_0.5_0.3_0.2_0.1_0_0_0_0_0_0_0_0_0_0_0_0_0	SUM-159_NLS_4N_O2_A19_seed	SUM-159_NLS_4N_O2_A19	0	138	186	7.93718592964824	9.99995972321359e-13	-27.6310251436153
4N	20.5_20.5_2_1_0.5_0.3_0.2_0.1_0_0_0_0_0_0_0_0_0_0_0_0_0	SUM-159_NLS_4N_O2_A19_seed	SUM-159_NLS_4N_O2_A19	0	138	187	7.97738693467337	9.99995972321359e-13	-27.6310251436153
4N	20.5_20.5_2_1_0.5_0.3_0.2_0.1_0_0_0_0_0_0_0_0_0_0_0_0_0	SUM-159_NLS_4N_O2_A19_seed	SUM-159_NLS_4N_O2_A19	0	138	188	8.01758793969849	9.99995972321359e-13	-27.6310251436153
4N	20.5_20.5_2_1_0.5_0.3_0.2_0.1_0_0_0_0_0_0_0_0_0_0_0_0_0	SUM-159_NLS_4N_O2_A19_seed	SUM-159_NLS_4N_O2_A19	0	138	189	8.05778894472362	9.99995972321359e-13	-27.6310251436153
4N	20.5_20.5_2_1_0.5_0.3_0.2_0.1_0_0_0_0_0_0_0_0_0_0_0_0_0	SUM-159_NLS_4N_O2_A19_seed	SUM-159_NLS_4N_O2_A19	0	138	190	8.09798994974874	9.99995972321359e-13	-27.6310251436153
4N	20.5_20.5_2_1_0.5_0.3_0.2_0.1_0_0_0_0_0_0_0_0_0_0_0_0_0	SUM-159_NLS_4N_O2_A19_seed	SUM-159_NLS_4N_O2_A19	0	138	191	8.13819095477387	9.99995972321359e-13	-27.6310251436153
4N	20.5_20.5_2_1_0.5_0.3_0.2_0.1_0_0_0_0_0_0_0_0_0_0_0_0_0	SUM-159_NLS_4N_O2_A19_seed	SUM-159_NLS_4N_O2_A19	0	138	192	8.178391959799	9.99995972321359e-13	-27.6310251436153
4N	20.5_20.5_2_1_0.5_0.3_0.2_0.1_0_0_0_0_0_0_0_0_0_0_0_0_0	SUM-159_NLS_4N_O2_A19_seed	SUM-159_NLS_4N_O2_A19	0	138	193	8.21859296482412	9.99995972321359e-13	-27.6310251436153
4N	20.5_20.5_2_1_0.5_0.3_0.2_0.1_0_0_0_0_0_0_0_0_0_0_0_0_0	SUM-159_NLS_4N_O2_A19_seed	SUM-159_NLS_4N_O2_A19	0	138	194	8.25879396984925	9.99995972321359e-13	-27.6310251436153
4N	20.5_20.5_2_1_0.5_0.3_0.2_0.1_0_0_0_0_0_0_0_0_0_0_0_0_0	SUM-159_NLS_4N_O2_A19_seed	SUM-159_NLS_4N_O2_A19	0	138	195	8.29899497487437	9.99995972321359e-13	-27.6310251436153
4N	20.5_20.5_2_1_0.5_0.3_0.2_0.1_0_0_0_0_0_0_0_0_0_0_0_0_0	SUM-159_NLS_4N_O2_A19_seed	SUM-159_NLS_4N_O2_A19	0	138	196	8.3391959798995	9.99995972321359e-13	-27.6310251436153
4N	20.5_20.5_2_1_0.5_0.3_0.2_0.1_0_0_0_0_0_0_0_0_0_0_0_0_0	SUM-159_NLS_4N_O2_A19_seed	SUM-159_NLS_4N_O2_A19	0	138	197	8.37939698492462	9.99995972321359e-13	-27.6310251436153
4N	20.5_20.5_2_1_0.5_0.3_0.2_0.1_0_0_0_0_0_0_0_0_0_0_0_0_0	SUM-159_NLS_4N_O2_A19_seed	SUM-159_NLS_4N_O2_A19	0	138	198	8.41959798994975	9.99995972321359e-13	-27.6310251436153
4N	20.5_20.5_2_1_0.5_0.3_0.2_0.1_0_0_0_0_0_0_0_0_0_0_0_0_0	SUM-159_NLS_4N_O2_A19_seed	SUM-159_NLS_4N_O2_A19	0	138	199	8.45979899497488	9.99995972321359e-13	-27.6310251436153
4N	20.5_20.5_2_1_0.5_0.3_0.2_0.1_0_0_0_0_0_0_0_0_0_0_0_0_0	SUM-159_NLS_4N_O2_A19_seed	SUM-159_NLS_4N_O2_A19	0	138	200	8.5	9.99995972321359e-13	-27.6310251436153
4N	20.5_20.5_2_1_0.5_0.3_0.2_0.1_0_0_0_0_0_0_0_0_0_0_0_0_0_0_0_0	SUM-159_NLS_4N_O1_A22_seed	SUM-159_NLS_4N_O1_A22	0	151	1	0.5	9.99941409579233e-13	-27.6310797080658
4N	20.5_20.5_2_1_0.5_0.3_0.2_0.1_0_0_0_0_0_0_0_0_0_0_0_0_0_0_0_0	SUM-159_NLS_4N_O1_A22_seed	SUM-159_NLS_4N_O1_A22	0	151	2	0.540201005025126	9.99941409579233e-13	-27.6310797080658
4N	20.5_20.5_2_1_0.5_0.3_0.2_0.1_0_0_0_0_0_0_0_0_0_0_0_0_0_0_0_0	SUM-159_NLS_4N_O1_A22_seed	SUM-159_NLS_4N_O1_A22	0	151	3	0.580402010050251	9.99941409579233e-13	-27.6310797080658
4N	20.5_20.5_2_1_0.5_0.3_0.2_0.1_0_0_0_0_0_0_0_0_0_0_0_0_0_0_0_0	SUM-159_NLS_4N_O1_A22_seed	SUM-159_NLS_4N_O1_A22	0	151	4	0.620603015075377	9.99941409579233e-13	-27.6310797080658
4N	20.5_20.5_2_1_0.5_0.3_0.2_0.1_0_0_0_0_0_0_0_0_0_0_0_0_0_0_0_0	SUM-159_NLS_4N_O1_A22_seed	SUM-159_NLS_4N_O1_A22	0	151	5	0.660804020100503	9.99941409579233e-13	-27.6310797080658
4N	20.5_20.5_2_1_0.5_0.3_0.2_0.1_0_0_0_0_0_0_0_0_0_0_0_0_0_0_0_0	SUM-159_NLS_4N_O1_A22_seed	SUM-159_NLS_4N_O1_A22	0	151	6	0.701005025125628	9.99941409579233e-13	-27.6310797080658
4N	20.5_20.5_2_1_0.5_0.3_0.2_0.1_0_0_0_0_0_0_0_0_0_0_0_0_0_0_0_0	SUM-159_NLS_4N_O1_A22_seed	SUM-159_NLS_4N_O1_A22	0	151	7	0.741206030150754	9.99941409579233e-13	-27.6310797080658
4N	20.5_20.5_2_1_0.5_0.3_0.2_0.1_0_0_0_0_0_0_0_0_0_0_0_0_0_0_0_0	SUM-159_NLS_4N_O1_A22_seed	SUM-159_NLS_4N_O1_A22	0	151	8	0.781407035175879	9.99941409579233e-13	-27.6310797080658
4N	20.5_20.5_2_1_0.5_0.3_0.2_0.1_0_0_0_0_0_0_0_0_0_0_0_0_0_0_0_0	SUM-159_NLS_4N_O1_A22_seed	SUM-159_NLS_4N_O1_A22	0	151	9	0.821608040201005	9.99941409579233e-13	-27.6310797080658
4N	20.5_20.5_2_1_0.5_0.3_0.2_0.1_0_0_0_0_0_0_0_0_0_0_0_0_0_0_0_0	SUM-159_NLS_4N_O1_A22_seed	SUM-159_NLS_4N_O1_A22	0	151	10	0.861809045226131	9.99941409579233e-13	-27.6310797080658
4N	20.5_20.5_2_1_0.5_0.3_0.2_0.1_0_0_0_0_0_0_0_0_0_0_0_0_0_0_0_0	SUM-159_NLS_4N_O1_A22_seed	SUM-159_NLS_4N_O1_A22	0	151	11	0.902010050251256	9.99941409579233e-13	-27.6310797080658
4N	20.5_20.5_2_1_0.5_0.3_0.2_0.1_0_0_0_0_0_0_0_0_0_0_0_0_0_0_0_0	SUM-159_NLS_4N_O1_A22_seed	SUM-159_NLS_4N_O1_A22	0	151	12	0.942211055276382	9.99941409579233e-13	-27.6310797080658
4N	20.5_20.5_2_1_0.5_0.3_0.2_0.1_0_0_0_0_0_0_0_0_0_0_0_0_0_0_0_0	SUM-159_NLS_4N_O1_A22_seed	SUM-159_NLS_4N_O1_A22	0	151	13	0.982412060301508	9.99941409579233e-13	-27.6310797080658
4N	20.5_20.5_2_1_0.5_0.3_0.2_0.1_0_0_0_0_0_0_0_0_0_0_0_0_0_0_0_0	SUM-159_NLS_4N_O1_A22_seed	SUM-159_NLS_4N_O1_A22	0	151	14	1.02261306532663	9.99941409579233e-13	-27.6310797080658
4N	20.5_20.5_2_1_0.5_0.3_0.2_0.1_0_0_0_0_0_0_0_0_0_0_0_0_0_0_0_0	SUM-159_NLS_4N_O1_A22_seed	SUM-159_NLS_4N_O1_A22	0	151	15	1.06281407035176	9.99941409579233e-13	-27.6310797080658
4N	20.5_20.5_2_1_0.5_0.3_0.2_0.1_0_0_0_0_0_0_0_0_0_0_0_0_0_0_0_0	SUM-159_NLS_4N_O1_A22_seed	SUM-159_NLS_4N_O1_A22	0	151	16	1.10301507537688	9.99941409579233e-13	-27.6310797080658
4N	20.5_20.5_2_1_0.5_0.3_0.2_0.1_0_0_0_0_0_0_0_0_0_0_0_0_0_0_0_0	SUM-159_NLS_4N_O1_A22_seed	SUM-159_NLS_4N_O1_A22	0	151	17	1.14321608040201	9.99941409579233e-13	-27.6310797080658
4N	20.5_20.5_2_1_0.5_0.3_0.2_0.1_0_0_0_0_0_0_0_0_0_0_0_0_0_0_0_0	SUM-159_NLS_4N_O1_A22_seed	SUM-159_NLS_4N_O1_A22	0	151	18	1.18341708542714	9.99941409579233e-13	-27.6310797080658
4N	20.5_20.5_2_1_0.5_0.3_0.2_0.1_0_0_0_0_0_0_0_0_0_0_0_0_0_0_0_0	SUM-159_NLS_4N_O1_A22_seed	SUM-159_NLS_4N_O1_A22	0	151	19	1.22361809045226	9.99941409579233e-13	-27.6310797080658
4N	20.5_20.5_2_1_0.5_0.3_0.2_0.1_0_0_0_0_0_0_0_0_0_0_0_0_0_0_0_0	SUM-159_NLS_4N_O1_A22_seed	SUM-159_NLS_4N_O1_A22	0	151	20	1.26381909547739	9.99941409579233e-13	-27.6310797080658
4N	20.5_20.5_2_1_0.5_0.3_0.2_0.1_0_0_0_0_0_0_0_0_0_0_0_0_0_0_0_0	SUM-159_NLS_4N_O1_A22_seed	SUM-159_NLS_4N_O1_A22	0	151	21	1.30402010050251	9.99941409579233e-13	-27.6310797080658
4N	20.5_20.5_2_1_0.5_0.3_0.2_0.1_0_0_0_0_0_0_0_0_0_0_0_0_0_0_0_0	SUM-159_NLS_4N_O1_A22_seed	SUM-159_NLS_4N_O1_A22	0	151	22	1.34422110552764	9.99941409579233e-13	-27.6310797080658
4N	20.5_20.5_2_1_0.5_0.3_0.2_0.1_0_0_0_0_0_0_0_0_0_0_0_0_0_0_0_0	SUM-159_NLS_4N_O1_A22_seed	SUM-159_NLS_4N_O1_A22	0	151	23	1.38442211055276	9.99941409579233e-13	-27.6310797080658
4N	20.5_20.5_2_1_0.5_0.3_0.2_0.1_0_0_0_0_0_0_0_0_0_0_0_0_0_0_0_0	SUM-159_NLS_4N_O1_A22_seed	SUM-159_NLS_4N_O1_A22	0	151	24	1.42462311557789	9.99941409579233e-13	-27.6310797080658
4N	20.5_20.5_2_1_0.5_0.3_0.2_0.1_0_0_0_0_0_0_0_0_0_0_0_0_0_0_0_0	SUM-159_NLS_4N_O1_A22_seed	SUM-159_NLS_4N_O1_A22	0	151	25	1.46482412060302	9.99941409579233e-13	-27.6310797080658
4N	20.5_20.5_2_1_0.5_0.3_0.2_0.1_0_0_0_0_0_0_0_0_0_0_0_0_0_0_0_0	SUM-159_NLS_4N_O1_A22_seed	SUM-159_NLS_4N_O1_A22	0	151	26	1.50502512562814	9.99941409579233e-13	-27.6310797080658
4N	20.5_20.5_2_1_0.5_0.3_0.2_0.1_0_0_0_0_0_0_0_0_0_0_0_0_0_0_0_0	SUM-159_NLS_4N_O1_A22_seed	SUM-159_NLS_4N_O1_A22	0	151	27	1.54522613065327	9.99941409579233e-13	-27.6310797080658
4N	20.5_20.5_2_1_0.5_0.3_0.2_0.1_0_0_0_0_0_0_0_0_0_0_0_0_0_0_0_0	SUM-159_NLS_4N_O1_A22_seed	SUM-159_NLS_4N_O1_A22	0	151	28	1.58542713567839	9.99941409579233e-13	-27.6310797080658
4N	20.5_20.5_2_1_0.5_0.3_0.2_0.1_0_0_0_0_0_0_0_0_0_0_0_0_0_0_0_0	SUM-159_NLS_4N_O1_A22_seed	SUM-159_NLS_4N_O1_A22	0	151	29	1.62562814070352	9.99941409579233e-13	-27.6310797080658
4N	20.5_20.5_2_1_0.5_0.3_0.2_0.1_0_0_0_0_0_0_0_0_0_0_0_0_0_0_0_0	SUM-159_NLS_4N_O1_A22_seed	SUM-159_NLS_4N_O1_A22	0	151	30	1.66582914572864	9.99941409579233e-13	-27.6310797080658
4N	20.5_20.5_2_1_0.5_0.3_0.2_0.1_0_0_0_0_0_0_0_0_0_0_0_0_0_0_0_0	SUM-159_NLS_4N_O1_A22_seed	SUM-159_NLS_4N_O1_A22	0	151	31	1.70603015075377	9.99941409579233e-13	-27.6310797080658
4N	20.5_20.5_2_1_0.5_0.3_0.2_0.1_0_0_0_0_0_0_0_0_0_0_0_0_0_0_0_0	SUM-159_NLS_4N_O1_A22_seed	SUM-159_NLS_4N_O1_A22	0	151	32	1.74623115577889	9.99941409579233e-13	-27.6310797080658
4N	20.5_20.5_2_1_0.5_0.3_0.2_0.1_0_0_0_0_0_0_0_0_0_0_0_0_0_0_0_0	SUM-159_NLS_4N_O1_A22_seed	SUM-159_NLS_4N_O1_A22	0	151	33	1.78643216080402	9.99941409579233e-13	-27.6310797080658
4N	20.5_20.5_2_1_0.5_0.3_0.2_0.1_0_0_0_0_0_0_0_0_0_0_0_0_0_0_0_0	SUM-159_NLS_4N_O1_A22_seed	SUM-159_NLS_4N_O1_A22	0	151	34	1.82663316582915	9.99941409579233e-13	-27.6310797080658
4N	20.5_20.5_2_1_0.5_0.3_0.2_0.1_0_0_0_0_0_0_0_0_0_0_0_0_0_0_0_0	SUM-159_NLS_4N_O1_A22_seed	SUM-159_NLS_4N_O1_A22	0	151	35	1.86683417085427	9.99941409579233e-13	-27.6310797080658
4N	20.5_20.5_2_1_0.5_0.3_0.2_0.1_0_0_0_0_0_0_0_0_0_0_0_0_0_0_0_0	SUM-159_NLS_4N_O1_A22_seed	SUM-159_NLS_4N_O1_A22	0	151	36	1.9070351758794	9.99941409579233e-13	-27.6310797080658
4N	20.5_20.5_2_1_0.5_0.3_0.2_0.1_0_0_0_0_0_0_0_0_0_0_0_0_0_0_0_0	SUM-159_NLS_4N_O1_A22_seed	SUM-159_NLS_4N_O1_A22	0	151	37	1.94723618090452	9.99941409579233e-13	-27.6310797080658
4N	20.5_20.5_2_1_0.5_0.3_0.2_0.1_0_0_0_0_0_0_0_0_0_0_0_0_0_0_0_0	SUM-159_NLS_4N_O1_A22_seed	SUM-159_NLS_4N_O1_A22	0	151	38	1.98743718592965	9.99941409579233e-13	-27.6310797080658
4N	20.5_20.5_2_1_0.5_0.3_0.2_0.1_0_0_0_0_0_0_0_0_0_0_0_0_0_0_0_0	SUM-159_NLS_4N_O1_A22_seed	SUM-159_NLS_4N_O1_A22	0	151	39	2.02763819095477	9.99941409579233e-13	-27.6310797080658
4N	20.5_20.5_2_1_0.5_0.3_0.2_0.1_0_0_0_0_0_0_0_0_0_0_0_0_0_0_0_0	SUM-159_NLS_4N_O1_A22_seed	SUM-159_NLS_4N_O1_A22	0	151	40	2.0678391959799	9.99941409579233e-13	-27.6310797080658
4N	20.5_20.5_2_1_0.5_0.3_0.2_0.1_0_0_0_0_0_0_0_0_0_0_0_0_0_0_0_0	SUM-159_NLS_4N_O1_A22_seed	SUM-159_NLS_4N_O1_A22	0	151	41	2.10804020100502	9.99941409579233e-13	-27.6310797080658
4N	20.5_20.5_2_1_0.5_0.3_0.2_0.1_0_0_0_0_0_0_0_0_0_0_0_0_0_0_0_0	SUM-159_NLS_4N_O1_A22_seed	SUM-159_NLS_4N_O1_A22	0	151	42	2.14824120603015	9.99941409579233e-13	-27.6310797080658
4N	20.5_20.5_2_1_0.5_0.3_0.2_0.1_0_0_0_0_0_0_0_0_0_0_0_0_0_0_0_0	SUM-159_NLS_4N_O1_A22_seed	SUM-159_NLS_4N_O1_A22	0	151	43	2.18844221105528	9.99941409579233e-13	-27.6310797080658
4N	20.5_20.5_2_1_0.5_0.3_0.2_0.1_0_0_0_0_0_0_0_0_0_0_0_0_0_0_0_0	SUM-159_NLS_4N_O1_A22_seed	SUM-159_NLS_4N_O1_A22	0	151	44	2.2286432160804	9.99941409579233e-13	-27.6310797080658
4N	20.5_20.5_2_1_0.5_0.3_0.2_0.1_0_0_0_0_0_0_0_0_0_0_0_0_0_0_0_0	SUM-159_NLS_4N_O1_A22_seed	SUM-159_NLS_4N_O1_A22	0	151	45	2.26884422110553	9.99941409579233e-13	-27.6310797080658
4N	20.5_20.5_2_1_0.5_0.3_0.2_0.1_0_0_0_0_0_0_0_0_0_0_0_0_0_0_0_0	SUM-159_NLS_4N_O1_A22_seed	SUM-159_NLS_4N_O1_A22	0	151	46	2.30904522613065	3.49525005281817e-09	-19.4718609179492
4N	20.5_20.5_2_1_0.5_0.3_0.2_0.1_0_0_0_0_0_0_0_0_0_0_0_0_0_0_0_0	SUM-159_NLS_4N_O1_A22_seed	SUM-159_NLS_4N_O1_A22	0	151	47	2.34924623115578	7.39447499484609e-06	-11.8147774589335
4N	20.5_20.5_2_1_0.5_0.3_0.2_0.1_0_0_0_0_0_0_0_0_0_0_0_0_0_0_0_0	SUM-159_NLS_4N_O1_A22_seed	SUM-159_NLS_4N_O1_A22	0	151	48	2.3894472361809	3.99184163843854e-05	-10.1286727770377
4N	20.5_20.5_2_1_0.5_0.3_0.2_0.1_0_0_0_0_0_0_0_0_0_0_0_0_0_0_0_0	SUM-159_NLS_4N_O1_A22_seed	SUM-159_NLS_4N_O1_A22	0	151	49	2.42964824120603	0.000106877084993267	-9.14383112218871
4N	20.5_20.5_2_1_0.5_0.3_0.2_0.1_0_0_0_0_0_0_0_0_0_0_0_0_0_0_0_0	SUM-159_NLS_4N_O1_A22_seed	SUM-159_NLS_4N_O1_A22	0	151	50	2.46984924623116	0.000106474841802799	-9.1476018279246
4N	20.5_20.5_2_1_0.5_0.3_0.2_0.1_0_0_0_0_0_0_0_0_0_0_0_0_0_0_0_0	SUM-159_NLS_4N_O1_A22_seed	SUM-159_NLS_4N_O1_A22	0	151	51	2.51005025125628	0.000357607473532417	-7.93607461574343
4N	20.5_20.5_2_1_0.5_0.3_0.2_0.1_0_0_0_0_0_0_0_0_0_0_0_0_0_0_0_0	SUM-159_NLS_4N_O1_A22_seed	SUM-159_NLS_4N_O1_A22	0	151	52	2.55025125628141	0.000992156829830307	-6.91562936858803
4N	20.5_20.5_2_1_0.5_0.3_0.2_0.1_0_0_0_0_0_0_0_0_0_0_0_0_0_0_0_0	SUM-159_NLS_4N_O1_A22_seed	SUM-159_NLS_4N_O1_A22	0	151	53	2.59045226130653	0.00158093828325968	-6.44973675803814
4N	20.5_20.5_2_1_0.5_0.3_0.2_0.1_0_0_0_0_0_0_0_0_0_0_0_0_0_0_0_0	SUM-159_NLS_4N_O1_A22_seed	SUM-159_NLS_4N_O1_A22	0	151	54	2.63065326633166	0.00303333284211408	-5.79809331606787
4N	20.5_20.5_2_1_0.5_0.3_0.2_0.1_0_0_0_0_0_0_0_0_0_0_0_0_0_0_0_0	SUM-159_NLS_4N_O1_A22_seed	SUM-159_NLS_4N_O1_A22	0	151	55	2.67085427135678	0.00606045528185112	-5.10597035270462
4N	20.5_20.5_2_1_0.5_0.3_0.2_0.1_0_0_0_0_0_0_0_0_0_0_0_0_0_0_0_0	SUM-159_NLS_4N_O1_A22_seed	SUM-159_NLS_4N_O1_A22	0	151	56	2.71105527638191	0.0104208881720204	-4.56394300905136
4N	20.5_20.5_2_1_0.5_0.3_0.2_0.1_0_0_0_0_0_0_0_0_0_0_0_0_0_0_0_0	SUM-159_NLS_4N_O1_A22_seed	SUM-159_NLS_4N_O1_A22	0	151	57	2.75125628140704	0.0165044682506883	-4.10412413166412
4N	20.5_20.5_2_1_0.5_0.3_0.2_0.1_0_0_0_0_0_0_0_0_0_0_0_0_0_0_0_0	SUM-159_NLS_4N_O1_A22_seed	SUM-159_NLS_4N_O1_A22	0	151	58	2.79145728643216	0.028502982338124	-3.55774655373933
4N	20.5_20.5_2_1_0.5_0.3_0.2_0.1_0_0_0_0_0_0_0_0_0_0_0_0_0_0_0_0	SUM-159_NLS_4N_O1_A22_seed	SUM-159_NLS_4N_O1_A22	0	151	59	2.83165829145729	0.0458161848922069	-3.08311786836077
4N	20.5_20.5_2_1_0.5_0.3_0.2_0.1_0_0_0_0_0_0_0_0_0_0_0_0_0_0_0_0	SUM-159_NLS_4N_O1_A22_seed	SUM-159_NLS_4N_O1_A22	0	151	60	2.87185929648241	0.0720106986618654	-2.63094057847895
4N	20.5_20.5_2_1_0.5_0.3_0.2_0.1_0_0_0_0_0_0_0_0_0_0_0_0_0_0_0_0	SUM-159_NLS_4N_O1_A22_seed	SUM-159_NLS_4N_O1_A22	0	151	61	2.91206030150754	0.107371954288034	-2.23145626426713
4N	20.5_20.5_2_1_0.5_0.3_0.2_0.1_0_0_0_0_0_0_0_0_0_0_0_0_0_0_0_0	SUM-159_NLS_4N_O1_A22_seed	SUM-159_NLS_4N_O1_A22	0	151	62	2.95226130653266	0.15755008558312	-1.84801186756656
4N	20.5_20.5_2_1_0.5_0.3_0.2_0.1_0_0_0_0_0_0_0_0_0_0_0_0_0_0_0_0	SUM-159_NLS_4N_O1_A22_seed	SUM-159_NLS_4N_O1_A22	0	151	63	2.99246231155779	0.229324149719759	-1.47261877534535
4N	20.5_20.5_2_1_0.5_0.3_0.2_0.1_0_0_0_0_0_0_0_0_0_0_0_0_0_0_0_0	SUM-159_NLS_4N_O1_A22_seed	SUM-159_NLS_4N_O1_A22	0	151	64	3.03266331658291	0.320760403656759	-1.13706084060552
4N	20.5_20.5_2_1_0.5_0.3_0.2_0.1_0_0_0_0_0_0_0_0_0_0_0_0_0_0_0_0	SUM-159_NLS_4N_O1_A22_seed	SUM-159_NLS_4N_O1_A22	0	151	65	3.07286432160804	0.438083092024282	-0.825346678779949
4N	20.5_20.5_2_1_0.5_0.3_0.2_0.1_0_0_0_0_0_0_0_0_0_0_0_0_0_0_0_0	SUM-159_NLS_4N_O1_A22_seed	SUM-159_NLS_4N_O1_A22	0	151	66	3.11306532663317	0.566972853822777	-0.56744385325629
4N	20.5_20.5_2_1_0.5_0.3_0.2_0.1_0_0_0_0_0_0_0_0_0_0_0_0_0_0_0_0	SUM-159_NLS_4N_O1_A22_seed	SUM-159_NLS_4N_O1_A22	0	151	67	3.15326633165829	0.725815781511634	-0.32045904083025
4N	20.5_20.5_2_1_0.5_0.3_0.2_0.1_0_0_0_0_0_0_0_0_0_0_0_0_0_0_0_0	SUM-159_NLS_4N_O1_A22_seed	SUM-159_NLS_4N_O1_A22	0	151	68	3.19346733668342	0.902091072933606	-0.1030397962408
4N	20.5_20.5_2_1_0.5_0.3_0.2_0.1_0_0_0_0_0_0_0_0_0_0_0_0_0_0_0_0	SUM-159_NLS_4N_O1_A22_seed	SUM-159_NLS_4N_O1_A22	0	151	69	3.23366834170854	1.07338353484909	0.0708158413929772
4N	20.5_20.5_2_1_0.5_0.3_0.2_0.1_0_0_0_0_0_0_0_0_0_0_0_0_0_0_0_0	SUM-159_NLS_4N_O1_A22_seed	SUM-159_NLS_4N_O1_A22	0	151	70	3.27386934673367	1.25206418608822	0.224793538207433
4N	20.5_20.5_2_1_0.5_0.3_0.2_0.1_0_0_0_0_0_0_0_0_0_0_0_0_0_0_0_0	SUM-159_NLS_4N_O1_A22_seed	SUM-159_NLS_4N_O1_A22	0	151	71	3.31407035175879	1.40766073318496	0.341929272156384
4N	20.5_20.5_2_1_0.5_0.3_0.2_0.1_0_0_0_0_0_0_0_0_0_0_0_0_0_0_0_0	SUM-159_NLS_4N_O1_A22_seed	SUM-159_NLS_4N_O1_A22	0	151	72	3.35427135678392	1.52966112224177	0.425046222141221
4N	20.5_20.5_2_1_0.5_0.3_0.2_0.1_0_0_0_0_0_0_0_0_0_0_0_0_0_0_0_0	SUM-159_NLS_4N_O1_A22_seed	SUM-159_NLS_4N_O1_A22	0	151	73	3.39447236180905	1.6260019772121	0.486124227122483
4N	20.5_20.5_2_1_0.5_0.3_0.2_0.1_0_0_0_0_0_0_0_0_0_0_0_0_0_0_0_0	SUM-159_NLS_4N_O1_A22_seed	SUM-159_NLS_4N_O1_A22	0	151	74	3.43467336683417	1.67190718155725	0.513964999698887
4N	20.5_20.5_2_1_0.5_0.3_0.2_0.1_0_0_0_0_0_0_0_0_0_0_0_0_0_0_0_0	SUM-159_NLS_4N_O1_A22_seed	SUM-159_NLS_4N_O1_A22	0	151	75	3.4748743718593	1.67292564150092	0.514573974813052
4N	20.5_20.5_2_1_0.5_0.3_0.2_0.1_0_0_0_0_0_0_0_0_0_0_0_0_0_0_0_0	SUM-159_NLS_4N_O1_A22_seed	SUM-159_NLS_4N_O1_A22	0	151	76	3.51507537688442	1.61147233012108	0.477148251862888
4N	20.5_20.5_2_1_0.5_0.3_0.2_0.1_0_0_0_0_0_0_0_0_0_0_0_0_0_0_0_0	SUM-159_NLS_4N_O1_A22_seed	SUM-159_NLS_4N_O1_A22	0	151	77	3.55527638190955	1.51787727148676	0.417312826882048
4N	20.5_20.5_2_1_0.5_0.3_0.2_0.1_0_0_0_0_0_0_0_0_0_0_0_0_0_0_0_0	SUM-159_NLS_4N_O1_A22_seed	SUM-159_NLS_4N_O1_A22	0	151	78	3.59547738693467	1.39686219982034	0.334228435338234
4N	20.5_20.5_2_1_0.5_0.3_0.2_0.1_0_0_0_0_0_0_0_0_0_0_0_0_0_0_0_0	SUM-159_NLS_4N_O1_A22_seed	SUM-159_NLS_4N_O1_A22	0	151	79	3.6356783919598	1.23312857568117	0.209554497481304
4N	20.5_20.5_2_1_0.5_0.3_0.2_0.1_0_0_0_0_0_0_0_0_0_0_0_0_0_0_0_0	SUM-159_NLS_4N_O1_A22_seed	SUM-159_NLS_4N_O1_A22	0	151	80	3.67587939698492	1.07247028178463	0.069964662144408
4N	20.5_20.5_2_1_0.5_0.3_0.2_0.1_0_0_0_0_0_0_0_0_0_0_0_0_0_0_0_0	SUM-159_NLS_4N_O1_A22_seed	SUM-159_NLS_4N_O1_A22	0	151	81	3.71608040201005	0.911659731143436	-0.0924884603440135
4N	20.5_20.5_2_1_0.5_0.3_0.2_0.1_0_0_0_0_0_0_0_0_0_0_0_0_0_0_0_0	SUM-159_NLS_4N_O1_A22_seed	SUM-159_NLS_4N_O1_A22	0	151	82	3.75628140703518	0.758507396946575	-0.27640272816915
4N	20.5_20.5_2_1_0.5_0.3_0.2_0.1_0_0_0_0_0_0_0_0_0_0_0_0_0_0_0_0	SUM-159_NLS_4N_O1_A22_seed	SUM-159_NLS_4N_O1_A22	0	151	83	3.7964824120603	0.615490077727041	-0.4853364541585
4N	20.5_20.5_2_1_0.5_0.3_0.2_0.1_0_0_0_0_0_0_0_0_0_0_0_0_0_0_0_0	SUM-159_NLS_4N_O1_A22_seed	SUM-159_NLS_4N_O1_A22	0	151	84	3.83668341708543	0.48317497107436	-0.727376431976371
4N	20.5_20.5_2_1_0.5_0.3_0.2_0.1_0_0_0_0_0_0_0_0_0_0_0_0_0_0_0_0	SUM-159_NLS_4N_O1_A22_seed	SUM-159_NLS_4N_O1_A22	0	151	85	3.87688442211055	0.373437332037337	-0.985005074196802
4N	20.5_20.5_2_1_0.5_0.3_0.2_0.1_0_0_0_0_0_0_0_0_0_0_0_0_0_0_0_0	SUM-159_NLS_4N_O1_A22_seed	SUM-159_NLS_4N_O1_A22	0	151	86	3.91708542713568	0.284025424733072	-1.25869152111994
4N	20.5_20.5_2_1_0.5_0.3_0.2_0.1_0_0_0_0_0_0_0_0_0_0_0_0_0_0_0_0	SUM-159_NLS_4N_O1_A22_seed	SUM-159_NLS_4N_O1_A22	0	151	87	3.9572864321608	0.208722954110262	-1.56674748479339
4N	20.5_20.5_2_1_0.5_0.3_0.2_0.1_0_0_0_0_0_0_0_0_0_0_0_0_0_0_0_0	SUM-159_NLS_4N_O1_A22_seed	SUM-159_NLS_4N_O1_A22	0	151	88	3.99748743718593	0.149729393081342	-1.89892566026127
4N	20.5_20.5_2_1_0.5_0.3_0.2_0.1_0_0_0_0_0_0_0_0_0_0_0_0_0_0_0_0	SUM-159_NLS_4N_O1_A22_seed	SUM-159_NLS_4N_O1_A22	0	151	89	4.03768844221106	0.0999675610866871	-2.30290953475271
4N	20.5_20.5_2_1_0.5_0.3_0.2_0.1_0_0_0_0_0_0_0_0_0_0_0_0_0_0_0_0	SUM-159_NLS_4N_O1_A22_seed	SUM-159_NLS_4N_O1_A22	0	151	90	4.07788944723618	0.075691989730236	-2.58108294011867
4N	20.5_20.5_2_1_0.5_0.3_0.2_0.1_0_0_0_0_0_0_0_0_0_0_0_0_0_0_0_0	SUM-159_NLS_4N_O1_A22_seed	SUM-159_NLS_4N_O1_A22	0	151	91	4.11809045226131	0.0567754278075419	-2.86865165587946
4N	20.5_20.5_2_1_0.5_0.3_0.2_0.1_0_0_0_0_0_0_0_0_0_0_0_0_0_0_0_0	SUM-159_NLS_4N_O1_A22_seed	SUM-159_NLS_4N_O1_A22	0	151	92	4.15829145728643	0.0434207475448365	-3.13681789807871
4N	20.5_20.5_2_1_0.5_0.3_0.2_0.1_0_0_0_0_0_0_0_0_0_0_0_0_0_0_0_0	SUM-159_NLS_4N_O1_A22_seed	SUM-159_NLS_4N_O1_A22	0	151	93	4.19849246231156	0.0316888796815481	-3.45178945833249
4N	20.5_20.5_2_1_0.5_0.3_0.2_0.1_0_0_0_0_0_0_0_0_0_0_0_0_0_0_0_0	SUM-159_NLS_4N_O1_A22_seed	SUM-159_NLS_4N_O1_A22	0	151	94	4.23869346733668	0.0227777310710211	-3.78197192772259
4N	20.5_20.5_2_1_0.5_0.3_0.2_0.1_0_0_0_0_0_0_0_0_0_0_0_0_0_0_0_0	SUM-159_NLS_4N_O1_A22_seed	SUM-159_NLS_4N_O1_A22	0	151	95	4.27889447236181	0.0173160127966897	-4.05612361039311
4N	20.5_20.5_2_1_0.5_0.3_0.2_0.1_0_0_0_0_0_0_0_0_0_0_0_0_0_0_0_0	SUM-159_NLS_4N_O1_A22_seed	SUM-159_NLS_4N_O1_A22	0	151	96	4.31909547738693	0.0134765878278106	-4.3068013340411
4N	20.5_20.5_2_1_0.5_0.3_0.2_0.1_0_0_0_0_0_0_0_0_0_0_0_0_0_0_0_0	SUM-159_NLS_4N_O1_A22_seed	SUM-159_NLS_4N_O1_A22	0	151	97	4.35929648241206	0.00965426249817697	-4.64035575150059
4N	20.5_20.5_2_1_0.5_0.3_0.2_0.1_0_0_0_0_0_0_0_0_0_0_0_0_0_0_0_0	SUM-159_NLS_4N_O1_A22_seed	SUM-159_NLS_4N_O1_A22	0	151	98	4.39949748743719	0.00679045928282487	-4.99223669863504
4N	20.5_20.5_2_1_0.5_0.3_0.2_0.1_0_0_0_0_0_0_0_0_0_0_0_0_0_0_0_0	SUM-159_NLS_4N_O1_A22_seed	SUM-159_NLS_4N_O1_A22	0	151	99	4.43969849246231	0.00422931487897181	-5.46571526618819
4N	20.5_20.5_2_1_0.5_0.3_0.2_0.1_0_0_0_0_0_0_0_0_0_0_0_0_0_0_0_0	SUM-159_NLS_4N_O1_A22_seed	SUM-159_NLS_4N_O1_A22	0	151	100	4.47989949748744	0.00284726598620919	-5.86139604821176
4N	20.5_20.5_2_1_0.5_0.3_0.2_0.1_0_0_0_0_0_0_0_0_0_0_0_0_0_0_0_0	SUM-159_NLS_4N_O1_A22_seed	SUM-159_NLS_4N_O1_A22	0	151	101	4.52010050251256	0.00255806695045957	-5.96850340319709
4N	20.5_20.5_2_1_0.5_0.3_0.2_0.1_0_0_0_0_0_0_0_0_0_0_0_0_0_0_0_0	SUM-159_NLS_4N_O1_A22_seed	SUM-159_NLS_4N_O1_A22	0	151	102	4.56030150753769	0.00134113680248906	-6.61423766460686
4N	20.5_20.5_2_1_0.5_0.3_0.2_0.1_0_0_0_0_0_0_0_0_0_0_0_0_0_0_0_0	SUM-159_NLS_4N_O1_A22_seed	SUM-159_NLS_4N_O1_A22	0	151	103	4.60050251256281	0.000739843372134572	-7.20907205344665
4N	20.5_20.5_2_1_0.5_0.3_0.2_0.1_0_0_0_0_0_0_0_0_0_0_0_0_0_0_0_0	SUM-159_NLS_4N_O1_A22_seed	SUM-159_NLS_4N_O1_A22	0	151	104	4.64070351758794	0.000691184346017067	-7.27710398827564
4N	20.5_20.5_2_1_0.5_0.3_0.2_0.1_0_0_0_0_0_0_0_0_0_0_0_0_0_0_0_0	SUM-159_NLS_4N_O1_A22_seed	SUM-159_NLS_4N_O1_A22	0	151	105	4.68090452261307	0.00048982456647705	-7.62146325856464
4N	20.5_20.5_2_1_0.5_0.3_0.2_0.1_0_0_0_0_0_0_0_0_0_0_0_0_0_0_0_0	SUM-159_NLS_4N_O1_A22_seed	SUM-159_NLS_4N_O1_A22	0	151	106	4.72110552763819	0.000315129374501781	-8.06252729075395
4N	20.5_20.5_2_1_0.5_0.3_0.2_0.1_0_0_0_0_0_0_0_0_0_0_0_0_0_0_0_0	SUM-159_NLS_4N_O1_A22_seed	SUM-159_NLS_4N_O1_A22	0	151	107	4.76130653266332	0.000187769366982469	-8.58029611960415
4N	20.5_20.5_2_1_0.5_0.3_0.2_0.1_0_0_0_0_0_0_0_0_0_0_0_0_0_0_0_0	SUM-159_NLS_4N_O1_A22_seed	SUM-159_NLS_4N_O1_A22	0	151	108	4.80150753768844	8.27048408133496e-05	-9.40023242302438
4N	20.5_20.5_2_1_0.5_0.3_0.2_0.1_0_0_0_0_0_0_0_0_0_0_0_0_0_0_0_0	SUM-159_NLS_4N_O1_A22_seed	SUM-159_NLS_4N_O1_A22	0	151	109	4.84170854271357	0.000133901145350515	-8.91840875152841
4N	20.5_20.5_2_1_0.5_0.3_0.2_0.1_0_0_0_0_0_0_0_0_0_0_0_0_0_0_0_0	SUM-159_NLS_4N_O1_A22_seed	SUM-159_NLS_4N_O1_A22	0	151	110	4.88190954773869	7.50618375094422e-05	-9.49719828401558
4N	20.5_20.5_2_1_0.5_0.3_0.2_0.1_0_0_0_0_0_0_0_0_0_0_0_0_0_0_0_0	SUM-159_NLS_4N_O1_A22_seed	SUM-159_NLS_4N_O1_A22	0	151	111	4.92211055276382	3.65694052592094e-05	-10.216298589014
4N	20.5_20.5_2_1_0.5_0.3_0.2_0.1_0_0_0_0_0_0_0_0_0_0_0_0_0_0_0_0	SUM-159_NLS_4N_O1_A22_seed	SUM-159_NLS_4N_O1_A22	0	151	112	4.96231155778894	1.61709597235722e-05	-11.0322935340294
4N	20.5_20.5_2_1_0.5_0.3_0.2_0.1_0_0_0_0_0_0_0_0_0_0_0_0_0_0_0_0	SUM-159_NLS_4N_O1_A22_seed	SUM-159_NLS_4N_O1_A22	0	151	113	5.00251256281407	2.40805986881504e-05	-10.634104075368
4N	20.5_20.5_2_1_0.5_0.3_0.2_0.1_0_0_0_0_0_0_0_0_0_0_0_0_0_0_0_0	SUM-159_NLS_4N_O1_A22_seed	SUM-159_NLS_4N_O1_A22	0	151	114	5.0427135678392	2.24849103515437e-07	-15.3078363107715
4N	20.5_20.5_2_1_0.5_0.3_0.2_0.1_0_0_0_0_0_0_0_0_0_0_0_0_0_0_0_0	SUM-159_NLS_4N_O1_A22_seed	SUM-159_NLS_4N_O1_A22	0	151	115	5.08291457286432	2.32756573224987e-12	-26.7861981445901
4N	20.5_20.5_2_1_0.5_0.3_0.2_0.1_0_0_0_0_0_0_0_0_0_0_0_0_0_0_0_0	SUM-159_NLS_4N_O1_A22_seed	SUM-159_NLS_4N_O1_A22	0	151	116	5.12311557788945	9.99941409579233e-13	-27.6310797080658
4N	20.5_20.5_2_1_0.5_0.3_0.2_0.1_0_0_0_0_0_0_0_0_0_0_0_0_0_0_0_0	SUM-159_NLS_4N_O1_A22_seed	SUM-159_NLS_4N_O1_A22	0	151	117	5.16331658291457	9.99941409579233e-13	-27.6310797080658
4N	20.5_20.5_2_1_0.5_0.3_0.2_0.1_0_0_0_0_0_0_0_0_0_0_0_0_0_0_0_0	SUM-159_NLS_4N_O1_A22_seed	SUM-159_NLS_4N_O1_A22	0	151	118	5.2035175879397	9.99941409579233e-13	-27.6310797080658
4N	20.5_20.5_2_1_0.5_0.3_0.2_0.1_0_0_0_0_0_0_0_0_0_0_0_0_0_0_0_0	SUM-159_NLS_4N_O1_A22_seed	SUM-159_NLS_4N_O1_A22	0	151	119	5.24371859296482	9.99941409579233e-13	-27.6310797080658
4N	20.5_20.5_2_1_0.5_0.3_0.2_0.1_0_0_0_0_0_0_0_0_0_0_0_0_0_0_0_0	SUM-159_NLS_4N_O1_A22_seed	SUM-159_NLS_4N_O1_A22	0	151	120	5.28391959798995	9.99941409579233e-13	-27.6310797080658
4N	20.5_20.5_2_1_0.5_0.3_0.2_0.1_0_0_0_0_0_0_0_0_0_0_0_0_0_0_0_0	SUM-159_NLS_4N_O1_A22_seed	SUM-159_NLS_4N_O1_A22	0	151	121	5.32412060301508	9.99941409579233e-13	-27.6310797080658
4N	20.5_20.5_2_1_0.5_0.3_0.2_0.1_0_0_0_0_0_0_0_0_0_0_0_0_0_0_0_0	SUM-159_NLS_4N_O1_A22_seed	SUM-159_NLS_4N_O1_A22	0	151	122	5.3643216080402	9.99941409579233e-13	-27.6310797080658
4N	20.5_20.5_2_1_0.5_0.3_0.2_0.1_0_0_0_0_0_0_0_0_0_0_0_0_0_0_0_0	SUM-159_NLS_4N_O1_A22_seed	SUM-159_NLS_4N_O1_A22	0	151	123	5.40452261306533	9.99941409579233e-13	-27.6310797080658
4N	20.5_20.5_2_1_0.5_0.3_0.2_0.1_0_0_0_0_0_0_0_0_0_0_0_0_0_0_0_0	SUM-159_NLS_4N_O1_A22_seed	SUM-159_NLS_4N_O1_A22	0	151	124	5.44472361809045	9.99941409579233e-13	-27.6310797080658
4N	20.5_20.5_2_1_0.5_0.3_0.2_0.1_0_0_0_0_0_0_0_0_0_0_0_0_0_0_0_0	SUM-159_NLS_4N_O1_A22_seed	SUM-159_NLS_4N_O1_A22	0	151	125	5.48492462311558	9.99941409579233e-13	-27.6310797080658
4N	20.5_20.5_2_1_0.5_0.3_0.2_0.1_0_0_0_0_0_0_0_0_0_0_0_0_0_0_0_0	SUM-159_NLS_4N_O1_A22_seed	SUM-159_NLS_4N_O1_A22	0	151	126	5.5251256281407	9.99941409579233e-13	-27.6310797080658
4N	20.5_20.5_2_1_0.5_0.3_0.2_0.1_0_0_0_0_0_0_0_0_0_0_0_0_0_0_0_0	SUM-159_NLS_4N_O1_A22_seed	SUM-159_NLS_4N_O1_A22	0	151	127	5.56532663316583	9.99941409579233e-13	-27.6310797080658
4N	20.5_20.5_2_1_0.5_0.3_0.2_0.1_0_0_0_0_0_0_0_0_0_0_0_0_0_0_0_0	SUM-159_NLS_4N_O1_A22_seed	SUM-159_NLS_4N_O1_A22	0	151	128	5.60552763819095	9.99941409579233e-13	-27.6310797080658
4N	20.5_20.5_2_1_0.5_0.3_0.2_0.1_0_0_0_0_0_0_0_0_0_0_0_0_0_0_0_0	SUM-159_NLS_4N_O1_A22_seed	SUM-159_NLS_4N_O1_A22	0	151	129	5.64572864321608	9.99941409579233e-13	-27.6310797080658
4N	20.5_20.5_2_1_0.5_0.3_0.2_0.1_0_0_0_0_0_0_0_0_0_0_0_0_0_0_0_0	SUM-159_NLS_4N_O1_A22_seed	SUM-159_NLS_4N_O1_A22	0	151	130	5.68592964824121	9.99941409579233e-13	-27.6310797080658
4N	20.5_20.5_2_1_0.5_0.3_0.2_0.1_0_0_0_0_0_0_0_0_0_0_0_0_0_0_0_0	SUM-159_NLS_4N_O1_A22_seed	SUM-159_NLS_4N_O1_A22	0	151	131	5.72613065326633	9.99941409579233e-13	-27.6310797080658
4N	20.5_20.5_2_1_0.5_0.3_0.2_0.1_0_0_0_0_0_0_0_0_0_0_0_0_0_0_0_0	SUM-159_NLS_4N_O1_A22_seed	SUM-159_NLS_4N_O1_A22	0	151	132	5.76633165829146	9.99941409579233e-13	-27.6310797080658
4N	20.5_20.5_2_1_0.5_0.3_0.2_0.1_0_0_0_0_0_0_0_0_0_0_0_0_0_0_0_0	SUM-159_NLS_4N_O1_A22_seed	SUM-159_NLS_4N_O1_A22	0	151	133	5.80653266331658	9.99941409579233e-13	-27.6310797080658
4N	20.5_20.5_2_1_0.5_0.3_0.2_0.1_0_0_0_0_0_0_0_0_0_0_0_0_0_0_0_0	SUM-159_NLS_4N_O1_A22_seed	SUM-159_NLS_4N_O1_A22	0	151	134	5.84673366834171	9.99941409579233e-13	-27.6310797080658
4N	20.5_20.5_2_1_0.5_0.3_0.2_0.1_0_0_0_0_0_0_0_0_0_0_0_0_0_0_0_0	SUM-159_NLS_4N_O1_A22_seed	SUM-159_NLS_4N_O1_A22	0	151	135	5.88693467336683	9.99941409579233e-13	-27.6310797080658
4N	20.5_20.5_2_1_0.5_0.3_0.2_0.1_0_0_0_0_0_0_0_0_0_0_0_0_0_0_0_0	SUM-159_NLS_4N_O1_A22_seed	SUM-159_NLS_4N_O1_A22	0	151	136	5.92713567839196	9.99941409579233e-13	-27.6310797080658
4N	20.5_20.5_2_1_0.5_0.3_0.2_0.1_0_0_0_0_0_0_0_0_0_0_0_0_0_0_0_0	SUM-159_NLS_4N_O1_A22_seed	SUM-159_NLS_4N_O1_A22	0	151	137	5.96733668341709	9.99941409579233e-13	-27.6310797080658
4N	20.5_20.5_2_1_0.5_0.3_0.2_0.1_0_0_0_0_0_0_0_0_0_0_0_0_0_0_0_0	SUM-159_NLS_4N_O1_A22_seed	SUM-159_NLS_4N_O1_A22	0	151	138	6.00753768844221	9.99941409579233e-13	-27.6310797080658
4N	20.5_20.5_2_1_0.5_0.3_0.2_0.1_0_0_0_0_0_0_0_0_0_0_0_0_0_0_0_0	SUM-159_NLS_4N_O1_A22_seed	SUM-159_NLS_4N_O1_A22	0	151	139	6.04773869346734	9.99941409579233e-13	-27.6310797080658
4N	20.5_20.5_2_1_0.5_0.3_0.2_0.1_0_0_0_0_0_0_0_0_0_0_0_0_0_0_0_0	SUM-159_NLS_4N_O1_A22_seed	SUM-159_NLS_4N_O1_A22	0	151	140	6.08793969849246	9.99941409579233e-13	-27.6310797080658
4N	20.5_20.5_2_1_0.5_0.3_0.2_0.1_0_0_0_0_0_0_0_0_0_0_0_0_0_0_0_0	SUM-159_NLS_4N_O1_A22_seed	SUM-159_NLS_4N_O1_A22	0	151	141	6.12814070351759	9.99941409579233e-13	-27.6310797080658
4N	20.5_20.5_2_1_0.5_0.3_0.2_0.1_0_0_0_0_0_0_0_0_0_0_0_0_0_0_0_0	SUM-159_NLS_4N_O1_A22_seed	SUM-159_NLS_4N_O1_A22	0	151	142	6.16834170854271	9.99941409579233e-13	-27.6310797080658
4N	20.5_20.5_2_1_0.5_0.3_0.2_0.1_0_0_0_0_0_0_0_0_0_0_0_0_0_0_0_0	SUM-159_NLS_4N_O1_A22_seed	SUM-159_NLS_4N_O1_A22	0	151	143	6.20854271356784	9.99941409579233e-13	-27.6310797080658
4N	20.5_20.5_2_1_0.5_0.3_0.2_0.1_0_0_0_0_0_0_0_0_0_0_0_0_0_0_0_0	SUM-159_NLS_4N_O1_A22_seed	SUM-159_NLS_4N_O1_A22	0	151	144	6.24874371859296	9.99941409579233e-13	-27.6310797080658
4N	20.5_20.5_2_1_0.5_0.3_0.2_0.1_0_0_0_0_0_0_0_0_0_0_0_0_0_0_0_0	SUM-159_NLS_4N_O1_A22_seed	SUM-159_NLS_4N_O1_A22	0	151	145	6.28894472361809	9.99941409579233e-13	-27.6310797080658
4N	20.5_20.5_2_1_0.5_0.3_0.2_0.1_0_0_0_0_0_0_0_0_0_0_0_0_0_0_0_0	SUM-159_NLS_4N_O1_A22_seed	SUM-159_NLS_4N_O1_A22	0	151	146	6.32914572864322	9.99941409579233e-13	-27.6310797080658
4N	20.5_20.5_2_1_0.5_0.3_0.2_0.1_0_0_0_0_0_0_0_0_0_0_0_0_0_0_0_0	SUM-159_NLS_4N_O1_A22_seed	SUM-159_NLS_4N_O1_A22	0	151	147	6.36934673366834	9.99941409579233e-13	-27.6310797080658
4N	20.5_20.5_2_1_0.5_0.3_0.2_0.1_0_0_0_0_0_0_0_0_0_0_0_0_0_0_0_0	SUM-159_NLS_4N_O1_A22_seed	SUM-159_NLS_4N_O1_A22	0	151	148	6.40954773869347	9.99941409579233e-13	-27.6310797080658
4N	20.5_20.5_2_1_0.5_0.3_0.2_0.1_0_0_0_0_0_0_0_0_0_0_0_0_0_0_0_0	SUM-159_NLS_4N_O1_A22_seed	SUM-159_NLS_4N_O1_A22	0	151	149	6.44974874371859	9.99941409579233e-13	-27.6310797080658
4N	20.5_20.5_2_1_0.5_0.3_0.2_0.1_0_0_0_0_0_0_0_0_0_0_0_0_0_0_0_0	SUM-159_NLS_4N_O1_A22_seed	SUM-159_NLS_4N_O1_A22	0	151	150	6.48994974874372	9.99941409579233e-13	-27.6310797080658
4N	20.5_20.5_2_1_0.5_0.3_0.2_0.1_0_0_0_0_0_0_0_0_0_0_0_0_0_0_0_0	SUM-159_NLS_4N_O1_A22_seed	SUM-159_NLS_4N_O1_A22	0	151	151	6.53015075376884	9.99941409579233e-13	-27.6310797080658
4N	20.5_20.5_2_1_0.5_0.3_0.2_0.1_0_0_0_0_0_0_0_0_0_0_0_0_0_0_0_0	SUM-159_NLS_4N_O1_A22_seed	SUM-159_NLS_4N_O1_A22	0	151	152	6.57035175879397	9.99941409579233e-13	-27.6310797080658
4N	20.5_20.5_2_1_0.5_0.3_0.2_0.1_0_0_0_0_0_0_0_0_0_0_0_0_0_0_0_0	SUM-159_NLS_4N_O1_A22_seed	SUM-159_NLS_4N_O1_A22	0	151	153	6.6105527638191	9.99941409579233e-13	-27.6310797080658
4N	20.5_20.5_2_1_0.5_0.3_0.2_0.1_0_0_0_0_0_0_0_0_0_0_0_0_0_0_0_0	SUM-159_NLS_4N_O1_A22_seed	SUM-159_NLS_4N_O1_A22	0	151	154	6.65075376884422	9.99941409579233e-13	-27.6310797080658
4N	20.5_20.5_2_1_0.5_0.3_0.2_0.1_0_0_0_0_0_0_0_0_0_0_0_0_0_0_0_0	SUM-159_NLS_4N_O1_A22_seed	SUM-159_NLS_4N_O1_A22	0	151	155	6.69095477386935	9.99941409579233e-13	-27.6310797080658
4N	20.5_20.5_2_1_0.5_0.3_0.2_0.1_0_0_0_0_0_0_0_0_0_0_0_0_0_0_0_0	SUM-159_NLS_4N_O1_A22_seed	SUM-159_NLS_4N_O1_A22	0	151	156	6.73115577889447	9.99941409579233e-13	-27.6310797080658
4N	20.5_20.5_2_1_0.5_0.3_0.2_0.1_0_0_0_0_0_0_0_0_0_0_0_0_0_0_0_0	SUM-159_NLS_4N_O1_A22_seed	SUM-159_NLS_4N_O1_A22	0	151	157	6.7713567839196	9.99941409579233e-13	-27.6310797080658
4N	20.5_20.5_2_1_0.5_0.3_0.2_0.1_0_0_0_0_0_0_0_0_0_0_0_0_0_0_0_0	SUM-159_NLS_4N_O1_A22_seed	SUM-159_NLS_4N_O1_A22	0	151	158	6.81155778894472	9.99941409579233e-13	-27.6310797080658
4N	20.5_20.5_2_1_0.5_0.3_0.2_0.1_0_0_0_0_0_0_0_0_0_0_0_0_0_0_0_0	SUM-159_NLS_4N_O1_A22_seed	SUM-159_NLS_4N_O1_A22	0	151	159	6.85175879396985	9.99941409579233e-13	-27.6310797080658
4N	20.5_20.5_2_1_0.5_0.3_0.2_0.1_0_0_0_0_0_0_0_0_0_0_0_0_0_0_0_0	SUM-159_NLS_4N_O1_A22_seed	SUM-159_NLS_4N_O1_A22	0	151	160	6.89195979899498	9.99941409579233e-13	-27.6310797080658
4N	20.5_20.5_2_1_0.5_0.3_0.2_0.1_0_0_0_0_0_0_0_0_0_0_0_0_0_0_0_0	SUM-159_NLS_4N_O1_A22_seed	SUM-159_NLS_4N_O1_A22	0	151	161	6.9321608040201	9.99941409579233e-13	-27.6310797080658
4N	20.5_20.5_2_1_0.5_0.3_0.2_0.1_0_0_0_0_0_0_0_0_0_0_0_0_0_0_0_0	SUM-159_NLS_4N_O1_A22_seed	SUM-159_NLS_4N_O1_A22	0	151	162	6.97236180904523	9.99941409579233e-13	-27.6310797080658
4N	20.5_20.5_2_1_0.5_0.3_0.2_0.1_0_0_0_0_0_0_0_0_0_0_0_0_0_0_0_0	SUM-159_NLS_4N_O1_A22_seed	SUM-159_NLS_4N_O1_A22	0	151	163	7.01256281407035	9.99941409579233e-13	-27.6310797080658
4N	20.5_20.5_2_1_0.5_0.3_0.2_0.1_0_0_0_0_0_0_0_0_0_0_0_0_0_0_0_0	SUM-159_NLS_4N_O1_A22_seed	SUM-159_NLS_4N_O1_A22	0	151	164	7.05276381909548	9.99941409579233e-13	-27.6310797080658
4N	20.5_20.5_2_1_0.5_0.3_0.2_0.1_0_0_0_0_0_0_0_0_0_0_0_0_0_0_0_0	SUM-159_NLS_4N_O1_A22_seed	SUM-159_NLS_4N_O1_A22	0	151	165	7.0929648241206	9.99941409579233e-13	-27.6310797080658
4N	20.5_20.5_2_1_0.5_0.3_0.2_0.1_0_0_0_0_0_0_0_0_0_0_0_0_0_0_0_0	SUM-159_NLS_4N_O1_A22_seed	SUM-159_NLS_4N_O1_A22	0	151	166	7.13316582914573	9.99941409579233e-13	-27.6310797080658
4N	20.5_20.5_2_1_0.5_0.3_0.2_0.1_0_0_0_0_0_0_0_0_0_0_0_0_0_0_0_0	SUM-159_NLS_4N_O1_A22_seed	SUM-159_NLS_4N_O1_A22	0	151	167	7.17336683417085	9.99941409579233e-13	-27.6310797080658
4N	20.5_20.5_2_1_0.5_0.3_0.2_0.1_0_0_0_0_0_0_0_0_0_0_0_0_0_0_0_0	SUM-159_NLS_4N_O1_A22_seed	SUM-159_NLS_4N_O1_A22	0	151	168	7.21356783919598	9.99941409579233e-13	-27.6310797080658
4N	20.5_20.5_2_1_0.5_0.3_0.2_0.1_0_0_0_0_0_0_0_0_0_0_0_0_0_0_0_0	SUM-159_NLS_4N_O1_A22_seed	SUM-159_NLS_4N_O1_A22	0	151	169	7.25376884422111	9.99941409579233e-13	-27.6310797080658
4N	20.5_20.5_2_1_0.5_0.3_0.2_0.1_0_0_0_0_0_0_0_0_0_0_0_0_0_0_0_0	SUM-159_NLS_4N_O1_A22_seed	SUM-159_NLS_4N_O1_A22	0	151	170	7.29396984924623	9.99941409579233e-13	-27.6310797080658
4N	20.5_20.5_2_1_0.5_0.3_0.2_0.1_0_0_0_0_0_0_0_0_0_0_0_0_0_0_0_0	SUM-159_NLS_4N_O1_A22_seed	SUM-159_NLS_4N_O1_A22	0	151	171	7.33417085427136	9.99941409579233e-13	-27.6310797080658
4N	20.5_20.5_2_1_0.5_0.3_0.2_0.1_0_0_0_0_0_0_0_0_0_0_0_0_0_0_0_0	SUM-159_NLS_4N_O1_A22_seed	SUM-159_NLS_4N_O1_A22	0	151	172	7.37437185929648	9.99941409579233e-13	-27.6310797080658
4N	20.5_20.5_2_1_0.5_0.3_0.2_0.1_0_0_0_0_0_0_0_0_0_0_0_0_0_0_0_0	SUM-159_NLS_4N_O1_A22_seed	SUM-159_NLS_4N_O1_A22	0	151	173	7.41457286432161	9.99941409579233e-13	-27.6310797080658
4N	20.5_20.5_2_1_0.5_0.3_0.2_0.1_0_0_0_0_0_0_0_0_0_0_0_0_0_0_0_0	SUM-159_NLS_4N_O1_A22_seed	SUM-159_NLS_4N_O1_A22	0	151	174	7.45477386934673	9.99941409579233e-13	-27.6310797080658
4N	20.5_20.5_2_1_0.5_0.3_0.2_0.1_0_0_0_0_0_0_0_0_0_0_0_0_0_0_0_0	SUM-159_NLS_4N_O1_A22_seed	SUM-159_NLS_4N_O1_A22	0	151	175	7.49497487437186	9.99941409579233e-13	-27.6310797080658
4N	20.5_20.5_2_1_0.5_0.3_0.2_0.1_0_0_0_0_0_0_0_0_0_0_0_0_0_0_0_0	SUM-159_NLS_4N_O1_A22_seed	SUM-159_NLS_4N_O1_A22	0	151	176	7.53517587939699	9.99941409579233e-13	-27.6310797080658
4N	20.5_20.5_2_1_0.5_0.3_0.2_0.1_0_0_0_0_0_0_0_0_0_0_0_0_0_0_0_0	SUM-159_NLS_4N_O1_A22_seed	SUM-159_NLS_4N_O1_A22	0	151	177	7.57537688442211	9.99941409579233e-13	-27.6310797080658
4N	20.5_20.5_2_1_0.5_0.3_0.2_0.1_0_0_0_0_0_0_0_0_0_0_0_0_0_0_0_0	SUM-159_NLS_4N_O1_A22_seed	SUM-159_NLS_4N_O1_A22	0	151	178	7.61557788944724	9.99941409579233e-13	-27.6310797080658
4N	20.5_20.5_2_1_0.5_0.3_0.2_0.1_0_0_0_0_0_0_0_0_0_0_0_0_0_0_0_0	SUM-159_NLS_4N_O1_A22_seed	SUM-159_NLS_4N_O1_A22	0	151	179	7.65577889447236	9.99941409579233e-13	-27.6310797080658
4N	20.5_20.5_2_1_0.5_0.3_0.2_0.1_0_0_0_0_0_0_0_0_0_0_0_0_0_0_0_0	SUM-159_NLS_4N_O1_A22_seed	SUM-159_NLS_4N_O1_A22	0	151	180	7.69597989949749	9.99941409579233e-13	-27.6310797080658
4N	20.5_20.5_2_1_0.5_0.3_0.2_0.1_0_0_0_0_0_0_0_0_0_0_0_0_0_0_0_0	SUM-159_NLS_4N_O1_A22_seed	SUM-159_NLS_4N_O1_A22	0	151	181	7.73618090452261	9.99941409579233e-13	-27.6310797080658
4N	20.5_20.5_2_1_0.5_0.3_0.2_0.1_0_0_0_0_0_0_0_0_0_0_0_0_0_0_0_0	SUM-159_NLS_4N_O1_A22_seed	SUM-159_NLS_4N_O1_A22	0	151	182	7.77638190954774	9.99941409579233e-13	-27.6310797080658
4N	20.5_20.5_2_1_0.5_0.3_0.2_0.1_0_0_0_0_0_0_0_0_0_0_0_0_0_0_0_0	SUM-159_NLS_4N_O1_A22_seed	SUM-159_NLS_4N_O1_A22	0	151	183	7.81658291457286	9.99941409579233e-13	-27.6310797080658
4N	20.5_20.5_2_1_0.5_0.3_0.2_0.1_0_0_0_0_0_0_0_0_0_0_0_0_0_0_0_0	SUM-159_NLS_4N_O1_A22_seed	SUM-159_NLS_4N_O1_A22	0	151	184	7.85678391959799	9.99941409579233e-13	-27.6310797080658
4N	20.5_20.5_2_1_0.5_0.3_0.2_0.1_0_0_0_0_0_0_0_0_0_0_0_0_0_0_0_0	SUM-159_NLS_4N_O1_A22_seed	SUM-159_NLS_4N_O1_A22	0	151	185	7.89698492462312	9.99941409579233e-13	-27.6310797080658
4N	20.5_20.5_2_1_0.5_0.3_0.2_0.1_0_0_0_0_0_0_0_0_0_0_0_0_0_0_0_0	SUM-159_NLS_4N_O1_A22_seed	SUM-159_NLS_4N_O1_A22	0	151	186	7.93718592964824	9.99941409579233e-13	-27.6310797080658
4N	20.5_20.5_2_1_0.5_0.3_0.2_0.1_0_0_0_0_0_0_0_0_0_0_0_0_0_0_0_0	SUM-159_NLS_4N_O1_A22_seed	SUM-159_NLS_4N_O1_A22	0	151	187	7.97738693467337	9.99941409579233e-13	-27.6310797080658
4N	20.5_20.5_2_1_0.5_0.3_0.2_0.1_0_0_0_0_0_0_0_0_0_0_0_0_0_0_0_0	SUM-159_NLS_4N_O1_A22_seed	SUM-159_NLS_4N_O1_A22	0	151	188	8.01758793969849	9.99941409579233e-13	-27.6310797080658
4N	20.5_20.5_2_1_0.5_0.3_0.2_0.1_0_0_0_0_0_0_0_0_0_0_0_0_0_0_0_0	SUM-159_NLS_4N_O1_A22_seed	SUM-159_NLS_4N_O1_A22	0	151	189	8.05778894472362	9.99941409579233e-13	-27.6310797080658
4N	20.5_20.5_2_1_0.5_0.3_0.2_0.1_0_0_0_0_0_0_0_0_0_0_0_0_0_0_0_0	SUM-159_NLS_4N_O1_A22_seed	SUM-159_NLS_4N_O1_A22	0	151	190	8.09798994974874	9.99941409579233e-13	-27.6310797080658
4N	20.5_20.5_2_1_0.5_0.3_0.2_0.1_0_0_0_0_0_0_0_0_0_0_0_0_0_0_0_0	SUM-159_NLS_4N_O1_A22_seed	SUM-159_NLS_4N_O1_A22	0	151	191	8.13819095477387	9.99941409579233e-13	-27.6310797080658
4N	20.5_20.5_2_1_0.5_0.3_0.2_0.1_0_0_0_0_0_0_0_0_0_0_0_0_0_0_0_0	SUM-159_NLS_4N_O1_A22_seed	SUM-159_NLS_4N_O1_A22	0	151	192	8.178391959799	9.99941409579233e-13	-27.6310797080658
4N	20.5_20.5_2_1_0.5_0.3_0.2_0.1_0_0_0_0_0_0_0_0_0_0_0_0_0_0_0_0	SUM-159_NLS_4N_O1_A22_seed	SUM-159_NLS_4N_O1_A22	0	151	193	8.21859296482412	9.99941409579233e-13	-27.6310797080658
4N	20.5_20.5_2_1_0.5_0.3_0.2_0.1_0_0_0_0_0_0_0_0_0_0_0_0_0_0_0_0	SUM-159_NLS_4N_O1_A22_seed	SUM-159_NLS_4N_O1_A22	0	151	194	8.25879396984925	9.99941409579233e-13	-27.6310797080658
4N	20.5_20.5_2_1_0.5_0.3_0.2_0.1_0_0_0_0_0_0_0_0_0_0_0_0_0_0_0_0	SUM-159_NLS_4N_O1_A22_seed	SUM-159_NLS_4N_O1_A22	0	151	195	8.29899497487437	9.99941409579233e-13	-27.6310797080658
4N	20.5_20.5_2_1_0.5_0.3_0.2_0.1_0_0_0_0_0_0_0_0_0_0_0_0_0_0_0_0	SUM-159_NLS_4N_O1_A22_seed	SUM-159_NLS_4N_O1_A22	0	151	196	8.3391959798995	9.99941409579233e-13	-27.6310797080658
4N	20.5_20.5_2_1_0.5_0.3_0.2_0.1_0_0_0_0_0_0_0_0_0_0_0_0_0_0_0_0	SUM-159_NLS_4N_O1_A22_seed	SUM-159_NLS_4N_O1_A22	0	151	197	8.37939698492462	9.99941409579233e-13	-27.6310797080658
4N	20.5_20.5_2_1_0.5_0.3_0.2_0.1_0_0_0_0_0_0_0_0_0_0_0_0_0_0_0_0	SUM-159_NLS_4N_O1_A22_seed	SUM-159_NLS_4N_O1_A22	0	151	198	8.41959798994975	9.99941409579233e-13	-27.6310797080658
4N	20.5_20.5_2_1_0.5_0.3_0.2_0.1_0_0_0_0_0_0_0_0_0_0_0_0_0_0_0_0	SUM-159_NLS_4N_O1_A22_seed	SUM-159_NLS_4N_O1_A22	0	151	199	8.45979899497488	9.99941409579233e-13	-27.6310797080658
4N	20.5_20.5_2_1_0.5_0.3_0.2_0.1_0_0_0_0_0_0_0_0_0_0_0_0_0_0_0_0	SUM-159_NLS_4N_O1_A22_seed	SUM-159_NLS_4N_O1_A22	0	151	200	8.5	9.99941409579233e-13	-27.6310797080658
4N	20.5_20.5_2_1_0.5_0.3_0.2_0.1_0_0_0_0_0_0_0_0_0_0_0_0_0_0_0_0	SUM-159_NLS_4N_O2_A22_seed	SUM-159_NLS_4N_O2_A22	0	151	1	0.5	1.00009800148298e-12	-27.6309231192474
4N	20.5_20.5_2_1_0.5_0.3_0.2_0.1_0_0_0_0_0_0_0_0_0_0_0_0_0_0_0_0	SUM-159_NLS_4N_O2_A22_seed	SUM-159_NLS_4N_O2_A22	0	151	2	0.540201005025126	1.00009800148298e-12	-27.6309231192474
4N	20.5_20.5_2_1_0.5_0.3_0.2_0.1_0_0_0_0_0_0_0_0_0_0_0_0_0_0_0_0	SUM-159_NLS_4N_O2_A22_seed	SUM-159_NLS_4N_O2_A22	0	151	3	0.580402010050251	1.00009800148298e-12	-27.6309231192474
4N	20.5_20.5_2_1_0.5_0.3_0.2_0.1_0_0_0_0_0_0_0_0_0_0_0_0_0_0_0_0	SUM-159_NLS_4N_O2_A22_seed	SUM-159_NLS_4N_O2_A22	0	151	4	0.620603015075377	1.00009800148298e-12	-27.6309231192474
4N	20.5_20.5_2_1_0.5_0.3_0.2_0.1_0_0_0_0_0_0_0_0_0_0_0_0_0_0_0_0	SUM-159_NLS_4N_O2_A22_seed	SUM-159_NLS_4N_O2_A22	0	151	5	0.660804020100503	1.00009800148298e-12	-27.6309231192474
4N	20.5_20.5_2_1_0.5_0.3_0.2_0.1_0_0_0_0_0_0_0_0_0_0_0_0_0_0_0_0	SUM-159_NLS_4N_O2_A22_seed	SUM-159_NLS_4N_O2_A22	0	151	6	0.701005025125628	1.00009800148298e-12	-27.6309231192474
4N	20.5_20.5_2_1_0.5_0.3_0.2_0.1_0_0_0_0_0_0_0_0_0_0_0_0_0_0_0_0	SUM-159_NLS_4N_O2_A22_seed	SUM-159_NLS_4N_O2_A22	0	151	7	0.741206030150754	1.00009800148298e-12	-27.6309231192474
4N	20.5_20.5_2_1_0.5_0.3_0.2_0.1_0_0_0_0_0_0_0_0_0_0_0_0_0_0_0_0	SUM-159_NLS_4N_O2_A22_seed	SUM-159_NLS_4N_O2_A22	0	151	8	0.781407035175879	1.00009800148298e-12	-27.6309231192474
4N	20.5_20.5_2_1_0.5_0.3_0.2_0.1_0_0_0_0_0_0_0_0_0_0_0_0_0_0_0_0	SUM-159_NLS_4N_O2_A22_seed	SUM-159_NLS_4N_O2_A22	0	151	9	0.821608040201005	1.00009800148298e-12	-27.6309231192474
4N	20.5_20.5_2_1_0.5_0.3_0.2_0.1_0_0_0_0_0_0_0_0_0_0_0_0_0_0_0_0	SUM-159_NLS_4N_O2_A22_seed	SUM-159_NLS_4N_O2_A22	0	151	10	0.861809045226131	1.00009800148298e-12	-27.6309231192474
4N	20.5_20.5_2_1_0.5_0.3_0.2_0.1_0_0_0_0_0_0_0_0_0_0_0_0_0_0_0_0	SUM-159_NLS_4N_O2_A22_seed	SUM-159_NLS_4N_O2_A22	0	151	11	0.902010050251256	1.00009800148298e-12	-27.6309231192474
4N	20.5_20.5_2_1_0.5_0.3_0.2_0.1_0_0_0_0_0_0_0_0_0_0_0_0_0_0_0_0	SUM-159_NLS_4N_O2_A22_seed	SUM-159_NLS_4N_O2_A22	0	151	12	0.942211055276382	1.00009800148298e-12	-27.6309231192474
4N	20.5_20.5_2_1_0.5_0.3_0.2_0.1_0_0_0_0_0_0_0_0_0_0_0_0_0_0_0_0	SUM-159_NLS_4N_O2_A22_seed	SUM-159_NLS_4N_O2_A22	0	151	13	0.982412060301508	1.00009800148298e-12	-27.6309231192474
4N	20.5_20.5_2_1_0.5_0.3_0.2_0.1_0_0_0_0_0_0_0_0_0_0_0_0_0_0_0_0	SUM-159_NLS_4N_O2_A22_seed	SUM-159_NLS_4N_O2_A22	0	151	14	1.02261306532663	1.00009800148298e-12	-27.6309231192474
4N	20.5_20.5_2_1_0.5_0.3_0.2_0.1_0_0_0_0_0_0_0_0_0_0_0_0_0_0_0_0	SUM-159_NLS_4N_O2_A22_seed	SUM-159_NLS_4N_O2_A22	0	151	15	1.06281407035176	1.00009800148298e-12	-27.6309231192474
4N	20.5_20.5_2_1_0.5_0.3_0.2_0.1_0_0_0_0_0_0_0_0_0_0_0_0_0_0_0_0	SUM-159_NLS_4N_O2_A22_seed	SUM-159_NLS_4N_O2_A22	0	151	16	1.10301507537688	1.00009800148298e-12	-27.6309231192474
4N	20.5_20.5_2_1_0.5_0.3_0.2_0.1_0_0_0_0_0_0_0_0_0_0_0_0_0_0_0_0	SUM-159_NLS_4N_O2_A22_seed	SUM-159_NLS_4N_O2_A22	0	151	17	1.14321608040201	1.00009800148298e-12	-27.6309231192474
4N	20.5_20.5_2_1_0.5_0.3_0.2_0.1_0_0_0_0_0_0_0_0_0_0_0_0_0_0_0_0	SUM-159_NLS_4N_O2_A22_seed	SUM-159_NLS_4N_O2_A22	0	151	18	1.18341708542714	1.00009800148298e-12	-27.6309231192474
4N	20.5_20.5_2_1_0.5_0.3_0.2_0.1_0_0_0_0_0_0_0_0_0_0_0_0_0_0_0_0	SUM-159_NLS_4N_O2_A22_seed	SUM-159_NLS_4N_O2_A22	0	151	19	1.22361809045226	1.00009800148298e-12	-27.6309231192474
4N	20.5_20.5_2_1_0.5_0.3_0.2_0.1_0_0_0_0_0_0_0_0_0_0_0_0_0_0_0_0	SUM-159_NLS_4N_O2_A22_seed	SUM-159_NLS_4N_O2_A22	0	151	20	1.26381909547739	1.00009800148298e-12	-27.6309231192474
4N	20.5_20.5_2_1_0.5_0.3_0.2_0.1_0_0_0_0_0_0_0_0_0_0_0_0_0_0_0_0	SUM-159_NLS_4N_O2_A22_seed	SUM-159_NLS_4N_O2_A22	0	151	21	1.30402010050251	1.00009800148298e-12	-27.6309231192474
4N	20.5_20.5_2_1_0.5_0.3_0.2_0.1_0_0_0_0_0_0_0_0_0_0_0_0_0_0_0_0	SUM-159_NLS_4N_O2_A22_seed	SUM-159_NLS_4N_O2_A22	0	151	22	1.34422110552764	1.00009800148298e-12	-27.6309231192474
4N	20.5_20.5_2_1_0.5_0.3_0.2_0.1_0_0_0_0_0_0_0_0_0_0_0_0_0_0_0_0	SUM-159_NLS_4N_O2_A22_seed	SUM-159_NLS_4N_O2_A22	0	151	23	1.38442211055276	1.00009800148298e-12	-27.6309231192474
4N	20.5_20.5_2_1_0.5_0.3_0.2_0.1_0_0_0_0_0_0_0_0_0_0_0_0_0_0_0_0	SUM-159_NLS_4N_O2_A22_seed	SUM-159_NLS_4N_O2_A22	0	151	24	1.42462311557789	1.00009800148298e-12	-27.6309231192474
4N	20.5_20.5_2_1_0.5_0.3_0.2_0.1_0_0_0_0_0_0_0_0_0_0_0_0_0_0_0_0	SUM-159_NLS_4N_O2_A22_seed	SUM-159_NLS_4N_O2_A22	0	151	25	1.46482412060302	1.00009800148298e-12	-27.6309231192474
4N	20.5_20.5_2_1_0.5_0.3_0.2_0.1_0_0_0_0_0_0_0_0_0_0_0_0_0_0_0_0	SUM-159_NLS_4N_O2_A22_seed	SUM-159_NLS_4N_O2_A22	0	151	26	1.50502512562814	1.00009800148298e-12	-27.6309231192474
4N	20.5_20.5_2_1_0.5_0.3_0.2_0.1_0_0_0_0_0_0_0_0_0_0_0_0_0_0_0_0	SUM-159_NLS_4N_O2_A22_seed	SUM-159_NLS_4N_O2_A22	0	151	27	1.54522613065327	1.00009800148298e-12	-27.6309231192474
4N	20.5_20.5_2_1_0.5_0.3_0.2_0.1_0_0_0_0_0_0_0_0_0_0_0_0_0_0_0_0	SUM-159_NLS_4N_O2_A22_seed	SUM-159_NLS_4N_O2_A22	0	151	28	1.58542713567839	1.00009800148298e-12	-27.6309231192474
4N	20.5_20.5_2_1_0.5_0.3_0.2_0.1_0_0_0_0_0_0_0_0_0_0_0_0_0_0_0_0	SUM-159_NLS_4N_O2_A22_seed	SUM-159_NLS_4N_O2_A22	0	151	29	1.62562814070352	1.00009800148298e-12	-27.6309231192474
4N	20.5_20.5_2_1_0.5_0.3_0.2_0.1_0_0_0_0_0_0_0_0_0_0_0_0_0_0_0_0	SUM-159_NLS_4N_O2_A22_seed	SUM-159_NLS_4N_O2_A22	0	151	30	1.66582914572864	1.00009800148298e-12	-27.6309231192474
4N	20.5_20.5_2_1_0.5_0.3_0.2_0.1_0_0_0_0_0_0_0_0_0_0_0_0_0_0_0_0	SUM-159_NLS_4N_O2_A22_seed	SUM-159_NLS_4N_O2_A22	0	151	31	1.70603015075377	1.00009800148298e-12	-27.6309231192474
4N	20.5_20.5_2_1_0.5_0.3_0.2_0.1_0_0_0_0_0_0_0_0_0_0_0_0_0_0_0_0	SUM-159_NLS_4N_O2_A22_seed	SUM-159_NLS_4N_O2_A22	0	151	32	1.74623115577889	1.00009800148298e-12	-27.6309231192474
4N	20.5_20.5_2_1_0.5_0.3_0.2_0.1_0_0_0_0_0_0_0_0_0_0_0_0_0_0_0_0	SUM-159_NLS_4N_O2_A22_seed	SUM-159_NLS_4N_O2_A22	0	151	33	1.78643216080402	1.00009800148298e-12	-27.6309231192474
4N	20.5_20.5_2_1_0.5_0.3_0.2_0.1_0_0_0_0_0_0_0_0_0_0_0_0_0_0_0_0	SUM-159_NLS_4N_O2_A22_seed	SUM-159_NLS_4N_O2_A22	0	151	34	1.82663316582915	1.00009800148298e-12	-27.6309231192474
4N	20.5_20.5_2_1_0.5_0.3_0.2_0.1_0_0_0_0_0_0_0_0_0_0_0_0_0_0_0_0	SUM-159_NLS_4N_O2_A22_seed	SUM-159_NLS_4N_O2_A22	0	151	35	1.86683417085427	1.00009800148298e-12	-27.6309231192474
4N	20.5_20.5_2_1_0.5_0.3_0.2_0.1_0_0_0_0_0_0_0_0_0_0_0_0_0_0_0_0	SUM-159_NLS_4N_O2_A22_seed	SUM-159_NLS_4N_O2_A22	0	151	36	1.9070351758794	1.00009800148298e-12	-27.6309231192474
4N	20.5_20.5_2_1_0.5_0.3_0.2_0.1_0_0_0_0_0_0_0_0_0_0_0_0_0_0_0_0	SUM-159_NLS_4N_O2_A22_seed	SUM-159_NLS_4N_O2_A22	0	151	37	1.94723618090452	1.00009800148298e-12	-27.6309231192474
4N	20.5_20.5_2_1_0.5_0.3_0.2_0.1_0_0_0_0_0_0_0_0_0_0_0_0_0_0_0_0	SUM-159_NLS_4N_O2_A22_seed	SUM-159_NLS_4N_O2_A22	0	151	38	1.98743718592965	1.00009800148298e-12	-27.6309231192474
4N	20.5_20.5_2_1_0.5_0.3_0.2_0.1_0_0_0_0_0_0_0_0_0_0_0_0_0_0_0_0	SUM-159_NLS_4N_O2_A22_seed	SUM-159_NLS_4N_O2_A22	0	151	39	2.02763819095477	1.00009800148298e-12	-27.6309231192474
4N	20.5_20.5_2_1_0.5_0.3_0.2_0.1_0_0_0_0_0_0_0_0_0_0_0_0_0_0_0_0	SUM-159_NLS_4N_O2_A22_seed	SUM-159_NLS_4N_O2_A22	0	151	40	2.0678391959799	1.00009800148298e-12	-27.6309231192474
4N	20.5_20.5_2_1_0.5_0.3_0.2_0.1_0_0_0_0_0_0_0_0_0_0_0_0_0_0_0_0	SUM-159_NLS_4N_O2_A22_seed	SUM-159_NLS_4N_O2_A22	0	151	41	2.10804020100502	1.00009800148298e-12	-27.6309231192474
4N	20.5_20.5_2_1_0.5_0.3_0.2_0.1_0_0_0_0_0_0_0_0_0_0_0_0_0_0_0_0	SUM-159_NLS_4N_O2_A22_seed	SUM-159_NLS_4N_O2_A22	0	151	42	2.14824120603015	3.01374880701426e-10	-21.9226661752749
4N	20.5_20.5_2_1_0.5_0.3_0.2_0.1_0_0_0_0_0_0_0_0_0_0_0_0_0_0_0_0	SUM-159_NLS_4N_O2_A22_seed	SUM-159_NLS_4N_O2_A22	0	151	43	2.18844221105528	2.02941017733122e-06	-13.1077653601681
4N	20.5_20.5_2_1_0.5_0.3_0.2_0.1_0_0_0_0_0_0_0_0_0_0_0_0_0_0_0_0	SUM-159_NLS_4N_O2_A22_seed	SUM-159_NLS_4N_O2_A22	0	151	44	2.2286432160804	4.57898985778087e-05	-9.99144704623966
4N	20.5_20.5_2_1_0.5_0.3_0.2_0.1_0_0_0_0_0_0_0_0_0_0_0_0_0_0_0_0	SUM-159_NLS_4N_O2_A22_seed	SUM-159_NLS_4N_O2_A22	0	151	45	2.26884422110553	7.88990386611557e-05	-9.44734151445593
4N	20.5_20.5_2_1_0.5_0.3_0.2_0.1_0_0_0_0_0_0_0_0_0_0_0_0_0_0_0_0	SUM-159_NLS_4N_O2_A22_seed	SUM-159_NLS_4N_O2_A22	0	151	46	2.30904522613065	7.67739849279187e-05	-9.47464471311302
4N	20.5_20.5_2_1_0.5_0.3_0.2_0.1_0_0_0_0_0_0_0_0_0_0_0_0_0_0_0_0	SUM-159_NLS_4N_O2_A22_seed	SUM-159_NLS_4N_O2_A22	0	151	47	2.34924623115578	0.000172170952865514	-8.66702266274552
4N	20.5_20.5_2_1_0.5_0.3_0.2_0.1_0_0_0_0_0_0_0_0_0_0_0_0_0_0_0_0	SUM-159_NLS_4N_O2_A22_seed	SUM-159_NLS_4N_O2_A22	0	151	48	2.3894472361809	0.00042396831507691	-7.76585183411683
4N	20.5_20.5_2_1_0.5_0.3_0.2_0.1_0_0_0_0_0_0_0_0_0_0_0_0_0_0_0_0	SUM-159_NLS_4N_O2_A22_seed	SUM-159_NLS_4N_O2_A22	0	151	49	2.42964824120603	0.00054714922036796	-7.51078899499719
4N	20.5_20.5_2_1_0.5_0.3_0.2_0.1_0_0_0_0_0_0_0_0_0_0_0_0_0_0_0_0	SUM-159_NLS_4N_O2_A22_seed	SUM-159_NLS_4N_O2_A22	0	151	50	2.46984924623116	0.00108098501720165	-6.8298826005491
4N	20.5_20.5_2_1_0.5_0.3_0.2_0.1_0_0_0_0_0_0_0_0_0_0_0_0_0_0_0_0	SUM-159_NLS_4N_O2_A22_seed	SUM-159_NLS_4N_O2_A22	0	151	51	2.51005025125628	0.00189898207832153	-6.26643728462594
4N	20.5_20.5_2_1_0.5_0.3_0.2_0.1_0_0_0_0_0_0_0_0_0_0_0_0_0_0_0_0	SUM-159_NLS_4N_O2_A22_seed	SUM-159_NLS_4N_O2_A22	0	151	52	2.55025125628141	0.0032233762532848	-5.73732594288027
4N	20.5_20.5_2_1_0.5_0.3_0.2_0.1_0_0_0_0_0_0_0_0_0_0_0_0_0_0_0_0	SUM-159_NLS_4N_O2_A22_seed	SUM-159_NLS_4N_O2_A22	0	151	53	2.59045226130653	0.00652789740932143	-5.03167037692767
4N	20.5_20.5_2_1_0.5_0.3_0.2_0.1_0_0_0_0_0_0_0_0_0_0_0_0_0_0_0_0	SUM-159_NLS_4N_O2_A22_seed	SUM-159_NLS_4N_O2_A22	0	151	54	2.63065326633166	0.0112689818913704	-4.48570129295523
4N	20.5_20.5_2_1_0.5_0.3_0.2_0.1_0_0_0_0_0_0_0_0_0_0_0_0_0_0_0_0	SUM-159_NLS_4N_O2_A22_seed	SUM-159_NLS_4N_O2_A22	0	151	55	2.67085427135678	0.0177276298437984	-4.03263084838489
4N	20.5_20.5_2_1_0.5_0.3_0.2_0.1_0_0_0_0_0_0_0_0_0_0_0_0_0_0_0_0	SUM-159_NLS_4N_O2_A22_seed	SUM-159_NLS_4N_O2_A22	0	151	56	2.71105527638191	0.0286201626387435	-3.55364382217454
4N	20.5_20.5_2_1_0.5_0.3_0.2_0.1_0_0_0_0_0_0_0_0_0_0_0_0_0_0_0_0	SUM-159_NLS_4N_O2_A22_seed	SUM-159_NLS_4N_O2_A22	0	151	57	2.75125628140704	0.0429671558764155	-3.14731927197282
4N	20.5_20.5_2_1_0.5_0.3_0.2_0.1_0_0_0_0_0_0_0_0_0_0_0_0_0_0_0_0	SUM-159_NLS_4N_O2_A22_seed	SUM-159_NLS_4N_O2_A22	0	151	58	2.79145728643216	0.063779583174384	-2.75232215278715
4N	20.5_20.5_2_1_0.5_0.3_0.2_0.1_0_0_0_0_0_0_0_0_0_0_0_0_0_0_0_0	SUM-159_NLS_4N_O2_A22_seed	SUM-159_NLS_4N_O2_A22	0	151	59	2.83165829145729	0.0944791642658123	-2.35937595275226
4N	20.5_20.5_2_1_0.5_0.3_0.2_0.1_0_0_0_0_0_0_0_0_0_0_0_0_0_0_0_0	SUM-159_NLS_4N_O2_A22_seed	SUM-159_NLS_4N_O2_A22	0	151	60	2.87185929648241	0.136051674708727	-1.99472050431944
4N	20.5_20.5_2_1_0.5_0.3_0.2_0.1_0_0_0_0_0_0_0_0_0_0_0_0_0_0_0_0	SUM-159_NLS_4N_O2_A22_seed	SUM-159_NLS_4N_O2_A22	0	151	61	2.91206030150754	0.193995369834927	-1.6399209870339
4N	20.5_20.5_2_1_0.5_0.3_0.2_0.1_0_0_0_0_0_0_0_0_0_0_0_0_0_0_0_0	SUM-159_NLS_4N_O2_A22_seed	SUM-159_NLS_4N_O2_A22	0	151	62	2.95226130653266	0.260964258468938	-1.34337182176872
4N	20.5_20.5_2_1_0.5_0.3_0.2_0.1_0_0_0_0_0_0_0_0_0_0_0_0_0_0_0_0	SUM-159_NLS_4N_O2_A22_seed	SUM-159_NLS_4N_O2_A22	0	151	63	2.99246231155779	0.345890353385081	-1.06163345187809
4N	20.5_20.5_2_1_0.5_0.3_0.2_0.1_0_0_0_0_0_0_0_0_0_0_0_0_0_0_0_0	SUM-159_NLS_4N_O2_A22_seed	SUM-159_NLS_4N_O2_A22	0	151	64	3.03266331658291	0.448031243610807	-0.802892308796193
4N	20.5_20.5_2_1_0.5_0.3_0.2_0.1_0_0_0_0_0_0_0_0_0_0_0_0_0_0_0_0	SUM-159_NLS_4N_O2_A22_seed	SUM-159_NLS_4N_O2_A22	0	151	65	3.07286432160804	0.566627882475472	-0.568052482638591
4N	20.5_20.5_2_1_0.5_0.3_0.2_0.1_0_0_0_0_0_0_0_0_0_0_0_0_0_0_0_0	SUM-159_NLS_4N_O2_A22_seed	SUM-159_NLS_4N_O2_A22	0	151	66	3.11306532663317	0.70372741143067	-0.351364197477588
4N	20.5_20.5_2_1_0.5_0.3_0.2_0.1_0_0_0_0_0_0_0_0_0_0_0_0_0_0_0_0	SUM-159_NLS_4N_O2_A22_seed	SUM-159_NLS_4N_O2_A22	0	151	67	3.15326633165829	0.836748611724721	-0.178231598019988
4N	20.5_20.5_2_1_0.5_0.3_0.2_0.1_0_0_0_0_0_0_0_0_0_0_0_0_0_0_0_0	SUM-159_NLS_4N_O2_A22_seed	SUM-159_NLS_4N_O2_A22	0	151	68	3.19346733668342	0.98579696633954	-0.0143048620745521
4N	20.5_20.5_2_1_0.5_0.3_0.2_0.1_0_0_0_0_0_0_0_0_0_0_0_0_0_0_0_0	SUM-159_NLS_4N_O2_A22_seed	SUM-159_NLS_4N_O2_A22	0	151	69	3.23366834170854	1.13105435596279	0.123150256070018
4N	20.5_20.5_2_1_0.5_0.3_0.2_0.1_0_0_0_0_0_0_0_0_0_0_0_0_0_0_0_0	SUM-159_NLS_4N_O2_A22_seed	SUM-159_NLS_4N_O2_A22	0	151	70	3.27386934673367	1.26097403500995	0.231884465977731
4N	20.5_20.5_2_1_0.5_0.3_0.2_0.1_0_0_0_0_0_0_0_0_0_0_0_0_0_0_0_0	SUM-159_NLS_4N_O2_A22_seed	SUM-159_NLS_4N_O2_A22	0	151	71	3.31407035175879	1.36810696107369	0.313428004063208
4N	20.5_20.5_2_1_0.5_0.3_0.2_0.1_0_0_0_0_0_0_0_0_0_0_0_0_0_0_0_0	SUM-159_NLS_4N_O2_A22_seed	SUM-159_NLS_4N_O2_A22	0	151	72	3.35427135678392	1.4441084499701	0.36749214150789
4N	20.5_20.5_2_1_0.5_0.3_0.2_0.1_0_0_0_0_0_0_0_0_0_0_0_0_0_0_0_0	SUM-159_NLS_4N_O2_A22_seed	SUM-159_NLS_4N_O2_A22	0	151	73	3.39447236180905	1.49381854106415	0.401335620876218
4N	20.5_20.5_2_1_0.5_0.3_0.2_0.1_0_0_0_0_0_0_0_0_0_0_0_0_0_0_0_0	SUM-159_NLS_4N_O2_A22_seed	SUM-159_NLS_4N_O2_A22	0	151	74	3.43467336683417	1.52097865411433	0.419353979065808
4N	20.5_20.5_2_1_0.5_0.3_0.2_0.1_0_0_0_0_0_0_0_0_0_0_0_0_0_0_0_0	SUM-159_NLS_4N_O2_A22_seed	SUM-159_NLS_4N_O2_A22	0	151	75	3.4748743718593	1.49617449891314	0.402911516408457
4N	20.5_20.5_2_1_0.5_0.3_0.2_0.1_0_0_0_0_0_0_0_0_0_0_0_0_0_0_0_0	SUM-159_NLS_4N_O2_A22_seed	SUM-159_NLS_4N_O2_A22	0	151	76	3.51507537688442	1.44196145496918	0.366004308248342
4N	20.5_20.5_2_1_0.5_0.3_0.2_0.1_0_0_0_0_0_0_0_0_0_0_0_0_0_0_0_0	SUM-159_NLS_4N_O2_A22_seed	SUM-159_NLS_4N_O2_A22	0	151	77	3.55527638190955	1.34812432737733	0.298714239229183
4N	20.5_20.5_2_1_0.5_0.3_0.2_0.1_0_0_0_0_0_0_0_0_0_0_0_0_0_0_0_0	SUM-159_NLS_4N_O2_A22_seed	SUM-159_NLS_4N_O2_A22	0	151	78	3.59547738693467	1.24575894032045	0.219744934810619
4N	20.5_20.5_2_1_0.5_0.3_0.2_0.1_0_0_0_0_0_0_0_0_0_0_0_0_0_0_0_0	SUM-159_NLS_4N_O2_A22_seed	SUM-159_NLS_4N_O2_A22	0	151	79	3.6356783919598	1.11687804552318	0.110537333753294
4N	20.5_20.5_2_1_0.5_0.3_0.2_0.1_0_0_0_0_0_0_0_0_0_0_0_0_0_0_0_0	SUM-159_NLS_4N_O2_A22_seed	SUM-159_NLS_4N_O2_A22	0	151	80	3.67587939698492	0.985558600209711	-0.0145466917424571
4N	20.5_20.5_2_1_0.5_0.3_0.2_0.1_0_0_0_0_0_0_0_0_0_0_0_0_0_0_0_0	SUM-159_NLS_4N_O2_A22_seed	SUM-159_NLS_4N_O2_A22	0	151	81	3.71608040201005	0.856593647695381	-0.15479162954704
4N	20.5_20.5_2_1_0.5_0.3_0.2_0.1_0_0_0_0_0_0_0_0_0_0_0_0_0_0_0_0	SUM-159_NLS_4N_O2_A22_seed	SUM-159_NLS_4N_O2_A22	0	151	82	3.75628140703518	0.720898489297566	-0.327256943152152
4N	20.5_20.5_2_1_0.5_0.3_0.2_0.1_0_0_0_0_0_0_0_0_0_0_0_0_0_0_0_0	SUM-159_NLS_4N_O2_A22_seed	SUM-159_NLS_4N_O2_A22	0	151	83	3.7964824120603	0.603116876247206	-0.505644276414285
4N	20.5_20.5_2_1_0.5_0.3_0.2_0.1_0_0_0_0_0_0_0_0_0_0_0_0_0_0_0_0	SUM-159_NLS_4N_O2_A22_seed	SUM-159_NLS_4N_O2_A22	0	151	84	3.83668341708543	0.490916636259268	-0.711480949188494
4N	20.5_20.5_2_1_0.5_0.3_0.2_0.1_0_0_0_0_0_0_0_0_0_0_0_0_0_0_0_0	SUM-159_NLS_4N_O2_A22_seed	SUM-159_NLS_4N_O2_A22	0	151	85	3.87688442211055	0.390362984431404	-0.940678243407114
4N	20.5_20.5_2_1_0.5_0.3_0.2_0.1_0_0_0_0_0_0_0_0_0_0_0_0_0_0_0_0	SUM-159_NLS_4N_O2_A22_seed	SUM-159_NLS_4N_O2_A22	0	151	86	3.91708542713568	0.306453955825656	-1.18268776058205
4N	20.5_20.5_2_1_0.5_0.3_0.2_0.1_0_0_0_0_0_0_0_0_0_0_0_0_0_0_0_0	SUM-159_NLS_4N_O2_A22_seed	SUM-159_NLS_4N_O2_A22	0	151	87	3.9572864321608	0.234835089275364	-1.4488717589426
4N	20.5_20.5_2_1_0.5_0.3_0.2_0.1_0_0_0_0_0_0_0_0_0_0_0_0_0_0_0_0	SUM-159_NLS_4N_O2_A22_seed	SUM-159_NLS_4N_O2_A22	0	151	88	3.99748743718593	0.166990143103824	-1.78982049163772
4N	20.5_20.5_2_1_0.5_0.3_0.2_0.1_0_0_0_0_0_0_0_0_0_0_0_0_0_0_0_0	SUM-159_NLS_4N_O2_A22_seed	SUM-159_NLS_4N_O2_A22	0	151	89	4.03768844221106	0.121121335455066	-2.11096246346982
4N	20.5_20.5_2_1_0.5_0.3_0.2_0.1_0_0_0_0_0_0_0_0_0_0_0_0_0_0_0_0	SUM-159_NLS_4N_O2_A22_seed	SUM-159_NLS_4N_O2_A22	0	151	90	4.07788944723618	0.0914756437131504	-2.39168253106254
4N	20.5_20.5_2_1_0.5_0.3_0.2_0.1_0_0_0_0_0_0_0_0_0_0_0_0_0_0_0_0	SUM-159_NLS_4N_O2_A22_seed	SUM-159_NLS_4N_O2_A22	0	151	91	4.11809045226131	0.0700127116745958	-2.65907845806785
4N	20.5_20.5_2_1_0.5_0.3_0.2_0.1_0_0_0_0_0_0_0_0_0_0_0_0_0_0_0_0	SUM-159_NLS_4N_O2_A22_seed	SUM-159_NLS_4N_O2_A22	0	151	92	4.15829145728643	0.0546572620113958	-2.90667319100291
4N	20.5_20.5_2_1_0.5_0.3_0.2_0.1_0_0_0_0_0_0_0_0_0_0_0_0_0_0_0_0	SUM-159_NLS_4N_O2_A22_seed	SUM-159_NLS_4N_O2_A22	0	151	93	4.19849246231156	0.0409195029443527	-3.19614848498244
4N	20.5_20.5_2_1_0.5_0.3_0.2_0.1_0_0_0_0_0_0_0_0_0_0_0_0_0_0_0_0	SUM-159_NLS_4N_O2_A22_seed	SUM-159_NLS_4N_O2_A22	0	151	94	4.23869346733668	0.0308067544863761	-3.48002131153995
4N	20.5_20.5_2_1_0.5_0.3_0.2_0.1_0_0_0_0_0_0_0_0_0_0_0_0_0_0_0_0	SUM-159_NLS_4N_O2_A22_seed	SUM-159_NLS_4N_O2_A22	0	151	95	4.27889447236181	0.0250397233545859	-3.68729178095081
4N	20.5_20.5_2_1_0.5_0.3_0.2_0.1_0_0_0_0_0_0_0_0_0_0_0_0_0_0_0_0	SUM-159_NLS_4N_O2_A22_seed	SUM-159_NLS_4N_O2_A22	0	151	96	4.31909547738693	0.0176466080602483	-4.03721169196098
4N	20.5_20.5_2_1_0.5_0.3_0.2_0.1_0_0_0_0_0_0_0_0_0_0_0_0_0_0_0_0	SUM-159_NLS_4N_O2_A22_seed	SUM-159_NLS_4N_O2_A22	0	151	97	4.35929648241206	0.013470649021026	-4.30724210701638
4N	20.5_20.5_2_1_0.5_0.3_0.2_0.1_0_0_0_0_0_0_0_0_0_0_0_0_0_0_0_0	SUM-159_NLS_4N_O2_A22_seed	SUM-159_NLS_4N_O2_A22	0	151	98	4.39949748743719	0.00951124865143745	-4.6552801122596
4N	20.5_20.5_2_1_0.5_0.3_0.2_0.1_0_0_0_0_0_0_0_0_0_0_0_0_0_0_0_0	SUM-159_NLS_4N_O2_A22_seed	SUM-159_NLS_4N_O2_A22	0	151	99	4.43969849246231	0.00724430135073727	-4.92754013977967
4N	20.5_20.5_2_1_0.5_0.3_0.2_0.1_0_0_0_0_0_0_0_0_0_0_0_0_0_0_0_0	SUM-159_NLS_4N_O2_A22_seed	SUM-159_NLS_4N_O2_A22	0	151	100	4.47989949748744	0.00467529562842384	-5.36546288221431
4N	20.5_20.5_2_1_0.5_0.3_0.2_0.1_0_0_0_0_0_0_0_0_0_0_0_0_0_0_0_0	SUM-159_NLS_4N_O2_A22_seed	SUM-159_NLS_4N_O2_A22	0	151	101	4.52010050251256	0.00431420965083438	-5.44584113441335
4N	20.5_20.5_2_1_0.5_0.3_0.2_0.1_0_0_0_0_0_0_0_0_0_0_0_0_0_0_0_0	SUM-159_NLS_4N_O2_A22_seed	SUM-159_NLS_4N_O2_A22	0	151	102	4.56030150753769	0.00309790977747882	-5.77702766023955
4N	20.5_20.5_2_1_0.5_0.3_0.2_0.1_0_0_0_0_0_0_0_0_0_0_0_0_0_0_0_0	SUM-159_NLS_4N_O2_A22_seed	SUM-159_NLS_4N_O2_A22	0	151	103	4.60050251256281	0.00203682883086476	-6.19636117528058
4N	20.5_20.5_2_1_0.5_0.3_0.2_0.1_0_0_0_0_0_0_0_0_0_0_0_0_0_0_0_0	SUM-159_NLS_4N_O2_A22_seed	SUM-159_NLS_4N_O2_A22	0	151	104	4.64070351758794	0.00120122998747358	-6.72440925756999
4N	20.5_20.5_2_1_0.5_0.3_0.2_0.1_0_0_0_0_0_0_0_0_0_0_0_0_0_0_0_0	SUM-159_NLS_4N_O2_A22_seed	SUM-159_NLS_4N_O2_A22	0	151	105	4.68090452261307	0.00119561076016681	-6.72909812779003
4N	20.5_20.5_2_1_0.5_0.3_0.2_0.1_0_0_0_0_0_0_0_0_0_0_0_0_0_0_0_0	SUM-159_NLS_4N_O2_A22_seed	SUM-159_NLS_4N_O2_A22	0	151	106	4.72110552763819	0.000830230199620032	-7.09380754668794
4N	20.5_20.5_2_1_0.5_0.3_0.2_0.1_0_0_0_0_0_0_0_0_0_0_0_0_0_0_0_0	SUM-159_NLS_4N_O2_A22_seed	SUM-159_NLS_4N_O2_A22	0	151	107	4.76130653266332	0.000510834871685967	-7.57946416736952
4N	20.5_20.5_2_1_0.5_0.3_0.2_0.1_0_0_0_0_0_0_0_0_0_0_0_0_0_0_0_0	SUM-159_NLS_4N_O2_A22_seed	SUM-159_NLS_4N_O2_A22	0	151	108	4.80150753768844	0.000269245579170085	-8.21988666111518
4N	20.5_20.5_2_1_0.5_0.3_0.2_0.1_0_0_0_0_0_0_0_0_0_0_0_0_0_0_0_0	SUM-159_NLS_4N_O2_A22_seed	SUM-159_NLS_4N_O2_A22	0	151	109	4.84170854271357	0.000132265866397029	-8.93069652166566
4N	20.5_20.5_2_1_0.5_0.3_0.2_0.1_0_0_0_0_0_0_0_0_0_0_0_0_0_0_0_0	SUM-159_NLS_4N_O2_A22_seed	SUM-159_NLS_4N_O2_A22	0	151	110	4.88190954773869	0.000133932815609123	-8.91817225979568
4N	20.5_20.5_2_1_0.5_0.3_0.2_0.1_0_0_0_0_0_0_0_0_0_0_0_0_0_0_0_0	SUM-159_NLS_4N_O2_A22_seed	SUM-159_NLS_4N_O2_A22	0	151	111	4.92211055276382	0.000103547890182212	-9.17547634520025
4N	20.5_20.5_2_1_0.5_0.3_0.2_0.1_0_0_0_0_0_0_0_0_0_0_0_0_0_0_0_0	SUM-159_NLS_4N_O2_A22_seed	SUM-159_NLS_4N_O2_A22	0	151	112	4.96231155778894	4.83343540787495e-05	-9.93736798556413
4N	20.5_20.5_2_1_0.5_0.3_0.2_0.1_0_0_0_0_0_0_0_0_0_0_0_0_0_0_0_0	SUM-159_NLS_4N_O2_A22_seed	SUM-159_NLS_4N_O2_A22	0	151	113	5.00251256281407	5.82568262794313e-05	-9.75064928303814
4N	20.5_20.5_2_1_0.5_0.3_0.2_0.1_0_0_0_0_0_0_0_0_0_0_0_0_0_0_0_0	SUM-159_NLS_4N_O2_A22_seed	SUM-159_NLS_4N_O2_A22	0	151	114	5.0427135678392	2.68614676865215e-05	-10.5248177262726
4N	20.5_20.5_2_1_0.5_0.3_0.2_0.1_0_0_0_0_0_0_0_0_0_0_0_0_0_0_0_0	SUM-159_NLS_4N_O2_A22_seed	SUM-159_NLS_4N_O2_A22	0	151	115	5.08291457286432	3.21498742755183e-05	-10.3451020178476
4N	20.5_20.5_2_1_0.5_0.3_0.2_0.1_0_0_0_0_0_0_0_0_0_0_0_0_0_0_0_0	SUM-159_NLS_4N_O2_A22_seed	SUM-159_NLS_4N_O2_A22	0	151	116	5.12311557788945	8.34407243915349e-06	-11.6939591587175
4N	20.5_20.5_2_1_0.5_0.3_0.2_0.1_0_0_0_0_0_0_0_0_0_0_0_0_0_0_0_0	SUM-159_NLS_4N_O2_A22_seed	SUM-159_NLS_4N_O2_A22	0	151	117	5.16331658291457	1.2508117039082e-08	-18.1968880402566
4N	20.5_20.5_2_1_0.5_0.3_0.2_0.1_0_0_0_0_0_0_0_0_0_0_0_0_0_0_0_0	SUM-159_NLS_4N_O2_A22_seed	SUM-159_NLS_4N_O2_A22	0	151	118	5.2035175879397	1.00009800148298e-12	-27.6309231192474
4N	20.5_20.5_2_1_0.5_0.3_0.2_0.1_0_0_0_0_0_0_0_0_0_0_0_0_0_0_0_0	SUM-159_NLS_4N_O2_A22_seed	SUM-159_NLS_4N_O2_A22	0	151	119	5.24371859296482	1.00009800148298e-12	-27.6309231192474
4N	20.5_20.5_2_1_0.5_0.3_0.2_0.1_0_0_0_0_0_0_0_0_0_0_0_0_0_0_0_0	SUM-159_NLS_4N_O2_A22_seed	SUM-159_NLS_4N_O2_A22	0	151	120	5.28391959798995	1.00009800148298e-12	-27.6309231192474
4N	20.5_20.5_2_1_0.5_0.3_0.2_0.1_0_0_0_0_0_0_0_0_0_0_0_0_0_0_0_0	SUM-159_NLS_4N_O2_A22_seed	SUM-159_NLS_4N_O2_A22	0	151	121	5.32412060301508	1.00009800148298e-12	-27.6309231192474
4N	20.5_20.5_2_1_0.5_0.3_0.2_0.1_0_0_0_0_0_0_0_0_0_0_0_0_0_0_0_0	SUM-159_NLS_4N_O2_A22_seed	SUM-159_NLS_4N_O2_A22	0	151	122	5.3643216080402	1.00009800148298e-12	-27.6309231192474
4N	20.5_20.5_2_1_0.5_0.3_0.2_0.1_0_0_0_0_0_0_0_0_0_0_0_0_0_0_0_0	SUM-159_NLS_4N_O2_A22_seed	SUM-159_NLS_4N_O2_A22	0	151	123	5.40452261306533	1.00009800148298e-12	-27.6309231192474
4N	20.5_20.5_2_1_0.5_0.3_0.2_0.1_0_0_0_0_0_0_0_0_0_0_0_0_0_0_0_0	SUM-159_NLS_4N_O2_A22_seed	SUM-159_NLS_4N_O2_A22	0	151	124	5.44472361809045	1.00009800148298e-12	-27.6309231192474
4N	20.5_20.5_2_1_0.5_0.3_0.2_0.1_0_0_0_0_0_0_0_0_0_0_0_0_0_0_0_0	SUM-159_NLS_4N_O2_A22_seed	SUM-159_NLS_4N_O2_A22	0	151	125	5.48492462311558	1.00009800148298e-12	-27.6309231192474
4N	20.5_20.5_2_1_0.5_0.3_0.2_0.1_0_0_0_0_0_0_0_0_0_0_0_0_0_0_0_0	SUM-159_NLS_4N_O2_A22_seed	SUM-159_NLS_4N_O2_A22	0	151	126	5.5251256281407	1.00009800148298e-12	-27.6309231192474
4N	20.5_20.5_2_1_0.5_0.3_0.2_0.1_0_0_0_0_0_0_0_0_0_0_0_0_0_0_0_0	SUM-159_NLS_4N_O2_A22_seed	SUM-159_NLS_4N_O2_A22	0	151	127	5.56532663316583	1.00009800148298e-12	-27.6309231192474
4N	20.5_20.5_2_1_0.5_0.3_0.2_0.1_0_0_0_0_0_0_0_0_0_0_0_0_0_0_0_0	SUM-159_NLS_4N_O2_A22_seed	SUM-159_NLS_4N_O2_A22	0	151	128	5.60552763819095	1.00009800148298e-12	-27.6309231192474
4N	20.5_20.5_2_1_0.5_0.3_0.2_0.1_0_0_0_0_0_0_0_0_0_0_0_0_0_0_0_0	SUM-159_NLS_4N_O2_A22_seed	SUM-159_NLS_4N_O2_A22	0	151	129	5.64572864321608	1.00009800148298e-12	-27.6309231192474
4N	20.5_20.5_2_1_0.5_0.3_0.2_0.1_0_0_0_0_0_0_0_0_0_0_0_0_0_0_0_0	SUM-159_NLS_4N_O2_A22_seed	SUM-159_NLS_4N_O2_A22	0	151	130	5.68592964824121	1.00009800148298e-12	-27.6309231192474
4N	20.5_20.5_2_1_0.5_0.3_0.2_0.1_0_0_0_0_0_0_0_0_0_0_0_0_0_0_0_0	SUM-159_NLS_4N_O2_A22_seed	SUM-159_NLS_4N_O2_A22	0	151	131	5.72613065326633	1.00009800148298e-12	-27.6309231192474
4N	20.5_20.5_2_1_0.5_0.3_0.2_0.1_0_0_0_0_0_0_0_0_0_0_0_0_0_0_0_0	SUM-159_NLS_4N_O2_A22_seed	SUM-159_NLS_4N_O2_A22	0	151	132	5.76633165829146	1.00009800148298e-12	-27.6309231192474
4N	20.5_20.5_2_1_0.5_0.3_0.2_0.1_0_0_0_0_0_0_0_0_0_0_0_0_0_0_0_0	SUM-159_NLS_4N_O2_A22_seed	SUM-159_NLS_4N_O2_A22	0	151	133	5.80653266331658	1.00009800148298e-12	-27.6309231192474
4N	20.5_20.5_2_1_0.5_0.3_0.2_0.1_0_0_0_0_0_0_0_0_0_0_0_0_0_0_0_0	SUM-159_NLS_4N_O2_A22_seed	SUM-159_NLS_4N_O2_A22	0	151	134	5.84673366834171	1.00009800148298e-12	-27.6309231192474
4N	20.5_20.5_2_1_0.5_0.3_0.2_0.1_0_0_0_0_0_0_0_0_0_0_0_0_0_0_0_0	SUM-159_NLS_4N_O2_A22_seed	SUM-159_NLS_4N_O2_A22	0	151	135	5.88693467336683	1.00009800148298e-12	-27.6309231192474
4N	20.5_20.5_2_1_0.5_0.3_0.2_0.1_0_0_0_0_0_0_0_0_0_0_0_0_0_0_0_0	SUM-159_NLS_4N_O2_A22_seed	SUM-159_NLS_4N_O2_A22	0	151	136	5.92713567839196	1.00009800148298e-12	-27.6309231192474
4N	20.5_20.5_2_1_0.5_0.3_0.2_0.1_0_0_0_0_0_0_0_0_0_0_0_0_0_0_0_0	SUM-159_NLS_4N_O2_A22_seed	SUM-159_NLS_4N_O2_A22	0	151	137	5.96733668341709	1.00009800148298e-12	-27.6309231192474
4N	20.5_20.5_2_1_0.5_0.3_0.2_0.1_0_0_0_0_0_0_0_0_0_0_0_0_0_0_0_0	SUM-159_NLS_4N_O2_A22_seed	SUM-159_NLS_4N_O2_A22	0	151	138	6.00753768844221	1.00009800148298e-12	-27.6309231192474
4N	20.5_20.5_2_1_0.5_0.3_0.2_0.1_0_0_0_0_0_0_0_0_0_0_0_0_0_0_0_0	SUM-159_NLS_4N_O2_A22_seed	SUM-159_NLS_4N_O2_A22	0	151	139	6.04773869346734	1.00009800148298e-12	-27.6309231192474
4N	20.5_20.5_2_1_0.5_0.3_0.2_0.1_0_0_0_0_0_0_0_0_0_0_0_0_0_0_0_0	SUM-159_NLS_4N_O2_A22_seed	SUM-159_NLS_4N_O2_A22	0	151	140	6.08793969849246	1.00009800148298e-12	-27.6309231192474
4N	20.5_20.5_2_1_0.5_0.3_0.2_0.1_0_0_0_0_0_0_0_0_0_0_0_0_0_0_0_0	SUM-159_NLS_4N_O2_A22_seed	SUM-159_NLS_4N_O2_A22	0	151	141	6.12814070351759	1.00009800148298e-12	-27.6309231192474
4N	20.5_20.5_2_1_0.5_0.3_0.2_0.1_0_0_0_0_0_0_0_0_0_0_0_0_0_0_0_0	SUM-159_NLS_4N_O2_A22_seed	SUM-159_NLS_4N_O2_A22	0	151	142	6.16834170854271	1.00009800148298e-12	-27.6309231192474
4N	20.5_20.5_2_1_0.5_0.3_0.2_0.1_0_0_0_0_0_0_0_0_0_0_0_0_0_0_0_0	SUM-159_NLS_4N_O2_A22_seed	SUM-159_NLS_4N_O2_A22	0	151	143	6.20854271356784	1.00009800148298e-12	-27.6309231192474
4N	20.5_20.5_2_1_0.5_0.3_0.2_0.1_0_0_0_0_0_0_0_0_0_0_0_0_0_0_0_0	SUM-159_NLS_4N_O2_A22_seed	SUM-159_NLS_4N_O2_A22	0	151	144	6.24874371859296	1.00009800148298e-12	-27.6309231192474
4N	20.5_20.5_2_1_0.5_0.3_0.2_0.1_0_0_0_0_0_0_0_0_0_0_0_0_0_0_0_0	SUM-159_NLS_4N_O2_A22_seed	SUM-159_NLS_4N_O2_A22	0	151	145	6.28894472361809	1.00009800148298e-12	-27.6309231192474
4N	20.5_20.5_2_1_0.5_0.3_0.2_0.1_0_0_0_0_0_0_0_0_0_0_0_0_0_0_0_0	SUM-159_NLS_4N_O2_A22_seed	SUM-159_NLS_4N_O2_A22	0	151	146	6.32914572864322	1.00009800148298e-12	-27.6309231192474
4N	20.5_20.5_2_1_0.5_0.3_0.2_0.1_0_0_0_0_0_0_0_0_0_0_0_0_0_0_0_0	SUM-159_NLS_4N_O2_A22_seed	SUM-159_NLS_4N_O2_A22	0	151	147	6.36934673366834	1.00009800148298e-12	-27.6309231192474
4N	20.5_20.5_2_1_0.5_0.3_0.2_0.1_0_0_0_0_0_0_0_0_0_0_0_0_0_0_0_0	SUM-159_NLS_4N_O2_A22_seed	SUM-159_NLS_4N_O2_A22	0	151	148	6.40954773869347	1.00009800148298e-12	-27.6309231192474
4N	20.5_20.5_2_1_0.5_0.3_0.2_0.1_0_0_0_0_0_0_0_0_0_0_0_0_0_0_0_0	SUM-159_NLS_4N_O2_A22_seed	SUM-159_NLS_4N_O2_A22	0	151	149	6.44974874371859	1.00009800148298e-12	-27.6309231192474
4N	20.5_20.5_2_1_0.5_0.3_0.2_0.1_0_0_0_0_0_0_0_0_0_0_0_0_0_0_0_0	SUM-159_NLS_4N_O2_A22_seed	SUM-159_NLS_4N_O2_A22	0	151	150	6.48994974874372	1.00009800148298e-12	-27.6309231192474
4N	20.5_20.5_2_1_0.5_0.3_0.2_0.1_0_0_0_0_0_0_0_0_0_0_0_0_0_0_0_0	SUM-159_NLS_4N_O2_A22_seed	SUM-159_NLS_4N_O2_A22	0	151	151	6.53015075376884	1.00009800148298e-12	-27.6309231192474
4N	20.5_20.5_2_1_0.5_0.3_0.2_0.1_0_0_0_0_0_0_0_0_0_0_0_0_0_0_0_0	SUM-159_NLS_4N_O2_A22_seed	SUM-159_NLS_4N_O2_A22	0	151	152	6.57035175879397	1.00009800148298e-12	-27.6309231192474
4N	20.5_20.5_2_1_0.5_0.3_0.2_0.1_0_0_0_0_0_0_0_0_0_0_0_0_0_0_0_0	SUM-159_NLS_4N_O2_A22_seed	SUM-159_NLS_4N_O2_A22	0	151	153	6.6105527638191	1.00009800148298e-12	-27.6309231192474
4N	20.5_20.5_2_1_0.5_0.3_0.2_0.1_0_0_0_0_0_0_0_0_0_0_0_0_0_0_0_0	SUM-159_NLS_4N_O2_A22_seed	SUM-159_NLS_4N_O2_A22	0	151	154	6.65075376884422	1.00009800148298e-12	-27.6309231192474
4N	20.5_20.5_2_1_0.5_0.3_0.2_0.1_0_0_0_0_0_0_0_0_0_0_0_0_0_0_0_0	SUM-159_NLS_4N_O2_A22_seed	SUM-159_NLS_4N_O2_A22	0	151	155	6.69095477386935	1.00009800148298e-12	-27.6309231192474
4N	20.5_20.5_2_1_0.5_0.3_0.2_0.1_0_0_0_0_0_0_0_0_0_0_0_0_0_0_0_0	SUM-159_NLS_4N_O2_A22_seed	SUM-159_NLS_4N_O2_A22	0	151	156	6.73115577889447	1.00009800148298e-12	-27.6309231192474
4N	20.5_20.5_2_1_0.5_0.3_0.2_0.1_0_0_0_0_0_0_0_0_0_0_0_0_0_0_0_0	SUM-159_NLS_4N_O2_A22_seed	SUM-159_NLS_4N_O2_A22	0	151	157	6.7713567839196	1.00009800148298e-12	-27.6309231192474
4N	20.5_20.5_2_1_0.5_0.3_0.2_0.1_0_0_0_0_0_0_0_0_0_0_0_0_0_0_0_0	SUM-159_NLS_4N_O2_A22_seed	SUM-159_NLS_4N_O2_A22	0	151	158	6.81155778894472	1.00009800148298e-12	-27.6309231192474
4N	20.5_20.5_2_1_0.5_0.3_0.2_0.1_0_0_0_0_0_0_0_0_0_0_0_0_0_0_0_0	SUM-159_NLS_4N_O2_A22_seed	SUM-159_NLS_4N_O2_A22	0	151	159	6.85175879396985	1.00009800148298e-12	-27.6309231192474
4N	20.5_20.5_2_1_0.5_0.3_0.2_0.1_0_0_0_0_0_0_0_0_0_0_0_0_0_0_0_0	SUM-159_NLS_4N_O2_A22_seed	SUM-159_NLS_4N_O2_A22	0	151	160	6.89195979899498	1.00009800148298e-12	-27.6309231192474
4N	20.5_20.5_2_1_0.5_0.3_0.2_0.1_0_0_0_0_0_0_0_0_0_0_0_0_0_0_0_0	SUM-159_NLS_4N_O2_A22_seed	SUM-159_NLS_4N_O2_A22	0	151	161	6.9321608040201	1.00009800148298e-12	-27.6309231192474
4N	20.5_20.5_2_1_0.5_0.3_0.2_0.1_0_0_0_0_0_0_0_0_0_0_0_0_0_0_0_0	SUM-159_NLS_4N_O2_A22_seed	SUM-159_NLS_4N_O2_A22	0	151	162	6.97236180904523	1.00009800148298e-12	-27.6309231192474
4N	20.5_20.5_2_1_0.5_0.3_0.2_0.1_0_0_0_0_0_0_0_0_0_0_0_0_0_0_0_0	SUM-159_NLS_4N_O2_A22_seed	SUM-159_NLS_4N_O2_A22	0	151	163	7.01256281407035	1.00009800148298e-12	-27.6309231192474
4N	20.5_20.5_2_1_0.5_0.3_0.2_0.1_0_0_0_0_0_0_0_0_0_0_0_0_0_0_0_0	SUM-159_NLS_4N_O2_A22_seed	SUM-159_NLS_4N_O2_A22	0	151	164	7.05276381909548	1.00009800148298e-12	-27.6309231192474
4N	20.5_20.5_2_1_0.5_0.3_0.2_0.1_0_0_0_0_0_0_0_0_0_0_0_0_0_0_0_0	SUM-159_NLS_4N_O2_A22_seed	SUM-159_NLS_4N_O2_A22	0	151	165	7.0929648241206	1.00009800148298e-12	-27.6309231192474
4N	20.5_20.5_2_1_0.5_0.3_0.2_0.1_0_0_0_0_0_0_0_0_0_0_0_0_0_0_0_0	SUM-159_NLS_4N_O2_A22_seed	SUM-159_NLS_4N_O2_A22	0	151	166	7.13316582914573	1.00009800148298e-12	-27.6309231192474
4N	20.5_20.5_2_1_0.5_0.3_0.2_0.1_0_0_0_0_0_0_0_0_0_0_0_0_0_0_0_0	SUM-159_NLS_4N_O2_A22_seed	SUM-159_NLS_4N_O2_A22	0	151	167	7.17336683417085	1.00009800148298e-12	-27.6309231192474
4N	20.5_20.5_2_1_0.5_0.3_0.2_0.1_0_0_0_0_0_0_0_0_0_0_0_0_0_0_0_0	SUM-159_NLS_4N_O2_A22_seed	SUM-159_NLS_4N_O2_A22	0	151	168	7.21356783919598	1.00009800148298e-12	-27.6309231192474
4N	20.5_20.5_2_1_0.5_0.3_0.2_0.1_0_0_0_0_0_0_0_0_0_0_0_0_0_0_0_0	SUM-159_NLS_4N_O2_A22_seed	SUM-159_NLS_4N_O2_A22	0	151	169	7.25376884422111	1.00009800148298e-12	-27.6309231192474
4N	20.5_20.5_2_1_0.5_0.3_0.2_0.1_0_0_0_0_0_0_0_0_0_0_0_0_0_0_0_0	SUM-159_NLS_4N_O2_A22_seed	SUM-159_NLS_4N_O2_A22	0	151	170	7.29396984924623	1.00009800148298e-12	-27.6309231192474
4N	20.5_20.5_2_1_0.5_0.3_0.2_0.1_0_0_0_0_0_0_0_0_0_0_0_0_0_0_0_0	SUM-159_NLS_4N_O2_A22_seed	SUM-159_NLS_4N_O2_A22	0	151	171	7.33417085427136	1.00009800148298e-12	-27.6309231192474
4N	20.5_20.5_2_1_0.5_0.3_0.2_0.1_0_0_0_0_0_0_0_0_0_0_0_0_0_0_0_0	SUM-159_NLS_4N_O2_A22_seed	SUM-159_NLS_4N_O2_A22	0	151	172	7.37437185929648	1.00009800148298e-12	-27.6309231192474
4N	20.5_20.5_2_1_0.5_0.3_0.2_0.1_0_0_0_0_0_0_0_0_0_0_0_0_0_0_0_0	SUM-159_NLS_4N_O2_A22_seed	SUM-159_NLS_4N_O2_A22	0	151	173	7.41457286432161	1.00009800148298e-12	-27.6309231192474
4N	20.5_20.5_2_1_0.5_0.3_0.2_0.1_0_0_0_0_0_0_0_0_0_0_0_0_0_0_0_0	SUM-159_NLS_4N_O2_A22_seed	SUM-159_NLS_4N_O2_A22	0	151	174	7.45477386934673	1.00009800148298e-12	-27.6309231192474
4N	20.5_20.5_2_1_0.5_0.3_0.2_0.1_0_0_0_0_0_0_0_0_0_0_0_0_0_0_0_0	SUM-159_NLS_4N_O2_A22_seed	SUM-159_NLS_4N_O2_A22	0	151	175	7.49497487437186	1.00009800148298e-12	-27.6309231192474
4N	20.5_20.5_2_1_0.5_0.3_0.2_0.1_0_0_0_0_0_0_0_0_0_0_0_0_0_0_0_0	SUM-159_NLS_4N_O2_A22_seed	SUM-159_NLS_4N_O2_A22	0	151	176	7.53517587939699	1.00009800148298e-12	-27.6309231192474
4N	20.5_20.5_2_1_0.5_0.3_0.2_0.1_0_0_0_0_0_0_0_0_0_0_0_0_0_0_0_0	SUM-159_NLS_4N_O2_A22_seed	SUM-159_NLS_4N_O2_A22	0	151	177	7.57537688442211	1.00009800148298e-12	-27.6309231192474
4N	20.5_20.5_2_1_0.5_0.3_0.2_0.1_0_0_0_0_0_0_0_0_0_0_0_0_0_0_0_0	SUM-159_NLS_4N_O2_A22_seed	SUM-159_NLS_4N_O2_A22	0	151	178	7.61557788944724	1.00009800148298e-12	-27.6309231192474
4N	20.5_20.5_2_1_0.5_0.3_0.2_0.1_0_0_0_0_0_0_0_0_0_0_0_0_0_0_0_0	SUM-159_NLS_4N_O2_A22_seed	SUM-159_NLS_4N_O2_A22	0	151	179	7.65577889447236	1.00009800148298e-12	-27.6309231192474
4N	20.5_20.5_2_1_0.5_0.3_0.2_0.1_0_0_0_0_0_0_0_0_0_0_0_0_0_0_0_0	SUM-159_NLS_4N_O2_A22_seed	SUM-159_NLS_4N_O2_A22	0	151	180	7.69597989949749	1.00009800148298e-12	-27.6309231192474
4N	20.5_20.5_2_1_0.5_0.3_0.2_0.1_0_0_0_0_0_0_0_0_0_0_0_0_0_0_0_0	SUM-159_NLS_4N_O2_A22_seed	SUM-159_NLS_4N_O2_A22	0	151	181	7.73618090452261	1.00009800148298e-12	-27.6309231192474
4N	20.5_20.5_2_1_0.5_0.3_0.2_0.1_0_0_0_0_0_0_0_0_0_0_0_0_0_0_0_0	SUM-159_NLS_4N_O2_A22_seed	SUM-159_NLS_4N_O2_A22	0	151	182	7.77638190954774	1.00009800148298e-12	-27.6309231192474
4N	20.5_20.5_2_1_0.5_0.3_0.2_0.1_0_0_0_0_0_0_0_0_0_0_0_0_0_0_0_0	SUM-159_NLS_4N_O2_A22_seed	SUM-159_NLS_4N_O2_A22	0	151	183	7.81658291457286	1.00009800148298e-12	-27.6309231192474
4N	20.5_20.5_2_1_0.5_0.3_0.2_0.1_0_0_0_0_0_0_0_0_0_0_0_0_0_0_0_0	SUM-159_NLS_4N_O2_A22_seed	SUM-159_NLS_4N_O2_A22	0	151	184	7.85678391959799	1.00009800148298e-12	-27.6309231192474
4N	20.5_20.5_2_1_0.5_0.3_0.2_0.1_0_0_0_0_0_0_0_0_0_0_0_0_0_0_0_0	SUM-159_NLS_4N_O2_A22_seed	SUM-159_NLS_4N_O2_A22	0	151	185	7.89698492462312	1.00009800148298e-12	-27.6309231192474
4N	20.5_20.5_2_1_0.5_0.3_0.2_0.1_0_0_0_0_0_0_0_0_0_0_0_0_0_0_0_0	SUM-159_NLS_4N_O2_A22_seed	SUM-159_NLS_4N_O2_A22	0	151	186	7.93718592964824	1.00009800148298e-12	-27.6309231192474
4N	20.5_20.5_2_1_0.5_0.3_0.2_0.1_0_0_0_0_0_0_0_0_0_0_0_0_0_0_0_0	SUM-159_NLS_4N_O2_A22_seed	SUM-159_NLS_4N_O2_A22	0	151	187	7.97738693467337	1.00009800148298e-12	-27.6309231192474
4N	20.5_20.5_2_1_0.5_0.3_0.2_0.1_0_0_0_0_0_0_0_0_0_0_0_0_0_0_0_0	SUM-159_NLS_4N_O2_A22_seed	SUM-159_NLS_4N_O2_A22	0	151	188	8.01758793969849	1.00009800148298e-12	-27.6309231192474
4N	20.5_20.5_2_1_0.5_0.3_0.2_0.1_0_0_0_0_0_0_0_0_0_0_0_0_0_0_0_0	SUM-159_NLS_4N_O2_A22_seed	SUM-159_NLS_4N_O2_A22	0	151	189	8.05778894472362	1.00009800148298e-12	-27.6309231192474
4N	20.5_20.5_2_1_0.5_0.3_0.2_0.1_0_0_0_0_0_0_0_0_0_0_0_0_0_0_0_0	SUM-159_NLS_4N_O2_A22_seed	SUM-159_NLS_4N_O2_A22	0	151	190	8.09798994974874	1.00009800148298e-12	-27.6309231192474
4N	20.5_20.5_2_1_0.5_0.3_0.2_0.1_0_0_0_0_0_0_0_0_0_0_0_0_0_0_0_0	SUM-159_NLS_4N_O2_A22_seed	SUM-159_NLS_4N_O2_A22	0	151	191	8.13819095477387	1.00009800148298e-12	-27.6309231192474
4N	20.5_20.5_2_1_0.5_0.3_0.2_0.1_0_0_0_0_0_0_0_0_0_0_0_0_0_0_0_0	SUM-159_NLS_4N_O2_A22_seed	SUM-159_NLS_4N_O2_A22	0	151	192	8.178391959799	1.00009800148298e-12	-27.6309231192474
4N	20.5_20.5_2_1_0.5_0.3_0.2_0.1_0_0_0_0_0_0_0_0_0_0_0_0_0_0_0_0	SUM-159_NLS_4N_O2_A22_seed	SUM-159_NLS_4N_O2_A22	0	151	193	8.21859296482412	1.00009800148298e-12	-27.6309231192474
4N	20.5_20.5_2_1_0.5_0.3_0.2_0.1_0_0_0_0_0_0_0_0_0_0_0_0_0_0_0_0	SUM-159_NLS_4N_O2_A22_seed	SUM-159_NLS_4N_O2_A22	0	151	194	8.25879396984925	1.00009800148298e-12	-27.6309231192474
4N	20.5_20.5_2_1_0.5_0.3_0.2_0.1_0_0_0_0_0_0_0_0_0_0_0_0_0_0_0_0	SUM-159_NLS_4N_O2_A22_seed	SUM-159_NLS_4N_O2_A22	0	151	195	8.29899497487437	1.00009800148298e-12	-27.6309231192474
4N	20.5_20.5_2_1_0.5_0.3_0.2_0.1_0_0_0_0_0_0_0_0_0_0_0_0_0_0_0_0	SUM-159_NLS_4N_O2_A22_seed	SUM-159_NLS_4N_O2_A22	0	151	196	8.3391959798995	1.00009800148298e-12	-27.6309231192474
4N	20.5_20.5_2_1_0.5_0.3_0.2_0.1_0_0_0_0_0_0_0_0_0_0_0_0_0_0_0_0	SUM-159_NLS_4N_O2_A22_seed	SUM-159_NLS_4N_O2_A22	0	151	197	8.37939698492462	1.00009800148298e-12	-27.6309231192474
4N	20.5_20.5_2_1_0.5_0.3_0.2_0.1_0_0_0_0_0_0_0_0_0_0_0_0_0_0_0_0	SUM-159_NLS_4N_O2_A22_seed	SUM-159_NLS_4N_O2_A22	0	151	198	8.41959798994975	1.00009800148298e-12	-27.6309231192474
4N	20.5_20.5_2_1_0.5_0.3_0.2_0.1_0_0_0_0_0_0_0_0_0_0_0_0_0_0_0_0	SUM-159_NLS_4N_O2_A22_seed	SUM-159_NLS_4N_O2_A22	0	151	199	8.45979899497488	1.00009800148298e-12	-27.6309231192474
4N	20.5_20.5_2_1_0.5_0.3_0.2_0.1_0_0_0_0_0_0_0_0_0_0_0_0_0_0_0_0	SUM-159_NLS_4N_O2_A22_seed	SUM-159_NLS_4N_O2_A22	0	151	200	8.5	1.00009800148298e-12	-27.6309231192474
