task_id	fit_seed	replicate	focal_parameter	sample_id	O2_pct	original_ploidy	corrected_ploidy	ploidy_change	original_growth	corrected_growth	growth_change	ploidy_precision_difference	growth_precision_difference	vector_precision_difference	double_residual	leading_root_bound_width	original_spectral_gap	iterations50	iterations100
793	seed12	2	alpha_o2	137	4.575	2.12094029389456	2.120940293886864	-7.696066006701585e-12	0.21393287647919	0.213932876479234	4.4020342926387457e-14	0	0	0	1.734723475976807e-18	1.4353772118603596e-43	3.93211971316809e-09	17	17
1035	seed15	4	O2_crit	109	4.375	2.6006704150794	2.600670415051503	-2.7897240073571083e-11	0.226829354549802	0.22682935454980127	-7.216449660063518e-16	0	0	0	3.469446951953614e-18	6.775700983525875e-53	7.16261178146382e-09	11	11
1364	seed20	3	buffer_beta	65	3.5	2.20406733418211	2.204067333607826	-5.74284175769435e-10	0.178137615712141	0.1781376157121635	2.248201624865942e-14	0	0	0	1.734723475976807e-18	8.412554998809688e-62	2.16572740296961e-09	17	17
1371	seed20	3	O2_crit	415	3.625	2.76290737802867	2.7629073775850013	-4.436686573683346e-10	0.199856949404491	0.19985694940449472	3.7192471324942744e-15	0	0	0	1.734723475976807e-18	1.5929942745149166e-54	2.27562260701752e-09	13	13
1482	seed22	1	gamma_mu	283	3.975	2.05712937393137	2.057129373900979	-3.0391245076089035e-11	0.239331580830881	0.2393315808309564	7.541189894766376e-14	0	0	0	1.734723475976807e-18	2.89249291188989e-61	4.0726599870311e-09	17	17
1504	seed22	3	buffer_beta	84	4.2	1.85650922016609	1.8565092193170165	-8.490734781929632e-10	0.22632904312056	0.22632904312076052	2.005340338229189e-13	0	0	0	3.469446951953614e-18	2.17564403292439e-58	3.91801360799526e-09	17	17
1533	seed22	5	buffer_n_exp	288	4.775	2.04030666489534	2.0403066648830968	-1.2243095426356376e-11	0.233512295381135	0.23351229538116774	3.275157922644212e-14	0	0	0	1.734723475976807e-18	2.8668244619491346e-46	2.01639649421992e-08	14	14
2475	seed36	2	mu_hp	224	4.4	1.86288404757531	1.8628840477526458	1.7733592372337625e-10	0.230773470777889	0.23077347077793067	4.1661118999059e-14	0	0	0	6.938893903907228e-18	5.336869956608076e-65	1.38751195533082e-08	15	15
2484	seed36	3	buffer_beta	109	4.625	1.93339728630091	1.9333972863161426	1.5232703987066998e-11	0.244992361838318	0.24499236183836168	4.368727601899991e-14	0	0	0	3.469446951953614e-18	2.4772254345478755e-44	1.76074499425027e-08	14	14
3504	seed51	1	k_o_mis	182	5	2.35862487255328	2.3586248721683827	-3.8489744724756747e-10	0.207508076148816	0.20750807614897282	1.5681900222830336e-13	0	0	0	1.734723475976807e-18	6.157613240343606e-46	4.40071046547974e-08	15	15
3510	seed51	1	gamma_growth	462	4.475	2.80817617207603	2.8081761713448987	-7.311311556179589e-10	0.21436562223542	0.2143656222354589	3.8913317013111737e-14	0	0	0	1.734723475976807e-18	8.690124990841329e-49	4.69726482710264e-09	16	16
3513	seed51	1	O2_crit	456	4.7	2.69894928738559	2.698949286225948	-1.1596417159864814e-09	0.224080564944696	0.22408056494480535	1.0935696792557792e-13	0	0	0	3.469446951953614e-18	5.33881832009558e-43	3.60190834103324e-08	15	15
3543	seed51	4	lam_max	198	4.1	2.48087910031279	2.480879098294735	-2.018055056396406e-09	0.200512217318597	0.2005122173188878	2.9079516572494413e-13	0	0	0	1.734723475976807e-18	6.773151473272772e-55	1.1725457660372e-08	17	17
3555	seed51	4	O2_crit	447	4.325	3.77540268831092	3.7754026879867335	-3.2418645545817526e-10	0.21140258095838	0.2114025809584128	3.2807090377673376e-14	0	0	7.603340043746222e-76	8.673617379884035e-19	2.7054161520250864e-45	4.73490885388728e-08	13	13
3569	seed51	5	O2_crit	183	4.05	2.04535927187932	2.045359271744066	-1.3525403019798432e-10	0.247225254357486	0.24722525435799725	5.112577028398846e-13	0	0	0	3.469446951953614e-18	7.197528626364513e-63	9.09274256166714e-08	16	16
4782	seed69	2	p_wgd	236	4.55	2.28772533964858	2.2877253395677535	-8.082645663876065e-11	0.290444353705592	0.29044435370603106	4.3903769508801815e-13	0	0	0	3.469446951953614e-18	3.6888330167939574e-60	1.71959816941403e-08	18	18
4821	seed69	5	buffer_smax	39	3.325	2.1965825480309	2.1965825474191134	-6.117866213628531e-10	0.254887033937366	0.2548870339379947	6.287192988452261e-13	0	0	0	1.734723475976807e-18	1.3389850391925989e-56	7.78226344477773e-09	18	18
4822	seed69	5	buffer_beta	116	3.575	2.37564415710749	2.3756441566277733	-4.797167107994937e-10	0.282112888542089	0.2821128885422499	1.6092682741941644e-13	0	0	0	1.734723475976807e-18	6.836008406365742e-44	2.03044780988648e-09	18	18
4824	seed69	5	p_wgd	153	3.925	2.77341808573959	2.7734180856863726	-5.3217430462382254e-11	0.239129859742095	0.23912985974209575	7.494005416219807e-16	0	0	0	3.469446951953614e-18	2.5222148986526615e-47	3.56109128296644e-09	11	11
4975	seed72	1	buffer_smax	256	3.425	5.40636268286571	5.40636271938313	3.651741931065544e-08	0.296446245996243	0.29644624599752	1.2770340340750863e-12	0	0	0	1.734723475976807e-18	7.752293635688929e-61	4.54750558875894e-08	20	20
4977	seed72	1	buffer_n_exp	69	3.825	5.29985028699347	5.299849985076668	-3.019168017814877e-07	0.264634084980337	0.2646340849819274	1.5903944827755367e-12	0	0	0	1.734723475976807e-18	1.2422343227150866e-47	8.35240898666711e-09	21	21
4982	seed72	1	gamma_mu	474	2.375	3.99639128315039	3.996391280110703	-3.0396867245485737e-09	0.256110163884646	0.2561101638848117	1.6570078642530461e-13	0	0	0	3.469446951953614e-18	6.934833824542093e-63	4.02225248663513e-08	15	15
4988	seed72	2	k_o_mis	299	1.8	4.1993099753339	4.199309974231887	-1.1020135914918683e-09	0.263829053771027	0.2638290537710819	5.490052856771399e-14	0	0	0	1.734723475976807e-18	4.949379796764397e-58	4.7221513865825e-08	13	13
4991	seed72	2	buffer_n_exp	448	4.55	5.19120619048749	5.191206575358829	3.848713392429204e-07	0.263474481307245	0.2634744813075398	2.948197241892103e-13	0	0	0	8.673617379884035e-19	4.895801327608861e-59	7.28353349854771e-08	18	18
4991	seed72	2	buffer_n_exp	449	4.25	5.08845388532529	5.088454041964914	1.5663962393830388e-07	0.263649019101736	0.2636490191020154	2.7938762414692064e-13	0	0	0	8.673617379884035e-19	9.992863881599895e-50	2.49706498811619e-08	19	19
4992	seed72	2	p_wgd	452	1.925	3.66057314409416	3.6605731388012206	-5.29293942008735e-09	0.27219563863931	0.2721956386393701	6.006306563222097e-14	0	0	0	1.734723475976807e-18	5.485115706150846e-53	3.47546331713744e-08	14	14
4994	seed72	2	gamma_growth	165	4.475	3.45392863657482	3.4539286255129555	-1.1061864313433034e-08	0.272949141704952	0.27294914170505297	1.0097478408965799e-13	0	0	0	1.734723475976807e-18	4.457166359100191e-47	2.7566447291516e-08	15	15
5001	seed72	3	p_misseg	245	4.45	5.46244660935934	5.462446346430325	-2.629290145605978e-07	0.292211201196729	0.29221120119884086	2.1118662374419728e-12	0	0	0	1.734723475976807e-18	2.5672153315127006e-58	1.96351225278946e-08	21	21
5002	seed72	3	k_o_mis	230	1.875	3.5563091422149	3.5563091409357455	-1.2791545600521204e-09	0.270069652450771	0.27006965245087694	1.0591527654923993e-13	0	0	0	1.734723475976807e-18	5.326849067706778e-50	1.98455629707439e-08	15	15
5005	seed72	3	buffer_n_exp	290	4.65	3.95147981180028	3.9514798112095004	-5.907794253801057e-10	0.2827655528526	0.2827655528526358	3.58046925441613e-14	0	0	0	1.734723475976807e-18	8.1706167166308e-67	3.21698811478477e-08	14	14
5019	seed72	4	buffer_n_exp	480	2.275	3.98647443511745	3.98647442051694	-1.4600510134243905e-08	0.261986209474847	0.2619862094762141	1.3670731213721865e-12	0	0	0	1.734723475976807e-18	2.4871628369574933e-54	3.59658203219482e-09	18	18
5026	seed72	4	n_O	164	4.05	4.26919995803169	4.269199957442286	-5.894040810972001e-10	0.258938279710666	0.25893827971068895	2.2926105458509483e-14	0	0	0	1.734723475976807e-18	1.39177173881e-69	4.85216337109406e-08	13	13
5027	seed72	5	lam_max	207	3.525	4.66477093463788	4.664770796805959	-1.378319209877077e-07	0.269940121538879	0.2699401215403778	1.4988010832439613e-12	0	0	0	1.734723475976807e-18	2.8501654158159998e-52	3.73180114587868e-09	20	20
5029	seed72	5	p_misseg	69	3.5	4.89140538192389	4.891405191581692	-1.9034219800317942e-07	0.258671589287158	0.2586715892880776	9.195977312970172e-13	0	0	0	1.734723475976807e-18	3.960220479493572e-55	3.17912768332818e-09	21	21
5038	seed72	5	gamma_mu	47	2.4	4.30942294036762	4.30942293789984	-2.467779758319466e-09	0.258570149439399	0.25857014943948414	8.515410598874951e-14	0	0	0	1.734723475976807e-18	2.8505280208231e-67	8.8116863250498e-09	16	16
5282	seed76	3	k_o_mis	106	4.75	2.15903748963547	2.1590374893367037	-2.987663449971478e-10	0.292616523229297	0.29261652323026033	9.633405184672483e-13	0	0	0	6.938893903907228e-18	2.9892297620030235e-60	6.2873887207715e-08	17	17
5495	seed79	3	buffer_n_exp	265	4.9	2.01505166491219	2.0150516649355876	2.339772819937025e-11	0.212372900002794	0.21237290000286202	6.802891583390647e-14	0	0	0	1.734723475976807e-18	6.468947644755952e-64	5.16911671799569e-09	17	17
5507	seed79	4	buffer_smax	185	4.05	2.54604531267595	2.5460453126707105	-5.239364497811039e-12	0.171172837455189	0.17117283745518933	3.3306690738754696e-16	0	0	8.105647209425496e-70	1.734723475976807e-18	1.8031294972e-70	1.75442685657057e-08	11	11
5529	seed79	5	O2_crit	368	3.975	2.79846985572287	2.7984698557212715	-1.5987211554602254e-12	0.158096120081181	0.15809612008118115	1.3877787807814457e-16	0	0	1.1127618452062264e-67	3.469446951953614e-18	2.8313299455952832e-61	1.29928998116036e-09	9	9
5539	seed80	1	alpha_o2	292	4.95	2.00517712732882	2.005177127421173	9.235279208041902e-11	0.281925608934914	0.2819256089350367	1.2273515537231106e-13	0	0	0	3.469446951953614e-18	2.204798498699326e-44	3.19138153126453e-08	14	14
5579	seed80	4	buffer_n_exp	287	2.3	1.89990486342349	1.899904863442704	1.921396375337281e-11	0.278011696423345	0.27801169642342133	7.632783294297951e-14	0	0	0	3.469446951953614e-18	9.301835975375018e-57	4.04461016900726e-08	15	15
5595	seed80	5	alpha_o2	231	4.525	1.92155188256151	1.9215518836548997	1.093389601081185e-09	0.285802442762235	0.28580244276261985	3.848588114863105e-13	0	0	0	3.469446951953614e-18	6.899908819142701e-54	3.33757549375591e-09	17	17
6443	seed93	1	p_misseg	182	4.675	2.01879809756637	2.0187980975616138	-4.756195437494171e-12	0.234931759223781	0.23493175922379536	1.4349632593280148e-14	0	0	0	3.469446951953614e-18	1.320662332392569e-60	2.36428943922729e-08	13	13
6445	seed93	1	buffer_smax	451	4.75	2.43544819438691	2.4354481935471424	-8.397678108451601e-10	0.242795227090081	0.24279522709013082	4.98212582300539e-14	0	0	0	3.469446951953614e-18	3.7203011566998583e-50	5.82066671528381e-08	13	13
6472	seed93	3	k_o_mis	440	4.625	2.01439247584869	2.0143924759747596	1.2606937715986533e-10	0.256624072949496	0.2566240729497511	2.550737399076297e-13	0	0	0	6.938893903907228e-18	2.66214093270723e-59	2.15894583321941e-08	16	16
6473	seed93	3	buffer_smax	238	5	2.01436200676759	2.014362006725579	-4.2010839251815923e-11	0.255955636910262	0.2559556369108489	5.868638908168577e-13	0	0	0	3.469446951953614e-18	9.232480793109039e-45	7.09335701287728e-10	18	18
6478	seed93	3	gamma_growth	288	4.175	1.96640358722019	1.9664035921449887	4.924798790995055e-09	0.261354218246732	0.2613542182471821	4.5008441418303846e-13	0	0	0	3.469446951953614e-18	1.0405929775615474e-55	1.90455651249977e-10	21	21
6500	seed93	5	k_o_mis	88	4.625	2.19583075770626	2.1958307575153255	-1.9093437941819502e-10	0.261117652428675	0.2611176524287249	4.9904524956900786e-14	0	0	0	3.469446951953614e-18	1.0855887200022401e-58	3.52778004031329e-08	14	14
6500	seed93	5	k_o_mis	338	3.975	2.04486767148858	2.044867671455462	-3.311795282456842e-11	0.228953148863587	0.22895314886364196	5.495603971894525e-14	0	0	0	3.469446951953614e-18	3.35333454885467e-66	3.40751279970242e-09	16	16
6500	seed93	5	k_o_mis	450	3.75	1.79910824621154	1.7991082464574222	2.4588220348675804e-10	0.25450339015682	0.254503390156874	5.4012350148013866e-14	0	0	0	3.469446951953614e-18	8.185879814037026e-57	1.90757838414157e-08	15	15
6501	seed93	5	buffer_smax	179	4.975	2.03345121890891	2.0334512188999243	-8.985701072106167e-12	0.234703649020299	0.2347036490203159	1.6903145549918008e-14	0	0	0	3.469446951953614e-18	7.966797579839869e-43	8.30642163385242e-09	14	14
6510	seed93	5	n_O	342	4.15	1.85734529909021	1.8573452993978408	3.076308097149649e-10	0.276971456713639	0.2769714567137036	6.461498003318411e-14	0	0	0	3.469446951953614e-18	1.0451302951594132e-47	1.5280312570809e-09	17	17
6603	seed95	2	alpha_o2	236	2.275	2.00619527645351	2.006195276448569	-4.940936548791797e-12	0.21221156521962	0.21221156521964668	2.6673108166619386e-14	0	0	0	1.734723475976807e-18	4.433727439436028e-57	1.12726424028597e-08	15	15
6631	seed95	4	alpha_o2	237	4.05	2.00294845994201	2.002948459952386	1.0375700298936863e-11	0.215747713122847	0.21574771312295202	1.0502709812953981e-13	0	0	0	1.734723475976807e-18	8.055689639092462e-49	1.7383027239859e-09	17	17
7424	seed107	1	k_o_mis	177	4.475	2.04540739700115	2.0454073969905764	-1.0573764086529991e-11	0.183222254033169	0.18322225403318287	1.3877787807814457e-14	0	0	0	6.938893903907228e-18	3.4708517479959466e-62	1.25730622857478e-08	14	14
7429	seed107	1	alpha_o2	271	2.2	1.93282078907598	1.9328207890829716	6.991518475274461e-12	0.196934585177495	0.19693458517753448	3.9496184101039944e-14	0	0	0	1.734723475976807e-18	2.3496856490018352e-58	3.42352787785494e-09	16	16
7430	seed107	1	gamma_growth	297	2.15	2.14466550408411	2.1446655040352223	-4.888756066634414e-11	0.198038206330903	0.19803820633093547	3.247402347028583e-14	0	0	0	3.469446951953614e-18	4.355646143099264e-45	4.81792181150631e-09	16	16
7463	seed107	4	lam_max	131	4.8	1.98695414670721	1.9869541467275176	2.0307533432628588e-11	0.184054886311231	0.18405488631127312	4.213296378452469e-14	0	0	0	3.469446951953614e-18	2.592798849971606e-52	1.31555931703886e-08	15	15
7487	seed107	5	mu_hp	292	4.7	2.19802905810199	2.1980290573989807	-7.030092064042037e-10	0.208541007707618	0.20854100770768647	6.847300504375653e-14	0	0	0	1.734723475976807e-18	2.6322888527662584e-46	1.90427860979892e-08	14	14
7488	seed107	5	gamma_mu	439	4.75	3.09146819738363	3.091468197357834	-2.5796254021770437e-11	0.175145425583999	0.17514542558399904	2.7755575615628914e-17	0	0	0	8.673617379884035e-19	4.4155954021146484e-55	3.52611501108768e-09	10	10
7631	seed110	1	lam_max	112	3.45	2.22149704629462	2.221497045642993	-6.516267525569219e-10	0.299721044720933	0.29972104472098515	5.21249710061511e-14	0	0	0	1.734723475976807e-18	1.2451924655589e-67	3.38342259764701e-08	13	13
7631	seed110	1	lam_max	168	2.475	2.20356879277213	2.203568792008893	-7.632370291332791e-10	0.29917931055926	0.2991793105592726	1.2601031329495527e-14	0	0	0	3.469446951953614e-18	8.771110995805103e-48	8.92279494735249e-09	14	14
7631	seed110	1	lam_max	173	2.55	2.34937279690573	2.349372795977726	-9.28003895950269e-10	0.276768295459135	0.276768295459139	3.9968028886505635e-15	0	0	0	3.469446951953614e-18	9.642509368017804e-47	4.91456202400542e-08	10	10
7631	seed110	1	lam_max	191	4.375	3.30130845634121	3.301308455505999	-8.352110114628886e-10	0.291187520126561	0.2911875201265619	8.881784197001252e-16	0	0	1.2367671445066953e-73	3.469446951953614e-18	8.961753874208473e-54	2.26886560095174e-08	10	10
7634	seed110	1	k_o_mis	203	3.05	1.86311816672022	1.8631181682716684	1.551448525205501e-09	0.295348085126398	0.29534808512643085	3.2862601528904634e-14	0	0	0	3.469446951953614e-18	1.113890518844e-68	2.31326439115165e-08	13	13
7634	seed110	1	k_o_mis	210	3.35	2.05090771391793	2.050907714458214	5.402838176848945e-10	0.294530764121848	0.2945307641218874	3.941291737419306e-14	0	0	0	3.469446951953614e-18	4.207063959618217e-64	5.86682430414598e-09	15	15
7634	seed110	1	k_o_mis	445	3.175	3.14198394042198	3.141983939578281	-8.436988885307528e-10	0.273032648643381	0.2730326486433808	-2.220446049250313e-16	0	0	8.954878453368699e-75	1.734723475976807e-18	2.4837545358521897e-55	3.99520372340589e-09	11	11
7635	seed110	1	buffer_smax	72	3.2	3.34548351866224	3.345483517748548	-9.13692232984431e-10	0.277995954258756	0.27799595425875673	7.216449660063518e-16	0	0	8.61131798007716e-73	1.734723475976807e-18	8.34089839082521e-51	1.63282384835206e-08	11	11
7637	seed110	1	buffer_n_exp	298	2.075	2.18230600197737	2.1823060011898296	-7.875402552315336e-10	0.291122610296322	0.29112261029636155	3.952393967665557e-14	0	0	0	3.469446951953614e-18	1.8776680417332134e-51	2.43726198112526e-08	13	13
7639	seed110	1	alpha_o2	452	3.375	3.37234198254825	3.3723419808084554	-1.739794530664085e-09	0.27569770017505	0.27569770017505313	3.1086244689504383e-15	0	0	0	1.734723475976807e-18	1.0833167067379882e-49	1.06418557299648e-09	14	14
7641	seed110	1	mu_hp	242	1.825	2.05400680338653	2.0540068033981402	1.1610268302320037e-11	0.296375600158133	0.29637560015817316	4.013456234019941e-14	0	0	0	3.469446951953614e-18	1.5421592643194713e-53	5.52237870987682e-08	13	13
7645	seed110	2	lam_max	62	4.525	3.41643363809415	3.416433637398266	-6.958837950321595e-10	0.29995755919605	0.2999575591960537	3.7192471324942744e-15	0	0	2.8298997121333476e-73	1.734723475976807e-18	1.4037710276617583e-48	5.32676352471562e-08	10	10
7646	seed110	2	p_mis_base	180	1.55	2.18480433811864	2.1848043379243154	-1.943245564461904e-10	0.275914229026502	0.27591422902651114	9.159339953157541e-15	0	0	0	3.469446951953614e-18	6.396096188598696e-51	4.41822415320203e-08	11	11
7649	seed110	2	buffer_smax	407	4.375	2.71152012434404	2.71152012395868	-3.8536018820423124e-10	0.285094543947683	0.28509454394768163	-1.3877787807814457e-15	0	0	1.1713929678427066e-74	3.469446951953614e-18	2.8105002672885768e-62	1.29091609069043e-08	9	9
7650	seed110	2	buffer_beta	184	2.6	2.03257721726072	2.0325772172291527	-3.1567193303772e-11	0.284661597761374	0.2846615977614017	2.7700064464397656e-14	0	0	0	3.469446951953614e-18	1.6384279053572915e-57	6.15064363329587e-08	12	12
7651	seed110	2	buffer_n_exp	173	5	2.19685275530198	2.1968527545886007	-7.133791335434125e-10	0.294690516994073	0.2946905169941704	9.742207041085749e-14	0	0	0	3.469446951953614e-18	1.8495296982376033e-55	5.90491774921098e-08	14	14
7651	seed110	2	buffer_n_exp	454	3.15	3.67758556097791	3.677585558586644	-2.3912658519975594e-09	0.277938254544273	0.27793825454427534	2.3314683517128287e-15	0	0	1.1371250052174706e-72	1.734723475976807e-18	4.842776233974263e-53	2.08236727861077e-08	12	12
7652	seed110	2	p_wgd	59	1.35	2.2549756967837	2.2549756966081387	-1.755613432408154e-10	0.285319356575119	0.2853193565751294	1.0436096431476471e-14	0	0	0	3.469446951953614e-18	1.341308172021564e-51	1.51119698421631e-08	13	13
7653	seed110	2	alpha_o2	305	1.525	2.2069825180448	2.2069825169115296	-1.133270366437955e-09	0.286713547726293	0.28671354772645735	1.6436851879575443e-13	0	0	0	3.469446951953614e-18	6.303785195000729e-51	9.9189443880654e-09	16	16
7655	seed110	2	mu_hp	4	1.925	1.86617733793519	1.866177337971981	3.679101467923829e-11	0.279257128940813	0.2792571289408471	3.4083846855992306e-14	0	0	0	3.469446951953614e-18	3.727583395371589e-46	3.5243768348181e-08	13	13
7656	seed110	2	gamma_mu	96	3.3	2.56795253136624	2.5679525305142503	-8.519895899894436e-10	0.282181276688968	0.2821812766889722	4.218847493575595e-15	0	0	0	1.734723475976807e-18	2.1755502711349655e-51	3.13628473747052e-08	11	11
7657	seed110	2	O2_crit	225	2.2	2.57504852508127	2.575048520098562	-4.9827075798702936e-09	0.298649757984864	0.29864975798492155	5.756506382681437e-14	0	0	0	3.469446951953614e-18	2.91107681328756e-57	4.92758578385377e-09	16	16
7657	seed110	2	O2_crit	485	4.625	2.43045960445232	2.430459602796125	-1.6561951809990205e-09	0.271125514493327	0.2711255144933617	3.469446951953614e-14	0	0	0	3.469446951953614e-18	2.741809212351523e-51	2.4062975056971e-08	14	14
7657	seed110	2	O2_crit	486	5	2.38314709639938	2.3831470926996166	-3.6997636065905226e-09	0.271022678340538	0.2710226783406333	9.531264666406969e-14	0	0	0	1.734723475976807e-18	8.694861072514829e-40	8.2031410553185e-09	16	16
7659	seed110	3	lam_max	444	4.55	3.13601201006	3.1360120099295896	-1.304103491861497e-10	0.289475056797751	0.2894750567977516	6.106226635438361e-16	0	0	0	1.734723475976807e-18	1.2011788567850481e-48	4.57063402126145e-08	9	9
7659	seed110	3	lam_max	486	2.55	2.30670805350877	2.3067080546639396	1.1551697376432912e-09	0.295726004281002	0.29572600428107165	6.966649479522857e-14	0	0	0	3.469446951953614e-18	1.5398118386264258e-51	2.41296250202971e-08	15	15
7661	seed110	3	p_misseg	311	3.425	1.9522843743869	1.952284375142721	7.558209613733879e-10	0.294035947673551	0.29403594767356944	1.84297022087776e-14	0	0	0	3.469446951953614e-18	1.9638177571062622e-59	3.83648440238638e-08	12	12
7663	seed110	3	buffer_smax	60	3.175	2.81728779789949	2.8172877937897924	-4.109697471221807e-09	0.274143411938113	0.2741434119381178	4.829470157119431e-15	0	0	0	3.469446951953614e-18	4.0749221824305747e-56	1.36650501469937e-08	12	12
7663	seed110	3	buffer_smax	300	3.3	2.18462427082738	2.184624268896832	-1.930548165773871e-09	0.293944695954675	0.29394469595472245	4.746203430272544e-14	0	0	0	3.469446951953614e-18	1.4049163770890082e-48	5.16198045419358e-09	15	15
7663	seed110	3	buffer_smax	303	2.65	2.64305587667489	2.643055871520625	-5.154265014795101e-09	0.294300975978006	0.2943009759780397	3.375077994860476e-14	0	0	0	1.734723475976807e-18	8.546965763976815e-49	6.12275297129372e-09	13	13
7664	seed110	3	buffer_beta	32	2.225	2.22495395845308	2.224953959193452	7.40371763896519e-10	0.271804998476277	0.27180499847637596	9.89763826453327e-14	0	0	0	3.469446951953614e-18	2.9483287731540606e-46	1.80678889072361e-08	15	15
7665	seed110	3	buffer_n_exp	22	2.075	2.07488853142768	2.074888532439761	1.0120806415159223e-09	0.271059072090664	0.27105907209070335	3.93574062229618e-14	0	0	0	3.469446951953614e-18	1.0124084438953489e-58	2.63742042094783e-08	14	14
7666	seed110	3	p_wgd	293	2	2.16219245697977	2.1621924322043204	-2.477544969181622e-08	0.292598589693565	0.29259858969574465	2.1796453530953386e-12	0	0	0	3.469446951953614e-18	2.1396310942264497e-42	8.51923531719478e-10	18	18
7666	seed110	3	p_wgd	340	3.95	1.98507220521855	1.9850722053105982	9.204814688246188e-11	0.29806034210741	0.29806034210747356	6.356026815979021e-14	0	0	0	3.469446951953614e-18	1.3122677442505958e-45	2.40150195840449e-08	13	13
7667	seed110	3	alpha_o2	374	4.25	1.87947317247445	1.8794731851135962	1.2639146174109328e-08	0.282193266001863	0.2821932660023192	4.561906408184768e-13	0	0	0	3.469446951953614e-18	2.0665006729817163e-43	4.82296480530664e-10	19	19
7671	seed110	3	O2_crit	169	3.025	2.01540172643887	2.0154017264737702	3.490008282369672e-11	0.294378898650034	0.29437889865005173	1.7708057242771247e-14	0	0	0	3.469446951953614e-18	1.1460744320458887e-43	1.05237194514274e-08	14	14
7671	seed110	3	O2_crit	436	4.275	3.17302137773371	3.1730213772923137	-4.4139625288153184e-10	0.276714812261285	0.27671481226128536	3.3306690738754696e-16	0	0	4.3455300212153125e-71	1.734723475976807e-18	2.281396837323e-68	1.01535154173327e-08	11	11
7671	seed110	3	O2_crit	467	3.875	2.43658098247788	2.4365809517026884	-3.0775191728338314e-08	0.280116053996723	0.2801160539978138	1.0907941216942163e-12	0	0	1.0690229152554934e-68	3.469446951953614e-18	9.458235177180931e-46	9.75374281342312e-10	20	20
7673	seed110	4	lam_max	349	2.55	2.39925553206869	2.3992555315963973	-4.722928714784302e-10	0.289702507013834	0.28970250701383554	1.5543122344752192e-15	0	0	0	6.938893903907228e-18	1.3872740559367046e-60	2.24374346879941e-08	11	11
7673	seed110	4	lam_max	369	2.65	1.94160910921168	1.9416091126258237	3.414143634472566e-09	0.279728635071896	0.2797286350719801	8.409939411535561e-14	0	0	0	3.469446951953614e-18	7.423627702665704e-43	4.31559254998604e-09	16	16
7673	seed110	4	lam_max	428	3.55	2.89302622409678	2.8930262239637794	-1.330007215472051e-10	0.29845737446297	0.29845737446296966	-3.3306690738754696e-16	0	0	0	3.469446951953614e-18	3.705304912324129e-56	5.90645199416429e-09	10	10
7676	seed110	4	k_o_mis	73	2.825	2.88738385711429	2.8873838549030917	-2.2111983355443954e-09	0.280229684314159	0.28022968431416023	1.2212453270876722e-15	0	0	8.027350203674334e-73	6.938893903907228e-18	1.661537535866812e-56	2.41098846998078e-08	11	11
7676	seed110	4	k_o_mis	74	3.05	2.91711606703286	2.917116064855901	-2.1769590574649555e-09	0.280120444123355	0.28012044412335557	5.551115123125783e-16	0	0	6.844347016431941e-73	3.469446951953614e-18	6.065224020421405e-49	1.84354076449011e-09	13	13
7676	seed110	4	k_o_mis	87	3.875	3.17784158487475	3.1778415830408506	-1.8338992546773625e-09	0.278672760897128	0.27867276089712933	1.3322676295501878e-15	0	0	1.6653826356859554e-74	3.469446951953614e-18	9.084056310822809e-48	2.94898272468203e-09	11	11
7677	seed110	4	buffer_smax	461	2.55	3.16851881294915	3.168518809399349	-3.5498008976730944e-09	0.273713302072342	0.2737133020723537	1.1712852909795402e-14	0	0	0	1.734723475976807e-18	6.305276603880093e-56	3.49087278528337e-08	12	12
7679	seed110	4	buffer_n_exp	244	1.6	2.03285637559021	2.032856375151622	-4.3858783271844004e-10	0.299312069744203	0.29931206974429087	8.787415239908114e-14	0	0	0	3.469446951953614e-18	1.1375817327279028e-59	2.10656643795382e-08	15	15
7680	seed110	4	p_wgd	170	2.825	2.9947167277705	2.9947167276546534	-1.1584644354911688e-10	0.277522871521186	0.2775228715211862	2.220446049250313e-16	0	0	0	3.469446951953614e-18	6.025359014958775e-49	1.15504606990058e-08	9	9
7684	seed110	4	gamma_mu	88	3.475	2.45490962266828	2.4549096220339077	-6.343721103974076e-10	0.277535440355561	0.27753544035556477	3.774758283725532e-15	0	0	0	1.734723475976807e-18	6.33164337291e-68	4.22130451149805e-08	11	11
7686	seed110	4	n_O	285	1.975	2.55633737701772	2.556337350616221	-2.640149876498299e-08	0.293153549795666	0.29315354979597535	3.0936364581179987e-13	0	0	9.929635992935796e-53	3.469446951953614e-18	6.623637291275115e-32	1.13589526673508e-10	87	20
7687	seed110	5	lam_max	294	3.625	2.73321895313444	2.7332189511956853	-1.9387549343719e-09	0.273769692071644	0.27376969207165197	7.993605777301127e-15	0	0	0	3.469446951953614e-18	1.180090983762654e-50	2.01469786409447e-08	13	13
7689	seed110	5	p_misseg	45	3.225	2.62493453328273	2.6249345306511325	-2.6315976064950064e-09	0.271979358732837	0.2719793587328742	3.7192471324942744e-14	0	0	0	3.469446951953614e-18	3.620178235174969e-54	1.64800262880682e-08	15	15
7689	seed110	5	p_misseg	47	3.25	2.66479376112571	2.6647937576517724	-3.473937582043618e-09	0.271753730015819	0.2717537300158494	3.042011087472929e-14	0	0	0	3.469446951953614e-18	9.640595113885306e-58	1.14595027356224e-08	15	15
7689	seed110	5	p_misseg	293	2.65	2.19755377471179	2.197553773730944	-9.80846071030328e-10	0.297198634606373	0.2971986346064012	2.8199664825478976e-14	0	0	0	3.469446951953614e-18	2.326880288331501e-43	1.99847263737674e-08	13	13
7689	seed110	5	p_misseg	294	2.9	2.15659377534476	2.156593774506478	-8.382818883490017e-10	0.297317287255422	0.297317287255456	3.397282455352979e-14	0	0	0	3.469446951953614e-18	2.1490184657586085e-50	2.62653075955299e-08	13	13
7690	seed110	5	k_o_mis	111	4.525	2.80109358257659	2.8010935819732117	-6.03378236263552e-10	0.284405692100458	0.28440569210045874	7.216449660063518e-16	0	0	9.194500020593079e-74	3.469446951953614e-18	3.1671462860751324e-62	9.21593179548097e-09	10	10
7691	seed110	5	buffer_smax	277	2.35	2.72890567071257	2.7289056694589737	-1.2535963378468296e-09	0.299471093367844	0.2994710933678467	2.7200464103316335e-15	0	0	6.004693451682947e-72	3.469446951953614e-18	6.23580989011303e-66	3.87417568581405e-08	11	11
7692	seed110	5	buffer_beta	13	2.5	2.72210408279665	2.722104082286218	-5.104316969095635e-10	0.274155970288407	0.27415597028840677	-2.220446049250313e-16	0	0	1.4416670594999768e-71	1.734723475976807e-18	1.6174617007178e-67	1.0466809030607e-08	10	10
7692	seed110	5	buffer_beta	20	2.275	2.31931718490922	2.3193171834529798	-1.4562400174611412e-09	0.273387667315624	0.27338766731564645	2.248201624865942e-14	0	0	0	3.469446951953614e-18	4.4199985354567305e-63	3.57633232472843e-08	13	13
7692	seed110	5	buffer_beta	317	4.5	2.3108816382157	2.3108816376952586	-5.204414676995839e-10	0.298086138946298	0.2980861389463157	1.7708057242771247e-14	0	0	1.0788992652508388e-72	3.469446951953614e-18	6.8658242696971e-67	1.11894619680974e-08	14	14
7693	seed110	5	buffer_n_exp	39	2.575	2.80451288604856	2.8045128837589193	-2.289640921304681e-09	0.2704929135919	0.2704929135919061	6.106226635438361e-15	0	0	2.4178133088974198e-73	3.469446951953614e-18	4.0944644562893755e-45	2.10909910092205e-08	12	12
7695	seed110	5	alpha_o2	369	4.1	2.10553963583537	2.1055396355070486	-3.283213700910892e-10	0.2784429660484	0.27844296604846264	6.261657858885883e-14	0	0	0	3.469446951953614e-18	2.02087666448332e-65	9.61333596061209e-09	15	15
7697	seed110	5	mu_hp	471	1.375	2.07893621310751	2.0789362152900672	2.1825572460443254e-09	0.281189817968104	0.2811898179702398	2.135791543622645e-12	0	0	0	3.469446951953614e-18	2.8441558206044492e-58	1.68048303050838e-09	19	19
7699	seed110	5	O2_crit	350	4.125	2.08617187658411	2.0861718731606693	-3.4234406420807773e-09	0.291297995522009	0.29129799552254954	5.405120795387575e-13	0	0	0	3.469446951953614e-18	2.743150194537232e-56	8.49882497711008e-10	18	18
8143	seed117	2	alpha_o2	287	4.975	2.00080653232557	2.0008065301501823	-2.175387869840506e-09	0.185119417570356	0.18511941757098743	6.314393452555578e-13	0	0	0	1.734723475976807e-18	1.0843042941915066e-55	1.29937355319854e-09	18	18
8172	seed117	4	gamma_growth	215	4.675	2.0688822655927	2.068882265221334	-3.7136604902343606e-10	0.174794145030401	0.1747941450307658	3.647915303162108e-13	0	0	0	3.469446951953614e-18	1.1128876132220232e-56	8.63944643603176e-09	16	16
8605	seed123	5	alpha_o2	429	4.975	3.78712998302523	3.787129980784488	-2.2407418143188806e-09	0.209912984767105	0.20991298476712458	1.9595436384634013e-14	0	0	0	1.734723475976807e-18	2.54524603401651e-44	4.70582695033528e-09	13	13
8686	seed125	1	buffer_beta	260	4.8	3.57025766451364	3.570257662816995	-1.6966450466782135e-09	0.239663946004692	0.23966394600473015	3.813616089587413e-14	0	0	0	8.673617379884035e-19	2.3565332402343214e-50	5.91224894042064e-09	16	16
8984	seed129	2	gamma_growth	125	4.975	2.7080728159035	2.7080728159013314	-2.1684876116978558e-12	0.282430339763717	0.2824303397637168	-2.220446049250313e-16	0	0	0	1.734723475976807e-18	1.0945073796290096e-54	4.50711513666491e-08	10	10
9196	seed132	2	gamma_mu	270	3.75	2.0962182100427	2.0962182100382507	-4.449329793487777e-12	0.212737790689354	0.21273779068941795	6.394884621840902e-14	0	0	0	3.469446951953614e-18	1.132130681467005e-65	9.0693723919788e-09	17	17
10551	seed151	4	alpha_o2	136	4.5	2.05011915962702	2.0501191596147685	-1.2251533121343527e-11	0.29536826028587	0.29536826028605534	1.8535173396116988e-13	0	0	0	6.938893903907228e-18	3.74260547699905e-66	3.82749315019915e-08	16	16
10751	seed154	3	O2_crit	67	3.5	2.99120854299894	2.9912085428255692	-1.7337065116862505e-10	0.22016003817595	0.2201600381759501	8.326672684688674e-17	0	0	0	1.734723475976807e-18	1.0512958278845e-56	3.15747225587693e-08	10	10
10759	seed154	4	buffer_n_exp	287	3.175	2.15095362186125	2.1509536216918628	-1.6938717095626998e-10	0.260322476993066	0.26032247699339667	3.306799278846029e-13	0	0	0	3.469446951953614e-18	4.0252764123913106e-48	5.09970221607148e-09	18	18
10759	seed154	4	buffer_n_exp	513	4.875	1.88453080591387	1.884530806420075	5.062050778548155e-10	0.228784819170427	0.2287848191707748	3.478051180394459e-13	0	0	0	3.469446951953614e-18	9.520362395063089e-45	6.67809535448427e-09	17	17
11467	seed164	5	lam_max	304	5	2.46329192636259	2.4632919262998367	-6.275335806549265e-11	0.277376781377038	0.27737678137704097	2.9976021664879227e-15	0	0	0	3.469446951953614e-18	4.75206869618546e-58	3.43390427759438e-08	11	11
11590	seed166	3	gamma_mu	107	2.175	2.6753885109183	2.6753885109175126	-7.87370169064161e-13	0.186531464166362	0.18653146416636135	-6.38378239159465e-16	0	0	6.919118379684653e-66	1.734723475976807e-18	1.7911671708564745e-62	7.2006511864231e-09	10	10
11603	seed166	4	mu_hp	297	3.125	2.21443779614594	2.2144377960187014	-1.2723866404940054e-10	0.190214674699437	0.19021467469948825	5.1236792586450974e-14	0	0	0	1.734723475976807e-18	1.3915066428542944e-54	9.89609924562096e-09	15	15
11836	seed170	1	buffer_beta	420	2.175	2.55461762130986	2.554617619571642	-1.7382180139691172e-09	0.260068137609806	0.2600681376101728	3.6676217618492046e-13	0	0	0	3.469446951953614e-18	1.2809569682895868e-48	1.54049484279994e-09	18	18
11837	seed170	1	buffer_n_exp	446	4.25	2.19971227958911	2.1997122792471155	-3.4199443277316277e-10	0.272527783967472	0.2725277839677266	2.545741395465484e-13	0	0	0	3.469446951953614e-18	8.107584477749934e-52	8.10898748704325e-08	15	15
11842	seed170	1	gamma_mu	49	4.8	2.00041536898156	2.0004154033991304	3.441757057132122e-08	0.260598024290494	0.26059802430462736	1.4133361148083168e-11	0	0	0	3.469446951953614e-18	1.3630338757455608e-47	1.16650772374882e-09	21	21
11842	seed170	1	gamma_mu	422	2.7	2.74520436334764	2.745204363269595	-7.80451259174697e-11	0.28238614615567	0.2823861461556718	1.8318679906315083e-15	0	0	0	3.469446951953614e-18	3.33073430231745e-45	4.66433475176942e-09	12	12
11845	seed170	2	lam_max	509	3.65	2.09199215367079	2.091992145812831	-7.857959172241635e-09	0.265245824468805	0.26524582450808987	3.9284853148302545e-11	0	0	0	6.938893903907228e-18	8.78604798576478e-43	3.57119500637992e-10	22	22
11849	seed170	2	buffer_smax	228	3.575	3.70525314217081	3.705253133833959	-8.336851209378437e-09	0.270893648188561	0.27089364818915646	5.954681192577027e-13	0	0	2.0796946458853728e-73	1.734723475976807e-18	3.6968012109919665e-46	6.61753696284961e-09	16	16
11850	seed170	2	buffer_beta	429	4.125	2.92001363332805	2.9200136325002775	-8.277725171979e-10	0.248343190373961	0.24834319037399014	2.914335439641036e-14	0	0	0	3.469446951953614e-18	5.1490812156960105e-46	4.17456341439415e-08	13	13
11851	seed170	2	buffer_n_exp	506	3.925	1.91236280479693	1.912362804858423	6.149281084333325e-11	0.258809193688322	0.2588091936885541	2.32092123297889e-13	0	0	0	3.469446951953614e-18	5.2348057412362e-51	7.71669357302329e-08	15	15
11852	seed170	2	p_wgd	420	4.375	3.19331723457863	3.1933172339033997	-6.752300940604528e-10	0.259199371790672	0.2591993717906939	2.1926904736346842e-14	0	0	0	1.734723475976807e-18	4.195606747409252e-53	8.44159617208184e-08	12	12
11877	seed170	4	buffer_smax	209	4.725	2.69467152282365	2.6946715217665957	-1.0570544439758578e-09	0.25966033809855	0.25966033809856814	1.815214645262131e-14	0	0	0	3.469446951953614e-18	6.47169040744815e-44	6.10440217818642e-08	12	12
11877	seed170	4	buffer_smax	240	4.425	2.33639028893794	2.3363902881695617	-7.683782499157132e-10	0.250834286191707	0.2508342861919787	2.716715741257758e-13	0	0	0	3.469446951953614e-18	2.7410680960447056e-62	2.44192354115214e-08	16	16
11877	seed170	4	buffer_smax	358	3.825	1.9051030822394	1.905103083115465	8.760649983230451e-10	0.232619045206671	0.23261904520875398	2.082972683226103e-12	0	0	0	3.469446951953614e-18	8.44175321887004e-66	6.11603090394652e-09	19	19
11881	seed170	4	alpha_o2	94	4.75	3.08363795221372	3.083637947328896	-4.884823656681192e-09	0.270647007068294	0.27064700706832967	3.569367024169878e-14	0	0	0	3.469446951953614e-18	6.724204602073881e-52	3.03798763923169e-10	17	17
11881	seed170	4	alpha_o2	446	4.85	2.42961388565228	2.429613884647034	-1.0052461085763298e-09	0.268818540115564	0.2688185401157043	1.4027667916138853e-13	0	0	0	3.469446951953614e-18	1.396321634259872e-46	6.15153147309755e-08	14	14
11887	seed170	5	lam_max	128	4.15	2.08628231348135	2.0862823133424673	-1.3888268313166918e-10	0.244226987099623	0.24422698709999024	3.6723402097038615e-13	0	0	0	3.469446951953614e-18	2.443013071321011e-51	3.8423697085177e-08	16	16
11913	seed171	1	O2_crit	99	4.125	2.4951926331215	2.4951926330127048	-1.0879519507511759e-10	0.207859688548458	0.20785968854856499	1.0699774399824946e-13	0	0	0	1.734723475976807e-18	4.479743947532293e-57	2.46323325625575e-09	19	19
12370	seed177	4	p_wgd	245	4.025	2.00010468039852	2.0001046806808964	2.8237634452921156e-10	0.27136192266394	0.2713619226651978	1.2578271757490711e-12	0	0	0	3.469446951953614e-18	3.6176155412440937e-53	9.41535388543357e-09	19	19
12383	seed177	5	buffer_n_exp	263	1.25	1.88729171233637	1.8872917122286663	-1.0770362379730614e-10	0.248896877415647	0.2488968774163064	6.593892099004961e-13	0	0	0	3.469446951953614e-18	1.05600493336578e-66	1.9263615480547e-08	19	19
12710	seed182	3	gamma_mu	140	4.45	2.12854376308407	2.1285437630402964	-4.377342932571082e-11	0.294862024136873	0.29486202413705803	1.8501866705378234e-13	0	0	0	3.469446951953614e-18	6.56125859592928e-58	3.81012776884404e-09	18	18
12905	seed185	2	mu_hp	296	4.85	2.15708794151217	2.157087941461439	-5.07314190656416e-11	0.243575857288982	0.2435758572890335	5.1486592766991635e-14	0	0	0	6.938893903907228e-18	5.887865672276e-68	1.22450035111576e-08	16	16
12910	seed185	3	p_mis_base	267	4.825	2.19121701250817	2.1912170124996533	-8.516742866504501e-12	0.243724869167111	0.2437248691671364	2.5396351688300456e-14	0	0	4.1961222325317253e-70	3.469446951953614e-18	1.9107997165942e-67	4.12919454184646e-09	17	17
12933	seed185	4	mu_hp	400	3.675	2.71178564391876	2.7117856439158774	-2.8825830611367564e-12	0.260942728865049	0.26094272886505004	1.0547118733938987e-15	0	0	8.141915781377703e-67	1.734723475976807e-18	4.613935996434949e-64	2.12404406285671e-08	10	10
12933	seed185	4	mu_hp	418	4.65	2.57005703782612	2.5700570378199217	-6.198153101877324e-12	0.258196376074298	0.2581963760742977	-3.3306690738754696e-16	0	0	0	3.469446951953614e-18	2.3440786228122383e-44	2.3822437911214e-08	10	10
12939	seed185	5	p_misseg	308	4.8	2.77339480638577	2.773394806365407	-2.036282253925492e-11	0.21807544587211	0.21807544587211053	5.273559366969494e-16	0	0	0	1.734723475976807e-18	2.3837810267495638e-60	7.07342179273596e-09	9	9
12947	seed185	5	mu_hp	303	3.65	2.18690183530238	2.186901835257915	-4.446487622544737e-11	0.236384828375981	0.236384828376041	6.000755448098971e-14	0	0	0	1.734723475976807e-18	2.5690565763803927e-42	1.51151294536245e-08	15	15
13526	seed194	2	p_mis_base	319	4.95	2.39590886467455	2.395908864327047	-3.4750291533214295e-10	0.119950773788518	0.11995077378852907	1.1074474670635936e-14	0	0	0	1.734723475976807e-18	1.3842099505482313e-52	1.09170892326205e-08	14	14
13924	seed199	5	p_wgd	119	5	2.43946021058181	2.439460210161037	-4.207731940653048e-10	0.213079021576651	0.21307902157677072	1.197097976302075e-13	0	0	0	1.734723475976807e-18	2.0573813747486915e-47	4.33598668081459e-09	17	17
14419	seed206	5	O2_crit	102	4.975	2.83517108047632	2.8351710802814187	-1.9490142832978563e-10	0.231868665998656	0.23186866599865888	2.886579864025407e-15	0	0	3.395879654560017e-72	3.469446951953614e-18	7.4310204240099e-67	3.63458013685758e-10	15	15
15257	seed218	5	mu_hp	393	4.025	2.48801425100917	2.488014251004229	-4.940936548791797e-12	0.255204728736413	0.2552047287364181	5.10702591327572e-15	0	0	0	3.469446951953614e-18	5.750610969301832e-49	2.00993799381877e-09	14	14
17945	seed257	2	mu_hp	291	3.075	2.14630931059206	2.1463093101502877	-4.4177239644227484e-10	0.182909877420929	0.1829098774214311	5.02098362886727e-13	0	0	0	1.734723475976807e-18	3.7610472244192674e-56	1.09186912289339e-08	17	17
17948	seed257	2	n_O	236	4.8	2.00932004152149	2.009320041519709	-1.780797731498751e-12	0.156825905309192	0.15682590530957854	3.865519015988639e-13	0	0	0	1.734723475976807e-18	1.245991813902614e-57	3.51511225682444e-09	19	19
17991	seed258	1	lam_max	483	1.975	2.39153306714946	2.3915330652285474	-1.920912762187754e-09	0.20735607681755	0.20735607681766072	1.1071699113074374e-13	0	0	0	1.734723475976807e-18	6.444098001686564e-47	1.3521188085841e-08	15	15
17992	seed258	1	p_mis_base	460	2.925	2.35401909616484	2.35401909602836	-1.3648016050638034e-10	0.220906355613906	0.22090635561391067	4.6629367034256575e-15	0	0	0	1.734723475976807e-18	5.239187947182652e-49	2.58795102292542e-08	11	11
17994	seed258	1	k_o_mis	294	1.675	2.53367432013623	2.533674319233425	-9.028049419157469e-10	0.225519382453133	0.22551938245313816	5.162537064506978e-15	0	0	8.489699136400043e-73	1.734723475976807e-18	7.892454790435861e-44	5.2551237139653e-08	11	11
17996	seed258	1	buffer_beta	319	4.3	2.9469401479661	2.946940145148285	-2.817814870326174e-09	0.230173106195863	0.2301731061958623	-7.216449660063518e-16	0	0	2.901266860304455e-71	1.734723475976807e-18	4.57958918354304e-66	1.45106415772034e-09	11	11
17997	seed258	1	buffer_n_exp	333	3.825	3.14636642235979	3.14636642137437	-9.854197458025737e-10	0.215673527293475	0.2156735272934745	-4.996003610813204e-16	0	0	6.803970412506171e-75	1.734723475976807e-18	2.8715106453343914e-47	1.2594911502628e-09	11	11
17999	seed258	1	alpha_o2	38	1.925	2.99005100068221	2.990050996872524	-3.80968590008024e-09	0.187416089377212	0.18741608937723514	2.3148150063434514e-14	0	0	0	1.734723475976807e-18	1.9000328087004522e-44	9.41858616099189e-09	14	14
17999	seed258	1	alpha_o2	208	2.025	2.31984362734276	2.3198436273227263	-2.0033752434756025e-11	0.216218708336596	0.21621870833660595	9.936496070395151e-15	0	0	0	1.734723475976807e-18	1.0103806643525169e-44	2.30156815828053e-09	15	15
18000	seed258	1	gamma_growth	178	4.275	2.84587389658468	2.8458738949052758	-1.6794041712842045e-09	0.217242316017395	0.2172423160173951	1.1102230246251565e-16	0	0	1.3291739506852247e-71	1.734723475976807e-18	8.81984786e-72	9.22843898520931e-09	10	10
18001	seed258	1	mu_hp	49	1.975	3.17916892493624	3.179168924367252	-5.689879678527632e-10	0.187799445036258	0.18779944503625962	1.609823385706477e-15	0	0	2.8809718539260374e-74	1.734723475976807e-18	2.354473424512675e-45	6.61052559913777e-09	11	11
18003	seed258	1	O2_crit	386	2.775	1.88479394048934	1.884793940564144	7.480416286398395e-11	0.193277872773695	0.19327787277373995	4.496403249731884e-14	0	0	0	3.469446951953614e-18	6.860031515148475e-43	4.66535804155566e-08	13	13
18004	seed258	1	n_O	360	1.875	2.17711416770126	2.1771141673877112	-3.1354874252542686e-10	0.214470465918212	0.21447046591822924	1.7236212457305555e-14	0	0	0	3.469446951953614e-18	6.205312435743645e-56	3.33939796370863e-08	13	13
18005	seed258	2	lam_max	31	2.15	2.51031518406924	2.5103151682065996	-1.5862640534436423e-08	0.219579005256119	0.21957900525664553	5.265232694284805e-13	0	0	0	1.734723475976807e-18	5.780422978492536e-52	1.91653573566875e-09	18	18
18006	seed258	2	p_mis_base	212	3.875	2.8307557040267	2.8307557008764728	-3.150227190218402e-09	0.190361052495381	0.19036105249542254	4.1550096696596484e-14	0	0	0	1.734723475976807e-18	1.1052532658076597e-57	1.85492234350271e-08	14	14
18006	seed258	2	p_mis_base	509	3.85	3.43296837189173	3.432968371078086	-8.136442630757301e-10	0.226745430503123	0.22674543050312887	5.856426454897701e-15	0	0	3.6794556067761486e-72	1.734723475976807e-18	7.232340580153965e-65	2.63891239693503e-08	12	12
18007	seed258	2	p_misseg	450	2.5	3.17626452222604	3.176264520617716	-1.6083241405340232e-09	0.196266936863218	0.19626693686321794	-5.551115123125783e-17	0	0	3.916868125306096e-73	1.734723475976807e-18	4.3905541927829145e-57	7.40208117022689e-09	12	12
18008	seed258	2	k_o_mis	235	2.075	3.04316650932896	3.043166486092024	-2.3236936375070627e-08	0.23658175854045	0.2365817585404813	3.1308289294429414e-14	0	0	0	1.734723475976807e-18	1.3775680607758337e-45	3.35037483867318e-09	14	14
18009	seed258	2	buffer_smax	65	2.4	3.04175534883149	3.0417553445569037	-4.274586462571506e-09	0.191917622064199	0.1919176220642001	1.1102230246251565e-15	0	0	1.4243093456664317e-73	1.734723475976807e-18	4.4101345113345025e-57	4.28649324368813e-09	11	11
18009	seed258	2	buffer_smax	290	1.875	2.68200421939251	2.6820042183332933	-1.0592167143386177e-09	0.227185138888882	0.22718513888888475	2.7478019859472624e-15	0	0	0	1.734723475976807e-18	1.397846402184483e-50	2.15893190547156e-08	11	11
18010	seed258	2	buffer_beta	338	4.275	2.5176806504484	2.517680648553053	-1.895346990465896e-09	0.221183114635626	0.22118311463564763	2.1621593404574924e-14	0	0	0	3.469446951953614e-18	1.0353805093632564e-48	2.81217673592238e-08	13	13
18012	seed258	2	p_wgd	332	4.975	2.87738907717217	2.8773890766265846	-5.455853546720846e-10	0.222712683200211	0.2227126832002104	-6.106226635438361e-16	0	0	0	1.734723475976807e-18	1.1994808923114897e-49	5.90843785008843e-09	9	9
18016	seed258	2	gamma_mu	56	2.375	3.35395860094231	3.35395859548876	-5.4535500559893535e-09	0.19780962079743	0.19780962079743544	5.440092820663267e-15	0	0	2.909292464535968e-72	1.734723475976807e-18	7.537785006098419e-44	6.94686058677618e-09	12	12
18016	seed258	2	gamma_mu	61	2.6	3.58468980990934	3.5846898092684425	-6.408975572469444e-10	0.196757805713909	0.19675780571391102	2.0261570199409107e-15	0	0	4.6428042152187734e-74	1.734723475976807e-18	2.0739979593981787e-50	4.17903863458857e-08	10	10
18016	seed258	2	gamma_mu	348	2.375	1.94191228433822	1.9419122843731378	3.4917846392090723e-11	0.236566536138405	0.23656653613843193	2.6922908347160046e-14	0	0	0	3.469446951953614e-18	3.160087978824334e-65	2.38227949589387e-08	14	14
18018	seed258	2	n_O	313	4.575	3.68162539769167	3.6816253947175994	-2.9740707674363875e-09	0.228978998513554	0.22897899851355638	2.3869795029440866e-15	0	0	7.025735490811908e-61	1.734723475976807e-18	1.7947079014439039e-28	3.96144569925205e-09	16	14
18018	seed258	2	n_O	322	4	3.28103557519251	3.2810355743145863	-8.779239557554774e-10	0.23122646701374	0.23122646701374103	1.0269562977782698e-15	0	0	0	1.734723475976807e-18	9.538450512709201e-45	2.62688054919469e-08	9	9
18020	seed258	3	p_mis_base	95	2.3	2.34060826071241	2.3406082630335363	2.3211264021938405e-09	0.236117261109586	0.23611726110982592	2.3991919562149633e-13	0	0	0	1.734723475976807e-18	2.7183161167168966e-56	6.83192399875132e-09	18	18
18020	seed258	3	p_mis_base	231	1.75	3.78079096566466	3.780790962287042	-3.3776177410516084e-09	0.217548659820605	0.2175486598206081	3.0808688933348094e-15	0	0	0	3.469446951953614e-18	2.0714411381266875e-56	1.8656323486077e-08	12	12
18021	seed258	3	p_misseg	44	2.05	2.76054321875557	2.7605432045034535	-1.4252116375956803e-08	0.187780559846281	0.18778055984647166	1.90653048903755e-13	0	0	0	1.734723475976807e-18	4.5794452910498356e-38	3.26144083961921e-09	17	17
18021	seed258	3	p_misseg	47	2.125	2.83909667250181	2.8390966690944803	-3.407329529636627e-09	0.187160477957703	0.18716047795773016	2.7172708527700706e-14	0	0	4.775455764225024e-73	1.734723475976807e-18	1.0210367782817607e-55	2.35282621441346e-08	13	13
18023	seed258	3	buffer_smax	267	1.975	3.89955210000875	3.8995520921608278	-7.847922312009814e-09	0.237164214819691	0.23716421481969574	4.746203430272544e-15	0	0	5.068076692694829e-73	1.734723475976807e-18	3.5445639518386995e-42	1.24543209911732e-08	13	13
18023	seed258	3	buffer_smax	279	1.7	3.04399183378768	3.0439918331107845	-6.768954285973905e-10	0.240280106273117	0.24028010627311736	3.608224830031759e-16	0	0	0	1.734723475976807e-18	1.0899643694257656e-53	4.87631050538617e-08	10	10
18025	seed258	3	buffer_n_exp	322	4.725	2.88426479636678	2.8842647949037437	-1.4630363587286865e-09	0.235914978188659	0.2359149781886581	-9.159339953157541e-16	0	0	1.0612123920500054e-73	1.734723475976807e-18	5.494262041024248e-45	5.16980044884541e-09	10	10
18026	seed258	3	p_wgd	159	4.2	2.29648124418548	2.296481243104411	-1.0810690120877098e-09	0.211485918062271	0.21148591806228967	1.867950238931826e-14	0	0	0	3.469446951953614e-18	5.368960197770816e-46	2.56888850747039e-08	12	12
18026	seed258	3	p_wgd	166	3.675	2.51996229244215	2.519962292005885	-4.362652461509242e-10	0.209878119982951	0.2098781199829517	6.938893903907228e-16	0	0	0	1.734723475976807e-18	5.841383449338967e-60	7.39541061722804e-09	11	11
18028	seed258	3	gamma_growth	100	1.375	2.24247432127982	2.2424743193942995	-1.8855206285195436e-09	0.206118861446434	0.2061188614465506	1.1660117316125707e-13	0	0	0	1.734723475976807e-18	3.0122999193831186e-62	4.50480383551444e-09	15	15
18028	seed258	3	gamma_growth	324	1.9	2.75449010097329	2.754490100041578	-9.31712040852517e-10	0.21101908660698	0.21101908660698213	2.1371793224034263e-15	0	0	0	1.734723475976807e-18	5.947841545789973e-51	6.5050730635452e-09	12	12
18028	seed258	3	gamma_growth	348	4.95	2.38805452019472	2.3880545098985593	-1.0296160812828248e-08	0.216700765523216	0.2167007655232647	4.8711035205428743e-14	0	0	0	1.734723475976807e-18	5.072836523666362e-47	8.91363205468565e-10	15	15
18028	seed258	3	gamma_growth	359	4.175	2.17665865925054	2.1766586600558933	8.053531175278295e-10	0.219285680503133	0.21928568050328323	1.502409308073993e-13	0	0	0	3.469446951953614e-18	1.352797179713803e-49	4.11144451817336e-10	19	19
18030	seed258	3	gamma_mu	306	4.85	3.50139266867154	3.5013926664377304	-2.233809581753121e-09	0.235225322615351	0.23522532261535362	2.609024107869118e-15	0	0	0	1.734723475976807e-18	2.629756147198734e-45	2.84728307320403e-08	11	11
18030	seed258	3	gamma_mu	336	3.05	2.07750308719866	2.077503087156959	-4.170086498334058e-11	0.242764626877251	0.2427646268772654	1.4405143744511406e-14	0	0	0	3.469446951953614e-18	1.771989573008527e-65	2.48995696561227e-08	13	13
18031	seed258	3	O2_crit	156	4.05	2.16140503138378	2.1614050313609696	-2.2810198174738616e-11	0.219532323851268	0.21953232385130514	3.7136960173711486e-14	0	0	0	3.469446951953614e-18	1.6335101780222823e-42	2.35316795493823e-08	13	13
18036	seed258	4	k_o_mis	130	2.925	2.48242873816639	2.482428734101217	-4.06517308704224e-09	0.215066095130498	0.21506609513056407	6.608602554081244e-14	0	0	0	1.734723475976807e-18	3.3966522417255323e-57	8.43521841265016e-09	14	14
18038	seed258	4	buffer_beta	262	1.15	4.26118024735131	4.26118024640888	-9.424292457538286e-10	0.236161530553955	0.23616153055396888	1.3877787807814457e-14	0	0	2.1328684968300556e-75	8.673617379884035e-19	4.936912680504726e-43	1.76136653040615e-08	13	13
18039	seed258	4	buffer_n_exp	164	3.675	2.39175863895486	2.391758638344358	-6.105018712787569e-10	0.226371958261456	0.22637195826159187	1.3586354263850353e-13	0	0	0	1.734723475976807e-18	3.777631120499696e-49	1.72536525067102e-08	16	16
18039	seed258	4	buffer_n_exp	189	3.825	3.09682700653903	3.096827003446779	-3.0922508997832665e-09	0.220408001237741	0.22040800123774051	-4.996003610813204e-16	0	0	1.8513313936731907e-74	1.734723475976807e-18	4.079123818336689e-55	9.55784035250318e-10	11	11
18040	seed258	4	p_wgd	168	4.175	2.6222673071547	2.622267291012332	-1.614236788682888e-08	0.213444057421201	0.21344405742125622	5.520583989948591e-14	0	0	2.0196198336201664e-72	1.734723475976807e-18	5.59118118600971e-66	2.11108583392239e-09	15	15
18044	seed258	4	gamma_mu	359	3.675	2.50917626259098	2.5091762625483764	-4.260369834696576e-11	0.199369629667955	0.19936962966795582	8.326672684688674e-16	0	0	3.2239853556394173e-71	1.734723475976807e-18	9.6660294493e-70	4.30304078480326e-09	12	12
18045	seed258	4	O2_crit	347	4.95	2.35953315755998	2.3595331530878116	-4.472168413371946e-09	0.222160527088713	0.22216052708874176	2.8754776337791554e-14	0	0	0	1.734723475976807e-18	7.734471433693743e-43	2.98972691048505e-09	14	14
18047	seed258	5	lam_max	310	0.925	2.56379679999527	2.5637967995426028	-4.526672370275264e-10	0.199139210419322	0.19913921041932453	2.525757381022231e-15	0	0	0	1.734723475976807e-18	9.264979230785436e-57	4.05532740721526e-09	12	12
18048	seed258	5	p_mis_base	7	3.25	2.87494408920895	2.8749440879969583	-1.2119918402220264e-09	0.216308237594203	0.21630823759420817	5.162537064506978e-15	0	0	0	1.734723475976807e-18	1.3357466771193532e-48	1.9677822926667e-08	12	12
18048	seed258	5	p_mis_base	215	1.625	2.63048434597085	2.6304843424803477	-3.4905021095710254e-09	0.219770690199376	0.21977069019938617	1.0158540675320182e-14	0	0	7.428486744350037e-73	1.734723475976807e-18	8.07550695632279e-34	1.1688313594771e-08	13	13
18049	seed258	5	p_misseg	237	1.95	2.88085345554133	2.8808533140015204	-1.4153980965048163e-07	0.240999946655275	0.24099994665563831	3.633204848085825e-13	0	0	0	1.734723475976807e-18	1.5388868098855926e-44	7.54938500602265e-10	17	17
18051	seed258	5	buffer_smax	219	1.9	2.34447835661011	2.3444783556327295	-9.77380398836658e-10	0.235935267035483	0.23593526703549844	1.5432100042289676e-14	0	0	0	1.734723475976807e-18	2.5060234399627756e-53	1.04397007427703e-08	13	13
18052	seed258	5	buffer_beta	89	1.65	2.30128329273489	2.3012832920492916	-6.855982448428222e-10	0.190779375867511	0.1907793758675974	8.640310689145281e-14	0	0	0	3.469446951953614e-18	1.169981077714003e-47	3.35336480805637e-10	17	17
18052	seed258	5	buffer_beta	314	2.325	2.00082892564013	2.0008289257610516	1.209214950392834e-10	0.22813527243286	0.22813527243287055	1.0547118733938987e-14	0	0	0	3.469446951953614e-18	2.90853396008777e-66	3.74605976793951e-08	12	12
18053	seed258	5	buffer_n_exp	322	3.95	3.07353278316574	3.073532780629977	-2.535763155009363e-09	0.223629207606395	0.2236292076063967	1.7208456881689926e-15	0	0	4.1407571960798375e-74	1.734723475976807e-18	6.61102945128382e-64	4.47346049092801e-10	12	12
18054	seed258	5	p_wgd	226	2.025	2.38589392711561	2.385893926008797	-1.106812863582718e-09	0.242263784195695	0.24226378419570946	1.4460654895742664e-14	0	0	0	1.734723475976807e-18	2.6643566278248204e-43	3.6608560849416e-08	11	11
18054	seed258	5	p_wgd	487	1.725	2.31069710588193	2.3106971051663265	-7.156035763955515e-10	0.187103540715421	0.1871035407154479	2.6895152771544417e-14	0	0	0	1.734723475976807e-18	8.141545029348747e-57	1.93007750892704e-08	14	14
18058	seed258	5	gamma_mu	152	3.975	1.98908851908721	1.989088519960883	8.736729117941877e-10	0.220021869114137	0.22002186911420613	6.913913885853162e-14	0	0	0	3.469446951953614e-18	4.5057833449034e-67	1.2660596016012e-08	15	15
18060	seed258	5	n_O	363	1.825	2.14347111034181	2.143471108805563	-1.5362466854185186e-09	0.210819106139283	0.21081910613940713	1.241229341530925e-13	0	0	0	1.734723475976807e-18	1.9270857897470986e-62	1.71964700812488e-09	17	17
18060	seed258	5	n_O	366	2.425	2.08351513550057	2.0835151356422417	1.4167156336952758e-10	0.211501292437165	0.21150129243724972	8.471001677889944e-14	0	0	0	1.734723475976807e-18	4.58985205991344e-66	2.68727212704434e-09	17	17
18416	seed264	1	buffer_beta	247	3.05	2.38504749617675	2.3850474957104684	-4.662816799338998e-10	0.230061771313736	0.23006177131384659	1.1057821325266559e-13	0	0	0	1.734723475976807e-18	1.1269402206462276e-60	2.2653575793008e-08	15	15
18445	seed264	3	buffer_n_exp	262	3.225	1.96686971474694	1.9668697155376462	7.907061672085547e-10	0.239599729091104	0.23959972909276717	1.6631696020397158e-12	0	0	0	3.469446951953614e-18	1.9640408616833e-67	1.26592886173782e-09	20	20
18451	seed264	3	O2_crit	112	4.75	2.66091305467598	2.6609130546442454	-3.1734614935885475e-11	0.229967370874335	0.22996737087433558	5.828670879282072e-16	0	0	0	1.734723475976807e-18	8.7238008252206e-46	8.67533725412706e-09	11	11
18452	seed264	3	n_O	247	3.275	2.58643207497691	2.5864320749215355	-5.537437175462401e-11	0.198293159723311	0.19829315972331304	2.0539125955565396e-15	0	0	0	1.734723475976807e-18	2.638069031291181e-60	8.62306173687877e-09	12	12
19218	seed275	3	gamma_growth	204	4.3	2.49921146496325	2.4992114618504804	-3.112769597635179e-09	0.26543960518403	0.26543960518495213	9.22151244253655e-13	0	0	0	3.469446951953614e-18	2.691658089880721e-44	3.65027325033296e-09	20	20
19233	seed275	4	mu_hp	189	4.95	2.63745808784433	2.6374580857002696	-2.144060484710053e-09	0.257185500478261	0.2571855004784467	1.8568480086855743e-13	0	0	0	1.734723475976807e-18	5.062636723039295e-60	7.25989080518907e-08	15	15
19540	seed280	1	gamma_growth	432	3.6	2.2391931794494	2.239193179426854	-2.254596509487783e-11	0.223445271820281	0.22344527182034282	6.181166689600559e-14	0	0	0	3.469446951953614e-18	5.380555524588244e-63	1.04366104647369e-09	19	19
19584	seed280	4	gamma_mu	288	4.6	2.09685774302648	2.096857742945769	-8.071099344419963e-11	0.211035345581439	0.21103534558147605	3.70536934468646e-14	0	0	0	1.734723475976807e-18	3.0191427022963534e-45	2.96425195778216e-08	13	13
19594	seed280	5	p_wgd	251	4.425	1.99420265223129	1.9942026522784142	4.712430445863447e-11	0.228617277469125	0.22861727746918817	6.317169010117141e-14	0	0	0	1.734723475976807e-18	1.1331885378290379e-54	7.7000895937207e-09	15	15
19872	seed284	5	buffer_beta	67	2.025	5.49999999999782	5.499999999997649	-1.7141843500212417e-13	-0.124895900298732	-0.12489590029873222	-2.220446049250313e-16	0	0	0	6.310887241768095e-30	5.86686564e-72	4.49152243175988e-11	5	5
20110	seed288	2	buffer_beta	243	4.675	3.3261480667971	3.3261480658793605	-9.177396620430045e-10	0.289221285822124	0.2892212858221461	2.2148949341271873e-14	0	0	0	1.734723475976807e-18	5.251340012412623e-54	1.92778698004936e-08	13	13
20441	seed293	1	lam_max	487	4.825	2.32660435479482	2.326604353838098	-9.56721812883643e-10	0.260903030721259	0.26090303072130827	4.929390229335695e-14	0	0	0	3.469446951953614e-18	7.468542122530758e-42	7.62318642655302e-08	12	12
20441	seed293	1	lam_max	489	4.65	2.24257534065782	2.2425753399648007	-6.930194196286266e-10	0.231721750953677	0.23172175095372757	5.057065877167588e-14	0	0	0	3.469446951953614e-18	1.7540478479176899e-47	2.68912700995827e-08	14	14
20441	seed293	1	lam_max	492	4.325	2.11711578367945	2.1171157835752763	-1.0417355866820799e-10	0.249029089985175	0.24902908998522444	4.9432680171435095e-14	0	0	0	3.469446951953614e-18	8.278909028022827e-44	3.69914218978362e-08	13	13
20442	seed293	1	p_mis_base	51	4	2.57784368665349	2.577843685833683	-8.198073331300293e-10	0.225281569311062	0.22528156931107662	1.4627188349436437e-14	0	0	0	1.734723475976807e-18	2.401171056309926e-52	5.53444551298909e-08	12	12
20443	seed293	1	p_misseg	228	4.825	2.68175355281276	2.6817535507168078	-2.0959523006069958e-09	0.268711831834253	0.2687118318342602	7.16093850883226e-15	0	0	4.813548197718878e-72	3.469446951953614e-18	8.824166457190309e-47	3.367577949831e-08	12	12
20443	seed293	1	p_misseg	230	4.325	2.75990939068238	2.759909374296571	-1.6385809153973696e-08	0.26820931208685	0.2682093120868944	4.440892098500626e-14	0	0	9.168446506846318e-72	3.469446951953614e-18	3.581104903099985e-43	5.8747197662079e-09	14	14
20443	seed293	1	p_misseg	238	3.25	3.1453286809085	3.145328679788884	-1.1196159555026952e-09	0.26619822486426	0.2661982248642593	-6.661338147750939e-16	0	0	1.4786975993159698e-73	1.734723475976807e-18	4.626778429813507e-52	1.61277249333125e-08	10	10
20446	seed293	1	buffer_beta	292	3.65	2.07250358876504	2.072503588711953	-5.3086868234686335e-11	0.274561044158665	0.2745610441586828	1.7819079545233762e-14	0	0	0	3.469446951953614e-18	3.722281499823385e-42	7.95032060185719e-08	11	11
20447	seed293	1	buffer_n_exp	224	4.725	2.34547114577071	2.345471144275422	-1.4952878935048375e-09	0.273167129345613	0.27316712934563886	2.5868196473766147e-14	0	0	0	3.469446951953614e-18	6.552064217249407e-47	3.83163039630041e-08	12	12
20447	seed293	1	buffer_n_exp	485	4.975	2.34132034001109	2.3413203388804877	-1.130602278465176e-09	0.225298138593564	0.22529813859360331	3.930189507173054e-14	0	0	0	3.469446951953614e-18	7.606310721941018e-43	6.08500935195266e-08	12	12
20447	seed293	1	buffer_n_exp	488	4.325	2.09458897673068	2.094588978082187	1.351507350477732e-09	0.225916816576356	0.22591681657649468	1.3866685577568205e-13	0	0	0	1.734723475976807e-18	1.4742651538984735e-57	9.16956222063448e-09	15	15
20450	seed293	1	gamma_growth	282	1.925	2.16131025922125	2.1613102590623763	-1.588738030022796e-10	0.275713451830365	0.2757134518304151	5.012656956182582e-14	0	0	0	6.938893903907228e-18	2.1447270950320707e-55	5.47896403801928e-08	13	13
20450	seed293	1	gamma_growth	286	3.825	2.35372120754547	2.3537212042215927	-3.3238771735000228e-09	0.277008559679473	0.277008559679628	1.5498713423767185e-13	0	0	0	3.469446951953614e-18	8.633344077366482e-47	2.08883023100626e-08	14	14
20451	seed293	1	mu_hp	226	3.025	2.32117282155142	2.3211728211361757	-4.152442834026715e-10	0.271471612557526	0.27147161255756025	3.425038030968608e-14	0	0	0	3.469446951953614e-18	1.1570091035229581e-56	9.94324177994166e-08	12	12
20451	seed293	1	mu_hp	487	3.75	2.07010514793738	2.070105147878723	-5.865707919383567e-11	0.226413677897589	0.22641367789764064	5.162537064506978e-14	0	0	0	3.469446951953614e-18	8.606237737152548e-60	5.46139751478325e-08	13	13
20451	seed293	1	mu_hp	490	2.65	1.92011692214023	1.9201169232712707	1.131040594515298e-09	0.226970196015506	0.2269701960157724	2.663980147588063e-13	0	0	0	3.469446951953614e-18	1.2025454229772479e-55	4.57354579208591e-09	16	16
20453	seed293	1	O2_crit	216	3.675	2.63387370556271	2.6338737032411648	-2.321545178318729e-09	0.26658817560166	0.2665881756017074	4.7406523151494184e-14	0	0	0	3.469446951953614e-18	6.408497415976615e-44	2.26242054535142e-08	13	13
20453	seed293	1	O2_crit	473	3.8	2.80587964548706	2.8058796388678804	-6.619179426792243e-09	0.229868824817497	0.2298688248175688	7.1803674117632e-14	0	0	0	1.734723475976807e-18	1.2486335941021531e-54	1.21991615698036e-08	15	15
20454	seed293	1	n_O	475	4.7	2.56456026295297	2.5645602609317617	-2.0212080897863416e-09	0.230738229281181	0.23073822928122506	4.4048098502003086e-14	0	0	2.8298997121333476e-73	1.734723475976807e-18	1.2543240369189635e-25	3.11411706699349e-08	14	14
20455	seed293	2	lam_max	213	4.925	2.98544567727435	2.9854456768449777	-4.2937209343563154e-10	0.226037178227258	0.2260371782272582	1.942890293094024e-16	0	0	5.809577575038768e-75	3.469446951953614e-18	3.4803509181182366e-48	6.30110799648698e-09	10	10
20455	seed293	2	lam_max	288	4.55	2.38410377287273	2.384103772539951	-3.3277869349035427e-10	0.252572405300523	0.2525724053005668	4.3798298321462426e-14	0	0	0	3.469446951953614e-18	3.9340996603060744e-51	7.31373278606284e-09	15	15
20456	seed293	2	p_mis_base	420	4.75	2.30015054975353	2.3001505477683515	-1.985178688101996e-09	0.276390584909278	0.27639058490941626	1.3827827771706325e-13	0	0	0	3.469446951953614e-18	1.7299665518073078e-43	6.21181872606513e-09	16	16
20459	seed293	2	buffer_smax	331	4.65	1.82988866617443	1.829888666321758	1.4732792763538782e-10	0.255632532193901	0.2556325321939191	1.815214645262131e-14	0	0	0	3.469446951953614e-18	7.749529885507163e-55	1.14998131628408e-07	11	11
20460	seed293	2	buffer_beta	16	4.75	2.07739004431854	2.0773900442990514	-1.9488410885060148e-11	0.227314778162997	0.2273147781630127	1.5709655798445965e-14	0	0	0	3.469446951953614e-18	2.4303281099222246e-47	6.67773353280054e-08	11	11
20460	seed293	2	buffer_beta	40	3.175	2.24218324061443	2.242183236469187	-4.145242815667416e-09	0.222167885778023	0.2221678857785383	5.153100168797664e-13	0	0	0	3.469446951953614e-18	9.372858413801013e-43	5.5357193273764e-09	17	17
20460	seed293	2	buffer_beta	292	3.625	2.07064363970415	2.070643639639581	-6.456923884456955e-11	0.274455190310279	0.27445519031030113	2.2148949341271873e-14	0	0	0	3.469446951953614e-18	2.626309947075634e-56	5.56951671448758e-08	12	12
20461	seed293	2	buffer_n_exp	30	3.825	2.1160438533855	2.1160438532817114	-1.0378853332326798e-10	0.228894145429754	0.2288941454297907	3.6692870963861424e-14	0	0	0	3.469446951953614e-18	8.11430292865842e-43	1.36676767681365e-08	14	14
20461	seed293	2	buffer_n_exp	291	3.4	2.2502547164584	2.2502547150568195	-1.4015806293343758e-09	0.268818692506756	0.268818692506812	5.601075159233915e-14	0	0	0	3.469446951953614e-18	2.607936319237318e-51	1.01926895812454e-08	14	14
20462	seed293	2	p_wgd	286	4.85	2.48694156185894	2.486941561173897	-6.850431333305096e-10	0.272373212686843	0.27237321268686426	2.1260770921571748e-14	0	0	0	3.469446951953614e-18	1.6146718198727174e-46	6.04889929811669e-08	12	12
20462	seed293	2	p_wgd	492	3.325	2.2391574196739	2.2391574193411934	-3.3270675103835856e-10	0.224989373342383	0.22498937334241403	3.1030733538273125e-14	0	0	0	1.734723475976807e-18	3.801665109932386e-62	1.45139908425129e-08	14	14
20465	seed293	2	mu_hp	42	2.375	2.09150950570241	2.091509505622339	-8.007106089280569e-11	0.239331645662735	0.23933164566278958	5.459521723594207e-14	0	0	0	3.469446951953614e-18	2.170725154062364e-47	6.41251710065127e-08	13	13
20465	seed293	2	mu_hp	56	4.95	2.72903955577031	2.7290395546143005	-1.1560095103391177e-09	0.236474820516901	0.23647482051690555	4.551914400963142e-15	0	0	0	1.734723475976807e-18	1.9808926911816533e-50	1.6192018836847e-09	14	14
20469	seed293	3	lam_max	35	2.775	1.96443914582332	1.964439145976835	1.5351520055162382e-10	0.229376536472591	0.22937653647262635	3.533284775869561e-14	0	0	0	3.469446951953614e-18	1.5749448854249123e-62	5.92015293177095e-08	13	13
20469	seed293	3	lam_max	43	3.95	2.32982796664747	2.3298279658049967	-8.424732023115666e-10	0.229255542677153	0.22925554267720194	4.8933079810353775e-14	0	0	0	3.469446951953614e-18	5.9553158740754285e-36	8.48154013688429e-09	16	16
20469	seed293	3	lam_max	165	4.025	2.75392276346563	2.7539227633921683	-7.346168118260721e-11	0.254246688486231	0.2542466884862299	-1.1102230246251565e-15	0	0	3.622271631530685e-71	3.469446951953614e-18	3.0919039633794934e-64	1.07777853308733e-08	9	9
20470	seed293	3	p_mis_base	332	3.525	1.89056685312274	1.8905668532117823	8.904232906559173e-11	0.251803055886691	0.25180305588670837	1.73749903353837e-14	0	0	0	3.469446951953614e-18	4.508035880036934e-48	4.75689522216882e-08	12	12
20471	seed293	3	p_misseg	201	4.8	1.91254277202426	1.912542772428673	4.0441294757442847e-10	0.267969219395874	0.2679692193959226	4.8627768478581856e-14	0	0	0	3.469446951953614e-18	4.156179375263764e-46	1.51822455718431e-08	13	13
20471	seed293	3	p_misseg	219	4.4	2.41113922946717	2.4111392273129706	-2.15419948546014e-09	0.263606923520254	0.26360692352027476	2.0761170560490427e-14	0	0	0	3.469446951953614e-18	1.1583555742232254e-45	2.29207032798051e-08	12	12
20471	seed293	3	p_misseg	223	3.575	2.53891592293235	2.5389159187718575	-4.160492395044457e-09	0.262619502221154	0.26261950222117786	2.3869795029440866e-14	0	0	1.1565180106661945e-72	3.469446951953614e-18	3.168369946241484e-57	2.2073403771472e-08	12	12
20473	seed293	3	buffer_smax	264	3.05	3.66765329305536	3.667653285931895	-7.123464929037482e-09	0.270814066062854	0.27081406606286706	1.304512053934559e-14	0	0	0	1.734723475976807e-18	1.8179245657109592e-53	7.23265991542377e-09	13	13
20473	seed293	3	buffer_smax	272	3.7	3.34636015344274	3.3463601516973527	-1.7453873901729366e-09	0.2728701149135	0.27287011491350127	1.27675647831893e-15	0	0	0	1.734723475976807e-18	2.6582552450703226e-51	3.64892932536165e-08	10	10
20481	seed293	3	O2_crit	34	3.25	2.25993475564184	2.2599347548984485	-7.433915705234995e-10	0.22985149002004	0.2298514900201011	6.111777750561487e-14	0	0	0	3.469446951953614e-18	9.651210904405534e-50	2.47650254747711e-08	14	14
20481	seed293	3	O2_crit	35	3.85	2.33586735192857	2.335867350908097	-1.0204730394036687e-09	0.229643858930584	0.22964385893063585	5.184741524999481e-14	0	0	0	3.469446951953614e-18	2.8277925102157373e-44	4.40005006596689e-08	13	13
20483	seed293	4	lam_max	369	4.725	1.92807558796773	1.9280755882335825	2.658524511645055e-10	0.24084167396087	0.24084167396090272	3.272382365082649e-14	0	0	0	3.469446951953614e-18	2.08086236033888e-61	5.23975719479708e-08	13	13
20484	seed293	4	p_mis_base	300	4.85	2.9676957684294	2.9676957663118015	-2.1175985409627174e-09	0.251718991731648	0.2517189917316497	1.6653345369377348e-15	0	0	0	1.734723475976807e-18	1.2154747058925036e-47	6.01993110915799e-08	10	10
20485	seed293	4	p_misseg	421	4.725	2.81356242991804	2.8135624298983966	-1.964339801929782e-11	0.232744842947143	0.23274484294714268	-3.3306690738754696e-16	0	0	0	1.734723475976807e-18	1.055622527932389e-52	9.2230847681396e-09	9	9
20485	seed293	4	p_misseg	455	3.775	2.40635002040462	2.406350013994336	-6.4102838592816624e-09	0.240341486627984	0.24034148662835036	3.6637359812630166e-13	0	0	0	3.469446951953614e-18	4.567261486987624e-26	4.60321489259563e-09	17	17
20485	seed293	4	p_misseg	459	3.35	2.1807129772824	2.18071297612832	-1.1540799427223192e-09	0.241144370664608	0.2411443706648772	2.6920132789598483e-13	0	0	0	3.469446951953614e-18	4.976110327066592e-43	1.58907807468189e-08	15	15
20487	seed293	4	buffer_smax	213	2.5	2.1869387180636	2.186938716433354	-1.6302461602890617e-09	0.268200752657301	0.26820075265767024	3.6926017799032707e-13	0	0	0	3.469446951953614e-18	1.751539484007642e-43	6.72626565556556e-10	17	17
20489	seed293	4	buffer_n_exp	33	3.425	2.06157068763019	2.061570687730799	1.0060929866995139e-10	0.231232687251515	0.23123268725158025	6.525335827234358e-14	0	0	0	3.469446951953614e-18	6.364205909043579e-45	3.18484133787766e-08	13	13
20491	seed293	4	alpha_o2	472	3.925	2.54525627555151	2.545256272790414	-2.761095796444124e-09	0.232757989791116	0.2327579897911813	6.530886942357483e-14	0	0	1.081110124400943e-72	1.734723475976807e-18	6.64003655096263e-47	2.00791359927788e-08	14	14
20494	seed293	4	gamma_mu	35	3.65	2.23302873765235	2.2330287369408968	-7.114531186402928e-10	0.230952487244236	0.23095248724430703	7.102651800039439e-14	0	0	0	3.469446951953614e-18	6.649408307890751e-49	1.20849389939615e-08	15	15
20494	seed293	4	gamma_mu	38	4.975	2.52540864103499	2.5254086389242314	-2.1107586789526067e-09	0.230343979886757	0.23034397988680777	5.076494780098528e-14	0	0	0	1.734723475976807e-18	8.130663447609948e-53	2.78782390783494e-08	14	14
20494	seed293	4	gamma_mu	297	4.1	2.44429445250327	2.4442944518436587	-6.596114765500261e-10	0.266351142701487	0.2663511427015306	4.3576253716537394e-14	0	0	0	3.469446951953614e-18	5.258209957250921e-49	3.60713248159783e-09	16	16
20494	seed293	4	gamma_mu	298	4.15	2.47916963875481	2.4791696384135067	-3.4130342996263607e-10	0.266559903716763	0.2665599037167836	2.0594637106796654e-14	0	0	0	3.469446951953614e-18	1.3575048132715245e-61	3.7707252598107e-08	13	13
20495	seed293	4	O2_crit	488	4.25	2.31962860680312	2.3196285120074007	-9.479571927428765e-08	0.221313161611067	0.2213131616164419	5.374894973542155e-12	0	0	0	1.734723475976807e-18	4.2856044361368265e-54	2.43076447858925e-10	20	20
20496	seed293	4	n_O	478	4.925	2.61769741729219	2.617697412536	-4.7561896643344426e-09	0.228085089627199	0.22808508962728147	8.24618151540335e-14	0	0	0	1.734723475976807e-18	6.771865532964099e-50	1.05617783130452e-08	15	15
20496	seed293	4	n_O	488	3.175	1.89329771449698	1.893297726909698	1.2412717964593867e-08	0.230110763013175	0.23011076301435174	1.1767253838002034e-12	0	0	0	3.469446951953614e-18	1.6835772897684578e-43	1.34128083639773e-09	17	17
20498	seed293	5	p_mis_base	274	4.275	2.7323530029836	2.7323530002142835	-2.7693163318076586e-09	0.277565012915586	0.27756501291559843	1.2434497875801753e-14	0	0	1.2401106236687868e-72	3.469446951953614e-18	1.7124846003145876e-53	2.94330107508678e-08	12	12
20499	seed293	5	p_misseg	300	2.85	2.41289336495703	2.412893364116624	-8.404059670397146e-10	0.255738670679302	0.2557386706793131	1.1102230246251565e-14	0	0	0	3.469446951953614e-18	1.9947343058672848e-54	2.28301994531499e-08	12	12
20500	seed293	5	k_o_mis	258	2.65	2.36531662111605	2.3653166208024134	-3.1363667218897717e-10	0.256140203659558	0.2561402036595912	3.325117958752344e-14	0	0	4.527839539413356e-72	3.469446951953614e-18	2.401736742791441e-65	1.55068169416239e-09	17	17
20501	seed293	5	buffer_smax	289	2.975	2.70891480169417	2.708914801301975	-3.9219516523303355e-10	0.261847407501429	0.2618474075014304	1.3877787807814457e-15	0	0	0	3.469446951953614e-18	4.0873322911607627e-47	6.37246742041242e-08	9	9
20501	seed293	5	buffer_smax	297	4.025	2.41742008945528	2.4174200888920456	-5.632343480499458e-10	0.263829130294709	0.2638291302947161	7.105427357601002e-15	0	0	1.2380811240583396e-73	3.469446951953614e-18	1.540672982320303e-53	4.27925136436969e-08	11	11
20502	seed293	5	buffer_beta	450	3.125	2.54602006836626	2.5460200395769013	-2.8789358896830208e-08	0.240152517453146	0.24015251745376764	6.216416270632408e-13	0	0	0	3.469446951953614e-18	1.5149729459726893e-48	5.37238031839138e-10	18	18
20505	seed293	5	alpha_o2	280	3.05	2.28228450483377	2.282284494655998	-1.017777195855274e-08	0.271871342877555	0.2718713428787215	1.166511331973652e-12	0	0	0	3.469446951953614e-18	1.1818534321201098e-55	2.60427074350034e-09	17	17
20506	seed293	5	gamma_growth	42	3.225	2.30093714252482	2.300937141705045	-8.197753587069201e-10	0.235214741212012	0.23521474121207087	5.886957588074893e-14	0	0	0	3.469446951953614e-18	1.8678642576838136e-49	2.65532825449721e-08	14	14
20506	seed293	5	gamma_growth	45	3.75	2.50539827961568	2.505398274062656	-5.553023818549718e-09	0.234595303697884	0.23459530369804132	1.5731860258938468e-13	0	0	1.4052341664421926e-73	3.469446951953614e-18	3.754886930079106e-44	9.48615069829017e-09	15	15
20506	seed293	5	gamma_growth	46	3.95	2.57680622141749	2.5768062002992305	-2.1118259585506394e-08	0.234385524052184	0.23438552405264057	4.565792188770956e-13	0	0	7.467229362415739e-59	1.734723475976807e-18	6.013461168263653e-27	3.67290795000308e-09	18	17
20509	seed293	5	O2_crit	43	2.7	2.8462588955046	2.846258895135732	-3.6886804721802946e-10	0.221478329322732	0.22147832932273195	-5.551115123125783e-17	0	0	0	1.734723475976807e-18	4.168706422531431e-63	3.41591438468569e-09	11	11
20509	seed293	5	O2_crit	500	2.675	2.11463762833976	2.1146376282372312	-1.0252865223492336e-10	0.228949765815421	0.2289497658154823	6.128431095930864e-14	0	0	0	3.469446951953614e-18	3.7017563240017205e-42	3.82961376499402e-09	16	16
20510	seed293	5	n_O	491	3.975	2.05699445878162	2.056994459080339	2.987192715409037e-10	0.224468576307758	0.22446857630779155	3.3556490919295356e-14	0	0	0	3.469446951953614e-18	4.290178349228e-68	1.29158541084529e-08	15	15
20628	seed295	4	buffer_beta	191	4.525	1.9409392488265	1.9409392488242565	-2.2435386881625163e-12	0.156269795978758	0.15626979597888233	1.243172231824019e-13	0	0	0	1.734723475976807e-18	5.84820947870035e-63	1.69946930694831e-08	17	17
20945	seed300	2	lam_max	475	4.925	1.75751779332416	1.7575177936011228	2.769628970611393e-10	0.243410559817877	0.24341055981791812	4.113376306236205e-14	0	0	0	3.469446951953614e-18	1.3411884948368306e-57	2.18978458144115e-08	14	14
20968	seed300	3	gamma_growth	257	3.925	1.80935515509138	1.8093551553169327	2.2555268763824188e-10	0.251290290401794	0.25129029040183165	3.7636560534792807e-14	0	0	0	3.469446951953614e-18	4.506262256716e-68	1.17861360671156e-08	14	14
20981	seed300	4	alpha_o2	250	5	1.89450527897749	1.8945052792099446	2.3245450009312663e-10	0.254675002503149	0.25467500250316627	1.7263968032921184e-14	0	0	0	3.469446951953614e-18	6.6525148199211185e-43	8.65524978355126e-08	11	11
20991	seed300	5	buffer_smax	6	4.3	1.98623356287379	1.9862335628792775	5.487610366117224e-12	0.220026579133505	0.22002657913353138	2.6367796834847468e-14	0	0	0	3.469446951953614e-18	1.5009806800822792e-46	1.3554711048025e-08	14	14
21071	seed302	1	lam_max	322	4.55	3.25905475023978	3.2590547409801753	-9.25960463860065e-09	0.25229626027102	0.25229626027102514	5.162537064506978e-15	0	0	0	1.734723475976807e-18	5.494371065213195e-46	8.35225111295301e-09	12	12
21072	seed302	1	p_mis_base	172	4.825	2.82807529914747	2.8280752898872232	-9.260246791598092e-09	0.195562029084367	0.19556202908441492	4.7906123512575505e-14	0	0	0	1.734723475976807e-18	2.3984462378512022e-52	2.3260817161308e-09	17	17
21073	seed302	1	p_misseg	255	2.675	2.22881252544974	2.228812524803865	-6.458753532001538e-10	0.229602881832765	0.22960288183286115	9.614531393253856e-14	0	0	0	1.734723475976807e-18	2.714746023474357e-48	4.80739682784392e-08	14	14
21074	seed302	1	k_o_mis	274	4.2	4.06717868298183	4.067178674737318	-8.244512628152734e-09	0.236642185266016	0.2366421852660301	1.4099832412739488e-14	0	0	3.8350105749334903e-73	8.673617379884035e-19	2.1843676894985624e-35	3.20828411892737e-08	13	13
21074	seed302	1	k_o_mis	294	4.125	2.67930798811569	2.6793079828627584	-5.252931423171958e-09	0.241672129452439	0.24167212945256686	1.278699368612024e-13	0	0	0	1.734723475976807e-18	7.026941697137927e-55	7.66346178182609e-09	17	17
21079	seed302	1	alpha_o2	70	4.95	3.47801224235596	3.478012176291246	-6.606471369963174e-08	0.216989540669493	0.216989540669601	1.079969447204121e-13	0	0	0	1.734723475976807e-18	9.343728359420237e-47	4.9062418017165e-10	16	16
21082	seed302	1	gamma_mu	93	4.15	2.83387812765204	2.8338781253138383	-2.3382016323125754e-09	0.220526264298444	0.22052626429845648	1.2490009027033011e-14	0	0	0	1.734723475976807e-18	5.30600855819174e-52	1.72518357932638e-08	12	12
21083	seed302	1	O2_crit	473	2.65	3.13786880142519	3.1378687979018376	-3.523352276602054e-09	0.195611826209629	0.19561182620963935	1.0352829704629585e-14	0	0	2.7414653461291805e-73	1.734723475976807e-18	2.8880605243855686e-42	9.50508471930789e-09	14	14
21084	seed302	1	n_O	327	3.1	2.73761437378804	2.737614370262744	-3.525296055073568e-09	0.246429937472625	0.24642993747264175	1.6736612096224235e-14	0	0	0	1.734723475976807e-18	9.68321209551055e-48	1.62973611550488e-08	14	14
21085	seed302	2	lam_max	364	3.1	2.32489164687432	2.324891646119562	-7.547580338496118e-10	0.239586622837625	0.23958662283766446	3.9468428525424315e-14	0	0	0	3.469446951953614e-18	4.7473650441969295e-60	1.51093953459913e-08	14	14
21085	seed302	2	lam_max	374	2.525	2.00154144276668	2.0015414430058907	2.392108733317855e-10	0.236427474661987	0.2364274746620825	9.550693569337909e-14	0	0	0	1.734723475976807e-18	1.9142567002845846e-56	5.29709697771885e-08	14	14
21086	seed302	2	p_mis_base	283	3.925	4.18120238581892	4.181202309725855	-7.609306518219228e-08	0.237776639091401	0.23777663909140806	7.049916206369744e-15	0	0	0	8.673617379884035e-19	4.364543711349899e-56	8.16521261715053e-09	15	15
21087	seed302	2	p_misseg	81	4.6	2.66251100038517	2.6625109548133183	-4.557185162568089e-08	0.224284201028558	0.22428420102912788	5.698774785400929e-13	0	0	0	1.734723475976807e-18	1.582483852487706e-42	8.49661146995473e-10	18	18
21088	seed302	2	k_o_mis	249	4.2	2.89558832251046	2.8955882648815057	-5.7628954497346285e-08	0.246286150943308	0.2462861509438735	5.654920975928235e-13	0	0	0	1.734723475976807e-18	1.8152787606678738e-56	1.07021869144575e-09	19	19
21088	seed302	2	k_o_mis	261	4.575	5.13265431261865	5.132653890215565	-4.2240308495422596e-07	0.2493248827861	0.2493248827863244	2.2440382885235977e-13	0	0	0	8.673617379884035e-19	1.0480013569532036e-44	7.69796071331541e-09	18	18
21088	seed302	2	k_o_mis	263	4.775	5.20111768045269	5.201117175156937	-5.052957527951207e-07	0.249851390685668	0.24985139068590917	2.4116819652419963e-13	0	0	1.5035029693884735e-75	8.673617379884035e-19	2.4403177127227425e-62	1.81636211626923e-09	21	21
21088	seed302	2	k_o_mis	275	4.775	3.32600896276852	3.3260089507886064	-1.1979913505655304e-08	0.252999721509458	0.2529997215095005	4.2521541843143495e-14	0	0	0	1.734723475976807e-18	1.6650407757255343e-43	7.61569507456983e-09	16	16
21088	seed302	2	k_o_mis	276	4.4	3.18852695807487	3.1885269419214577	-1.615341238547785e-08	0.253261397896205	0.25326139789629815	9.314771176605063e-14	0	0	0	1.734723475976807e-18	1.0741996394137494e-53	5.74935493657946e-09	17	17
21089	seed302	2	buffer_smax	53	4.975	3.22023313353812	3.2202331262178023	-7.320317685355349e-09	0.201287347889754	0.20128734788980124	4.723998969780041e-14	0	0	0	3.469446951953614e-18	1.337224982707813e-43	1.10153683119396e-08	16	16
21089	seed302	2	buffer_smax	288	3.5	2.98809323032125	2.988093226302911	-4.018338994882242e-09	0.241461383154679	0.2414613831547034	2.4397150966137815e-14	0	0	0	1.734723475976807e-18	3.969051979571654e-57	9.35966526505183e-09	15	15
21091	seed302	2	buffer_n_exp	480	4.85	2.88215905082084	2.8821590465068523	-4.313987833626243e-09	0.196932285322107	0.19693228532220322	9.622858065938544e-14	0	0	0	1.734723475976807e-18	7.868743661130877e-48	8.09293426717872e-09	17	17
21094	seed302	2	gamma_growth	193	4.675	2.7852478281227	2.7852478239463023	-4.176397894184447e-09	0.224159195232558	0.22415919523259245	3.444466933899548e-14	0	0	0	3.469446951953614e-18	8.686334565867834e-43	2.70759636378237e-08	13	13
21097	seed302	2	O2_crit	82	4.775	3.22734071471588	3.227340703378347	-1.133753313453667e-08	0.215693463299468	0.21569346329949257	2.456368441983159e-14	0	0	0	1.734723475976807e-18	2.927717887448099e-48	1.36847455589617e-09	15	15
21101	seed302	3	p_misseg	304	2.125	2.51845324924766	2.5184532471010006	-2.1466592947660956e-09	0.222475202521957	0.22247520252198438	2.7394753132625738e-14	0	0	0	1.734723475976807e-18	3.827206230185191e-51	4.33185685655424e-08	12	12
21104	seed302	3	buffer_beta	64	4.375	3.59674562985093	3.5967456283667825	-1.4841474715865388e-09	0.220993710562522	0.2209937105625274	5.384581669432009e-15	0	0	1.70035506460518e-73	1.734723475976807e-18	1.294938892644378e-43	3.02178852495949e-08	12	12
21105	seed302	3	buffer_n_exp	47	4.95	3.3888417360628	3.388841734814127	-1.248672720777222e-09	0.19960843405669	0.1996084340567028	1.2823075934420558e-14	0	0	0	1.734723475976807e-18	1.9459628029876637e-53	2.91998755730383e-09	15	15
21105	seed302	3	buffer_n_exp	489	3.95	2.46833981397161	2.4683398122093023	-1.7623076331574339e-09	0.205450940802228	0.2054509408022935	6.550315845288424e-14	0	0	0	1.734723475976807e-18	1.4889598574019577e-47	3.2943253319706e-08	14	14
21106	seed302	3	p_wgd	33	4.75	2.45546357615307	2.455463570737633	-5.4154369877323916e-09	0.198175216966401	0.19817521696656346	1.6245338407827603e-13	0	0	0	1.734723475976807e-18	4.797271593693598e-49	6.7698465722188e-09	16	16
21107	seed302	3	alpha_o2	81	4.775	2.82553360559531	2.8255335209413968	-8.465391321266225e-08	0.207299750366095	0.20729975036651235	4.1736059053221197e-13	0	0	0	1.734723475976807e-18	2.149260520655527e-61	6.31599772482616e-10	17	17
21108	seed302	3	gamma_growth	476	4.725	3.06630417519569	3.0663041707115095	-4.484180582409181e-09	0.196191830654639	0.196191830654664	2.500777362968165e-14	0	0	2.263919769706678e-72	1.734723475976807e-18	2.3930863592578563e-32	2.17569209870483e-08	14	14
21111	seed302	3	O2_crit	298	4.825	3.24283487047634	3.2428348663885824	-4.0877576878983746e-09	0.253074658006794	0.2530746580068084	1.4377388168895777e-14	0	0	0	1.734723475976807e-18	1.95753526434795e-52	1.81812670474457e-08	14	14
21112	seed302	3	n_O	343	3.625	2.40025585753259	2.4002558548392745	-2.6933153485231287e-09	0.237606101832912	0.23760610183303094	1.189326415129699e-13	0	0	0	3.469446951953614e-18	2.986077077477808e-65	1.12496374160553e-08	16	16
21114	seed302	4	p_mis_base	215	4.025	3.6817127302462	3.6817127268687155	-3.3774845142886534e-09	0.214434401713299	0.21443440171330397	4.9682480351975755e-15	0	0	2.255726744550567e-74	1.734723475976807e-18	1.0822589442226745e-51	1.38111508896088e-08	12	12
21114	seed302	4	p_mis_base	334	3.7	2.61912693734333	2.6191266294117757	-3.0793155447739196e-07	0.201177942441327	0.20117794244357864	2.25164331624228e-12	0	0	0	1.734723475976807e-18	1.98705049110496e-60	2.6833818500549e-10	20	20
21114	seed302	4	p_mis_base	447	4.65	2.74892955697045	2.748929539192599	-1.7777851191169702e-08	0.225882942504311	0.22588294250591148	1.60046975672401e-12	0	0	0	1.734723475976807e-18	9.130776287502826e-50	1.67038252674168e-09	21	21
21120	seed302	4	p_wgd	28	4.075	2.5127565328135	2.5127565253480046	-7.465495333036642e-09	0.20210841734495	0.20210841734517673	2.267352972040726e-13	0	0	0	1.734723475976807e-18	9.216246345884294e-61	5.37335506645142e-09	17	17
21126	seed302	4	n_O	362	3.075	2.19509565300996	2.1950956549608103	1.9508501480913765e-09	0.221471336708721	0.22147133670881758	9.658940314238862e-14	0	0	0	3.469446951953614e-18	4.4507696520907143e-60	1.46357949093456e-08	16	16
21128	seed302	5	p_mis_base	502	4.175	2.6059069721314	2.6059069718494596	-2.819402489251388e-10	0.227611284777224	0.22761128477723044	6.439293542825908e-15	0	0	0	1.734723475976807e-18	3.1650518501810854e-44	1.20138074211074e-08	13	13
21130	seed302	5	k_o_mis	268	3.7	3.46720855712804	3.467208553287188	-3.840852080827517e-09	0.236685676531963	0.23668567653196657	3.552713678800501e-15	0	0	0	1.734723475976807e-18	8.667001773860404e-50	9.53311254936473e-09	13	13
21130	seed302	5	k_o_mis	290	4.725	2.86636467318428	2.8663646674337575	-5.750522280578707e-09	0.242241124969457	0.24224112496952596	6.897260540483785e-14	0	0	0	1.734723475976807e-18	1.6653588751727259e-44	9.92176191205729e-09	16	16
21147	seed303	1	buffer_n_exp	272	4.075	2.05232366906003	2.052323669011832	-4.8197890123446996e-11	0.17980060715888	0.17980060715897028	9.028888747764086e-14	0	0	0	1.734723475976807e-18	3.0548026201184718e-49	1.20680754001068e-08	15	15
21162	seed303	2	p_wgd	282	4.425	2.08919456583724	2.0891945658192004	-1.8039791882529244e-11	0.17000535694046	0.17000535694046803	8.021361352916756e-15	0	0	0	3.469446951953614e-18	4.529516896575194e-43	1.23990449296674e-08	13	13
21190	seed303	4	p_wgd	104	4.5	2.74278564886593	2.742785648835467	-3.0462743438874895e-11	0.155913554325274	0.15591355432527582	1.8041124150158794e-15	0	0	2.1555474337150415e-68	1.734723475976807e-18	7.075346864858e-68	3.41903858003256e-09	14	14
21271	seed304	5	buffer_smax	271	4.5	2.31939396445823	2.319393964453932	-4.297895372928906e-12	0.23143613285226	0.23143613285227674	1.6736612096224235e-14	0	0	5.795634610449096e-70	1.734723475976807e-18	4.791469745640482e-64	7.16659553923193e-09	16	16
21438	seed307	2	k_o_mis	488	4.5	2.29187800552781	2.2918780054991124	-2.8697488829720896e-11	0.22717979324408	0.2271797932442531	1.7311152511467753e-13	0	0	0	1.734723475976807e-18	1.7773346549564897e-54	4.51558537784003e-09	17	17
22401	seed321	1	lam_max	36	3.025	2.45495637415108	2.454956372213267	-1.937813021157808e-09	0.233446075934423	0.23344607593448366	6.06736882957648e-14	0	0	0	1.734723475976807e-18	8.805594871005067e-49	1.66555708391858e-08	15	15
22402	seed321	1	p_mis_base	338	4.375	2.3586554474242	2.3586554465140264	-9.10173714174789e-10	0.249932725162896	0.24993272516299236	9.636735853746359e-14	0	0	0	1.734723475976807e-18	4.4604371969546274e-58	1.77185010830083e-08	15	15
22403	seed321	1	p_misseg	27	2.35	2.29278099342567	2.2927809926556275	-7.700426962742313e-10	0.210668446400123	0.21066844640017052	4.75175454539567e-14	0	0	0	1.734723475976807e-18	7.760769327115021e-50	1.73482723186957e-08	14	14
22403	seed321	1	p_misseg	274	2.2	2.33305340918905	2.333053402513107	-6.675942909595278e-09	0.254174813492157	0.25417481349230087	1.438849039914203e-13	0	0	0	3.469446951953614e-18	2.019534400242549e-37	3.41618255905729e-09	16	16
22405	seed321	1	buffer_smax	240	2.225	2.29700264735981	2.2970026458053785	-1.5544316944726688e-09	0.252688453070206	0.25268845307026117	5.517808432387028e-14	0	0	0	3.469446951953614e-18	6.0952607240312196e-62	5.58436247244387e-09	15	15
22406	seed321	1	buffer_beta	395	3.9	2.40100658651718	2.4010065861702135	-3.4696645556664407e-10	0.237741391140306	0.2377413911403113	5.2735593669694936e-15	0	0	0	1.734723475976807e-18	2.92945888951129e-66	1.52656518537242e-08	12	12
22409	seed321	1	alpha_o2	216	1.825	2.44161361750701	2.4416136135871667	-3.919843116761967e-09	0.243683645798482	0.2436836457986046	1.225963774942329e-13	0	0	0	3.469446951953614e-18	3.829952051165678e-54	1.70677111333006e-09	18	18
22413	seed321	1	O2_crit	350	2.9	2.57296610468935	2.57296610458497	-1.0438006015078827e-10	0.22499421909716	0.22499421909715994	-5.551115123125783e-17	0	0	2.4599020699611473e-71	3.469446951953614e-18	2.02218164058e-69	1.4839732304095e-08	10	10
22414	seed321	1	n_O	286	4.275	2.34564657408638	2.3456465718227943	-2.263585763273568e-09	0.253310166561084	0.2533101665611811	9.708900350346994e-14	0	0	0	1.734723475976807e-18	9.532062088372508e-43	1.49588788578292e-08	14	14
22414	seed321	1	n_O	295	4.075	2.93909120317217	2.9390911908728765	-1.2299293583595272e-08	0.255581405586995	0.25558140558709824	1.0325074129013956e-13	0	0	0	1.734723475976807e-18	2.8698948744085765e-50	2.37325270546762e-09	17	17
22415	seed321	2	lam_max	109	4.875	2.24115962874027	2.2411596282897026	-4.5056758324335533e-10	0.223221488981752	0.22322148898177777	2.5757174171303632e-14	0	0	0	1.734723475976807e-18	2.3564821974148003e-59	1.32169907796076e-08	14	14
22415	seed321	2	lam_max	168	2.2	2.41001700873249	2.4100170082833774	-4.491127469918865e-10	0.255304417137824	0.25530441713782526	1.27675647831893e-15	0	0	0	3.469446951953614e-18	4.036304017425097e-44	5.43726169643932e-09	12	12
22415	seed321	2	lam_max	190	3.35	2.98018417721141	2.9801841766091006	-6.023093135354429e-10	0.235576246190118	0.23557624619011872	7.216449660063518e-16	0	0	0	1.734723475976807e-18	1.4678741164881585e-60	5.90388810062237e-09	11	11
22416	seed321	2	p_mis_base	38	3.275	1.96086134867189	1.9608613452920054	-3.379884594423288e-09	0.257652562678158	0.2576525626783107	1.5271117703719028e-13	0	0	0	3.469446951953614e-18	1.376130676563e-68	5.82991932507326e-09	15	15
22416	seed321	2	p_mis_base	326	2.375	2.62747348705554	2.6274734850126547	-2.0428854163867527e-09	0.21256477793056	0.2125647779305619	1.887379141862766e-15	0	0	0	3.469446951953614e-18	7.150827831766519e-44	2.37611228470769e-08	10	10
22416	seed321	2	p_mis_base	486	3.7	1.99885168157567	1.9988516818851934	3.0952329588274097e-10	0.249234262309174	0.2492342623092607	8.670841822322473e-14	0	0	0	3.469446951953614e-18	1.8686261928615616e-45	3.34202321372601e-09	15	15
22417	seed321	2	p_misseg	313	3.325	2.00866956131942	2.008669563216845	1.8974248838787844e-09	0.246214526382889	0.24621452638304062	1.5162870958818075e-13	0	0	0	3.469446951953614e-18	2.1881021530769758e-61	4.01510311109909e-09	15	15
22419	seed321	2	buffer_smax	271	2.125	2.95127513815754	2.951275134527522	-3.6300180639159407e-09	0.261129905940313	0.2611299059403183	5.329070518200751e-15	0	0	0	1.734723475976807e-18	6.764607148729077e-57	4.82712697591481e-09	13	13
22420	seed321	2	buffer_beta	422	3.325	2.06708169333131	2.0670816932852385	-4.6071590986684896e-11	0.215295960450175	0.21529596045019123	1.6237011735142914e-14	0	0	0	1.734723475976807e-18	7.176860635066125e-53	2.80026083987472e-08	12	12
22420	seed321	2	buffer_beta	436	3.825	3.19620588850698	3.19620588814651	-3.6046987617055493e-10	0.218403351710775	0.21840335171077524	2.498001805406602e-16	0	0	1.06895574828367e-73	1.734723475976807e-18	2.804583026066769e-60	2.51532806527788e-08	10	10
22421	seed321	2	buffer_n_exp	49	3.1	2.96784857264044	2.9678485589582353	-1.3682204702547551e-08	0.215282433307215	0.21528243330726446	4.9460435747050724e-14	0	0	0	1.734723475976807e-18	1.6561706515765514e-53	2.88254881075645e-09	16	16
22421	seed321	2	buffer_n_exp	50	3.275	3.11870708919341	3.1187070850640364	-4.129373731842634e-09	0.215066970642683	0.2150669706426939	1.0907941216942163e-14	0	0	0	1.734723475976807e-18	4.257717452252844e-46	3.59024790730356e-08	12	12
22421	seed321	2	buffer_n_exp	89	3.55	2.03272747562612	2.032727475621847	-4.2730263771773025e-12	0.206641839774611	0.20664183977461753	6.522560269672795e-15	0	0	0	1.734723475976807e-18	6.823198221806933e-52	1.56618417679333e-08	13	13
22422	seed321	2	p_wgd	178	3.225	3.0555616585938	3.0555616579634592	-6.303406685503887e-10	0.225534251135034	0.22553425113503456	5.551115123125783e-16	0	0	1.3637181249092952e-74	1.734723475976807e-18	5.6317586340374505e-49	2.33034944119304e-09	12	12
22422	seed321	2	p_wgd	380	4.75	1.81858144246079	1.818581441480694	-9.800960043548912e-10	0.2227468932165	0.22274689321672714	2.271238752626914e-13	0	0	0	3.469446951953614e-18	1.1024559710786456e-56	3.90559232177345e-09	16	16
22424	seed321	2	gamma_growth	172	2.5	2.96048001248427	2.960480012026516	-4.577542789263589e-10	0.21914167201716	0.21914167201716042	4.163336342344337e-16	0	0	0	1.734723475976807e-18	1.9877604753949247e-49	2.52198295580541e-09	9	9
22425	seed321	2	mu_hp	197	4.35	2.96988020595941	2.96988020377618	-2.1832300411972483e-09	0.239560292202952	0.2395602922029536	1.609823385706477e-15	0	0	1.921374780137412e-73	1.734723475976807e-18	6.298932525245728e-48	7.87093348830759e-09	11	11
22425	seed321	2	mu_hp	361	1.125	2.9976720194038	2.997672019399299	-4.500844141830385e-12	0.200813076499595	0.20081307649959426	-7.494005416219807e-16	0	0	5.15588271990175e-69	3.469446951953614e-18	4.493124696011e-68	2.23731205784006e-09	9	9
22425	seed321	2	mu_hp	430	3.5	2.69862656435142	2.6986265641957727	-1.5564705080350905e-10	0.216441596351902	0.21644159635190058	-1.4155343563970746e-15	0	0	0	1.734723475976807e-18	1.14127651504811e-66	2.10300345471204e-08	10	10
22426	seed321	2	gamma_mu	37	2.95	2.78021407909641	2.780214077698172	-1.3982379698518344e-09	0.202883613128846	0.20288361312885325	7.244205235679146e-15	0	0	2.8298997121333476e-73	3.469446951953614e-18	1.0166457027906373e-44	2.70375105637655e-08	12	12
22426	seed321	2	gamma_mu	294	4.225	2.81592958032418	2.815929578248987	-2.0751929064033448e-09	0.261641939346646	0.26164193934666075	1.4765966227514582e-14	0	0	0	3.469446951953614e-18	2.391764739290068e-43	4.50869105383944e-08	12	12
22429	seed321	3	lam_max	164	2.6	2.22756772468591	2.227567723993175	-6.927352025343225e-10	0.202993557344739	0.20299355734475022	1.1213252548714081e-14	0	0	0	1.734723475976807e-18	1.283506489238967e-42	1.80945645134045e-08	13	13
22429	seed321	3	lam_max	175	2.575	2.54748419942625	2.5474841984261007	-1.0001492967148806e-09	0.245509801126103	0.2455098011261044	1.4155343563970746e-15	0	0	2.2798176157573325e-72	3.469446951953614e-18	7.479213225187506e-65	4.3487724782354e-08	10	10
22429	seed321	3	lam_max	177	2.675	2.63246871661779	2.632468715448594	-1.1691958512471956e-09	0.245777762350266	0.24577776235026733	1.3322676295501878e-15	0	0	1.0150835601411721e-72	3.469446951953614e-18	5.980967948122519e-55	8.30482677072197e-09	11	11
22430	seed321	3	p_mis_base	153	4.375	2.93388584182724	2.933885841416382	-4.1085801427698243e-10	0.246696403867768	0.24669640386776825	2.498001805406602e-16	0	0	1.074253006568198e-73	1.734723475976807e-18	1.3466955207090366e-53	1.76241790605935e-08	9	9
22430	seed321	3	p_mis_base	265	2.925	2.6547256716973	2.654725662146603	-9.550697122051588e-09	0.248473812230834	0.2484738122308784	4.438116540939063e-14	0	0	0	3.469446951953614e-18	4.526710949817467e-30	4.92728055578873e-09	15	15
22430	seed321	3	p_mis_base	281	4.025	2.03973225062848	2.0397322506723508	4.3870684862667986e-11	0.244552715684038	0.24455271568405634	1.8346435481930712e-14	0	0	0	3.469446951953614e-18	3.4442884693609566e-52	3.78402900957919e-08	12	12
22431	seed321	3	p_misseg	442	3.725	2.90797418833468	2.9079741874658436	-8.688365582543156e-10	0.220808350356387	0.22080835035638788	8.881784197001252e-16	0	0	2.8188454163828267e-73	3.469446951953614e-18	3.29428672258769e-50	3.20260780395376e-08	10	10
22433	seed321	3	buffer_smax	80	2.025	2.79192988804929	2.7919298878355554	-2.1373480763031694e-10	0.229326280814772	0.22932628081477166	-3.3306690738754696e-16	0	0	0	1.734723475976807e-18	7.059159025665446e-57	1.13409590052349e-08	11	11
22435	seed321	3	buffer_n_exp	4	1.55	1.80016816041084	1.8001681605211983	1.1035838909378981e-10	0.211433583947685	0.21143358394771136	2.6367796834847468e-14	0	0	0	3.469446951953614e-18	1.2709574358097451e-64	1.04324232308439e-08	14	14
22438	seed321	3	gamma_growth	452	4.025	3.26679762589531	3.2667976253499194	-5.453908435981702e-10	0.216156850146891	0.21615685014689145	4.440892098500626e-16	0	0	0	1.734723475976807e-18	2.1542917526797257e-44	5.1097316988713e-08	9	9
22439	seed321	3	mu_hp	66	4.25	3.45042794626053	3.450427945737055	-5.234750410920697e-10	0.217082972702742	0.21708297270274288	8.881784197001252e-16	0	0	0	1.734723475976807e-18	1.204129489455481e-43	2.15558614291567e-08	10	10
22440	seed321	3	gamma_mu	22	2.375	2.14261537914544	2.142615378665686	-4.797540142931211e-10	0.204139287795095	0.20413928779518647	9.14823772291129e-14	0	0	0	1.734723475976807e-18	6.920576213474369e-60	1.23944671748255e-08	15	15
22440	seed321	3	gamma_mu	229	3.525	2.57736654130899	2.5773665397593377	-1.5496524063962624e-09	0.250693248482545	0.2506932484825653	2.0317081350640365e-14	0	0	2.4294578485707284e-72	1.734723475976807e-18	5.677966107605746e-27	2.57531805325506e-08	13	13
22440	seed321	3	gamma_mu	285	3.05	2.45749295635596	2.4574929525522724	-3.803687587122795e-09	0.258280425635055	0.25828042563514614	9.114931032172535e-14	0	0	0	1.734723475976807e-18	7.528023012635762e-48	1.68419702628597e-08	14	14
22441	seed321	3	O2_crit	40	4.3	1.8853128483279	1.8853128485325372	2.0463719607732855e-10	0.225674870102172	0.2256748701022196	4.7600812180803587e-14	0	0	0	3.469446951953614e-18	4.129084795758234e-45	4.33632200702583e-08	13	13
22445	seed321	4	p_misseg	40	1.875	1.94286075942938	1.9428607650829617	5.653581602871327e-09	0.217545984104898	0.21754598410523598	3.379796442715133e-13	0	0	0	6.938893903907228e-18	5.421938151754454e-42	3.92094104406659e-09	16	16
22445	seed321	4	p_misseg	50	2.9	2.60372761962359	2.60372761596186	-3.661730030302124e-09	0.215406508550508	0.21540650855059557	8.756884106730922e-14	0	0	0	1.734723475976807e-18	5.136081971859013e-42	8.31141647172906e-09	16	16
22445	seed321	4	p_misseg	319	3.35	1.88007386685329	1.8800738672739792	4.206892612046431e-10	0.249483816012078	0.2494838160121034	2.5396351688300456e-14	0	0	0	3.469446951953614e-18	6.273463353145634e-53	1.00874817943186e-08	14	14
22447	seed321	4	buffer_smax	245	1.875	3.24200353630005	3.2420035357007335	-5.993165963502634e-10	0.261497980904762	0.2614979809047649	2.886579864025407e-15	0	0	1.7575232629211607e-73	1.734723475976807e-18	1.426485528223834e-59	4.1557187413499e-08	11	11
22447	seed321	4	buffer_smax	256	2.05	3.85299274736771	3.8529927287108605	-1.8656849398723807e-08	0.258622322046828	0.25862232204685537	2.736699755701011e-14	0	0	6.938550829913514e-73	1.734723475976807e-18	2.890929658164926e-46	7.06444602815992e-09	14	14
22448	seed321	4	buffer_beta	310	4.625	2.48059411251208	2.48059411119933	-1.3127499087772776e-09	0.248579620248098	0.24857962024810001	2.0261570199409107e-15	0	0	1.4859840802753073e-72	3.469446951953614e-18	4.0132819649167e-67	5.0935566986432e-08	10	10
22448	seed321	4	buffer_beta	314	3.75	1.93099173703791	1.930991738981301	1.94339100367813e-09	0.249557412652881	0.24955741265294756	6.655787032627813e-14	0	0	0	3.469446951953614e-18	6.401111799047768e-42	2.72650088617432e-09	15	15
22451	seed321	4	alpha_o2	33	2.075	2.18467253457637	2.184672498057006	-3.6519363977305375e-08	0.213461587725733	0.21346158773702037	1.128735993560781e-11	0	0	0	1.734723475976807e-18	6.062097387833352e-51	0	24	24
22455	seed321	4	O2_crit	45	3.975	2.66331332988996	2.6633133245361105	-5.353849363842755e-09	0.216742844318342	0.21674284431841806	7.605027718682322e-14	0	0	0	1.734723475976807e-18	1.9095006486976677e-43	9.27619409063496e-09	15	15
22456	seed321	4	n_O	228	3.475	2.54464738449008	2.5446473819751136	-2.5149664573120845e-09	0.259374723281876	0.25937472328192107	4.5075054799781356e-14	0	0	0	3.469446951953614e-18	3.692549357429284e-51	3.43490110243927e-08	13	13
22456	seed321	4	n_O	240	3.275	2.08607650104486	2.086076500960614	-8.424594355460613e-11	0.260486180100093	0.26048618010019875	1.0574874309554616e-13	0	0	0	3.469446951953614e-18	7.461171812702613e-46	1.80019216200478e-08	14	14
22460	seed321	5	k_o_mis	431	4.925	3.28173469364354	3.2817346930996156	-5.439244610272453e-10	0.21891332671425	0.21891332671425037	3.608224830031759e-16	0	0	0	1.734723475976807e-18	7.283454658546551e-56	2.00151022700101e-08	10	10
22460	seed321	5	k_o_mis	434	4.7	3.22168509399043	3.2216850935119283	-4.78501682721344e-10	0.219568202253348	0.21956820225334778	-2.220446049250313e-16	0	0	0	1.734723475976807e-18	5.846768397763422e-54	1.86209717645269e-08	10	10
22461	seed321	5	buffer_smax	455	3.45	2.8366244136135	2.836624407549527	-6.063972879388757e-09	0.217369635137222	0.21736963513726515	4.315992008230296e-14	0	0	8.758466066600792e-73	1.734723475976807e-18	3.5084585437094574e-48	1.05523028648413e-08	15	15
22463	seed321	5	buffer_n_exp	416	4.1	2.25288921791241	2.2528892175242823	-3.881277521600168e-10	0.223047570547125	0.22304757054713267	7.66053886991358e-15	0	0	0	1.734723475976807e-18	3.9984630689053697e-51	3.51000518650224e-08	11	11
22464	seed321	5	p_wgd	65	4.225	3.42620665507295	3.4262066494049965	-5.667953661969705e-09	0.215989693651526	0.2159896936515349	8.881784197001252e-15	0	0	4.0854893819271034e-73	1.734723475976807e-18	4.045017260634565e-49	1.79903097974332e-09	13	13
22464	seed321	5	p_wgd	310	3.35	2.70029004655901	2.7002900427967047	-3.762305134102917e-09	0.242984539147874	0.24298453914788423	1.0241807402167069e-14	0	0	0	1.734723475976807e-18	5.503750931241995e-48	3.7294993482373e-09	14	14
22466	seed321	5	gamma_growth	454	3.65	3.21348817887642	3.213488177871366	-1.0050538179484647e-09	0.216678455307928	0.2166784553079275	-4.996003610813204e-16	0	0	1.5115402603422876e-73	1.734723475976807e-18	1.8494201927632546e-59	8.0531266377637e-09	11	11
22467	seed321	5	mu_hp	287	3.9	2.7469280295888	2.7469280293680884	-2.2071144911706142e-10	0.2436364223616	0.24363642236159966	-3.3306690738754696e-16	0	0	3.5619724119604196e-73	1.734723475976807e-18	6.40396342621e-69	1.35864644534855e-08	11	11
22468	seed321	5	gamma_mu	421	4	2.58325222750054	2.583252226960089	-5.40451239317008e-10	0.222677020960708	0.22267702096070907	1.0824674490095276e-15	0	0	0	1.734723475976807e-18	1.0232048088815e-67	6.49339292613238e-08	10	10
22470	seed321	5	n_O	145	2.2	2.00773004191325	2.007730042858623	9.453726690367148e-10	0.23224276102611	0.23224276102614397	3.397282455352979e-14	0	0	0	3.469446951953614e-18	1.0004966781318807e-62	2.96006535394078e-08	14	14
22546	seed323	1	buffer_beta	231	4.825	2.20429939055711	2.204299389639414	-9.176961413004392e-10	0.257109647240485	0.25710964724230584	1.820821271536488e-12	0	0	0	1.734723475976807e-18	1.727008635687173e-49	1.75592209106235e-08	18	18
22549	seed323	1	alpha_o2	225	5	2.25812461108689	2.2581246107604533	-3.2643665548448553e-10	0.251008165487761	0.2510081654881874	4.2638115260729137e-13	0	0	0	3.469446951953614e-18	4.2094368500938514e-45	5.63132444564296e-08	16	16
23399	seed335	2	buffer_smax	129	2.6	2.59836021025822	2.5983602102545102	-3.709921259087423e-12	0.279903580226316	0.279903580226317	9.992007221626409e-16	0	0	0	3.469446951953614e-18	4.400078452749572e-50	5.66010133207229e-09	11	11
23801	seed341	1	lam_max	68	1.525	2.1436957627165	2.1436957624658333	-2.506665985890777e-10	0.215409378974846	0.21540937897544293	5.96939164765331e-13	0	0	0	1.734723475976807e-18	2.8236575760586965e-43	6.46106046997552e-08	16	16
23801	seed341	1	lam_max	172	3.875	3.00802890854772	3.008028884239821	-2.430789924900978e-08	0.220377445099309	0.2203774451013125	2.003480714662942e-12	0	0	0	1.734723475976807e-18	2.2660450035532327e-51	3.67992167293885e-09	21	21
23806	seed341	1	buffer_beta	377	4.075	1.95819391926423	1.9581939220232452	2.7590152384959765e-09	0.215489570404878	0.21548957040788677	3.0087599078854055e-12	0	0	0	3.469446951953614e-18	4.618550471065601e-59	6.05103164796894e-09	20	20
23806	seed341	1	buffer_beta	446	2.95	3.04593682109744	3.045936810845892	-1.025154805489592e-08	0.231169043216287	0.23116904321758233	1.2953249584057858e-12	0	0	0	8.673617379884035e-19	3.9245289878164073e-51	1.31365005817674e-08	19	19
23808	seed341	1	p_wgd	422	2.15	3.85563120281902	3.8556312015534884	-1.2655316794507598e-09	0.237468381590785	0.2374683815908993	1.1429746038515987e-13	0	0	0	8.673617379884035e-19	5.403292328560629e-51	2.74187520465929e-08	15	15
23811	seed341	1	mu_hp	179	2.35	2.6939553991254	2.693955396755735	-2.3696653528304523e-09	0.224779400468457	0.22477940046853595	7.893685705084863e-14	0	0	0	1.734723475976807e-18	7.798795916884027e-46	9.36037253262967e-09	15	15
23814	seed341	1	n_O	56	3.2	3.24031035490642	3.2403103490362	-5.870219865755644e-09	0.235365561617851	0.23536556161798897	1.3797296638529133e-13	0	0	1.0256976816862882e-73	1.734723475976807e-18	8.053739818014213e-27	4.54570836527779e-09	19	19
23815	seed341	2	lam_max	366	4.45	2.85493701066376	2.8549370039562976	-6.707462585353596e-09	0.240362019738764	0.24036201974005203	1.2880252420188754e-12	0	0	0	1.734723475976807e-18	3.045454533785209e-43	4.34880137456517e-09	21	21
23815	seed341	2	lam_max	367	4.525	2.83709672843786	2.8370967186968374	-9.741022655163079e-09	0.226165334829596	0.2261653348315243	1.928290860320203e-12	0	0	0	1.734723475976807e-18	1.333240665124999e-59	3.24304630372474e-09	22	22
23816	seed341	2	p_mis_base	190	3.65	2.76334367169942	2.7633436655573913	-6.142028663447263e-09	0.24406211047691	0.24406211047847481	1.5648038420579269e-12	0	0	0	1.734723475976807e-18	8.318498399632219e-42	7.96972740579882e-09	20	20
23821	seed341	2	buffer_n_exp	25	4.35	3.18751840524035	3.1875183814153463	-2.382500374764618e-08	0.213780434351563	0.21378043435308214	1.5191459201702173e-12	0	0	0	8.673617379884035e-19	1.657507302548467e-58	6.36315994340109e-09	21	21
23829	seed341	3	lam_max	390	2.675	1.93021179512971	1.930211796899607	1.7698971177537715e-09	0.260579074483177	0.26057907448404105	8.640310689145281e-13	0	0	0	3.469446951953614e-18	5.215234993931765e-49	8.83037010179777e-09	19	19
23830	seed341	3	p_mis_base	104	4.35	2.85253627440407	2.8525362634212503	-1.0982819542704192e-08	0.263926547364994	0.26392654736727184	2.2778445796234337e-12	0	0	0	3.469446951953614e-18	1.3696182424828279e-50	3.93729915337815e-09	22	22
23832	seed341	3	k_o_mis	131	3.575	3.14889889668304	3.1488983308343843	-5.658486554871445e-07	0.260394967471444	0.26039496748114344	9.699407943486449e-12	0	0	1.9266246484958874e-38	1.734723475976807e-18	3.599138716942713e-48	8.08313971312202e-11	63	21
23836	seed341	3	p_wgd	18	3.95	2.83525851233612	2.8352585064758817	-5.860238072585844e-09	0.215515934121757	0.21551593412249348	7.364664433850976e-13	0	0	0	1.734723475976807e-18	2.442653400143058e-58	5.65844993083431e-09	21	21
23838	seed341	3	gamma_growth	111	2.5	2.90442378823285	2.9044237820312397	-6.201610336376007e-09	0.247625059197264	0.2476250591981876	9.236222897612834e-13	0	0	0	1.734723475976807e-18	1.6560796297997024e-55	8.84035175618969e-09	18	18
23839	seed341	3	mu_hp	442	3.625	4.04645931772435	4.04645931315356	-4.5707908569170286e-09	0.221980487469844	0.22198048747011634	2.723377079405509e-13	0	0	0	8.673617379884035e-19	3.0302949037048697e-42	7.21765294753318e-09	17	17
23844	seed341	4	p_mis_base	49	4.025	2.63281433675766	2.632814336256431	-5.012292803030505e-10	0.247697799095195	0.24769779909525458	5.959122084675528e-14	0	0	0	3.469446951953614e-18	1.8707904398460427e-47	4.73791583466276e-08	14	14
23852	seed341	4	gamma_growth	50	3.15	2.92209622702211	2.922096219949337	-7.072772589822307e-09	0.234927916517531	0.23492791651819497	6.639688798770749e-13	0	0	0	1.734723475976807e-18	1.3347931842156144e-51	6.18313542033455e-09	20	20
23853	seed341	4	mu_hp	213	1.525	2.34180329565009	2.341803259390986	-3.6259103719515906e-08	0.242694749193909	0.24269474921584955	2.194056047954973e-11	0	0	0	1.734723475976807e-18	6.456349964502398e-55	6.32324304028486e-10	23	23
23853	seed341	4	mu_hp	448	4.575	4.27635425907061	4.276354201499782	-5.757082810475822e-08	0.233838004744405	0.2338380047446508	2.4580337765200966e-13	0	0	0	8.673617379884035e-19	3.4969531928159996e-50	4.75490388729405e-09	18	18
23854	seed341	4	gamma_mu	67	4.525	4.27493405704405	4.274934036233387	-2.0810663414749797e-08	0.233833489644376	0.23383348964446385	8.784639682346551e-14	0	0	4.336184905884207e-73	8.673617379884035e-19	2.3959464950816608e-45	1.52339226788811e-08	16	16
23857	seed341	5	lam_max	255	4.3	2.13446075560073	2.134460755504832	-9.589795624265207e-11	0.217028000549289	0.21702800054984497	5.559719351566628e-13	0	0	0	1.734723475976807e-18	2.11969416734239e-66	4.83408812423924e-08	17	17
23860	seed341	5	k_o_mis	274	4.45	4.45207575643334	4.45207558026174	-1.7617159997485032e-07	0.260971836533827	0.2609718365338664	3.941291737419306e-14	0	0	3.606961138547734e-74	8.673617379884035e-19	1.3739470532222044e-48	6.68091765243517e-09	17	17
23860	seed341	5	k_o_mis	279	4.075	4.21071422764693	4.210714072906094	-1.5474083614464007e-07	0.262240591413814	0.2622405914138642	5.0182080713057076e-14	0	0	5.797562059584424e-74	1.734723475976807e-18	7.334548550305084e-42	5.41732347869583e-09	18	18
23869	seed341	5	O2_crit	265	1.9	2.28214769249021	2.2821476839868398	-8.503370452217496e-09	0.254930741604481	0.25493074161239127	7.910283539303009e-12	0	0	0	3.469446951953614e-18	2.9638502206739948e-49	1.1126999321931e-09	22	22
23876	seed342	1	buffer_beta	270	2.9	2.39120161699125	2.3912016158122	-1.1790497467245586e-09	0.270578200078575	0.2705782000788985	3.2346347822453936e-13	0	0	0	3.469446951953614e-18	2.274258877243365e-56	3.18272740940095e-08	17	17
23876	seed342	1	buffer_beta	478	4.475	4.13977158100602	4.139771115211396	-4.657946242048183e-07	0.243152817462045	0.24315281746283862	7.936151735776775e-13	0	0	0	1.734723475976807e-18	8.403399572034266e-47	4.14161430151161e-09	21	21
23879	seed342	1	alpha_o2	74	2.75	3.19587951967407	3.195879518540548	-1.13352216501994e-09	0.267412685571132	0.2674126855711354	3.3861802251067274e-15	0	0	0	3.469446951953614e-18	4.1396735835729616e-53	2.11002415539951e-08	13	13
23884	seed342	1	n_O	308	4.95	2.54370477580318	2.543704774525089	-1.2780909663945295e-09	0.263405454211392	0.26340545421170597	3.1397107136399427e-13	0	0	0	1.734723475976807e-18	5.197292108416356e-63	6.05537675557599e-08	16	16
23885	seed342	2	lam_max	161	3.05	2.37023042356089	2.3702304251083937	1.547503458709798e-09	0.286206865913064	0.28620686591368627	6.222800053024002e-13	0	0	0	6.938893903907228e-18	2.704691086508879e-53	1.60479162736316e-08	19	19
23886	seed342	2	p_mis_base	264	1.625	2.93851465535183	2.9385146547141403	-6.376899008841974e-10	0.278504108142876	0.2785041081428779	1.887379141862766e-15	0	0	9.246085821357194e-76	3.469446951953614e-18	2.8668718066496346e-45	1.07635015900165e-08	11	11
23888	seed342	2	k_o_mis	312	4.25	3.16523208742799	3.165232061875521	-2.5552468585487986e-08	0.281691092618677	0.28169109261949726	8.202882817442969e-13	0	0	0	1.734723475976807e-18	5.307306329623098e-42	5.86109916156374e-09	21	21
23891	seed342	2	buffer_n_exp	370	4.75	2.56889262881271	2.5688926243524772	-4.460232627678806e-09	0.24805333009323	0.24805333009422928	9.992839888894878e-13	0	0	0	3.469446951953614e-18	1.683197448355559e-48	5.5971643708741e-09	20	20
23894	seed342	2	gamma_growth	312	2.425	2.68456005439682	2.684560050965131	-3.4316891550645323e-09	0.261982241114944	0.26198224111545587	5.118683255034284e-13	0	0	0	1.734723475976807e-18	5.464236481760804e-62	1.8189001138591e-08	18	18
23899	seed342	3	lam_max	194	4.025	3.82823940232189	3.828239385075145	-1.724674492109557e-08	0.279563794063431	0.279563794063444	1.2989609388114332e-14	0	0	2.4079392140163318e-73	1.734723475976807e-18	9.445404015282172e-48	1.0942383998902e-08	15	15
23900	seed342	3	p_mis_base	156	4.625	3.4288010670939	3.4288009870533234	-8.004057683308474e-08	0.237272244442056	0.23727224444350417	1.4481749133210542e-12	0	0	0	1.734723475976807e-18	3.387542041432672e-64	1.48169673752641e-09	24	24
23902	seed342	3	k_o_mis	210	4.175	2.97575497543307	2.975754966337485	-9.095585173923837e-09	0.286094209632228	0.28609420963298227	7.542855229303314e-13	0	0	0	8.673617379884035e-19	1.2592691282388226e-50	6.00631006042462e-09	21	21
23903	seed342	3	buffer_smax	485	2.6	3.03300094594983	3.033000940850133	-5.0996971090455645e-09	0.236011292345216	0.23601129234580345	5.87446757904786e-13	0	0	0	1.734723475976807e-18	1.1697966757397679e-54	1.3232904688687e-08	19	19
23904	seed342	3	buffer_beta	202	4.45	2.44977780603002	2.4497779062554503	1.0022543017740304e-07	0.292870045426421	0.29287004549132806	6.490707971096299e-11	0	0	0	3.469446951953614e-18	3.469347281200248e-53	0	26	26
23904	seed342	3	buffer_beta	259	2.625	2.98188198428719	2.9818819737312983	-1.0555891716279575e-08	0.27852904365052	0.27852904365125103	7.310263505644343e-13	0	0	0	1.734723475976807e-18	5.515406211222263e-59	9.83955750211152e-09	18	18
23904	seed342	3	buffer_beta	451	1.325	2.49455106697024	2.4945510668948696	-7.537037660654278e-11	0.224734658688459	0.22473465868861342	1.5443202272535927e-13	0	0	0	3.469446951953614e-18	2.6235254827739397e-49	1.22252115375421e-08	17	17
23904	seed342	3	buffer_beta	463	3.175	2.95898803974278	2.958988034563403	-5.179376927344492e-09	0.235672010611858	0.2356720106123351	4.770905892570454e-13	0	0	0	1.734723475976807e-18	8.971315107588404e-56	1.91057680232198e-08	18	18
23905	seed342	3	buffer_n_exp	236	3.15	2.98588424073611	2.9858842345315137	-6.2045963922230385e-09	0.29177788383648	0.29177788383735526	8.752443214632422e-13	0	0	0	1.734723475976807e-18	2.9273524063960386e-47	1.69836017471781e-08	19	19
23906	seed342	3	p_wgd	425	4.325	3.87141322523869	3.8714131472953173	-7.794337264499518e-08	0.251537604577042	0.2515376045780344	9.924283617124274e-13	0	0	0	1.734723475976807e-18	1.4099320109549434e-61	2.57697829741943e-09	21	21
23913	seed342	4	lam_max	370	4.125	2.90713436786752	2.907134361518309	-6.3492109347862424e-09	0.264100345840549	0.264100345841231	6.820100040272337e-13	0	0	0	1.734723475976807e-18	1.8662631477917152e-59	1.58614662515433e-08	20	20
23915	seed342	4	p_misseg	263	2.725	2.47039332414425	2.4703933226804207	-1.4638295020574787e-09	0.264313991561392	0.26431399156166235	2.703393064962256e-13	0	0	0	6.938893903907228e-18	6.791466747009155e-56	1.0048253584749e-07	15	15
23922	seed342	4	gamma_growth	419	4.55	3.60445374329663	3.6044536830457634	-6.025086651817446e-08	0.255890625532299	0.2558906255337583	1.4592771435673058e-12	0	0	0	8.673617379884035e-19	2.0720870031288293e-52	1.07721687125917e-09	23	23
23922	seed342	4	gamma_growth	441	3.65	4.07535863838902	4.075357653643196	-9.847458244394147e-07	0.26077439905639	0.26077439906003047	3.6404768088971196e-12	0	0	0	1.734723475976807e-18	2.0907561537990052e-48	2.03445316149242e-10	21	21
23926	seed342	4	n_O	311	3.925	3.85710608941802	3.8571060162859667	-7.313205330206074e-08	0.290444199952382	0.29044419995247733	9.531264666406969e-14	0	0	5.404368662731882e-46	1.734723475976807e-18	9.431935366414647e-42	1.4970443773521e-09	18	17
23927	seed342	5	lam_max	45	3.65	3.36490006333484	3.3649000448762396	-1.8458600425930172e-08	0.272769120010906	0.27276912001176823	8.622547120751278e-13	0	0	0	1.734723475976807e-18	7.246336882197691e-57	1.16307176667441e-08	20	20
23928	seed342	5	p_mis_base	384	3.325	2.2604132560217	2.2604132572824813	1.2607812571729937e-09	0.252811194819553	0.25281119482012654	5.735412145213559e-13	0	0	0	3.469446951953614e-18	1.30646000518825e-66	9.38035760178479e-09	20	20
23929	seed342	5	p_misseg	131	5	3.38276504892082	3.3827650436715304	-5.249289447561978e-09	0.273242524008303	0.27324252400841786	1.1485257189747244e-13	0	0	0	3.469446951953614e-18	1.08674829108496e-49	1.30411181298307e-08	17	17
23931	seed342	5	buffer_smax	77	4.775	3.43949402655044	3.4394940250699264	-1.4805134895823358e-09	0.235833752364148	0.23583375236415824	1.0241807402167069e-14	0	0	2.2478503975821088e-73	1.734723475976807e-18	8.377867965876397e-51	2.66594227804617e-08	13	13
23935	seed342	5	alpha_o2	181	4.05	3.43311652853629	3.4331165269684294	-1.5678605080893249e-09	0.255975444115254	0.2559754441152625	8.493206138382448e-15	0	0	1.7286451443106598e-73	1.734723475976807e-18	1.2716389925715118e-32	1.1329687688022e-08	14	14
23940	seed342	5	n_O	111	2.525	2.88253355354146	2.882533553307223	-2.3423663009225493e-10	0.287983010386541	0.2879830103865425	1.4988010832439613e-15	0	0	0	3.469446951953614e-18	6.060175389870446e-53	5.82271442173266e-09	12	12
24717	seed354	1	buffer_n_exp	462	3.975	4.03349728739563	4.0334972502610364	-3.7134593178222985e-08	0.272037381949245	0.2720373819517718	2.526812092895625e-12	0	0	0	1.734723475976807e-18	5.5878283203128746e-52	3.31106508877355e-09	20	20
24721	seed354	1	mu_hp	486	4.85	3.38397097396863	3.3839709651894796	-8.779150295623595e-09	0.274415485753926	0.2744154857541854	2.5940360970366783e-13	0	0	0	1.734723475976807e-18	1.0043209612175625e-53	1.32248374473676e-08	17	17
24743	seed354	3	buffer_smax	286	4.7	4.46941920895423	4.469418727358907	-4.815953227321756e-07	0.284914063318361	0.2849140633337335	1.5372481065867305e-11	0	0	0	3.469446951953614e-18	6.482094020211494e-44	3.49555662193524e-10	24	24
24766	seed354	4	n_O	478	4.9	3.96205051086765	3.9620501678862685	-3.4298138151811486e-07	0.268272574491549	0.2682725744950664	3.517408586617421e-12	0	0	0	1.734723475976807e-18	9.8046370253373e-67	2.13298201323653e-09	23	23
24768	seed354	5	p_mis_base	285	4.9	4.3704886189751	4.370488600141939	-1.883316169681848e-08	0.288870672466735	0.28887067246734977	6.147859998861804e-13	0	0	0	1.734723475976807e-18	2.406956846982098e-59	3.23188873441183e-08	17	17
24771	seed354	5	buffer_smax	47	4.5	3.91029361196088	3.910293539041121	-7.291975911982718e-08	0.269488345963438	0.26948834596386906	4.3104408931071703e-13	0	0	0	8.673617379884035e-19	2.0405469884847306e-62	1.6759597043503e-09	21	21
24795	seed355	2	lam_max	164	3.25	1.97484672066861	1.9748467206787452	1.0135225991803054e-11	0.218075891387973	0.2180758913882428	2.6978419498391304e-13	0	0	0	3.469446951953614e-18	1.0068219079168773e-54	1.44270706214922e-08	18	18
24808	seed355	2	n_O	488	4.175	2.479011194332	2.479011193647785	-6.842149069541392e-10	0.215576535200773	0.21557653520123674	4.637401573859279e-13	0	0	0	1.734723475976807e-18	1.3364083164246194e-62	1.59132054755595e-09	19	19
24812	seed355	3	k_o_mis	57	4.85	2.12426738645256	2.124267384390866	-2.0616939266915324e-09	0.237486758721261	0.2374867587265345	5.273503855818262e-12	0	0	0	3.469446951953614e-18	1.12054980296331e-45	5.33256563906015e-09	19	19
24824	seed355	4	p_mis_base	481	4.625	2.10172974970097	2.101729749589072	-1.1189804638433998e-10	0.217785723126752	0.21778572312710454	3.5252356589410283e-13	0	0	0	3.469446951953614e-18	2.0998307661828857e-45	3.74135205871706e-08	16	16
24830	seed355	4	p_wgd	448	4.825	2.52741651708443	2.527416516938197	-1.4623324773310742e-10	0.244809876021513	0.24480987602154025	2.7255975254547593e-14	0	0	0	3.469446951953614e-18	1.4707928382706147e-52	1.16552559825678e-08	15	15
24836	seed355	4	n_O	318	3.55	2.28638549107751	2.2863854903724583	-7.050515726803042e-10	0.256317392199756	0.2563173922001364	3.8036240823657863e-13	0	0	0	3.469446951953614e-18	1.2233824905164736e-54	5.7823992816175e-09	18	18
24877	seed356	2	O2_crit	116	4.625	2.40357815493969	2.403578154812479	-1.2721113051838984e-10	0.185125677955581	0.18512567795558946	8.465450562766819e-15	0	0	0	3.469446951953614e-18	5.144336843113508e-53	1.20543951764862e-08	13	13
24901	seed356	4	alpha_o2	224	4.8	2.09449906409653	2.0944990640032226	-9.330758388159666e-11	0.182264893091394	0.182264893091432	3.802513859341161e-14	0	0	0	1.734723475976807e-18	8.9558370828182e-67	1.32277677422632e-08	15	15
24913	seed356	5	buffer_n_exp	279	2.425	2.06387200809044	2.0638720079927007	-9.773915010669043e-11	0.189001160264765	0.18900116026496322	1.982303210468217e-13	0	0	0	1.734723475976807e-18	4.83376638999267e-52	4.01247626791168e-09	17	17
25010	seed358	2	buffer_beta	413	4.925	2.18567235367098	2.185672353546633	-1.2434675511485693e-10	0.232404769142721	0.23240476914275385	3.2834845953289005e-14	0	0	0	1.734723475976807e-18	7.782595395205856e-44	1.63410812659137e-09	16	16
25780	seed369	2	buffer_beta	432	4.675	2.11468022033526	2.1146802205695305	2.3427038087220353e-10	0.191510400620103	0.19151040062053862	4.356237592872958e-13	0	0	0	1.734723475976807e-18	4.329820494317597e-56	1.72015237887013e-08	17	17
25906	seed371	1	buffer_beta	456	4.025	2.10526694797591	2.105266947954992	-2.09179340515675e-11	0.260059797088716	0.2600597970887444	2.836619827917275e-14	0	0	0	3.469446951953614e-18	2.679439196799014e-62	2.74039427816675e-08	14	14
25939	seed371	3	mu_hp	323	4.425	2.26661390457435	2.266613904069983	-5.04367214659851e-10	0.265226338747278	0.2652263387473903	1.1229905894083458e-13	0	0	0	6.938893903907228e-18	1.1513764592809464e-48	4.25542340809493e-08	14	14
25958	seed371	5	p_mis_base	401	3.325	2.03060719835339	2.0306071983189646	-3.4425351458367004e-11	0.261925519371899	0.26192551937196873	6.972200594645983e-14	0	0	0	3.469446951953614e-18	1.9302072223169153e-47	9.29596172261071e-09	15	15
26062	seed373	2	p_wgd	201	4.125	2.46679045823525	2.4667904582330205	-2.2293278334473143e-12	0.194259275132551	0.19425927513255556	4.551914400963142e-15	0	0	0	3.469446951953614e-18	3.739573689769273e-46	6.24042814645343e-09	14	14
26758	seed383	2	k_o_mis	211	3.1	2.72295174910002	2.7229517490527826	-4.723732516254131e-11	0.227013984790166	0.2270139847901658	-1.942890293094024e-16	0	0	0	1.734723475976807e-18	1.867824536987868e-50	1.87382739602615e-08	9	9
26760	seed383	2	buffer_beta	307	4.625	1.99472760513542	1.9947276051356424	2.2248869413488137e-13	0.245970907063085	0.24597090706312072	3.572142581731441e-14	0	0	0	6.938893903907228e-18	3.2437835849844035e-51	1.39692801492952e-08	15	15
26775	seed383	3	buffer_n_exp	464	3.75	2.4942657106266	2.4942657102306374	-3.959628180894015e-10	0.223864665078454	0.22386466507848177	2.7755575615628914e-14	0	0	0	3.469446951953614e-18	1.758578909433208e-49	9.76370964633766e-09	14	14
26784	seed383	4	p_mis_base	430	4.35	2.58740202598994	2.5874020258175148	-1.7242518524085426e-10	0.238443771298037	0.2384437712980424	5.384581669432009e-15	0	0	0	3.469446951953614e-18	3.129075669631492e-51	1.95889590659526e-09	14	14
26788	seed383	4	buffer_beta	238	4.675	2.85544903316838	2.855449033107376	-6.100409066789325e-11	0.262878795934608	0.2628787959346089	8.881784197001252e-16	0	0	0	1.734723475976807e-18	5.804605561704136e-53	2.54402180988045e-08	9	9
26794	seed383	4	gamma_mu	30	3.275	2.05811388236987	2.0581138823456575	-2.4212631899445114e-11	0.216065551640577	0.21606555164062272	4.571343303894082e-14	0	0	0	3.469446951953614e-18	9.377755936881753e-55	1.59142482525354e-08	15	15
26796	seed383	4	n_O	351	2.1	2.06018231310463	2.0601823130993613	-5.268674385661143e-12	0.251140470084124	0.2511404700841516	2.758904216193514e-14	0	0	0	3.469446951953614e-18	3.3430217760083e-67	1.63042652712164e-08	15	15
26802	seed383	5	buffer_beta	238	4.95	2.86264109463772	2.8626410945849305	-5.2789328464086793e-11	0.262586940490441	0.2625869404904416	6.106226635438361e-16	0	0	0	3.469446951953614e-18	1.4930450231069012e-46	1.62790949054248e-08	9	9
27516	seed394	1	buffer_beta	284	3.325	2.0190815971271	2.019081589564524	-7.562575898845125e-09	0.292680494482364	0.29268049448253214	1.6814327707947996e-13	0	0	0	3.469446951953614e-18	3.226537108896e-68	9.76886110892750e-09	16	16
27528	seed394	2	k_o_mis	207	4.225	2.869090224922	2.869090224899473	-2.2526869258854276e-11	0.259687899548213	0.25968789954821286	-1.1102230246251565e-16	0	0	0	3.469446951953614e-18	3.617135909615298e-59	7.30031651796637e-09	9	9
27547	seed394	3	alpha_o2	438	3.45	2.23228149370888	2.232281493681222	-2.76578759894619e-11	0.288207572173859	0.2882075721739061	4.707345624410664e-14	0	0	0	3.469446951953614e-18	1.7643072627334735e-55	5.15231939890448e-08	14	14
28211	seed404	1	lam_max	408	2.6	2.5812927726182	2.5812927692412506	-3.376949386790784e-09	0.2053768460366	0.2053768460366658	6.580846978465615e-14	0	0	0	1.734723475976807e-18	4.94337650960043e-53	1.16364165525518e-08	15	15
28213	seed404	1	p_misseg	268	3.475	5.38353499641585	5.383533249836635	-1.7465792154780502e-06	0.228572212563842	0.22857221256829596	4.453964974615587e-12	0	0	0	8.673617379884035e-19	7.245167972325006e-50	2.51062562406368e-09	23	23
28213	seed404	1	p_misseg	269	4.7	5.37436509730765	5.3743599506542274	-5.1466534225497185e-06	0.228827541611531	0.2288275416279803	1.644931413302686e-11	0	0	0	8.673617379884035e-19	5.774869061290634e-45	8.4002477196421e-10	24	24
28213	seed404	1	p_misseg	271	4.75	5.49121268149534	5.491210520604161	-2.160891178881741e-06	0.229338222662088	0.22933822266762097	5.532962976673161e-12	0	0	0	1.734723475976807e-18	1.0751142260559273e-51	5.25531823614145e-09	22	22
28214	seed404	1	k_o_mis	445	4.175	4.22576041867741	4.225760334663013	-8.401439721694715e-08	0.193621701853522	0.19362170185355848	3.647082635893639e-14	0	0	0	8.673617379884035e-19	1.6427435875540877e-63	8.86365481012064e-09	17	17
28217	seed404	1	buffer_n_exp	328	3.725	3.61653528641446	3.616535281885193	-4.529267183528418e-09	0.211841536502549	0.2118415365025591	1.0103029524088925e-14	0	0	0	1.734723475976807e-18	1.5190282236812462e-48	2.43672995392519e-08	13	13
28222	seed404	1	gamma_mu	38	3.15	3.34231907349268	3.3423190669431975	-6.549482733930745e-09	0.18616932279684	0.186169322796902	6.197820034969936e-14	0	0	0	1.734723475976807e-18	2.0012722063137066e-58	1.05215191281705e-08	16	16
28223	seed404	1	O2_crit	172	4.875	3.87699929569109	3.8769992942371685	-1.453921427696514e-09	0.199252153105258	0.1992521531053264	6.838973831690964e-14	0	0	0	8.673617379884035e-19	1.8824626925786158e-54	2.17792730794475e-08	15	15
28226	seed404	2	p_mis_base	146	3.65	3.58428815865661	3.584288073292234	-8.536437601236457e-08	0.209192388758175	0.20919238875873852	5.635214517241138e-13	0	0	0	1.734723475976807e-18	2.294018802e-68	7.54194651175766e-10	22	22
28226	seed404	2	p_mis_base	266	2.95	5.4617807226543	5.461776922947019	-3.799707281260112e-06	0.238343055942169	0.2383430559548084	1.2639389534996326e-11	0	0	0	8.673617379884035e-19	1.7968744636544019e-56	1.77485826036161e-09	25	25
28231	seed404	2	buffer_n_exp	60	4.825	5.22052282725011	5.220521042750414	-1.7844996964555548e-06	0.192062353512434	0.192062353514909	2.474992433221246e-12	0	0	0	8.673617379884035e-19	2.040006423786845e-47	2.68039340722837e-10	26	26
28239	seed404	3	lam_max	439	3.3	3.55271187833578	3.552711858237348	-2.0098432251813847e-08	0.191944234524104	0.19194423452428003	1.7602586055431857e-13	0	0	0	1.734723475976807e-18	3.5448930098150104e-60	6.67741556492629e-10	19	19
28249	seed404	3	mu_hp	340	3.2	3.54128817470154	3.5412881737972555	-9.042846471629673e-10	0.199623145264989	0.19962314526502226	3.325117958752344e-14	0	0	0	1.734723475976807e-18	2.18439662057e-69	7.59998893817837e-08	13	13
28249	seed404	3	mu_hp	349	3.975	3.24020364610831	3.2402036443043256	-1.8039845173234426e-09	0.201731235814533	0.20173123581453972	6.716849298982197e-15	0	0	0	1.734723475976807e-18	4.571530265537019e-61	5.93754276301262e-08	12	12
28257	seed404	4	buffer_smax	428	2.65	3.21091593158168	3.2109159283327746	-3.2489055890039253e-09	0.212844175878266	0.21284417587829305	2.7033930649622562e-14	0	0	0	1.734723475976807e-18	5.130818858121623e-60	1.76706767551771e-08	15	15
28259	seed404	4	buffer_n_exp	425	2.575	3.34929256959043	3.349292567416708	-2.1737220912143584e-09	0.213893040968413	0.21389304096843895	2.5951463200613034e-14	0	0	0	3.469446951953614e-18	2.406081662093766e-65	8.66926719300665e-09	16	16
28265	seed404	4	O2_crit	457	2.65	4.84926897126139	4.84926367495383	-5.296307559632396e-06	0.19169529402707	0.19169529403618904	9.119038857363648e-12	0	0	0	4.336808689942018e-19	1.138757982912983e-56	3.66162267173564e-10	24	24
28270	seed404	5	k_o_mis	59	3.85	3.77129086656131	3.7712908378151	-2.8746209856933547e-08	0.188928472162689	0.18892847216274566	5.667688540711424e-14	0	0	0	8.673617379884035e-19	1.8837677038854108e-61	1.68607722228487e-09	19	19
28273	seed404	5	buffer_n_exp	48	3.75	4.26751848061562	4.267518387098401	-9.351721885764164e-08	0.183883373200244	0.1838833732005381	2.9409807922320397e-13	0	0	0	8.673617379884035e-19	7.570583125188419e-64	1.18923049186037e-09	21	21
28562	seed409	1	p_mis_base	167	4.9	2.5586107237909	2.558610722951336	-8.395639738978389e-10	0.208904987490896	0.20890498749122927	3.3326119641685636e-13	0	0	0	1.734723475976807e-18	2.717398366027531e-56	3.00036628875233e-09	19	19
28588	seed409	2	n_O	187	4.35	2.26591684947247	2.2659167929927793	-5.647969070210479e-08	0.217274490620364	0.2172744906834089	6.304490263175921e-11	0	0	0	1.734723475976807e-18	8.427098103981696e-49	2.12238754349059e-10	24	24
28616	seed409	4	n_O	434	4.85	2.51197702212688	2.5119770209520436	-1.1748362283015013e-09	0.169810326297838	0.16981032629824208	4.0409342538794135e-13	0	0	0	1.734723475976807e-18	2.1325145944893877e-54	3.10739320386055e-09	19	19
28622	seed409	5	buffer_beta	456	4.225	2.06766516927476	2.067665169407576	1.3281598043590748e-10	0.205432555354802	0.2054325553556888	8.867906409193438e-13	0	0	0	1.734723475976807e-18	1.3480129785321299e-63	1.65690054176881e-08	19	19
28995	seed415	2	lam_max	197	4.75	2.26556954205385	2.2655695412696932	-7.84156739541686e-10	0.230344905349145	0.23034490534916827	2.325917236589703e-14	0	0	0	3.469446951953614e-18	5.813107707279929e-44	4.18352999465021e-09	14	14
28998	seed415	2	k_o_mis	202	4.375	2.21665554577683	2.216655545607808	-1.6902212962577323e-10	0.24324404189534	0.24324404189535076	1.0769163338864018e-14	0	0	0	3.469446951953614e-18	4.434003678745847e-47	2.75317215969739e-08	12	12
29002	seed415	2	p_wgd	502	4.975	2.26117989000187	2.261179889905344	-9.652589838538006e-11	0.243340668583979	0.2433406685839991	2.0122792321330962e-14	0	0	0	3.469446951953614e-18	1.4968379374666563e-45	6.47169293155336e-09	15	15
29024	seed415	4	p_mis_base	272	4.1	2.28305195585813	2.283051955191849	-6.662808083035543e-10	0.27676835534137	0.2767683553414166	4.657385588302532e-14	0	0	0	3.469446951953614e-18	2.668478887708438e-47	2.78675407194839e-08	13	13
29057	seed416	1	buffer_n_exp	282	4.55	2.01243029490551	2.012430295024905	1.1939516042502873e-10	0.256511675554298	0.25651167555434257	4.4575454438700035e-14	0	0	0	1.734723475976807e-18	1.2149466210598454e-48	2.41214662133338e-08	14	14
29085	seed416	3	buffer_n_exp	268	3.725	1.99899503007867	1.9989950324337513	2.3550812411343713e-09	0.267820411187432	0.2678204111883973	9.652834087603424e-13	0	0	0	3.469446951953614e-18	1.738703411321741e-43	1.76507136684378e-09	18	18
29113	seed416	5	buffer_n_exp	253	3.375	1.96743575067128	1.967435750780047	1.0876699541029211e-10	0.26316519856449	0.2631651985645562	6.622480341889059e-14	0	0	0	3.469446951953614e-18	3.189478960652249e-45	8.835407738772e-09	16	16
30328	seed434	2	k_o_mis	89	4.95	3.89073346071966	3.8907334573528103	-3.366849909980374e-09	0.203080043906205	0.2030800439062152	1.021405182655144e-14	0	0	0	8.673617379884035e-19	1.1528853722593765e-55	4.20230673314759e-08	12	12
30356	seed434	4	k_o_mis	79	4.325	3.34827709340854	3.3482770798215213	-1.3587018621308289e-08	0.200923913001942	0.2009239130019928	5.079270337660091e-14	0	0	0	8.673617379884035e-19	4.690425734764755e-63	4.19806314710947e-09	16	16
30359	seed434	4	buffer_n_exp	453	4.7	3.86666086577011	3.866660847579391	-1.8190718709121256e-08	0.197728478823791	0.19772847882385805	6.705747068735946e-14	0	0	0	8.673617379884035e-19	3.0232027198439735e-49	7.20359419337235e-09	16	16
30371	seed434	5	buffer_smax	461	4.575	3.9809702589283	3.980970176424003	-8.250429672784776e-08	0.181093015666759	0.1810930156670811	3.2210345501937354e-13	0	0	0	4.336808689942018e-19	1.7756605255740316e-57	1.85916607109426e-09	18	18
30372	seed434	5	buffer_beta	402	4.175	3.52586731390015	3.525867312381858	-1.5182921586642806e-09	0.213072561536576	0.21307256153658932	1.3322676295501878e-14	0	0	0	1.734723475976807e-18	5.3844636743711525e-43	6.26776722190137e-09	13	13
30376	seed434	5	gamma_growth	88	4.425	3.4589061338245	3.458906131680098	-2.1444019893124278e-09	0.203498848180541	0.20349884818054975	8.743006318923108e-15	0	0	0	8.673617379884035e-19	6.392087228291173e-65	6.61184998418385e-09	14	14
30377	seed434	5	mu_hp	49	4.925	4.1089292511691	4.108929227939002	-2.3230097845328146e-08	0.177171816285027	0.17717181628533096	3.0395130856675223e-13	0	0	0	8.673617379884035e-19	6.889009663720801e-47	4.07818498415757e-09	16	16
31644	seed453	1	k_o_mis	343	4.85	1.83681677524679	1.836816775479057	2.3226687240196497e-10	0.257269237221078	0.2572692372211208	4.2799097599299785e-14	0	0	0	3.469446951953614e-18	4.246646374961997e-43	6.72196764917032e-09	15	15
31645	seed453	1	buffer_smax	428	4.75	3.08617676541181	3.0861767653232595	-8.855050026568279e-11	0.238458357914093	0.23845835791409256	-4.440892098500626e-16	0	0	0	1.734723475976807e-18	7.817513014329348e-60	2.58050694701417e-09	10	10
31646	seed453	1	buffer_beta	88	4.55	3.90525267834811	3.905252677920821	-4.272888709522249e-10	0.255738293224935	0.2557382932249375	2.4980018054066022e-15	0	0	0	8.673617379884035e-19	1.2641613775126083e-52	1.26255994548075e-09	12	12
31647	seed453	1	buffer_n_exp	8	4.4	1.89809107146527	1.8980910702851446	-1.1801253307908155e-09	0.248995165547266	0.24899516554737028	1.0427769758791783e-13	0	0	0	3.469446951953614e-18	2.72220861608168e-66	1.34091548142923e-08	15	15
31647	seed453	1	buffer_n_exp	259	2.65	1.95552504095474	1.9555250408851075	-6.963252197067504e-11	0.27796308471279	0.27796308471288883	9.880984919163893e-14	0	0	0	3.469446951953614e-18	1.5354797309633468e-48	5.29833300566551e-08	14	14
31649	seed453	1	alpha_o2	20	4.85	2.33937471655606	2.3393747159651457	-5.909144284999002e-10	0.247097119971747	0.2470971199717918	4.4797499043625066e-14	0	0	0	3.469446951953614e-18	4.258583615133316e-28	2.48028808047529e-08	14	14
31655	seed453	2	lam_max	466	4.7	2.18731851265424	2.187318512147298	-5.069415998093518e-10	0.260683356391598	0.2606833563917144	1.1640688413194766e-13	0	0	0	6.938893903907228e-18	9.934196442384486e-46	2.64059282772955e-08	15	15
31662	seed453	2	p_wgd	260	2.85	1.98033197674545	1.9803319767494687	4.018785304538142e-12	0.269639568985904	0.2696395689859315	2.7478019859472624e-14	0	0	0	3.469446951953614e-18	1.098890896365458e-65	1.23847007649225e-08	15	15
31663	seed453	2	alpha_o2	84	4.45	3.15080788007838	3.1508078800158246	-6.255529427789952e-11	0.253708615824245	0.25370861582424514	1.6653345369377348e-16	0	0	2.5159577128185544e-70	1.734723475976807e-18	7.9717911015966e-67	8.45576580976726e-09	10	10
31665	seed453	2	mu_hp	296	4.625	2.19562632532587	2.1956263249716064	-3.542637294629003e-10	0.273075341224312	0.27307534122437616	6.417089082333405e-14	0	0	0	3.469446951953614e-18	3.0144139413551246e-54	4.03663833470347e-08	14	14
31678	seed453	3	gamma_growth	92	4.675	2.75560868484169	2.755608684573677	-2.68013167215031e-10	0.254111134181067	0.25411113418106834	1.3322676295501878e-15	0	0	0	3.469446951953614e-18	1.112173508828976e-52	8.10611261448102e-09	11	11
31679	seed453	3	mu_hp	417	3.35	2.68564232802272	2.6856423280013604	-2.1359802815368312e-11	0.258307655858185	0.25830765585818644	1.4432899320127035e-15	0	0	0	1.734723475976807e-18	1.0081827258221083e-45	1.28966740620129e-08	11	11
31679	seed453	3	mu_hp	501	2.35	2.15716245711276	2.1571624571103913	-2.368771845340234e-12	0.263749943863332	0.26374994386335665	2.4646951146678475e-14	0	0	0	3.469446951953614e-18	1.0047710177566e-67	2.32215472961705e-08	15	15
31688	seed453	4	buffer_beta	480	4.95	2.10335843931921	2.1033584396831637	3.6395375602182867e-10	0.235019568883388	0.2350195688835391	1.5107359807586818e-13	0	0	0	3.469446951953614e-18	3.4670467510053095e-57	2.93193664069324e-08	15	15
31695	seed453	4	O2_crit	412	4.15	2.54001917341384	2.5400191729661667	-4.4767345386276247e-10	0.262679181982454	0.26267918198246565	1.1657341758564144e-14	0	0	0	1.734723475976807e-18	5.603016517382126e-52	1.39889062555909e-08	12	12
31699	seed453	5	p_misseg	441	2.2	2.06068139321967	2.0606813932118757	-7.794209722078449e-12	0.240370290826903	0.2403702908269199	1.6903145549918008e-14	0	0	0	3.469446951953614e-18	2.057905665198714e-44	7.46461420453315e-09	15	15
31704	seed453	5	p_wgd	86	3.4	3.1864264057675	3.186426405643566	-1.2393419623890622e-10	0.254716217763779	0.25471621776378056	1.5543122344752192e-15	0	0	0	1.734723475976807e-18	2.8033980768177033e-54	5.91328641608158e-09	11	11
31706	seed453	5	gamma_growth	259	3.325	2.03232577710784	2.032325777090985	-1.6854961870649277e-11	0.270685600074899	0.27068560007497083	7.183142969324763e-14	0	0	0	3.469446951953614e-18	1.4962266235552506e-58	3.38190186965903e-09	17	17
31708	seed453	5	gamma_mu	113	4.975	2.16460247051264	2.164602470217473	-2.9516700195131307e-10	0.267212539729798	0.2672125397298458	4.779510121011299e-14	0	0	0	1.734723475976807e-18	4.4150528181518e-67	2.65544092825643e-08	14	14
32043	seed458	4	mu_hp	238	4.7	1.80684889043714	1.8068488904409785	3.838485085339016e-12	0.203904453770481	0.2039044537706895	2.084998840246044e-13	0	0	0	3.469446951953614e-18	6.13405578826132e-63	1.1934172233774e-08	18	18
32709	seed468	2	buffer_smax	452	4.85	2.00909818476126	2.0090981847789364	1.7676526908871892e-11	0.257979566161725	0.2579795661746885	1.2963463635884409e-11	0	0	0	3.469446951953614e-18	4.1163017581332417e-51	3.20263260356057e-10	23	23
33353	seed477	3	buffer_smax	75	4.675	1.99722618224282	1.9972261822464779	3.657962821534966e-12	0.28846198590122	0.288461985901685	4.649614027130156e-13	0	0	0	6.938893903907228e-18	2.441915804449771e-62	4.75839556091096e-08	17	17
33676	seed482	1	buffer_beta	60	4.675	1.78946353390864	1.7894635315621803	-2.3464596932143422e-09	0.196494805757226	0.19649480575737377	1.4777068457760834e-13	0	0	0	3.469446951953614e-18	8.863926760041425e-55	1.96104155691934e-08	15	15
33677	seed482	1	buffer_n_exp	245	4.45	2.07647482623798	2.0764748261647075	-7.327249917921108e-11	0.23494153125071	0.23494153125076747	5.748179709996748e-14	0	0	0	3.469446951953614e-18	8.207535330156185e-52	1.37179622938799e-08	15	15
33684	seed482	1	n_O	397	4.3	1.81211025818755	1.812110258312016	1.244662151123066e-10	0.177260092958195	0.17726009295825215	5.714873019257993e-14	0	0	0	6.938893903907228e-18	7.9605893489798e-67	1.08647651708704e-08	16	16
33707	seed482	3	alpha_o2	258	3.325	1.98474807689224	1.9847480769006742	8.43414227347239e-12	0.2201793577794	0.22017935777944417	4.41591208044656e-14	0	0	0	3.469446951953614e-18	2.693901784029e-68	4.79685835497179e-09	16	16
33708	seed482	3	gamma_growth	277	3.55	2.04637732916501	2.0463773291492076	-1.5802470443304628e-11	0.22639409536588	0.2263940953658977	1.7680301667155618e-14	0	0	0	1.734723475976807e-18	1.79812919321686e-66	2.06464756402625e-08	14	14
33710	seed482	3	gamma_mu	393	3.975	2.30763029519303	2.307630295162784	-3.0246027904468065e-11	0.220872148806189	0.22087214880620074	1.174060848541103e-14	0	0	0	1.734723475976807e-18	3.2823627802076164e-61	1.45328971357106e-08	14	14
33723	seed482	4	mu_hp	68	3.15	1.82383732747145	1.8238373274858168	1.4366730027859376e-11	0.219205550475623	0.21920555047577295	1.499356194756274e-13	0	0	0	3.469446951953614e-18	1.584663231995967e-57	2.29477409297019e-09	19	19
33743	seed483	1	p_misseg	283	4.675	2.72415768082249	2.724157680245358	-5.771316757829936e-10	0.236612122315689	0.236612122315694	4.9960036108132044e-15	0	0	1.3090047639868718e-71	3.469446951953614e-18	4.72718320947427e-66	1.37646015141435e-08	13	13
33773	seed483	3	buffer_smax	406	4.675	2.62473808763915	2.624738087066274	-5.728759688850005e-10	0.261256210603436	0.2612562106034469	1.0880185641326534e-14	0	0	0	3.469446951953614e-18	8.616280315376832e-45	5.39417799316766e-09	14	14
33783	seed483	4	lam_max	263	4.125	2.05154472806782	2.0515447278972143	-1.7060575174809856e-10	0.218714159078156	0.21871415907971598	1.5599743719008075e-12	0	0	0	6.938893903907228e-18	1.234811089825529e-42	8.84908060716505e-09	18	18
33888	seed485	1	p_wgd	272	4.9	2.108623297075	2.1086232968830942	-1.919056025201371e-10	0.221462713098665	0.22146271309941287	7.478739849631211e-13	0	0	0	1.734723475976807e-18	3.810237256528322e-65	1.74570866373625e-08	18	18
34135	seed488	4	p_misseg	346	4.65	2.30782382806891	2.3078238278759464	-1.9296342301799996e-10	0.235280979702657	0.23528097970296197	3.049782648645305e-13	0	0	0	3.469446951953614e-18	2.932648164263995e-60	7.57251206184861e-11	20	20
34748	seed497	2	n_O	232	4.675	2.65286214441504	2.6528621443649296	-5.0110582350271216e-11	0.263276472612853	0.26327647261285686	3.885780586188048e-15	0	0	5.759411894133789e-68	3.469446951953614e-18	8.542562008888047e-64	2.15336887210427e-09	13	13
