file	line	target_expression	call_style
code/Karyotypes_inVitro_cloneid.R	1	code/Utils.R	source
code/Karyotypes_inVitro_cloneid.R	23	code/Utils.R	source
code/Karyotypes_inVitro_cloneid.R	50	code/Utils.R	source
code/LTEE_MorphologyFeatures_cloneid.R	1	code/Utils.R	source
code/LTEE_MorphologyFeatures_cloneid.R	12	code/Utils.R	source
oxygen/code/O2_supply_demand_MAP/analysis/best_fit_parameter_feature/01_fixed_o2/FixO2_invivo.R	1	.fixo2_loader_path	sys.source
oxygen/code/O2_supply_demand_MAP/analysis/best_fit_parameter_feature/01_fixed_o2/FixO2_invivo.R	2	.fixo2_loader_path	sys.source
oxygen/code/O2_supply_demand_MAP/analysis/best_fit_parameter_feature/01_fixed_o2/FixO2_invivo.R	6	.fixo2_loader_path	sys.source
oxygen/code/O2_supply_demand_MAP/analysis/best_fit_parameter_feature/01_fixed_o2/FixO2_invivo.R	25	.fixo2_loader_path	sys.source
oxygen/code/O2_supply_demand_MAP/analysis/best_fit_parameter_feature/02_parameter_landscape_clustering/clustering_analysis.R	1	file.path(dirname(sub("^--file=", "", grep("^--file=", commandArgs(FALSE), value = TRUE)[[1L]])), "deprecated_forward.R")	source
oxygen/code/O2_supply_demand_MAP/analysis/best_fit_parameter_feature/02_parameter_landscape_clustering/clustering_analysis.R	3	file.path(dirname(sub("^--file=", "", grep("^--file=", commandArgs(FALSE), value = TRUE)[[1L]])), "deprecated_forward.R")	source
oxygen/code/O2_supply_demand_MAP/analysis/best_fit_parameter_feature/02_parameter_landscape_clustering/clustering_analysis.R	129	file.path(dirname(sub("^--file=", "", grep("^--file=", commandArgs(FALSE), value = TRUE)[[1L]])), "deprecated_forward.R")	source
oxygen/code/O2_supply_demand_MAP/analysis/best_fit_parameter_feature/02_parameter_landscape_clustering/clustering_report.R	1	file.path(dirname(sub("^--file=", "", grep("^--file=", commandArgs(FALSE), value = TRUE)[[1L]])), "deprecated_forward.R")	source
oxygen/code/O2_supply_demand_MAP/analysis/best_fit_parameter_feature/02_parameter_landscape_clustering/clustering_report.R	3	file.path(dirname(sub("^--file=", "", grep("^--file=", commandArgs(FALSE), value = TRUE)[[1L]])), "deprecated_forward.R")	source
oxygen/code/O2_supply_demand_MAP/analysis/best_fit_parameter_feature/02_parameter_landscape_clustering/clustering_report.R	129	file.path(dirname(sub("^--file=", "", grep("^--file=", commandArgs(FALSE), value = TRUE)[[1L]])), "deprecated_forward.R")	source
oxygen/code/O2_supply_demand_MAP/analysis/best_fit_parameter_feature/02_parameter_landscape_clustering/clustering_runner.R	1	file.path(dirname(sub("^--file=", "", grep("^--file=", commandArgs(FALSE), value = TRUE)[[1L]])), "deprecated_forward.R")	source
oxygen/code/O2_supply_demand_MAP/analysis/best_fit_parameter_feature/02_parameter_landscape_clustering/clustering_runner.R	3	file.path(dirname(sub("^--file=", "", grep("^--file=", commandArgs(FALSE), value = TRUE)[[1L]])), "deprecated_forward.R")	source
oxygen/code/O2_supply_demand_MAP/analysis/best_fit_parameter_feature/02_parameter_landscape_clustering/clustering_runner.R	129	file.path(dirname(sub("^--file=", "", grep("^--file=", commandArgs(FALSE), value = TRUE)[[1L]])), "deprecated_forward.R")	source
oxygen/code/O2_supply_demand_MAP/analysis/best_fit_parameter_feature/02_parameter_landscape_clustering/dominant_ploidy_parameter_contribution_analysis.R	1	file.path(dirname(sub("^--file=", "", grep("^--file=", commandArgs(FALSE), value = TRUE)[[1L]])), "deprecated_forward.R")	source
oxygen/code/O2_supply_demand_MAP/analysis/best_fit_parameter_feature/02_parameter_landscape_clustering/dominant_ploidy_parameter_contribution_analysis.R	3	file.path(dirname(sub("^--file=", "", grep("^--file=", commandArgs(FALSE), value = TRUE)[[1L]])), "deprecated_forward.R")	source
oxygen/code/O2_supply_demand_MAP/analysis/best_fit_parameter_feature/02_parameter_landscape_clustering/dominant_ploidy_parameter_contribution_analysis.R	129	file.path(dirname(sub("^--file=", "", grep("^--file=", commandArgs(FALSE), value = TRUE)[[1L]])), "deprecated_forward.R")	source
oxygen/code/O2_supply_demand_MAP/analysis/best_fit_parameter_feature/02_parameter_landscape_clustering/dominant_ploidy_parameter_contribution_report.R	1	file.path(dirname(sub("^--file=", "", grep("^--file=", commandArgs(FALSE), value = TRUE)[[1L]])), "deprecated_forward.R")	source
oxygen/code/O2_supply_demand_MAP/analysis/best_fit_parameter_feature/02_parameter_landscape_clustering/dominant_ploidy_parameter_contribution_report.R	3	file.path(dirname(sub("^--file=", "", grep("^--file=", commandArgs(FALSE), value = TRUE)[[1L]])), "deprecated_forward.R")	source
oxygen/code/O2_supply_demand_MAP/analysis/best_fit_parameter_feature/02_parameter_landscape_clustering/dominant_ploidy_parameter_contribution_report.R	129	file.path(dirname(sub("^--file=", "", grep("^--file=", commandArgs(FALSE), value = TRUE)[[1L]])), "deprecated_forward.R")	source
oxygen/code/O2_supply_demand_MAP/analysis/best_fit_parameter_feature/02_parameter_landscape_clustering/dominant_ploidy_parameter_contribution_runner.R	1	file.path(dirname(sub("^--file=", "", grep("^--file=", commandArgs(FALSE), value = TRUE)[[1L]])), "deprecated_forward.R")	source
oxygen/code/O2_supply_demand_MAP/analysis/best_fit_parameter_feature/02_parameter_landscape_clustering/dominant_ploidy_parameter_contribution_runner.R	3	file.path(dirname(sub("^--file=", "", grep("^--file=", commandArgs(FALSE), value = TRUE)[[1L]])), "deprecated_forward.R")	source
oxygen/code/O2_supply_demand_MAP/analysis/best_fit_parameter_feature/02_parameter_landscape_clustering/dominant_ploidy_parameter_contribution_runner.R	129	file.path(dirname(sub("^--file=", "", grep("^--file=", commandArgs(FALSE), value = TRUE)[[1L]])), "deprecated_forward.R")	source
oxygen/code/O2_supply_demand_MAP/analysis/best_fit_parameter_feature/02_parameter_landscape_clustering/full_data_in_vivo_clustring.R	1	file.path(dirname(sub("^--file=", "", grep("^--file=", commandArgs(FALSE), value = TRUE)[[1L]])), "deprecated_forward.R")	source
oxygen/code/O2_supply_demand_MAP/analysis/best_fit_parameter_feature/02_parameter_landscape_clustering/full_data_in_vivo_clustring.R	3	file.path(dirname(sub("^--file=", "", grep("^--file=", commandArgs(FALSE), value = TRUE)[[1L]])), "deprecated_forward.R")	source
oxygen/code/O2_supply_demand_MAP/analysis/best_fit_parameter_feature/02_parameter_landscape_clustering/full_data_in_vivo_clustring.R	129	file.path(dirname(sub("^--file=", "", grep("^--file=", commandArgs(FALSE), value = TRUE)[[1L]])), "deprecated_forward.R")	source
oxygen/code/O2_supply_demand_MAP/analysis/best_fit_parameter_feature/02_parameter_landscape_clustering/mode_parameter_contribution_analysis.R	1	file.path(dirname(sub("^--file=", "", grep("^--file=", commandArgs(FALSE), value = TRUE)[[1L]])), "deprecated_forward.R")	source
oxygen/code/O2_supply_demand_MAP/analysis/best_fit_parameter_feature/02_parameter_landscape_clustering/mode_parameter_contribution_analysis.R	3	file.path(dirname(sub("^--file=", "", grep("^--file=", commandArgs(FALSE), value = TRUE)[[1L]])), "deprecated_forward.R")	source
oxygen/code/O2_supply_demand_MAP/analysis/best_fit_parameter_feature/02_parameter_landscape_clustering/mode_parameter_contribution_analysis.R	129	file.path(dirname(sub("^--file=", "", grep("^--file=", commandArgs(FALSE), value = TRUE)[[1L]])), "deprecated_forward.R")	source
oxygen/code/O2_supply_demand_MAP/analysis/best_fit_parameter_feature/02_parameter_landscape_clustering/mode_parameter_contribution_report.R	1	file.path(dirname(sub("^--file=", "", grep("^--file=", commandArgs(FALSE), value = TRUE)[[1L]])), "deprecated_forward.R")	source
oxygen/code/O2_supply_demand_MAP/analysis/best_fit_parameter_feature/02_parameter_landscape_clustering/mode_parameter_contribution_report.R	3	file.path(dirname(sub("^--file=", "", grep("^--file=", commandArgs(FALSE), value = TRUE)[[1L]])), "deprecated_forward.R")	source
oxygen/code/O2_supply_demand_MAP/analysis/best_fit_parameter_feature/02_parameter_landscape_clustering/mode_parameter_contribution_report.R	129	file.path(dirname(sub("^--file=", "", grep("^--file=", commandArgs(FALSE), value = TRUE)[[1L]])), "deprecated_forward.R")	source
oxygen/code/O2_supply_demand_MAP/analysis/best_fit_parameter_feature/02_parameter_landscape_clustering/mode_parameter_contribution_runner.R	1	file.path(dirname(sub("^--file=", "", grep("^--file=", commandArgs(FALSE), value = TRUE)[[1L]])), "deprecated_forward.R")	source
oxygen/code/O2_supply_demand_MAP/analysis/best_fit_parameter_feature/02_parameter_landscape_clustering/mode_parameter_contribution_runner.R	3	file.path(dirname(sub("^--file=", "", grep("^--file=", commandArgs(FALSE), value = TRUE)[[1L]])), "deprecated_forward.R")	source
oxygen/code/O2_supply_demand_MAP/analysis/best_fit_parameter_feature/02_parameter_landscape_clustering/mode_parameter_contribution_runner.R	129	file.path(dirname(sub("^--file=", "", grep("^--file=", commandArgs(FALSE), value = TRUE)[[1L]])), "deprecated_forward.R")	source
oxygen/code/O2_supply_demand_MAP/analysis/best_fit_parameter_feature/02_parameter_landscape_clustering/parameter_landscape_utils.R	1	file.path(.o2pl_root, "analysis", "parameter_landscape_clustering", "parameter_landscape_utils.R")	source
oxygen/code/O2_supply_demand_MAP/analysis/best_fit_parameter_feature/02_parameter_landscape_clustering/parameter_landscape_utils.R	3	file.path(.o2pl_root, "analysis", "parameter_landscape_clustering", "parameter_landscape_utils.R")	source
oxygen/code/O2_supply_demand_MAP/analysis/best_fit_parameter_feature/02_parameter_landscape_clustering/parameter_landscape_utils.R	53	file.path(.o2pl_root, "analysis", "parameter_landscape_clustering", "parameter_landscape_utils.R")	source
oxygen/code/O2_supply_demand_MAP/analysis/best_fit_parameter_feature/03_dense-grid_monotonicity_classification/compare_1000D_10000D_report.R	1	file.path(dirname(.legacy_file), "deprecated_forward.R")	source
oxygen/code/O2_supply_demand_MAP/analysis/best_fit_parameter_feature/03_dense-grid_monotonicity_classification/compare_1000D_10000D_report.R	2	file.path(dirname(.legacy_file), "deprecated_forward.R")	source
oxygen/code/O2_supply_demand_MAP/analysis/best_fit_parameter_feature/03_dense-grid_monotonicity_classification/compare_1000D_10000D_report.R	3	file.path(dirname(.legacy_file), "deprecated_forward.R")	source
oxygen/code/O2_supply_demand_MAP/analysis/best_fit_parameter_feature/03_dense-grid_monotonicity_classification/compare_1000D_10000D_report.R	7	file.path(dirname(.legacy_file), "deprecated_forward.R")	source
oxygen/code/O2_supply_demand_MAP/analysis/best_fit_parameter_feature/03_dense-grid_monotonicity_classification/compare_eigen_initial_ploidy_predictions.R	1	file.path(dirname(.legacy_file), "deprecated_forward.R")	source
oxygen/code/O2_supply_demand_MAP/analysis/best_fit_parameter_feature/03_dense-grid_monotonicity_classification/compare_eigen_initial_ploidy_predictions.R	2	file.path(dirname(.legacy_file), "deprecated_forward.R")	source
oxygen/code/O2_supply_demand_MAP/analysis/best_fit_parameter_feature/03_dense-grid_monotonicity_classification/compare_eigen_initial_ploidy_predictions.R	3	file.path(dirname(.legacy_file), "deprecated_forward.R")	source
oxygen/code/O2_supply_demand_MAP/analysis/best_fit_parameter_feature/03_dense-grid_monotonicity_classification/compare_eigen_initial_ploidy_predictions.R	7	file.path(dirname(.legacy_file), "deprecated_forward.R")	source
oxygen/code/O2_supply_demand_MAP/analysis/best_fit_parameter_feature/03_dense-grid_monotonicity_classification/curve_classification_utils.R	1	file.path(.root, "util", "o2_supply_demand_map_curve_classification_utils.R")	source
oxygen/code/O2_supply_demand_MAP/analysis/best_fit_parameter_feature/03_dense-grid_monotonicity_classification/curve_classification_utils.R	2	file.path(.root, "util", "o2_supply_demand_map_curve_classification_utils.R")	source
oxygen/code/O2_supply_demand_MAP/analysis/best_fit_parameter_feature/03_dense-grid_monotonicity_classification/curve_classification_utils.R	3	file.path(.root, "util", "o2_supply_demand_map_curve_classification_utils.R")	source
oxygen/code/O2_supply_demand_MAP/analysis/best_fit_parameter_feature/03_dense-grid_monotonicity_classification/curve_classification_utils.R	7	file.path(.root, "util", "o2_supply_demand_map_curve_classification_utils.R")	source
oxygen/code/O2_supply_demand_MAP/analysis/best_fit_parameter_feature/03_dense-grid_monotonicity_classification/dense_grid_monotonicity_array_backend.R	1	file.path(dirname(.legacy_file), "deprecated_forward.R")	source
oxygen/code/O2_supply_demand_MAP/analysis/best_fit_parameter_feature/03_dense-grid_monotonicity_classification/dense_grid_monotonicity_array_backend.R	3	file.path(dirname(.legacy_file), "deprecated_forward.R")	source
oxygen/code/O2_supply_demand_MAP/analysis/best_fit_parameter_feature/03_dense-grid_monotonicity_classification/dense_grid_monotonicity_array_backend.R	123	file.path(dirname(.legacy_file), "deprecated_forward.R")	source
oxygen/code/O2_supply_demand_MAP/analysis/best_fit_parameter_feature/03_dense-grid_monotonicity_classification/dense_grid_monotonicity_report.R	1	file.path(dirname(.legacy_file), "deprecated_forward.R")	source
oxygen/code/O2_supply_demand_MAP/analysis/best_fit_parameter_feature/03_dense-grid_monotonicity_classification/dense_grid_monotonicity_report.R	2	file.path(dirname(.legacy_file), "deprecated_forward.R")	source
oxygen/code/O2_supply_demand_MAP/analysis/best_fit_parameter_feature/03_dense-grid_monotonicity_classification/dense_grid_monotonicity_report.R	3	file.path(dirname(.legacy_file), "deprecated_forward.R")	source
oxygen/code/O2_supply_demand_MAP/analysis/best_fit_parameter_feature/03_dense-grid_monotonicity_classification/dense_grid_monotonicity_report.R	7	file.path(dirname(.legacy_file), "deprecated_forward.R")	source
oxygen/code/O2_supply_demand_MAP/analysis/best_fit_parameter_feature/03_dense-grid_monotonicity_classification/fixed_o2_initial_ploidy_trajectory.R	1	file.path(dirname(.legacy_file), "deprecated_forward.R")	source
oxygen/code/O2_supply_demand_MAP/analysis/best_fit_parameter_feature/03_dense-grid_monotonicity_classification/fixed_o2_initial_ploidy_trajectory.R	2	file.path(dirname(.legacy_file), "deprecated_forward.R")	source
oxygen/code/O2_supply_demand_MAP/analysis/best_fit_parameter_feature/03_dense-grid_monotonicity_classification/fixed_o2_initial_ploidy_trajectory.R	3	file.path(dirname(.legacy_file), "deprecated_forward.R")	source
oxygen/code/O2_supply_demand_MAP/analysis/best_fit_parameter_feature/03_dense-grid_monotonicity_classification/fixed_o2_initial_ploidy_trajectory.R	13	file.path(dirname(.legacy_file), "deprecated_forward.R")	source
oxygen/code/O2_supply_demand_MAP/analysis/best_fit_parameter_feature/03_dense-grid_monotonicity_classification/fixed_o2_ploidy_monotonicity_regression_classification.R	1	file.path(dirname(.legacy_file), "deprecated_forward.R")	source
oxygen/code/O2_supply_demand_MAP/analysis/best_fit_parameter_feature/03_dense-grid_monotonicity_classification/fixed_o2_ploidy_monotonicity_regression_classification.R	2	file.path(dirname(.legacy_file), "deprecated_forward.R")	source
oxygen/code/O2_supply_demand_MAP/analysis/best_fit_parameter_feature/03_dense-grid_monotonicity_classification/fixed_o2_ploidy_monotonicity_regression_classification.R	3	file.path(dirname(.legacy_file), "deprecated_forward.R")	source
oxygen/code/O2_supply_demand_MAP/analysis/best_fit_parameter_feature/03_dense-grid_monotonicity_classification/fixed_o2_ploidy_monotonicity_regression_classification.R	13	file.path(dirname(.legacy_file), "deprecated_forward.R")	source
oxygen/code/O2_supply_demand_MAP/analysis/best_fit_parameter_feature/03_dense-grid_monotonicity_classification/fixed_o2_ploidy_monotonicity.R	1	file.path(dirname(.legacy_file), "deprecated_forward.R")	source
oxygen/code/O2_supply_demand_MAP/analysis/best_fit_parameter_feature/03_dense-grid_monotonicity_classification/fixed_o2_ploidy_monotonicity.R	2	file.path(dirname(.legacy_file), "deprecated_forward.R")	source
oxygen/code/O2_supply_demand_MAP/analysis/best_fit_parameter_feature/03_dense-grid_monotonicity_classification/fixed_o2_ploidy_monotonicity.R	3	file.path(dirname(.legacy_file), "deprecated_forward.R")	source
oxygen/code/O2_supply_demand_MAP/analysis/best_fit_parameter_feature/03_dense-grid_monotonicity_classification/fixed_o2_ploidy_monotonicity.R	13	file.path(dirname(.legacy_file), "deprecated_forward.R")	source
oxygen/code/O2_supply_demand_MAP/analysis/best_fit_parameter_feature/03_dense-grid_monotonicity_classification/plot_objective_by_curve_class.R	1	file.path(dirname(.legacy_file), "deprecated_forward.R")	source
oxygen/code/O2_supply_demand_MAP/analysis/best_fit_parameter_feature/03_dense-grid_monotonicity_classification/plot_objective_by_curve_class.R	2	file.path(dirname(.legacy_file), "deprecated_forward.R")	source
oxygen/code/O2_supply_demand_MAP/analysis/best_fit_parameter_feature/03_dense-grid_monotonicity_classification/plot_objective_by_curve_class.R	3	file.path(dirname(.legacy_file), "deprecated_forward.R")	source
oxygen/code/O2_supply_demand_MAP/analysis/best_fit_parameter_feature/03_dense-grid_monotonicity_classification/plot_objective_by_curve_class.R	7	file.path(dirname(.legacy_file), "deprecated_forward.R")	source
oxygen/code/O2_supply_demand_MAP/analysis/best_fit_parameter_feature/04_combine_parameter_landscape/calculate_regression_curve_average_slope.R	1	file.path(dirname(.legacy_file), "deprecated_forward.R")	source
oxygen/code/O2_supply_demand_MAP/analysis/best_fit_parameter_feature/04_combine_parameter_landscape/calculate_regression_curve_average_slope.R	1	deprecated_combined_analysis()	sys.source
oxygen/code/O2_supply_demand_MAP/analysis/best_fit_parameter_feature/04_combine_parameter_landscape/calculate_regression_curve_average_slope.R	3	file.path(dirname(.legacy_file), "deprecated_forward.R")	source
oxygen/code/O2_supply_demand_MAP/analysis/best_fit_parameter_feature/04_combine_parameter_landscape/calculate_regression_curve_average_slope.R	3	deprecated_combined_analysis()	sys.source
oxygen/code/O2_supply_demand_MAP/analysis/best_fit_parameter_feature/04_combine_parameter_landscape/calculate_regression_curve_average_slope.R	402	file.path(dirname(.legacy_file), "deprecated_forward.R")	source
oxygen/code/O2_supply_demand_MAP/analysis/best_fit_parameter_feature/04_combine_parameter_landscape/calculate_regression_curve_average_slope.R	402	deprecated_combined_analysis()	sys.source
oxygen/code/O2_supply_demand_MAP/analysis/best_fit_parameter_feature/04_combine_parameter_landscape/plot_pooled_embedding_curve_class.R	1	file.path(dirname(.legacy_file), "deprecated_forward.R")	source
oxygen/code/O2_supply_demand_MAP/analysis/best_fit_parameter_feature/04_combine_parameter_landscape/plot_pooled_embedding_curve_class.R	3	file.path(dirname(.legacy_file), "deprecated_forward.R")	source
oxygen/code/O2_supply_demand_MAP/analysis/best_fit_parameter_feature/04_combine_parameter_landscape/plot_pooled_embedding_curve_class.R	123	file.path(dirname(.legacy_file), "deprecated_forward.R")	source
oxygen/code/O2_supply_demand_MAP/analysis/best_fit_parameter_feature/04_combine_parameter_landscape/render_pooled_embedding_curve_class_report.R	1	file.path(dirname(.legacy_file), "deprecated_forward.R")	source
oxygen/code/O2_supply_demand_MAP/analysis/best_fit_parameter_feature/04_combine_parameter_landscape/render_pooled_embedding_curve_class_report.R	3	file.path(dirname(.legacy_file), "deprecated_forward.R")	source
oxygen/code/O2_supply_demand_MAP/analysis/best_fit_parameter_feature/04_combine_parameter_landscape/render_pooled_embedding_curve_class_report.R	123	file.path(dirname(.legacy_file), "deprecated_forward.R")	source
oxygen/code/O2_supply_demand_MAP/analysis/best_fit_parameter_feature/04_combine/plot_pooled_embedding_curve_class.R	1	.helper	source
oxygen/code/O2_supply_demand_MAP/analysis/best_fit_parameter_feature/04_combine/plot_pooled_embedding_curve_class.R	3	.helper	source
oxygen/code/O2_supply_demand_MAP/analysis/best_fit_parameter_feature/04_combine/plot_pooled_embedding_curve_class.R	123	.helper	source
oxygen/code/O2_supply_demand_MAP/analysis/best_fit_parameter_feature/05_FixO2_eigen_attractor_based_clustering/fixo2_eigen_attractor_clustering_runner.R	1	.fixo2ea_pipeline	sys.source
oxygen/code/O2_supply_demand_MAP/analysis/best_fit_parameter_feature/05_FixO2_eigen_attractor_based_clustering/fixo2_eigen_attractor_clustering_runner.R	2	.fixo2ea_pipeline	sys.source
oxygen/code/O2_supply_demand_MAP/analysis/best_fit_parameter_feature/05_FixO2_eigen_attractor_based_clustering/fixo2_eigen_attractor_clustering_runner.R	7	.fixo2ea_pipeline	sys.source
oxygen/code/O2_supply_demand_MAP/analysis/best_fit_parameter_feature/05_FixO2_eigen_attractor_based_clustering/fixo2_eigen_attractor_clustering_runner.R	16	.fixo2ea_pipeline	sys.source
oxygen/code/O2_supply_demand_MAP/analysis/best_fit_parameter_feature/05_FixO2_eigen_attractor_based_clustering/fixo2_eigen_attractor_feature_builder.R	1	.fixo2ea_builder	sys.source
oxygen/code/O2_supply_demand_MAP/analysis/best_fit_parameter_feature/05_FixO2_eigen_attractor_based_clustering/fixo2_eigen_attractor_feature_builder.R	2	.fixo2ea_builder	sys.source
oxygen/code/O2_supply_demand_MAP/analysis/best_fit_parameter_feature/05_FixO2_eigen_attractor_based_clustering/fixo2_eigen_attractor_feature_builder.R	6	.fixo2ea_builder	sys.source
oxygen/code/O2_supply_demand_MAP/analysis/best_fit_parameter_feature/05_FixO2_eigen_attractor_based_clustering/fixo2_eigen_attractor_feature_builder.R	16	.fixo2ea_builder	sys.source
oxygen/code/O2_supply_demand_MAP/analysis/best_fit_parameter_feature/05_FixO2_eigen_attractor_based_clustering/fixo2_eigen_attractor_report.R	1	.fixo2ea_report_canonical	sys.source
oxygen/code/O2_supply_demand_MAP/analysis/best_fit_parameter_feature/05_FixO2_eigen_attractor_based_clustering/fixo2_eigen_attractor_report.R	2	.fixo2ea_report_canonical	sys.source
oxygen/code/O2_supply_demand_MAP/analysis/best_fit_parameter_feature/05_FixO2_eigen_attractor_based_clustering/fixo2_eigen_attractor_report.R	5	.fixo2ea_report_canonical	sys.source
oxygen/code/O2_supply_demand_MAP/analysis/best_fit_parameter_feature/05_FixO2_eigen_attractor_based_clustering/fixo2_eigen_attractor_report.R	11	.fixo2ea_report_canonical	sys.source
oxygen/code/O2_supply_demand_MAP/analysis/best_fit_parameter_feature/06_combine_FixO2_eigen_attractor/calculate_regression_curve_average_slope.R	1	.canonical	source
oxygen/code/O2_supply_demand_MAP/analysis/best_fit_parameter_feature/06_combine_FixO2_eigen_attractor/calculate_regression_curve_average_slope.R	2	.canonical	source
oxygen/code/O2_supply_demand_MAP/analysis/best_fit_parameter_feature/06_combine_FixO2_eigen_attractor/calculate_regression_curve_average_slope.R	5	.canonical	source
oxygen/code/O2_supply_demand_MAP/analysis/best_fit_parameter_feature/06_combine_FixO2_eigen_attractor/calculate_regression_curve_average_slope.R	16	.canonical	source
oxygen/code/O2_supply_demand_MAP/analysis/best_fit_parameter_feature/06_combine_FixO2_eigen_attractor/plot_fixo2_eigen_attractor_embedding_curve_class.R	35	.script	sys.source
oxygen/code/O2_supply_demand_MAP/analysis/best_fit_parameter_feature/06_combine_FixO2_eigen_attractor/plot_fixo2_eigen_attractor_embedding_curve_class.R	51	.script	sys.source
oxygen/code/O2_supply_demand_MAP/analysis/best_fit_parameter_feature/06_combine_FixO2_eigen_attractor/render_fixo2_eigen_attractor_embedding_curve_class_report.R	1	.canonical	source
oxygen/code/O2_supply_demand_MAP/analysis/best_fit_parameter_feature/06_combine_FixO2_eigen_attractor/render_fixo2_eigen_attractor_embedding_curve_class_report.R	2	.canonical	source
oxygen/code/O2_supply_demand_MAP/analysis/best_fit_parameter_feature/06_combine_FixO2_eigen_attractor/render_fixo2_eigen_attractor_embedding_curve_class_report.R	5	.canonical	source
oxygen/code/O2_supply_demand_MAP/analysis/best_fit_parameter_feature/06_combine_FixO2_eigen_attractor/render_fixo2_eigen_attractor_embedding_curve_class_report.R	19	.canonical	source
oxygen/code/O2_supply_demand_MAP/analysis/best_fit_parameter_feature/util/cli_utils.R	1	.bpf_cli_canonical	source
oxygen/code/O2_supply_demand_MAP/analysis/best_fit_parameter_feature/util/cli_utils.R	2	.bpf_cli_canonical	source
oxygen/code/O2_supply_demand_MAP/analysis/best_fit_parameter_feature/util/cli_utils.R	4	.bpf_cli_canonical	source
oxygen/code/O2_supply_demand_MAP/analysis/best_fit_parameter_feature/util/cli_utils.R	17	.bpf_cli_canonical	source
oxygen/code/O2_supply_demand_MAP/analysis/best_fit_parameter_feature/util/curve_classification_utils.R	1	.curve_canonical	source
oxygen/code/O2_supply_demand_MAP/analysis/best_fit_parameter_feature/util/curve_classification_utils.R	2	.curve_canonical	source
oxygen/code/O2_supply_demand_MAP/analysis/best_fit_parameter_feature/util/curve_classification_utils.R	4	.curve_canonical	source
oxygen/code/O2_supply_demand_MAP/analysis/best_fit_parameter_feature/util/curve_classification_utils.R	17	.curve_canonical	source
oxygen/code/O2_supply_demand_MAP/analysis/best_fit_parameter_feature/util/fixed_o2_shared_utils.R	1	.bpf_fixed_o2_canonical	source
oxygen/code/O2_supply_demand_MAP/analysis/best_fit_parameter_feature/util/fixed_o2_shared_utils.R	2	.bpf_fixed_o2_canonical	source
oxygen/code/O2_supply_demand_MAP/analysis/best_fit_parameter_feature/util/fixed_o2_shared_utils.R	4	.bpf_fixed_o2_canonical	source
oxygen/code/O2_supply_demand_MAP/analysis/best_fit_parameter_feature/util/fixed_o2_shared_utils.R	17	.bpf_fixed_o2_canonical	source
oxygen/code/O2_supply_demand_MAP/analysis/best_fit_parameter_feature/util/parameter_landscape_shared_utils.R	1	file.path(.o2pl_legacy_root, "simulation", "parameter_landscape", "parameter_landscape_simulation_utils.R")	source
oxygen/code/O2_supply_demand_MAP/analysis/best_fit_parameter_feature/util/parameter_landscape_shared_utils.R	1	file.path(.o2pl_legacy_root, "simulation", "parameter_landscape", "parameter_landscape_invivo_feature_simulation.R")	source
oxygen/code/O2_supply_demand_MAP/analysis/best_fit_parameter_feature/util/parameter_landscape_shared_utils.R	1	file.path(.o2pl_legacy_root, "analysis", "parameter_landscape_clustering", "parameter_landscape_analysis_utils.R")	source
oxygen/code/O2_supply_demand_MAP/analysis/best_fit_parameter_feature/util/parameter_landscape_shared_utils.R	2	file.path(.o2pl_legacy_root, "simulation", "parameter_landscape", "parameter_landscape_simulation_utils.R")	source
oxygen/code/O2_supply_demand_MAP/analysis/best_fit_parameter_feature/util/parameter_landscape_shared_utils.R	2	file.path(.o2pl_legacy_root, "simulation", "parameter_landscape", "parameter_landscape_invivo_feature_simulation.R")	source
oxygen/code/O2_supply_demand_MAP/analysis/best_fit_parameter_feature/util/parameter_landscape_shared_utils.R	2	file.path(.o2pl_legacy_root, "analysis", "parameter_landscape_clustering", "parameter_landscape_analysis_utils.R")	source
oxygen/code/O2_supply_demand_MAP/analysis/best_fit_parameter_feature/util/parameter_landscape_shared_utils.R	8	file.path(.o2pl_legacy_root, "simulation", "parameter_landscape", "parameter_landscape_simulation_utils.R")	source
oxygen/code/O2_supply_demand_MAP/analysis/best_fit_parameter_feature/util/parameter_landscape_shared_utils.R	8	file.path(.o2pl_legacy_root, "simulation", "parameter_landscape", "parameter_landscape_invivo_feature_simulation.R")	source
oxygen/code/O2_supply_demand_MAP/analysis/best_fit_parameter_feature/util/parameter_landscape_shared_utils.R	8	file.path(.o2pl_legacy_root, "analysis", "parameter_landscape_clustering", "parameter_landscape_analysis_utils.R")	source
oxygen/code/O2_supply_demand_MAP/analysis/best_fit_parameter_feature/util/parameter_landscape_shared_utils.R	24	file.path(.o2pl_legacy_root, "simulation", "parameter_landscape", "parameter_landscape_simulation_utils.R")	source
oxygen/code/O2_supply_demand_MAP/analysis/best_fit_parameter_feature/util/parameter_landscape_shared_utils.R	24	file.path(.o2pl_legacy_root, "simulation", "parameter_landscape", "parameter_landscape_invivo_feature_simulation.R")	source
oxygen/code/O2_supply_demand_MAP/analysis/best_fit_parameter_feature/util/parameter_landscape_shared_utils.R	24	file.path(.o2pl_legacy_root, "analysis", "parameter_landscape_clustering", "parameter_landscape_analysis_utils.R")	source
oxygen/code/O2_supply_demand_MAP/analysis/best_fit_parameter_feature/util/path_utils.R	1	.bpf_path_canonical	source
oxygen/code/O2_supply_demand_MAP/analysis/best_fit_parameter_feature/util/path_utils.R	2	.bpf_path_canonical	source
oxygen/code/O2_supply_demand_MAP/analysis/best_fit_parameter_feature/util/path_utils.R	4	.bpf_path_canonical	source
oxygen/code/O2_supply_demand_MAP/analysis/best_fit_parameter_feature/util/path_utils.R	17	.bpf_path_canonical	source
oxygen/code/O2_supply_demand_MAP/analysis/best_fit_parameter_feature/util/report_utils.R	1	.bpf_report_canonical	source
oxygen/code/O2_supply_demand_MAP/analysis/best_fit_parameter_feature/util/report_utils.R	2	.bpf_report_canonical	source
oxygen/code/O2_supply_demand_MAP/analysis/best_fit_parameter_feature/util/report_utils.R	4	.bpf_report_canonical	source
oxygen/code/O2_supply_demand_MAP/analysis/best_fit_parameter_feature/util/report_utils.R	17	.bpf_report_canonical	source
oxygen/code/O2_supply_demand_MAP/analysis/best_fit_parameter_feature/util/table_io_utils.R	1	.bpf_table_canonical	source
oxygen/code/O2_supply_demand_MAP/analysis/best_fit_parameter_feature/util/table_io_utils.R	2	.bpf_table_canonical	source
oxygen/code/O2_supply_demand_MAP/analysis/best_fit_parameter_feature/util/table_io_utils.R	4	.bpf_table_canonical	source
oxygen/code/O2_supply_demand_MAP/analysis/best_fit_parameter_feature/util/table_io_utils.R	17	.bpf_table_canonical	source
oxygen/code/O2_supply_demand_MAP/analysis/combined_fixo2_eigen/calculate_regression_curve_average_slope.R	1	file.path(UTIL_DIR, "o2_supply_demand_map_bpf_path_utils.R")	source
oxygen/code/O2_supply_demand_MAP/analysis/combined_fixo2_eigen/calculate_regression_curve_average_slope.R	1	file.path(UTIL_DIR, "o2_supply_demand_map_bpf_cli_utils.R")	source
oxygen/code/O2_supply_demand_MAP/analysis/combined_fixo2_eigen/calculate_regression_curve_average_slope.R	1	file.path(UTIL_DIR, "o2_supply_demand_map_shared.R")	source
oxygen/code/O2_supply_demand_MAP/analysis/combined_fixo2_eigen/calculate_regression_curve_average_slope.R	1	file.path(UTIL_DIR, "o2_supply_demand_map_combined_fixo2_eigen_utils.R")	source
oxygen/code/O2_supply_demand_MAP/analysis/combined_fixo2_eigen/calculate_regression_curve_average_slope.R	2	file.path(UTIL_DIR, "o2_supply_demand_map_bpf_path_utils.R")	source
oxygen/code/O2_supply_demand_MAP/analysis/combined_fixo2_eigen/calculate_regression_curve_average_slope.R	2	file.path(UTIL_DIR, "o2_supply_demand_map_bpf_cli_utils.R")	source
oxygen/code/O2_supply_demand_MAP/analysis/combined_fixo2_eigen/calculate_regression_curve_average_slope.R	2	file.path(UTIL_DIR, "o2_supply_demand_map_shared.R")	source
oxygen/code/O2_supply_demand_MAP/analysis/combined_fixo2_eigen/calculate_regression_curve_average_slope.R	2	file.path(UTIL_DIR, "o2_supply_demand_map_combined_fixo2_eigen_utils.R")	source
oxygen/code/O2_supply_demand_MAP/analysis/combined_fixo2_eigen/calculate_regression_curve_average_slope.R	5	file.path(UTIL_DIR, "o2_supply_demand_map_bpf_path_utils.R")	source
oxygen/code/O2_supply_demand_MAP/analysis/combined_fixo2_eigen/calculate_regression_curve_average_slope.R	5	file.path(UTIL_DIR, "o2_supply_demand_map_bpf_cli_utils.R")	source
oxygen/code/O2_supply_demand_MAP/analysis/combined_fixo2_eigen/calculate_regression_curve_average_slope.R	5	file.path(UTIL_DIR, "o2_supply_demand_map_shared.R")	source
oxygen/code/O2_supply_demand_MAP/analysis/combined_fixo2_eigen/calculate_regression_curve_average_slope.R	5	file.path(UTIL_DIR, "o2_supply_demand_map_combined_fixo2_eigen_utils.R")	source
oxygen/code/O2_supply_demand_MAP/analysis/combined_fixo2_eigen/calculate_regression_curve_average_slope.R	12	file.path(UTIL_DIR, "o2_supply_demand_map_bpf_path_utils.R")	source
oxygen/code/O2_supply_demand_MAP/analysis/combined_fixo2_eigen/calculate_regression_curve_average_slope.R	12	file.path(UTIL_DIR, "o2_supply_demand_map_bpf_cli_utils.R")	source
oxygen/code/O2_supply_demand_MAP/analysis/combined_fixo2_eigen/calculate_regression_curve_average_slope.R	12	file.path(UTIL_DIR, "o2_supply_demand_map_shared.R")	source
oxygen/code/O2_supply_demand_MAP/analysis/combined_fixo2_eigen/calculate_regression_curve_average_slope.R	12	file.path(UTIL_DIR, "o2_supply_demand_map_combined_fixo2_eigen_utils.R")	source
oxygen/code/O2_supply_demand_MAP/analysis/combined_fixo2_eigen/prepare_fixo2_eigen_curve_class_tables.R	1	file.path(UTIL_DIR, "o2_supply_demand_map_bpf_path_utils.R")	source
oxygen/code/O2_supply_demand_MAP/analysis/combined_fixo2_eigen/prepare_fixo2_eigen_curve_class_tables.R	1	file.path(UTIL_DIR, "o2_supply_demand_map_bpf_cli_utils.R")	source
oxygen/code/O2_supply_demand_MAP/analysis/combined_fixo2_eigen/prepare_fixo2_eigen_curve_class_tables.R	1	file.path(UTIL_DIR, "o2_supply_demand_map_combined_fixo2_eigen_utils.R")	source
oxygen/code/O2_supply_demand_MAP/analysis/combined_fixo2_eigen/prepare_fixo2_eigen_curve_class_tables.R	2	file.path(UTIL_DIR, "o2_supply_demand_map_bpf_path_utils.R")	source
oxygen/code/O2_supply_demand_MAP/analysis/combined_fixo2_eigen/prepare_fixo2_eigen_curve_class_tables.R	2	file.path(UTIL_DIR, "o2_supply_demand_map_bpf_cli_utils.R")	source
oxygen/code/O2_supply_demand_MAP/analysis/combined_fixo2_eigen/prepare_fixo2_eigen_curve_class_tables.R	2	file.path(UTIL_DIR, "o2_supply_demand_map_combined_fixo2_eigen_utils.R")	source
oxygen/code/O2_supply_demand_MAP/analysis/combined_fixo2_eigen/prepare_fixo2_eigen_curve_class_tables.R	6	file.path(UTIL_DIR, "o2_supply_demand_map_bpf_path_utils.R")	source
oxygen/code/O2_supply_demand_MAP/analysis/combined_fixo2_eigen/prepare_fixo2_eigen_curve_class_tables.R	6	file.path(UTIL_DIR, "o2_supply_demand_map_bpf_cli_utils.R")	source
oxygen/code/O2_supply_demand_MAP/analysis/combined_fixo2_eigen/prepare_fixo2_eigen_curve_class_tables.R	6	file.path(UTIL_DIR, "o2_supply_demand_map_combined_fixo2_eigen_utils.R")	source
oxygen/code/O2_supply_demand_MAP/analysis/combined_fixo2_eigen/prepare_fixo2_eigen_curve_class_tables.R	13	file.path(UTIL_DIR, "o2_supply_demand_map_bpf_path_utils.R")	source
oxygen/code/O2_supply_demand_MAP/analysis/combined_fixo2_eigen/prepare_fixo2_eigen_curve_class_tables.R	13	file.path(UTIL_DIR, "o2_supply_demand_map_bpf_cli_utils.R")	source
oxygen/code/O2_supply_demand_MAP/analysis/combined_fixo2_eigen/prepare_fixo2_eigen_curve_class_tables.R	13	file.path(UTIL_DIR, "o2_supply_demand_map_combined_fixo2_eigen_utils.R")	source
oxygen/code/O2_supply_demand_MAP/analysis/combined_parameter_landscape/prepare_combined_parameter_landscape_tables.R	1	file.path(.combined_root, "util", "o2_supply_demand_map_combined_landscape_utils.R")	source
oxygen/code/O2_supply_demand_MAP/analysis/combined_parameter_landscape/prepare_combined_parameter_landscape_tables.R	2	file.path(.combined_root, "util", "o2_supply_demand_map_combined_landscape_utils.R")	source
oxygen/code/O2_supply_demand_MAP/analysis/combined_parameter_landscape/prepare_combined_parameter_landscape_tables.R	3	file.path(.combined_root, "util", "o2_supply_demand_map_combined_landscape_utils.R")	source
oxygen/code/O2_supply_demand_MAP/analysis/combined_parameter_landscape/prepare_combined_parameter_landscape_tables.R	8	file.path(.combined_root, "util", "o2_supply_demand_map_combined_landscape_utils.R")	source
oxygen/code/O2_supply_demand_MAP/analysis/dense_grid_monotonicity/analyze_dense_grid_tables.R	1	file.path(.dense_entry_dir, "dense_grid_analysis_utils.R")	source
oxygen/code/O2_supply_demand_MAP/analysis/dense_grid_monotonicity/analyze_dense_grid_tables.R	2	file.path(.dense_entry_dir, "dense_grid_analysis_utils.R")	source
oxygen/code/O2_supply_demand_MAP/analysis/dense_grid_monotonicity/analyze_dense_grid_tables.R	3	file.path(.dense_entry_dir, "dense_grid_analysis_utils.R")	source
oxygen/code/O2_supply_demand_MAP/analysis/dense_grid_monotonicity/analyze_dense_grid_tables.R	7	file.path(.dense_entry_dir, "dense_grid_analysis_utils.R")	source
oxygen/code/O2_supply_demand_MAP/analysis/dense_grid_monotonicity/dense_grid_analysis_utils.R	1	file.path(.dense_analysis_root, "util", "o2_supply_demand_map_dense_grid_utils.R")	source
oxygen/code/O2_supply_demand_MAP/analysis/dense_grid_monotonicity/dense_grid_analysis_utils.R	1	file.path(.dense_analysis_root, "util", "o2_supply_demand_map_curve_classification_utils.R")	source
oxygen/code/O2_supply_demand_MAP/analysis/dense_grid_monotonicity/dense_grid_analysis_utils.R	2	file.path(.dense_analysis_root, "util", "o2_supply_demand_map_dense_grid_utils.R")	source
oxygen/code/O2_supply_demand_MAP/analysis/dense_grid_monotonicity/dense_grid_analysis_utils.R	2	file.path(.dense_analysis_root, "util", "o2_supply_demand_map_curve_classification_utils.R")	source
oxygen/code/O2_supply_demand_MAP/analysis/dense_grid_monotonicity/dense_grid_analysis_utils.R	3	file.path(.dense_analysis_root, "util", "o2_supply_demand_map_dense_grid_utils.R")	source
oxygen/code/O2_supply_demand_MAP/analysis/dense_grid_monotonicity/dense_grid_analysis_utils.R	3	file.path(.dense_analysis_root, "util", "o2_supply_demand_map_curve_classification_utils.R")	source
oxygen/code/O2_supply_demand_MAP/analysis/dense_grid_monotonicity/dense_grid_analysis_utils.R	8	file.path(.dense_analysis_root, "util", "o2_supply_demand_map_dense_grid_utils.R")	source
oxygen/code/O2_supply_demand_MAP/analysis/dense_grid_monotonicity/dense_grid_analysis_utils.R	8	file.path(.dense_analysis_root, "util", "o2_supply_demand_map_curve_classification_utils.R")	source
oxygen/code/O2_supply_demand_MAP/analysis/dense-grid_monotonicity_classification/compare_1000D_10000D_report.R	1	file.path(dirname(.legacy_file), "deprecated_forward.R")	source
oxygen/code/O2_supply_demand_MAP/analysis/dense-grid_monotonicity_classification/compare_1000D_10000D_report.R	3	file.path(dirname(.legacy_file), "deprecated_forward.R")	source
oxygen/code/O2_supply_demand_MAP/analysis/dense-grid_monotonicity_classification/compare_1000D_10000D_report.R	123	file.path(dirname(.legacy_file), "deprecated_forward.R")	source
oxygen/code/O2_supply_demand_MAP/analysis/dense-grid_monotonicity_classification/compare_eigen_initial_ploidy_predictions.R	1	file.path(dirname(.legacy_file), "deprecated_forward.R")	source
oxygen/code/O2_supply_demand_MAP/analysis/dense-grid_monotonicity_classification/compare_eigen_initial_ploidy_predictions.R	3	file.path(dirname(.legacy_file), "deprecated_forward.R")	source
oxygen/code/O2_supply_demand_MAP/analysis/dense-grid_monotonicity_classification/compare_eigen_initial_ploidy_predictions.R	123	file.path(dirname(.legacy_file), "deprecated_forward.R")	source
oxygen/code/O2_supply_demand_MAP/analysis/dense-grid_monotonicity_classification/curve_classification_utils.R	1	file.path(.root, "util", "o2_supply_demand_map_curve_classification_utils.R")	source
oxygen/code/O2_supply_demand_MAP/analysis/dense-grid_monotonicity_classification/curve_classification_utils.R	3	file.path(.root, "util", "o2_supply_demand_map_curve_classification_utils.R")	source
oxygen/code/O2_supply_demand_MAP/analysis/dense-grid_monotonicity_classification/curve_classification_utils.R	388	file.path(.root, "util", "o2_supply_demand_map_curve_classification_utils.R")	source
oxygen/code/O2_supply_demand_MAP/analysis/dense-grid_monotonicity_classification/dense_grid_monotonicity_array_backend.R	1	file.path(dirname(.legacy_file), "deprecated_forward.R")	source
oxygen/code/O2_supply_demand_MAP/analysis/dense-grid_monotonicity_classification/dense_grid_monotonicity_array_backend.R	3	file.path(dirname(.legacy_file), "deprecated_forward.R")	source
oxygen/code/O2_supply_demand_MAP/analysis/dense-grid_monotonicity_classification/dense_grid_monotonicity_array_backend.R	123	file.path(dirname(.legacy_file), "deprecated_forward.R")	source
oxygen/code/O2_supply_demand_MAP/analysis/dense-grid_monotonicity_classification/dense_grid_monotonicity_report.R	1	file.path(dirname(.legacy_file), "deprecated_forward.R")	source
oxygen/code/O2_supply_demand_MAP/analysis/dense-grid_monotonicity_classification/dense_grid_monotonicity_report.R	3	file.path(dirname(.legacy_file), "deprecated_forward.R")	source
oxygen/code/O2_supply_demand_MAP/analysis/dense-grid_monotonicity_classification/dense_grid_monotonicity_report.R	392	file.path(dirname(.legacy_file), "deprecated_forward.R")	source
oxygen/code/O2_supply_demand_MAP/analysis/dense-grid_monotonicity_classification/deprecated_forward.R	1	file.path(.deprecated_dense_root, "analysis", "best_fit_parameter_feature", "03_dense-grid_monotonicity_classification", "deprecated_forward.R")	source
oxygen/code/O2_supply_demand_MAP/analysis/dense-grid_monotonicity_classification/deprecated_forward.R	2	file.path(.deprecated_dense_root, "analysis", "best_fit_parameter_feature", "03_dense-grid_monotonicity_classification", "deprecated_forward.R")	source
oxygen/code/O2_supply_demand_MAP/analysis/dense-grid_monotonicity_classification/deprecated_forward.R	4	file.path(.deprecated_dense_root, "analysis", "best_fit_parameter_feature", "03_dense-grid_monotonicity_classification", "deprecated_forward.R")	source
oxygen/code/O2_supply_demand_MAP/analysis/dense-grid_monotonicity_classification/deprecated_forward.R	8	file.path(.deprecated_dense_root, "analysis", "best_fit_parameter_feature", "03_dense-grid_monotonicity_classification", "deprecated_forward.R")	source
oxygen/code/O2_supply_demand_MAP/analysis/dense-grid_monotonicity_classification/fixed_o2_initial_ploidy_trajectory.R	1	file.path(dirname(.legacy_file), "deprecated_forward.R")	source
oxygen/code/O2_supply_demand_MAP/analysis/dense-grid_monotonicity_classification/fixed_o2_initial_ploidy_trajectory.R	3	file.path(dirname(.legacy_file), "deprecated_forward.R")	source
oxygen/code/O2_supply_demand_MAP/analysis/dense-grid_monotonicity_classification/fixed_o2_initial_ploidy_trajectory.R	396	file.path(dirname(.legacy_file), "deprecated_forward.R")	source
oxygen/code/O2_supply_demand_MAP/analysis/dense-grid_monotonicity_classification/fixed_o2_ploidy_monotonicity_regression_classification.R	1	file.path(dirname(.legacy_file), "deprecated_forward.R")	source
oxygen/code/O2_supply_demand_MAP/analysis/dense-grid_monotonicity_classification/fixed_o2_ploidy_monotonicity_regression_classification.R	3	file.path(dirname(.legacy_file), "deprecated_forward.R")	source
oxygen/code/O2_supply_demand_MAP/analysis/dense-grid_monotonicity_classification/fixed_o2_ploidy_monotonicity_regression_classification.R	416	file.path(dirname(.legacy_file), "deprecated_forward.R")	source
oxygen/code/O2_supply_demand_MAP/analysis/dense-grid_monotonicity_classification/fixed_o2_ploidy_monotonicity.R	1	file.path(dirname(.legacy_file), "deprecated_forward.R")	source
oxygen/code/O2_supply_demand_MAP/analysis/dense-grid_monotonicity_classification/fixed_o2_ploidy_monotonicity.R	3	file.path(dirname(.legacy_file), "deprecated_forward.R")	source
oxygen/code/O2_supply_demand_MAP/analysis/dense-grid_monotonicity_classification/fixed_o2_ploidy_monotonicity.R	390	file.path(dirname(.legacy_file), "deprecated_forward.R")	source
oxygen/code/O2_supply_demand_MAP/analysis/fit_diagnostics/run_invitro_fit_diagnostics.R	1	file.path(WORKFLOW_ROOT, "util", "o2_supply_demand_map_shared.R")	source
oxygen/code/O2_supply_demand_MAP/analysis/fit_diagnostics/run_invitro_fit_diagnostics.R	1	file.path(WORKFLOW_ROOT, "util", "o2_supply_demand_map_invitro_postfit_io_utils.R")	source
oxygen/code/O2_supply_demand_MAP/analysis/fit_diagnostics/run_invitro_fit_diagnostics.R	2	file.path(WORKFLOW_ROOT, "util", "o2_supply_demand_map_shared.R")	source
oxygen/code/O2_supply_demand_MAP/analysis/fit_diagnostics/run_invitro_fit_diagnostics.R	2	file.path(WORKFLOW_ROOT, "util", "o2_supply_demand_map_invitro_postfit_io_utils.R")	source
oxygen/code/O2_supply_demand_MAP/analysis/fit_diagnostics/run_invitro_fit_diagnostics.R	3	file.path(WORKFLOW_ROOT, "util", "o2_supply_demand_map_shared.R")	source
oxygen/code/O2_supply_demand_MAP/analysis/fit_diagnostics/run_invitro_fit_diagnostics.R	3	file.path(WORKFLOW_ROOT, "util", "o2_supply_demand_map_invitro_postfit_io_utils.R")	source
oxygen/code/O2_supply_demand_MAP/analysis/fit_diagnostics/run_invitro_fit_diagnostics.R	7	file.path(WORKFLOW_ROOT, "util", "o2_supply_demand_map_shared.R")	source
oxygen/code/O2_supply_demand_MAP/analysis/fit_diagnostics/run_invitro_fit_diagnostics.R	7	file.path(WORKFLOW_ROOT, "util", "o2_supply_demand_map_invitro_postfit_io_utils.R")	source
oxygen/code/O2_supply_demand_MAP/analysis/fit_diagnostics/run_joint_parameter_diagnostics.R	1	file.path(WORKFLOW_ROOT, "util", "o2_supply_demand_map_shared.R")	source
oxygen/code/O2_supply_demand_MAP/analysis/fit_diagnostics/run_joint_parameter_diagnostics.R	1	file.path(WORKFLOW_ROOT, "util", "o2_supply_demand_map_joint_parameter_utils.R")	source
oxygen/code/O2_supply_demand_MAP/analysis/fit_diagnostics/run_joint_parameter_diagnostics.R	2	file.path(WORKFLOW_ROOT, "util", "o2_supply_demand_map_shared.R")	source
oxygen/code/O2_supply_demand_MAP/analysis/fit_diagnostics/run_joint_parameter_diagnostics.R	2	file.path(WORKFLOW_ROOT, "util", "o2_supply_demand_map_joint_parameter_utils.R")	source
oxygen/code/O2_supply_demand_MAP/analysis/fit_diagnostics/run_joint_parameter_diagnostics.R	3	file.path(WORKFLOW_ROOT, "util", "o2_supply_demand_map_shared.R")	source
oxygen/code/O2_supply_demand_MAP/analysis/fit_diagnostics/run_joint_parameter_diagnostics.R	3	file.path(WORKFLOW_ROOT, "util", "o2_supply_demand_map_joint_parameter_utils.R")	source
oxygen/code/O2_supply_demand_MAP/analysis/fit_diagnostics/run_joint_parameter_diagnostics.R	22	file.path(WORKFLOW_ROOT, "util", "o2_supply_demand_map_shared.R")	source
oxygen/code/O2_supply_demand_MAP/analysis/fit_diagnostics/run_joint_parameter_diagnostics.R	22	file.path(WORKFLOW_ROOT, "util", "o2_supply_demand_map_joint_parameter_utils.R")	source
oxygen/code/O2_supply_demand_MAP/analysis/fit_results/analyze_extra_results.R	1	file.path(.script_dir, "extra_results_analysis_utils.R")	source
oxygen/code/O2_supply_demand_MAP/analysis/fit_results/analyze_extra_results.R	1	file.path(WORKFLOW_ROOT, "util", "o2_supply_demand_map_fit_results_utils.R")	source
oxygen/code/O2_supply_demand_MAP/analysis/fit_results/analyze_extra_results.R	2	file.path(.script_dir, "extra_results_analysis_utils.R")	source
oxygen/code/O2_supply_demand_MAP/analysis/fit_results/analyze_extra_results.R	2	file.path(WORKFLOW_ROOT, "util", "o2_supply_demand_map_fit_results_utils.R")	source
oxygen/code/O2_supply_demand_MAP/analysis/fit_results/analyze_extra_results.R	3	file.path(.script_dir, "extra_results_analysis_utils.R")	source
oxygen/code/O2_supply_demand_MAP/analysis/fit_results/analyze_extra_results.R	3	file.path(WORKFLOW_ROOT, "util", "o2_supply_demand_map_fit_results_utils.R")	source
oxygen/code/O2_supply_demand_MAP/analysis/fit_results/analyze_extra_results.R	9	file.path(.script_dir, "extra_results_analysis_utils.R")	source
oxygen/code/O2_supply_demand_MAP/analysis/fit_results/analyze_extra_results.R	9	file.path(WORKFLOW_ROOT, "util", "o2_supply_demand_map_fit_results_utils.R")	source
oxygen/code/O2_supply_demand_MAP/analysis/fit_results/analyze_joint_sigma_soft_coupled_paired_seeds.R	1	file.path(WORKFLOW_ROOT, "util", "o2_supply_demand_map_fit_results_utils.R")	source
oxygen/code/O2_supply_demand_MAP/analysis/fit_results/analyze_joint_sigma_soft_coupled_paired_seeds.R	2	file.path(WORKFLOW_ROOT, "util", "o2_supply_demand_map_fit_results_utils.R")	source
oxygen/code/O2_supply_demand_MAP/analysis/fit_results/analyze_joint_sigma_soft_coupled_paired_seeds.R	3	file.path(WORKFLOW_ROOT, "util", "o2_supply_demand_map_fit_results_utils.R")	source
oxygen/code/O2_supply_demand_MAP/analysis/fit_results/analyze_joint_sigma_soft_coupled_paired_seeds.R	21	file.path(WORKFLOW_ROOT, "util", "o2_supply_demand_map_fit_results_utils.R")	source
oxygen/code/O2_supply_demand_MAP/analysis/fit_results/analyze_sigma_burden_extra_results.R	1	file.path(WORKFLOW_ROOT, "util", "o2_supply_demand_map_shared.R")	source
oxygen/code/O2_supply_demand_MAP/analysis/fit_results/analyze_sigma_burden_extra_results.R	2	file.path(WORKFLOW_ROOT, "util", "o2_supply_demand_map_shared.R")	source
oxygen/code/O2_supply_demand_MAP/analysis/fit_results/analyze_sigma_burden_extra_results.R	3	file.path(WORKFLOW_ROOT, "util", "o2_supply_demand_map_shared.R")	source
oxygen/code/O2_supply_demand_MAP/analysis/fit_results/analyze_sigma_burden_extra_results.R	24	file.path(WORKFLOW_ROOT, "util", "o2_supply_demand_map_shared.R")	source
oxygen/code/O2_supply_demand_MAP/analysis/fit_results/compare_joint_sigma_soft_coupled_paired_seeds.R	1	file.path(WORKFLOW_ROOT, "runner", "fit_results", "run_joint_sigma_soft_coupled_paired_seeds.R")	source
oxygen/code/O2_supply_demand_MAP/analysis/fit_results/compare_joint_sigma_soft_coupled_paired_seeds.R	2	file.path(WORKFLOW_ROOT, "runner", "fit_results", "run_joint_sigma_soft_coupled_paired_seeds.R")	source
oxygen/code/O2_supply_demand_MAP/analysis/fit_results/compare_joint_sigma_soft_coupled_paired_seeds.R	7	file.path(WORKFLOW_ROOT, "runner", "fit_results", "run_joint_sigma_soft_coupled_paired_seeds.R")	source
oxygen/code/O2_supply_demand_MAP/analysis/fit_results/compare_joint_sigma_soft_coupled_paired_seeds.R	10	file.path(WORKFLOW_ROOT, "runner", "fit_results", "run_joint_sigma_soft_coupled_paired_seeds.R")	source
oxygen/code/O2_supply_demand_MAP/analysis/fit_results/compare_sigma_burden_extra_results.R	1	file.path(WORKFLOW_ROOT, "runner", "fit_results", "run_sigma_burden_extra_results.R")	source
oxygen/code/O2_supply_demand_MAP/analysis/fit_results/compare_sigma_burden_extra_results.R	2	file.path(WORKFLOW_ROOT, "runner", "fit_results", "run_sigma_burden_extra_results.R")	source
oxygen/code/O2_supply_demand_MAP/analysis/fit_results/compare_sigma_burden_extra_results.R	4	file.path(WORKFLOW_ROOT, "runner", "fit_results", "run_sigma_burden_extra_results.R")	source
oxygen/code/O2_supply_demand_MAP/analysis/fit_results/compare_sigma_burden_extra_results.R	7	file.path(WORKFLOW_ROOT, "runner", "fit_results", "run_sigma_burden_extra_results.R")	source
oxygen/code/O2_supply_demand_MAP/analysis/fit_results/extra_results_analysis_utils.R	1	file.path(WORKFLOW_ROOT, "util", "o2_supply_demand_map_shared.R")	source
oxygen/code/O2_supply_demand_MAP/analysis/fit_results/extra_results_analysis_utils.R	1	file.path(WORKFLOW_ROOT, "util", "o2_supply_demand_map_common_semantics.R")	source
oxygen/code/O2_supply_demand_MAP/analysis/fit_results/extra_results_analysis_utils.R	1	file.path(WORKFLOW_ROOT, "util", "o2_supply_demand_map_invitro_parameter_utils.R")	source
oxygen/code/O2_supply_demand_MAP/analysis/fit_results/extra_results_analysis_utils.R	2	file.path(WORKFLOW_ROOT, "util", "o2_supply_demand_map_shared.R")	source
oxygen/code/O2_supply_demand_MAP/analysis/fit_results/extra_results_analysis_utils.R	2	file.path(WORKFLOW_ROOT, "util", "o2_supply_demand_map_common_semantics.R")	source
oxygen/code/O2_supply_demand_MAP/analysis/fit_results/extra_results_analysis_utils.R	2	file.path(WORKFLOW_ROOT, "util", "o2_supply_demand_map_invitro_parameter_utils.R")	source
oxygen/code/O2_supply_demand_MAP/analysis/fit_results/extra_results_analysis_utils.R	3	file.path(WORKFLOW_ROOT, "util", "o2_supply_demand_map_shared.R")	source
oxygen/code/O2_supply_demand_MAP/analysis/fit_results/extra_results_analysis_utils.R	3	file.path(WORKFLOW_ROOT, "util", "o2_supply_demand_map_common_semantics.R")	source
oxygen/code/O2_supply_demand_MAP/analysis/fit_results/extra_results_analysis_utils.R	3	file.path(WORKFLOW_ROOT, "util", "o2_supply_demand_map_invitro_parameter_utils.R")	source
oxygen/code/O2_supply_demand_MAP/analysis/fit_results/extra_results_analysis_utils.R	24	file.path(WORKFLOW_ROOT, "util", "o2_supply_demand_map_shared.R")	source
oxygen/code/O2_supply_demand_MAP/analysis/fit_results/extra_results_analysis_utils.R	24	file.path(WORKFLOW_ROOT, "util", "o2_supply_demand_map_common_semantics.R")	source
oxygen/code/O2_supply_demand_MAP/analysis/fit_results/extra_results_analysis_utils.R	24	file.path(WORKFLOW_ROOT, "util", "o2_supply_demand_map_invitro_parameter_utils.R")	source
oxygen/code/O2_supply_demand_MAP/analysis/fit_results/extra_results_report.R	1	file.path(WORKFLOW_ROOT, "report", "fit_results", "render_extra_results_report.R")	source
oxygen/code/O2_supply_demand_MAP/analysis/fit_results/extra_results_report.R	2	file.path(WORKFLOW_ROOT, "report", "fit_results", "render_extra_results_report.R")	source
oxygen/code/O2_supply_demand_MAP/analysis/fit_results/extra_results_report.R	4	file.path(WORKFLOW_ROOT, "report", "fit_results", "render_extra_results_report.R")	source
oxygen/code/O2_supply_demand_MAP/analysis/fit_results/extra_results_report.R	7	file.path(WORKFLOW_ROOT, "report", "fit_results", "render_extra_results_report.R")	source
oxygen/code/O2_supply_demand_MAP/analysis/fit_results/extra_results.R	1	file.path(WORKFLOW_ROOT, "runner", "fit_results", "run_extra_results.R")	source
oxygen/code/O2_supply_demand_MAP/analysis/fit_results/extra_results.R	2	file.path(WORKFLOW_ROOT, "runner", "fit_results", "run_extra_results.R")	source
oxygen/code/O2_supply_demand_MAP/analysis/fit_results/extra_results.R	6	file.path(WORKFLOW_ROOT, "runner", "fit_results", "run_extra_results.R")	source
oxygen/code/O2_supply_demand_MAP/analysis/fit_results/extra_results.R	9	file.path(WORKFLOW_ROOT, "runner", "fit_results", "run_extra_results.R")	source
oxygen/code/O2_supply_demand_MAP/analysis/fit_results/plot_extra_results_objective_violin.R	1	file.path(WORKFLOW_ROOT, "vis", "fit_results", "plot_extra_results_objective_violin.R")	source
oxygen/code/O2_supply_demand_MAP/analysis/fit_results/plot_extra_results_objective_violin.R	2	file.path(WORKFLOW_ROOT, "vis", "fit_results", "plot_extra_results_objective_violin.R")	source
oxygen/code/O2_supply_demand_MAP/analysis/fit_results/plot_extra_results_objective_violin.R	4	file.path(WORKFLOW_ROOT, "vis", "fit_results", "plot_extra_results_objective_violin.R")	source
oxygen/code/O2_supply_demand_MAP/analysis/fit_results/plot_extra_results_objective_violin.R	7	file.path(WORKFLOW_ROOT, "vis", "fit_results", "plot_extra_results_objective_violin.R")	source
oxygen/code/O2_supply_demand_MAP/analysis/fit_results/select_best_seed_from_summary.R	1	file.path(WORKFLOW_ROOT, "util", "o2_supply_demand_map_fit_results_utils.R")	source
oxygen/code/O2_supply_demand_MAP/analysis/fit_results/select_best_seed_from_summary.R	2	file.path(WORKFLOW_ROOT, "util", "o2_supply_demand_map_fit_results_utils.R")	source
oxygen/code/O2_supply_demand_MAP/analysis/fit_results/select_best_seed_from_summary.R	3	file.path(WORKFLOW_ROOT, "util", "o2_supply_demand_map_fit_results_utils.R")	source
oxygen/code/O2_supply_demand_MAP/analysis/fit_results/select_best_seed_from_summary.R	6	file.path(WORKFLOW_ROOT, "util", "o2_supply_demand_map_fit_results_utils.R")	source
oxygen/code/O2_supply_demand_MAP/analysis/fit_results/select_invivo_best_long_ploidy_seed_from_metrics.R	1	file.path(WORKFLOW_ROOT, "util", "o2_supply_demand_map_fit_results_utils.R")	source
oxygen/code/O2_supply_demand_MAP/analysis/fit_results/select_invivo_best_long_ploidy_seed_from_metrics.R	2	file.path(WORKFLOW_ROOT, "util", "o2_supply_demand_map_fit_results_utils.R")	source
oxygen/code/O2_supply_demand_MAP/analysis/fit_results/select_invivo_best_long_ploidy_seed_from_metrics.R	3	file.path(WORKFLOW_ROOT, "util", "o2_supply_demand_map_fit_results_utils.R")	source
oxygen/code/O2_supply_demand_MAP/analysis/fit_results/select_invivo_best_long_ploidy_seed_from_metrics.R	6	file.path(WORKFLOW_ROOT, "util", "o2_supply_demand_map_fit_results_utils.R")	source
oxygen/code/O2_supply_demand_MAP/analysis/fit_results/select_invivo_best_long_ploidy_seed.R	1	file.path(WORKFLOW_ROOT, "runner", "fit_results", "select_invivo_best_long_ploidy_seed.R")	source
oxygen/code/O2_supply_demand_MAP/analysis/fit_results/select_invivo_best_long_ploidy_seed.R	2	file.path(WORKFLOW_ROOT, "runner", "fit_results", "select_invivo_best_long_ploidy_seed.R")	source
oxygen/code/O2_supply_demand_MAP/analysis/fit_results/select_invivo_best_long_ploidy_seed.R	4	file.path(WORKFLOW_ROOT, "runner", "fit_results", "select_invivo_best_long_ploidy_seed.R")	source
oxygen/code/O2_supply_demand_MAP/analysis/fit_results/select_invivo_best_long_ploidy_seed.R	7	file.path(WORKFLOW_ROOT, "runner", "fit_results", "select_invivo_best_long_ploidy_seed.R")	source
oxygen/code/O2_supply_demand_MAP/analysis/fixed_o2_eigen/analyze_fixo2_eigen_attractor_embeddings.R	1	file.path(.fixo2ea_workflow_root, "util", "o2_supply_demand_map_eigen_attractor_utils.R")	source
oxygen/code/O2_supply_demand_MAP/analysis/fixed_o2_eigen/analyze_fixo2_eigen_attractor_embeddings.R	2	file.path(.fixo2ea_workflow_root, "util", "o2_supply_demand_map_eigen_attractor_utils.R")	source
oxygen/code/O2_supply_demand_MAP/analysis/fixed_o2_eigen/analyze_fixo2_eigen_attractor_embeddings.R	8	file.path(.fixo2ea_workflow_root, "util", "o2_supply_demand_map_eigen_attractor_utils.R")	source
oxygen/code/O2_supply_demand_MAP/analysis/fixed_o2_eigen/analyze_fixo2_eigen_attractor_embeddings.R	29	file.path(.fixo2ea_workflow_root, "util", "o2_supply_demand_map_eigen_attractor_utils.R")	source
oxygen/code/O2_supply_demand_MAP/analysis/fixed_o2/fixed_o2_analysis_utils.R	1	file.path(fixed_o2_mode_workflow_root, "util", "o2_supply_demand_map_fixed_o2_mode_utils.R")	source
oxygen/code/O2_supply_demand_MAP/analysis/fixed_o2/fixed_o2_analysis_utils.R	2	file.path(fixed_o2_mode_workflow_root, "util", "o2_supply_demand_map_fixed_o2_mode_utils.R")	source
oxygen/code/O2_supply_demand_MAP/analysis/fixed_o2/fixed_o2_analysis_utils.R	6	file.path(fixed_o2_mode_workflow_root, "util", "o2_supply_demand_map_fixed_o2_mode_utils.R")	source
oxygen/code/O2_supply_demand_MAP/analysis/fixed_o2/fixed_o2_analysis_utils.R	24	file.path(fixed_o2_mode_workflow_root, "util", "o2_supply_demand_map_fixed_o2_mode_utils.R")	source
oxygen/code/O2_supply_demand_MAP/analysis/fixed_o2/FixO2_invivo.R	1	.fixo2_loader_path	sys.source
oxygen/code/O2_supply_demand_MAP/analysis/fixed_o2/FixO2_invivo.R	2	.fixo2_loader_path	sys.source
oxygen/code/O2_supply_demand_MAP/analysis/fixed_o2/FixO2_invivo.R	10	.fixo2_loader_path	sys.source
oxygen/code/O2_supply_demand_MAP/analysis/fixed_o2/FixO2_invivo.R	29	.fixo2_loader_path	sys.source
oxygen/code/O2_supply_demand_MAP/analysis/fixed_o2/run_fixed_o2_analysis.R	1	file.path(.fixo2_analysis_workflow_root, "util", "o2_supply_demand_map_fixed_o2_utils.R")	sys.source
oxygen/code/O2_supply_demand_MAP/analysis/fixed_o2/run_fixed_o2_analysis.R	1	file.path(.fixo2_analysis_workflow_root, "util", "o2_supply_demand_map_fixed_o2_table_utils.R")	sys.source
oxygen/code/O2_supply_demand_MAP/analysis/fixed_o2/run_fixed_o2_analysis.R	1	file.path(.fixo2_analysis_script_dir, "fixed_o2_analysis_utils.R")	sys.source
oxygen/code/O2_supply_demand_MAP/analysis/fixed_o2/run_fixed_o2_analysis.R	2	file.path(.fixo2_analysis_workflow_root, "util", "o2_supply_demand_map_fixed_o2_utils.R")	sys.source
oxygen/code/O2_supply_demand_MAP/analysis/fixed_o2/run_fixed_o2_analysis.R	2	file.path(.fixo2_analysis_workflow_root, "util", "o2_supply_demand_map_fixed_o2_table_utils.R")	sys.source
oxygen/code/O2_supply_demand_MAP/analysis/fixed_o2/run_fixed_o2_analysis.R	2	file.path(.fixo2_analysis_script_dir, "fixed_o2_analysis_utils.R")	sys.source
oxygen/code/O2_supply_demand_MAP/analysis/fixed_o2/run_fixed_o2_analysis.R	7	file.path(.fixo2_analysis_workflow_root, "util", "o2_supply_demand_map_fixed_o2_utils.R")	sys.source
oxygen/code/O2_supply_demand_MAP/analysis/fixed_o2/run_fixed_o2_analysis.R	7	file.path(.fixo2_analysis_workflow_root, "util", "o2_supply_demand_map_fixed_o2_table_utils.R")	sys.source
oxygen/code/O2_supply_demand_MAP/analysis/fixed_o2/run_fixed_o2_analysis.R	7	file.path(.fixo2_analysis_script_dir, "fixed_o2_analysis_utils.R")	sys.source
oxygen/code/O2_supply_demand_MAP/analysis/fixed_o2/run_fixed_o2_analysis.R	29	file.path(.fixo2_analysis_workflow_root, "util", "o2_supply_demand_map_fixed_o2_utils.R")	sys.source
oxygen/code/O2_supply_demand_MAP/analysis/fixed_o2/run_fixed_o2_analysis.R	29	file.path(.fixo2_analysis_workflow_root, "util", "o2_supply_demand_map_fixed_o2_table_utils.R")	sys.source
oxygen/code/O2_supply_demand_MAP/analysis/fixed_o2/run_fixed_o2_analysis.R	29	file.path(.fixo2_analysis_script_dir, "fixed_o2_analysis_utils.R")	sys.source
oxygen/code/O2_supply_demand_MAP/analysis/interactions/analyze_factorial_interactions.R	1	file.path(WORKFLOW_ROOT, "util", "o2_supply_demand_map_perturbation_utils.R")	source
oxygen/code/O2_supply_demand_MAP/analysis/interactions/analyze_factorial_interactions.R	5	file.path(WORKFLOW_ROOT, "util", "o2_supply_demand_map_perturbation_utils.R")	source
oxygen/code/O2_supply_demand_MAP/analysis/interactions/analyze_factorial_interactions.R	46	file.path(WORKFLOW_ROOT, "util", "o2_supply_demand_map_perturbation_utils.R")	source
oxygen/code/O2_supply_demand_MAP/analysis/joint_fixed_o2_ploidy_classification/analyze_joint_fixed_o2_ploidy_classes.R	1	file.path(WORKFLOW_ROOT, "util", "o2_supply_demand_map_joint_coupling_analysis_utils.R")	source
oxygen/code/O2_supply_demand_MAP/analysis/joint_fixed_o2_ploidy_classification/analyze_joint_fixed_o2_ploidy_classes.R	2	file.path(WORKFLOW_ROOT, "util", "o2_supply_demand_map_joint_coupling_analysis_utils.R")	source
oxygen/code/O2_supply_demand_MAP/analysis/joint_fixed_o2_ploidy_classification/analyze_joint_fixed_o2_ploidy_classes.R	6	file.path(WORKFLOW_ROOT, "util", "o2_supply_demand_map_joint_coupling_analysis_utils.R")	source
oxygen/code/O2_supply_demand_MAP/analysis/joint_fixed_o2_ploidy_classification/analyze_joint_fixed_o2_ploidy_classes.R	10	file.path(WORKFLOW_ROOT, "util", "o2_supply_demand_map_joint_coupling_analysis_utils.R")	source
oxygen/code/O2_supply_demand_MAP/analysis/joint_ploidy_coupling_association/analyze_between_pair_ploidy_coupling.R	1	file.path(WORKFLOW_ROOT, "util", "o2_supply_demand_map_joint_coupling_analysis_utils.R")	source
oxygen/code/O2_supply_demand_MAP/analysis/joint_ploidy_coupling_association/analyze_between_pair_ploidy_coupling.R	2	file.path(WORKFLOW_ROOT, "util", "o2_supply_demand_map_joint_coupling_analysis_utils.R")	source
oxygen/code/O2_supply_demand_MAP/analysis/joint_ploidy_coupling_association/analyze_between_pair_ploidy_coupling.R	6	file.path(WORKFLOW_ROOT, "util", "o2_supply_demand_map_joint_coupling_analysis_utils.R")	source
oxygen/code/O2_supply_demand_MAP/analysis/joint_ploidy_coupling_association/analyze_between_pair_ploidy_coupling.R	9	file.path(WORKFLOW_ROOT, "util", "o2_supply_demand_map_joint_coupling_analysis_utils.R")	source
oxygen/code/O2_supply_demand_MAP/analysis/joint_ploidy_coupling_association/analyze_ploidy_ratio_class_association.R	1	file.path(WORKFLOW_ROOT, "util", "o2_supply_demand_map_joint_coupling_analysis_utils.R")	source
oxygen/code/O2_supply_demand_MAP/analysis/joint_ploidy_coupling_association/analyze_ploidy_ratio_class_association.R	2	file.path(WORKFLOW_ROOT, "util", "o2_supply_demand_map_joint_coupling_analysis_utils.R")	source
oxygen/code/O2_supply_demand_MAP/analysis/joint_ploidy_coupling_association/analyze_ploidy_ratio_class_association.R	6	file.path(WORKFLOW_ROOT, "util", "o2_supply_demand_map_joint_coupling_analysis_utils.R")	source
oxygen/code/O2_supply_demand_MAP/analysis/joint_ploidy_coupling_association/analyze_ploidy_ratio_class_association.R	9	file.path(WORKFLOW_ROOT, "util", "o2_supply_demand_map_joint_coupling_analysis_utils.R")	source
oxygen/code/O2_supply_demand_MAP/analysis/joint_ploidy_coupling_association/analyze_within_pair_ploidy_coupling.R	1	file.path(WORKFLOW_ROOT, "util", "o2_supply_demand_map_joint_coupling_analysis_utils.R")	source
oxygen/code/O2_supply_demand_MAP/analysis/joint_ploidy_coupling_association/analyze_within_pair_ploidy_coupling.R	2	file.path(WORKFLOW_ROOT, "util", "o2_supply_demand_map_joint_coupling_analysis_utils.R")	source
oxygen/code/O2_supply_demand_MAP/analysis/joint_ploidy_coupling_association/analyze_within_pair_ploidy_coupling.R	6	file.path(WORKFLOW_ROOT, "util", "o2_supply_demand_map_joint_coupling_analysis_utils.R")	source
oxygen/code/O2_supply_demand_MAP/analysis/joint_ploidy_coupling_association/analyze_within_pair_ploidy_coupling.R	9	file.path(WORKFLOW_ROOT, "util", "o2_supply_demand_map_joint_coupling_analysis_utils.R")	source
oxygen/code/O2_supply_demand_MAP/analysis/joint_ploidy_coupling_association/classify_joint_ploidy_trajectories.R	1	file.path(WORKFLOW_ROOT, "util", "o2_supply_demand_map_joint_coupling_analysis_utils.R")	source
oxygen/code/O2_supply_demand_MAP/analysis/joint_ploidy_coupling_association/classify_joint_ploidy_trajectories.R	1	file.path(WORKFLOW_ROOT, "util", "o2_supply_demand_map_joint_ploidy_category_utils.R")	source
oxygen/code/O2_supply_demand_MAP/analysis/joint_ploidy_coupling_association/classify_joint_ploidy_trajectories.R	2	file.path(WORKFLOW_ROOT, "util", "o2_supply_demand_map_joint_coupling_analysis_utils.R")	source
oxygen/code/O2_supply_demand_MAP/analysis/joint_ploidy_coupling_association/classify_joint_ploidy_trajectories.R	2	file.path(WORKFLOW_ROOT, "util", "o2_supply_demand_map_joint_ploidy_category_utils.R")	source
oxygen/code/O2_supply_demand_MAP/analysis/joint_ploidy_coupling_association/classify_joint_ploidy_trajectories.R	6	file.path(WORKFLOW_ROOT, "util", "o2_supply_demand_map_joint_coupling_analysis_utils.R")	source
oxygen/code/O2_supply_demand_MAP/analysis/joint_ploidy_coupling_association/classify_joint_ploidy_trajectories.R	6	file.path(WORKFLOW_ROOT, "util", "o2_supply_demand_map_joint_ploidy_category_utils.R")	source
oxygen/code/O2_supply_demand_MAP/analysis/joint_ploidy_coupling_association/classify_joint_ploidy_trajectories.R	9	file.path(WORKFLOW_ROOT, "util", "o2_supply_demand_map_joint_coupling_analysis_utils.R")	source
oxygen/code/O2_supply_demand_MAP/analysis/joint_ploidy_coupling_association/classify_joint_ploidy_trajectories.R	9	file.path(WORKFLOW_ROOT, "util", "o2_supply_demand_map_joint_ploidy_category_utils.R")	source
oxygen/code/O2_supply_demand_MAP/analysis/joint_soft_coupling_stability/analyze_between_pair_soft_coupling.R	1	file.path(WORKFLOW_ROOT, "util", "o2_supply_demand_map_joint_coupling_analysis_utils.R")	source
oxygen/code/O2_supply_demand_MAP/analysis/joint_soft_coupling_stability/analyze_between_pair_soft_coupling.R	2	file.path(WORKFLOW_ROOT, "util", "o2_supply_demand_map_joint_coupling_analysis_utils.R")	source
oxygen/code/O2_supply_demand_MAP/analysis/joint_soft_coupling_stability/analyze_between_pair_soft_coupling.R	6	file.path(WORKFLOW_ROOT, "util", "o2_supply_demand_map_joint_coupling_analysis_utils.R")	source
oxygen/code/O2_supply_demand_MAP/analysis/joint_soft_coupling_stability/analyze_between_pair_soft_coupling.R	9	file.path(WORKFLOW_ROOT, "util", "o2_supply_demand_map_joint_coupling_analysis_utils.R")	source
oxygen/code/O2_supply_demand_MAP/analysis/joint_soft_coupling_stability/analyze_within_pair_soft_coupling.R	1	file.path(WORKFLOW_ROOT, "util", "o2_supply_demand_map_joint_coupling_analysis_utils.R")	source
oxygen/code/O2_supply_demand_MAP/analysis/joint_soft_coupling_stability/analyze_within_pair_soft_coupling.R	2	file.path(WORKFLOW_ROOT, "util", "o2_supply_demand_map_joint_coupling_analysis_utils.R")	source
oxygen/code/O2_supply_demand_MAP/analysis/joint_soft_coupling_stability/analyze_within_pair_soft_coupling.R	5	file.path(WORKFLOW_ROOT, "util", "o2_supply_demand_map_joint_coupling_analysis_utils.R")	source
oxygen/code/O2_supply_demand_MAP/analysis/joint_soft_coupling_stability/analyze_within_pair_soft_coupling.R	8	file.path(WORKFLOW_ROOT, "util", "o2_supply_demand_map_joint_coupling_analysis_utils.R")	source
oxygen/code/O2_supply_demand_MAP/analysis/joint_soft_coupling_stability/build_joint_soft_coupling_master_table.R	1	file.path(WORKFLOW_ROOT, "util", "o2_supply_demand_map_joint_coupling_analysis_utils.R")	source
oxygen/code/O2_supply_demand_MAP/analysis/joint_soft_coupling_stability/build_joint_soft_coupling_master_table.R	2	file.path(WORKFLOW_ROOT, "util", "o2_supply_demand_map_joint_coupling_analysis_utils.R")	source
oxygen/code/O2_supply_demand_MAP/analysis/joint_soft_coupling_stability/build_joint_soft_coupling_master_table.R	6	file.path(WORKFLOW_ROOT, "util", "o2_supply_demand_map_joint_coupling_analysis_utils.R")	source
oxygen/code/O2_supply_demand_MAP/analysis/joint_soft_coupling_stability/build_joint_soft_coupling_master_table.R	10	file.path(WORKFLOW_ROOT, "util", "o2_supply_demand_map_joint_coupling_analysis_utils.R")	source
oxygen/code/O2_supply_demand_MAP/analysis/joint_soft_coupling_stability/compare_joint_coupling_classification_versions.R	1	file.path(WORKFLOW_ROOT, "util", "o2_supply_demand_map_joint_coupling_analysis_utils.R")	source
oxygen/code/O2_supply_demand_MAP/analysis/joint_soft_coupling_stability/compare_joint_coupling_classification_versions.R	2	file.path(WORKFLOW_ROOT, "util", "o2_supply_demand_map_joint_coupling_analysis_utils.R")	source
oxygen/code/O2_supply_demand_MAP/analysis/joint_soft_coupling_stability/compare_joint_coupling_classification_versions.R	7	file.path(WORKFLOW_ROOT, "util", "o2_supply_demand_map_joint_coupling_analysis_utils.R")	source
oxygen/code/O2_supply_demand_MAP/analysis/joint_soft_coupling_stability/compare_joint_coupling_classification_versions.R	11	file.path(WORKFLOW_ROOT, "util", "o2_supply_demand_map_joint_coupling_analysis_utils.R")	source
oxygen/code/O2_supply_demand_MAP/analysis/joint_soft_coupling_stability/reclassify_joint_soft_coupling_master_table.R	1	file.path(WORKFLOW_ROOT, "util", "o2_supply_demand_map_joint_coupling_analysis_utils.R")	source
oxygen/code/O2_supply_demand_MAP/analysis/joint_soft_coupling_stability/reclassify_joint_soft_coupling_master_table.R	2	file.path(WORKFLOW_ROOT, "util", "o2_supply_demand_map_joint_coupling_analysis_utils.R")	source
oxygen/code/O2_supply_demand_MAP/analysis/joint_soft_coupling_stability/reclassify_joint_soft_coupling_master_table.R	7	file.path(WORKFLOW_ROOT, "util", "o2_supply_demand_map_joint_coupling_analysis_utils.R")	source
oxygen/code/O2_supply_demand_MAP/analysis/joint_soft_coupling_stability/reclassify_joint_soft_coupling_master_table.R	11	file.path(WORKFLOW_ROOT, "util", "o2_supply_demand_map_joint_coupling_analysis_utils.R")	source
oxygen/code/O2_supply_demand_MAP/analysis/joint_soft_coupling_stability/summarize_soft_coupling_processes.R	1	file.path(WORKFLOW_ROOT, "util", "o2_supply_demand_map_joint_coupling_analysis_utils.R")	source
oxygen/code/O2_supply_demand_MAP/analysis/joint_soft_coupling_stability/summarize_soft_coupling_processes.R	2	file.path(WORKFLOW_ROOT, "util", "o2_supply_demand_map_joint_coupling_analysis_utils.R")	source
oxygen/code/O2_supply_demand_MAP/analysis/joint_soft_coupling_stability/summarize_soft_coupling_processes.R	5	file.path(WORKFLOW_ROOT, "util", "o2_supply_demand_map_joint_coupling_analysis_utils.R")	source
oxygen/code/O2_supply_demand_MAP/analysis/joint_soft_coupling_stability/summarize_soft_coupling_processes.R	8	file.path(WORKFLOW_ROOT, "util", "o2_supply_demand_map_joint_coupling_analysis_utils.R")	source
oxygen/code/O2_supply_demand_MAP/analysis/multi_warmup/analyze_warm_up_joint_results.R	1	file.path(WORKFLOW_DIR, "util", "o2_supply_demand_map_multi_warmup_utils.R")	source
oxygen/code/O2_supply_demand_MAP/analysis/multi_warmup/analyze_warm_up_joint_results.R	7	file.path(WORKFLOW_DIR, "util", "o2_supply_demand_map_multi_warmup_utils.R")	source
oxygen/code/O2_supply_demand_MAP/analysis/multi_warmup/analyze_warm_up_joint_results.R	30	path	sys.source
oxygen/code/O2_supply_demand_MAP/analysis/multi_warmup/analyze_warm_up_joint_results.R	42	file.path(WORKFLOW_DIR, "util", "o2_supply_demand_map_multi_warmup_utils.R")	source
oxygen/code/O2_supply_demand_MAP/analysis/multi_warmup/analyze_warm_up_joint_results.R	46	PL_UTILS	source
oxygen/code/O2_supply_demand_MAP/analysis/multi_warmup/analyze_warm_up_joint_results.R	154	path	sys.source
oxygen/code/O2_supply_demand_MAP/analysis/multi_warmup/analyze_warm_up_joint_results.R	175	PL_UTILS	source
oxygen/code/O2_supply_demand_MAP/analysis/multi_warmup/build_multi_warmup_landscape_tables.R	1	file.path(.o2mw_landscape_workflow_root, "util", "o2_supply_demand_map_multi_warmup_utils.R")	source
oxygen/code/O2_supply_demand_MAP/analysis/multi_warmup/build_multi_warmup_landscape_tables.R	1	file.path(.o2mw_landscape_workflow_root, "util", "o2_supply_demand_map_invitro_parameter_utils.R")	source
oxygen/code/O2_supply_demand_MAP/analysis/multi_warmup/build_multi_warmup_landscape_tables.R	2	file.path(.o2mw_landscape_workflow_root, "util", "o2_supply_demand_map_multi_warmup_utils.R")	source
oxygen/code/O2_supply_demand_MAP/analysis/multi_warmup/build_multi_warmup_landscape_tables.R	2	file.path(.o2mw_landscape_workflow_root, "util", "o2_supply_demand_map_invitro_parameter_utils.R")	source
oxygen/code/O2_supply_demand_MAP/analysis/multi_warmup/build_multi_warmup_landscape_tables.R	7	file.path(.o2mw_landscape_workflow_root, "util", "o2_supply_demand_map_multi_warmup_utils.R")	source
oxygen/code/O2_supply_demand_MAP/analysis/multi_warmup/build_multi_warmup_landscape_tables.R	7	file.path(.o2mw_landscape_workflow_root, "util", "o2_supply_demand_map_invitro_parameter_utils.R")	source
oxygen/code/O2_supply_demand_MAP/analysis/multi_warmup/build_multi_warmup_landscape_tables.R	13	file.path(.o2mw_landscape_workflow_root, "util", "o2_supply_demand_map_multi_warmup_utils.R")	source
oxygen/code/O2_supply_demand_MAP/analysis/multi_warmup/build_multi_warmup_landscape_tables.R	13	file.path(.o2mw_landscape_workflow_root, "util", "o2_supply_demand_map_invitro_parameter_utils.R")	source
oxygen/code/O2_supply_demand_MAP/analysis/multi_warmup/build_multi_warmup_pairs_from_landscape_subclusters.R	1	file.path(.o2mw_landscape_legacy_root, "runner", "multi_warmup", "run_multi_warmup_landscape_pipeline.R")	sys.source
oxygen/code/O2_supply_demand_MAP/analysis/multi_warmup/build_multi_warmup_pairs_from_landscape_subclusters.R	2	file.path(.o2mw_landscape_legacy_root, "runner", "multi_warmup", "run_multi_warmup_landscape_pipeline.R")	sys.source
oxygen/code/O2_supply_demand_MAP/analysis/multi_warmup/build_multi_warmup_pairs_from_landscape_subclusters.R	5	file.path(.o2mw_landscape_legacy_root, "runner", "multi_warmup", "run_multi_warmup_landscape_pipeline.R")	sys.source
oxygen/code/O2_supply_demand_MAP/analysis/multi_warmup/build_multi_warmup_pairs_from_landscape_subclusters.R	14	file.path(.o2mw_landscape_legacy_root, "runner", "multi_warmup", "run_multi_warmup_landscape_pipeline.R")	sys.source
oxygen/code/O2_supply_demand_MAP/analysis/multi_warmup/build_multi_warmup_seed_plan_tables.R	1	file.path(.o2mw_seed_workflow_root, "util", "o2_supply_demand_map_multi_warmup_utils.R")	source
oxygen/code/O2_supply_demand_MAP/analysis/multi_warmup/build_multi_warmup_seed_plan_tables.R	2	file.path(.o2mw_seed_workflow_root, "util", "o2_supply_demand_map_multi_warmup_utils.R")	source
oxygen/code/O2_supply_demand_MAP/analysis/multi_warmup/build_multi_warmup_seed_plan_tables.R	6	file.path(.o2mw_seed_workflow_root, "util", "o2_supply_demand_map_multi_warmup_utils.R")	source
oxygen/code/O2_supply_demand_MAP/analysis/multi_warmup/build_multi_warmup_seed_plan_tables.R	12	file.path(.o2mw_seed_workflow_root, "util", "o2_supply_demand_map_multi_warmup_utils.R")	source
oxygen/code/O2_supply_demand_MAP/analysis/multi_warmup/build_multi_warmup_seed_plan.R	1	file.path(.o2mw_seed_workflow_root, "runner", "multi_warmup", "run_multi_warmup_seed_plan.R")	sys.source
oxygen/code/O2_supply_demand_MAP/analysis/multi_warmup/build_multi_warmup_seed_plan.R	2	file.path(.o2mw_seed_workflow_root, "runner", "multi_warmup", "run_multi_warmup_seed_plan.R")	sys.source
oxygen/code/O2_supply_demand_MAP/analysis/multi_warmup/build_multi_warmup_seed_plan.R	5	file.path(.o2mw_seed_workflow_root, "runner", "multi_warmup", "run_multi_warmup_seed_plan.R")	sys.source
oxygen/code/O2_supply_demand_MAP/analysis/multi_warmup/build_multi_warmup_seed_plan.R	14	file.path(.o2mw_seed_workflow_root, "runner", "multi_warmup", "run_multi_warmup_seed_plan.R")	sys.source
oxygen/code/O2_supply_demand_MAP/analysis/multi_warmup/collect_multi_warmup_results.R	1	file.path(.o2mw_collect_root, "runner", "multi_warmup", "run_multi_warmup_results_pipeline.R")	sys.source
oxygen/code/O2_supply_demand_MAP/analysis/multi_warmup/collect_multi_warmup_results.R	2	file.path(.o2mw_collect_root, "runner", "multi_warmup", "run_multi_warmup_results_pipeline.R")	sys.source
oxygen/code/O2_supply_demand_MAP/analysis/multi_warmup/collect_multi_warmup_results.R	5	file.path(.o2mw_collect_root, "runner", "multi_warmup", "run_multi_warmup_results_pipeline.R")	sys.source
oxygen/code/O2_supply_demand_MAP/analysis/multi_warmup/collect_multi_warmup_results.R	14	file.path(.o2mw_collect_root, "runner", "multi_warmup", "run_multi_warmup_results_pipeline.R")	sys.source
oxygen/code/O2_supply_demand_MAP/analysis/multi_warmup/collect_multi_warmup_tables.R	1	file.path(.o2mw_collect_workflow_root, "util", "o2_supply_demand_map_multi_warmup_utils.R")	source
oxygen/code/O2_supply_demand_MAP/analysis/multi_warmup/collect_multi_warmup_tables.R	2	file.path(.o2mw_collect_workflow_root, "util", "o2_supply_demand_map_multi_warmup_utils.R")	source
oxygen/code/O2_supply_demand_MAP/analysis/multi_warmup/collect_multi_warmup_tables.R	7	file.path(.o2mw_collect_workflow_root, "util", "o2_supply_demand_map_multi_warmup_utils.R")	source
oxygen/code/O2_supply_demand_MAP/analysis/multi_warmup/collect_multi_warmup_tables.R	13	file.path(.o2mw_collect_workflow_root, "util", "o2_supply_demand_map_multi_warmup_utils.R")	source
oxygen/code/O2_supply_demand_MAP/analysis/multi_warmup/multi_warmup_results_report.R	1	file.path(.o2mw_report_legacy_root, "runner", "multi_warmup", "render_multi_warmup_results.R")	sys.source
oxygen/code/O2_supply_demand_MAP/analysis/multi_warmup/multi_warmup_results_report.R	2	file.path(.o2mw_report_legacy_root, "runner", "multi_warmup", "render_multi_warmup_results.R")	sys.source
oxygen/code/O2_supply_demand_MAP/analysis/multi_warmup/multi_warmup_results_report.R	5	file.path(.o2mw_report_legacy_root, "runner", "multi_warmup", "render_multi_warmup_results.R")	sys.source
oxygen/code/O2_supply_demand_MAP/analysis/multi_warmup/multi_warmup_results_report.R	14	file.path(.o2mw_report_legacy_root, "runner", "multi_warmup", "render_multi_warmup_results.R")	sys.source
oxygen/code/O2_supply_demand_MAP/analysis/parameter_landscape_clustering/analyze_parameter_landscape.R	1	file.path(.o2pl_analysis_entry_dir, "parameter_landscape_analysis_utils.R")	source
oxygen/code/O2_supply_demand_MAP/analysis/parameter_landscape_clustering/analyze_parameter_landscape.R	2	file.path(.o2pl_analysis_entry_dir, "parameter_landscape_analysis_utils.R")	source
oxygen/code/O2_supply_demand_MAP/analysis/parameter_landscape_clustering/analyze_parameter_landscape.R	3	file.path(.o2pl_analysis_entry_dir, "parameter_landscape_analysis_utils.R")	source
oxygen/code/O2_supply_demand_MAP/analysis/parameter_landscape_clustering/analyze_parameter_landscape.R	13	file.path(.o2pl_analysis_entry_dir, "parameter_landscape_analysis_utils.R")	source
oxygen/code/O2_supply_demand_MAP/analysis/parameter_landscape_clustering/clustering_analysis.R	1	file.path(.o2pl_root, "runner", "parameter_landscape", "run_parameter_landscape.R")	source
oxygen/code/O2_supply_demand_MAP/analysis/parameter_landscape_clustering/clustering_analysis.R	2	file.path(.o2pl_root, "runner", "parameter_landscape", "run_parameter_landscape.R")	source
oxygen/code/O2_supply_demand_MAP/analysis/parameter_landscape_clustering/clustering_analysis.R	5	file.path(.o2pl_root, "runner", "parameter_landscape", "run_parameter_landscape.R")	source
oxygen/code/O2_supply_demand_MAP/analysis/parameter_landscape_clustering/clustering_analysis.R	12	file.path(.o2pl_root, "runner", "parameter_landscape", "run_parameter_landscape.R")	source
oxygen/code/O2_supply_demand_MAP/analysis/parameter_landscape_clustering/clustering_runner.R	1	file.path(.o2pl_root, "runner", "parameter_landscape", "run_parameter_landscape.R")	source
oxygen/code/O2_supply_demand_MAP/analysis/parameter_landscape_clustering/clustering_runner.R	2	file.path(.o2pl_root, "runner", "parameter_landscape", "run_parameter_landscape.R")	source
oxygen/code/O2_supply_demand_MAP/analysis/parameter_landscape_clustering/clustering_runner.R	4	file.path(.o2pl_root, "runner", "parameter_landscape", "run_parameter_landscape.R")	source
oxygen/code/O2_supply_demand_MAP/analysis/parameter_landscape_clustering/clustering_runner.R	11	file.path(.o2pl_root, "runner", "parameter_landscape", "run_parameter_landscape.R")	source
oxygen/code/O2_supply_demand_MAP/analysis/parameter_landscape_clustering/dominant_ploidy_parameter_contribution_analysis.R	1	file.path(.o2pl_compat_dir, "parameter_contribution_analysis.R")	source
oxygen/code/O2_supply_demand_MAP/analysis/parameter_landscape_clustering/dominant_ploidy_parameter_contribution_analysis.R	2	file.path(.o2pl_compat_dir, "parameter_contribution_analysis.R")	source
oxygen/code/O2_supply_demand_MAP/analysis/parameter_landscape_clustering/dominant_ploidy_parameter_contribution_analysis.R	4	file.path(.o2pl_compat_dir, "parameter_contribution_analysis.R")	source
oxygen/code/O2_supply_demand_MAP/analysis/parameter_landscape_clustering/dominant_ploidy_parameter_contribution_analysis.R	11	file.path(.o2pl_compat_dir, "parameter_contribution_analysis.R")	source
oxygen/code/O2_supply_demand_MAP/analysis/parameter_landscape_clustering/dominant_ploidy_parameter_contribution_runner.R	1	file.path(.o2pl_root, "runner", "parameter_landscape", "run_parameter_landscape.R")	source
oxygen/code/O2_supply_demand_MAP/analysis/parameter_landscape_clustering/dominant_ploidy_parameter_contribution_runner.R	2	file.path(.o2pl_root, "runner", "parameter_landscape", "run_parameter_landscape.R")	source
oxygen/code/O2_supply_demand_MAP/analysis/parameter_landscape_clustering/dominant_ploidy_parameter_contribution_runner.R	4	file.path(.o2pl_root, "runner", "parameter_landscape", "run_parameter_landscape.R")	source
oxygen/code/O2_supply_demand_MAP/analysis/parameter_landscape_clustering/dominant_ploidy_parameter_contribution_runner.R	11	file.path(.o2pl_root, "runner", "parameter_landscape", "run_parameter_landscape.R")	source
oxygen/code/O2_supply_demand_MAP/analysis/parameter_landscape_clustering/full_data_in_vivo_clustring.R	1	file.path(.o2pl_root, "runner", "parameter_landscape", "run_parameter_landscape.R")	source
oxygen/code/O2_supply_demand_MAP/analysis/parameter_landscape_clustering/full_data_in_vivo_clustring.R	2	file.path(.o2pl_root, "runner", "parameter_landscape", "run_parameter_landscape.R")	source
oxygen/code/O2_supply_demand_MAP/analysis/parameter_landscape_clustering/full_data_in_vivo_clustring.R	5	file.path(.o2pl_root, "runner", "parameter_landscape", "run_parameter_landscape.R")	source
oxygen/code/O2_supply_demand_MAP/analysis/parameter_landscape_clustering/full_data_in_vivo_clustring.R	12	file.path(.o2pl_root, "runner", "parameter_landscape", "run_parameter_landscape.R")	source
oxygen/code/O2_supply_demand_MAP/analysis/parameter_landscape_clustering/mode_parameter_contribution_analysis.R	1	file.path(.o2pl_compat_dir, "parameter_contribution_analysis.R")	source
oxygen/code/O2_supply_demand_MAP/analysis/parameter_landscape_clustering/mode_parameter_contribution_analysis.R	2	file.path(.o2pl_compat_dir, "parameter_contribution_analysis.R")	source
oxygen/code/O2_supply_demand_MAP/analysis/parameter_landscape_clustering/mode_parameter_contribution_analysis.R	5	file.path(.o2pl_compat_dir, "parameter_contribution_analysis.R")	source
oxygen/code/O2_supply_demand_MAP/analysis/parameter_landscape_clustering/mode_parameter_contribution_analysis.R	12	file.path(.o2pl_compat_dir, "parameter_contribution_analysis.R")	source
oxygen/code/O2_supply_demand_MAP/analysis/parameter_landscape_clustering/mode_parameter_contribution_runner.R	1	file.path(.o2pl_root, "runner", "parameter_landscape", "run_parameter_landscape.R")	source
oxygen/code/O2_supply_demand_MAP/analysis/parameter_landscape_clustering/mode_parameter_contribution_runner.R	2	file.path(.o2pl_root, "runner", "parameter_landscape", "run_parameter_landscape.R")	source
oxygen/code/O2_supply_demand_MAP/analysis/parameter_landscape_clustering/mode_parameter_contribution_runner.R	4	file.path(.o2pl_root, "runner", "parameter_landscape", "run_parameter_landscape.R")	source
oxygen/code/O2_supply_demand_MAP/analysis/parameter_landscape_clustering/mode_parameter_contribution_runner.R	11	file.path(.o2pl_root, "runner", "parameter_landscape", "run_parameter_landscape.R")	source
oxygen/code/O2_supply_demand_MAP/analysis/parameter_landscape_clustering/parameter_contribution_analysis.R	1	file.path(.o2pl_contribution_dir, "parameter_landscape_analysis_utils.R")	source
oxygen/code/O2_supply_demand_MAP/analysis/parameter_landscape_clustering/parameter_contribution_analysis.R	2	file.path(.o2pl_contribution_dir, "parameter_landscape_analysis_utils.R")	source
oxygen/code/O2_supply_demand_MAP/analysis/parameter_landscape_clustering/parameter_contribution_analysis.R	3	file.path(.o2pl_contribution_dir, "parameter_landscape_analysis_utils.R")	source
oxygen/code/O2_supply_demand_MAP/analysis/parameter_landscape_clustering/parameter_contribution_analysis.R	13	file.path(.o2pl_contribution_dir, "parameter_landscape_analysis_utils.R")	source
oxygen/code/O2_supply_demand_MAP/analysis/parameter_landscape_clustering/parameter_landscape_analysis_utils.R	1	file.path(.o2pl_analysis_workflow_root, "util", "o2_supply_demand_map_parameter_landscape_io_utils.R")	source
oxygen/code/O2_supply_demand_MAP/analysis/parameter_landscape_clustering/parameter_landscape_analysis_utils.R	2	file.path(.o2pl_analysis_workflow_root, "util", "o2_supply_demand_map_parameter_landscape_io_utils.R")	source
oxygen/code/O2_supply_demand_MAP/analysis/parameter_landscape_clustering/parameter_landscape_analysis_utils.R	3	file.path(.o2pl_analysis_workflow_root, "util", "o2_supply_demand_map_parameter_landscape_io_utils.R")	source
oxygen/code/O2_supply_demand_MAP/analysis/parameter_landscape_clustering/parameter_landscape_analysis_utils.R	10	file.path(.o2pl_analysis_workflow_root, "util", "o2_supply_demand_map_parameter_landscape_io_utils.R")	source
oxygen/code/O2_supply_demand_MAP/analysis/parameter_landscape_clustering/parameter_landscape_utils.R	1	file.path(.o2pl_compat_dir, "parameter_landscape_analysis_utils.R")	source
oxygen/code/O2_supply_demand_MAP/analysis/parameter_landscape_clustering/parameter_landscape_utils.R	2	file.path(.o2pl_compat_dir, "parameter_landscape_analysis_utils.R")	source
oxygen/code/O2_supply_demand_MAP/analysis/parameter_landscape_clustering/parameter_landscape_utils.R	5	file.path(.o2pl_compat_dir, "parameter_landscape_analysis_utils.R")	source
oxygen/code/O2_supply_demand_MAP/analysis/parameter_landscape_clustering/parameter_landscape_utils.R	12	file.path(.o2pl_compat_dir, "parameter_landscape_analysis_utils.R")	source
oxygen/code/O2_supply_demand_MAP/analysis/perturbation/analyze_mixed_ploidy_perturbations.R	1	file.path(WORKFLOW_ROOT, "util", "o2_supply_demand_map_perturbation_utils.R")	source
oxygen/code/O2_supply_demand_MAP/analysis/perturbation/analyze_mixed_ploidy_perturbations.R	7	file.path(WORKFLOW_ROOT, "util", "o2_supply_demand_map_perturbation_utils.R")	source
oxygen/code/O2_supply_demand_MAP/analysis/perturbation/analyze_mixed_ploidy_perturbations.R	46	file.path(WORKFLOW_ROOT, "util", "o2_supply_demand_map_perturbation_utils.R")	source
oxygen/code/O2_supply_demand_MAP/analysis/process_fingerprints/analyze_invivo_medium_o2_window_tables.R	1	file.path(SCRIPT_DIR, "process_fingerprint_utils.R")	source
oxygen/code/O2_supply_demand_MAP/analysis/process_fingerprints/analyze_invivo_medium_o2_window_tables.R	2	file.path(SCRIPT_DIR, "process_fingerprint_utils.R")	source
oxygen/code/O2_supply_demand_MAP/analysis/process_fingerprints/analyze_invivo_medium_o2_window_tables.R	3	file.path(SCRIPT_DIR, "process_fingerprint_utils.R")	source
oxygen/code/O2_supply_demand_MAP/analysis/process_fingerprints/analyze_invivo_medium_o2_window_tables.R	17	file.path(SCRIPT_DIR, "process_fingerprint_utils.R")	source
oxygen/code/O2_supply_demand_MAP/analysis/process_fingerprints/analyze_invivo_medium_o2_windows.R	1	file.path(WORKFLOW_ROOT, "simulation", "process_fingerprints", "generate_o2_ploidy_event_inputs.R")	source
oxygen/code/O2_supply_demand_MAP/analysis/process_fingerprints/analyze_invivo_medium_o2_windows.R	1	file.path(SCRIPT_DIR, "analyze_invivo_medium_o2_window_tables.R")	source
oxygen/code/O2_supply_demand_MAP/analysis/process_fingerprints/analyze_invivo_medium_o2_windows.R	1	file.path(WORKFLOW_ROOT, "vis", "process_fingerprints", "plot_medium_o2_windows.R")	source
oxygen/code/O2_supply_demand_MAP/analysis/process_fingerprints/analyze_invivo_medium_o2_windows.R	1	file.path(WORKFLOW_ROOT, "report", "process_fingerprints", "render_medium_o2_window_report.R")	source
oxygen/code/O2_supply_demand_MAP/analysis/process_fingerprints/analyze_invivo_medium_o2_windows.R	2	file.path(WORKFLOW_ROOT, "simulation", "process_fingerprints", "generate_o2_ploidy_event_inputs.R")	source
oxygen/code/O2_supply_demand_MAP/analysis/process_fingerprints/analyze_invivo_medium_o2_windows.R	2	file.path(SCRIPT_DIR, "analyze_invivo_medium_o2_window_tables.R")	source
oxygen/code/O2_supply_demand_MAP/analysis/process_fingerprints/analyze_invivo_medium_o2_windows.R	2	file.path(WORKFLOW_ROOT, "vis", "process_fingerprints", "plot_medium_o2_windows.R")	source
oxygen/code/O2_supply_demand_MAP/analysis/process_fingerprints/analyze_invivo_medium_o2_windows.R	2	file.path(WORKFLOW_ROOT, "report", "process_fingerprints", "render_medium_o2_window_report.R")	source
oxygen/code/O2_supply_demand_MAP/analysis/process_fingerprints/analyze_invivo_medium_o2_windows.R	6	file.path(WORKFLOW_ROOT, "simulation", "process_fingerprints", "generate_o2_ploidy_event_inputs.R")	source
oxygen/code/O2_supply_demand_MAP/analysis/process_fingerprints/analyze_invivo_medium_o2_windows.R	6	file.path(SCRIPT_DIR, "analyze_invivo_medium_o2_window_tables.R")	source
oxygen/code/O2_supply_demand_MAP/analysis/process_fingerprints/analyze_invivo_medium_o2_windows.R	6	file.path(WORKFLOW_ROOT, "vis", "process_fingerprints", "plot_medium_o2_windows.R")	source
oxygen/code/O2_supply_demand_MAP/analysis/process_fingerprints/analyze_invivo_medium_o2_windows.R	6	file.path(WORKFLOW_ROOT, "report", "process_fingerprints", "render_medium_o2_window_report.R")	source
oxygen/code/O2_supply_demand_MAP/analysis/process_fingerprints/analyze_invivo_medium_o2_windows.R	9	file.path(WORKFLOW_ROOT, "simulation", "process_fingerprints", "generate_o2_ploidy_event_inputs.R")	source
oxygen/code/O2_supply_demand_MAP/analysis/process_fingerprints/analyze_invivo_medium_o2_windows.R	9	file.path(SCRIPT_DIR, "analyze_invivo_medium_o2_window_tables.R")	source
oxygen/code/O2_supply_demand_MAP/analysis/process_fingerprints/analyze_invivo_medium_o2_windows.R	9	file.path(WORKFLOW_ROOT, "vis", "process_fingerprints", "plot_medium_o2_windows.R")	source
oxygen/code/O2_supply_demand_MAP/analysis/process_fingerprints/analyze_invivo_medium_o2_windows.R	9	file.path(WORKFLOW_ROOT, "report", "process_fingerprints", "render_medium_o2_window_report.R")	source
oxygen/code/O2_supply_demand_MAP/analysis/process_fingerprints/analyze_invivo_o2_ploidy_event_coupling_tables.R	1	file.path(SCRIPT_DIR, "process_fingerprint_utils.R")	source
oxygen/code/O2_supply_demand_MAP/analysis/process_fingerprints/analyze_invivo_o2_ploidy_event_coupling_tables.R	1	file.path(SCRIPT_DIR, "ploidy_regime_utils.R")	source
oxygen/code/O2_supply_demand_MAP/analysis/process_fingerprints/analyze_invivo_o2_ploidy_event_coupling_tables.R	2	file.path(SCRIPT_DIR, "process_fingerprint_utils.R")	source
oxygen/code/O2_supply_demand_MAP/analysis/process_fingerprints/analyze_invivo_o2_ploidy_event_coupling_tables.R	2	file.path(SCRIPT_DIR, "ploidy_regime_utils.R")	source
oxygen/code/O2_supply_demand_MAP/analysis/process_fingerprints/analyze_invivo_o2_ploidy_event_coupling_tables.R	3	file.path(SCRIPT_DIR, "process_fingerprint_utils.R")	source
oxygen/code/O2_supply_demand_MAP/analysis/process_fingerprints/analyze_invivo_o2_ploidy_event_coupling_tables.R	3	file.path(SCRIPT_DIR, "ploidy_regime_utils.R")	source
oxygen/code/O2_supply_demand_MAP/analysis/process_fingerprints/analyze_invivo_o2_ploidy_event_coupling_tables.R	25	file.path(SCRIPT_DIR, "process_fingerprint_utils.R")	source
oxygen/code/O2_supply_demand_MAP/analysis/process_fingerprints/analyze_invivo_o2_ploidy_event_coupling_tables.R	25	file.path(SCRIPT_DIR, "ploidy_regime_utils.R")	source
oxygen/code/O2_supply_demand_MAP/analysis/process_fingerprints/analyze_invivo_o2_ploidy_event_coupling.R	1	file.path(WORKFLOW_ROOT, "simulation", "process_fingerprints", "generate_o2_ploidy_event_inputs.R")	source
oxygen/code/O2_supply_demand_MAP/analysis/process_fingerprints/analyze_invivo_o2_ploidy_event_coupling.R	1	file.path(SCRIPT_DIR, "analyze_invivo_o2_ploidy_event_coupling_tables.R")	source
oxygen/code/O2_supply_demand_MAP/analysis/process_fingerprints/analyze_invivo_o2_ploidy_event_coupling.R	1	file.path(WORKFLOW_ROOT, "vis", "process_fingerprints", "plot_o2_ploidy_event_coupling.R")	source
oxygen/code/O2_supply_demand_MAP/analysis/process_fingerprints/analyze_invivo_o2_ploidy_event_coupling.R	1	file.path(WORKFLOW_ROOT, "report", "process_fingerprints", "render_o2_ploidy_event_coupling_report.R")	source
oxygen/code/O2_supply_demand_MAP/analysis/process_fingerprints/analyze_invivo_o2_ploidy_event_coupling.R	2	file.path(WORKFLOW_ROOT, "simulation", "process_fingerprints", "generate_o2_ploidy_event_inputs.R")	source
oxygen/code/O2_supply_demand_MAP/analysis/process_fingerprints/analyze_invivo_o2_ploidy_event_coupling.R	2	file.path(SCRIPT_DIR, "analyze_invivo_o2_ploidy_event_coupling_tables.R")	source
oxygen/code/O2_supply_demand_MAP/analysis/process_fingerprints/analyze_invivo_o2_ploidy_event_coupling.R	2	file.path(WORKFLOW_ROOT, "vis", "process_fingerprints", "plot_o2_ploidy_event_coupling.R")	source
oxygen/code/O2_supply_demand_MAP/analysis/process_fingerprints/analyze_invivo_o2_ploidy_event_coupling.R	2	file.path(WORKFLOW_ROOT, "report", "process_fingerprints", "render_o2_ploidy_event_coupling_report.R")	source
oxygen/code/O2_supply_demand_MAP/analysis/process_fingerprints/analyze_invivo_o2_ploidy_event_coupling.R	6	file.path(WORKFLOW_ROOT, "simulation", "process_fingerprints", "generate_o2_ploidy_event_inputs.R")	source
oxygen/code/O2_supply_demand_MAP/analysis/process_fingerprints/analyze_invivo_o2_ploidy_event_coupling.R	6	file.path(SCRIPT_DIR, "analyze_invivo_o2_ploidy_event_coupling_tables.R")	source
oxygen/code/O2_supply_demand_MAP/analysis/process_fingerprints/analyze_invivo_o2_ploidy_event_coupling.R	6	file.path(WORKFLOW_ROOT, "vis", "process_fingerprints", "plot_o2_ploidy_event_coupling.R")	source
oxygen/code/O2_supply_demand_MAP/analysis/process_fingerprints/analyze_invivo_o2_ploidy_event_coupling.R	6	file.path(WORKFLOW_ROOT, "report", "process_fingerprints", "render_o2_ploidy_event_coupling_report.R")	source
oxygen/code/O2_supply_demand_MAP/analysis/process_fingerprints/analyze_invivo_o2_ploidy_event_coupling.R	9	file.path(WORKFLOW_ROOT, "simulation", "process_fingerprints", "generate_o2_ploidy_event_inputs.R")	source
oxygen/code/O2_supply_demand_MAP/analysis/process_fingerprints/analyze_invivo_o2_ploidy_event_coupling.R	9	file.path(SCRIPT_DIR, "analyze_invivo_o2_ploidy_event_coupling_tables.R")	source
oxygen/code/O2_supply_demand_MAP/analysis/process_fingerprints/analyze_invivo_o2_ploidy_event_coupling.R	9	file.path(WORKFLOW_ROOT, "vis", "process_fingerprints", "plot_o2_ploidy_event_coupling.R")	source
oxygen/code/O2_supply_demand_MAP/analysis/process_fingerprints/analyze_invivo_o2_ploidy_event_coupling.R	9	file.path(WORKFLOW_ROOT, "report", "process_fingerprints", "render_o2_ploidy_event_coupling_report.R")	source
oxygen/code/O2_supply_demand_MAP/analysis/process_fingerprints/analyze_invivo_ploidy_regimes.R	1	file.path(SCRIPT_DIR, "process_fingerprint_utils.R")	source
oxygen/code/O2_supply_demand_MAP/analysis/process_fingerprints/analyze_invivo_ploidy_regimes.R	1	file.path(SCRIPT_DIR, "ploidy_regime_utils.R")	source
oxygen/code/O2_supply_demand_MAP/analysis/process_fingerprints/analyze_invivo_ploidy_regimes.R	2	file.path(SCRIPT_DIR, "process_fingerprint_utils.R")	source
oxygen/code/O2_supply_demand_MAP/analysis/process_fingerprints/analyze_invivo_ploidy_regimes.R	2	file.path(SCRIPT_DIR, "ploidy_regime_utils.R")	source
oxygen/code/O2_supply_demand_MAP/analysis/process_fingerprints/analyze_invivo_ploidy_regimes.R	3	file.path(SCRIPT_DIR, "process_fingerprint_utils.R")	source
oxygen/code/O2_supply_demand_MAP/analysis/process_fingerprints/analyze_invivo_ploidy_regimes.R	3	file.path(SCRIPT_DIR, "ploidy_regime_utils.R")	source
oxygen/code/O2_supply_demand_MAP/analysis/process_fingerprints/analyze_invivo_ploidy_regimes.R	17	file.path(SCRIPT_DIR, "process_fingerprint_utils.R")	source
oxygen/code/O2_supply_demand_MAP/analysis/process_fingerprints/analyze_invivo_ploidy_regimes.R	17	file.path(SCRIPT_DIR, "ploidy_regime_utils.R")	source
oxygen/code/O2_supply_demand_MAP/analysis/process_fingerprints/analyze_invivo_process_fingerprints.R	1	file.path(SCRIPT_DIR, "process_fingerprint_utils.R")	source
oxygen/code/O2_supply_demand_MAP/analysis/process_fingerprints/analyze_invivo_process_fingerprints.R	2	file.path(SCRIPT_DIR, "process_fingerprint_utils.R")	source
oxygen/code/O2_supply_demand_MAP/analysis/process_fingerprints/analyze_invivo_process_fingerprints.R	3	file.path(SCRIPT_DIR, "process_fingerprint_utils.R")	source
oxygen/code/O2_supply_demand_MAP/analysis/process_fingerprints/analyze_invivo_process_fingerprints.R	17	file.path(SCRIPT_DIR, "process_fingerprint_utils.R")	source
oxygen/code/O2_supply_demand_MAP/analysis/process_fingerprints/analyze_ploidy_regimes.R	1	file.path(script_dir, "run_invivo_ploidy_regime_analysis.R")	source
oxygen/code/O2_supply_demand_MAP/analysis/process_fingerprints/analyze_ploidy_regimes.R	2	file.path(script_dir, "run_invivo_ploidy_regime_analysis.R")	source
oxygen/code/O2_supply_demand_MAP/analysis/process_fingerprints/analyze_ploidy_regimes.R	3	file.path(script_dir, "run_invivo_ploidy_regime_analysis.R")	source
oxygen/code/O2_supply_demand_MAP/analysis/process_fingerprints/analyze_ploidy_regimes.R	6	file.path(script_dir, "run_invivo_ploidy_regime_analysis.R")	source
oxygen/code/O2_supply_demand_MAP/analysis/process_fingerprints/build_invivo_process_fingerprints.R	1	file.path(script_dir, "run_invivo_process_analysis.R")	source
oxygen/code/O2_supply_demand_MAP/analysis/process_fingerprints/build_invivo_process_fingerprints.R	2	file.path(script_dir, "run_invivo_process_analysis.R")	source
oxygen/code/O2_supply_demand_MAP/analysis/process_fingerprints/build_invivo_process_fingerprints.R	3	file.path(script_dir, "run_invivo_process_analysis.R")	source
oxygen/code/O2_supply_demand_MAP/analysis/process_fingerprints/build_invivo_process_fingerprints.R	6	file.path(script_dir, "run_invivo_process_analysis.R")	source
oxygen/code/O2_supply_demand_MAP/analysis/process_fingerprints/build_ploidy_regime_fingerprints.R	1	file.path(script_dir, "run_invivo_ploidy_regime_analysis.R")	source
oxygen/code/O2_supply_demand_MAP/analysis/process_fingerprints/build_ploidy_regime_fingerprints.R	2	file.path(script_dir, "run_invivo_ploidy_regime_analysis.R")	source
oxygen/code/O2_supply_demand_MAP/analysis/process_fingerprints/build_ploidy_regime_fingerprints.R	3	file.path(script_dir, "run_invivo_ploidy_regime_analysis.R")	source
oxygen/code/O2_supply_demand_MAP/analysis/process_fingerprints/build_ploidy_regime_fingerprints.R	6	file.path(script_dir, "run_invivo_ploidy_regime_analysis.R")	source
oxygen/code/O2_supply_demand_MAP/analysis/process_fingerprints/cluster_invivo_process_fingerprints.R	1	file.path(script_dir, "run_invivo_process_analysis.R")	source
oxygen/code/O2_supply_demand_MAP/analysis/process_fingerprints/cluster_invivo_process_fingerprints.R	2	file.path(script_dir, "run_invivo_process_analysis.R")	source
oxygen/code/O2_supply_demand_MAP/analysis/process_fingerprints/cluster_invivo_process_fingerprints.R	3	file.path(script_dir, "run_invivo_process_analysis.R")	source
oxygen/code/O2_supply_demand_MAP/analysis/process_fingerprints/cluster_invivo_process_fingerprints.R	6	file.path(script_dir, "run_invivo_process_analysis.R")	source
oxygen/code/O2_supply_demand_MAP/analysis/process_fingerprints/ploidy_regime_utils.R	1	file.path(ploidy_regime_workflow_root, "util", "o2_supply_demand_map_ploidy_regime_utils.R")	source
oxygen/code/O2_supply_demand_MAP/analysis/process_fingerprints/ploidy_regime_utils.R	2	file.path(ploidy_regime_workflow_root, "util", "o2_supply_demand_map_ploidy_regime_utils.R")	source
oxygen/code/O2_supply_demand_MAP/analysis/process_fingerprints/ploidy_regime_utils.R	6	file.path(ploidy_regime_workflow_root, "util", "o2_supply_demand_map_ploidy_regime_utils.R")	source
oxygen/code/O2_supply_demand_MAP/analysis/process_fingerprints/ploidy_regime_utils.R	23	file.path(ploidy_regime_workflow_root, "util", "o2_supply_demand_map_ploidy_regime_utils.R")	source
oxygen/code/O2_supply_demand_MAP/analysis/process_fingerprints/process_fingerprint_utils.R	1	file.path(process_fingerprint_workflow_root, "util", "o2_supply_demand_map_process_fingerprint_utils.R")	source
oxygen/code/O2_supply_demand_MAP/analysis/process_fingerprints/process_fingerprint_utils.R	2	file.path(process_fingerprint_workflow_root, "util", "o2_supply_demand_map_process_fingerprint_utils.R")	source
oxygen/code/O2_supply_demand_MAP/analysis/process_fingerprints/process_fingerprint_utils.R	6	file.path(process_fingerprint_workflow_root, "util", "o2_supply_demand_map_process_fingerprint_utils.R")	source
oxygen/code/O2_supply_demand_MAP/analysis/process_fingerprints/process_fingerprint_utils.R	23	file.path(process_fingerprint_workflow_root, "util", "o2_supply_demand_map_process_fingerprint_utils.R")	source
oxygen/code/O2_supply_demand_MAP/analysis/process_fingerprints/run_invivo_ploidy_regime_analysis.R	1	file.path(WORKFLOW_ROOT, "simulation", "process_fingerprints", "generate_process_fingerprint_outputs.R")	source
oxygen/code/O2_supply_demand_MAP/analysis/process_fingerprints/run_invivo_ploidy_regime_analysis.R	1	file.path(SCRIPT_DIR, "analyze_invivo_ploidy_regimes.R")	source
oxygen/code/O2_supply_demand_MAP/analysis/process_fingerprints/run_invivo_ploidy_regime_analysis.R	1	file.path(WORKFLOW_ROOT, "vis", "process_fingerprints", "plot_invivo_ploidy_regimes.R")	source
oxygen/code/O2_supply_demand_MAP/analysis/process_fingerprints/run_invivo_ploidy_regime_analysis.R	1	file.path(WORKFLOW_ROOT, "report", "process_fingerprints", "render_invivo_ploidy_regime_report.R")	source
oxygen/code/O2_supply_demand_MAP/analysis/process_fingerprints/run_invivo_ploidy_regime_analysis.R	2	file.path(WORKFLOW_ROOT, "simulation", "process_fingerprints", "generate_process_fingerprint_outputs.R")	source
oxygen/code/O2_supply_demand_MAP/analysis/process_fingerprints/run_invivo_ploidy_regime_analysis.R	2	file.path(SCRIPT_DIR, "analyze_invivo_ploidy_regimes.R")	source
oxygen/code/O2_supply_demand_MAP/analysis/process_fingerprints/run_invivo_ploidy_regime_analysis.R	2	file.path(WORKFLOW_ROOT, "vis", "process_fingerprints", "plot_invivo_ploidy_regimes.R")	source
oxygen/code/O2_supply_demand_MAP/analysis/process_fingerprints/run_invivo_ploidy_regime_analysis.R	2	file.path(WORKFLOW_ROOT, "report", "process_fingerprints", "render_invivo_ploidy_regime_report.R")	source
oxygen/code/O2_supply_demand_MAP/analysis/process_fingerprints/run_invivo_ploidy_regime_analysis.R	6	file.path(WORKFLOW_ROOT, "simulation", "process_fingerprints", "generate_process_fingerprint_outputs.R")	source
oxygen/code/O2_supply_demand_MAP/analysis/process_fingerprints/run_invivo_ploidy_regime_analysis.R	6	file.path(SCRIPT_DIR, "analyze_invivo_ploidy_regimes.R")	source
oxygen/code/O2_supply_demand_MAP/analysis/process_fingerprints/run_invivo_ploidy_regime_analysis.R	6	file.path(WORKFLOW_ROOT, "vis", "process_fingerprints", "plot_invivo_ploidy_regimes.R")	source
oxygen/code/O2_supply_demand_MAP/analysis/process_fingerprints/run_invivo_ploidy_regime_analysis.R	6	file.path(WORKFLOW_ROOT, "report", "process_fingerprints", "render_invivo_ploidy_regime_report.R")	source
oxygen/code/O2_supply_demand_MAP/analysis/process_fingerprints/run_invivo_ploidy_regime_analysis.R	25	file.path(WORKFLOW_ROOT, "simulation", "process_fingerprints", "generate_process_fingerprint_outputs.R")	source
oxygen/code/O2_supply_demand_MAP/analysis/process_fingerprints/run_invivo_ploidy_regime_analysis.R	25	file.path(SCRIPT_DIR, "analyze_invivo_ploidy_regimes.R")	source
oxygen/code/O2_supply_demand_MAP/analysis/process_fingerprints/run_invivo_ploidy_regime_analysis.R	25	file.path(WORKFLOW_ROOT, "vis", "process_fingerprints", "plot_invivo_ploidy_regimes.R")	source
oxygen/code/O2_supply_demand_MAP/analysis/process_fingerprints/run_invivo_ploidy_regime_analysis.R	25	file.path(WORKFLOW_ROOT, "report", "process_fingerprints", "render_invivo_ploidy_regime_report.R")	source
oxygen/code/O2_supply_demand_MAP/analysis/process_fingerprints/run_invivo_process_analysis.R	1	file.path(WORKFLOW_ROOT, "simulation", "process_fingerprints", "generate_process_fingerprint_outputs.R")	source
oxygen/code/O2_supply_demand_MAP/analysis/process_fingerprints/run_invivo_process_analysis.R	1	file.path(SCRIPT_DIR, "analyze_invivo_process_fingerprints.R")	source
oxygen/code/O2_supply_demand_MAP/analysis/process_fingerprints/run_invivo_process_analysis.R	1	file.path(WORKFLOW_ROOT, "vis", "process_fingerprints", "plot_invivo_process_fingerprints.R")	source
oxygen/code/O2_supply_demand_MAP/analysis/process_fingerprints/run_invivo_process_analysis.R	1	file.path(WORKFLOW_ROOT, "report", "process_fingerprints", "render_invivo_process_fingerprint_report.R")	source
oxygen/code/O2_supply_demand_MAP/analysis/process_fingerprints/run_invivo_process_analysis.R	2	file.path(WORKFLOW_ROOT, "simulation", "process_fingerprints", "generate_process_fingerprint_outputs.R")	source
oxygen/code/O2_supply_demand_MAP/analysis/process_fingerprints/run_invivo_process_analysis.R	2	file.path(SCRIPT_DIR, "analyze_invivo_process_fingerprints.R")	source
oxygen/code/O2_supply_demand_MAP/analysis/process_fingerprints/run_invivo_process_analysis.R	2	file.path(WORKFLOW_ROOT, "vis", "process_fingerprints", "plot_invivo_process_fingerprints.R")	source
oxygen/code/O2_supply_demand_MAP/analysis/process_fingerprints/run_invivo_process_analysis.R	2	file.path(WORKFLOW_ROOT, "report", "process_fingerprints", "render_invivo_process_fingerprint_report.R")	source
oxygen/code/O2_supply_demand_MAP/analysis/process_fingerprints/run_invivo_process_analysis.R	7	file.path(WORKFLOW_ROOT, "simulation", "process_fingerprints", "generate_process_fingerprint_outputs.R")	source
oxygen/code/O2_supply_demand_MAP/analysis/process_fingerprints/run_invivo_process_analysis.R	7	file.path(SCRIPT_DIR, "analyze_invivo_process_fingerprints.R")	source
oxygen/code/O2_supply_demand_MAP/analysis/process_fingerprints/run_invivo_process_analysis.R	7	file.path(WORKFLOW_ROOT, "vis", "process_fingerprints", "plot_invivo_process_fingerprints.R")	source
oxygen/code/O2_supply_demand_MAP/analysis/process_fingerprints/run_invivo_process_analysis.R	7	file.path(WORKFLOW_ROOT, "report", "process_fingerprints", "render_invivo_process_fingerprint_report.R")	source
oxygen/code/O2_supply_demand_MAP/analysis/process_fingerprints/run_invivo_process_analysis.R	26	file.path(WORKFLOW_ROOT, "simulation", "process_fingerprints", "generate_process_fingerprint_outputs.R")	source
oxygen/code/O2_supply_demand_MAP/analysis/process_fingerprints/run_invivo_process_analysis.R	26	file.path(SCRIPT_DIR, "analyze_invivo_process_fingerprints.R")	source
oxygen/code/O2_supply_demand_MAP/analysis/process_fingerprints/run_invivo_process_analysis.R	26	file.path(WORKFLOW_ROOT, "vis", "process_fingerprints", "plot_invivo_process_fingerprints.R")	source
oxygen/code/O2_supply_demand_MAP/analysis/process_fingerprints/run_invivo_process_analysis.R	26	file.path(WORKFLOW_ROOT, "report", "process_fingerprints", "render_invivo_process_fingerprint_report.R")	source
oxygen/code/O2_supply_demand_MAP/analysis/profile_likelihood/collect_profile_likelihood_results.R	1	file.path(WORKFLOW_ROOT, "util", "o2_supply_demand_map_shared.R")	source
oxygen/code/O2_supply_demand_MAP/analysis/profile_likelihood/collect_profile_likelihood_results.R	2	file.path(WORKFLOW_ROOT, "util", "o2_supply_demand_map_shared.R")	source
oxygen/code/O2_supply_demand_MAP/analysis/profile_likelihood/collect_profile_likelihood_results.R	7	file.path(WORKFLOW_ROOT, "util", "o2_supply_demand_map_shared.R")	source
oxygen/code/O2_supply_demand_MAP/analysis/profile_likelihood/collect_profile_likelihood_results.R	28	file.path(WORKFLOW_ROOT, "util", "o2_supply_demand_map_shared.R")	source
oxygen/code/O2_supply_demand_MAP/analysis/profile_likelihood/compare_sigma_burden_live_effective_pms.R	1	file.path(WORKFLOW_ROOT, "util", "o2_supply_demand_map_shared.R")	source
oxygen/code/O2_supply_demand_MAP/analysis/profile_likelihood/compare_sigma_burden_live_effective_pms.R	2	file.path(WORKFLOW_ROOT, "util", "o2_supply_demand_map_shared.R")	source
oxygen/code/O2_supply_demand_MAP/analysis/profile_likelihood/compare_sigma_burden_live_effective_pms.R	19	file.path(WORKFLOW_ROOT, "util", "o2_supply_demand_map_shared.R")	source
oxygen/code/O2_supply_demand_MAP/analysis/profile_likelihood/compare_sigma_burden_live_effective_pms.R	44	file.path(WORKFLOW_ROOT, "util", "o2_supply_demand_map_shared.R")	source
oxygen/code/O2_supply_demand_MAP/analysis/warm_up_joint_fitting_results_extra/warm_up_joint_fitting_results_extra.R	1	file.path(.o2mw_warm_legacy_root, "runner", "multi_warmup", "run_warm_up_joint_results_pipeline.R")	sys.source
oxygen/code/O2_supply_demand_MAP/analysis/warm_up_joint_fitting_results_extra/warm_up_joint_fitting_results_extra.R	2	file.path(.o2mw_warm_legacy_root, "runner", "multi_warmup", "run_warm_up_joint_results_pipeline.R")	sys.source
oxygen/code/O2_supply_demand_MAP/analysis/warm_up_joint_fitting_results_extra/warm_up_joint_fitting_results_extra.R	6	file.path(.o2mw_warm_legacy_root, "runner", "multi_warmup", "run_warm_up_joint_results_pipeline.R")	sys.source
oxygen/code/O2_supply_demand_MAP/analysis/warm_up_joint_fitting_results_extra/warm_up_joint_fitting_results_extra.R	15	file.path(.o2mw_warm_legacy_root, "runner", "multi_warmup", "run_warm_up_joint_results_pipeline.R")	sys.source
oxygen/code/O2_supply_demand_MAP/hpc/fixo2_eigen_attractor/fixo2_eigen_attractor_hpc_task.R	1	file.path(workflow_root, "simulation", "o2", "fixed_o2", "eigen_attractor", "build_fixo2_eigen_attractor_features.R")	sys.source
oxygen/code/O2_supply_demand_MAP/hpc/fixo2_eigen_attractor/fixo2_eigen_attractor_hpc_task.R	2	file.path(workflow_root, "simulation", "o2", "fixed_o2", "eigen_attractor", "build_fixo2_eigen_attractor_features.R")	sys.source
oxygen/code/O2_supply_demand_MAP/hpc/fixo2_eigen_attractor/fixo2_eigen_attractor_hpc_task.R	3	file.path(workflow_root, "simulation", "o2", "fixed_o2", "eigen_attractor", "build_fixo2_eigen_attractor_features.R")	sys.source
oxygen/code/O2_supply_demand_MAP/hpc/fixo2_eigen_attractor/fixo2_eigen_attractor_hpc_task.R	16	file.path(workflow_root, "simulation", "o2", "fixed_o2", "eigen_attractor", "build_fixo2_eigen_attractor_features.R")	sys.source
oxygen/code/O2_supply_demand_MAP/model/model_O2_supply_demand_MAP.R	1	file.path(.ALIGN_WORKFLOW_ROOT, "util", "o2_supply_demand_map_common_semantics.R")	source
oxygen/code/O2_supply_demand_MAP/model/model_O2_supply_demand_MAP.R	22	wrapper_path	source
oxygen/code/O2_supply_demand_MAP/model/model_O2_supply_demand_MAP.R	47	file.path(.ALIGN_WORKFLOW_ROOT, "util", "o2_supply_demand_map_common_semantics.R")	source
oxygen/code/O2_supply_demand_MAP/model/model_O2_supply_demand_MAP.R	209	wrapper_path	source
oxygen/code/O2_supply_demand_MAP/optimizer/auto_calibrate_boundary_params.R	1	file.path(WORKFLOW_ROOT, "util", "o2_supply_demand_map_shared.R")	source
oxygen/code/O2_supply_demand_MAP/optimizer/auto_calibrate_boundary_params.R	1	file.path(WORKFLOW_ROOT, "util", "o2_supply_demand_map_common_semantics.R")	source
oxygen/code/O2_supply_demand_MAP/optimizer/auto_calibrate_boundary_params.R	2	file.path(WORKFLOW_ROOT, "util", "o2_supply_demand_map_shared.R")	source
oxygen/code/O2_supply_demand_MAP/optimizer/auto_calibrate_boundary_params.R	2	file.path(WORKFLOW_ROOT, "util", "o2_supply_demand_map_common_semantics.R")	source
oxygen/code/O2_supply_demand_MAP/optimizer/auto_calibrate_boundary_params.R	9	file.path(WORKFLOW_ROOT, "util", "o2_supply_demand_map_shared.R")	source
oxygen/code/O2_supply_demand_MAP/optimizer/auto_calibrate_boundary_params.R	9	file.path(WORKFLOW_ROOT, "util", "o2_supply_demand_map_common_semantics.R")	source
oxygen/code/O2_supply_demand_MAP/optimizer/auto_calibrate_boundary_params.R	30	file.path(WORKFLOW_ROOT, "util", "o2_supply_demand_map_shared.R")	source
oxygen/code/O2_supply_demand_MAP/optimizer/auto_calibrate_boundary_params.R	30	file.path(WORKFLOW_ROOT, "util", "o2_supply_demand_map_common_semantics.R")	source
oxygen/code/O2_supply_demand_MAP/optimizer/fit_model_O2_supply_demand_MAP.R	1	file.path(WORKFLOW_ROOT, "util", "o2_supply_demand_map_shared.R")	source
oxygen/code/O2_supply_demand_MAP/optimizer/fit_model_O2_supply_demand_MAP.R	1	file.path(WORKFLOW_ROOT, "util", "o2_supply_demand_map_common_semantics.R")	source
oxygen/code/O2_supply_demand_MAP/optimizer/fit_model_O2_supply_demand_MAP.R	2	file.path(WORKFLOW_ROOT, "util", "o2_supply_demand_map_shared.R")	source
oxygen/code/O2_supply_demand_MAP/optimizer/fit_model_O2_supply_demand_MAP.R	2	file.path(WORKFLOW_ROOT, "util", "o2_supply_demand_map_common_semantics.R")	source
oxygen/code/O2_supply_demand_MAP/optimizer/fit_model_O2_supply_demand_MAP.R	3	file.path(WORKFLOW_ROOT, "util", "o2_supply_demand_map_shared.R")	source
oxygen/code/O2_supply_demand_MAP/optimizer/fit_model_O2_supply_demand_MAP.R	3	file.path(WORKFLOW_ROOT, "util", "o2_supply_demand_map_common_semantics.R")	source
oxygen/code/O2_supply_demand_MAP/optimizer/fit_model_O2_supply_demand_MAP.R	23	script_path	sys.source
oxygen/code/O2_supply_demand_MAP/optimizer/fit_model_O2_supply_demand_MAP.R	24	file.path(WORKFLOW_ROOT, "util", "o2_supply_demand_map_shared.R")	source
oxygen/code/O2_supply_demand_MAP/optimizer/fit_model_O2_supply_demand_MAP.R	24	file.path(WORKFLOW_ROOT, "util", "o2_supply_demand_map_common_semantics.R")	source
oxygen/code/O2_supply_demand_MAP/optimizer/fit_model_O2_supply_demand_MAP.R	78	script_path	sys.source
oxygen/code/O2_supply_demand_MAP/optimizer/profile_likelihood_O2_supply_demand_MAP.R	1	file.path(WORKFLOW_ROOT, "util", "o2_supply_demand_map_shared.R")	source
oxygen/code/O2_supply_demand_MAP/optimizer/profile_likelihood_O2_supply_demand_MAP.R	2	file.path(WORKFLOW_ROOT, "util", "o2_supply_demand_map_shared.R")	source
oxygen/code/O2_supply_demand_MAP/optimizer/profile_likelihood_O2_supply_demand_MAP.R	33	file.path(WORKFLOW_ROOT, "util", "o2_supply_demand_map_shared.R")	source
oxygen/code/O2_supply_demand_MAP/optimizer/profile_likelihood_O2_supply_demand_MAP.R	54	file.path(WORKFLOW_ROOT, "util", "o2_supply_demand_map_shared.R")	source
oxygen/code/O2_supply_demand_MAP/report/combined_fixo2_eigen/render_fixo2_eigen_attractor_embedding_curve_class_report.R	1	file.path(UTIL_DIR, "o2_supply_demand_map_bpf_path_utils.R")	source
oxygen/code/O2_supply_demand_MAP/report/combined_fixo2_eigen/render_fixo2_eigen_attractor_embedding_curve_class_report.R	1	file.path(UTIL_DIR, "o2_supply_demand_map_bpf_cli_utils.R")	source
oxygen/code/O2_supply_demand_MAP/report/combined_fixo2_eigen/render_fixo2_eigen_attractor_embedding_curve_class_report.R	1	file.path(UTIL_DIR, "o2_supply_demand_map_html_utils.R")	source
oxygen/code/O2_supply_demand_MAP/report/combined_fixo2_eigen/render_fixo2_eigen_attractor_embedding_curve_class_report.R	2	file.path(UTIL_DIR, "o2_supply_demand_map_bpf_path_utils.R")	source
oxygen/code/O2_supply_demand_MAP/report/combined_fixo2_eigen/render_fixo2_eigen_attractor_embedding_curve_class_report.R	2	file.path(UTIL_DIR, "o2_supply_demand_map_bpf_cli_utils.R")	source
oxygen/code/O2_supply_demand_MAP/report/combined_fixo2_eigen/render_fixo2_eigen_attractor_embedding_curve_class_report.R	2	file.path(UTIL_DIR, "o2_supply_demand_map_html_utils.R")	source
oxygen/code/O2_supply_demand_MAP/report/combined_fixo2_eigen/render_fixo2_eigen_attractor_embedding_curve_class_report.R	5	file.path(UTIL_DIR, "o2_supply_demand_map_bpf_path_utils.R")	source
oxygen/code/O2_supply_demand_MAP/report/combined_fixo2_eigen/render_fixo2_eigen_attractor_embedding_curve_class_report.R	5	file.path(UTIL_DIR, "o2_supply_demand_map_bpf_cli_utils.R")	source
oxygen/code/O2_supply_demand_MAP/report/combined_fixo2_eigen/render_fixo2_eigen_attractor_embedding_curve_class_report.R	5	file.path(UTIL_DIR, "o2_supply_demand_map_html_utils.R")	source
oxygen/code/O2_supply_demand_MAP/report/combined_fixo2_eigen/render_fixo2_eigen_attractor_embedding_curve_class_report.R	12	file.path(UTIL_DIR, "o2_supply_demand_map_bpf_path_utils.R")	source
oxygen/code/O2_supply_demand_MAP/report/combined_fixo2_eigen/render_fixo2_eigen_attractor_embedding_curve_class_report.R	12	file.path(UTIL_DIR, "o2_supply_demand_map_bpf_cli_utils.R")	source
oxygen/code/O2_supply_demand_MAP/report/combined_fixo2_eigen/render_fixo2_eigen_attractor_embedding_curve_class_report.R	12	file.path(UTIL_DIR, "o2_supply_demand_map_html_utils.R")	source
oxygen/code/O2_supply_demand_MAP/report/combined_parameter_landscape/render_combined_parameter_landscape_report.R	1	file.path(.combined_report_root, "util", "o2_supply_demand_map_combined_landscape_utils.R")	source
oxygen/code/O2_supply_demand_MAP/report/combined_parameter_landscape/render_combined_parameter_landscape_report.R	1	file.path(.combined_report_root, "util", "o2_supply_demand_map_html_utils.R")	source
oxygen/code/O2_supply_demand_MAP/report/combined_parameter_landscape/render_combined_parameter_landscape_report.R	2	file.path(.combined_report_root, "util", "o2_supply_demand_map_combined_landscape_utils.R")	source
oxygen/code/O2_supply_demand_MAP/report/combined_parameter_landscape/render_combined_parameter_landscape_report.R	2	file.path(.combined_report_root, "util", "o2_supply_demand_map_html_utils.R")	source
oxygen/code/O2_supply_demand_MAP/report/combined_parameter_landscape/render_combined_parameter_landscape_report.R	3	file.path(.combined_report_root, "util", "o2_supply_demand_map_combined_landscape_utils.R")	source
oxygen/code/O2_supply_demand_MAP/report/combined_parameter_landscape/render_combined_parameter_landscape_report.R	3	file.path(.combined_report_root, "util", "o2_supply_demand_map_html_utils.R")	source
oxygen/code/O2_supply_demand_MAP/report/combined_parameter_landscape/render_combined_parameter_landscape_report.R	7	file.path(.combined_report_root, "util", "o2_supply_demand_map_combined_landscape_utils.R")	source
oxygen/code/O2_supply_demand_MAP/report/combined_parameter_landscape/render_combined_parameter_landscape_report.R	7	file.path(.combined_report_root, "util", "o2_supply_demand_map_html_utils.R")	source
oxygen/code/O2_supply_demand_MAP/report/dense_grid_monotonicity/render_dense_grid_report.R	1	file.path(.dense_report_root, "util", "o2_supply_demand_map_dense_grid_utils.R")	source
oxygen/code/O2_supply_demand_MAP/report/dense_grid_monotonicity/render_dense_grid_report.R	1	file.path(.dense_report_root, "report", "parameter_landscape", "parameter_landscape_report_utils.R")	source
oxygen/code/O2_supply_demand_MAP/report/dense_grid_monotonicity/render_dense_grid_report.R	2	file.path(.dense_report_root, "util", "o2_supply_demand_map_dense_grid_utils.R")	source
oxygen/code/O2_supply_demand_MAP/report/dense_grid_monotonicity/render_dense_grid_report.R	2	file.path(.dense_report_root, "report", "parameter_landscape", "parameter_landscape_report_utils.R")	source
oxygen/code/O2_supply_demand_MAP/report/dense_grid_monotonicity/render_dense_grid_report.R	3	file.path(.dense_report_root, "util", "o2_supply_demand_map_dense_grid_utils.R")	source
oxygen/code/O2_supply_demand_MAP/report/dense_grid_monotonicity/render_dense_grid_report.R	3	file.path(.dense_report_root, "report", "parameter_landscape", "parameter_landscape_report_utils.R")	source
oxygen/code/O2_supply_demand_MAP/report/dense_grid_monotonicity/render_dense_grid_report.R	7	file.path(.dense_report_root, "util", "o2_supply_demand_map_dense_grid_utils.R")	source
oxygen/code/O2_supply_demand_MAP/report/dense_grid_monotonicity/render_dense_grid_report.R	7	file.path(.dense_report_root, "report", "parameter_landscape", "parameter_landscape_report_utils.R")	source
oxygen/code/O2_supply_demand_MAP/report/fit_results/render_extra_results_report.R	1	file.path(WORKFLOW_ROOT, "util", "o2_supply_demand_map_shared.R")	source
oxygen/code/O2_supply_demand_MAP/report/fit_results/render_extra_results_report.R	1	file.path(WORKFLOW_ROOT, "util", "o2_supply_demand_map_html_utils.R")	source
oxygen/code/O2_supply_demand_MAP/report/fit_results/render_extra_results_report.R	1	file.path(WORKFLOW_ROOT, "util", "o2_supply_demand_map_report_utils.R")	source
oxygen/code/O2_supply_demand_MAP/report/fit_results/render_extra_results_report.R	1	file.path(WORKFLOW_ROOT, "report", "run_provenance_report.R")	source
oxygen/code/O2_supply_demand_MAP/report/fit_results/render_extra_results_report.R	2	file.path(WORKFLOW_ROOT, "util", "o2_supply_demand_map_shared.R")	source
oxygen/code/O2_supply_demand_MAP/report/fit_results/render_extra_results_report.R	2	file.path(WORKFLOW_ROOT, "util", "o2_supply_demand_map_html_utils.R")	source
oxygen/code/O2_supply_demand_MAP/report/fit_results/render_extra_results_report.R	2	file.path(WORKFLOW_ROOT, "util", "o2_supply_demand_map_report_utils.R")	source
oxygen/code/O2_supply_demand_MAP/report/fit_results/render_extra_results_report.R	2	file.path(WORKFLOW_ROOT, "report", "run_provenance_report.R")	source
oxygen/code/O2_supply_demand_MAP/report/fit_results/render_extra_results_report.R	3	file.path(WORKFLOW_ROOT, "util", "o2_supply_demand_map_shared.R")	source
oxygen/code/O2_supply_demand_MAP/report/fit_results/render_extra_results_report.R	3	file.path(WORKFLOW_ROOT, "util", "o2_supply_demand_map_html_utils.R")	source
oxygen/code/O2_supply_demand_MAP/report/fit_results/render_extra_results_report.R	3	file.path(WORKFLOW_ROOT, "util", "o2_supply_demand_map_report_utils.R")	source
oxygen/code/O2_supply_demand_MAP/report/fit_results/render_extra_results_report.R	3	file.path(WORKFLOW_ROOT, "report", "run_provenance_report.R")	source
oxygen/code/O2_supply_demand_MAP/report/fit_results/render_extra_results_report.R	24	file.path(WORKFLOW_ROOT, "util", "o2_supply_demand_map_shared.R")	source
oxygen/code/O2_supply_demand_MAP/report/fit_results/render_extra_results_report.R	24	file.path(WORKFLOW_ROOT, "util", "o2_supply_demand_map_html_utils.R")	source
oxygen/code/O2_supply_demand_MAP/report/fit_results/render_extra_results_report.R	24	file.path(WORKFLOW_ROOT, "util", "o2_supply_demand_map_report_utils.R")	source
oxygen/code/O2_supply_demand_MAP/report/fit_results/render_extra_results_report.R	24	file.path(WORKFLOW_ROOT, "report", "run_provenance_report.R")	source
oxygen/code/O2_supply_demand_MAP/report/fit_results/render_joint_sigma_soft_coupled_paired_seeds_report.R	1	file.path(WORKFLOW_ROOT, "util", "o2_supply_demand_map_fit_results_utils.R")	source
oxygen/code/O2_supply_demand_MAP/report/fit_results/render_joint_sigma_soft_coupled_paired_seeds_report.R	1	file.path(WORKFLOW_ROOT, "util", "o2_supply_demand_map_html_utils.R")	source
oxygen/code/O2_supply_demand_MAP/report/fit_results/render_joint_sigma_soft_coupled_paired_seeds_report.R	2	file.path(WORKFLOW_ROOT, "util", "o2_supply_demand_map_fit_results_utils.R")	source
oxygen/code/O2_supply_demand_MAP/report/fit_results/render_joint_sigma_soft_coupled_paired_seeds_report.R	2	file.path(WORKFLOW_ROOT, "util", "o2_supply_demand_map_html_utils.R")	source
oxygen/code/O2_supply_demand_MAP/report/fit_results/render_joint_sigma_soft_coupled_paired_seeds_report.R	3	file.path(WORKFLOW_ROOT, "util", "o2_supply_demand_map_fit_results_utils.R")	source
oxygen/code/O2_supply_demand_MAP/report/fit_results/render_joint_sigma_soft_coupled_paired_seeds_report.R	3	file.path(WORKFLOW_ROOT, "util", "o2_supply_demand_map_html_utils.R")	source
oxygen/code/O2_supply_demand_MAP/report/fit_results/render_joint_sigma_soft_coupled_paired_seeds_report.R	6	file.path(WORKFLOW_ROOT, "util", "o2_supply_demand_map_fit_results_utils.R")	source
oxygen/code/O2_supply_demand_MAP/report/fit_results/render_joint_sigma_soft_coupled_paired_seeds_report.R	6	file.path(WORKFLOW_ROOT, "util", "o2_supply_demand_map_html_utils.R")	source
oxygen/code/O2_supply_demand_MAP/report/fixed_o2_eigen/render_fixo2_eigen_attractor_report.R	1	file.path(.fixo2ea_report_workflow_root, "util", "o2_supply_demand_map_eigen_attractor_utils.R")	source
oxygen/code/O2_supply_demand_MAP/report/fixed_o2_eigen/render_fixo2_eigen_attractor_report.R	1	file.path(.fixo2ea_report_workflow_root, "util", "o2_supply_demand_map_html_utils.R")	source
oxygen/code/O2_supply_demand_MAP/report/fixed_o2_eigen/render_fixo2_eigen_attractor_report.R	2	file.path(.fixo2ea_report_workflow_root, "util", "o2_supply_demand_map_eigen_attractor_utils.R")	source
oxygen/code/O2_supply_demand_MAP/report/fixed_o2_eigen/render_fixo2_eigen_attractor_report.R	2	file.path(.fixo2ea_report_workflow_root, "util", "o2_supply_demand_map_html_utils.R")	source
oxygen/code/O2_supply_demand_MAP/report/fixed_o2_eigen/render_fixo2_eigen_attractor_report.R	5	file.path(.fixo2ea_report_workflow_root, "util", "o2_supply_demand_map_eigen_attractor_utils.R")	source
oxygen/code/O2_supply_demand_MAP/report/fixed_o2_eigen/render_fixo2_eigen_attractor_report.R	5	file.path(.fixo2ea_report_workflow_root, "util", "o2_supply_demand_map_html_utils.R")	source
oxygen/code/O2_supply_demand_MAP/report/fixed_o2_eigen/render_fixo2_eigen_attractor_report.R	26	file.path(.fixo2ea_report_workflow_root, "util", "o2_supply_demand_map_eigen_attractor_utils.R")	source
oxygen/code/O2_supply_demand_MAP/report/fixed_o2_eigen/render_fixo2_eigen_attractor_report.R	26	file.path(.fixo2ea_report_workflow_root, "util", "o2_supply_demand_map_html_utils.R")	source
oxygen/code/O2_supply_demand_MAP/report/fixed_o2/render_fixed_o2_report.R	1	file.path(.fixo2_report_script_dir, "..", "render_fixo2_invivo_report.R")	sys.source
oxygen/code/O2_supply_demand_MAP/report/fixed_o2/render_fixed_o2_report.R	2	file.path(.fixo2_report_script_dir, "..", "render_fixo2_invivo_report.R")	sys.source
oxygen/code/O2_supply_demand_MAP/report/fixed_o2/render_fixed_o2_report.R	5	file.path(.fixo2_report_script_dir, "..", "render_fixo2_invivo_report.R")	sys.source
oxygen/code/O2_supply_demand_MAP/report/fixed_o2/render_fixed_o2_report.R	24	file.path(.fixo2_report_script_dir, "..", "render_fixo2_invivo_report.R")	sys.source
oxygen/code/O2_supply_demand_MAP/report/joint_coupling/render_joint_coupling_report.R	1	file.path(UTIL_DIR, "o2_supply_demand_map_html_utils.R")	source
oxygen/code/O2_supply_demand_MAP/report/joint_coupling/render_joint_coupling_report.R	1	file.path(UTIL_DIR, "o2_supply_demand_map_report_utils.R")	source
oxygen/code/O2_supply_demand_MAP/report/joint_coupling/render_joint_coupling_report.R	7	file.path(UTIL_DIR, "o2_supply_demand_map_html_utils.R")	source
oxygen/code/O2_supply_demand_MAP/report/joint_coupling/render_joint_coupling_report.R	7	file.path(UTIL_DIR, "o2_supply_demand_map_report_utils.R")	source
oxygen/code/O2_supply_demand_MAP/report/joint_coupling/render_joint_coupling_report.R	79	file.path(UTIL_DIR, "o2_supply_demand_map_html_utils.R")	source
oxygen/code/O2_supply_demand_MAP/report/joint_coupling/render_joint_coupling_report.R	79	file.path(UTIL_DIR, "o2_supply_demand_map_report_utils.R")	source
oxygen/code/O2_supply_demand_MAP/report/migrate_existing_html_report_lightboxes.R	1	file.path(.o2sd_migration_workflow_root, "util", "o2_supply_demand_map_html_utils.R")	source
oxygen/code/O2_supply_demand_MAP/report/migrate_existing_html_report_lightboxes.R	2	file.path(.o2sd_migration_workflow_root, "util", "o2_supply_demand_map_html_utils.R")	source
oxygen/code/O2_supply_demand_MAP/report/migrate_existing_html_report_lightboxes.R	6	file.path(.o2sd_migration_workflow_root, "util", "o2_supply_demand_map_html_utils.R")	source
oxygen/code/O2_supply_demand_MAP/report/migrate_existing_html_report_lightboxes.R	23	file.path(.o2sd_migration_workflow_root, "util", "o2_supply_demand_map_html_utils.R")	source
oxygen/code/O2_supply_demand_MAP/report/multi_warmup/render_multi_warmup_results_report.R	1	file.path(WORKFLOW_ROOT, "util", "o2_supply_demand_map_multi_warmup_utils.R")	source
oxygen/code/O2_supply_demand_MAP/report/multi_warmup/render_multi_warmup_results_report.R	1	file.path(WORKFLOW_ROOT, "util", "o2_supply_demand_map_html_utils.R")	source
oxygen/code/O2_supply_demand_MAP/report/multi_warmup/render_multi_warmup_results_report.R	1	file.path(WORKFLOW_ROOT, "util", "o2_supply_demand_map_report_utils.R")	source
oxygen/code/O2_supply_demand_MAP/report/multi_warmup/render_multi_warmup_results_report.R	1	file.path(WORKFLOW_ROOT, "report", "run_provenance_report.R")	source
oxygen/code/O2_supply_demand_MAP/report/multi_warmup/render_multi_warmup_results_report.R	2	file.path(WORKFLOW_ROOT, "util", "o2_supply_demand_map_multi_warmup_utils.R")	source
oxygen/code/O2_supply_demand_MAP/report/multi_warmup/render_multi_warmup_results_report.R	2	file.path(WORKFLOW_ROOT, "util", "o2_supply_demand_map_html_utils.R")	source
oxygen/code/O2_supply_demand_MAP/report/multi_warmup/render_multi_warmup_results_report.R	2	file.path(WORKFLOW_ROOT, "util", "o2_supply_demand_map_report_utils.R")	source
oxygen/code/O2_supply_demand_MAP/report/multi_warmup/render_multi_warmup_results_report.R	2	file.path(WORKFLOW_ROOT, "report", "run_provenance_report.R")	source
oxygen/code/O2_supply_demand_MAP/report/multi_warmup/render_multi_warmup_results_report.R	6	file.path(WORKFLOW_ROOT, "util", "o2_supply_demand_map_multi_warmup_utils.R")	source
oxygen/code/O2_supply_demand_MAP/report/multi_warmup/render_multi_warmup_results_report.R	6	file.path(WORKFLOW_ROOT, "util", "o2_supply_demand_map_html_utils.R")	source
oxygen/code/O2_supply_demand_MAP/report/multi_warmup/render_multi_warmup_results_report.R	6	file.path(WORKFLOW_ROOT, "util", "o2_supply_demand_map_report_utils.R")	source
oxygen/code/O2_supply_demand_MAP/report/multi_warmup/render_multi_warmup_results_report.R	6	file.path(WORKFLOW_ROOT, "report", "run_provenance_report.R")	source
oxygen/code/O2_supply_demand_MAP/report/multi_warmup/render_multi_warmup_results_report.R	32	file.path(WORKFLOW_ROOT, "util", "o2_supply_demand_map_multi_warmup_utils.R")	source
oxygen/code/O2_supply_demand_MAP/report/multi_warmup/render_multi_warmup_results_report.R	32	file.path(WORKFLOW_ROOT, "util", "o2_supply_demand_map_html_utils.R")	source
oxygen/code/O2_supply_demand_MAP/report/multi_warmup/render_multi_warmup_results_report.R	32	file.path(WORKFLOW_ROOT, "util", "o2_supply_demand_map_report_utils.R")	source
oxygen/code/O2_supply_demand_MAP/report/multi_warmup/render_multi_warmup_results_report.R	32	file.path(WORKFLOW_ROOT, "report", "run_provenance_report.R")	source
oxygen/code/O2_supply_demand_MAP/report/parameter_landscape/clustering_report.R	1	file.path(.o2pl_root, "util", "o2_supply_demand_map_parameter_landscape_io_utils.R")	source
oxygen/code/O2_supply_demand_MAP/report/parameter_landscape/clustering_report.R	1	file.path(.o2pl_report_dir, "parameter_landscape_report_utils.R")	source
oxygen/code/O2_supply_demand_MAP/report/parameter_landscape/clustering_report.R	2	file.path(.o2pl_root, "util", "o2_supply_demand_map_parameter_landscape_io_utils.R")	source
oxygen/code/O2_supply_demand_MAP/report/parameter_landscape/clustering_report.R	2	file.path(.o2pl_report_dir, "parameter_landscape_report_utils.R")	source
oxygen/code/O2_supply_demand_MAP/report/parameter_landscape/clustering_report.R	3	file.path(.o2pl_root, "util", "o2_supply_demand_map_parameter_landscape_io_utils.R")	source
oxygen/code/O2_supply_demand_MAP/report/parameter_landscape/clustering_report.R	3	file.path(.o2pl_report_dir, "parameter_landscape_report_utils.R")	source
oxygen/code/O2_supply_demand_MAP/report/parameter_landscape/clustering_report.R	7	file.path(.o2pl_root, "util", "o2_supply_demand_map_parameter_landscape_io_utils.R")	source
oxygen/code/O2_supply_demand_MAP/report/parameter_landscape/clustering_report.R	7	file.path(.o2pl_report_dir, "parameter_landscape_report_utils.R")	source
oxygen/code/O2_supply_demand_MAP/report/parameter_landscape/dominant_ploidy_parameter_contribution_report.R	1	file.path(.o2pl_root, "util", "o2_supply_demand_map_parameter_landscape_io_utils.R")	source
oxygen/code/O2_supply_demand_MAP/report/parameter_landscape/dominant_ploidy_parameter_contribution_report.R	1	file.path(.o2pl_report_dir, "parameter_landscape_report_utils.R")	source
oxygen/code/O2_supply_demand_MAP/report/parameter_landscape/dominant_ploidy_parameter_contribution_report.R	2	file.path(.o2pl_root, "util", "o2_supply_demand_map_parameter_landscape_io_utils.R")	source
oxygen/code/O2_supply_demand_MAP/report/parameter_landscape/dominant_ploidy_parameter_contribution_report.R	2	file.path(.o2pl_report_dir, "parameter_landscape_report_utils.R")	source
oxygen/code/O2_supply_demand_MAP/report/parameter_landscape/dominant_ploidy_parameter_contribution_report.R	3	file.path(.o2pl_root, "util", "o2_supply_demand_map_parameter_landscape_io_utils.R")	source
oxygen/code/O2_supply_demand_MAP/report/parameter_landscape/dominant_ploidy_parameter_contribution_report.R	3	file.path(.o2pl_report_dir, "parameter_landscape_report_utils.R")	source
oxygen/code/O2_supply_demand_MAP/report/parameter_landscape/dominant_ploidy_parameter_contribution_report.R	7	file.path(.o2pl_root, "util", "o2_supply_demand_map_parameter_landscape_io_utils.R")	source
oxygen/code/O2_supply_demand_MAP/report/parameter_landscape/dominant_ploidy_parameter_contribution_report.R	7	file.path(.o2pl_report_dir, "parameter_landscape_report_utils.R")	source
oxygen/code/O2_supply_demand_MAP/report/parameter_landscape/mode_parameter_contribution_report.R	1	file.path(.o2pl_root, "util", "o2_supply_demand_map_parameter_landscape_io_utils.R")	source
oxygen/code/O2_supply_demand_MAP/report/parameter_landscape/mode_parameter_contribution_report.R	1	file.path(.o2pl_report_dir, "parameter_landscape_report_utils.R")	source
oxygen/code/O2_supply_demand_MAP/report/parameter_landscape/mode_parameter_contribution_report.R	2	file.path(.o2pl_root, "util", "o2_supply_demand_map_parameter_landscape_io_utils.R")	source
oxygen/code/O2_supply_demand_MAP/report/parameter_landscape/mode_parameter_contribution_report.R	2	file.path(.o2pl_report_dir, "parameter_landscape_report_utils.R")	source
oxygen/code/O2_supply_demand_MAP/report/parameter_landscape/mode_parameter_contribution_report.R	3	file.path(.o2pl_root, "util", "o2_supply_demand_map_parameter_landscape_io_utils.R")	source
oxygen/code/O2_supply_demand_MAP/report/parameter_landscape/mode_parameter_contribution_report.R	3	file.path(.o2pl_report_dir, "parameter_landscape_report_utils.R")	source
oxygen/code/O2_supply_demand_MAP/report/parameter_landscape/mode_parameter_contribution_report.R	7	file.path(.o2pl_root, "util", "o2_supply_demand_map_parameter_landscape_io_utils.R")	source
oxygen/code/O2_supply_demand_MAP/report/parameter_landscape/mode_parameter_contribution_report.R	7	file.path(.o2pl_report_dir, "parameter_landscape_report_utils.R")	source
oxygen/code/O2_supply_demand_MAP/report/parameter_landscape/parameter_landscape_report_utils.R	1	file.path(.o2pl_report_utils_dir, "..", "..", "util", "o2_supply_demand_map_html_utils.R")	source
oxygen/code/O2_supply_demand_MAP/report/parameter_landscape/parameter_landscape_report_utils.R	2	file.path(.o2pl_report_utils_dir, "..", "..", "util", "o2_supply_demand_map_html_utils.R")	source
oxygen/code/O2_supply_demand_MAP/report/parameter_landscape/parameter_landscape_report_utils.R	5	file.path(.o2pl_report_utils_dir, "..", "..", "util", "o2_supply_demand_map_html_utils.R")	source
oxygen/code/O2_supply_demand_MAP/report/parameter_landscape/parameter_landscape_report_utils.R	17	file.path(.o2pl_report_utils_dir, "..", "..", "util", "o2_supply_demand_map_html_utils.R")	source
oxygen/code/O2_supply_demand_MAP/report/process_fingerprints/render_invivo_ploidy_regime_report.R	1	file.path(.ploidy_report_root, "util", "o2_supply_demand_map_process_fingerprint_utils.R")	source
oxygen/code/O2_supply_demand_MAP/report/process_fingerprints/render_invivo_ploidy_regime_report.R	2	file.path(.ploidy_report_root, "util", "o2_supply_demand_map_process_fingerprint_utils.R")	source
oxygen/code/O2_supply_demand_MAP/report/process_fingerprints/render_invivo_ploidy_regime_report.R	5	file.path(.ploidy_report_root, "util", "o2_supply_demand_map_process_fingerprint_utils.R")	source
oxygen/code/O2_supply_demand_MAP/report/process_fingerprints/render_invivo_ploidy_regime_report.R	11	file.path(.ploidy_report_root, "util", "o2_supply_demand_map_process_fingerprint_utils.R")	source
oxygen/code/O2_supply_demand_MAP/report/process_fingerprints/render_invivo_process_fingerprint_report.R	1	file.path(.process_report_root, "util", "o2_supply_demand_map_process_fingerprint_utils.R")	source
oxygen/code/O2_supply_demand_MAP/report/process_fingerprints/render_invivo_process_fingerprint_report.R	2	file.path(.process_report_root, "util", "o2_supply_demand_map_process_fingerprint_utils.R")	source
oxygen/code/O2_supply_demand_MAP/report/process_fingerprints/render_invivo_process_fingerprint_report.R	6	file.path(.process_report_root, "util", "o2_supply_demand_map_process_fingerprint_utils.R")	source
oxygen/code/O2_supply_demand_MAP/report/process_fingerprints/render_invivo_process_fingerprint_report.R	12	file.path(.process_report_root, "util", "o2_supply_demand_map_process_fingerprint_utils.R")	source
oxygen/code/O2_supply_demand_MAP/report/process_fingerprints/render_medium_o2_window_report.R	1	file.path(.medium_o2_report_root, "util", "o2_supply_demand_map_report_utils.R")	source
oxygen/code/O2_supply_demand_MAP/report/process_fingerprints/render_medium_o2_window_report.R	2	file.path(.medium_o2_report_root, "util", "o2_supply_demand_map_report_utils.R")	source
oxygen/code/O2_supply_demand_MAP/report/process_fingerprints/render_medium_o2_window_report.R	3	file.path(.medium_o2_report_root, "util", "o2_supply_demand_map_report_utils.R")	source
oxygen/code/O2_supply_demand_MAP/report/process_fingerprints/render_medium_o2_window_report.R	14	file.path(.medium_o2_report_root, "util", "o2_supply_demand_map_report_utils.R")	source
oxygen/code/O2_supply_demand_MAP/report/process_fingerprints/render_o2_ploidy_event_coupling_report.R	1	file.path(.event_report_root, "util", "o2_supply_demand_map_report_utils.R")	source
oxygen/code/O2_supply_demand_MAP/report/process_fingerprints/render_o2_ploidy_event_coupling_report.R	2	file.path(.event_report_root, "util", "o2_supply_demand_map_report_utils.R")	source
oxygen/code/O2_supply_demand_MAP/report/process_fingerprints/render_o2_ploidy_event_coupling_report.R	3	file.path(.event_report_root, "util", "o2_supply_demand_map_report_utils.R")	source
oxygen/code/O2_supply_demand_MAP/report/process_fingerprints/render_o2_ploidy_event_coupling_report.R	14	file.path(.event_report_root, "util", "o2_supply_demand_map_report_utils.R")	source
oxygen/code/O2_supply_demand_MAP/report/render_fit_report.R	1	file.path(REPORT_WORKFLOW_ROOT, "util", "o2_supply_demand_map_shared.R")	source
oxygen/code/O2_supply_demand_MAP/report/render_fit_report.R	1	file.path(REPORT_WORKFLOW_ROOT, "util", "o2_supply_demand_map_html_utils.R")	source
oxygen/code/O2_supply_demand_MAP/report/render_fit_report.R	1	file.path(REPORT_WORKFLOW_ROOT, "util", "o2_supply_demand_map_report_utils.R")	source
oxygen/code/O2_supply_demand_MAP/report/render_fit_report.R	1	file.path(REPORT_SCRIPT_DIR, "run_provenance_report.R")	source
oxygen/code/O2_supply_demand_MAP/report/render_fit_report.R	3	file.path(REPORT_WORKFLOW_ROOT, "util", "o2_supply_demand_map_shared.R")	source
oxygen/code/O2_supply_demand_MAP/report/render_fit_report.R	3	file.path(REPORT_WORKFLOW_ROOT, "util", "o2_supply_demand_map_html_utils.R")	source
oxygen/code/O2_supply_demand_MAP/report/render_fit_report.R	3	file.path(REPORT_WORKFLOW_ROOT, "util", "o2_supply_demand_map_report_utils.R")	source
oxygen/code/O2_supply_demand_MAP/report/render_fit_report.R	3	file.path(REPORT_SCRIPT_DIR, "run_provenance_report.R")	source
oxygen/code/O2_supply_demand_MAP/report/render_fit_report.R	50	file.path(REPORT_WORKFLOW_ROOT, "util", "o2_supply_demand_map_shared.R")	source
oxygen/code/O2_supply_demand_MAP/report/render_fit_report.R	50	file.path(REPORT_WORKFLOW_ROOT, "util", "o2_supply_demand_map_html_utils.R")	source
oxygen/code/O2_supply_demand_MAP/report/render_fit_report.R	50	file.path(REPORT_WORKFLOW_ROOT, "util", "o2_supply_demand_map_report_utils.R")	source
oxygen/code/O2_supply_demand_MAP/report/render_fit_report.R	50	file.path(REPORT_SCRIPT_DIR, "run_provenance_report.R")	source
oxygen/code/O2_supply_demand_MAP/report/render_fixo2_invivo_report.R	1	file.path(.FIXO2_REPORT_WORKFLOW_ROOT, "util", "o2_supply_demand_map_html_utils.R")	source
oxygen/code/O2_supply_demand_MAP/report/render_fixo2_invivo_report.R	1	file.path(.FIXO2_REPORT_WORKFLOW_ROOT, "util", "o2_supply_demand_map_report_utils.R")	source
oxygen/code/O2_supply_demand_MAP/report/render_fixo2_invivo_report.R	2	file.path(.FIXO2_REPORT_WORKFLOW_ROOT, "util", "o2_supply_demand_map_html_utils.R")	source
oxygen/code/O2_supply_demand_MAP/report/render_fixo2_invivo_report.R	2	file.path(.FIXO2_REPORT_WORKFLOW_ROOT, "util", "o2_supply_demand_map_report_utils.R")	source
oxygen/code/O2_supply_demand_MAP/report/render_fixo2_invivo_report.R	3	file.path(.FIXO2_REPORT_WORKFLOW_ROOT, "util", "o2_supply_demand_map_html_utils.R")	source
oxygen/code/O2_supply_demand_MAP/report/render_fixo2_invivo_report.R	3	file.path(.FIXO2_REPORT_WORKFLOW_ROOT, "util", "o2_supply_demand_map_report_utils.R")	source
oxygen/code/O2_supply_demand_MAP/report/render_fixo2_invivo_report.R	24	file.path(.FIXO2_REPORT_WORKFLOW_ROOT, "util", "o2_supply_demand_map_html_utils.R")	source
oxygen/code/O2_supply_demand_MAP/report/render_fixo2_invivo_report.R	24	file.path(.FIXO2_REPORT_WORKFLOW_ROOT, "util", "o2_supply_demand_map_report_utils.R")	source
oxygen/code/O2_supply_demand_MAP/report/render_invitro_fit_report.R	1	file.path(WORKFLOW_ROOT, "util", "o2_supply_demand_map_shared.R")	source
oxygen/code/O2_supply_demand_MAP/report/render_invitro_fit_report.R	1	file.path(WORKFLOW_ROOT, "util", "o2_supply_demand_map_html_utils.R")	source
oxygen/code/O2_supply_demand_MAP/report/render_invitro_fit_report.R	1	file.path(WORKFLOW_ROOT, "util", "o2_supply_demand_map_report_utils.R")	source
oxygen/code/O2_supply_demand_MAP/report/render_invitro_fit_report.R	1	file.path(SCRIPT_DIR, "run_provenance_report.R")	source
oxygen/code/O2_supply_demand_MAP/report/render_invitro_fit_report.R	2	file.path(WORKFLOW_ROOT, "util", "o2_supply_demand_map_shared.R")	source
oxygen/code/O2_supply_demand_MAP/report/render_invitro_fit_report.R	2	file.path(WORKFLOW_ROOT, "util", "o2_supply_demand_map_html_utils.R")	source
oxygen/code/O2_supply_demand_MAP/report/render_invitro_fit_report.R	2	file.path(WORKFLOW_ROOT, "util", "o2_supply_demand_map_report_utils.R")	source
oxygen/code/O2_supply_demand_MAP/report/render_invitro_fit_report.R	2	file.path(SCRIPT_DIR, "run_provenance_report.R")	source
oxygen/code/O2_supply_demand_MAP/report/render_invitro_fit_report.R	3	file.path(WORKFLOW_ROOT, "util", "o2_supply_demand_map_shared.R")	source
oxygen/code/O2_supply_demand_MAP/report/render_invitro_fit_report.R	3	file.path(WORKFLOW_ROOT, "util", "o2_supply_demand_map_html_utils.R")	source
oxygen/code/O2_supply_demand_MAP/report/render_invitro_fit_report.R	3	file.path(WORKFLOW_ROOT, "util", "o2_supply_demand_map_report_utils.R")	source
oxygen/code/O2_supply_demand_MAP/report/render_invitro_fit_report.R	3	file.path(SCRIPT_DIR, "run_provenance_report.R")	source
oxygen/code/O2_supply_demand_MAP/report/render_invitro_fit_report.R	24	file.path(WORKFLOW_ROOT, "util", "o2_supply_demand_map_shared.R")	source
oxygen/code/O2_supply_demand_MAP/report/render_invitro_fit_report.R	24	file.path(WORKFLOW_ROOT, "util", "o2_supply_demand_map_html_utils.R")	source
oxygen/code/O2_supply_demand_MAP/report/render_invitro_fit_report.R	24	file.path(WORKFLOW_ROOT, "util", "o2_supply_demand_map_report_utils.R")	source
oxygen/code/O2_supply_demand_MAP/report/render_invitro_fit_report.R	24	file.path(SCRIPT_DIR, "run_provenance_report.R")	source
oxygen/code/O2_supply_demand_MAP/runner/best_fit_parameter_feature/runner.R	1	file.path(UTIL_DIR, "path_utils.R")	source
oxygen/code/O2_supply_demand_MAP/runner/best_fit_parameter_feature/runner.R	1	file.path(UTIL_DIR, "cli_utils.R")	source
oxygen/code/O2_supply_demand_MAP/runner/best_fit_parameter_feature/runner.R	2	file.path(UTIL_DIR, "path_utils.R")	source
oxygen/code/O2_supply_demand_MAP/runner/best_fit_parameter_feature/runner.R	2	file.path(UTIL_DIR, "cli_utils.R")	source
oxygen/code/O2_supply_demand_MAP/runner/best_fit_parameter_feature/runner.R	3	file.path(UTIL_DIR, "path_utils.R")	source
oxygen/code/O2_supply_demand_MAP/runner/best_fit_parameter_feature/runner.R	3	file.path(UTIL_DIR, "cli_utils.R")	source
oxygen/code/O2_supply_demand_MAP/runner/best_fit_parameter_feature/runner.R	10	file.path(UTIL_DIR, "path_utils.R")	source
oxygen/code/O2_supply_demand_MAP/runner/best_fit_parameter_feature/runner.R	10	file.path(UTIL_DIR, "cli_utils.R")	source
oxygen/code/O2_supply_demand_MAP/runner/combined_fixo2_eigen/run_fixo2_eigen_curve_class_pipeline.R	1	file.path(UTIL_DIR, "o2_supply_demand_map_bpf_path_utils.R")	source
oxygen/code/O2_supply_demand_MAP/runner/combined_fixo2_eigen/run_fixo2_eigen_curve_class_pipeline.R	1	file.path(UTIL_DIR, "o2_supply_demand_map_bpf_cli_utils.R")	source
oxygen/code/O2_supply_demand_MAP/runner/combined_fixo2_eigen/run_fixo2_eigen_curve_class_pipeline.R	2	file.path(UTIL_DIR, "o2_supply_demand_map_bpf_path_utils.R")	source
oxygen/code/O2_supply_demand_MAP/runner/combined_fixo2_eigen/run_fixo2_eigen_curve_class_pipeline.R	2	file.path(UTIL_DIR, "o2_supply_demand_map_bpf_cli_utils.R")	source
oxygen/code/O2_supply_demand_MAP/runner/combined_fixo2_eigen/run_fixo2_eigen_curve_class_pipeline.R	6	file.path(UTIL_DIR, "o2_supply_demand_map_bpf_path_utils.R")	source
oxygen/code/O2_supply_demand_MAP/runner/combined_fixo2_eigen/run_fixo2_eigen_curve_class_pipeline.R	6	file.path(UTIL_DIR, "o2_supply_demand_map_bpf_cli_utils.R")	source
oxygen/code/O2_supply_demand_MAP/runner/combined_fixo2_eigen/run_fixo2_eigen_curve_class_pipeline.R	13	file.path(UTIL_DIR, "o2_supply_demand_map_bpf_path_utils.R")	source
oxygen/code/O2_supply_demand_MAP/runner/combined_fixo2_eigen/run_fixo2_eigen_curve_class_pipeline.R	13	file.path(UTIL_DIR, "o2_supply_demand_map_bpf_cli_utils.R")	source
oxygen/code/O2_supply_demand_MAP/runner/combined_parameter_landscape/run_combined_parameter_landscape.R	1	file.path(.combined_runner_root, "util", "o2_supply_demand_map_combined_landscape_utils.R")	source
oxygen/code/O2_supply_demand_MAP/runner/combined_parameter_landscape/run_combined_parameter_landscape.R	2	file.path(.combined_runner_root, "util", "o2_supply_demand_map_combined_landscape_utils.R")	source
oxygen/code/O2_supply_demand_MAP/runner/combined_parameter_landscape/run_combined_parameter_landscape.R	3	file.path(.combined_runner_root, "util", "o2_supply_demand_map_combined_landscape_utils.R")	source
oxygen/code/O2_supply_demand_MAP/runner/combined_parameter_landscape/run_combined_parameter_landscape.R	6	file.path(.combined_runner_root, "util", "o2_supply_demand_map_combined_landscape_utils.R")	source
oxygen/code/O2_supply_demand_MAP/runner/dense_grid_monotonicity/run_dense_grid_monotonicity.R	1	file.path(.dense_runner_root, "util", "o2_supply_demand_map_dense_grid_utils.R")	source
oxygen/code/O2_supply_demand_MAP/runner/dense_grid_monotonicity/run_dense_grid_monotonicity.R	2	file.path(.dense_runner_root, "util", "o2_supply_demand_map_dense_grid_utils.R")	source
oxygen/code/O2_supply_demand_MAP/runner/dense_grid_monotonicity/run_dense_grid_monotonicity.R	3	file.path(.dense_runner_root, "util", "o2_supply_demand_map_dense_grid_utils.R")	source
oxygen/code/O2_supply_demand_MAP/runner/dense_grid_monotonicity/run_dense_grid_monotonicity.R	7	file.path(.dense_runner_root, "util", "o2_supply_demand_map_dense_grid_utils.R")	source
oxygen/code/O2_supply_demand_MAP/runner/fit_results/run_extra_results.R	1	file.path(WORKFLOW_ROOT, "util", "o2_supply_demand_map_fit_results_utils.R")	source
oxygen/code/O2_supply_demand_MAP/runner/fit_results/run_extra_results.R	2	file.path(WORKFLOW_ROOT, "util", "o2_supply_demand_map_fit_results_utils.R")	source
oxygen/code/O2_supply_demand_MAP/runner/fit_results/run_extra_results.R	3	file.path(WORKFLOW_ROOT, "util", "o2_supply_demand_map_fit_results_utils.R")	source
oxygen/code/O2_supply_demand_MAP/runner/fit_results/run_extra_results.R	6	file.path(WORKFLOW_ROOT, "util", "o2_supply_demand_map_fit_results_utils.R")	source
oxygen/code/O2_supply_demand_MAP/runner/fit_results/run_joint_sigma_soft_coupled_paired_seeds.R	1	file.path(WORKFLOW_ROOT, "util", "o2_supply_demand_map_fit_results_utils.R")	source
oxygen/code/O2_supply_demand_MAP/runner/fit_results/run_joint_sigma_soft_coupled_paired_seeds.R	2	file.path(WORKFLOW_ROOT, "util", "o2_supply_demand_map_fit_results_utils.R")	source
oxygen/code/O2_supply_demand_MAP/runner/fit_results/run_joint_sigma_soft_coupled_paired_seeds.R	3	file.path(WORKFLOW_ROOT, "util", "o2_supply_demand_map_fit_results_utils.R")	source
oxygen/code/O2_supply_demand_MAP/runner/fit_results/run_joint_sigma_soft_coupled_paired_seeds.R	6	file.path(WORKFLOW_ROOT, "util", "o2_supply_demand_map_fit_results_utils.R")	source
oxygen/code/O2_supply_demand_MAP/runner/fit_results/run_sigma_burden_extra_results.R	1	file.path(WORKFLOW_ROOT, "util", "o2_supply_demand_map_shared.R")	source
oxygen/code/O2_supply_demand_MAP/runner/fit_results/run_sigma_burden_extra_results.R	1	file.path(WORKFLOW_ROOT, "util", "o2_supply_demand_map_fit_results_utils.R")	source
oxygen/code/O2_supply_demand_MAP/runner/fit_results/run_sigma_burden_extra_results.R	2	file.path(WORKFLOW_ROOT, "util", "o2_supply_demand_map_shared.R")	source
oxygen/code/O2_supply_demand_MAP/runner/fit_results/run_sigma_burden_extra_results.R	2	file.path(WORKFLOW_ROOT, "util", "o2_supply_demand_map_fit_results_utils.R")	source
oxygen/code/O2_supply_demand_MAP/runner/fit_results/run_sigma_burden_extra_results.R	3	file.path(WORKFLOW_ROOT, "util", "o2_supply_demand_map_shared.R")	source
oxygen/code/O2_supply_demand_MAP/runner/fit_results/run_sigma_burden_extra_results.R	3	file.path(WORKFLOW_ROOT, "util", "o2_supply_demand_map_fit_results_utils.R")	source
oxygen/code/O2_supply_demand_MAP/runner/fit_results/run_sigma_burden_extra_results.R	6	file.path(WORKFLOW_ROOT, "util", "o2_supply_demand_map_shared.R")	source
oxygen/code/O2_supply_demand_MAP/runner/fit_results/run_sigma_burden_extra_results.R	6	file.path(WORKFLOW_ROOT, "util", "o2_supply_demand_map_fit_results_utils.R")	source
oxygen/code/O2_supply_demand_MAP/runner/fit_results/select_invivo_best_long_ploidy_seed.R	1	file.path(WORKFLOW_ROOT, "util", "o2_supply_demand_map_fit_results_utils.R")	source
oxygen/code/O2_supply_demand_MAP/runner/fit_results/select_invivo_best_long_ploidy_seed.R	2	file.path(WORKFLOW_ROOT, "util", "o2_supply_demand_map_fit_results_utils.R")	source
oxygen/code/O2_supply_demand_MAP/runner/fit_results/select_invivo_best_long_ploidy_seed.R	3	file.path(WORKFLOW_ROOT, "util", "o2_supply_demand_map_fit_results_utils.R")	source
oxygen/code/O2_supply_demand_MAP/runner/fit_results/select_invivo_best_long_ploidy_seed.R	6	file.path(WORKFLOW_ROOT, "util", "o2_supply_demand_map_fit_results_utils.R")	source
oxygen/code/O2_supply_demand_MAP/runner/fixed_o2_eigen/run_fixo2_eigen_attractor_pipeline.R	1	file.path(.fixo2ea_runner_workflow_root, "simulation", "o2", "fixed_o2", "eigen_attractor", "build_fixo2_eigen_attractor_features.R")	sys.source
oxygen/code/O2_supply_demand_MAP/runner/fixed_o2_eigen/run_fixo2_eigen_attractor_pipeline.R	1	file.path(.fixo2ea_runner_workflow_root, "analysis", "fixed_o2_eigen", "analyze_fixo2_eigen_attractor_embeddings.R")	sys.source
oxygen/code/O2_supply_demand_MAP/runner/fixed_o2_eigen/run_fixo2_eigen_attractor_pipeline.R	1	file.path(.fixo2ea_runner_workflow_root, "vis", "fixed_o2_eigen", "render_fixo2_eigen_attractor_figures.R")	sys.source
oxygen/code/O2_supply_demand_MAP/runner/fixed_o2_eigen/run_fixo2_eigen_attractor_pipeline.R	1	file.path(.fixo2ea_runner_workflow_root, "report", "fixed_o2_eigen", "render_fixo2_eigen_attractor_report.R")	sys.source
oxygen/code/O2_supply_demand_MAP/runner/fixed_o2_eigen/run_fixo2_eigen_attractor_pipeline.R	2	file.path(.fixo2ea_runner_workflow_root, "simulation", "o2", "fixed_o2", "eigen_attractor", "build_fixo2_eigen_attractor_features.R")	sys.source
oxygen/code/O2_supply_demand_MAP/runner/fixed_o2_eigen/run_fixo2_eigen_attractor_pipeline.R	2	file.path(.fixo2ea_runner_workflow_root, "analysis", "fixed_o2_eigen", "analyze_fixo2_eigen_attractor_embeddings.R")	sys.source
oxygen/code/O2_supply_demand_MAP/runner/fixed_o2_eigen/run_fixo2_eigen_attractor_pipeline.R	2	file.path(.fixo2ea_runner_workflow_root, "vis", "fixed_o2_eigen", "render_fixo2_eigen_attractor_figures.R")	sys.source
oxygen/code/O2_supply_demand_MAP/runner/fixed_o2_eigen/run_fixo2_eigen_attractor_pipeline.R	2	file.path(.fixo2ea_runner_workflow_root, "report", "fixed_o2_eigen", "render_fixo2_eigen_attractor_report.R")	sys.source
oxygen/code/O2_supply_demand_MAP/runner/fixed_o2_eigen/run_fixo2_eigen_attractor_pipeline.R	5	file.path(.fixo2ea_runner_workflow_root, "simulation", "o2", "fixed_o2", "eigen_attractor", "build_fixo2_eigen_attractor_features.R")	sys.source
oxygen/code/O2_supply_demand_MAP/runner/fixed_o2_eigen/run_fixo2_eigen_attractor_pipeline.R	5	file.path(.fixo2ea_runner_workflow_root, "analysis", "fixed_o2_eigen", "analyze_fixo2_eigen_attractor_embeddings.R")	sys.source
oxygen/code/O2_supply_demand_MAP/runner/fixed_o2_eigen/run_fixo2_eigen_attractor_pipeline.R	5	file.path(.fixo2ea_runner_workflow_root, "vis", "fixed_o2_eigen", "render_fixo2_eigen_attractor_figures.R")	sys.source
oxygen/code/O2_supply_demand_MAP/runner/fixed_o2_eigen/run_fixo2_eigen_attractor_pipeline.R	5	file.path(.fixo2ea_runner_workflow_root, "report", "fixed_o2_eigen", "render_fixo2_eigen_attractor_report.R")	sys.source
oxygen/code/O2_supply_demand_MAP/runner/fixed_o2_eigen/run_fixo2_eigen_attractor_pipeline.R	28	file.path(.fixo2ea_runner_workflow_root, "simulation", "o2", "fixed_o2", "eigen_attractor", "build_fixo2_eigen_attractor_features.R")	sys.source
oxygen/code/O2_supply_demand_MAP/runner/fixed_o2_eigen/run_fixo2_eigen_attractor_pipeline.R	28	file.path(.fixo2ea_runner_workflow_root, "analysis", "fixed_o2_eigen", "analyze_fixo2_eigen_attractor_embeddings.R")	sys.source
oxygen/code/O2_supply_demand_MAP/runner/fixed_o2_eigen/run_fixo2_eigen_attractor_pipeline.R	28	file.path(.fixo2ea_runner_workflow_root, "vis", "fixed_o2_eigen", "render_fixo2_eigen_attractor_figures.R")	sys.source
oxygen/code/O2_supply_demand_MAP/runner/fixed_o2_eigen/run_fixo2_eigen_attractor_pipeline.R	28	file.path(.fixo2ea_runner_workflow_root, "report", "fixed_o2_eigen", "render_fixo2_eigen_attractor_report.R")	sys.source
oxygen/code/O2_supply_demand_MAP/runner/fixed_o2/fixed_o2_pipeline_loader.R	1	file.path(FIXO2_WORKFLOW_ROOT, "analysis", "process_fingerprints", "process_fingerprint_utils.R")	source
oxygen/code/O2_supply_demand_MAP/runner/fixed_o2/fixed_o2_pipeline_loader.R	1	file.path(FIXO2_WORKFLOW_ROOT, "analysis", "process_fingerprints", "ploidy_regime_utils.R")	source
oxygen/code/O2_supply_demand_MAP/runner/fixed_o2/fixed_o2_pipeline_loader.R	1	file.path(FIXO2_WORKFLOW_ROOT, "simulation", "o2", "fixed_o2", "fixed_o2_simulation_utils.R")	sys.source
oxygen/code/O2_supply_demand_MAP/runner/fixed_o2/fixed_o2_pipeline_loader.R	1	file.path(FIXO2_WORKFLOW_ROOT, "util", "o2_supply_demand_map_fixed_o2_format_utils.R")	sys.source
oxygen/code/O2_supply_demand_MAP/runner/fixed_o2/fixed_o2_pipeline_loader.R	2	file.path(FIXO2_WORKFLOW_ROOT, "analysis", "process_fingerprints", "process_fingerprint_utils.R")	source
oxygen/code/O2_supply_demand_MAP/runner/fixed_o2/fixed_o2_pipeline_loader.R	2	file.path(FIXO2_WORKFLOW_ROOT, "analysis", "process_fingerprints", "ploidy_regime_utils.R")	source
oxygen/code/O2_supply_demand_MAP/runner/fixed_o2/fixed_o2_pipeline_loader.R	2	file.path(FIXO2_WORKFLOW_ROOT, "simulation", "o2", "fixed_o2", "fixed_o2_simulation_utils.R")	sys.source
oxygen/code/O2_supply_demand_MAP/runner/fixed_o2/fixed_o2_pipeline_loader.R	2	file.path(FIXO2_WORKFLOW_ROOT, "util", "o2_supply_demand_map_fixed_o2_format_utils.R")	sys.source
oxygen/code/O2_supply_demand_MAP/runner/fixed_o2/fixed_o2_pipeline_loader.R	3	file.path(FIXO2_WORKFLOW_ROOT, "analysis", "process_fingerprints", "process_fingerprint_utils.R")	source
oxygen/code/O2_supply_demand_MAP/runner/fixed_o2/fixed_o2_pipeline_loader.R	3	file.path(FIXO2_WORKFLOW_ROOT, "analysis", "process_fingerprints", "ploidy_regime_utils.R")	source
oxygen/code/O2_supply_demand_MAP/runner/fixed_o2/fixed_o2_pipeline_loader.R	3	file.path(FIXO2_WORKFLOW_ROOT, "simulation", "o2", "fixed_o2", "fixed_o2_simulation_utils.R")	sys.source
oxygen/code/O2_supply_demand_MAP/runner/fixed_o2/fixed_o2_pipeline_loader.R	3	file.path(FIXO2_WORKFLOW_ROOT, "util", "o2_supply_demand_map_fixed_o2_format_utils.R")	sys.source
oxygen/code/O2_supply_demand_MAP/runner/fixed_o2/fixed_o2_pipeline_loader.R	30	file.path(FIXO2_WORKFLOW_ROOT, "analysis", "process_fingerprints", "process_fingerprint_utils.R")	source
oxygen/code/O2_supply_demand_MAP/runner/fixed_o2/fixed_o2_pipeline_loader.R	30	file.path(FIXO2_WORKFLOW_ROOT, "analysis", "process_fingerprints", "ploidy_regime_utils.R")	source
oxygen/code/O2_supply_demand_MAP/runner/fixed_o2/fixed_o2_pipeline_loader.R	30	file.path(FIXO2_WORKFLOW_ROOT, "simulation", "o2", "fixed_o2", "fixed_o2_simulation_utils.R")	sys.source
oxygen/code/O2_supply_demand_MAP/runner/fixed_o2/fixed_o2_pipeline_loader.R	30	file.path(FIXO2_WORKFLOW_ROOT, "util", "o2_supply_demand_map_fixed_o2_format_utils.R")	sys.source
oxygen/code/O2_supply_demand_MAP/runner/fixed_o2/fixed_o2_pipeline_loader.R	49	.fixo2_module_path	sys.source
oxygen/code/O2_supply_demand_MAP/runner/fixed_o2/fixed_o2_pipeline_loader.R	201	.fixo2_module_path	sys.source
oxygen/code/O2_supply_demand_MAP/runner/joint_coupling/run_joint_coupling_pipeline.R	1	file.path(WORKFLOW_ROOT, "util", "o2_supply_demand_map_joint_coupling_analysis_utils.R")	source
oxygen/code/O2_supply_demand_MAP/runner/joint_coupling/run_joint_coupling_pipeline.R	2	file.path(WORKFLOW_ROOT, "util", "o2_supply_demand_map_joint_coupling_analysis_utils.R")	source
oxygen/code/O2_supply_demand_MAP/runner/joint_coupling/run_joint_coupling_pipeline.R	6	file.path(WORKFLOW_ROOT, "util", "o2_supply_demand_map_joint_coupling_analysis_utils.R")	source
oxygen/code/O2_supply_demand_MAP/runner/joint_coupling/run_joint_coupling_pipeline.R	9	file.path(WORKFLOW_ROOT, "util", "o2_supply_demand_map_joint_coupling_analysis_utils.R")	source
oxygen/code/O2_supply_demand_MAP/runner/multi_warmup/render_multi_warmup_results.R	1	file.path(.o2mw_report_workflow_root, "util", "o2_supply_demand_map_multi_warmup_utils.R")	source
oxygen/code/O2_supply_demand_MAP/runner/multi_warmup/render_multi_warmup_results.R	1	file.path(.o2mw_report_workflow_root, "vis", "multi_warmup", "render_multi_warmup_report_figures.R")	sys.source
oxygen/code/O2_supply_demand_MAP/runner/multi_warmup/render_multi_warmup_results.R	1	file.path(.o2mw_report_workflow_root, "report", "multi_warmup", "render_multi_warmup_results_report.R")	sys.source
oxygen/code/O2_supply_demand_MAP/runner/multi_warmup/render_multi_warmup_results.R	2	file.path(.o2mw_report_workflow_root, "util", "o2_supply_demand_map_multi_warmup_utils.R")	source
oxygen/code/O2_supply_demand_MAP/runner/multi_warmup/render_multi_warmup_results.R	2	file.path(.o2mw_report_workflow_root, "vis", "multi_warmup", "render_multi_warmup_report_figures.R")	sys.source
oxygen/code/O2_supply_demand_MAP/runner/multi_warmup/render_multi_warmup_results.R	2	file.path(.o2mw_report_workflow_root, "report", "multi_warmup", "render_multi_warmup_results_report.R")	sys.source
oxygen/code/O2_supply_demand_MAP/runner/multi_warmup/render_multi_warmup_results.R	6	file.path(.o2mw_report_workflow_root, "util", "o2_supply_demand_map_multi_warmup_utils.R")	source
oxygen/code/O2_supply_demand_MAP/runner/multi_warmup/render_multi_warmup_results.R	6	file.path(.o2mw_report_workflow_root, "vis", "multi_warmup", "render_multi_warmup_report_figures.R")	sys.source
oxygen/code/O2_supply_demand_MAP/runner/multi_warmup/render_multi_warmup_results.R	6	file.path(.o2mw_report_workflow_root, "report", "multi_warmup", "render_multi_warmup_results_report.R")	sys.source
oxygen/code/O2_supply_demand_MAP/runner/multi_warmup/render_multi_warmup_results.R	29	file.path(.o2mw_report_workflow_root, "util", "o2_supply_demand_map_multi_warmup_utils.R")	source
oxygen/code/O2_supply_demand_MAP/runner/multi_warmup/render_multi_warmup_results.R	29	file.path(.o2mw_report_workflow_root, "vis", "multi_warmup", "render_multi_warmup_report_figures.R")	sys.source
oxygen/code/O2_supply_demand_MAP/runner/multi_warmup/render_multi_warmup_results.R	29	file.path(.o2mw_report_workflow_root, "report", "multi_warmup", "render_multi_warmup_results_report.R")	sys.source
oxygen/code/O2_supply_demand_MAP/runner/multi_warmup/run_multi_warmup_landscape_pipeline.R	1	file.path(.o2mw_landscape_workflow_root, "util", "o2_supply_demand_map_multi_warmup_utils.R")	source
oxygen/code/O2_supply_demand_MAP/runner/multi_warmup/run_multi_warmup_landscape_pipeline.R	1	file.path(.o2mw_landscape_workflow_root, "analysis", "multi_warmup", "build_multi_warmup_landscape_tables.R")	sys.source
oxygen/code/O2_supply_demand_MAP/runner/multi_warmup/run_multi_warmup_landscape_pipeline.R	1	file.path(.o2mw_landscape_workflow_root, "vis", "multi_warmup", "render_multi_warmup_landscape_figures.R")	sys.source
oxygen/code/O2_supply_demand_MAP/runner/multi_warmup/run_multi_warmup_landscape_pipeline.R	2	file.path(.o2mw_landscape_workflow_root, "util", "o2_supply_demand_map_multi_warmup_utils.R")	source
oxygen/code/O2_supply_demand_MAP/runner/multi_warmup/run_multi_warmup_landscape_pipeline.R	2	file.path(.o2mw_landscape_workflow_root, "analysis", "multi_warmup", "build_multi_warmup_landscape_tables.R")	sys.source
oxygen/code/O2_supply_demand_MAP/runner/multi_warmup/run_multi_warmup_landscape_pipeline.R	2	file.path(.o2mw_landscape_workflow_root, "vis", "multi_warmup", "render_multi_warmup_landscape_figures.R")	sys.source
oxygen/code/O2_supply_demand_MAP/runner/multi_warmup/run_multi_warmup_landscape_pipeline.R	5	file.path(.o2mw_landscape_workflow_root, "util", "o2_supply_demand_map_multi_warmup_utils.R")	source
oxygen/code/O2_supply_demand_MAP/runner/multi_warmup/run_multi_warmup_landscape_pipeline.R	5	file.path(.o2mw_landscape_workflow_root, "analysis", "multi_warmup", "build_multi_warmup_landscape_tables.R")	sys.source
oxygen/code/O2_supply_demand_MAP/runner/multi_warmup/run_multi_warmup_landscape_pipeline.R	5	file.path(.o2mw_landscape_workflow_root, "vis", "multi_warmup", "render_multi_warmup_landscape_figures.R")	sys.source
oxygen/code/O2_supply_demand_MAP/runner/multi_warmup/run_multi_warmup_landscape_pipeline.R	28	file.path(.o2mw_landscape_workflow_root, "util", "o2_supply_demand_map_multi_warmup_utils.R")	source
oxygen/code/O2_supply_demand_MAP/runner/multi_warmup/run_multi_warmup_landscape_pipeline.R	28	file.path(.o2mw_landscape_workflow_root, "analysis", "multi_warmup", "build_multi_warmup_landscape_tables.R")	sys.source
oxygen/code/O2_supply_demand_MAP/runner/multi_warmup/run_multi_warmup_landscape_pipeline.R	28	file.path(.o2mw_landscape_workflow_root, "vis", "multi_warmup", "render_multi_warmup_landscape_figures.R")	sys.source
oxygen/code/O2_supply_demand_MAP/runner/multi_warmup/run_multi_warmup_results_pipeline.R	1	file.path(.o2mw_results_workflow_root, "util", "o2_supply_demand_map_multi_warmup_utils.R")	source
oxygen/code/O2_supply_demand_MAP/runner/multi_warmup/run_multi_warmup_results_pipeline.R	1	file.path(.o2mw_results_workflow_root, "analysis", "multi_warmup", "collect_multi_warmup_tables.R")	sys.source
oxygen/code/O2_supply_demand_MAP/runner/multi_warmup/run_multi_warmup_results_pipeline.R	1	file.path(.o2mw_results_workflow_root, "vis", "multi_warmup", "render_multi_warmup_collected_figures.R")	sys.source
oxygen/code/O2_supply_demand_MAP/runner/multi_warmup/run_multi_warmup_results_pipeline.R	2	file.path(.o2mw_results_workflow_root, "util", "o2_supply_demand_map_multi_warmup_utils.R")	source
oxygen/code/O2_supply_demand_MAP/runner/multi_warmup/run_multi_warmup_results_pipeline.R	2	file.path(.o2mw_results_workflow_root, "analysis", "multi_warmup", "collect_multi_warmup_tables.R")	sys.source
oxygen/code/O2_supply_demand_MAP/runner/multi_warmup/run_multi_warmup_results_pipeline.R	2	file.path(.o2mw_results_workflow_root, "vis", "multi_warmup", "render_multi_warmup_collected_figures.R")	sys.source
oxygen/code/O2_supply_demand_MAP/runner/multi_warmup/run_multi_warmup_results_pipeline.R	6	file.path(.o2mw_results_workflow_root, "util", "o2_supply_demand_map_multi_warmup_utils.R")	source
oxygen/code/O2_supply_demand_MAP/runner/multi_warmup/run_multi_warmup_results_pipeline.R	6	file.path(.o2mw_results_workflow_root, "analysis", "multi_warmup", "collect_multi_warmup_tables.R")	sys.source
oxygen/code/O2_supply_demand_MAP/runner/multi_warmup/run_multi_warmup_results_pipeline.R	6	file.path(.o2mw_results_workflow_root, "vis", "multi_warmup", "render_multi_warmup_collected_figures.R")	sys.source
oxygen/code/O2_supply_demand_MAP/runner/multi_warmup/run_multi_warmup_results_pipeline.R	29	file.path(.o2mw_results_workflow_root, "util", "o2_supply_demand_map_multi_warmup_utils.R")	source
oxygen/code/O2_supply_demand_MAP/runner/multi_warmup/run_multi_warmup_results_pipeline.R	29	file.path(.o2mw_results_workflow_root, "analysis", "multi_warmup", "collect_multi_warmup_tables.R")	sys.source
oxygen/code/O2_supply_demand_MAP/runner/multi_warmup/run_multi_warmup_results_pipeline.R	29	file.path(.o2mw_results_workflow_root, "vis", "multi_warmup", "render_multi_warmup_collected_figures.R")	sys.source
oxygen/code/O2_supply_demand_MAP/runner/multi_warmup/run_multi_warmup_seed_plan.R	1	file.path(.o2mw_seed_workflow_root, "util", "o2_supply_demand_map_multi_warmup_utils.R")	source
oxygen/code/O2_supply_demand_MAP/runner/multi_warmup/run_multi_warmup_seed_plan.R	1	file.path(.o2mw_seed_workflow_root, "analysis", "multi_warmup", "build_multi_warmup_seed_plan_tables.R")	sys.source
oxygen/code/O2_supply_demand_MAP/runner/multi_warmup/run_multi_warmup_seed_plan.R	1	file.path(.o2mw_seed_workflow_root, "vis", "multi_warmup", "render_multi_warmup_seed_plan_figures.R")	sys.source
oxygen/code/O2_supply_demand_MAP/runner/multi_warmup/run_multi_warmup_seed_plan.R	2	file.path(.o2mw_seed_workflow_root, "util", "o2_supply_demand_map_multi_warmup_utils.R")	source
oxygen/code/O2_supply_demand_MAP/runner/multi_warmup/run_multi_warmup_seed_plan.R	2	file.path(.o2mw_seed_workflow_root, "analysis", "multi_warmup", "build_multi_warmup_seed_plan_tables.R")	sys.source
oxygen/code/O2_supply_demand_MAP/runner/multi_warmup/run_multi_warmup_seed_plan.R	2	file.path(.o2mw_seed_workflow_root, "vis", "multi_warmup", "render_multi_warmup_seed_plan_figures.R")	sys.source
oxygen/code/O2_supply_demand_MAP/runner/multi_warmup/run_multi_warmup_seed_plan.R	5	file.path(.o2mw_seed_workflow_root, "util", "o2_supply_demand_map_multi_warmup_utils.R")	source
oxygen/code/O2_supply_demand_MAP/runner/multi_warmup/run_multi_warmup_seed_plan.R	5	file.path(.o2mw_seed_workflow_root, "analysis", "multi_warmup", "build_multi_warmup_seed_plan_tables.R")	sys.source
oxygen/code/O2_supply_demand_MAP/runner/multi_warmup/run_multi_warmup_seed_plan.R	5	file.path(.o2mw_seed_workflow_root, "vis", "multi_warmup", "render_multi_warmup_seed_plan_figures.R")	sys.source
oxygen/code/O2_supply_demand_MAP/runner/multi_warmup/run_multi_warmup_seed_plan.R	28	file.path(.o2mw_seed_workflow_root, "util", "o2_supply_demand_map_multi_warmup_utils.R")	source
oxygen/code/O2_supply_demand_MAP/runner/multi_warmup/run_multi_warmup_seed_plan.R	28	file.path(.o2mw_seed_workflow_root, "analysis", "multi_warmup", "build_multi_warmup_seed_plan_tables.R")	sys.source
oxygen/code/O2_supply_demand_MAP/runner/multi_warmup/run_multi_warmup_seed_plan.R	28	file.path(.o2mw_seed_workflow_root, "vis", "multi_warmup", "render_multi_warmup_seed_plan_figures.R")	sys.source
oxygen/code/O2_supply_demand_MAP/runner/multi_warmup/run_warm_up_joint_results_pipeline.R	1	file.path(.o2mw_warm_workflow_root, "util", "o2_supply_demand_map_multi_warmup_utils.R")	source
oxygen/code/O2_supply_demand_MAP/runner/multi_warmup/run_warm_up_joint_results_pipeline.R	1	file.path(.o2mw_warm_workflow_root, "analysis", "multi_warmup", "analyze_warm_up_joint_results.R")	sys.source
oxygen/code/O2_supply_demand_MAP/runner/multi_warmup/run_warm_up_joint_results_pipeline.R	1	file.path(.o2mw_warm_workflow_root, "vis", "multi_warmup", "render_warm_up_joint_figures.R")	sys.source
oxygen/code/O2_supply_demand_MAP/runner/multi_warmup/run_warm_up_joint_results_pipeline.R	2	file.path(.o2mw_warm_workflow_root, "util", "o2_supply_demand_map_multi_warmup_utils.R")	source
oxygen/code/O2_supply_demand_MAP/runner/multi_warmup/run_warm_up_joint_results_pipeline.R	2	file.path(.o2mw_warm_workflow_root, "analysis", "multi_warmup", "analyze_warm_up_joint_results.R")	sys.source
oxygen/code/O2_supply_demand_MAP/runner/multi_warmup/run_warm_up_joint_results_pipeline.R	2	file.path(.o2mw_warm_workflow_root, "vis", "multi_warmup", "render_warm_up_joint_figures.R")	sys.source
oxygen/code/O2_supply_demand_MAP/runner/multi_warmup/run_warm_up_joint_results_pipeline.R	6	file.path(.o2mw_warm_workflow_root, "util", "o2_supply_demand_map_multi_warmup_utils.R")	source
oxygen/code/O2_supply_demand_MAP/runner/multi_warmup/run_warm_up_joint_results_pipeline.R	6	file.path(.o2mw_warm_workflow_root, "analysis", "multi_warmup", "analyze_warm_up_joint_results.R")	sys.source
oxygen/code/O2_supply_demand_MAP/runner/multi_warmup/run_warm_up_joint_results_pipeline.R	6	file.path(.o2mw_warm_workflow_root, "vis", "multi_warmup", "render_warm_up_joint_figures.R")	sys.source
oxygen/code/O2_supply_demand_MAP/runner/multi_warmup/run_warm_up_joint_results_pipeline.R	29	file.path(.o2mw_warm_workflow_root, "util", "o2_supply_demand_map_multi_warmup_utils.R")	source
oxygen/code/O2_supply_demand_MAP/runner/multi_warmup/run_warm_up_joint_results_pipeline.R	29	file.path(.o2mw_warm_workflow_root, "analysis", "multi_warmup", "analyze_warm_up_joint_results.R")	sys.source
oxygen/code/O2_supply_demand_MAP/runner/multi_warmup/run_warm_up_joint_results_pipeline.R	29	file.path(.o2mw_warm_workflow_root, "vis", "multi_warmup", "render_warm_up_joint_figures.R")	sys.source
oxygen/code/O2_supply_demand_MAP/runner/parameter_landscape/run_parameter_landscape.R	1	file.path(.o2pl_runner_root, "util", "o2_supply_demand_map_parameter_landscape_io_utils.R")	source
oxygen/code/O2_supply_demand_MAP/runner/parameter_landscape/run_parameter_landscape.R	2	file.path(.o2pl_runner_root, "util", "o2_supply_demand_map_parameter_landscape_io_utils.R")	source
oxygen/code/O2_supply_demand_MAP/runner/parameter_landscape/run_parameter_landscape.R	3	file.path(.o2pl_runner_root, "util", "o2_supply_demand_map_parameter_landscape_io_utils.R")	source
oxygen/code/O2_supply_demand_MAP/runner/parameter_landscape/run_parameter_landscape.R	13	file.path(.o2pl_runner_root, "util", "o2_supply_demand_map_parameter_landscape_io_utils.R")	source
oxygen/code/O2_supply_demand_MAP/runner/profile_likelihood/run_live_effective_pms_comparison.R	1	file.path(WORKFLOW_ROOT, "util", "o2_supply_demand_map_shared.R")	source
oxygen/code/O2_supply_demand_MAP/runner/profile_likelihood/run_live_effective_pms_comparison.R	2	file.path(WORKFLOW_ROOT, "util", "o2_supply_demand_map_shared.R")	source
oxygen/code/O2_supply_demand_MAP/runner/profile_likelihood/run_live_effective_pms_comparison.R	12	file.path(WORKFLOW_ROOT, "util", "o2_supply_demand_map_shared.R")	source
oxygen/code/O2_supply_demand_MAP/runner/profile_likelihood/run_live_effective_pms_comparison.R	19	file.path(WORKFLOW_ROOT, "util", "o2_supply_demand_map_shared.R")	source
oxygen/code/O2_supply_demand_MAP/runner/run_postfit_pipeline.R	1	file.path(WORKFLOW_ROOT, "util", "o2_supply_demand_map_shared.R")	source
oxygen/code/O2_supply_demand_MAP/runner/run_postfit_pipeline.R	2	file.path(WORKFLOW_ROOT, "util", "o2_supply_demand_map_shared.R")	source
oxygen/code/O2_supply_demand_MAP/runner/run_postfit_pipeline.R	3	file.path(WORKFLOW_ROOT, "util", "o2_supply_demand_map_shared.R")	source
oxygen/code/O2_supply_demand_MAP/runner/run_postfit_pipeline.R	22	file.path(WORKFLOW_ROOT, "util", "o2_supply_demand_map_shared.R")	source
oxygen/code/O2_supply_demand_MAP/runner/warm_start/make_joint_soft_coupling_parameters_table.R	1	file.path(.warm_start_workflow_root, "util", "o2_supply_demand_map_shared.R")	source
oxygen/code/O2_supply_demand_MAP/runner/warm_start/make_joint_soft_coupling_parameters_table.R	2	file.path(.warm_start_workflow_root, "util", "o2_supply_demand_map_shared.R")	source
oxygen/code/O2_supply_demand_MAP/runner/warm_start/make_joint_soft_coupling_parameters_table.R	22	file.path(.warm_start_workflow_root, "util", "o2_supply_demand_map_shared.R")	source
oxygen/code/O2_supply_demand_MAP/runner/warm_start/make_joint_soft_coupling_parameters_table.R	32	file.path(.warm_start_workflow_root, "util", "o2_supply_demand_map_shared.R")	source
oxygen/code/O2_supply_demand_MAP/simulation/fit_results/materialize_extra_results_predictions.R	1	file.path(WORKFLOW_ROOT, "util", "o2_supply_demand_map_fit_results_utils.R")	source
oxygen/code/O2_supply_demand_MAP/simulation/fit_results/materialize_extra_results_predictions.R	2	file.path(WORKFLOW_ROOT, "util", "o2_supply_demand_map_fit_results_utils.R")	source
oxygen/code/O2_supply_demand_MAP/simulation/fit_results/materialize_extra_results_predictions.R	6	file.path(WORKFLOW_ROOT, "util", "o2_supply_demand_map_fit_results_utils.R")	source
oxygen/code/O2_supply_demand_MAP/simulation/fit_results/materialize_extra_results_predictions.R	9	file.path(WORKFLOW_ROOT, "util", "o2_supply_demand_map_fit_results_utils.R")	source
oxygen/code/O2_supply_demand_MAP/simulation/fit_results/materialize_invivo_long_ploidy_metrics.R	1	file.path(WORKFLOW_ROOT, "util", "o2_supply_demand_map_fit_results_utils.R")	source
oxygen/code/O2_supply_demand_MAP/simulation/fit_results/materialize_invivo_long_ploidy_metrics.R	2	file.path(WORKFLOW_ROOT, "util", "o2_supply_demand_map_fit_results_utils.R")	source
oxygen/code/O2_supply_demand_MAP/simulation/fit_results/materialize_invivo_long_ploidy_metrics.R	3	file.path(WORKFLOW_ROOT, "util", "o2_supply_demand_map_fit_results_utils.R")	source
oxygen/code/O2_supply_demand_MAP/simulation/fit_results/materialize_invivo_long_ploidy_metrics.R	6	file.path(WORKFLOW_ROOT, "util", "o2_supply_demand_map_fit_results_utils.R")	source
oxygen/code/O2_supply_demand_MAP/simulation/fix_o2_simulation_shared_utils.R	1	.legacy_fixed_o2_canonical	source
oxygen/code/O2_supply_demand_MAP/simulation/fix_o2_simulation_shared_utils.R	2	.legacy_fixed_o2_canonical	source
oxygen/code/O2_supply_demand_MAP/simulation/fix_o2_simulation_shared_utils.R	4	.legacy_fixed_o2_canonical	source
oxygen/code/O2_supply_demand_MAP/simulation/fix_o2_simulation_shared_utils.R	17	.legacy_fixed_o2_canonical	source
oxygen/code/O2_supply_demand_MAP/simulation/fix_o2_simulation.R	1	.canonical_fix_o2	sys.source
oxygen/code/O2_supply_demand_MAP/simulation/fix_o2_simulation.R	2	.canonical_fix_o2	sys.source
oxygen/code/O2_supply_demand_MAP/simulation/fix_o2_simulation.R	6	.canonical_fix_o2	sys.source
oxygen/code/O2_supply_demand_MAP/simulation/fix_o2_simulation.R	27	.canonical_fix_o2	sys.source
oxygen/code/O2_supply_demand_MAP/simulation/invitro/run_invitro_simulation_outputs.R	1	file.path(WORKFLOW_ROOT, "util", "o2_supply_demand_map_shared.R")	source
oxygen/code/O2_supply_demand_MAP/simulation/invitro/run_invitro_simulation_outputs.R	1	file.path(WORKFLOW_ROOT, "util", "o2_supply_demand_map_common_semantics.R")	source
oxygen/code/O2_supply_demand_MAP/simulation/invitro/run_invitro_simulation_outputs.R	1	file.path(WORKFLOW_ROOT, "model", "model_O2_supply_demand_MAP.R")	source
oxygen/code/O2_supply_demand_MAP/simulation/invitro/run_invitro_simulation_outputs.R	1	file.path(WORKFLOW_ROOT, "util", "o2_supply_demand_map_invitro_utils.R")	source
oxygen/code/O2_supply_demand_MAP/simulation/invitro/run_invitro_simulation_outputs.R	3	file.path(WORKFLOW_ROOT, "util", "o2_supply_demand_map_shared.R")	source
oxygen/code/O2_supply_demand_MAP/simulation/invitro/run_invitro_simulation_outputs.R	3	file.path(WORKFLOW_ROOT, "util", "o2_supply_demand_map_common_semantics.R")	source
oxygen/code/O2_supply_demand_MAP/simulation/invitro/run_invitro_simulation_outputs.R	3	file.path(WORKFLOW_ROOT, "model", "model_O2_supply_demand_MAP.R")	source
oxygen/code/O2_supply_demand_MAP/simulation/invitro/run_invitro_simulation_outputs.R	3	file.path(WORKFLOW_ROOT, "util", "o2_supply_demand_map_invitro_utils.R")	source
oxygen/code/O2_supply_demand_MAP/simulation/invitro/run_invitro_simulation_outputs.R	31	module_path	sys.source
oxygen/code/O2_supply_demand_MAP/simulation/invitro/run_invitro_simulation_outputs.R	35	module_path	sys.source
oxygen/code/O2_supply_demand_MAP/simulation/invitro/run_invitro_simulation_outputs.R	46	file.path(WORKFLOW_ROOT, "util", "o2_supply_demand_map_shared.R")	source
oxygen/code/O2_supply_demand_MAP/simulation/invitro/run_invitro_simulation_outputs.R	46	file.path(WORKFLOW_ROOT, "util", "o2_supply_demand_map_common_semantics.R")	source
oxygen/code/O2_supply_demand_MAP/simulation/invitro/run_invitro_simulation_outputs.R	46	file.path(WORKFLOW_ROOT, "model", "model_O2_supply_demand_MAP.R")	source
oxygen/code/O2_supply_demand_MAP/simulation/invitro/run_invitro_simulation_outputs.R	46	file.path(WORKFLOW_ROOT, "util", "o2_supply_demand_map_invitro_utils.R")	source
oxygen/code/O2_supply_demand_MAP/simulation/invivo/cin/generate_live_effective_pms_outputs.R	1	file.path(WORKFLOW_ROOT, "util", "o2_supply_demand_map_shared.R")	source
oxygen/code/O2_supply_demand_MAP/simulation/invivo/cin/generate_live_effective_pms_outputs.R	2	file.path(WORKFLOW_ROOT, "util", "o2_supply_demand_map_shared.R")	source
oxygen/code/O2_supply_demand_MAP/simulation/invivo/cin/generate_live_effective_pms_outputs.R	21	file.path(WORKFLOW_ROOT, "util", "o2_supply_demand_map_shared.R")	source
oxygen/code/O2_supply_demand_MAP/simulation/invivo/cin/generate_live_effective_pms_outputs.R	46	file.path(WORKFLOW_ROOT, "util", "o2_supply_demand_map_shared.R")	source
oxygen/code/O2_supply_demand_MAP/simulation/invivo/generate_invivo_simulation_outputs.R	1	file.path(WORKFLOW_ROOT, "util", "o2_supply_demand_map_shared.R")	source
oxygen/code/O2_supply_demand_MAP/simulation/invivo/generate_invivo_simulation_outputs.R	1	model_path	source
oxygen/code/O2_supply_demand_MAP/simulation/invivo/generate_invivo_simulation_outputs.R	1	file.path(SCRIPT_DIR, "o2_supply_demand_map_invivo_simulation_utils.R")	source
oxygen/code/O2_supply_demand_MAP/simulation/invivo/generate_invivo_simulation_outputs.R	7	file.path(WORKFLOW_ROOT, "util", "o2_supply_demand_map_shared.R")	source
oxygen/code/O2_supply_demand_MAP/simulation/invivo/generate_invivo_simulation_outputs.R	7	model_path	source
oxygen/code/O2_supply_demand_MAP/simulation/invivo/generate_invivo_simulation_outputs.R	7	file.path(SCRIPT_DIR, "o2_supply_demand_map_invivo_simulation_utils.R")	source
oxygen/code/O2_supply_demand_MAP/simulation/invivo/generate_invivo_simulation_outputs.R	46	file.path(WORKFLOW_ROOT, "util", "o2_supply_demand_map_shared.R")	source
oxygen/code/O2_supply_demand_MAP/simulation/invivo/generate_invivo_simulation_outputs.R	46	model_path	source
oxygen/code/O2_supply_demand_MAP/simulation/invivo/generate_invivo_simulation_outputs.R	46	file.path(SCRIPT_DIR, "o2_supply_demand_map_invivo_simulation_utils.R")	source
oxygen/code/O2_supply_demand_MAP/simulation/invivo/o2_supply_demand_map_invivo_simulation_utils.R	4	file.path(.invivo_simulation_module_root, .module_path)	source
oxygen/code/O2_supply_demand_MAP/simulation/invivo/o2_supply_demand_map_invivo_simulation_utils.R	30	file.path(.invivo_simulation_module_root, .module_path)	source
oxygen/code/O2_supply_demand_MAP/simulation/o2/dense_grid/generate_dense_grid_simulation_tables.R	1	file.path(.dense_workflow_root, "util", "o2_supply_demand_map_dense_grid_utils.R")	source
oxygen/code/O2_supply_demand_MAP/simulation/o2/dense_grid/generate_dense_grid_simulation_tables.R	2	file.path(.dense_workflow_root, "util", "o2_supply_demand_map_dense_grid_utils.R")	source
oxygen/code/O2_supply_demand_MAP/simulation/o2/dense_grid/generate_dense_grid_simulation_tables.R	3	file.path(.dense_workflow_root, "util", "o2_supply_demand_map_dense_grid_utils.R")	source
oxygen/code/O2_supply_demand_MAP/simulation/o2/dense_grid/generate_dense_grid_simulation_tables.R	7	file.path(.dense_workflow_root, "util", "o2_supply_demand_map_dense_grid_utils.R")	source
oxygen/code/O2_supply_demand_MAP/simulation/o2/dense_grid/generate_dense_grid_simulation_tables.R	16	file.path(workflow_root, "simulation", "o2", "fixed_o2", "run_fixed_o2_simulation.R")	sys.source
oxygen/code/O2_supply_demand_MAP/simulation/o2/dense_grid/generate_dense_grid_simulation_tables.R	21	file.path(workflow_root, "util", "o2_supply_demand_map_fixed_o2_format_utils.R")	sys.source
oxygen/code/O2_supply_demand_MAP/simulation/o2/dense_grid/generate_dense_grid_simulation_tables.R	21	file.path(workflow_root, "simulation", "o2", "fixed_o2", "fixed_o2_numerical_producers.R")	sys.source
oxygen/code/O2_supply_demand_MAP/simulation/o2/dense_grid/generate_dense_grid_simulation_tables.R	25	file.path(workflow_root, "simulation", "o2", "fixed_o2", "run_fixed_o2_simulation.R")	sys.source
oxygen/code/O2_supply_demand_MAP/simulation/o2/dense_grid/generate_dense_grid_simulation_tables.R	109	file.path(workflow_root, "util", "o2_supply_demand_map_fixed_o2_format_utils.R")	sys.source
oxygen/code/O2_supply_demand_MAP/simulation/o2/dense_grid/generate_dense_grid_simulation_tables.R	109	file.path(workflow_root, "simulation", "o2", "fixed_o2", "fixed_o2_numerical_producers.R")	sys.source
oxygen/code/O2_supply_demand_MAP/simulation/o2/fixed_o2/eigen_attractor/build_fixo2_eigen_attractor_features.R	1	file.path(FIXO2EA_WORKFLOW_ROOT, "util", "o2_supply_demand_map_eigen_attractor_utils.R")	source
oxygen/code/O2_supply_demand_MAP/simulation/o2/fixed_o2/eigen_attractor/build_fixo2_eigen_attractor_features.R	1	file.path(FIXO2EA_WORKFLOW_ROOT, "simulation", "parameter_landscape", "parameter_landscape_simulation_utils.R")	source
oxygen/code/O2_supply_demand_MAP/simulation/o2/fixed_o2/eigen_attractor/build_fixo2_eigen_attractor_features.R	6	file.path(FIXO2EA_WORKFLOW_ROOT, "util", "o2_supply_demand_map_eigen_attractor_utils.R")	source
oxygen/code/O2_supply_demand_MAP/simulation/o2/fixed_o2/eigen_attractor/build_fixo2_eigen_attractor_features.R	6	file.path(FIXO2EA_WORKFLOW_ROOT, "simulation", "parameter_landscape", "parameter_landscape_simulation_utils.R")	source
oxygen/code/O2_supply_demand_MAP/simulation/o2/fixed_o2/eigen_attractor/build_fixo2_eigen_attractor_features.R	14	sim_path	source
oxygen/code/O2_supply_demand_MAP/simulation/o2/fixed_o2/eigen_attractor/build_fixo2_eigen_attractor_features.R	22	file.path(FIXO2EA_WORKFLOW_ROOT, "util", "o2_supply_demand_map_eigen_attractor_utils.R")	source
oxygen/code/O2_supply_demand_MAP/simulation/o2/fixed_o2/eigen_attractor/build_fixo2_eigen_attractor_features.R	22	file.path(FIXO2EA_WORKFLOW_ROOT, "simulation", "parameter_landscape", "parameter_landscape_simulation_utils.R")	source
oxygen/code/O2_supply_demand_MAP/simulation/o2/fixed_o2/eigen_attractor/build_fixo2_eigen_attractor_features.R	72	sim_path	source
oxygen/code/O2_supply_demand_MAP/simulation/o2/fixed_o2/fixed_o2_simulation_utils.R	1	.nested_fixed_o2_canonical	source
oxygen/code/O2_supply_demand_MAP/simulation/o2/fixed_o2/fixed_o2_simulation_utils.R	2	.nested_fixed_o2_canonical	source
oxygen/code/O2_supply_demand_MAP/simulation/o2/fixed_o2/fixed_o2_simulation_utils.R	4	.nested_fixed_o2_canonical	source
oxygen/code/O2_supply_demand_MAP/simulation/o2/fixed_o2/fixed_o2_simulation_utils.R	17	.nested_fixed_o2_canonical	source
oxygen/code/O2_supply_demand_MAP/simulation/o2/fixed_o2/run_fixed_o2_simulation.R	1	file.path(WORKFLOW_ROOT, "util", "o2_supply_demand_map_shared.R")	source
oxygen/code/O2_supply_demand_MAP/simulation/o2/fixed_o2/run_fixed_o2_simulation.R	1	file.path(WORKFLOW_ROOT, "util", "o2_supply_demand_map_common_semantics.R")	source
oxygen/code/O2_supply_demand_MAP/simulation/o2/fixed_o2/run_fixed_o2_simulation.R	1	file.path(WORKFLOW_ROOT, "util", "o2_supply_demand_map_fixed_o2_utils.R")	source
oxygen/code/O2_supply_demand_MAP/simulation/o2/fixed_o2/run_fixed_o2_simulation.R	1	file.path(WORKFLOW_ROOT, "util", "o2_supply_demand_map_fixed_o2_mode_utils.R")	source
oxygen/code/O2_supply_demand_MAP/simulation/o2/fixed_o2/run_fixed_o2_simulation.R	1	file.path(WORKFLOW_ROOT, "util", "o2_supply_demand_map_fixed_o2_format_utils.R")	source
oxygen/code/O2_supply_demand_MAP/simulation/o2/fixed_o2/run_fixed_o2_simulation.R	1	file.path(WORKFLOW_ROOT, "util", "o2_supply_demand_map_fixed_o2_validation_utils.R")	source
oxygen/code/O2_supply_demand_MAP/simulation/o2/fixed_o2/run_fixed_o2_simulation.R	1	MODEL_PATH	source
oxygen/code/O2_supply_demand_MAP/simulation/o2/fixed_o2/run_fixed_o2_simulation.R	5	file.path(WORKFLOW_ROOT, "util", "o2_supply_demand_map_shared.R")	source
oxygen/code/O2_supply_demand_MAP/simulation/o2/fixed_o2/run_fixed_o2_simulation.R	5	file.path(WORKFLOW_ROOT, "util", "o2_supply_demand_map_common_semantics.R")	source
oxygen/code/O2_supply_demand_MAP/simulation/o2/fixed_o2/run_fixed_o2_simulation.R	5	file.path(WORKFLOW_ROOT, "util", "o2_supply_demand_map_fixed_o2_utils.R")	source
oxygen/code/O2_supply_demand_MAP/simulation/o2/fixed_o2/run_fixed_o2_simulation.R	5	file.path(WORKFLOW_ROOT, "util", "o2_supply_demand_map_fixed_o2_mode_utils.R")	source
oxygen/code/O2_supply_demand_MAP/simulation/o2/fixed_o2/run_fixed_o2_simulation.R	5	file.path(WORKFLOW_ROOT, "util", "o2_supply_demand_map_fixed_o2_format_utils.R")	source
oxygen/code/O2_supply_demand_MAP/simulation/o2/fixed_o2/run_fixed_o2_simulation.R	5	file.path(WORKFLOW_ROOT, "util", "o2_supply_demand_map_fixed_o2_validation_utils.R")	source
oxygen/code/O2_supply_demand_MAP/simulation/o2/fixed_o2/run_fixed_o2_simulation.R	5	MODEL_PATH	source
oxygen/code/O2_supply_demand_MAP/simulation/o2/fixed_o2/run_fixed_o2_simulation.R	47	file.path(WORKFLOW_ROOT, "util", "o2_supply_demand_map_shared.R")	source
oxygen/code/O2_supply_demand_MAP/simulation/o2/fixed_o2/run_fixed_o2_simulation.R	47	file.path(WORKFLOW_ROOT, "util", "o2_supply_demand_map_common_semantics.R")	source
oxygen/code/O2_supply_demand_MAP/simulation/o2/fixed_o2/run_fixed_o2_simulation.R	47	file.path(WORKFLOW_ROOT, "util", "o2_supply_demand_map_fixed_o2_utils.R")	source
oxygen/code/O2_supply_demand_MAP/simulation/o2/fixed_o2/run_fixed_o2_simulation.R	47	file.path(WORKFLOW_ROOT, "util", "o2_supply_demand_map_fixed_o2_mode_utils.R")	source
oxygen/code/O2_supply_demand_MAP/simulation/o2/fixed_o2/run_fixed_o2_simulation.R	47	file.path(WORKFLOW_ROOT, "util", "o2_supply_demand_map_fixed_o2_format_utils.R")	source
oxygen/code/O2_supply_demand_MAP/simulation/o2/fixed_o2/run_fixed_o2_simulation.R	47	file.path(WORKFLOW_ROOT, "util", "o2_supply_demand_map_fixed_o2_validation_utils.R")	source
oxygen/code/O2_supply_demand_MAP/simulation/o2/fixed_o2/run_fixed_o2_simulation.R	47	MODEL_PATH	source
oxygen/code/O2_supply_demand_MAP/simulation/parameter_landscape/generate_parameter_landscape_simulation_tables.R	1	file.path(.o2pl_generator_dir, "parameter_landscape_simulation_utils.R")	source
oxygen/code/O2_supply_demand_MAP/simulation/parameter_landscape/generate_parameter_landscape_simulation_tables.R	2	file.path(.o2pl_generator_dir, "parameter_landscape_simulation_utils.R")	source
oxygen/code/O2_supply_demand_MAP/simulation/parameter_landscape/generate_parameter_landscape_simulation_tables.R	3	file.path(.o2pl_generator_dir, "parameter_landscape_simulation_utils.R")	source
oxygen/code/O2_supply_demand_MAP/simulation/parameter_landscape/generate_parameter_landscape_simulation_tables.R	13	file.path(.o2pl_generator_dir, "parameter_landscape_simulation_utils.R")	source
oxygen/code/O2_supply_demand_MAP/simulation/parameter_landscape/generate_parameter_landscape_simulation_tables.R	21	feature_file	sys.source
oxygen/code/O2_supply_demand_MAP/simulation/parameter_landscape/generate_parameter_landscape_simulation_tables.R	61	feature_file	sys.source
oxygen/code/O2_supply_demand_MAP/simulation/parameter_landscape/parameter_landscape_invivo_feature_simulation.R	1	file.path(.o2pl_feature_dir, "parameter_landscape_simulation_utils.R")	source
oxygen/code/O2_supply_demand_MAP/simulation/parameter_landscape/parameter_landscape_invivo_feature_simulation.R	2	file.path(.o2pl_feature_dir, "parameter_landscape_simulation_utils.R")	source
oxygen/code/O2_supply_demand_MAP/simulation/parameter_landscape/parameter_landscape_invivo_feature_simulation.R	4	file.path(.o2pl_feature_dir, "parameter_landscape_simulation_utils.R")	source
oxygen/code/O2_supply_demand_MAP/simulation/parameter_landscape/parameter_landscape_invivo_feature_simulation.R	10	file.path(.o2pl_feature_dir, "parameter_landscape_simulation_utils.R")	source
oxygen/code/O2_supply_demand_MAP/simulation/parameter_landscape/parameter_landscape_invivo_feature_simulation.R	16	shared_path	sys.source
oxygen/code/O2_supply_demand_MAP/simulation/parameter_landscape/parameter_landscape_invivo_feature_simulation.R	16	common_path	sys.source
oxygen/code/O2_supply_demand_MAP/simulation/parameter_landscape/parameter_landscape_invivo_feature_simulation.R	16	model_path	sys.source
oxygen/code/O2_supply_demand_MAP/simulation/parameter_landscape/parameter_landscape_invivo_feature_simulation.R	16	simulation_utils_path	sys.source
oxygen/code/O2_supply_demand_MAP/simulation/parameter_landscape/parameter_landscape_invivo_feature_simulation.R	38	shared_path	sys.source
oxygen/code/O2_supply_demand_MAP/simulation/parameter_landscape/parameter_landscape_invivo_feature_simulation.R	38	common_path	sys.source
oxygen/code/O2_supply_demand_MAP/simulation/parameter_landscape/parameter_landscape_invivo_feature_simulation.R	38	model_path	sys.source
oxygen/code/O2_supply_demand_MAP/simulation/parameter_landscape/parameter_landscape_invivo_feature_simulation.R	38	simulation_utils_path	sys.source
oxygen/code/O2_supply_demand_MAP/simulation/parameter_landscape/parameter_landscape_simulation_utils.R	1	file.path(.o2pl_workflow_root, "util", "o2_supply_demand_map_parameter_landscape_io_utils.R")	source
oxygen/code/O2_supply_demand_MAP/simulation/parameter_landscape/parameter_landscape_simulation_utils.R	1	file.path(.o2pl_workflow_root, "util", "o2_supply_demand_map_invitro_parameter_utils.R")	source
oxygen/code/O2_supply_demand_MAP/simulation/parameter_landscape/parameter_landscape_simulation_utils.R	1	file.path(.o2pl_workflow_root, "util", "o2_supply_demand_map_shared.R")	source
oxygen/code/O2_supply_demand_MAP/simulation/parameter_landscape/parameter_landscape_simulation_utils.R	2	file.path(.o2pl_workflow_root, "util", "o2_supply_demand_map_parameter_landscape_io_utils.R")	source
oxygen/code/O2_supply_demand_MAP/simulation/parameter_landscape/parameter_landscape_simulation_utils.R	2	file.path(.o2pl_workflow_root, "util", "o2_supply_demand_map_invitro_parameter_utils.R")	source
oxygen/code/O2_supply_demand_MAP/simulation/parameter_landscape/parameter_landscape_simulation_utils.R	2	file.path(.o2pl_workflow_root, "util", "o2_supply_demand_map_shared.R")	source
oxygen/code/O2_supply_demand_MAP/simulation/parameter_landscape/parameter_landscape_simulation_utils.R	3	file.path(.o2pl_workflow_root, "util", "o2_supply_demand_map_parameter_landscape_io_utils.R")	source
oxygen/code/O2_supply_demand_MAP/simulation/parameter_landscape/parameter_landscape_simulation_utils.R	3	file.path(.o2pl_workflow_root, "util", "o2_supply_demand_map_invitro_parameter_utils.R")	source
oxygen/code/O2_supply_demand_MAP/simulation/parameter_landscape/parameter_landscape_simulation_utils.R	3	file.path(.o2pl_workflow_root, "util", "o2_supply_demand_map_shared.R")	source
oxygen/code/O2_supply_demand_MAP/simulation/parameter_landscape/parameter_landscape_simulation_utils.R	10	file.path(.o2pl_workflow_root, "util", "o2_supply_demand_map_parameter_landscape_io_utils.R")	source
oxygen/code/O2_supply_demand_MAP/simulation/parameter_landscape/parameter_landscape_simulation_utils.R	10	file.path(.o2pl_workflow_root, "util", "o2_supply_demand_map_invitro_parameter_utils.R")	source
oxygen/code/O2_supply_demand_MAP/simulation/parameter_landscape/parameter_landscape_simulation_utils.R	10	file.path(.o2pl_workflow_root, "util", "o2_supply_demand_map_shared.R")	source
oxygen/code/O2_supply_demand_MAP/simulation/parameter_landscape/parameter_landscape_simulation_utils.R	14	script	sys.source
oxygen/code/O2_supply_demand_MAP/simulation/parameter_landscape/parameter_landscape_simulation_utils.R	332	script	sys.source
oxygen/code/O2_supply_demand_MAP/simulation/perturbation/generate_factorial_interaction_outputs.R	1	file.path(WORKFLOW_ROOT, "util", "o2_supply_demand_map_perturbation_utils.R")	source
oxygen/code/O2_supply_demand_MAP/simulation/perturbation/generate_factorial_interaction_outputs.R	6	file.path(WORKFLOW_ROOT, "util", "o2_supply_demand_map_perturbation_utils.R")	source
oxygen/code/O2_supply_demand_MAP/simulation/perturbation/generate_factorial_interaction_outputs.R	46	file.path(WORKFLOW_ROOT, "util", "o2_supply_demand_map_perturbation_utils.R")	source
oxygen/code/O2_supply_demand_MAP/simulation/perturbation/generate_mixed_ploidy_perturbation_outputs.R	1	file.path(WORKFLOW_ROOT, "util", "o2_supply_demand_map_perturbation_utils.R")	source
oxygen/code/O2_supply_demand_MAP/simulation/perturbation/generate_mixed_ploidy_perturbation_outputs.R	7	file.path(WORKFLOW_ROOT, "util", "o2_supply_demand_map_perturbation_utils.R")	source
oxygen/code/O2_supply_demand_MAP/simulation/perturbation/generate_mixed_ploidy_perturbation_outputs.R	46	file.path(WORKFLOW_ROOT, "util", "o2_supply_demand_map_perturbation_utils.R")	source
oxygen/code/O2_supply_demand_MAP/simulation/process_fingerprints/generate_o2_ploidy_event_inputs.R	1	file.path(.script_dir, "process_fingerprint_simulation_legacy_utils.R")	source
oxygen/code/O2_supply_demand_MAP/simulation/process_fingerprints/generate_o2_ploidy_event_inputs.R	1	file.path(.script_dir, "process_fingerprint_simulation_utils.R")	source
oxygen/code/O2_supply_demand_MAP/simulation/process_fingerprints/generate_o2_ploidy_event_inputs.R	2	file.path(.script_dir, "process_fingerprint_simulation_legacy_utils.R")	source
oxygen/code/O2_supply_demand_MAP/simulation/process_fingerprints/generate_o2_ploidy_event_inputs.R	2	file.path(.script_dir, "process_fingerprint_simulation_utils.R")	source
oxygen/code/O2_supply_demand_MAP/simulation/process_fingerprints/generate_o2_ploidy_event_inputs.R	7	file.path(.script_dir, "process_fingerprint_simulation_legacy_utils.R")	source
oxygen/code/O2_supply_demand_MAP/simulation/process_fingerprints/generate_o2_ploidy_event_inputs.R	7	file.path(.script_dir, "process_fingerprint_simulation_utils.R")	source
oxygen/code/O2_supply_demand_MAP/simulation/process_fingerprints/generate_o2_ploidy_event_inputs.R	15	file.path(.script_dir, "process_fingerprint_simulation_legacy_utils.R")	source
oxygen/code/O2_supply_demand_MAP/simulation/process_fingerprints/generate_o2_ploidy_event_inputs.R	15	file.path(.script_dir, "process_fingerprint_simulation_utils.R")	source
oxygen/code/O2_supply_demand_MAP/simulation/process_fingerprints/generate_process_fingerprint_outputs.R	1	file.path(SIMULATION_UTIL_DIR, "process_fingerprint_simulation_legacy_utils.R")	source
oxygen/code/O2_supply_demand_MAP/simulation/process_fingerprints/generate_process_fingerprint_outputs.R	1	file.path(SIMULATION_UTIL_DIR, "ploidy_regime_simulation_utils.R")	source
oxygen/code/O2_supply_demand_MAP/simulation/process_fingerprints/generate_process_fingerprint_outputs.R	1	file.path(.script_dir, "process_fingerprint_simulation_utils.R")	source
oxygen/code/O2_supply_demand_MAP/simulation/process_fingerprints/generate_process_fingerprint_outputs.R	2	file.path(SIMULATION_UTIL_DIR, "process_fingerprint_simulation_legacy_utils.R")	source
oxygen/code/O2_supply_demand_MAP/simulation/process_fingerprints/generate_process_fingerprint_outputs.R	2	file.path(SIMULATION_UTIL_DIR, "ploidy_regime_simulation_utils.R")	source
oxygen/code/O2_supply_demand_MAP/simulation/process_fingerprints/generate_process_fingerprint_outputs.R	2	file.path(.script_dir, "process_fingerprint_simulation_utils.R")	source
oxygen/code/O2_supply_demand_MAP/simulation/process_fingerprints/generate_process_fingerprint_outputs.R	7	file.path(SIMULATION_UTIL_DIR, "process_fingerprint_simulation_legacy_utils.R")	source
oxygen/code/O2_supply_demand_MAP/simulation/process_fingerprints/generate_process_fingerprint_outputs.R	7	file.path(SIMULATION_UTIL_DIR, "ploidy_regime_simulation_utils.R")	source
oxygen/code/O2_supply_demand_MAP/simulation/process_fingerprints/generate_process_fingerprint_outputs.R	7	file.path(.script_dir, "process_fingerprint_simulation_utils.R")	source
oxygen/code/O2_supply_demand_MAP/simulation/process_fingerprints/generate_process_fingerprint_outputs.R	15	file.path(SIMULATION_UTIL_DIR, "process_fingerprint_simulation_legacy_utils.R")	source
oxygen/code/O2_supply_demand_MAP/simulation/process_fingerprints/generate_process_fingerprint_outputs.R	15	file.path(SIMULATION_UTIL_DIR, "ploidy_regime_simulation_utils.R")	source
oxygen/code/O2_supply_demand_MAP/simulation/process_fingerprints/generate_process_fingerprint_outputs.R	15	file.path(.script_dir, "process_fingerprint_simulation_utils.R")	source
oxygen/code/O2_supply_demand_MAP/simulation/process_fingerprints/ploidy_regime_simulation_utils.R	1	file.path(ploidy_regime_simulation_workflow_root, "util", "o2_supply_demand_map_ploidy_regime_utils.R")	source
oxygen/code/O2_supply_demand_MAP/simulation/process_fingerprints/ploidy_regime_simulation_utils.R	1	file.path(ploidy_regime_simulation_workflow_root, "util", "o2_supply_demand_map_postfit_probe_utils.R")	source
oxygen/code/O2_supply_demand_MAP/simulation/process_fingerprints/ploidy_regime_simulation_utils.R	2	file.path(ploidy_regime_simulation_workflow_root, "util", "o2_supply_demand_map_ploidy_regime_utils.R")	source
oxygen/code/O2_supply_demand_MAP/simulation/process_fingerprints/ploidy_regime_simulation_utils.R	2	file.path(ploidy_regime_simulation_workflow_root, "util", "o2_supply_demand_map_postfit_probe_utils.R")	source
oxygen/code/O2_supply_demand_MAP/simulation/process_fingerprints/ploidy_regime_simulation_utils.R	6	file.path(ploidy_regime_simulation_workflow_root, "util", "o2_supply_demand_map_ploidy_regime_utils.R")	source
oxygen/code/O2_supply_demand_MAP/simulation/process_fingerprints/ploidy_regime_simulation_utils.R	6	file.path(ploidy_regime_simulation_workflow_root, "util", "o2_supply_demand_map_postfit_probe_utils.R")	source
oxygen/code/O2_supply_demand_MAP/simulation/process_fingerprints/ploidy_regime_simulation_utils.R	23	file.path(ploidy_regime_simulation_workflow_root, "util", "o2_supply_demand_map_ploidy_regime_utils.R")	source
oxygen/code/O2_supply_demand_MAP/simulation/process_fingerprints/ploidy_regime_simulation_utils.R	23	file.path(ploidy_regime_simulation_workflow_root, "util", "o2_supply_demand_map_postfit_probe_utils.R")	source
oxygen/code/O2_supply_demand_MAP/simulation/process_fingerprints/ploidy_regime_simulation_utils.R	49	file.path(script_dir, "process_fingerprint_simulation_legacy_utils.R")	source
oxygen/code/O2_supply_demand_MAP/simulation/process_fingerprints/ploidy_regime_simulation_utils.R	51	file.path(script_dir, "process_fingerprint_simulation_legacy_utils.R")	source
oxygen/code/O2_supply_demand_MAP/simulation/process_fingerprints/process_fingerprint_simulation_legacy_utils.R	1	file.path(process_fingerprint_simulation_workflow_root, "util", "o2_supply_demand_map_process_fingerprint_utils.R")	source
oxygen/code/O2_supply_demand_MAP/simulation/process_fingerprints/process_fingerprint_simulation_legacy_utils.R	1	file.path(process_fingerprint_simulation_workflow_root, "util", "o2_supply_demand_map_postfit_input_utils.R")	source
oxygen/code/O2_supply_demand_MAP/simulation/process_fingerprints/process_fingerprint_simulation_legacy_utils.R	2	file.path(process_fingerprint_simulation_workflow_root, "util", "o2_supply_demand_map_process_fingerprint_utils.R")	source
oxygen/code/O2_supply_demand_MAP/simulation/process_fingerprints/process_fingerprint_simulation_legacy_utils.R	2	file.path(process_fingerprint_simulation_workflow_root, "util", "o2_supply_demand_map_postfit_input_utils.R")	source
oxygen/code/O2_supply_demand_MAP/simulation/process_fingerprints/process_fingerprint_simulation_legacy_utils.R	5	file.path(process_fingerprint_simulation_workflow_root, "util", "o2_supply_demand_map_process_fingerprint_utils.R")	source
oxygen/code/O2_supply_demand_MAP/simulation/process_fingerprints/process_fingerprint_simulation_legacy_utils.R	5	file.path(process_fingerprint_simulation_workflow_root, "util", "o2_supply_demand_map_postfit_input_utils.R")	source
oxygen/code/O2_supply_demand_MAP/simulation/process_fingerprints/process_fingerprint_simulation_legacy_utils.R	22	file.path(process_fingerprint_simulation_workflow_root, "util", "o2_supply_demand_map_process_fingerprint_utils.R")	source
oxygen/code/O2_supply_demand_MAP/simulation/process_fingerprints/process_fingerprint_simulation_legacy_utils.R	22	file.path(process_fingerprint_simulation_workflow_root, "util", "o2_supply_demand_map_postfit_input_utils.R")	source
oxygen/code/O2_supply_demand_MAP/simulation/simulate_invivo_factorial_interaction.R	1	file.path(WORKFLOW_ROOT, "simulation", "perturbation", "generate_factorial_interaction_outputs.R")	source
oxygen/code/O2_supply_demand_MAP/simulation/simulate_invivo_factorial_interaction.R	1	file.path(WORKFLOW_ROOT, "analysis", "interactions", "analyze_factorial_interactions.R")	source
oxygen/code/O2_supply_demand_MAP/simulation/simulate_invivo_factorial_interaction.R	1	file.path(WORKFLOW_ROOT, "vis", "interactions", "plot_factorial_interactions.R")	source
oxygen/code/O2_supply_demand_MAP/simulation/simulate_invivo_factorial_interaction.R	2	file.path(WORKFLOW_ROOT, "simulation", "perturbation", "generate_factorial_interaction_outputs.R")	source
oxygen/code/O2_supply_demand_MAP/simulation/simulate_invivo_factorial_interaction.R	2	file.path(WORKFLOW_ROOT, "analysis", "interactions", "analyze_factorial_interactions.R")	source
oxygen/code/O2_supply_demand_MAP/simulation/simulate_invivo_factorial_interaction.R	2	file.path(WORKFLOW_ROOT, "vis", "interactions", "plot_factorial_interactions.R")	source
oxygen/code/O2_supply_demand_MAP/simulation/simulate_invivo_factorial_interaction.R	6	file.path(WORKFLOW_ROOT, "simulation", "perturbation", "generate_factorial_interaction_outputs.R")	source
oxygen/code/O2_supply_demand_MAP/simulation/simulate_invivo_factorial_interaction.R	6	file.path(WORKFLOW_ROOT, "analysis", "interactions", "analyze_factorial_interactions.R")	source
oxygen/code/O2_supply_demand_MAP/simulation/simulate_invivo_factorial_interaction.R	6	file.path(WORKFLOW_ROOT, "vis", "interactions", "plot_factorial_interactions.R")	source
oxygen/code/O2_supply_demand_MAP/simulation/simulate_invivo_factorial_interaction.R	9	file.path(WORKFLOW_ROOT, "simulation", "perturbation", "generate_factorial_interaction_outputs.R")	source
oxygen/code/O2_supply_demand_MAP/simulation/simulate_invivo_factorial_interaction.R	9	file.path(WORKFLOW_ROOT, "analysis", "interactions", "analyze_factorial_interactions.R")	source
oxygen/code/O2_supply_demand_MAP/simulation/simulate_invivo_factorial_interaction.R	9	file.path(WORKFLOW_ROOT, "vis", "interactions", "plot_factorial_interactions.R")	source
oxygen/code/O2_supply_demand_MAP/simulation/simulate_invivo_mixed_ploidy_perturbations.R	1	file.path(WORKFLOW_ROOT, "simulation", "perturbation", "generate_mixed_ploidy_perturbation_outputs.R")	source
oxygen/code/O2_supply_demand_MAP/simulation/simulate_invivo_mixed_ploidy_perturbations.R	1	file.path(WORKFLOW_ROOT, "analysis", "perturbation", "analyze_mixed_ploidy_perturbations.R")	source
oxygen/code/O2_supply_demand_MAP/simulation/simulate_invivo_mixed_ploidy_perturbations.R	1	file.path(WORKFLOW_ROOT, "vis", "perturbation", "plot_mixed_ploidy_perturbations.R")	source
oxygen/code/O2_supply_demand_MAP/simulation/simulate_invivo_mixed_ploidy_perturbations.R	2	file.path(WORKFLOW_ROOT, "simulation", "perturbation", "generate_mixed_ploidy_perturbation_outputs.R")	source
oxygen/code/O2_supply_demand_MAP/simulation/simulate_invivo_mixed_ploidy_perturbations.R	2	file.path(WORKFLOW_ROOT, "analysis", "perturbation", "analyze_mixed_ploidy_perturbations.R")	source
oxygen/code/O2_supply_demand_MAP/simulation/simulate_invivo_mixed_ploidy_perturbations.R	2	file.path(WORKFLOW_ROOT, "vis", "perturbation", "plot_mixed_ploidy_perturbations.R")	source
oxygen/code/O2_supply_demand_MAP/simulation/simulate_invivo_mixed_ploidy_perturbations.R	6	file.path(WORKFLOW_ROOT, "simulation", "perturbation", "generate_mixed_ploidy_perturbation_outputs.R")	source
oxygen/code/O2_supply_demand_MAP/simulation/simulate_invivo_mixed_ploidy_perturbations.R	6	file.path(WORKFLOW_ROOT, "analysis", "perturbation", "analyze_mixed_ploidy_perturbations.R")	source
oxygen/code/O2_supply_demand_MAP/simulation/simulate_invivo_mixed_ploidy_perturbations.R	6	file.path(WORKFLOW_ROOT, "vis", "perturbation", "plot_mixed_ploidy_perturbations.R")	source
oxygen/code/O2_supply_demand_MAP/simulation/simulate_invivo_mixed_ploidy_perturbations.R	9	file.path(WORKFLOW_ROOT, "simulation", "perturbation", "generate_mixed_ploidy_perturbation_outputs.R")	source
oxygen/code/O2_supply_demand_MAP/simulation/simulate_invivo_mixed_ploidy_perturbations.R	9	file.path(WORKFLOW_ROOT, "analysis", "perturbation", "analyze_mixed_ploidy_perturbations.R")	source
oxygen/code/O2_supply_demand_MAP/simulation/simulate_invivo_mixed_ploidy_perturbations.R	9	file.path(WORKFLOW_ROOT, "vis", "perturbation", "plot_mixed_ploidy_perturbations.R")	source
oxygen/code/O2_supply_demand_MAP/util/o2_supply_demand_map_bpf_report_utils.R	1	file.path(.bpf_util_dir, "o2_supply_demand_map_html_utils.R")	source
oxygen/code/O2_supply_demand_MAP/util/o2_supply_demand_map_bpf_report_utils.R	2	file.path(.bpf_util_dir, "o2_supply_demand_map_html_utils.R")	source
oxygen/code/O2_supply_demand_MAP/util/o2_supply_demand_map_bpf_report_utils.R	3	file.path(.bpf_util_dir, "o2_supply_demand_map_html_utils.R")	source
oxygen/code/O2_supply_demand_MAP/util/o2_supply_demand_map_bpf_report_utils.R	9	file.path(.bpf_util_dir, "o2_supply_demand_map_html_utils.R")	source
oxygen/code/O2_supply_demand_MAP/util/o2_supply_demand_map_common_semantics.R	1	file.path(.o2sd_common_script_dir, "o2_supply_demand_map_shared.R")	source
oxygen/code/O2_supply_demand_MAP/util/o2_supply_demand_map_common_semantics.R	73	file.path(.o2sd_common_script_dir, "o2_supply_demand_map_shared.R")	source
oxygen/code/O2_supply_demand_MAP/util/o2_supply_demand_map_eigen_attractor_utils.R	1	file.path(o2ea_util_script_dir(), "o2_supply_demand_map_shared.R")	source
oxygen/code/O2_supply_demand_MAP/util/o2_supply_demand_map_eigen_attractor_utils.R	7	file.path(o2ea_util_script_dir(), "o2_supply_demand_map_shared.R")	source
oxygen/code/O2_supply_demand_MAP/util/o2_supply_demand_map_eigen_attractor_utils.R	20	file.path(o2ea_util_script_dir(), "o2_supply_demand_map_shared.R")	source
oxygen/code/O2_supply_demand_MAP/util/o2_supply_demand_map_fit_invitro_backend.R	1	file.path(WORKFLOW_ROOT, "util", "o2_supply_demand_map_shared.R")	source
oxygen/code/O2_supply_demand_MAP/util/o2_supply_demand_map_fit_invitro_backend.R	1	file.path(WORKFLOW_ROOT, "util", "o2_supply_demand_map_common_semantics.R")	source
oxygen/code/O2_supply_demand_MAP/util/o2_supply_demand_map_fit_invitro_backend.R	1	file.path(WORKFLOW_ROOT, "model", "model_O2_supply_demand_MAP.R")	source
oxygen/code/O2_supply_demand_MAP/util/o2_supply_demand_map_fit_invitro_backend.R	1	file.path(WORKFLOW_ROOT, "util", "o2_supply_demand_map_invitro_utils.R")	source
oxygen/code/O2_supply_demand_MAP/util/o2_supply_demand_map_fit_invitro_backend.R	3	file.path(WORKFLOW_ROOT, "util", "o2_supply_demand_map_shared.R")	source
oxygen/code/O2_supply_demand_MAP/util/o2_supply_demand_map_fit_invitro_backend.R	3	file.path(WORKFLOW_ROOT, "util", "o2_supply_demand_map_common_semantics.R")	source
oxygen/code/O2_supply_demand_MAP/util/o2_supply_demand_map_fit_invitro_backend.R	3	file.path(WORKFLOW_ROOT, "model", "model_O2_supply_demand_MAP.R")	source
oxygen/code/O2_supply_demand_MAP/util/o2_supply_demand_map_fit_invitro_backend.R	3	file.path(WORKFLOW_ROOT, "util", "o2_supply_demand_map_invitro_utils.R")	source
oxygen/code/O2_supply_demand_MAP/util/o2_supply_demand_map_fit_invitro_backend.R	48	file.path(WORKFLOW_ROOT, "util", "o2_supply_demand_map_shared.R")	source
oxygen/code/O2_supply_demand_MAP/util/o2_supply_demand_map_fit_invitro_backend.R	48	file.path(WORKFLOW_ROOT, "util", "o2_supply_demand_map_common_semantics.R")	source
oxygen/code/O2_supply_demand_MAP/util/o2_supply_demand_map_fit_invitro_backend.R	48	file.path(WORKFLOW_ROOT, "model", "model_O2_supply_demand_MAP.R")	source
oxygen/code/O2_supply_demand_MAP/util/o2_supply_demand_map_fit_invitro_backend.R	48	file.path(WORKFLOW_ROOT, "util", "o2_supply_demand_map_invitro_utils.R")	source
oxygen/code/O2_supply_demand_MAP/util/o2_supply_demand_map_fit_invivo_backend.R	1	file.path(WORKFLOW_ROOT, "util", "o2_supply_demand_map_shared.R")	source
oxygen/code/O2_supply_demand_MAP/util/o2_supply_demand_map_fit_invivo_backend.R	1	file.path(WORKFLOW_ROOT, "util", "o2_supply_demand_map_common_semantics.R")	source
oxygen/code/O2_supply_demand_MAP/util/o2_supply_demand_map_fit_invivo_backend.R	3	file.path(WORKFLOW_ROOT, "util", "o2_supply_demand_map_shared.R")	source
oxygen/code/O2_supply_demand_MAP/util/o2_supply_demand_map_fit_invivo_backend.R	3	file.path(WORKFLOW_ROOT, "util", "o2_supply_demand_map_common_semantics.R")	source
oxygen/code/O2_supply_demand_MAP/util/o2_supply_demand_map_fit_invivo_backend.R	33	model_path	source
oxygen/code/O2_supply_demand_MAP/util/o2_supply_demand_map_fit_invivo_backend.R	35	wrapper_path	source
oxygen/code/O2_supply_demand_MAP/util/o2_supply_demand_map_fit_invivo_backend.R	47	file.path(WORKFLOW_ROOT, "util", "o2_supply_demand_map_shared.R")	source
oxygen/code/O2_supply_demand_MAP/util/o2_supply_demand_map_fit_invivo_backend.R	47	file.path(WORKFLOW_ROOT, "util", "o2_supply_demand_map_common_semantics.R")	source
oxygen/code/O2_supply_demand_MAP/util/o2_supply_demand_map_fit_invivo_backend.R	87	file.path(workflow_root, "util", "o2_supply_demand_map_common_semantics.R")	source
oxygen/code/O2_supply_demand_MAP/util/o2_supply_demand_map_fit_invivo_backend.R	87	model_path	source
oxygen/code/O2_supply_demand_MAP/util/o2_supply_demand_map_fit_invivo_backend.R	2219	wrapper_path	source
oxygen/code/O2_supply_demand_MAP/util/o2_supply_demand_map_fit_invivo_backend.R	2244	model_path	source
oxygen/code/O2_supply_demand_MAP/util/o2_supply_demand_map_fit_invivo_backend.R	3021	file.path(workflow_root, "util", "o2_supply_demand_map_common_semantics.R")	source
oxygen/code/O2_supply_demand_MAP/util/o2_supply_demand_map_fit_invivo_backend.R	3021	model_path	source
oxygen/code/O2_supply_demand_MAP/util/o2_supply_demand_map_fit_joint_backend.R	1	file.path(WORKFLOW_ROOT, "util", "o2_supply_demand_map_shared.R")	source
oxygen/code/O2_supply_demand_MAP/util/o2_supply_demand_map_fit_joint_backend.R	1	file.path(WORKFLOW_ROOT, "util", "o2_supply_demand_map_common_semantics.R")	source
oxygen/code/O2_supply_demand_MAP/util/o2_supply_demand_map_fit_joint_backend.R	1	file.path(WORKFLOW_ROOT, "util", "o2_supply_demand_map_invitro_parameter_utils.R")	source
oxygen/code/O2_supply_demand_MAP/util/o2_supply_demand_map_fit_joint_backend.R	3	file.path(WORKFLOW_ROOT, "util", "o2_supply_demand_map_shared.R")	source
oxygen/code/O2_supply_demand_MAP/util/o2_supply_demand_map_fit_joint_backend.R	3	file.path(WORKFLOW_ROOT, "util", "o2_supply_demand_map_common_semantics.R")	source
oxygen/code/O2_supply_demand_MAP/util/o2_supply_demand_map_fit_joint_backend.R	3	file.path(WORKFLOW_ROOT, "util", "o2_supply_demand_map_invitro_parameter_utils.R")	source
oxygen/code/O2_supply_demand_MAP/util/o2_supply_demand_map_fit_joint_backend.R	42	path	sys.source
oxygen/code/O2_supply_demand_MAP/util/o2_supply_demand_map_fit_joint_backend.R	44	path	sys.source
oxygen/code/O2_supply_demand_MAP/util/o2_supply_demand_map_fit_joint_backend.R	48	file.path(WORKFLOW_ROOT, "util", "o2_supply_demand_map_shared.R")	source
oxygen/code/O2_supply_demand_MAP/util/o2_supply_demand_map_fit_joint_backend.R	48	file.path(WORKFLOW_ROOT, "util", "o2_supply_demand_map_common_semantics.R")	source
oxygen/code/O2_supply_demand_MAP/util/o2_supply_demand_map_fit_joint_backend.R	48	file.path(WORKFLOW_ROOT, "util", "o2_supply_demand_map_invitro_parameter_utils.R")	source
oxygen/code/O2_supply_demand_MAP/util/o2_supply_demand_map_fit_joint_backend.R	49	model_path	sys.source
oxygen/code/O2_supply_demand_MAP/util/o2_supply_demand_map_fit_joint_backend.R	257	model_path	sys.source
oxygen/code/O2_supply_demand_MAP/util/o2_supply_demand_map_fixed_o2_utils.R	1	file.path(fixed_o2_canonical_utils_dir, "o2_supply_demand_map_postfit_input_utils.R")	source
oxygen/code/O2_supply_demand_MAP/util/o2_supply_demand_map_fixed_o2_utils.R	1	file.path(fixed_o2_canonical_utils_dir, "o2_supply_demand_map_postfit_probe_utils.R")	source
oxygen/code/O2_supply_demand_MAP/util/o2_supply_demand_map_fixed_o2_utils.R	2	file.path(fixed_o2_canonical_utils_dir, "o2_supply_demand_map_postfit_input_utils.R")	source
oxygen/code/O2_supply_demand_MAP/util/o2_supply_demand_map_fixed_o2_utils.R	2	file.path(fixed_o2_canonical_utils_dir, "o2_supply_demand_map_postfit_probe_utils.R")	source
oxygen/code/O2_supply_demand_MAP/util/o2_supply_demand_map_fixed_o2_utils.R	5	file.path(fixed_o2_canonical_utils_dir, "o2_supply_demand_map_postfit_input_utils.R")	source
oxygen/code/O2_supply_demand_MAP/util/o2_supply_demand_map_fixed_o2_utils.R	5	file.path(fixed_o2_canonical_utils_dir, "o2_supply_demand_map_postfit_probe_utils.R")	source
oxygen/code/O2_supply_demand_MAP/util/o2_supply_demand_map_fixed_o2_utils.R	7	file.path(fixed_o2_canonical_utils_dir, "o2_supply_demand_map_postfit_input_utils.R")	source
oxygen/code/O2_supply_demand_MAP/util/o2_supply_demand_map_fixed_o2_utils.R	7	file.path(fixed_o2_canonical_utils_dir, "o2_supply_demand_map_postfit_probe_utils.R")	source
oxygen/code/O2_supply_demand_MAP/util/o2_supply_demand_map_invitro_io_utils.R	18	shared_path	source
oxygen/code/O2_supply_demand_MAP/util/o2_supply_demand_map_invitro_io_utils.R	18	common_path	source
oxygen/code/O2_supply_demand_MAP/util/o2_supply_demand_map_invitro_io_utils.R	18	model_path	source
oxygen/code/O2_supply_demand_MAP/util/o2_supply_demand_map_invitro_io_utils.R	45	shared_path	source
oxygen/code/O2_supply_demand_MAP/util/o2_supply_demand_map_invitro_io_utils.R	45	common_path	source
oxygen/code/O2_supply_demand_MAP/util/o2_supply_demand_map_invitro_io_utils.R	45	model_path	source
oxygen/code/O2_supply_demand_MAP/util/o2_supply_demand_map_invitro_utils.R	41	.o2sd_invitro_helper_path	sys.source
oxygen/code/O2_supply_demand_MAP/util/o2_supply_demand_map_invitro_utils.R	63	.o2sd_invitro_helper_path	sys.source
oxygen/code/O2_supply_demand_MAP/util/o2_supply_demand_map_joint_parameter_plot.R	1	file.path(.joint_parameter_legacy_dir, "o2_supply_demand_map_joint_parameter_utils.R")	source
oxygen/code/O2_supply_demand_MAP/util/o2_supply_demand_map_joint_parameter_plot.R	2	file.path(.joint_parameter_legacy_dir, "o2_supply_demand_map_joint_parameter_utils.R")	source
oxygen/code/O2_supply_demand_MAP/util/o2_supply_demand_map_joint_parameter_plot.R	7	file.path(.joint_parameter_legacy_dir, "o2_supply_demand_map_joint_parameter_utils.R")	source
oxygen/code/O2_supply_demand_MAP/util/o2_supply_demand_map_joint_parameter_plot.R	17	file.path(.joint_parameter_legacy_dir, "o2_supply_demand_map_joint_parameter_utils.R")	source
oxygen/code/O2_supply_demand_MAP/util/o2_supply_demand_map_joint_parameter_utils.R	1	file.path(.joint_parameter_utils_dir, "o2_supply_demand_map_common_semantics.R")	source
oxygen/code/O2_supply_demand_MAP/util/o2_supply_demand_map_joint_parameter_utils.R	2	file.path(.joint_parameter_utils_dir, "o2_supply_demand_map_common_semantics.R")	source
oxygen/code/O2_supply_demand_MAP/util/o2_supply_demand_map_joint_parameter_utils.R	13	file.path(.joint_parameter_utils_dir, "o2_supply_demand_map_common_semantics.R")	source
oxygen/code/O2_supply_demand_MAP/util/o2_supply_demand_map_multi_warmup_utils.R	1	file.path(o2mw_util_dir(), "o2_supply_demand_map_shared.R")	source
oxygen/code/O2_supply_demand_MAP/util/o2_supply_demand_map_multi_warmup_utils.R	6	file.path(o2mw_util_dir(), "o2_supply_demand_map_shared.R")	source
oxygen/code/O2_supply_demand_MAP/util/o2_supply_demand_map_multi_warmup_utils.R	12	file.path(o2mw_util_dir(), "o2_supply_demand_map_shared.R")	source
oxygen/code/O2_supply_demand_MAP/util/o2_supply_demand_map_perturbation_utils.R	1	file.path(WORKFLOW_ROOT, "util", "o2_supply_demand_map_shared.R")	source
oxygen/code/O2_supply_demand_MAP/util/o2_supply_demand_map_perturbation_utils.R	1	file.path(WORKFLOW_ROOT, "util", "o2_supply_demand_map_common_semantics.R")	source
oxygen/code/O2_supply_demand_MAP/util/o2_supply_demand_map_perturbation_utils.R	7	file.path(WORKFLOW_ROOT, "util", "o2_supply_demand_map_shared.R")	source
oxygen/code/O2_supply_demand_MAP/util/o2_supply_demand_map_perturbation_utils.R	7	file.path(WORKFLOW_ROOT, "util", "o2_supply_demand_map_common_semantics.R")	source
oxygen/code/O2_supply_demand_MAP/util/o2_supply_demand_map_perturbation_utils.R	46	file.path(WORKFLOW_ROOT, "util", "o2_supply_demand_map_shared.R")	source
oxygen/code/O2_supply_demand_MAP/util/o2_supply_demand_map_perturbation_utils.R	46	file.path(WORKFLOW_ROOT, "util", "o2_supply_demand_map_common_semantics.R")	source
oxygen/code/O2_supply_demand_MAP/util/o2_supply_demand_map_perturbation_utils.R	61	model_path	sys.source
oxygen/code/O2_supply_demand_MAP/util/o2_supply_demand_map_perturbation_utils.R	66	model_path	sys.source
oxygen/code/O2_supply_demand_MAP/util/o2_supply_demand_map_postfit_input_utils.R	65	shared_file	source
oxygen/code/O2_supply_demand_MAP/util/o2_supply_demand_map_postfit_input_utils.R	65	common_file	source
oxygen/code/O2_supply_demand_MAP/util/o2_supply_demand_map_postfit_input_utils.R	65	model_file	source
oxygen/code/O2_supply_demand_MAP/util/o2_supply_demand_map_postfit_input_utils.R	159	shared_file	source
oxygen/code/O2_supply_demand_MAP/util/o2_supply_demand_map_postfit_input_utils.R	159	common_file	source
oxygen/code/O2_supply_demand_MAP/util/o2_supply_demand_map_postfit_input_utils.R	159	model_file	source
oxygen/code/O2_supply_demand_MAP/util/o2_supply_demand_map_process_fingerprint_utils.R	1	file.path(.o2ipa_util_dir, "o2_supply_demand_map_shared.R")	source
oxygen/code/O2_supply_demand_MAP/util/o2_supply_demand_map_process_fingerprint_utils.R	2	file.path(.o2ipa_util_dir, "o2_supply_demand_map_shared.R")	source
oxygen/code/O2_supply_demand_MAP/util/o2_supply_demand_map_process_fingerprint_utils.R	7	file.path(.o2ipa_util_dir, "o2_supply_demand_map_shared.R")	source
oxygen/code/O2_supply_demand_MAP/util/o2_supply_demand_map_process_fingerprint_utils.R	19	file.path(.o2ipa_util_dir, "o2_supply_demand_map_shared.R")	source
oxygen/code/O2_supply_demand_MAP/vis/combined_fixo2_eigen/plot_fixo2_eigen_attractor_embedding_curve_class.R	1	file.path(UTIL_DIR, "o2_supply_demand_map_bpf_path_utils.R")	source
oxygen/code/O2_supply_demand_MAP/vis/combined_fixo2_eigen/plot_fixo2_eigen_attractor_embedding_curve_class.R	1	file.path(UTIL_DIR, "o2_supply_demand_map_bpf_cli_utils.R")	source
oxygen/code/O2_supply_demand_MAP/vis/combined_fixo2_eigen/plot_fixo2_eigen_attractor_embedding_curve_class.R	1	file.path(UTIL_DIR, "o2_supply_demand_map_combined_fixo2_eigen_utils.R")	source
oxygen/code/O2_supply_demand_MAP/vis/combined_fixo2_eigen/plot_fixo2_eigen_attractor_embedding_curve_class.R	2	file.path(UTIL_DIR, "o2_supply_demand_map_bpf_path_utils.R")	source
oxygen/code/O2_supply_demand_MAP/vis/combined_fixo2_eigen/plot_fixo2_eigen_attractor_embedding_curve_class.R	2	file.path(UTIL_DIR, "o2_supply_demand_map_bpf_cli_utils.R")	source
oxygen/code/O2_supply_demand_MAP/vis/combined_fixo2_eigen/plot_fixo2_eigen_attractor_embedding_curve_class.R	2	file.path(UTIL_DIR, "o2_supply_demand_map_combined_fixo2_eigen_utils.R")	source
oxygen/code/O2_supply_demand_MAP/vis/combined_fixo2_eigen/plot_fixo2_eigen_attractor_embedding_curve_class.R	5	file.path(UTIL_DIR, "o2_supply_demand_map_bpf_path_utils.R")	source
oxygen/code/O2_supply_demand_MAP/vis/combined_fixo2_eigen/plot_fixo2_eigen_attractor_embedding_curve_class.R	5	file.path(UTIL_DIR, "o2_supply_demand_map_bpf_cli_utils.R")	source
oxygen/code/O2_supply_demand_MAP/vis/combined_fixo2_eigen/plot_fixo2_eigen_attractor_embedding_curve_class.R	5	file.path(UTIL_DIR, "o2_supply_demand_map_combined_fixo2_eigen_utils.R")	source
oxygen/code/O2_supply_demand_MAP/vis/combined_fixo2_eigen/plot_fixo2_eigen_attractor_embedding_curve_class.R	12	file.path(UTIL_DIR, "o2_supply_demand_map_bpf_path_utils.R")	source
oxygen/code/O2_supply_demand_MAP/vis/combined_fixo2_eigen/plot_fixo2_eigen_attractor_embedding_curve_class.R	12	file.path(UTIL_DIR, "o2_supply_demand_map_bpf_cli_utils.R")	source
oxygen/code/O2_supply_demand_MAP/vis/combined_fixo2_eigen/plot_fixo2_eigen_attractor_embedding_curve_class.R	12	file.path(UTIL_DIR, "o2_supply_demand_map_combined_fixo2_eigen_utils.R")	source
oxygen/code/O2_supply_demand_MAP/vis/combined_parameter_landscape/render_combined_parameter_landscape_figures.R	1	file.path(.combined_vis_root, "util", "o2_supply_demand_map_combined_landscape_utils.R")	source
oxygen/code/O2_supply_demand_MAP/vis/combined_parameter_landscape/render_combined_parameter_landscape_figures.R	2	file.path(.combined_vis_root, "util", "o2_supply_demand_map_combined_landscape_utils.R")	source
oxygen/code/O2_supply_demand_MAP/vis/combined_parameter_landscape/render_combined_parameter_landscape_figures.R	3	file.path(.combined_vis_root, "util", "o2_supply_demand_map_combined_landscape_utils.R")	source
oxygen/code/O2_supply_demand_MAP/vis/combined_parameter_landscape/render_combined_parameter_landscape_figures.R	7	file.path(.combined_vis_root, "util", "o2_supply_demand_map_combined_landscape_utils.R")	source
oxygen/code/O2_supply_demand_MAP/vis/dense_grid_monotonicity/render_dense_grid_figures.R	1	file.path(.dense_vis_root, "util", "o2_supply_demand_map_dense_grid_utils.R")	source
oxygen/code/O2_supply_demand_MAP/vis/dense_grid_monotonicity/render_dense_grid_figures.R	2	file.path(.dense_vis_root, "util", "o2_supply_demand_map_dense_grid_utils.R")	source
oxygen/code/O2_supply_demand_MAP/vis/dense_grid_monotonicity/render_dense_grid_figures.R	3	file.path(.dense_vis_root, "util", "o2_supply_demand_map_dense_grid_utils.R")	source
oxygen/code/O2_supply_demand_MAP/vis/dense_grid_monotonicity/render_dense_grid_figures.R	7	file.path(.dense_vis_root, "util", "o2_supply_demand_map_dense_grid_utils.R")	source
oxygen/code/O2_supply_demand_MAP/vis/fit_results/plot_extra_results_objective_violin.R	1	file.path(WORKFLOW_ROOT, "util", "o2_supply_demand_map_fit_results_utils.R")	source
oxygen/code/O2_supply_demand_MAP/vis/fit_results/plot_extra_results_objective_violin.R	3	file.path(WORKFLOW_ROOT, "util", "o2_supply_demand_map_fit_results_utils.R")	source
oxygen/code/O2_supply_demand_MAP/vis/fit_results/plot_extra_results_objective_violin.R	48	file.path(WORKFLOW_ROOT, "util", "o2_supply_demand_map_fit_results_utils.R")	source
oxygen/code/O2_supply_demand_MAP/vis/fit_results/plot_extra_results.R	1	file.path(WORKFLOW_ROOT, "util", "o2_supply_demand_map_fit_results_utils.R")	source
oxygen/code/O2_supply_demand_MAP/vis/fit_results/plot_extra_results.R	3	file.path(WORKFLOW_ROOT, "util", "o2_supply_demand_map_fit_results_utils.R")	source
oxygen/code/O2_supply_demand_MAP/vis/fit_results/plot_extra_results.R	48	file.path(WORKFLOW_ROOT, "util", "o2_supply_demand_map_fit_results_utils.R")	source
oxygen/code/O2_supply_demand_MAP/vis/fit_results/plot_joint_sigma_soft_coupled_paired_seeds.R	1	file.path(WORKFLOW_ROOT, "util", "o2_supply_demand_map_fit_results_utils.R")	source
oxygen/code/O2_supply_demand_MAP/vis/fit_results/plot_joint_sigma_soft_coupled_paired_seeds.R	3	file.path(WORKFLOW_ROOT, "util", "o2_supply_demand_map_fit_results_utils.R")	source
oxygen/code/O2_supply_demand_MAP/vis/fit_results/plot_joint_sigma_soft_coupled_paired_seeds.R	48	file.path(WORKFLOW_ROOT, "util", "o2_supply_demand_map_fit_results_utils.R")	source
oxygen/code/O2_supply_demand_MAP/vis/fit_results/plot_sigma_burden_extra_results.R	1	file.path(WORKFLOW_ROOT, "util", "o2_supply_demand_map_shared.R")	source
oxygen/code/O2_supply_demand_MAP/vis/fit_results/plot_sigma_burden_extra_results.R	3	file.path(WORKFLOW_ROOT, "util", "o2_supply_demand_map_shared.R")	source
oxygen/code/O2_supply_demand_MAP/vis/fit_results/plot_sigma_burden_extra_results.R	48	file.path(WORKFLOW_ROOT, "util", "o2_supply_demand_map_shared.R")	source
oxygen/code/O2_supply_demand_MAP/vis/fixed_o2_eigen/render_fixo2_eigen_attractor_figures.R	1	file.path(.fixo2ea_vis_workflow_root, "util", "o2_supply_demand_map_eigen_attractor_utils.R")	source
oxygen/code/O2_supply_demand_MAP/vis/fixed_o2_eigen/render_fixo2_eigen_attractor_figures.R	2	file.path(.fixo2ea_vis_workflow_root, "util", "o2_supply_demand_map_eigen_attractor_utils.R")	source
oxygen/code/O2_supply_demand_MAP/vis/fixed_o2_eigen/render_fixo2_eigen_attractor_figures.R	5	file.path(.fixo2ea_vis_workflow_root, "util", "o2_supply_demand_map_eigen_attractor_utils.R")	source
oxygen/code/O2_supply_demand_MAP/vis/fixed_o2_eigen/render_fixo2_eigen_attractor_figures.R	26	file.path(.fixo2ea_vis_workflow_root, "util", "o2_supply_demand_map_eigen_attractor_utils.R")	source
oxygen/code/O2_supply_demand_MAP/vis/fixed_o2/fixed_o2_plot_utils.R	1	file.path(.fixed_o2_plot_utils_dir, "..", "..", "util", "o2_supply_demand_map_fixed_o2_format_utils.R")	source
oxygen/code/O2_supply_demand_MAP/vis/fixed_o2/fixed_o2_plot_utils.R	2	file.path(.fixed_o2_plot_utils_dir, "..", "..", "util", "o2_supply_demand_map_fixed_o2_format_utils.R")	source
oxygen/code/O2_supply_demand_MAP/vis/fixed_o2/fixed_o2_plot_utils.R	4	file.path(.fixed_o2_plot_utils_dir, "..", "..", "util", "o2_supply_demand_map_fixed_o2_format_utils.R")	source
oxygen/code/O2_supply_demand_MAP/vis/fixed_o2/fixed_o2_plot_utils.R	14	file.path(.fixed_o2_plot_utils_dir, "..", "..", "util", "o2_supply_demand_map_fixed_o2_format_utils.R")	source
oxygen/code/O2_supply_demand_MAP/vis/fixed_o2/render_fixed_o2_figures.R	1	file.path(.fixo2_vis_workflow_root, "util", "o2_supply_demand_map_fixed_o2_utils.R")	sys.source
oxygen/code/O2_supply_demand_MAP/vis/fixed_o2/render_fixed_o2_figures.R	1	file.path(.fixo2_vis_workflow_root, "util", "o2_supply_demand_map_fixed_o2_format_utils.R")	sys.source
oxygen/code/O2_supply_demand_MAP/vis/fixed_o2/render_fixed_o2_figures.R	1	file.path(.fixo2_vis_workflow_root, "util", "o2_supply_demand_map_fixed_o2_table_utils.R")	sys.source
oxygen/code/O2_supply_demand_MAP/vis/fixed_o2/render_fixed_o2_figures.R	1	file.path(.fixo2_vis_script_dir, "fixed_o2_plot_utils.R")	sys.source
oxygen/code/O2_supply_demand_MAP/vis/fixed_o2/render_fixed_o2_figures.R	2	file.path(.fixo2_vis_workflow_root, "util", "o2_supply_demand_map_fixed_o2_utils.R")	sys.source
oxygen/code/O2_supply_demand_MAP/vis/fixed_o2/render_fixed_o2_figures.R	2	file.path(.fixo2_vis_workflow_root, "util", "o2_supply_demand_map_fixed_o2_format_utils.R")	sys.source
oxygen/code/O2_supply_demand_MAP/vis/fixed_o2/render_fixed_o2_figures.R	2	file.path(.fixo2_vis_workflow_root, "util", "o2_supply_demand_map_fixed_o2_table_utils.R")	sys.source
oxygen/code/O2_supply_demand_MAP/vis/fixed_o2/render_fixed_o2_figures.R	2	file.path(.fixo2_vis_script_dir, "fixed_o2_plot_utils.R")	sys.source
oxygen/code/O2_supply_demand_MAP/vis/fixed_o2/render_fixed_o2_figures.R	6	file.path(.fixo2_vis_workflow_root, "util", "o2_supply_demand_map_fixed_o2_utils.R")	sys.source
oxygen/code/O2_supply_demand_MAP/vis/fixed_o2/render_fixed_o2_figures.R	6	file.path(.fixo2_vis_workflow_root, "util", "o2_supply_demand_map_fixed_o2_format_utils.R")	sys.source
oxygen/code/O2_supply_demand_MAP/vis/fixed_o2/render_fixed_o2_figures.R	6	file.path(.fixo2_vis_workflow_root, "util", "o2_supply_demand_map_fixed_o2_table_utils.R")	sys.source
oxygen/code/O2_supply_demand_MAP/vis/fixed_o2/render_fixed_o2_figures.R	6	file.path(.fixo2_vis_script_dir, "fixed_o2_plot_utils.R")	sys.source
oxygen/code/O2_supply_demand_MAP/vis/fixed_o2/render_fixed_o2_figures.R	25	file.path(.fixo2_vis_workflow_root, "util", "o2_supply_demand_map_fixed_o2_utils.R")	sys.source
oxygen/code/O2_supply_demand_MAP/vis/fixed_o2/render_fixed_o2_figures.R	25	file.path(.fixo2_vis_workflow_root, "util", "o2_supply_demand_map_fixed_o2_format_utils.R")	sys.source
oxygen/code/O2_supply_demand_MAP/vis/fixed_o2/render_fixed_o2_figures.R	25	file.path(.fixo2_vis_workflow_root, "util", "o2_supply_demand_map_fixed_o2_table_utils.R")	sys.source
oxygen/code/O2_supply_demand_MAP/vis/fixed_o2/render_fixed_o2_figures.R	25	file.path(.fixo2_vis_script_dir, "fixed_o2_plot_utils.R")	sys.source
oxygen/code/O2_supply_demand_MAP/vis/interactions/plot_factorial_interactions.R	1	file.path(WORKFLOW_ROOT, "util", "o2_supply_demand_map_perturbation_utils.R")	source
oxygen/code/O2_supply_demand_MAP/vis/interactions/plot_factorial_interactions.R	6	file.path(WORKFLOW_ROOT, "util", "o2_supply_demand_map_perturbation_utils.R")	source
oxygen/code/O2_supply_demand_MAP/vis/interactions/plot_factorial_interactions.R	46	file.path(WORKFLOW_ROOT, "util", "o2_supply_demand_map_perturbation_utils.R")	source
oxygen/code/O2_supply_demand_MAP/vis/invitro/o2_supply_demand_map_invitro_plot_utils.R	1	file.path(.ivt_plot_utils_dir, "..", "o2_supply_demand_map_common_plot_utils.R")	source
oxygen/code/O2_supply_demand_MAP/vis/invitro/o2_supply_demand_map_invitro_plot_utils.R	2	file.path(.ivt_plot_utils_dir, "..", "o2_supply_demand_map_common_plot_utils.R")	source
oxygen/code/O2_supply_demand_MAP/vis/invitro/o2_supply_demand_map_invitro_plot_utils.R	3	file.path(.ivt_plot_utils_dir, "..", "o2_supply_demand_map_common_plot_utils.R")	source
oxygen/code/O2_supply_demand_MAP/vis/invitro/o2_supply_demand_map_invitro_plot_utils.R	15	file.path(.ivt_plot_utils_dir, "..", "o2_supply_demand_map_common_plot_utils.R")	source
oxygen/code/O2_supply_demand_MAP/vis/invivo/o2_supply_demand_map_invivo_plot_utils.R	1	file.path(.invivo_plot_utils_dir, "..", "o2_supply_demand_map_common_plot_utils.R")	source
oxygen/code/O2_supply_demand_MAP/vis/invivo/o2_supply_demand_map_invivo_plot_utils.R	2	file.path(.invivo_plot_utils_dir, "..", "o2_supply_demand_map_common_plot_utils.R")	source
oxygen/code/O2_supply_demand_MAP/vis/invivo/o2_supply_demand_map_invivo_plot_utils.R	4	file.path(.invivo_plot_utils_dir, "..", "o2_supply_demand_map_common_plot_utils.R")	source
oxygen/code/O2_supply_demand_MAP/vis/invivo/o2_supply_demand_map_invivo_plot_utils.R	16	file.path(.invivo_plot_utils_dir, "..", "o2_supply_demand_map_common_plot_utils.R")	source
oxygen/code/O2_supply_demand_MAP/vis/joint_fixed_o2_ploidy_classification/plot_joint_fixed_o2_ploidy_curves.R	1	file.path(WORKFLOW_ROOT, "vis", "joint_soft_coupling_stability", "joint_coupling_visualization_utils.R")	source
oxygen/code/O2_supply_demand_MAP/vis/joint_fixed_o2_ploidy_classification/plot_joint_fixed_o2_ploidy_curves.R	2	file.path(WORKFLOW_ROOT, "vis", "joint_soft_coupling_stability", "joint_coupling_visualization_utils.R")	source
oxygen/code/O2_supply_demand_MAP/vis/joint_fixed_o2_ploidy_classification/plot_joint_fixed_o2_ploidy_curves.R	6	file.path(WORKFLOW_ROOT, "vis", "joint_soft_coupling_stability", "joint_coupling_visualization_utils.R")	source
oxygen/code/O2_supply_demand_MAP/vis/joint_fixed_o2_ploidy_classification/plot_joint_fixed_o2_ploidy_curves.R	10	file.path(WORKFLOW_ROOT, "vis", "joint_soft_coupling_stability", "joint_coupling_visualization_utils.R")	source
oxygen/code/O2_supply_demand_MAP/vis/joint_ploidy_coupling_association/plot_joint_ploidy_categories.R	1	file.path(SCRIPT_DIR, "..", "joint_soft_coupling_stability", "joint_coupling_visualization_utils.R")	source
oxygen/code/O2_supply_demand_MAP/vis/joint_ploidy_coupling_association/plot_joint_ploidy_categories.R	2	file.path(SCRIPT_DIR, "..", "joint_soft_coupling_stability", "joint_coupling_visualization_utils.R")	source
oxygen/code/O2_supply_demand_MAP/vis/joint_ploidy_coupling_association/plot_joint_ploidy_categories.R	6	file.path(SCRIPT_DIR, "..", "joint_soft_coupling_stability", "joint_coupling_visualization_utils.R")	source
oxygen/code/O2_supply_demand_MAP/vis/joint_ploidy_coupling_association/plot_joint_ploidy_categories.R	9	file.path(SCRIPT_DIR, "..", "joint_soft_coupling_stability", "joint_coupling_visualization_utils.R")	source
oxygen/code/O2_supply_demand_MAP/vis/joint_ploidy_coupling_association/plot_ploidy_coupling_associations.R	1	file.path(SCRIPT_DIR, "..", "joint_soft_coupling_stability", "joint_coupling_visualization_utils.R")	source
oxygen/code/O2_supply_demand_MAP/vis/joint_ploidy_coupling_association/plot_ploidy_coupling_associations.R	2	file.path(SCRIPT_DIR, "..", "joint_soft_coupling_stability", "joint_coupling_visualization_utils.R")	source
oxygen/code/O2_supply_demand_MAP/vis/joint_ploidy_coupling_association/plot_ploidy_coupling_associations.R	6	file.path(SCRIPT_DIR, "..", "joint_soft_coupling_stability", "joint_coupling_visualization_utils.R")	source
oxygen/code/O2_supply_demand_MAP/vis/joint_ploidy_coupling_association/plot_ploidy_coupling_associations.R	9	file.path(SCRIPT_DIR, "..", "joint_soft_coupling_stability", "joint_coupling_visualization_utils.R")	source
oxygen/code/O2_supply_demand_MAP/vis/joint_soft_coupling_stability/plot_between_pair_soft_coupling.R	1	file.path(SCRIPT_DIR, "joint_coupling_visualization_utils.R")	source
oxygen/code/O2_supply_demand_MAP/vis/joint_soft_coupling_stability/plot_between_pair_soft_coupling.R	2	file.path(SCRIPT_DIR, "joint_coupling_visualization_utils.R")	source
oxygen/code/O2_supply_demand_MAP/vis/joint_soft_coupling_stability/plot_between_pair_soft_coupling.R	6	file.path(SCRIPT_DIR, "joint_coupling_visualization_utils.R")	source
oxygen/code/O2_supply_demand_MAP/vis/joint_soft_coupling_stability/plot_between_pair_soft_coupling.R	9	file.path(SCRIPT_DIR, "joint_coupling_visualization_utils.R")	source
oxygen/code/O2_supply_demand_MAP/vis/joint_soft_coupling_stability/plot_joint_coupling_overview.R	1	file.path(SCRIPT_DIR, "joint_coupling_visualization_utils.R")	source
oxygen/code/O2_supply_demand_MAP/vis/joint_soft_coupling_stability/plot_joint_coupling_overview.R	2	file.path(SCRIPT_DIR, "joint_coupling_visualization_utils.R")	source
oxygen/code/O2_supply_demand_MAP/vis/joint_soft_coupling_stability/plot_joint_coupling_overview.R	6	file.path(SCRIPT_DIR, "joint_coupling_visualization_utils.R")	source
oxygen/code/O2_supply_demand_MAP/vis/joint_soft_coupling_stability/plot_joint_coupling_overview.R	9	file.path(SCRIPT_DIR, "joint_coupling_visualization_utils.R")	source
oxygen/code/O2_supply_demand_MAP/vis/joint_soft_coupling_stability/plot_soft_coupling_processes.R	1	file.path(SCRIPT_DIR, "joint_coupling_visualization_utils.R")	source
oxygen/code/O2_supply_demand_MAP/vis/joint_soft_coupling_stability/plot_soft_coupling_processes.R	2	file.path(SCRIPT_DIR, "joint_coupling_visualization_utils.R")	source
oxygen/code/O2_supply_demand_MAP/vis/joint_soft_coupling_stability/plot_soft_coupling_processes.R	5	file.path(SCRIPT_DIR, "joint_coupling_visualization_utils.R")	source
oxygen/code/O2_supply_demand_MAP/vis/joint_soft_coupling_stability/plot_soft_coupling_processes.R	8	file.path(SCRIPT_DIR, "joint_coupling_visualization_utils.R")	source
oxygen/code/O2_supply_demand_MAP/vis/joint_soft_coupling_stability/plot_within_pair_soft_coupling.R	1	file.path(SCRIPT_DIR, "joint_coupling_visualization_utils.R")	source
oxygen/code/O2_supply_demand_MAP/vis/joint_soft_coupling_stability/plot_within_pair_soft_coupling.R	2	file.path(SCRIPT_DIR, "joint_coupling_visualization_utils.R")	source
oxygen/code/O2_supply_demand_MAP/vis/joint_soft_coupling_stability/plot_within_pair_soft_coupling.R	6	file.path(SCRIPT_DIR, "joint_coupling_visualization_utils.R")	source
oxygen/code/O2_supply_demand_MAP/vis/joint_soft_coupling_stability/plot_within_pair_soft_coupling.R	9	file.path(SCRIPT_DIR, "joint_coupling_visualization_utils.R")	source
oxygen/code/O2_supply_demand_MAP/vis/joint/o2_supply_demand_map_joint_parameter_plot_utils.R	1	file.path(.joint_parameter_plot_utils_dir, "..", "..", "util", "o2_supply_demand_map_joint_parameter_utils.R")	source
oxygen/code/O2_supply_demand_MAP/vis/joint/o2_supply_demand_map_joint_parameter_plot_utils.R	2	file.path(.joint_parameter_plot_utils_dir, "..", "..", "util", "o2_supply_demand_map_joint_parameter_utils.R")	source
oxygen/code/O2_supply_demand_MAP/vis/joint/o2_supply_demand_map_joint_parameter_plot_utils.R	13	file.path(.joint_parameter_plot_utils_dir, "..", "..", "util", "o2_supply_demand_map_joint_parameter_utils.R")	source
oxygen/code/O2_supply_demand_MAP/vis/joint/plot_invivo_invitro_comparison.R	1	file.path(WORKFLOW_ROOT, "util", "o2_supply_demand_map_shared.R")	source
oxygen/code/O2_supply_demand_MAP/vis/joint/plot_invivo_invitro_comparison.R	2	file.path(WORKFLOW_ROOT, "util", "o2_supply_demand_map_shared.R")	source
oxygen/code/O2_supply_demand_MAP/vis/joint/plot_invivo_invitro_comparison.R	3	file.path(WORKFLOW_ROOT, "util", "o2_supply_demand_map_shared.R")	source
oxygen/code/O2_supply_demand_MAP/vis/joint/plot_invivo_invitro_comparison.R	22	file.path(WORKFLOW_ROOT, "util", "o2_supply_demand_map_shared.R")	source
oxygen/code/O2_supply_demand_MAP/vis/joint/plot_joint_parameter_ratios.R	1	file.path(WORKFLOW_ROOT, "util", "o2_supply_demand_map_shared.R")	source
oxygen/code/O2_supply_demand_MAP/vis/joint/plot_joint_parameter_ratios.R	1	file.path(SCRIPT_DIR, "o2_supply_demand_map_joint_parameter_plot_utils.R")	source
oxygen/code/O2_supply_demand_MAP/vis/joint/plot_joint_parameter_ratios.R	2	file.path(WORKFLOW_ROOT, "util", "o2_supply_demand_map_shared.R")	source
oxygen/code/O2_supply_demand_MAP/vis/joint/plot_joint_parameter_ratios.R	2	file.path(SCRIPT_DIR, "o2_supply_demand_map_joint_parameter_plot_utils.R")	source
oxygen/code/O2_supply_demand_MAP/vis/joint/plot_joint_parameter_ratios.R	3	file.path(WORKFLOW_ROOT, "util", "o2_supply_demand_map_shared.R")	source
oxygen/code/O2_supply_demand_MAP/vis/joint/plot_joint_parameter_ratios.R	3	file.path(SCRIPT_DIR, "o2_supply_demand_map_joint_parameter_plot_utils.R")	source
oxygen/code/O2_supply_demand_MAP/vis/joint/plot_joint_parameter_ratios.R	22	file.path(WORKFLOW_ROOT, "util", "o2_supply_demand_map_shared.R")	source
oxygen/code/O2_supply_demand_MAP/vis/joint/plot_joint_parameter_ratios.R	22	file.path(SCRIPT_DIR, "o2_supply_demand_map_joint_parameter_plot_utils.R")	source
oxygen/code/O2_supply_demand_MAP/vis/multi_warmup/render_multi_warmup_collected_figures.R	1	file.path(.o2mw_collect_workflow_root, "util", "o2_supply_demand_map_multi_warmup_utils.R")	source
oxygen/code/O2_supply_demand_MAP/vis/multi_warmup/render_multi_warmup_collected_figures.R	5	file.path(.o2mw_collect_workflow_root, "util", "o2_supply_demand_map_multi_warmup_utils.R")	source
oxygen/code/O2_supply_demand_MAP/vis/multi_warmup/render_multi_warmup_collected_figures.R	7	file.path(.o2mw_collect_workflow_root, "util", "o2_supply_demand_map_multi_warmup_utils.R")	source
oxygen/code/O2_supply_demand_MAP/vis/multi_warmup/render_multi_warmup_landscape_figures.R	1	file.path(.o2mw_landscape_workflow_root, "util", "o2_supply_demand_map_multi_warmup_utils.R")	source
oxygen/code/O2_supply_demand_MAP/vis/multi_warmup/render_multi_warmup_landscape_figures.R	2	file.path(.o2mw_landscape_workflow_root, "util", "o2_supply_demand_map_multi_warmup_utils.R")	source
oxygen/code/O2_supply_demand_MAP/vis/multi_warmup/render_multi_warmup_landscape_figures.R	5	file.path(.o2mw_landscape_workflow_root, "util", "o2_supply_demand_map_multi_warmup_utils.R")	source
oxygen/code/O2_supply_demand_MAP/vis/multi_warmup/render_multi_warmup_landscape_figures.R	11	file.path(.o2mw_landscape_workflow_root, "util", "o2_supply_demand_map_multi_warmup_utils.R")	source
oxygen/code/O2_supply_demand_MAP/vis/multi_warmup/render_multi_warmup_report_figures.R	1	file.path(.o2mw_report_vis_workflow_root, "util", "o2_supply_demand_map_multi_warmup_utils.R")	source
oxygen/code/O2_supply_demand_MAP/vis/multi_warmup/render_multi_warmup_report_figures.R	2	file.path(.o2mw_report_vis_workflow_root, "util", "o2_supply_demand_map_multi_warmup_utils.R")	source
oxygen/code/O2_supply_demand_MAP/vis/multi_warmup/render_multi_warmup_report_figures.R	6	file.path(.o2mw_report_vis_workflow_root, "util", "o2_supply_demand_map_multi_warmup_utils.R")	source
oxygen/code/O2_supply_demand_MAP/vis/multi_warmup/render_multi_warmup_report_figures.R	12	file.path(.o2mw_report_vis_workflow_root, "util", "o2_supply_demand_map_multi_warmup_utils.R")	source
oxygen/code/O2_supply_demand_MAP/vis/multi_warmup/render_multi_warmup_seed_plan_figures.R	1	file.path(.o2mw_seed_workflow_root, "util", "o2_supply_demand_map_multi_warmup_utils.R")	source
oxygen/code/O2_supply_demand_MAP/vis/multi_warmup/render_multi_warmup_seed_plan_figures.R	5	file.path(.o2mw_seed_workflow_root, "util", "o2_supply_demand_map_multi_warmup_utils.R")	source
oxygen/code/O2_supply_demand_MAP/vis/multi_warmup/render_multi_warmup_seed_plan_figures.R	7	file.path(.o2mw_seed_workflow_root, "util", "o2_supply_demand_map_multi_warmup_utils.R")	source
oxygen/code/O2_supply_demand_MAP/vis/multi_warmup/render_warm_up_joint_figures.R	1	file.path(.o2mw_warm_vis_root, "util", "o2_supply_demand_map_multi_warmup_utils.R")	source
oxygen/code/O2_supply_demand_MAP/vis/multi_warmup/render_warm_up_joint_figures.R	2	file.path(.o2mw_warm_vis_root, "util", "o2_supply_demand_map_multi_warmup_utils.R")	source
oxygen/code/O2_supply_demand_MAP/vis/multi_warmup/render_warm_up_joint_figures.R	5	file.path(.o2mw_warm_vis_root, "util", "o2_supply_demand_map_multi_warmup_utils.R")	source
oxygen/code/O2_supply_demand_MAP/vis/multi_warmup/render_warm_up_joint_figures.R	11	file.path(.o2mw_warm_vis_root, "util", "o2_supply_demand_map_multi_warmup_utils.R")	source
oxygen/code/O2_supply_demand_MAP/vis/parameter_landscape/parameter_landscape_visualization_utils.R	1	file.path(.o2pl_vis_workflow_root, "util", "o2_supply_demand_map_parameter_landscape_io_utils.R")	source
oxygen/code/O2_supply_demand_MAP/vis/parameter_landscape/parameter_landscape_visualization_utils.R	2	file.path(.o2pl_vis_workflow_root, "util", "o2_supply_demand_map_parameter_landscape_io_utils.R")	source
oxygen/code/O2_supply_demand_MAP/vis/parameter_landscape/parameter_landscape_visualization_utils.R	3	file.path(.o2pl_vis_workflow_root, "util", "o2_supply_demand_map_parameter_landscape_io_utils.R")	source
oxygen/code/O2_supply_demand_MAP/vis/parameter_landscape/parameter_landscape_visualization_utils.R	10	file.path(.o2pl_vis_workflow_root, "util", "o2_supply_demand_map_parameter_landscape_io_utils.R")	source
oxygen/code/O2_supply_demand_MAP/vis/parameter_landscape/visualize_parameter_landscape.R	1	file.path(.o2pl_vis_entry_dir, "parameter_landscape_visualization_utils.R")	source
oxygen/code/O2_supply_demand_MAP/vis/parameter_landscape/visualize_parameter_landscape.R	2	file.path(.o2pl_vis_entry_dir, "parameter_landscape_visualization_utils.R")	source
oxygen/code/O2_supply_demand_MAP/vis/parameter_landscape/visualize_parameter_landscape.R	3	file.path(.o2pl_vis_entry_dir, "parameter_landscape_visualization_utils.R")	source
oxygen/code/O2_supply_demand_MAP/vis/parameter_landscape/visualize_parameter_landscape.R	13	file.path(.o2pl_vis_entry_dir, "parameter_landscape_visualization_utils.R")	source
oxygen/code/O2_supply_demand_MAP/vis/perturbation/plot_mixed_ploidy_perturbations.R	1	file.path(WORKFLOW_ROOT, "util", "o2_supply_demand_map_perturbation_utils.R")	source
oxygen/code/O2_supply_demand_MAP/vis/perturbation/plot_mixed_ploidy_perturbations.R	5	file.path(WORKFLOW_ROOT, "util", "o2_supply_demand_map_perturbation_utils.R")	source
oxygen/code/O2_supply_demand_MAP/vis/perturbation/plot_mixed_ploidy_perturbations.R	46	file.path(WORKFLOW_ROOT, "util", "o2_supply_demand_map_perturbation_utils.R")	source
oxygen/code/O2_supply_demand_MAP/vis/process_fingerprints/plot_invivo_ploidy_regimes.R	1	file.path(.script_dir, "process_fingerprint_visualization_utils.R")	source
oxygen/code/O2_supply_demand_MAP/vis/process_fingerprints/plot_invivo_ploidy_regimes.R	2	file.path(.script_dir, "process_fingerprint_visualization_utils.R")	source
oxygen/code/O2_supply_demand_MAP/vis/process_fingerprints/plot_invivo_ploidy_regimes.R	5	file.path(.script_dir, "process_fingerprint_visualization_utils.R")	source
oxygen/code/O2_supply_demand_MAP/vis/process_fingerprints/plot_invivo_ploidy_regimes.R	11	file.path(.script_dir, "process_fingerprint_visualization_utils.R")	source
oxygen/code/O2_supply_demand_MAP/vis/process_fingerprints/plot_invivo_process_fingerprints.R	1	file.path(.script_dir, "process_fingerprint_visualization_utils.R")	source
oxygen/code/O2_supply_demand_MAP/vis/process_fingerprints/plot_invivo_process_fingerprints.R	2	file.path(.script_dir, "process_fingerprint_visualization_utils.R")	source
oxygen/code/O2_supply_demand_MAP/vis/process_fingerprints/plot_invivo_process_fingerprints.R	6	file.path(.script_dir, "process_fingerprint_visualization_utils.R")	source
oxygen/code/O2_supply_demand_MAP/vis/process_fingerprints/plot_invivo_process_fingerprints.R	12	file.path(.script_dir, "process_fingerprint_visualization_utils.R")	source
oxygen/code/O2_supply_demand_MAP/vis/process_fingerprints/plot_medium_o2_windows.R	1	file.path(.script_dir, "process_fingerprint_visualization_utils.R")	source
oxygen/code/O2_supply_demand_MAP/vis/process_fingerprints/plot_medium_o2_windows.R	2	file.path(.script_dir, "process_fingerprint_visualization_utils.R")	source
oxygen/code/O2_supply_demand_MAP/vis/process_fingerprints/plot_medium_o2_windows.R	5	file.path(.script_dir, "process_fingerprint_visualization_utils.R")	source
oxygen/code/O2_supply_demand_MAP/vis/process_fingerprints/plot_medium_o2_windows.R	11	file.path(.script_dir, "process_fingerprint_visualization_utils.R")	source
oxygen/code/O2_supply_demand_MAP/vis/process_fingerprints/plot_o2_ploidy_event_coupling.R	1	file.path(.script_dir, "process_fingerprint_visualization_utils.R")	source
oxygen/code/O2_supply_demand_MAP/vis/process_fingerprints/plot_o2_ploidy_event_coupling.R	2	file.path(.script_dir, "process_fingerprint_visualization_utils.R")	source
oxygen/code/O2_supply_demand_MAP/vis/process_fingerprints/plot_o2_ploidy_event_coupling.R	5	file.path(.script_dir, "process_fingerprint_visualization_utils.R")	source
oxygen/code/O2_supply_demand_MAP/vis/process_fingerprints/plot_o2_ploidy_event_coupling.R	11	file.path(.script_dir, "process_fingerprint_visualization_utils.R")	source
oxygen/code/O2_supply_demand_MAP/vis/process_fingerprints/process_fingerprint_visualization_utils.R	1	file.path(.pfv_utils_dir, "..", "..", "util", "o2_supply_demand_map_process_fingerprint_utils.R")	source
oxygen/code/O2_supply_demand_MAP/vis/process_fingerprints/process_fingerprint_visualization_utils.R	2	file.path(.pfv_utils_dir, "..", "..", "util", "o2_supply_demand_map_process_fingerprint_utils.R")	source
oxygen/code/O2_supply_demand_MAP/vis/process_fingerprints/process_fingerprint_visualization_utils.R	7	file.path(.pfv_utils_dir, "..", "..", "util", "o2_supply_demand_map_process_fingerprint_utils.R")	source
oxygen/code/O2_supply_demand_MAP/vis/process_fingerprints/process_fingerprint_visualization_utils.R	19	file.path(.pfv_utils_dir, "..", "..", "util", "o2_supply_demand_map_process_fingerprint_utils.R")	source
oxygen/code/O2_supply_demand_MAP/vis/profile_likelihood/plot_sigma_burden_live_effective_pms.R	1	file.path(WORKFLOW_ROOT, "util", "o2_supply_demand_map_shared.R")	source
oxygen/code/O2_supply_demand_MAP/vis/profile_likelihood/plot_sigma_burden_live_effective_pms.R	11	file.path(WORKFLOW_ROOT, "util", "o2_supply_demand_map_shared.R")	source
oxygen/code/O2_supply_demand_MAP/vis/profile_likelihood/plot_sigma_burden_live_effective_pms.R	48	file.path(WORKFLOW_ROOT, "util", "o2_supply_demand_map_shared.R")	source
oxygen/code/O2_supply_demand_MAP/vis/viz_invitro_model_O2_supply_demand_MAP_results.R	1	file.path(WORKFLOW_ROOT, "util", "o2_supply_demand_map_shared.R")	source
oxygen/code/O2_supply_demand_MAP/vis/viz_invitro_model_O2_supply_demand_MAP_results.R	1	file.path(WORKFLOW_ROOT, "vis", "invitro", "o2_supply_demand_map_invitro_plot_utils.R")	sys.source
oxygen/code/O2_supply_demand_MAP/vis/viz_invitro_model_O2_supply_demand_MAP_results.R	1	file.path(WORKFLOW_ROOT, "vis", "invitro", "o2_supply_demand_map_invitro_diagnostic_plot_utils.R")	sys.source
oxygen/code/O2_supply_demand_MAP/vis/viz_invitro_model_O2_supply_demand_MAP_results.R	3	file.path(WORKFLOW_ROOT, "util", "o2_supply_demand_map_shared.R")	source
oxygen/code/O2_supply_demand_MAP/vis/viz_invitro_model_O2_supply_demand_MAP_results.R	3	file.path(WORKFLOW_ROOT, "vis", "invitro", "o2_supply_demand_map_invitro_plot_utils.R")	sys.source
oxygen/code/O2_supply_demand_MAP/vis/viz_invitro_model_O2_supply_demand_MAP_results.R	3	file.path(WORKFLOW_ROOT, "vis", "invitro", "o2_supply_demand_map_invitro_diagnostic_plot_utils.R")	sys.source
oxygen/code/O2_supply_demand_MAP/vis/viz_invitro_model_O2_supply_demand_MAP_results.R	48	file.path(WORKFLOW_ROOT, "util", "o2_supply_demand_map_shared.R")	source
oxygen/code/O2_supply_demand_MAP/vis/viz_invitro_model_O2_supply_demand_MAP_results.R	48	file.path(WORKFLOW_ROOT, "vis", "invitro", "o2_supply_demand_map_invitro_plot_utils.R")	sys.source
oxygen/code/O2_supply_demand_MAP/vis/viz_invitro_model_O2_supply_demand_MAP_results.R	48	file.path(WORKFLOW_ROOT, "vis", "invitro", "o2_supply_demand_map_invitro_diagnostic_plot_utils.R")	sys.source
oxygen/code/O2_supply_demand_MAP/vis/viz_invivo_model_O2_supply_demand_MAP_results.R	1	file.path(WORKFLOW_ROOT, "util", "o2_supply_demand_map_shared.R")	source
oxygen/code/O2_supply_demand_MAP/vis/viz_invivo_model_O2_supply_demand_MAP_results.R	1	file.path(WORKFLOW_ROOT, "util", "o2_supply_demand_map_common_semantics.R")	source
oxygen/code/O2_supply_demand_MAP/vis/viz_invivo_model_O2_supply_demand_MAP_results.R	1	file.path(SCRIPT_DIR, "invivo", "o2_supply_demand_map_invivo_plot_utils.R")	source
oxygen/code/O2_supply_demand_MAP/vis/viz_invivo_model_O2_supply_demand_MAP_results.R	6	file.path(WORKFLOW_ROOT, "util", "o2_supply_demand_map_shared.R")	source
oxygen/code/O2_supply_demand_MAP/vis/viz_invivo_model_O2_supply_demand_MAP_results.R	6	file.path(WORKFLOW_ROOT, "util", "o2_supply_demand_map_common_semantics.R")	source
oxygen/code/O2_supply_demand_MAP/vis/viz_invivo_model_O2_supply_demand_MAP_results.R	6	file.path(SCRIPT_DIR, "invivo", "o2_supply_demand_map_invivo_plot_utils.R")	source
oxygen/code/O2_supply_demand_MAP/vis/viz_invivo_model_O2_supply_demand_MAP_results.R	48	file.path(WORKFLOW_ROOT, "util", "o2_supply_demand_map_shared.R")	source
oxygen/code/O2_supply_demand_MAP/vis/viz_invivo_model_O2_supply_demand_MAP_results.R	48	file.path(WORKFLOW_ROOT, "util", "o2_supply_demand_map_common_semantics.R")	source
oxygen/code/O2_supply_demand_MAP/vis/viz_invivo_model_O2_supply_demand_MAP_results.R	48	file.path(SCRIPT_DIR, "invivo", "o2_supply_demand_map_invivo_plot_utils.R")	source
oxygen/scripts/predict_treatment_day_ploidy_from_fit.R	1	UTIL_SCRIPT	source
oxygen/scripts/predict_treatment_day_ploidy_from_fit.R	1	file.path(MODEL_DIR, "model_O2_supply_demand_MAP.R")	source
oxygen/scripts/predict_treatment_day_ploidy_from_fit.R	3	UTIL_SCRIPT	source
oxygen/scripts/predict_treatment_day_ploidy_from_fit.R	3	file.path(MODEL_DIR, "model_O2_supply_demand_MAP.R")	source
oxygen/scripts/predict_treatment_day_ploidy_from_fit.R	47	UTIL_SCRIPT	source
oxygen/scripts/predict_treatment_day_ploidy_from_fit.R	47	file.path(MODEL_DIR, "model_O2_supply_demand_MAP.R")	source
oxygen/tests/testthat/helper-oracle.R	1	file.path(dirname(dirname(repo_info$model)), "util", "o2_supply_demand_map_shared.R")	source
oxygen/tests/testthat/helper-oracle.R	1	repo_info$model	source
oxygen/tests/testthat/helper-oracle.R	77	file.path(dirname(dirname(repo_info$model)), "util", "o2_supply_demand_map_shared.R")	source
oxygen/tests/testthat/helper-oracle.R	77	repo_info$model	source
oxygen/tests/testthat/test-dense-combined-stage34-boundaries.R	31	env$.dense_analysis_source_override	sys.source
oxygen/tests/testthat/test-dense-combined-stage34-boundaries.R	47	env$.combined_analysis_source_override	sys.source
oxygen/tests/testthat/test-dense-combined-stage34-boundaries.R	86	env$.combined_analysis_source_override	sys.source
oxygen/tests/testthat/test-dense-combined-stage34-boundaries.R	93	env$.dense_analysis_source_override	sys.source
oxygen/tests/testthat/test-fixed-o2-stage34-boundaries.R	23	path	source
oxygen/tests/testthat/test-fixed-o2-stage34-boundaries.R	88	file.path(fixed_o2_stage_root, "analysis", "fixed_o2", "run_fixed_o2_analysis.R")	sys.source
oxygen/tests/testthat/test-fixed-o2-stage34-boundaries.R	160	path	source
oxygen/tests/testthat/test-fixed-o2-stage34-boundaries.R	195	path	source
oxygen/tests/testthat/test-fixed-o2-stage34-boundaries.R	213	file.path(fixed_o2_stage_root, "analysis", "fixed_o2", "run_fixed_o2_analysis.R")	sys.source
oxygen/tests/testthat/test-invitro-defaults.R	1	file.path(repo_info$root, "oxygen", "code", "O2_supply_demand_MAP", "util", "o2_supply_demand_map_invitro_utils.R")	source
oxygen/tests/testthat/test-invitro-defaults.R	70	file.path(repo_info$root, "oxygen", "code", "O2_supply_demand_MAP", "util", "o2_supply_demand_map_invitro_utils.R")	source
oxygen/tests/testthat/test-invitro-utils-migration.R	9	file.path("oxygen", "code", "O2_supply_demand_MAP", "util", "o2_supply_demand_map_invitro_utils.R")	source
oxygen/tests/testthat/test-invitro-utils-migration.R	9	paths$loader	source
oxygen/tests/testthat/test-invitro-utils-migration.R	24	paths$shared	sys.source
oxygen/tests/testthat/test-invitro-utils-migration.R	24	paths$common	sys.source
oxygen/tests/testthat/test-invitro-utils-migration.R	24	paths$loader	source
oxygen/tests/testthat/test-invitro-utils-migration.R	30	paths$plot	sys.source
oxygen/tests/testthat/test-invitro-utils-migration.R	41	paths$plot	sys.source
oxygen/tests/testthat/test-invitro-utils-migration.R	63	paths$shared	sys.source
oxygen/tests/testthat/test-invitro-utils-migration.R	63	paths$common	sys.source
oxygen/tests/testthat/test-invitro-utils-migration.R	63	paths$loader	source
oxygen/tests/testthat/test-invitro-utils-migration.R	80	paths$shared	sys.source
oxygen/tests/testthat/test-invitro-utils-migration.R	80	paths$common	sys.source
oxygen/tests/testthat/test-invitro-utils-migration.R	240	paths$shared	sys.source
oxygen/tests/testthat/test-invitro-utils-migration.R	240	paths$common	sys.source
oxygen/tests/testthat/test-invitro-utils-migration.R	247	file.path("oxygen", "code", "O2_supply_demand_MAP", "util", "o2_supply_demand_map_invitro_utils.R")	source
oxygen/tests/testthat/test-invitro-utils-migration.R	265	paths$loader	source
oxygen/tests/testthat/test-invivo-ploidy-regime-analysis.R	13	file.path(root, "oxygen", "code", "O2_supply_demand_MAP", "analysis", "process_fingerprints", "process_fingerprint_utils.R")	source
oxygen/tests/testthat/test-invivo-ploidy-regime-analysis.R	13	file.path(root, "oxygen", "code", "O2_supply_demand_MAP", "analysis", "process_fingerprints", "ploidy_regime_utils.R")	source
oxygen/tests/testthat/test-invivo-ploidy-regime-analysis.R	27	file.path(root, "oxygen", "code", "O2_supply_demand_MAP", "analysis", "process_fingerprints", "process_fingerprint_utils.R")	source
oxygen/tests/testthat/test-invivo-ploidy-regime-analysis.R	27	file.path(root, "oxygen", "code", "O2_supply_demand_MAP", "analysis", "process_fingerprints", "ploidy_regime_utils.R")	source
oxygen/tests/testthat/test-invivo-process-analysis.R	17	script	source
oxygen/tests/testthat/test-invivo-process-analysis.R	26	script	source
oxygen/tests/testthat/test-invivo-process-analysis.R	36	script	source
oxygen/tests/testthat/test-invivo-process-analysis.R	55	script	source
oxygen/tests/testthat/test-invivo-process-analysis.R	65	script	source
oxygen/tests/testthat/test-invivo-process-analysis.R	67	script	source
oxygen/tests/testthat/test-invivo-process-analysis.R	68	script	source
oxygen/tests/testthat/test-invivo-process-analysis.R	70	script	source
oxygen/tests/testthat/test-invivo-process-analysis.R	72	script	source
oxygen/tests/testthat/test-invivo-process-analysis.R	76	script	source
oxygen/tests/testthat/test-invivo-process-analysis.R	77	script	source
oxygen/tests/testthat/test-invivo-process-analysis.R	78	script	source
oxygen/tests/testthat/test-invivo-process-analysis.R	84	script	source
oxygen/tests/testthat/test-invivo-process-analysis.R	92	script	source
oxygen/tests/testthat/test-invivo-process-analysis.R	97	script	source
oxygen/tests/testthat/test-invivo-process-analysis.R	106	script	source
oxygen/tests/testthat/test-invivo-process-analysis.R	125	script	source
oxygen/tests/testthat/test-invivo-process-analysis.R	153	script	source
oxygen/tests/testthat/test-invivo-process-analysis.R	163	script	source
oxygen/tests/testthat/test-invivo-process-analysis.R	175	script	source
oxygen/tests/testthat/test-invivo-stage2-boundaries.R	84	vis_path	source
oxygen/tests/testthat/test-invivo-stage2-boundaries.R	104	vis_path	source
oxygen/tests/testthat/test-joint-coupling-stage-split.R	32	file.path(workflow, "util", "o2_supply_demand_map_joint_coupling_analysis_utils.R")	sys.source
oxygen/tests/testthat/test-joint-coupling-stage-split.R	88	file.path(workflow, "util", "o2_supply_demand_map_joint_coupling_analysis_utils.R")	sys.source
oxygen/tests/testthat/test-joint-ploidy-coupling-association.R	11	file.path(root, "oxygen", "code", "O2_supply_demand_MAP", "util", "o2_supply_demand_map_joint_ploidy_category_utils.R")	source
oxygen/tests/testthat/test-joint-ploidy-coupling-association.R	41	file.path(root, "oxygen", "code", "O2_supply_demand_MAP", "util", "o2_supply_demand_map_joint_ploidy_category_utils.R")	source
oxygen/tests/testthat/test-joint-soft-coupling-stability.R	11	file.path(root, "oxygen", "code", "O2_supply_demand_MAP", "util", "o2_supply_demand_map_joint_coupling_analysis_utils.R")	source
oxygen/tests/testthat/test-joint-soft-coupling-stability.R	43	file.path(root, "oxygen", "code", "O2_supply_demand_MAP", "util", "o2_supply_demand_map_joint_coupling_analysis_utils.R")	source
oxygen/tests/testthat/test-joint-soft-coupling.R	4	joint_path	sys.source
oxygen/tests/testthat/test-joint-soft-coupling.R	28	joint_path	sys.source
oxygen/tests/testthat/test-joint-soft-coupling.R	28	plot_path	sys.source
oxygen/tests/testthat/test-joint-soft-coupling.R	35	plot_path	sys.source
oxygen/tests/testthat/test-multi-warmup-eigen-stage-split.R	40	path	source
oxygen/tests/testthat/test-multi-warmup-eigen-stage-split.R	42	path	source
oxygen/tests/testthat/test-multi-warmup-eigen-stage-split.R	88	stage_split_path("vis", "multi_warmup", "render_multi_warmup_collected_figures.R")	sys.source
oxygen/tests/testthat/test-multi-warmup-eigen-stage-split.R	89	stage_split_path("analysis", "multi_warmup", "collect_multi_warmup_tables.R")	sys.source
oxygen/tests/testthat/test-multi-warmup-eigen-stage-split.R	92	stage_split_path("vis", "multi_warmup", "render_multi_warmup_seed_plan_figures.R")	sys.source
oxygen/tests/testthat/test-multi-warmup-eigen-stage-split.R	93	stage_split_path("simulation", "o2", "fixed_o2", "eigen_attractor", "build_fixo2_eigen_attractor_features.R")	sys.source
oxygen/tests/testthat/test-multi-warmup-eigen-stage-split.R	102	path	source
oxygen/tests/testthat/test-multi-warmup-eigen-stage-split.R	106	path	source
oxygen/tests/testthat/test-multi-warmup-eigen-stage-split.R	160	stage_split_path("simulation", "o2", "fixed_o2", "eigen_attractor", "build_fixo2_eigen_attractor_features.R")	sys.source
oxygen/tests/testthat/test-multi-warmup-eigen-stage-split.R	186	stage_split_path("analysis", "multi_warmup", "collect_multi_warmup_tables.R")	sys.source
oxygen/tests/testthat/test-multi-warmup-eigen-stage-split.R	264	stage_split_path("vis", "multi_warmup", "render_multi_warmup_collected_figures.R")	sys.source
oxygen/tests/testthat/test-multi-warmup-eigen-stage-split.R	288	stage_split_path("vis", "multi_warmup", "render_multi_warmup_seed_plan_figures.R")	sys.source
oxygen/tests/testthat/test-process-fingerprint-stage-split.R	38	helper_paths[[i]]	source
oxygen/tests/testthat/test-process-fingerprint-stage-split.R	256	helper_paths[[i]]	source
oxygen/tests/testthat/test-profile-likelihood-stage-split.R	84	profile_stage_files$analysis	source
oxygen/tests/testthat/test-profile-likelihood-stage-split.R	91	profile_stage_files$simulation	source
oxygen/tests/testthat/test-profile-likelihood-stage-split.R	91	profile_stage_files$analysis	source
oxygen/tests/testthat/test-profile-likelihood-stage-split.R	91	profile_stage_files$visualization	source
oxygen/tests/testthat/test-profile-likelihood-stage-split.R	186	profile_stage_files$simulation	source
oxygen/tests/testthat/test-profile-likelihood-stage-split.R	186	profile_stage_files$analysis	source
oxygen/tests/testthat/test-profile-likelihood-stage-split.R	186	profile_stage_files$visualization	source
oxygen/tests/testthat/test-profile-likelihood-stage-split.R	288	profile_stage_files$analysis	source
oxygen/tests/testthat/test-report-image-lightbox.R	18	util	sys.source
oxygen/tests/testthat/test-report-image-lightbox.R	42	util	sys.source
oxygen/tests/testthat/test-report-image-lightbox.R	75	util	sys.source
oxygen/tests/testthat/test-report-image-lightbox.R	80	util	sys.source
oxygen/tests/testthat/test-report-image-lightbox.R	85	migration_script	source
oxygen/tests/testthat/test-report-image-lightbox.R	89	migration_script	source
oxygen/tests/testthat/test-stage2-postfit-orchestration.R	80	file.path(stage2_postfit_root, "util", "o2_supply_demand_map_shared.R")	sys.source
oxygen/tests/testthat/test-stage2-postfit-orchestration.R	155	file.path(stage2_postfit_root, "util", "o2_supply_demand_map_shared.R")	sys.source
oxygen/tests/testthat/test-stage5-util-consolidation.R	8	path	sys.source
oxygen/tests/testthat/test-stage5-util-consolidation.R	43	path	sys.source
oxygen/tests/testthat/test-stage5-util-consolidation.R	113	canonical	sys.source
oxygen/tests/testthat/test-stage5-util-consolidation.R	113	bridge	sys.source
oxygen/tests/testthat/test-stage5-util-consolidation.R	170	canonical	sys.source
oxygen/tests/testthat/test-stage5-util-consolidation.R	170	bridge	sys.source
