pair,rank,seed,optimizer_name,initial,final,abs_move
fit_joint_tsne_vi_seed138_C03Sc01_vt_seed10,1,seed122,log10_O2_crit,-0.153560015107474,-0.174725329727572,0.02116531462009799
fit_joint_tsne_vi_seed138_C03Sc01_vt_seed10,1,seed122,log10_alpha_o2,0.101371914305943,0.101371914305943,0.0
fit_joint_tsne_vi_seed138_C03Sc01_vt_seed10,1,seed122,gamma_growth,1.87124074243996,1.87124074243996,0.0
fit_joint_tsne_vi_seed138_C03Sc01_vt_seed10,1,seed122,log10_mu_hp,-1.54656298245412,-1.54656298245412,0.0
fit_joint_tsne_vi_seed138_C03Sc01_vt_seed10,1,seed122,log10_p_misseg,-1.13881643036999,-1.13881643036999,0.0
fit_joint_tsne_vi_seed138_C03Sc01_vt_seed10,1,seed122,log10_k_o_mis,-3.28161315880086,-3.28161315880086,0.0
fit_joint_tsne_vi_seed138_C03Sc01_vt_seed10,1,seed122,buffer_smax,0.997390253792811,0.997390253792811,0.0
fit_joint_tsne_vi_seed138_C03Sc01_vt_seed10,1,seed122,log10_buffer_beta,-0.575886287278859,-0.575886287278859,0.0
fit_joint_tsne_vi_seed138_C03Sc01_vt_seed10,1,seed122,log10_buffer_n_exp,-0.0657285004210214,-0.0657285004210214,0.0
fit_joint_tsne_vi_seed138_C03Sc01_vt_seed10,1,seed122,n_O,2.55517829746501,2.55517829746501,0.0
fit_joint_tsne_vi_seed138_C03Sc01_vt_seed10,1,seed122,log10_lam_max,-0.37154577691773,-0.372223704537548,0.0006779276198179973
fit_joint_tsne_vi_seed138_C03Sc01_vt_seed10,1,seed122,log10_p_mis_base,-4.64212308426928,-5.12551633613395,0.48339325186466997
fit_joint_tsne_vi_seed138_C03Sc01_vt_seed10,1,seed122,log10_p_wgd,-3.30859788526459,-3.50235331386671,0.19375542860211992
fit_joint_tsne_vi_seed138_C03Sc01_vt_seed10,1,seed122,gamma_mu,1.85826385827691,2.09518838421971,0.2369245259428001
fit_joint_tsne_vi_seed138_C03Sc01_vt_seed10,1,seed122,delta__log10_O2_crit,-0.707839637125871,-0.707839637125871,0.0
fit_joint_tsne_vi_seed138_C03Sc01_vt_seed10,1,seed122,delta__log10_alpha_o2,0.804803819939848,0.804803819939848,0.0
fit_joint_tsne_vi_seed138_C03Sc01_vt_seed10,1,seed122,delta__gamma_growth,0.74248148487991,0.74248148487991,0.0
fit_joint_tsne_vi_seed138_C03Sc01_vt_seed10,1,seed122,delta__log10_mu_hp,1.50893402641973,1.50893402641973,0.0
fit_joint_tsne_vi_seed138_C03Sc01_vt_seed10,1,seed122,delta__log10_p_misseg,1.67557286941202,1.67557286941202,0.0
fit_joint_tsne_vi_seed138_C03Sc01_vt_seed10,1,seed122,delta__log10_k_o_mis,1.33139593453867,1.33139593453867,0.0
fit_joint_tsne_vi_seed138_C03Sc01_vt_seed10,1,seed122,delta__buffer_smax,-0.005219492414379,-0.005219492414379,0.0
fit_joint_tsne_vi_seed138_C03Sc01_vt_seed10,1,seed122,delta__log10_buffer_beta,-1.55518405233534,-1.55518405233534,0.0
fit_joint_tsne_vi_seed138_C03Sc01_vt_seed10,1,seed122,delta__log10_buffer_n_exp,-1.13016190617906,-1.13016190617906,0.0
fit_joint_tsne_vi_seed138_C03Sc01_vt_seed10,1,seed122,delta__n_O,1.37320692760003,1.37320692760003,0.0
fit_joint_tsne_vi_seed138_C03Sc01_vt_seed10,1,seed122,delta__log10_lam_max,-1.0028032418014,-1.0028032418014,0.0
fit_joint_tsne_vi_seed138_C03Sc01_vt_seed10,1,seed122,delta__log10_p_mis_base,0.852653302570762,0.802407855714406,0.05024544685635601
fit_joint_tsne_vi_seed138_C03Sc01_vt_seed10,1,seed122,delta__log10_p_wgd,0.342609431840466,-0.0174139084602306,0.3600233403006966
fit_joint_tsne_vi_seed138_C03Sc01_vt_seed10,1,seed122,delta__gamma_mu,1.31652771655383,1.54381625125047,0.22728853469664
fit_joint_tsne_vi_seed138_C03Sc01_vt_seed10,2,seed86,log10_O2_crit,-0.153560015107474,-0.161726182282671,0.008166167175196998
fit_joint_tsne_vi_seed138_C03Sc01_vt_seed10,2,seed86,log10_alpha_o2,0.101371914305943,0.101371914305943,0.0
fit_joint_tsne_vi_seed138_C03Sc01_vt_seed10,2,seed86,gamma_growth,1.87124074243996,1.87124074243996,0.0
fit_joint_tsne_vi_seed138_C03Sc01_vt_seed10,2,seed86,log10_mu_hp,-1.54656298245412,-1.54656298245412,0.0
fit_joint_tsne_vi_seed138_C03Sc01_vt_seed10,2,seed86,log10_p_misseg,-1.13881643036999,-1.13881643036999,0.0
fit_joint_tsne_vi_seed138_C03Sc01_vt_seed10,2,seed86,log10_k_o_mis,-3.28161315880086,-3.28161315880086,0.0
fit_joint_tsne_vi_seed138_C03Sc01_vt_seed10,2,seed86,buffer_smax,0.997390253792811,0.997390253792811,0.0
fit_joint_tsne_vi_seed138_C03Sc01_vt_seed10,2,seed86,log10_buffer_beta,-0.575886287278859,-0.575886287278859,0.0
fit_joint_tsne_vi_seed138_C03Sc01_vt_seed10,2,seed86,log10_buffer_n_exp,-0.0657285004210214,-0.0657285004210214,0.0
fit_joint_tsne_vi_seed138_C03Sc01_vt_seed10,2,seed86,n_O,2.55517829746501,2.55517829746501,0.0
fit_joint_tsne_vi_seed138_C03Sc01_vt_seed10,2,seed86,log10_lam_max,-0.37154577691773,-0.37154577691773,0.0
fit_joint_tsne_vi_seed138_C03Sc01_vt_seed10,2,seed86,log10_p_mis_base,-4.64212308426928,-4.64212308426928,0.0
fit_joint_tsne_vi_seed138_C03Sc01_vt_seed10,2,seed86,log10_p_wgd,-3.30859788526459,-3.30859788526459,0.0
fit_joint_tsne_vi_seed138_C03Sc01_vt_seed10,2,seed86,gamma_mu,1.85826385827691,2.04358587597669,0.18532201769978007
fit_joint_tsne_vi_seed138_C03Sc01_vt_seed10,2,seed86,delta__log10_O2_crit,-0.707839637125871,-0.707839637125871,0.0
fit_joint_tsne_vi_seed138_C03Sc01_vt_seed10,2,seed86,delta__log10_alpha_o2,0.804803819939848,0.804803819939848,0.0
fit_joint_tsne_vi_seed138_C03Sc01_vt_seed10,2,seed86,delta__gamma_growth,0.74248148487991,0.74248148487991,0.0
fit_joint_tsne_vi_seed138_C03Sc01_vt_seed10,2,seed86,delta__log10_mu_hp,1.50893402641973,1.50893402641973,0.0
fit_joint_tsne_vi_seed138_C03Sc01_vt_seed10,2,seed86,delta__log10_p_misseg,1.67557286941202,1.67557286941202,0.0
fit_joint_tsne_vi_seed138_C03Sc01_vt_seed10,2,seed86,delta__log10_k_o_mis,1.33139593453867,1.33139593453867,0.0
fit_joint_tsne_vi_seed138_C03Sc01_vt_seed10,2,seed86,delta__buffer_smax,-0.005219492414379,-0.005219492414379,0.0
fit_joint_tsne_vi_seed138_C03Sc01_vt_seed10,2,seed86,delta__log10_buffer_beta,-1.55518405233534,-1.55518405233534,0.0
fit_joint_tsne_vi_seed138_C03Sc01_vt_seed10,2,seed86,delta__log10_buffer_n_exp,-1.13016190617906,-1.13016190617906,0.0
fit_joint_tsne_vi_seed138_C03Sc01_vt_seed10,2,seed86,delta__n_O,1.37320692760003,1.37320692760003,0.0
fit_joint_tsne_vi_seed138_C03Sc01_vt_seed10,2,seed86,delta__log10_lam_max,-1.0028032418014,-1.0028032418014,0.0
fit_joint_tsne_vi_seed138_C03Sc01_vt_seed10,2,seed86,delta__log10_p_mis_base,0.852653302570762,0.656091832957177,0.196561469613585
fit_joint_tsne_vi_seed138_C03Sc01_vt_seed10,2,seed86,delta__log10_p_wgd,0.342609431840466,0.125387530216877,0.21722190162358898
fit_joint_tsne_vi_seed138_C03Sc01_vt_seed10,2,seed86,delta__gamma_mu,1.31652771655383,1.31652771655383,0.0
fit_joint_tsne_vi_seed138_C03Sc01_vt_seed10,3,seed180,log10_O2_crit,-0.153560015107474,-0.165391812931085,0.011831797823611018
fit_joint_tsne_vi_seed138_C03Sc01_vt_seed10,3,seed180,log10_alpha_o2,0.101371914305943,0.101371914305943,0.0
fit_joint_tsne_vi_seed138_C03Sc01_vt_seed10,3,seed180,gamma_growth,1.87124074243996,1.87124074243996,0.0
fit_joint_tsne_vi_seed138_C03Sc01_vt_seed10,3,seed180,log10_mu_hp,-1.54656298245412,-1.54656298245412,0.0
fit_joint_tsne_vi_seed138_C03Sc01_vt_seed10,3,seed180,log10_p_misseg,-1.13881643036999,-1.13881643036999,0.0
fit_joint_tsne_vi_seed138_C03Sc01_vt_seed10,3,seed180,log10_k_o_mis,-3.28161315880086,-3.28161315880086,0.0
fit_joint_tsne_vi_seed138_C03Sc01_vt_seed10,3,seed180,buffer_smax,0.997390253792811,0.997390253792811,0.0
fit_joint_tsne_vi_seed138_C03Sc01_vt_seed10,3,seed180,log10_buffer_beta,-0.575886287278859,-0.575886287278859,0.0
fit_joint_tsne_vi_seed138_C03Sc01_vt_seed10,3,seed180,log10_buffer_n_exp,-0.0657285004210214,-0.0657285004210214,0.0
fit_joint_tsne_vi_seed138_C03Sc01_vt_seed10,3,seed180,n_O,2.55517829746501,2.55517829746501,0.0
fit_joint_tsne_vi_seed138_C03Sc01_vt_seed10,3,seed180,log10_lam_max,-0.37154577691773,-0.37154577691773,0.0
fit_joint_tsne_vi_seed138_C03Sc01_vt_seed10,3,seed180,log10_p_mis_base,-4.64212308426928,-4.64212308426928,0.0
fit_joint_tsne_vi_seed138_C03Sc01_vt_seed10,3,seed180,log10_p_wgd,-3.30859788526459,-3.30859788526459,0.0
fit_joint_tsne_vi_seed138_C03Sc01_vt_seed10,3,seed180,gamma_mu,1.85826385827691,2.09141950700084,0.23315564872393013
fit_joint_tsne_vi_seed138_C03Sc01_vt_seed10,3,seed180,delta__log10_O2_crit,-0.707839637125871,-0.707839637125871,0.0
fit_joint_tsne_vi_seed138_C03Sc01_vt_seed10,3,seed180,delta__log10_alpha_o2,0.804803819939848,0.804803819939848,0.0
fit_joint_tsne_vi_seed138_C03Sc01_vt_seed10,3,seed180,delta__gamma_growth,0.74248148487991,0.74248148487991,0.0
fit_joint_tsne_vi_seed138_C03Sc01_vt_seed10,3,seed180,delta__log10_mu_hp,1.50893402641973,1.50893402641973,0.0
fit_joint_tsne_vi_seed138_C03Sc01_vt_seed10,3,seed180,delta__log10_p_misseg,1.67557286941202,1.67557286941202,0.0
fit_joint_tsne_vi_seed138_C03Sc01_vt_seed10,3,seed180,delta__log10_k_o_mis,1.33139593453867,1.33139593453867,0.0
fit_joint_tsne_vi_seed138_C03Sc01_vt_seed10,3,seed180,delta__buffer_smax,-0.005219492414379,-0.005219492414379,0.0
fit_joint_tsne_vi_seed138_C03Sc01_vt_seed10,3,seed180,delta__log10_buffer_beta,-1.55518405233534,-1.55518405233534,0.0
fit_joint_tsne_vi_seed138_C03Sc01_vt_seed10,3,seed180,delta__log10_buffer_n_exp,-1.13016190617906,-1.13016190617906,0.0
fit_joint_tsne_vi_seed138_C03Sc01_vt_seed10,3,seed180,delta__n_O,1.37320692760003,1.37320692760003,0.0
fit_joint_tsne_vi_seed138_C03Sc01_vt_seed10,3,seed180,delta__log10_lam_max,-1.0028032418014,-1.0028032418014,0.0
fit_joint_tsne_vi_seed138_C03Sc01_vt_seed10,3,seed180,delta__log10_p_mis_base,0.852653302570762,0.847144214990873,0.005509087579888994
fit_joint_tsne_vi_seed138_C03Sc01_vt_seed10,3,seed180,delta__log10_p_wgd,0.342609431840466,0.143449053832624,0.199160378007842
fit_joint_tsne_vi_seed138_C03Sc01_vt_seed10,3,seed180,delta__gamma_mu,1.31652771655383,1.3328591986498,0.016331482095969907
fit_joint_tsne_vi_seed138_C03Sc01_vt_seed10,4,seed354,log10_O2_crit,-0.153560015107474,-0.155831444196523,0.0022714290890490096
fit_joint_tsne_vi_seed138_C03Sc01_vt_seed10,4,seed354,log10_alpha_o2,0.101371914305943,0.101371914305943,0.0
fit_joint_tsne_vi_seed138_C03Sc01_vt_seed10,4,seed354,gamma_growth,1.87124074243996,1.87124074243996,0.0
fit_joint_tsne_vi_seed138_C03Sc01_vt_seed10,4,seed354,log10_mu_hp,-1.54656298245412,-1.54656298245412,0.0
fit_joint_tsne_vi_seed138_C03Sc01_vt_seed10,4,seed354,log10_p_misseg,-1.13881643036999,-1.13881643036999,0.0
fit_joint_tsne_vi_seed138_C03Sc01_vt_seed10,4,seed354,log10_k_o_mis,-3.28161315880086,-3.28161315880086,0.0
fit_joint_tsne_vi_seed138_C03Sc01_vt_seed10,4,seed354,buffer_smax,0.997390253792811,0.997390253792811,0.0
fit_joint_tsne_vi_seed138_C03Sc01_vt_seed10,4,seed354,log10_buffer_beta,-0.575886287278859,-0.575886287278859,0.0
fit_joint_tsne_vi_seed138_C03Sc01_vt_seed10,4,seed354,log10_buffer_n_exp,-0.0657285004210214,-0.0657285004210214,0.0
fit_joint_tsne_vi_seed138_C03Sc01_vt_seed10,4,seed354,n_O,2.55517829746501,2.55517829746501,0.0
fit_joint_tsne_vi_seed138_C03Sc01_vt_seed10,4,seed354,log10_lam_max,-0.37154577691773,-0.37154577691773,0.0
fit_joint_tsne_vi_seed138_C03Sc01_vt_seed10,4,seed354,log10_p_mis_base,-4.64212308426928,-4.64212308426928,0.0
fit_joint_tsne_vi_seed138_C03Sc01_vt_seed10,4,seed354,log10_p_wgd,-3.30859788526459,-3.30859788526459,0.0
fit_joint_tsne_vi_seed138_C03Sc01_vt_seed10,4,seed354,gamma_mu,1.85826385827691,1.93730860613635,0.07904474785944005
fit_joint_tsne_vi_seed138_C03Sc01_vt_seed10,4,seed354,delta__log10_O2_crit,-0.707839637125871,-0.707839637125871,0.0
fit_joint_tsne_vi_seed138_C03Sc01_vt_seed10,4,seed354,delta__log10_alpha_o2,0.804803819939848,0.804803819939848,0.0
fit_joint_tsne_vi_seed138_C03Sc01_vt_seed10,4,seed354,delta__gamma_growth,0.74248148487991,0.74248148487991,0.0
fit_joint_tsne_vi_seed138_C03Sc01_vt_seed10,4,seed354,delta__log10_mu_hp,1.50893402641973,1.50893402641973,0.0
fit_joint_tsne_vi_seed138_C03Sc01_vt_seed10,4,seed354,delta__log10_p_misseg,1.67557286941202,1.67557286941202,0.0
fit_joint_tsne_vi_seed138_C03Sc01_vt_seed10,4,seed354,delta__log10_k_o_mis,1.33139593453867,1.33139593453867,0.0
fit_joint_tsne_vi_seed138_C03Sc01_vt_seed10,4,seed354,delta__buffer_smax,-0.005219492414379,-0.005219492414379,0.0
fit_joint_tsne_vi_seed138_C03Sc01_vt_seed10,4,seed354,delta__log10_buffer_beta,-1.55518405233534,-1.55518405233534,0.0
fit_joint_tsne_vi_seed138_C03Sc01_vt_seed10,4,seed354,delta__log10_buffer_n_exp,-1.13016190617906,-1.13016190617906,0.0
fit_joint_tsne_vi_seed138_C03Sc01_vt_seed10,4,seed354,delta__n_O,1.37320692760003,1.37320692760003,0.0
fit_joint_tsne_vi_seed138_C03Sc01_vt_seed10,4,seed354,delta__log10_lam_max,-1.0028032418014,-1.0028032418014,0.0
fit_joint_tsne_vi_seed138_C03Sc01_vt_seed10,4,seed354,delta__log10_p_mis_base,0.852653302570762,0.564608555048927,0.28804474752183495
fit_joint_tsne_vi_seed138_C03Sc01_vt_seed10,4,seed354,delta__log10_p_wgd,0.342609431840466,0.0769379295669889,0.2656715022734771
fit_joint_tsne_vi_seed138_C03Sc01_vt_seed10,4,seed354,delta__gamma_mu,1.31652771655383,1.31652771655383,0.0
fit_joint_tsne_vi_seed138_C03Sc01_vt_seed10,5,seed148,log10_O2_crit,-0.153560015107474,-0.153560015107474,0.0
fit_joint_tsne_vi_seed138_C03Sc01_vt_seed10,5,seed148,log10_alpha_o2,0.101371914305943,0.101371914305943,0.0
fit_joint_tsne_vi_seed138_C03Sc01_vt_seed10,5,seed148,gamma_growth,1.87124074243996,1.87124074243996,0.0
fit_joint_tsne_vi_seed138_C03Sc01_vt_seed10,5,seed148,log10_mu_hp,-1.54656298245412,-1.54656298245412,0.0
fit_joint_tsne_vi_seed138_C03Sc01_vt_seed10,5,seed148,log10_p_misseg,-1.13881643036999,-1.13881643036999,0.0
fit_joint_tsne_vi_seed138_C03Sc01_vt_seed10,5,seed148,log10_k_o_mis,-3.28161315880086,-3.28161315880086,0.0
fit_joint_tsne_vi_seed138_C03Sc01_vt_seed10,5,seed148,buffer_smax,0.997390253792811,0.997390253792811,0.0
fit_joint_tsne_vi_seed138_C03Sc01_vt_seed10,5,seed148,log10_buffer_beta,-0.575886287278859,-0.575886287278859,0.0
fit_joint_tsne_vi_seed138_C03Sc01_vt_seed10,5,seed148,log10_buffer_n_exp,-0.0657285004210214,-0.0657285004210214,0.0
fit_joint_tsne_vi_seed138_C03Sc01_vt_seed10,5,seed148,n_O,2.55517829746501,2.55517829746501,0.0
fit_joint_tsne_vi_seed138_C03Sc01_vt_seed10,5,seed148,log10_lam_max,-0.37154577691773,-0.37154577691773,0.0
fit_joint_tsne_vi_seed138_C03Sc01_vt_seed10,5,seed148,log10_p_mis_base,-4.64212308426928,-4.64212308426928,0.0
fit_joint_tsne_vi_seed138_C03Sc01_vt_seed10,5,seed148,log10_p_wgd,-3.30859788526459,-3.30859788526459,0.0
fit_joint_tsne_vi_seed138_C03Sc01_vt_seed10,5,seed148,gamma_mu,1.85826385827691,1.92469033159582,0.06642647331890994
fit_joint_tsne_vi_seed138_C03Sc01_vt_seed10,5,seed148,delta__log10_O2_crit,-0.707839637125871,-0.707839637125871,0.0
fit_joint_tsne_vi_seed138_C03Sc01_vt_seed10,5,seed148,delta__log10_alpha_o2,0.804803819939848,0.804803819939848,0.0
fit_joint_tsne_vi_seed138_C03Sc01_vt_seed10,5,seed148,delta__gamma_growth,0.74248148487991,0.74248148487991,0.0
fit_joint_tsne_vi_seed138_C03Sc01_vt_seed10,5,seed148,delta__log10_mu_hp,1.50893402641973,1.50893402641973,0.0
fit_joint_tsne_vi_seed138_C03Sc01_vt_seed10,5,seed148,delta__log10_p_misseg,1.67557286941202,1.67557286941202,0.0
fit_joint_tsne_vi_seed138_C03Sc01_vt_seed10,5,seed148,delta__log10_k_o_mis,1.33139593453867,1.33139593453867,0.0
fit_joint_tsne_vi_seed138_C03Sc01_vt_seed10,5,seed148,delta__buffer_smax,-0.005219492414379,-0.005219492414379,0.0
fit_joint_tsne_vi_seed138_C03Sc01_vt_seed10,5,seed148,delta__log10_buffer_beta,-1.55518405233534,-1.56516848862279,0.009984436287449938
fit_joint_tsne_vi_seed138_C03Sc01_vt_seed10,5,seed148,delta__log10_buffer_n_exp,-1.13016190617906,-1.13016190617906,0.0
fit_joint_tsne_vi_seed138_C03Sc01_vt_seed10,5,seed148,delta__n_O,1.37320692760003,1.37320692760003,0.0
fit_joint_tsne_vi_seed138_C03Sc01_vt_seed10,5,seed148,delta__log10_lam_max,-1.0028032418014,-1.0028032418014,0.0
fit_joint_tsne_vi_seed138_C03Sc01_vt_seed10,5,seed148,delta__log10_p_mis_base,0.852653302570762,0.852653302570762,0.0
fit_joint_tsne_vi_seed138_C03Sc01_vt_seed10,5,seed148,delta__log10_p_wgd,0.342609431840466,0.0506879655660769,0.2919214662743891
fit_joint_tsne_vi_seed138_C03Sc01_vt_seed10,5,seed148,delta__gamma_mu,1.31652771655383,1.31652771655383,0.0
fit_joint_tsne_vi_seed138_C03Sc01_vt_seed10,6,seed485,log10_O2_crit,-0.153560015107474,-0.153560015107474,0.0
fit_joint_tsne_vi_seed138_C03Sc01_vt_seed10,6,seed485,log10_alpha_o2,0.101371914305943,0.101371914305943,0.0
fit_joint_tsne_vi_seed138_C03Sc01_vt_seed10,6,seed485,gamma_growth,1.87124074243996,1.87124074243996,0.0
fit_joint_tsne_vi_seed138_C03Sc01_vt_seed10,6,seed485,log10_mu_hp,-1.54656298245412,-1.54656298245412,0.0
fit_joint_tsne_vi_seed138_C03Sc01_vt_seed10,6,seed485,log10_p_misseg,-1.13881643036999,-1.13881643036999,0.0
fit_joint_tsne_vi_seed138_C03Sc01_vt_seed10,6,seed485,log10_k_o_mis,-3.28161315880086,-3.28161315880086,0.0
fit_joint_tsne_vi_seed138_C03Sc01_vt_seed10,6,seed485,buffer_smax,0.997390253792811,0.997390253792811,0.0
fit_joint_tsne_vi_seed138_C03Sc01_vt_seed10,6,seed485,log10_buffer_beta,-0.575886287278859,-0.575886287278859,0.0
fit_joint_tsne_vi_seed138_C03Sc01_vt_seed10,6,seed485,log10_buffer_n_exp,-0.0657285004210214,-0.0733357385627183,0.0076072381416969065
fit_joint_tsne_vi_seed138_C03Sc01_vt_seed10,6,seed485,n_O,2.55517829746501,2.55517829746501,0.0
fit_joint_tsne_vi_seed138_C03Sc01_vt_seed10,6,seed485,log10_lam_max,-0.37154577691773,-0.37154577691773,0.0
fit_joint_tsne_vi_seed138_C03Sc01_vt_seed10,6,seed485,log10_p_mis_base,-4.64212308426928,-4.64212308426928,0.0
fit_joint_tsne_vi_seed138_C03Sc01_vt_seed10,6,seed485,log10_p_wgd,-3.30859788526459,-3.30859788526459,0.0
fit_joint_tsne_vi_seed138_C03Sc01_vt_seed10,6,seed485,gamma_mu,1.85826385827691,1.85826385827691,0.0
fit_joint_tsne_vi_seed138_C03Sc01_vt_seed10,6,seed485,delta__log10_O2_crit,-0.707839637125871,-0.707839637125871,0.0
fit_joint_tsne_vi_seed138_C03Sc01_vt_seed10,6,seed485,delta__log10_alpha_o2,0.804803819939848,0.804803819939848,0.0
fit_joint_tsne_vi_seed138_C03Sc01_vt_seed10,6,seed485,delta__gamma_growth,0.74248148487991,0.74248148487991,0.0
fit_joint_tsne_vi_seed138_C03Sc01_vt_seed10,6,seed485,delta__log10_mu_hp,1.50893402641973,1.50893402641973,0.0
fit_joint_tsne_vi_seed138_C03Sc01_vt_seed10,6,seed485,delta__log10_p_misseg,1.67557286941202,1.67557286941202,0.0
fit_joint_tsne_vi_seed138_C03Sc01_vt_seed10,6,seed485,delta__log10_k_o_mis,1.33139593453867,1.33139593453867,0.0
fit_joint_tsne_vi_seed138_C03Sc01_vt_seed10,6,seed485,delta__buffer_smax,-0.005219492414379,-0.005219492414379,0.0
fit_joint_tsne_vi_seed138_C03Sc01_vt_seed10,6,seed485,delta__log10_buffer_beta,-1.55518405233534,-1.55518405233534,0.0
fit_joint_tsne_vi_seed138_C03Sc01_vt_seed10,6,seed485,delta__log10_buffer_n_exp,-1.13016190617906,-1.13016190617906,0.0
fit_joint_tsne_vi_seed138_C03Sc01_vt_seed10,6,seed485,delta__n_O,1.37320692760003,1.37320692760003,0.0
fit_joint_tsne_vi_seed138_C03Sc01_vt_seed10,6,seed485,delta__log10_lam_max,-1.0028032418014,-1.0028032418014,0.0
fit_joint_tsne_vi_seed138_C03Sc01_vt_seed10,6,seed485,delta__log10_p_mis_base,0.852653302570762,1.01677126140897,0.1641179588382079
fit_joint_tsne_vi_seed138_C03Sc01_vt_seed10,6,seed485,delta__log10_p_wgd,0.342609431840466,0.0163922071249687,0.3262172247154973
fit_joint_tsne_vi_seed138_C03Sc01_vt_seed10,6,seed485,delta__gamma_mu,1.31652771655383,1.31652771655383,0.0
fit_joint_tsne_vi_seed138_C03Sc01_vt_seed10,7,seed268,log10_O2_crit,-0.153560015107474,-0.153560015107474,0.0
fit_joint_tsne_vi_seed138_C03Sc01_vt_seed10,7,seed268,log10_alpha_o2,0.101371914305943,0.101371914305943,0.0
fit_joint_tsne_vi_seed138_C03Sc01_vt_seed10,7,seed268,gamma_growth,1.87124074243996,1.87124074243996,0.0
fit_joint_tsne_vi_seed138_C03Sc01_vt_seed10,7,seed268,log10_mu_hp,-1.54656298245412,-1.54656298245412,0.0
fit_joint_tsne_vi_seed138_C03Sc01_vt_seed10,7,seed268,log10_p_misseg,-1.13881643036999,-1.13881643036999,0.0
fit_joint_tsne_vi_seed138_C03Sc01_vt_seed10,7,seed268,log10_k_o_mis,-3.28161315880086,-3.28161315880086,0.0
fit_joint_tsne_vi_seed138_C03Sc01_vt_seed10,7,seed268,buffer_smax,0.997390253792811,0.997390253792811,0.0
fit_joint_tsne_vi_seed138_C03Sc01_vt_seed10,7,seed268,log10_buffer_beta,-0.575886287278859,-0.575886287278859,0.0
fit_joint_tsne_vi_seed138_C03Sc01_vt_seed10,7,seed268,log10_buffer_n_exp,-0.0657285004210214,-0.0657285004210214,0.0
fit_joint_tsne_vi_seed138_C03Sc01_vt_seed10,7,seed268,n_O,2.55517829746501,2.55517829746501,0.0
fit_joint_tsne_vi_seed138_C03Sc01_vt_seed10,7,seed268,log10_lam_max,-0.37154577691773,-0.37154577691773,0.0
fit_joint_tsne_vi_seed138_C03Sc01_vt_seed10,7,seed268,log10_p_mis_base,-4.64212308426928,-4.64212308426928,0.0
fit_joint_tsne_vi_seed138_C03Sc01_vt_seed10,7,seed268,log10_p_wgd,-3.30859788526459,-3.30859788526459,0.0
fit_joint_tsne_vi_seed138_C03Sc01_vt_seed10,7,seed268,gamma_mu,1.85826385827691,1.91348955668161,0.05522569840469993
fit_joint_tsne_vi_seed138_C03Sc01_vt_seed10,7,seed268,delta__log10_O2_crit,-0.707839637125871,-0.707839637125871,0.0
fit_joint_tsne_vi_seed138_C03Sc01_vt_seed10,7,seed268,delta__log10_alpha_o2,0.804803819939848,0.804803819939848,0.0
fit_joint_tsne_vi_seed138_C03Sc01_vt_seed10,7,seed268,delta__gamma_growth,0.74248148487991,0.74248148487991,0.0
fit_joint_tsne_vi_seed138_C03Sc01_vt_seed10,7,seed268,delta__log10_mu_hp,1.50893402641973,1.50893402641973,0.0
fit_joint_tsne_vi_seed138_C03Sc01_vt_seed10,7,seed268,delta__log10_p_misseg,1.67557286941202,1.67557286941202,0.0
fit_joint_tsne_vi_seed138_C03Sc01_vt_seed10,7,seed268,delta__log10_k_o_mis,1.33139593453867,1.33139593453867,0.0
fit_joint_tsne_vi_seed138_C03Sc01_vt_seed10,7,seed268,delta__buffer_smax,-0.005219492414379,-0.005219492414379,0.0
fit_joint_tsne_vi_seed138_C03Sc01_vt_seed10,7,seed268,delta__log10_buffer_beta,-1.55518405233534,-1.55518405233534,0.0
fit_joint_tsne_vi_seed138_C03Sc01_vt_seed10,7,seed268,delta__log10_buffer_n_exp,-1.13016190617906,-1.13016190617906,0.0
fit_joint_tsne_vi_seed138_C03Sc01_vt_seed10,7,seed268,delta__n_O,1.37320692760003,1.37320692760003,0.0
fit_joint_tsne_vi_seed138_C03Sc01_vt_seed10,7,seed268,delta__log10_lam_max,-1.0028032418014,-1.0028032418014,0.0
fit_joint_tsne_vi_seed138_C03Sc01_vt_seed10,7,seed268,delta__log10_p_mis_base,0.852653302570762,0.852653302570762,0.0
fit_joint_tsne_vi_seed138_C03Sc01_vt_seed10,7,seed268,delta__log10_p_wgd,0.342609431840466,0.0450855090753232,0.2975239227651428
fit_joint_tsne_vi_seed138_C03Sc01_vt_seed10,7,seed268,delta__gamma_mu,1.31652771655383,1.31652771655383,0.0
fit_joint_tsne_vi_seed138_C03Sc01_vt_seed10,8,seed451,log10_O2_crit,-0.153560015107474,-0.153560015107474,0.0
fit_joint_tsne_vi_seed138_C03Sc01_vt_seed10,8,seed451,log10_alpha_o2,0.101371914305943,0.101371914305943,0.0
fit_joint_tsne_vi_seed138_C03Sc01_vt_seed10,8,seed451,gamma_growth,1.87124074243996,1.87124074243996,0.0
fit_joint_tsne_vi_seed138_C03Sc01_vt_seed10,8,seed451,log10_mu_hp,-1.54656298245412,-1.54656298245412,0.0
fit_joint_tsne_vi_seed138_C03Sc01_vt_seed10,8,seed451,log10_p_misseg,-1.13881643036999,-1.13881643036999,0.0
fit_joint_tsne_vi_seed138_C03Sc01_vt_seed10,8,seed451,log10_k_o_mis,-3.28161315880086,-3.28161315880086,0.0
fit_joint_tsne_vi_seed138_C03Sc01_vt_seed10,8,seed451,buffer_smax,0.997390253792811,0.997390253792811,0.0
fit_joint_tsne_vi_seed138_C03Sc01_vt_seed10,8,seed451,log10_buffer_beta,-0.575886287278859,-0.575886287278859,0.0
fit_joint_tsne_vi_seed138_C03Sc01_vt_seed10,8,seed451,log10_buffer_n_exp,-0.0657285004210214,-0.0727316862435688,0.0070031858225474
fit_joint_tsne_vi_seed138_C03Sc01_vt_seed10,8,seed451,n_O,2.55517829746501,2.55517829746501,0.0
fit_joint_tsne_vi_seed138_C03Sc01_vt_seed10,8,seed451,log10_lam_max,-0.37154577691773,-0.37154577691773,0.0
fit_joint_tsne_vi_seed138_C03Sc01_vt_seed10,8,seed451,log10_p_mis_base,-4.64212308426928,-4.64212308426928,0.0
fit_joint_tsne_vi_seed138_C03Sc01_vt_seed10,8,seed451,log10_p_wgd,-3.30859788526459,-3.30859788526459,0.0
fit_joint_tsne_vi_seed138_C03Sc01_vt_seed10,8,seed451,gamma_mu,1.85826385827691,1.90453930156699,0.04627544329008004
fit_joint_tsne_vi_seed138_C03Sc01_vt_seed10,8,seed451,delta__log10_O2_crit,-0.707839637125871,-0.707839637125871,0.0
fit_joint_tsne_vi_seed138_C03Sc01_vt_seed10,8,seed451,delta__log10_alpha_o2,0.804803819939848,0.804803819939848,0.0
fit_joint_tsne_vi_seed138_C03Sc01_vt_seed10,8,seed451,delta__gamma_growth,0.74248148487991,0.74248148487991,0.0
fit_joint_tsne_vi_seed138_C03Sc01_vt_seed10,8,seed451,delta__log10_mu_hp,1.50893402641973,1.50893402641973,0.0
fit_joint_tsne_vi_seed138_C03Sc01_vt_seed10,8,seed451,delta__log10_p_misseg,1.67557286941202,1.67557286941202,0.0
fit_joint_tsne_vi_seed138_C03Sc01_vt_seed10,8,seed451,delta__log10_k_o_mis,1.33139593453867,1.33139593453867,0.0
fit_joint_tsne_vi_seed138_C03Sc01_vt_seed10,8,seed451,delta__buffer_smax,-0.005219492414379,-0.005219492414379,0.0
fit_joint_tsne_vi_seed138_C03Sc01_vt_seed10,8,seed451,delta__log10_buffer_beta,-1.55518405233534,-1.55518405233534,0.0
fit_joint_tsne_vi_seed138_C03Sc01_vt_seed10,8,seed451,delta__log10_buffer_n_exp,-1.13016190617906,-1.13016190617906,0.0
fit_joint_tsne_vi_seed138_C03Sc01_vt_seed10,8,seed451,delta__n_O,1.37320692760003,1.37320692760003,0.0
fit_joint_tsne_vi_seed138_C03Sc01_vt_seed10,8,seed451,delta__log10_lam_max,-1.0028032418014,-1.0028032418014,0.0
fit_joint_tsne_vi_seed138_C03Sc01_vt_seed10,8,seed451,delta__log10_p_mis_base,0.852653302570762,0.701312809252892,0.15134049331787003
fit_joint_tsne_vi_seed138_C03Sc01_vt_seed10,8,seed451,delta__log10_p_wgd,0.342609431840466,0.0514798579141672,0.2911295739262988
fit_joint_tsne_vi_seed138_C03Sc01_vt_seed10,8,seed451,delta__gamma_mu,1.31652771655383,1.31652771655383,0.0
fit_joint_tsne_vi_seed138_C03Sc01_vt_seed10,9,seed355,log10_O2_crit,-0.153560015107474,-0.153560015107474,0.0
fit_joint_tsne_vi_seed138_C03Sc01_vt_seed10,9,seed355,log10_alpha_o2,0.101371914305943,0.101371914305943,0.0
fit_joint_tsne_vi_seed138_C03Sc01_vt_seed10,9,seed355,gamma_growth,1.87124074243996,1.87124074243996,0.0
fit_joint_tsne_vi_seed138_C03Sc01_vt_seed10,9,seed355,log10_mu_hp,-1.54656298245412,-1.54656298245412,0.0
fit_joint_tsne_vi_seed138_C03Sc01_vt_seed10,9,seed355,log10_p_misseg,-1.13881643036999,-1.13881643036999,0.0
fit_joint_tsne_vi_seed138_C03Sc01_vt_seed10,9,seed355,log10_k_o_mis,-3.28161315880086,-3.28161315880086,0.0
fit_joint_tsne_vi_seed138_C03Sc01_vt_seed10,9,seed355,buffer_smax,0.997390253792811,0.997390253792811,0.0
fit_joint_tsne_vi_seed138_C03Sc01_vt_seed10,9,seed355,log10_buffer_beta,-0.575886287278859,-0.575886287278859,0.0
fit_joint_tsne_vi_seed138_C03Sc01_vt_seed10,9,seed355,log10_buffer_n_exp,-0.0657285004210214,-0.0657285004210214,0.0
fit_joint_tsne_vi_seed138_C03Sc01_vt_seed10,9,seed355,n_O,2.55517829746501,2.55517829746501,0.0
fit_joint_tsne_vi_seed138_C03Sc01_vt_seed10,9,seed355,log10_lam_max,-0.37154577691773,-0.37154577691773,0.0
fit_joint_tsne_vi_seed138_C03Sc01_vt_seed10,9,seed355,log10_p_mis_base,-4.64212308426928,-4.64212308426928,0.0
fit_joint_tsne_vi_seed138_C03Sc01_vt_seed10,9,seed355,log10_p_wgd,-3.30859788526459,-3.30859788526459,0.0
fit_joint_tsne_vi_seed138_C03Sc01_vt_seed10,9,seed355,gamma_mu,1.85826385827691,1.85826385827691,0.0
fit_joint_tsne_vi_seed138_C03Sc01_vt_seed10,9,seed355,delta__log10_O2_crit,-0.707839637125871,-0.707839637125871,0.0
fit_joint_tsne_vi_seed138_C03Sc01_vt_seed10,9,seed355,delta__log10_alpha_o2,0.804803819939848,0.804803819939848,0.0
fit_joint_tsne_vi_seed138_C03Sc01_vt_seed10,9,seed355,delta__gamma_growth,0.74248148487991,0.74248148487991,0.0
fit_joint_tsne_vi_seed138_C03Sc01_vt_seed10,9,seed355,delta__log10_mu_hp,1.50893402641973,1.50893402641973,0.0
fit_joint_tsne_vi_seed138_C03Sc01_vt_seed10,9,seed355,delta__log10_p_misseg,1.67557286941202,1.67557286941202,0.0
fit_joint_tsne_vi_seed138_C03Sc01_vt_seed10,9,seed355,delta__log10_k_o_mis,1.33139593453867,1.33139593453867,0.0
fit_joint_tsne_vi_seed138_C03Sc01_vt_seed10,9,seed355,delta__buffer_smax,-0.005219492414379,-0.005219492414379,0.0
fit_joint_tsne_vi_seed138_C03Sc01_vt_seed10,9,seed355,delta__log10_buffer_beta,-1.55518405233534,-1.55518405233534,0.0
fit_joint_tsne_vi_seed138_C03Sc01_vt_seed10,9,seed355,delta__log10_buffer_n_exp,-1.13016190617906,-1.13016190617906,0.0
fit_joint_tsne_vi_seed138_C03Sc01_vt_seed10,9,seed355,delta__n_O,1.37320692760003,1.37320692760003,0.0
fit_joint_tsne_vi_seed138_C03Sc01_vt_seed10,9,seed355,delta__log10_lam_max,-1.0028032418014,-1.0028032418014,0.0
fit_joint_tsne_vi_seed138_C03Sc01_vt_seed10,9,seed355,delta__log10_p_mis_base,0.852653302570762,0.585299920969493,0.267353381601269
fit_joint_tsne_vi_seed138_C03Sc01_vt_seed10,9,seed355,delta__log10_p_wgd,0.342609431840466,0.0291845507765406,0.3134248810639254
fit_joint_tsne_vi_seed138_C03Sc01_vt_seed10,9,seed355,delta__gamma_mu,1.31652771655383,1.31652771655383,0.0
fit_joint_tsne_vi_seed138_C03Sc01_vt_seed10,10,seed187,log10_O2_crit,-0.153560015107474,-0.153560015107474,0.0
fit_joint_tsne_vi_seed138_C03Sc01_vt_seed10,10,seed187,log10_alpha_o2,0.101371914305943,0.101371914305943,0.0
fit_joint_tsne_vi_seed138_C03Sc01_vt_seed10,10,seed187,gamma_growth,1.87124074243996,1.87124074243996,0.0
fit_joint_tsne_vi_seed138_C03Sc01_vt_seed10,10,seed187,log10_mu_hp,-1.54656298245412,-1.54656298245412,0.0
fit_joint_tsne_vi_seed138_C03Sc01_vt_seed10,10,seed187,log10_p_misseg,-1.13881643036999,-1.13881643036999,0.0
fit_joint_tsne_vi_seed138_C03Sc01_vt_seed10,10,seed187,log10_k_o_mis,-3.28161315880086,-3.28161315880086,0.0
fit_joint_tsne_vi_seed138_C03Sc01_vt_seed10,10,seed187,buffer_smax,0.997390253792811,0.997390253792811,0.0
fit_joint_tsne_vi_seed138_C03Sc01_vt_seed10,10,seed187,log10_buffer_beta,-0.575886287278859,-0.575886287278859,0.0
fit_joint_tsne_vi_seed138_C03Sc01_vt_seed10,10,seed187,log10_buffer_n_exp,-0.0657285004210214,-0.0657285004210214,0.0
fit_joint_tsne_vi_seed138_C03Sc01_vt_seed10,10,seed187,n_O,2.55517829746501,2.55517829746501,0.0
fit_joint_tsne_vi_seed138_C03Sc01_vt_seed10,10,seed187,log10_lam_max,-0.37154577691773,-0.37154577691773,0.0
fit_joint_tsne_vi_seed138_C03Sc01_vt_seed10,10,seed187,log10_p_mis_base,-4.64212308426928,-4.87333359646346,0.23121051219417943
fit_joint_tsne_vi_seed138_C03Sc01_vt_seed10,10,seed187,log10_p_wgd,-3.30859788526459,-3.30859788526459,0.0
fit_joint_tsne_vi_seed138_C03Sc01_vt_seed10,10,seed187,gamma_mu,1.85826385827691,1.85826385827691,0.0
fit_joint_tsne_vi_seed138_C03Sc01_vt_seed10,10,seed187,delta__log10_O2_crit,-0.707839637125871,-0.707839637125871,0.0
fit_joint_tsne_vi_seed138_C03Sc01_vt_seed10,10,seed187,delta__log10_alpha_o2,0.804803819939848,0.804803819939848,0.0
fit_joint_tsne_vi_seed138_C03Sc01_vt_seed10,10,seed187,delta__gamma_growth,0.74248148487991,0.74248148487991,0.0
fit_joint_tsne_vi_seed138_C03Sc01_vt_seed10,10,seed187,delta__log10_mu_hp,1.50893402641973,1.50893402641973,0.0
fit_joint_tsne_vi_seed138_C03Sc01_vt_seed10,10,seed187,delta__log10_p_misseg,1.67557286941202,1.67557286941202,0.0
fit_joint_tsne_vi_seed138_C03Sc01_vt_seed10,10,seed187,delta__log10_k_o_mis,1.33139593453867,1.33139593453867,0.0
fit_joint_tsne_vi_seed138_C03Sc01_vt_seed10,10,seed187,delta__buffer_smax,-0.005219492414379,-0.005219492414379,0.0
fit_joint_tsne_vi_seed138_C03Sc01_vt_seed10,10,seed187,delta__log10_buffer_beta,-1.55518405233534,-1.55518405233534,0.0
fit_joint_tsne_vi_seed138_C03Sc01_vt_seed10,10,seed187,delta__log10_buffer_n_exp,-1.13016190617906,-1.13016190617906,0.0
fit_joint_tsne_vi_seed138_C03Sc01_vt_seed10,10,seed187,delta__n_O,1.37320692760003,1.37320692760003,0.0
fit_joint_tsne_vi_seed138_C03Sc01_vt_seed10,10,seed187,delta__log10_lam_max,-1.0028032418014,-1.0028032418014,0.0
fit_joint_tsne_vi_seed138_C03Sc01_vt_seed10,10,seed187,delta__log10_p_mis_base,0.852653302570762,0.852653302570762,0.0
fit_joint_tsne_vi_seed138_C03Sc01_vt_seed10,10,seed187,delta__log10_p_wgd,0.342609431840466,0.0005111760073806,0.3420982558330854
fit_joint_tsne_vi_seed138_C03Sc01_vt_seed10,10,seed187,delta__gamma_mu,1.31652771655383,1.31652771655383,0.0
fit_joint_tsne_vi_seed25_C02Sc01_vt_seed10,1,seed497,log10_O2_crit,-0.286184924288447,-0.286184924288447,0.0
fit_joint_tsne_vi_seed25_C02Sc01_vt_seed10,1,seed497,log10_alpha_o2,-0.030193144725519,-0.030193144725519,0.0
fit_joint_tsne_vi_seed25_C02Sc01_vt_seed10,1,seed497,gamma_growth,2.18118606535816,2.18118606535816,0.0
fit_joint_tsne_vi_seed25_C02Sc01_vt_seed10,1,seed497,log10_mu_hp,-1.8015332567769,-1.8015332567769,0.0
fit_joint_tsne_vi_seed25_C02Sc01_vt_seed10,1,seed497,log10_p_misseg,-1.35295557556725,-1.35295557556725,0.0
fit_joint_tsne_vi_seed25_C02Sc01_vt_seed10,1,seed497,log10_k_o_mis,-3.25441704197678,-3.25441704197678,0.0
fit_joint_tsne_vi_seed25_C02Sc01_vt_seed10,1,seed497,buffer_smax,0.956917896997365,0.956917896997365,0.0
fit_joint_tsne_vi_seed25_C02Sc01_vt_seed10,1,seed497,log10_buffer_beta,-0.220797648094854,-0.220797648094854,0.0
fit_joint_tsne_vi_seed25_C02Sc01_vt_seed10,1,seed497,log10_buffer_n_exp,0.749676226334253,0.749676226334253,0.0
fit_joint_tsne_vi_seed25_C02Sc01_vt_seed10,1,seed497,n_O,1.7660910707821,1.7660910707821,0.0
fit_joint_tsne_vi_seed25_C02Sc01_vt_seed10,1,seed497,log10_lam_max,-0.246052675587283,-0.246052675587283,0.0
fit_joint_tsne_vi_seed25_C02Sc01_vt_seed10,1,seed497,log10_p_mis_base,-4.18677077431139,-4.18677077431139,0.0
fit_joint_tsne_vi_seed25_C02Sc01_vt_seed10,1,seed497,log10_p_wgd,-4.19319261129693,-4.19319261129693,0.0
fit_joint_tsne_vi_seed25_C02Sc01_vt_seed10,1,seed497,gamma_mu,1.9393617447558,1.9393617447558,0.0
fit_joint_tsne_vi_seed25_C02Sc01_vt_seed10,1,seed497,delta__log10_O2_crit,-0.973089455487817,-0.973089455487817,0.0
fit_joint_tsne_vi_seed25_C02Sc01_vt_seed10,1,seed497,delta__log10_alpha_o2,0.541673701876924,0.541673701876924,0.0
fit_joint_tsne_vi_seed25_C02Sc01_vt_seed10,1,seed497,delta__gamma_growth,1.36237213071632,1.36237213071632,0.0
fit_joint_tsne_vi_seed25_C02Sc01_vt_seed10,1,seed497,delta__log10_mu_hp,0.998993477774163,0.998993477774163,0.0
fit_joint_tsne_vi_seed25_C02Sc01_vt_seed10,1,seed497,delta__log10_p_misseg,1.24729457901751,1.24729457901751,0.0
fit_joint_tsne_vi_seed25_C02Sc01_vt_seed10,1,seed497,delta__log10_k_o_mis,1.38578816818685,1.38578816818685,0.0
fit_joint_tsne_vi_seed25_C02Sc01_vt_seed10,1,seed497,delta__buffer_smax,-0.08616420600527,-0.08616420600527,0.0
fit_joint_tsne_vi_seed25_C02Sc01_vt_seed10,1,seed497,delta__log10_buffer_beta,-0.845006773967325,-0.845006773967325,0.0
fit_joint_tsne_vi_seed25_C02Sc01_vt_seed10,1,seed497,delta__log10_buffer_n_exp,0.500647547331493,0.500647547331493,0.0
fit_joint_tsne_vi_seed25_C02Sc01_vt_seed10,1,seed497,delta__n_O,-0.20496752576579,-0.20496752576579,0.0
fit_joint_tsne_vi_seed25_C02Sc01_vt_seed10,1,seed497,delta__log10_lam_max,-0.75181703914051,-0.75181703914051,0.0
fit_joint_tsne_vi_seed25_C02Sc01_vt_seed10,1,seed497,delta__log10_p_mis_base,1.76335792248655,1.76335792248655,0.0
fit_joint_tsne_vi_seed25_C02Sc01_vt_seed10,1,seed497,delta__log10_p_wgd,-1.42658002022422,-1.42658002022422,0.0
fit_joint_tsne_vi_seed25_C02Sc01_vt_seed10,1,seed497,delta__gamma_mu,1.4787234895116,1.4787234895116,0.0
fit_joint_tsne_vi_seed25_C02Sc01_vt_seed10,2,seed389,log10_O2_crit,-0.286184924288447,-0.286184924288447,0.0
fit_joint_tsne_vi_seed25_C02Sc01_vt_seed10,2,seed389,log10_alpha_o2,-0.030193144725519,-0.030193144725519,0.0
fit_joint_tsne_vi_seed25_C02Sc01_vt_seed10,2,seed389,gamma_growth,2.18118606535816,2.18118606535816,0.0
fit_joint_tsne_vi_seed25_C02Sc01_vt_seed10,2,seed389,log10_mu_hp,-1.8015332567769,-1.8015332567769,0.0
fit_joint_tsne_vi_seed25_C02Sc01_vt_seed10,2,seed389,log10_p_misseg,-1.35295557556725,-1.35295557556725,0.0
fit_joint_tsne_vi_seed25_C02Sc01_vt_seed10,2,seed389,log10_k_o_mis,-3.25441704197678,-3.25441704197678,0.0
fit_joint_tsne_vi_seed25_C02Sc01_vt_seed10,2,seed389,buffer_smax,0.956917896997365,0.956917896997365,0.0
fit_joint_tsne_vi_seed25_C02Sc01_vt_seed10,2,seed389,log10_buffer_beta,-0.220797648094854,-0.220797648094854,0.0
fit_joint_tsne_vi_seed25_C02Sc01_vt_seed10,2,seed389,log10_buffer_n_exp,0.749676226334253,0.749676226334253,0.0
fit_joint_tsne_vi_seed25_C02Sc01_vt_seed10,2,seed389,n_O,1.7660910707821,1.7660910707821,0.0
fit_joint_tsne_vi_seed25_C02Sc01_vt_seed10,2,seed389,log10_lam_max,-0.246052675587283,-0.246052675587283,0.0
fit_joint_tsne_vi_seed25_C02Sc01_vt_seed10,2,seed389,log10_p_mis_base,-4.18677077431139,-4.18677077431139,0.0
fit_joint_tsne_vi_seed25_C02Sc01_vt_seed10,2,seed389,log10_p_wgd,-4.19319261129693,-4.19319261129693,0.0
fit_joint_tsne_vi_seed25_C02Sc01_vt_seed10,2,seed389,gamma_mu,1.9393617447558,1.9393617447558,0.0
fit_joint_tsne_vi_seed25_C02Sc01_vt_seed10,2,seed389,delta__log10_O2_crit,-0.973089455487817,-0.973089455487817,0.0
fit_joint_tsne_vi_seed25_C02Sc01_vt_seed10,2,seed389,delta__log10_alpha_o2,0.541673701876924,0.541673701876924,0.0
fit_joint_tsne_vi_seed25_C02Sc01_vt_seed10,2,seed389,delta__gamma_growth,1.36237213071632,1.36237213071632,0.0
fit_joint_tsne_vi_seed25_C02Sc01_vt_seed10,2,seed389,delta__log10_mu_hp,0.998993477774163,0.998993477774163,0.0
fit_joint_tsne_vi_seed25_C02Sc01_vt_seed10,2,seed389,delta__log10_p_misseg,1.24729457901751,1.24729457901751,0.0
fit_joint_tsne_vi_seed25_C02Sc01_vt_seed10,2,seed389,delta__log10_k_o_mis,1.38578816818685,1.38578816818685,0.0
fit_joint_tsne_vi_seed25_C02Sc01_vt_seed10,2,seed389,delta__buffer_smax,-0.08616420600527,-0.08616420600527,0.0
fit_joint_tsne_vi_seed25_C02Sc01_vt_seed10,2,seed389,delta__log10_buffer_beta,-0.845006773967325,-0.845006773967325,0.0
fit_joint_tsne_vi_seed25_C02Sc01_vt_seed10,2,seed389,delta__log10_buffer_n_exp,0.500647547331493,0.500647547331493,0.0
fit_joint_tsne_vi_seed25_C02Sc01_vt_seed10,2,seed389,delta__n_O,-0.20496752576579,-0.20496752576579,0.0
fit_joint_tsne_vi_seed25_C02Sc01_vt_seed10,2,seed389,delta__log10_lam_max,-0.75181703914051,-0.75181703914051,0.0
fit_joint_tsne_vi_seed25_C02Sc01_vt_seed10,2,seed389,delta__log10_p_mis_base,1.76335792248655,1.76335792248655,0.0
fit_joint_tsne_vi_seed25_C02Sc01_vt_seed10,2,seed389,delta__log10_p_wgd,-1.42658002022422,-1.42658002022422,0.0
fit_joint_tsne_vi_seed25_C02Sc01_vt_seed10,2,seed389,delta__gamma_mu,1.4787234895116,1.42887412927034,0.049849360241259966
fit_joint_tsne_vi_seed25_C02Sc01_vt_seed10,3,seed298,log10_O2_crit,-0.286184924288447,-0.286184924288447,0.0
fit_joint_tsne_vi_seed25_C02Sc01_vt_seed10,3,seed298,log10_alpha_o2,-0.030193144725519,-0.030193144725519,0.0
fit_joint_tsne_vi_seed25_C02Sc01_vt_seed10,3,seed298,gamma_growth,2.18118606535816,2.18118606535816,0.0
fit_joint_tsne_vi_seed25_C02Sc01_vt_seed10,3,seed298,log10_mu_hp,-1.8015332567769,-1.8015332567769,0.0
fit_joint_tsne_vi_seed25_C02Sc01_vt_seed10,3,seed298,log10_p_misseg,-1.35295557556725,-1.35295557556725,0.0
fit_joint_tsne_vi_seed25_C02Sc01_vt_seed10,3,seed298,log10_k_o_mis,-3.25441704197678,-3.25441704197678,0.0
fit_joint_tsne_vi_seed25_C02Sc01_vt_seed10,3,seed298,buffer_smax,0.956917896997365,0.956917896997365,0.0
fit_joint_tsne_vi_seed25_C02Sc01_vt_seed10,3,seed298,log10_buffer_beta,-0.220797648094854,-0.220797648094854,0.0
fit_joint_tsne_vi_seed25_C02Sc01_vt_seed10,3,seed298,log10_buffer_n_exp,0.749676226334253,0.749676226334253,0.0
fit_joint_tsne_vi_seed25_C02Sc01_vt_seed10,3,seed298,n_O,1.7660910707821,1.7660910707821,0.0
fit_joint_tsne_vi_seed25_C02Sc01_vt_seed10,3,seed298,log10_lam_max,-0.246052675587283,-0.246052675587283,0.0
fit_joint_tsne_vi_seed25_C02Sc01_vt_seed10,3,seed298,log10_p_mis_base,-4.18677077431139,-4.18677077431139,0.0
fit_joint_tsne_vi_seed25_C02Sc01_vt_seed10,3,seed298,log10_p_wgd,-4.19319261129693,-4.19319261129693,0.0
fit_joint_tsne_vi_seed25_C02Sc01_vt_seed10,3,seed298,gamma_mu,1.9393617447558,1.9393617447558,0.0
fit_joint_tsne_vi_seed25_C02Sc01_vt_seed10,3,seed298,delta__log10_O2_crit,-0.973089455487817,-0.973089455487817,0.0
fit_joint_tsne_vi_seed25_C02Sc01_vt_seed10,3,seed298,delta__log10_alpha_o2,0.541673701876924,0.541673701876924,0.0
fit_joint_tsne_vi_seed25_C02Sc01_vt_seed10,3,seed298,delta__gamma_growth,1.36237213071632,1.36237213071632,0.0
fit_joint_tsne_vi_seed25_C02Sc01_vt_seed10,3,seed298,delta__log10_mu_hp,0.998993477774163,0.998993477774163,0.0
fit_joint_tsne_vi_seed25_C02Sc01_vt_seed10,3,seed298,delta__log10_p_misseg,1.24729457901751,1.24729457901751,0.0
fit_joint_tsne_vi_seed25_C02Sc01_vt_seed10,3,seed298,delta__log10_k_o_mis,1.38578816818685,1.38578816818685,0.0
fit_joint_tsne_vi_seed25_C02Sc01_vt_seed10,3,seed298,delta__buffer_smax,-0.08616420600527,-0.08616420600527,0.0
fit_joint_tsne_vi_seed25_C02Sc01_vt_seed10,3,seed298,delta__log10_buffer_beta,-0.845006773967325,-0.845006773967325,0.0
fit_joint_tsne_vi_seed25_C02Sc01_vt_seed10,3,seed298,delta__log10_buffer_n_exp,0.500647547331493,0.500647547331493,0.0
fit_joint_tsne_vi_seed25_C02Sc01_vt_seed10,3,seed298,delta__n_O,-0.20496752576579,-0.20496752576579,0.0
fit_joint_tsne_vi_seed25_C02Sc01_vt_seed10,3,seed298,delta__log10_lam_max,-0.75181703914051,-0.75181703914051,0.0
fit_joint_tsne_vi_seed25_C02Sc01_vt_seed10,3,seed298,delta__log10_p_mis_base,1.76335792248655,1.76335792248655,0.0
fit_joint_tsne_vi_seed25_C02Sc01_vt_seed10,3,seed298,delta__log10_p_wgd,-1.42658002022422,-1.42658002022422,0.0
fit_joint_tsne_vi_seed25_C02Sc01_vt_seed10,3,seed298,delta__gamma_mu,1.4787234895116,1.4787234895116,0.0
fit_joint_tsne_vi_seed25_C02Sc01_vt_seed10,4,seed26,log10_O2_crit,-0.286184924288447,-0.286184924288447,0.0
fit_joint_tsne_vi_seed25_C02Sc01_vt_seed10,4,seed26,log10_alpha_o2,-0.030193144725519,-0.030193144725519,0.0
fit_joint_tsne_vi_seed25_C02Sc01_vt_seed10,4,seed26,gamma_growth,2.18118606535816,2.18118606535816,0.0
fit_joint_tsne_vi_seed25_C02Sc01_vt_seed10,4,seed26,log10_mu_hp,-1.8015332567769,-1.8015332567769,0.0
fit_joint_tsne_vi_seed25_C02Sc01_vt_seed10,4,seed26,log10_p_misseg,-1.35295557556725,-1.35295557556725,0.0
fit_joint_tsne_vi_seed25_C02Sc01_vt_seed10,4,seed26,log10_k_o_mis,-3.25441704197678,-3.25441704197678,0.0
fit_joint_tsne_vi_seed25_C02Sc01_vt_seed10,4,seed26,buffer_smax,0.956917896997365,0.956917896997365,0.0
fit_joint_tsne_vi_seed25_C02Sc01_vt_seed10,4,seed26,log10_buffer_beta,-0.220797648094854,-0.220797648094854,0.0
fit_joint_tsne_vi_seed25_C02Sc01_vt_seed10,4,seed26,log10_buffer_n_exp,0.749676226334253,0.749676226334253,0.0
fit_joint_tsne_vi_seed25_C02Sc01_vt_seed10,4,seed26,n_O,1.7660910707821,1.7660910707821,0.0
fit_joint_tsne_vi_seed25_C02Sc01_vt_seed10,4,seed26,log10_lam_max,-0.246052675587283,-0.246052675587283,0.0
fit_joint_tsne_vi_seed25_C02Sc01_vt_seed10,4,seed26,log10_p_mis_base,-4.18677077431139,-4.18677077431139,0.0
fit_joint_tsne_vi_seed25_C02Sc01_vt_seed10,4,seed26,log10_p_wgd,-4.19319261129693,-4.19319261129693,0.0
fit_joint_tsne_vi_seed25_C02Sc01_vt_seed10,4,seed26,gamma_mu,1.9393617447558,1.9393617447558,0.0
fit_joint_tsne_vi_seed25_C02Sc01_vt_seed10,4,seed26,delta__log10_O2_crit,-0.973089455487817,-0.973089455487817,0.0
fit_joint_tsne_vi_seed25_C02Sc01_vt_seed10,4,seed26,delta__log10_alpha_o2,0.541673701876924,0.541673701876924,0.0
fit_joint_tsne_vi_seed25_C02Sc01_vt_seed10,4,seed26,delta__gamma_growth,1.36237213071632,1.36237213071632,0.0
fit_joint_tsne_vi_seed25_C02Sc01_vt_seed10,4,seed26,delta__log10_mu_hp,0.998993477774163,0.998993477774163,0.0
fit_joint_tsne_vi_seed25_C02Sc01_vt_seed10,4,seed26,delta__log10_p_misseg,1.24729457901751,1.24729457901751,0.0
fit_joint_tsne_vi_seed25_C02Sc01_vt_seed10,4,seed26,delta__log10_k_o_mis,1.38578816818685,1.38578816818685,0.0
fit_joint_tsne_vi_seed25_C02Sc01_vt_seed10,4,seed26,delta__buffer_smax,-0.08616420600527,-0.08616420600527,0.0
fit_joint_tsne_vi_seed25_C02Sc01_vt_seed10,4,seed26,delta__log10_buffer_beta,-0.845006773967325,-0.845006773967325,0.0
fit_joint_tsne_vi_seed25_C02Sc01_vt_seed10,4,seed26,delta__log10_buffer_n_exp,0.500647547331493,0.500647547331493,0.0
fit_joint_tsne_vi_seed25_C02Sc01_vt_seed10,4,seed26,delta__n_O,-0.20496752576579,-0.20496752576579,0.0
fit_joint_tsne_vi_seed25_C02Sc01_vt_seed10,4,seed26,delta__log10_lam_max,-0.75181703914051,-0.75181703914051,0.0
fit_joint_tsne_vi_seed25_C02Sc01_vt_seed10,4,seed26,delta__log10_p_mis_base,1.76335792248655,1.76335792248655,0.0
fit_joint_tsne_vi_seed25_C02Sc01_vt_seed10,4,seed26,delta__log10_p_wgd,-1.42658002022422,-1.42658002022422,0.0
fit_joint_tsne_vi_seed25_C02Sc01_vt_seed10,4,seed26,delta__gamma_mu,1.4787234895116,1.4787234895116,0.0
fit_joint_tsne_vi_seed25_C02Sc01_vt_seed10,5,seed98,log10_O2_crit,-0.286184924288447,-0.286184924288447,0.0
fit_joint_tsne_vi_seed25_C02Sc01_vt_seed10,5,seed98,log10_alpha_o2,-0.030193144725519,-0.030193144725519,0.0
fit_joint_tsne_vi_seed25_C02Sc01_vt_seed10,5,seed98,gamma_growth,2.18118606535816,2.18118606535816,0.0
fit_joint_tsne_vi_seed25_C02Sc01_vt_seed10,5,seed98,log10_mu_hp,-1.8015332567769,-1.8015332567769,0.0
fit_joint_tsne_vi_seed25_C02Sc01_vt_seed10,5,seed98,log10_p_misseg,-1.35295557556725,-1.35295557556725,0.0
fit_joint_tsne_vi_seed25_C02Sc01_vt_seed10,5,seed98,log10_k_o_mis,-3.25441704197678,-3.25441704197678,0.0
fit_joint_tsne_vi_seed25_C02Sc01_vt_seed10,5,seed98,buffer_smax,0.956917896997365,0.956917896997365,0.0
fit_joint_tsne_vi_seed25_C02Sc01_vt_seed10,5,seed98,log10_buffer_beta,-0.220797648094854,-0.220797648094854,0.0
fit_joint_tsne_vi_seed25_C02Sc01_vt_seed10,5,seed98,log10_buffer_n_exp,0.749676226334253,0.749676226334253,0.0
fit_joint_tsne_vi_seed25_C02Sc01_vt_seed10,5,seed98,n_O,1.7660910707821,1.7660910707821,0.0
fit_joint_tsne_vi_seed25_C02Sc01_vt_seed10,5,seed98,log10_lam_max,-0.246052675587283,-0.246634321064353,0.0005816454770700141
fit_joint_tsne_vi_seed25_C02Sc01_vt_seed10,5,seed98,log10_p_mis_base,-4.18677077431139,-4.18677077431139,0.0
fit_joint_tsne_vi_seed25_C02Sc01_vt_seed10,5,seed98,log10_p_wgd,-4.19319261129693,-4.19319261129693,0.0
fit_joint_tsne_vi_seed25_C02Sc01_vt_seed10,5,seed98,gamma_mu,1.9393617447558,1.9393617447558,0.0
fit_joint_tsne_vi_seed25_C02Sc01_vt_seed10,5,seed98,delta__log10_O2_crit,-0.973089455487817,-0.973089455487817,0.0
fit_joint_tsne_vi_seed25_C02Sc01_vt_seed10,5,seed98,delta__log10_alpha_o2,0.541673701876924,0.541673701876924,0.0
fit_joint_tsne_vi_seed25_C02Sc01_vt_seed10,5,seed98,delta__gamma_growth,1.36237213071632,1.36237213071632,0.0
fit_joint_tsne_vi_seed25_C02Sc01_vt_seed10,5,seed98,delta__log10_mu_hp,0.998993477774163,0.998993477774163,0.0
fit_joint_tsne_vi_seed25_C02Sc01_vt_seed10,5,seed98,delta__log10_p_misseg,1.24729457901751,1.24729457901751,0.0
fit_joint_tsne_vi_seed25_C02Sc01_vt_seed10,5,seed98,delta__log10_k_o_mis,1.38578816818685,1.38578816818685,0.0
fit_joint_tsne_vi_seed25_C02Sc01_vt_seed10,5,seed98,delta__buffer_smax,-0.08616420600527,-0.08616420600527,0.0
fit_joint_tsne_vi_seed25_C02Sc01_vt_seed10,5,seed98,delta__log10_buffer_beta,-0.845006773967325,-0.845006773967325,0.0
fit_joint_tsne_vi_seed25_C02Sc01_vt_seed10,5,seed98,delta__log10_buffer_n_exp,0.500647547331493,0.500647547331493,0.0
fit_joint_tsne_vi_seed25_C02Sc01_vt_seed10,5,seed98,delta__n_O,-0.20496752576579,-0.20496752576579,0.0
fit_joint_tsne_vi_seed25_C02Sc01_vt_seed10,5,seed98,delta__log10_lam_max,-0.75181703914051,-0.75181703914051,0.0
fit_joint_tsne_vi_seed25_C02Sc01_vt_seed10,5,seed98,delta__log10_p_mis_base,1.76335792248655,1.76335792248655,0.0
fit_joint_tsne_vi_seed25_C02Sc01_vt_seed10,5,seed98,delta__log10_p_wgd,-1.42658002022422,-1.42658002022422,0.0
fit_joint_tsne_vi_seed25_C02Sc01_vt_seed10,5,seed98,delta__gamma_mu,1.4787234895116,1.4787234895116,0.0
fit_joint_tsne_vi_seed25_C02Sc01_vt_seed10,6,seed291,log10_O2_crit,-0.286184924288447,-0.286184924288447,0.0
fit_joint_tsne_vi_seed25_C02Sc01_vt_seed10,6,seed291,log10_alpha_o2,-0.030193144725519,-0.030193144725519,0.0
fit_joint_tsne_vi_seed25_C02Sc01_vt_seed10,6,seed291,gamma_growth,2.18118606535816,2.18118606535816,0.0
fit_joint_tsne_vi_seed25_C02Sc01_vt_seed10,6,seed291,log10_mu_hp,-1.8015332567769,-1.8015332567769,0.0
fit_joint_tsne_vi_seed25_C02Sc01_vt_seed10,6,seed291,log10_p_misseg,-1.35295557556725,-1.35295557556725,0.0
fit_joint_tsne_vi_seed25_C02Sc01_vt_seed10,6,seed291,log10_k_o_mis,-3.25441704197678,-3.25441704197678,0.0
fit_joint_tsne_vi_seed25_C02Sc01_vt_seed10,6,seed291,buffer_smax,0.956917896997365,0.956917896997365,0.0
fit_joint_tsne_vi_seed25_C02Sc01_vt_seed10,6,seed291,log10_buffer_beta,-0.220797648094854,-0.220797648094854,0.0
fit_joint_tsne_vi_seed25_C02Sc01_vt_seed10,6,seed291,log10_buffer_n_exp,0.749676226334253,0.749676226334253,0.0
fit_joint_tsne_vi_seed25_C02Sc01_vt_seed10,6,seed291,n_O,1.7660910707821,1.7660910707821,0.0
fit_joint_tsne_vi_seed25_C02Sc01_vt_seed10,6,seed291,log10_lam_max,-0.246052675587283,-0.246052675587283,0.0
fit_joint_tsne_vi_seed25_C02Sc01_vt_seed10,6,seed291,log10_p_mis_base,-4.18677077431139,-4.18677077431139,0.0
fit_joint_tsne_vi_seed25_C02Sc01_vt_seed10,6,seed291,log10_p_wgd,-4.19319261129693,-4.19319261129693,0.0
fit_joint_tsne_vi_seed25_C02Sc01_vt_seed10,6,seed291,gamma_mu,1.9393617447558,1.9393617447558,0.0
fit_joint_tsne_vi_seed25_C02Sc01_vt_seed10,6,seed291,delta__log10_O2_crit,-0.973089455487817,-0.973089455487817,0.0
fit_joint_tsne_vi_seed25_C02Sc01_vt_seed10,6,seed291,delta__log10_alpha_o2,0.541673701876924,0.541673701876924,0.0
fit_joint_tsne_vi_seed25_C02Sc01_vt_seed10,6,seed291,delta__gamma_growth,1.36237213071632,1.36237213071632,0.0
fit_joint_tsne_vi_seed25_C02Sc01_vt_seed10,6,seed291,delta__log10_mu_hp,0.998993477774163,0.998993477774163,0.0
fit_joint_tsne_vi_seed25_C02Sc01_vt_seed10,6,seed291,delta__log10_p_misseg,1.24729457901751,1.24729457901751,0.0
fit_joint_tsne_vi_seed25_C02Sc01_vt_seed10,6,seed291,delta__log10_k_o_mis,1.38578816818685,1.38578816818685,0.0
fit_joint_tsne_vi_seed25_C02Sc01_vt_seed10,6,seed291,delta__buffer_smax,-0.08616420600527,-0.08616420600527,0.0
fit_joint_tsne_vi_seed25_C02Sc01_vt_seed10,6,seed291,delta__log10_buffer_beta,-0.845006773967325,-0.845006773967325,0.0
fit_joint_tsne_vi_seed25_C02Sc01_vt_seed10,6,seed291,delta__log10_buffer_n_exp,0.500647547331493,0.500647547331493,0.0
fit_joint_tsne_vi_seed25_C02Sc01_vt_seed10,6,seed291,delta__n_O,-0.20496752576579,-0.20496752576579,0.0
fit_joint_tsne_vi_seed25_C02Sc01_vt_seed10,6,seed291,delta__log10_lam_max,-0.75181703914051,-0.75181703914051,0.0
fit_joint_tsne_vi_seed25_C02Sc01_vt_seed10,6,seed291,delta__log10_p_mis_base,1.76335792248655,1.76335792248655,0.0
fit_joint_tsne_vi_seed25_C02Sc01_vt_seed10,6,seed291,delta__log10_p_wgd,-1.42658002022422,-1.42658002022422,0.0
fit_joint_tsne_vi_seed25_C02Sc01_vt_seed10,6,seed291,delta__gamma_mu,1.4787234895116,1.4787234895116,0.0
fit_joint_tsne_vi_seed25_C02Sc01_vt_seed10,7,seed458,log10_O2_crit,-0.286184924288447,-0.286184924288447,0.0
fit_joint_tsne_vi_seed25_C02Sc01_vt_seed10,7,seed458,log10_alpha_o2,-0.030193144725519,-0.030193144725519,0.0
fit_joint_tsne_vi_seed25_C02Sc01_vt_seed10,7,seed458,gamma_growth,2.18118606535816,2.18118606535816,0.0
fit_joint_tsne_vi_seed25_C02Sc01_vt_seed10,7,seed458,log10_mu_hp,-1.8015332567769,-1.8015332567769,0.0
fit_joint_tsne_vi_seed25_C02Sc01_vt_seed10,7,seed458,log10_p_misseg,-1.35295557556725,-1.35295557556725,0.0
fit_joint_tsne_vi_seed25_C02Sc01_vt_seed10,7,seed458,log10_k_o_mis,-3.25441704197678,-3.25441704197678,0.0
fit_joint_tsne_vi_seed25_C02Sc01_vt_seed10,7,seed458,buffer_smax,0.956917896997365,0.956917896997365,0.0
fit_joint_tsne_vi_seed25_C02Sc01_vt_seed10,7,seed458,log10_buffer_beta,-0.220797648094854,-0.220797648094854,0.0
fit_joint_tsne_vi_seed25_C02Sc01_vt_seed10,7,seed458,log10_buffer_n_exp,0.749676226334253,0.749676226334253,0.0
fit_joint_tsne_vi_seed25_C02Sc01_vt_seed10,7,seed458,n_O,1.7660910707821,1.7660910707821,0.0
fit_joint_tsne_vi_seed25_C02Sc01_vt_seed10,7,seed458,log10_lam_max,-0.246052675587283,-0.246052675587283,0.0
fit_joint_tsne_vi_seed25_C02Sc01_vt_seed10,7,seed458,log10_p_mis_base,-4.18677077431139,-4.18677077431139,0.0
fit_joint_tsne_vi_seed25_C02Sc01_vt_seed10,7,seed458,log10_p_wgd,-4.19319261129693,-4.19319261129693,0.0
fit_joint_tsne_vi_seed25_C02Sc01_vt_seed10,7,seed458,gamma_mu,1.9393617447558,1.9393617447558,0.0
fit_joint_tsne_vi_seed25_C02Sc01_vt_seed10,7,seed458,delta__log10_O2_crit,-0.973089455487817,-0.973089455487817,0.0
fit_joint_tsne_vi_seed25_C02Sc01_vt_seed10,7,seed458,delta__log10_alpha_o2,0.541673701876924,0.541673701876924,0.0
fit_joint_tsne_vi_seed25_C02Sc01_vt_seed10,7,seed458,delta__gamma_growth,1.36237213071632,1.36237213071632,0.0
fit_joint_tsne_vi_seed25_C02Sc01_vt_seed10,7,seed458,delta__log10_mu_hp,0.998993477774163,0.998993477774163,0.0
fit_joint_tsne_vi_seed25_C02Sc01_vt_seed10,7,seed458,delta__log10_p_misseg,1.24729457901751,1.24729457901751,0.0
fit_joint_tsne_vi_seed25_C02Sc01_vt_seed10,7,seed458,delta__log10_k_o_mis,1.38578816818685,1.38578816818685,0.0
fit_joint_tsne_vi_seed25_C02Sc01_vt_seed10,7,seed458,delta__buffer_smax,-0.08616420600527,-0.08616420600527,0.0
fit_joint_tsne_vi_seed25_C02Sc01_vt_seed10,7,seed458,delta__log10_buffer_beta,-0.845006773967325,-0.845006773967325,0.0
fit_joint_tsne_vi_seed25_C02Sc01_vt_seed10,7,seed458,delta__log10_buffer_n_exp,0.500647547331493,0.500647547331493,0.0
fit_joint_tsne_vi_seed25_C02Sc01_vt_seed10,7,seed458,delta__n_O,-0.20496752576579,-0.20496752576579,0.0
fit_joint_tsne_vi_seed25_C02Sc01_vt_seed10,7,seed458,delta__log10_lam_max,-0.75181703914051,-0.75181703914051,0.0
fit_joint_tsne_vi_seed25_C02Sc01_vt_seed10,7,seed458,delta__log10_p_mis_base,1.76335792248655,1.76335792248655,0.0
fit_joint_tsne_vi_seed25_C02Sc01_vt_seed10,7,seed458,delta__log10_p_wgd,-1.42658002022422,-1.42658002022422,0.0
fit_joint_tsne_vi_seed25_C02Sc01_vt_seed10,7,seed458,delta__gamma_mu,1.4787234895116,1.4787234895116,0.0
fit_joint_tsne_vi_seed25_C02Sc01_vt_seed10,8,seed285,log10_O2_crit,-0.286184924288447,-0.286184924288447,0.0
fit_joint_tsne_vi_seed25_C02Sc01_vt_seed10,8,seed285,log10_alpha_o2,-0.030193144725519,-0.030193144725519,0.0
fit_joint_tsne_vi_seed25_C02Sc01_vt_seed10,8,seed285,gamma_growth,2.18118606535816,2.18118606535816,0.0
fit_joint_tsne_vi_seed25_C02Sc01_vt_seed10,8,seed285,log10_mu_hp,-1.8015332567769,-1.8015332567769,0.0
fit_joint_tsne_vi_seed25_C02Sc01_vt_seed10,8,seed285,log10_p_misseg,-1.35295557556725,-1.35295557556725,0.0
fit_joint_tsne_vi_seed25_C02Sc01_vt_seed10,8,seed285,log10_k_o_mis,-3.25441704197678,-3.25441704197678,0.0
fit_joint_tsne_vi_seed25_C02Sc01_vt_seed10,8,seed285,buffer_smax,0.956917896997365,0.956917896997365,0.0
fit_joint_tsne_vi_seed25_C02Sc01_vt_seed10,8,seed285,log10_buffer_beta,-0.220797648094854,-0.220797648094854,0.0
fit_joint_tsne_vi_seed25_C02Sc01_vt_seed10,8,seed285,log10_buffer_n_exp,0.749676226334253,0.749676226334253,0.0
fit_joint_tsne_vi_seed25_C02Sc01_vt_seed10,8,seed285,n_O,1.7660910707821,1.7660910707821,0.0
fit_joint_tsne_vi_seed25_C02Sc01_vt_seed10,8,seed285,log10_lam_max,-0.246052675587283,-0.246052675587283,0.0
fit_joint_tsne_vi_seed25_C02Sc01_vt_seed10,8,seed285,log10_p_mis_base,-4.18677077431139,-4.18677077431139,0.0
fit_joint_tsne_vi_seed25_C02Sc01_vt_seed10,8,seed285,log10_p_wgd,-4.19319261129693,-4.19319261129693,0.0
fit_joint_tsne_vi_seed25_C02Sc01_vt_seed10,8,seed285,gamma_mu,1.9393617447558,1.9393617447558,0.0
fit_joint_tsne_vi_seed25_C02Sc01_vt_seed10,8,seed285,delta__log10_O2_crit,-0.973089455487817,-0.973089455487817,0.0
fit_joint_tsne_vi_seed25_C02Sc01_vt_seed10,8,seed285,delta__log10_alpha_o2,0.541673701876924,0.541673701876924,0.0
fit_joint_tsne_vi_seed25_C02Sc01_vt_seed10,8,seed285,delta__gamma_growth,1.36237213071632,1.36237213071632,0.0
fit_joint_tsne_vi_seed25_C02Sc01_vt_seed10,8,seed285,delta__log10_mu_hp,0.998993477774163,0.998993477774163,0.0
fit_joint_tsne_vi_seed25_C02Sc01_vt_seed10,8,seed285,delta__log10_p_misseg,1.24729457901751,1.24729457901751,0.0
fit_joint_tsne_vi_seed25_C02Sc01_vt_seed10,8,seed285,delta__log10_k_o_mis,1.38578816818685,1.38578816818685,0.0
fit_joint_tsne_vi_seed25_C02Sc01_vt_seed10,8,seed285,delta__buffer_smax,-0.08616420600527,-0.08616420600527,0.0
fit_joint_tsne_vi_seed25_C02Sc01_vt_seed10,8,seed285,delta__log10_buffer_beta,-0.845006773967325,-0.845006773967325,0.0
fit_joint_tsne_vi_seed25_C02Sc01_vt_seed10,8,seed285,delta__log10_buffer_n_exp,0.500647547331493,0.500647547331493,0.0
fit_joint_tsne_vi_seed25_C02Sc01_vt_seed10,8,seed285,delta__n_O,-0.20496752576579,-0.20496752576579,0.0
fit_joint_tsne_vi_seed25_C02Sc01_vt_seed10,8,seed285,delta__log10_lam_max,-0.75181703914051,-0.75181703914051,0.0
fit_joint_tsne_vi_seed25_C02Sc01_vt_seed10,8,seed285,delta__log10_p_mis_base,1.76335792248655,1.76335792248655,0.0
fit_joint_tsne_vi_seed25_C02Sc01_vt_seed10,8,seed285,delta__log10_p_wgd,-1.42658002022422,-1.42658002022422,0.0
fit_joint_tsne_vi_seed25_C02Sc01_vt_seed10,8,seed285,delta__gamma_mu,1.4787234895116,1.4787234895116,0.0
fit_joint_tsne_vi_seed25_C02Sc01_vt_seed10,9,seed299,log10_O2_crit,-0.286184924288447,-0.286184924288447,0.0
fit_joint_tsne_vi_seed25_C02Sc01_vt_seed10,9,seed299,log10_alpha_o2,-0.030193144725519,-0.030193144725519,0.0
fit_joint_tsne_vi_seed25_C02Sc01_vt_seed10,9,seed299,gamma_growth,2.18118606535816,2.18118606535816,0.0
fit_joint_tsne_vi_seed25_C02Sc01_vt_seed10,9,seed299,log10_mu_hp,-1.8015332567769,-1.8015332567769,0.0
fit_joint_tsne_vi_seed25_C02Sc01_vt_seed10,9,seed299,log10_p_misseg,-1.35295557556725,-1.35295557556725,0.0
fit_joint_tsne_vi_seed25_C02Sc01_vt_seed10,9,seed299,log10_k_o_mis,-3.25441704197678,-3.25441704197678,0.0
fit_joint_tsne_vi_seed25_C02Sc01_vt_seed10,9,seed299,buffer_smax,0.956917896997365,0.956917896997365,0.0
fit_joint_tsne_vi_seed25_C02Sc01_vt_seed10,9,seed299,log10_buffer_beta,-0.220797648094854,-0.220797648094854,0.0
fit_joint_tsne_vi_seed25_C02Sc01_vt_seed10,9,seed299,log10_buffer_n_exp,0.749676226334253,0.749676226334253,0.0
fit_joint_tsne_vi_seed25_C02Sc01_vt_seed10,9,seed299,n_O,1.7660910707821,1.7660910707821,0.0
fit_joint_tsne_vi_seed25_C02Sc01_vt_seed10,9,seed299,log10_lam_max,-0.246052675587283,-0.246052675587283,0.0
fit_joint_tsne_vi_seed25_C02Sc01_vt_seed10,9,seed299,log10_p_mis_base,-4.18677077431139,-4.18677077431139,0.0
fit_joint_tsne_vi_seed25_C02Sc01_vt_seed10,9,seed299,log10_p_wgd,-4.19319261129693,-4.19319261129693,0.0
fit_joint_tsne_vi_seed25_C02Sc01_vt_seed10,9,seed299,gamma_mu,1.9393617447558,1.9393617447558,0.0
fit_joint_tsne_vi_seed25_C02Sc01_vt_seed10,9,seed299,delta__log10_O2_crit,-0.973089455487817,-0.973089455487817,0.0
fit_joint_tsne_vi_seed25_C02Sc01_vt_seed10,9,seed299,delta__log10_alpha_o2,0.541673701876924,0.541673701876924,0.0
fit_joint_tsne_vi_seed25_C02Sc01_vt_seed10,9,seed299,delta__gamma_growth,1.36237213071632,1.36237213071632,0.0
fit_joint_tsne_vi_seed25_C02Sc01_vt_seed10,9,seed299,delta__log10_mu_hp,0.998993477774163,0.998993477774163,0.0
fit_joint_tsne_vi_seed25_C02Sc01_vt_seed10,9,seed299,delta__log10_p_misseg,1.24729457901751,1.24729457901751,0.0
fit_joint_tsne_vi_seed25_C02Sc01_vt_seed10,9,seed299,delta__log10_k_o_mis,1.38578816818685,1.38578816818685,0.0
fit_joint_tsne_vi_seed25_C02Sc01_vt_seed10,9,seed299,delta__buffer_smax,-0.08616420600527,-0.08616420600527,0.0
fit_joint_tsne_vi_seed25_C02Sc01_vt_seed10,9,seed299,delta__log10_buffer_beta,-0.845006773967325,-0.845006773967325,0.0
fit_joint_tsne_vi_seed25_C02Sc01_vt_seed10,9,seed299,delta__log10_buffer_n_exp,0.500647547331493,0.500647547331493,0.0
fit_joint_tsne_vi_seed25_C02Sc01_vt_seed10,9,seed299,delta__n_O,-0.20496752576579,-0.20496752576579,0.0
fit_joint_tsne_vi_seed25_C02Sc01_vt_seed10,9,seed299,delta__log10_lam_max,-0.75181703914051,-0.75181703914051,0.0
fit_joint_tsne_vi_seed25_C02Sc01_vt_seed10,9,seed299,delta__log10_p_mis_base,1.76335792248655,1.76335792248655,0.0
fit_joint_tsne_vi_seed25_C02Sc01_vt_seed10,9,seed299,delta__log10_p_wgd,-1.42658002022422,-1.42658002022422,0.0
fit_joint_tsne_vi_seed25_C02Sc01_vt_seed10,9,seed299,delta__gamma_mu,1.4787234895116,1.4787234895116,0.0
fit_joint_tsne_vi_seed25_C02Sc01_vt_seed10,10,seed375,log10_O2_crit,-0.286184924288447,-0.286184924288447,0.0
fit_joint_tsne_vi_seed25_C02Sc01_vt_seed10,10,seed375,log10_alpha_o2,-0.030193144725519,-0.030193144725519,0.0
fit_joint_tsne_vi_seed25_C02Sc01_vt_seed10,10,seed375,gamma_growth,2.18118606535816,2.18118606535816,0.0
fit_joint_tsne_vi_seed25_C02Sc01_vt_seed10,10,seed375,log10_mu_hp,-1.8015332567769,-1.8015332567769,0.0
fit_joint_tsne_vi_seed25_C02Sc01_vt_seed10,10,seed375,log10_p_misseg,-1.35295557556725,-1.35295557556725,0.0
fit_joint_tsne_vi_seed25_C02Sc01_vt_seed10,10,seed375,log10_k_o_mis,-3.25441704197678,-3.25441704197678,0.0
fit_joint_tsne_vi_seed25_C02Sc01_vt_seed10,10,seed375,buffer_smax,0.956917896997365,0.956917896997365,0.0
fit_joint_tsne_vi_seed25_C02Sc01_vt_seed10,10,seed375,log10_buffer_beta,-0.220797648094854,-0.220797648094854,0.0
fit_joint_tsne_vi_seed25_C02Sc01_vt_seed10,10,seed375,log10_buffer_n_exp,0.749676226334253,0.749676226334253,0.0
fit_joint_tsne_vi_seed25_C02Sc01_vt_seed10,10,seed375,n_O,1.7660910707821,1.7660910707821,0.0
fit_joint_tsne_vi_seed25_C02Sc01_vt_seed10,10,seed375,log10_lam_max,-0.246052675587283,-0.246052675587283,0.0
fit_joint_tsne_vi_seed25_C02Sc01_vt_seed10,10,seed375,log10_p_mis_base,-4.18677077431139,-4.18677077431139,0.0
fit_joint_tsne_vi_seed25_C02Sc01_vt_seed10,10,seed375,log10_p_wgd,-4.19319261129693,-4.19319261129693,0.0
fit_joint_tsne_vi_seed25_C02Sc01_vt_seed10,10,seed375,gamma_mu,1.9393617447558,1.9393617447558,0.0
fit_joint_tsne_vi_seed25_C02Sc01_vt_seed10,10,seed375,delta__log10_O2_crit,-0.973089455487817,-0.973089455487817,0.0
fit_joint_tsne_vi_seed25_C02Sc01_vt_seed10,10,seed375,delta__log10_alpha_o2,0.541673701876924,0.541673701876924,0.0
fit_joint_tsne_vi_seed25_C02Sc01_vt_seed10,10,seed375,delta__gamma_growth,1.36237213071632,1.36237213071632,0.0
fit_joint_tsne_vi_seed25_C02Sc01_vt_seed10,10,seed375,delta__log10_mu_hp,0.998993477774163,0.998993477774163,0.0
fit_joint_tsne_vi_seed25_C02Sc01_vt_seed10,10,seed375,delta__log10_p_misseg,1.24729457901751,1.24729457901751,0.0
fit_joint_tsne_vi_seed25_C02Sc01_vt_seed10,10,seed375,delta__log10_k_o_mis,1.38578816818685,1.38578816818685,0.0
fit_joint_tsne_vi_seed25_C02Sc01_vt_seed10,10,seed375,delta__buffer_smax,-0.08616420600527,-0.08616420600527,0.0
fit_joint_tsne_vi_seed25_C02Sc01_vt_seed10,10,seed375,delta__log10_buffer_beta,-0.845006773967325,-0.845006773967325,0.0
fit_joint_tsne_vi_seed25_C02Sc01_vt_seed10,10,seed375,delta__log10_buffer_n_exp,0.500647547331493,0.500647547331493,0.0
fit_joint_tsne_vi_seed25_C02Sc01_vt_seed10,10,seed375,delta__n_O,-0.20496752576579,-0.20496752576579,0.0
fit_joint_tsne_vi_seed25_C02Sc01_vt_seed10,10,seed375,delta__log10_lam_max,-0.75181703914051,-0.75181703914051,0.0
fit_joint_tsne_vi_seed25_C02Sc01_vt_seed10,10,seed375,delta__log10_p_mis_base,1.76335792248655,1.76335792248655,0.0
fit_joint_tsne_vi_seed25_C02Sc01_vt_seed10,10,seed375,delta__log10_p_wgd,-1.42658002022422,-1.42658002022422,0.0
fit_joint_tsne_vi_seed25_C02Sc01_vt_seed10,10,seed375,delta__gamma_mu,1.4787234895116,1.4787234895116,0.0
fit_joint_tsne_vi_seed290_C01Sc02_vt_seed10,1,seed155,log10_O2_crit,-0.389652262485913,-0.389652262485913,0.0
fit_joint_tsne_vi_seed290_C01Sc02_vt_seed10,1,seed155,log10_alpha_o2,-0.0955632661636102,-0.0955632661636102,0.0
fit_joint_tsne_vi_seed290_C01Sc02_vt_seed10,1,seed155,gamma_growth,2.03115739958699,2.03115739958699,0.0
fit_joint_tsne_vi_seed290_C01Sc02_vt_seed10,1,seed155,log10_mu_hp,-1.56401958461052,-1.56401958461052,0.0
fit_joint_tsne_vi_seed290_C01Sc02_vt_seed10,1,seed155,log10_p_misseg,-1.13881643036999,-1.13881643036999,0.0
fit_joint_tsne_vi_seed290_C01Sc02_vt_seed10,1,seed155,log10_k_o_mis,-3.4736555630351,-3.4736555630351,0.0
fit_joint_tsne_vi_seed290_C01Sc02_vt_seed10,1,seed155,buffer_smax,0.982467344739596,0.982467344739596,0.0
fit_joint_tsne_vi_seed290_C01Sc02_vt_seed10,1,seed155,log10_buffer_beta,-0.780576580511503,-0.780576580511503,0.0
fit_joint_tsne_vi_seed290_C01Sc02_vt_seed10,1,seed155,log10_buffer_n_exp,0.225700115486808,0.225700115486808,0.0
fit_joint_tsne_vi_seed290_C01Sc02_vt_seed10,1,seed155,n_O,2.22769205751855,2.22769205751855,0.0
fit_joint_tsne_vi_seed290_C01Sc02_vt_seed10,1,seed155,log10_lam_max,-0.371922045046392,-0.371922045046392,0.0
fit_joint_tsne_vi_seed290_C01Sc02_vt_seed10,1,seed155,log10_p_mis_base,-4.87597753672626,-4.87597753672626,0.0
fit_joint_tsne_vi_seed290_C01Sc02_vt_seed10,1,seed155,log10_p_wgd,-3.73050868137285,-3.73050868137285,0.0
fit_joint_tsne_vi_seed290_C01Sc02_vt_seed10,1,seed155,gamma_mu,2.0306417855098,2.0306417855098,0.0
fit_joint_tsne_vi_seed290_C01Sc02_vt_seed10,1,seed155,delta__log10_O2_crit,-1.18002413188275,-1.18002413188275,0.0
fit_joint_tsne_vi_seed290_C01Sc02_vt_seed10,1,seed155,delta__log10_alpha_o2,0.410933459000742,0.410933459000742,0.0
fit_joint_tsne_vi_seed290_C01Sc02_vt_seed10,1,seed155,delta__gamma_growth,1.06231479917397,1.06231479917397,0.0
fit_joint_tsne_vi_seed290_C01Sc02_vt_seed10,1,seed155,delta__log10_mu_hp,1.47402082210692,1.47402082210692,0.0
fit_joint_tsne_vi_seed290_C01Sc02_vt_seed10,1,seed155,delta__log10_p_misseg,1.67557286941202,1.67557286941202,0.0
fit_joint_tsne_vi_seed290_C01Sc02_vt_seed10,1,seed155,delta__log10_k_o_mis,0.9473111260702,0.9473111260702,0.0
fit_joint_tsne_vi_seed290_C01Sc02_vt_seed10,1,seed155,delta__buffer_smax,-0.035065310520809,-0.035065310520809,0.0
fit_joint_tsne_vi_seed290_C01Sc02_vt_seed10,1,seed155,delta__log10_buffer_beta,-1.96456463880062,-1.96456463880062,0.0
fit_joint_tsne_vi_seed290_C01Sc02_vt_seed10,1,seed155,delta__log10_buffer_n_exp,-0.547304674363397,-0.547304674363397,0.0
fit_joint_tsne_vi_seed290_C01Sc02_vt_seed10,1,seed155,delta__n_O,0.71823444770712,0.71823444770712,0.0
fit_joint_tsne_vi_seed290_C01Sc02_vt_seed10,1,seed155,delta__log10_lam_max,-1.00355577805873,-1.00355577805873,0.0
fit_joint_tsne_vi_seed290_C01Sc02_vt_seed10,1,seed155,delta__log10_p_mis_base,0.384944397656811,0.27251710481582,0.11242729284099101
fit_joint_tsne_vi_seed290_C01Sc02_vt_seed10,1,seed155,delta__log10_p_wgd,-0.501212160376055,0.0074601201140209,0.5086722804900758
fit_joint_tsne_vi_seed290_C01Sc02_vt_seed10,1,seed155,delta__gamma_mu,1.66128357101961,1.66128357101961,0.0
fit_joint_tsne_vi_seed290_C01Sc02_vt_seed10,2,seed28,log10_O2_crit,-0.389652262485913,-0.389652262485913,0.0
fit_joint_tsne_vi_seed290_C01Sc02_vt_seed10,2,seed28,log10_alpha_o2,-0.0955632661636102,-0.0955632661636102,0.0
fit_joint_tsne_vi_seed290_C01Sc02_vt_seed10,2,seed28,gamma_growth,2.03115739958699,2.03115739958699,0.0
fit_joint_tsne_vi_seed290_C01Sc02_vt_seed10,2,seed28,log10_mu_hp,-1.56401958461052,-1.56401958461052,0.0
fit_joint_tsne_vi_seed290_C01Sc02_vt_seed10,2,seed28,log10_p_misseg,-1.13881643036999,-1.13881643036999,0.0
fit_joint_tsne_vi_seed290_C01Sc02_vt_seed10,2,seed28,log10_k_o_mis,-3.4736555630351,-3.4736555630351,0.0
fit_joint_tsne_vi_seed290_C01Sc02_vt_seed10,2,seed28,buffer_smax,0.982467344739596,0.982467344739596,0.0
fit_joint_tsne_vi_seed290_C01Sc02_vt_seed10,2,seed28,log10_buffer_beta,-0.780576580511503,-0.780576580511503,0.0
fit_joint_tsne_vi_seed290_C01Sc02_vt_seed10,2,seed28,log10_buffer_n_exp,0.225700115486808,0.225700115486808,0.0
fit_joint_tsne_vi_seed290_C01Sc02_vt_seed10,2,seed28,n_O,2.22769205751855,2.22769205751855,0.0
fit_joint_tsne_vi_seed290_C01Sc02_vt_seed10,2,seed28,log10_lam_max,-0.371922045046392,-0.371922045046392,0.0
fit_joint_tsne_vi_seed290_C01Sc02_vt_seed10,2,seed28,log10_p_mis_base,-4.87597753672626,-4.87597753672626,0.0
fit_joint_tsne_vi_seed290_C01Sc02_vt_seed10,2,seed28,log10_p_wgd,-3.73050868137285,-3.73050868137285,0.0
fit_joint_tsne_vi_seed290_C01Sc02_vt_seed10,2,seed28,gamma_mu,2.0306417855098,2.0306417855098,0.0
fit_joint_tsne_vi_seed290_C01Sc02_vt_seed10,2,seed28,delta__log10_O2_crit,-1.18002413188275,-1.18002413188275,0.0
fit_joint_tsne_vi_seed290_C01Sc02_vt_seed10,2,seed28,delta__log10_alpha_o2,0.410933459000742,0.410933459000742,0.0
fit_joint_tsne_vi_seed290_C01Sc02_vt_seed10,2,seed28,delta__gamma_growth,1.06231479917397,1.06231479917397,0.0
fit_joint_tsne_vi_seed290_C01Sc02_vt_seed10,2,seed28,delta__log10_mu_hp,1.47402082210692,1.47402082210692,0.0
fit_joint_tsne_vi_seed290_C01Sc02_vt_seed10,2,seed28,delta__log10_p_misseg,1.67557286941202,1.67557286941202,0.0
fit_joint_tsne_vi_seed290_C01Sc02_vt_seed10,2,seed28,delta__log10_k_o_mis,0.9473111260702,0.9473111260702,0.0
fit_joint_tsne_vi_seed290_C01Sc02_vt_seed10,2,seed28,delta__buffer_smax,-0.035065310520809,-0.035065310520809,0.0
fit_joint_tsne_vi_seed290_C01Sc02_vt_seed10,2,seed28,delta__log10_buffer_beta,-1.96456463880062,-1.96456463880062,0.0
fit_joint_tsne_vi_seed290_C01Sc02_vt_seed10,2,seed28,delta__log10_buffer_n_exp,-0.547304674363397,-0.547304674363397,0.0
fit_joint_tsne_vi_seed290_C01Sc02_vt_seed10,2,seed28,delta__n_O,0.71823444770712,0.71823444770712,0.0
fit_joint_tsne_vi_seed290_C01Sc02_vt_seed10,2,seed28,delta__log10_lam_max,-1.00355577805873,-1.00355577805873,0.0
fit_joint_tsne_vi_seed290_C01Sc02_vt_seed10,2,seed28,delta__log10_p_mis_base,0.384944397656811,-0.0011301085573616,0.3860745062141726
fit_joint_tsne_vi_seed290_C01Sc02_vt_seed10,2,seed28,delta__log10_p_wgd,-0.501212160376055,-0.46490618783735,0.03630597253870499
fit_joint_tsne_vi_seed290_C01Sc02_vt_seed10,2,seed28,delta__gamma_mu,1.66128357101961,1.66128357101961,0.0
fit_joint_tsne_vi_seed290_C01Sc02_vt_seed10,3,seed211,log10_O2_crit,-0.389652262485913,-0.389652262485913,0.0
fit_joint_tsne_vi_seed290_C01Sc02_vt_seed10,3,seed211,log10_alpha_o2,-0.0955632661636102,-0.0955632661636102,0.0
fit_joint_tsne_vi_seed290_C01Sc02_vt_seed10,3,seed211,gamma_growth,2.03115739958699,2.03115739958699,0.0
fit_joint_tsne_vi_seed290_C01Sc02_vt_seed10,3,seed211,log10_mu_hp,-1.56401958461052,-1.56401958461052,0.0
fit_joint_tsne_vi_seed290_C01Sc02_vt_seed10,3,seed211,log10_p_misseg,-1.13881643036999,-1.13881643036999,0.0
fit_joint_tsne_vi_seed290_C01Sc02_vt_seed10,3,seed211,log10_k_o_mis,-3.4736555630351,-3.4736555630351,0.0
fit_joint_tsne_vi_seed290_C01Sc02_vt_seed10,3,seed211,buffer_smax,0.982467344739596,0.982467344739596,0.0
fit_joint_tsne_vi_seed290_C01Sc02_vt_seed10,3,seed211,log10_buffer_beta,-0.780576580511503,-0.780576580511503,0.0
fit_joint_tsne_vi_seed290_C01Sc02_vt_seed10,3,seed211,log10_buffer_n_exp,0.225700115486808,0.225700115486808,0.0
fit_joint_tsne_vi_seed290_C01Sc02_vt_seed10,3,seed211,n_O,2.22769205751855,2.22769205751855,0.0
fit_joint_tsne_vi_seed290_C01Sc02_vt_seed10,3,seed211,log10_lam_max,-0.371922045046392,-0.371922045046392,0.0
fit_joint_tsne_vi_seed290_C01Sc02_vt_seed10,3,seed211,log10_p_mis_base,-4.87597753672626,-4.87597753672626,0.0
fit_joint_tsne_vi_seed290_C01Sc02_vt_seed10,3,seed211,log10_p_wgd,-3.73050868137285,-3.73050868137285,0.0
fit_joint_tsne_vi_seed290_C01Sc02_vt_seed10,3,seed211,gamma_mu,2.0306417855098,2.0306417855098,0.0
fit_joint_tsne_vi_seed290_C01Sc02_vt_seed10,3,seed211,delta__log10_O2_crit,-1.18002413188275,-1.18002413188275,0.0
fit_joint_tsne_vi_seed290_C01Sc02_vt_seed10,3,seed211,delta__log10_alpha_o2,0.410933459000742,0.410933459000742,0.0
fit_joint_tsne_vi_seed290_C01Sc02_vt_seed10,3,seed211,delta__gamma_growth,1.06231479917397,1.06231479917397,0.0
fit_joint_tsne_vi_seed290_C01Sc02_vt_seed10,3,seed211,delta__log10_mu_hp,1.47402082210692,1.47402082210692,0.0
fit_joint_tsne_vi_seed290_C01Sc02_vt_seed10,3,seed211,delta__log10_p_misseg,1.67557286941202,1.67557286941202,0.0
fit_joint_tsne_vi_seed290_C01Sc02_vt_seed10,3,seed211,delta__log10_k_o_mis,0.9473111260702,0.9473111260702,0.0
fit_joint_tsne_vi_seed290_C01Sc02_vt_seed10,3,seed211,delta__buffer_smax,-0.035065310520809,-0.035065310520809,0.0
fit_joint_tsne_vi_seed290_C01Sc02_vt_seed10,3,seed211,delta__log10_buffer_beta,-1.96456463880062,-1.96456463880062,0.0
fit_joint_tsne_vi_seed290_C01Sc02_vt_seed10,3,seed211,delta__log10_buffer_n_exp,-0.547304674363397,-0.547304674363397,0.0
fit_joint_tsne_vi_seed290_C01Sc02_vt_seed10,3,seed211,delta__n_O,0.71823444770712,0.71823444770712,0.0
fit_joint_tsne_vi_seed290_C01Sc02_vt_seed10,3,seed211,delta__log10_lam_max,-1.00355577805873,-1.00355577805873,0.0
fit_joint_tsne_vi_seed290_C01Sc02_vt_seed10,3,seed211,delta__log10_p_mis_base,0.384944397656811,-0.0218887398970074,0.4068331375538184
fit_joint_tsne_vi_seed290_C01Sc02_vt_seed10,3,seed211,delta__log10_p_wgd,-0.501212160376055,-0.452662727620159,0.04854943275589596
fit_joint_tsne_vi_seed290_C01Sc02_vt_seed10,3,seed211,delta__gamma_mu,1.66128357101961,1.66128357101961,0.0
fit_joint_tsne_vi_seed290_C01Sc02_vt_seed10,4,seed176,log10_O2_crit,-0.389652262485913,-0.389652262485913,0.0
fit_joint_tsne_vi_seed290_C01Sc02_vt_seed10,4,seed176,log10_alpha_o2,-0.0955632661636102,-0.0955632661636102,0.0
fit_joint_tsne_vi_seed290_C01Sc02_vt_seed10,4,seed176,gamma_growth,2.03115739958699,2.03115739958699,0.0
fit_joint_tsne_vi_seed290_C01Sc02_vt_seed10,4,seed176,log10_mu_hp,-1.56401958461052,-1.56401958461052,0.0
fit_joint_tsne_vi_seed290_C01Sc02_vt_seed10,4,seed176,log10_p_misseg,-1.13881643036999,-1.13881643036999,0.0
fit_joint_tsne_vi_seed290_C01Sc02_vt_seed10,4,seed176,log10_k_o_mis,-3.4736555630351,-3.4736555630351,0.0
fit_joint_tsne_vi_seed290_C01Sc02_vt_seed10,4,seed176,buffer_smax,0.982467344739596,0.982467344739596,0.0
fit_joint_tsne_vi_seed290_C01Sc02_vt_seed10,4,seed176,log10_buffer_beta,-0.780576580511503,-0.780576580511503,0.0
fit_joint_tsne_vi_seed290_C01Sc02_vt_seed10,4,seed176,log10_buffer_n_exp,0.225700115486808,0.225700115486808,0.0
fit_joint_tsne_vi_seed290_C01Sc02_vt_seed10,4,seed176,n_O,2.22769205751855,2.22769205751855,0.0
fit_joint_tsne_vi_seed290_C01Sc02_vt_seed10,4,seed176,log10_lam_max,-0.371922045046392,-0.371922045046392,0.0
fit_joint_tsne_vi_seed290_C01Sc02_vt_seed10,4,seed176,log10_p_mis_base,-4.87597753672626,-4.87597753672626,0.0
fit_joint_tsne_vi_seed290_C01Sc02_vt_seed10,4,seed176,log10_p_wgd,-3.73050868137285,-3.73050868137285,0.0
fit_joint_tsne_vi_seed290_C01Sc02_vt_seed10,4,seed176,gamma_mu,2.0306417855098,2.0306417855098,0.0
fit_joint_tsne_vi_seed290_C01Sc02_vt_seed10,4,seed176,delta__log10_O2_crit,-1.18002413188275,-1.18002413188275,0.0
fit_joint_tsne_vi_seed290_C01Sc02_vt_seed10,4,seed176,delta__log10_alpha_o2,0.410933459000742,0.410933459000742,0.0
fit_joint_tsne_vi_seed290_C01Sc02_vt_seed10,4,seed176,delta__gamma_growth,1.06231479917397,1.06231479917397,0.0
fit_joint_tsne_vi_seed290_C01Sc02_vt_seed10,4,seed176,delta__log10_mu_hp,1.47402082210692,1.47402082210692,0.0
fit_joint_tsne_vi_seed290_C01Sc02_vt_seed10,4,seed176,delta__log10_p_misseg,1.67557286941202,1.67557286941202,0.0
fit_joint_tsne_vi_seed290_C01Sc02_vt_seed10,4,seed176,delta__log10_k_o_mis,0.9473111260702,0.9473111260702,0.0
fit_joint_tsne_vi_seed290_C01Sc02_vt_seed10,4,seed176,delta__buffer_smax,-0.035065310520809,-0.035065310520809,0.0
fit_joint_tsne_vi_seed290_C01Sc02_vt_seed10,4,seed176,delta__log10_buffer_beta,-1.96456463880062,-1.96456463880062,0.0
fit_joint_tsne_vi_seed290_C01Sc02_vt_seed10,4,seed176,delta__log10_buffer_n_exp,-0.547304674363397,-0.547304674363397,0.0
fit_joint_tsne_vi_seed290_C01Sc02_vt_seed10,4,seed176,delta__n_O,0.71823444770712,0.71823444770712,0.0
fit_joint_tsne_vi_seed290_C01Sc02_vt_seed10,4,seed176,delta__log10_lam_max,-1.00355577805873,-1.00355577805873,0.0
fit_joint_tsne_vi_seed290_C01Sc02_vt_seed10,4,seed176,delta__log10_p_mis_base,0.384944397656811,0.315287383822346,0.06965701383446499
fit_joint_tsne_vi_seed290_C01Sc02_vt_seed10,4,seed176,delta__log10_p_wgd,-0.501212160376055,-0.0607574571852897,0.4404547031907653
fit_joint_tsne_vi_seed290_C01Sc02_vt_seed10,4,seed176,delta__gamma_mu,1.66128357101961,1.66128357101961,0.0
fit_joint_tsne_vi_seed290_C01Sc02_vt_seed10,5,seed307,log10_O2_crit,-0.389652262485913,-0.389652262485913,0.0
fit_joint_tsne_vi_seed290_C01Sc02_vt_seed10,5,seed307,log10_alpha_o2,-0.0955632661636102,-0.0955632661636102,0.0
fit_joint_tsne_vi_seed290_C01Sc02_vt_seed10,5,seed307,gamma_growth,2.03115739958699,2.03115739958699,0.0
fit_joint_tsne_vi_seed290_C01Sc02_vt_seed10,5,seed307,log10_mu_hp,-1.56401958461052,-1.56401958461052,0.0
fit_joint_tsne_vi_seed290_C01Sc02_vt_seed10,5,seed307,log10_p_misseg,-1.13881643036999,-1.13881643036999,0.0
fit_joint_tsne_vi_seed290_C01Sc02_vt_seed10,5,seed307,log10_k_o_mis,-3.4736555630351,-3.4736555630351,0.0
fit_joint_tsne_vi_seed290_C01Sc02_vt_seed10,5,seed307,buffer_smax,0.982467344739596,0.982467344739596,0.0
fit_joint_tsne_vi_seed290_C01Sc02_vt_seed10,5,seed307,log10_buffer_beta,-0.780576580511503,-0.780576580511503,0.0
fit_joint_tsne_vi_seed290_C01Sc02_vt_seed10,5,seed307,log10_buffer_n_exp,0.225700115486808,0.234476960898852,0.008776845412044015
fit_joint_tsne_vi_seed290_C01Sc02_vt_seed10,5,seed307,n_O,2.22769205751855,2.22769205751855,0.0
fit_joint_tsne_vi_seed290_C01Sc02_vt_seed10,5,seed307,log10_lam_max,-0.371922045046392,-0.371922045046392,0.0
fit_joint_tsne_vi_seed290_C01Sc02_vt_seed10,5,seed307,log10_p_mis_base,-4.87597753672626,-4.87597753672626,0.0
fit_joint_tsne_vi_seed290_C01Sc02_vt_seed10,5,seed307,log10_p_wgd,-3.73050868137285,-3.59070923277562,0.13979944859723004
fit_joint_tsne_vi_seed290_C01Sc02_vt_seed10,5,seed307,gamma_mu,2.0306417855098,2.0306417855098,0.0
fit_joint_tsne_vi_seed290_C01Sc02_vt_seed10,5,seed307,delta__log10_O2_crit,-1.18002413188275,-1.18002413188275,0.0
fit_joint_tsne_vi_seed290_C01Sc02_vt_seed10,5,seed307,delta__log10_alpha_o2,0.410933459000742,0.410933459000742,0.0
fit_joint_tsne_vi_seed290_C01Sc02_vt_seed10,5,seed307,delta__gamma_growth,1.06231479917397,1.06231479917397,0.0
fit_joint_tsne_vi_seed290_C01Sc02_vt_seed10,5,seed307,delta__log10_mu_hp,1.47402082210692,1.47402082210692,0.0
fit_joint_tsne_vi_seed290_C01Sc02_vt_seed10,5,seed307,delta__log10_p_misseg,1.67557286941202,1.67557286941202,0.0
fit_joint_tsne_vi_seed290_C01Sc02_vt_seed10,5,seed307,delta__log10_k_o_mis,0.9473111260702,0.9473111260702,0.0
fit_joint_tsne_vi_seed290_C01Sc02_vt_seed10,5,seed307,delta__buffer_smax,-0.035065310520809,-0.035065310520809,0.0
fit_joint_tsne_vi_seed290_C01Sc02_vt_seed10,5,seed307,delta__log10_buffer_beta,-1.96456463880062,-1.96456463880062,0.0
fit_joint_tsne_vi_seed290_C01Sc02_vt_seed10,5,seed307,delta__log10_buffer_n_exp,-0.547304674363397,-0.547304674363397,0.0
fit_joint_tsne_vi_seed290_C01Sc02_vt_seed10,5,seed307,delta__n_O,0.71823444770712,0.71823444770712,0.0
fit_joint_tsne_vi_seed290_C01Sc02_vt_seed10,5,seed307,delta__log10_lam_max,-1.00355577805873,-1.00355577805873,0.0
fit_joint_tsne_vi_seed290_C01Sc02_vt_seed10,5,seed307,delta__log10_p_mis_base,0.384944397656811,0.413042252953929,0.028097855297118002
fit_joint_tsne_vi_seed290_C01Sc02_vt_seed10,5,seed307,delta__log10_p_wgd,-0.501212160376055,-0.0435428235132413,0.4576693368628137
fit_joint_tsne_vi_seed290_C01Sc02_vt_seed10,5,seed307,delta__gamma_mu,1.66128357101961,1.66128357101961,0.0
fit_joint_tsne_vi_seed290_C01Sc02_vt_seed10,6,seed241,log10_O2_crit,-0.389652262485913,-0.389652262485913,0.0
fit_joint_tsne_vi_seed290_C01Sc02_vt_seed10,6,seed241,log10_alpha_o2,-0.0955632661636102,-0.0955632661636102,0.0
fit_joint_tsne_vi_seed290_C01Sc02_vt_seed10,6,seed241,gamma_growth,2.03115739958699,2.03115739958699,0.0
fit_joint_tsne_vi_seed290_C01Sc02_vt_seed10,6,seed241,log10_mu_hp,-1.56401958461052,-1.56401958461052,0.0
fit_joint_tsne_vi_seed290_C01Sc02_vt_seed10,6,seed241,log10_p_misseg,-1.13881643036999,-1.13881643036999,0.0
fit_joint_tsne_vi_seed290_C01Sc02_vt_seed10,6,seed241,log10_k_o_mis,-3.4736555630351,-3.4736555630351,0.0
fit_joint_tsne_vi_seed290_C01Sc02_vt_seed10,6,seed241,buffer_smax,0.982467344739596,0.982467344739596,0.0
fit_joint_tsne_vi_seed290_C01Sc02_vt_seed10,6,seed241,log10_buffer_beta,-0.780576580511503,-0.780576580511503,0.0
fit_joint_tsne_vi_seed290_C01Sc02_vt_seed10,6,seed241,log10_buffer_n_exp,0.225700115486808,0.225700115486808,0.0
fit_joint_tsne_vi_seed290_C01Sc02_vt_seed10,6,seed241,n_O,2.22769205751855,2.22769205751855,0.0
fit_joint_tsne_vi_seed290_C01Sc02_vt_seed10,6,seed241,log10_lam_max,-0.371922045046392,-0.371922045046392,0.0
fit_joint_tsne_vi_seed290_C01Sc02_vt_seed10,6,seed241,log10_p_mis_base,-4.87597753672626,-4.87597753672626,0.0
fit_joint_tsne_vi_seed290_C01Sc02_vt_seed10,6,seed241,log10_p_wgd,-3.73050868137285,-3.73050868137285,0.0
fit_joint_tsne_vi_seed290_C01Sc02_vt_seed10,6,seed241,gamma_mu,2.0306417855098,2.0306417855098,0.0
fit_joint_tsne_vi_seed290_C01Sc02_vt_seed10,6,seed241,delta__log10_O2_crit,-1.18002413188275,-1.18002413188275,0.0
fit_joint_tsne_vi_seed290_C01Sc02_vt_seed10,6,seed241,delta__log10_alpha_o2,0.410933459000742,0.410933459000742,0.0
fit_joint_tsne_vi_seed290_C01Sc02_vt_seed10,6,seed241,delta__gamma_growth,1.06231479917397,1.06231479917397,0.0
fit_joint_tsne_vi_seed290_C01Sc02_vt_seed10,6,seed241,delta__log10_mu_hp,1.47402082210692,1.47402082210692,0.0
fit_joint_tsne_vi_seed290_C01Sc02_vt_seed10,6,seed241,delta__log10_p_misseg,1.67557286941202,1.67557286941202,0.0
fit_joint_tsne_vi_seed290_C01Sc02_vt_seed10,6,seed241,delta__log10_k_o_mis,0.9473111260702,0.9473111260702,0.0
fit_joint_tsne_vi_seed290_C01Sc02_vt_seed10,6,seed241,delta__buffer_smax,-0.035065310520809,-0.035065310520809,0.0
fit_joint_tsne_vi_seed290_C01Sc02_vt_seed10,6,seed241,delta__log10_buffer_beta,-1.96456463880062,-1.96456463880062,0.0
fit_joint_tsne_vi_seed290_C01Sc02_vt_seed10,6,seed241,delta__log10_buffer_n_exp,-0.547304674363397,-0.547304674363397,0.0
fit_joint_tsne_vi_seed290_C01Sc02_vt_seed10,6,seed241,delta__n_O,0.71823444770712,0.71823444770712,0.0
fit_joint_tsne_vi_seed290_C01Sc02_vt_seed10,6,seed241,delta__log10_lam_max,-1.00355577805873,-1.00355577805873,0.0
fit_joint_tsne_vi_seed290_C01Sc02_vt_seed10,6,seed241,delta__log10_p_mis_base,0.384944397656811,0.067860609495368,0.317083788161443
fit_joint_tsne_vi_seed290_C01Sc02_vt_seed10,6,seed241,delta__log10_p_wgd,-0.501212160376055,-0.501212160376055,0.0
fit_joint_tsne_vi_seed290_C01Sc02_vt_seed10,6,seed241,delta__gamma_mu,1.66128357101961,1.66128357101961,0.0
fit_joint_tsne_vi_seed290_C01Sc02_vt_seed10,7,seed303,log10_O2_crit,-0.389652262485913,-0.389652262485913,0.0
fit_joint_tsne_vi_seed290_C01Sc02_vt_seed10,7,seed303,log10_alpha_o2,-0.0955632661636102,-0.0955632661636102,0.0
fit_joint_tsne_vi_seed290_C01Sc02_vt_seed10,7,seed303,gamma_growth,2.03115739958699,2.03115739958699,0.0
fit_joint_tsne_vi_seed290_C01Sc02_vt_seed10,7,seed303,log10_mu_hp,-1.56401958461052,-1.56401958461052,0.0
fit_joint_tsne_vi_seed290_C01Sc02_vt_seed10,7,seed303,log10_p_misseg,-1.13881643036999,-1.13881643036999,0.0
fit_joint_tsne_vi_seed290_C01Sc02_vt_seed10,7,seed303,log10_k_o_mis,-3.4736555630351,-3.4736555630351,0.0
fit_joint_tsne_vi_seed290_C01Sc02_vt_seed10,7,seed303,buffer_smax,0.982467344739596,0.982467344739596,0.0
fit_joint_tsne_vi_seed290_C01Sc02_vt_seed10,7,seed303,log10_buffer_beta,-0.780576580511503,-0.780576580511503,0.0
fit_joint_tsne_vi_seed290_C01Sc02_vt_seed10,7,seed303,log10_buffer_n_exp,0.225700115486808,0.225700115486808,0.0
fit_joint_tsne_vi_seed290_C01Sc02_vt_seed10,7,seed303,n_O,2.22769205751855,2.22769205751855,0.0
fit_joint_tsne_vi_seed290_C01Sc02_vt_seed10,7,seed303,log10_lam_max,-0.371922045046392,-0.371922045046392,0.0
fit_joint_tsne_vi_seed290_C01Sc02_vt_seed10,7,seed303,log10_p_mis_base,-4.87597753672626,-4.87597753672626,0.0
fit_joint_tsne_vi_seed290_C01Sc02_vt_seed10,7,seed303,log10_p_wgd,-3.73050868137285,-3.73050868137285,0.0
fit_joint_tsne_vi_seed290_C01Sc02_vt_seed10,7,seed303,gamma_mu,2.0306417855098,2.0306417855098,0.0
fit_joint_tsne_vi_seed290_C01Sc02_vt_seed10,7,seed303,delta__log10_O2_crit,-1.18002413188275,-1.18002413188275,0.0
fit_joint_tsne_vi_seed290_C01Sc02_vt_seed10,7,seed303,delta__log10_alpha_o2,0.410933459000742,0.410933459000742,0.0
fit_joint_tsne_vi_seed290_C01Sc02_vt_seed10,7,seed303,delta__gamma_growth,1.06231479917397,1.06231479917397,0.0
fit_joint_tsne_vi_seed290_C01Sc02_vt_seed10,7,seed303,delta__log10_mu_hp,1.47402082210692,1.47402082210692,0.0
fit_joint_tsne_vi_seed290_C01Sc02_vt_seed10,7,seed303,delta__log10_p_misseg,1.67557286941202,1.67557286941202,0.0
fit_joint_tsne_vi_seed290_C01Sc02_vt_seed10,7,seed303,delta__log10_k_o_mis,0.9473111260702,0.9473111260702,0.0
fit_joint_tsne_vi_seed290_C01Sc02_vt_seed10,7,seed303,delta__buffer_smax,-0.035065310520809,-0.035065310520809,0.0
fit_joint_tsne_vi_seed290_C01Sc02_vt_seed10,7,seed303,delta__log10_buffer_beta,-1.96456463880062,-1.96456463880062,0.0
fit_joint_tsne_vi_seed290_C01Sc02_vt_seed10,7,seed303,delta__log10_buffer_n_exp,-0.547304674363397,-0.547304674363397,0.0
fit_joint_tsne_vi_seed290_C01Sc02_vt_seed10,7,seed303,delta__n_O,0.71823444770712,0.71823444770712,0.0
fit_joint_tsne_vi_seed290_C01Sc02_vt_seed10,7,seed303,delta__log10_lam_max,-1.00355577805873,-1.00355577805873,0.0
fit_joint_tsne_vi_seed290_C01Sc02_vt_seed10,7,seed303,delta__log10_p_mis_base,0.384944397656811,0.324605770177275,0.060338627479536
fit_joint_tsne_vi_seed290_C01Sc02_vt_seed10,7,seed303,delta__log10_p_wgd,-0.501212160376055,-0.0614898861945958,0.4397222741814592
fit_joint_tsne_vi_seed290_C01Sc02_vt_seed10,7,seed303,delta__gamma_mu,1.66128357101961,1.66128357101961,0.0
fit_joint_tsne_vi_seed290_C01Sc02_vt_seed10,8,seed130,log10_O2_crit,-0.389652262485913,-0.389652262485913,0.0
fit_joint_tsne_vi_seed290_C01Sc02_vt_seed10,8,seed130,log10_alpha_o2,-0.0955632661636102,-0.0955632661636102,0.0
fit_joint_tsne_vi_seed290_C01Sc02_vt_seed10,8,seed130,gamma_growth,2.03115739958699,2.03115739958699,0.0
fit_joint_tsne_vi_seed290_C01Sc02_vt_seed10,8,seed130,log10_mu_hp,-1.56401958461052,-1.56401958461052,0.0
fit_joint_tsne_vi_seed290_C01Sc02_vt_seed10,8,seed130,log10_p_misseg,-1.13881643036999,-1.13881643036999,0.0
fit_joint_tsne_vi_seed290_C01Sc02_vt_seed10,8,seed130,log10_k_o_mis,-3.4736555630351,-3.4736555630351,0.0
fit_joint_tsne_vi_seed290_C01Sc02_vt_seed10,8,seed130,buffer_smax,0.982467344739596,0.982467344739596,0.0
fit_joint_tsne_vi_seed290_C01Sc02_vt_seed10,8,seed130,log10_buffer_beta,-0.780576580511503,-0.780576580511503,0.0
fit_joint_tsne_vi_seed290_C01Sc02_vt_seed10,8,seed130,log10_buffer_n_exp,0.225700115486808,0.225700115486808,0.0
fit_joint_tsne_vi_seed290_C01Sc02_vt_seed10,8,seed130,n_O,2.22769205751855,2.22769205751855,0.0
fit_joint_tsne_vi_seed290_C01Sc02_vt_seed10,8,seed130,log10_lam_max,-0.371922045046392,-0.371922045046392,0.0
fit_joint_tsne_vi_seed290_C01Sc02_vt_seed10,8,seed130,log10_p_mis_base,-4.87597753672626,-4.87597753672626,0.0
fit_joint_tsne_vi_seed290_C01Sc02_vt_seed10,8,seed130,log10_p_wgd,-3.73050868137285,-3.73050868137285,0.0
fit_joint_tsne_vi_seed290_C01Sc02_vt_seed10,8,seed130,gamma_mu,2.0306417855098,2.0306417855098,0.0
fit_joint_tsne_vi_seed290_C01Sc02_vt_seed10,8,seed130,delta__log10_O2_crit,-1.18002413188275,-1.18002413188275,0.0
fit_joint_tsne_vi_seed290_C01Sc02_vt_seed10,8,seed130,delta__log10_alpha_o2,0.410933459000742,0.410933459000742,0.0
fit_joint_tsne_vi_seed290_C01Sc02_vt_seed10,8,seed130,delta__gamma_growth,1.06231479917397,1.06231479917397,0.0
fit_joint_tsne_vi_seed290_C01Sc02_vt_seed10,8,seed130,delta__log10_mu_hp,1.47402082210692,1.47402082210692,0.0
fit_joint_tsne_vi_seed290_C01Sc02_vt_seed10,8,seed130,delta__log10_p_misseg,1.67557286941202,1.67557286941202,0.0
fit_joint_tsne_vi_seed290_C01Sc02_vt_seed10,8,seed130,delta__log10_k_o_mis,0.9473111260702,0.9473111260702,0.0
fit_joint_tsne_vi_seed290_C01Sc02_vt_seed10,8,seed130,delta__buffer_smax,-0.035065310520809,-0.035065310520809,0.0
fit_joint_tsne_vi_seed290_C01Sc02_vt_seed10,8,seed130,delta__log10_buffer_beta,-1.96456463880062,-1.96456463880062,0.0
fit_joint_tsne_vi_seed290_C01Sc02_vt_seed10,8,seed130,delta__log10_buffer_n_exp,-0.547304674363397,-0.565191479694636,0.017886805331238986
fit_joint_tsne_vi_seed290_C01Sc02_vt_seed10,8,seed130,delta__n_O,0.71823444770712,0.71823444770712,0.0
fit_joint_tsne_vi_seed290_C01Sc02_vt_seed10,8,seed130,delta__log10_lam_max,-1.00355577805873,-1.00355577805873,0.0
fit_joint_tsne_vi_seed290_C01Sc02_vt_seed10,8,seed130,delta__log10_p_mis_base,0.384944397656811,0.384944397656811,0.0
fit_joint_tsne_vi_seed290_C01Sc02_vt_seed10,8,seed130,delta__log10_p_wgd,-0.501212160376055,-0.0881211947391144,0.4130909656369406
fit_joint_tsne_vi_seed290_C01Sc02_vt_seed10,8,seed130,delta__gamma_mu,1.66128357101961,1.66128357101961,0.0
fit_joint_tsne_vi_seed290_C01Sc02_vt_seed10,9,seed405,log10_O2_crit,-0.389652262485913,-0.389652262485913,0.0
fit_joint_tsne_vi_seed290_C01Sc02_vt_seed10,9,seed405,log10_alpha_o2,-0.0955632661636102,-0.0955632661636102,0.0
fit_joint_tsne_vi_seed290_C01Sc02_vt_seed10,9,seed405,gamma_growth,2.03115739958699,2.03115739958699,0.0
fit_joint_tsne_vi_seed290_C01Sc02_vt_seed10,9,seed405,log10_mu_hp,-1.56401958461052,-1.56401958461052,0.0
fit_joint_tsne_vi_seed290_C01Sc02_vt_seed10,9,seed405,log10_p_misseg,-1.13881643036999,-1.13881643036999,0.0
fit_joint_tsne_vi_seed290_C01Sc02_vt_seed10,9,seed405,log10_k_o_mis,-3.4736555630351,-3.4736555630351,0.0
fit_joint_tsne_vi_seed290_C01Sc02_vt_seed10,9,seed405,buffer_smax,0.982467344739596,0.982467344739596,0.0
fit_joint_tsne_vi_seed290_C01Sc02_vt_seed10,9,seed405,log10_buffer_beta,-0.780576580511503,-0.780576580511503,0.0
fit_joint_tsne_vi_seed290_C01Sc02_vt_seed10,9,seed405,log10_buffer_n_exp,0.225700115486808,0.225700115486808,0.0
fit_joint_tsne_vi_seed290_C01Sc02_vt_seed10,9,seed405,n_O,2.22769205751855,2.22769205751855,0.0
fit_joint_tsne_vi_seed290_C01Sc02_vt_seed10,9,seed405,log10_lam_max,-0.371922045046392,-0.371922045046392,0.0
fit_joint_tsne_vi_seed290_C01Sc02_vt_seed10,9,seed405,log10_p_mis_base,-4.87597753672626,-4.87597753672626,0.0
fit_joint_tsne_vi_seed290_C01Sc02_vt_seed10,9,seed405,log10_p_wgd,-3.73050868137285,-3.73050868137285,0.0
fit_joint_tsne_vi_seed290_C01Sc02_vt_seed10,9,seed405,gamma_mu,2.0306417855098,2.0306417855098,0.0
fit_joint_tsne_vi_seed290_C01Sc02_vt_seed10,9,seed405,delta__log10_O2_crit,-1.18002413188275,-1.18002413188275,0.0
fit_joint_tsne_vi_seed290_C01Sc02_vt_seed10,9,seed405,delta__log10_alpha_o2,0.410933459000742,0.410933459000742,0.0
fit_joint_tsne_vi_seed290_C01Sc02_vt_seed10,9,seed405,delta__gamma_growth,1.06231479917397,1.06231479917397,0.0
fit_joint_tsne_vi_seed290_C01Sc02_vt_seed10,9,seed405,delta__log10_mu_hp,1.47402082210692,1.47402082210692,0.0
fit_joint_tsne_vi_seed290_C01Sc02_vt_seed10,9,seed405,delta__log10_p_misseg,1.67557286941202,1.67557286941202,0.0
fit_joint_tsne_vi_seed290_C01Sc02_vt_seed10,9,seed405,delta__log10_k_o_mis,0.9473111260702,0.9473111260702,0.0
fit_joint_tsne_vi_seed290_C01Sc02_vt_seed10,9,seed405,delta__buffer_smax,-0.035065310520809,-0.035065310520809,0.0
fit_joint_tsne_vi_seed290_C01Sc02_vt_seed10,9,seed405,delta__log10_buffer_beta,-1.96456463880062,-1.96456463880062,0.0
fit_joint_tsne_vi_seed290_C01Sc02_vt_seed10,9,seed405,delta__log10_buffer_n_exp,-0.547304674363397,-0.547304674363397,0.0
fit_joint_tsne_vi_seed290_C01Sc02_vt_seed10,9,seed405,delta__n_O,0.71823444770712,0.71823444770712,0.0
fit_joint_tsne_vi_seed290_C01Sc02_vt_seed10,9,seed405,delta__log10_lam_max,-1.00355577805873,-1.00355577805873,0.0
fit_joint_tsne_vi_seed290_C01Sc02_vt_seed10,9,seed405,delta__log10_p_mis_base,0.384944397656811,0.317019264814007,0.06792513284280399
fit_joint_tsne_vi_seed290_C01Sc02_vt_seed10,9,seed405,delta__log10_p_wgd,-0.501212160376055,-0.0964727858583505,0.4047393745177045
fit_joint_tsne_vi_seed290_C01Sc02_vt_seed10,9,seed405,delta__gamma_mu,1.66128357101961,1.66128357101961,0.0
fit_joint_tsne_vi_seed290_C01Sc02_vt_seed10,10,seed357,log10_O2_crit,-0.389652262485913,-0.389652262485913,0.0
fit_joint_tsne_vi_seed290_C01Sc02_vt_seed10,10,seed357,log10_alpha_o2,-0.0955632661636102,-0.0955632661636102,0.0
fit_joint_tsne_vi_seed290_C01Sc02_vt_seed10,10,seed357,gamma_growth,2.03115739958699,2.03115739958699,0.0
fit_joint_tsne_vi_seed290_C01Sc02_vt_seed10,10,seed357,log10_mu_hp,-1.56401958461052,-1.56401958461052,0.0
fit_joint_tsne_vi_seed290_C01Sc02_vt_seed10,10,seed357,log10_p_misseg,-1.13881643036999,-1.13881643036999,0.0
fit_joint_tsne_vi_seed290_C01Sc02_vt_seed10,10,seed357,log10_k_o_mis,-3.4736555630351,-3.4736555630351,0.0
fit_joint_tsne_vi_seed290_C01Sc02_vt_seed10,10,seed357,buffer_smax,0.982467344739596,0.982467344739596,0.0
fit_joint_tsne_vi_seed290_C01Sc02_vt_seed10,10,seed357,log10_buffer_beta,-0.780576580511503,-0.780576580511503,0.0
fit_joint_tsne_vi_seed290_C01Sc02_vt_seed10,10,seed357,log10_buffer_n_exp,0.225700115486808,0.225700115486808,0.0
fit_joint_tsne_vi_seed290_C01Sc02_vt_seed10,10,seed357,n_O,2.22769205751855,2.22769205751855,0.0
fit_joint_tsne_vi_seed290_C01Sc02_vt_seed10,10,seed357,log10_lam_max,-0.371922045046392,-0.371922045046392,0.0
fit_joint_tsne_vi_seed290_C01Sc02_vt_seed10,10,seed357,log10_p_mis_base,-4.87597753672626,-4.87597753672626,0.0
fit_joint_tsne_vi_seed290_C01Sc02_vt_seed10,10,seed357,log10_p_wgd,-3.73050868137285,-3.73050868137285,0.0
fit_joint_tsne_vi_seed290_C01Sc02_vt_seed10,10,seed357,gamma_mu,2.0306417855098,2.0306417855098,0.0
fit_joint_tsne_vi_seed290_C01Sc02_vt_seed10,10,seed357,delta__log10_O2_crit,-1.18002413188275,-1.18002413188275,0.0
fit_joint_tsne_vi_seed290_C01Sc02_vt_seed10,10,seed357,delta__log10_alpha_o2,0.410933459000742,0.410933459000742,0.0
fit_joint_tsne_vi_seed290_C01Sc02_vt_seed10,10,seed357,delta__gamma_growth,1.06231479917397,1.06231479917397,0.0
fit_joint_tsne_vi_seed290_C01Sc02_vt_seed10,10,seed357,delta__log10_mu_hp,1.47402082210692,1.47402082210692,0.0
fit_joint_tsne_vi_seed290_C01Sc02_vt_seed10,10,seed357,delta__log10_p_misseg,1.67557286941202,1.67557286941202,0.0
fit_joint_tsne_vi_seed290_C01Sc02_vt_seed10,10,seed357,delta__log10_k_o_mis,0.9473111260702,0.9473111260702,0.0
fit_joint_tsne_vi_seed290_C01Sc02_vt_seed10,10,seed357,delta__buffer_smax,-0.035065310520809,-0.035065310520809,0.0
fit_joint_tsne_vi_seed290_C01Sc02_vt_seed10,10,seed357,delta__log10_buffer_beta,-1.96456463880062,-1.96456463880062,0.0
fit_joint_tsne_vi_seed290_C01Sc02_vt_seed10,10,seed357,delta__log10_buffer_n_exp,-0.547304674363397,-0.547304674363397,0.0
fit_joint_tsne_vi_seed290_C01Sc02_vt_seed10,10,seed357,delta__n_O,0.71823444770712,0.71823444770712,0.0
fit_joint_tsne_vi_seed290_C01Sc02_vt_seed10,10,seed357,delta__log10_lam_max,-1.00355577805873,-1.00355577805873,0.0
fit_joint_tsne_vi_seed290_C01Sc02_vt_seed10,10,seed357,delta__log10_p_mis_base,0.384944397656811,-0.0815257025462713,0.46647010020308227
fit_joint_tsne_vi_seed290_C01Sc02_vt_seed10,10,seed357,delta__log10_p_wgd,-0.501212160376055,-0.627857693493757,0.126645533117702
fit_joint_tsne_vi_seed290_C01Sc02_vt_seed10,10,seed357,delta__gamma_mu,1.66128357101961,1.66128357101961,0.0
fit_joint_tsne_vi_seed311_C03Sc02_vt_seed10,1,seed18,log10_O2_crit,-0.0425901081438662,-0.0425901081438662,0.0
fit_joint_tsne_vi_seed311_C03Sc02_vt_seed10,1,seed18,log10_alpha_o2,0.118426812598755,0.118426812598755,0.0
fit_joint_tsne_vi_seed311_C03Sc02_vt_seed10,1,seed18,gamma_growth,1.71500846789226,1.71500846789226,0.0
fit_joint_tsne_vi_seed311_C03Sc02_vt_seed10,1,seed18,log10_mu_hp,-1.6219577100252,-1.6219577100252,0.0
fit_joint_tsne_vi_seed311_C03Sc02_vt_seed10,1,seed18,log10_p_misseg,-1.37445516633218,-1.37445516633218,0.0
fit_joint_tsne_vi_seed311_C03Sc02_vt_seed10,1,seed18,log10_k_o_mis,-3.39417693088808,-3.39417693088808,0.0
fit_joint_tsne_vi_seed311_C03Sc02_vt_seed10,1,seed18,buffer_smax,0.952056423505255,0.952056423505255,0.0
fit_joint_tsne_vi_seed311_C03Sc02_vt_seed10,1,seed18,log10_buffer_beta,-0.401420568033222,-0.401420568033222,0.0
fit_joint_tsne_vi_seed311_C03Sc02_vt_seed10,1,seed18,log10_buffer_n_exp,0.704851869299439,0.704851869299439,0.0
fit_joint_tsne_vi_seed311_C03Sc02_vt_seed10,1,seed18,n_O,3.38035900462499,3.38035900462499,0.0
fit_joint_tsne_vi_seed311_C03Sc02_vt_seed10,1,seed18,log10_lam_max,-0.196511450648683,-0.196511450648683,0.0
fit_joint_tsne_vi_seed311_C03Sc02_vt_seed10,1,seed18,log10_p_mis_base,-3.1974966242073,-3.1974966242073,0.0
fit_joint_tsne_vi_seed311_C03Sc02_vt_seed10,1,seed18,log10_p_wgd,-3.28050140050511,-3.4417424879925,0.16124108748738974
fit_joint_tsne_vi_seed311_C03Sc02_vt_seed10,1,seed18,gamma_mu,1.66942033764651,1.67772117751553,0.008300839869020082
fit_joint_tsne_vi_seed311_C03Sc02_vt_seed10,1,seed18,delta__log10_O2_crit,-0.485899823198656,-0.485899823198656,0.0
fit_joint_tsne_vi_seed311_C03Sc02_vt_seed10,1,seed18,delta__log10_alpha_o2,0.838913616525472,0.838913616525472,0.0
fit_joint_tsne_vi_seed311_C03Sc02_vt_seed10,1,seed18,delta__gamma_growth,0.43001693578451,0.43001693578451,0.0
fit_joint_tsne_vi_seed311_C03Sc02_vt_seed10,1,seed18,delta__log10_mu_hp,1.35814457127756,1.35814457127756,0.0
fit_joint_tsne_vi_seed311_C03Sc02_vt_seed10,1,seed18,delta__log10_p_misseg,1.20429539748764,1.20429539748764,0.0
fit_joint_tsne_vi_seed311_C03Sc02_vt_seed10,1,seed18,delta__log10_k_o_mis,1.10626839036423,1.10626839036423,0.0
fit_joint_tsne_vi_seed311_C03Sc02_vt_seed10,1,seed18,delta__buffer_smax,-0.09588715298949,-0.09588715298949,0.0
fit_joint_tsne_vi_seed311_C03Sc02_vt_seed10,1,seed18,delta__log10_buffer_beta,-1.20625261384406,-1.20625261384406,0.0
fit_joint_tsne_vi_seed311_C03Sc02_vt_seed10,1,seed18,delta__log10_buffer_n_exp,0.410998833261865,0.410998833261865,0.0
fit_joint_tsne_vi_seed311_C03Sc02_vt_seed10,1,seed18,delta__n_O,3.02356834192001,3.02356834192001,0.0
fit_joint_tsne_vi_seed311_C03Sc02_vt_seed10,1,seed18,delta__log10_lam_max,-0.65273458926331,-0.65273458926331,0.0
fit_joint_tsne_vi_seed311_C03Sc02_vt_seed10,1,seed18,delta__log10_p_mis_base,3.74190622269472,3.74190622269472,0.0
fit_joint_tsne_vi_seed311_C03Sc02_vt_seed10,1,seed18,delta__log10_p_wgd,0.398802401359427,0.0439708517582404,0.3548315496011866
fit_joint_tsne_vi_seed311_C03Sc02_vt_seed10,1,seed18,delta__gamma_mu,0.93884067529301,0.93884067529301,0.0
fit_joint_tsne_vi_seed311_C03Sc02_vt_seed10,2,seed402,log10_O2_crit,-0.0425901081438662,-0.0425901081438662,0.0
fit_joint_tsne_vi_seed311_C03Sc02_vt_seed10,2,seed402,log10_alpha_o2,0.118426812598755,0.118426812598755,0.0
fit_joint_tsne_vi_seed311_C03Sc02_vt_seed10,2,seed402,gamma_growth,1.71500846789226,1.71500846789226,0.0
fit_joint_tsne_vi_seed311_C03Sc02_vt_seed10,2,seed402,log10_mu_hp,-1.6219577100252,-1.6219577100252,0.0
fit_joint_tsne_vi_seed311_C03Sc02_vt_seed10,2,seed402,log10_p_misseg,-1.37445516633218,-1.37445516633218,0.0
fit_joint_tsne_vi_seed311_C03Sc02_vt_seed10,2,seed402,log10_k_o_mis,-3.39417693088808,-3.39417693088808,0.0
fit_joint_tsne_vi_seed311_C03Sc02_vt_seed10,2,seed402,buffer_smax,0.952056423505255,0.952056423505255,0.0
fit_joint_tsne_vi_seed311_C03Sc02_vt_seed10,2,seed402,log10_buffer_beta,-0.401420568033222,-0.401420568033222,0.0
fit_joint_tsne_vi_seed311_C03Sc02_vt_seed10,2,seed402,log10_buffer_n_exp,0.704851869299439,0.704851869299439,0.0
fit_joint_tsne_vi_seed311_C03Sc02_vt_seed10,2,seed402,n_O,3.38035900462499,3.38035900462499,0.0
fit_joint_tsne_vi_seed311_C03Sc02_vt_seed10,2,seed402,log10_lam_max,-0.196511450648683,-0.196511450648683,0.0
fit_joint_tsne_vi_seed311_C03Sc02_vt_seed10,2,seed402,log10_p_mis_base,-3.1974966242073,-3.1974966242073,0.0
fit_joint_tsne_vi_seed311_C03Sc02_vt_seed10,2,seed402,log10_p_wgd,-3.28050140050511,-3.28050140050511,0.0
fit_joint_tsne_vi_seed311_C03Sc02_vt_seed10,2,seed402,gamma_mu,1.66942033764651,1.66942033764651,0.0
fit_joint_tsne_vi_seed311_C03Sc02_vt_seed10,2,seed402,delta__log10_O2_crit,-0.485899823198656,-0.485899823198656,0.0
fit_joint_tsne_vi_seed311_C03Sc02_vt_seed10,2,seed402,delta__log10_alpha_o2,0.838913616525472,0.838913616525472,0.0
fit_joint_tsne_vi_seed311_C03Sc02_vt_seed10,2,seed402,delta__gamma_growth,0.43001693578451,0.43001693578451,0.0
fit_joint_tsne_vi_seed311_C03Sc02_vt_seed10,2,seed402,delta__log10_mu_hp,1.35814457127756,1.35814457127756,0.0
fit_joint_tsne_vi_seed311_C03Sc02_vt_seed10,2,seed402,delta__log10_p_misseg,1.20429539748764,1.20429539748764,0.0
fit_joint_tsne_vi_seed311_C03Sc02_vt_seed10,2,seed402,delta__log10_k_o_mis,1.10626839036423,1.10626839036423,0.0
fit_joint_tsne_vi_seed311_C03Sc02_vt_seed10,2,seed402,delta__buffer_smax,-0.09588715298949,-0.09588715298949,0.0
fit_joint_tsne_vi_seed311_C03Sc02_vt_seed10,2,seed402,delta__log10_buffer_beta,-1.20625261384406,-1.20625261384406,0.0
fit_joint_tsne_vi_seed311_C03Sc02_vt_seed10,2,seed402,delta__log10_buffer_n_exp,0.410998833261865,0.410998833261865,0.0
fit_joint_tsne_vi_seed311_C03Sc02_vt_seed10,2,seed402,delta__n_O,3.02356834192001,3.02356834192001,0.0
fit_joint_tsne_vi_seed311_C03Sc02_vt_seed10,2,seed402,delta__log10_lam_max,-0.65273458926331,-0.65273458926331,0.0
fit_joint_tsne_vi_seed311_C03Sc02_vt_seed10,2,seed402,delta__log10_p_mis_base,3.74190622269472,3.74190622269472,0.0
fit_joint_tsne_vi_seed311_C03Sc02_vt_seed10,2,seed402,delta__log10_p_wgd,0.398802401359427,0.0474391816211995,0.35136321973822754
fit_joint_tsne_vi_seed311_C03Sc02_vt_seed10,2,seed402,delta__gamma_mu,0.93884067529301,0.93884067529301,0.0
fit_joint_tsne_vi_seed311_C03Sc02_vt_seed10,3,seed255,log10_O2_crit,-0.0425901081438662,-0.0425901081438662,0.0
fit_joint_tsne_vi_seed311_C03Sc02_vt_seed10,3,seed255,log10_alpha_o2,0.118426812598755,0.118426812598755,0.0
fit_joint_tsne_vi_seed311_C03Sc02_vt_seed10,3,seed255,gamma_growth,1.71500846789226,1.71500846789226,0.0
fit_joint_tsne_vi_seed311_C03Sc02_vt_seed10,3,seed255,log10_mu_hp,-1.6219577100252,-1.6219577100252,0.0
fit_joint_tsne_vi_seed311_C03Sc02_vt_seed10,3,seed255,log10_p_misseg,-1.37445516633218,-1.37445516633218,0.0
fit_joint_tsne_vi_seed311_C03Sc02_vt_seed10,3,seed255,log10_k_o_mis,-3.39417693088808,-3.39417693088808,0.0
fit_joint_tsne_vi_seed311_C03Sc02_vt_seed10,3,seed255,buffer_smax,0.952056423505255,0.952056423505255,0.0
fit_joint_tsne_vi_seed311_C03Sc02_vt_seed10,3,seed255,log10_buffer_beta,-0.401420568033222,-0.401420568033222,0.0
fit_joint_tsne_vi_seed311_C03Sc02_vt_seed10,3,seed255,log10_buffer_n_exp,0.704851869299439,0.704851869299439,0.0
fit_joint_tsne_vi_seed311_C03Sc02_vt_seed10,3,seed255,n_O,3.38035900462499,3.38035900462499,0.0
fit_joint_tsne_vi_seed311_C03Sc02_vt_seed10,3,seed255,log10_lam_max,-0.196511450648683,-0.196511450648683,0.0
fit_joint_tsne_vi_seed311_C03Sc02_vt_seed10,3,seed255,log10_p_mis_base,-3.1974966242073,-3.1974966242073,0.0
fit_joint_tsne_vi_seed311_C03Sc02_vt_seed10,3,seed255,log10_p_wgd,-3.28050140050511,-3.29278812220045,0.012286721695339953
fit_joint_tsne_vi_seed311_C03Sc02_vt_seed10,3,seed255,gamma_mu,1.66942033764651,1.66942033764651,0.0
fit_joint_tsne_vi_seed311_C03Sc02_vt_seed10,3,seed255,delta__log10_O2_crit,-0.485899823198656,-0.485899823198656,0.0
fit_joint_tsne_vi_seed311_C03Sc02_vt_seed10,3,seed255,delta__log10_alpha_o2,0.838913616525472,0.838913616525472,0.0
fit_joint_tsne_vi_seed311_C03Sc02_vt_seed10,3,seed255,delta__gamma_growth,0.43001693578451,0.426824860965587,0.003192074818922974
fit_joint_tsne_vi_seed311_C03Sc02_vt_seed10,3,seed255,delta__log10_mu_hp,1.35814457127756,1.35814457127756,0.0
fit_joint_tsne_vi_seed311_C03Sc02_vt_seed10,3,seed255,delta__log10_p_misseg,1.20429539748764,1.20429539748764,0.0
fit_joint_tsne_vi_seed311_C03Sc02_vt_seed10,3,seed255,delta__log10_k_o_mis,1.10626839036423,1.10626839036423,0.0
fit_joint_tsne_vi_seed311_C03Sc02_vt_seed10,3,seed255,delta__buffer_smax,-0.09588715298949,-0.09588715298949,0.0
fit_joint_tsne_vi_seed311_C03Sc02_vt_seed10,3,seed255,delta__log10_buffer_beta,-1.20625261384406,-1.20625261384406,0.0
fit_joint_tsne_vi_seed311_C03Sc02_vt_seed10,3,seed255,delta__log10_buffer_n_exp,0.410998833261865,0.410998833261865,0.0
fit_joint_tsne_vi_seed311_C03Sc02_vt_seed10,3,seed255,delta__n_O,3.02356834192001,3.02356834192001,0.0
fit_joint_tsne_vi_seed311_C03Sc02_vt_seed10,3,seed255,delta__log10_lam_max,-0.65273458926331,-0.65273458926331,0.0
fit_joint_tsne_vi_seed311_C03Sc02_vt_seed10,3,seed255,delta__log10_p_mis_base,3.74190622269472,3.74190622269472,0.0
fit_joint_tsne_vi_seed311_C03Sc02_vt_seed10,3,seed255,delta__log10_p_wgd,0.398802401359427,0.0164816293645423,0.38232077199488473
fit_joint_tsne_vi_seed311_C03Sc02_vt_seed10,3,seed255,delta__gamma_mu,0.93884067529301,0.93884067529301,0.0
fit_joint_tsne_vi_seed311_C03Sc02_vt_seed10,4,seed43,log10_O2_crit,-0.0425901081438662,-0.0425901081438662,0.0
fit_joint_tsne_vi_seed311_C03Sc02_vt_seed10,4,seed43,log10_alpha_o2,0.118426812598755,0.118426812598755,0.0
fit_joint_tsne_vi_seed311_C03Sc02_vt_seed10,4,seed43,gamma_growth,1.71500846789226,1.71500846789226,0.0
fit_joint_tsne_vi_seed311_C03Sc02_vt_seed10,4,seed43,log10_mu_hp,-1.6219577100252,-1.6219577100252,0.0
fit_joint_tsne_vi_seed311_C03Sc02_vt_seed10,4,seed43,log10_p_misseg,-1.37445516633218,-1.37445516633218,0.0
fit_joint_tsne_vi_seed311_C03Sc02_vt_seed10,4,seed43,log10_k_o_mis,-3.39417693088808,-3.39417693088808,0.0
fit_joint_tsne_vi_seed311_C03Sc02_vt_seed10,4,seed43,buffer_smax,0.952056423505255,0.952056423505255,0.0
fit_joint_tsne_vi_seed311_C03Sc02_vt_seed10,4,seed43,log10_buffer_beta,-0.401420568033222,-0.401420568033222,0.0
fit_joint_tsne_vi_seed311_C03Sc02_vt_seed10,4,seed43,log10_buffer_n_exp,0.704851869299439,0.704851869299439,0.0
fit_joint_tsne_vi_seed311_C03Sc02_vt_seed10,4,seed43,n_O,3.38035900462499,3.38035900462499,0.0
fit_joint_tsne_vi_seed311_C03Sc02_vt_seed10,4,seed43,log10_lam_max,-0.196511450648683,-0.196511450648683,0.0
fit_joint_tsne_vi_seed311_C03Sc02_vt_seed10,4,seed43,log10_p_mis_base,-3.1974966242073,-3.1974966242073,0.0
fit_joint_tsne_vi_seed311_C03Sc02_vt_seed10,4,seed43,log10_p_wgd,-3.28050140050511,-3.28050140050511,0.0
fit_joint_tsne_vi_seed311_C03Sc02_vt_seed10,4,seed43,gamma_mu,1.66942033764651,1.66942033764651,0.0
fit_joint_tsne_vi_seed311_C03Sc02_vt_seed10,4,seed43,delta__log10_O2_crit,-0.485899823198656,-0.485899823198656,0.0
fit_joint_tsne_vi_seed311_C03Sc02_vt_seed10,4,seed43,delta__log10_alpha_o2,0.838913616525472,0.838913616525472,0.0
fit_joint_tsne_vi_seed311_C03Sc02_vt_seed10,4,seed43,delta__gamma_growth,0.43001693578451,0.43001693578451,0.0
fit_joint_tsne_vi_seed311_C03Sc02_vt_seed10,4,seed43,delta__log10_mu_hp,1.35814457127756,1.35814457127756,0.0
fit_joint_tsne_vi_seed311_C03Sc02_vt_seed10,4,seed43,delta__log10_p_misseg,1.20429539748764,1.20429539748764,0.0
fit_joint_tsne_vi_seed311_C03Sc02_vt_seed10,4,seed43,delta__log10_k_o_mis,1.10626839036423,1.10626839036423,0.0
fit_joint_tsne_vi_seed311_C03Sc02_vt_seed10,4,seed43,delta__buffer_smax,-0.09588715298949,-0.09588715298949,0.0
fit_joint_tsne_vi_seed311_C03Sc02_vt_seed10,4,seed43,delta__log10_buffer_beta,-1.20625261384406,-1.20625261384406,0.0
fit_joint_tsne_vi_seed311_C03Sc02_vt_seed10,4,seed43,delta__log10_buffer_n_exp,0.410998833261865,0.410998833261865,0.0
fit_joint_tsne_vi_seed311_C03Sc02_vt_seed10,4,seed43,delta__n_O,3.02356834192001,3.02356834192001,0.0
fit_joint_tsne_vi_seed311_C03Sc02_vt_seed10,4,seed43,delta__log10_lam_max,-0.65273458926331,-0.65273458926331,0.0
fit_joint_tsne_vi_seed311_C03Sc02_vt_seed10,4,seed43,delta__log10_p_mis_base,3.74190622269472,3.74190622269472,0.0
fit_joint_tsne_vi_seed311_C03Sc02_vt_seed10,4,seed43,delta__log10_p_wgd,0.398802401359427,0.0326909912225019,0.3661114101369251
fit_joint_tsne_vi_seed311_C03Sc02_vt_seed10,4,seed43,delta__gamma_mu,0.93884067529301,0.93884067529301,0.0
fit_joint_tsne_vi_seed311_C03Sc02_vt_seed10,5,seed34,log10_O2_crit,-0.0425901081438662,-0.0425901081438662,0.0
fit_joint_tsne_vi_seed311_C03Sc02_vt_seed10,5,seed34,log10_alpha_o2,0.118426812598755,0.118426812598755,0.0
fit_joint_tsne_vi_seed311_C03Sc02_vt_seed10,5,seed34,gamma_growth,1.71500846789226,1.71500846789226,0.0
fit_joint_tsne_vi_seed311_C03Sc02_vt_seed10,5,seed34,log10_mu_hp,-1.6219577100252,-1.6219577100252,0.0
fit_joint_tsne_vi_seed311_C03Sc02_vt_seed10,5,seed34,log10_p_misseg,-1.37445516633218,-1.37445516633218,0.0
fit_joint_tsne_vi_seed311_C03Sc02_vt_seed10,5,seed34,log10_k_o_mis,-3.39417693088808,-3.39417693088808,0.0
fit_joint_tsne_vi_seed311_C03Sc02_vt_seed10,5,seed34,buffer_smax,0.952056423505255,0.952056423505255,0.0
fit_joint_tsne_vi_seed311_C03Sc02_vt_seed10,5,seed34,log10_buffer_beta,-0.401420568033222,-0.401420568033222,0.0
fit_joint_tsne_vi_seed311_C03Sc02_vt_seed10,5,seed34,log10_buffer_n_exp,0.704851869299439,0.704851869299439,0.0
fit_joint_tsne_vi_seed311_C03Sc02_vt_seed10,5,seed34,n_O,3.38035900462499,3.38035900462499,0.0
fit_joint_tsne_vi_seed311_C03Sc02_vt_seed10,5,seed34,log10_lam_max,-0.196511450648683,-0.196511450648683,0.0
fit_joint_tsne_vi_seed311_C03Sc02_vt_seed10,5,seed34,log10_p_mis_base,-3.1974966242073,-3.1974966242073,0.0
fit_joint_tsne_vi_seed311_C03Sc02_vt_seed10,5,seed34,log10_p_wgd,-3.28050140050511,-3.28050140050511,0.0
fit_joint_tsne_vi_seed311_C03Sc02_vt_seed10,5,seed34,gamma_mu,1.66942033764651,1.66942033764651,0.0
fit_joint_tsne_vi_seed311_C03Sc02_vt_seed10,5,seed34,delta__log10_O2_crit,-0.485899823198656,-0.485899823198656,0.0
fit_joint_tsne_vi_seed311_C03Sc02_vt_seed10,5,seed34,delta__log10_alpha_o2,0.838913616525472,0.838913616525472,0.0
fit_joint_tsne_vi_seed311_C03Sc02_vt_seed10,5,seed34,delta__gamma_growth,0.43001693578451,0.43001693578451,0.0
fit_joint_tsne_vi_seed311_C03Sc02_vt_seed10,5,seed34,delta__log10_mu_hp,1.35814457127756,1.35814457127756,0.0
fit_joint_tsne_vi_seed311_C03Sc02_vt_seed10,5,seed34,delta__log10_p_misseg,1.20429539748764,1.20429539748764,0.0
fit_joint_tsne_vi_seed311_C03Sc02_vt_seed10,5,seed34,delta__log10_k_o_mis,1.10626839036423,1.10626839036423,0.0
fit_joint_tsne_vi_seed311_C03Sc02_vt_seed10,5,seed34,delta__buffer_smax,-0.09588715298949,-0.09588715298949,0.0
fit_joint_tsne_vi_seed311_C03Sc02_vt_seed10,5,seed34,delta__log10_buffer_beta,-1.20625261384406,-1.20625261384406,0.0
fit_joint_tsne_vi_seed311_C03Sc02_vt_seed10,5,seed34,delta__log10_buffer_n_exp,0.410998833261865,0.410998833261865,0.0
fit_joint_tsne_vi_seed311_C03Sc02_vt_seed10,5,seed34,delta__n_O,3.02356834192001,3.02356834192001,0.0
fit_joint_tsne_vi_seed311_C03Sc02_vt_seed10,5,seed34,delta__log10_lam_max,-0.65273458926331,-0.65273458926331,0.0
fit_joint_tsne_vi_seed311_C03Sc02_vt_seed10,5,seed34,delta__log10_p_mis_base,3.74190622269472,3.74190622269472,0.0
fit_joint_tsne_vi_seed311_C03Sc02_vt_seed10,5,seed34,delta__log10_p_wgd,0.398802401359427,0.0405623808701223,0.3582400204893047
fit_joint_tsne_vi_seed311_C03Sc02_vt_seed10,5,seed34,delta__gamma_mu,0.93884067529301,0.93884067529301,0.0
fit_joint_tsne_vi_seed311_C03Sc02_vt_seed10,6,seed155,log10_O2_crit,-0.0425901081438662,-0.0425901081438662,0.0
fit_joint_tsne_vi_seed311_C03Sc02_vt_seed10,6,seed155,log10_alpha_o2,0.118426812598755,0.118426812598755,0.0
fit_joint_tsne_vi_seed311_C03Sc02_vt_seed10,6,seed155,gamma_growth,1.71500846789226,1.71500846789226,0.0
fit_joint_tsne_vi_seed311_C03Sc02_vt_seed10,6,seed155,log10_mu_hp,-1.6219577100252,-1.6219577100252,0.0
fit_joint_tsne_vi_seed311_C03Sc02_vt_seed10,6,seed155,log10_p_misseg,-1.37445516633218,-1.37445516633218,0.0
fit_joint_tsne_vi_seed311_C03Sc02_vt_seed10,6,seed155,log10_k_o_mis,-3.39417693088808,-3.39417693088808,0.0
fit_joint_tsne_vi_seed311_C03Sc02_vt_seed10,6,seed155,buffer_smax,0.952056423505255,0.952056423505255,0.0
fit_joint_tsne_vi_seed311_C03Sc02_vt_seed10,6,seed155,log10_buffer_beta,-0.401420568033222,-0.401420568033222,0.0
fit_joint_tsne_vi_seed311_C03Sc02_vt_seed10,6,seed155,log10_buffer_n_exp,0.704851869299439,0.704851869299439,0.0
fit_joint_tsne_vi_seed311_C03Sc02_vt_seed10,6,seed155,n_O,3.38035900462499,3.38035900462499,0.0
fit_joint_tsne_vi_seed311_C03Sc02_vt_seed10,6,seed155,log10_lam_max,-0.196511450648683,-0.196511450648683,0.0
fit_joint_tsne_vi_seed311_C03Sc02_vt_seed10,6,seed155,log10_p_mis_base,-3.1974966242073,-3.1974966242073,0.0
fit_joint_tsne_vi_seed311_C03Sc02_vt_seed10,6,seed155,log10_p_wgd,-3.28050140050511,-3.28050140050511,0.0
fit_joint_tsne_vi_seed311_C03Sc02_vt_seed10,6,seed155,gamma_mu,1.66942033764651,1.66942033764651,0.0
fit_joint_tsne_vi_seed311_C03Sc02_vt_seed10,6,seed155,delta__log10_O2_crit,-0.485899823198656,-0.485899823198656,0.0
fit_joint_tsne_vi_seed311_C03Sc02_vt_seed10,6,seed155,delta__log10_alpha_o2,0.838913616525472,0.838913616525472,0.0
fit_joint_tsne_vi_seed311_C03Sc02_vt_seed10,6,seed155,delta__gamma_growth,0.43001693578451,0.43001693578451,0.0
fit_joint_tsne_vi_seed311_C03Sc02_vt_seed10,6,seed155,delta__log10_mu_hp,1.35814457127756,1.35814457127756,0.0
fit_joint_tsne_vi_seed311_C03Sc02_vt_seed10,6,seed155,delta__log10_p_misseg,1.20429539748764,1.20429539748764,0.0
fit_joint_tsne_vi_seed311_C03Sc02_vt_seed10,6,seed155,delta__log10_k_o_mis,1.10626839036423,1.10626839036423,0.0
fit_joint_tsne_vi_seed311_C03Sc02_vt_seed10,6,seed155,delta__buffer_smax,-0.09588715298949,-0.09588715298949,0.0
fit_joint_tsne_vi_seed311_C03Sc02_vt_seed10,6,seed155,delta__log10_buffer_beta,-1.20625261384406,-1.20625261384406,0.0
fit_joint_tsne_vi_seed311_C03Sc02_vt_seed10,6,seed155,delta__log10_buffer_n_exp,0.410998833261865,0.410998833261865,0.0
fit_joint_tsne_vi_seed311_C03Sc02_vt_seed10,6,seed155,delta__n_O,3.02356834192001,3.02356834192001,0.0
fit_joint_tsne_vi_seed311_C03Sc02_vt_seed10,6,seed155,delta__log10_lam_max,-0.65273458926331,-0.65273458926331,0.0
fit_joint_tsne_vi_seed311_C03Sc02_vt_seed10,6,seed155,delta__log10_p_mis_base,3.74190622269472,3.74190622269472,0.0
fit_joint_tsne_vi_seed311_C03Sc02_vt_seed10,6,seed155,delta__log10_p_wgd,0.398802401359427,0.0128214139867717,0.3859809873726553
fit_joint_tsne_vi_seed311_C03Sc02_vt_seed10,6,seed155,delta__gamma_mu,0.93884067529301,0.93884067529301,0.0
fit_joint_tsne_vi_seed311_C03Sc02_vt_seed10,7,seed264,log10_O2_crit,-0.0425901081438662,-0.0425901081438662,0.0
fit_joint_tsne_vi_seed311_C03Sc02_vt_seed10,7,seed264,log10_alpha_o2,0.118426812598755,0.118426812598755,0.0
fit_joint_tsne_vi_seed311_C03Sc02_vt_seed10,7,seed264,gamma_growth,1.71500846789226,1.71500846789226,0.0
fit_joint_tsne_vi_seed311_C03Sc02_vt_seed10,7,seed264,log10_mu_hp,-1.6219577100252,-1.6219577100252,0.0
fit_joint_tsne_vi_seed311_C03Sc02_vt_seed10,7,seed264,log10_p_misseg,-1.37445516633218,-1.37445516633218,0.0
fit_joint_tsne_vi_seed311_C03Sc02_vt_seed10,7,seed264,log10_k_o_mis,-3.39417693088808,-3.39417693088808,0.0
fit_joint_tsne_vi_seed311_C03Sc02_vt_seed10,7,seed264,buffer_smax,0.952056423505255,0.952056423505255,0.0
fit_joint_tsne_vi_seed311_C03Sc02_vt_seed10,7,seed264,log10_buffer_beta,-0.401420568033222,-0.401420568033222,0.0
fit_joint_tsne_vi_seed311_C03Sc02_vt_seed10,7,seed264,log10_buffer_n_exp,0.704851869299439,0.704851869299439,0.0
fit_joint_tsne_vi_seed311_C03Sc02_vt_seed10,7,seed264,n_O,3.38035900462499,3.38035900462499,0.0
fit_joint_tsne_vi_seed311_C03Sc02_vt_seed10,7,seed264,log10_lam_max,-0.196511450648683,-0.196511450648683,0.0
fit_joint_tsne_vi_seed311_C03Sc02_vt_seed10,7,seed264,log10_p_mis_base,-3.1974966242073,-3.1974966242073,0.0
fit_joint_tsne_vi_seed311_C03Sc02_vt_seed10,7,seed264,log10_p_wgd,-3.28050140050511,-3.28050140050511,0.0
fit_joint_tsne_vi_seed311_C03Sc02_vt_seed10,7,seed264,gamma_mu,1.66942033764651,1.66942033764651,0.0
fit_joint_tsne_vi_seed311_C03Sc02_vt_seed10,7,seed264,delta__log10_O2_crit,-0.485899823198656,-0.485899823198656,0.0
fit_joint_tsne_vi_seed311_C03Sc02_vt_seed10,7,seed264,delta__log10_alpha_o2,0.838913616525472,0.838913616525472,0.0
fit_joint_tsne_vi_seed311_C03Sc02_vt_seed10,7,seed264,delta__gamma_growth,0.43001693578451,0.43001693578451,0.0
fit_joint_tsne_vi_seed311_C03Sc02_vt_seed10,7,seed264,delta__log10_mu_hp,1.35814457127756,1.35814457127756,0.0
fit_joint_tsne_vi_seed311_C03Sc02_vt_seed10,7,seed264,delta__log10_p_misseg,1.20429539748764,1.20429539748764,0.0
fit_joint_tsne_vi_seed311_C03Sc02_vt_seed10,7,seed264,delta__log10_k_o_mis,1.10626839036423,1.10626839036423,0.0
fit_joint_tsne_vi_seed311_C03Sc02_vt_seed10,7,seed264,delta__buffer_smax,-0.09588715298949,-0.09588715298949,0.0
fit_joint_tsne_vi_seed311_C03Sc02_vt_seed10,7,seed264,delta__log10_buffer_beta,-1.20625261384406,-1.20625261384406,0.0
fit_joint_tsne_vi_seed311_C03Sc02_vt_seed10,7,seed264,delta__log10_buffer_n_exp,0.410998833261865,0.410998833261865,0.0
fit_joint_tsne_vi_seed311_C03Sc02_vt_seed10,7,seed264,delta__n_O,3.02356834192001,3.02356834192001,0.0
fit_joint_tsne_vi_seed311_C03Sc02_vt_seed10,7,seed264,delta__log10_lam_max,-0.65273458926331,-0.65273458926331,0.0
fit_joint_tsne_vi_seed311_C03Sc02_vt_seed10,7,seed264,delta__log10_p_mis_base,3.74190622269472,3.74190622269472,0.0
fit_joint_tsne_vi_seed311_C03Sc02_vt_seed10,7,seed264,delta__log10_p_wgd,0.398802401359427,-0.0001135232857998,0.3989159246452268
fit_joint_tsne_vi_seed311_C03Sc02_vt_seed10,7,seed264,delta__gamma_mu,0.93884067529301,0.93884067529301,0.0
fit_joint_tsne_vi_seed311_C03Sc02_vt_seed10,8,seed432,log10_O2_crit,-0.0425901081438662,-0.0425901081438662,0.0
fit_joint_tsne_vi_seed311_C03Sc02_vt_seed10,8,seed432,log10_alpha_o2,0.118426812598755,0.118426812598755,0.0
fit_joint_tsne_vi_seed311_C03Sc02_vt_seed10,8,seed432,gamma_growth,1.71500846789226,1.71500846789226,0.0
fit_joint_tsne_vi_seed311_C03Sc02_vt_seed10,8,seed432,log10_mu_hp,-1.6219577100252,-1.6219577100252,0.0
fit_joint_tsne_vi_seed311_C03Sc02_vt_seed10,8,seed432,log10_p_misseg,-1.37445516633218,-1.37445516633218,0.0
fit_joint_tsne_vi_seed311_C03Sc02_vt_seed10,8,seed432,log10_k_o_mis,-3.39417693088808,-3.39417693088808,0.0
fit_joint_tsne_vi_seed311_C03Sc02_vt_seed10,8,seed432,buffer_smax,0.952056423505255,0.952056423505255,0.0
fit_joint_tsne_vi_seed311_C03Sc02_vt_seed10,8,seed432,log10_buffer_beta,-0.401420568033222,-0.401420568033222,0.0
fit_joint_tsne_vi_seed311_C03Sc02_vt_seed10,8,seed432,log10_buffer_n_exp,0.704851869299439,0.704851869299439,0.0
fit_joint_tsne_vi_seed311_C03Sc02_vt_seed10,8,seed432,n_O,3.38035900462499,3.38035900462499,0.0
fit_joint_tsne_vi_seed311_C03Sc02_vt_seed10,8,seed432,log10_lam_max,-0.196511450648683,-0.196511450648683,0.0
fit_joint_tsne_vi_seed311_C03Sc02_vt_seed10,8,seed432,log10_p_mis_base,-3.1974966242073,-3.1974966242073,0.0
fit_joint_tsne_vi_seed311_C03Sc02_vt_seed10,8,seed432,log10_p_wgd,-3.28050140050511,-3.28050140050511,0.0
fit_joint_tsne_vi_seed311_C03Sc02_vt_seed10,8,seed432,gamma_mu,1.66942033764651,1.66942033764651,0.0
fit_joint_tsne_vi_seed311_C03Sc02_vt_seed10,8,seed432,delta__log10_O2_crit,-0.485899823198656,-0.485899823198656,0.0
fit_joint_tsne_vi_seed311_C03Sc02_vt_seed10,8,seed432,delta__log10_alpha_o2,0.838913616525472,0.838913616525472,0.0
fit_joint_tsne_vi_seed311_C03Sc02_vt_seed10,8,seed432,delta__gamma_growth,0.43001693578451,0.43001693578451,0.0
fit_joint_tsne_vi_seed311_C03Sc02_vt_seed10,8,seed432,delta__log10_mu_hp,1.35814457127756,1.35814457127756,0.0
fit_joint_tsne_vi_seed311_C03Sc02_vt_seed10,8,seed432,delta__log10_p_misseg,1.20429539748764,1.20429539748764,0.0
fit_joint_tsne_vi_seed311_C03Sc02_vt_seed10,8,seed432,delta__log10_k_o_mis,1.10626839036423,1.10626839036423,0.0
fit_joint_tsne_vi_seed311_C03Sc02_vt_seed10,8,seed432,delta__buffer_smax,-0.09588715298949,-0.09588715298949,0.0
fit_joint_tsne_vi_seed311_C03Sc02_vt_seed10,8,seed432,delta__log10_buffer_beta,-1.20625261384406,-1.20625261384406,0.0
fit_joint_tsne_vi_seed311_C03Sc02_vt_seed10,8,seed432,delta__log10_buffer_n_exp,0.410998833261865,0.410998833261865,0.0
fit_joint_tsne_vi_seed311_C03Sc02_vt_seed10,8,seed432,delta__n_O,3.02356834192001,3.02356834192001,0.0
fit_joint_tsne_vi_seed311_C03Sc02_vt_seed10,8,seed432,delta__log10_lam_max,-0.65273458926331,-0.65273458926331,0.0
fit_joint_tsne_vi_seed311_C03Sc02_vt_seed10,8,seed432,delta__log10_p_mis_base,3.74190622269472,3.74190622269472,0.0
fit_joint_tsne_vi_seed311_C03Sc02_vt_seed10,8,seed432,delta__log10_p_wgd,0.398802401359427,0.108596203558993,0.290206197800434
fit_joint_tsne_vi_seed311_C03Sc02_vt_seed10,8,seed432,delta__gamma_mu,0.93884067529301,0.93884067529301,0.0
fit_joint_tsne_vi_seed311_C03Sc02_vt_seed10,9,seed200,log10_O2_crit,-0.0425901081438662,-0.0425901081438662,0.0
fit_joint_tsne_vi_seed311_C03Sc02_vt_seed10,9,seed200,log10_alpha_o2,0.118426812598755,0.118426812598755,0.0
fit_joint_tsne_vi_seed311_C03Sc02_vt_seed10,9,seed200,gamma_growth,1.71500846789226,1.71500846789226,0.0
fit_joint_tsne_vi_seed311_C03Sc02_vt_seed10,9,seed200,log10_mu_hp,-1.6219577100252,-1.6219577100252,0.0
fit_joint_tsne_vi_seed311_C03Sc02_vt_seed10,9,seed200,log10_p_misseg,-1.37445516633218,-1.37445516633218,0.0
fit_joint_tsne_vi_seed311_C03Sc02_vt_seed10,9,seed200,log10_k_o_mis,-3.39417693088808,-3.39417693088808,0.0
fit_joint_tsne_vi_seed311_C03Sc02_vt_seed10,9,seed200,buffer_smax,0.952056423505255,0.952056423505255,0.0
fit_joint_tsne_vi_seed311_C03Sc02_vt_seed10,9,seed200,log10_buffer_beta,-0.401420568033222,-0.401420568033222,0.0
fit_joint_tsne_vi_seed311_C03Sc02_vt_seed10,9,seed200,log10_buffer_n_exp,0.704851869299439,0.704851869299439,0.0
fit_joint_tsne_vi_seed311_C03Sc02_vt_seed10,9,seed200,n_O,3.38035900462499,3.38035900462499,0.0
fit_joint_tsne_vi_seed311_C03Sc02_vt_seed10,9,seed200,log10_lam_max,-0.196511450648683,-0.196511450648683,0.0
fit_joint_tsne_vi_seed311_C03Sc02_vt_seed10,9,seed200,log10_p_mis_base,-3.1974966242073,-3.1974966242073,0.0
fit_joint_tsne_vi_seed311_C03Sc02_vt_seed10,9,seed200,log10_p_wgd,-3.28050140050511,-3.28050140050511,0.0
fit_joint_tsne_vi_seed311_C03Sc02_vt_seed10,9,seed200,gamma_mu,1.66942033764651,1.66942033764651,0.0
fit_joint_tsne_vi_seed311_C03Sc02_vt_seed10,9,seed200,delta__log10_O2_crit,-0.485899823198656,-0.485899823198656,0.0
fit_joint_tsne_vi_seed311_C03Sc02_vt_seed10,9,seed200,delta__log10_alpha_o2,0.838913616525472,0.838913616525472,0.0
fit_joint_tsne_vi_seed311_C03Sc02_vt_seed10,9,seed200,delta__gamma_growth,0.43001693578451,0.43001693578451,0.0
fit_joint_tsne_vi_seed311_C03Sc02_vt_seed10,9,seed200,delta__log10_mu_hp,1.35814457127756,1.35814457127756,0.0
fit_joint_tsne_vi_seed311_C03Sc02_vt_seed10,9,seed200,delta__log10_p_misseg,1.20429539748764,1.20429539748764,0.0
fit_joint_tsne_vi_seed311_C03Sc02_vt_seed10,9,seed200,delta__log10_k_o_mis,1.10626839036423,1.10626839036423,0.0
fit_joint_tsne_vi_seed311_C03Sc02_vt_seed10,9,seed200,delta__buffer_smax,-0.09588715298949,-0.09588715298949,0.0
fit_joint_tsne_vi_seed311_C03Sc02_vt_seed10,9,seed200,delta__log10_buffer_beta,-1.20625261384406,-1.20625261384406,0.0
fit_joint_tsne_vi_seed311_C03Sc02_vt_seed10,9,seed200,delta__log10_buffer_n_exp,0.410998833261865,0.410998833261865,0.0
fit_joint_tsne_vi_seed311_C03Sc02_vt_seed10,9,seed200,delta__n_O,3.02356834192001,3.02356834192001,0.0
fit_joint_tsne_vi_seed311_C03Sc02_vt_seed10,9,seed200,delta__log10_lam_max,-0.65273458926331,-0.65273458926331,0.0
fit_joint_tsne_vi_seed311_C03Sc02_vt_seed10,9,seed200,delta__log10_p_mis_base,3.74190622269472,3.74190622269472,0.0
fit_joint_tsne_vi_seed311_C03Sc02_vt_seed10,9,seed200,delta__log10_p_wgd,0.398802401359427,0.111900442324289,0.28690195903513804
fit_joint_tsne_vi_seed311_C03Sc02_vt_seed10,9,seed200,delta__gamma_mu,0.93884067529301,0.93884067529301,0.0
fit_joint_tsne_vi_seed311_C03Sc02_vt_seed10,10,seed249,log10_O2_crit,-0.0425901081438662,-0.0425901081438662,0.0
fit_joint_tsne_vi_seed311_C03Sc02_vt_seed10,10,seed249,log10_alpha_o2,0.118426812598755,0.118426812598755,0.0
fit_joint_tsne_vi_seed311_C03Sc02_vt_seed10,10,seed249,gamma_growth,1.71500846789226,1.71500846789226,0.0
fit_joint_tsne_vi_seed311_C03Sc02_vt_seed10,10,seed249,log10_mu_hp,-1.6219577100252,-1.6219577100252,0.0
fit_joint_tsne_vi_seed311_C03Sc02_vt_seed10,10,seed249,log10_p_misseg,-1.37445516633218,-1.37445516633218,0.0
fit_joint_tsne_vi_seed311_C03Sc02_vt_seed10,10,seed249,log10_k_o_mis,-3.39417693088808,-3.39417693088808,0.0
fit_joint_tsne_vi_seed311_C03Sc02_vt_seed10,10,seed249,buffer_smax,0.952056423505255,0.952056423505255,0.0
fit_joint_tsne_vi_seed311_C03Sc02_vt_seed10,10,seed249,log10_buffer_beta,-0.401420568033222,-0.401420568033222,0.0
fit_joint_tsne_vi_seed311_C03Sc02_vt_seed10,10,seed249,log10_buffer_n_exp,0.704851869299439,0.704851869299439,0.0
fit_joint_tsne_vi_seed311_C03Sc02_vt_seed10,10,seed249,n_O,3.38035900462499,3.38035900462499,0.0
fit_joint_tsne_vi_seed311_C03Sc02_vt_seed10,10,seed249,log10_lam_max,-0.196511450648683,-0.196511450648683,0.0
fit_joint_tsne_vi_seed311_C03Sc02_vt_seed10,10,seed249,log10_p_mis_base,-3.1974966242073,-3.1974966242073,0.0
fit_joint_tsne_vi_seed311_C03Sc02_vt_seed10,10,seed249,log10_p_wgd,-3.28050140050511,-3.28050140050511,0.0
fit_joint_tsne_vi_seed311_C03Sc02_vt_seed10,10,seed249,gamma_mu,1.66942033764651,1.66942033764651,0.0
fit_joint_tsne_vi_seed311_C03Sc02_vt_seed10,10,seed249,delta__log10_O2_crit,-0.485899823198656,-0.485899823198656,0.0
fit_joint_tsne_vi_seed311_C03Sc02_vt_seed10,10,seed249,delta__log10_alpha_o2,0.838913616525472,0.838913616525472,0.0
fit_joint_tsne_vi_seed311_C03Sc02_vt_seed10,10,seed249,delta__gamma_growth,0.43001693578451,0.43001693578451,0.0
fit_joint_tsne_vi_seed311_C03Sc02_vt_seed10,10,seed249,delta__log10_mu_hp,1.35814457127756,1.35814457127756,0.0
fit_joint_tsne_vi_seed311_C03Sc02_vt_seed10,10,seed249,delta__log10_p_misseg,1.20429539748764,1.20429539748764,0.0
fit_joint_tsne_vi_seed311_C03Sc02_vt_seed10,10,seed249,delta__log10_k_o_mis,1.10626839036423,1.10626839036423,0.0
fit_joint_tsne_vi_seed311_C03Sc02_vt_seed10,10,seed249,delta__buffer_smax,-0.09588715298949,-0.09588715298949,0.0
fit_joint_tsne_vi_seed311_C03Sc02_vt_seed10,10,seed249,delta__log10_buffer_beta,-1.20625261384406,-1.20625261384406,0.0
fit_joint_tsne_vi_seed311_C03Sc02_vt_seed10,10,seed249,delta__log10_buffer_n_exp,0.410998833261865,0.410998833261865,0.0
fit_joint_tsne_vi_seed311_C03Sc02_vt_seed10,10,seed249,delta__n_O,3.02356834192001,3.02356834192001,0.0
fit_joint_tsne_vi_seed311_C03Sc02_vt_seed10,10,seed249,delta__log10_lam_max,-0.65273458926331,-0.65273458926331,0.0
fit_joint_tsne_vi_seed311_C03Sc02_vt_seed10,10,seed249,delta__log10_p_mis_base,3.74190622269472,3.74190622269472,0.0
fit_joint_tsne_vi_seed311_C03Sc02_vt_seed10,10,seed249,delta__log10_p_wgd,0.398802401359427,0.114339605218475,0.28446279614095205
fit_joint_tsne_vi_seed311_C03Sc02_vt_seed10,10,seed249,delta__gamma_mu,0.93884067529301,0.93884067529301,0.0
fit_joint_tsne_vi_seed322_C02Sc02_vt_seed10,1,seed54,log10_O2_crit,0.0924359284040376,0.0924359284040376,0.0
fit_joint_tsne_vi_seed322_C02Sc02_vt_seed10,1,seed54,log10_alpha_o2,-0.301029956497697,-0.301029956497697,0.0
fit_joint_tsne_vi_seed322_C02Sc02_vt_seed10,1,seed54,gamma_growth,2.02418907514387,2.02418907514387,0.0
fit_joint_tsne_vi_seed322_C02Sc02_vt_seed10,1,seed54,log10_mu_hp,-1.79359090564571,-1.79359090564571,0.0
fit_joint_tsne_vi_seed322_C02Sc02_vt_seed10,1,seed54,log10_p_misseg,-1.44979387924752,-1.44979387924752,0.0
fit_joint_tsne_vi_seed322_C02Sc02_vt_seed10,1,seed54,log10_k_o_mis,-3.16076515789878,-3.16076515789878,0.0
fit_joint_tsne_vi_seed322_C02Sc02_vt_seed10,1,seed54,buffer_smax,0.95076317634421,0.95076317634421,0.0
fit_joint_tsne_vi_seed322_C02Sc02_vt_seed10,1,seed54,log10_buffer_beta,-0.348323706232239,-0.348323706232239,0.0
fit_joint_tsne_vi_seed322_C02Sc02_vt_seed10,1,seed54,log10_buffer_n_exp,0.749676226334253,0.749676226334253,0.0
fit_joint_tsne_vi_seed322_C02Sc02_vt_seed10,1,seed54,n_O,2.77154338922664,2.77154338922664,0.0
fit_joint_tsne_vi_seed322_C02Sc02_vt_seed10,1,seed54,log10_lam_max,-0.239008047714046,-0.239008047714046,0.0
fit_joint_tsne_vi_seed322_C02Sc02_vt_seed10,1,seed54,log10_p_mis_base,-3.50148422112938,-3.50148422112938,0.0
fit_joint_tsne_vi_seed322_C02Sc02_vt_seed10,1,seed54,log10_p_wgd,-3.75851763789394,-3.36111016288019,0.3974074750137504
fit_joint_tsne_vi_seed322_C02Sc02_vt_seed10,1,seed54,gamma_mu,1.87660333667694,1.87660333667694,0.0
fit_joint_tsne_vi_seed322_C02Sc02_vt_seed10,1,seed54,delta__log10_O2_crit,-0.215847750102848,-0.215847750102848,0.0
fit_joint_tsne_vi_seed322_C02Sc02_vt_seed10,1,seed54,delta__log10_alpha_o2,7.83325682096603e-08,7.83325682096603e-08,0.0
fit_joint_tsne_vi_seed322_C02Sc02_vt_seed10,1,seed54,delta__gamma_growth,1.04837815028773,1.04837815028773,0.0
fit_joint_tsne_vi_seed322_C02Sc02_vt_seed10,1,seed54,delta__log10_mu_hp,1.01487818003654,1.01487818003654,0.0
fit_joint_tsne_vi_seed322_C02Sc02_vt_seed10,1,seed54,delta__log10_p_misseg,1.05361797165697,1.05361797165697,0.0
fit_joint_tsne_vi_seed322_C02Sc02_vt_seed10,1,seed54,delta__log10_k_o_mis,1.57309193634285,1.57309193634285,0.0
fit_joint_tsne_vi_seed322_C02Sc02_vt_seed10,1,seed54,delta__buffer_smax,-0.098473647311579,-0.098473647311579,0.0
fit_joint_tsne_vi_seed322_C02Sc02_vt_seed10,1,seed54,delta__log10_buffer_beta,-1.1000588902421,-1.1000588902421,0.0
fit_joint_tsne_vi_seed322_C02Sc02_vt_seed10,1,seed54,delta__log10_buffer_n_exp,0.500647547331493,0.500647547331493,0.0
fit_joint_tsne_vi_seed322_C02Sc02_vt_seed10,1,seed54,delta__n_O,1.80593711112329,1.80593711112329,0.0
fit_joint_tsne_vi_seed322_C02Sc02_vt_seed10,1,seed54,delta__log10_lam_max,-0.737727783394035,-0.737727783394035,0.0
fit_joint_tsne_vi_seed322_C02Sc02_vt_seed10,1,seed54,delta__log10_p_mis_base,3.13393102885057,3.13393102885057,0.0
fit_joint_tsne_vi_seed322_C02Sc02_vt_seed10,1,seed54,delta__log10_p_wgd,-0.55723007341823,-0.0786205090075543,0.47860956441067576
fit_joint_tsne_vi_seed322_C02Sc02_vt_seed10,1,seed54,delta__gamma_mu,1.35320667335387,1.35320667335387,0.0
fit_joint_tsne_vi_seed322_C02Sc02_vt_seed10,2,seed52,log10_O2_crit,0.0924359284040376,0.0924359284040376,0.0
fit_joint_tsne_vi_seed322_C02Sc02_vt_seed10,2,seed52,log10_alpha_o2,-0.301029956497697,-0.301029956497697,0.0
fit_joint_tsne_vi_seed322_C02Sc02_vt_seed10,2,seed52,gamma_growth,2.02418907514387,2.02418907514387,0.0
fit_joint_tsne_vi_seed322_C02Sc02_vt_seed10,2,seed52,log10_mu_hp,-1.79359090564571,-1.79359090564571,0.0
fit_joint_tsne_vi_seed322_C02Sc02_vt_seed10,2,seed52,log10_p_misseg,-1.44979387924752,-1.44979387924752,0.0
fit_joint_tsne_vi_seed322_C02Sc02_vt_seed10,2,seed52,log10_k_o_mis,-3.16076515789878,-3.16076515789878,0.0
fit_joint_tsne_vi_seed322_C02Sc02_vt_seed10,2,seed52,buffer_smax,0.95076317634421,0.95076317634421,0.0
fit_joint_tsne_vi_seed322_C02Sc02_vt_seed10,2,seed52,log10_buffer_beta,-0.348323706232239,-0.348323706232239,0.0
fit_joint_tsne_vi_seed322_C02Sc02_vt_seed10,2,seed52,log10_buffer_n_exp,0.749676226334253,0.749676226334253,0.0
fit_joint_tsne_vi_seed322_C02Sc02_vt_seed10,2,seed52,n_O,2.77154338922664,2.77154338922664,0.0
fit_joint_tsne_vi_seed322_C02Sc02_vt_seed10,2,seed52,log10_lam_max,-0.239008047714046,-0.239008047714046,0.0
fit_joint_tsne_vi_seed322_C02Sc02_vt_seed10,2,seed52,log10_p_mis_base,-3.50148422112938,-3.50148422112938,0.0
fit_joint_tsne_vi_seed322_C02Sc02_vt_seed10,2,seed52,log10_p_wgd,-3.75851763789394,-3.75851763789394,0.0
fit_joint_tsne_vi_seed322_C02Sc02_vt_seed10,2,seed52,gamma_mu,1.87660333667694,1.87660333667694,0.0
fit_joint_tsne_vi_seed322_C02Sc02_vt_seed10,2,seed52,delta__log10_O2_crit,-0.215847750102848,-0.215847750102848,0.0
fit_joint_tsne_vi_seed322_C02Sc02_vt_seed10,2,seed52,delta__log10_alpha_o2,7.83325682096603e-08,7.83325682096603e-08,0.0
fit_joint_tsne_vi_seed322_C02Sc02_vt_seed10,2,seed52,delta__gamma_growth,1.04837815028773,1.04837815028773,0.0
fit_joint_tsne_vi_seed322_C02Sc02_vt_seed10,2,seed52,delta__log10_mu_hp,1.01487818003654,1.01487818003654,0.0
fit_joint_tsne_vi_seed322_C02Sc02_vt_seed10,2,seed52,delta__log10_p_misseg,1.05361797165697,1.05361797165697,0.0
fit_joint_tsne_vi_seed322_C02Sc02_vt_seed10,2,seed52,delta__log10_k_o_mis,1.57309193634285,1.57309193634285,0.0
fit_joint_tsne_vi_seed322_C02Sc02_vt_seed10,2,seed52,delta__buffer_smax,-0.098473647311579,-0.098473647311579,0.0
fit_joint_tsne_vi_seed322_C02Sc02_vt_seed10,2,seed52,delta__log10_buffer_beta,-1.1000588902421,-1.1000588902421,0.0
fit_joint_tsne_vi_seed322_C02Sc02_vt_seed10,2,seed52,delta__log10_buffer_n_exp,0.500647547331493,0.500647547331493,0.0
fit_joint_tsne_vi_seed322_C02Sc02_vt_seed10,2,seed52,delta__n_O,1.80593711112329,1.80593711112329,0.0
fit_joint_tsne_vi_seed322_C02Sc02_vt_seed10,2,seed52,delta__log10_lam_max,-0.737727783394035,-0.737727783394035,0.0
fit_joint_tsne_vi_seed322_C02Sc02_vt_seed10,2,seed52,delta__log10_p_mis_base,3.13393102885057,3.13393102885057,0.0
fit_joint_tsne_vi_seed322_C02Sc02_vt_seed10,2,seed52,delta__log10_p_wgd,-0.55723007341823,-0.0138320416683353,0.5433980317498948
fit_joint_tsne_vi_seed322_C02Sc02_vt_seed10,2,seed52,delta__gamma_mu,1.35320667335387,1.35320667335387,0.0
fit_joint_tsne_vi_seed322_C02Sc02_vt_seed10,3,seed80,log10_O2_crit,0.0924359284040376,0.0924359284040376,0.0
fit_joint_tsne_vi_seed322_C02Sc02_vt_seed10,3,seed80,log10_alpha_o2,-0.301029956497697,-0.301029956497697,0.0
fit_joint_tsne_vi_seed322_C02Sc02_vt_seed10,3,seed80,gamma_growth,2.02418907514387,2.02418907514387,0.0
fit_joint_tsne_vi_seed322_C02Sc02_vt_seed10,3,seed80,log10_mu_hp,-1.79359090564571,-1.79359090564571,0.0
fit_joint_tsne_vi_seed322_C02Sc02_vt_seed10,3,seed80,log10_p_misseg,-1.44979387924752,-1.44979387924752,0.0
fit_joint_tsne_vi_seed322_C02Sc02_vt_seed10,3,seed80,log10_k_o_mis,-3.16076515789878,-3.16076515789878,0.0
fit_joint_tsne_vi_seed322_C02Sc02_vt_seed10,3,seed80,buffer_smax,0.95076317634421,0.95076317634421,0.0
fit_joint_tsne_vi_seed322_C02Sc02_vt_seed10,3,seed80,log10_buffer_beta,-0.348323706232239,-0.348323706232239,0.0
fit_joint_tsne_vi_seed322_C02Sc02_vt_seed10,3,seed80,log10_buffer_n_exp,0.749676226334253,0.749676226334253,0.0
fit_joint_tsne_vi_seed322_C02Sc02_vt_seed10,3,seed80,n_O,2.77154338922664,2.77154338922664,0.0
fit_joint_tsne_vi_seed322_C02Sc02_vt_seed10,3,seed80,log10_lam_max,-0.239008047714046,-0.239008047714046,0.0
fit_joint_tsne_vi_seed322_C02Sc02_vt_seed10,3,seed80,log10_p_mis_base,-3.50148422112938,-3.50148422112938,0.0
fit_joint_tsne_vi_seed322_C02Sc02_vt_seed10,3,seed80,log10_p_wgd,-3.75851763789394,-3.65844273374643,0.10007490414751041
fit_joint_tsne_vi_seed322_C02Sc02_vt_seed10,3,seed80,gamma_mu,1.87660333667694,1.87660333667694,0.0
fit_joint_tsne_vi_seed322_C02Sc02_vt_seed10,3,seed80,delta__log10_O2_crit,-0.215847750102848,-0.215847750102848,0.0
fit_joint_tsne_vi_seed322_C02Sc02_vt_seed10,3,seed80,delta__log10_alpha_o2,7.83325682096603e-08,6.94904156412734e-08,8.84215256838689e-09
fit_joint_tsne_vi_seed322_C02Sc02_vt_seed10,3,seed80,delta__gamma_growth,1.04837815028773,1.04837815028773,0.0
fit_joint_tsne_vi_seed322_C02Sc02_vt_seed10,3,seed80,delta__log10_mu_hp,1.01487818003654,1.01487818003654,0.0
fit_joint_tsne_vi_seed322_C02Sc02_vt_seed10,3,seed80,delta__log10_p_misseg,1.05361797165697,1.05361797165697,0.0
fit_joint_tsne_vi_seed322_C02Sc02_vt_seed10,3,seed80,delta__log10_k_o_mis,1.57309193634285,1.57309193634285,0.0
fit_joint_tsne_vi_seed322_C02Sc02_vt_seed10,3,seed80,delta__buffer_smax,-0.098473647311579,-0.098473647311579,0.0
fit_joint_tsne_vi_seed322_C02Sc02_vt_seed10,3,seed80,delta__log10_buffer_beta,-1.1000588902421,-1.1000588902421,0.0
fit_joint_tsne_vi_seed322_C02Sc02_vt_seed10,3,seed80,delta__log10_buffer_n_exp,0.500647547331493,0.500647547331493,0.0
fit_joint_tsne_vi_seed322_C02Sc02_vt_seed10,3,seed80,delta__n_O,1.80593711112329,1.76495934334943,0.040977767773860085
fit_joint_tsne_vi_seed322_C02Sc02_vt_seed10,3,seed80,delta__log10_lam_max,-0.737727783394035,-0.737727783394035,0.0
fit_joint_tsne_vi_seed322_C02Sc02_vt_seed10,3,seed80,delta__log10_p_mis_base,3.13393102885057,3.11754247337568,0.016388555474890154
fit_joint_tsne_vi_seed322_C02Sc02_vt_seed10,3,seed80,delta__log10_p_wgd,-0.55723007341823,-0.129893383440862,0.42733668997736807
fit_joint_tsne_vi_seed322_C02Sc02_vt_seed10,3,seed80,delta__gamma_mu,1.35320667335387,1.35320667335387,0.0
fit_joint_tsne_vi_seed322_C02Sc02_vt_seed10,4,seed174,log10_O2_crit,0.0924359284040376,0.0924359284040376,0.0
fit_joint_tsne_vi_seed322_C02Sc02_vt_seed10,4,seed174,log10_alpha_o2,-0.301029956497697,-0.301029956497697,0.0
fit_joint_tsne_vi_seed322_C02Sc02_vt_seed10,4,seed174,gamma_growth,2.02418907514387,2.02418907514387,0.0
fit_joint_tsne_vi_seed322_C02Sc02_vt_seed10,4,seed174,log10_mu_hp,-1.79359090564571,-1.79359090564571,0.0
fit_joint_tsne_vi_seed322_C02Sc02_vt_seed10,4,seed174,log10_p_misseg,-1.44979387924752,-1.44979387924752,0.0
fit_joint_tsne_vi_seed322_C02Sc02_vt_seed10,4,seed174,log10_k_o_mis,-3.16076515789878,-3.16076515789878,0.0
fit_joint_tsne_vi_seed322_C02Sc02_vt_seed10,4,seed174,buffer_smax,0.95076317634421,0.95076317634421,0.0
fit_joint_tsne_vi_seed322_C02Sc02_vt_seed10,4,seed174,log10_buffer_beta,-0.348323706232239,-0.348323706232239,0.0
fit_joint_tsne_vi_seed322_C02Sc02_vt_seed10,4,seed174,log10_buffer_n_exp,0.749676226334253,0.749676226334253,0.0
fit_joint_tsne_vi_seed322_C02Sc02_vt_seed10,4,seed174,n_O,2.77154338922664,2.77154338922664,0.0
fit_joint_tsne_vi_seed322_C02Sc02_vt_seed10,4,seed174,log10_lam_max,-0.239008047714046,-0.239008047714046,0.0
fit_joint_tsne_vi_seed322_C02Sc02_vt_seed10,4,seed174,log10_p_mis_base,-3.50148422112938,-3.50148422112938,0.0
fit_joint_tsne_vi_seed322_C02Sc02_vt_seed10,4,seed174,log10_p_wgd,-3.75851763789394,-3.75851763789394,0.0
fit_joint_tsne_vi_seed322_C02Sc02_vt_seed10,4,seed174,gamma_mu,1.87660333667694,1.87660333667694,0.0
fit_joint_tsne_vi_seed322_C02Sc02_vt_seed10,4,seed174,delta__log10_O2_crit,-0.215847750102848,-0.215847750102848,0.0
fit_joint_tsne_vi_seed322_C02Sc02_vt_seed10,4,seed174,delta__log10_alpha_o2,7.83325682096603e-08,7.83325682096603e-08,0.0
fit_joint_tsne_vi_seed322_C02Sc02_vt_seed10,4,seed174,delta__gamma_growth,1.04837815028773,1.04837815028773,0.0
fit_joint_tsne_vi_seed322_C02Sc02_vt_seed10,4,seed174,delta__log10_mu_hp,1.01487818003654,1.01487818003654,0.0
fit_joint_tsne_vi_seed322_C02Sc02_vt_seed10,4,seed174,delta__log10_p_misseg,1.05361797165697,1.05361797165697,0.0
fit_joint_tsne_vi_seed322_C02Sc02_vt_seed10,4,seed174,delta__log10_k_o_mis,1.57309193634285,1.57309193634285,0.0
fit_joint_tsne_vi_seed322_C02Sc02_vt_seed10,4,seed174,delta__buffer_smax,-0.098473647311579,-0.098473647311579,0.0
fit_joint_tsne_vi_seed322_C02Sc02_vt_seed10,4,seed174,delta__log10_buffer_beta,-1.1000588902421,-1.1000588902421,0.0
fit_joint_tsne_vi_seed322_C02Sc02_vt_seed10,4,seed174,delta__log10_buffer_n_exp,0.500647547331493,0.500647547331493,0.0
fit_joint_tsne_vi_seed322_C02Sc02_vt_seed10,4,seed174,delta__n_O,1.80593711112329,1.80593711112329,0.0
fit_joint_tsne_vi_seed322_C02Sc02_vt_seed10,4,seed174,delta__log10_lam_max,-0.737727783394035,-0.737727783394035,0.0
fit_joint_tsne_vi_seed322_C02Sc02_vt_seed10,4,seed174,delta__log10_p_mis_base,3.13393102885057,3.13393102885057,0.0
fit_joint_tsne_vi_seed322_C02Sc02_vt_seed10,4,seed174,delta__log10_p_wgd,-0.55723007341823,-0.159195468172097,0.39803460524613304
fit_joint_tsne_vi_seed322_C02Sc02_vt_seed10,4,seed174,delta__gamma_mu,1.35320667335387,1.35320667335387,0.0
fit_joint_tsne_vi_seed322_C02Sc02_vt_seed10,5,seed336,log10_O2_crit,0.0924359284040376,0.0924359284040376,0.0
fit_joint_tsne_vi_seed322_C02Sc02_vt_seed10,5,seed336,log10_alpha_o2,-0.301029956497697,-0.301029956497697,0.0
fit_joint_tsne_vi_seed322_C02Sc02_vt_seed10,5,seed336,gamma_growth,2.02418907514387,2.02418907514387,0.0
fit_joint_tsne_vi_seed322_C02Sc02_vt_seed10,5,seed336,log10_mu_hp,-1.79359090564571,-1.79359090564571,0.0
fit_joint_tsne_vi_seed322_C02Sc02_vt_seed10,5,seed336,log10_p_misseg,-1.44979387924752,-1.44979387924752,0.0
fit_joint_tsne_vi_seed322_C02Sc02_vt_seed10,5,seed336,log10_k_o_mis,-3.16076515789878,-3.16076515789878,0.0
fit_joint_tsne_vi_seed322_C02Sc02_vt_seed10,5,seed336,buffer_smax,0.95076317634421,0.95076317634421,0.0
fit_joint_tsne_vi_seed322_C02Sc02_vt_seed10,5,seed336,log10_buffer_beta,-0.348323706232239,-0.348323706232239,0.0
fit_joint_tsne_vi_seed322_C02Sc02_vt_seed10,5,seed336,log10_buffer_n_exp,0.749676226334253,0.749676226334253,0.0
fit_joint_tsne_vi_seed322_C02Sc02_vt_seed10,5,seed336,n_O,2.77154338922664,2.77154338922664,0.0
fit_joint_tsne_vi_seed322_C02Sc02_vt_seed10,5,seed336,log10_lam_max,-0.239008047714046,-0.239008047714046,0.0
fit_joint_tsne_vi_seed322_C02Sc02_vt_seed10,5,seed336,log10_p_mis_base,-3.50148422112938,-3.50148422112938,0.0
fit_joint_tsne_vi_seed322_C02Sc02_vt_seed10,5,seed336,log10_p_wgd,-3.75851763789394,-3.75851763789394,0.0
fit_joint_tsne_vi_seed322_C02Sc02_vt_seed10,5,seed336,gamma_mu,1.87660333667694,1.87660333667694,0.0
fit_joint_tsne_vi_seed322_C02Sc02_vt_seed10,5,seed336,delta__log10_O2_crit,-0.215847750102848,-0.215847750102848,0.0
fit_joint_tsne_vi_seed322_C02Sc02_vt_seed10,5,seed336,delta__log10_alpha_o2,7.83325682096603e-08,7.83325682096603e-08,0.0
fit_joint_tsne_vi_seed322_C02Sc02_vt_seed10,5,seed336,delta__gamma_growth,1.04837815028773,1.04837815028773,0.0
fit_joint_tsne_vi_seed322_C02Sc02_vt_seed10,5,seed336,delta__log10_mu_hp,1.01487818003654,1.01487818003654,0.0
fit_joint_tsne_vi_seed322_C02Sc02_vt_seed10,5,seed336,delta__log10_p_misseg,1.05361797165697,1.05361797165697,0.0
fit_joint_tsne_vi_seed322_C02Sc02_vt_seed10,5,seed336,delta__log10_k_o_mis,1.57309193634285,1.57309193634285,0.0
fit_joint_tsne_vi_seed322_C02Sc02_vt_seed10,5,seed336,delta__buffer_smax,-0.098473647311579,-0.098473647311579,0.0
fit_joint_tsne_vi_seed322_C02Sc02_vt_seed10,5,seed336,delta__log10_buffer_beta,-1.1000588902421,-1.1000588902421,0.0
fit_joint_tsne_vi_seed322_C02Sc02_vt_seed10,5,seed336,delta__log10_buffer_n_exp,0.500647547331493,0.500647547331493,0.0
fit_joint_tsne_vi_seed322_C02Sc02_vt_seed10,5,seed336,delta__n_O,1.80593711112329,1.80593711112329,0.0
fit_joint_tsne_vi_seed322_C02Sc02_vt_seed10,5,seed336,delta__log10_lam_max,-0.737727783394035,-0.737727783394035,0.0
fit_joint_tsne_vi_seed322_C02Sc02_vt_seed10,5,seed336,delta__log10_p_mis_base,3.13393102885057,3.13393102885057,0.0
fit_joint_tsne_vi_seed322_C02Sc02_vt_seed10,5,seed336,delta__log10_p_wgd,-0.55723007341823,-0.167876508232309,0.389353565185921
fit_joint_tsne_vi_seed322_C02Sc02_vt_seed10,5,seed336,delta__gamma_mu,1.35320667335387,1.35320667335387,0.0
fit_joint_tsne_vi_seed322_C02Sc02_vt_seed10,6,seed132,log10_O2_crit,0.0924359284040376,0.0924359284040376,0.0
fit_joint_tsne_vi_seed322_C02Sc02_vt_seed10,6,seed132,log10_alpha_o2,-0.301029956497697,-0.301029956497697,0.0
fit_joint_tsne_vi_seed322_C02Sc02_vt_seed10,6,seed132,gamma_growth,2.02418907514387,2.02418907514387,0.0
fit_joint_tsne_vi_seed322_C02Sc02_vt_seed10,6,seed132,log10_mu_hp,-1.79359090564571,-1.79359090564571,0.0
fit_joint_tsne_vi_seed322_C02Sc02_vt_seed10,6,seed132,log10_p_misseg,-1.44979387924752,-1.44979387924752,0.0
fit_joint_tsne_vi_seed322_C02Sc02_vt_seed10,6,seed132,log10_k_o_mis,-3.16076515789878,-3.16076515789878,0.0
fit_joint_tsne_vi_seed322_C02Sc02_vt_seed10,6,seed132,buffer_smax,0.95076317634421,0.95076317634421,0.0
fit_joint_tsne_vi_seed322_C02Sc02_vt_seed10,6,seed132,log10_buffer_beta,-0.348323706232239,-0.348323706232239,0.0
fit_joint_tsne_vi_seed322_C02Sc02_vt_seed10,6,seed132,log10_buffer_n_exp,0.749676226334253,0.749676226334253,0.0
fit_joint_tsne_vi_seed322_C02Sc02_vt_seed10,6,seed132,n_O,2.77154338922664,2.77154338922664,0.0
fit_joint_tsne_vi_seed322_C02Sc02_vt_seed10,6,seed132,log10_lam_max,-0.239008047714046,-0.239008047714046,0.0
fit_joint_tsne_vi_seed322_C02Sc02_vt_seed10,6,seed132,log10_p_mis_base,-3.50148422112938,-3.50148422112938,0.0
fit_joint_tsne_vi_seed322_C02Sc02_vt_seed10,6,seed132,log10_p_wgd,-3.75851763789394,-3.75851763789394,0.0
fit_joint_tsne_vi_seed322_C02Sc02_vt_seed10,6,seed132,gamma_mu,1.87660333667694,1.87660333667694,0.0
fit_joint_tsne_vi_seed322_C02Sc02_vt_seed10,6,seed132,delta__log10_O2_crit,-0.215847750102848,-0.215847750102848,0.0
fit_joint_tsne_vi_seed322_C02Sc02_vt_seed10,6,seed132,delta__log10_alpha_o2,7.83325682096603e-08,7.83325682096603e-08,0.0
fit_joint_tsne_vi_seed322_C02Sc02_vt_seed10,6,seed132,delta__gamma_growth,1.04837815028773,1.04837815028773,0.0
fit_joint_tsne_vi_seed322_C02Sc02_vt_seed10,6,seed132,delta__log10_mu_hp,1.01487818003654,1.01487818003654,0.0
fit_joint_tsne_vi_seed322_C02Sc02_vt_seed10,6,seed132,delta__log10_p_misseg,1.05361797165697,1.05361797165697,0.0
fit_joint_tsne_vi_seed322_C02Sc02_vt_seed10,6,seed132,delta__log10_k_o_mis,1.57309193634285,1.57309193634285,0.0
fit_joint_tsne_vi_seed322_C02Sc02_vt_seed10,6,seed132,delta__buffer_smax,-0.098473647311579,-0.098473647311579,0.0
fit_joint_tsne_vi_seed322_C02Sc02_vt_seed10,6,seed132,delta__log10_buffer_beta,-1.1000588902421,-1.1000588902421,0.0
fit_joint_tsne_vi_seed322_C02Sc02_vt_seed10,6,seed132,delta__log10_buffer_n_exp,0.500647547331493,0.500647547331493,0.0
fit_joint_tsne_vi_seed322_C02Sc02_vt_seed10,6,seed132,delta__n_O,1.80593711112329,1.80593711112329,0.0
fit_joint_tsne_vi_seed322_C02Sc02_vt_seed10,6,seed132,delta__log10_lam_max,-0.737727783394035,-0.737727783394035,0.0
fit_joint_tsne_vi_seed322_C02Sc02_vt_seed10,6,seed132,delta__log10_p_mis_base,3.13393102885057,3.13393102885057,0.0
fit_joint_tsne_vi_seed322_C02Sc02_vt_seed10,6,seed132,delta__log10_p_wgd,-0.55723007341823,-0.169074316409189,0.38815575700904104
fit_joint_tsne_vi_seed322_C02Sc02_vt_seed10,6,seed132,delta__gamma_mu,1.35320667335387,1.35320667335387,0.0
fit_joint_tsne_vi_seed322_C02Sc02_vt_seed10,7,seed433,log10_O2_crit,0.0924359284040376,0.0924359284040376,0.0
fit_joint_tsne_vi_seed322_C02Sc02_vt_seed10,7,seed433,log10_alpha_o2,-0.301029956497697,-0.301029956497697,0.0
fit_joint_tsne_vi_seed322_C02Sc02_vt_seed10,7,seed433,gamma_growth,2.02418907514387,2.02418907514387,0.0
fit_joint_tsne_vi_seed322_C02Sc02_vt_seed10,7,seed433,log10_mu_hp,-1.79359090564571,-1.79359090564571,0.0
fit_joint_tsne_vi_seed322_C02Sc02_vt_seed10,7,seed433,log10_p_misseg,-1.44979387924752,-1.44979387924752,0.0
fit_joint_tsne_vi_seed322_C02Sc02_vt_seed10,7,seed433,log10_k_o_mis,-3.16076515789878,-3.16076515789878,0.0
fit_joint_tsne_vi_seed322_C02Sc02_vt_seed10,7,seed433,buffer_smax,0.95076317634421,0.95076317634421,0.0
fit_joint_tsne_vi_seed322_C02Sc02_vt_seed10,7,seed433,log10_buffer_beta,-0.348323706232239,-0.348323706232239,0.0
fit_joint_tsne_vi_seed322_C02Sc02_vt_seed10,7,seed433,log10_buffer_n_exp,0.749676226334253,0.749676226334253,0.0
fit_joint_tsne_vi_seed322_C02Sc02_vt_seed10,7,seed433,n_O,2.77154338922664,2.77154338922664,0.0
fit_joint_tsne_vi_seed322_C02Sc02_vt_seed10,7,seed433,log10_lam_max,-0.239008047714046,-0.239008047714046,0.0
fit_joint_tsne_vi_seed322_C02Sc02_vt_seed10,7,seed433,log10_p_mis_base,-3.50148422112938,-3.50148422112938,0.0
fit_joint_tsne_vi_seed322_C02Sc02_vt_seed10,7,seed433,log10_p_wgd,-3.75851763789394,-3.75851763789394,0.0
fit_joint_tsne_vi_seed322_C02Sc02_vt_seed10,7,seed433,gamma_mu,1.87660333667694,1.87660333667694,0.0
fit_joint_tsne_vi_seed322_C02Sc02_vt_seed10,7,seed433,delta__log10_O2_crit,-0.215847750102848,-0.215847750102848,0.0
fit_joint_tsne_vi_seed322_C02Sc02_vt_seed10,7,seed433,delta__log10_alpha_o2,7.83325682096603e-08,7.83325682096603e-08,0.0
fit_joint_tsne_vi_seed322_C02Sc02_vt_seed10,7,seed433,delta__gamma_growth,1.04837815028773,1.04837815028773,0.0
fit_joint_tsne_vi_seed322_C02Sc02_vt_seed10,7,seed433,delta__log10_mu_hp,1.01487818003654,1.01487818003654,0.0
fit_joint_tsne_vi_seed322_C02Sc02_vt_seed10,7,seed433,delta__log10_p_misseg,1.05361797165697,1.05361797165697,0.0
fit_joint_tsne_vi_seed322_C02Sc02_vt_seed10,7,seed433,delta__log10_k_o_mis,1.57309193634285,1.57309193634285,0.0
fit_joint_tsne_vi_seed322_C02Sc02_vt_seed10,7,seed433,delta__buffer_smax,-0.098473647311579,-0.098473647311579,0.0
fit_joint_tsne_vi_seed322_C02Sc02_vt_seed10,7,seed433,delta__log10_buffer_beta,-1.1000588902421,-1.1000588902421,0.0
fit_joint_tsne_vi_seed322_C02Sc02_vt_seed10,7,seed433,delta__log10_buffer_n_exp,0.500647547331493,0.500647547331493,0.0
fit_joint_tsne_vi_seed322_C02Sc02_vt_seed10,7,seed433,delta__n_O,1.80593711112329,1.80593711112329,0.0
fit_joint_tsne_vi_seed322_C02Sc02_vt_seed10,7,seed433,delta__log10_lam_max,-0.737727783394035,-0.737727783394035,0.0
fit_joint_tsne_vi_seed322_C02Sc02_vt_seed10,7,seed433,delta__log10_p_mis_base,3.13393102885057,3.13393102885057,0.0
fit_joint_tsne_vi_seed322_C02Sc02_vt_seed10,7,seed433,delta__log10_p_wgd,-0.55723007341823,-0.169537057803065,0.38769301561516506
fit_joint_tsne_vi_seed322_C02Sc02_vt_seed10,7,seed433,delta__gamma_mu,1.35320667335387,1.35320667335387,0.0
fit_joint_tsne_vi_seed322_C02Sc02_vt_seed10,8,seed211,log10_O2_crit,0.0924359284040376,0.0924359284040376,0.0
fit_joint_tsne_vi_seed322_C02Sc02_vt_seed10,8,seed211,log10_alpha_o2,-0.301029956497697,-0.301029956497697,0.0
fit_joint_tsne_vi_seed322_C02Sc02_vt_seed10,8,seed211,gamma_growth,2.02418907514387,2.02418907514387,0.0
fit_joint_tsne_vi_seed322_C02Sc02_vt_seed10,8,seed211,log10_mu_hp,-1.79359090564571,-1.79359090564571,0.0
fit_joint_tsne_vi_seed322_C02Sc02_vt_seed10,8,seed211,log10_p_misseg,-1.44979387924752,-1.44979387924752,0.0
fit_joint_tsne_vi_seed322_C02Sc02_vt_seed10,8,seed211,log10_k_o_mis,-3.16076515789878,-3.16076515789878,0.0
fit_joint_tsne_vi_seed322_C02Sc02_vt_seed10,8,seed211,buffer_smax,0.95076317634421,0.95076317634421,0.0
fit_joint_tsne_vi_seed322_C02Sc02_vt_seed10,8,seed211,log10_buffer_beta,-0.348323706232239,-0.348323706232239,0.0
fit_joint_tsne_vi_seed322_C02Sc02_vt_seed10,8,seed211,log10_buffer_n_exp,0.749676226334253,0.749676226334253,0.0
fit_joint_tsne_vi_seed322_C02Sc02_vt_seed10,8,seed211,n_O,2.77154338922664,2.77154338922664,0.0
fit_joint_tsne_vi_seed322_C02Sc02_vt_seed10,8,seed211,log10_lam_max,-0.239008047714046,-0.239008047714046,0.0
fit_joint_tsne_vi_seed322_C02Sc02_vt_seed10,8,seed211,log10_p_mis_base,-3.50148422112938,-3.50148422112938,0.0
fit_joint_tsne_vi_seed322_C02Sc02_vt_seed10,8,seed211,log10_p_wgd,-3.75851763789394,-3.75851763789394,0.0
fit_joint_tsne_vi_seed322_C02Sc02_vt_seed10,8,seed211,gamma_mu,1.87660333667694,1.87660333667694,0.0
fit_joint_tsne_vi_seed322_C02Sc02_vt_seed10,8,seed211,delta__log10_O2_crit,-0.215847750102848,-0.215847750102848,0.0
fit_joint_tsne_vi_seed322_C02Sc02_vt_seed10,8,seed211,delta__log10_alpha_o2,7.83325682096603e-08,7.83325682096603e-08,0.0
fit_joint_tsne_vi_seed322_C02Sc02_vt_seed10,8,seed211,delta__gamma_growth,1.04837815028773,1.04837815028773,0.0
fit_joint_tsne_vi_seed322_C02Sc02_vt_seed10,8,seed211,delta__log10_mu_hp,1.01487818003654,1.01487818003654,0.0
fit_joint_tsne_vi_seed322_C02Sc02_vt_seed10,8,seed211,delta__log10_p_misseg,1.05361797165697,1.05361797165697,0.0
fit_joint_tsne_vi_seed322_C02Sc02_vt_seed10,8,seed211,delta__log10_k_o_mis,1.57309193634285,1.57309193634285,0.0
fit_joint_tsne_vi_seed322_C02Sc02_vt_seed10,8,seed211,delta__buffer_smax,-0.098473647311579,-0.098473647311579,0.0
fit_joint_tsne_vi_seed322_C02Sc02_vt_seed10,8,seed211,delta__log10_buffer_beta,-1.1000588902421,-1.1000588902421,0.0
fit_joint_tsne_vi_seed322_C02Sc02_vt_seed10,8,seed211,delta__log10_buffer_n_exp,0.500647547331493,0.500647547331493,0.0
fit_joint_tsne_vi_seed322_C02Sc02_vt_seed10,8,seed211,delta__n_O,1.80593711112329,1.80593711112329,0.0
fit_joint_tsne_vi_seed322_C02Sc02_vt_seed10,8,seed211,delta__log10_lam_max,-0.737727783394035,-0.737727783394035,0.0
fit_joint_tsne_vi_seed322_C02Sc02_vt_seed10,8,seed211,delta__log10_p_mis_base,3.13393102885057,3.13393102885057,0.0
fit_joint_tsne_vi_seed322_C02Sc02_vt_seed10,8,seed211,delta__log10_p_wgd,-0.55723007341823,-0.181632037401621,0.375598036016609
fit_joint_tsne_vi_seed322_C02Sc02_vt_seed10,8,seed211,delta__gamma_mu,1.35320667335387,1.35320667335387,0.0
fit_joint_tsne_vi_seed322_C02Sc02_vt_seed10,9,seed438,log10_O2_crit,0.0924359284040376,0.0924359284040376,0.0
fit_joint_tsne_vi_seed322_C02Sc02_vt_seed10,9,seed438,log10_alpha_o2,-0.301029956497697,-0.301029956497697,0.0
fit_joint_tsne_vi_seed322_C02Sc02_vt_seed10,9,seed438,gamma_growth,2.02418907514387,2.02418907514387,0.0
fit_joint_tsne_vi_seed322_C02Sc02_vt_seed10,9,seed438,log10_mu_hp,-1.79359090564571,-1.79359090564571,0.0
fit_joint_tsne_vi_seed322_C02Sc02_vt_seed10,9,seed438,log10_p_misseg,-1.44979387924752,-1.44979387924752,0.0
fit_joint_tsne_vi_seed322_C02Sc02_vt_seed10,9,seed438,log10_k_o_mis,-3.16076515789878,-3.16076515789878,0.0
fit_joint_tsne_vi_seed322_C02Sc02_vt_seed10,9,seed438,buffer_smax,0.95076317634421,0.95076317634421,0.0
fit_joint_tsne_vi_seed322_C02Sc02_vt_seed10,9,seed438,log10_buffer_beta,-0.348323706232239,-0.348323706232239,0.0
fit_joint_tsne_vi_seed322_C02Sc02_vt_seed10,9,seed438,log10_buffer_n_exp,0.749676226334253,0.749676226334253,0.0
fit_joint_tsne_vi_seed322_C02Sc02_vt_seed10,9,seed438,n_O,2.77154338922664,2.77154338922664,0.0
fit_joint_tsne_vi_seed322_C02Sc02_vt_seed10,9,seed438,log10_lam_max,-0.239008047714046,-0.239008047714046,0.0
fit_joint_tsne_vi_seed322_C02Sc02_vt_seed10,9,seed438,log10_p_mis_base,-3.50148422112938,-3.50148422112938,0.0
fit_joint_tsne_vi_seed322_C02Sc02_vt_seed10,9,seed438,log10_p_wgd,-3.75851763789394,-3.75851763789394,0.0
fit_joint_tsne_vi_seed322_C02Sc02_vt_seed10,9,seed438,gamma_mu,1.87660333667694,1.87660333667694,0.0
fit_joint_tsne_vi_seed322_C02Sc02_vt_seed10,9,seed438,delta__log10_O2_crit,-0.215847750102848,-0.215847750102848,0.0
fit_joint_tsne_vi_seed322_C02Sc02_vt_seed10,9,seed438,delta__log10_alpha_o2,7.83325682096603e-08,7.83325682096603e-08,0.0
fit_joint_tsne_vi_seed322_C02Sc02_vt_seed10,9,seed438,delta__gamma_growth,1.04837815028773,1.04837815028773,0.0
fit_joint_tsne_vi_seed322_C02Sc02_vt_seed10,9,seed438,delta__log10_mu_hp,1.01487818003654,1.01487818003654,0.0
fit_joint_tsne_vi_seed322_C02Sc02_vt_seed10,9,seed438,delta__log10_p_misseg,1.05361797165697,1.05361797165697,0.0
fit_joint_tsne_vi_seed322_C02Sc02_vt_seed10,9,seed438,delta__log10_k_o_mis,1.57309193634285,1.57309193634285,0.0
fit_joint_tsne_vi_seed322_C02Sc02_vt_seed10,9,seed438,delta__buffer_smax,-0.098473647311579,-0.098473647311579,0.0
fit_joint_tsne_vi_seed322_C02Sc02_vt_seed10,9,seed438,delta__log10_buffer_beta,-1.1000588902421,-1.1000588902421,0.0
fit_joint_tsne_vi_seed322_C02Sc02_vt_seed10,9,seed438,delta__log10_buffer_n_exp,0.500647547331493,0.500647547331493,0.0
fit_joint_tsne_vi_seed322_C02Sc02_vt_seed10,9,seed438,delta__n_O,1.80593711112329,1.80593711112329,0.0
fit_joint_tsne_vi_seed322_C02Sc02_vt_seed10,9,seed438,delta__log10_lam_max,-0.737727783394035,-0.737727783394035,0.0
fit_joint_tsne_vi_seed322_C02Sc02_vt_seed10,9,seed438,delta__log10_p_mis_base,3.13393102885057,3.13393102885057,0.0
fit_joint_tsne_vi_seed322_C02Sc02_vt_seed10,9,seed438,delta__log10_p_wgd,-0.55723007341823,-0.198052808899984,0.35917726451824605
fit_joint_tsne_vi_seed322_C02Sc02_vt_seed10,9,seed438,delta__gamma_mu,1.35320667335387,1.32707904185617,0.02612763149769992
fit_joint_tsne_vi_seed322_C02Sc02_vt_seed10,10,seed295,log10_O2_crit,0.0924359284040376,0.0924359284040376,0.0
fit_joint_tsne_vi_seed322_C02Sc02_vt_seed10,10,seed295,log10_alpha_o2,-0.301029956497697,-0.301029956497697,0.0
fit_joint_tsne_vi_seed322_C02Sc02_vt_seed10,10,seed295,gamma_growth,2.02418907514387,2.02418907514387,0.0
fit_joint_tsne_vi_seed322_C02Sc02_vt_seed10,10,seed295,log10_mu_hp,-1.79359090564571,-1.79359090564571,0.0
fit_joint_tsne_vi_seed322_C02Sc02_vt_seed10,10,seed295,log10_p_misseg,-1.44979387924752,-1.44979387924752,0.0
fit_joint_tsne_vi_seed322_C02Sc02_vt_seed10,10,seed295,log10_k_o_mis,-3.16076515789878,-3.16076515789878,0.0
fit_joint_tsne_vi_seed322_C02Sc02_vt_seed10,10,seed295,buffer_smax,0.95076317634421,0.95076317634421,0.0
fit_joint_tsne_vi_seed322_C02Sc02_vt_seed10,10,seed295,log10_buffer_beta,-0.348323706232239,-0.348323706232239,0.0
fit_joint_tsne_vi_seed322_C02Sc02_vt_seed10,10,seed295,log10_buffer_n_exp,0.749676226334253,0.749676226334253,0.0
fit_joint_tsne_vi_seed322_C02Sc02_vt_seed10,10,seed295,n_O,2.77154338922664,2.77154338922664,0.0
fit_joint_tsne_vi_seed322_C02Sc02_vt_seed10,10,seed295,log10_lam_max,-0.239008047714046,-0.239008047714046,0.0
fit_joint_tsne_vi_seed322_C02Sc02_vt_seed10,10,seed295,log10_p_mis_base,-3.50148422112938,-3.50148422112938,0.0
fit_joint_tsne_vi_seed322_C02Sc02_vt_seed10,10,seed295,log10_p_wgd,-3.75851763789394,-3.75851763789394,0.0
fit_joint_tsne_vi_seed322_C02Sc02_vt_seed10,10,seed295,gamma_mu,1.87660333667694,1.87660333667694,0.0
fit_joint_tsne_vi_seed322_C02Sc02_vt_seed10,10,seed295,delta__log10_O2_crit,-0.215847750102848,-0.215847750102848,0.0
fit_joint_tsne_vi_seed322_C02Sc02_vt_seed10,10,seed295,delta__log10_alpha_o2,7.83325682096603e-08,7.83325682096603e-08,0.0
fit_joint_tsne_vi_seed322_C02Sc02_vt_seed10,10,seed295,delta__gamma_growth,1.04837815028773,1.04837815028773,0.0
fit_joint_tsne_vi_seed322_C02Sc02_vt_seed10,10,seed295,delta__log10_mu_hp,1.01487818003654,1.01487818003654,0.0
fit_joint_tsne_vi_seed322_C02Sc02_vt_seed10,10,seed295,delta__log10_p_misseg,1.05361797165697,1.05361797165697,0.0
fit_joint_tsne_vi_seed322_C02Sc02_vt_seed10,10,seed295,delta__log10_k_o_mis,1.57309193634285,1.57309193634285,0.0
fit_joint_tsne_vi_seed322_C02Sc02_vt_seed10,10,seed295,delta__buffer_smax,-0.098473647311579,-0.098473647311579,0.0
fit_joint_tsne_vi_seed322_C02Sc02_vt_seed10,10,seed295,delta__log10_buffer_beta,-1.1000588902421,-1.1000588902421,0.0
fit_joint_tsne_vi_seed322_C02Sc02_vt_seed10,10,seed295,delta__log10_buffer_n_exp,0.500647547331493,0.500647547331493,0.0
fit_joint_tsne_vi_seed322_C02Sc02_vt_seed10,10,seed295,delta__n_O,1.80593711112329,1.80593711112329,0.0
fit_joint_tsne_vi_seed322_C02Sc02_vt_seed10,10,seed295,delta__log10_lam_max,-0.737727783394035,-0.737727783394035,0.0
fit_joint_tsne_vi_seed322_C02Sc02_vt_seed10,10,seed295,delta__log10_p_mis_base,3.13393102885057,3.13393102885057,0.0
fit_joint_tsne_vi_seed322_C02Sc02_vt_seed10,10,seed295,delta__log10_p_wgd,-0.55723007341823,-0.227022122183703,0.33020795123452706
fit_joint_tsne_vi_seed322_C02Sc02_vt_seed10,10,seed295,delta__gamma_mu,1.35320667335387,1.35320667335387,0.0
fit_joint_tsne_vi_seed366_C01Sc01_vt_seed10,1,seed472,log10_O2_crit,-0.226148508116371,-0.226148508116371,0.0
fit_joint_tsne_vi_seed366_C01Sc01_vt_seed10,1,seed472,log10_alpha_o2,0.0645171318541569,0.0645171318541569,0.0
fit_joint_tsne_vi_seed366_C01Sc01_vt_seed10,1,seed472,gamma_growth,2.40379363126653,2.40379363126653,0.0
fit_joint_tsne_vi_seed366_C01Sc01_vt_seed10,1,seed472,log10_mu_hp,-1.79525411246165,-1.79525411246165,0.0
fit_joint_tsne_vi_seed366_C01Sc01_vt_seed10,1,seed472,log10_p_misseg,-1.4535458521862,-1.4535458521862,0.0
fit_joint_tsne_vi_seed366_C01Sc01_vt_seed10,1,seed472,log10_k_o_mis,-3.46747209044657,-3.46747209044657,0.0
fit_joint_tsne_vi_seed366_C01Sc01_vt_seed10,1,seed472,buffer_smax,0.954257795077643,0.954257795077643,0.0
fit_joint_tsne_vi_seed366_C01Sc01_vt_seed10,1,seed472,log10_buffer_beta,-0.28989539770726,-0.28989539770726,0.0
fit_joint_tsne_vi_seed366_C01Sc01_vt_seed10,1,seed472,log10_buffer_n_exp,0.749676226334253,0.749676226334253,0.0
fit_joint_tsne_vi_seed366_C01Sc01_vt_seed10,1,seed472,n_O,2.02052984291053,2.02052984291053,0.0
fit_joint_tsne_vi_seed366_C01Sc01_vt_seed10,1,seed472,log10_lam_max,-0.245948704866245,-0.245948704866245,0.0
fit_joint_tsne_vi_seed366_C01Sc01_vt_seed10,1,seed472,log10_p_mis_base,-5.06158922438224,-4.80150687200655,0.2600823523756892
fit_joint_tsne_vi_seed366_C01Sc01_vt_seed10,1,seed472,log10_p_wgd,-3.60991329211464,-3.60991329211464,0.0
fit_joint_tsne_vi_seed366_C01Sc01_vt_seed10,1,seed472,gamma_mu,1.91875260625021,1.91875260625021,0.0
fit_joint_tsne_vi_seed366_C01Sc01_vt_seed10,1,seed472,delta__log10_O2_crit,-0.853016623143665,-0.853016623143665,0.0
fit_joint_tsne_vi_seed366_C01Sc01_vt_seed10,1,seed472,delta__log10_alpha_o2,0.731094255036276,0.731094255036276,0.0
fit_joint_tsne_vi_seed366_C01Sc01_vt_seed10,1,seed472,delta__gamma_growth,1.80758726253307,1.80758726253307,0.0
fit_joint_tsne_vi_seed366_C01Sc01_vt_seed10,1,seed472,delta__log10_mu_hp,1.01155176640467,1.01155176640467,0.0
fit_joint_tsne_vi_seed366_C01Sc01_vt_seed10,1,seed472,delta__log10_p_misseg,1.04611402577961,1.04611402577961,0.0
fit_joint_tsne_vi_seed366_C01Sc01_vt_seed10,1,seed472,delta__log10_k_o_mis,0.959678071247266,0.959678071247266,0.0
fit_joint_tsne_vi_seed366_C01Sc01_vt_seed10,1,seed472,delta__buffer_smax,-0.091484409844715,-0.091484409844715,0.0
fit_joint_tsne_vi_seed366_C01Sc01_vt_seed10,1,seed472,delta__log10_buffer_beta,-0.983202273192138,-0.983202273192138,0.0
fit_joint_tsne_vi_seed366_C01Sc01_vt_seed10,1,seed472,delta__log10_buffer_n_exp,0.500647547331493,0.500647547331493,0.0
fit_joint_tsne_vi_seed366_C01Sc01_vt_seed10,1,seed472,delta__n_O,0.30391001849108,0.30391001849108,0.0
fit_joint_tsne_vi_seed366_C01Sc01_vt_seed10,1,seed472,delta__log10_lam_max,-0.751609097698433,-0.751609097698433,0.0
fit_joint_tsne_vi_seed366_C01Sc01_vt_seed10,1,seed472,delta__log10_p_mis_base,0.0137210223448498,0.0137210223448498,0.0
fit_joint_tsne_vi_seed366_C01Sc01_vt_seed10,1,seed472,delta__log10_p_wgd,-0.260021381859637,0.0147937412699808,0.2748151231296178
fit_joint_tsne_vi_seed366_C01Sc01_vt_seed10,1,seed472,delta__gamma_mu,1.43750521250042,1.43750521250042,0.0
fit_joint_tsne_vi_seed366_C01Sc01_vt_seed10,2,seed386,log10_O2_crit,-0.226148508116371,-0.226148508116371,0.0
fit_joint_tsne_vi_seed366_C01Sc01_vt_seed10,2,seed386,log10_alpha_o2,0.0645171318541569,0.0645171318541569,0.0
fit_joint_tsne_vi_seed366_C01Sc01_vt_seed10,2,seed386,gamma_growth,2.40379363126653,2.40379363126653,0.0
fit_joint_tsne_vi_seed366_C01Sc01_vt_seed10,2,seed386,log10_mu_hp,-1.79525411246165,-1.79525411246165,0.0
fit_joint_tsne_vi_seed366_C01Sc01_vt_seed10,2,seed386,log10_p_misseg,-1.4535458521862,-1.4535458521862,0.0
fit_joint_tsne_vi_seed366_C01Sc01_vt_seed10,2,seed386,log10_k_o_mis,-3.46747209044657,-3.46747209044657,0.0
fit_joint_tsne_vi_seed366_C01Sc01_vt_seed10,2,seed386,buffer_smax,0.954257795077643,0.954257795077643,0.0
fit_joint_tsne_vi_seed366_C01Sc01_vt_seed10,2,seed386,log10_buffer_beta,-0.28989539770726,-0.28989539770726,0.0
fit_joint_tsne_vi_seed366_C01Sc01_vt_seed10,2,seed386,log10_buffer_n_exp,0.749676226334253,0.749676226334253,0.0
fit_joint_tsne_vi_seed366_C01Sc01_vt_seed10,2,seed386,n_O,2.02052984291053,2.02052984291053,0.0
fit_joint_tsne_vi_seed366_C01Sc01_vt_seed10,2,seed386,log10_lam_max,-0.245948704866245,-0.245948704866245,0.0
fit_joint_tsne_vi_seed366_C01Sc01_vt_seed10,2,seed386,log10_p_mis_base,-5.06158922438224,-5.06158922438224,0.0
fit_joint_tsne_vi_seed366_C01Sc01_vt_seed10,2,seed386,log10_p_wgd,-3.60991329211464,-3.60991329211464,0.0
fit_joint_tsne_vi_seed366_C01Sc01_vt_seed10,2,seed386,gamma_mu,1.91875260625021,1.91875260625021,0.0
fit_joint_tsne_vi_seed366_C01Sc01_vt_seed10,2,seed386,delta__log10_O2_crit,-0.853016623143665,-0.853016623143665,0.0
fit_joint_tsne_vi_seed366_C01Sc01_vt_seed10,2,seed386,delta__log10_alpha_o2,0.731094255036276,0.731094255036276,0.0
fit_joint_tsne_vi_seed366_C01Sc01_vt_seed10,2,seed386,delta__gamma_growth,1.80758726253307,1.80758726253307,0.0
fit_joint_tsne_vi_seed366_C01Sc01_vt_seed10,2,seed386,delta__log10_mu_hp,1.01155176640467,1.01155176640467,0.0
fit_joint_tsne_vi_seed366_C01Sc01_vt_seed10,2,seed386,delta__log10_p_misseg,1.04611402577961,1.04611402577961,0.0
fit_joint_tsne_vi_seed366_C01Sc01_vt_seed10,2,seed386,delta__log10_k_o_mis,0.959678071247266,0.959678071247266,0.0
fit_joint_tsne_vi_seed366_C01Sc01_vt_seed10,2,seed386,delta__buffer_smax,-0.091484409844715,-0.091484409844715,0.0
fit_joint_tsne_vi_seed366_C01Sc01_vt_seed10,2,seed386,delta__log10_buffer_beta,-0.983202273192138,-0.983202273192138,0.0
fit_joint_tsne_vi_seed366_C01Sc01_vt_seed10,2,seed386,delta__log10_buffer_n_exp,0.500647547331493,0.500647547331493,0.0
fit_joint_tsne_vi_seed366_C01Sc01_vt_seed10,2,seed386,delta__n_O,0.30391001849108,0.30391001849108,0.0
fit_joint_tsne_vi_seed366_C01Sc01_vt_seed10,2,seed386,delta__log10_lam_max,-0.751609097698433,-0.751609097698433,0.0
fit_joint_tsne_vi_seed366_C01Sc01_vt_seed10,2,seed386,delta__log10_p_mis_base,0.0137210223448498,0.0137210223448498,0.0
fit_joint_tsne_vi_seed366_C01Sc01_vt_seed10,2,seed386,delta__log10_p_wgd,-0.260021381859637,-0.0252583222157502,0.23476305964388683
fit_joint_tsne_vi_seed366_C01Sc01_vt_seed10,2,seed386,delta__gamma_mu,1.43750521250042,1.43750521250042,0.0
fit_joint_tsne_vi_seed366_C01Sc01_vt_seed10,3,seed494,log10_O2_crit,-0.226148508116371,-0.226148508116371,0.0
fit_joint_tsne_vi_seed366_C01Sc01_vt_seed10,3,seed494,log10_alpha_o2,0.0645171318541569,0.0645171318541569,0.0
fit_joint_tsne_vi_seed366_C01Sc01_vt_seed10,3,seed494,gamma_growth,2.40379363126653,2.40379363126653,0.0
fit_joint_tsne_vi_seed366_C01Sc01_vt_seed10,3,seed494,log10_mu_hp,-1.79525411246165,-1.79525411246165,0.0
fit_joint_tsne_vi_seed366_C01Sc01_vt_seed10,3,seed494,log10_p_misseg,-1.4535458521862,-1.4535458521862,0.0
fit_joint_tsne_vi_seed366_C01Sc01_vt_seed10,3,seed494,log10_k_o_mis,-3.46747209044657,-3.46747209044657,0.0
fit_joint_tsne_vi_seed366_C01Sc01_vt_seed10,3,seed494,buffer_smax,0.954257795077643,0.954257795077643,0.0
fit_joint_tsne_vi_seed366_C01Sc01_vt_seed10,3,seed494,log10_buffer_beta,-0.28989539770726,-0.28989539770726,0.0
fit_joint_tsne_vi_seed366_C01Sc01_vt_seed10,3,seed494,log10_buffer_n_exp,0.749676226334253,0.749676226334253,0.0
fit_joint_tsne_vi_seed366_C01Sc01_vt_seed10,3,seed494,n_O,2.02052984291053,2.02052984291053,0.0
fit_joint_tsne_vi_seed366_C01Sc01_vt_seed10,3,seed494,log10_lam_max,-0.245948704866245,-0.245948704866245,0.0
fit_joint_tsne_vi_seed366_C01Sc01_vt_seed10,3,seed494,log10_p_mis_base,-5.06158922438224,-5.06158922438224,0.0
fit_joint_tsne_vi_seed366_C01Sc01_vt_seed10,3,seed494,log10_p_wgd,-3.60991329211464,-3.60991329211464,0.0
fit_joint_tsne_vi_seed366_C01Sc01_vt_seed10,3,seed494,gamma_mu,1.91875260625021,1.91875260625021,0.0
fit_joint_tsne_vi_seed366_C01Sc01_vt_seed10,3,seed494,delta__log10_O2_crit,-0.853016623143665,-0.853016623143665,0.0
fit_joint_tsne_vi_seed366_C01Sc01_vt_seed10,3,seed494,delta__log10_alpha_o2,0.731094255036276,0.731094255036276,0.0
fit_joint_tsne_vi_seed366_C01Sc01_vt_seed10,3,seed494,delta__gamma_growth,1.80758726253307,1.80758726253307,0.0
fit_joint_tsne_vi_seed366_C01Sc01_vt_seed10,3,seed494,delta__log10_mu_hp,1.01155176640467,1.01155176640467,0.0
fit_joint_tsne_vi_seed366_C01Sc01_vt_seed10,3,seed494,delta__log10_p_misseg,1.04611402577961,1.04611402577961,0.0
fit_joint_tsne_vi_seed366_C01Sc01_vt_seed10,3,seed494,delta__log10_k_o_mis,0.959678071247266,0.959678071247266,0.0
fit_joint_tsne_vi_seed366_C01Sc01_vt_seed10,3,seed494,delta__buffer_smax,-0.091484409844715,-0.091484409844715,0.0
fit_joint_tsne_vi_seed366_C01Sc01_vt_seed10,3,seed494,delta__log10_buffer_beta,-0.983202273192138,-0.983202273192138,0.0
fit_joint_tsne_vi_seed366_C01Sc01_vt_seed10,3,seed494,delta__log10_buffer_n_exp,0.500647547331493,0.500647547331493,0.0
fit_joint_tsne_vi_seed366_C01Sc01_vt_seed10,3,seed494,delta__n_O,0.30391001849108,0.30391001849108,0.0
fit_joint_tsne_vi_seed366_C01Sc01_vt_seed10,3,seed494,delta__log10_lam_max,-0.751609097698433,-0.751609097698433,0.0
fit_joint_tsne_vi_seed366_C01Sc01_vt_seed10,3,seed494,delta__log10_p_mis_base,0.0137210223448498,0.0172446014838095,0.003523579138959702
fit_joint_tsne_vi_seed366_C01Sc01_vt_seed10,3,seed494,delta__log10_p_wgd,-0.260021381859637,-0.0067919863734539,0.2532293954861831
fit_joint_tsne_vi_seed366_C01Sc01_vt_seed10,3,seed494,delta__gamma_mu,1.43750521250042,1.43750521250042,0.0
fit_joint_tsne_vi_seed366_C01Sc01_vt_seed10,4,seed71,log10_O2_crit,-0.226148508116371,-0.226148508116371,0.0
fit_joint_tsne_vi_seed366_C01Sc01_vt_seed10,4,seed71,log10_alpha_o2,0.0645171318541569,0.0645171318541569,0.0
fit_joint_tsne_vi_seed366_C01Sc01_vt_seed10,4,seed71,gamma_growth,2.40379363126653,2.40379363126653,0.0
fit_joint_tsne_vi_seed366_C01Sc01_vt_seed10,4,seed71,log10_mu_hp,-1.79525411246165,-1.79525411246165,0.0
fit_joint_tsne_vi_seed366_C01Sc01_vt_seed10,4,seed71,log10_p_misseg,-1.4535458521862,-1.4535458521862,0.0
fit_joint_tsne_vi_seed366_C01Sc01_vt_seed10,4,seed71,log10_k_o_mis,-3.46747209044657,-3.46747209044657,0.0
fit_joint_tsne_vi_seed366_C01Sc01_vt_seed10,4,seed71,buffer_smax,0.954257795077643,0.954257795077643,0.0
fit_joint_tsne_vi_seed366_C01Sc01_vt_seed10,4,seed71,log10_buffer_beta,-0.28989539770726,-0.28989539770726,0.0
fit_joint_tsne_vi_seed366_C01Sc01_vt_seed10,4,seed71,log10_buffer_n_exp,0.749676226334253,0.749676226334253,0.0
fit_joint_tsne_vi_seed366_C01Sc01_vt_seed10,4,seed71,n_O,2.02052984291053,2.02052984291053,0.0
fit_joint_tsne_vi_seed366_C01Sc01_vt_seed10,4,seed71,log10_lam_max,-0.245948704866245,-0.245948704866245,0.0
fit_joint_tsne_vi_seed366_C01Sc01_vt_seed10,4,seed71,log10_p_mis_base,-5.06158922438224,-5.61595147823096,0.5543622538487201
fit_joint_tsne_vi_seed366_C01Sc01_vt_seed10,4,seed71,log10_p_wgd,-3.60991329211464,-3.60991329211464,0.0
fit_joint_tsne_vi_seed366_C01Sc01_vt_seed10,4,seed71,gamma_mu,1.91875260625021,1.91875260625021,0.0
fit_joint_tsne_vi_seed366_C01Sc01_vt_seed10,4,seed71,delta__log10_O2_crit,-0.853016623143665,-0.853016623143665,0.0
fit_joint_tsne_vi_seed366_C01Sc01_vt_seed10,4,seed71,delta__log10_alpha_o2,0.731094255036276,0.731094255036276,0.0
fit_joint_tsne_vi_seed366_C01Sc01_vt_seed10,4,seed71,delta__gamma_growth,1.80758726253307,1.80758726253307,0.0
fit_joint_tsne_vi_seed366_C01Sc01_vt_seed10,4,seed71,delta__log10_mu_hp,1.01155176640467,1.01155176640467,0.0
fit_joint_tsne_vi_seed366_C01Sc01_vt_seed10,4,seed71,delta__log10_p_misseg,1.04611402577961,1.04611402577961,0.0
fit_joint_tsne_vi_seed366_C01Sc01_vt_seed10,4,seed71,delta__log10_k_o_mis,0.959678071247266,0.959678071247266,0.0
fit_joint_tsne_vi_seed366_C01Sc01_vt_seed10,4,seed71,delta__buffer_smax,-0.091484409844715,-0.091484409844715,0.0
fit_joint_tsne_vi_seed366_C01Sc01_vt_seed10,4,seed71,delta__log10_buffer_beta,-0.983202273192138,-0.983202273192138,0.0
fit_joint_tsne_vi_seed366_C01Sc01_vt_seed10,4,seed71,delta__log10_buffer_n_exp,0.500647547331493,0.500647547331493,0.0
fit_joint_tsne_vi_seed366_C01Sc01_vt_seed10,4,seed71,delta__n_O,0.30391001849108,0.30391001849108,0.0
fit_joint_tsne_vi_seed366_C01Sc01_vt_seed10,4,seed71,delta__log10_lam_max,-0.751609097698433,-0.751609097698433,0.0
fit_joint_tsne_vi_seed366_C01Sc01_vt_seed10,4,seed71,delta__log10_p_mis_base,0.0137210223448498,0.0119589252880799,0.0017620970567698985
fit_joint_tsne_vi_seed366_C01Sc01_vt_seed10,4,seed71,delta__log10_p_wgd,-0.260021381859637,-0.0234189955184591,0.23660238634117792
fit_joint_tsne_vi_seed366_C01Sc01_vt_seed10,4,seed71,delta__gamma_mu,1.43750521250042,1.43750521250042,0.0
fit_joint_tsne_vi_seed366_C01Sc01_vt_seed10,5,seed178,log10_O2_crit,-0.226148508116371,-0.226148508116371,0.0
fit_joint_tsne_vi_seed366_C01Sc01_vt_seed10,5,seed178,log10_alpha_o2,0.0645171318541569,0.0645171318541569,0.0
fit_joint_tsne_vi_seed366_C01Sc01_vt_seed10,5,seed178,gamma_growth,2.40379363126653,2.40379363126653,0.0
fit_joint_tsne_vi_seed366_C01Sc01_vt_seed10,5,seed178,log10_mu_hp,-1.79525411246165,-1.79525411246165,0.0
fit_joint_tsne_vi_seed366_C01Sc01_vt_seed10,5,seed178,log10_p_misseg,-1.4535458521862,-1.4535458521862,0.0
fit_joint_tsne_vi_seed366_C01Sc01_vt_seed10,5,seed178,log10_k_o_mis,-3.46747209044657,-3.46747209044657,0.0
fit_joint_tsne_vi_seed366_C01Sc01_vt_seed10,5,seed178,buffer_smax,0.954257795077643,0.954257795077643,0.0
fit_joint_tsne_vi_seed366_C01Sc01_vt_seed10,5,seed178,log10_buffer_beta,-0.28989539770726,-0.28989539770726,0.0
fit_joint_tsne_vi_seed366_C01Sc01_vt_seed10,5,seed178,log10_buffer_n_exp,0.749676226334253,0.749676226334253,0.0
fit_joint_tsne_vi_seed366_C01Sc01_vt_seed10,5,seed178,n_O,2.02052984291053,2.02052984291053,0.0
fit_joint_tsne_vi_seed366_C01Sc01_vt_seed10,5,seed178,log10_lam_max,-0.245948704866245,-0.245948704866245,0.0
fit_joint_tsne_vi_seed366_C01Sc01_vt_seed10,5,seed178,log10_p_mis_base,-5.06158922438224,-5.06158922438224,0.0
fit_joint_tsne_vi_seed366_C01Sc01_vt_seed10,5,seed178,log10_p_wgd,-3.60991329211464,-3.60991329211464,0.0
fit_joint_tsne_vi_seed366_C01Sc01_vt_seed10,5,seed178,gamma_mu,1.91875260625021,1.91875260625021,0.0
fit_joint_tsne_vi_seed366_C01Sc01_vt_seed10,5,seed178,delta__log10_O2_crit,-0.853016623143665,-0.853016623143665,0.0
fit_joint_tsne_vi_seed366_C01Sc01_vt_seed10,5,seed178,delta__log10_alpha_o2,0.731094255036276,0.731094255036276,0.0
fit_joint_tsne_vi_seed366_C01Sc01_vt_seed10,5,seed178,delta__gamma_growth,1.80758726253307,1.80758726253307,0.0
fit_joint_tsne_vi_seed366_C01Sc01_vt_seed10,5,seed178,delta__log10_mu_hp,1.01155176640467,1.01155176640467,0.0
fit_joint_tsne_vi_seed366_C01Sc01_vt_seed10,5,seed178,delta__log10_p_misseg,1.04611402577961,1.04611402577961,0.0
fit_joint_tsne_vi_seed366_C01Sc01_vt_seed10,5,seed178,delta__log10_k_o_mis,0.959678071247266,0.959678071247266,0.0
fit_joint_tsne_vi_seed366_C01Sc01_vt_seed10,5,seed178,delta__buffer_smax,-0.091484409844715,-0.091484409844715,0.0
fit_joint_tsne_vi_seed366_C01Sc01_vt_seed10,5,seed178,delta__log10_buffer_beta,-0.983202273192138,-0.983202273192138,0.0
fit_joint_tsne_vi_seed366_C01Sc01_vt_seed10,5,seed178,delta__log10_buffer_n_exp,0.500647547331493,0.500647547331493,0.0
fit_joint_tsne_vi_seed366_C01Sc01_vt_seed10,5,seed178,delta__n_O,0.30391001849108,0.30391001849108,0.0
fit_joint_tsne_vi_seed366_C01Sc01_vt_seed10,5,seed178,delta__log10_lam_max,-0.751609097698433,-0.751609097698433,0.0
fit_joint_tsne_vi_seed366_C01Sc01_vt_seed10,5,seed178,delta__log10_p_mis_base,0.0137210223448498,0.0137210223448498,0.0
fit_joint_tsne_vi_seed366_C01Sc01_vt_seed10,5,seed178,delta__log10_p_wgd,-0.260021381859637,-0.0682555556393532,0.19176582622028382
fit_joint_tsne_vi_seed366_C01Sc01_vt_seed10,5,seed178,delta__gamma_mu,1.43750521250042,1.43750521250042,0.0
fit_joint_tsne_vi_seed366_C01Sc01_vt_seed10,6,seed251,log10_O2_crit,-0.226148508116371,-0.226148508116371,0.0
fit_joint_tsne_vi_seed366_C01Sc01_vt_seed10,6,seed251,log10_alpha_o2,0.0645171318541569,0.0645171318541569,0.0
fit_joint_tsne_vi_seed366_C01Sc01_vt_seed10,6,seed251,gamma_growth,2.40379363126653,2.40379363126653,0.0
fit_joint_tsne_vi_seed366_C01Sc01_vt_seed10,6,seed251,log10_mu_hp,-1.79525411246165,-1.79525411246165,0.0
fit_joint_tsne_vi_seed366_C01Sc01_vt_seed10,6,seed251,log10_p_misseg,-1.4535458521862,-1.4535458521862,0.0
fit_joint_tsne_vi_seed366_C01Sc01_vt_seed10,6,seed251,log10_k_o_mis,-3.46747209044657,-3.46747209044657,0.0
fit_joint_tsne_vi_seed366_C01Sc01_vt_seed10,6,seed251,buffer_smax,0.954257795077643,0.954257795077643,0.0
fit_joint_tsne_vi_seed366_C01Sc01_vt_seed10,6,seed251,log10_buffer_beta,-0.28989539770726,-0.28989539770726,0.0
fit_joint_tsne_vi_seed366_C01Sc01_vt_seed10,6,seed251,log10_buffer_n_exp,0.749676226334253,0.749676226334253,0.0
fit_joint_tsne_vi_seed366_C01Sc01_vt_seed10,6,seed251,n_O,2.02052984291053,2.02052984291053,0.0
fit_joint_tsne_vi_seed366_C01Sc01_vt_seed10,6,seed251,log10_lam_max,-0.245948704866245,-0.245948704866245,0.0
fit_joint_tsne_vi_seed366_C01Sc01_vt_seed10,6,seed251,log10_p_mis_base,-5.06158922438224,-5.06158922438224,0.0
fit_joint_tsne_vi_seed366_C01Sc01_vt_seed10,6,seed251,log10_p_wgd,-3.60991329211464,-3.60991329211464,0.0
fit_joint_tsne_vi_seed366_C01Sc01_vt_seed10,6,seed251,gamma_mu,1.91875260625021,1.91875260625021,0.0
fit_joint_tsne_vi_seed366_C01Sc01_vt_seed10,6,seed251,delta__log10_O2_crit,-0.853016623143665,-0.853016623143665,0.0
fit_joint_tsne_vi_seed366_C01Sc01_vt_seed10,6,seed251,delta__log10_alpha_o2,0.731094255036276,0.731094255036276,0.0
fit_joint_tsne_vi_seed366_C01Sc01_vt_seed10,6,seed251,delta__gamma_growth,1.80758726253307,1.80758726253307,0.0
fit_joint_tsne_vi_seed366_C01Sc01_vt_seed10,6,seed251,delta__log10_mu_hp,1.01155176640467,1.01155176640467,0.0
fit_joint_tsne_vi_seed366_C01Sc01_vt_seed10,6,seed251,delta__log10_p_misseg,1.04611402577961,1.04611402577961,0.0
fit_joint_tsne_vi_seed366_C01Sc01_vt_seed10,6,seed251,delta__log10_k_o_mis,0.959678071247266,0.959678071247266,0.0
fit_joint_tsne_vi_seed366_C01Sc01_vt_seed10,6,seed251,delta__buffer_smax,-0.091484409844715,-0.091484409844715,0.0
fit_joint_tsne_vi_seed366_C01Sc01_vt_seed10,6,seed251,delta__log10_buffer_beta,-0.983202273192138,-0.983202273192138,0.0
fit_joint_tsne_vi_seed366_C01Sc01_vt_seed10,6,seed251,delta__log10_buffer_n_exp,0.500647547331493,0.500647547331493,0.0
fit_joint_tsne_vi_seed366_C01Sc01_vt_seed10,6,seed251,delta__n_O,0.30391001849108,0.30391001849108,0.0
fit_joint_tsne_vi_seed366_C01Sc01_vt_seed10,6,seed251,delta__log10_lam_max,-0.751609097698433,-0.751609097698433,0.0
fit_joint_tsne_vi_seed366_C01Sc01_vt_seed10,6,seed251,delta__log10_p_mis_base,0.0137210223448498,0.0137210223448498,0.0
fit_joint_tsne_vi_seed366_C01Sc01_vt_seed10,6,seed251,delta__log10_p_wgd,-0.260021381859637,-0.0530598112135561,0.20696157064608092
fit_joint_tsne_vi_seed366_C01Sc01_vt_seed10,6,seed251,delta__gamma_mu,1.43750521250042,1.43750521250042,0.0
fit_joint_tsne_vi_seed366_C01Sc01_vt_seed10,7,seed53,log10_O2_crit,-0.226148508116371,-0.226148508116371,0.0
fit_joint_tsne_vi_seed366_C01Sc01_vt_seed10,7,seed53,log10_alpha_o2,0.0645171318541569,0.0645171318541569,0.0
fit_joint_tsne_vi_seed366_C01Sc01_vt_seed10,7,seed53,gamma_growth,2.40379363126653,2.40379363126653,0.0
fit_joint_tsne_vi_seed366_C01Sc01_vt_seed10,7,seed53,log10_mu_hp,-1.79525411246165,-1.79525411246165,0.0
fit_joint_tsne_vi_seed366_C01Sc01_vt_seed10,7,seed53,log10_p_misseg,-1.4535458521862,-1.4535458521862,0.0
fit_joint_tsne_vi_seed366_C01Sc01_vt_seed10,7,seed53,log10_k_o_mis,-3.46747209044657,-3.46747209044657,0.0
fit_joint_tsne_vi_seed366_C01Sc01_vt_seed10,7,seed53,buffer_smax,0.954257795077643,0.954257795077643,0.0
fit_joint_tsne_vi_seed366_C01Sc01_vt_seed10,7,seed53,log10_buffer_beta,-0.28989539770726,-0.28989539770726,0.0
fit_joint_tsne_vi_seed366_C01Sc01_vt_seed10,7,seed53,log10_buffer_n_exp,0.749676226334253,0.749676226334253,0.0
fit_joint_tsne_vi_seed366_C01Sc01_vt_seed10,7,seed53,n_O,2.02052984291053,2.02052984291053,0.0
fit_joint_tsne_vi_seed366_C01Sc01_vt_seed10,7,seed53,log10_lam_max,-0.245948704866245,-0.245948704866245,0.0
fit_joint_tsne_vi_seed366_C01Sc01_vt_seed10,7,seed53,log10_p_mis_base,-5.06158922438224,-5.06158922438224,0.0
fit_joint_tsne_vi_seed366_C01Sc01_vt_seed10,7,seed53,log10_p_wgd,-3.60991329211464,-3.60991329211464,0.0
fit_joint_tsne_vi_seed366_C01Sc01_vt_seed10,7,seed53,gamma_mu,1.91875260625021,1.91875260625021,0.0
fit_joint_tsne_vi_seed366_C01Sc01_vt_seed10,7,seed53,delta__log10_O2_crit,-0.853016623143665,-0.853016623143665,0.0
fit_joint_tsne_vi_seed366_C01Sc01_vt_seed10,7,seed53,delta__log10_alpha_o2,0.731094255036276,0.731094255036276,0.0
fit_joint_tsne_vi_seed366_C01Sc01_vt_seed10,7,seed53,delta__gamma_growth,1.80758726253307,1.80758726253307,0.0
fit_joint_tsne_vi_seed366_C01Sc01_vt_seed10,7,seed53,delta__log10_mu_hp,1.01155176640467,1.01155176640467,0.0
fit_joint_tsne_vi_seed366_C01Sc01_vt_seed10,7,seed53,delta__log10_p_misseg,1.04611402577961,1.04611402577961,0.0
fit_joint_tsne_vi_seed366_C01Sc01_vt_seed10,7,seed53,delta__log10_k_o_mis,0.959678071247266,0.959678071247266,0.0
fit_joint_tsne_vi_seed366_C01Sc01_vt_seed10,7,seed53,delta__buffer_smax,-0.091484409844715,-0.091484409844715,0.0
fit_joint_tsne_vi_seed366_C01Sc01_vt_seed10,7,seed53,delta__log10_buffer_beta,-0.983202273192138,-0.983202273192138,0.0
fit_joint_tsne_vi_seed366_C01Sc01_vt_seed10,7,seed53,delta__log10_buffer_n_exp,0.500647547331493,0.500647547331493,0.0
fit_joint_tsne_vi_seed366_C01Sc01_vt_seed10,7,seed53,delta__n_O,0.30391001849108,0.30391001849108,0.0
fit_joint_tsne_vi_seed366_C01Sc01_vt_seed10,7,seed53,delta__log10_lam_max,-0.751609097698433,-0.751609097698433,0.0
fit_joint_tsne_vi_seed366_C01Sc01_vt_seed10,7,seed53,delta__log10_p_mis_base,0.0137210223448498,0.0122892125491165,0.0014318097957332996
fit_joint_tsne_vi_seed366_C01Sc01_vt_seed10,7,seed53,delta__log10_p_wgd,-0.260021381859637,-0.0903928637301472,0.1696285181294898
fit_joint_tsne_vi_seed366_C01Sc01_vt_seed10,7,seed53,delta__gamma_mu,1.43750521250042,1.43750521250042,0.0
fit_joint_tsne_vi_seed366_C01Sc01_vt_seed10,8,seed140,log10_O2_crit,-0.226148508116371,-0.226148508116371,0.0
fit_joint_tsne_vi_seed366_C01Sc01_vt_seed10,8,seed140,log10_alpha_o2,0.0645171318541569,0.0645171318541569,0.0
fit_joint_tsne_vi_seed366_C01Sc01_vt_seed10,8,seed140,gamma_growth,2.40379363126653,2.40379363126653,0.0
fit_joint_tsne_vi_seed366_C01Sc01_vt_seed10,8,seed140,log10_mu_hp,-1.79525411246165,-1.79525411246165,0.0
fit_joint_tsne_vi_seed366_C01Sc01_vt_seed10,8,seed140,log10_p_misseg,-1.4535458521862,-1.4535458521862,0.0
fit_joint_tsne_vi_seed366_C01Sc01_vt_seed10,8,seed140,log10_k_o_mis,-3.46747209044657,-3.46747209044657,0.0
fit_joint_tsne_vi_seed366_C01Sc01_vt_seed10,8,seed140,buffer_smax,0.954257795077643,0.954257795077643,0.0
fit_joint_tsne_vi_seed366_C01Sc01_vt_seed10,8,seed140,log10_buffer_beta,-0.28989539770726,-0.28989539770726,0.0
fit_joint_tsne_vi_seed366_C01Sc01_vt_seed10,8,seed140,log10_buffer_n_exp,0.749676226334253,0.749676226334253,0.0
fit_joint_tsne_vi_seed366_C01Sc01_vt_seed10,8,seed140,n_O,2.02052984291053,2.02052984291053,0.0
fit_joint_tsne_vi_seed366_C01Sc01_vt_seed10,8,seed140,log10_lam_max,-0.245948704866245,-0.245948704866245,0.0
fit_joint_tsne_vi_seed366_C01Sc01_vt_seed10,8,seed140,log10_p_mis_base,-5.06158922438224,-5.06158922438224,0.0
fit_joint_tsne_vi_seed366_C01Sc01_vt_seed10,8,seed140,log10_p_wgd,-3.60991329211464,-3.60991329211464,0.0
fit_joint_tsne_vi_seed366_C01Sc01_vt_seed10,8,seed140,gamma_mu,1.91875260625021,1.91875260625021,0.0
fit_joint_tsne_vi_seed366_C01Sc01_vt_seed10,8,seed140,delta__log10_O2_crit,-0.853016623143665,-0.853016623143665,0.0
fit_joint_tsne_vi_seed366_C01Sc01_vt_seed10,8,seed140,delta__log10_alpha_o2,0.731094255036276,0.731094255036276,0.0
fit_joint_tsne_vi_seed366_C01Sc01_vt_seed10,8,seed140,delta__gamma_growth,1.80758726253307,1.80758726253307,0.0
fit_joint_tsne_vi_seed366_C01Sc01_vt_seed10,8,seed140,delta__log10_mu_hp,1.01155176640467,1.01155176640467,0.0
fit_joint_tsne_vi_seed366_C01Sc01_vt_seed10,8,seed140,delta__log10_p_misseg,1.04611402577961,1.04611402577961,0.0
fit_joint_tsne_vi_seed366_C01Sc01_vt_seed10,8,seed140,delta__log10_k_o_mis,0.959678071247266,0.959678071247266,0.0
fit_joint_tsne_vi_seed366_C01Sc01_vt_seed10,8,seed140,delta__buffer_smax,-0.091484409844715,-0.091484409844715,0.0
fit_joint_tsne_vi_seed366_C01Sc01_vt_seed10,8,seed140,delta__log10_buffer_beta,-0.983202273192138,-0.983202273192138,0.0
fit_joint_tsne_vi_seed366_C01Sc01_vt_seed10,8,seed140,delta__log10_buffer_n_exp,0.500647547331493,0.500647547331493,0.0
fit_joint_tsne_vi_seed366_C01Sc01_vt_seed10,8,seed140,delta__n_O,0.30391001849108,0.30391001849108,0.0
fit_joint_tsne_vi_seed366_C01Sc01_vt_seed10,8,seed140,delta__log10_lam_max,-0.751609097698433,-0.751609097698433,0.0
fit_joint_tsne_vi_seed366_C01Sc01_vt_seed10,8,seed140,delta__log10_p_mis_base,0.0137210223448498,0.0137210223448498,0.0
fit_joint_tsne_vi_seed366_C01Sc01_vt_seed10,8,seed140,delta__log10_p_wgd,-0.260021381859637,-0.083786471882656,0.17623490997698102
fit_joint_tsne_vi_seed366_C01Sc01_vt_seed10,8,seed140,delta__gamma_mu,1.43750521250042,1.43750521250042,0.0
fit_joint_tsne_vi_seed366_C01Sc01_vt_seed10,9,seed276,log10_O2_crit,-0.226148508116371,-0.226148508116371,0.0
fit_joint_tsne_vi_seed366_C01Sc01_vt_seed10,9,seed276,log10_alpha_o2,0.0645171318541569,0.0645171318541569,0.0
fit_joint_tsne_vi_seed366_C01Sc01_vt_seed10,9,seed276,gamma_growth,2.40379363126653,2.40379363126653,0.0
fit_joint_tsne_vi_seed366_C01Sc01_vt_seed10,9,seed276,log10_mu_hp,-1.79525411246165,-1.79525411246165,0.0
fit_joint_tsne_vi_seed366_C01Sc01_vt_seed10,9,seed276,log10_p_misseg,-1.4535458521862,-1.4535458521862,0.0
fit_joint_tsne_vi_seed366_C01Sc01_vt_seed10,9,seed276,log10_k_o_mis,-3.46747209044657,-3.46747209044657,0.0
fit_joint_tsne_vi_seed366_C01Sc01_vt_seed10,9,seed276,buffer_smax,0.954257795077643,0.954257795077643,0.0
fit_joint_tsne_vi_seed366_C01Sc01_vt_seed10,9,seed276,log10_buffer_beta,-0.28989539770726,-0.28989539770726,0.0
fit_joint_tsne_vi_seed366_C01Sc01_vt_seed10,9,seed276,log10_buffer_n_exp,0.749676226334253,0.749676226334253,0.0
fit_joint_tsne_vi_seed366_C01Sc01_vt_seed10,9,seed276,n_O,2.02052984291053,2.02052984291053,0.0
fit_joint_tsne_vi_seed366_C01Sc01_vt_seed10,9,seed276,log10_lam_max,-0.245948704866245,-0.245948704866245,0.0
fit_joint_tsne_vi_seed366_C01Sc01_vt_seed10,9,seed276,log10_p_mis_base,-5.06158922438224,-5.06158922438224,0.0
fit_joint_tsne_vi_seed366_C01Sc01_vt_seed10,9,seed276,log10_p_wgd,-3.60991329211464,-3.60991329211464,0.0
fit_joint_tsne_vi_seed366_C01Sc01_vt_seed10,9,seed276,gamma_mu,1.91875260625021,1.91875260625021,0.0
fit_joint_tsne_vi_seed366_C01Sc01_vt_seed10,9,seed276,delta__log10_O2_crit,-0.853016623143665,-0.853016623143665,0.0
fit_joint_tsne_vi_seed366_C01Sc01_vt_seed10,9,seed276,delta__log10_alpha_o2,0.731094255036276,0.731094255036276,0.0
fit_joint_tsne_vi_seed366_C01Sc01_vt_seed10,9,seed276,delta__gamma_growth,1.80758726253307,1.80758726253307,0.0
fit_joint_tsne_vi_seed366_C01Sc01_vt_seed10,9,seed276,delta__log10_mu_hp,1.01155176640467,1.01155176640467,0.0
fit_joint_tsne_vi_seed366_C01Sc01_vt_seed10,9,seed276,delta__log10_p_misseg,1.04611402577961,1.04611402577961,0.0
fit_joint_tsne_vi_seed366_C01Sc01_vt_seed10,9,seed276,delta__log10_k_o_mis,0.959678071247266,0.959678071247266,0.0
fit_joint_tsne_vi_seed366_C01Sc01_vt_seed10,9,seed276,delta__buffer_smax,-0.091484409844715,-0.091484409844715,0.0
fit_joint_tsne_vi_seed366_C01Sc01_vt_seed10,9,seed276,delta__log10_buffer_beta,-0.983202273192138,-0.983202273192138,0.0
fit_joint_tsne_vi_seed366_C01Sc01_vt_seed10,9,seed276,delta__log10_buffer_n_exp,0.500647547331493,0.500647547331493,0.0
fit_joint_tsne_vi_seed366_C01Sc01_vt_seed10,9,seed276,delta__n_O,0.30391001849108,0.30391001849108,0.0
fit_joint_tsne_vi_seed366_C01Sc01_vt_seed10,9,seed276,delta__log10_lam_max,-0.751609097698433,-0.751609097698433,0.0
fit_joint_tsne_vi_seed366_C01Sc01_vt_seed10,9,seed276,delta__log10_p_mis_base,0.0137210223448498,0.0088452129614238,0.004875809383425999
fit_joint_tsne_vi_seed366_C01Sc01_vt_seed10,9,seed276,delta__log10_p_wgd,-0.260021381859637,-0.0907822622139711,0.16923911964566593
fit_joint_tsne_vi_seed366_C01Sc01_vt_seed10,9,seed276,delta__gamma_mu,1.43750521250042,1.43750521250042,0.0
fit_joint_tsne_vi_seed366_C01Sc01_vt_seed10,10,seed279,log10_O2_crit,-0.226148508116371,-0.226148508116371,0.0
fit_joint_tsne_vi_seed366_C01Sc01_vt_seed10,10,seed279,log10_alpha_o2,0.0645171318541569,0.0645171318541569,0.0
fit_joint_tsne_vi_seed366_C01Sc01_vt_seed10,10,seed279,gamma_growth,2.40379363126653,2.40379363126653,0.0
fit_joint_tsne_vi_seed366_C01Sc01_vt_seed10,10,seed279,log10_mu_hp,-1.79525411246165,-1.79525411246165,0.0
fit_joint_tsne_vi_seed366_C01Sc01_vt_seed10,10,seed279,log10_p_misseg,-1.4535458521862,-1.4535458521862,0.0
fit_joint_tsne_vi_seed366_C01Sc01_vt_seed10,10,seed279,log10_k_o_mis,-3.46747209044657,-3.46747209044657,0.0
fit_joint_tsne_vi_seed366_C01Sc01_vt_seed10,10,seed279,buffer_smax,0.954257795077643,0.954257795077643,0.0
fit_joint_tsne_vi_seed366_C01Sc01_vt_seed10,10,seed279,log10_buffer_beta,-0.28989539770726,-0.28989539770726,0.0
fit_joint_tsne_vi_seed366_C01Sc01_vt_seed10,10,seed279,log10_buffer_n_exp,0.749676226334253,0.749676226334253,0.0
fit_joint_tsne_vi_seed366_C01Sc01_vt_seed10,10,seed279,n_O,2.02052984291053,2.02052984291053,0.0
fit_joint_tsne_vi_seed366_C01Sc01_vt_seed10,10,seed279,log10_lam_max,-0.245948704866245,-0.245948704866245,0.0
fit_joint_tsne_vi_seed366_C01Sc01_vt_seed10,10,seed279,log10_p_mis_base,-5.06158922438224,-5.06158922438224,0.0
fit_joint_tsne_vi_seed366_C01Sc01_vt_seed10,10,seed279,log10_p_wgd,-3.60991329211464,-3.60991329211464,0.0
fit_joint_tsne_vi_seed366_C01Sc01_vt_seed10,10,seed279,gamma_mu,1.91875260625021,1.91875260625021,0.0
fit_joint_tsne_vi_seed366_C01Sc01_vt_seed10,10,seed279,delta__log10_O2_crit,-0.853016623143665,-0.853016623143665,0.0
fit_joint_tsne_vi_seed366_C01Sc01_vt_seed10,10,seed279,delta__log10_alpha_o2,0.731094255036276,0.731094255036276,0.0
fit_joint_tsne_vi_seed366_C01Sc01_vt_seed10,10,seed279,delta__gamma_growth,1.80758726253307,1.80758726253307,0.0
fit_joint_tsne_vi_seed366_C01Sc01_vt_seed10,10,seed279,delta__log10_mu_hp,1.01155176640467,1.01155176640467,0.0
fit_joint_tsne_vi_seed366_C01Sc01_vt_seed10,10,seed279,delta__log10_p_misseg,1.04611402577961,1.04611402577961,0.0
fit_joint_tsne_vi_seed366_C01Sc01_vt_seed10,10,seed279,delta__log10_k_o_mis,0.959678071247266,0.959678071247266,0.0
fit_joint_tsne_vi_seed366_C01Sc01_vt_seed10,10,seed279,delta__buffer_smax,-0.091484409844715,-0.091484409844715,0.0
fit_joint_tsne_vi_seed366_C01Sc01_vt_seed10,10,seed279,delta__log10_buffer_beta,-0.983202273192138,-0.983202273192138,0.0
fit_joint_tsne_vi_seed366_C01Sc01_vt_seed10,10,seed279,delta__log10_buffer_n_exp,0.500647547331493,0.500647547331493,0.0
fit_joint_tsne_vi_seed366_C01Sc01_vt_seed10,10,seed279,delta__n_O,0.30391001849108,0.30391001849108,0.0
fit_joint_tsne_vi_seed366_C01Sc01_vt_seed10,10,seed279,delta__log10_lam_max,-0.751609097698433,-0.751609097698433,0.0
fit_joint_tsne_vi_seed366_C01Sc01_vt_seed10,10,seed279,delta__log10_p_mis_base,0.0137210223448498,0.0130065474734055,0.0007144748714442983
fit_joint_tsne_vi_seed366_C01Sc01_vt_seed10,10,seed279,delta__log10_p_wgd,-0.260021381859637,-0.0993805285739461,0.16064085328569094
fit_joint_tsne_vi_seed366_C01Sc01_vt_seed10,10,seed279,delta__gamma_mu,1.43750521250042,1.43750521250042,0.0
