observation_id	db_source_id	source_id	context_key	cohort	ploidy	lineage_id	scenario_id	condition_replicate	lineage_group	model_passage_id	model_segment_id	lineage_passage_index	landmark_after_passage_index	model_source_depth	model_oxygen_pct	model_mapping_status	observation_role	event	db_event	source_biological_passage	db_biological_passage	db_event_datetime	seed_db_id	seed_datetime	elapsed_days_since_seed	model_endpoint_day	endpoint_offset_days	abs_endpoint_offset_days	endpoint_selection_rank	selected_for_endpoint	likelihood_observation_day	within_model_time_window	include_in_current_endpoint_likelihood	include_in_future_timecourse_likelihood	exclusion_reason	cell_state	dead_count	eligible_denominator	observed_dead_fraction	classification_status	classification_partial	n_bundles_success	n_bundles_failed	n_bundles_unavailable	failure_reasons	ltee_comment_membership	feature_modes	prediction_shard	model_initial_cells	model_final_cells	db_snapshot_file	db_snapshot_server_time	db_snapshot_session_time_zone
SUM-159_NLS_2N_O1_A1_seedT1	SUM-159_NLS_2N_O1_A1_seedT1	SUM-159_NLS_2N_O1_A1_seedT1	SUM-159-NLS-2N	2N	2N	O1	2N-O1	O1	deprived	SUM-159_NLS_2N_O1_A1_seed	2N-O1-A1	1		2	2	formal_main_chain	formal_fixed_endpoint	harvest	harvest	9	9	2024-11-18 13:37:16	SUM-159_NLS_2N_O1_A1_seed	2024-11-15 15:51:50	2.9066	3	-0.0933999999999999	0.0933999999999999	1	TRUE	3	TRUE	TRUE	TRUE		dead_cell	118	9323	0.01265687	classified_full_promoted	FALSE	4	0	0		TRUE	fixed_mask_promoted_full	/home/4470246/Repositories/Reversing-in-vitro-adaptations/code/output/metrics/morphology/sum159_all_db_cloneid_cell_state/predictions_by_cloneid/SUM-159_NLS_2N_O1_A1_seedT1.tsv.gz	763799	6742373	cloneid_passaging_dead_cell_sources_and_parents_20260731.tsv	2026-07-31 23:26:42	UTC
SUM-159_NLS_2N_O1_A2_seedT1	SUM-159_NLS_2N_O1_A2_seedT1	SUM-159_NLS_2N_O1_A2_seedT1	SUM-159-NLS-2N	2N	2N	O1	2N-O1	O1	deprived	SUM-159_NLS_2N_O1_A2_seed	2N-O1-A2	2		3	1	formal_main_chain	formal_intra_passage	harvest	harvest	10	10	2024-11-22 15:56:29	SUM-159_NLS_2N_O1_A2_seed	2024-11-20 15:48:35	2.0055	5	-2.9945	2.9945	2	FALSE		TRUE	FALSE	TRUE	not_closest_harvest_to_fixed_endpoint	dead_cell	39	1143	0.034120735	classified_full_promoted	FALSE	4	0	0		TRUE	fixed_mask_promoted_full	/home/4470246/Repositories/Reversing-in-vitro-adaptations/code/output/metrics/morphology/sum159_all_db_cloneid_cell_state/predictions_by_cloneid/SUM-159_NLS_2N_O1_A2_seedT1.tsv.gz	404570	6311159	cloneid_passaging_dead_cell_sources_and_parents_20260731.tsv	2026-07-31 23:26:42	UTC
SUM-159_NLS_2N_O1_A2_seedT2	SUM-159_NLS_2N_O1_A2_seedT2	SUM-159_NLS_2N_O1_A2_seedT2	SUM-159-NLS-2N	2N	2N	O1	2N-O1	O1	deprived	SUM-159_NLS_2N_O1_A2_seed	2N-O1-A2	2		3	1	formal_main_chain	formal_fixed_endpoint	harvest	harvest	10	10	2024-11-25 15:57:03	SUM-159_NLS_2N_O1_A2_seed	2024-11-20 15:48:35	5.0059	5	0.00589999999999957	0.00589999999999957	1	TRUE	5	FALSE	TRUE	FALSE		dead_cell	332	8724	0.038055938	classified_full_promoted	FALSE	4	0	0		TRUE	fixed_mask_promoted_full	/home/4470246/Repositories/Reversing-in-vitro-adaptations/code/output/metrics/morphology/sum159_all_db_cloneid_cell_state/predictions_by_cloneid/SUM-159_NLS_2N_O1_A2_seedT2.tsv.gz	404570	6311159	cloneid_passaging_dead_cell_sources_and_parents_20260731.tsv	2026-07-31 23:26:42	UTC
SUM-159_NLS_2N_O1_A3_seedT1	SUM-159_NLS_2N_O1_A3_seedT1	SUM-159_NLS_2N_O1_A3_seedT1	SUM-159-NLS-2N	2N	2N	O1	2N-O1	O1	deprived	SUM-159_NLS_2N_O1_A3_seed	2N-O1-A3	3		4	0.5	formal_main_chain	formal_intra_passage	harvest	harvest	11	11	2024-11-29 17:38:49	SUM-159_NLS_2N_O1_A3_seed	2024-11-27 12:59:46	2.1938	5	-2.8062	2.8062	2	FALSE		TRUE	FALSE	TRUE	not_closest_harvest_to_fixed_endpoint	dead_cell	174	2711	0.064182958	classified_full_promoted	FALSE	4	0	0		TRUE	fixed_mask_promoted_full	/home/4470246/Repositories/Reversing-in-vitro-adaptations/code/output/metrics/morphology/sum159_all_db_cloneid_cell_state/predictions_by_cloneid/SUM-159_NLS_2N_O1_A3_seedT1.tsv.gz	396157	7094357	cloneid_passaging_dead_cell_sources_and_parents_20260731.tsv	2026-07-31 23:26:42	UTC
SUM-159_NLS_2N_O1_A3_seedT2	SUM-159_NLS_2N_O1_A3_seedT2	SUM-159_NLS_2N_O1_A3_seedT2	SUM-159-NLS-2N	2N	2N	O1	2N-O1	O1	deprived	SUM-159_NLS_2N_O1_A3_seed	2N-O1-A3	3		4	0.5	formal_main_chain	formal_fixed_endpoint	harvest	harvest	11	11	2024-12-02 12:49:44	SUM-159_NLS_2N_O1_A3_seed	2024-11-27 12:59:46	4.993	5	-0.00699999999999967	0.00699999999999967	1	TRUE	5	TRUE	TRUE	TRUE		dead_cell	398	9906	0.04017767	classified_full_promoted	FALSE	4	0	0		TRUE	fixed_mask_promoted_full	/home/4470246/Repositories/Reversing-in-vitro-adaptations/code/output/metrics/morphology/sum159_all_db_cloneid_cell_state/predictions_by_cloneid/SUM-159_NLS_2N_O1_A3_seedT2.tsv.gz	396157	7094357	cloneid_passaging_dead_cell_sources_and_parents_20260731.tsv	2026-07-31 23:26:42	UTC
SUM-159_NLS_2N_O1_A4_seedT1	SUM-159_NLS_2N_O1_A4_seedT1	SUM-159_NLS_2N_O1_A4_seedT1	SUM-159-NLS-2N	2N	2N	O1	2N-O1	O1	deprived	SUM-159_NLS_2N_O1_A4_seed	2N-O1-A4	4		5	0.3	formal_main_chain	formal_intra_passage	harvest	harvest	12	12	2024-12-06 16:51:07	SUM-159_NLS_2N_O1_A4_seed	2024-12-04 17:24:02	1.9771	5	-3.0229	3.0229	2	FALSE		TRUE	FALSE	TRUE	not_closest_harvest_to_fixed_endpoint	dead_cell	151	3457	0.043679491	classified_full_promoted	FALSE	4	0	0		TRUE	fixed_mask_promoted_full	/home/4470246/Repositories/Reversing-in-vitro-adaptations/code/output/metrics/morphology/sum159_all_db_cloneid_cell_state/predictions_by_cloneid/SUM-159_NLS_2N_O1_A4_seedT1.tsv.gz	546906	7027045	cloneid_passaging_dead_cell_sources_and_parents_20260731.tsv	2026-07-31 23:26:42	UTC
SUM-159_NLS_2N_O1_A4_seedT2	SUM-159_NLS_2N_O1_A4_seedT2	SUM-159_NLS_2N_O1_A4_seedT2	SUM-159-NLS-2N	2N	2N	O1	2N-O1	O1	deprived	SUM-159_NLS_2N_O1_A4_seed	2N-O1-A4	4		5	0.3	formal_main_chain	formal_fixed_endpoint	harvest	harvest	12	12	2024-12-09 14:37:49	SUM-159_NLS_2N_O1_A4_seed	2024-12-04 17:24:02	4.8846	5	-0.1154	0.1154	1	TRUE	5	TRUE	TRUE	TRUE		dead_cell	107	9858	0.010854129	classified_full_promoted	FALSE	4	0	0		TRUE	fixed_mask_promoted_full	/home/4470246/Repositories/Reversing-in-vitro-adaptations/code/output/metrics/morphology/sum159_all_db_cloneid_cell_state/predictions_by_cloneid/SUM-159_NLS_2N_O1_A4_seedT2.tsv.gz	546906	7027045	cloneid_passaging_dead_cell_sources_and_parents_20260731.tsv	2026-07-31 23:26:42	UTC
SUM-159_NLS_2N_O1_A5_seedT1	SUM-159_NLS_2N_O1_A5_seedT1	SUM-159_NLS_2N_O1_A5_seedT1	SUM-159-NLS-2N	2N	2N	O1	2N-O1	O1	deprived	SUM-159_NLS_2N_O1_A5_seed	2N-O1-A5	5		6	0.2	formal_main_chain	formal_intra_passage	harvest	harvest	13	13	2024-12-13 18:59:11	SUM-159_NLS_2N_O1_A5_seed	2024-12-11 17:25:58	2.0647	5	-2.9353	2.9353	2	FALSE		TRUE	FALSE	TRUE	not_closest_harvest_to_fixed_endpoint	dead_cell	363	5263	0.068972069	classified_full_promoted	FALSE	4	0	0		TRUE	fixed_mask_promoted_full	/home/4470246/Repositories/Reversing-in-vitro-adaptations/code/output/metrics/morphology/sum159_all_db_cloneid_cell_state/predictions_by_cloneid/SUM-159_NLS_2N_O1_A5_seedT1.tsv.gz	733415	11809671	cloneid_passaging_dead_cell_sources_and_parents_20260731.tsv	2026-07-31 23:26:42	UTC
SUM-159_NLS_2N_O1_A5_seedT2	SUM-159_NLS_2N_O1_A5_seedT2	SUM-159_NLS_2N_O1_A5_seedT2	SUM-159-NLS-2N	2N	2N	O1	2N-O1	O1	deprived	SUM-159_NLS_2N_O1_A5_seed	2N-O1-A5	5		6	0.2	formal_main_chain	formal_fixed_endpoint	harvest	harvest	13	13	2024-12-16 15:52:45	SUM-159_NLS_2N_O1_A5_seed	2024-12-11 17:25:58	4.9353	5	-0.0647000000000002	0.0647000000000002	1	TRUE	5	TRUE	TRUE	TRUE		dead_cell	255	16513	0.015442379	classified_full_promoted	FALSE	4	0	0		TRUE	fixed_mask_promoted_full	/home/4470246/Repositories/Reversing-in-vitro-adaptations/code/output/metrics/morphology/sum159_all_db_cloneid_cell_state/predictions_by_cloneid/SUM-159_NLS_2N_O1_A5_seedT2.tsv.gz	733415	11809671	cloneid_passaging_dead_cell_sources_and_parents_20260731.tsv	2026-07-31 23:26:42	UTC
SUM-159_NLS_2N_O1_A6_seedT1	SUM-159_NLS_2N_O1_A6_seedT1	SUM-159_NLS_2N_O1_A6_seedT1	SUM-159-NLS-2N	2N	2N	O1	2N-O1	O1	deprived	SUM-159_NLS_2N_O1_A6_seed	2N-O1-A6	6		7	0.1	formal_main_chain	formal_intra_passage	harvest	harvest	14	14	2024-12-20 11:53:22	SUM-159_NLS_2N_O1_A6_seed	2024-12-18 16:42:34	1.7992	5	-3.2008	3.2008	2	FALSE		TRUE	FALSE	TRUE	not_closest_harvest_to_fixed_endpoint	dead_cell	200	3286	0.060864273	classified_full_promoted	FALSE	4	0	0		TRUE	fixed_mask_promoted_full	/home/4470246/Repositories/Reversing-in-vitro-adaptations/code/output/metrics/morphology/sum159_all_db_cloneid_cell_state/predictions_by_cloneid/SUM-159_NLS_2N_O1_A6_seedT1.tsv.gz	480997	8016385	cloneid_passaging_dead_cell_sources_and_parents_20260731.tsv	2026-07-31 23:26:42	UTC
SUM-159_NLS_2N_O1_A6_seedT2	SUM-159_NLS_2N_O1_A6_seedT2	SUM-159_NLS_2N_O1_A6_seedT2	SUM-159-NLS-2N	2N	2N	O1	2N-O1	O1	deprived	SUM-159_NLS_2N_O1_A6_seed	2N-O1-A6	6		7	0.1	formal_main_chain	formal_fixed_endpoint	harvest	harvest	14	14	2024-12-23 13:18:01	SUM-159_NLS_2N_O1_A6_seed	2024-12-18 16:42:34	4.858	5	-0.142	0.142	1	TRUE	5	TRUE	TRUE	TRUE		dead_cell	415	11243	0.036911856	classified_full_promoted	FALSE	4	0	0		TRUE	fixed_mask_promoted_full	/home/4470246/Repositories/Reversing-in-vitro-adaptations/code/output/metrics/morphology/sum159_all_db_cloneid_cell_state/predictions_by_cloneid/SUM-159_NLS_2N_O1_A6_seedT2.tsv.gz	480997	8016385	cloneid_passaging_dead_cell_sources_and_parents_20260731.tsv	2026-07-31 23:26:42	UTC
SUM-159_NLS_2N_O1_A7_seedT1	SUM-159_NLS_2N_O1_A7_seedT1	SUM-159_NLS_2N_O1_A7_seedT1	SUM-159-NLS-2N	2N	2N	O1	2N-O1	O1	deprived	SUM-159_NLS_2N_O1_A7_seed	2N-O1-A7	7		8	0	formal_main_chain	formal_intra_passage	harvest	harvest	15	15	2024-12-27 19:23:43	SUM-159_NLS_2N_O1_A7_seed	2024-12-25 14:50:08	2.19	5	-2.81	2.81	2	FALSE		TRUE	FALSE	TRUE	not_closest_harvest_to_fixed_endpoint	dead_cell	157	3852	0.040758048	classified_full_promoted	FALSE	4	0	0		TRUE	fixed_mask_promoted_full	/home/4470246/Repositories/Reversing-in-vitro-adaptations/code/output/metrics/morphology/sum159_all_db_cloneid_cell_state/predictions_by_cloneid/SUM-159_NLS_2N_O1_A7_seedT1.tsv.gz	365305	6872790	cloneid_passaging_dead_cell_sources_and_parents_20260731.tsv	2026-07-31 23:26:42	UTC
SUM-159_NLS_2N_O1_A7_seedT2	SUM-159_NLS_2N_O1_A7_seedT2	SUM-159_NLS_2N_O1_A7_seedT2	SUM-159-NLS-2N	2N	2N	O1	2N-O1	O1	deprived	SUM-159_NLS_2N_O1_A7_seed	2N-O1-A7	7		8	0	formal_main_chain	formal_fixed_endpoint	harvest	harvest	15	15	2024-12-30 16:22:28	SUM-159_NLS_2N_O1_A7_seed	2024-12-25 14:50:08	5.0641	5	0.0640999999999998	0.0640999999999998	1	TRUE	5	FALSE	TRUE	FALSE		dead_cell	125	9689	0.012901228	classified_full_promoted	FALSE	4	0	0		TRUE	fixed_mask_promoted_full	/home/4470246/Repositories/Reversing-in-vitro-adaptations/code/output/metrics/morphology/sum159_all_db_cloneid_cell_state/predictions_by_cloneid/SUM-159_NLS_2N_O1_A7_seedT2.tsv.gz	365305	6872790	cloneid_passaging_dead_cell_sources_and_parents_20260731.tsv	2026-07-31 23:26:42	UTC
SUM-159_NLS_2N_O1_A8_seedT1	SUM-159_NLS_2N_O1_A8_seedT1	SUM-159_NLS_2N_O1_A8_seedT1	SUM-159-NLS-2N	2N	2N	O1	2N-O1	O1	deprived	SUM-159_NLS_2N_O1_A8_seed	2N-O1-A8	8		9	0	formal_main_chain	formal_intra_passage	harvest	harvest	16	16	2025-05-09 18:22:39	SUM-159_NLS_2N_O1_A8_seed	2025-05-08 16:40:31	1.0709	4	-2.9291	2.9291	2	FALSE		TRUE	FALSE	TRUE	not_closest_harvest_to_fixed_endpoint	dead_cell	56	806	0.069478908	classified_full_promoted	FALSE	4	0	0		TRUE	fixed_mask_promoted_full	/home/4470246/Repositories/Reversing-in-vitro-adaptations/code/output/metrics/morphology/sum159_all_db_cloneid_cell_state/predictions_by_cloneid/SUM-159_NLS_2N_O1_A8_seedT1.tsv.gz	273453	4268740	cloneid_passaging_dead_cell_sources_and_parents_20260731.tsv	2026-07-31 23:26:42	UTC
SUM-159_NLS_2N_O1_A8_seedT2	SUM-159_NLS_2N_O1_A8_seedT2	SUM-159_NLS_2N_O1_A8_seedT2	SUM-159-NLS-2N	2N	2N	O1	2N-O1	O1	deprived	SUM-159_NLS_2N_O1_A8_seed	2N-O1-A8	8		9	0	formal_main_chain	formal_fixed_endpoint	harvest	harvest	16	16	2025-05-12 11:40:52	SUM-159_NLS_2N_O1_A8_seed	2025-05-08 16:40:31	3.7919	4	-0.2081	0.2081	1	TRUE	4	TRUE	TRUE	TRUE		dead_cell	295	4941	0.059704513	classified_full_promoted	FALSE	4	0	0		TRUE	fixed_mask_promoted_full	/home/4470246/Repositories/Reversing-in-vitro-adaptations/code/output/metrics/morphology/sum159_all_db_cloneid_cell_state/predictions_by_cloneid/SUM-159_NLS_2N_O1_A8_seedT2.tsv.gz	273453	4268740	cloneid_passaging_dead_cell_sources_and_parents_20260731.tsv	2026-07-31 23:26:42	UTC
SUM-159_NLS_2N_O1_A9_seedT1	SUM-159_NLS_2N_O1_A9_seedT1	SUM-159_NLS_2N_O1_A9_seedT1	SUM-159-NLS-2N	2N	2N	O1	2N-O1	O1	deprived	SUM-159_NLS_2N_O1_A9_seed	2N-O1-A9	9		10	0	formal_main_chain	formal_intra_passage	harvest	harvest	17	17	2025-05-16 16:42:23	SUM-159_NLS_2N_O1_A9_seed	2025-05-14 15:11:08	2.0634	7	-4.9366	4.9366	3	FALSE		TRUE	FALSE	TRUE	not_closest_harvest_to_fixed_endpoint	dead_cell	67	1269	0.052797478	classified_full_promoted	FALSE	4	0	0		TRUE	fixed_mask_promoted_full	/home/4470246/Repositories/Reversing-in-vitro-adaptations/code/output/metrics/morphology/sum159_all_db_cloneid_cell_state/predictions_by_cloneid/SUM-159_NLS_2N_O1_A9_seedT1.tsv.gz	433335	8047333	cloneid_passaging_dead_cell_sources_and_parents_20260731.tsv	2026-07-31 23:26:42	UTC
SUM-159_NLS_2N_O1_A9_seedT2	SUM-159_NLS_2N_O1_A9_seedT2	SUM-159_NLS_2N_O1_A9_seedT2	SUM-159-NLS-2N	2N	2N	O1	2N-O1	O1	deprived	SUM-159_NLS_2N_O1_A9_seed	2N-O1-A9	9		10	0	formal_main_chain	formal_intra_passage	harvest	harvest	17	17	2025-05-19 18:01:18	SUM-159_NLS_2N_O1_A9_seed	2025-05-14 15:11:08	5.1182	7	-1.8818	1.8818	2	FALSE		TRUE	FALSE	TRUE	not_closest_harvest_to_fixed_endpoint	dead_cell	355	5811	0.061091034	classified_full_promoted	FALSE	4	0	0		TRUE	fixed_mask_promoted_full	/home/4470246/Repositories/Reversing-in-vitro-adaptations/code/output/metrics/morphology/sum159_all_db_cloneid_cell_state/predictions_by_cloneid/SUM-159_NLS_2N_O1_A9_seedT2.tsv.gz	433335	8047333	cloneid_passaging_dead_cell_sources_and_parents_20260731.tsv	2026-07-31 23:26:42	UTC
SUM-159_NLS_2N_O1_A9_seedT3	SUM-159_NLS_2N_O1_A9_seedT3	SUM-159_NLS_2N_O1_A9_seedT3	SUM-159-NLS-2N	2N	2N	O1	2N-O1	O1	deprived	SUM-159_NLS_2N_O1_A9_seed	2N-O1-A9	9		10	0	formal_main_chain	formal_fixed_endpoint	harvest	harvest	17	17	2025-05-21 11:46:21	SUM-159_NLS_2N_O1_A9_seed	2025-05-14 15:11:08	6.8578	7	-0.1422	0.1422	1	TRUE	7	TRUE	TRUE	TRUE		dead_cell	430	8176	0.052592955	classified_full_promoted	FALSE	4	0	0		TRUE	fixed_mask_promoted_full	/home/4470246/Repositories/Reversing-in-vitro-adaptations/code/output/metrics/morphology/sum159_all_db_cloneid_cell_state/predictions_by_cloneid/SUM-159_NLS_2N_O1_A9_seedT3.tsv.gz	433335	8047333	cloneid_passaging_dead_cell_sources_and_parents_20260731.tsv	2026-07-31 23:26:42	UTC
SUM-159_NLS_2N_O1_A10_seedT1	SUM-159_NLS_2N_O1_A10_seedT1	SUM-159_NLS_2N_O1_A10_seedT1	SUM-159-NLS-2N	2N	2N	O1	2N-O1	O1	deprived	SUM-159_NLS_2N_O1_A10_seed	2N-O1-A10	10		11	0	formal_main_chain	formal_intra_passage	harvest	harvest	18	18	2025-05-26 19:11:35	SUM-159_NLS_2N_O1_A10_seed	2025-05-23 18:31:49	3.0276	5	-1.9724	1.9724	2	FALSE		TRUE	FALSE	TRUE	not_closest_harvest_to_fixed_endpoint	dead_cell	349	6257	0.055777529	classified_full_promoted	FALSE	4	0	0		TRUE	fixed_mask_promoted_full	/home/4470246/Repositories/Reversing-in-vitro-adaptations/code/output/metrics/morphology/sum159_all_db_cloneid_cell_state/predictions_by_cloneid/SUM-159_NLS_2N_O1_A10_seedT1.tsv.gz	745247	8643308	cloneid_passaging_dead_cell_sources_and_parents_20260731.tsv	2026-07-31 23:26:42	UTC
SUM-159_NLS_2N_O1_A10_seedT2	SUM-159_NLS_2N_O1_A10_seedT2	SUM-159_NLS_2N_O1_A10_seedT2	SUM-159-NLS-2N	2N	2N	O1	2N-O1	O1	deprived	SUM-159_NLS_2N_O1_A10_seed	2N-O1-A10	10		11	0	formal_main_chain	formal_fixed_endpoint	harvest	harvest	18	18	2025-05-28 16:53:19	SUM-159_NLS_2N_O1_A10_seed	2025-05-23 18:31:49	4.9316	5	-0.0683999999999996	0.0683999999999996	1	TRUE	5	TRUE	TRUE	TRUE		dead_cell	347	8336	0.041626679	classified_full_promoted	FALSE	4	0	0		TRUE	fixed_mask_promoted_full	/home/4470246/Repositories/Reversing-in-vitro-adaptations/code/output/metrics/morphology/sum159_all_db_cloneid_cell_state/predictions_by_cloneid/SUM-159_NLS_2N_O1_A10_seedT2.tsv.gz	745247	8643308	cloneid_passaging_dead_cell_sources_and_parents_20260731.tsv	2026-07-31 23:26:42	UTC
SUM-159_NLS_2N_O1_A11_seedT1	SUM-159_NLS_2N_O1_A11_seedT1	SUM-159_NLS_2N_O1_A11_seedT1	SUM-159-NLS-2N	2N	2N	O1	2N-O1	O1	deprived	SUM-159_NLS_2N_O1_A11_seed	2N-O1-A11	11		12	0	formal_main_chain	formal_intra_passage	harvest	harvest	19	19	2025-06-02 11:55:39	SUM-159_NLS_2N_O1_A11_seed	2025-05-30 11:42:52	3.0089	5	-1.9911	1.9911	2	FALSE		TRUE	FALSE	TRUE	not_closest_harvest_to_fixed_endpoint	dead_cell	702	3718	0.188811189	classified_full_promoted	FALSE	4	0	0		TRUE	fixed_mask_promoted_full	/home/4470246/Repositories/Reversing-in-vitro-adaptations/code/output/metrics/morphology/sum159_all_db_cloneid_cell_state/predictions_by_cloneid/SUM-159_NLS_2N_O1_A11_seedT1.tsv.gz	491262	5817161	cloneid_passaging_dead_cell_sources_and_parents_20260731.tsv	2026-07-31 23:26:42	UTC
SUM-159_NLS_2N_O1_A11_seedT2	SUM-159_NLS_2N_O1_A11_seedT2	SUM-159_NLS_2N_O1_A11_seedT2	SUM-159-NLS-2N	2N	2N	O1	2N-O1	O1	deprived	SUM-159_NLS_2N_O1_A11_seed	2N-O1-A11	11		12	0	formal_main_chain	formal_fixed_endpoint	harvest	harvest	19	19	2025-06-04 13:46:25	SUM-159_NLS_2N_O1_A11_seed	2025-05-30 11:42:52	5.0858	5	0.0857999999999999	0.0857999999999999	1	TRUE	5	FALSE	TRUE	FALSE		dead_cell	718	7342	0.097793517	classified_full_promoted	FALSE	4	0	0		TRUE	fixed_mask_promoted_full	/home/4470246/Repositories/Reversing-in-vitro-adaptations/code/output/metrics/morphology/sum159_all_db_cloneid_cell_state/predictions_by_cloneid/SUM-159_NLS_2N_O1_A11_seedT2.tsv.gz	491262	5817161	cloneid_passaging_dead_cell_sources_and_parents_20260731.tsv	2026-07-31 23:26:42	UTC
SUM-159_NLS_2N_O1_A12_seedT1	SUM-159_NLS_2N_O1_A12_seedT1	SUM-159_NLS_2N_O1_A12_seedT1	SUM-159-NLS-2N	2N	2N	O1	2N-O1	O1	deprived	SUM-159_NLS_2N_O1_A12_seed	2N-O1-A12	12		13	0	formal_main_chain	formal_intra_passage	harvest	harvest	20	20	2025-06-09 10:03:04	SUM-159_NLS_2N_O1_A12_seed	2025-06-06 14:11:40	2.8274	7	-4.1726	4.1726	3	FALSE		TRUE	FALSE	TRUE	not_closest_harvest_to_fixed_endpoint	dead_cell	320	2205	0.145124717	classified_full_promoted	FALSE	4	0	0		TRUE	fixed_mask_promoted_full	/home/4470246/Repositories/Reversing-in-vitro-adaptations/code/output/metrics/morphology/sum159_all_db_cloneid_cell_state/predictions_by_cloneid/SUM-159_NLS_2N_O1_A12_seedT1.tsv.gz	414398	8287951	cloneid_passaging_dead_cell_sources_and_parents_20260731.tsv	2026-07-31 23:26:42	UTC
SUM-159_NLS_2N_O1_A12_seedT2	SUM-159_NLS_2N_O1_A12_seedT2	SUM-159_NLS_2N_O1_A12_seedT2	SUM-159-NLS-2N	2N	2N	O1	2N-O1	O1	deprived	SUM-159_NLS_2N_O1_A12_seed	2N-O1-A12	12		13	0	formal_main_chain	formal_intra_passage	harvest	harvest	20	20	2025-06-11 17:00:55	SUM-159_NLS_2N_O1_A12_seed	2025-06-06 14:11:40	5.1175	7	-1.8825	1.8825	2	FALSE		TRUE	FALSE	TRUE	not_closest_harvest_to_fixed_endpoint	dead_cell	792	5823	0.136012365	classified_full_promoted	FALSE	4	0	0		TRUE	fixed_mask_promoted_full	/home/4470246/Repositories/Reversing-in-vitro-adaptations/code/output/metrics/morphology/sum159_all_db_cloneid_cell_state/predictions_by_cloneid/SUM-159_NLS_2N_O1_A12_seedT2.tsv.gz	414398	8287951	cloneid_passaging_dead_cell_sources_and_parents_20260731.tsv	2026-07-31 23:26:42	UTC
SUM-159_NLS_2N_O1_A12_seedT3	SUM-159_NLS_2N_O1_A12_seedT3	SUM-159_NLS_2N_O1_A12_seedT3	SUM-159-NLS-2N	2N	2N	O1	2N-O1	O1	deprived	SUM-159_NLS_2N_O1_A12_seed	2N-O1-A12	12		13	0	formal_main_chain	formal_fixed_endpoint	harvest	harvest	20	20	2025-06-13 16:09:12	SUM-159_NLS_2N_O1_A12_seed	2025-06-06 14:11:40	7.0816	7	0.0815999999999999	0.0815999999999999	1	TRUE	7	FALSE	TRUE	FALSE		dead_cell	525	5910	0.088832487	classified_full_promoted	FALSE	4	0	0		TRUE	fixed_mask_promoted_full	/home/4470246/Repositories/Reversing-in-vitro-adaptations/code/output/metrics/morphology/sum159_all_db_cloneid_cell_state/predictions_by_cloneid/SUM-159_NLS_2N_O1_A12_seedT3.tsv.gz	414398	8287951	cloneid_passaging_dead_cell_sources_and_parents_20260731.tsv	2026-07-31 23:26:42	UTC
SUM-159_NLS_2N_O1_A13_seedT1	SUM-159_NLS_2N_O1_A13_seedT1	SUM-159_NLS_2N_O1_A13_seedT1	SUM-159-NLS-2N	2N	2N	O1	2N-O1	O1	deprived	SUM-159_NLS_2N_O1_A13_seed	2N-O1-A13	13		14	0	formal_main_chain	formal_intra_passage	harvest	harvest	21	21	2025-06-16 13:58:10	SUM-159_NLS_2N_O1_A13_seed	2025-06-14 17:05:20	1.87	6	-4.13	4.13	2	FALSE		TRUE	FALSE	TRUE	not_closest_harvest_to_fixed_endpoint	dead_cell	130	1376	0.094476744	classified_full_promoted	FALSE	4	0	0		TRUE	fixed_mask_promoted_full	/home/4470246/Repositories/Reversing-in-vitro-adaptations/code/output/metrics/morphology/sum159_all_db_cloneid_cell_state/predictions_by_cloneid/SUM-159_NLS_2N_O1_A13_seedT1.tsv.gz	639420	7866870	cloneid_passaging_dead_cell_sources_and_parents_20260731.tsv	2026-07-31 23:26:42	UTC
SUM-159_NLS_2N_O1_A13_seedT3	SUM-159_NLS_2N_O1_A13_seedT3	SUM-159_NLS_2N_O1_A13_seedT3	SUM-159-NLS-2N	2N	2N	O1	2N-O1	O1	deprived	SUM-159_NLS_2N_O1_A13_seed	2N-O1-A13	13		14	0	formal_main_chain	formal_fixed_endpoint	harvest	harvest	21	21	2025-06-20 16:30:50	SUM-159_NLS_2N_O1_A13_seed	2025-06-14 17:05:20	5.976	6	-0.024	0.024	1	TRUE	6	TRUE	TRUE	TRUE		dead_cell	891	9224	0.096595837	classified_full_promoted	FALSE	4	0	0		TRUE	fixed_mask_promoted_full	/home/4470246/Repositories/Reversing-in-vitro-adaptations/code/output/metrics/morphology/sum159_all_db_cloneid_cell_state/predictions_by_cloneid/SUM-159_NLS_2N_O1_A13_seedT3.tsv.gz	639420	7866870	cloneid_passaging_dead_cell_sources_and_parents_20260731.tsv	2026-07-31 23:26:42	UTC
SUM-159_NLS_2N_O1_A14_seedT1	SUM-159_NLS_2N_O1_A14_seedT1	SUM-159_NLS_2N_O1_A14_seedT1	SUM-159-NLS-2N	2N	2N	O1	2N-O1	O1	deprived	SUM-159_NLS_2N_O1_A14_seed	2N-O1-A14	14		15	0	formal_main_chain	formal_intra_passage	harvest	harvest	22	22	2025-06-27 11:14:40	SUM-159_NLS_2N_O1_A14_seed	2025-06-25 11:09:16	2.0038	7	-4.9962	4.9962	3	FALSE		TRUE	FALSE	TRUE	not_closest_harvest_to_fixed_endpoint	dead_cell	126	628	0.200636943	classified_partial_full_promoted	TRUE	3	0	1	no raw+mask or historical DetectionResults	TRUE	fixed_mask_promoted_full	/home/4470246/Repositories/Reversing-in-vitro-adaptations/code/output/metrics/morphology/sum159_all_db_cloneid_cell_state/predictions_by_cloneid/SUM-159_NLS_2N_O1_A14_seedT1.tsv.gz	485692	5816047	cloneid_passaging_dead_cell_sources_and_parents_20260731.tsv	2026-07-31 23:26:42	UTC
SUM-159_NLS_2N_O1_A14_seedT2	SUM-159_NLS_2N_O1_A14_seedT2	SUM-159_NLS_2N_O1_A14_seedT2	SUM-159-NLS-2N	2N	2N	O1	2N-O1	O1	deprived	SUM-159_NLS_2N_O1_A14_seed	2N-O1-A14	14		15	0	formal_main_chain	formal_intra_passage	harvest	harvest	22	22	2025-06-30 12:23:15	SUM-159_NLS_2N_O1_A14_seed	2025-06-25 11:09:16	5.0514	7	-1.9486	1.9486	2	FALSE		TRUE	FALSE	TRUE	not_closest_harvest_to_fixed_endpoint	dead_cell	288	2675	0.107663551	classified_full_promoted	FALSE	4	0	0		TRUE	fixed_mask_promoted_full	/home/4470246/Repositories/Reversing-in-vitro-adaptations/code/output/metrics/morphology/sum159_all_db_cloneid_cell_state/predictions_by_cloneid/SUM-159_NLS_2N_O1_A14_seedT2.tsv.gz	485692	5816047	cloneid_passaging_dead_cell_sources_and_parents_20260731.tsv	2026-07-31 23:26:42	UTC
SUM-159_NLS_2N_O1_A14_seedT3	SUM-159_NLS_2N_O1_A14_seedT3	SUM-159_NLS_2N_O1_A14_seedT3	SUM-159-NLS-2N	2N	2N	O1	2N-O1	O1	deprived	SUM-159_NLS_2N_O1_A14_seed	2N-O1-A14	14		15	0	formal_main_chain	formal_fixed_endpoint	harvest	harvest	22	22	2025-07-02 15:24:24	SUM-159_NLS_2N_O1_A14_seed	2025-06-25 11:09:16	7.1772	7	0.1772	0.1772	1	TRUE	7	FALSE	TRUE	FALSE		dead_cell	882	7036	0.125355316	classified_full_promoted	FALSE	4	0	0		TRUE	fixed_mask_promoted_full	/home/4470246/Repositories/Reversing-in-vitro-adaptations/code/output/metrics/morphology/sum159_all_db_cloneid_cell_state/predictions_by_cloneid/SUM-159_NLS_2N_O1_A14_seedT3.tsv.gz	485692	5816047	cloneid_passaging_dead_cell_sources_and_parents_20260731.tsv	2026-07-31 23:26:42	UTC
SUM-159_NLS_2N_O1_A15_seedT1	SUM-159_NLS_2N_O1_A15_seedT1	SUM-159_NLS_2N_O1_A15_seedT1	SUM-159-NLS-2N	2N	2N	O1	2N-O1	O1	deprived	SUM-159_NLS_2N_O1_A15_seed	2N-O1-A15	15		16	0	formal_main_chain	formal_intra_passage	harvest	harvest	23	23	2025-07-07 15:24:24	SUM-159_NLS_2N_O1_A15_seed	2025-07-05 15:27:21	1.998	4	-2.002	2.002	2	FALSE		TRUE	FALSE	TRUE	not_closest_harvest_to_fixed_endpoint	dead_cell	563	2531	0.222441723	classified_full_promoted	FALSE	4	0	0		TRUE	fixed_mask_promoted_full	/home/4470246/Repositories/Reversing-in-vitro-adaptations/code/output/metrics/morphology/sum159_all_db_cloneid_cell_state/predictions_by_cloneid/SUM-159_NLS_2N_O1_A15_seedT1.tsv.gz	722968	4910388	cloneid_passaging_dead_cell_sources_and_parents_20260731.tsv	2026-07-31 23:26:42	UTC
SUM-159_NLS_2N_O1_A15_seedT2	SUM-159_NLS_2N_O1_A15_seedT2	SUM-159_NLS_2N_O1_A15_seedT2	SUM-159-NLS-2N	2N	2N	O1	2N-O1	O1	deprived	SUM-159_NLS_2N_O1_A15_seed	2N-O1-A15	15		16	0	formal_main_chain	formal_fixed_endpoint	harvest	harvest	23	23	2025-07-09 15:24:24	SUM-159_NLS_2N_O1_A15_seed	2025-07-05 15:27:21	3.998	4	-0.00199999999999978	0.00199999999999978	1	TRUE	4	TRUE	TRUE	TRUE		dead_cell	898	5862	0.153190038	classified_full_promoted	FALSE	4	0	0		TRUE	fixed_mask_promoted_full	/home/4470246/Repositories/Reversing-in-vitro-adaptations/code/output/metrics/morphology/sum159_all_db_cloneid_cell_state/predictions_by_cloneid/SUM-159_NLS_2N_O1_A15_seedT2.tsv.gz	722968	4910388	cloneid_passaging_dead_cell_sources_and_parents_20260731.tsv	2026-07-31 23:26:42	UTC
SUM-159_NLS_2N_O1_A16_seedT2	SUM-159_NLS_2N_O1_A16_seedT2	SUM-159_NLS_2N_O1_A16_seedT2	SUM-159-NLS-2N	2N	2N	O1	2N-O1	O1	deprived	SUM-159_NLS_2N_O1_A16_seed	2N-O1-A16	16		17	0	formal_main_chain	formal_intra_passage	harvest	harvest	24	24	2025-07-30 15:44:49	SUM-159_NLS_2N_O1_A16_seed	2025-07-26 17:20:43	3.9334	9	-5.0666	5.0666	3	FALSE		TRUE	FALSE	TRUE	not_closest_harvest_to_fixed_endpoint	dead_cell	441	2593	0.170073274	classified_full_promoted	FALSE	4	0	0		TRUE	fixed_mask_promoted_full	/home/4470246/Repositories/Reversing-in-vitro-adaptations/code/output/metrics/morphology/sum159_all_db_cloneid_cell_state/predictions_by_cloneid/SUM-159_NLS_2N_O1_A16_seedT2.tsv.gz	451159	8159844	cloneid_passaging_dead_cell_sources_and_parents_20260731.tsv	2026-07-31 23:26:42	UTC
SUM-159_NLS_2N_O1_A16_seedT3	SUM-159_NLS_2N_O1_A16_seedT3	SUM-159_NLS_2N_O1_A16_seedT3	SUM-159-NLS-2N	2N	2N	O1	2N-O1	O1	deprived	SUM-159_NLS_2N_O1_A16_seed	2N-O1-A16	16		17	0	formal_main_chain	formal_intra_passage	harvest	harvest	24	24	2025-08-01 16:26:50	SUM-159_NLS_2N_O1_A16_seed	2025-07-26 17:20:43	5.9626	9	-3.0374	3.0374	2	FALSE		TRUE	FALSE	TRUE	not_closest_harvest_to_fixed_endpoint	dead_cell	890	7687	0.115779888	classified_full_promoted	FALSE	4	0	0		TRUE	fixed_mask_promoted_full	/home/4470246/Repositories/Reversing-in-vitro-adaptations/code/output/metrics/morphology/sum159_all_db_cloneid_cell_state/predictions_by_cloneid/SUM-159_NLS_2N_O1_A16_seedT3.tsv.gz	451159	8159844	cloneid_passaging_dead_cell_sources_and_parents_20260731.tsv	2026-07-31 23:26:42	UTC
SUM-159_NLS_2N_O1_A16_seedT4	SUM-159_NLS_2N_O1_A16_seedT4	SUM-159_NLS_2N_O1_A16_seedT4	SUM-159-NLS-2N	2N	2N	O1	2N-O1	O1	deprived	SUM-159_NLS_2N_O1_A16_seed	2N-O1-A16	16		17	0	formal_main_chain	formal_fixed_endpoint	harvest	harvest	24	24	2025-08-04 12:33:56	SUM-159_NLS_2N_O1_A16_seed	2025-07-26 17:20:43	8.8008	9	-0.199199999999999	0.199199999999999	1	TRUE	9	TRUE	TRUE	TRUE		dead_cell	184	6361	0.028926269	classified_full_promoted	FALSE	4	0	0		TRUE	fixed_mask_promoted_full	/home/4470246/Repositories/Reversing-in-vitro-adaptations/code/output/metrics/morphology/sum159_all_db_cloneid_cell_state/predictions_by_cloneid/SUM-159_NLS_2N_O1_A16_seedT4.tsv.gz	451159	8159844	cloneid_passaging_dead_cell_sources_and_parents_20260731.tsv	2026-07-31 23:26:42	UTC
SUM-159_NLS_2N_O1_A17_seedT1	SUM-159_NLS_2N_O1_A17_seedT1	SUM-159_NLS_2N_O1_A17_seedT1	SUM-159-NLS-2N	2N	2N	O1	2N-O1	O1	deprived	SUM-159_NLS_2N_O1_A17_seed	2N-O1-A17	17		18	0	formal_main_chain	formal_intra_passage	harvest	harvest	25	25	2025-08-08 12:33:56	SUM-159_NLS_2N_O1_A17_seed	2025-08-06 12:39:56	1.9958	7	-5.0042	5.0042	3	FALSE		TRUE	FALSE	TRUE	not_closest_harvest_to_fixed_endpoint	dead_cell	199	960	0.207291667	classified_full_promoted	FALSE	4	0	0		TRUE	fixed_mask_promoted_full	/home/4470246/Repositories/Reversing-in-vitro-adaptations/code/output/metrics/morphology/sum159_all_db_cloneid_cell_state/predictions_by_cloneid/SUM-159_NLS_2N_O1_A17_seedT1.tsv.gz	394346	7737649	cloneid_passaging_dead_cell_sources_and_parents_20260731.tsv	2026-07-31 23:26:42	UTC
SUM-159_NLS_2N_O1_A17_seedT2	SUM-159_NLS_2N_O1_A17_seedT2	SUM-159_NLS_2N_O1_A17_seedT2	SUM-159-NLS-2N	2N	2N	O1	2N-O1	O1	deprived	SUM-159_NLS_2N_O1_A17_seed	2N-O1-A17	17		18	0	formal_main_chain	formal_intra_passage	harvest	harvest	25	25	2025-08-11 12:33:56	SUM-159_NLS_2N_O1_A17_seed	2025-08-06 12:39:56	4.9958	7	-2.0042	2.0042	2	FALSE		TRUE	FALSE	TRUE	not_closest_harvest_to_fixed_endpoint	dead_cell	560	4420	0.126696833	classified_full_promoted	FALSE	4	0	0		TRUE	fixed_mask_promoted_full	/home/4470246/Repositories/Reversing-in-vitro-adaptations/code/output/metrics/morphology/sum159_all_db_cloneid_cell_state/predictions_by_cloneid/SUM-159_NLS_2N_O1_A17_seedT2.tsv.gz	394346	7737649	cloneid_passaging_dead_cell_sources_and_parents_20260731.tsv	2026-07-31 23:26:42	UTC
SUM-159_NLS_2N_O1_A17_seedT3	SUM-159_NLS_2N_O1_A17_seedT3	SUM-159_NLS_2N_O1_A17_seedT3	SUM-159-NLS-2N	2N	2N	O1	2N-O1	O1	deprived	SUM-159_NLS_2N_O1_A17_seed	2N-O1-A17	17		18	0	formal_main_chain	formal_fixed_endpoint	harvest	harvest	25	25	2025-08-13 15:31:54	SUM-159_NLS_2N_O1_A17_seed	2025-08-06 12:39:56	7.1194	7	0.1194	0.1194	1	TRUE	7	FALSE	TRUE	FALSE		dead_cell	617	8201	0.075234727	classified_full_promoted	FALSE	4	0	0		TRUE	fixed_mask_promoted_full	/home/4470246/Repositories/Reversing-in-vitro-adaptations/code/output/metrics/morphology/sum159_all_db_cloneid_cell_state/predictions_by_cloneid/SUM-159_NLS_2N_O1_A17_seedT3.tsv.gz	394346	7737649	cloneid_passaging_dead_cell_sources_and_parents_20260731.tsv	2026-07-31 23:26:42	UTC
SUM-159_NLS_2N_O1_A18_seedT1	SUM-159_NLS_2N_O1_A18_seedT1	SUM-159_NLS_2N_O1_A18_seedT1	SUM-159-NLS-2N	2N	2N	O1	2N-O1	O1	deprived	SUM-159_NLS_2N_O1_A18_seed	2N-O1-A18	18		19	0	formal_main_chain	formal_intra_passage	harvest	harvest	26	26	2025-08-18 12:13:09	SUM-159_NLS_2N_O1_A18_seed	2025-08-15 13:10:08	2.9604	5	-2.0396	2.0396	2	FALSE		TRUE	FALSE	TRUE	not_closest_harvest_to_fixed_endpoint	dead_cell	557	3780	0.147354497	classified_full_promoted	FALSE	4	0	0		TRUE	fixed_mask_promoted_full	/home/4470246/Repositories/Reversing-in-vitro-adaptations/code/output/metrics/morphology/sum159_all_db_cloneid_cell_state/predictions_by_cloneid/SUM-159_NLS_2N_O1_A18_seedT1.tsv.gz	578151	10139372	cloneid_passaging_dead_cell_sources_and_parents_20260731.tsv	2026-07-31 23:26:42	UTC
SUM-159_NLS_2N_O1_A18_seedT2	SUM-159_NLS_2N_O1_A18_seedT2	SUM-159_NLS_2N_O1_A18_seedT2	SUM-159-NLS-2N	2N	2N	O1	2N-O1	O1	deprived	SUM-159_NLS_2N_O1_A18_seed	2N-O1-A18	18		19	0	formal_main_chain	formal_fixed_endpoint	harvest	harvest	26	26	2025-08-20 15:20:13	SUM-159_NLS_2N_O1_A18_seed	2025-08-15 13:10:08	5.0903	5	0.0903	0.0903	1	TRUE	5	FALSE	TRUE	FALSE		dead_cell	1022	11781	0.086749851	classified_full_promoted	FALSE	4	0	0		TRUE	fixed_mask_promoted_full	/home/4470246/Repositories/Reversing-in-vitro-adaptations/code/output/metrics/morphology/sum159_all_db_cloneid_cell_state/predictions_by_cloneid/SUM-159_NLS_2N_O1_A18_seedT2.tsv.gz	578151	10139372	cloneid_passaging_dead_cell_sources_and_parents_20260731.tsv	2026-07-31 23:26:42	UTC
SUM-159_NLS_2N_O1_A19_seedT1	SUM-159_NLS_2N_O1_A19_seedT1	SUM-159_NLS_2N_O1_A19_seedT1	SUM-159-NLS-2N	2N	2N	O1	2N-O1	O1	deprived	SUM-159_NLS_2N_O1_A19_seed	2N-O1-A19	19		20	0	formal_main_chain	formal_intra_passage	harvest	harvest	27	27	2025-08-25 12:40:01	SUM-159_NLS_2N_O1_A19_seed	2025-08-22 12:30:34	3.0066	5	-1.9934	1.9934	2	FALSE		TRUE	FALSE	TRUE	not_closest_harvest_to_fixed_endpoint	dead_cell	1204	10258	0.117371807	classified_full_promoted	FALSE	4	0	0		TRUE	fixed_mask_promoted_full	/home/4470246/Repositories/Reversing-in-vitro-adaptations/code/output/metrics/morphology/sum159_all_db_cloneid_cell_state/predictions_by_cloneid/SUM-159_NLS_2N_O1_A19_seedT1.tsv.gz	1129568	13953612	cloneid_passaging_dead_cell_sources_and_parents_20260731.tsv	2026-07-31 23:26:42	UTC
SUM-159_NLS_2N_O1_A19_seedT2	SUM-159_NLS_2N_O1_A19_seedT2	SUM-159_NLS_2N_O1_A19_seedT2	SUM-159-NLS-2N	2N	2N	O1	2N-O1	O1	deprived	SUM-159_NLS_2N_O1_A19_seed	2N-O1-A19	19		20	0	formal_main_chain	formal_fixed_endpoint	harvest	harvest	27	27	2025-08-27 19:40:01	SUM-159_NLS_2N_O1_A19_seed	2025-08-22 12:30:34	5.2982	5	0.2982	0.2982	1	TRUE	5	FALSE	TRUE	FALSE		dead_cell	1380	13576	0.101649971	classified_full_promoted	FALSE	4	0	0		TRUE	fixed_mask_promoted_full	/home/4470246/Repositories/Reversing-in-vitro-adaptations/code/output/metrics/morphology/sum159_all_db_cloneid_cell_state/predictions_by_cloneid/SUM-159_NLS_2N_O1_A19_seedT2.tsv.gz	1129568	13953612	cloneid_passaging_dead_cell_sources_and_parents_20260731.tsv	2026-07-31 23:26:42	UTC
SUM-159_NLS_2N_O1_A20_seedT1	SUM-159_NLS_2N_O1_A20_seedT1	SUM-159_NLS_2N_O1_A20_seedT1	SUM-159-NLS-2N	2N	2N	O1	2N-O1	O1	deprived	SUM-159_NLS_2N_O1_A20_seed	2N-O1-A20	20		21	0	formal_main_chain	formal_intra_passage	harvest	harvest	28	28	2025-09-01 11:11:06	SUM-159_NLS_2N_O1_A20_seed	2025-08-29 12:30:34	2.9448	5	-2.0552	2.0552	2	FALSE		TRUE	FALSE	TRUE	not_closest_harvest_to_fixed_endpoint	dead_cell	287	1645	0.174468085	classified_full_promoted	FALSE	4	0	0		TRUE	fixed_mask_promoted_full	/home/4470246/Repositories/Reversing-in-vitro-adaptations/code/output/metrics/morphology/sum159_all_db_cloneid_cell_state/predictions_by_cloneid/SUM-159_NLS_2N_O1_A20_seedT1.tsv.gz	588177	5379370	cloneid_passaging_dead_cell_sources_and_parents_20260731.tsv	2026-07-31 23:26:42	UTC
SUM-159_NLS_2N_O1_A20_seedT2	SUM-159_NLS_2N_O1_A20_seedT2	SUM-159_NLS_2N_O1_A20_seedT2	SUM-159-NLS-2N	2N	2N	O1	2N-O1	O1	deprived	SUM-159_NLS_2N_O1_A20_seed	2N-O1-A20	20		21	0	formal_main_chain	formal_fixed_endpoint	harvest	harvest	28	28	2025-09-03 19:40:01	SUM-159_NLS_2N_O1_A20_seed	2025-08-29 12:30:34	5.2982	5	0.2982	0.2982	1	TRUE	5	FALSE	TRUE	FALSE		dead_cell	453	6611	0.06852216	classified_full_promoted	FALSE	4	0	0		TRUE	fixed_mask_promoted_full	/home/4470246/Repositories/Reversing-in-vitro-adaptations/code/output/metrics/morphology/sum159_all_db_cloneid_cell_state/predictions_by_cloneid/SUM-159_NLS_2N_O1_A20_seedT2.tsv.gz	588177	5379370	cloneid_passaging_dead_cell_sources_and_parents_20260731.tsv	2026-07-31 23:26:42	UTC
SUM-159_NLS_2N_O1_A21_seedT1	SUM-159_NLS_2N_O1_A21_seedT1	SUM-159_NLS_2N_O1_A21_seedT1	SUM-159-NLS-2N	2N	2N	O1	2N-O1	O1	deprived	SUM-159_NLS_2N_O1_A21_seed	2N-O1-A21	21		22	0	formal_main_chain	formal_intra_passage	harvest	harvest	29	29	2025-09-08 16:27:41	SUM-159_NLS_2N_O1_A21_seed	2025-09-05 12:30:34	3.1647	5	-1.8353	1.8353	2	FALSE		TRUE	FALSE	TRUE	not_closest_harvest_to_fixed_endpoint	dead_cell	290	2082	0.139289145	classified_full_promoted	FALSE	4	0	0		TRUE	fixed_mask_promoted_full	/home/4470246/Repositories/Reversing-in-vitro-adaptations/code/output/metrics/morphology/sum159_all_db_cloneid_cell_state/predictions_by_cloneid/SUM-159_NLS_2N_O1_A21_seedT1.tsv.gz	585949	6572434	cloneid_passaging_dead_cell_sources_and_parents_20260731.tsv	2026-07-31 23:26:42	UTC
SUM-159_NLS_2N_O1_A21_seedT2	SUM-159_NLS_2N_O1_A21_seedT2	SUM-159_NLS_2N_O1_A21_seedT2	SUM-159-NLS-2N	2N	2N	O1	2N-O1	O1	deprived	SUM-159_NLS_2N_O1_A21_seed	2N-O1-A21	21		22	0	formal_main_chain	formal_fixed_endpoint	harvest	harvest	29	29	2025-09-10 12:31:56	SUM-159_NLS_2N_O1_A21_seed	2025-09-05 12:30:34	5.0009	5	0.000899999999999679	0.000899999999999679	1	TRUE	5	FALSE	TRUE	FALSE		dead_cell	941	8679	0.108422629	classified_full_promoted	FALSE	4	0	0		TRUE	fixed_mask_promoted_full	/home/4470246/Repositories/Reversing-in-vitro-adaptations/code/output/metrics/morphology/sum159_all_db_cloneid_cell_state/predictions_by_cloneid/SUM-159_NLS_2N_O1_A21_seedT2.tsv.gz	585949	6572434	cloneid_passaging_dead_cell_sources_and_parents_20260731.tsv	2026-07-31 23:26:42	UTC
SUM-159_NLS_2N_O1_A22_seedT1	SUM-159_NLS_2N_O1_A22_seedT1	SUM-159_NLS_2N_O1_A22_seedT1	SUM-159-NLS-2N	2N	2N	O1	2N-O1	O1	deprived	SUM-159_NLS_2N_O1_A22_seed	2N-O1-A22	22		23	0	formal_main_chain	formal_fixed_endpoint	harvest	harvest	30	30	2025-09-22 15:22:32	SUM-159_NLS_2N_O1_A22_seed	2025-09-19 12:30:34	3.1194	3	0.1194	0.1194	1	TRUE	3	FALSE	TRUE	FALSE		dead_cell	431	5144	0.083786936	classified_full_promoted	FALSE	4	0	0		TRUE	fixed_mask_promoted_full	/home/4470246/Repositories/Reversing-in-vitro-adaptations/code/output/metrics/morphology/sum159_all_db_cloneid_cell_state/predictions_by_cloneid/SUM-159_NLS_2N_O1_A22_seedT1.tsv.gz	502401	4186306	cloneid_passaging_dead_cell_sources_and_parents_20260731.tsv	2026-07-31 23:26:42	UTC
SUM-159_NLS_2N_O1_A23_seedT1	SUM-159_NLS_2N_O1_A23_seedT1	SUM-159_NLS_2N_O1_A23_seedT1	SUM-159-NLS-2N	2N	2N	O1	2N-O1	O1	deprived	SUM-159_NLS_2N_O1_A23_seed	2N-O1-A23	23		24	0	formal_main_chain	formal_intra_passage	harvest	harvest	31	31	2025-09-26 12:34:12	SUM-159_NLS_2N_O1_A23_seed	2025-09-24 13:30:34	1.9609	5	-3.0391	3.0391	2	FALSE		TRUE	FALSE	TRUE	not_closest_harvest_to_fixed_endpoint	dead_cell	786	4975	0.15798995	classified_full_promoted	FALSE	4	0	0		TRUE	fixed_mask_promoted_full	/home/4470246/Repositories/Reversing-in-vitro-adaptations/code/output/metrics/morphology/sum159_all_db_cloneid_cell_state/predictions_by_cloneid/SUM-159_NLS_2N_O1_A23_seedT1.tsv.gz	694004	7355557	cloneid_passaging_dead_cell_sources_and_parents_20260731.tsv	2026-07-31 23:26:42	UTC
SUM-159_NLS_2N_O1_A23_seedT2	SUM-159_NLS_2N_O1_A23_seedT2	SUM-159_NLS_2N_O1_A23_seedT2	SUM-159-NLS-2N	2N	2N	O1	2N-O1	O1	deprived	SUM-159_NLS_2N_O1_A23_seed	2N-O1-A23	23		24	0	formal_main_chain	formal_fixed_endpoint	harvest	harvest	31	31	2025-09-29 12:34:12	SUM-159_NLS_2N_O1_A23_seed	2025-09-24 13:30:34	4.9609	5	-0.0391000000000004	0.0391000000000004	1	TRUE	5	TRUE	TRUE	TRUE		dead_cell	320	9720	0.032921811	classified_full_promoted	FALSE	4	0	0		TRUE	fixed_mask_promoted_full	/home/4470246/Repositories/Reversing-in-vitro-adaptations/code/output/metrics/morphology/sum159_all_db_cloneid_cell_state/predictions_by_cloneid/SUM-159_NLS_2N_O1_A23_seedT2.tsv.gz	694004	7355557	cloneid_passaging_dead_cell_sources_and_parents_20260731.tsv	2026-07-31 23:26:42	UTC
SUM-159_NLS_2N_O1_A7K_harvest	SUM159_NLS_2N_O1_A7K_harvest	SUM-159_NLS_2N_O1_A7K_harvest	SUM-159-NLS-2N	2N	2N	O1	2N-O1	O1	deprived	SUM-159_NLS_2N_O1_A7K_seed	2N-O1-A7K		7	9	1	a7k_side_branch_not_currently_simulated	a7k_side_branch_endpoint_candidate	harvest	harvest	16	16	2025-03-05 15:26:45	SUM-159_NLS_2N_O1_A7K_seed	2025-03-01 19:37:35	3.8258				1	TRUE		FALSE	FALSE	FALSE	a7k_side_branch_not_simulated_by_current_independent_scenario_adapter	dead_cell	629	7715	0.081529488	classified_full_promoted	FALSE	4	0	0		TRUE	fixed_mask_promoted_full	/home/4470246/Repositories/Reversing-in-vitro-adaptations/code/output/metrics/morphology/sum159_all_db_cloneid_cell_state/predictions_by_cloneid/SUM-159_NLS_2N_O1_A7K_harvest.tsv.gz			cloneid_passaging_dead_cell_sources_and_parents_20260731.tsv	2026-07-31 23:26:42	UTC
SUM-159_NLS_2N_O2_A1_seedT1	SUM-159_NLS_2N_O2_A1_seedT1	SUM-159_NLS_2N_O2_A1_seedT1	SUM-159-NLS-2N	2N	2N	O2	2N-O2	O2	deprived	SUM-159_NLS_2N_O2_A1_seed	2N-O2-A1	1		2	2	formal_main_chain	formal_fixed_endpoint	harvest	harvest	6	6	2024-11-18 13:43:16	SUM-159_NLS_2N_O2_A1_seed	2024-11-15 15:45:36	2.915	3	-0.085	0.085	1	TRUE	3	TRUE	TRUE	TRUE		dead_cell	93	8714	0.010672481	classified_full_promoted	FALSE	4	0	0		TRUE	fixed_mask_promoted_full	/home/4470246/Repositories/Reversing-in-vitro-adaptations/code/output/metrics/morphology/sum159_all_db_cloneid_cell_state/predictions_by_cloneid/SUM-159_NLS_2N_O2_A1_seedT1.tsv.gz	580562	6323079	cloneid_passaging_dead_cell_sources_and_parents_20260731.tsv	2026-07-31 23:26:42	UTC
SUM-159_NLS_2N_O2_A2_seedT1	SUM-159_NLS_2N_O2_A2_seedT1	SUM-159_NLS_2N_O2_A2_seedT1	SUM-159-NLS-2N	2N	2N	O2	2N-O2	O2	deprived	SUM-159_NLS_2N_O2_A2_seed	2N-O2-A2	2		3	1	formal_main_chain	formal_intra_passage	harvest	harvest	7	7	2024-11-22 15:59:44	SUM-159_NLS_2N_O2_A2_seed	2024-11-20 15:51:54	2.0054	5	-2.9946	2.9946	2	FALSE		TRUE	FALSE	TRUE	not_closest_harvest_to_fixed_endpoint	dead_cell	45	893	0.050391937	classified_full_promoted	FALSE	4	0	0		TRUE	fixed_mask_promoted_full	/home/4470246/Repositories/Reversing-in-vitro-adaptations/code/output/metrics/morphology/sum159_all_db_cloneid_cell_state/predictions_by_cloneid/SUM-159_NLS_2N_O2_A2_seedT1.tsv.gz	366708	6273296	cloneid_passaging_dead_cell_sources_and_parents_20260731.tsv	2026-07-31 23:26:42	UTC
SUM-159_NLS_2N_O2_A2_seedT2	SUM-159_NLS_2N_O2_A2_seedT2	SUM-159_NLS_2N_O2_A2_seedT2	SUM-159-NLS-2N	2N	2N	O2	2N-O2	O2	deprived	SUM-159_NLS_2N_O2_A2_seed	2N-O2-A2	2		3	1	formal_main_chain	formal_fixed_endpoint	harvest	harvest	7	7	2024-11-25 16:02:44	SUM-159_NLS_2N_O2_A2_seed	2024-11-20 15:51:54	5.0075	5	0.00750000000000028	0.00750000000000028	1	TRUE	5	FALSE	TRUE	FALSE		dead_cell	249	8665	0.028736295	classified_full_promoted	FALSE	4	0	0		TRUE	fixed_mask_promoted_full	/home/4470246/Repositories/Reversing-in-vitro-adaptations/code/output/metrics/morphology/sum159_all_db_cloneid_cell_state/predictions_by_cloneid/SUM-159_NLS_2N_O2_A2_seedT2.tsv.gz	366708	6273296	cloneid_passaging_dead_cell_sources_and_parents_20260731.tsv	2026-07-31 23:26:42	UTC
SUM-159_NLS_2N_O2_A3_seedT1	SUM-159_NLS_2N_O2_A3_seedT1	SUM-159_NLS_2N_O2_A3_seedT1	SUM-159-NLS-2N	2N	2N	O2	2N-O2	O2	deprived	SUM-159_NLS_2N_O2_A3_seed	2N-O2-A3	3		4	0.5	formal_main_chain	formal_intra_passage	harvest	harvest	8	8	2024-11-29 17:43:17	SUM-159_NLS_2N_O2_A3_seed	2024-11-27 13:03:18	2.1944	5	-2.8056	2.8056	2	FALSE		TRUE	FALSE	TRUE	not_closest_harvest_to_fixed_endpoint	dead_cell	208	2869	0.072499129	classified_full_promoted	FALSE	4	0	0		TRUE	fixed_mask_promoted_full	/home/4470246/Repositories/Reversing-in-vitro-adaptations/code/output/metrics/morphology/sum159_all_db_cloneid_cell_state/predictions_by_cloneid/SUM-159_NLS_2N_O2_A3_seedT1.tsv.gz	402467	7647573	cloneid_passaging_dead_cell_sources_and_parents_20260731.tsv	2026-07-31 23:26:42	UTC
SUM-159_NLS_2N_O2_A3_seedT2	SUM-159_NLS_2N_O2_A3_seedT2	SUM-159_NLS_2N_O2_A3_seedT2	SUM-159-NLS-2N	2N	2N	O2	2N-O2	O2	deprived	SUM-159_NLS_2N_O2_A3_seed	2N-O2-A3	3		4	0.5	formal_main_chain	formal_fixed_endpoint	harvest	harvest	8	8	2024-12-02 12:59:22	SUM-159_NLS_2N_O2_A3_seed	2024-11-27 13:03:18	4.9973	5	-0.00269999999999992	0.00269999999999992	1	TRUE	5	TRUE	TRUE	TRUE		dead_cell	418	10676	0.039153241	classified_full_promoted	FALSE	4	0	0		TRUE	fixed_mask_promoted_full	/home/4470246/Repositories/Reversing-in-vitro-adaptations/code/output/metrics/morphology/sum159_all_db_cloneid_cell_state/predictions_by_cloneid/SUM-159_NLS_2N_O2_A3_seedT2.tsv.gz	402467	7647573	cloneid_passaging_dead_cell_sources_and_parents_20260731.tsv	2026-07-31 23:26:42	UTC
SUM-159_NLS_2N_O2_A4_seedT1	SUM-159_NLS_2N_O2_A4_seedT1	SUM-159_NLS_2N_O2_A4_seedT1	SUM-159-NLS-2N	2N	2N	O2	2N-O2	O2	deprived	SUM-159_NLS_2N_O2_A4_seed	2N-O2-A4	4		5	0.3	formal_main_chain	formal_intra_passage	harvest	harvest	9	9	2024-12-06 16:55:51	SUM-159_NLS_2N_O2_A4_seed	2024-12-04 17:27:19	1.9781	5	-3.0219	3.0219	2	FALSE		TRUE	FALSE	TRUE	not_closest_harvest_to_fixed_endpoint	dead_cell	109	3375	0.032296296	classified_full_promoted	FALSE	4	0	0		TRUE	fixed_mask_promoted_full	/home/4470246/Repositories/Reversing-in-vitro-adaptations/code/output/metrics/morphology/sum159_all_db_cloneid_cell_state/predictions_by_cloneid/SUM-159_NLS_2N_O2_A4_seedT1.tsv.gz	523768	7184807	cloneid_passaging_dead_cell_sources_and_parents_20260731.tsv	2026-07-31 23:26:42	UTC
SUM-159_NLS_2N_O2_A4_seedT2	SUM-159_NLS_2N_O2_A4_seedT2	SUM-159_NLS_2N_O2_A4_seedT2	SUM-159-NLS-2N	2N	2N	O2	2N-O2	O2	deprived	SUM-159_NLS_2N_O2_A4_seed	2N-O2-A4	4		5	0.3	formal_main_chain	formal_fixed_endpoint	harvest	harvest	9	9	2024-12-09 14:44:30	SUM-159_NLS_2N_O2_A4_seed	2024-12-04 17:27:19	4.8869	5	-0.1131	0.1131	1	TRUE	5	TRUE	TRUE	TRUE		dead_cell	206	10091	0.020414231	classified_full_promoted	FALSE	4	0	0		TRUE	fixed_mask_promoted_full	/home/4470246/Repositories/Reversing-in-vitro-adaptations/code/output/metrics/morphology/sum159_all_db_cloneid_cell_state/predictions_by_cloneid/SUM-159_NLS_2N_O2_A4_seedT2.tsv.gz	523768	7184807	cloneid_passaging_dead_cell_sources_and_parents_20260731.tsv	2026-07-31 23:26:42	UTC
SUM-159_NLS_2N_O2_A5_seedT1	SUM-159_NLS_2N_O2_A5_seedT1	SUM-159_NLS_2N_O2_A5_seedT1	SUM-159-NLS-2N	2N	2N	O2	2N-O2	O2	deprived	SUM-159_NLS_2N_O2_A5_seed	2N-O2-A5	5		6	0.2	formal_main_chain	formal_intra_passage	harvest	harvest	10	10	2024-12-13 19:07:31	SUM-159_NLS_2N_O2_A5_seed	2024-12-11 17:30:47	2.0672	5	-2.9328	2.9328	2	FALSE		TRUE	FALSE	TRUE	not_closest_harvest_to_fixed_endpoint	dead_cell	599	7124	0.084081976	classified_full_promoted	FALSE	4	0	0		TRUE	fixed_mask_promoted_full	/home/4470246/Repositories/Reversing-in-vitro-adaptations/code/output/metrics/morphology/sum159_all_db_cloneid_cell_state/predictions_by_cloneid/SUM-159_NLS_2N_O2_A5_seedT1.tsv.gz	809842	11919753	cloneid_passaging_dead_cell_sources_and_parents_20260731.tsv	2026-07-31 23:26:42	UTC
SUM-159_NLS_2N_O2_A5_seedT2	SUM-159_NLS_2N_O2_A5_seedT2	SUM-159_NLS_2N_O2_A5_seedT2	SUM-159-NLS-2N	2N	2N	O2	2N-O2	O2	deprived	SUM-159_NLS_2N_O2_A5_seed	2N-O2-A5	5		6	0.2	formal_main_chain	formal_fixed_endpoint	harvest	harvest	10	10	2024-12-16 16:02:19	SUM-159_NLS_2N_O2_A5_seed	2024-12-11 17:30:47	4.9386	5	-0.0613999999999999	0.0613999999999999	1	TRUE	5	TRUE	TRUE	TRUE		dead_cell	319	16663	0.019144212	classified_full_promoted	FALSE	4	0	0		TRUE	fixed_mask_promoted_full	/home/4470246/Repositories/Reversing-in-vitro-adaptations/code/output/metrics/morphology/sum159_all_db_cloneid_cell_state/predictions_by_cloneid/SUM-159_NLS_2N_O2_A5_seedT2.tsv.gz	809842	11919753	cloneid_passaging_dead_cell_sources_and_parents_20260731.tsv	2026-07-31 23:26:42	UTC
SUM-159_NLS_2N_O2_A6_seedT1	SUM-159_NLS_2N_O2_A6_seedT1	SUM-159_NLS_2N_O2_A6_seedT1	SUM-159-NLS-2N	2N	2N	O2	2N-O2	O2	deprived	SUM-159_NLS_2N_O2_A6_seed	2N-O2-A6	6		7	0.1	formal_main_chain	formal_intra_passage	harvest	harvest	11	11	2024-12-20 11:58:11	SUM-159_NLS_2N_O2_A6_seed	2024-12-18 16:45:47	1.8003	5	-3.1997	3.1997	2	FALSE		TRUE	FALSE	TRUE	not_closest_harvest_to_fixed_endpoint	dead_cell	168	3215	0.052255054	classified_full_promoted	FALSE	4	0	0		TRUE	fixed_mask_promoted_full	/home/4470246/Repositories/Reversing-in-vitro-adaptations/code/output/metrics/morphology/sum159_all_db_cloneid_cell_state/predictions_by_cloneid/SUM-159_NLS_2N_O2_A6_seedT1.tsv.gz	480296	7765369	cloneid_passaging_dead_cell_sources_and_parents_20260731.tsv	2026-07-31 23:26:42	UTC
SUM-159_NLS_2N_O2_A6_seedT2	SUM-159_NLS_2N_O2_A6_seedT2	SUM-159_NLS_2N_O2_A6_seedT2	SUM-159-NLS-2N	2N	2N	O2	2N-O2	O2	deprived	SUM-159_NLS_2N_O2_A6_seed	2N-O2-A6	6		7	0.1	formal_main_chain	formal_fixed_endpoint	harvest	harvest	11	11	2024-12-23 13:24:56	SUM-159_NLS_2N_O2_A6_seed	2024-12-18 16:45:47	4.8605	5	-0.1395	0.1395	1	TRUE	5	TRUE	TRUE	TRUE		dead_cell	428	10906	0.039244453	classified_full_promoted	FALSE	4	0	0		TRUE	fixed_mask_promoted_full	/home/4470246/Repositories/Reversing-in-vitro-adaptations/code/output/metrics/morphology/sum159_all_db_cloneid_cell_state/predictions_by_cloneid/SUM-159_NLS_2N_O2_A6_seedT2.tsv.gz	480296	7765369	cloneid_passaging_dead_cell_sources_and_parents_20260731.tsv	2026-07-31 23:26:42	UTC
SUM-159_NLS_2N_O2_A7_seedT1	SUM-159_NLS_2N_O2_A7_seedT1	SUM-159_NLS_2N_O2_A7_seedT1	SUM-159-NLS-2N	2N	2N	O2	2N-O2	O2	deprived	SUM-159_NLS_2N_O2_A7_seed	2N-O2-A7	7		8	0	formal_main_chain	formal_intra_passage	harvest	harvest	12	12	2024-12-27 19:29:26	SUM-159_NLS_2N_O2_A7_seed	2024-12-25 14:54:11	2.1911	5	-2.8089	2.8089	2	FALSE		TRUE	FALSE	TRUE	not_closest_harvest_to_fixed_endpoint	dead_cell	191	4117	0.046393005	classified_full_promoted	FALSE	4	0	0		TRUE	fixed_mask_promoted_full	/home/4470246/Repositories/Reversing-in-vitro-adaptations/code/output/metrics/morphology/sum159_all_db_cloneid_cell_state/predictions_by_cloneid/SUM-159_NLS_2N_O2_A7_seedT1.tsv.gz	420697	7241601	cloneid_passaging_dead_cell_sources_and_parents_20260731.tsv	2026-07-31 23:26:42	UTC
SUM-159_NLS_2N_O2_A7_seedT2	SUM-159_NLS_2N_O2_A7_seedT2	SUM-159_NLS_2N_O2_A7_seedT2	SUM-159-NLS-2N	2N	2N	O2	2N-O2	O2	deprived	SUM-159_NLS_2N_O2_A7_seed	2N-O2-A7	7		8	0	formal_main_chain	formal_fixed_endpoint	harvest	harvest	12	12	2024-12-30 16:30:14	SUM-159_NLS_2N_O2_A7_seed	2024-12-25 14:54:11	5.0667	5	0.0667	0.0667	1	TRUE	5	FALSE	TRUE	FALSE		dead_cell	126	10199	0.012354152	classified_full_promoted	FALSE	4	0	0		TRUE	fixed_mask_promoted_full	/home/4470246/Repositories/Reversing-in-vitro-adaptations/code/output/metrics/morphology/sum159_all_db_cloneid_cell_state/predictions_by_cloneid/SUM-159_NLS_2N_O2_A7_seedT2.tsv.gz	420697	7241601	cloneid_passaging_dead_cell_sources_and_parents_20260731.tsv	2026-07-31 23:26:42	UTC
SUM-159_NLS_2N_O2_A8_seedT1	SUM-159_NLS_2N_O2_A8_seedT1	SUM-159_NLS_2N_O2_A8_seedT1	SUM-159-NLS-2N	2N	2N	O2	2N-O2	O2	deprived	SUM-159_NLS_2N_O2_A8_seed	2N-O2-A8	8		9	0	formal_main_chain	formal_intra_passage	harvest	harvest	13	13	2025-05-09 18:26:14	SUM-159_NLS_2N_O2_A8_seed	2025-05-08 16:43:39	1.0712	4	-2.9288	2.9288	2	FALSE		TRUE	FALSE	TRUE	not_closest_harvest_to_fixed_endpoint	dead_cell	95	917	0.103598691	classified_full_promoted	FALSE	4	0	0		TRUE	fixed_mask_promoted_full	/home/4470246/Repositories/Reversing-in-vitro-adaptations/code/output/metrics/morphology/sum159_all_db_cloneid_cell_state/predictions_by_cloneid/SUM-159_NLS_2N_O2_A8_seedT1.tsv.gz	291683	7415711	cloneid_passaging_dead_cell_sources_and_parents_20260731.tsv	2026-07-31 23:26:42	UTC
SUM-159_NLS_2N_O2_A8_seedT2	SUM-159_NLS_2N_O2_A8_seedT2	SUM-159_NLS_2N_O2_A8_seedT2	SUM-159-NLS-2N	2N	2N	O2	2N-O2	O2	deprived	SUM-159_NLS_2N_O2_A8_seed	2N-O2-A8	8		9	0	formal_main_chain	formal_fixed_endpoint	harvest	harvest	13	13	2025-05-12 11:46:49	SUM-159_NLS_2N_O2_A8_seed	2025-05-08 16:43:39	3.7939	4	-0.2061	0.2061	1	TRUE	4	TRUE	TRUE	TRUE		dead_cell	363	8325	0.043603604	classified_full_promoted	FALSE	4	0	0		TRUE	fixed_mask_promoted_full	/home/4470246/Repositories/Reversing-in-vitro-adaptations/code/output/metrics/morphology/sum159_all_db_cloneid_cell_state/predictions_by_cloneid/SUM-159_NLS_2N_O2_A8_seedT2.tsv.gz	291683	7415711	cloneid_passaging_dead_cell_sources_and_parents_20260731.tsv	2026-07-31 23:26:42	UTC
SUM-159_NLS_2N_O2_A9_seedT1	SUM-159_NLS_2N_O2_A9_seedT1	SUM-159_NLS_2N_O2_A9_seedT1	SUM-159-NLS-2N	2N	2N	O2	2N-O2	O2	deprived	SUM-159_NLS_2N_O2_A9_seed	2N-O2-A9	9		10	0	formal_main_chain	formal_intra_passage	harvest	harvest	14	14	2025-05-16 16:45:47	SUM-159_NLS_2N_O2_A9_seed	2025-05-14 15:14:19	2.0635	7	-4.9365	4.9365	3	FALSE		TRUE	FALSE	TRUE	not_closest_harvest_to_fixed_endpoint	dead_cell	59	685	0.086131387	classified_full_promoted	FALSE	4	0	0		TRUE	fixed_mask_promoted_full	/home/4470246/Repositories/Reversing-in-vitro-adaptations/code/output/metrics/morphology/sum159_all_db_cloneid_cell_state/predictions_by_cloneid/SUM-159_NLS_2N_O2_A9_seedT1.tsv.gz	385434	5507477	cloneid_passaging_dead_cell_sources_and_parents_20260731.tsv	2026-07-31 23:26:42	UTC
SUM-159_NLS_2N_O2_A9_seedT2	SUM-159_NLS_2N_O2_A9_seedT2	SUM-159_NLS_2N_O2_A9_seedT2	SUM-159-NLS-2N	2N	2N	O2	2N-O2	O2	deprived	SUM-159_NLS_2N_O2_A9_seed	2N-O2-A9	9		10	0	formal_main_chain	formal_intra_passage	harvest	harvest	14	14	2025-05-19 18:05:44	SUM-159_NLS_2N_O2_A9_seed	2025-05-14 15:14:19	5.119	7	-1.881	1.881	2	FALSE		TRUE	FALSE	TRUE	not_closest_harvest_to_fixed_endpoint	dead_cell	323	2755	0.117241379	classified_full_promoted	FALSE	4	0	0		TRUE	fixed_mask_promoted_full	/home/4470246/Repositories/Reversing-in-vitro-adaptations/code/output/metrics/morphology/sum159_all_db_cloneid_cell_state/predictions_by_cloneid/SUM-159_NLS_2N_O2_A9_seedT2.tsv.gz	385434	5507477	cloneid_passaging_dead_cell_sources_and_parents_20260731.tsv	2026-07-31 23:26:42	UTC
SUM-159_NLS_2N_O2_A9_seedT3	SUM-159_NLS_2N_O2_A9_seedT3	SUM-159_NLS_2N_O2_A9_seedT3	SUM-159-NLS-2N	2N	2N	O2	2N-O2	O2	deprived	SUM-159_NLS_2N_O2_A9_seed	2N-O2-A9	9		10	0	formal_main_chain	formal_fixed_endpoint	harvest	harvest	14	14	2025-05-21 11:50:38	SUM-159_NLS_2N_O2_A9_seed	2025-05-14 15:14:19	6.8586	7	-0.1414	0.1414	1	TRUE	7	TRUE	TRUE	TRUE		dead_cell	497	4924	0.1009342	classified_partial_full_promoted	TRUE	3	0	1	no raw+mask or historical DetectionResults	TRUE	fixed_mask_promoted_full	/home/4470246/Repositories/Reversing-in-vitro-adaptations/code/output/metrics/morphology/sum159_all_db_cloneid_cell_state/predictions_by_cloneid/SUM-159_NLS_2N_O2_A9_seedT3.tsv.gz	385434	5507477	cloneid_passaging_dead_cell_sources_and_parents_20260731.tsv	2026-07-31 23:26:42	UTC
SUM-159_NLS_2N_O2_A10_seedT1	SUM-159_NLS_2N_O2_A10_seedT1	SUM-159_NLS_2N_O2_A10_seedT1	SUM-159-NLS-2N	2N	2N	O2	2N-O2	O2	deprived	SUM-159_NLS_2N_O2_A10_seed	2N-O2-A10	10		11	0	formal_main_chain	formal_intra_passage	harvest	harvest	15	15	2025-05-26 19:15:54	SUM-159_NLS_2N_O2_A10_seed	2025-05-23 18:35:20	3.0282	5	-1.9718	1.9718	2	FALSE		TRUE	FALSE	TRUE	not_closest_harvest_to_fixed_endpoint	dead_cell	404	3617	0.111694775	classified_full_promoted	FALSE	4	0	0		TRUE	fixed_mask_promoted_full	/home/4470246/Repositories/Reversing-in-vitro-adaptations/code/output/metrics/morphology/sum159_all_db_cloneid_cell_state/predictions_by_cloneid/SUM-159_NLS_2N_O2_A10_seedT1.tsv.gz	675067	6544585	cloneid_passaging_dead_cell_sources_and_parents_20260731.tsv	2026-07-31 23:26:42	UTC
SUM-159_NLS_2N_O2_A10_seedT2	SUM-159_NLS_2N_O2_A10_seedT2	SUM-159_NLS_2N_O2_A10_seedT2	SUM-159-NLS-2N	2N	2N	O2	2N-O2	O2	deprived	SUM-159_NLS_2N_O2_A10_seed	2N-O2-A10	10		11	0	formal_main_chain	formal_fixed_endpoint	harvest	harvest	15	15	2025-05-28 16:59:17	SUM-159_NLS_2N_O2_A10_seed	2025-05-23 18:35:20	4.9333	5	-0.0667	0.0667	1	TRUE	5	TRUE	TRUE	TRUE		dead_cell	547	8370	0.065352449	classified_full_promoted	FALSE	4	0	0		TRUE	fixed_mask_promoted_full	/home/4470246/Repositories/Reversing-in-vitro-adaptations/code/output/metrics/morphology/sum159_all_db_cloneid_cell_state/predictions_by_cloneid/SUM-159_NLS_2N_O2_A10_seedT2.tsv.gz	675067	6544585	cloneid_passaging_dead_cell_sources_and_parents_20260731.tsv	2026-07-31 23:26:42	UTC
SUM-159_NLS_2N_O2_A11_seedT1	SUM-159_NLS_2N_O2_A11_seedT1	SUM-159_NLS_2N_O2_A11_seedT1	SUM-159-NLS-2N	2N	2N	O2	2N-O2	O2	deprived	SUM-159_NLS_2N_O2_A11_seed	2N-O2-A11	11		12	0	formal_main_chain	formal_intra_passage	harvest	harvest	16	16	2025-06-02 12:00:06	SUM-159_NLS_2N_O2_A11_seed	2025-05-30 11:46:05	3.0097	5	-1.9903	1.9903	2	FALSE		TRUE	FALSE	TRUE	not_closest_harvest_to_fixed_endpoint	dead_cell	909	2653	0.342630984	classified_full_promoted	FALSE	4	0	0		TRUE	fixed_mask_promoted_full	/home/4470246/Repositories/Reversing-in-vitro-adaptations/code/output/metrics/morphology/sum159_all_db_cloneid_cell_state/predictions_by_cloneid/SUM-159_NLS_2N_O2_A11_seedT1.tsv.gz	520225	5685713	cloneid_passaging_dead_cell_sources_and_parents_20260731.tsv	2026-07-31 23:26:42	UTC
SUM-159_NLS_2N_O2_A11_seedT2	SUM-159_NLS_2N_O2_A11_seedT2	SUM-159_NLS_2N_O2_A11_seedT2	SUM-159-NLS-2N	2N	2N	O2	2N-O2	O2	deprived	SUM-159_NLS_2N_O2_A11_seed	2N-O2-A11	11		12	0	formal_main_chain	formal_fixed_endpoint	harvest	harvest	16	16	2025-06-04 13:52:08	SUM-159_NLS_2N_O2_A11_seed	2025-05-30 11:46:05	5.0875	5	0.0875000000000004	0.0875000000000004	1	TRUE	5	FALSE	TRUE	FALSE		dead_cell	851	7148	0.119054281	classified_full_promoted	FALSE	4	0	0		TRUE	fixed_mask_promoted_full	/home/4470246/Repositories/Reversing-in-vitro-adaptations/code/output/metrics/morphology/sum159_all_db_cloneid_cell_state/predictions_by_cloneid/SUM-159_NLS_2N_O2_A11_seedT2.tsv.gz	520225	5685713	cloneid_passaging_dead_cell_sources_and_parents_20260731.tsv	2026-07-31 23:26:42	UTC
SUM-159_NLS_2N_O2_A12_seedT1	SUM-159_NLS_2N_O2_A12_seedT1	SUM-159_NLS_2N_O2_A12_seedT1	SUM-159-NLS-2N	2N	2N	O2	2N-O2	O2	deprived	SUM-159_NLS_2N_O2_A12_seed	2N-O2-A12	12		13	0	formal_main_chain	formal_intra_passage	harvest	harvest	17	17	2025-06-09 10:06:44	SUM-159_NLS_2N_O2_A12_seed	2025-06-06 14:14:54	2.8277	7	-4.1723	4.1723	3	FALSE		TRUE	FALSE	TRUE	not_closest_harvest_to_fixed_endpoint	dead_cell	243	1386	0.175324675	classified_full_promoted	FALSE	4	0	0		TRUE	fixed_mask_promoted_full	/home/4470246/Repositories/Reversing-in-vitro-adaptations/code/output/metrics/morphology/sum159_all_db_cloneid_cell_state/predictions_by_cloneid/SUM-159_NLS_2N_O2_A12_seedT1.tsv.gz	364269	7249729	cloneid_passaging_dead_cell_sources_and_parents_20260731.tsv	2026-07-31 23:26:42	UTC
SUM-159_NLS_2N_O2_A12_seedT2	SUM-159_NLS_2N_O2_A12_seedT2	SUM-159_NLS_2N_O2_A12_seedT2	SUM-159-NLS-2N	2N	2N	O2	2N-O2	O2	deprived	SUM-159_NLS_2N_O2_A12_seed	2N-O2-A12	12		13	0	formal_main_chain	formal_intra_passage	harvest	harvest	17	17	2025-06-11 17:07:46	SUM-159_NLS_2N_O2_A12_seed	2025-06-06 14:14:54	5.12	7	-1.88	1.88	2	FALSE		TRUE	FALSE	TRUE	not_closest_harvest_to_fixed_endpoint	dead_cell	950	4419	0.214980765	classified_full_promoted	FALSE	4	0	0		TRUE	fixed_mask_promoted_full	/home/4470246/Repositories/Reversing-in-vitro-adaptations/code/output/metrics/morphology/sum159_all_db_cloneid_cell_state/predictions_by_cloneid/SUM-159_NLS_2N_O2_A12_seedT2.tsv.gz	364269	7249729	cloneid_passaging_dead_cell_sources_and_parents_20260731.tsv	2026-07-31 23:26:42	UTC
SUM-159_NLS_2N_O2_A12_seedT3	SUM-159_NLS_2N_O2_A12_seedT3	SUM-159_NLS_2N_O2_A12_seedT3	SUM-159-NLS-2N	2N	2N	O2	2N-O2	O2	deprived	SUM-159_NLS_2N_O2_A12_seed	2N-O2-A12	12		13	0	formal_main_chain	formal_fixed_endpoint	harvest	harvest	17	17	2025-06-13 17:07:48	SUM-159_NLS_2N_O2_A12_seed	2025-06-06 14:14:54	7.1201	7	0.1201	0.1201	1	TRUE	7	FALSE	TRUE	FALSE		dead_cell	518	6980	0.074212034	classified_full_promoted	FALSE	4	0	0		TRUE	fixed_mask_promoted_full	/home/4470246/Repositories/Reversing-in-vitro-adaptations/code/output/metrics/morphology/sum159_all_db_cloneid_cell_state/predictions_by_cloneid/SUM-159_NLS_2N_O2_A12_seedT3.tsv.gz	364269	7249729	cloneid_passaging_dead_cell_sources_and_parents_20260731.tsv	2026-07-31 23:26:42	UTC
SUM-159_NLS_2N_O2_A13_seedT1	SUM-159_NLS_2N_O2_A13_seedT1	SUM-159_NLS_2N_O2_A13_seedT1	SUM-159-NLS-2N	2N	2N	O2	2N-O2	O2	deprived	SUM-159_NLS_2N_O2_A13_seed	2N-O2-A13	13		14	0	formal_main_chain	formal_intra_passage	harvest	harvest	18	18	2025-06-16 13:02:05	SUM-159_NLS_2N_O2_A13_seed	2025-06-14 17:09:25	1.8282	6	-4.1718	4.1718	2	FALSE		TRUE	FALSE	TRUE	not_closest_harvest_to_fixed_endpoint	dead_cell	163	1459	0.111720356	classified_full_promoted	FALSE	4	0	0		TRUE	fixed_mask_promoted_full	/home/4470246/Repositories/Reversing-in-vitro-adaptations/code/output/metrics/morphology/sum159_all_db_cloneid_cell_state/predictions_by_cloneid/SUM-159_NLS_2N_O2_A13_seedT1.tsv.gz	563670	8451705	cloneid_passaging_dead_cell_sources_and_parents_20260731.tsv	2026-07-31 23:26:42	UTC
SUM-159_NLS_2N_O2_A13_seedT3	SUM-159_NLS_2N_O2_A13_seedT3	SUM-159_NLS_2N_O2_A13_seedT3	SUM-159-NLS-2N	2N	2N	O2	2N-O2	O2	deprived	SUM-159_NLS_2N_O2_A13_seed	2N-O2-A13	13		14	0	formal_main_chain	formal_fixed_endpoint	harvest	harvest	18	18	2025-06-20 16:11:19	SUM-159_NLS_2N_O2_A13_seed	2025-06-14 17:09:25	5.9597	6	-0.0403000000000002	0.0403000000000002	1	TRUE	6	TRUE	TRUE	TRUE		dead_cell	810	10179	0.079575597	classified_full_promoted	FALSE	4	0	0		TRUE	fixed_mask_promoted_full	/home/4470246/Repositories/Reversing-in-vitro-adaptations/code/output/metrics/morphology/sum159_all_db_cloneid_cell_state/predictions_by_cloneid/SUM-159_NLS_2N_O2_A13_seedT3.tsv.gz	563670	8451705	cloneid_passaging_dead_cell_sources_and_parents_20260731.tsv	2026-07-31 23:26:42	UTC
SUM-159_NLS_2N_O2_A14_seedT1	SUM-159_NLS_2N_O2_A14_seedT1	SUM-159_NLS_2N_O2_A14_seedT1	SUM-159-NLS-2N	2N	2N	O2	2N-O2	O2	deprived	SUM-159_NLS_2N_O2_A14_seed	2N-O2-A14	14		15	0	formal_main_chain	formal_intra_passage	harvest	harvest	19	19	2025-06-27 12:18:12	SUM-159_NLS_2N_O2_A14_seed	2025-06-25 11:01:16	2.0534	7	-4.9466	4.9466	3	FALSE		TRUE	FALSE	TRUE	not_closest_harvest_to_fixed_endpoint	dead_cell	133	901	0.147613762	classified_full_promoted	FALSE	4	0	0		TRUE	fixed_mask_promoted_full	/home/4470246/Repositories/Reversing-in-vitro-adaptations/code/output/metrics/morphology/sum159_all_db_cloneid_cell_state/predictions_by_cloneid/SUM-159_NLS_2N_O2_A14_seedT1.tsv.gz	455615	6241585	cloneid_passaging_dead_cell_sources_and_parents_20260731.tsv	2026-07-31 23:26:42	UTC
SUM-159_NLS_2N_O2_A14_seedT2	SUM-159_NLS_2N_O2_A14_seedT2	SUM-159_NLS_2N_O2_A14_seedT2	SUM-159-NLS-2N	2N	2N	O2	2N-O2	O2	deprived	SUM-159_NLS_2N_O2_A14_seed	2N-O2-A14	14		15	0	formal_main_chain	formal_intra_passage	harvest	harvest	19	19	2025-06-30 12:28:00	SUM-159_NLS_2N_O2_A14_seed	2025-06-25 11:01:16	5.0602	7	-1.9398	1.9398	2	FALSE		TRUE	FALSE	TRUE	not_closest_harvest_to_fixed_endpoint	dead_cell	432	4598	0.093953893	classified_full_promoted	FALSE	4	0	0		TRUE	fixed_mask_promoted_full	/home/4470246/Repositories/Reversing-in-vitro-adaptations/code/output/metrics/morphology/sum159_all_db_cloneid_cell_state/predictions_by_cloneid/SUM-159_NLS_2N_O2_A14_seedT2.tsv.gz	455615	6241585	cloneid_passaging_dead_cell_sources_and_parents_20260731.tsv	2026-07-31 23:26:42	UTC
SUM-159_NLS_2N_O2_A14_seedT3	SUM-159_NLS_2N_O2_A14_seedT3	SUM-159_NLS_2N_O2_A14_seedT3	SUM-159-NLS-2N	2N	2N	O2	2N-O2	O2	deprived	SUM-159_NLS_2N_O2_A14_seed	2N-O2-A14	14		15	0	formal_main_chain	formal_fixed_endpoint	harvest	harvest	19	19	2025-07-02 15:27:24	SUM-159_NLS_2N_O2_A14_seed	2025-06-25 11:01:16	7.1848	7	0.1848	0.1848	1	TRUE	7	FALSE	TRUE	FALSE		dead_cell	822	8489	0.096831193	classified_full_promoted	FALSE	4	0	0		TRUE	fixed_mask_promoted_full	/home/4470246/Repositories/Reversing-in-vitro-adaptations/code/output/metrics/morphology/sum159_all_db_cloneid_cell_state/predictions_by_cloneid/SUM-159_NLS_2N_O2_A14_seedT3.tsv.gz	455615	6241585	cloneid_passaging_dead_cell_sources_and_parents_20260731.tsv	2026-07-31 23:26:42	UTC
SUM-159_NLS_2N_O2_A15_seedT1	SUM-159_NLS_2N_O2_A15_seedT1	SUM-159_NLS_2N_O2_A15_seedT1	SUM-159-NLS-2N	2N	2N	O2	2N-O2	O2	deprived	SUM-159_NLS_2N_O2_A15_seed	2N-O2-A15	15		16	0	formal_main_chain	formal_intra_passage	harvest	harvest	20	20	2025-07-07 15:27:24	SUM-159_NLS_2N_O2_A15_seed	2025-07-05 15:27:24	2	4	-2	2	2	FALSE		TRUE	FALSE	TRUE	not_closest_harvest_to_fixed_endpoint	dead_cell	554	3361	0.164831895	classified_full_promoted	FALSE	4	0	0		TRUE	fixed_mask_promoted_full	/home/4470246/Repositories/Reversing-in-vitro-adaptations/code/output/metrics/morphology/sum159_all_db_cloneid_cell_state/predictions_by_cloneid/SUM-159_NLS_2N_O2_A15_seedT1.tsv.gz	915685	6207051	cloneid_passaging_dead_cell_sources_and_parents_20260731.tsv	2026-07-31 23:26:42	UTC
SUM-159_NLS_2N_O2_A15_seedT2	SUM-159_NLS_2N_O2_A15_seedT2	SUM-159_NLS_2N_O2_A15_seedT2	SUM-159-NLS-2N	2N	2N	O2	2N-O2	O2	deprived	SUM-159_NLS_2N_O2_A15_seed	2N-O2-A15	15		16	0	formal_main_chain	formal_fixed_endpoint	harvest	harvest	20	20	2025-07-09 15:27:24	SUM-159_NLS_2N_O2_A15_seed	2025-07-05 15:27:24	4	4	0	0	1	TRUE	4	TRUE	TRUE	TRUE		dead_cell	767	8038	0.095421747	classified_full_promoted	FALSE	4	0	0		TRUE	fixed_mask_promoted_full	/home/4470246/Repositories/Reversing-in-vitro-adaptations/code/output/metrics/morphology/sum159_all_db_cloneid_cell_state/predictions_by_cloneid/SUM-159_NLS_2N_O2_A15_seedT2.tsv.gz	915685	6207051	cloneid_passaging_dead_cell_sources_and_parents_20260731.tsv	2026-07-31 23:26:42	UTC
SUM-159_NLS_2N_O2_A16_seedT2	SUM-159_NLS_2N_O2_A16_seedT2	SUM-159_NLS_2N_O2_A16_seedT2	SUM-159-NLS-2N	2N	2N	O2	2N-O2	O2	deprived	SUM-159_NLS_2N_O2_A16_seed	2N-O2-A16	16		17	0	formal_main_chain	formal_intra_passage	harvest	harvest	21	21	2025-07-30 15:49:08	SUM-159_NLS_2N_O2_A16_seed	2025-07-26 17:24:51	3.9335	9	-5.0665	5.0665	3	FALSE		TRUE	FALSE	TRUE	not_closest_harvest_to_fixed_endpoint	dead_cell	531	2807	0.189169932	classified_full_promoted	FALSE	4	0	0		TRUE	fixed_mask_promoted_full	/home/4470246/Repositories/Reversing-in-vitro-adaptations/code/output/metrics/morphology/sum159_all_db_cloneid_cell_state/predictions_by_cloneid/SUM-159_NLS_2N_O2_A16_seedT2.tsv.gz	467868	5397194	cloneid_passaging_dead_cell_sources_and_parents_20260731.tsv	2026-07-31 23:26:42	UTC
SUM-159_NLS_2N_O2_A16_seedT3	SUM-159_NLS_2N_O2_A16_seedT3	SUM-159_NLS_2N_O2_A16_seedT3	SUM-159-NLS-2N	2N	2N	O2	2N-O2	O2	deprived	SUM-159_NLS_2N_O2_A16_seed	2N-O2-A16	16		17	0	formal_main_chain	formal_intra_passage	harvest	harvest	21	21	2025-08-01 16:32:14	SUM-159_NLS_2N_O2_A16_seed	2025-07-26 17:24:51	5.9635	9	-3.0365	3.0365	2	FALSE		TRUE	FALSE	TRUE	not_closest_harvest_to_fixed_endpoint	dead_cell	822	6650	0.123609023	classified_full_promoted	FALSE	4	0	0		TRUE	fixed_mask_promoted_full	/home/4470246/Repositories/Reversing-in-vitro-adaptations/code/output/metrics/morphology/sum159_all_db_cloneid_cell_state/predictions_by_cloneid/SUM-159_NLS_2N_O2_A16_seedT3.tsv.gz	467868	5397194	cloneid_passaging_dead_cell_sources_and_parents_20260731.tsv	2026-07-31 23:26:42	UTC
SUM-159_NLS_2N_O2_A16_seedT4	SUM-159_NLS_2N_O2_A16_seedT4	SUM-159_NLS_2N_O2_A16_seedT4	SUM-159-NLS-2N	2N	2N	O2	2N-O2	O2	deprived	SUM-159_NLS_2N_O2_A16_seed	2N-O2-A16	16		17	0	formal_main_chain	formal_fixed_endpoint	harvest	harvest	21	21	2025-08-04 12:37:31	SUM-159_NLS_2N_O2_A16_seed	2025-07-26 17:24:51	8.8005	9	-0.1995	0.1995	1	TRUE	9	TRUE	TRUE	TRUE		dead_cell	167	4971	0.03359485	classified_full_promoted	FALSE	4	0	0		TRUE	fixed_mask_promoted_full	/home/4470246/Repositories/Reversing-in-vitro-adaptations/code/output/metrics/morphology/sum159_all_db_cloneid_cell_state/predictions_by_cloneid/SUM-159_NLS_2N_O2_A16_seedT4.tsv.gz	467868	5397194	cloneid_passaging_dead_cell_sources_and_parents_20260731.tsv	2026-07-31 23:26:42	UTC
SUM-159_NLS_2N_O2_A17_seedT1	SUM-159_NLS_2N_O2_A17_seedT1	SUM-159_NLS_2N_O2_A17_seedT1	SUM-159-NLS-2N	2N	2N	O2	2N-O2	O2	deprived	SUM-159_NLS_2N_O2_A17_seed	2N-O2-A17	17		18	0	formal_main_chain	formal_intra_passage	harvest	harvest	22	22	2025-08-08 12:37:31	SUM-159_NLS_2N_O2_A17_seed	2025-08-06 12:37:16	2.0002	7	-4.9998	4.9998	3	FALSE		TRUE	FALSE	TRUE	not_closest_harvest_to_fixed_endpoint	dead_cell	204	1071	0.19047619	classified_full_promoted	FALSE	4	0	0		TRUE	fixed_mask_promoted_full	/home/4470246/Repositories/Reversing-in-vitro-adaptations/code/output/metrics/morphology/sum159_all_db_cloneid_cell_state/predictions_by_cloneid/SUM-159_NLS_2N_O2_A17_seedT1.tsv.gz	363155	7128306	cloneid_passaging_dead_cell_sources_and_parents_20260731.tsv	2026-07-31 23:26:42	UTC
SUM-159_NLS_2N_O2_A17_seedT2	SUM-159_NLS_2N_O2_A17_seedT2	SUM-159_NLS_2N_O2_A17_seedT2	SUM-159-NLS-2N	2N	2N	O2	2N-O2	O2	deprived	SUM-159_NLS_2N_O2_A17_seed	2N-O2-A17	17		18	0	formal_main_chain	formal_intra_passage	harvest	harvest	22	22	2025-08-11 12:37:31	SUM-159_NLS_2N_O2_A17_seed	2025-08-06 12:37:16	5.0002	7	-1.9998	1.9998	2	FALSE		TRUE	FALSE	TRUE	not_closest_harvest_to_fixed_endpoint	dead_cell	481	5405	0.088991674	classified_full_promoted	FALSE	4	0	0		TRUE	fixed_mask_promoted_full	/home/4470246/Repositories/Reversing-in-vitro-adaptations/code/output/metrics/morphology/sum159_all_db_cloneid_cell_state/predictions_by_cloneid/SUM-159_NLS_2N_O2_A17_seedT2.tsv.gz	363155	7128306	cloneid_passaging_dead_cell_sources_and_parents_20260731.tsv	2026-07-31 23:26:42	UTC
SUM-159_NLS_2N_O2_A17_seedT3	SUM-159_NLS_2N_O2_A17_seedT3	SUM-159_NLS_2N_O2_A17_seedT3	SUM-159-NLS-2N	2N	2N	O2	2N-O2	O2	deprived	SUM-159_NLS_2N_O2_A17_seed	2N-O2-A17	17		18	0	formal_main_chain	formal_fixed_endpoint	harvest	harvest	22	22	2025-08-13 15:37:44	SUM-159_NLS_2N_O2_A17_seed	2025-08-06 12:37:16	7.1253	7	0.1253	0.1253	1	TRUE	7	FALSE	TRUE	FALSE		dead_cell	422	6375	0.066196078	classified_full_promoted	FALSE	4	0	0		TRUE	fixed_mask_promoted_full	/home/4470246/Repositories/Reversing-in-vitro-adaptations/code/output/metrics/morphology/sum159_all_db_cloneid_cell_state/predictions_by_cloneid/SUM-159_NLS_2N_O2_A17_seedT3.tsv.gz	363155	7128306	cloneid_passaging_dead_cell_sources_and_parents_20260731.tsv	2026-07-31 23:26:42	UTC
SUM-159_NLS_2N_O2_A18_seedT1	SUM-159_NLS_2N_O2_A18_seedT1	SUM-159_NLS_2N_O2_A18_seedT1	SUM-159-NLS-2N	2N	2N	O2	2N-O2	O2	deprived	SUM-159_NLS_2N_O2_A18_seed	2N-O2-A18	18		19	0	formal_main_chain	formal_intra_passage	harvest	harvest	23	23	2025-08-18 12:18:09	SUM-159_NLS_2N_O2_A18_seed	2025-08-15 13:13:26	2.9616	5	-2.0384	2.0384	2	FALSE		TRUE	FALSE	TRUE	not_closest_harvest_to_fixed_endpoint	dead_cell	812	4205	0.193103448	classified_full_promoted	FALSE	4	0	0		TRUE	fixed_mask_promoted_full	/home/4470246/Repositories/Reversing-in-vitro-adaptations/code/output/metrics/morphology/sum159_all_db_cloneid_cell_state/predictions_by_cloneid/SUM-159_NLS_2N_O2_A18_seedT1.tsv.gz	642762	9890957	cloneid_passaging_dead_cell_sources_and_parents_20260731.tsv	2026-07-31 23:26:42	UTC
SUM-159_NLS_2N_O2_A18_seedT2	SUM-159_NLS_2N_O2_A18_seedT2	SUM-159_NLS_2N_O2_A18_seedT2	SUM-159-NLS-2N	2N	2N	O2	2N-O2	O2	deprived	SUM-159_NLS_2N_O2_A18_seed	2N-O2-A18	18		19	0	formal_main_chain	formal_fixed_endpoint	harvest	harvest	23	23	2025-08-20 15:28:09	SUM-159_NLS_2N_O2_A18_seed	2025-08-15 13:13:26	5.0936	5	0.0936000000000003	0.0936000000000003	1	TRUE	5	FALSE	TRUE	FALSE		dead_cell	878	10333	0.084970483	classified_full_promoted	FALSE	4	0	0		TRUE	fixed_mask_promoted_full	/home/4470246/Repositories/Reversing-in-vitro-adaptations/code/output/metrics/morphology/sum159_all_db_cloneid_cell_state/predictions_by_cloneid/SUM-159_NLS_2N_O2_A18_seedT2.tsv.gz	642762	9890957	cloneid_passaging_dead_cell_sources_and_parents_20260731.tsv	2026-07-31 23:26:42	UTC
SUM-159_NLS_2N_O2_A19_seedT1	SUM-159_NLS_2N_O2_A19_seedT1	SUM-159_NLS_2N_O2_A19_seedT1	SUM-159-NLS-2N	2N	2N	O2	2N-O2	O2	deprived	SUM-159_NLS_2N_O2_A19_seed	2N-O2-A19	19		20	0	formal_main_chain	formal_intra_passage	harvest	harvest	24	24	2025-08-25 12:42:36	SUM-159_NLS_2N_O2_A19_seed	2025-08-22 12:34:03	3.0059	5	-1.9941	1.9941	2	FALSE		TRUE	FALSE	TRUE	not_closest_harvest_to_fixed_endpoint	dead_cell	1030	9158	0.112469972	classified_full_promoted	FALSE	4	0	0		TRUE	fixed_mask_promoted_full	/home/4470246/Repositories/Reversing-in-vitro-adaptations/code/output/metrics/morphology/sum159_all_db_cloneid_cell_state/predictions_by_cloneid/SUM-159_NLS_2N_O2_A19_seedT1.tsv.gz	1088351	10719752	cloneid_passaging_dead_cell_sources_and_parents_20260731.tsv	2026-07-31 23:26:42	UTC
SUM-159_NLS_2N_O2_A19_seedT2	SUM-159_NLS_2N_O2_A19_seedT2	SUM-159_NLS_2N_O2_A19_seedT2	SUM-159-NLS-2N	2N	2N	O2	2N-O2	O2	deprived	SUM-159_NLS_2N_O2_A19_seed	2N-O2-A19	19		20	0	formal_main_chain	formal_fixed_endpoint	harvest	harvest	24	24	2025-08-27 19:42:36	SUM-159_NLS_2N_O2_A19_seed	2025-08-22 12:34:03	5.2976	5	0.2976	0.2976	1	TRUE	5	FALSE	TRUE	FALSE		dead_cell	1058	9704	0.109027205	classified_full_promoted	FALSE	4	0	0		TRUE	fixed_mask_promoted_full	/home/4470246/Repositories/Reversing-in-vitro-adaptations/code/output/metrics/morphology/sum159_all_db_cloneid_cell_state/predictions_by_cloneid/SUM-159_NLS_2N_O2_A19_seedT2.tsv.gz	1088351	10719752	cloneid_passaging_dead_cell_sources_and_parents_20260731.tsv	2026-07-31 23:26:42	UTC
SUM-159_NLS_2N_O2_A20_seedT1	SUM-159_NLS_2N_O2_A20_seedT1	SUM-159_NLS_2N_O2_A20_seedT1	SUM-159-NLS-2N	2N	2N	O2	2N-O2	O2	deprived	SUM-159_NLS_2N_O2_A20_seed	2N-O2-A20	20		21	0	formal_main_chain	formal_intra_passage	harvest	harvest	25	25	2025-09-01 11:15:03	SUM-159_NLS_2N_O2_A20_seed	2025-08-29 12:34:03	2.9451	5	-2.0549	2.0549	2	FALSE		TRUE	FALSE	TRUE	not_closest_harvest_to_fixed_endpoint	dead_cell	320	1452	0.220385675	classified_full_promoted	FALSE	4	0	0		TRUE	fixed_mask_promoted_full	/home/4470246/Repositories/Reversing-in-vitro-adaptations/code/output/metrics/morphology/sum159_all_db_cloneid_cell_state/predictions_by_cloneid/SUM-159_NLS_2N_O2_A20_seedT1.tsv.gz	568126	4805675	cloneid_passaging_dead_cell_sources_and_parents_20260731.tsv	2026-07-31 23:26:42	UTC
SUM-159_NLS_2N_O2_A20_seedT2	SUM-159_NLS_2N_O2_A20_seedT2	SUM-159_NLS_2N_O2_A20_seedT2	SUM-159-NLS-2N	2N	2N	O2	2N-O2	O2	deprived	SUM-159_NLS_2N_O2_A20_seed	2N-O2-A20	20		21	0	formal_main_chain	formal_fixed_endpoint	harvest	harvest	25	25	2025-09-03 19:42:36	SUM-159_NLS_2N_O2_A20_seed	2025-08-29 12:34:03	5.2976	5	0.2976	0.2976	1	TRUE	5	FALSE	TRUE	FALSE		dead_cell	496	5881	0.084339398	classified_full_promoted	FALSE	4	0	0		TRUE	fixed_mask_promoted_full	/home/4470246/Repositories/Reversing-in-vitro-adaptations/code/output/metrics/morphology/sum159_all_db_cloneid_cell_state/predictions_by_cloneid/SUM-159_NLS_2N_O2_A20_seedT2.tsv.gz	568126	4805675	cloneid_passaging_dead_cell_sources_and_parents_20260731.tsv	2026-07-31 23:26:42	UTC
SUM-159_NLS_2N_O2_A21_seedT1	SUM-159_NLS_2N_O2_A21_seedT1	SUM-159_NLS_2N_O2_A21_seedT1	SUM-159-NLS-2N	2N	2N	O2	2N-O2	O2	deprived	SUM-159_NLS_2N_O2_A21_seed	2N-O2-A21	21		22	0	formal_main_chain	formal_intra_passage	harvest	harvest	26	26	2025-09-08 16:31:12	SUM-159_NLS_2N_O2_A21_seed	2025-09-05 12:34:03	3.1647	5	-1.8353	1.8353	2	FALSE		TRUE	FALSE	TRUE	not_closest_harvest_to_fixed_endpoint	dead_cell	250	1742	0.143513203	classified_full_promoted	FALSE	4	0	0		TRUE	fixed_mask_promoted_full	/home/4470246/Repositories/Reversing-in-vitro-adaptations/code/output/metrics/morphology/sum159_all_db_cloneid_cell_state/predictions_by_cloneid/SUM-159_NLS_2N_O2_A21_seedT1.tsv.gz	524681	5128727	cloneid_passaging_dead_cell_sources_and_parents_20260731.tsv	2026-07-31 23:26:42	UTC
SUM-159_NLS_2N_O2_A21_seedT2	SUM-159_NLS_2N_O2_A21_seedT2	SUM-159_NLS_2N_O2_A21_seedT2	SUM-159-NLS-2N	2N	2N	O2	2N-O2	O2	deprived	SUM-159_NLS_2N_O2_A21_seed	2N-O2-A21	21		22	0	formal_main_chain	formal_fixed_endpoint	harvest	harvest	26	26	2025-09-10 12:35:16	SUM-159_NLS_2N_O2_A21_seed	2025-09-05 12:34:03	5.0008	5	0.000799999999999912	0.000799999999999912	1	TRUE	5	FALSE	TRUE	FALSE		dead_cell	792	6556	0.120805369	classified_full_promoted	FALSE	4	0	0		TRUE	fixed_mask_promoted_full	/home/4470246/Repositories/Reversing-in-vitro-adaptations/code/output/metrics/morphology/sum159_all_db_cloneid_cell_state/predictions_by_cloneid/SUM-159_NLS_2N_O2_A21_seedT2.tsv.gz	524681	5128727	cloneid_passaging_dead_cell_sources_and_parents_20260731.tsv	2026-07-31 23:26:42	UTC
SUM-159_NLS_2N_O2_A22_seedT1	SUM-159_NLS_2N_O2_A22_seedT1	SUM-159_NLS_2N_O2_A22_seedT1	SUM-159-NLS-2N	2N	2N	O2	2N-O2	O2	deprived	SUM-159_NLS_2N_O2_A22_seed	2N-O2-A22	22		23	0	formal_main_chain	formal_fixed_endpoint	harvest	harvest	27	27	2025-09-22 15:27:41	SUM-159_NLS_2N_O2_A22_seed	2025-09-19 12:34:03	3.1206	3	0.1206	0.1206	1	TRUE	3	FALSE	TRUE	FALSE		dead_cell	453	4647	0.097482247	classified_full_promoted	FALSE	4	0	0		TRUE	fixed_mask_promoted_full	/home/4470246/Repositories/Reversing-in-vitro-adaptations/code/output/metrics/morphology/sum159_all_db_cloneid_cell_state/predictions_by_cloneid/SUM-159_NLS_2N_O2_A22_seedT1.tsv.gz	567012	3580306	cloneid_passaging_dead_cell_sources_and_parents_20260731.tsv	2026-07-31 23:26:42	UTC
SUM-159_NLS_2N_O2_A23_seedT1	SUM-159_NLS_2N_O2_A23_seedT1	SUM-159_NLS_2N_O2_A23_seedT1	SUM-159-NLS-2N	2N	2N	O2	2N-O2	O2	deprived	SUM-159_NLS_2N_O2_A23_seed	2N-O2-A23	23		24	0	formal_main_chain	formal_intra_passage	harvest	harvest	28	28	2025-09-26 12:36:12	SUM-159_NLS_2N_O2_A23_seed	2025-09-24 13:34:03	1.9598	5	-3.0402	3.0402	2	FALSE		TRUE	FALSE	TRUE	not_closest_harvest_to_fixed_endpoint	dead_cell	665	3940	0.168781726	classified_full_promoted	FALSE	4	0	0		TRUE	fixed_mask_promoted_full	/home/4470246/Repositories/Reversing-in-vitro-adaptations/code/output/metrics/morphology/sum159_all_db_cloneid_cell_state/predictions_by_cloneid/SUM-159_NLS_2N_O2_A23_seedT1.tsv.gz	571468	6965666	cloneid_passaging_dead_cell_sources_and_parents_20260731.tsv	2026-07-31 23:26:42	UTC
SUM-159_NLS_2N_O2_A23_seedT2	SUM-159_NLS_2N_O2_A23_seedT2	SUM-159_NLS_2N_O2_A23_seedT2	SUM-159-NLS-2N	2N	2N	O2	2N-O2	O2	deprived	SUM-159_NLS_2N_O2_A23_seed	2N-O2-A23	23		24	0	formal_main_chain	formal_fixed_endpoint	harvest	harvest	28	28	2025-09-29 12:36:12	SUM-159_NLS_2N_O2_A23_seed	2025-09-24 13:34:03	4.9598	5	-0.0401999999999996	0.0401999999999996	1	TRUE	5	TRUE	TRUE	TRUE		dead_cell	146	5230	0.02791587	classified_full_promoted	FALSE	4	0	0		TRUE	fixed_mask_promoted_full	/home/4470246/Repositories/Reversing-in-vitro-adaptations/code/output/metrics/morphology/sum159_all_db_cloneid_cell_state/predictions_by_cloneid/SUM-159_NLS_2N_O2_A23_seedT2.tsv.gz	571468	6965666	cloneid_passaging_dead_cell_sources_and_parents_20260731.tsv	2026-07-31 23:26:42	UTC
SUM-159_NLS_2N_O2_A7K_harvest	SUM159_NLS_2N_O2_A7K_harvest	SUM-159_NLS_2N_O2_A7K_harvest	SUM-159-NLS-2N	2N	2N	O2	2N-O2	O2	deprived	SUM-159_NLS_2N_O2_A7K_seed	2N-O2-A7K		7	9	1	a7k_side_branch_not_currently_simulated	a7k_side_branch_endpoint_candidate	harvest	harvest	13	13	2025-03-05 15:33:14	SUM-159_NLS_2N_O2_A7K_seed	2025-03-01 19:43:00	3.8266				1	TRUE		FALSE	FALSE	FALSE	a7k_side_branch_not_simulated_by_current_independent_scenario_adapter	dead_cell	789	9018	0.087491683	classified_full_promoted	FALSE	4	0	0		TRUE	fixed_mask_promoted_full	/home/4470246/Repositories/Reversing-in-vitro-adaptations/code/output/metrics/morphology/sum159_all_db_cloneid_cell_state/predictions_by_cloneid/SUM-159_NLS_2N_O2_A7K_harvest.tsv.gz			cloneid_passaging_dead_cell_sources_and_parents_20260731.tsv	2026-07-31 23:26:42	UTC
SUM-159_NLS_4N_O1_A1_seedT1	SUM-159_NLS_4N_O1_A1_seedT1	SUM-159_NLS_4N_O1_A1_seedT1	SUM-159-NLS-4N	4N	4N	O1	4N-O1	O1	deprived	SUM-159_NLS_4N_O1_A1_seed	4N-O1-A1	1		2	2	formal_main_chain	formal_fixed_endpoint	harvest	harvest	6	6	2024-11-18 13:52:45	SUM-159_NLS_4N_O1_A1_seed	2024-11-15 15:42:40	2.9237	3	-0.0762999999999998	0.0762999999999998	1	TRUE	3	TRUE	TRUE	TRUE		dead_cell	172	7506	0.022915001	classified_full_promoted	FALSE	4	0	0		TRUE	fixed_mask_promoted_full	/home/4470246/Repositories/Reversing-in-vitro-adaptations/code/output/metrics/morphology/sum159_all_db_cloneid_cell_state/predictions_by_cloneid/SUM-159_NLS_4N_O1_A1_seedT1.tsv.gz	1496747	5464856	cloneid_passaging_dead_cell_sources_and_parents_20260731.tsv	2026-07-31 23:26:42	UTC
SUM-159_NLS_4N_O1_A2_seedT1	SUM-159_NLS_4N_O1_A2_seedT1	SUM-159_NLS_4N_O1_A2_seedT1	SUM-159-NLS-4N	4N	4N	O1	4N-O1	O1	deprived	SUM-159_NLS_4N_O1_A2_seed	4N-O1-A2	2		3	1	formal_main_chain	formal_intra_passage	harvest	harvest	7	7	2024-11-22 16:07:21	SUM-159_NLS_4N_O1_A2_seed	2024-11-20 15:55:32	2.0082	5	-2.9918	2.9918	2	FALSE		TRUE	FALSE	TRUE	not_closest_harvest_to_fixed_endpoint	dead_cell	56	912	0.061403509	classified_full_promoted	FALSE	4	0	0		TRUE	fixed_mask_promoted_full	/home/4470246/Repositories/Reversing-in-vitro-adaptations/code/output/metrics/morphology/sum159_all_db_cloneid_cell_state/predictions_by_cloneid/SUM-159_NLS_4N_O1_A2_seedT1.tsv.gz	469077	3281438	cloneid_passaging_dead_cell_sources_and_parents_20260731.tsv	2026-07-31 23:26:42	UTC
SUM-159_NLS_4N_O1_A2_seedT2	SUM-159_NLS_4N_O1_A2_seedT2	SUM-159_NLS_4N_O1_A2_seedT2	SUM-159-NLS-4N	4N	4N	O1	4N-O1	O1	deprived	SUM-159_NLS_4N_O1_A2_seed	4N-O1-A2	2		3	1	formal_main_chain	formal_fixed_endpoint	harvest	harvest	7	7	2024-11-25 16:09:58	SUM-159_NLS_4N_O1_A2_seed	2024-11-20 15:55:32	5.01	5	0.00999999999999979	0.00999999999999979	1	TRUE	5	FALSE	TRUE	FALSE		dead_cell	138	4452	0.030997305	classified_full_promoted	FALSE	4	0	0		TRUE	fixed_mask_promoted_full	/home/4470246/Repositories/Reversing-in-vitro-adaptations/code/output/metrics/morphology/sum159_all_db_cloneid_cell_state/predictions_by_cloneid/SUM-159_NLS_4N_O1_A2_seedT2.tsv.gz	469077	3281438	cloneid_passaging_dead_cell_sources_and_parents_20260731.tsv	2026-07-31 23:26:42	UTC
SUM-159_NLS_4N_O1_A3_seedT1	SUM-159_NLS_4N_O1_A3_seedT1	SUM-159_NLS_4N_O1_A3_seedT1	SUM-159-NLS-4N	4N	4N	O1	4N-O1	O1	deprived	SUM-159_NLS_4N_O1_A3_seed	4N-O1-A3	3		4	0.5	formal_main_chain	formal_intra_passage	harvest	harvest	8	8	2024-11-29 17:48:32	SUM-159_NLS_4N_O1_A3_seed	2024-11-27 13:06:22	2.1959	5	-2.8041	2.8041	2	FALSE		TRUE	FALSE	TRUE	not_closest_harvest_to_fixed_endpoint	dead_cell	69	5250	0.013142857	classified_full_promoted	FALSE	4	0	0		TRUE	fixed_mask_promoted_full	/home/4470246/Repositories/Reversing-in-vitro-adaptations/code/output/metrics/morphology/sum159_all_db_cloneid_cell_state/predictions_by_cloneid/SUM-159_NLS_4N_O1_A3_seedT1.tsv.gz	979523	5965486	cloneid_passaging_dead_cell_sources_and_parents_20260731.tsv	2026-07-31 23:26:42	UTC
SUM-159_NLS_4N_O1_A3_seedT2	SUM-159_NLS_4N_O1_A3_seedT2	SUM-159_NLS_4N_O1_A3_seedT2	SUM-159-NLS-4N	4N	4N	O1	4N-O1	O1	deprived	SUM-159_NLS_4N_O1_A3_seed	4N-O1-A3	3		4	0.5	formal_main_chain	formal_fixed_endpoint	harvest	harvest	8	8	2024-12-02 13:05:28	SUM-159_NLS_4N_O1_A3_seed	2024-11-27 13:06:22	4.9994	5	-0.000600000000000378	0.000600000000000378	1	TRUE	5	TRUE	TRUE	TRUE		dead_cell	165	8388	0.019670959	classified_full_promoted	FALSE	4	0	0		TRUE	fixed_mask_promoted_full	/home/4470246/Repositories/Reversing-in-vitro-adaptations/code/output/metrics/morphology/sum159_all_db_cloneid_cell_state/predictions_by_cloneid/SUM-159_NLS_4N_O1_A3_seedT2.tsv.gz	979523	5965486	cloneid_passaging_dead_cell_sources_and_parents_20260731.tsv	2026-07-31 23:26:42	UTC
SUM-159_NLS_4N_O1_A4_seedT1	SUM-159_NLS_4N_O1_A4_seedT1	SUM-159_NLS_4N_O1_A4_seedT1	SUM-159-NLS-4N	4N	4N	O1	4N-O1	O1	deprived	SUM-159_NLS_4N_O1_A4_seed	4N-O1-A4	4		5	0.3	formal_main_chain	formal_intra_passage	harvest	harvest	9	9	2024-12-06 16:59:30	SUM-159_NLS_4N_O1_A4_seed	2024-12-04 17:29:07	1.9794	5	-3.0206	3.0206	2	FALSE		TRUE	FALSE	TRUE	not_closest_harvest_to_fixed_endpoint	dead_cell	85	2655	0.032015066	classified_full_promoted	FALSE	4	0	0		TRUE	fixed_mask_promoted_full	/home/4470246/Repositories/Reversing-in-vitro-adaptations/code/output/metrics/morphology/sum159_all_db_cloneid_cell_state/predictions_by_cloneid/SUM-159_NLS_4N_O1_A4_seedT1.tsv.gz	477491	5131103	cloneid_passaging_dead_cell_sources_and_parents_20260731.tsv	2026-07-31 23:26:42	UTC
SUM-159_NLS_4N_O1_A4_seedT2	SUM-159_NLS_4N_O1_A4_seedT2	SUM-159_NLS_4N_O1_A4_seedT2	SUM-159-NLS-4N	4N	4N	O1	4N-O1	O1	deprived	SUM-159_NLS_4N_O1_A4_seed	4N-O1-A4	4		5	0.3	formal_main_chain	formal_fixed_endpoint	harvest	harvest	9	9	2024-12-09 14:49:29	SUM-159_NLS_4N_O1_A4_seed	2024-12-04 17:29:07	4.8891	5	-0.1109	0.1109	1	TRUE	5	TRUE	TRUE	TRUE		dead_cell	30	7199	0.004167245	classified_full_promoted	FALSE	4	0	0		TRUE	fixed_mask_promoted_full	/home/4470246/Repositories/Reversing-in-vitro-adaptations/code/output/metrics/morphology/sum159_all_db_cloneid_cell_state/predictions_by_cloneid/SUM-159_NLS_4N_O1_A4_seedT2.tsv.gz	477491	5131103	cloneid_passaging_dead_cell_sources_and_parents_20260731.tsv	2026-07-31 23:26:42	UTC
SUM-159_NLS_4N_O1_A5_seedT1	SUM-159_NLS_4N_O1_A5_seedT1	SUM-159_NLS_4N_O1_A5_seedT1	SUM-159-NLS-4N	4N	4N	O1	4N-O1	O1	deprived	SUM-159_NLS_4N_O1_A5_seed	4N-O1-A5	5		6	0.2	formal_main_chain	formal_intra_passage	harvest	harvest	10	10	2024-12-13 19:13:09	SUM-159_NLS_4N_O1_A5_seed	2024-12-11 17:32:59	2.0696	5	-2.9304	2.9304	2	FALSE		TRUE	FALSE	TRUE	not_closest_harvest_to_fixed_endpoint	dead_cell	84	3518	0.023877203	classified_full_promoted	FALSE	4	0	0		TRUE	fixed_mask_promoted_full	/home/4470246/Repositories/Reversing-in-vitro-adaptations/code/output/metrics/morphology/sum159_all_db_cloneid_cell_state/predictions_by_cloneid/SUM-159_NLS_4N_O1_A5_seedT1.tsv.gz	487308	6266284	cloneid_passaging_dead_cell_sources_and_parents_20260731.tsv	2026-07-31 23:26:42	UTC
SUM-159_NLS_4N_O1_A5_seedT2	SUM-159_NLS_4N_O1_A5_seedT2	SUM-159_NLS_4N_O1_A5_seedT2	SUM-159-NLS-4N	4N	4N	O1	4N-O1	O1	deprived	SUM-159_NLS_4N_O1_A5_seed	4N-O1-A5	5		6	0.2	formal_main_chain	formal_fixed_endpoint	harvest	harvest	10	10	2024-12-16 16:07:13	SUM-159_NLS_4N_O1_A5_seed	2024-12-11 17:32:59	4.9404	5	-0.0595999999999997	0.0595999999999997	1	TRUE	5	TRUE	TRUE	TRUE		dead_cell	23	8794	0.00261542	classified_full_promoted	FALSE	4	0	0		TRUE	fixed_mask_promoted_full	/home/4470246/Repositories/Reversing-in-vitro-adaptations/code/output/metrics/morphology/sum159_all_db_cloneid_cell_state/predictions_by_cloneid/SUM-159_NLS_4N_O1_A5_seedT2.tsv.gz	487308	6266284	cloneid_passaging_dead_cell_sources_and_parents_20260731.tsv	2026-07-31 23:26:42	UTC
SUM-159_NLS_4N_O1_A6_seedT1	SUM-159_NLS_4N_O1_A6_seedT1	SUM-159_NLS_4N_O1_A6_seedT1	SUM-159-NLS-4N	4N	4N	O1	4N-O1	O1	deprived	SUM-159_NLS_4N_O1_A6_seed	4N-O1-A6	6		7	0.1	formal_main_chain	formal_intra_passage	harvest	harvest	11	11	2024-12-20 12:02:36	SUM-159_NLS_4N_O1_A6_seed	2024-12-18 16:47:36	1.8021	5	-3.1979	3.1979	2	FALSE		TRUE	FALSE	TRUE	not_closest_harvest_to_fixed_endpoint	dead_cell	190	3598	0.052807115	classified_full_promoted	FALSE	4	0	0		TRUE	fixed_mask_promoted_full	/home/4470246/Repositories/Reversing-in-vitro-adaptations/code/output/metrics/morphology/sum159_all_db_cloneid_cell_state/predictions_by_cloneid/SUM-159_NLS_4N_O1_A6_seedT1.tsv.gz	647172	5181587	cloneid_passaging_dead_cell_sources_and_parents_20260731.tsv	2026-07-31 23:26:42	UTC
SUM-159_NLS_4N_O1_A6_seedT2	SUM-159_NLS_4N_O1_A6_seedT2	SUM-159_NLS_4N_O1_A6_seedT2	SUM-159-NLS-4N	4N	4N	O1	4N-O1	O1	deprived	SUM-159_NLS_4N_O1_A6_seed	4N-O1-A6	6		7	0.1	formal_main_chain	formal_fixed_endpoint	harvest	harvest	11	11	2024-12-23 13:28:36	SUM-159_NLS_4N_O1_A6_seed	2024-12-18 16:47:36	4.8618	5	-0.1382	0.1382	1	TRUE	5	TRUE	TRUE	TRUE		dead_cell	128	7312	0.01750547	classified_full_promoted	FALSE	4	0	0		TRUE	fixed_mask_promoted_full	/home/4470246/Repositories/Reversing-in-vitro-adaptations/code/output/metrics/morphology/sum159_all_db_cloneid_cell_state/predictions_by_cloneid/SUM-159_NLS_4N_O1_A6_seedT2.tsv.gz	647172	5181587	cloneid_passaging_dead_cell_sources_and_parents_20260731.tsv	2026-07-31 23:26:42	UTC
SUM-159_NLS_4N_O1_A7_seedT1	SUM-159_NLS_4N_O1_A7_seedT1	SUM-159_NLS_4N_O1_A7_seedT1	SUM-159-NLS-4N	4N	4N	O1	4N-O1	O1	deprived	SUM-159_NLS_4N_O1_A7_seed	4N-O1-A7	7		8	0	formal_main_chain	formal_intra_passage	harvest	harvest	12	12	2024-12-27 19:33:22	SUM-159_NLS_4N_O1_A7_seed	2024-12-25 14:56:04	2.1926	5	-2.8074	2.8074	2	FALSE		TRUE	FALSE	TRUE	not_closest_harvest_to_fixed_endpoint	dead_cell	85	2406	0.035328346	classified_full_promoted	FALSE	4	0	0		TRUE	fixed_mask_promoted_full	/home/4470246/Repositories/Reversing-in-vitro-adaptations/code/output/metrics/morphology/sum159_all_db_cloneid_cell_state/predictions_by_cloneid/SUM-159_NLS_4N_O1_A7_seedT1.tsv.gz	267844	5124092	cloneid_passaging_dead_cell_sources_and_parents_20260731.tsv	2026-07-31 23:26:42	UTC
SUM-159_NLS_4N_O1_A7_seedT2	SUM-159_NLS_4N_O1_A7_seedT2	SUM-159_NLS_4N_O1_A7_seedT2	SUM-159-NLS-4N	4N	4N	O1	4N-O1	O1	deprived	SUM-159_NLS_4N_O1_A7_seed	4N-O1-A7	7		8	0	formal_main_chain	formal_fixed_endpoint	harvest	harvest	12	12	2024-12-30 16:34:38	SUM-159_NLS_4N_O1_A7_seed	2024-12-25 14:56:04	5.0684	5	0.0683999999999996	0.0683999999999996	1	TRUE	5	FALSE	TRUE	FALSE		dead_cell	49	7215	0.006791407	classified_full_promoted	FALSE	4	0	0		TRUE	fixed_mask_promoted_full	/home/4470246/Repositories/Reversing-in-vitro-adaptations/code/output/metrics/morphology/sum159_all_db_cloneid_cell_state/predictions_by_cloneid/SUM-159_NLS_4N_O1_A7_seedT2.tsv.gz	267844	5124092	cloneid_passaging_dead_cell_sources_and_parents_20260731.tsv	2026-07-31 23:26:42	UTC
SUM-159_NLS_4N_O1_A8_seedT1	SUM-159_NLS_4N_O1_A8_seedT1	SUM-159_NLS_4N_O1_A8_seedT1	SUM-159-NLS-4N	4N	4N	O1	4N-O1	O1	deprived	SUM-159_NLS_4N_O1_A8_seed	4N-O1-A8	8		9	0	formal_main_chain	formal_intra_passage	harvest	harvest	13	13	2025-05-09 18:28:34	SUM-159_NLS_4N_O1_A8_seed	2025-05-08 16:45:14	1.0718	4	-2.9282	2.9282	2	FALSE		TRUE	FALSE	TRUE	not_closest_harvest_to_fixed_endpoint	dead_cell	72	1137	0.063324538	classified_full_promoted	FALSE	4	0	0		TRUE	fixed_mask_promoted_full	/home/4470246/Repositories/Reversing-in-vitro-adaptations/code/output/metrics/morphology/sum159_all_db_cloneid_cell_state/predictions_by_cloneid/SUM-159_NLS_4N_O1_A8_seedT1.tsv.gz	358294	5832757	cloneid_passaging_dead_cell_sources_and_parents_20260731.tsv	2026-07-31 23:26:42	UTC
SUM-159_NLS_4N_O1_A8_seedT2	SUM-159_NLS_4N_O1_A8_seedT2	SUM-159_NLS_4N_O1_A8_seedT2	SUM-159-NLS-4N	4N	4N	O1	4N-O1	O1	deprived	SUM-159_NLS_4N_O1_A8_seed	4N-O1-A8	8		9	0	formal_main_chain	formal_fixed_endpoint	harvest	harvest	13	13	2025-05-12 11:52:25	SUM-159_NLS_4N_O1_A8_seed	2025-05-08 16:45:14	3.7967	4	-0.2033	0.2033	1	TRUE	4	TRUE	TRUE	TRUE		dead_cell	108	7408	0.014578834	classified_full_promoted	FALSE	4	0	0		TRUE	fixed_mask_promoted_full	/home/4470246/Repositories/Reversing-in-vitro-adaptations/code/output/metrics/morphology/sum159_all_db_cloneid_cell_state/predictions_by_cloneid/SUM-159_NLS_4N_O1_A8_seedT2.tsv.gz	358294	5832757	cloneid_passaging_dead_cell_sources_and_parents_20260731.tsv	2026-07-31 23:26:42	UTC
SUM-159_NLS_4N_O1_A9_seedT1	SUM-159_NLS_4N_O1_A9_seedT1	SUM-159_NLS_4N_O1_A9_seedT1	SUM-159-NLS-4N	4N	4N	O1	4N-O1	O1	deprived	SUM-159_NLS_4N_O1_A9_seed	4N-O1-A9	9		10	0	formal_main_chain	formal_intra_passage	harvest	harvest	14	14	2025-05-16 16:48:43	SUM-159_NLS_4N_O1_A9_seed	2025-05-14 15:16:03	2.0644	5	-2.9356	2.9356	2	FALSE		TRUE	FALSE	TRUE	not_closest_harvest_to_fixed_endpoint	dead_cell	86	1660	0.051807229	classified_full_promoted	FALSE	4	0	0		TRUE	fixed_mask_promoted_full	/home/4470246/Repositories/Reversing-in-vitro-adaptations/code/output/metrics/morphology/sum159_all_db_cloneid_cell_state/predictions_by_cloneid/SUM-159_NLS_4N_O1_A9_seedT1.tsv.gz	515769	4745520	cloneid_passaging_dead_cell_sources_and_parents_20260731.tsv	2026-07-31 23:26:42	UTC
SUM-159_NLS_4N_O1_A9_seedT2	SUM-159_NLS_4N_O1_A9_seedT2	SUM-159_NLS_4N_O1_A9_seedT2	SUM-159-NLS-4N	4N	4N	O1	4N-O1	O1	deprived	SUM-159_NLS_4N_O1_A9_seed	4N-O1-A9	9		10	0	formal_main_chain	formal_fixed_endpoint	harvest	harvest	14	14	2025-05-19 18:10:52	SUM-159_NLS_4N_O1_A9_seed	2025-05-14 15:16:03	5.1214	5	0.1214	0.1214	1	TRUE	5	FALSE	TRUE	FALSE		dead_cell	192	5940	0.032323232	classified_full_promoted	FALSE	4	0	0		TRUE	fixed_mask_promoted_full	/home/4470246/Repositories/Reversing-in-vitro-adaptations/code/output/metrics/morphology/sum159_all_db_cloneid_cell_state/predictions_by_cloneid/SUM-159_NLS_4N_O1_A9_seedT2.tsv.gz	515769	4745520	cloneid_passaging_dead_cell_sources_and_parents_20260731.tsv	2026-07-31 23:26:42	UTC
SUM-159_NLS_4N_O1_A10_seedT1	SUM-159_NLS_4N_O1_A10_seedT1	SUM-159_NLS_4N_O1_A10_seedT1	SUM-159-NLS-4N	4N	4N	O1	4N-O1	O1	deprived	SUM-159_NLS_4N_O1_A10_seed	4N-O1-A10	10		11	0	formal_main_chain	formal_intra_passage	harvest	harvest	15	15	2025-05-23 18:25:25	SUM-159_NLS_4N_O1_A10_seed	2025-05-21 11:38:15	2.2828	5	-2.7172	2.7172	2	FALSE		TRUE	FALSE	TRUE	not_closest_harvest_to_fixed_endpoint	dead_cell	71	1200	0.059166667	classified_full_promoted	FALSE	4	0	0		TRUE	fixed_mask_promoted_full	/home/4470246/Repositories/Reversing-in-vitro-adaptations/code/output/metrics/morphology/sum159_all_db_cloneid_cell_state/predictions_by_cloneid/SUM-159_NLS_4N_O1_A10_seedT1.tsv.gz	447817	4731039	cloneid_passaging_dead_cell_sources_and_parents_20260731.tsv	2026-07-31 23:26:42	UTC
SUM-159_NLS_4N_O1_A10_seedT2	SUM-159_NLS_4N_O1_A10_seedT2	SUM-159_NLS_4N_O1_A10_seedT2	SUM-159-NLS-4N	4N	4N	O1	4N-O1	O1	deprived	SUM-159_NLS_4N_O1_A10_seed	4N-O1-A10	10		11	0	formal_main_chain	formal_fixed_endpoint	harvest	harvest	15	15	2025-05-26 19:20:55	SUM-159_NLS_4N_O1_A10_seed	2025-05-21 11:38:15	5.3213	5	0.3213	0.3213	1	TRUE	5	FALSE	TRUE	FALSE		dead_cell	181	5684	0.031843772	classified_full_promoted	FALSE	4	0	0		TRUE	fixed_mask_promoted_full	/home/4470246/Repositories/Reversing-in-vitro-adaptations/code/output/metrics/morphology/sum159_all_db_cloneid_cell_state/predictions_by_cloneid/SUM-159_NLS_4N_O1_A10_seedT2.tsv.gz	447817	4731039	cloneid_passaging_dead_cell_sources_and_parents_20260731.tsv	2026-07-31 23:26:42	UTC
SUM-159_NLS_4N_O1_A11_seedT1	SUM-159_NLS_4N_O1_A11_seedT1	SUM-159_NLS_4N_O1_A11_seedT1	SUM-159-NLS-4N	4N	4N	O1	4N-O1	O1	deprived	SUM-159_NLS_4N_O1_A11_seed	4N-O1-A11	11		12	0	formal_main_chain	formal_intra_passage	harvest	harvest	16	16	2025-06-02 12:03:22	SUM-159_NLS_4N_O1_A11_seed	2025-05-30 16:45:27	2.8041	5	-2.1959	2.1959	2	FALSE		TRUE	FALSE	TRUE	not_closest_harvest_to_fixed_endpoint	dead_cell	114	1683	0.067736185	classified_partial_full_promoted	TRUE	3	0	1	no raw+mask or historical DetectionResults	TRUE	fixed_mask_promoted_full	/home/4470246/Repositories/Reversing-in-vitro-adaptations/code/output/metrics/morphology/sum159_all_db_cloneid_cell_state/predictions_by_cloneid/SUM-159_NLS_4N_O1_A11_seedT1.tsv.gz	451159	5387168	cloneid_passaging_dead_cell_sources_and_parents_20260731.tsv	2026-07-31 23:26:42	UTC
SUM-159_NLS_4N_O1_A11_seedT2	SUM-159_NLS_4N_O1_A11_seedT2	SUM-159_NLS_4N_O1_A11_seedT2	SUM-159-NLS-4N	4N	4N	O1	4N-O1	O1	deprived	SUM-159_NLS_4N_O1_A11_seed	4N-O1-A11	11		12	0	formal_main_chain	formal_fixed_endpoint	harvest	harvest	16	16	2025-06-04 15:36:21	SUM-159_NLS_4N_O1_A11_seed	2025-05-30 16:45:27	4.952	5	-0.048	0.048	1	TRUE	5	TRUE	TRUE	TRUE		dead_cell	433	5888	0.073539402	classified_full_promoted	FALSE	4	0	0		TRUE	fixed_mask_promoted_full	/home/4470246/Repositories/Reversing-in-vitro-adaptations/code/output/metrics/morphology/sum159_all_db_cloneid_cell_state/predictions_by_cloneid/SUM-159_NLS_4N_O1_A11_seedT2.tsv.gz	451159	5387168	cloneid_passaging_dead_cell_sources_and_parents_20260731.tsv	2026-07-31 23:26:42	UTC
SUM-159_NLS_4N_O1_A12_seedT1	SUM-159_NLS_4N_O1_A12_seedT1	SUM-159_NLS_4N_O1_A12_seedT1	SUM-159-NLS-4N	4N	4N	O1	4N-O1	O1	deprived	SUM-159_NLS_4N_O1_A12_seed	4N-O1-A12	12		13	0	formal_main_chain	formal_intra_passage	harvest	harvest	17	17	2025-06-09 10:10:09	SUM-159_NLS_4N_O1_A12_seed	2025-06-06 14:16:41	2.8288	5	-2.1712	2.1712	2	FALSE		TRUE	FALSE	TRUE	not_closest_harvest_to_fixed_endpoint	dead_cell	162	2365	0.068498943	classified_full_promoted	FALSE	4	0	0		TRUE	fixed_mask_promoted_full	/home/4470246/Repositories/Reversing-in-vitro-adaptations/code/output/metrics/morphology/sum159_all_db_cloneid_cell_state/predictions_by_cloneid/SUM-159_NLS_4N_O1_A12_seedT1.tsv.gz	465640	4086049	cloneid_passaging_dead_cell_sources_and_parents_20260731.tsv	2026-07-31 23:26:42	UTC
SUM-159_NLS_4N_O1_A12_seedT2	SUM-159_NLS_4N_O1_A12_seedT2	SUM-159_NLS_4N_O1_A12_seedT2	SUM-159-NLS-4N	4N	4N	O1	4N-O1	O1	deprived	SUM-159_NLS_4N_O1_A12_seed	4N-O1-A12	12		13	0	formal_main_chain	formal_fixed_endpoint	harvest	harvest	17	17	2025-06-11 17:15:29	SUM-159_NLS_4N_O1_A12_seed	2025-06-06 14:16:41	5.1242	5	0.1242	0.1242	1	TRUE	5	FALSE	TRUE	FALSE		dead_cell	191	4616	0.041377816	classified_full_promoted	FALSE	4	0	0		TRUE	fixed_mask_promoted_full	/home/4470246/Repositories/Reversing-in-vitro-adaptations/code/output/metrics/morphology/sum159_all_db_cloneid_cell_state/predictions_by_cloneid/SUM-159_NLS_4N_O1_A12_seedT2.tsv.gz	465640	4086049	cloneid_passaging_dead_cell_sources_and_parents_20260731.tsv	2026-07-31 23:26:42	UTC
SUM-159_NLS_4N_O1_A13_seedT1	SUM-159_NLS_4N_O1_A13_seedT1	SUM-159_NLS_4N_O1_A13_seedT1	SUM-159-NLS-4N	4N	4N	O1	4N-O1	O1	deprived	SUM-159_NLS_4N_O1_A13_seed	4N-O1-A13	13		14	0	formal_main_chain	formal_fixed_endpoint	harvest	harvest	18	18	2025-06-16 14:24:06	SUM-159_NLS_4N_O1_A13_seed	2025-06-14 17:08:14	1.886	2	-0.114	0.114	1	TRUE	2	TRUE	TRUE	TRUE		dead_cell	115	1862	0.061761547	classified_full_promoted	FALSE	4	0	0		TRUE	fixed_mask_promoted_full	/home/4470246/Repositories/Reversing-in-vitro-adaptations/code/output/metrics/morphology/sum159_all_db_cloneid_cell_state/predictions_by_cloneid/SUM-159_NLS_4N_O1_A13_seedT1.tsv.gz	764185	1605234	cloneid_passaging_dead_cell_sources_and_parents_20260731.tsv	2026-07-31 23:26:42	UTC
SUM-159_NLS_4N_O1_A14_seedT2	SUM-159_NLS_4N_O1_A14_seedT2	SUM-159_NLS_4N_O1_A14_seedT2	SUM-159-NLS-4N	4N	4N	O1	4N-O1	O1	deprived	SUM-159_NLS_4N_O1_A14_seed	4N-O1-A14	14		15	0	formal_main_chain	formal_intra_passage	harvest	harvest	19	19	2025-06-25 10:50:02	SUM-159_NLS_4N_O1_A14_seed	2025-06-20 12:41:21	4.9227	10	-5.0773	5.0773	3	FALSE		TRUE	FALSE	TRUE	not_closest_harvest_to_fixed_endpoint	dead_cell	243	5495	0.04422202	classified_full_promoted	FALSE	4	0	0		TRUE	fixed_mask_promoted_full	/home/4470246/Repositories/Reversing-in-vitro-adaptations/code/output/metrics/morphology/sum159_all_db_cloneid_cell_state/predictions_by_cloneid/SUM-159_NLS_4N_O1_A14_seedT2.tsv.gz	444475	7571667	cloneid_passaging_dead_cell_sources_and_parents_20260731.tsv	2026-07-31 23:26:42	UTC
SUM-159_NLS_4N_O1_A14_seedT3	SUM-159_NLS_4N_O1_A14_seedT3	SUM-159_NLS_4N_O1_A14_seedT3	SUM-159-NLS-4N	4N	4N	O1	4N-O1	O1	deprived	SUM-159_NLS_4N_O1_A14_seed	4N-O1-A14	14		15	0	formal_main_chain	formal_intra_passage	harvest	harvest	19	19	2025-06-27 11:20:03	SUM-159_NLS_4N_O1_A14_seed	2025-06-20 12:41:21	6.9435	10	-3.0565	3.0565	2	FALSE		TRUE	FALSE	TRUE	not_closest_harvest_to_fixed_endpoint	dead_cell	139	5766	0.024106833	classified_full_promoted	FALSE	4	0	0		TRUE	fixed_mask_promoted_full	/home/4470246/Repositories/Reversing-in-vitro-adaptations/code/output/metrics/morphology/sum159_all_db_cloneid_cell_state/predictions_by_cloneid/SUM-159_NLS_4N_O1_A14_seedT3.tsv.gz	444475	7571667	cloneid_passaging_dead_cell_sources_and_parents_20260731.tsv	2026-07-31 23:26:42	UTC
SUM-159_NLS_4N_O1_A14_seedT4	SUM-159_NLS_4N_O1_A14_seedT4	SUM-159_NLS_4N_O1_A14_seedT4	SUM-159-NLS-4N	4N	4N	O1	4N-O1	O1	deprived	SUM-159_NLS_4N_O1_A14_seed	4N-O1-A14	14		15	0	formal_main_chain	formal_fixed_endpoint	harvest	harvest	19	19	2025-06-30 12:31:58	SUM-159_NLS_4N_O1_A14_seed	2025-06-20 12:41:21	9.9935	10	-0.00650000000000084	0.00650000000000084	1	TRUE	10	TRUE	TRUE	TRUE		dead_cell	143	9844	0.014526615	classified_full_promoted	FALSE	4	0	0		TRUE	fixed_mask_promoted_full	/home/4470246/Repositories/Reversing-in-vitro-adaptations/code/output/metrics/morphology/sum159_all_db_cloneid_cell_state/predictions_by_cloneid/SUM-159_NLS_4N_O1_A14_seedT4.tsv.gz	444475	7571667	cloneid_passaging_dead_cell_sources_and_parents_20260731.tsv	2026-07-31 23:26:42	UTC
SUM-159_NLS_4N_O1_A15_seedT1	SUM-159_NLS_4N_O1_A15_seedT1	SUM-159_NLS_4N_O1_A15_seedT1	SUM-159-NLS-4N	4N	4N	O1	4N-O1	O1	deprived	SUM-159_NLS_4N_O1_A15_seed	4N-O1-A15	15		16	0	formal_main_chain	formal_intra_passage	harvest	harvest	20	20	2025-07-28 15:27:24	SUM-159_NLS_4N_O1_A15_seed	2025-07-25 15:29:54	2.9983	12	-9.0017	9.0017	5	FALSE		TRUE	FALSE	TRUE	not_closest_harvest_to_fixed_endpoint	dead_cell	72	363	0.198347107	classified_full_promoted	FALSE	4	0	0		TRUE	fixed_mask_promoted_full	/home/4470246/Repositories/Reversing-in-vitro-adaptations/code/output/metrics/morphology/sum159_all_db_cloneid_cell_state/predictions_by_cloneid/SUM-159_NLS_4N_O1_A15_seedT1.tsv.gz	296317	6271662	cloneid_passaging_dead_cell_sources_and_parents_20260731.tsv	2026-07-31 23:26:42	UTC
SUM-159_NLS_4N_O1_A15_seedT2	SUM-159_NLS_4N_O1_A15_seedT2	SUM-159_NLS_4N_O1_A15_seedT2	SUM-159-NLS-4N	4N	4N	O1	4N-O1	O1	deprived	SUM-159_NLS_4N_O1_A15_seed	4N-O1-A15	15		16	0	formal_main_chain	formal_intra_passage	harvest	harvest	20	20	2025-07-30 15:51:32	SUM-159_NLS_4N_O1_A15_seed	2025-07-25 15:29:54	5.015	12	-6.985	6.985	4	FALSE		TRUE	FALSE	TRUE	not_closest_harvest_to_fixed_endpoint	dead_cell	122	1056	0.115530303	classified_full_promoted	FALSE	4	0	0		TRUE	fixed_mask_promoted_full	/home/4470246/Repositories/Reversing-in-vitro-adaptations/code/output/metrics/morphology/sum159_all_db_cloneid_cell_state/predictions_by_cloneid/SUM-159_NLS_4N_O1_A15_seedT2.tsv.gz	296317	6271662	cloneid_passaging_dead_cell_sources_and_parents_20260731.tsv	2026-07-31 23:26:42	UTC
SUM-159_NLS_4N_O1_A15_seedT3	SUM-159_NLS_4N_O1_A15_seedT3	SUM-159_NLS_4N_O1_A15_seedT3	SUM-159-NLS-4N	4N	4N	O1	4N-O1	O1	deprived	SUM-159_NLS_4N_O1_A15_seed	4N-O1-A15	15		16	0	formal_main_chain	formal_intra_passage	harvest	harvest	20	20	2025-08-01 16:34:51	SUM-159_NLS_4N_O1_A15_seed	2025-07-25 15:29:54	7.0451	12	-4.9549	4.9549	3	FALSE		TRUE	FALSE	TRUE	not_closest_harvest_to_fixed_endpoint	dead_cell	329	1886	0.174443266	classified_full_promoted	FALSE	4	0	0		TRUE	fixed_mask_promoted_full	/home/4470246/Repositories/Reversing-in-vitro-adaptations/code/output/metrics/morphology/sum159_all_db_cloneid_cell_state/predictions_by_cloneid/SUM-159_NLS_4N_O1_A15_seedT3.tsv.gz	296317	6271662	cloneid_passaging_dead_cell_sources_and_parents_20260731.tsv	2026-07-31 23:26:42	UTC
SUM-159_NLS_4N_O1_A15_seedT4	SUM-159_NLS_4N_O1_A15_seedT4	SUM-159_NLS_4N_O1_A15_seedT4	SUM-159-NLS-4N	4N	4N	O1	4N-O1	O1	deprived	SUM-159_NLS_4N_O1_A15_seed	4N-O1-A15	15		16	0	formal_main_chain	formal_intra_passage	harvest	harvest	20	20	2025-08-04 12:43:56	SUM-159_NLS_4N_O1_A15_seed	2025-07-25 15:29:54	9.8847	12	-2.1153	2.1153	2	FALSE		TRUE	FALSE	TRUE	not_closest_harvest_to_fixed_endpoint	dead_cell	756	4364	0.173235564	classified_full_promoted	FALSE	4	0	0		TRUE	fixed_mask_promoted_full	/home/4470246/Repositories/Reversing-in-vitro-adaptations/code/output/metrics/morphology/sum159_all_db_cloneid_cell_state/predictions_by_cloneid/SUM-159_NLS_4N_O1_A15_seedT4.tsv.gz	296317	6271662	cloneid_passaging_dead_cell_sources_and_parents_20260731.tsv	2026-07-31 23:26:42	UTC
SUM-159_NLS_4N_O1_A15_seedT5	SUM-159_NLS_4N_O1_A15_seedT5	SUM-159_NLS_4N_O1_A15_seedT5	SUM-159-NLS-4N	4N	4N	O1	4N-O1	O1	deprived	SUM-159_NLS_4N_O1_A15_seed	4N-O1-A15	15		16	0	formal_main_chain	formal_fixed_endpoint	harvest	harvest	20	20	2025-08-06 10:43:56	SUM-159_NLS_4N_O1_A15_seed	2025-07-25 15:29:54	11.8014	12	-0.198600000000001	0.198600000000001	1	TRUE	12	TRUE	TRUE	TRUE		dead_cell	883	6307	0.140003171	classified_full_promoted	FALSE	4	0	0		TRUE	fixed_mask_promoted_full	/home/4470246/Repositories/Reversing-in-vitro-adaptations/code/output/metrics/morphology/sum159_all_db_cloneid_cell_state/predictions_by_cloneid/SUM-159_NLS_4N_O1_A15_seedT5.tsv.gz	296317	6271662	cloneid_passaging_dead_cell_sources_and_parents_20260731.tsv	2026-07-31 23:26:42	UTC
SUM-159_NLS_4N_O1_A16_seedT1	SUM-159_NLS_4N_O1_A16_seedT1	SUM-159_NLS_4N_O1_A16_seedT1	SUM-159-NLS-4N	4N	4N	O1	4N-O1	O1	deprived	SUM-159_NLS_4N_O1_A16_seed	4N-O1-A16	16		17	0	formal_main_chain	formal_intra_passage	harvest	harvest	21	21	2025-08-11 12:43:56	SUM-159_NLS_4N_O1_A16_seed	2025-08-06 17:39:56	4.7944	14	-9.2056	9.2056	5	FALSE		TRUE	FALSE	TRUE	not_closest_harvest_to_fixed_endpoint	dead_cell	229	1556	0.147172237	classified_full_promoted	FALSE	4	0	0		TRUE	fixed_mask_promoted_full	/home/4470246/Repositories/Reversing-in-vitro-adaptations/code/output/metrics/morphology/sum159_all_db_cloneid_cell_state/predictions_by_cloneid/SUM-159_NLS_4N_O1_A16_seedT1.tsv.gz	403258	8329168	cloneid_passaging_dead_cell_sources_and_parents_20260731.tsv	2026-07-31 23:26:42	UTC
SUM-159_NLS_4N_O1_A16_seedT2	SUM-159_NLS_4N_O1_A16_seedT2	SUM-159_NLS_4N_O1_A16_seedT2	SUM-159-NLS-4N	4N	4N	O1	4N-O1	O1	deprived	SUM-159_NLS_4N_O1_A16_seed	4N-O1-A16	16		17	0	formal_main_chain	formal_intra_passage	harvest	harvest	21	21	2025-08-13 15:39:14	SUM-159_NLS_4N_O1_A16_seed	2025-08-06 17:39:56	6.9162	14	-7.0838	7.0838	4	FALSE		TRUE	FALSE	TRUE	not_closest_harvest_to_fixed_endpoint	dead_cell	473	4628	0.102203976	classified_full_promoted	FALSE	4	0	0		TRUE	fixed_mask_promoted_full	/home/4470246/Repositories/Reversing-in-vitro-adaptations/code/output/metrics/morphology/sum159_all_db_cloneid_cell_state/predictions_by_cloneid/SUM-159_NLS_4N_O1_A16_seedT2.tsv.gz	403258	8329168	cloneid_passaging_dead_cell_sources_and_parents_20260731.tsv	2026-07-31 23:26:42	UTC
SUM-159_NLS_4N_O1_A16_seedT3	SUM-159_NLS_4N_O1_A16_seedT3	SUM-159_NLS_4N_O1_A16_seedT3	SUM-159-NLS-4N	4N	4N	O1	4N-O1	O1	deprived	SUM-159_NLS_4N_O1_A16_seed	4N-O1-A16	16		17	0	formal_main_chain	formal_intra_passage	harvest	harvest	21	21	2025-08-15 13:22:06	SUM-159_NLS_4N_O1_A16_seed	2025-08-06 17:39:56	8.8209	14	-5.1791	5.1791	3	FALSE		TRUE	FALSE	TRUE	not_closest_harvest_to_fixed_endpoint	dead_cell	747	4768	0.156669463	classified_full_promoted	FALSE	4	0	0		TRUE	fixed_mask_promoted_full	/home/4470246/Repositories/Reversing-in-vitro-adaptations/code/output/metrics/morphology/sum159_all_db_cloneid_cell_state/predictions_by_cloneid/SUM-159_NLS_4N_O1_A16_seedT3.tsv.gz	403258	8329168	cloneid_passaging_dead_cell_sources_and_parents_20260731.tsv	2026-07-31 23:26:42	UTC
SUM-159_NLS_4N_O1_A16_seedT4	SUM-159_NLS_4N_O1_A16_seedT4	SUM-159_NLS_4N_O1_A16_seedT4	SUM-159-NLS-4N	4N	4N	O1	4N-O1	O1	deprived	SUM-159_NLS_4N_O1_A16_seed	4N-O1-A16	16		17	0	formal_main_chain	formal_intra_passage	harvest	harvest	21	21	2025-08-18 12:23:49	SUM-159_NLS_4N_O1_A16_seed	2025-08-06 17:39:56	11.7805	14	-2.2195	2.2195	2	FALSE		TRUE	FALSE	TRUE	not_closest_harvest_to_fixed_endpoint	dead_cell	769	10651	0.072199793	classified_full_promoted	FALSE	4	0	0		TRUE	fixed_mask_promoted_full	/home/4470246/Repositories/Reversing-in-vitro-adaptations/code/output/metrics/morphology/sum159_all_db_cloneid_cell_state/predictions_by_cloneid/SUM-159_NLS_4N_O1_A16_seedT4.tsv.gz	403258	8329168	cloneid_passaging_dead_cell_sources_and_parents_20260731.tsv	2026-07-31 23:26:42	UTC
SUM-159_NLS_4N_O1_A16_seedT5	SUM-159_NLS_4N_O1_A16_seedT5	SUM-159_NLS_4N_O1_A16_seedT5	SUM-159-NLS-4N	4N	4N	O1	4N-O1	O1	deprived	SUM-159_NLS_4N_O1_A16_seed	4N-O1-A16	16		17	0	formal_main_chain	formal_fixed_endpoint	harvest	harvest	21	21	2025-08-20 15:35:00	SUM-159_NLS_4N_O1_A16_seed	2025-08-06 17:39:56	13.9132	14	-0.0868000000000002	0.0868000000000002	1	TRUE	14	TRUE	TRUE	TRUE		dead_cell	196	7163	0.027362837	classified_full_promoted	FALSE	4	0	0		TRUE	fixed_mask_promoted_full	/home/4470246/Repositories/Reversing-in-vitro-adaptations/code/output/metrics/morphology/sum159_all_db_cloneid_cell_state/predictions_by_cloneid/SUM-159_NLS_4N_O1_A16_seedT5.tsv.gz	403258	8329168	cloneid_passaging_dead_cell_sources_and_parents_20260731.tsv	2026-07-31 23:26:42	UTC
SUM-159_NLS_4N_O1_A17_seedT1	SUM-159_NLS_4N_O1_A17_seedT1	SUM-159_NLS_4N_O1_A17_seedT1	SUM-159-NLS-4N	4N	4N	O1	4N-O1	O1	deprived	SUM-159_NLS_4N_O1_A17_seed	4N-O1-A17	17		18	0	formal_main_chain	formal_intra_passage	harvest	harvest	22	22	2025-08-25 12:44:49	SUM-159_NLS_4N_O1_A17_seed	2025-08-22 12:38:04	3.0047	5	-1.9953	1.9953	2	FALSE		TRUE	FALSE	TRUE	not_closest_harvest_to_fixed_endpoint	dead_cell	459	5125	0.089560976	classified_full_promoted	FALSE	4	0	0		TRUE	fixed_mask_promoted_full	/home/4470246/Repositories/Reversing-in-vitro-adaptations/code/output/metrics/morphology/sum159_all_db_cloneid_cell_state/predictions_by_cloneid/SUM-159_NLS_4N_O1_A17_seedT1.tsv.gz	824339	6259408	cloneid_passaging_dead_cell_sources_and_parents_20260731.tsv	2026-07-31 23:26:42	UTC
SUM-159_NLS_4N_O1_A17_seedT2	SUM-159_NLS_4N_O1_A17_seedT2	SUM-159_NLS_4N_O1_A17_seedT2	SUM-159-NLS-4N	4N	4N	O1	4N-O1	O1	deprived	SUM-159_NLS_4N_O1_A17_seed	4N-O1-A17	17		18	0	formal_main_chain	formal_fixed_endpoint	harvest	harvest	22	22	2025-08-27 19:44:49	SUM-159_NLS_4N_O1_A17_seed	2025-08-22 12:38:04	5.2964	5	0.2964	0.2964	1	TRUE	5	FALSE	TRUE	FALSE		dead_cell	419	7860	0.053307888	classified_full_promoted	FALSE	4	0	0		TRUE	fixed_mask_promoted_full	/home/4470246/Repositories/Reversing-in-vitro-adaptations/code/output/metrics/morphology/sum159_all_db_cloneid_cell_state/predictions_by_cloneid/SUM-159_NLS_4N_O1_A17_seedT2.tsv.gz	824339	6259408	cloneid_passaging_dead_cell_sources_and_parents_20260731.tsv	2026-07-31 23:26:42	UTC
SUM-159_NLS_4N_O1_A18_seedT1	SUM-159_NLS_4N_O1_A18_seedT1	SUM-159_NLS_4N_O1_A18_seedT1	SUM-159-NLS-4N	4N	4N	O1	4N-O1	O1	deprived	SUM-159_NLS_4N_O1_A18_seed	4N-O1-A18	18		19	0	formal_main_chain	formal_intra_passage	harvest	harvest	23	23	2025-09-01 11:17:35	SUM-159_NLS_4N_O1_A18_seed	2025-08-29 12:38:04	2.9441	5	-2.0559	2.0559	2	FALSE		TRUE	FALSE	TRUE	not_closest_harvest_to_fixed_endpoint	dead_cell	241	1313	0.183549124	classified_full_promoted	FALSE	4	0	0		TRUE	fixed_mask_promoted_full	/home/4470246/Repositories/Reversing-in-vitro-adaptations/code/output/metrics/morphology/sum159_all_db_cloneid_cell_state/predictions_by_cloneid/SUM-159_NLS_4N_O1_A18_seedT1.tsv.gz	627166	4309957	cloneid_passaging_dead_cell_sources_and_parents_20260731.tsv	2026-07-31 23:26:42	UTC
SUM-159_NLS_4N_O1_A18_seedT2	SUM-159_NLS_4N_O1_A18_seedT2	SUM-159_NLS_4N_O1_A18_seedT2	SUM-159-NLS-4N	4N	4N	O1	4N-O1	O1	deprived	SUM-159_NLS_4N_O1_A18_seed	4N-O1-A18	18		19	0	formal_main_chain	formal_fixed_endpoint	harvest	harvest	23	23	2025-09-03 19:44:49	SUM-159_NLS_4N_O1_A18_seed	2025-08-29 12:38:04	5.2964	5	0.2964	0.2964	1	TRUE	5	FALSE	TRUE	FALSE		dead_cell	334	5355	0.062371615	classified_full_promoted	FALSE	4	0	0		TRUE	fixed_mask_promoted_full	/home/4470246/Repositories/Reversing-in-vitro-adaptations/code/output/metrics/morphology/sum159_all_db_cloneid_cell_state/predictions_by_cloneid/SUM-159_NLS_4N_O1_A18_seedT2.tsv.gz	627166	4309957	cloneid_passaging_dead_cell_sources_and_parents_20260731.tsv	2026-07-31 23:26:42	UTC
SUM-159_NLS_4N_O1_A19_seedT1	SUM-159_NLS_4N_O1_A19_seedT1	SUM-159_NLS_4N_O1_A19_seedT1	SUM-159-NLS-4N	4N	4N	O1	4N-O1	O1	deprived	SUM-159_NLS_4N_O1_A19_seed	4N-O1-A19	19		20	0	formal_main_chain	formal_intra_passage	harvest	harvest	24	24	2025-09-08 16:33:11	SUM-159_NLS_4N_O1_A19_seed	2025-09-05 12:38:04	3.1633	7	-3.8367	3.8367	3	FALSE		TRUE	FALSE	TRUE	not_closest_harvest_to_fixed_endpoint	dead_cell	147	1113	0.132075472	classified_full_promoted	FALSE	4	0	0		TRUE	fixed_mask_promoted_full	/home/4470246/Repositories/Reversing-in-vitro-adaptations/code/output/metrics/morphology/sum159_all_db_cloneid_cell_state/predictions_by_cloneid/SUM-159_NLS_4N_O1_A19_seedT1.tsv.gz	601545	5339267	cloneid_passaging_dead_cell_sources_and_parents_20260731.tsv	2026-07-31 23:26:42	UTC
SUM-159_NLS_4N_O1_A19_seedT2	SUM-159_NLS_4N_O1_A19_seedT2	SUM-159_NLS_4N_O1_A19_seedT2	SUM-159-NLS-4N	4N	4N	O1	4N-O1	O1	deprived	SUM-159_NLS_4N_O1_A19_seed	4N-O1-A19	19		20	0	formal_main_chain	formal_intra_passage	harvest	harvest	24	24	2025-09-10 12:39:05	SUM-159_NLS_4N_O1_A19_seed	2025-09-05 12:38:04	5.0007	7	-1.9993	1.9993	2	FALSE		TRUE	FALSE	TRUE	not_closest_harvest_to_fixed_endpoint	dead_cell	277	2538	0.109141056	classified_full_promoted	FALSE	4	0	0		TRUE	fixed_mask_promoted_full	/home/4470246/Repositories/Reversing-in-vitro-adaptations/code/output/metrics/morphology/sum159_all_db_cloneid_cell_state/predictions_by_cloneid/SUM-159_NLS_4N_O1_A19_seedT2.tsv.gz	601545	5339267	cloneid_passaging_dead_cell_sources_and_parents_20260731.tsv	2026-07-31 23:26:42	UTC
SUM-159_NLS_4N_O1_A19_seedT3	SUM-159_NLS_4N_O1_A19_seedT3	SUM-159_NLS_4N_O1_A19_seedT3	SUM-159-NLS-4N	4N	4N	O1	4N-O1	O1	deprived	SUM-159_NLS_4N_O1_A19_seed	4N-O1-A19	19		20	0	formal_main_chain	formal_fixed_endpoint	harvest	harvest	24	24	2025-09-12 16:09:48	SUM-159_NLS_4N_O1_A19_seed	2025-09-05 12:38:04	7.147	7	0.147	0.147	1	TRUE	7	FALSE	TRUE	FALSE		dead_cell	519	6344	0.081809584	classified_full_promoted	FALSE	4	0	0		TRUE	fixed_mask_promoted_full	/home/4470246/Repositories/Reversing-in-vitro-adaptations/code/output/metrics/morphology/sum159_all_db_cloneid_cell_state/predictions_by_cloneid/SUM-159_NLS_4N_O1_A19_seedT3.tsv.gz	601545	5339267	cloneid_passaging_dead_cell_sources_and_parents_20260731.tsv	2026-07-31 23:26:42	UTC
SUM-159_NLS_4N_O1_A20_seedT1	SUM-159_NLS_4N_O1_A20_seedT1	SUM-159_NLS_4N_O1_A20_seedT1	SUM-159-NLS-4N	4N	4N	O1	4N-O1	O1	deprived	SUM-159_NLS_4N_O1_A20_seed	4N-O1-A20	20		21	0	formal_main_chain	formal_fixed_endpoint	harvest	harvest	25	25	2025-09-22 15:33:16	SUM-159_NLS_4N_O1_A20_seed	2025-09-19 12:38:04	3.1217	3	0.1217	0.1217	1	TRUE	3	FALSE	TRUE	FALSE		dead_cell	176	6274	0.028052279	classified_full_promoted	FALSE	4	0	0		TRUE	fixed_mask_promoted_full	/home/4470246/Repositories/Reversing-in-vitro-adaptations/code/output/metrics/morphology/sum159_all_db_cloneid_cell_state/predictions_by_cloneid/SUM-159_NLS_4N_O1_A20_seedT1.tsv.gz	812086	4743292	cloneid_passaging_dead_cell_sources_and_parents_20260731.tsv	2026-07-31 23:26:42	UTC
SUM-159_NLS_4N_O1_A21_seedT1	SUM-159_NLS_4N_O1_A21_seedT1	SUM-159_NLS_4N_O1_A21_seedT1	SUM-159-NLS-4N	4N	4N	O1	4N-O1	O1	deprived	SUM-159_NLS_4N_O1_A21_seed	4N-O1-A21	21		22	0	formal_main_chain	formal_intra_passage	harvest	harvest	26	26	2025-09-26 12:39:02	SUM-159_NLS_4N_O1_A21_seed	2025-09-24 13:38:04	1.959	5	-3.041	3.041	2	FALSE		TRUE	FALSE	TRUE	not_closest_harvest_to_fixed_endpoint	dead_cell	210	4219	0.049774828	classified_full_promoted	FALSE	4	0	0		TRUE	fixed_mask_promoted_full	/home/4470246/Repositories/Reversing-in-vitro-adaptations/code/output/metrics/morphology/sum159_all_db_cloneid_cell_state/predictions_by_cloneid/SUM-159_NLS_4N_O1_A21_seedT1.tsv.gz	607115	7502229	cloneid_passaging_dead_cell_sources_and_parents_20260731.tsv	2026-07-31 23:26:42	UTC
SUM-159_NLS_4N_O1_A21_seedT2	SUM-159_NLS_4N_O1_A21_seedT2	SUM-159_NLS_4N_O1_A21_seedT2	SUM-159-NLS-4N	4N	4N	O1	4N-O1	O1	deprived	SUM-159_NLS_4N_O1_A21_seed	4N-O1-A21	21		22	0	formal_main_chain	formal_fixed_endpoint	harvest	harvest	26	26	2025-09-29 12:39:02	SUM-159_NLS_4N_O1_A21_seed	2025-09-24 13:38:04	4.959	5	-0.0410000000000004	0.0410000000000004	1	TRUE	5	TRUE	TRUE	TRUE		dead_cell	170	7559	0.022489747	classified_partial_full_promoted	TRUE	3	0	1	no raw+mask or historical DetectionResults	TRUE	fixed_mask_promoted_full	/home/4470246/Repositories/Reversing-in-vitro-adaptations/code/output/metrics/morphology/sum159_all_db_cloneid_cell_state/predictions_by_cloneid/SUM-159_NLS_4N_O1_A21_seedT2.tsv.gz	607115	7502229	cloneid_passaging_dead_cell_sources_and_parents_20260731.tsv	2026-07-31 23:26:42	UTC
SUM-159_NLS_4N_O1_A22_seedT1	SUM-159_NLS_4N_O1_A22_seedT1	SUM-159_NLS_4N_O1_A22_seedT1	SUM-159-NLS-4N	4N	4N	O1	4N-O1	O1	deprived	SUM-159_NLS_4N_O1_A22_seed	4N-O1-A22	22		23	0	formal_main_chain	formal_intra_passage	harvest	harvest	27	27	2025-10-03 12:39:02	SUM-159_NLS_4N_O1_A22_seed	2025-10-01 15:59:02	1.8611	5	-3.1389	3.1389	2	FALSE		TRUE	FALSE	TRUE	not_closest_harvest_to_fixed_endpoint	dead_cell	304	4363	0.069676828	classified_full_promoted	FALSE	4	0	0		TRUE	fixed_mask_promoted_full	/home/4470246/Repositories/Reversing-in-vitro-adaptations/code/output/metrics/morphology/sum159_all_db_cloneid_cell_state/predictions_by_cloneid/SUM-159_NLS_4N_O1_A22_seedT1.tsv.gz	618254	7237475	cloneid_passaging_dead_cell_sources_and_parents_20260731.tsv	2026-07-31 23:26:42	UTC
SUM-159_NLS_4N_O1_A22_seedT2	SUM-159_NLS_4N_O1_A22_seedT2	SUM-159_NLS_4N_O1_A22_seedT2	SUM-159-NLS-4N	4N	4N	O1	4N-O1	O1	deprived	SUM-159_NLS_4N_O1_A22_seed	4N-O1-A22	22		23	0	formal_main_chain	formal_fixed_endpoint	harvest	harvest	27	27	2025-10-06 12:39:02	SUM-159_NLS_4N_O1_A22_seed	2025-10-01 15:59:02	4.8611	5	-0.1389	0.1389	1	TRUE	5	TRUE	TRUE	TRUE		dead_cell	174	9469	0.018375752	classified_full_promoted	FALSE	4	0	0		TRUE	fixed_mask_promoted_full	/home/4470246/Repositories/Reversing-in-vitro-adaptations/code/output/metrics/morphology/sum159_all_db_cloneid_cell_state/predictions_by_cloneid/SUM-159_NLS_4N_O1_A22_seedT2.tsv.gz	618254	7237475	cloneid_passaging_dead_cell_sources_and_parents_20260731.tsv	2026-07-31 23:26:42	UTC
SUM-159_NLS_4N_O1_A7K_harvest	SUM159_NLS_4N_O1_A7K_harvest	SUM-159_NLS_4N_O1_A7K_harvest	SUM-159-NLS-4N	4N	4N	O1	4N-O1	O1	deprived	SUM-159_NLS_4N_O1_A7K_seed	4N-O1-A7K		7	9	1	a7k_side_branch_not_currently_simulated	a7k_side_branch_endpoint_candidate	harvest	harvest	13	13	2025-03-05 15:41:19	SUM-159_NLS_4N_O1_A7K_seed	2025-03-01 19:47:22	3.8291				1	TRUE		FALSE	FALSE	FALSE	a7k_side_branch_not_simulated_by_current_independent_scenario_adapter	dead_cell	326	9663	0.033736935	classified_full_promoted	FALSE	4	0	0		TRUE	fixed_mask_promoted_full	/home/4470246/Repositories/Reversing-in-vitro-adaptations/code/output/metrics/morphology/sum159_all_db_cloneid_cell_state/predictions_by_cloneid/SUM-159_NLS_4N_O1_A7K_harvest.tsv.gz			cloneid_passaging_dead_cell_sources_and_parents_20260731.tsv	2026-07-31 23:26:42	UTC
SUM-159_NLS_4N_O2_A1_seedT1	SUM-159_NLS_4N_O2_A1_seedT1	SUM-159_NLS_4N_O2_A1_seedT1	SUM-159-NLS-4N	4N	4N	O2	4N-O2	O2	deprived	SUM-159_NLS_4N_O2_A1_seed	4N-O2-A1	1		2	2	formal_main_chain	formal_fixed_endpoint	harvest	harvest	9	9	2024-11-18 13:58:34	SUM-159_NLS_4N_O2_A1_seed	2024-11-15 15:54:15	2.9197	3	-0.0802999999999998	0.0802999999999998	1	TRUE	3	TRUE	TRUE	TRUE		dead_cell	212	6613	0.032058067	classified_full_promoted	FALSE	4	0	0		TRUE	fixed_mask_promoted_full	/home/4470246/Repositories/Reversing-in-vitro-adaptations/code/output/metrics/morphology/sum159_all_db_cloneid_cell_state/predictions_by_cloneid/SUM-159_NLS_4N_O2_A1_seedT1.tsv.gz	1201324	4830305	cloneid_passaging_dead_cell_sources_and_parents_20260731.tsv	2026-07-31 23:26:42	UTC
SUM-159_NLS_4N_O2_A2_seedT1	SUM-159_NLS_4N_O2_A2_seedT1	SUM-159_NLS_4N_O2_A2_seedT1	SUM-159-NLS-4N	4N	4N	O2	4N-O2	O2	deprived	SUM-159_NLS_4N_O2_A2_seed	4N-O2-A2	2		3	1	formal_main_chain	formal_intra_passage	harvest	harvest	10	10	2024-11-22 16:09:45	SUM-159_NLS_4N_O2_A2_seed	2024-11-20 15:57:20	2.0086	5	-2.9914	2.9914	2	FALSE		TRUE	FALSE	TRUE	not_closest_harvest_to_fixed_endpoint	dead_cell	54	1015	0.05320197	classified_full_promoted	FALSE	4	0	0		TRUE	fixed_mask_promoted_full	/home/4470246/Repositories/Reversing-in-vitro-adaptations/code/output/metrics/morphology/sum159_all_db_cloneid_cell_state/predictions_by_cloneid/SUM-159_NLS_4N_O2_A2_seedT1.tsv.gz	462066	3662870	cloneid_passaging_dead_cell_sources_and_parents_20260731.tsv	2026-07-31 23:26:42	UTC
SUM-159_NLS_4N_O2_A2_seedT2	SUM-159_NLS_4N_O2_A2_seedT2	SUM-159_NLS_4N_O2_A2_seedT2	SUM-159-NLS-4N	4N	4N	O2	4N-O2	O2	deprived	SUM-159_NLS_4N_O2_A2_seed	4N-O2-A2	2		3	1	formal_main_chain	formal_fixed_endpoint	harvest	harvest	10	10	2024-11-25 16:14:53	SUM-159_NLS_4N_O2_A2_seed	2024-11-20 15:57:20	5.0122	5	0.0122	0.0122	1	TRUE	5	FALSE	TRUE	FALSE		dead_cell	102	4997	0.020412247	classified_full_promoted	FALSE	4	0	0		TRUE	fixed_mask_promoted_full	/home/4470246/Repositories/Reversing-in-vitro-adaptations/code/output/metrics/morphology/sum159_all_db_cloneid_cell_state/predictions_by_cloneid/SUM-159_NLS_4N_O2_A2_seedT2.tsv.gz	462066	3662870	cloneid_passaging_dead_cell_sources_and_parents_20260731.tsv	2026-07-31 23:26:42	UTC
SUM-159_NLS_4N_O2_A3_seedT1	SUM-159_NLS_4N_O2_A3_seedT1	SUM-159_NLS_4N_O2_A3_seedT1	SUM-159-NLS-4N	4N	4N	O2	4N-O2	O2	deprived	SUM-159_NLS_4N_O2_A3_seed	4N-O2-A3	3		4	0.5	formal_main_chain	formal_intra_passage	harvest	harvest	11	11	2024-11-29 17:53:48	SUM-159_NLS_4N_O2_A3_seed	2024-11-27 13:09:18	2.1976	5	-2.8024	2.8024	2	FALSE		TRUE	FALSE	TRUE	not_closest_harvest_to_fixed_endpoint	dead_cell	80	5311	0.015063077	classified_full_promoted	FALSE	4	0	0		TRUE	fixed_mask_promoted_full	/home/4470246/Repositories/Reversing-in-vitro-adaptations/code/output/metrics/morphology/sum159_all_db_cloneid_cell_state/predictions_by_cloneid/SUM-159_NLS_4N_O2_A3_seedT1.tsv.gz	990041	5321118	cloneid_passaging_dead_cell_sources_and_parents_20260731.tsv	2026-07-31 23:26:42	UTC
SUM-159_NLS_4N_O2_A3_seedT2	SUM-159_NLS_4N_O2_A3_seedT2	SUM-159_NLS_4N_O2_A3_seedT2	SUM-159-NLS-4N	4N	4N	O2	4N-O2	O2	deprived	SUM-159_NLS_4N_O2_A3_seed	4N-O2-A3	3		4	0.5	formal_main_chain	formal_fixed_endpoint	harvest	harvest	11	11	2024-12-02 13:44:18	SUM-159_NLS_4N_O2_A3_seed	2024-11-27 13:09:18	5.0243	5	0.0243000000000002	0.0243000000000002	1	TRUE	5	FALSE	TRUE	FALSE		dead_cell	149	7466	0.019957139	classified_full_promoted	FALSE	4	0	0		TRUE	fixed_mask_promoted_full	/home/4470246/Repositories/Reversing-in-vitro-adaptations/code/output/metrics/morphology/sum159_all_db_cloneid_cell_state/predictions_by_cloneid/SUM-159_NLS_4N_O2_A3_seedT2.tsv.gz	990041	5321118	cloneid_passaging_dead_cell_sources_and_parents_20260731.tsv	2026-07-31 23:26:42	UTC
SUM-159_NLS_4N_O2_A4_seedT1	SUM-159_NLS_4N_O2_A4_seedT1	SUM-159_NLS_4N_O2_A4_seedT1	SUM-159-NLS-4N	4N	4N	O2	4N-O2	O2	deprived	SUM-159_NLS_4N_O2_A4_seed	4N-O2-A4	4		5	0.3	formal_main_chain	formal_intra_passage	harvest	harvest	12	12	2024-12-06 17:02:54	SUM-159_NLS_4N_O2_A4_seed	2024-12-04 17:31:05	1.9804	5	-3.0196	3.0196	2	FALSE		TRUE	FALSE	TRUE	not_closest_harvest_to_fixed_endpoint	dead_cell	91	2533	0.03592578	classified_full_promoted	FALSE	4	0	0		TRUE	fixed_mask_promoted_full	/home/4470246/Repositories/Reversing-in-vitro-adaptations/code/output/metrics/morphology/sum159_all_db_cloneid_cell_state/predictions_by_cloneid/SUM-159_NLS_4N_O2_A4_seedT1.tsv.gz	572148	5808426	cloneid_passaging_dead_cell_sources_and_parents_20260731.tsv	2026-07-31 23:26:42	UTC
SUM-159_NLS_4N_O2_A4_seedT2	SUM-159_NLS_4N_O2_A4_seedT2	SUM-159_NLS_4N_O2_A4_seedT2	SUM-159-NLS-4N	4N	4N	O2	4N-O2	O2	deprived	SUM-159_NLS_4N_O2_A4_seed	4N-O2-A4	4		5	0.3	formal_main_chain	formal_fixed_endpoint	harvest	harvest	12	12	2024-12-09 14:54:57	SUM-159_NLS_4N_O2_A4_seed	2024-12-04 17:31:05	4.8916	5	-0.1084	0.1084	1	TRUE	5	TRUE	TRUE	TRUE		dead_cell	56	8051	0.006955658	classified_full_promoted	FALSE	4	0	0		TRUE	fixed_mask_promoted_full	/home/4470246/Repositories/Reversing-in-vitro-adaptations/code/output/metrics/morphology/sum159_all_db_cloneid_cell_state/predictions_by_cloneid/SUM-159_NLS_4N_O2_A4_seedT2.tsv.gz	572148	5808426	cloneid_passaging_dead_cell_sources_and_parents_20260731.tsv	2026-07-31 23:26:42	UTC
SUM-159_NLS_4N_O2_A5_seedT1	SUM-159_NLS_4N_O2_A5_seedT1	SUM-159_NLS_4N_O2_A5_seedT1	SUM-159-NLS-4N	4N	4N	O2	4N-O2	O2	deprived	SUM-159_NLS_4N_O2_A5_seed	4N-O2-A5	5		6	0.2	formal_main_chain	formal_intra_passage	harvest	harvest	13	13	2024-12-13 19:32:09	SUM-159_NLS_4N_O2_A5_seed	2024-12-11 17:35:19	2.0811	5	-2.9189	2.9189	2	FALSE		TRUE	FALSE	TRUE	not_closest_harvest_to_fixed_endpoint	dead_cell	88	4390	0.020045558	classified_full_promoted	FALSE	4	0	0		TRUE	fixed_mask_promoted_full	/home/4470246/Repositories/Reversing-in-vitro-adaptations/code/output/metrics/morphology/sum159_all_db_cloneid_cell_state/predictions_by_cloneid/SUM-159_NLS_4N_O2_A5_seedT1.tsv.gz	584068	7072621	cloneid_passaging_dead_cell_sources_and_parents_20260731.tsv	2026-07-31 23:26:42	UTC
SUM-159_NLS_4N_O2_A5_seedT2	SUM-159_NLS_4N_O2_A5_seedT2	SUM-159_NLS_4N_O2_A5_seedT2	SUM-159-NLS-4N	4N	4N	O2	4N-O2	O2	deprived	SUM-159_NLS_4N_O2_A5_seed	4N-O2-A5	5		6	0.2	formal_main_chain	formal_fixed_endpoint	harvest	harvest	13	13	2024-12-16 16:12:48	SUM-159_NLS_4N_O2_A5_seed	2024-12-11 17:35:19	4.9427	5	-0.0572999999999997	0.0572999999999997	1	TRUE	5	TRUE	TRUE	TRUE		dead_cell	45	9883	0.004553273	classified_full_promoted	FALSE	4	0	0		TRUE	fixed_mask_promoted_full	/home/4470246/Repositories/Reversing-in-vitro-adaptations/code/output/metrics/morphology/sum159_all_db_cloneid_cell_state/predictions_by_cloneid/SUM-159_NLS_4N_O2_A5_seedT2.tsv.gz	584068	7072621	cloneid_passaging_dead_cell_sources_and_parents_20260731.tsv	2026-07-31 23:26:42	UTC
SUM-159_NLS_4N_O2_A6_seedT1	SUM-159_NLS_4N_O2_A6_seedT1	SUM-159_NLS_4N_O2_A6_seedT1	SUM-159-NLS-4N	4N	4N	O2	4N-O2	O2	deprived	SUM-159_NLS_4N_O2_A6_seed	4N-O2-A6	6		7	0.1	formal_main_chain	formal_intra_passage	harvest	harvest	14	14	2024-12-20 12:06:31	SUM-159_NLS_4N_O2_A6_seed	2024-12-18 16:49:23	1.8036	5	-3.1964	3.1964	2	FALSE		TRUE	FALSE	TRUE	not_closest_harvest_to_fixed_endpoint	dead_cell	110	2838	0.03875969	classified_full_promoted	FALSE	4	0	0		TRUE	fixed_mask_promoted_full	/home/4470246/Repositories/Reversing-in-vitro-adaptations/code/output/metrics/morphology/sum159_all_db_cloneid_cell_state/predictions_by_cloneid/SUM-159_NLS_4N_O2_A6_seedT1.tsv.gz	530780	6287319	cloneid_passaging_dead_cell_sources_and_parents_20260731.tsv	2026-07-31 23:26:42	UTC
SUM-159_NLS_4N_O2_A6_seedT2	SUM-159_NLS_4N_O2_A6_seedT2	SUM-159_NLS_4N_O2_A6_seedT2	SUM-159-NLS-4N	4N	4N	O2	4N-O2	O2	deprived	SUM-159_NLS_4N_O2_A6_seed	4N-O2-A6	6		7	0.1	formal_main_chain	formal_fixed_endpoint	harvest	harvest	14	14	2024-12-23 13:32:55	SUM-159_NLS_4N_O2_A6_seed	2024-12-18 16:49:23	4.8636	5	-0.1364	0.1364	1	TRUE	5	TRUE	TRUE	TRUE		dead_cell	88	8876	0.009914376	classified_full_promoted	FALSE	4	0	0		TRUE	fixed_mask_promoted_full	/home/4470246/Repositories/Reversing-in-vitro-adaptations/code/output/metrics/morphology/sum159_all_db_cloneid_cell_state/predictions_by_cloneid/SUM-159_NLS_4N_O2_A6_seedT2.tsv.gz	530780	6287319	cloneid_passaging_dead_cell_sources_and_parents_20260731.tsv	2026-07-31 23:26:42	UTC
SUM-159_NLS_4N_O2_A7_seedT1	SUM-159_NLS_4N_O2_A7_seedT1	SUM-159_NLS_4N_O2_A7_seedT1	SUM-159-NLS-4N	4N	4N	O2	4N-O2	O2	deprived	SUM-159_NLS_4N_O2_A7_seed	4N-O2-A7	7		8	0	formal_main_chain	formal_intra_passage	harvest	harvest	15	15	2024-12-27 19:37:53	SUM-159_NLS_4N_O2_A7_seed	2024-12-25 15:01:30	2.1919	5	-2.8081	2.8081	2	FALSE		TRUE	FALSE	TRUE	not_closest_harvest_to_fixed_endpoint	dead_cell	65	3116	0.020860077	classified_full_promoted	FALSE	4	0	0		TRUE	fixed_mask_promoted_full	/home/4470246/Repositories/Reversing-in-vitro-adaptations/code/output/metrics/morphology/sum159_all_db_cloneid_cell_state/predictions_by_cloneid/SUM-159_NLS_4N_O2_A7_seedT1.tsv.gz	423502	5273439	cloneid_passaging_dead_cell_sources_and_parents_20260731.tsv	2026-07-31 23:26:42	UTC
SUM-159_NLS_4N_O2_A7_seedT2	SUM-159_NLS_4N_O2_A7_seedT2	SUM-159_NLS_4N_O2_A7_seedT2	SUM-159-NLS-4N	4N	4N	O2	4N-O2	O2	deprived	SUM-159_NLS_4N_O2_A7_seed	4N-O2-A7	7		8	0	formal_main_chain	formal_fixed_endpoint	harvest	harvest	15	15	2024-12-30 16:39:46	SUM-159_NLS_4N_O2_A7_seed	2024-12-25 15:01:30	5.0682	5	0.0682	0.0682	1	TRUE	5	FALSE	TRUE	FALSE		dead_cell	49	7436	0.006589564	classified_full_promoted	FALSE	4	0	0		TRUE	fixed_mask_promoted_full	/home/4470246/Repositories/Reversing-in-vitro-adaptations/code/output/metrics/morphology/sum159_all_db_cloneid_cell_state/predictions_by_cloneid/SUM-159_NLS_4N_O2_A7_seedT2.tsv.gz	423502	5273439	cloneid_passaging_dead_cell_sources_and_parents_20260731.tsv	2026-07-31 23:26:42	UTC
SUM-159_NLS_4N_O2_A8_seedT1	SUM-159_NLS_4N_O2_A8_seedT1	SUM-159_NLS_4N_O2_A8_seedT1	SUM-159-NLS-4N	4N	4N	O2	4N-O2	O2	deprived	SUM-159_NLS_4N_O2_A8_seed	4N-O2-A8	8		9	0	formal_main_chain	formal_intra_passage	harvest	harvest	16	16	2025-05-09 18:31:10	SUM-159_NLS_4N_O2_A8_seed	2025-05-08 16:46:41	1.0726	4	-2.9274	2.9274	2	FALSE		TRUE	FALSE	TRUE	not_closest_harvest_to_fixed_endpoint	dead_cell	63	1362	0.046255507	classified_full_promoted	FALSE	4	0	0		TRUE	fixed_mask_promoted_full	/home/4470246/Repositories/Reversing-in-vitro-adaptations/code/output/metrics/morphology/sum159_all_db_cloneid_cell_state/predictions_by_cloneid/SUM-159_NLS_4N_O2_A8_seedT1.tsv.gz	281867	5833871	cloneid_passaging_dead_cell_sources_and_parents_20260731.tsv	2026-07-31 23:26:42	UTC
SUM-159_NLS_4N_O2_A8_seedT2	SUM-159_NLS_4N_O2_A8_seedT2	SUM-159_NLS_4N_O2_A8_seedT2	SUM-159-NLS-4N	4N	4N	O2	4N-O2	O2	deprived	SUM-159_NLS_4N_O2_A8_seed	4N-O2-A8	8		9	0	formal_main_chain	formal_fixed_endpoint	harvest	harvest	16	16	2025-05-12 11:58:02	SUM-159_NLS_4N_O2_A8_seed	2025-05-08 16:46:41	3.7995	4	-0.2005	0.2005	1	TRUE	4	TRUE	TRUE	TRUE		dead_cell	117	7443	0.015719468	classified_full_promoted	FALSE	4	0	0		TRUE	fixed_mask_promoted_full	/home/4470246/Repositories/Reversing-in-vitro-adaptations/code/output/metrics/morphology/sum159_all_db_cloneid_cell_state/predictions_by_cloneid/SUM-159_NLS_4N_O2_A8_seedT2.tsv.gz	281867	5833871	cloneid_passaging_dead_cell_sources_and_parents_20260731.tsv	2026-07-31 23:26:42	UTC
SUM-159_NLS_4N_O2_A9_seedT1	SUM-159_NLS_4N_O2_A9_seedT1	SUM-159_NLS_4N_O2_A9_seedT1	SUM-159-NLS-4N	4N	4N	O2	4N-O2	O2	deprived	SUM-159_NLS_4N_O2_A9_seed	4N-O2-A9	9		10	0	formal_main_chain	formal_intra_passage	harvest	harvest	17	17	2025-05-16 16:51:38	SUM-159_NLS_4N_O2_A9_seed	2025-05-14 15:17:47	2.0652	5	-2.9348	2.9348	2	FALSE		TRUE	FALSE	TRUE	not_closest_harvest_to_fixed_endpoint	dead_cell	72	1727	0.041690793	classified_full_promoted	FALSE	4	0	0		TRUE	fixed_mask_promoted_full	/home/4470246/Repositories/Reversing-in-vitro-adaptations/code/output/metrics/morphology/sum159_all_db_cloneid_cell_state/predictions_by_cloneid/SUM-159_NLS_4N_O2_A9_seedT1.tsv.gz	565898	4734381	cloneid_passaging_dead_cell_sources_and_parents_20260731.tsv	2026-07-31 23:26:42	UTC
SUM-159_NLS_4N_O2_A9_seedT2	SUM-159_NLS_4N_O2_A9_seedT2	SUM-159_NLS_4N_O2_A9_seedT2	SUM-159-NLS-4N	4N	4N	O2	4N-O2	O2	deprived	SUM-159_NLS_4N_O2_A9_seed	4N-O2-A9	9		10	0	formal_main_chain	formal_fixed_endpoint	harvest	harvest	17	17	2025-05-19 18:16:36	SUM-159_NLS_4N_O2_A9_seed	2025-05-14 15:17:47	5.1242	5	0.1242	0.1242	1	TRUE	5	FALSE	TRUE	FALSE		dead_cell	192	5773	0.033258271	classified_full_promoted	FALSE	4	0	0		TRUE	fixed_mask_promoted_full	/home/4470246/Repositories/Reversing-in-vitro-adaptations/code/output/metrics/morphology/sum159_all_db_cloneid_cell_state/predictions_by_cloneid/SUM-159_NLS_4N_O2_A9_seedT2.tsv.gz	565898	4734381	cloneid_passaging_dead_cell_sources_and_parents_20260731.tsv	2026-07-31 23:26:42	UTC
SUM-159_NLS_4N_O2_A10_seedT1	SUM-159_NLS_4N_O2_A10_seedT1	SUM-159_NLS_4N_O2_A10_seedT1	SUM-159-NLS-4N	4N	4N	O2	4N-O2	O2	deprived	SUM-159_NLS_4N_O2_A10_seed	4N-O2-A10	10		11	0	formal_main_chain	formal_intra_passage	harvest	harvest	18	18	2025-05-23 18:28:06	SUM-159_NLS_4N_O2_A10_seed	2025-05-21 11:40:06	2.2833	5	-2.7167	2.7167	2	FALSE		TRUE	FALSE	TRUE	not_closest_harvest_to_fixed_endpoint	dead_cell	79	1375	0.057454545	classified_full_promoted	FALSE	4	0	0		TRUE	fixed_mask_promoted_full	/home/4470246/Repositories/Reversing-in-vitro-adaptations/code/output/metrics/morphology/sum159_all_db_cloneid_cell_state/predictions_by_cloneid/SUM-159_NLS_4N_O2_A10_seedT1.tsv.gz	507971	5144322	cloneid_passaging_dead_cell_sources_and_parents_20260731.tsv	2026-07-31 23:26:42	UTC
SUM-159_NLS_4N_O2_A10_seedT2	SUM-159_NLS_4N_O2_A10_seedT2	SUM-159_NLS_4N_O2_A10_seedT2	SUM-159-NLS-4N	4N	4N	O2	4N-O2	O2	deprived	SUM-159_NLS_4N_O2_A10_seed	4N-O2-A10	10		11	0	formal_main_chain	formal_fixed_endpoint	harvest	harvest	18	18	2025-05-26 19:26:09	SUM-159_NLS_4N_O2_A10_seed	2025-05-21 11:40:06	5.3236	5	0.3236	0.3236	1	TRUE	5	FALSE	TRUE	FALSE		dead_cell	166	6517	0.025471843	classified_full_promoted	FALSE	4	0	0		TRUE	fixed_mask_promoted_full	/home/4470246/Repositories/Reversing-in-vitro-adaptations/code/output/metrics/morphology/sum159_all_db_cloneid_cell_state/predictions_by_cloneid/SUM-159_NLS_4N_O2_A10_seedT2.tsv.gz	507971	5144322	cloneid_passaging_dead_cell_sources_and_parents_20260731.tsv	2026-07-31 23:26:42	UTC
SUM-159_NLS_4N_O2_A11_seedT1	SUM-159_NLS_4N_O2_A11_seedT1	SUM-159_NLS_4N_O2_A11_seedT1	SUM-159-NLS-4N	4N	4N	O2	4N-O2	O2	deprived	SUM-159_NLS_4N_O2_A11_seed	4N-O2-A11	11		12	0	formal_main_chain	formal_intra_passage	harvest	harvest	19	19	2025-06-02 12:07:50	SUM-159_NLS_4N_O2_A11_seed	2025-05-30 16:47:02	2.8061	5	-2.1939	2.1939	2	FALSE		TRUE	FALSE	TRUE	not_closest_harvest_to_fixed_endpoint	dead_cell	294	4693	0.062646495	classified_full_promoted	FALSE	4	0	0		TRUE	fixed_mask_promoted_full	/home/4470246/Repositories/Reversing-in-vitro-adaptations/code/output/metrics/morphology/sum159_all_db_cloneid_cell_state/predictions_by_cloneid/SUM-159_NLS_4N_O2_A11_seedT1.tsv.gz	404372	5122043	cloneid_passaging_dead_cell_sources_and_parents_20260731.tsv	2026-07-31 23:26:42	UTC
SUM-159_NLS_4N_O2_A11_seedT2	SUM-159_NLS_4N_O2_A11_seedT2	SUM-159_NLS_4N_O2_A11_seedT2	SUM-159-NLS-4N	4N	4N	O2	4N-O2	O2	deprived	SUM-159_NLS_4N_O2_A11_seed	4N-O2-A11	11		12	0	formal_main_chain	formal_fixed_endpoint	harvest	harvest	19	19	2025-06-04 15:41:18	SUM-159_NLS_4N_O2_A11_seed	2025-05-30 16:47:02	4.9544	5	-0.0456000000000003	0.0456000000000003	1	TRUE	5	TRUE	TRUE	TRUE		dead_cell	385	5275	0.072985782	classified_full_promoted	FALSE	4	0	0		TRUE	fixed_mask_promoted_full	/home/4470246/Repositories/Reversing-in-vitro-adaptations/code/output/metrics/morphology/sum159_all_db_cloneid_cell_state/predictions_by_cloneid/SUM-159_NLS_4N_O2_A11_seedT2.tsv.gz	404372	5122043	cloneid_passaging_dead_cell_sources_and_parents_20260731.tsv	2026-07-31 23:26:42	UTC
SUM-159_NLS_4N_O2_A12_seedT1	SUM-159_NLS_4N_O2_A12_seedT1	SUM-159_NLS_4N_O2_A12_seedT1	SUM-159-NLS-4N	4N	4N	O2	4N-O2	O2	deprived	SUM-159_NLS_4N_O2_A12_seed	4N-O2-A12	12		13	0	formal_main_chain	formal_intra_passage	harvest	harvest	20	20	2025-06-09 10:14:05	SUM-159_NLS_4N_O2_A12_seed	2025-06-06 14:18:35	2.8302	5	-2.1698	2.1698	2	FALSE		TRUE	FALSE	TRUE	not_closest_harvest_to_fixed_endpoint	dead_cell	181	3008	0.060172872	classified_full_promoted	FALSE	4	0	0		TRUE	fixed_mask_promoted_full	/home/4470246/Repositories/Reversing-in-vitro-adaptations/code/output/metrics/morphology/sum159_all_db_cloneid_cell_state/predictions_by_cloneid/SUM-159_NLS_4N_O2_A12_seedT1.tsv.gz	570354	4840208	cloneid_passaging_dead_cell_sources_and_parents_20260731.tsv	2026-07-31 23:26:42	UTC
SUM-159_NLS_4N_O2_A12_seedT2	SUM-159_NLS_4N_O2_A12_seedT2	SUM-159_NLS_4N_O2_A12_seedT2	SUM-159-NLS-4N	4N	4N	O2	4N-O2	O2	deprived	SUM-159_NLS_4N_O2_A12_seed	4N-O2-A12	12		13	0	formal_main_chain	formal_fixed_endpoint	harvest	harvest	20	20	2025-06-11 17:24:02	SUM-159_NLS_4N_O2_A12_seed	2025-06-06 14:18:35	5.1288	5	0.1288	0.1288	1	TRUE	5	FALSE	TRUE	FALSE		dead_cell	223	6179	0.036089982	classified_full_promoted	FALSE	4	0	0		TRUE	fixed_mask_promoted_full	/home/4470246/Repositories/Reversing-in-vitro-adaptations/code/output/metrics/morphology/sum159_all_db_cloneid_cell_state/predictions_by_cloneid/SUM-159_NLS_4N_O2_A12_seedT2.tsv.gz	570354	4840208	cloneid_passaging_dead_cell_sources_and_parents_20260731.tsv	2026-07-31 23:26:42	UTC
SUM-159_NLS_4N_O2_A13_seedT1	SUM-159_NLS_4N_O2_A13_seedT1	SUM-159_NLS_4N_O2_A13_seedT1	SUM-159-NLS-4N	4N	4N	O2	4N-O2	O2	deprived	SUM-159_NLS_4N_O2_A13_seed	4N-O2-A13	13		14	0	formal_main_chain	formal_fixed_endpoint	harvest	harvest	21	21	2025-06-16 14:28:00	SUM-159_NLS_4N_O2_A13_seed	2025-06-14 17:13:40	1.885	2	-0.115	0.115	1	TRUE	2	TRUE	TRUE	TRUE		dead_cell	108	2011	0.053704625	classified_full_promoted	FALSE	4	0	0		TRUE	fixed_mask_promoted_full	/home/4470246/Repositories/Reversing-in-vitro-adaptations/code/output/metrics/morphology/sum159_all_db_cloneid_cell_state/predictions_by_cloneid/SUM-159_NLS_4N_O2_A13_seedT1.tsv.gz	623824	1714403	cloneid_passaging_dead_cell_sources_and_parents_20260731.tsv	2026-07-31 23:26:42	UTC
SUM-159_NLS_4N_O2_A14_seedT2	SUM-159_NLS_4N_O2_A14_seedT2	SUM-159_NLS_4N_O2_A14_seedT2	SUM-159-NLS-4N	4N	4N	O2	4N-O2	O2	deprived	SUM-159_NLS_4N_O2_A14_seed	4N-O2-A14	14		15	0	formal_main_chain	formal_intra_passage	harvest	harvest	22	22	2025-06-25 10:54:21	SUM-159_NLS_4N_O2_A14_seed	2025-06-20 12:43:21	4.9243	10	-5.0757	5.0757	3	FALSE		TRUE	FALSE	TRUE	not_closest_harvest_to_fixed_endpoint	dead_cell	355	3037	0.116891669	classified_full_promoted	FALSE	4	0	0		TRUE	fixed_mask_promoted_full	/home/4470246/Repositories/Reversing-in-vitro-adaptations/code/output/metrics/morphology/sum159_all_db_cloneid_cell_state/predictions_by_cloneid/SUM-159_NLS_4N_O2_A14_seedT2.tsv.gz	465640	6448783	cloneid_passaging_dead_cell_sources_and_parents_20260731.tsv	2026-07-31 23:26:42	UTC
SUM-159_NLS_4N_O2_A14_seedT3	SUM-159_NLS_4N_O2_A14_seedT3	SUM-159_NLS_4N_O2_A14_seedT3	SUM-159-NLS-4N	4N	4N	O2	4N-O2	O2	deprived	SUM-159_NLS_4N_O2_A14_seed	4N-O2-A14	14		15	0	formal_main_chain	formal_intra_passage	harvest	harvest	22	22	2025-06-27 11:26:00	SUM-159_NLS_4N_O2_A14_seed	2025-06-20 12:43:21	6.9463	10	-3.0537	3.0537	2	FALSE		TRUE	FALSE	TRUE	not_closest_harvest_to_fixed_endpoint	dead_cell	362	5346	0.067714179	classified_full_promoted	FALSE	4	0	0		TRUE	fixed_mask_promoted_full	/home/4470246/Repositories/Reversing-in-vitro-adaptations/code/output/metrics/morphology/sum159_all_db_cloneid_cell_state/predictions_by_cloneid/SUM-159_NLS_4N_O2_A14_seedT3.tsv.gz	465640	6448783	cloneid_passaging_dead_cell_sources_and_parents_20260731.tsv	2026-07-31 23:26:42	UTC
SUM-159_NLS_4N_O2_A14_seedT4	SUM-159_NLS_4N_O2_A14_seedT4	SUM-159_NLS_4N_O2_A14_seedT4	SUM-159-NLS-4N	4N	4N	O2	4N-O2	O2	deprived	SUM-159_NLS_4N_O2_A14_seed	4N-O2-A14	14		15	0	formal_main_chain	formal_fixed_endpoint	harvest	harvest	22	22	2025-06-30 12:37:35	SUM-159_NLS_4N_O2_A14_seed	2025-06-20 12:43:21	9.996	10	-0.00399999999999956	0.00399999999999956	1	TRUE	10	TRUE	TRUE	TRUE		dead_cell	435	8442	0.051528074	classified_full_promoted	FALSE	4	0	0		TRUE	fixed_mask_promoted_full	/home/4470246/Repositories/Reversing-in-vitro-adaptations/code/output/metrics/morphology/sum159_all_db_cloneid_cell_state/predictions_by_cloneid/SUM-159_NLS_4N_O2_A14_seedT4.tsv.gz	465640	6448783	cloneid_passaging_dead_cell_sources_and_parents_20260731.tsv	2026-07-31 23:26:42	UTC
SUM-159_NLS_4N_O2_A15_seedT1	SUM-159_NLS_4N_O2_A15_seedT1	SUM-159_NLS_4N_O2_A15_seedT1	SUM-159-NLS-4N	4N	4N	O2	4N-O2	O2	deprived	SUM-159_NLS_4N_O2_A15_seed	4N-O2-A15	15		16	0	formal_main_chain	formal_intra_passage	harvest	harvest	23	23	2025-07-28 15:30:24	SUM-159_NLS_4N_O2_A15_seed	2025-07-25 15:32:04	2.9988	10	-7.0012	7.0012	4	FALSE		TRUE	FALSE	TRUE	not_closest_harvest_to_fixed_endpoint	dead_cell	234	3057	0.076545633	classified_full_promoted	FALSE	4	0	0		TRUE	fixed_mask_promoted_full	/home/4470246/Repositories/Reversing-in-vitro-adaptations/code/output/metrics/morphology/sum159_all_db_cloneid_cell_state/predictions_by_cloneid/SUM-159_NLS_4N_O2_A15_seedT1.tsv.gz	613799	6452125	cloneid_passaging_dead_cell_sources_and_parents_20260731.tsv	2026-07-31 23:26:42	UTC
SUM-159_NLS_4N_O2_A15_seedT2	SUM-159_NLS_4N_O2_A15_seedT2	SUM-159_NLS_4N_O2_A15_seedT2	SUM-159-NLS-4N	4N	4N	O2	4N-O2	O2	deprived	SUM-159_NLS_4N_O2_A15_seed	4N-O2-A15	15		16	0	formal_main_chain	formal_intra_passage	harvest	harvest	23	23	2025-07-30 15:57:46	SUM-159_NLS_4N_O2_A15_seed	2025-07-25 15:32:04	5.0178	10	-4.9822	4.9822	3	FALSE		TRUE	FALSE	TRUE	not_closest_harvest_to_fixed_endpoint	dead_cell	261	5791	0.045069936	classified_full_promoted	FALSE	4	0	0		TRUE	fixed_mask_promoted_full	/home/4470246/Repositories/Reversing-in-vitro-adaptations/code/output/metrics/morphology/sum159_all_db_cloneid_cell_state/predictions_by_cloneid/SUM-159_NLS_4N_O2_A15_seedT2.tsv.gz	613799	6452125	cloneid_passaging_dead_cell_sources_and_parents_20260731.tsv	2026-07-31 23:26:42	UTC
SUM-159_NLS_4N_O2_A15_seedT3	SUM-159_NLS_4N_O2_A15_seedT3	SUM-159_NLS_4N_O2_A15_seedT3	SUM-159-NLS-4N	4N	4N	O2	4N-O2	O2	deprived	SUM-159_NLS_4N_O2_A15_seed	4N-O2-A15	15		16	0	formal_main_chain	formal_intra_passage	harvest	harvest	23	23	2025-08-01 16:40:15	SUM-159_NLS_4N_O2_A15_seed	2025-07-25 15:32:04	7.0473	10	-2.9527	2.9527	2	FALSE		TRUE	FALSE	TRUE	not_closest_harvest_to_fixed_endpoint	dead_cell	407	6930	0.058730159	classified_full_promoted	FALSE	4	0	0		TRUE	fixed_mask_promoted_full	/home/4470246/Repositories/Reversing-in-vitro-adaptations/code/output/metrics/morphology/sum159_all_db_cloneid_cell_state/predictions_by_cloneid/SUM-159_NLS_4N_O2_A15_seedT3.tsv.gz	613799	6452125	cloneid_passaging_dead_cell_sources_and_parents_20260731.tsv	2026-07-31 23:26:42	UTC
SUM-159_NLS_4N_O2_A15_seedT4	SUM-159_NLS_4N_O2_A15_seedT4	SUM-159_NLS_4N_O2_A15_seedT4	SUM-159-NLS-4N	4N	4N	O2	4N-O2	O2	deprived	SUM-159_NLS_4N_O2_A15_seed	4N-O2-A15	15		16	0	formal_main_chain	formal_fixed_endpoint	harvest	harvest	23	23	2025-08-04 12:40:01	SUM-159_NLS_4N_O2_A15_seed	2025-07-25 15:32:04	9.8805	10	-0.1195	0.1195	1	TRUE	10	TRUE	TRUE	TRUE		dead_cell	78	2714	0.028739867	classified_full_promoted	FALSE	4	0	0		TRUE	fixed_mask_promoted_full	/home/4470246/Repositories/Reversing-in-vitro-adaptations/code/output/metrics/morphology/sum159_all_db_cloneid_cell_state/predictions_by_cloneid/SUM-159_NLS_4N_O2_A15_seedT4.tsv.gz	613799	6452125	cloneid_passaging_dead_cell_sources_and_parents_20260731.tsv	2026-07-31 23:26:42	UTC
SUM-159_NLS_4N_O2_A16_seedT1	SUM-159_NLS_4N_O2_A16_seedT1	SUM-159_NLS_4N_O2_A16_seedT1	SUM-159-NLS-4N	4N	4N	O2	4N-O2	O2	deprived	SUM-159_NLS_4N_O2_A16_seed	4N-O2-A16	16		17	0	formal_main_chain	formal_intra_passage	harvest	harvest	24	24	2025-08-08 12:40:01	SUM-159_NLS_4N_O2_A16_seed	2025-08-06 12:34:56	2.0035	14	-11.9965	11.9965	6	FALSE		TRUE	FALSE	TRUE	not_closest_harvest_to_fixed_endpoint	dead_cell	70	337	0.207715134	classified_full_promoted	FALSE	4	0	0		TRUE	fixed_mask_promoted_full	/home/4470246/Repositories/Reversing-in-vitro-adaptations/code/output/metrics/morphology/sum159_all_db_cloneid_cell_state/predictions_by_cloneid/SUM-159_NLS_4N_O2_A16_seedT1.tsv.gz	341989	7310998	cloneid_passaging_dead_cell_sources_and_parents_20260731.tsv	2026-07-31 23:26:42	UTC
SUM-159_NLS_4N_O2_A16_seedT2	SUM-159_NLS_4N_O2_A16_seedT2	SUM-159_NLS_4N_O2_A16_seedT2	SUM-159-NLS-4N	4N	4N	O2	4N-O2	O2	deprived	SUM-159_NLS_4N_O2_A16_seed	4N-O2-A16	16		17	0	formal_main_chain	formal_intra_passage	harvest	harvest	24	24	2025-08-11 12:40:01	SUM-159_NLS_4N_O2_A16_seed	2025-08-06 12:34:56	5.0035	14	-8.9965	8.9965	5	FALSE		TRUE	FALSE	TRUE	not_closest_harvest_to_fixed_endpoint	dead_cell	122	914	0.133479212	classified_full_promoted	FALSE	4	0	0		TRUE	fixed_mask_promoted_full	/home/4470246/Repositories/Reversing-in-vitro-adaptations/code/output/metrics/morphology/sum159_all_db_cloneid_cell_state/predictions_by_cloneid/SUM-159_NLS_4N_O2_A16_seedT2.tsv.gz	341989	7310998	cloneid_passaging_dead_cell_sources_and_parents_20260731.tsv	2026-07-31 23:26:42	UTC
SUM-159_NLS_4N_O2_A16_seedT3	SUM-159_NLS_4N_O2_A16_seedT3	SUM-159_NLS_4N_O2_A16_seedT3	SUM-159-NLS-4N	4N	4N	O2	4N-O2	O2	deprived	SUM-159_NLS_4N_O2_A16_seed	4N-O2-A16	16		17	0	formal_main_chain	formal_intra_passage	harvest	harvest	24	24	2025-08-13 15:42:14	SUM-159_NLS_4N_O2_A16_seed	2025-08-06 12:34:56	7.1301	14	-6.8699	6.8699	4	FALSE		TRUE	FALSE	TRUE	not_closest_harvest_to_fixed_endpoint	dead_cell	290	2367	0.122517955	classified_full_promoted	FALSE	4	0	0		TRUE	fixed_mask_promoted_full	/home/4470246/Repositories/Reversing-in-vitro-adaptations/code/output/metrics/morphology/sum159_all_db_cloneid_cell_state/predictions_by_cloneid/SUM-159_NLS_4N_O2_A16_seedT3.tsv.gz	341989	7310998	cloneid_passaging_dead_cell_sources_and_parents_20260731.tsv	2026-07-31 23:26:42	UTC
SUM-159_NLS_4N_O2_A16_seedT4	SUM-159_NLS_4N_O2_A16_seedT4	SUM-159_NLS_4N_O2_A16_seedT4	SUM-159-NLS-4N	4N	4N	O2	4N-O2	O2	deprived	SUM-159_NLS_4N_O2_A16_seed	4N-O2-A16	16		17	0	formal_main_chain	formal_intra_passage	harvest	harvest	24	24	2025-08-15 13:24:22	SUM-159_NLS_4N_O2_A16_seed	2025-08-06 12:34:56	9.0343	14	-4.9657	4.9657	3	FALSE		TRUE	FALSE	TRUE	not_closest_harvest_to_fixed_endpoint	dead_cell	469	1643	0.285453439	classified_full_promoted	FALSE	4	0	0		TRUE	fixed_mask_promoted_full	/home/4470246/Repositories/Reversing-in-vitro-adaptations/code/output/metrics/morphology/sum159_all_db_cloneid_cell_state/predictions_by_cloneid/SUM-159_NLS_4N_O2_A16_seedT4.tsv.gz	341989	7310998	cloneid_passaging_dead_cell_sources_and_parents_20260731.tsv	2026-07-31 23:26:42	UTC
SUM-159_NLS_4N_O2_A16_seedT5	SUM-159_NLS_4N_O2_A16_seedT5	SUM-159_NLS_4N_O2_A16_seedT5	SUM-159-NLS-4N	4N	4N	O2	4N-O2	O2	deprived	SUM-159_NLS_4N_O2_A16_seed	4N-O2-A16	16		17	0	formal_main_chain	formal_intra_passage	harvest	harvest	24	24	2025-08-18 12:27:19	SUM-159_NLS_4N_O2_A16_seed	2025-08-06 12:34:56	11.9947	14	-2.0053	2.0053	2	FALSE		TRUE	FALSE	TRUE	not_closest_harvest_to_fixed_endpoint	dead_cell	374	5865	0.063768116	classified_full_promoted	FALSE	4	0	0		TRUE	fixed_mask_promoted_full	/home/4470246/Repositories/Reversing-in-vitro-adaptations/code/output/metrics/morphology/sum159_all_db_cloneid_cell_state/predictions_by_cloneid/SUM-159_NLS_4N_O2_A16_seedT5.tsv.gz	341989	7310998	cloneid_passaging_dead_cell_sources_and_parents_20260731.tsv	2026-07-31 23:26:42	UTC
SUM-159_NLS_4N_O2_A16_seedT6	SUM-159_NLS_4N_O2_A16_seedT6	SUM-159_NLS_4N_O2_A16_seedT6	SUM-159-NLS-4N	4N	4N	O2	4N-O2	O2	deprived	SUM-159_NLS_4N_O2_A16_seed	4N-O2-A16	16		17	0	formal_main_chain	formal_fixed_endpoint	harvest	harvest	24	24	2025-08-20 15:41:06	SUM-159_NLS_4N_O2_A16_seed	2025-08-06 12:34:56	14.1293	14	0.129300000000001	0.129300000000001	1	TRUE	14	FALSE	TRUE	FALSE		dead_cell	876	9575	0.091488251	classified_full_promoted	FALSE	4	0	0		TRUE	fixed_mask_promoted_full	/home/4470246/Repositories/Reversing-in-vitro-adaptations/code/output/metrics/morphology/sum159_all_db_cloneid_cell_state/predictions_by_cloneid/SUM-159_NLS_4N_O2_A16_seedT6.tsv.gz	341989	7310998	cloneid_passaging_dead_cell_sources_and_parents_20260731.tsv	2026-07-31 23:26:42	UTC
SUM-159_NLS_4N_O2_A17_seedT1	SUM-159_NLS_4N_O2_A17_seedT1	SUM-159_NLS_4N_O2_A17_seedT1	SUM-159-NLS-4N	4N	4N	O2	4N-O2	O2	deprived	SUM-159_NLS_4N_O2_A17_seed	4N-O2-A17	17		18	0	formal_main_chain	formal_intra_passage	harvest	harvest	25	25	2025-08-25 12:47:04	SUM-159_NLS_4N_O2_A17_seed	2025-08-22 12:42:34	3.0031	5	-1.9969	1.9969	2	FALSE		TRUE	FALSE	TRUE	not_closest_harvest_to_fixed_endpoint	dead_cell	491	5085	0.096558505	classified_full_promoted	FALSE	4	0	0		TRUE	fixed_mask_promoted_full	/home/4470246/Repositories/Reversing-in-vitro-adaptations/code/output/metrics/morphology/sum159_all_db_cloneid_cell_state/predictions_by_cloneid/SUM-159_NLS_4N_O2_A17_seedT1.tsv.gz	841049	6008764	cloneid_passaging_dead_cell_sources_and_parents_20260731.tsv	2026-07-31 23:26:42	UTC
SUM-159_NLS_4N_O2_A17_seedT2	SUM-159_NLS_4N_O2_A17_seedT2	SUM-159_NLS_4N_O2_A17_seedT2	SUM-159-NLS-4N	4N	4N	O2	4N-O2	O2	deprived	SUM-159_NLS_4N_O2_A17_seed	4N-O2-A17	17		18	0	formal_main_chain	formal_fixed_endpoint	harvest	harvest	25	25	2025-08-27 19:47:04	SUM-159_NLS_4N_O2_A17_seed	2025-08-22 12:42:34	5.2948	5	0.2948	0.2948	1	TRUE	5	FALSE	TRUE	FALSE		dead_cell	534	7710	0.0692607	classified_full_promoted	FALSE	4	0	0		TRUE	fixed_mask_promoted_full	/home/4470246/Repositories/Reversing-in-vitro-adaptations/code/output/metrics/morphology/sum159_all_db_cloneid_cell_state/predictions_by_cloneid/SUM-159_NLS_4N_O2_A17_seedT2.tsv.gz	841049	6008764	cloneid_passaging_dead_cell_sources_and_parents_20260731.tsv	2026-07-31 23:26:42	UTC
SUM-159_NLS_4N_O2_A18_seedT1	SUM-159_NLS_4N_O2_A18_seedT1	SUM-159_NLS_4N_O2_A18_seedT1	SUM-159-NLS-4N	4N	4N	O2	4N-O2	O2	deprived	SUM-159_NLS_4N_O2_A18_seed	4N-O2-A18	18		19	0	formal_main_chain	formal_intra_passage	harvest	harvest	26	26	2025-09-01 11:20:12	SUM-159_NLS_4N_O2_A18_seed	2025-08-29 12:42:34	2.9428	5	-2.0572	2.0572	2	FALSE		TRUE	FALSE	TRUE	not_closest_harvest_to_fixed_endpoint	dead_cell	256	1213	0.211046991	classified_full_promoted	FALSE	4	0	0		TRUE	fixed_mask_promoted_full	/home/4470246/Repositories/Reversing-in-vitro-adaptations/code/output/metrics/morphology/sum159_all_db_cloneid_cell_state/predictions_by_cloneid/SUM-159_NLS_4N_O2_A18_seedT1.tsv.gz	584835	4143976	cloneid_passaging_dead_cell_sources_and_parents_20260731.tsv	2026-07-31 23:26:42	UTC
SUM-159_NLS_4N_O2_A18_seedT2	SUM-159_NLS_4N_O2_A18_seedT2	SUM-159_NLS_4N_O2_A18_seedT2	SUM-159-NLS-4N	4N	4N	O2	4N-O2	O2	deprived	SUM-159_NLS_4N_O2_A18_seed	4N-O2-A18	18		19	0	formal_main_chain	formal_fixed_endpoint	harvest	harvest	26	26	2025-09-03 19:47:04	SUM-159_NLS_4N_O2_A18_seed	2025-08-29 12:42:34	5.2948	5	0.2948	0.2948	1	TRUE	5	FALSE	TRUE	FALSE		dead_cell	343	4920	0.069715447	classified_full_promoted	FALSE	4	0	0		TRUE	fixed_mask_promoted_full	/home/4470246/Repositories/Reversing-in-vitro-adaptations/code/output/metrics/morphology/sum159_all_db_cloneid_cell_state/predictions_by_cloneid/SUM-159_NLS_4N_O2_A18_seedT2.tsv.gz	584835	4143976	cloneid_passaging_dead_cell_sources_and_parents_20260731.tsv	2026-07-31 23:26:42	UTC
SUM-159_NLS_4N_O2_A19_seedT1	SUM-159_NLS_4N_O2_A19_seedT1	SUM-159_NLS_4N_O2_A19_seedT1	SUM-159-NLS-4N	4N	4N	O2	4N-O2	O2	deprived	SUM-159_NLS_4N_O2_A19_seed	4N-O2-A19	19		20	0	formal_main_chain	formal_intra_passage	harvest	harvest	27	27	2025-09-08 16:35:52	SUM-159_NLS_4N_O2_A19_seed	2025-09-05 12:42:34	3.162	5	-1.838	1.838	2	FALSE		TRUE	FALSE	TRUE	not_closest_harvest_to_fixed_endpoint	dead_cell	265	2041	0.129838315	classified_full_promoted	FALSE	4	0	0		TRUE	fixed_mask_promoted_full	/home/4470246/Repositories/Reversing-in-vitro-adaptations/code/output/metrics/morphology/sum159_all_db_cloneid_cell_state/predictions_by_cloneid/SUM-159_NLS_4N_O2_A19_seedT1.tsv.gz	636078	3730692	cloneid_passaging_dead_cell_sources_and_parents_20260731.tsv	2026-07-31 23:26:42	UTC
SUM-159_NLS_4N_O2_A19_seedT2	SUM-159_NLS_4N_O2_A19_seedT2	SUM-159_NLS_4N_O2_A19_seedT2	SUM-159-NLS-4N	4N	4N	O2	4N-O2	O2	deprived	SUM-159_NLS_4N_O2_A19_seed	4N-O2-A19	19		20	0	formal_main_chain	formal_fixed_endpoint	harvest	harvest	27	27	2025-09-10 12:42:56	SUM-159_NLS_4N_O2_A19_seed	2025-09-05 12:42:34	5.0003	5	0.000300000000000189	0.000300000000000189	1	TRUE	5	FALSE	TRUE	FALSE		dead_cell	357	4488	0.079545455	classified_full_promoted	FALSE	4	0	0		TRUE	fixed_mask_promoted_full	/home/4470246/Repositories/Reversing-in-vitro-adaptations/code/output/metrics/morphology/sum159_all_db_cloneid_cell_state/predictions_by_cloneid/SUM-159_NLS_4N_O2_A19_seedT2.tsv.gz	636078	3730692	cloneid_passaging_dead_cell_sources_and_parents_20260731.tsv	2026-07-31 23:26:42	UTC
SUM-159_NLS_4N_O2_A20_seedT1	SUM-159_NLS_4N_O2_A20_seedT1	SUM-159_NLS_4N_O2_A20_seedT1	SUM-159-NLS-4N	4N	4N	O2	4N-O2	O2	deprived	SUM-159_NLS_4N_O2_A20_seed	4N-O2-A20	20		21	0	formal_main_chain	formal_fixed_endpoint	harvest	harvest	28	28	2025-09-22 15:38:24	SUM-159_NLS_4N_O2_A20_seed	2025-09-19 12:42:34	3.1221	3	0.1221	0.1221	1	TRUE	3	FALSE	TRUE	FALSE		dead_cell	232	6122	0.037896112	classified_full_promoted	FALSE	4	0	0		TRUE	fixed_mask_promoted_full	/home/4470246/Repositories/Reversing-in-vitro-adaptations/code/output/metrics/morphology/sum159_all_db_cloneid_cell_state/predictions_by_cloneid/SUM-159_NLS_4N_O2_A20_seedT1.tsv.gz	981409	4631895	cloneid_passaging_dead_cell_sources_and_parents_20260731.tsv	2026-07-31 23:26:42	UTC
SUM-159_NLS_4N_O2_A21_seedT1	SUM-159_NLS_4N_O2_A21_seedT1	SUM-159_NLS_4N_O2_A21_seedT1	SUM-159-NLS-4N	4N	4N	O2	4N-O2	O2	deprived	SUM-159_NLS_4N_O2_A21_seed	4N-O2-A21	21		22	0	formal_main_chain	formal_intra_passage	harvest	harvest	29	29	2025-09-26 12:41:58	SUM-159_NLS_4N_O2_A21_seed	2025-09-24 13:42:34	1.9579	5	-3.0421	3.0421	2	FALSE		TRUE	FALSE	TRUE	not_closest_harvest_to_fixed_endpoint	dead_cell	293	4117	0.071168326	classified_full_promoted	FALSE	4	0	0		TRUE	fixed_mask_promoted_full	/home/4470246/Repositories/Reversing-in-vitro-adaptations/code/output/metrics/morphology/sum159_all_db_cloneid_cell_state/predictions_by_cloneid/SUM-159_NLS_4N_O2_A21_seedT1.tsv.gz	678409	7452472	cloneid_passaging_dead_cell_sources_and_parents_20260731.tsv	2026-07-31 23:26:42	UTC
SUM-159_NLS_4N_O2_A21_seedT2	SUM-159_NLS_4N_O2_A21_seedT2	SUM-159_NLS_4N_O2_A21_seedT2	SUM-159-NLS-4N	4N	4N	O2	4N-O2	O2	deprived	SUM-159_NLS_4N_O2_A21_seed	4N-O2-A21	21		22	0	formal_main_chain	formal_fixed_endpoint	harvest	harvest	29	29	2025-09-29 12:41:58	SUM-159_NLS_4N_O2_A21_seed	2025-09-24 13:42:34	4.9579	5	-0.0420999999999996	0.0420999999999996	1	TRUE	5	TRUE	TRUE	TRUE		dead_cell	337	9795	0.034405309	classified_full_promoted	FALSE	4	0	0		TRUE	fixed_mask_promoted_full	/home/4470246/Repositories/Reversing-in-vitro-adaptations/code/output/metrics/morphology/sum159_all_db_cloneid_cell_state/predictions_by_cloneid/SUM-159_NLS_4N_O2_A21_seedT2.tsv.gz	678409	7452472	cloneid_passaging_dead_cell_sources_and_parents_20260731.tsv	2026-07-31 23:26:42	UTC
SUM-159_NLS_4N_O2_A22_seedT1	SUM-159_NLS_4N_O2_A22_seedT1	SUM-159_NLS_4N_O2_A22_seedT1	SUM-159-NLS-4N	4N	4N	O2	4N-O2	O2	deprived	SUM-159_NLS_4N_O2_A22_seed	4N-O2-A22	22		23	0	formal_main_chain	formal_intra_passage	harvest	harvest	30	30	2025-10-03 12:41:58	SUM-159_NLS_4N_O2_A22_seed	2025-10-01 16:00:38	1.862	5	-3.138	3.138	2	FALSE		TRUE	FALSE	TRUE	not_closest_harvest_to_fixed_endpoint	dead_cell	286	3894	0.073446328	classified_full_promoted	FALSE	4	0	0		TRUE	fixed_mask_promoted_full	/home/4470246/Repositories/Reversing-in-vitro-adaptations/code/output/metrics/morphology/sum159_all_db_cloneid_cell_state/predictions_by_cloneid/SUM-159_NLS_4N_O2_A22_seedT1.tsv.gz	559214	6963438	cloneid_passaging_dead_cell_sources_and_parents_20260731.tsv	2026-07-31 23:26:42	UTC
SUM-159_NLS_4N_O2_A22_seedT2	SUM-159_NLS_4N_O2_A22_seedT2	SUM-159_NLS_4N_O2_A22_seedT2	SUM-159-NLS-4N	4N	4N	O2	4N-O2	O2	deprived	SUM-159_NLS_4N_O2_A22_seed	4N-O2-A22	22		23	0	formal_main_chain	formal_fixed_endpoint	harvest	harvest	30	30	2025-10-06 12:41:58	SUM-159_NLS_4N_O2_A22_seed	2025-10-01 16:00:38	4.862	5	-0.138	0.138	1	TRUE	5	TRUE	TRUE	TRUE		dead_cell	208	9065	0.022945394	classified_full_promoted	FALSE	4	0	0		TRUE	fixed_mask_promoted_full	/home/4470246/Repositories/Reversing-in-vitro-adaptations/code/output/metrics/morphology/sum159_all_db_cloneid_cell_state/predictions_by_cloneid/SUM-159_NLS_4N_O2_A22_seedT2.tsv.gz	559214	6963438	cloneid_passaging_dead_cell_sources_and_parents_20260731.tsv	2026-07-31 23:26:42	UTC
SUM-159_NLS_4N_O2_A7K_harvest	SUM159_NLS_4N_O2_A7K_harvest	SUM-159_NLS_4N_O2_A7K_harvest	SUM-159-NLS-4N	4N	4N	O2	4N-O2	O2	deprived	SUM-159_NLS_4N_O2_A7K_seed	4N-O2-A7K		7	9	1	a7k_side_branch_not_currently_simulated	a7k_side_branch_endpoint_candidate	harvest	harvest	16	16	2025-03-05 15:49:12	SUM-159_NLS_4N_O2_A7K_seed	2025-03-01 21:26:31	3.7658				1	TRUE		FALSE	FALSE	FALSE	a7k_side_branch_not_simulated_by_current_independent_scenario_adapter	dead_cell	387	10101	0.038313038	classified_full_promoted	FALSE	4	0	0		TRUE	fixed_mask_promoted_full	/home/4470246/Repositories/Reversing-in-vitro-adaptations/code/output/metrics/morphology/sum159_all_db_cloneid_cell_state/predictions_by_cloneid/SUM-159_NLS_4N_O2_A7K_harvest.tsv.gz			cloneid_passaging_dead_cell_sources_and_parents_20260731.tsv	2026-07-31 23:26:42	UTC
