relative_path	size_bytes	modified_time	sha256	git_status_at_freeze
revised/iteration4/Code/Figures/build_figure6_manuscript_tables.R	26987	2026-08-29T16:18:10-0400	4ccc0fdbcdae898b655cf30984d371732268874dd7874ae42faa1f57e1f19efd	clean
revised/iteration4/Code/Figures/compute_Figure6_invitro_endpoint.R	4767	2026-08-25T12:38:13-0400	cbef15717cb6dff99cfa5c9f27a09d09b30b371c457272236b724de0b87bf0b9	clean
revised/iteration4/Code/Figures/data_Figure6_finite_time_q10.R	1434	2026-09-01T18:21:13-0400	5af671a374fecab3edcbe303102fdf6448fe8abc6b8a955d2a96aaedd12f2176	clean
revised/iteration4/Code/Figures/data_Figure6_invitro_passage_q10.R	1432	2026-09-02T12:52:15-0400	eb2f03035b0916ebfb82b9dbf289513958a36320198bbbbb1c5882ccb900b50a	clean
revised/iteration4/Code/Figures/data_Figure6.R	1687	2026-08-25T11:56:57-0400	ff2baf631c203468c9007e15c07c56ad60846c7ba2f62c10d33790fe336b4eab	clean
revised/iteration4/Code/Figures/data_Supp_Figure6_1.R	1724	2026-08-25T11:56:57-0400	235fbe7a5c1aa28c8e8bd5780c8bb5c9f8dc560e4099adb5008340ef46afab81	clean
revised/iteration4/Code/Figures/data_Supp_Figure6_11_12.R	1898	2026-09-02T15:01:59-0400	c638721af03d1aa5d19825409974205d6c3bebbee2a864878be3f58c947071e9	??
revised/iteration4/Code/Figures/data_Supp_Figure6_2.R	1724	2026-08-25T11:18:41-0400	68d7fa85a63e05728b489ffb514083654df3e129e5c87ac4e35df214d8fc51a9	clean
revised/iteration4/Code/Figures/data_Supp_Figure6_3.R	1850	2026-08-27T16:40:41-0400	722945bac28ac97b235e317a5e425364b3f87b53ab502b3296637678b79cda67	clean
revised/iteration4/Code/Figures/data_Supp_Figure6_4.R	1429	2026-08-26T15:47:30-0400	1af4552bee291bcae61392d077f8e5b03ad5ffe73b64da910a3582107e497898	clean
revised/iteration4/Code/Figures/draw_Figure6.R	907	2026-09-02T12:53:51-0400	7d07bf90cae7d5507702f38a02f9c7208cae188dcdeec6a465e573c03a651e35	clean
revised/iteration4/Code/Figures/draw_Supp_Figure6_1.R	687	2026-08-25T11:09:57-0400	60b319a8c73379016c7f76047822bd1280a1c7ecb96a37a8d7e02f7a75bd4a14	clean
revised/iteration4/Code/Figures/draw_Supp_Figure6_10.R	726	2026-09-02T15:02:17-0400	e9fa81880c50a2c19d56294ac80f34e46215bd18af5213b9b92c4ab4e39cf359	??
revised/iteration4/Code/Figures/draw_Supp_Figure6_11.R	806	2026-09-02T15:02:28-0400	1e439d6be5387f29e0ed6a64ea57fbb47ed143032c7df2a754be1d12e00366e3	??
revised/iteration4/Code/Figures/draw_Supp_Figure6_12.R	806	2026-09-02T15:02:42-0400	2276bdf933835c95383d2df168f37a7b1f83905942ada35bf837eece7f97ed15	??
revised/iteration4/Code/Figures/draw_Supp_Figure6_2.R	605	2026-08-25T11:18:41-0400	080ae7918dce7de10267a20fae933df880f6b16dbd69919825d780ca1472c3ef	clean
revised/iteration4/Code/Figures/draw_Supp_Figure6_3.R	668	2026-08-25T11:24:19-0400	702a07f8318e48d200d74ae40f77e1d295d32cac2d258ee2df335cd40129e715	clean
revised/iteration4/Code/Figures/draw_Supp_Figure6_4.R	833	2026-08-26T15:47:30-0400	169dfa9a3cb05a6030c833ce9712672379c7470bb92fe5987e5ca6b8dce3ff87	clean
revised/iteration4/Code/Figures/draw_Supp_Figure6_5.R	698	2026-09-01T18:21:27-0400	63917e11eb28d75be2613bdcc9ccd0547059d9f2bcb680d75742a326ab48183f	clean
revised/iteration4/Code/Figures/draw_Supp_Figure6_6.R	698	2026-09-01T18:21:41-0400	b10e5ae786730b5f97206a5492006d6268921eb099ef729360bb448219c0008c	clean
revised/iteration4/Code/Figures/draw_Supp_Figure6_7.R	698	2026-09-01T18:21:57-0400	f2c1b236a852d8ef07ce991f7a3854d22c6efbc4c80e67ecbc2a399ac1b4ff7b	clean
revised/iteration4/Code/Figures/draw_Supp_Figure6_8.R	916	2026-09-02T12:55:20-0400	168e53d6d6f5d6f238fbf30427c34f8489f29a1b702e1a40d171decdaa7c7371	clean
revised/iteration4/Code/Figures/draw_Supp_Figure6_9.R	725	2026-09-02T15:02:08-0400	42355dd6a88e7d2da0ddcdacfa4232b007c407c662ecb1aaff2419ae6f30b663	??
revised/iteration4/Code/Figures/util/analysis/figure6_context_extension.R	82787	2026-09-01T15:49:14-0400	d37856feabb9b184f21de22d8111fb32561fb282a0338edc9dfd7ed269bce7c8	clean
revised/iteration4/Code/Figures/util/analysis/figure6_extended_time_o2.R	29257	2026-09-02T16:19:53-0400	6ac657f2aa4dd3d13cbafd2d23128c658014aa07609c496180a59456dc7d416b	??
revised/iteration4/Code/Figures/util/analysis/figure6_finite_time_plots.R	39617	2026-09-02T15:07:38-0400	4479c65c37bfbace9357c0b859c5bb3659b9e795b19f7cbb128f64e91fa1c280	 M
revised/iteration4/Code/Figures/util/analysis/figure6_finite_time_q10.R	47444	2026-09-01T20:17:56-0400	d66de757f42e5e6bbff68b5e65eefbfc1eb2769e7363c77d2479ee61e1b22a80	clean
revised/iteration4/Code/Figures/util/analysis/figure6_invitro_extended_o2.R	63281	2026-08-29T19:14:00-0400	46df68e7b986468b0a126e49d90caca7d317b463b6ef8e8784ada5a08912b8fc	clean
revised/iteration4/Code/Figures/util/analysis/figure6_invitro_passage_q10.R	31082	2026-09-02T15:17:42-0400	5da192b41b2459e581ff9e3b0c63b2a3a42c68a90fd3f9279beb9a8ad8449524	 M
revised/iteration4/Code/Figures/util/analysis/figure6_robustness.R	196003	2026-09-01T20:30:34-0400	2475dbe4ac5cfa184dce23c2b358e2d820d4d15bb1ff75d74e691c2277c91428	clean
revised/iteration4/Code/Figures/util/analysis/si_figure6_eigenmodes.R	59933	2026-08-29T14:31:11-0400	cef85d69430b7e6f57c3f2b481680c18722b9afc721870455e426a2acf87c364	clean
revised/iteration4/Code/Figures/worker_Supp_Figure6_4_endpoint.R	2833	2026-08-27T05:19:51-0400	eb643976f6e7f1b01e92d3b09b5934d76bdb9d758594a6d86f5c92aa38c060d1	clean
revised/iteration4/Code/hpc/run_figure6_data_hpc.sh	21113	2026-08-28T01:20:32-0400	ba9b8eca105a4bc85f7a550be887ee1384d9b59979dc65050ec264b155442820	clean
revised/iteration4/Code/hpc/run_figure6_extended_time_o2_hpc.sh	15684	2026-09-02T17:11:54-0400	823de5936334b4de5ae7a4206cc83e10fe5d1261adb05b07fb89b4f7950de26c	??
revised/iteration4/Code/hpc/run_figure6_invitro_passage_hpc.sh	12976	2026-09-02T12:59:18-0400	ca366662d850ad21835069bea78a91cffdcd0560323b1587dcaececc991d3614	clean
revised/iteration4/Code/hpc/run_figure6_q10_finite_time_hpc.sh	16854	2026-09-01T20:33:51-0400	79366d8b6888ba41eccf84e058c25ac4a049c2ef70e2266c425f6e271008ed00	clean
revised/iteration4/data/Figures/Figure6/.DS_Store	10244	2026-09-02T17:16:29-0400	3172d5aec721a7c4e67169444ce12da952dae7718d717965eadcc65d140ad806	clean
revised/iteration4/data/Figures/Figure6/cluster_k_bootstrap_selection_frequency.tsv	42	2026-08-29T17:26:43-0400	9f91379a333450ff5334670deb0c8aa71f0a32efa3ec4058c24c76c1c2dc3a96	clean
revised/iteration4/data/Figures/Figure6/cluster_k_resample_selection_frequency.tsv	42	2026-08-29T17:26:43-0400	9f91379a333450ff5334670deb0c8aa71f0a32efa3ec4058c24c76c1c2dc3a96	clean
revised/iteration4/data/Figures/Figure6/cluster_k_selection.tsv	1729	2026-08-29T17:26:43-0400	6a0c0d4210606726cb610af3e81adf73582c306b72e9ecd4faff1688d4389388	clean
revised/iteration4/data/Figures/Figure6/cluster_selection_audit.tsv	573	2026-08-29T17:26:43-0400	de1d9a4bf780dea138c66159a3266cbdde0626f00e981f3d4b4013fdc3cdd801	clean
revised/iteration4/data/Figures/Figure6/cluster_stability.tsv	491	2026-08-29T17:26:43-0400	c9b31a3faaa2776f59204171a89f62a59adfdc3c066094f46e9a790d6e9ce411	clean
revised/iteration4/data/Figures/Figure6/cluster_subcluster_assignments.tsv	17924	2026-08-29T17:26:43-0400	636cfed9d9b91039f804342ccc1b3bed5ccc3c8505d5848b8a87a7df20e52b22	clean
revised/iteration4/data/Figures/Figure6/cluster_warm_start_representatives.tsv	221	2026-08-29T17:26:43-0400	7209251a9acd610763279aab5c347fbc652dd2b51eeb5202ce8261ed7e869c3e	clean
revised/iteration4/data/Figures/Figure6/data_contract.tsv	5022	2026-08-29T17:29:27-0400	cb8b88b4267520c8da27d0eadcc43b42e31a56ef8d5bd87041f54fafa02dfe01	clean
revised/iteration4/data/Figures/Figure6/figure6_chart_contract.tsv	3758	2026-08-29T17:26:40-0400	123da3df2d343912b5fdd3aba6762916452f1168f354fc81f8ba59400e77b431	clean
revised/iteration4/data/Figures/Figure6/figure6_context_validation.tsv	300	2026-09-01T15:51:38-0400	82740d9d26d4b56ea0e4903493d55f6ffa16af731a917cebb98fc0128e7f3f12	clean
revised/iteration4/data/Figures/Figure6/figure6_inverse_class_summary.tsv	610	2026-08-29T17:29:27-0400	37e005436e67529550154df037cb7c401c1b7df74f552862a4fa353e3d896509	clean
revised/iteration4/data/Figures/Figure6/figure6_inverse_endpoint_cache/C01/inverse_C01_E001.rds	253328	2026-08-29T17:29:18-0400	3b937c91dc973825c009c3d1d3ffa39fca2c25ec6e7bbca72897be4fc0244eb2	clean
revised/iteration4/data/Figures/Figure6/figure6_inverse_endpoint_cache/C01/inverse_C01_E002.rds	243168	2026-08-29T17:29:18-0400	4bf579d3b6b88c9de1bb1dd40e511679b1a78709e86aa98bafa44430942c45ee	clean
revised/iteration4/data/Figures/Figure6/figure6_inverse_endpoint_cache/C01/inverse_C01_E003.rds	252352	2026-08-29T17:29:19-0400	56347b55fc40bcbfacdb3290131b0dfe36847009cd7b8d02b12c6aec786d7f2f	clean
revised/iteration4/data/Figures/Figure6/figure6_inverse_endpoint_cache/C01/inverse_C01_E004.rds	237364	2026-08-29T17:29:18-0400	f9b8c69c2f2e087f5b850b14a078151773c3c8ff62226250e39d02934c95d98e	clean
revised/iteration4/data/Figures/Figure6/figure6_inverse_endpoint_cache/C01/inverse_C01_E005.rds	251092	2026-08-29T17:29:19-0400	326e4ece2dfacf53371ecfa83a2cd4110131c78dd68d0fccd7769d1f45018573	clean
revised/iteration4/data/Figures/Figure6/figure6_inverse_endpoint_cache/C01/inverse_C01_E006.rds	239728	2026-08-29T17:29:19-0400	dfd3f6516a0b1845d730feb601674fb3aef44007d311715af188a07985ec0937	clean
revised/iteration4/data/Figures/Figure6/figure6_inverse_endpoint_cache/C01/inverse_C01_E007.rds	247528	2026-08-29T17:29:18-0400	07835c4eb2d51b3363d7b8909e1262ab404aa8625130e6d71fed4db7ecf686c5	clean
revised/iteration4/data/Figures/Figure6/figure6_inverse_endpoint_cache/C01/inverse_C01_E008.rds	241484	2026-08-29T17:29:19-0400	a86821efe7c570d8d13800dda8e392552d8b4022281dce11e5fa88ff22e2a636	clean
revised/iteration4/data/Figures/Figure6/figure6_inverse_endpoint_cache/C01/inverse_C01_E009.rds	235592	2026-08-29T17:29:19-0400	f0eee898730b7406efec5bc696e425954c865c8b64f9d554b6eeba003c13e9fc	clean
revised/iteration4/data/Figures/Figure6/figure6_inverse_endpoint_cache/C01/inverse_C01_E010.rds	236404	2026-08-29T17:29:18-0400	68487d7bb822b9fc968cd6bf8a5257e90576e70932109056d62c99a3728330a8	clean
revised/iteration4/data/Figures/Figure6/figure6_inverse_endpoint_cache/C01/inverse_C01_E011.rds	246008	2026-08-29T17:29:19-0400	2aa027d2f6c6c676b920aee7c4936340a261e4a36aba030f3deaaacc0f9057bf	clean
revised/iteration4/data/Figures/Figure6/figure6_inverse_endpoint_cache/C01/inverse_C01_E012.rds	252488	2026-08-29T17:29:18-0400	3ef8796c915fe725f5df21040f441d325e3f8cb26c0e0cf2f8307a8bff6d5aa3	clean
revised/iteration4/data/Figures/Figure6/figure6_inverse_endpoint_cache/C01/inverse_C01_E013.rds	236448	2026-08-29T17:29:19-0400	e9ca2880068b0187c4dea18ef0ce06c191f8208b177494ad574e23350f4d749c	clean
revised/iteration4/data/Figures/Figure6/figure6_inverse_endpoint_cache/C01/inverse_C01_E014.rds	244452	2026-08-29T17:29:19-0400	136b59bc173df2f175c524594ba2778148271362cb432c32b29c710eb169321c	clean
revised/iteration4/data/Figures/Figure6/figure6_inverse_endpoint_cache/C01/inverse_C01_E015.rds	245112	2026-08-29T17:29:19-0400	8a4235b9fab9471a261a413f4e7997ff7b4637878a84031a2f2b812fed4a5294	clean
revised/iteration4/data/Figures/Figure6/figure6_inverse_endpoint_cache/C01/inverse_C01_E016.rds	246936	2026-08-29T17:29:19-0400	8a250b456e4ca16b907115c791a9fe0195a9a6c647b54d531999da46addce21a	clean
revised/iteration4/data/Figures/Figure6/figure6_inverse_endpoint_cache/C01/inverse_C01_E017.rds	245088	2026-08-29T17:29:19-0400	983e405c73ddc4624d788372a92b3729b002abf6e6f484a3532c034e0c924032	clean
revised/iteration4/data/Figures/Figure6/figure6_inverse_endpoint_cache/C01/inverse_C01_E018.rds	241296	2026-08-29T17:29:19-0400	c424917962c09f9d3463c802cc38f1dec3b99cb380fc3cb2fea733bef9aae3ea	clean
revised/iteration4/data/Figures/Figure6/figure6_inverse_endpoint_cache/C01/inverse_C01_E019.rds	241008	2026-08-29T17:29:19-0400	94917e656bca8f34b25134b13daab7d778b7f72cdf159a071e5193fc90eb10c9	clean
revised/iteration4/data/Figures/Figure6/figure6_inverse_endpoint_cache/C01/inverse_C01_E020.rds	243776	2026-08-29T17:29:19-0400	714eea53662d25f48b9efe1988d75802f1ceebfa4f2e11796e281448ead143c2	clean
revised/iteration4/data/Figures/Figure6/figure6_inverse_endpoint_cache/C01/inverse_C01_E021.rds	242964	2026-08-29T17:29:19-0400	3dbee0db9a957e60994cb067bd3ac75ba048cceff4eb87188018fc0d9b454e0c	clean
revised/iteration4/data/Figures/Figure6/figure6_inverse_endpoint_cache/C01/inverse_C01_E022.rds	250028	2026-08-29T17:29:19-0400	99c444517433d745681289b8fdb7684a579d850248a2a8b36eb7cc640e74ff6c	clean
revised/iteration4/data/Figures/Figure6/figure6_inverse_endpoint_cache/C01/inverse_C01_E023.rds	249280	2026-08-29T17:29:19-0400	fc9491f6c88b524add2cd078b77e2a67cb3e1031fa826ed1751ca78e656457c5	clean
revised/iteration4/data/Figures/Figure6/figure6_inverse_endpoint_cache/C01/inverse_C01_E024.rds	252092	2026-08-29T17:29:19-0400	8989caf513bdbd2ce474a7d8d035768fdbfc3f3e16aed693c577537c65f9e6f1	clean
revised/iteration4/data/Figures/Figure6/figure6_inverse_endpoint_cache/C01/inverse_C01_E025.rds	245160	2026-08-29T17:29:19-0400	a6ceb2cd509f2b37374df22b4665a22073792e9a5dc0fc3bb3bf3c6d40f7c605	clean
revised/iteration4/data/Figures/Figure6/figure6_inverse_endpoint_cache/C01/inverse_C01_E026.rds	247212	2026-08-29T17:29:19-0400	7a6de9cad5d1ef422f1621470936d6113d6abb112c15ae43aa3ea911d43ca2f7	clean
revised/iteration4/data/Figures/Figure6/figure6_inverse_endpoint_cache/C01/inverse_C01_E027.rds	246260	2026-08-29T17:29:19-0400	95938711ab711eb8da413e8e600bd6a6febd05e0bd14d4b5c58799490d45f1e6	clean
revised/iteration4/data/Figures/Figure6/figure6_inverse_endpoint_cache/C01/inverse_C01_E028.rds	245164	2026-08-29T17:29:19-0400	a89587c2dc6dba5c1817066dc992178f99660efc0147ac7936d0e6966e60803c	clean
revised/iteration4/data/Figures/Figure6/figure6_inverse_endpoint_cache/C01/inverse_C01_E029.rds	235616	2026-08-29T17:29:19-0400	f6f0349fed19c204dd3c5cc37ee1c1be97d29f68fb6e31b946cb921b1acdef6a	clean
revised/iteration4/data/Figures/Figure6/figure6_inverse_endpoint_cache/C01/inverse_C01_E030.rds	245164	2026-08-29T17:29:19-0400	10f0ac365445b2166f85e060a30780627970e6ee8e8fc1cf4f05fa4cb9e028a6	clean
revised/iteration4/data/Figures/Figure6/figure6_inverse_endpoint_cache/C01/inverse_C01_E031.rds	250852	2026-08-29T17:29:19-0400	bb956973c1487666f1a72d978a87cfdfc54c383ad1d3c5b127ac9cf917b17730	clean
revised/iteration4/data/Figures/Figure6/figure6_inverse_endpoint_cache/C01/inverse_C01_E032.rds	228700	2026-08-29T17:29:19-0400	6cebd2db12e22ffa26a69026019d150dee948236d24e10b0830e54a8eb154bd5	clean
revised/iteration4/data/Figures/Figure6/figure6_inverse_endpoint_cache/C01/inverse_C01_E033.rds	235592	2026-08-29T17:29:19-0400	7123c3963e43a14d90eb7705c6ed6621e2b6f146f90b4ad2fc9e7da5ec7a0c28	clean
revised/iteration4/data/Figures/Figure6/figure6_inverse_endpoint_cache/C01/inverse_C01_E034.rds	244552	2026-08-29T17:29:19-0400	122a93486a5c6748d8e822f834f8fb60bad44c26b7d2bda2db1a4bfec5f26371	clean
revised/iteration4/data/Figures/Figure6/figure6_inverse_endpoint_cache/C01/inverse_C01_E035.rds	235512	2026-08-29T17:29:19-0400	eb2b9170a63e1d11c7c66f35c828024f47a3be3ea064a1f4fdc253a9aa954187	clean
revised/iteration4/data/Figures/Figure6/figure6_inverse_endpoint_cache/C01/inverse_C01_E036.rds	247488	2026-08-29T17:29:19-0400	287932d6af7e71ea8e9cef209726d7587483868af0b67f10538f7212c46d4fd5	clean
revised/iteration4/data/Figures/Figure6/figure6_inverse_endpoint_cache/C01/inverse_C01_E037.rds	230196	2026-08-29T17:29:19-0400	c4e0b90c0284ab67837efc7b76cbd0a21d509ca91bce98bab7dc568de899fa08	clean
revised/iteration4/data/Figures/Figure6/figure6_inverse_endpoint_cache/C01/inverse_C01_E038.rds	230860	2026-08-29T17:29:19-0400	5dcc419c1a189b4f5bcd44d22a5bc32be8a9504c8c28380efdae25cef13e76e9	clean
revised/iteration4/data/Figures/Figure6/figure6_inverse_endpoint_cache/C01/inverse_C01_E039.rds	234472	2026-08-29T17:29:19-0400	8dad3da06e2b7d13c32131af49b1cda3573ad427c84dd566f0927b057c36291f	clean
revised/iteration4/data/Figures/Figure6/figure6_inverse_endpoint_cache/C01/inverse_C01_E040.rds	248264	2026-08-29T17:29:19-0400	c708252617e9fa3a156f76de4909945d60ce7f6285a10ef710ea7d5c0be47e71	clean
revised/iteration4/data/Figures/Figure6/figure6_inverse_endpoint_cache/C01/inverse_C01_E041.rds	246444	2026-08-29T17:29:19-0400	acaf4c0f8ed0d1f14224d65a7e77c3052207e7dcab924ebe771f52c012ad22f5	clean
revised/iteration4/data/Figures/Figure6/figure6_inverse_endpoint_cache/C01/inverse_C01_E042.rds	245880	2026-08-29T17:29:19-0400	5ce70c8bdc57e9ce5a5debdd845d8f7e63a154007057a64549a6da40d9bf86af	clean
revised/iteration4/data/Figures/Figure6/figure6_inverse_endpoint_cache/C01/inverse_C01_E043.rds	251352	2026-08-29T17:29:19-0400	264466f43cc5421f8e0429b50366fabf0cf6cce04a33a924985dc80746b9af27	clean
revised/iteration4/data/Figures/Figure6/figure6_inverse_endpoint_cache/C01/inverse_C01_E044.rds	242436	2026-08-29T17:29:19-0400	10a50fe137aa48a423049faae69a983a4c30d0438d1fc6387e5b5c0ee8238200	clean
revised/iteration4/data/Figures/Figure6/figure6_inverse_endpoint_cache/C01/inverse_C01_E045.rds	242864	2026-08-29T17:29:19-0400	4be6789bdeeeebd922404c7ad2deb5129431bd078b3f3a3396781ef1ee612683	clean
revised/iteration4/data/Figures/Figure6/figure6_inverse_endpoint_cache/C01/inverse_C01_E046.rds	247652	2026-08-29T17:29:19-0400	d8f0c15ee8b6dda140b24ce189cf7a2df09a34e71745df070999b8c05cc60f0e	clean
revised/iteration4/data/Figures/Figure6/figure6_inverse_endpoint_cache/C01/inverse_C01_E047.rds	233460	2026-08-29T17:29:19-0400	6fca39fda925e4b6b77d99e96df0d594bdbd651dd690de1f02451e98fbe45265	clean
revised/iteration4/data/Figures/Figure6/figure6_inverse_endpoint_cache/C01/inverse_C01_E048.rds	247284	2026-08-29T17:29:19-0400	a00e4989ff5f8527e308779ece2f62df5f430e05142c87679ca8f701542245ca	clean
revised/iteration4/data/Figures/Figure6/figure6_inverse_endpoint_cache/C01/inverse_C01_E049.rds	243400	2026-08-29T17:29:19-0400	c69b63802dd0326c311dcd7250ff5dc5bcffae92228022044683f86f1a915459	clean
revised/iteration4/data/Figures/Figure6/figure6_inverse_endpoint_cache/C01/inverse_C01_E050.rds	244308	2026-08-29T17:29:19-0400	90a4fe41d86ffc7d44f59251e455a2a55dcdfb0de36bc437327868dfe2f1257a	clean
revised/iteration4/data/Figures/Figure6/figure6_inverse_endpoint_cache/C02/inverse_C02_E001.rds	229792	2026-08-29T17:29:19-0400	fe76a3d1e0591f869c028fe3fbfe5d9105226e3b4b4be5534c5bbacacad6260a	clean
revised/iteration4/data/Figures/Figure6/figure6_inverse_endpoint_cache/C02/inverse_C02_E002.rds	230312	2026-08-29T17:29:19-0400	82fbe18269b92766de4915631601227fdea2eb7e614115a3ff0d8a447c83f886	clean
revised/iteration4/data/Figures/Figure6/figure6_inverse_endpoint_cache/C02/inverse_C02_E003.rds	239960	2026-08-29T17:29:19-0400	3e272922a66f27ae0d91bcdfb63ae4cc1c3c5ad3a073bff3565b8cdca7c45f97	clean
revised/iteration4/data/Figures/Figure6/figure6_inverse_endpoint_cache/C02/inverse_C02_E004.rds	238588	2026-08-29T17:29:19-0400	1e71ecf9bf2b28900e4391af97c0e338950961c96e3fe5b65459fc8c8e61eb30	clean
revised/iteration4/data/Figures/Figure6/figure6_inverse_endpoint_cache/C02/inverse_C02_E005.rds	234124	2026-08-29T17:29:19-0400	35fcec4854f22fb2af6aad7676fb9e158d2c0fe1369ddd06d7c910c80f9c70f9	clean
revised/iteration4/data/Figures/Figure6/figure6_inverse_endpoint_cache/C02/inverse_C02_E006.rds	234216	2026-08-29T17:29:19-0400	efb9c2cfbada6c94830c764baea9b8d0f061ee0396e4743014250d311ceec925	clean
revised/iteration4/data/Figures/Figure6/figure6_inverse_endpoint_cache/C02/inverse_C02_E007.rds	246296	2026-08-29T17:29:19-0400	bbe8b66268ec254e20115b1f9e7e460024f7b439e31fa1e0dcb48e0d2d6f5f48	clean
revised/iteration4/data/Figures/Figure6/figure6_inverse_endpoint_cache/C02/inverse_C02_E008.rds	233160	2026-08-29T17:29:19-0400	840e781555c178d8cc1361ce0459b44ec6c6ec87903bb34bf48d973da86a0e4c	clean
revised/iteration4/data/Figures/Figure6/figure6_inverse_endpoint_cache/C02/inverse_C02_E009.rds	251672	2026-08-29T17:29:20-0400	7736d9f50570511e51f918137a71fab710a4f95197e371e9f1d1c9748b54d1a0	clean
revised/iteration4/data/Figures/Figure6/figure6_inverse_endpoint_cache/C02/inverse_C02_E010.rds	231396	2026-08-29T17:29:20-0400	701741dbd7e11a6fe284d56b251dc5b64707630a3ba60635c6ab4505084a50ff	clean
revised/iteration4/data/Figures/Figure6/figure6_inverse_endpoint_cache/C02/inverse_C02_E011.rds	240504	2026-08-29T17:29:19-0400	3b5c8affbd5f48bc100af5df78733036debe7823941ac18636b4e6ba8b547b36	clean
revised/iteration4/data/Figures/Figure6/figure6_inverse_endpoint_cache/C02/inverse_C02_E012.rds	223432	2026-08-29T17:29:19-0400	2edc76e591f11161e155f1fe250caae1f9aa7922ac5e75850676ba6db329b7f9	clean
revised/iteration4/data/Figures/Figure6/figure6_inverse_endpoint_cache/C02/inverse_C02_E013.rds	223436	2026-08-29T17:29:19-0400	efa8e0edfa8f3780416dc05e423f36f920c0a96188cec3f0184d8908e2c0e7e1	clean
revised/iteration4/data/Figures/Figure6/figure6_inverse_endpoint_cache/C02/inverse_C02_E014.rds	226624	2026-08-29T17:29:20-0400	b8308fae87983ab77b0380e7d7ff4b06584a0ee540326c61c5fde9a1a84c5eb8	clean
revised/iteration4/data/Figures/Figure6/figure6_inverse_endpoint_cache/C02/inverse_C02_E015.rds	238512	2026-08-29T17:29:20-0400	cb84d3688a495ac8c033b9808a9131332a9b1fa74f931a8fa24917b998a4bf5d	clean
revised/iteration4/data/Figures/Figure6/figure6_inverse_endpoint_cache/C02/inverse_C02_E016.rds	235428	2026-08-29T17:29:20-0400	6d83656d7f782e77f0e2f3155f16d12f25cb63ec01cca795c10e58145854bebd	clean
revised/iteration4/data/Figures/Figure6/figure6_inverse_endpoint_manifest.tsv	16003	2026-08-29T17:29:27-0400	49139ebc678ea36103058dc271fc29eaac87fe6de5dcc1751a34ca5bc91b14d5	clean
revised/iteration4/data/Figures/Figure6/figure6_inverse_endpoint_qc.tsv	18156	2026-08-29T17:29:20-0400	ba0b7bc8fca850129d67c9bbaff171c9c9532771de015b7168ef168e9d397a10	clean
revised/iteration4/data/Figures/Figure6/figure6_inverse_ploidy4_anchor_summary.tsv	993	2026-08-29T17:29:27-0400	1d560dc0c4ec68ef79be8b50c46ad0a1e6b1a0fad4252221432d1fbe055176f4	clean
revised/iteration4/data/Figures/Figure6/figure6_inverse_response_summary.tsv	19494387	2026-08-29T17:29:27-0400	113413c7fd4534e0ce7a1fd33a6ccd1d268a4b731202bd74301b8d31893cc632	clean
revised/iteration4/data/Figures/Figure6/figure6_inverse_validation.tsv	641	2026-08-29T17:29:27-0400	bbecf1c17acbae17f308b7653fee4959d5cfc354fb2954dd3a641fee769e1016	clean
revised/iteration4/data/Figures/Figure6/figure6_invitro_dense_endpoint_cache/C01/endpoint_C01_VT_E001.rds	2168671	2026-08-29T17:54:13-0400	f51fd6ff903e3b328b5aca2fccf1c0464c996c5449bb04c89baacd27001e6b1c	clean
revised/iteration4/data/Figures/Figure6/figure6_invitro_dense_endpoint_cache/C01/endpoint_C01_VT_E002.rds	2169150	2026-08-29T17:54:04-0400	8dc83cc1ce1748ed82a9eb4530b6cd6a44d3a13a2de82de52ac59243f91414bd	clean
revised/iteration4/data/Figures/Figure6/figure6_invitro_dense_endpoint_cache/C01/endpoint_C01_VT_E003.rds	2168669	2026-08-29T17:54:14-0400	1c0d3516e43d52783e42c11f5dfd0424862ef00b4bf40abe7ee6f33c903a44f4	clean
revised/iteration4/data/Figures/Figure6/figure6_invitro_dense_endpoint_cache/C01/endpoint_C01_VT_E004.rds	2169602	2026-08-29T17:54:07-0400	62e702ae90f96db2c1130974a7e0ce5957cb8d40dc4eda3b5bb6df83f90719a9	clean
revised/iteration4/data/Figures/Figure6/figure6_invitro_dense_endpoint_cache/C01/endpoint_C01_VT_E005.rds	2168977	2026-08-29T17:54:13-0400	d27da563cffa18570bfab3f166bd8c8d8888bb2881f622e2247d32b34c76d5c3	clean
revised/iteration4/data/Figures/Figure6/figure6_invitro_dense_endpoint_cache/C01/endpoint_C01_VT_E006.rds	2166117	2026-08-29T17:54:18-0400	f0392c2686bbb124c44323b82f7a9d589cbed4fd101e062246134a7f6fedd9d5	clean
revised/iteration4/data/Figures/Figure6/figure6_invitro_dense_endpoint_cache/C01/endpoint_C01_VT_E007.rds	2168990	2026-08-29T17:54:04-0400	0b0e7f96168ada6ca2ad8322f454a0cdfb915fcc12f6625f253001c6fa368cd6	clean
revised/iteration4/data/Figures/Figure6/figure6_invitro_dense_endpoint_cache/C01/endpoint_C01_VT_E008.rds	2169306	2026-08-29T17:54:09-0400	07adf9a31fd593b80113d49441245b6a8e7bd3d84e52338e0969203c4e3fd030	clean
revised/iteration4/data/Figures/Figure6/figure6_invitro_dense_endpoint_cache/C01/endpoint_C01_VT_E009.rds	2169150	2026-08-29T17:54:19-0400	e3ccfc3110c9838ee13c8b7103c1fddc81eb4cd8d73146069c3247ceca3b06ff	clean
revised/iteration4/data/Figures/Figure6/figure6_invitro_dense_endpoint_cache/C01/endpoint_C01_VT_E010.rds	2169234	2026-08-29T17:54:19-0400	df44a6ecf53e3149fccc1ffd26a22cd8a8b793f6c0896e0d06ac9d67e5f53546	clean
revised/iteration4/data/Figures/Figure6/figure6_invitro_dense_endpoint_cache/C01/endpoint_C01_VT_E011.rds	2168493	2026-08-29T17:54:17-0400	323e5bb5f1b5a32e6923de68d427af547c2e515a8a25de0525556261e1d3a655	clean
revised/iteration4/data/Figures/Figure6/figure6_invitro_dense_endpoint_cache/C01/endpoint_C01_VT_E012.rds	2168161	2026-08-29T17:54:14-0400	8869e234247287f34a31a3fdbbfc7c0a920e24943fd70603d2992c2f046c3bc1	clean
revised/iteration4/data/Figures/Figure6/figure6_invitro_dense_endpoint_cache/C01/endpoint_C01_VT_E013.rds	2169174	2026-08-29T17:54:14-0400	f01c4b9da81d031e46541dfedcb0dd9341f26085427e10d4647fc5fd10190fb8	clean
revised/iteration4/data/Figures/Figure6/figure6_invitro_dense_endpoint_cache/C01/endpoint_C01_VT_E014.rds	2168236	2026-08-29T17:54:08-0400	24f26a3ffe6316b64f6989648e261b20bfa5c49e41929327ead523972b54679c	clean
revised/iteration4/data/Figures/Figure6/figure6_invitro_dense_endpoint_cache/C01/endpoint_C01_VT_E015.rds	2169456	2026-08-29T17:54:02-0400	579a98cf235debd0624b44e38155474f92964498b61b8b7b88f101e1e63aaf5f	clean
revised/iteration4/data/Figures/Figure6/figure6_invitro_dense_endpoint_cache/C01/endpoint_C01_VT_E016.rds	2168793	2026-08-29T17:54:09-0400	bd52dd5c5d915d83a4bf10d58ab2022ad8e3693a9f2fdc05779cb153df0d8ea5	clean
revised/iteration4/data/Figures/Figure6/figure6_invitro_dense_endpoint_cache/C01/endpoint_C01_VT_E017.rds	2168527	2026-08-29T17:54:13-0400	f141fbd72af54d5e86d6f69bb7cb084a65970772250561f28ac176cfee728e48	clean
revised/iteration4/data/Figures/Figure6/figure6_invitro_dense_endpoint_cache/C01/endpoint_C01_VT_E018.rds	2168643	2026-08-29T17:54:05-0400	423771c7d1d9ee1ab6ff372cda6700c8be3f8e1ecaa5665f92846422e5a58952	clean
revised/iteration4/data/Figures/Figure6/figure6_invitro_dense_endpoint_cache/C01/endpoint_C01_VT_E019.rds	2168600	2026-08-29T17:54:18-0400	a53a94c356063cd789d6d184f63a88a6a98a0776089dac9f152628324570e4bd	clean
revised/iteration4/data/Figures/Figure6/figure6_invitro_dense_endpoint_cache/C01/endpoint_C01_VT_E020.rds	2168326	2026-08-29T17:54:13-0400	95a1abddd3d048d75487e0f44ee8495d18119514e952f776a8646ddd4e418e45	clean
revised/iteration4/data/Figures/Figure6/figure6_invitro_dense_endpoint_cache/C01/endpoint_C01_VT_E021.rds	2168709	2026-08-29T17:54:19-0400	80333e7806c815dccfc01f6a29428521ada0175c9d0321a11092a9f3566f118e	clean
revised/iteration4/data/Figures/Figure6/figure6_invitro_dense_endpoint_cache/C01/endpoint_C01_VT_E022.rds	2168730	2026-08-29T17:54:25-0400	782457a2e4b4d892245e3a963e61f86e4ecc5eee83e4d030cd1e3e41a01fdfc9	clean
revised/iteration4/data/Figures/Figure6/figure6_invitro_dense_endpoint_cache/C01/endpoint_C01_VT_E023.rds	2169522	2026-08-29T17:54:22-0400	6f712d012a7be9227dad80f11654cf57ef2a4e7c56b0ea6a918c817cd877982d	clean
revised/iteration4/data/Figures/Figure6/figure6_invitro_dense_endpoint_cache/C01/endpoint_C01_VT_E024.rds	2168693	2026-08-29T17:54:21-0400	b3a50a06144d83f2fad62cbf9f5309704878163ea8f6c8c067e785c4e59f4f9a	clean
revised/iteration4/data/Figures/Figure6/figure6_invitro_dense_endpoint_cache/C01/endpoint_C01_VT_E025.rds	2169152	2026-08-29T17:54:13-0400	0eaba9776ae16071ea1ef5fe527938d24c8f835cb5b486f387500a83ab8db107	clean
revised/iteration4/data/Figures/Figure6/figure6_invitro_dense_endpoint_cache/C01/endpoint_C01_VT_E026.rds	2168983	2026-08-29T17:54:13-0400	c75998950d9c368f6a180ae56dd42aaa540e2f3a36eaa0272b4cb9f9de3f8bf7	clean
revised/iteration4/data/Figures/Figure6/figure6_invitro_dense_endpoint_cache/C01/endpoint_C01_VT_E027.rds	2169187	2026-08-29T17:54:07-0400	fd8ef976d7a694ff957d823ed731d8ec00ff8ed55d3f9e88a5106331c1186a74	clean
revised/iteration4/data/Figures/Figure6/figure6_invitro_dense_endpoint_cache/C01/endpoint_C01_VT_E028.rds	2169152	2026-08-29T17:54:14-0400	9c0a4bcdd4d1124c698b431a58b7a338ae69305425dd8873c4cf861f327977cd	clean
revised/iteration4/data/Figures/Figure6/figure6_invitro_dense_endpoint_cache/C01/endpoint_C01_VT_E029.rds	2169150	2026-08-29T17:54:13-0400	b7671ab160afce0fc0bb07cbc323e1c53c126a384f043cbeed7856a4005d8ba6	clean
revised/iteration4/data/Figures/Figure6/figure6_invitro_dense_endpoint_cache/C01/endpoint_C01_VT_E030.rds	2169151	2026-08-29T17:54:09-0400	94381280e0748667432e75b2c1a9df683ce8d63cc9a390ff591b62a6d9e5001d	clean
revised/iteration4/data/Figures/Figure6/figure6_invitro_dense_endpoint_cache/C01/endpoint_C01_VT_E031.rds	2168862	2026-08-29T17:54:18-0400	c027659642ce9bd5125c7deac9b8fb168af94d4db2e4ce01112d83c60b03cfe2	clean
revised/iteration4/data/Figures/Figure6/figure6_invitro_dense_endpoint_cache/C01/endpoint_C01_VT_E032.rds	2169136	2026-08-29T17:54:06-0400	3a98f8a8de0864ca81b66cbba1455e95e1a12ed4c609b5edf3039da137b74528	clean
revised/iteration4/data/Figures/Figure6/figure6_invitro_dense_endpoint_cache/C01/endpoint_C01_VT_E033.rds	2169148	2026-08-29T17:54:09-0400	5d5ff5e01d19c9b1f5d6fec3afc7aa7aa065408dfcca340243b700e0332630aa	clean
revised/iteration4/data/Figures/Figure6/figure6_invitro_dense_endpoint_cache/C01/endpoint_C01_VT_E034.rds	2168856	2026-08-29T17:54:12-0400	c62d8feaeae50994dd932448ef27d14a4acf8ea8a6056b86ede6af1f0f9f1064	clean
revised/iteration4/data/Figures/Figure6/figure6_invitro_dense_endpoint_cache/C01/endpoint_C01_VT_E035.rds	2169129	2026-08-29T17:54:18-0400	6a413f3846632c205ed52f417969afec67e553547513eadffff7e6a3ba92041b	clean
revised/iteration4/data/Figures/Figure6/figure6_invitro_dense_endpoint_cache/C01/endpoint_C01_VT_E036.rds	2168857	2026-08-29T17:54:21-0400	482f7eea6c270dbca2cc612e7bcc0b8abae06cf6fe6d3820f41b430dc5bcb837	clean
revised/iteration4/data/Figures/Figure6/figure6_invitro_dense_endpoint_cache/C01/endpoint_C01_VT_E037.rds	2168837	2026-08-29T17:54:15-0400	e0e4d404a4e376a8348e363e064fe30cf327b53b8a751c0b31e9846f77a2bc42	clean
revised/iteration4/data/Figures/Figure6/figure6_invitro_dense_endpoint_cache/C01/endpoint_C01_VT_E038.rds	2169445	2026-08-29T17:54:15-0400	d6246bdbaa9e8acffe1b93153097d4e8ac68f26e30d17909746285b49dd460ff	clean
revised/iteration4/data/Figures/Figure6/figure6_invitro_dense_endpoint_cache/C01/endpoint_C01_VT_E039.rds	2168691	2026-08-29T17:54:03-0400	7a61af2e9a7ddfdea9d16473a8ae132038cb88ecd9b3d1faca6aaf2ea00313a8	clean
revised/iteration4/data/Figures/Figure6/figure6_invitro_dense_endpoint_cache/C01/endpoint_C01_VT_E040.rds	2168999	2026-08-29T17:54:09-0400	61848a418c2b7a7ffed3b1cccba4797530bfc84eff3c4ee954e89138e92c3d31	clean
revised/iteration4/data/Figures/Figure6/figure6_invitro_dense_endpoint_cache/C01/endpoint_C01_VT_E041.rds	2168695	2026-08-29T17:54:23-0400	f4915750fa74ac7df35fc9597e8f1546bf06274729e552b166d19e29cfffe4ac	clean
revised/iteration4/data/Figures/Figure6/figure6_invitro_dense_endpoint_cache/C01/endpoint_C01_VT_E042.rds	2168608	2026-08-29T17:54:30-0400	92602899b0bc0e8963a82bbaf9f888d66cf1f1f05ff8f5047295c55a7dafac33	clean
revised/iteration4/data/Figures/Figure6/figure6_invitro_dense_endpoint_cache/C01/endpoint_C01_VT_E043.rds	2168883	2026-08-29T17:54:33-0400	08296d3bcb38eb73189557cfc9174b9abb056a519e74b81499bd2f51dcd67191	clean
revised/iteration4/data/Figures/Figure6/figure6_invitro_dense_endpoint_cache/C01/endpoint_C01_VT_E044.rds	2168825	2026-08-29T17:54:21-0400	254f10b603ec12af55e4693ca3eeb5be757576bd3f62e961d07ed292c70ebc4e	clean
revised/iteration4/data/Figures/Figure6/figure6_invitro_dense_endpoint_cache/C01/endpoint_C01_VT_E045.rds	2169596	2026-08-29T17:54:28-0400	d3cce94eb720b0a1fa63316a4c79b95a2244362890965c98d05720ba38307f55	clean
revised/iteration4/data/Figures/Figure6/figure6_invitro_dense_endpoint_cache/C01/endpoint_C01_VT_E046.rds	2169128	2026-08-29T17:54:04-0400	b7b0a605e80551eb6b8f09c891f1f1d35d4d5c86be1c07222f4258f47a51611c	clean
revised/iteration4/data/Figures/Figure6/figure6_invitro_dense_endpoint_cache/C01/endpoint_C01_VT_E047.rds	2168996	2026-08-29T17:54:18-0400	cd058eb788433397b994e828717536dcbb741fa4eb6580d6b5a68d7240d119aa	clean
revised/iteration4/data/Figures/Figure6/figure6_invitro_dense_endpoint_cache/C01/endpoint_C01_VT_E048.rds	2168839	2026-08-29T17:54:17-0400	8a8aae529dd9f9cda78053583fa037a3a69e0ec439f89ed6eca63f986fcc5c87	clean
revised/iteration4/data/Figures/Figure6/figure6_invitro_dense_endpoint_cache/C01/endpoint_C01_VT_E049.rds	2168923	2026-08-29T17:54:16-0400	50f56a002d8654e495663b3ebd1dae7e69fc5aaba62e3e87414e1c593041a72f	clean
revised/iteration4/data/Figures/Figure6/figure6_invitro_dense_endpoint_cache/C01/endpoint_C01_VT_E050.rds	2169193	2026-08-29T17:54:14-0400	3f01b394516dbfd1704440337454c95f505f341939b3c8f514f5252178754df7	clean
revised/iteration4/data/Figures/Figure6/figure6_invitro_dense_endpoint_cache/C02/endpoint_C02_VT_E001.rds	2169151	2026-08-29T17:54:21-0400	1c45b5f70f6e309aebfa5f859a846370c07a9b9dc9caaf76093bc8855d778f7a	clean
revised/iteration4/data/Figures/Figure6/figure6_invitro_dense_endpoint_cache/C02/endpoint_C02_VT_E002.rds	2169015	2026-08-29T17:54:11-0400	ae5af210e4d94842a271d9505c84b24c6a8a778ff46f16f80911d21aeda84685	clean
revised/iteration4/data/Figures/Figure6/figure6_invitro_dense_endpoint_cache/C02/endpoint_C02_VT_E003.rds	2169338	2026-08-29T17:54:13-0400	a067c8acab8cd629bd8c9c52f947359a94a2d8d1a0d7e63fde8ee7d0ba33811e	clean
revised/iteration4/data/Figures/Figure6/figure6_invitro_dense_endpoint_cache/C02/endpoint_C02_VT_E004.rds	2169014	2026-08-29T17:54:12-0400	c5d0121e15811c49916c3a4a99c5cc6778690a52b3308f2bcd4d6180afc98585	clean
revised/iteration4/data/Figures/Figure6/figure6_invitro_dense_endpoint_cache/C02/endpoint_C02_VT_E005.rds	2169502	2026-08-29T17:54:16-0400	58d18e9e9b670fa1669fbe2d7a00df440633aca6e98e73328c48d60fbc9c40ed	clean
revised/iteration4/data/Figures/Figure6/figure6_invitro_dense_endpoint_cache/C02/endpoint_C02_VT_E006.rds	2168983	2026-08-29T17:54:18-0400	df44190ceb10867e2a8e9a66ca0524e4740a5b5df2e6bc411b3ec3efe61a6869	clean
revised/iteration4/data/Figures/Figure6/figure6_invitro_dense_endpoint_cache/C02/endpoint_C02_VT_E007.rds	2169008	2026-08-29T18:11:49-0400	d62ac391279cc69daaf0f4fac209f3b824c3370564c33958e8c9e7e06b403ae9	clean
revised/iteration4/data/Figures/Figure6/figure6_invitro_dense_endpoint_cache/C02/endpoint_C02_VT_E008.rds	2169155	2026-08-29T18:11:47-0400	66ca24069d25c018e3bdaec30596012f050d8450520706c5241e6c44492e070d	clean
revised/iteration4/data/Figures/Figure6/figure6_invitro_dense_endpoint_cache/C02/endpoint_C02_VT_E009.rds	2168768	2026-08-29T18:11:46-0400	87b5fc946cde15a9d8bd4ea55a0ae1e79ba8cf416c0bb7d635398f036f6ab73e	clean
revised/iteration4/data/Figures/Figure6/figure6_invitro_dense_endpoint_cache/C02/endpoint_C02_VT_E010.rds	2169369	2026-08-29T18:11:45-0400	95983c55bb8c5aab1233776dca300f62318c91e465226896bbb376ce6a8c5430	clean
revised/iteration4/data/Figures/Figure6/figure6_invitro_dense_endpoint_cache/C02/endpoint_C02_VT_E011.rds	2169349	2026-08-29T18:12:24-0400	f430d7d583f0652336dcdf13c42112df1fac5ff80f29f95f5bedfd271704939c	clean
revised/iteration4/data/Figures/Figure6/figure6_invitro_dense_endpoint_cache/C02/endpoint_C02_VT_E012.rds	2169570	2026-08-29T18:11:50-0400	13781ce4053cadb768250f7796d6e450bd6c7c2383ebcd6682e048e4fa46325a	clean
revised/iteration4/data/Figures/Figure6/figure6_invitro_dense_endpoint_cache/C02/endpoint_C02_VT_E013.rds	2169273	2026-08-29T18:11:49-0400	be5d71cc61495f53222263339a4d2dd6f8a3aededc1ac466593c3c17085f6a1c	clean
revised/iteration4/data/Figures/Figure6/figure6_invitro_dense_endpoint_cache/C02/endpoint_C02_VT_E014.rds	2169163	2026-08-29T18:11:50-0400	bed6aaf9f02a94667fbc4f36bfd07e2ad348b33deb34916a24a1e63206cd1fca	clean
revised/iteration4/data/Figures/Figure6/figure6_invitro_dense_endpoint_cache/C02/endpoint_C02_VT_E015.rds	2169156	2026-08-29T18:11:52-0400	2930072779b1eecc72c6bc7acdc718cd118171ecfa3823bdf7f301bbaf7ef069	clean
revised/iteration4/data/Figures/Figure6/figure6_invitro_dense_endpoint_cache/C02/endpoint_C02_VT_E016.rds	2169087	2026-08-29T18:11:51-0400	5e82c0059a258fa709275cf53d0bce21078a83fdcd39ad91682fa15132edb95b	clean
revised/iteration4/data/Figures/Figure6/figure6_invitro_dense_endpoint_manifest.tsv	7331	2026-08-29T17:34:28-0400	3f6ea02c8e5118d5e14995db7e4218de003f4acf77266cafda6e62eb965734b9	clean
revised/iteration4/data/Figures/Figure6/figure6_invitro_dense_endpoint_qc.tsv	18716	2026-08-29T18:12:43-0400	8389c3ec32a1a678c9012b96922115820da8ac8d10007c9ce371a4631e3d0372	clean
revised/iteration4/data/Figures/Figure6/figure6_invitro_dense_validation.tsv	153	2026-08-29T18:12:43-0400	2ab8880a5ce7e3f271d7f9ddee46031f4f4e2ddb655789d4ba3af03f62f00a50	clean
revised/iteration4/data/Figures/Figure6/figure6_invitro_fixed_p_curve_family.tsv	45420676	2026-08-29T18:12:43-0400	5aee98b7aca6ea6ab13146d6a80f4325f474bd84e14fcf8a0b7573f84f5ed88e	clean
revised/iteration4/data/Figures/Figure6/figure6_invitro_inverse_class_summary.tsv	611	2026-08-29T18:12:57-0400	114b8269e98cbecf073ccc8ee49b271fafd08d4f450fecffd0493ae4745626a8	clean
revised/iteration4/data/Figures/Figure6/figure6_invitro_inverse_endpoint_cache/C01/inverse_C01_VT_E001.rds	287028	2026-08-29T18:12:47-0400	67248ef915398ad68b9b880ad125ff1c787d13832135b7ec667127d17b23837f	clean
revised/iteration4/data/Figures/Figure6/figure6_invitro_inverse_endpoint_cache/C01/inverse_C01_VT_E002.rds	288444	2026-08-29T18:12:47-0400	6303f29242c6370ff325b45d7c32aaea00d80a563269905e3c08127368b31c88	clean
revised/iteration4/data/Figures/Figure6/figure6_invitro_inverse_endpoint_cache/C01/inverse_C01_VT_E003.rds	281108	2026-08-29T18:12:47-0400	e2ecdc1ae11c9fba9b96a304bef2156f752ac7cac425e34b3fb7978536ae7c6b	clean
revised/iteration4/data/Figures/Figure6/figure6_invitro_inverse_endpoint_cache/C01/inverse_C01_VT_E004.rds	281380	2026-08-29T18:12:47-0400	41296e0f70df0f370d21df0c1f86220aa412d186a75318735a2a50627153ad57	clean
revised/iteration4/data/Figures/Figure6/figure6_invitro_inverse_endpoint_cache/C01/inverse_C01_VT_E005.rds	282100	2026-08-29T18:12:47-0400	fbb976d03dc307e433ca2d07e15200180ed5cd319e5c250d2681a00548ce832f	clean
revised/iteration4/data/Figures/Figure6/figure6_invitro_inverse_endpoint_cache/C01/inverse_C01_VT_E006.rds	294684	2026-08-29T18:12:47-0400	8c577962160c3581964e1f5b3ae80039c6ae3e79de98d2cd8baf8472f2b8edca	clean
revised/iteration4/data/Figures/Figure6/figure6_invitro_inverse_endpoint_cache/C01/inverse_C01_VT_E007.rds	283656	2026-08-29T18:12:47-0400	8ac056236f740b39783382ed9e565e640ffda98abcd81e8306c0e0b10a7161c3	clean
revised/iteration4/data/Figures/Figure6/figure6_invitro_inverse_endpoint_cache/C01/inverse_C01_VT_E008.rds	281536	2026-08-29T18:12:47-0400	097529a6bba8590c36234e56bca7f77caeee0f57f46990a16e846fedda812cfe	clean
revised/iteration4/data/Figures/Figure6/figure6_invitro_inverse_endpoint_cache/C01/inverse_C01_VT_E009.rds	281428	2026-08-29T18:12:47-0400	8998de61ac7ffa6a7e8d5fb993d7930ad77a4526e72077ffb7aeedb50af5d28d	clean
revised/iteration4/data/Figures/Figure6/figure6_invitro_inverse_endpoint_cache/C01/inverse_C01_VT_E010.rds	284408	2026-08-29T18:12:47-0400	39081b76b41d2329ad0e07134f070bb74193cee4608e82f33fbe535c76a6aa8e	clean
revised/iteration4/data/Figures/Figure6/figure6_invitro_inverse_endpoint_cache/C01/inverse_C01_VT_E011.rds	283740	2026-08-29T18:12:47-0400	758fb2c5f80eb107320cec56525cf60fd792d144845b295c0d3332f123af0b03	clean
revised/iteration4/data/Figures/Figure6/figure6_invitro_inverse_endpoint_cache/C01/inverse_C01_VT_E012.rds	281612	2026-08-29T18:12:47-0400	bac54b16a86895b7f8472ec08e47be4afa34b47bb5378a74795b3c7e91a0cf84	clean
revised/iteration4/data/Figures/Figure6/figure6_invitro_inverse_endpoint_cache/C01/inverse_C01_VT_E013.rds	283320	2026-08-29T18:12:47-0400	ed7f58dd1dea2888ae8f8a1ade5d70271f771199ed9fac5cc0e5771581892360	clean
revised/iteration4/data/Figures/Figure6/figure6_invitro_inverse_endpoint_cache/C01/inverse_C01_VT_E014.rds	283128	2026-08-29T18:12:47-0400	f920481352ed2c8e2927f8cc7e62083da2384a91eed529c201be49535e066032	clean
revised/iteration4/data/Figures/Figure6/figure6_invitro_inverse_endpoint_cache/C01/inverse_C01_VT_E015.rds	284464	2026-08-29T18:12:47-0400	cb2aff752446e802ee12ac19a6736da8766ed86bf5aac304da712b1d4fd3ecac	clean
revised/iteration4/data/Figures/Figure6/figure6_invitro_inverse_endpoint_cache/C01/inverse_C01_VT_E016.rds	284376	2026-08-29T18:12:47-0400	1a1c26ca926ae5c67e0bacd3489103b6ca8a8661c72fde0de1564a803f1d54f7	clean
revised/iteration4/data/Figures/Figure6/figure6_invitro_inverse_endpoint_cache/C01/inverse_C01_VT_E017.rds	284352	2026-08-29T18:12:47-0400	c53532c6465ebca3a2ac3a6eddddcf4a755f33833eea2e2a16db4fabdcca80c9	clean
revised/iteration4/data/Figures/Figure6/figure6_invitro_inverse_endpoint_cache/C01/inverse_C01_VT_E018.rds	283876	2026-08-29T18:12:47-0400	fcaa1f70aac6ca68600ab5db5999d2d5239ca2e58124a882f76591c1c4b467f7	clean
revised/iteration4/data/Figures/Figure6/figure6_invitro_inverse_endpoint_cache/C01/inverse_C01_VT_E019.rds	280944	2026-08-29T18:12:47-0400	43312819bb0c92a33197cfbb0dc35f1e984640cc57aa19017bce939f0b5867be	clean
revised/iteration4/data/Figures/Figure6/figure6_invitro_inverse_endpoint_cache/C01/inverse_C01_VT_E020.rds	285100	2026-08-29T18:12:47-0400	45b79fd05b483d737ff065592a6eae2bd8b3e25836c9637136c019c20f0ef1bd	clean
revised/iteration4/data/Figures/Figure6/figure6_invitro_inverse_endpoint_cache/C01/inverse_C01_VT_E021.rds	286296	2026-08-29T18:12:47-0400	7efe1e2900e85e5e5729a011cb31591e19b8aa7c89b28518280623d98a6b50f6	clean
revised/iteration4/data/Figures/Figure6/figure6_invitro_inverse_endpoint_cache/C01/inverse_C01_VT_E022.rds	282592	2026-08-29T18:12:47-0400	49f6eb2cd16bcc3790f128262c4274c8365754023c1f013d6874a4b89d6c9dac	clean
revised/iteration4/data/Figures/Figure6/figure6_invitro_inverse_endpoint_cache/C01/inverse_C01_VT_E023.rds	282692	2026-08-29T18:12:47-0400	6ad90a1bb97fe9ac8918a12f984b7d19ac99a66fba4bcbe7973822fb9aeeb8a6	clean
revised/iteration4/data/Figures/Figure6/figure6_invitro_inverse_endpoint_cache/C01/inverse_C01_VT_E024.rds	292984	2026-08-29T18:12:47-0400	7f637140825ef0658665c7865689b3b525f8560ed146d186c2841667c0e43b8c	clean
revised/iteration4/data/Figures/Figure6/figure6_invitro_inverse_endpoint_cache/C01/inverse_C01_VT_E025.rds	281316	2026-08-29T18:12:47-0400	f190819951b1ee6f222d7b02b371ce063cd0a6162e93e91394d993816ea0d722	clean
revised/iteration4/data/Figures/Figure6/figure6_invitro_inverse_endpoint_cache/C01/inverse_C01_VT_E026.rds	281140	2026-08-29T18:12:47-0400	df2d3dd2741794f1514fd0b6c04149e7f92e2e2fcb5daad6b7a613d7e2975b0d	clean
revised/iteration4/data/Figures/Figure6/figure6_invitro_inverse_endpoint_cache/C01/inverse_C01_VT_E027.rds	281444	2026-08-29T18:12:47-0400	b0df1aae7bd28860fd6b2e197e5866a03406ffdfbb930ad06337d58b85f999ac	clean
revised/iteration4/data/Figures/Figure6/figure6_invitro_inverse_endpoint_cache/C01/inverse_C01_VT_E028.rds	281376	2026-08-29T18:12:47-0400	173db220c4093f21b9d873c4a64b46630556d6fd717fe33a1baec061a67ed848	clean
revised/iteration4/data/Figures/Figure6/figure6_invitro_inverse_endpoint_cache/C01/inverse_C01_VT_E029.rds	284424	2026-08-29T18:12:47-0400	60fcd1a285ce693d59764bdba7d252f538f71ed9fb08329be87e4e3435855761	clean
revised/iteration4/data/Figures/Figure6/figure6_invitro_inverse_endpoint_cache/C01/inverse_C01_VT_E030.rds	287680	2026-08-29T18:12:47-0400	0fe52a683fb83f14336a3eb92974a1652af4cd8119589ade14758f582e087309	clean
revised/iteration4/data/Figures/Figure6/figure6_invitro_inverse_endpoint_cache/C01/inverse_C01_VT_E031.rds	292636	2026-08-29T18:12:47-0400	6af6d5d3d4a7e0ef4575d8bb8daf0a961765b77ab810b0f2da2687ff92192ebb	clean
revised/iteration4/data/Figures/Figure6/figure6_invitro_inverse_endpoint_cache/C01/inverse_C01_VT_E032.rds	293092	2026-08-29T18:12:47-0400	b073d36115d6ae83f8364b039a5e8a620142d555d8a529f52ded272ba66ffb43	clean
revised/iteration4/data/Figures/Figure6/figure6_invitro_inverse_endpoint_cache/C01/inverse_C01_VT_E033.rds	288392	2026-08-29T18:12:47-0400	f61d60a76b786f07606018a2f883ffed76da6e8d4aa9cf1c0b81904bf789749c	clean
revised/iteration4/data/Figures/Figure6/figure6_invitro_inverse_endpoint_cache/C01/inverse_C01_VT_E034.rds	284212	2026-08-29T18:12:47-0400	0b31778aa0ff18ec6e53a563244feae43a19f4f8a9fc75517918730a40882297	clean
revised/iteration4/data/Figures/Figure6/figure6_invitro_inverse_endpoint_cache/C01/inverse_C01_VT_E035.rds	282056	2026-08-29T18:12:47-0400	78496d7238d27a3855239a3244207adb49200ed91fa18bbc230d0bdc43177833	clean
revised/iteration4/data/Figures/Figure6/figure6_invitro_inverse_endpoint_cache/C01/inverse_C01_VT_E036.rds	281840	2026-08-29T18:12:47-0400	3971c6ce8f45e884ada1555246b572db316334bbea3f9fd9dd54a36b299fd4f8	clean
revised/iteration4/data/Figures/Figure6/figure6_invitro_inverse_endpoint_cache/C01/inverse_C01_VT_E037.rds	282264	2026-08-29T18:12:47-0400	385f2acd5ed5104b8323c6692b08000394e3860adf625008ba69905b0f8cf5f4	clean
revised/iteration4/data/Figures/Figure6/figure6_invitro_inverse_endpoint_cache/C01/inverse_C01_VT_E038.rds	285692	2026-08-29T18:12:47-0400	ae43099bdc9781424bc7018b7530ca13435e7b36d0bdcfac5ae395d98d228aac	clean
revised/iteration4/data/Figures/Figure6/figure6_invitro_inverse_endpoint_cache/C01/inverse_C01_VT_E039.rds	285076	2026-08-29T18:12:47-0400	edbd379f065b8d0e918ac72bb5670ae51d23c057e7625da43c6b88841c7a1142	clean
revised/iteration4/data/Figures/Figure6/figure6_invitro_inverse_endpoint_cache/C01/inverse_C01_VT_E040.rds	282344	2026-08-29T18:12:47-0400	f9da7c09b4fef36633f6d9f1346b36a8a43eb465d53e2e6738424b7d0a0ef9e7	clean
revised/iteration4/data/Figures/Figure6/figure6_invitro_inverse_endpoint_cache/C01/inverse_C01_VT_E041.rds	281856	2026-08-29T18:12:47-0400	5e45983e5449fe96c9a8a87777f979a431190a4a18162510be9d791b0b3573bc	clean
revised/iteration4/data/Figures/Figure6/figure6_invitro_inverse_endpoint_cache/C01/inverse_C01_VT_E042.rds	286248	2026-08-29T18:12:47-0400	283e248b921e9384199f00c4c2ee225d655d95473bbeacb2db6a24d4e40ced09	clean
revised/iteration4/data/Figures/Figure6/figure6_invitro_inverse_endpoint_cache/C01/inverse_C01_VT_E043.rds	292868	2026-08-29T18:12:47-0400	e990f5f9c6b77372465ec60503a473bb9baf6ee5b6ce2850eb8100792b405253	clean
revised/iteration4/data/Figures/Figure6/figure6_invitro_inverse_endpoint_cache/C01/inverse_C01_VT_E044.rds	292368	2026-08-29T18:12:47-0400	a3ba79788af8fc94e92f724fd167ddd88cdab25775593204c7cc9fd1d4531ff4	clean
revised/iteration4/data/Figures/Figure6/figure6_invitro_inverse_endpoint_cache/C01/inverse_C01_VT_E045.rds	285628	2026-08-29T18:12:47-0400	8791ed0ceb652f403027479ca29dc924b0be82aa2a2d2da578ec5c22b6fe6d86	clean
revised/iteration4/data/Figures/Figure6/figure6_invitro_inverse_endpoint_cache/C01/inverse_C01_VT_E046.rds	281140	2026-08-29T18:12:47-0400	4ee44a490274eab2a758807ae907c59eb117aafb6a0d573c1ce79364f759a332	clean
revised/iteration4/data/Figures/Figure6/figure6_invitro_inverse_endpoint_cache/C01/inverse_C01_VT_E047.rds	281056	2026-08-29T18:12:47-0400	3fe44efec37faf2c920a08df84c7d632f678cae4c72b5813150a92d850322e32	clean
revised/iteration4/data/Figures/Figure6/figure6_invitro_inverse_endpoint_cache/C01/inverse_C01_VT_E048.rds	282904	2026-08-29T18:12:47-0400	c41703569ebb0f3db57b8910c3d00c0b1097a7990f4c21251cf8d9afffed5958	clean
revised/iteration4/data/Figures/Figure6/figure6_invitro_inverse_endpoint_cache/C01/inverse_C01_VT_E049.rds	281120	2026-08-29T18:12:47-0400	be6ebd338f26d9242078d66831d286fbd42061e660ce44435c9dbe716afa57dd	clean
revised/iteration4/data/Figures/Figure6/figure6_invitro_inverse_endpoint_cache/C01/inverse_C01_VT_E050.rds	293140	2026-08-29T18:12:47-0400	233bb5c8381b856111e88bee03168ef8f10bc525c61d3b41e2689ad6933582b1	clean
revised/iteration4/data/Figures/Figure6/figure6_invitro_inverse_endpoint_cache/C02/inverse_C02_VT_E001.rds	287732	2026-08-29T18:12:47-0400	1a969fb99fd8825cea397a26b6ff8114778f347d1c7cf420afeeea147bf204af	clean
revised/iteration4/data/Figures/Figure6/figure6_invitro_inverse_endpoint_cache/C02/inverse_C02_VT_E002.rds	283992	2026-08-29T18:12:47-0400	83c045fd69846b95855443ba9bea39dc38c265fdde12874c8e2646030689ffb5	clean
revised/iteration4/data/Figures/Figure6/figure6_invitro_inverse_endpoint_cache/C02/inverse_C02_VT_E003.rds	282640	2026-08-29T18:12:47-0400	db34fb57d5e9c428a47457b3192d7bdb78fd7938ac3762365141211b36de9e7b	clean
revised/iteration4/data/Figures/Figure6/figure6_invitro_inverse_endpoint_cache/C02/inverse_C02_VT_E004.rds	283696	2026-08-29T18:12:47-0400	eb52f2dc80e50fb0a5f04eb8a31c3c9ac266672bfe30229b7d2258b0d09ed6f6	clean
revised/iteration4/data/Figures/Figure6/figure6_invitro_inverse_endpoint_cache/C02/inverse_C02_VT_E005.rds	283080	2026-08-29T18:12:47-0400	f8b1c843ef02c5ea7bbbb35f2815934d2ba270918cb7fc49aee30e93ac4f7570	clean
revised/iteration4/data/Figures/Figure6/figure6_invitro_inverse_endpoint_cache/C02/inverse_C02_VT_E006.rds	284184	2026-08-29T18:12:47-0400	b2246bb7f8b76ee330065e1019de6b7a3631479c3ba8cac648224d1f5e5a59d6	clean
revised/iteration4/data/Figures/Figure6/figure6_invitro_inverse_endpoint_cache/C02/inverse_C02_VT_E007.rds	286956	2026-08-29T18:12:48-0400	21d235cc185f5ee07b04a4d68a9e085318695045682a3997046630d40a7bae73	clean
revised/iteration4/data/Figures/Figure6/figure6_invitro_inverse_endpoint_cache/C02/inverse_C02_VT_E008.rds	292624	2026-08-29T18:12:48-0400	9519e6a7a048abd436964514edf6a1d4b7081fcdc89625c4862d67bd21da1d46	clean
revised/iteration4/data/Figures/Figure6/figure6_invitro_inverse_endpoint_cache/C02/inverse_C02_VT_E009.rds	285680	2026-08-29T18:12:48-0400	51ec8e83035e3dc86d2812b598cd1d04855883fda5dfaab0e8a486cdd9ed45bc	clean
revised/iteration4/data/Figures/Figure6/figure6_invitro_inverse_endpoint_cache/C02/inverse_C02_VT_E010.rds	282956	2026-08-29T18:12:48-0400	87958b6f95c9158a3eb8b24a1c6fcdfb3389ebd79ca92159041666fe7a59314f	clean
revised/iteration4/data/Figures/Figure6/figure6_invitro_inverse_endpoint_cache/C02/inverse_C02_VT_E011.rds	284384	2026-08-29T18:12:48-0400	f0c44d13f117e4514a951eb6c0f88cc0ce1c1344918864b006060d5bdbb34d86	clean
revised/iteration4/data/Figures/Figure6/figure6_invitro_inverse_endpoint_cache/C02/inverse_C02_VT_E012.rds	283924	2026-08-29T18:12:49-0400	1b0fd5d8cb51ca88e3ed2e9955d1d9edc77a3c24e2e77892e83cb4194e65ffe6	clean
revised/iteration4/data/Figures/Figure6/figure6_invitro_inverse_endpoint_cache/C02/inverse_C02_VT_E013.rds	292924	2026-08-29T18:12:49-0400	a9a92d98fa15bcf389aa13872ddda0ff6257bf1063aae02f4044a43d3e609747	clean
revised/iteration4/data/Figures/Figure6/figure6_invitro_inverse_endpoint_cache/C02/inverse_C02_VT_E014.rds	284688	2026-08-29T18:12:49-0400	0924186839dd336a8df1253939a0eaadc19af4e0dbc388d7264e83a139c60c5c	clean
revised/iteration4/data/Figures/Figure6/figure6_invitro_inverse_endpoint_cache/C02/inverse_C02_VT_E015.rds	292404	2026-08-29T18:12:49-0400	d486e911dbf6dc5ccbf1b83f16ffb3f65c39ff586a2d9e15552e6f91fc1cb5e0	clean
revised/iteration4/data/Figures/Figure6/figure6_invitro_inverse_endpoint_cache/C02/inverse_C02_VT_E016.rds	280616	2026-08-29T18:12:49-0400	f4ffdc5734986e0710733d9ec80f09e37c23e4874e293058a92956c47b9b63c2	clean
revised/iteration4/data/Figures/Figure6/figure6_invitro_inverse_endpoint_manifest.tsv	16927	2026-08-29T18:12:57-0400	cae6685e8d495f2534646c263a76d15270b895a95890ba1d9e6597bfc2dd9a7c	clean
revised/iteration4/data/Figures/Figure6/figure6_invitro_inverse_endpoint_qc.tsv	19278	2026-08-29T18:12:49-0400	42e2e3b4a85ace102b990a967f6f2c4afef05b458a46585583f2613e7cd64134	clean
revised/iteration4/data/Figures/Figure6/figure6_invitro_inverse_ploidy4_anchor_summary.tsv	1107	2026-08-29T18:12:57-0400	7da87ada8533e405505455d824db34456212a13300a7bf6852167570442c4736	clean
revised/iteration4/data/Figures/Figure6/figure6_invitro_inverse_response_summary.tsv	21781009	2026-08-29T18:12:57-0400	5f7aa9a51dd1e2594ec24c9cd9bd2e0162f953ca774a5c5984eefb91deb16106	clean
revised/iteration4/data/Figures/Figure6/figure6_invitro_inverse_validation.tsv	641	2026-08-29T18:12:57-0400	1f3c25332d344cc7a753e27c7516bba5fea4bca5a0437730460ff02fc2058863	clean
revised/iteration4/data/Figures/Figure6/figure6d_dense_endpoint_cache/.DS_Store	6148	2026-08-30T12:21:12-0400	daf0a80d7f7453e7d083f03caeac7c19a0165d44ee3985047e7aef0219eca788	clean
revised/iteration4/data/Figures/Figure6/figure6d_dense_endpoint_cache/C01/endpoint_C01_E001_seed94.rds	2135343	2026-08-29T17:04:55-0400	d64c6b545cb1622fac7effd14fe93c62f873c73ff26df391ecda6cbbe4af38d0	clean
revised/iteration4/data/Figures/Figure6/figure6d_dense_endpoint_cache/C01/endpoint_C01_E002_seed55.rds	2135039	2026-08-29T17:04:55-0400	62afb9b111112a4eb72fb2f85f7b6d791fd7d7b622354eacdf926baa1b1884f0	clean
revised/iteration4/data/Figures/Figure6/figure6d_dense_endpoint_cache/C01/endpoint_C01_E003_seed457.rds	2136002	2026-08-29T17:04:58-0400	147aecbe43f6c6302cdd5bff1ca9f0e168679e167d0becb560d5633d09fa5c59	clean
revised/iteration4/data/Figures/Figure6/figure6d_dense_endpoint_cache/C01/endpoint_C01_E004_seed213.rds	2135410	2026-08-29T17:04:54-0400	e62b3146280b0383355580a6f17b95b7ce12a449343248bc7ae7265e9fb4e063	clean
revised/iteration4/data/Figures/Figure6/figure6d_dense_endpoint_cache/C01/endpoint_C01_E005_seed495.rds	2135686	2026-08-29T17:04:54-0400	e5995323843e7ee6d6caf3135721c35644e7f81b0e6d5186d16db025f9106968	clean
revised/iteration4/data/Figures/Figure6/figure6d_dense_endpoint_cache/C01/endpoint_C01_E006_seed327.rds	2136074	2026-08-29T17:05:02-0400	aa8942b6ff992e10afb10bf816cc08a5551db6a4035a7c214ee297ee53e55489	clean
revised/iteration4/data/Figures/Figure6/figure6d_dense_endpoint_cache/C01/endpoint_C01_E007_seed78.rds	2135835	2026-08-29T17:05:07-0400	f430a2ac79c659e8e751c6d398e3fc0a8e5e8ddbfe904ab386cbf70cf0210772	clean
revised/iteration4/data/Figures/Figure6/figure6d_dense_endpoint_cache/C01/endpoint_C01_E008_seed4.rds	2135737	2026-08-29T17:04:54-0400	f0b212bd837712e7f4e149f59fcddd5b58078dcc4613024bdca66aaf6de4f508	clean
revised/iteration4/data/Figures/Figure6/figure6d_dense_endpoint_cache/C01/endpoint_C01_E009_seed183.rds	2135041	2026-08-29T17:04:55-0400	daa9fcbd79efd1758f57888ec91513c633748c9cfcb973e1f563ced023511b82	clean
revised/iteration4/data/Figures/Figure6/figure6d_dense_endpoint_cache/C01/endpoint_C01_E010_seed120.rds	2135674	2026-08-29T17:04:51-0400	58e3a0d066f1824cb5c3c235cbe93a7bc1476f3d8dd2763d613a7ee2674e7d89	clean
revised/iteration4/data/Figures/Figure6/figure6d_dense_endpoint_cache/C01/endpoint_C01_E011_seed243.rds	2135470	2026-08-29T17:04:57-0400	27881da70754a355ba56ff10141dc760eb48e334332f75bc8bc943ba22dd97c1	clean
revised/iteration4/data/Figures/Figure6/figure6d_dense_endpoint_cache/C01/endpoint_C01_E012_seed475.rds	2135711	2026-08-29T17:04:55-0400	54d000c3cc8589f138d1e71a614344a71595c4c7c8c465c7e0b605b117c67b80	clean
revised/iteration4/data/Figures/Figure6/figure6d_dense_endpoint_cache/C01/endpoint_C01_E013_seed247.rds	2135597	2026-08-29T17:05:09-0400	457474264ee891dbbfdfeb6d9c8928f6ea7eee4baefb61c91ee7916323a16904	clean
revised/iteration4/data/Figures/Figure6/figure6d_dense_endpoint_cache/C01/endpoint_C01_E014_seed404.rds	2135744	2026-08-29T17:05:05-0400	83d2843c2062eb6fbce7423f76b8b21145d92a878741b129b6a30d9d309f29e2	clean
revised/iteration4/data/Figures/Figure6/figure6d_dense_endpoint_cache/C01/endpoint_C01_E015_seed162.rds	2135459	2026-08-29T17:05:05-0400	872e3b3f7a9998724326305ee16034d4c70b1f07b50350fdc0285035916f04e1	clean
revised/iteration4/data/Figures/Figure6/figure6d_dense_endpoint_cache/C01/endpoint_C01_E016_seed210.rds	2135373	2026-08-29T17:04:57-0400	dac5a85c85fb8d9d4f19bb7000595a538309f298597aef2327858fe8c3b89b6a	clean
revised/iteration4/data/Figures/Figure6/figure6d_dense_endpoint_cache/C01/endpoint_C01_E017_seed5.rds	2135072	2026-08-29T17:05:03-0400	7321bd6ef3e6f668b1e3b25b607c3217eb3279e18b15fcc5ddb088c2fe75cc52	clean
revised/iteration4/data/Figures/Figure6/figure6d_dense_endpoint_cache/C01/endpoint_C01_E018_seed49.rds	2133837	2026-08-29T17:04:50-0400	3ba4afa6f649841b942f9fc4414074e7c00f13e68a5139aac99d0b638b9f4290	clean
revised/iteration4/data/Figures/Figure6/figure6d_dense_endpoint_cache/C01/endpoint_C01_E019_seed98.rds	2133938	2026-08-29T17:04:57-0400	3b8db95200d874fb36c74ae38c9e33cbe0402e0333bc156b084ac9d2f642d704	clean
revised/iteration4/data/Figures/Figure6/figure6d_dense_endpoint_cache/C01/endpoint_C01_E020_seed88.rds	2135804	2026-08-29T17:05:03-0400	8725c8fcf213b762b867bad13cad65e09a1fabe891d4c0e1a507d0de979cd614	clean
revised/iteration4/data/Figures/Figure6/figure6d_dense_endpoint_cache/C01/endpoint_C01_E021_seed398.rds	2135956	2026-08-29T17:05:09-0400	f0cd3d3d1571509411fcf533596ddc2d0bbfacaf1e7c674720d2f262e2f0dd94	clean
revised/iteration4/data/Figures/Figure6/figure6d_dense_endpoint_cache/C01/endpoint_C01_E022_seed159.rds	2136195	2026-08-29T17:05:04-0400	003a2b65a3451a08efc61e31720791d4395e38dde4f989154bf7d225219179b0	clean
revised/iteration4/data/Figures/Figure6/figure6d_dense_endpoint_cache/C01/endpoint_C01_E023_seed470.rds	2135797	2026-08-29T17:05:20-0400	b6fff8f750c55c555ea0ee05b265d61684cf4753e0886f7a645ff98795c995e8	clean
revised/iteration4/data/Figures/Figure6/figure6d_dense_endpoint_cache/C01/endpoint_C01_E024_seed105.rds	2135192	2026-08-29T17:04:59-0400	9e63b728aec3f23210fe10f83633cbda0d843ea0293bd5a18524777d2d74fcfd	clean
revised/iteration4/data/Figures/Figure6/figure6d_dense_endpoint_cache/C01/endpoint_C01_E025_seed326.rds	2135039	2026-08-29T17:05:02-0400	759b2047b043910ce693b27c1e951c8181f0ef27de85a6b4d79e27010359e0e0	clean
revised/iteration4/data/Figures/Figure6/figure6d_dense_endpoint_cache/C01/endpoint_C01_E026_seed383.rds	2135558	2026-08-29T17:05:06-0400	6d3b9d1ff006403f69127e6c05884549011f50530921b935253bbf8fe78cc17a	clean
revised/iteration4/data/Figures/Figure6/figure6d_dense_endpoint_cache/C01/endpoint_C01_E027_seed244.rds	2135528	2026-08-29T17:05:03-0400	6e18b31454c0cc588c45da2885026a69dc2f6cb6ea35c3a28f3c5bc9df5fda2c	clean
revised/iteration4/data/Figures/Figure6/figure6d_dense_endpoint_cache/C01/endpoint_C01_E028_seed395.rds	2135040	2026-08-29T17:05:02-0400	c04b98e5ac95481bc98bcdaca494a49af534ed29450e38389cfdc5cc73da8244	clean
revised/iteration4/data/Figures/Figure6/figure6d_dense_endpoint_cache/C01/endpoint_C01_E029_seed103.rds	2135040	2026-08-29T17:05:06-0400	23465ead46244e1fe3c0db60f8917182a5722e9cdd4493588778bd1c0fc482fe	clean
revised/iteration4/data/Figures/Figure6/figure6d_dense_endpoint_cache/C01/endpoint_C01_E030_seed406.rds	2135039	2026-08-29T17:05:05-0400	4e49fa0555d5537fdb3538c1820e7903e6ea81c32fc89cdb1df221478f28ca02	clean
revised/iteration4/data/Figures/Figure6/figure6d_dense_endpoint_cache/C01/endpoint_C01_E031_seed215.rds	2135550	2026-08-29T17:05:02-0400	f3812197653d2ca5ca43a4caf47fabb4f5dcf84d598cb78ba52d37029d3054b2	clean
revised/iteration4/data/Figures/Figure6/figure6d_dense_endpoint_cache/C01/endpoint_C01_E032_seed155.rds	2135635	2026-08-29T17:05:00-0400	a64a1f75d3976937a117e40421294c4001dc74fabefdb927769c8efb6eb22e76	clean
revised/iteration4/data/Figures/Figure6/figure6d_dense_endpoint_cache/C01/endpoint_C01_E033_seed195.rds	2135037	2026-08-29T17:05:02-0400	ee59519f4ec73c200fa9ff9fe925aae188d4b35add2b4e2bbf7436bc65d5e466	clean
revised/iteration4/data/Figures/Figure6/figure6d_dense_endpoint_cache/C01/endpoint_C01_E034_seed309.rds	2135823	2026-08-29T17:04:55-0400	6f137200c5faf8316e13bee48298d938fa9422f218a8fdf153f49bd504ccd53a	clean
revised/iteration4/data/Figures/Figure6/figure6d_dense_endpoint_cache/C01/endpoint_C01_E035_seed331.rds	2135699	2026-08-29T17:05:00-0400	2ef824de354d6141c76b079315a3fbae7583d57c3654fb7549d17fc5653e239e	clean
revised/iteration4/data/Figures/Figure6/figure6d_dense_endpoint_cache/C01/endpoint_C01_E036_seed336.rds	2135657	2026-08-29T17:04:58-0400	f3326aeefdfe6e75e51c53dd75947df55f1c0b7e38e5dd4b9392af4c51c28b0a	clean
revised/iteration4/data/Figures/Figure6/figure6d_dense_endpoint_cache/C01/endpoint_C01_E037_seed421.rds	2135372	2026-08-29T17:05:04-0400	b7e2e53b802ef20b90b8cba64e6a8bb905c32ac88c92060c0e71ab619f603659	clean
revised/iteration4/data/Figures/Figure6/figure6d_dense_endpoint_cache/C01/endpoint_C01_E038_seed110.rds	2135454	2026-08-29T17:04:58-0400	fd51f5b9bdf22ea6d852df972ebb5303a1045cb8b3d7b074709be7ec830baa2f	clean
revised/iteration4/data/Figures/Figure6/figure6d_dense_endpoint_cache/C01/endpoint_C01_E039_seed37.rds	2135473	2026-08-29T17:05:05-0400	7acac1691d68db2e1c4312a9d598e4d931bc7ae2704781f527a7bf7a5c632d32	clean
revised/iteration4/data/Figures/Figure6/figure6d_dense_endpoint_cache/C01/endpoint_C01_E040_seed323.rds	2135595	2026-08-29T17:05:08-0400	88ba947a5c736b44c76b916c3bff1ffd8c8c50977d7f7af1c13ae82f5f1bacd8	clean
revised/iteration4/data/Figures/Figure6/figure6d_dense_endpoint_cache/C01/endpoint_C01_E041_seed89.rds	2134629	2026-08-29T17:05:11-0400	db631c16a63de7898a2140043541285cf25cf5f7a9ceea9d5d70e9bbcae32312	clean
revised/iteration4/data/Figures/Figure6/figure6d_dense_endpoint_cache/C01/endpoint_C01_E042_seed232.rds	2135668	2026-08-29T17:05:06-0400	948eb6815813b280607be3280e531d9c486390a73b66ed054b3e92311f765201	clean
revised/iteration4/data/Figures/Figure6/figure6d_dense_endpoint_cache/C01/endpoint_C01_E043_seed385.rds	2135359	2026-08-29T17:05:01-0400	84c064b300b778fc239b6f14e6ae1ac20528c1c176a35ab45f661509198867d2	clean
revised/iteration4/data/Figures/Figure6/figure6d_dense_endpoint_cache/C01/endpoint_C01_E044_seed234.rds	2135964	2026-08-29T17:05:02-0400	e4abbc03ff67fb826e99b86a023e0ce92c185a50677b388e57cacf6a2805a354	clean
revised/iteration4/data/Figures/Figure6/figure6d_dense_endpoint_cache/C01/endpoint_C01_E045_seed315.rds	2135389	2026-08-29T17:05:13-0400	5e516e33f73b54810152bdcf567ded764d4a822d18e52cde35d3efa9fd4c05f4	clean
revised/iteration4/data/Figures/Figure6/figure6d_dense_endpoint_cache/C01/endpoint_C01_E046_seed273.rds	2135746	2026-08-29T17:05:02-0400	640b26d1c142707c2926c171881c43bde9ca783384bd7bb3014217684b9dc67f	clean
revised/iteration4/data/Figures/Figure6/figure6d_dense_endpoint_cache/C01/endpoint_C01_E047_seed99.rds	2135892	2026-08-29T17:05:17-0400	1acc4689d86edcbac2c2f10f22d11dedf4e156fa7a625e4a5b300ca6ab3bf863	clean
revised/iteration4/data/Figures/Figure6/figure6d_dense_endpoint_cache/C01/endpoint_C01_E048_seed3.rds	2135133	2026-08-29T17:04:51-0400	d6e910cf6229c8abc15bb56611a7910e7f1e56fdd01a6124694e48bc3f4e1580	clean
revised/iteration4/data/Figures/Figure6/figure6d_dense_endpoint_cache/C01/endpoint_C01_E049_seed373.rds	2135504	2026-08-29T17:05:01-0400	5cc6b707788dfbfc6929cdacb99f347b299afca526888e4867103bcfbc132850	clean
revised/iteration4/data/Figures/Figure6/figure6d_dense_endpoint_cache/C01/endpoint_C01_E050_seed237.rds	2135482	2026-08-29T17:05:03-0400	8cbf464d58a007acaad4d0d2836be9fbfe6493e1980213b6b1147fb9dde6b80b	clean
revised/iteration4/data/Figures/Figure6/figure6d_dense_endpoint_cache/C02/endpoint_C02_E001_seed80.rds	2113002	2026-08-29T17:05:19-0400	186d7f9e636498727fe57dbf611f2bc5b93452bd84293d3ca3217186706661ad	clean
revised/iteration4/data/Figures/Figure6/figure6d_dense_endpoint_cache/C02/endpoint_C02_E002_seed268.rds	2112866	2026-08-29T17:05:14-0400	0213b06240b088a7a5e51e715e3eb0bd9a2f99523f3dbb8a29ee0b0ecdbb731e	clean
revised/iteration4/data/Figures/Figure6/figure6d_dense_endpoint_cache/C02/endpoint_C02_E003_seed480.rds	2112651	2026-08-29T17:05:16-0400	22bdd7b313bfe7c7ca8634fb6eed172f36fb533ea6c269224231b0430e45f823	clean
revised/iteration4/data/Figures/Figure6/figure6d_dense_endpoint_cache/C02/endpoint_C02_E004_seed453.rds	2112547	2026-08-29T17:05:16-0400	fcdb6b0d2039cc877b1fa69e9bd583e34dd1940857a53c2868f5a288c656bc0f	clean
revised/iteration4/data/Figures/Figure6/figure6d_dense_endpoint_cache/C02/endpoint_C02_E005_seed30.rds	2111980	2026-08-29T17:05:20-0400	63692fa46bfdf48516f639cf9f17f82e264d01e05ae41295721590e1edcfa17e	clean
revised/iteration4/data/Figures/Figure6/figure6d_dense_endpoint_cache/C02/endpoint_C02_E006_seed422.rds	2112415	2026-08-29T17:05:34-0400	96035d4a5b6a8ccb6eb2531be11959c2d3dc80b4c1e4f4b1bd78a01d2aa32459	clean
revised/iteration4/data/Figures/Figure6/figure6d_dense_endpoint_cache/C02/endpoint_C02_E007_seed428.rds	2113008	2026-08-29T17:21:53-0400	7fc12b0130b72e0a72c7786dc26ba9d35570cb6d28cfcff91246c85c431194d3	clean
revised/iteration4/data/Figures/Figure6/figure6d_dense_endpoint_cache/C02/endpoint_C02_E008_seed176.rds	2112912	2026-08-29T17:21:46-0400	b52ab68d8fdd8fe199194e50b3f1fac779175440d59621f10cb812b5e9e433a9	clean
revised/iteration4/data/Figures/Figure6/figure6d_dense_endpoint_cache/C02/endpoint_C02_E009_seed130.rds	2113157	2026-08-29T17:21:52-0400	e94749b4c24ac94a9b5d273759e9892042454bb62916dc62bb20c320b339eec4	clean
revised/iteration4/data/Figures/Figure6/figure6d_dense_endpoint_cache/C02/endpoint_C02_E010_seed19.rds	2112640	2026-08-29T17:21:48-0400	f47ad7c726b20c6bf331af2a2cde480165814c992a2b6ce90da36adb56f8fd5e	clean
revised/iteration4/data/Figures/Figure6/figure6d_dense_endpoint_cache/C02/endpoint_C02_E011_seed184.rds	2112295	2026-08-29T17:21:54-0400	d78fb8e3c0df3b55e1ee4c0228107dd8217b53389006ee567c5588aae1aecf9d	clean
revised/iteration4/data/Figures/Figure6/figure6d_dense_endpoint_cache/C02/endpoint_C02_E012_seed274.rds	2112541	2026-08-29T17:21:50-0400	888e2a18cfa7a5fdd416036eaf2e6afc6a6312a403146aa67c82081fa1ae0187	clean
revised/iteration4/data/Figures/Figure6/figure6d_dense_endpoint_cache/C02/endpoint_C02_E013_seed131.rds	2112453	2026-08-29T17:21:49-0400	a9f929a8b59383de1b981d35c34c432b04feb24bf173d13e182f38ff001c0047	clean
revised/iteration4/data/Figures/Figure6/figure6d_dense_endpoint_cache/C02/endpoint_C02_E014_seed82.rds	2112623	2026-08-29T17:21:41-0400	1593443b0471ef0d40639b23835c85ff841c3e0871f387485d9026f161f9f5a3	clean
revised/iteration4/data/Figures/Figure6/figure6d_dense_endpoint_cache/C02/endpoint_C02_E015_seed88.rds	2112514	2026-08-29T17:21:46-0400	13dd7d104aef3b9a16042068ff5bce3d8aca3da788dd2e278235e4a4a1756880	clean
revised/iteration4/data/Figures/Figure6/figure6d_dense_endpoint_cache/C02/endpoint_C02_E016_seed285.rds	2112616	2026-08-29T17:21:53-0400	4890e354ffb1ff2c9df6c12a55cac16d50b15d240aa82c5e807ec765b72fc5fc	clean
revised/iteration4/data/Figures/Figure6/figure6d_dense_endpoint_manifest.tsv	6052	2026-08-29T18:36:45-0400	cfa943f4cbd435921606cbd9d616eb1c5696406e2f972ee7bf7c328dec957d1e	clean
revised/iteration4/data/Figures/Figure6/figure6d_dense_endpoint_qc.tsv	18300	2026-08-29T17:29:14-0400	7b2ed6edcdaef02b4815f8714c2b886bf117d9d9d432b071cb639a4c6711241c	clean
revised/iteration4/data/Figures/Figure6/figure6d_dense_model_validation.tsv	551	2026-08-29T17:29:14-0400	d5dba7c15268b98952747c6098ddf51fdc367f1848a72e4edf16369735f1a36c	clean
revised/iteration4/data/Figures/Figure6/figure6d_fixed_p_curve_family.tsv	43869715	2026-08-29T17:29:13-0400	40eae52eddd0298a43247a3057f9ee994c88d8f8cb9f931f5adbe814b1166abb	clean
revised/iteration4/data/Figures/Figure6/finite_time_q10_current.tsv	808	2026-09-01T20:43:28-0400	eea9c36fb9d81fa8eb293f2149f7c4ce79fbac27de8fc3afb2124eac09cc058f	clean
revised/iteration4/data/Figures/Figure6/finite_time_q10_runs/figure6_q10_20260901_2037/diagnostic_cache/diagnostic_vitro_C01_VT_E001.rds	20473	2026-09-01T20:43:21-0400	74beb6b9c9bc0099d5ed2fe823c974dcce2c0347d0f8c5687784f23023cdead2	clean
revised/iteration4/data/Figures/Figure6/finite_time_q10_runs/figure6_q10_20260901_2037/diagnostic_cache/diagnostic_vitro_C01_VT_E002.rds	20515	2026-09-01T20:43:19-0400	62c3cc02178fcae83c745fabecb0e0a895909d64d360f665bf7420d227e52cd5	clean
revised/iteration4/data/Figures/Figure6/finite_time_q10_runs/figure6_q10_20260901_2037/diagnostic_cache/diagnostic_vitro_C01_VT_E003.rds	20373	2026-09-01T20:43:22-0400	61c9ced2107c0f75a210bad08859080872cb717377304923395050f04ed0812b	clean
revised/iteration4/data/Figures/Figure6/finite_time_q10_runs/figure6_q10_20260901_2037/diagnostic_cache/diagnostic_vitro_C01_VT_E004.rds	20478	2026-09-01T20:43:19-0400	0dc79c0db96c8fdd7cb37ef781f8cf18341201171921c639d85b2f02e620ac0b	clean
revised/iteration4/data/Figures/Figure6/finite_time_q10_runs/figure6_q10_20260901_2037/diagnostic_cache/diagnostic_vitro_C01_VT_E005.rds	20465	2026-09-01T20:43:21-0400	f774e50d28c9382b2fcb1f001cfa41d32921563f8723437f5280f0f81823c86e	clean
revised/iteration4/data/Figures/Figure6/finite_time_q10_runs/figure6_q10_20260901_2037/diagnostic_cache/diagnostic_vitro_C01_VT_E006.rds	20610	2026-09-01T20:43:19-0400	bd54fc7d935609322fbe2ef4ba6916a033161337a2c1204995bd3fb17086188a	clean
revised/iteration4/data/Figures/Figure6/finite_time_q10_runs/figure6_q10_20260901_2037/diagnostic_cache/diagnostic_vitro_C01_VT_E007.rds	20487	2026-09-01T20:43:21-0400	9bbe411d3d1056cd85728e1d571f96ee63e171d198b2f0900f4d1d4e37717067	clean
revised/iteration4/data/Figures/Figure6/finite_time_q10_runs/figure6_q10_20260901_2037/diagnostic_cache/diagnostic_vitro_C01_VT_E008.rds	20524	2026-09-01T20:43:20-0400	6d2d578e410087f31af81518e51ccc2f6b949006af31a0561c841a1e025612e6	clean
revised/iteration4/data/Figures/Figure6/finite_time_q10_runs/figure6_q10_20260901_2037/diagnostic_cache/diagnostic_vitro_C01_VT_E009.rds	20511	2026-09-01T20:43:22-0400	21ad3e8daa84e490b6a2d38d3ce6164a948b33d19d8adfa83a3e660f9a34d65e	clean
revised/iteration4/data/Figures/Figure6/finite_time_q10_runs/figure6_q10_20260901_2037/diagnostic_cache/diagnostic_vitro_C01_VT_E010.rds	20471	2026-09-01T20:43:19-0400	04d13f93d1cceec2631e4f314c017a80b2efdd42c8a682c46812adf57e98ba89	clean
revised/iteration4/data/Figures/Figure6/finite_time_q10_runs/figure6_q10_20260901_2037/diagnostic_cache/diagnostic_vitro_C01_VT_E011.rds	20529	2026-09-01T20:43:21-0400	22d7672b9b39b195014330bd7d94b919f86118eee942cb742b1911d6bf0e5c84	clean
revised/iteration4/data/Figures/Figure6/finite_time_q10_runs/figure6_q10_20260901_2037/diagnostic_cache/diagnostic_vitro_C01_VT_E012.rds	20467	2026-09-01T20:43:19-0400	922d618440517a3cbffc9df69ec4b6b57e4425ea58756fe346175f1f0400e61d	clean
revised/iteration4/data/Figures/Figure6/finite_time_q10_runs/figure6_q10_20260901_2037/diagnostic_cache/diagnostic_vitro_C01_VT_E013.rds	20512	2026-09-01T20:43:21-0400	fad3f53db38821ea39bedd5f8fb7f2d5d2202b1ebbde3fe711c5b4342d1a7d93	clean
revised/iteration4/data/Figures/Figure6/finite_time_q10_runs/figure6_q10_20260901_2037/diagnostic_cache/diagnostic_vitro_C01_VT_E014.rds	20501	2026-09-01T20:43:23-0400	69a339f3b07bcab4ac0caaf5d79976cd430a0c12488ae70746d135953c330f42	clean
revised/iteration4/data/Figures/Figure6/finite_time_q10_runs/figure6_q10_20260901_2037/diagnostic_cache/diagnostic_vitro_C01_VT_E015.rds	20459	2026-09-01T20:43:19-0400	18c9422c92e78b8d018535a19b1eb9cd2faecbb1dd69fd4643b326d76c0a3066	clean
revised/iteration4/data/Figures/Figure6/finite_time_q10_runs/figure6_q10_20260901_2037/diagnostic_cache/diagnostic_vitro_C01_VT_E016.rds	20447	2026-09-01T20:43:21-0400	f50b52918cd97260a0473e9cebcd311099a6c011e625381eff9b1f545c3d8488	clean
revised/iteration4/data/Figures/Figure6/finite_time_q10_runs/figure6_q10_20260901_2037/diagnostic_cache/diagnostic_vitro_C01_VT_E017.rds	20464	2026-09-01T20:43:20-0400	324d23b1fda270bdb4cb3dd8c73a4788554b7490ddc715632b063fe1862b108d	clean
revised/iteration4/data/Figures/Figure6/finite_time_q10_runs/figure6_q10_20260901_2037/diagnostic_cache/diagnostic_vitro_C01_VT_E018.rds	20478	2026-09-01T20:43:22-0400	7dcbb54c2fa6d81153317c84c727a77c0f414a2aea9b24a220f5a186d2777f1d	clean
revised/iteration4/data/Figures/Figure6/finite_time_q10_runs/figure6_q10_20260901_2037/diagnostic_cache/diagnostic_vitro_C01_VT_E019.rds	20559	2026-09-01T20:43:19-0400	5054de9d4db2fd377191b1d5edb551e827c93a42ff8b7848029f0d5641670e3a	clean
revised/iteration4/data/Figures/Figure6/finite_time_q10_runs/figure6_q10_20260901_2037/diagnostic_cache/diagnostic_vitro_C01_VT_E020.rds	20468	2026-09-01T20:43:21-0400	af9c774529797dc27a797f1476dce4f9b0d5fd30cf516bd9f4058333685ecdcf	clean
revised/iteration4/data/Figures/Figure6/finite_time_q10_runs/figure6_q10_20260901_2037/diagnostic_cache/diagnostic_vitro_C01_VT_E021.rds	20483	2026-09-01T20:43:20-0400	264a641490a067cb9d1101f13c5ee594fd5b5fe258287ff6089450f973221c70	clean
revised/iteration4/data/Figures/Figure6/finite_time_q10_runs/figure6_q10_20260901_2037/diagnostic_cache/diagnostic_vitro_C01_VT_E022.rds	20478	2026-09-01T20:43:22-0400	9f48b158fb0422d07aaaca4b83c5f462e7d2e09510519dfad871fa8a1bf38cb8	clean
revised/iteration4/data/Figures/Figure6/finite_time_q10_runs/figure6_q10_20260901_2037/diagnostic_cache/diagnostic_vitro_C01_VT_E023.rds	20510	2026-09-01T20:43:19-0400	cc7d9e6290e0a83117680dffe64828705cd5a81ce1b6cdc92d15ecf4a53115e1	clean
revised/iteration4/data/Figures/Figure6/finite_time_q10_runs/figure6_q10_20260901_2037/diagnostic_cache/diagnostic_vitro_C01_VT_E024.rds	20528	2026-09-01T20:43:21-0400	b0e1e4de97225a69371fa4fe40f29627151bada87c3e8551facca1d8def23faf	clean
revised/iteration4/data/Figures/Figure6/finite_time_q10_runs/figure6_q10_20260901_2037/diagnostic_cache/diagnostic_vitro_C01_VT_E025.rds	20512	2026-09-01T20:43:20-0400	3e6f339ed95f3103e15aff4dac058c1fae75dd5e7b181e0546d41ab950bf55c4	clean
revised/iteration4/data/Figures/Figure6/finite_time_q10_runs/figure6_q10_20260901_2037/diagnostic_cache/diagnostic_vitro_C01_VT_E026.rds	20534	2026-09-01T20:43:22-0400	ca258fc1b4893e33523f78569b85f8b4ecde634f47c91d4d5f0144c8fed07855	clean
revised/iteration4/data/Figures/Figure6/finite_time_q10_runs/figure6_q10_20260901_2037/diagnostic_cache/diagnostic_vitro_C01_VT_E027.rds	20433	2026-09-01T20:43:19-0400	bbd5e00e94c39385657233c780ea81ed61362c7c840d317275c336de87f7a614	clean
revised/iteration4/data/Figures/Figure6/finite_time_q10_runs/figure6_q10_20260901_2037/diagnostic_cache/diagnostic_vitro_C01_VT_E028.rds	20515	2026-09-01T20:43:22-0400	e9c301d395d789311633410a46674195cf374d34c6a04cbca14ab238727b9e3b	clean
revised/iteration4/data/Figures/Figure6/finite_time_q10_runs/figure6_q10_20260901_2037/diagnostic_cache/diagnostic_vitro_C01_VT_E029.rds	20512	2026-09-01T20:43:20-0400	f16b6012ec7a417ce141bb0959bbcb524bec5665a06e4adc065cd0f6883659bb	clean
revised/iteration4/data/Figures/Figure6/finite_time_q10_runs/figure6_q10_20260901_2037/diagnostic_cache/diagnostic_vitro_C01_VT_E030.rds	20516	2026-09-01T20:43:22-0400	9138d31390ef16c884da7f0c64b0818f0d199661c577f5698eb0f41b92285e60	clean
revised/iteration4/data/Figures/Figure6/finite_time_q10_runs/figure6_q10_20260901_2037/diagnostic_cache/diagnostic_vitro_C01_VT_E031.rds	20514	2026-09-01T20:43:19-0400	153c4e63418d35e661f3d42560a4808943e826f44bb1c5c52105fba3dcd901a6	clean
revised/iteration4/data/Figures/Figure6/finite_time_q10_runs/figure6_q10_20260901_2037/diagnostic_cache/diagnostic_vitro_C01_VT_E032.rds	20537	2026-09-01T20:43:22-0400	b99a7a1e57558f05e3508935223a327019cdaa7f5db7cb4c1e0217d302e39dbc	clean
revised/iteration4/data/Figures/Figure6/finite_time_q10_runs/figure6_q10_20260901_2037/diagnostic_cache/diagnostic_vitro_C01_VT_E033.rds	20511	2026-09-01T20:43:20-0400	42b6ecc67bcb801189b5a52615f09b07b6bdc5e8d59b1d8904f7a42cb86a8962	clean
revised/iteration4/data/Figures/Figure6/finite_time_q10_runs/figure6_q10_20260901_2037/diagnostic_cache/diagnostic_vitro_C01_VT_E034.rds	20433	2026-09-01T20:43:22-0400	250a700ba8c7b3d42747f9c335416dd085a2acaa85450488a910d22013bf0bb1	clean
revised/iteration4/data/Figures/Figure6/finite_time_q10_runs/figure6_q10_20260901_2037/diagnostic_cache/diagnostic_vitro_C01_VT_E035.rds	20465	2026-09-01T20:43:20-0400	b50f72f223ce8eea1d5ec5255a509081e578aad420a4a9c869f2e12ef1b79ad7	clean
revised/iteration4/data/Figures/Figure6/finite_time_q10_runs/figure6_q10_20260901_2037/diagnostic_cache/diagnostic_vitro_C01_VT_E036.rds	20471	2026-09-01T20:43:22-0400	eac988823fdfd9c35b8fa23156553cbe154e3bc0e7125b78fd6d53b3f1a18b2b	clean
revised/iteration4/data/Figures/Figure6/finite_time_q10_runs/figure6_q10_20260901_2037/diagnostic_cache/diagnostic_vitro_C01_VT_E037.rds	20527	2026-09-01T20:43:20-0400	cfbf5e4edf13b38506c75142281bcfe4c1494bb6e717eb55fcb8641ef2beec0a	clean
revised/iteration4/data/Figures/Figure6/finite_time_q10_runs/figure6_q10_20260901_2037/diagnostic_cache/diagnostic_vitro_C01_VT_E038.rds	20529	2026-09-01T20:43:22-0400	4078069d30293547ab254b0a3d0876c171d682bd8d2c277309f925c71a5f12df	clean
revised/iteration4/data/Figures/Figure6/finite_time_q10_runs/figure6_q10_20260901_2037/diagnostic_cache/diagnostic_vitro_C01_VT_E039.rds	20523	2026-09-01T20:43:25-0400	4d0073702f4502192d56a9f90e3786a5d51b5967cfe85fdfca47cbb00f298c58	clean
revised/iteration4/data/Figures/Figure6/finite_time_q10_runs/figure6_q10_20260901_2037/diagnostic_cache/diagnostic_vitro_C01_VT_E040.rds	20531	2026-09-01T20:43:19-0400	719485f666e25f1a6cbec6157221e7f14f3a07468e640694bc821fe0b870b18b	clean
revised/iteration4/data/Figures/Figure6/finite_time_q10_runs/figure6_q10_20260901_2037/diagnostic_cache/diagnostic_vitro_C01_VT_E041.rds	20442	2026-09-01T20:43:23-0400	167774d510f588aabc87ce80f1ee9af4bffb754af8fe3306a344f24581c9e470	clean
revised/iteration4/data/Figures/Figure6/finite_time_q10_runs/figure6_q10_20260901_2037/diagnostic_cache/diagnostic_vitro_C01_VT_E042.rds	20511	2026-09-01T20:43:20-0400	a965c4aa3e11d784c491d77e9c0bd84f63952fe6c412503dee358d683fe93a85	clean
revised/iteration4/data/Figures/Figure6/finite_time_q10_runs/figure6_q10_20260901_2037/diagnostic_cache/diagnostic_vitro_C01_VT_E043.rds	20559	2026-09-01T20:43:22-0400	816467c159e2a5f890607de4bb612de1af27e4e9d142807a695ba296bb90a602	clean
revised/iteration4/data/Figures/Figure6/finite_time_q10_runs/figure6_q10_20260901_2037/diagnostic_cache/diagnostic_vitro_C01_VT_E044.rds	20412	2026-09-01T20:43:20-0400	fa4a5a0e1a24d54a31470c52e8d80f2b7ecf1f2f55f1d0809299f7a0eb028883	clean
revised/iteration4/data/Figures/Figure6/finite_time_q10_runs/figure6_q10_20260901_2037/diagnostic_cache/diagnostic_vitro_C01_VT_E045.rds	20468	2026-09-01T20:43:22-0400	225a65b2f6fc5b55014c2d38bb3c003666ef8c58582b291be2fb32537b1f82fb	clean
revised/iteration4/data/Figures/Figure6/finite_time_q10_runs/figure6_q10_20260901_2037/diagnostic_cache/diagnostic_vitro_C01_VT_E046.rds	20482	2026-09-01T20:43:20-0400	30a4ff2e580f86b3affd13f619cbd6f358212902e8de7c0c558cf9fd4d9f16f3	clean
revised/iteration4/data/Figures/Figure6/finite_time_q10_runs/figure6_q10_20260901_2037/diagnostic_cache/diagnostic_vitro_C01_VT_E047.rds	20512	2026-09-01T20:43:23-0400	0fd7bc1b807f9c0b692c635549277dea3df0c5db11688c111638f2b661362320	clean
revised/iteration4/data/Figures/Figure6/finite_time_q10_runs/figure6_q10_20260901_2037/diagnostic_cache/diagnostic_vitro_C01_VT_E048.rds	20386	2026-09-01T20:43:20-0400	9f89d7bc6eac88980d57d97440b1767f142b59fe2b8c3b1d80150716c412afc8	clean
revised/iteration4/data/Figures/Figure6/finite_time_q10_runs/figure6_q10_20260901_2037/diagnostic_cache/diagnostic_vitro_C01_VT_E049.rds	20468	2026-09-01T20:43:23-0400	1e53b584da55cb2e7089514e193cf94c65b64e0b15453f5bd913ba8aaad62942	clean
revised/iteration4/data/Figures/Figure6/finite_time_q10_runs/figure6_q10_20260901_2037/diagnostic_cache/diagnostic_vitro_C01_VT_E050.rds	20466	2026-09-01T20:43:19-0400	113662855395021d0013a718cc255922433158ef869a458d1b478e7c8bf187a1	clean
revised/iteration4/data/Figures/Figure6/finite_time_q10_runs/figure6_q10_20260901_2037/diagnostic_cache/diagnostic_vitro_C02_VT_E001.rds	20616	2026-09-01T20:43:22-0400	b5f6c5a5faca7cd50c5825cbbc6a125c164c9fe625bf7bc4e537f5e9037fb137	clean
revised/iteration4/data/Figures/Figure6/finite_time_q10_runs/figure6_q10_20260901_2037/diagnostic_cache/diagnostic_vitro_C02_VT_E002.rds	20477	2026-09-01T20:43:20-0400	0dc5ad80c2e6cfd3b1a7719947a87f13ed230433cd3362ff90ea020fa5e64fb8	clean
revised/iteration4/data/Figures/Figure6/finite_time_q10_runs/figure6_q10_20260901_2037/diagnostic_cache/diagnostic_vitro_C02_VT_E003.rds	20433	2026-09-01T20:43:23-0400	9a80a4ffd0d79fc468f7523161931ff38f71951d1766fd02941c242c93b02c87	clean
revised/iteration4/data/Figures/Figure6/finite_time_q10_runs/figure6_q10_20260901_2037/diagnostic_cache/diagnostic_vitro_C02_VT_E004.rds	20516	2026-09-01T20:43:20-0400	3aa012118d5dc518fc6fb3aa7d62f330499063765556fd045627e8dc79bbd48e	clean
revised/iteration4/data/Figures/Figure6/finite_time_q10_runs/figure6_q10_20260901_2037/diagnostic_cache/diagnostic_vitro_C02_VT_E005.rds	20482	2026-09-01T20:43:23-0400	f247258d542a4f37c9eb9ed44f5520a2718f2902cd767543c4a9c4e6db386d5b	clean
revised/iteration4/data/Figures/Figure6/finite_time_q10_runs/figure6_q10_20260901_2037/diagnostic_cache/diagnostic_vitro_C02_VT_E006.rds	20536	2026-09-01T20:43:20-0400	79d88c07be34ba17d13aab3e79309ee0d888de39eeaf41b73b4df6db9de24d7c	clean
revised/iteration4/data/Figures/Figure6/finite_time_q10_runs/figure6_q10_20260901_2037/diagnostic_cache/diagnostic_vitro_C02_VT_E007.rds	20477	2026-09-01T20:43:23-0400	bdc176722011bf8dcb47cd56862a1c0e4dfb5feb512dc6e3c278a392c94f73e6	clean
revised/iteration4/data/Figures/Figure6/finite_time_q10_runs/figure6_q10_20260901_2037/diagnostic_cache/diagnostic_vitro_C02_VT_E008.rds	20515	2026-09-01T20:43:20-0400	3b34eec1613300895e267a29078e2b59446a47ab33ef28330b32c51f4f23bd18	clean
revised/iteration4/data/Figures/Figure6/finite_time_q10_runs/figure6_q10_20260901_2037/diagnostic_cache/diagnostic_vitro_C02_VT_E009.rds	20523	2026-09-01T20:43:23-0400	7e8042fc6f7127945b4d8eb17740aadc2b05a1c10f944289a81029c237fac9da	clean
revised/iteration4/data/Figures/Figure6/finite_time_q10_runs/figure6_q10_20260901_2037/diagnostic_cache/diagnostic_vitro_C02_VT_E010.rds	20456	2026-09-01T20:43:20-0400	5123091506a594996a2264d371b380bdd81d435f4e0dbe7a3b90680fc8153ff1	clean
revised/iteration4/data/Figures/Figure6/finite_time_q10_runs/figure6_q10_20260901_2037/diagnostic_cache/diagnostic_vitro_C02_VT_E011.rds	20499	2026-09-01T20:43:22-0400	9249c290629373f66b59bd90dc2d251be7114560686fd197a7deadd783e51b88	clean
revised/iteration4/data/Figures/Figure6/finite_time_q10_runs/figure6_q10_20260901_2037/diagnostic_cache/diagnostic_vitro_C02_VT_E012.rds	20525	2026-09-01T20:43:20-0400	6d949a8ae00b34e5e41f63af043842b7122181297696358569aa54759b29c415	clean
revised/iteration4/data/Figures/Figure6/finite_time_q10_runs/figure6_q10_20260901_2037/diagnostic_cache/diagnostic_vitro_C02_VT_E013.rds	20482	2026-09-01T20:43:23-0400	0e44cbbd707d1f2568f6899e01887f78e9d917032e7b84cc97b6999265ac9342	clean
revised/iteration4/data/Figures/Figure6/finite_time_q10_runs/figure6_q10_20260901_2037/diagnostic_cache/diagnostic_vitro_C02_VT_E014.rds	20452	2026-09-01T20:43:25-0400	0311889142a0caedc021b5ea2937c4d6f989375a4b6b6a1ed121d7f18d3dafba	clean
revised/iteration4/data/Figures/Figure6/finite_time_q10_runs/figure6_q10_20260901_2037/diagnostic_cache/diagnostic_vitro_C02_VT_E015.rds	20449	2026-09-01T20:43:21-0400	7732a230887c0e70b1aac1eb44b3a27b804215b696ebe4c9ddc39feaf5373a2d	clean
revised/iteration4/data/Figures/Figure6/finite_time_q10_runs/figure6_q10_20260901_2037/diagnostic_cache/diagnostic_vitro_C02_VT_E016.rds	20514	2026-09-01T20:43:23-0400	0485d4b660bcc117eb47090bc1d1f16592c2d2a51f09dcaf1ede11d3dc296273	clean
revised/iteration4/data/Figures/Figure6/finite_time_q10_runs/figure6_q10_20260901_2037/diagnostic_cache/diagnostic_vivo_C01_E001.rds	22460	2026-09-01T20:43:18-0400	94ba76c5695f43742c7f7587b724280c98eddd07544c6f602469bdf2d8058f8a	clean
revised/iteration4/data/Figures/Figure6/finite_time_q10_runs/figure6_q10_20260901_2037/diagnostic_cache/diagnostic_vivo_C01_E002.rds	22441	2026-09-01T20:43:20-0400	7ae32e2ae19e06c2ad740b068fba362355a9a4e4a683bf55ad52f2f703327a39	clean
revised/iteration4/data/Figures/Figure6/finite_time_q10_runs/figure6_q10_20260901_2037/diagnostic_cache/diagnostic_vivo_C01_E003.rds	22486	2026-09-01T20:43:18-0400	e38f39b45a05ad5ff888106f001ec62080d82c8ef7e1cc889cd00e7de58ef66a	clean
revised/iteration4/data/Figures/Figure6/finite_time_q10_runs/figure6_q10_20260901_2037/diagnostic_cache/diagnostic_vivo_C01_E004.rds	22443	2026-09-01T20:43:20-0400	c573ac3e6484771e1161313084853ecc599f94b21ba06dc1a67fc78d91b7c339	clean
revised/iteration4/data/Figures/Figure6/finite_time_q10_runs/figure6_q10_20260901_2037/diagnostic_cache/diagnostic_vivo_C01_E005.rds	22444	2026-09-01T20:43:23-0400	1b578516253f0cab0fb91228a49090f76e746d2206213b4e25c5791ffe01b402	clean
revised/iteration4/data/Figures/Figure6/finite_time_q10_runs/figure6_q10_20260901_2037/diagnostic_cache/diagnostic_vivo_C01_E006.rds	22492	2026-09-01T20:43:18-0400	b65e324368c3a40dd7cee15205394cb1c84ec888b2335c52b9fb97e35eea309d	clean
revised/iteration4/data/Figures/Figure6/finite_time_q10_runs/figure6_q10_20260901_2037/diagnostic_cache/diagnostic_vivo_C01_E007.rds	22459	2026-09-01T20:43:20-0400	1c5da645473295e317431feb9787de887332195bd87062dd496688eeb44d6c16	clean
revised/iteration4/data/Figures/Figure6/finite_time_q10_runs/figure6_q10_20260901_2037/diagnostic_cache/diagnostic_vivo_C01_E008.rds	22396	2026-09-01T20:43:18-0400	410c11a96188928120aefdb025ce25536c444157101b28542d0e8aa98987fa03	clean
revised/iteration4/data/Figures/Figure6/finite_time_q10_runs/figure6_q10_20260901_2037/diagnostic_cache/diagnostic_vivo_C01_E009.rds	22441	2026-09-01T20:43:20-0400	19e8f699b61e1c45e6b555c7c12d16b75be9165e51ae5402ed89b45f52a52b98	clean
revised/iteration4/data/Figures/Figure6/finite_time_q10_runs/figure6_q10_20260901_2037/diagnostic_cache/diagnostic_vivo_C01_E010.rds	22459	2026-09-01T20:43:19-0400	1194085d170b8b6eec8a911029c62aae82f09329996be5dbebacf659ea308e04	clean
revised/iteration4/data/Figures/Figure6/finite_time_q10_runs/figure6_q10_20260901_2037/diagnostic_cache/diagnostic_vivo_C01_E011.rds	22445	2026-09-01T20:43:21-0400	96709d8384a070f7ed9639417177777d88b2e9d94eb6807101462ac62e527aba	clean
revised/iteration4/data/Figures/Figure6/finite_time_q10_runs/figure6_q10_20260901_2037/diagnostic_cache/diagnostic_vivo_C01_E012.rds	22487	2026-09-01T20:43:18-0400	79e0a2aa79a828ea30246d9e21faf61bb486ebc46c932eee23d932fa3df8a675	clean
revised/iteration4/data/Figures/Figure6/finite_time_q10_runs/figure6_q10_20260901_2037/diagnostic_cache/diagnostic_vivo_C01_E013.rds	22410	2026-09-01T20:43:21-0400	e16a6a3455b0040966aea8cc95aa475c5bb5ff4f267b40a8b2afde325879bda9	clean
revised/iteration4/data/Figures/Figure6/finite_time_q10_runs/figure6_q10_20260901_2037/diagnostic_cache/diagnostic_vivo_C01_E014.rds	22441	2026-09-01T20:43:18-0400	cc1c05b1642f4dc4497f552ae69b76e451b6288805e8f55d136fc64ef4af9d92	clean
revised/iteration4/data/Figures/Figure6/finite_time_q10_runs/figure6_q10_20260901_2037/diagnostic_cache/diagnostic_vivo_C01_E015.rds	22380	2026-09-01T20:43:21-0400	6496859e90c8123471af2ff4b744401015e0ed5995db832ac11a2348e3b1fe02	clean
revised/iteration4/data/Figures/Figure6/finite_time_q10_runs/figure6_q10_20260901_2037/diagnostic_cache/diagnostic_vivo_C01_E016.rds	22435	2026-09-01T20:43:18-0400	22c679bea19b1319bc4e31e55be7dabf898ef2751c578f59c36f290fd1fb1492	clean
revised/iteration4/data/Figures/Figure6/finite_time_q10_runs/figure6_q10_20260901_2037/diagnostic_cache/diagnostic_vivo_C01_E017.rds	22451	2026-09-01T20:43:21-0400	a0d9edf8e6d57dc80a25b2c42da58b7c4f2c3578d50cd562f34d12c8cd996574	clean
revised/iteration4/data/Figures/Figure6/finite_time_q10_runs/figure6_q10_20260901_2037/diagnostic_cache/diagnostic_vivo_C01_E018.rds	22405	2026-09-01T20:43:19-0400	0075a49d57c022c6f090de0e2b1d9686672008ef83367987a2cf8f7d863878c0	clean
revised/iteration4/data/Figures/Figure6/finite_time_q10_runs/figure6_q10_20260901_2037/diagnostic_cache/diagnostic_vivo_C01_E019.rds	22432	2026-09-01T20:43:22-0400	04538b24a9f7a97ff5260fe40e15ffff2c4f0a04b0035206b8478b837abb9dee	clean
revised/iteration4/data/Figures/Figure6/finite_time_q10_runs/figure6_q10_20260901_2037/diagnostic_cache/diagnostic_vivo_C01_E020.rds	22425	2026-09-01T20:43:18-0400	868d0d2defa83ae684afb0d306702c344ea33e10cac85f4c6e0b79c8ad426bc1	clean
revised/iteration4/data/Figures/Figure6/finite_time_q10_runs/figure6_q10_20260901_2037/diagnostic_cache/diagnostic_vivo_C01_E021.rds	22433	2026-09-01T20:43:21-0400	22acf6de797ca02c36893fe97db85609171512bcdbb8a03c761fb14befd02dc5	clean
revised/iteration4/data/Figures/Figure6/finite_time_q10_runs/figure6_q10_20260901_2037/diagnostic_cache/diagnostic_vivo_C01_E022.rds	22438	2026-09-01T20:43:19-0400	59e22fa3531a747349580ffc1f7b637910c7d9a32c719d60a6cca1361ceebea8	clean
revised/iteration4/data/Figures/Figure6/finite_time_q10_runs/figure6_q10_20260901_2037/diagnostic_cache/diagnostic_vivo_C01_E023.rds	22478	2026-09-01T20:43:22-0400	25494683ee5700a4f028357a26b04260a278da26dc980a875c6ada927bf3ffc6	clean
revised/iteration4/data/Figures/Figure6/finite_time_q10_runs/figure6_q10_20260901_2037/diagnostic_cache/diagnostic_vivo_C01_E024.rds	22421	2026-09-01T20:43:18-0400	f743b3d990609d3a6a31823e3efbf586824ff5b3b20b8b28555789d013514964	clean
revised/iteration4/data/Figures/Figure6/finite_time_q10_runs/figure6_q10_20260901_2037/diagnostic_cache/diagnostic_vivo_C01_E025.rds	22440	2026-09-01T20:43:21-0400	ba9b488a9b16d118134afec3febc9c3c31db2d7851e563a5a9a8361ce0ff4061	clean
revised/iteration4/data/Figures/Figure6/finite_time_q10_runs/figure6_q10_20260901_2037/diagnostic_cache/diagnostic_vivo_C01_E026.rds	22410	2026-09-01T20:43:19-0400	4e93d5cf3743847104ec3a80b771b055bc239503f51d29bb763ed4d0d62879f3	clean
revised/iteration4/data/Figures/Figure6/finite_time_q10_runs/figure6_q10_20260901_2037/diagnostic_cache/diagnostic_vivo_C01_E027.rds	22384	2026-09-01T20:43:21-0400	24521d9ddbdbd02446b6d99ddd1d4ed91d8fd4f49c9ef9cf92ca3f91956c9b6f	clean
revised/iteration4/data/Figures/Figure6/finite_time_q10_runs/figure6_q10_20260901_2037/diagnostic_cache/diagnostic_vivo_C01_E028.rds	22440	2026-09-01T20:43:18-0400	33b09aa462cc2c50c4fd6bfbf5a763126eb7031603d803b46dd3f110d1f84a70	clean
revised/iteration4/data/Figures/Figure6/finite_time_q10_runs/figure6_q10_20260901_2037/diagnostic_cache/diagnostic_vivo_C01_E029.rds	22439	2026-09-01T20:43:20-0400	1849f6858659cf3f754a71e54283d3b3f25db1b57b702eae632c6caaf49a9c20	clean
revised/iteration4/data/Figures/Figure6/finite_time_q10_runs/figure6_q10_20260901_2037/diagnostic_cache/diagnostic_vivo_C01_E030.rds	22444	2026-09-01T20:43:23-0400	389a5b840d103e5100efdab899abd4036ed4e6390de6516762d95ecfafae9b7d	clean
revised/iteration4/data/Figures/Figure6/finite_time_q10_runs/figure6_q10_20260901_2037/diagnostic_cache/diagnostic_vivo_C01_E031.rds	22493	2026-09-01T20:43:19-0400	6e2207a3e0c66a680e34d98bc9244200d724056035c1eb8c61fcf9c682111a8e	clean
revised/iteration4/data/Figures/Figure6/finite_time_q10_runs/figure6_q10_20260901_2037/diagnostic_cache/diagnostic_vivo_C01_E032.rds	22428	2026-09-01T20:43:21-0400	889f0d48937f6757c4d2debf02428cd876017e96560bbf8a6d12d15e4a848d6e	clean
revised/iteration4/data/Figures/Figure6/finite_time_q10_runs/figure6_q10_20260901_2037/diagnostic_cache/diagnostic_vivo_C01_E033.rds	22439	2026-09-01T20:43:19-0400	61b7d6aa1533e9202ed8836c153fefa7a79cb2de1dd2dfcc51e2643fbfee4cad	clean
revised/iteration4/data/Figures/Figure6/finite_time_q10_runs/figure6_q10_20260901_2037/diagnostic_cache/diagnostic_vivo_C01_E034.rds	22418	2026-09-01T20:43:22-0400	63dbb3429c79e3f1c9fff3cb8da5d9d876c2b707527ae29e7e1a867d01d0a227	clean
revised/iteration4/data/Figures/Figure6/finite_time_q10_runs/figure6_q10_20260901_2037/diagnostic_cache/diagnostic_vivo_C01_E035.rds	22408	2026-09-01T20:43:19-0400	1613917f4ae218ab92ffb4b9fb6f96626d332b95ba3055ce49fbd38b2b5f43b4	clean
revised/iteration4/data/Figures/Figure6/finite_time_q10_runs/figure6_q10_20260901_2037/diagnostic_cache/diagnostic_vivo_C01_E036.rds	22431	2026-09-01T20:43:21-0400	0d3d9f0e8e9d653d2f59050705fb8d990607d012c55c68c5b2b48e0035555565	clean
revised/iteration4/data/Figures/Figure6/finite_time_q10_runs/figure6_q10_20260901_2037/diagnostic_cache/diagnostic_vivo_C01_E037.rds	22472	2026-09-01T20:43:19-0400	e8215b4bd418048ad64b8e2dc1bce9a2d7e6a865a1fed0a2d459c00c05d6bc7f	clean
revised/iteration4/data/Figures/Figure6/finite_time_q10_runs/figure6_q10_20260901_2037/diagnostic_cache/diagnostic_vivo_C01_E038.rds	22436	2026-09-01T20:43:21-0400	c34a031a43fc03cc761659f6eb27ce45a48bd59684154b88a6faa390f04eb093	clean
revised/iteration4/data/Figures/Figure6/finite_time_q10_runs/figure6_q10_20260901_2037/diagnostic_cache/diagnostic_vivo_C01_E039.rds	22510	2026-09-01T20:43:19-0400	80eef0804e6f7f1044f8b1a1cb3f502c530a6ab86122daa67ea05cd478955f32	clean
revised/iteration4/data/Figures/Figure6/finite_time_q10_runs/figure6_q10_20260901_2037/diagnostic_cache/diagnostic_vivo_C01_E040.rds	22416	2026-09-01T20:43:21-0400	b3f2c08e0904cd7ac2696efadf407b3e8c1b2de29c8bf36541b03b9f4342b243	clean
revised/iteration4/data/Figures/Figure6/finite_time_q10_runs/figure6_q10_20260901_2037/diagnostic_cache/diagnostic_vivo_C01_E041.rds	22395	2026-09-01T20:43:19-0400	17dbf5a1eb2edd795389bb8af3dd28b092cc560b46bcad185cdfaad18c83cf35	clean
revised/iteration4/data/Figures/Figure6/finite_time_q10_runs/figure6_q10_20260901_2037/diagnostic_cache/diagnostic_vivo_C01_E042.rds	22432	2026-09-01T20:43:21-0400	72b19eb285f6dcad50366f476a7f233a44fdadb93d51d7fb2176d0355262f864	clean
revised/iteration4/data/Figures/Figure6/finite_time_q10_runs/figure6_q10_20260901_2037/diagnostic_cache/diagnostic_vivo_C01_E043.rds	22431	2026-09-01T20:43:19-0400	ee87e83b30acbbbbfd4bcd4a2b3f2b8a05108f45ff8200df6a5a836531b39071	clean
revised/iteration4/data/Figures/Figure6/finite_time_q10_runs/figure6_q10_20260901_2037/diagnostic_cache/diagnostic_vivo_C01_E044.rds	22423	2026-09-01T20:43:21-0400	e6f1573e34a69d1aa319d85a02d4c5f6dbbfcb4f7d7791461ada79de331452ca	clean
revised/iteration4/data/Figures/Figure6/finite_time_q10_runs/figure6_q10_20260901_2037/diagnostic_cache/diagnostic_vivo_C01_E045.rds	22416	2026-09-01T20:43:18-0400	d8f0fe0d06e0a7bd3f862a99dc3e5125b6231abe89056b03710fb7c4e3ec224d	clean
revised/iteration4/data/Figures/Figure6/finite_time_q10_runs/figure6_q10_20260901_2037/diagnostic_cache/diagnostic_vivo_C01_E046.rds	22510	2026-09-01T20:43:21-0400	968a85a5a373e0f3ab212f039964ae752050abf63ffddf208aeddd9eed7d68c1	clean
revised/iteration4/data/Figures/Figure6/finite_time_q10_runs/figure6_q10_20260901_2037/diagnostic_cache/diagnostic_vivo_C01_E047.rds	22440	2026-09-01T20:43:19-0400	a97c59556e337c76411b8922577301d14324c9ef43b5012da05db1244c0c8e61	clean
revised/iteration4/data/Figures/Figure6/finite_time_q10_runs/figure6_q10_20260901_2037/diagnostic_cache/diagnostic_vivo_C01_E048.rds	22452	2026-09-01T20:43:21-0400	ac889601af7ed23e2f2f93cb9464ac29b3ef6275e998dd31e9588c002f6babb6	clean
revised/iteration4/data/Figures/Figure6/finite_time_q10_runs/figure6_q10_20260901_2037/diagnostic_cache/diagnostic_vivo_C01_E049.rds	22487	2026-09-01T20:43:19-0400	0a153434376511f79aca0b32a7279dbf59dceca75b1b50e338da78da0578b457	clean
revised/iteration4/data/Figures/Figure6/finite_time_q10_runs/figure6_q10_20260901_2037/diagnostic_cache/diagnostic_vivo_C01_E050.rds	22411	2026-09-01T20:43:22-0400	83fca511153c3e5e158abaabb516f8d9013ca93d28b665c55ba186160684145d	clean
revised/iteration4/data/Figures/Figure6/finite_time_q10_runs/figure6_q10_20260901_2037/diagnostic_cache/diagnostic_vivo_C02_E001.rds	22462	2026-09-01T20:43:20-0400	e16580226226276b2b39879a243a63058ff4c2af91c7563c7260e2d5a34357ea	clean
revised/iteration4/data/Figures/Figure6/finite_time_q10_runs/figure6_q10_20260901_2037/diagnostic_cache/diagnostic_vivo_C02_E002.rds	22401	2026-09-01T20:43:22-0400	58b377cfe901a3734be45d138ec55bb37247bf64a57bf4ade6a0f2884a928dc5	clean
revised/iteration4/data/Figures/Figure6/finite_time_q10_runs/figure6_q10_20260901_2037/diagnostic_cache/diagnostic_vivo_C02_E003.rds	22399	2026-09-01T20:43:18-0400	34f8d9f6ed4c3278b4b6a96ddcb1b5018829cf69b130662125de0677a8892489	clean
revised/iteration4/data/Figures/Figure6/finite_time_q10_runs/figure6_q10_20260901_2037/diagnostic_cache/diagnostic_vivo_C02_E004.rds	22422	2026-09-01T20:43:21-0400	ef9ece30a60a8a0903ed344b197eb3e242cc04b21b9cac7c40f600ed39704585	clean
revised/iteration4/data/Figures/Figure6/finite_time_q10_runs/figure6_q10_20260901_2037/diagnostic_cache/diagnostic_vivo_C02_E005.rds	22412	2026-09-01T20:43:23-0400	0c671e876b2081f436102dc91ce816171ef27e8c57dd94f3e6a3debc46da9776	clean
revised/iteration4/data/Figures/Figure6/finite_time_q10_runs/figure6_q10_20260901_2037/diagnostic_cache/diagnostic_vivo_C02_E006.rds	22424	2026-09-01T20:43:19-0400	61a892c3e460e9119bda520ec538e40af9bc15aefac34d1939577b16ce5ff763	clean
revised/iteration4/data/Figures/Figure6/finite_time_q10_runs/figure6_q10_20260901_2037/diagnostic_cache/diagnostic_vivo_C02_E007.rds	22343	2026-09-01T20:43:21-0400	315625991bfdf76c4286e47f164fb753b49abb92569170524e185af7cdb88e4d	clean
revised/iteration4/data/Figures/Figure6/finite_time_q10_runs/figure6_q10_20260901_2037/diagnostic_cache/diagnostic_vivo_C02_E008.rds	22319	2026-09-01T20:43:19-0400	2d9acaf761bd5463c7d25497cedddc8b5f862c195ab4882a45d2e363a9640eae	clean
revised/iteration4/data/Figures/Figure6/finite_time_q10_runs/figure6_q10_20260901_2037/diagnostic_cache/diagnostic_vivo_C02_E009.rds	22416	2026-09-01T20:43:22-0400	7a1b234b2706a3c076242804584383263b34c9eebeda1a34a80a382abe4e697f	clean
revised/iteration4/data/Figures/Figure6/finite_time_q10_runs/figure6_q10_20260901_2037/diagnostic_cache/diagnostic_vivo_C02_E010.rds	22355	2026-09-01T20:43:19-0400	4e13f0e5e5a9c53b12b3a1fedfded271d65744f5e0cd3e7de8d492044095b548	clean
revised/iteration4/data/Figures/Figure6/finite_time_q10_runs/figure6_q10_20260901_2037/diagnostic_cache/diagnostic_vivo_C02_E011.rds	22363	2026-09-01T20:43:21-0400	ed2c90a744c6b444fa75ed8e3b986a0f08cb66ce677eaab9eae64cb72611dd5b	clean
revised/iteration4/data/Figures/Figure6/finite_time_q10_runs/figure6_q10_20260901_2037/diagnostic_cache/diagnostic_vivo_C02_E012.rds	22374	2026-09-01T20:43:18-0400	053caca3f2278c8e05b7f04d1c6d5ae50941a612a079af55163b5a54d92105ec	clean
revised/iteration4/data/Figures/Figure6/finite_time_q10_runs/figure6_q10_20260901_2037/diagnostic_cache/diagnostic_vivo_C02_E013.rds	22403	2026-09-01T20:43:21-0400	9b03b651e05d105eabba92c3fb65937d29f95335ea093d7a39b3588422bc6de1	clean
revised/iteration4/data/Figures/Figure6/finite_time_q10_runs/figure6_q10_20260901_2037/diagnostic_cache/diagnostic_vivo_C02_E014.rds	22384	2026-09-01T20:43:20-0400	5daa56e02e926f9a08a997d17996d8a31a96cb9fb837e2dd26bb990d7fbf101e	clean
revised/iteration4/data/Figures/Figure6/finite_time_q10_runs/figure6_q10_20260901_2037/diagnostic_cache/diagnostic_vivo_C02_E015.rds	22457	2026-09-01T20:43:22-0400	a95cc43432eeb0bc30f81ed2d2ec36c8ece4cef06dbf6499f67ab61063d85f03	clean
revised/iteration4/data/Figures/Figure6/finite_time_q10_runs/figure6_q10_20260901_2037/diagnostic_cache/diagnostic_vivo_C02_E016.rds	22398	2026-09-01T20:43:19-0400	d198c38227f01fe66ca048ac78ca840a419b7b839f16fe5670fb724fe37eeefb	clean
revised/iteration4/data/Figures/Figure6/finite_time_q10_runs/figure6_q10_20260901_2037/figure6_finite_time_chart_contract.tsv	1842	2026-09-01T20:37:29-0400	749223bb178bbd335018d0fee571648527d6e454d63acf2cd2f45378430bfb89	clean
revised/iteration4/data/Figures/Figure6/finite_time_q10_runs/figure6_q10_20260901_2037/figure6_finite_time_render_validation.tsv	489	2026-09-01T20:45:28-0400	831f31064d6fcafd72636eb7d44ab851b23841c951ad8757949ac10d9db8bed6	clean
revised/iteration4/data/Figures/Figure6/finite_time_q10_runs/figure6_q10_20260901_2037/finite_time_diagnostic_endpoint_validation.tsv	33873	2026-09-01T20:43:25-0400	45ab8e6b7200bf2660e7ad434f5137890a5c5d15cd62ba5e2c7b87a0fc1cdf0b	clean
revised/iteration4/data/Figures/Figure6/finite_time_q10_runs/figure6_q10_20260901_2037/finite_time_diagnostic_error_summary.tsv	2110	2026-09-01T20:43:26-0400	e049e042f953036b8ae17b2e057c45b5c5d1150986516428350d32650bd1bc94	clean
revised/iteration4/data/Figures/Figure6/finite_time_q10_runs/figure6_q10_20260901_2037/finite_time_diagnostic_rows.rds	2915105	2026-09-01T20:43:26-0400	dfc9133ddb2c332259b00f66dcb3c8733e78fe876877f327a6a02257e3a0e92d	clean
revised/iteration4/data/Figures/Figure6/finite_time_q10_runs/figure6_q10_20260901_2037/finite_time_euler_step_sensitivity_rows.rds	35324	2026-09-01T20:43:28-0400	4ddb4a475eda33dea1b389221b0de16ccb90507f21abff672b2e95050b58c66f	clean
revised/iteration4/data/Figures/Figure6/finite_time_q10_runs/figure6_q10_20260901_2037/finite_time_euler_step_sensitivity.tsv	486	2026-09-01T20:43:28-0400	14f6f6af0ce46acb7524add558c6c516bfbbc3f94e49a740cce97559defa0ed8	clean
revised/iteration4/data/Figures/Figure6/finite_time_q10_runs/figure6_q10_20260901_2037/finite_time_panel_c.rds	32920122	2026-09-01T20:43:07-0400	16d4dec027bb5e1d5f4fd2baf40f48f31a2d912047ceb50104aad346fc2b6501	clean
revised/iteration4/data/Figures/Figure6/finite_time_q10_runs/figure6_q10_20260901_2037/finite_time_panel_d.rds	33262367	2026-09-01T20:43:10-0400	fc19a9cdb43d705bed8155a8cc106ec644c1f90d755c63ea5610be387bc73052	clean
revised/iteration4/data/Figures/Figure6/finite_time_q10_runs/figure6_q10_20260901_2037/finite_time_panel_e.rds	22626465	2026-09-01T20:43:12-0400	7ce2f5b35a6e94c269b73341031439f8f8e23e9950a918d1ad17c1ac6a1f80a3	clean
revised/iteration4/data/Figures/Figure6/finite_time_q10_runs/figure6_q10_20260901_2037/finite_time_panel_f.rds	22616218	2026-09-01T20:43:14-0400	c965e0efbff2ef0d6d351021840c0e19684521e85ffd9e61bebe72517ac1c303	clean
revised/iteration4/data/Figures/Figure6/finite_time_q10_runs/figure6_q10_20260901_2037/finite_time_panel_validation.tsv	504	2026-09-01T20:43:14-0400	3c7a1d127b7d209eeb9324a3037b9cddc4777e60b3ae4a99a05160bd2dc3a36c	clean
revised/iteration4/data/Figures/Figure6/finite_time_q10_runs/figure6_q10_20260901_2037/finite_time_run_provenance.tsv	1640	2026-09-01T20:43:28-0400	0eab36f1d0b50b0bbf9636bfc60a193dbdcfef0edf9ce1359400d6a316920c44	clean
revised/iteration4/data/Figures/Figure6/finite_time_q10_runs/figure6_q10_20260901_2037/finite_time_task_manifest.tsv	78945	2026-09-01T20:37:29-0400	28ea823858e1c93926949137ef9f9a55b212870dc917a38f306f2757594fbd6c	clean
revised/iteration4/data/Figures/Figure6/finite_time_q10_runs/figure6_q10_20260901_2037/finite_time_task_validation.tsv	69885	2026-09-01T20:43:05-0400	cd53530d4dc1f40636388fc3adb5d66a5c7626f54bf7e51a634b7f9d25dbb0b8	clean
revised/iteration4/data/Figures/Figure6/finite_time_q10_runs/figure6_q10_20260901_2037/panels/figure6c_finite_time_q10.pdf	508018	2026-09-02T01:27:58-0400	98793665bf1536c998420d904cb30a391967dd926055ff48bd1aa19097e05683	clean
revised/iteration4/data/Figures/Figure6/finite_time_q10_runs/figure6_q10_20260901_2037/panels/figure6c_finite_time_q10.png	551140	2026-09-02T01:27:51-0400	6b519c50963b405bb259a81ab801f2820652b9094f90f6e8618df3695b538336	clean
revised/iteration4/data/Figures/Figure6/finite_time_q10_runs/figure6_q10_20260901_2037/panels/figure6d_finite_time_q10.pdf	476058	2026-09-02T01:28:08-0400	fd6b88028d6e7440d1f445d763d4dd52d412b826cbeacc671dd54212e8c36ed1	clean
revised/iteration4/data/Figures/Figure6/finite_time_q10_runs/figure6_q10_20260901_2037/panels/figure6d_finite_time_q10.png	535340	2026-09-02T01:28:03-0400	8924f4f98a0c52affda1f0e07f4964235d6a6f1827f790fa65ab74a0bd2e7855	clean
revised/iteration4/data/Figures/Figure6/finite_time_q10_runs/figure6_q10_20260901_2037/panels/figure6e_finite_time_q10.pdf	385527	2026-09-02T01:28:17-0400	c23b3f292bfd2386cef5370ad6dce4972346b0a45be1fc4bbd4402396fbf753d	clean
revised/iteration4/data/Figures/Figure6/finite_time_q10_runs/figure6_q10_20260901_2037/panels/figure6e_finite_time_q10.png	377881	2026-09-02T01:28:13-0400	be6a159b8d867181f079e0d6e72e496ad1886a78bcf72dac38a5ada128e42b5e	clean
revised/iteration4/data/Figures/Figure6/finite_time_q10_runs/figure6_q10_20260901_2037/panels/figure6f_finite_time_q10.pdf	385316	2026-09-02T01:28:27-0400	365abd01ccd352de3cb0797c4832b9c304adeecd955f7e21bcc22ffdc30c617e	clean
revised/iteration4/data/Figures/Figure6/finite_time_q10_runs/figure6_q10_20260901_2037/panels/figure6f_finite_time_q10.png	378433	2026-09-02T01:28:22-0400	f9472e29cab9961ea5fb5290bdbf212213269e957b85141a7e0209f0d757bd95	clean
revised/iteration4/data/Figures/Figure6/finite_time_q10_runs/figure6_q10_20260901_2037/q10_endpoint_manifest_validation.tsv	215	2026-09-01T20:37:29-0400	e2baa8b3d24bd6ad6a9552ae5a591b167249d354b3f7a1165284280c2076630f	clean
revised/iteration4/data/Figures/Figure6/finite_time_q10_runs/figure6_q10_20260901_2037/q10_optimizer_seed_manifest.tsv	67973	2026-09-01T20:37:29-0400	221da9b01e779769a79c98cc1e0189de713a242bb9fa83873bd8b16cd859e1b1	clean
revised/iteration4/data/Figures/Figure6/finite_time_q10_runs/figure6_q10_20260901_2037/q10_unique_endpoint_manifest.tsv	49357	2026-09-01T20:37:29-0400	431ef1b1a15d4355cb61aa679001af97319d1c317d6df6b0d295dc2248868c13	clean
revised/iteration4/data/Figures/Figure6/finite_time_q10_runs/figure6_q10_20260901_2037/rendered/assembled_fig6.pdf	2767434	2026-09-02T01:29:10-0400	f2be3396a706288672715f1262c71fada97847bcb0b86513101dd96de8685be3	clean
revised/iteration4/data/Figures/Figure6/finite_time_q10_runs/figure6_q10_20260901_2037/rendered/assembled_fig6.png	2414768	2026-09-02T01:28:49-0400	3a6c341f5d380ba48dcf3afcd1d41dbc1e30bbe01a76081a9e3aee138e8ec863	clean
revised/iteration4/data/Figures/Figure6/finite_time_q10_runs/figure6_q10_20260901_2037/task_cache/task_0001.rds	8055605	2026-09-01T20:38:23-0400	bf168df96831835f8caeb8c4de635c5e28eca366701e1b341ab805c357ce472d	clean
revised/iteration4/data/Figures/Figure6/finite_time_q10_runs/figure6_q10_20260901_2037/task_cache/task_0002.rds	8055611	2026-09-01T20:39:16-0400	0efe1f08aecf86d6761b035854f71286a600f742bd04400bda72695707a03127	clean
revised/iteration4/data/Figures/Figure6/finite_time_q10_runs/figure6_q10_20260901_2037/task_cache/task_0003.rds	8055624	2026-09-01T20:40:09-0400	5790ce1ce6f01945951daffa776dbc0b9a26b1209cad9400c86ecaade61d9143	clean
revised/iteration4/data/Figures/Figure6/finite_time_q10_runs/figure6_q10_20260901_2037/task_cache/task_0004.rds	8055605	2026-09-01T20:41:03-0400	ec6ce7e504093500fdc6eaf725412e21f61e250477b474fe0b803479f39fb84e	clean
revised/iteration4/data/Figures/Figure6/finite_time_q10_runs/figure6_q10_20260901_2037/task_cache/task_0005.rds	8055607	2026-09-01T20:41:56-0400	80aa10fe39f2fe40a51b1db1419d42b03fc179f961b881027ccf8cbb56d5c0b7	clean
revised/iteration4/data/Figures/Figure6/finite_time_q10_runs/figure6_q10_20260901_2037/task_cache/task_0006.rds	8055609	2026-09-01T20:38:23-0400	71ac1b3c8e79ae926f926f888b11250506880516e8cc31fcd02568d58ffb672f	clean
revised/iteration4/data/Figures/Figure6/finite_time_q10_runs/figure6_q10_20260901_2037/task_cache/task_0007.rds	8055611	2026-09-01T20:39:16-0400	46cea4668a856b694aa986c1618aac1fbf348ff40af7d13722edc3e82a683cfe	clean
revised/iteration4/data/Figures/Figure6/finite_time_q10_runs/figure6_q10_20260901_2037/task_cache/task_0008.rds	8055614	2026-09-01T20:40:09-0400	b459e59ad96365cb78cf240cf934d92a6f4a4bf5926eb1f7e805d2abc723e1b2	clean
revised/iteration4/data/Figures/Figure6/finite_time_q10_runs/figure6_q10_20260901_2037/task_cache/task_0009.rds	8055631	2026-09-01T20:41:02-0400	271bea16ddaeac04fd51d979b12895f82102ba4bd98f35ea163df410e514bc87	clean
revised/iteration4/data/Figures/Figure6/finite_time_q10_runs/figure6_q10_20260901_2037/task_cache/task_0010.rds	8055617	2026-09-01T20:41:56-0400	cd14027fd1c13702f3ecc4012b4a089d199d361f1e94b3d3d125a5cd1c34c0ff	clean
revised/iteration4/data/Figures/Figure6/finite_time_q10_runs/figure6_q10_20260901_2037/task_cache/task_0011.rds	8055609	2026-09-01T20:42:42-0400	0e2eb00cfe87514f82700ad9fee3c1db4bffbb857b4d34e2db00e33eb3e20832	clean
revised/iteration4/data/Figures/Figure6/finite_time_q10_runs/figure6_q10_20260901_2037/task_cache/task_0012.rds	8055625	2026-09-01T20:38:24-0400	00cafe0503739521af3fed86550d83c2d0d15423b1221a5e539dd00ce8969f75	clean
revised/iteration4/data/Figures/Figure6/finite_time_q10_runs/figure6_q10_20260901_2037/task_cache/task_0013.rds	8055607	2026-09-01T20:39:17-0400	c7f20bb5f02716add96efb7f7e72b608cd871b7c3efb9ca3a8c2b201c046d580	clean
revised/iteration4/data/Figures/Figure6/finite_time_q10_runs/figure6_q10_20260901_2037/task_cache/task_0014.rds	8055603	2026-09-01T20:40:11-0400	fcee52a259bbe8038de78f8adbcb98cfbfd903c00f1b43593d46c30c8c74991b	clean
revised/iteration4/data/Figures/Figure6/finite_time_q10_runs/figure6_q10_20260901_2037/task_cache/task_0015.rds	8055607	2026-09-01T20:41:04-0400	ee2b0e4023aa3989c8edea061f988346f0ce140564b13f229d7382fdeeed3b00	clean
revised/iteration4/data/Figures/Figure6/finite_time_q10_runs/figure6_q10_20260901_2037/task_cache/task_0016.rds	8055602	2026-09-01T20:41:58-0400	24b64ebf91ed7d733c1e1db9b6a8dcac709781ebe2b3a7865ba2176174bc7faa	clean
revised/iteration4/data/Figures/Figure6/finite_time_q10_runs/figure6_q10_20260901_2037/task_cache/task_0017.rds	8055610	2026-09-01T20:38:24-0400	6aec0b23d28d3cac25a30b25edb2f46c7683ca3c5b4f76ec3482186f86b9b41d	clean
revised/iteration4/data/Figures/Figure6/finite_time_q10_runs/figure6_q10_20260901_2037/task_cache/task_0018.rds	8055613	2026-09-01T20:39:19-0400	14430acc413736e96a0d17bc44816291de4d172edebb4801fef6d7443556eb53	clean
revised/iteration4/data/Figures/Figure6/finite_time_q10_runs/figure6_q10_20260901_2037/task_cache/task_0019.rds	8055613	2026-09-01T20:40:12-0400	101d88963431f8406afaf69047dd83720a115d7e84fe37b80f90e30a31cb27d1	clean
revised/iteration4/data/Figures/Figure6/finite_time_q10_runs/figure6_q10_20260901_2037/task_cache/task_0020.rds	8055611	2026-09-01T20:41:06-0400	34024a9df30b383368083f488d5e6f388cba8c5d36eb9ea9f107b0b6636db639	clean
revised/iteration4/data/Figures/Figure6/finite_time_q10_runs/figure6_q10_20260901_2037/task_cache/task_0021.rds	8055628	2026-09-01T20:42:00-0400	637af5fc23d48dcf2ffa8b77fd5ec4c2ab35da4c8f48fb9af3e662cef1fd6db7	clean
revised/iteration4/data/Figures/Figure6/finite_time_q10_runs/figure6_q10_20260901_2037/task_cache/task_0022.rds	8055608	2026-09-01T20:38:23-0400	28570198cd9c6a357d4a91be14f50e45ba8bf1c0e2855aef68022a2bbf7144c8	clean
revised/iteration4/data/Figures/Figure6/finite_time_q10_runs/figure6_q10_20260901_2037/task_cache/task_0023.rds	8055611	2026-09-01T20:39:16-0400	b367e9b7409429aa19330f0667cdfc6645f849200175502186c3b5bb69f6966c	clean
revised/iteration4/data/Figures/Figure6/finite_time_q10_runs/figure6_q10_20260901_2037/task_cache/task_0024.rds	8055603	2026-09-01T20:40:10-0400	41fdf4ed5fcfba80cb1001ee6eb92da8a603dd8a3afaf62f9b7bd0de47a8b6ad	clean
revised/iteration4/data/Figures/Figure6/finite_time_q10_runs/figure6_q10_20260901_2037/task_cache/task_0025.rds	8055609	2026-09-01T20:41:04-0400	24675d484e74cee85c37b396cb9941fd3a3872c1efe169ec06b9f221d8685868	clean
revised/iteration4/data/Figures/Figure6/finite_time_q10_runs/figure6_q10_20260901_2037/task_cache/task_0026.rds	8055605	2026-09-01T20:41:57-0400	c459b9f1080475e28cf156d3028d4d8285de6d727cd72c68ce2adf5fa6da53eb	clean
revised/iteration4/data/Figures/Figure6/finite_time_q10_runs/figure6_q10_20260901_2037/task_cache/task_0027.rds	8055611	2026-09-01T20:38:25-0400	683b97847fd2e9710066a21521a1485a2eeb743ccd57b4c4887cfd3b3f5d5155	clean
revised/iteration4/data/Figures/Figure6/finite_time_q10_runs/figure6_q10_20260901_2037/task_cache/task_0028.rds	8055624	2026-09-01T20:39:18-0400	d3722d2025f150516cc50a2f6b82d63e9e5b331723f3737f36a7ab8bbf908356	clean
revised/iteration4/data/Figures/Figure6/finite_time_q10_runs/figure6_q10_20260901_2037/task_cache/task_0029.rds	8055605	2026-09-01T20:40:11-0400	367cadd4adb0b70e7d0089ac0994a8912c9fedb6de8cb3a763aef1ec1ef97521	clean
revised/iteration4/data/Figures/Figure6/finite_time_q10_runs/figure6_q10_20260901_2037/task_cache/task_0030.rds	8055607	2026-09-01T20:41:05-0400	3a503ae86b2c7676e1d0906369d2de7abf406ba35da4c1780e9fbe69a995318b	clean
revised/iteration4/data/Figures/Figure6/finite_time_q10_runs/figure6_q10_20260901_2037/task_cache/task_0031.rds	8055609	2026-09-01T20:41:58-0400	7c90e96740e731c61fec36309679f6d7d638004267125ce5e7149206659025db	clean
revised/iteration4/data/Figures/Figure6/finite_time_q10_runs/figure6_q10_20260901_2037/task_cache/task_0032.rds	8055611	2026-09-01T20:42:45-0400	affc67bd7c893019b699e26a71904fc987ec82af15ba0549c987d864f2d951bc	clean
revised/iteration4/data/Figures/Figure6/finite_time_q10_runs/figure6_q10_20260901_2037/task_cache/task_0033.rds	8055614	2026-09-01T20:38:24-0400	0f8eb8d74913a73c776da9b025125b8e7d7912239030e1c481c6a3279ebe1fce	clean
revised/iteration4/data/Figures/Figure6/finite_time_q10_runs/figure6_q10_20260901_2037/task_cache/task_0034.rds	8055631	2026-09-01T20:39:18-0400	fc8ef305b927255e754de185bcf8593ecbb8aec8b77749dae1ef271fd049e8ee	clean
revised/iteration4/data/Figures/Figure6/finite_time_q10_runs/figure6_q10_20260901_2037/task_cache/task_0035.rds	8055617	2026-09-01T20:40:13-0400	0bd69f5a2842fd52c85d0ea6a37b7ed68ce910d0d5f18ab76e0c9fc9feef34c5	clean
revised/iteration4/data/Figures/Figure6/finite_time_q10_runs/figure6_q10_20260901_2037/task_cache/task_0036.rds	8055609	2026-09-01T20:41:07-0400	28f3ef69af5deeca2bc090f27bb1b1f674920ff34976f545ccd738343b2ad14e	clean
revised/iteration4/data/Figures/Figure6/finite_time_q10_runs/figure6_q10_20260901_2037/task_cache/task_0037.rds	8055625	2026-09-01T20:42:00-0400	b2d25342d871d5731444edeb83b83a9b096c7d454c351b07d050b5e6bfb9aafe	clean
revised/iteration4/data/Figures/Figure6/finite_time_q10_runs/figure6_q10_20260901_2037/task_cache/task_0038.rds	8055607	2026-09-01T20:38:24-0400	a5065d577553688cef259063c6300ee5d0d9fc7b70db2ab77612fb1f783e621a	clean
revised/iteration4/data/Figures/Figure6/finite_time_q10_runs/figure6_q10_20260901_2037/task_cache/task_0039.rds	8055603	2026-09-01T20:39:17-0400	5514efbba053db265497c74ab1295333eddfa73ca26898778b1827b27c4a7b0c	clean
revised/iteration4/data/Figures/Figure6/finite_time_q10_runs/figure6_q10_20260901_2037/task_cache/task_0040.rds	8055607	2026-09-01T20:40:12-0400	cb06cd1e9d669f32e312adee9af5447f65e63e37adfe81f56e6e656cde96e9c8	clean
revised/iteration4/data/Figures/Figure6/finite_time_q10_runs/figure6_q10_20260901_2037/task_cache/task_0041.rds	8055602	2026-09-01T20:41:05-0400	db6f013035ee47cd2e9e17b62c5279adfd2499be527729937a6e7a35b233d16a	clean
revised/iteration4/data/Figures/Figure6/finite_time_q10_runs/figure6_q10_20260901_2037/task_cache/task_0042.rds	8055610	2026-09-01T20:41:57-0400	e742ce9f9b4c1e900b64a850a934df7e6435c7e9aae897a0a260dfb765ce29e8	clean
revised/iteration4/data/Figures/Figure6/finite_time_q10_runs/figure6_q10_20260901_2037/task_cache/task_0043.rds	8055613	2026-09-01T20:38:25-0400	cfa839e17844797a50d8879d012ce95d6485636ac34ad8f8d1fdd164a595e008	clean
revised/iteration4/data/Figures/Figure6/finite_time_q10_runs/figure6_q10_20260901_2037/task_cache/task_0044.rds	8055613	2026-09-01T20:39:18-0400	376d959f07bda3b7de8314ffb3954582de309867de079f5f5b991673aaf8b0c1	clean
revised/iteration4/data/Figures/Figure6/finite_time_q10_runs/figure6_q10_20260901_2037/task_cache/task_0045.rds	8055611	2026-09-01T20:40:11-0400	c3f1f0c6683863bb0d2c1f060594957ed33d6b507b7a60700e1fe2d1060338af	clean
revised/iteration4/data/Figures/Figure6/finite_time_q10_runs/figure6_q10_20260901_2037/task_cache/task_0046.rds	8055628	2026-09-01T20:41:05-0400	269f852a19d74cfb9127d0a1c6906f887a3342f8d32aea8054c40eea0e3f5a3b	clean
revised/iteration4/data/Figures/Figure6/finite_time_q10_runs/figure6_q10_20260901_2037/task_cache/task_0047.rds	8055608	2026-09-01T20:41:58-0400	bba3fe29c6a8c76c5cbab6b7f53207c7ecc5d6fe21a83e5ea3bbda42fc918ef8	clean
revised/iteration4/data/Figures/Figure6/finite_time_q10_runs/figure6_q10_20260901_2037/task_cache/task_0048.rds	8055611	2026-09-01T20:38:24-0400	d468c040ee3db0c0838ca9c967f791e29ece30e78ed884b095be9a4d88aaa5ee	clean
revised/iteration4/data/Figures/Figure6/finite_time_q10_runs/figure6_q10_20260901_2037/task_cache/task_0049.rds	8055603	2026-09-01T20:39:16-0400	136b53844e1a62dc34685ebef2777467265e016620a4cf35d6ed51b8bf54a6b2	clean
revised/iteration4/data/Figures/Figure6/finite_time_q10_runs/figure6_q10_20260901_2037/task_cache/task_0050.rds	8055609	2026-09-01T20:40:09-0400	343d5f2d943cae4f6c90ae8d0296b54787bee35467a779f37513dabea3fb56ec	clean
revised/iteration4/data/Figures/Figure6/finite_time_q10_runs/figure6_q10_20260901_2037/task_cache/task_0051.rds	8055605	2026-09-01T20:41:03-0400	e3a865f50f56265dfd1917376ba5bdcd27aa43c8da7fb4cd8e15ac6afd2f53a0	clean
revised/iteration4/data/Figures/Figure6/finite_time_q10_runs/figure6_q10_20260901_2037/task_cache/task_0052.rds	8055611	2026-09-01T20:41:56-0400	19fb1b7472e6a1d4d02ea600c0d02fa0b4c7cec85c37f9e3dfbd8c43fee7cdae	clean
revised/iteration4/data/Figures/Figure6/finite_time_q10_runs/figure6_q10_20260901_2037/task_cache/task_0053.rds	8055624	2026-09-01T20:38:25-0400	49fc962437cbd389017055ce76bf1947287f0b62fa6a2a8bef79e13dde33ba2a	clean
revised/iteration4/data/Figures/Figure6/finite_time_q10_runs/figure6_q10_20260901_2037/task_cache/task_0054.rds	8055605	2026-09-01T20:39:18-0400	7d8c6e35c8e2126df1d939ad47bb41e437ca5b2fdf91b76df427ad02d0145896	clean
revised/iteration4/data/Figures/Figure6/finite_time_q10_runs/figure6_q10_20260901_2037/task_cache/task_0055.rds	8055607	2026-09-01T20:40:12-0400	cfde212dab9451a2262e7d960e092a9f296522390619b03ebb75e5552f559fa6	clean
revised/iteration4/data/Figures/Figure6/finite_time_q10_runs/figure6_q10_20260901_2037/task_cache/task_0056.rds	8055609	2026-09-01T20:41:06-0400	35aca21b076013420b785e5471110735fbe1b216ebf3a5a91193ff3ef5cb56e9	clean
revised/iteration4/data/Figures/Figure6/finite_time_q10_runs/figure6_q10_20260901_2037/task_cache/task_0057.rds	8055611	2026-09-01T20:42:00-0400	e750d91eec9a00714e95614dd058812c5bdc3a0100f540f7dbb45743c2c5e620	clean
revised/iteration4/data/Figures/Figure6/finite_time_q10_runs/figure6_q10_20260901_2037/task_cache/task_0058.rds	8055614	2026-09-01T20:42:46-0400	7da29262f988d139cfa5f7914ddb0760c8d79aa2e3ae88ccb481827760c2bfb1	clean
revised/iteration4/data/Figures/Figure6/finite_time_q10_runs/figure6_q10_20260901_2037/task_cache/task_0059.rds	8055631	2026-09-01T20:38:23-0400	c7ea67810d02bbf2aa8c9ade3c2654c131acb1402cb43d56397bc846fc654684	clean
revised/iteration4/data/Figures/Figure6/finite_time_q10_runs/figure6_q10_20260901_2037/task_cache/task_0060.rds	8055617	2026-09-01T20:39:16-0400	9b2ab7b6b2c9267e99b50f1b4727c85b09e71b391ba99d3e1927bc001e3ef461	clean
revised/iteration4/data/Figures/Figure6/finite_time_q10_runs/figure6_q10_20260901_2037/task_cache/task_0061.rds	8055609	2026-09-01T20:40:09-0400	5024704838ec0094e32b7ba1a4186064e9b213c0cf18a0e930157932d82e29a9	clean
revised/iteration4/data/Figures/Figure6/finite_time_q10_runs/figure6_q10_20260901_2037/task_cache/task_0062.rds	8055625	2026-09-01T20:41:02-0400	4d6f3d80a1f170eb10f517714bc12fa0998bfcb26e172724b0c86f8e1755c7b6	clean
revised/iteration4/data/Figures/Figure6/finite_time_q10_runs/figure6_q10_20260901_2037/task_cache/task_0063.rds	8055607	2026-09-01T20:41:56-0400	12fb4fd25b23d0f1ca8df5d316c8d5fdb727c7f2f0b7d25180f66737d368bb55	clean
revised/iteration4/data/Figures/Figure6/finite_time_q10_runs/figure6_q10_20260901_2037/task_cache/task_0064.rds	8055603	2026-09-01T20:38:25-0400	55ed62dc24cc1b5da3e1e65ac161518b8375e38baca0716d5e34986566b10f21	clean
revised/iteration4/data/Figures/Figure6/finite_time_q10_runs/figure6_q10_20260901_2037/task_cache/task_0065.rds	8055607	2026-09-01T20:39:19-0400	f2ba10a2ea7541f9f83f0264641f3f2b587a8f371aa43277c6169ed50b472e67	clean
revised/iteration4/data/Figures/Figure6/finite_time_q10_runs/figure6_q10_20260901_2037/task_cache/task_0066.rds	8055602	2026-09-01T20:40:14-0400	7b2a2f535d9b00ed36f090a9b15c211a55f11e1f93b791cd3b90cc2e8c914d6f	clean
revised/iteration4/data/Figures/Figure6/finite_time_q10_runs/figure6_q10_20260901_2037/task_cache/task_0067.rds	8055610	2026-09-01T20:41:08-0400	9f6e0ee5f29fc69b3bae5faf9b8cba08ab7db1f4e4032f8b2e9f69e850bed7f7	clean
revised/iteration4/data/Figures/Figure6/finite_time_q10_runs/figure6_q10_20260901_2037/task_cache/task_0068.rds	8055613	2026-09-01T20:42:01-0400	e9693e4561f687f65b73908dae363608c933a0b3de5732bd52846df5cf29f943	clean
revised/iteration4/data/Figures/Figure6/finite_time_q10_runs/figure6_q10_20260901_2037/task_cache/task_0069.rds	8055613	2026-09-01T20:38:24-0400	db5849984c27c98aa140a81ed027191da457b50fe98fc835b5a6c453bc8745b1	clean
revised/iteration4/data/Figures/Figure6/finite_time_q10_runs/figure6_q10_20260901_2037/task_cache/task_0070.rds	8055611	2026-09-01T20:39:17-0400	01131e000fa14eaaebf2229151b918c731ad3cf507f92bbc75cc9120f4a39d7e	clean
revised/iteration4/data/Figures/Figure6/finite_time_q10_runs/figure6_q10_20260901_2037/task_cache/task_0071.rds	8055628	2026-09-01T20:40:11-0400	068170abc8e08811de8ac61b3ae4123d5167052acb02d86281922711763f1961	clean
revised/iteration4/data/Figures/Figure6/finite_time_q10_runs/figure6_q10_20260901_2037/task_cache/task_0072.rds	8055608	2026-09-01T20:41:05-0400	193932de96b3dd0e915c41e8b4ca69b9f4c5b8120af85e833c31f0b1519d74a7	clean
revised/iteration4/data/Figures/Figure6/finite_time_q10_runs/figure6_q10_20260901_2037/task_cache/task_0073.rds	8055611	2026-09-01T20:41:58-0400	769734c9c8296b25255a924de04783bbcd41c89ccf95a2cc11f688257b7fa77c	clean
revised/iteration4/data/Figures/Figure6/finite_time_q10_runs/figure6_q10_20260901_2037/task_cache/task_0074.rds	8055603	2026-09-01T20:38:24-0400	3fd33893a835e70e4fae5a895ca649e16c907f2796f10c9b7998bdccd10e1aed	clean
revised/iteration4/data/Figures/Figure6/finite_time_q10_runs/figure6_q10_20260901_2037/task_cache/task_0075.rds	8055609	2026-09-01T20:39:17-0400	32cdc0385c9964657cc709c6a4e996061f0c88218e18c83ce7ecef2da06d9b66	clean
revised/iteration4/data/Figures/Figure6/finite_time_q10_runs/figure6_q10_20260901_2037/task_cache/task_0076.rds	8055605	2026-09-01T20:40:12-0400	05516cdedc448482122fe5ec434527361a0afd2737921c2e994a13440ebd4b26	clean
revised/iteration4/data/Figures/Figure6/finite_time_q10_runs/figure6_q10_20260901_2037/task_cache/task_0077.rds	8055611	2026-09-01T20:41:06-0400	8aec47b1ffe0b0e517fec6789ded6453d54f2a4df9546e006453971e6f1cbe9d	clean
revised/iteration4/data/Figures/Figure6/finite_time_q10_runs/figure6_q10_20260901_2037/task_cache/task_0078.rds	8055624	2026-09-01T20:42:00-0400	65ec22f8fd4ef33c44ce4141eb75669cce79d2a6949adf73fd2f2deece83dee8	clean
revised/iteration4/data/Figures/Figure6/finite_time_q10_runs/figure6_q10_20260901_2037/task_cache/task_0079.rds	8055605	2026-09-01T20:42:45-0400	9c305e95798ec5cc1917febdef6a5a4ae8f9f4ffd299af05bce0f0ef907dfd14	clean
revised/iteration4/data/Figures/Figure6/finite_time_q10_runs/figure6_q10_20260901_2037/task_cache/task_0080.rds	8055607	2026-09-01T20:38:25-0400	0e470afe5303d697f8e1b8f97b6285409c1f27d2a5c184773b2f56fcd62a7a81	clean
revised/iteration4/data/Figures/Figure6/finite_time_q10_runs/figure6_q10_20260901_2037/task_cache/task_0081.rds	8055609	2026-09-01T20:39:19-0400	bd26d510d54381e41193e31276c7f5badf5c15bf65a1b8cdefcb4b7ef7de49fc	clean
revised/iteration4/data/Figures/Figure6/finite_time_q10_runs/figure6_q10_20260901_2037/task_cache/task_0082.rds	8055611	2026-09-01T20:40:13-0400	91d549e0f4317f8eefd972205c6a953ff56feda08ae59ca491e8108a756e72b9	clean
revised/iteration4/data/Figures/Figure6/finite_time_q10_runs/figure6_q10_20260901_2037/task_cache/task_0083.rds	8055614	2026-09-01T20:41:07-0400	baa8ee67d0c13213d00095541febb8b6a42cefea1441b9e817bf52737217373c	clean
revised/iteration4/data/Figures/Figure6/finite_time_q10_runs/figure6_q10_20260901_2037/task_cache/task_0084.rds	8055631	2026-09-01T20:42:01-0400	ec563a8db988dfd5ce803939d5301d6b79970b478f4af36bc04247789f640bef	clean
revised/iteration4/data/Figures/Figure6/finite_time_q10_runs/figure6_q10_20260901_2037/task_cache/task_0085.rds	8055617	2026-09-01T20:38:26-0400	828aeda95d752cfa16a834e96d26623a6fd59fcd4312bceefce8e84cc0f2223a	clean
revised/iteration4/data/Figures/Figure6/finite_time_q10_runs/figure6_q10_20260901_2037/task_cache/task_0086.rds	8055609	2026-09-01T20:39:22-0400	bc1af922825668321b777ab13ac0602e2e1d994cde6f6cd8bc35420f05038f66	clean
revised/iteration4/data/Figures/Figure6/finite_time_q10_runs/figure6_q10_20260901_2037/task_cache/task_0087.rds	8055625	2026-09-01T20:40:17-0400	491dd65b188df866676bd4caa207fbb8bca25c7275c201aad32fbe9505b5a5d9	clean
revised/iteration4/data/Figures/Figure6/finite_time_q10_runs/figure6_q10_20260901_2037/task_cache/task_0088.rds	8055607	2026-09-01T20:41:12-0400	4092204b15fb8cfd274fbcfd4faf49fca692d49f3aab7b3cfe6dffa3b002f294	clean
revised/iteration4/data/Figures/Figure6/finite_time_q10_runs/figure6_q10_20260901_2037/task_cache/task_0089.rds	8055603	2026-09-01T20:42:07-0400	1d188139e9a52057073fd4e34fa6f824103d4eb9c13172ce4b5dc8c16011b1b7	clean
revised/iteration4/data/Figures/Figure6/finite_time_q10_runs/figure6_q10_20260901_2037/task_cache/task_0090.rds	8055607	2026-09-01T20:38:25-0400	68b5a6223d22187b1df4098ade060b9bb119a5e5d1fde224f3598563200f702b	clean
revised/iteration4/data/Figures/Figure6/finite_time_q10_runs/figure6_q10_20260901_2037/task_cache/task_0091.rds	8055602	2026-09-01T20:39:18-0400	569d6fec0db8bb31246373c0dcf02ceead5635ed05e589e184e403483e595fbe	clean
revised/iteration4/data/Figures/Figure6/finite_time_q10_runs/figure6_q10_20260901_2037/task_cache/task_0092.rds	8055610	2026-09-01T20:40:11-0400	bebe634d7ddf95926b7b0adf181df8cd67fcae177fc9e12a834a77efca063d97	clean
revised/iteration4/data/Figures/Figure6/finite_time_q10_runs/figure6_q10_20260901_2037/task_cache/task_0093.rds	8055613	2026-09-01T20:41:05-0400	4e5f5641f4e1de83fa0f2223de9860cacfe1b0bfb4057b6d0033c7bd6e544f1d	clean
revised/iteration4/data/Figures/Figure6/finite_time_q10_runs/figure6_q10_20260901_2037/task_cache/task_0094.rds	8055613	2026-09-01T20:41:59-0400	852ef3d2b02db5190fdac7fd2986eee199db35b11eef3c01a63dbf08c371b2e1	clean
revised/iteration4/data/Figures/Figure6/finite_time_q10_runs/figure6_q10_20260901_2037/task_cache/task_0095.rds	8055611	2026-09-01T20:38:25-0400	fb6de9d3d603f3390775e102c26c92066c92330db6e6759d171ab007b0167717	clean
revised/iteration4/data/Figures/Figure6/finite_time_q10_runs/figure6_q10_20260901_2037/task_cache/task_0096.rds	8055628	2026-09-01T20:39:18-0400	dd8b143d184deb0448bbac89f96b8f232682fd8b819668eca519447ca80e99f2	clean
revised/iteration4/data/Figures/Figure6/finite_time_q10_runs/figure6_q10_20260901_2037/task_cache/task_0097.rds	8055608	2026-09-01T20:40:12-0400	7df8158dd4c296d75a55852f1cc32eab8cc80bf94ccd6b5fa752dfea794ac666	clean
revised/iteration4/data/Figures/Figure6/finite_time_q10_runs/figure6_q10_20260901_2037/task_cache/task_0098.rds	8055611	2026-09-01T20:41:06-0400	748051b124ab4127023c4b23312cad85316b8d7a7e7324d20c08e2d80bb7875b	clean
revised/iteration4/data/Figures/Figure6/finite_time_q10_runs/figure6_q10_20260901_2037/task_cache/task_0099.rds	8055603	2026-09-01T20:41:59-0400	ef1f76879bb0ae02cb508c20d15cda888440541a279d281de60f815febeefb33	clean
revised/iteration4/data/Figures/Figure6/finite_time_q10_runs/figure6_q10_20260901_2037/task_cache/task_0100.rds	8055609	2026-09-01T20:42:45-0400	4d9b10f12a3d8d0903bb9b31ee82e0f0926939a52e33e5ccd606e0feddc00fe1	clean
revised/iteration4/data/Figures/Figure6/finite_time_q10_runs/figure6_q10_20260901_2037/task_cache/task_0101.rds	8055605	2026-09-01T20:38:25-0400	48b1f43a42c4adb25fe96060c32d45b423b95013e5d88abd5a5b458feedf70da	clean
revised/iteration4/data/Figures/Figure6/finite_time_q10_runs/figure6_q10_20260901_2037/task_cache/task_0102.rds	8055611	2026-09-01T20:39:19-0400	b8297806b2a0a73e363e1cfdc2929c6f9445b38ed3bec84607a26f915e49d900	clean
revised/iteration4/data/Figures/Figure6/finite_time_q10_runs/figure6_q10_20260901_2037/task_cache/task_0103.rds	8055624	2026-09-01T20:40:13-0400	4ce5c9bb5c7f0752c42e8b4f666f17ba907516f28deadeb1618b6e919934ce78	clean
revised/iteration4/data/Figures/Figure6/finite_time_q10_runs/figure6_q10_20260901_2037/task_cache/task_0104.rds	8055605	2026-09-01T20:41:07-0400	2196a795b05df4e35c3bbf5e1a6e924a1ecdf6efcdf264d86f181c2249743f01	clean
revised/iteration4/data/Figures/Figure6/finite_time_q10_runs/figure6_q10_20260901_2037/task_cache/task_0105.rds	8055607	2026-09-01T20:42:01-0400	c3c1db29c1ca9678843335f4d3963daad91c40a8121c050b1e89abdc146ebac7	clean
revised/iteration4/data/Figures/Figure6/finite_time_q10_runs/figure6_q10_20260901_2037/task_cache/task_0106.rds	8055609	2026-09-01T20:38:25-0400	c02856b16644a9adec14e3361e551e3d0c345f80c91f0878ad23f35bed910afc	clean
revised/iteration4/data/Figures/Figure6/finite_time_q10_runs/figure6_q10_20260901_2037/task_cache/task_0107.rds	8055611	2026-09-01T20:39:19-0400	eed2638e6abe4b8d4d035ed705ab7ca660b174d8c594f463c4b3e13fdeae6f04	clean
revised/iteration4/data/Figures/Figure6/finite_time_q10_runs/figure6_q10_20260901_2037/task_cache/task_0108.rds	8055614	2026-09-01T20:40:13-0400	b42474f991673768b907512bc16b63b2bb5ed46bb1919486361136d4e3201674	clean
revised/iteration4/data/Figures/Figure6/finite_time_q10_runs/figure6_q10_20260901_2037/task_cache/task_0109.rds	8055631	2026-09-01T20:41:07-0400	18774a08c767e5e10d5fa3b6eda11087d88c62f65b1932495d90392536c7954e	clean
revised/iteration4/data/Figures/Figure6/finite_time_q10_runs/figure6_q10_20260901_2037/task_cache/task_0110.rds	8055617	2026-09-01T20:42:01-0400	4a487d6b4555af4993b64305524c33fd2b170950d444fe2eb73458e82ba6220b	clean
revised/iteration4/data/Figures/Figure6/finite_time_q10_runs/figure6_q10_20260901_2037/task_cache/task_0111.rds	8055609	2026-09-01T20:38:24-0400	9b96f8c180005d716a649ce5d7304d2dd051e97cd57b9d2945afb66a0ae39865	clean
revised/iteration4/data/Figures/Figure6/finite_time_q10_runs/figure6_q10_20260901_2037/task_cache/task_0112.rds	8055625	2026-09-01T20:39:18-0400	fb65206f3b4bb1674e92c316e1aa23a128e15568e8efc641a6084f33003668b8	clean
revised/iteration4/data/Figures/Figure6/finite_time_q10_runs/figure6_q10_20260901_2037/task_cache/task_0113.rds	8055607	2026-09-01T20:40:14-0400	1c7f3a5a3c4803dff90a148cea30a586fc94ae3ab1cac9e489ed155538f5f664	clean
revised/iteration4/data/Figures/Figure6/finite_time_q10_runs/figure6_q10_20260901_2037/task_cache/task_0114.rds	8055603	2026-09-01T20:41:08-0400	e23a414120fffd2a1c885da49ca6feec0941cd677a8655c43d8ac6eb982d2d01	clean
revised/iteration4/data/Figures/Figure6/finite_time_q10_runs/figure6_q10_20260901_2037/task_cache/task_0115.rds	8055607	2026-09-01T20:42:02-0400	8dc3b8529c350268a2dee92e2ef87ab3ab45175de5b492cbd97a0a089885ce2b	clean
revised/iteration4/data/Figures/Figure6/finite_time_q10_runs/figure6_q10_20260901_2037/task_cache/task_0116.rds	8055602	2026-09-01T20:38:25-0400	63d5ae81a5e0d5ddb22419fd78d90324c743772de004a284fa0137ac345dd681	clean
revised/iteration4/data/Figures/Figure6/finite_time_q10_runs/figure6_q10_20260901_2037/task_cache/task_0117.rds	8055610	2026-09-01T20:39:19-0400	ee9c9cb17c70d28dc8cbd260a594d60f299538b1ec5d8975d7de3064f54dbec8	clean
revised/iteration4/data/Figures/Figure6/finite_time_q10_runs/figure6_q10_20260901_2037/task_cache/task_0118.rds	8055613	2026-09-01T20:40:13-0400	1e850fbab5acdcbd3b3a4a654867853734f72f99c241e7167b1d1ae12f99dc0c	clean
revised/iteration4/data/Figures/Figure6/finite_time_q10_runs/figure6_q10_20260901_2037/task_cache/task_0119.rds	8055613	2026-09-01T20:41:08-0400	784ae7ebe9c9c091920ee0f2796f5e1bf28fef2ef81913ec139cc5d8f8154ff3	clean
revised/iteration4/data/Figures/Figure6/finite_time_q10_runs/figure6_q10_20260901_2037/task_cache/task_0120.rds	8055611	2026-09-01T20:42:01-0400	167a934fbafccce34a2115fe391b31b593289e8cd1d815fe7f31d25808f16596	clean
revised/iteration4/data/Figures/Figure6/finite_time_q10_runs/figure6_q10_20260901_2037/task_cache/task_0121.rds	8055628	2026-09-01T20:42:47-0400	3ba1768df9eb65f0c658fe1fbbf7d0d10f750d6f8d1219a62265f8037e35f9fb	clean
revised/iteration4/data/Figures/Figure6/finite_time_q10_runs/figure6_q10_20260901_2037/task_cache/task_0122.rds	8055608	2026-09-01T20:38:24-0400	ebcf075c02e22a1e473fb625c1130843aa999df189006484c8f92c7851aa648d	clean
revised/iteration4/data/Figures/Figure6/finite_time_q10_runs/figure6_q10_20260901_2037/task_cache/task_0123.rds	8055611	2026-09-01T20:39:17-0400	1838a8d970b16e01ca01afaf8359f17ad195babe657864c6f282a88f7443afdc	clean
revised/iteration4/data/Figures/Figure6/finite_time_q10_runs/figure6_q10_20260901_2037/task_cache/task_0124.rds	8055603	2026-09-01T20:40:10-0400	2e2371ff018a2e967437123c992d057bf3bec72ec1eaab56d0ae24bb236f60e4	clean
revised/iteration4/data/Figures/Figure6/finite_time_q10_runs/figure6_q10_20260901_2037/task_cache/task_0125.rds	8055609	2026-09-01T20:41:05-0400	40dc7fc462276015b3f7813150e2dc6a339b387a3a4fe1ddc50e3a386010f72a	clean
revised/iteration4/data/Figures/Figure6/finite_time_q10_runs/figure6_q10_20260901_2037/task_cache/task_0126.rds	8055746	2026-09-01T20:41:59-0400	f1e7e9adaa076fe0291b8983208c216a40009320bf41a9daf1c35651383b0dda	clean
revised/iteration4/data/Figures/Figure6/finite_time_q10_runs/figure6_q10_20260901_2037/task_cache/task_0127.rds	8055636	2026-09-01T20:38:25-0400	6f5fa662cde8052f889f0b7197d9db04336e5411e7af14a42207901a73437205	clean
revised/iteration4/data/Figures/Figure6/finite_time_q10_runs/figure6_q10_20260901_2037/task_cache/task_0128.rds	8055632	2026-09-01T20:39:17-0400	4df93c1bec6b0566a5a17063132de71f98fbfd8c9f1a935c77abe4a5de83926f	clean
revised/iteration4/data/Figures/Figure6/finite_time_q10_runs/figure6_q10_20260901_2037/task_cache/task_0129.rds	8055637	2026-09-01T20:40:11-0400	82389732d104a6d864f51a7d21f5dd32ec06ee91367bb433c477faab4709489a	clean
revised/iteration4/data/Figures/Figure6/finite_time_q10_runs/figure6_q10_20260901_2037/task_cache/task_0130.rds	8055604	2026-09-01T20:41:04-0400	d8d8c94d1352bdd06604517d321ccb424e1d06ac4d7bf0959a412373a0e14c5a	clean
revised/iteration4/data/Figures/Figure6/finite_time_q10_runs/figure6_q10_20260901_2037/task_cache/task_0131.rds	8055621	2026-09-01T20:41:57-0400	4c54b833e1ed209efa92a504b8c4381e7d8d1fe673318c20bd61ace913c0e589	clean
revised/iteration4/data/Figures/Figure6/finite_time_q10_runs/figure6_q10_20260901_2037/task_cache/task_0132.rds	8055600	2026-09-01T20:38:24-0400	3d93a4efdcc69a3fa0c94a6b6593316babc82bf9e467c6eee45be44a2e26b845	clean
revised/iteration4/data/Figures/Figure6/finite_time_q10_runs/figure6_q10_20260901_2037/task_cache/task_0133.rds	8055617	2026-09-01T20:39:17-0400	48a43d4ea1530f378e1006b6f7c39d4c044bb8d6f36046124a40f480c4177896	clean
revised/iteration4/data/Figures/Figure6/finite_time_q10_runs/figure6_q10_20260901_2037/task_cache/task_0134.rds	8055746	2026-09-01T20:40:11-0400	0aa626c9f73731e555b77a3f616dda68f9df40f592e4576d4a066876d09c885f	clean
revised/iteration4/data/Figures/Figure6/finite_time_q10_runs/figure6_q10_20260901_2037/task_cache/task_0135.rds	8055636	2026-09-01T20:41:04-0400	daf7240e1193cda3f0082504a3514feb312802318f3e536db9f5e9fb62e655a9	clean
revised/iteration4/data/Figures/Figure6/finite_time_q10_runs/figure6_q10_20260901_2037/task_cache/task_0136.rds	8055632	2026-09-01T20:41:57-0400	dfcf92974ee6a767f89ee12c46b9f4246ce728acfc0cf35ad85b86e8f292938a	clean
revised/iteration4/data/Figures/Figure6/finite_time_q10_runs/figure6_q10_20260901_2037/task_cache/task_0137.rds	8055637	2026-09-01T20:38:24-0400	845e5a3da337e4ec9e3291490c9336da6c603a3a6a2b200b85ef78a7038d48a5	clean
revised/iteration4/data/Figures/Figure6/finite_time_q10_runs/figure6_q10_20260901_2037/task_cache/task_0138.rds	8055604	2026-09-01T20:39:17-0400	1dd342643d50765581f61ba1343a5c7da4bdef5b225a05c309b286975d0e2036	clean
revised/iteration4/data/Figures/Figure6/finite_time_q10_runs/figure6_q10_20260901_2037/task_cache/task_0139.rds	8055621	2026-09-01T20:40:11-0400	8eb5109ebd92653668376f7ed63fa983af5ab9b1dcecc7d448245f5ca3dcdfd2	clean
revised/iteration4/data/Figures/Figure6/finite_time_q10_runs/figure6_q10_20260901_2037/task_cache/task_0140.rds	8055600	2026-09-01T20:41:04-0400	ef9b419652bc8b9c70354da84e270a114a4f0716f906af027a9fdde2cfbde531	clean
revised/iteration4/data/Figures/Figure6/finite_time_q10_runs/figure6_q10_20260901_2037/task_cache/task_0141.rds	8055617	2026-09-01T20:41:57-0400	79d7980c03ddeb8bdd283b365201d58e1e25011fb3428b4fd2f9d24d9f28b673	clean
revised/iteration4/data/Figures/Figure6/finite_time_q10_runs/figure6_q10_20260901_2037/task_cache/task_0142.rds	8055746	2026-09-01T20:38:25-0400	0940f60af0c199b3cebbab22aa68a2254f123b692f173b0d9d33562e09a74e1f	clean
revised/iteration4/data/Figures/Figure6/finite_time_q10_runs/figure6_q10_20260901_2037/task_cache/task_0143.rds	8055636	2026-09-01T20:39:20-0400	4e1d2513302a100e1e9e2e3eff81ffbaab4a304f9abe9d8e4a0f7d5b3a5a02dd	clean
revised/iteration4/data/Figures/Figure6/finite_time_q10_runs/figure6_q10_20260901_2037/task_cache/task_0144.rds	8055632	2026-09-01T20:40:14-0400	39c3d6cac76654dfac77ad72402bb554dee667ab85e8ab4396a21b79b2307d55	clean
revised/iteration4/data/Figures/Figure6/finite_time_q10_runs/figure6_q10_20260901_2037/task_cache/task_0145.rds	8055637	2026-09-01T20:41:08-0400	9ece7c95be187943616bb8e4e25084d9a5df2ed4924c181e278f90434fde5324	clean
revised/iteration4/data/Figures/Figure6/finite_time_q10_runs/figure6_q10_20260901_2037/task_cache/task_0146.rds	8055604	2026-09-01T20:42:01-0400	b3d1ce9d0d6affbd76c862b4a33a55b0884d7b9bc3aa4e70fe25a8eb9743b78e	clean
revised/iteration4/data/Figures/Figure6/finite_time_q10_runs/figure6_q10_20260901_2037/task_cache/task_0147.rds	8055621	2026-09-01T20:42:48-0400	397997fa112ab8767425c5a536152fb447c306122e7a1a2e8a96f1a910177c15	clean
revised/iteration4/data/Figures/Figure6/finite_time_q10_runs/figure6_q10_20260901_2037/task_cache/task_0148.rds	8055600	2026-09-01T20:38:25-0400	87bc33ed13dd06af8a43d0dd8555bb5cad6312d39242d85f36e6a761c099f62b	clean
revised/iteration4/data/Figures/Figure6/finite_time_q10_runs/figure6_q10_20260901_2037/task_cache/task_0149.rds	8055617	2026-09-01T20:39:19-0400	7f012abafef56c29a84f8584df17700271cc3d12a3d30c341e9dff651b4edee5	clean
revised/iteration4/data/Figures/Figure6/finite_time_q10_runs/figure6_q10_20260901_2037/task_cache/task_0150.rds	8055746	2026-09-01T20:40:12-0400	5f385c93380c381e695c57f4bec656d2779140eb853560988d133fbf5b4affb2	clean
revised/iteration4/data/Figures/Figure6/finite_time_q10_runs/figure6_q10_20260901_2037/task_cache/task_0151.rds	8055636	2026-09-01T20:41:07-0400	0a624b1490cb5aa81e572f2ec51618cd2fa4ac6809d32e299e178ff57f95e856	clean
revised/iteration4/data/Figures/Figure6/finite_time_q10_runs/figure6_q10_20260901_2037/task_cache/task_0152.rds	8055632	2026-09-01T20:42:01-0400	e16defb8ba23dd189dfad7d1e424c4a985b5cc3e73dc45f56fc834e0ebbe73e2	clean
revised/iteration4/data/Figures/Figure6/finite_time_q10_runs/figure6_q10_20260901_2037/task_cache/task_0153.rds	8055637	2026-09-01T20:38:25-0400	7752fbdb2a02ab949b3dcea44a38f419b157477782be10d0d02efcb6f4b0943d	clean
revised/iteration4/data/Figures/Figure6/finite_time_q10_runs/figure6_q10_20260901_2037/task_cache/task_0154.rds	8055604	2026-09-01T20:39:19-0400	e31f6741d29fd544b435601b27c114bd355f3327d101bc2115e25700bd6cb27c	clean
revised/iteration4/data/Figures/Figure6/finite_time_q10_runs/figure6_q10_20260901_2037/task_cache/task_0155.rds	8055621	2026-09-01T20:40:12-0400	a85290732af906e506917f1c355225bc68b279ea05630e9d16c4150d6dc1b7fd	clean
revised/iteration4/data/Figures/Figure6/finite_time_q10_runs/figure6_q10_20260901_2037/task_cache/task_0156.rds	8055600	2026-09-01T20:41:06-0400	63a5e5b1459d830ddaa6268fe390fcd011d02d90caca739edbc7d47f98dbe599	clean
revised/iteration4/data/Figures/Figure6/finite_time_q10_runs/figure6_q10_20260901_2037/task_cache/task_0157.rds	8055617	2026-09-01T20:41:59-0400	2ddf9b4e6aa1e7fe1f0e19b74ec79d482be1e6ab9f015175a10816fc1858af90	clean
revised/iteration4/data/Figures/Figure6/finite_time_q10_runs/figure6_q10_20260901_2037/task_cache/task_0158.rds	8055746	2026-09-01T20:38:25-0400	f3bae6336a8660e3f2a9d1fe50532a9ca213ae7b9612d4282ad6ce705fbbb580	clean
revised/iteration4/data/Figures/Figure6/finite_time_q10_runs/figure6_q10_20260901_2037/task_cache/task_0159.rds	8055636	2026-09-01T20:39:19-0400	c291076fe47fd95208481f3bde09f7aa8e720cf20d025a0c41c298137dfa36bf	clean
revised/iteration4/data/Figures/Figure6/finite_time_q10_runs/figure6_q10_20260901_2037/task_cache/task_0160.rds	8055632	2026-09-01T20:40:14-0400	778a84fea3b7a857ede672c1abf9030d271deb2503dd83fd6eea9ef2f3aee908	clean
revised/iteration4/data/Figures/Figure6/finite_time_q10_runs/figure6_q10_20260901_2037/task_cache/task_0161.rds	8055637	2026-09-01T20:41:09-0400	0a088bc1e59a4604f1c4119f2614beda1eb18fad17ec0ecb987934e07b01cddf	clean
revised/iteration4/data/Figures/Figure6/finite_time_q10_runs/figure6_q10_20260901_2037/task_cache/task_0162.rds	8055604	2026-09-01T20:42:04-0400	6aa2e90c7a227325ebf6877164fc1344d734c065bf565023c0ba42a4e65b8b41	clean
revised/iteration4/data/Figures/Figure6/finite_time_q10_runs/figure6_q10_20260901_2037/task_cache/task_0163.rds	8055621	2026-09-01T20:38:26-0400	64a482166b24e746a2136acd15240d0b0d18bc6d25c5ab4435a4176334486ea2	clean
revised/iteration4/data/Figures/Figure6/finite_time_q10_runs/figure6_q10_20260901_2037/task_cache/task_0164.rds	8055600	2026-09-01T20:39:21-0400	75184542b2898117f51a2c65a86ecea6f9a6f5cd6e2cd0063c29754fe6ff0a3c	clean
revised/iteration4/data/Figures/Figure6/finite_time_q10_runs/figure6_q10_20260901_2037/task_cache/task_0165.rds	8055617	2026-09-01T20:40:17-0400	4370883fde9c9079e4df9e5098167183af3f5449fb855f756363244f79c22a28	clean
revised/iteration4/data/Figures/Figure6/finite_time_q10_runs/figure6_q10_20260901_2037/task_cache/task_0166.rds	8055677	2026-09-01T20:41:12-0400	5ff035e8a0935aee24f4f1efd6d9deab0fd787b668daa13ff31cbfc890507bc8	clean
revised/iteration4/data/Figures/Figure6/finite_time_q10_runs/figure6_q10_20260901_2037/task_cache/task_0167.rds	8055679	2026-09-01T20:42:05-0400	f973a49af00a3421e12c0866176b0c640b9474bfb324b192c59483132d04464e	clean
revised/iteration4/data/Figures/Figure6/finite_time_q10_runs/figure6_q10_20260901_2037/task_cache/task_0168.rds	8055693	2026-09-01T20:42:53-0400	c738d1b3030fa5c37a2e984ac68620c9f5c44e440d46ab724899f45804d3e2ae	clean
revised/iteration4/data/Figures/Figure6/finite_time_q10_runs/figure6_q10_20260901_2037/task_cache/task_0169.rds	8055675	2026-09-01T20:38:24-0400	feb1c7658415e3edfe3d763a2d7016f0b14a466935100b515f29d8c9b19e2a8c	clean
revised/iteration4/data/Figures/Figure6/finite_time_q10_runs/figure6_q10_20260901_2037/task_cache/task_0170.rds	8055678	2026-09-01T20:39:17-0400	161cb12b9bb8ce925e9559240defcc9f689d930beb3b4206e14eab2bf9e82b12	clean
revised/iteration4/data/Figures/Figure6/finite_time_q10_runs/figure6_q10_20260901_2037/task_cache/task_0171.rds	8055685	2026-09-01T20:40:10-0400	23570a868804d07e7494a94bf00015dace3fc6f1c876aefefee73c7f81bafbe1	clean
revised/iteration4/data/Figures/Figure6/finite_time_q10_runs/figure6_q10_20260901_2037/task_cache/task_0172.rds	8055681	2026-09-01T20:41:04-0400	5ff0c8c9f6b85f7372efd1e5ff2ec324a94aff8d8349f56c42cd3253471cf1dc	clean
revised/iteration4/data/Figures/Figure6/finite_time_q10_runs/figure6_q10_20260901_2037/task_cache/task_0173.rds	8055683	2026-09-01T20:41:58-0400	3008b86ba4d756ff39e2011188074a7f2a7ed721412c7ac856aa62f332c5c30f	clean
revised/iteration4/data/Figures/Figure6/finite_time_q10_runs/figure6_q10_20260901_2037/task_cache/task_0174.rds	8055674	2026-09-01T20:38:25-0400	97b2d535280cb430a375368de0e8682e9493e52d2671b6edb65b036bd8d100a0	clean
revised/iteration4/data/Figures/Figure6/finite_time_q10_runs/figure6_q10_20260901_2037/task_cache/task_0175.rds	8055679	2026-09-01T20:39:17-0400	153f214b14eaf17bca48de1c922f2083d1abb8a3b4ec0fe2aa635423e89fb559	clean
revised/iteration4/data/Figures/Figure6/finite_time_q10_runs/figure6_q10_20260901_2037/task_cache/task_0176.rds	8055683	2026-09-01T20:40:12-0400	b4793f200a60f9adc01b436b07484d14adc7b3e5e6aa81c19daa4bc29516a4d8	clean
revised/iteration4/data/Figures/Figure6/finite_time_q10_runs/figure6_q10_20260901_2037/task_cache/task_0177.rds	8055681	2026-09-01T20:41:06-0400	e9dd2ffe0b1478d627b548acd440f9592d17d106faf5b75b95c28154a76889a4	clean
revised/iteration4/data/Figures/Figure6/finite_time_q10_runs/figure6_q10_20260901_2037/task_cache/task_0178.rds	8055683	2026-09-01T20:41:59-0400	c587957c715d548a7e16fd6d2c0d26917223656e5f7b157e0c0452af65309ffa	clean
revised/iteration4/data/Figures/Figure6/finite_time_q10_runs/figure6_q10_20260901_2037/task_cache/task_0179.rds	8055681	2026-09-01T20:38:26-0400	4acdec45c5527586292a71350fcb10abf22432368bcca7e19cd6be6609f44015	clean
revised/iteration4/data/Figures/Figure6/finite_time_q10_runs/figure6_q10_20260901_2037/task_cache/task_0180.rds	8055681	2026-09-01T20:39:19-0400	9440d12f7d4959c661d27d61fdda600dee1ac3b53be6321288c464c324f3396d	clean
revised/iteration4/data/Figures/Figure6/finite_time_q10_runs/figure6_q10_20260901_2037/task_cache/task_0181.rds	8055681	2026-09-01T20:40:13-0400	2d48e6456d2bfd8250f6871b9c09260080461cf0142ca4127eced80849dd89f3	clean
revised/iteration4/data/Figures/Figure6/finite_time_q10_runs/figure6_q10_20260901_2037/task_cache/task_0182.rds	8055683	2026-09-01T20:41:08-0400	3f4ca437972af922c8f883b37b5c0c1ed82ea6cc6deefac459dffd82e97b1196	clean
revised/iteration4/data/Figures/Figure6/finite_time_q10_runs/figure6_q10_20260901_2037/task_cache/task_0183.rds	8055683	2026-09-01T20:42:01-0400	92271e7b6541073ff13fcfbe8bd6c575e50373fdd369cb7b1ecd6738e94552cc	clean
revised/iteration4/data/Figures/Figure6/finite_time_q10_runs/figure6_q10_20260901_2037/task_cache/task_0184.rds	8055683	2026-09-01T20:38:25-0400	d8958c9a7194fa653986741faf9117eebe6785edcd97701d71809a6f8c666b52	clean
revised/iteration4/data/Figures/Figure6/finite_time_q10_runs/figure6_q10_20260901_2037/task_cache/task_0185.rds	8055679	2026-09-01T20:39:19-0400	e9dcbb78064826a39d339413276e6893fec92da72f2814282a3ee8fd45247ee8	clean
revised/iteration4/data/Figures/Figure6/finite_time_q10_runs/figure6_q10_20260901_2037/task_cache/task_0186.rds	8055678	2026-09-01T20:40:12-0400	8488416b0b66466d00187aa8629fbc77c6a1daebb0ad3c127a293a6505c88ba9	clean
revised/iteration4/data/Figures/Figure6/finite_time_q10_runs/figure6_q10_20260901_2037/task_cache/task_0187.rds	8055683	2026-09-01T20:41:06-0400	9188d691cc4ecfe1a0e3d30989c66a6117ee7a98237ed473ccaa154d4975c417	clean
revised/iteration4/data/Figures/Figure6/finite_time_q10_runs/figure6_q10_20260901_2037/task_cache/task_0188.rds	8055683	2026-09-01T20:42:00-0400	609364fba03fae9d1d05dff4d7f668a688fd14923599218d5d5bcc3432e1be49	clean
revised/iteration4/data/Figures/Figure6/finite_time_q10_runs/figure6_q10_20260901_2037/task_cache/task_0189.rds	8055679	2026-09-01T20:42:46-0400	d28c733edf757893d76348a4aa8403a503e95843b7497f42187521acfc46a7ad	clean
revised/iteration4/data/Figures/Figure6/finite_time_q10_runs/figure6_q10_20260901_2037/task_cache/task_0190.rds	8055683	2026-09-01T20:38:24-0400	09180c0e8e7b027769e381ac364ab7f415a201cf62eff2bcee212cc9c25be1f0	clean
revised/iteration4/data/Figures/Figure6/finite_time_q10_runs/figure6_q10_20260901_2037/task_cache/task_0191.rds	8055677	2026-09-01T20:39:18-0400	f6fb5094368750e19d4745ace431ad57a306c74f1d874a3d34dc4d4a946b704e	clean
revised/iteration4/data/Figures/Figure6/finite_time_q10_runs/figure6_q10_20260901_2037/task_cache/task_0192.rds	8055679	2026-09-01T20:40:12-0400	f9ada825dc671f13efe90da52bd7dbe71ef3168cbb348b7af95f33a021d06689	clean
revised/iteration4/data/Figures/Figure6/finite_time_q10_runs/figure6_q10_20260901_2037/task_cache/task_0193.rds	8055693	2026-09-01T20:41:05-0400	50199354d9176fb16f12cc4c774c1aad4fe01142abeeaa17540b1fce64714621	clean
revised/iteration4/data/Figures/Figure6/finite_time_q10_runs/figure6_q10_20260901_2037/task_cache/task_0194.rds	8055675	2026-09-01T20:41:59-0400	c8736b87392738d2b469657ea0c9ca6cccfab839cc21f321e2f87be393625ca0	clean
revised/iteration4/data/Figures/Figure6/finite_time_q10_runs/figure6_q10_20260901_2037/task_cache/task_0195.rds	8055678	2026-09-01T20:38:24-0400	a93517774c0a6e6c008888523acf634c017435ba9896c6e44d6f9aadcaaf0746	clean
revised/iteration4/data/Figures/Figure6/finite_time_q10_runs/figure6_q10_20260901_2037/task_cache/task_0196.rds	8055685	2026-09-01T20:39:18-0400	ea1618db24907a04ddc794262666792d0c4a7e67fe71233bdde13718c30fa38e	clean
revised/iteration4/data/Figures/Figure6/finite_time_q10_runs/figure6_q10_20260901_2037/task_cache/task_0197.rds	8055681	2026-09-01T20:40:11-0400	a21b7eb03658ebb791a18a346fcde053c03f475c26767354ee03358f8ba4961d	clean
revised/iteration4/data/Figures/Figure6/finite_time_q10_runs/figure6_q10_20260901_2037/task_cache/task_0198.rds	8055683	2026-09-01T20:41:06-0400	7806ac6fbd35a24908b96f07cf0d9ad007285c531a03c2a1cf7a6bcfa49e4987	clean
revised/iteration4/data/Figures/Figure6/finite_time_q10_runs/figure6_q10_20260901_2037/task_cache/task_0199.rds	8055674	2026-09-01T20:42:01-0400	fab5a1f689db6d2797a5bc4861d812ba7931783d380f054083572fb2be5e5593	clean
revised/iteration4/data/Figures/Figure6/finite_time_q10_runs/figure6_q10_20260901_2037/task_cache/task_0200.rds	8055679	2026-09-01T20:38:25-0400	93029ca5b88c47d1bb08738aa55a994a33ace845866191d6a4d2f2d914bfbbe3	clean
revised/iteration4/data/Figures/Figure6/finite_time_q10_runs/figure6_q10_20260901_2037/task_cache/task_0201.rds	8055683	2026-09-01T20:39:18-0400	3333429a37d0c5e6ff77c2be19839c702d543b5238acb210288054ff20145cc7	clean
revised/iteration4/data/Figures/Figure6/finite_time_q10_runs/figure6_q10_20260901_2037/task_cache/task_0202.rds	8055681	2026-09-01T20:40:11-0400	5e1fa70f1bcff8c69336a7251b3f58de25a93cc16a14db5ce05561b513995a64	clean
revised/iteration4/data/Figures/Figure6/finite_time_q10_runs/figure6_q10_20260901_2037/task_cache/task_0203.rds	8055683	2026-09-01T20:41:05-0400	56a5bc43bcd5feb932f1f4caa68a4448dfec3aa8b226306873c9123292f0177d	clean
revised/iteration4/data/Figures/Figure6/finite_time_q10_runs/figure6_q10_20260901_2037/task_cache/task_0204.rds	8055681	2026-09-01T20:41:59-0400	0c4942193d2ce9d24bfeaeefe36de89ef53a36eb864949b53dc4ffc50c160f25	clean
revised/iteration4/data/Figures/Figure6/finite_time_q10_runs/figure6_q10_20260901_2037/task_cache/task_0205.rds	8055681	2026-09-01T20:38:24-0400	730f010cae293700685b7662f5a6bdfb3a872ee65df7189b3dd059d0b5069d34	clean
revised/iteration4/data/Figures/Figure6/finite_time_q10_runs/figure6_q10_20260901_2037/task_cache/task_0206.rds	8055681	2026-09-01T20:39:18-0400	73f9d086b0d636c800fe3de5df11219e1b521a33ecd9cfaff23d08ecd5466f6c	clean
revised/iteration4/data/Figures/Figure6/finite_time_q10_runs/figure6_q10_20260901_2037/task_cache/task_0207.rds	8055683	2026-09-01T20:40:11-0400	dd5fc7121fd5cad3a69bb4f173fe16d91b5cbea1fdb501c30c59078a445fdbd1	clean
revised/iteration4/data/Figures/Figure6/finite_time_q10_runs/figure6_q10_20260901_2037/task_cache/task_0208.rds	8055683	2026-09-01T20:41:05-0400	4c95683af32cd51eca59610798b91dfcc289cf87b1b76d187819d394ce00a6d3	clean
revised/iteration4/data/Figures/Figure6/finite_time_q10_runs/figure6_q10_20260901_2037/task_cache/task_0209.rds	8055683	2026-09-01T20:41:58-0400	b2e616c5899e8e3c504ff51c1d8fdd271da14497675ccfcfd888ba3d57b2d757	clean
revised/iteration4/data/Figures/Figure6/finite_time_q10_runs/figure6_q10_20260901_2037/task_cache/task_0210.rds	8055679	2026-09-01T20:38:24-0400	53986f30e42b803d5022207492d43726b2549b445edb9545841080878b578049	clean
revised/iteration4/data/Figures/Figure6/finite_time_q10_runs/figure6_q10_20260901_2037/task_cache/task_0211.rds	8055678	2026-09-01T20:39:17-0400	175d062c40bab024c0eef2f771a31017325234d2ee63686b966b0bb4d767413d	clean
revised/iteration4/data/Figures/Figure6/finite_time_q10_runs/figure6_q10_20260901_2037/task_cache/task_0212.rds	8055683	2026-09-01T20:40:10-0400	1676cac738831375a1277780f5884f166c391256d8d0f2c61c5f0f1dc5cd6f46	clean
revised/iteration4/data/Figures/Figure6/finite_time_q10_runs/figure6_q10_20260901_2037/task_cache/task_0213.rds	8055683	2026-09-01T20:41:04-0400	0433db497340bd2f0484d2a066e33a3f0705ea84ec4bdd569d929cc24acd35ec	clean
revised/iteration4/data/Figures/Figure6/finite_time_q10_runs/figure6_q10_20260901_2037/task_cache/task_0214.rds	8055679	2026-09-01T20:41:57-0400	bad4bb5b3779413c4b451b20116b0049618655f4fe48be420bebb5c5521e4ebf	clean
revised/iteration4/data/Figures/Figure6/finite_time_q10_runs/figure6_q10_20260901_2037/task_cache/task_0215.rds	8055683	2026-09-01T20:42:43-0400	b5c036cf0d6ec8a375e0e541aea54be4f3a032531ef16efeb282e1eade177fa0	clean
revised/iteration4/data/Figures/Figure6/finite_time_q10_runs/figure6_q10_20260901_2037/task_cache/task_0216.rds	8055677	2026-09-01T20:38:25-0400	0248fd281d147cf5f2414815ad6ab2138b75fb84278c4a5b0acf612860093a56	clean
revised/iteration4/data/Figures/Figure6/finite_time_q10_runs/figure6_q10_20260901_2037/task_cache/task_0217.rds	8055679	2026-09-01T20:39:18-0400	61375ce8f4a4f39c6b5b7dc8c9a2d9288a6c03a866c676b3a387059a74c3077a	clean
revised/iteration4/data/Figures/Figure6/finite_time_q10_runs/figure6_q10_20260901_2037/task_cache/task_0218.rds	8055693	2026-09-01T20:40:14-0400	5462000602d35c7079437d48f94f92867b937e2472e7cdc0e10deb258052a42c	clean
revised/iteration4/data/Figures/Figure6/finite_time_q10_runs/figure6_q10_20260901_2037/task_cache/task_0219.rds	8055675	2026-09-01T20:41:08-0400	80b89a9919a23cee5aead80217c61a3982c390564f14ccba1493ee2ce9c464b5	clean
revised/iteration4/data/Figures/Figure6/finite_time_q10_runs/figure6_q10_20260901_2037/task_cache/task_0220.rds	8055678	2026-09-01T20:42:01-0400	63462a0ec87bdb24ca56313addbec63509845b872ed03776a3100d68da98742d	clean
revised/iteration4/data/Figures/Figure6/finite_time_q10_runs/figure6_q10_20260901_2037/task_cache/task_0221.rds	8055685	2026-09-01T20:38:25-0400	60dcf79b8932b26aa28c08b752422d69b38cb1b3912a0f2546aa37653db5f526	clean
revised/iteration4/data/Figures/Figure6/finite_time_q10_runs/figure6_q10_20260901_2037/task_cache/task_0222.rds	8055681	2026-09-01T20:39:18-0400	a37c2600e19703b99bcece2e7de1fb3e4c8e29064f968c0e0af74c9caeccc898	clean
revised/iteration4/data/Figures/Figure6/finite_time_q10_runs/figure6_q10_20260901_2037/task_cache/task_0223.rds	8055683	2026-09-01T20:40:12-0400	f3163535225bd7aad313817932e1483b92a7d69cfebcc9f7abc1405b02815940	clean
revised/iteration4/data/Figures/Figure6/finite_time_q10_runs/figure6_q10_20260901_2037/task_cache/task_0224.rds	8055674	2026-09-01T20:41:06-0400	61aea1ff2728770cb36f0cf1bee44f0b4bdf8417c2316f4b77d0b4c9dc7f269e	clean
revised/iteration4/data/Figures/Figure6/finite_time_q10_runs/figure6_q10_20260901_2037/task_cache/task_0225.rds	8055679	2026-09-01T20:42:00-0400	a8cfda4705a62e48e4502f3de7d6c10e163bdb862e46292b6e848af8f3ccfecf	clean
revised/iteration4/data/Figures/Figure6/finite_time_q10_runs/figure6_q10_20260901_2037/task_cache/task_0226.rds	8055683	2026-09-01T20:38:25-0400	cdadd91810dc2b02d5ecc5f7764642d96e32ab52e38a1c99a84060384d42da26	clean
revised/iteration4/data/Figures/Figure6/finite_time_q10_runs/figure6_q10_20260901_2037/task_cache/task_0227.rds	8055681	2026-09-01T20:39:18-0400	17935f5352b6242a4b6049098eb658940767864ed6671f411d6c652d742b8165	clean
revised/iteration4/data/Figures/Figure6/finite_time_q10_runs/figure6_q10_20260901_2037/task_cache/task_0228.rds	8055683	2026-09-01T20:40:11-0400	3c26a8aca9b2bcda297ede843578f13cb4c835331d1f1ac48a2eb6e44282bd10	clean
revised/iteration4/data/Figures/Figure6/finite_time_q10_runs/figure6_q10_20260901_2037/task_cache/task_0229.rds	8055681	2026-09-01T20:41:05-0400	41e77a0bc74cee960aa0e08b07309e81eeaaf0e12ab4e301ba8c1549ce4040ad	clean
revised/iteration4/data/Figures/Figure6/finite_time_q10_runs/figure6_q10_20260901_2037/task_cache/task_0230.rds	8055681	2026-09-01T20:41:58-0400	e90f9c9019b5009918a4aecdd6aa952ffcdcb30fd4e45a52f9f749c2e0598d52	clean
revised/iteration4/data/Figures/Figure6/finite_time_q10_runs/figure6_q10_20260901_2037/task_cache/task_0231.rds	8055681	2026-09-01T20:38:25-0400	10f5c48898c71fa2a6de731d0eeedb4b74126dbacdbaf09a58ca419035929573	clean
revised/iteration4/data/Figures/Figure6/finite_time_q10_runs/figure6_q10_20260901_2037/task_cache/task_0232.rds	8055683	2026-09-01T20:39:20-0400	ee25bc7abf16aa26534690a8c0c2de1722ac04f50d1a08c58e549ee05ee67bf4	clean
revised/iteration4/data/Figures/Figure6/finite_time_q10_runs/figure6_q10_20260901_2037/task_cache/task_0233.rds	8055683	2026-09-01T20:40:14-0400	b5518918c573a4effba8121c71ae04b96618504a15ec34f2dbc9186422157c36	clean
revised/iteration4/data/Figures/Figure6/finite_time_q10_runs/figure6_q10_20260901_2037/task_cache/task_0234.rds	8055683	2026-09-01T20:41:08-0400	516cd80159ab849416748c8f38390608f97bd3a4cc8cf0fe8dd1f16c93628bbd	clean
revised/iteration4/data/Figures/Figure6/finite_time_q10_runs/figure6_q10_20260901_2037/task_cache/task_0235.rds	8055679	2026-09-01T20:42:03-0400	be5fb71c889d677e4f8a3db711913f8398eee0c5f9dca5ba7b2684c63bf8d008	clean
revised/iteration4/data/Figures/Figure6/finite_time_q10_runs/figure6_q10_20260901_2037/task_cache/task_0236.rds	8055678	2026-09-01T20:42:54-0400	a5b2a342268b1a1909afbd80349fcb561cff42586a34815186e8aab99b5578f0	clean
revised/iteration4/data/Figures/Figure6/finite_time_q10_runs/figure6_q10_20260901_2037/task_cache/task_0237.rds	8055683	2026-09-01T20:38:26-0400	8fe3a3f4f4018b1b2c9c5d675b8db663ba3093f17e888d30f10eda213394b50e	clean
revised/iteration4/data/Figures/Figure6/finite_time_q10_runs/figure6_q10_20260901_2037/task_cache/task_0238.rds	8055683	2026-09-01T20:39:19-0400	8acf54355cf7bffb74d9ff9ad5ba9a6acb705792b695648a02ff7a60865cbec5	clean
revised/iteration4/data/Figures/Figure6/finite_time_q10_runs/figure6_q10_20260901_2037/task_cache/task_0239.rds	8055679	2026-09-01T20:40:14-0400	9e4c78326ebdefbcbf96bf56f6420e1f038b19d2eed0640f13e58d684ab5a656	clean
revised/iteration4/data/Figures/Figure6/finite_time_q10_runs/figure6_q10_20260901_2037/task_cache/task_0240.rds	8055683	2026-09-01T20:41:08-0400	eed9783ba1ca431e7fc5f7c93d5733954dc5d18c673a7c71ef47c2eee804a8d6	clean
revised/iteration4/data/Figures/Figure6/finite_time_q10_runs/figure6_q10_20260901_2037/task_cache/task_0241.rds	8055677	2026-09-01T20:42:02-0400	ed1a9fedf5dd3674ada93dbc41a27c3943e0fb235f2b66ff7e1b2659ef24df80	clean
revised/iteration4/data/Figures/Figure6/finite_time_q10_runs/figure6_q10_20260901_2037/task_cache/task_0242.rds	8055679	2026-09-01T20:38:25-0400	d538688e53545784c7f3c8174c3bba2ac79717690379a002e61d2f3cacac4e88	clean
revised/iteration4/data/Figures/Figure6/finite_time_q10_runs/figure6_q10_20260901_2037/task_cache/task_0243.rds	8055693	2026-09-01T20:39:18-0400	620b8ad2d17f9c9d5d3c6a6cf90e5b2586416d23d9a7aadfb281e4330f0a7013	clean
revised/iteration4/data/Figures/Figure6/finite_time_q10_runs/figure6_q10_20260901_2037/task_cache/task_0244.rds	8055675	2026-09-01T20:40:11-0400	a730aa5d7a019303a5180cfc7f5d41015fa57c45b858a384c171fcf16f9078f8	clean
revised/iteration4/data/Figures/Figure6/finite_time_q10_runs/figure6_q10_20260901_2037/task_cache/task_0245.rds	8055678	2026-09-01T20:41:06-0400	9115201d87538fe1c66407fc42ffde9cf0b536bbacd4367d2623834a1262bc4e	clean
revised/iteration4/data/Figures/Figure6/finite_time_q10_runs/figure6_q10_20260901_2037/task_cache/task_0246.rds	8055685	2026-09-01T20:41:59-0400	bd7983b871d90073842a42aa84bbbc5bc59af1d17b7c36a907548974c7426f9d	clean
revised/iteration4/data/Figures/Figure6/finite_time_q10_runs/figure6_q10_20260901_2037/task_cache/task_0247.rds	8055681	2026-09-01T20:38:25-0400	cc8bf52ba0beb6b23e99b3915ce2681bc90ea02f4fcc7514c4da5bb603786a21	clean
revised/iteration4/data/Figures/Figure6/finite_time_q10_runs/figure6_q10_20260901_2037/task_cache/task_0248.rds	8055683	2026-09-01T20:39:18-0400	ead7f38e90e18de13f31784b59b04c3c9b0f0b034be46a62745a2378ec543db1	clean
revised/iteration4/data/Figures/Figure6/finite_time_q10_runs/figure6_q10_20260901_2037/task_cache/task_0249.rds	8055674	2026-09-01T20:40:11-0400	b066e044827a5ad0010eb57220aabf3089501c99f362c939c6603307d979c4b5	clean
revised/iteration4/data/Figures/Figure6/finite_time_q10_runs/figure6_q10_20260901_2037/task_cache/task_0250.rds	8055679	2026-09-01T20:41:05-0400	8f4455ea72078ee507a082f34cf463a0277665f1cd1aec6a71aebd9115a13b6f	clean
revised/iteration4/data/Figures/Figure6/finite_time_q10_runs/figure6_q10_20260901_2037/task_cache/task_0251.rds	8055683	2026-09-01T20:41:58-0400	84e037a27d8cc61f7ecfcb8f8fb34b2513eb6fe16e59e424fb18e8ed254c62a0	clean
revised/iteration4/data/Figures/Figure6/finite_time_q10_runs/figure6_q10_20260901_2037/task_cache/task_0252.rds	8055681	2026-09-01T20:38:25-0400	17c998d8007345536b5fd6c9a19ea496b77d04707d76f663665ce580606c887a	clean
revised/iteration4/data/Figures/Figure6/finite_time_q10_runs/figure6_q10_20260901_2037/task_cache/task_0253.rds	8055683	2026-09-01T20:39:18-0400	6d80b2812974695f8f85a6cc3a7be2ab2ac7102d7df11b2e7f1bedbd1adfd9e9	clean
revised/iteration4/data/Figures/Figure6/finite_time_q10_runs/figure6_q10_20260901_2037/task_cache/task_0254.rds	8055681	2026-09-01T20:40:12-0400	2a69095ae81b573f91cf97e409c308cf43b91ee7379ba25cf5d153d33981983d	clean
revised/iteration4/data/Figures/Figure6/finite_time_q10_runs/figure6_q10_20260901_2037/task_cache/task_0255.rds	8055681	2026-09-01T20:41:05-0400	1d9621bacb40f718eff96332fe34277c5d5043ac2719902be7cd499ffbeb89da	clean
revised/iteration4/data/Figures/Figure6/finite_time_q10_runs/figure6_q10_20260901_2037/task_cache/task_0256.rds	8055681	2026-09-01T20:41:59-0400	f7fd0e4db076c4223bf6ccc99c195af5fdc15a3eaec109944c5025d4dc381c95	clean
revised/iteration4/data/Figures/Figure6/finite_time_q10_runs/figure6_q10_20260901_2037/task_cache/task_0257.rds	8055683	2026-09-01T20:42:45-0400	a3fcfc15f832c603c06b780a34a5e92ea0a5ab3c9167ae1c1e3e00123bebad4e	clean
revised/iteration4/data/Figures/Figure6/finite_time_q10_runs/figure6_q10_20260901_2037/task_cache/task_0258.rds	8055683	2026-09-01T20:38:25-0400	e85f4f0712e588783330657180a48ef66dfac981281085c36c0962be144ec097	clean
revised/iteration4/data/Figures/Figure6/finite_time_q10_runs/figure6_q10_20260901_2037/task_cache/task_0259.rds	8055683	2026-09-01T20:39:18-0400	c87fa7b8942b8b58506cac3448a0e608d2ef5ef71e7663e4b454ba978a2428d0	clean
revised/iteration4/data/Figures/Figure6/finite_time_q10_runs/figure6_q10_20260901_2037/task_cache/task_0260.rds	8055679	2026-09-01T20:40:11-0400	640e91f13c44768646574299528f08bdb62a1786b5eef8cc8796a0fa17b6c35a	clean
revised/iteration4/data/Figures/Figure6/finite_time_q10_runs/figure6_q10_20260901_2037/task_cache/task_0261.rds	8055678	2026-09-01T20:41:05-0400	4eec4b3b9a731c82e2bca82d7ce335d0ebc2d8b55841dd0288b6a99aa1e821c4	clean
revised/iteration4/data/Figures/Figure6/finite_time_q10_runs/figure6_q10_20260901_2037/task_cache/task_0262.rds	8055683	2026-09-01T20:41:59-0400	bf032b9545123b1b12c41200d409c2f11567da4212f9eb283410f6459b5e6962	clean
revised/iteration4/data/Figures/Figure6/finite_time_q10_runs/figure6_q10_20260901_2037/task_cache/task_0263.rds	8055683	2026-09-01T20:38:25-0400	dda6ce7158079eaa4019e973f3adccadc4860da883e341b0f9a5a96f626a7953	clean
revised/iteration4/data/Figures/Figure6/finite_time_q10_runs/figure6_q10_20260901_2037/task_cache/task_0264.rds	8055679	2026-09-01T20:39:18-0400	275cd69e5553b000d2731a09fd4cbfbe02e0080ae0d21a8efd4df82afb076d7c	clean
revised/iteration4/data/Figures/Figure6/finite_time_q10_runs/figure6_q10_20260901_2037/task_cache/task_0265.rds	8055683	2026-09-01T20:40:12-0400	9b680740d7139dcf9ecfe642cbb52e43f735e554f9023fd8ec0d4a36fda1f02d	clean
revised/iteration4/data/Figures/Figure6/finite_time_q10_runs/figure6_q10_20260901_2037/task_cache/task_0266.rds	8055677	2026-09-01T20:41:06-0400	ba9bd3fb0bad67166dc3f8ae3449c390e6476f6abdc9cc6c4a6eb1ffc1385e6d	clean
revised/iteration4/data/Figures/Figure6/finite_time_q10_runs/figure6_q10_20260901_2037/task_cache/task_0267.rds	8055679	2026-09-01T20:42:00-0400	3e30ac7130c66edbc0291f9c854e2e9eb033f9183dce204dca569a9607590e9b	clean
revised/iteration4/data/Figures/Figure6/finite_time_q10_runs/figure6_q10_20260901_2037/task_cache/task_0268.rds	8055693	2026-09-01T20:38:26-0400	1e3791eaec49e8457c98037fc16b9e1fd6a58eb8a33d76605ca6a6c31ff91aa7	clean
revised/iteration4/data/Figures/Figure6/finite_time_q10_runs/figure6_q10_20260901_2037/task_cache/task_0269.rds	8055675	2026-09-01T20:39:19-0400	2ab7d528de5e3c5b2363aea8a0481a1eb29ef2e60b8464512273b02d465d0318	clean
revised/iteration4/data/Figures/Figure6/finite_time_q10_runs/figure6_q10_20260901_2037/task_cache/task_0270.rds	8055678	2026-09-01T20:40:13-0400	aac4b9fe9e7d0a2dded2403254f72dca16db0b3aedc3b186f41aa8127785a239	clean
revised/iteration4/data/Figures/Figure6/finite_time_q10_runs/figure6_q10_20260901_2037/task_cache/task_0271.rds	8055685	2026-09-01T20:41:06-0400	2747e5c8441b39ed353d003255ca0e260a8c76d532fa1a3e9b85d1b609491b11	clean
revised/iteration4/data/Figures/Figure6/finite_time_q10_runs/figure6_q10_20260901_2037/task_cache/task_0272.rds	8055681	2026-09-01T20:42:00-0400	869f73ccaf32056ac65419f6867bdeb9d25d5a5c536e3c9b40bb578e7c9e0413	clean
revised/iteration4/data/Figures/Figure6/finite_time_q10_runs/figure6_q10_20260901_2037/task_cache/task_0273.rds	8055683	2026-09-01T20:38:26-0400	a3ef23b2643a932300dcda621a7a2b21e151200b11314a36ce65098c0bdc39f2	clean
revised/iteration4/data/Figures/Figure6/finite_time_q10_runs/figure6_q10_20260901_2037/task_cache/task_0274.rds	8055674	2026-09-01T20:39:20-0400	f898e5bae2b27d407baacad72b24faff2b2bb0b419eb0f0114bde8bfa5abc46d	clean
revised/iteration4/data/Figures/Figure6/finite_time_q10_runs/figure6_q10_20260901_2037/task_cache/task_0275.rds	8055679	2026-09-01T20:40:14-0400	5854bc10d132a3fca1b3f8e68bea55601b5d32d2a76c248b0b2314c35bfe869b	clean
revised/iteration4/data/Figures/Figure6/finite_time_q10_runs/figure6_q10_20260901_2037/task_cache/task_0276.rds	8055683	2026-09-01T20:41:08-0400	d848d9ee1a9438a76a24f7d76cf9ed5f0844757f8764583dd572c0f99789af71	clean
revised/iteration4/data/Figures/Figure6/finite_time_q10_runs/figure6_q10_20260901_2037/task_cache/task_0277.rds	8055681	2026-09-01T20:42:02-0400	fbab4482bea1c0aa1000716815b81c68da89749c0468dfc347ace3a68990f5d6	clean
revised/iteration4/data/Figures/Figure6/finite_time_q10_runs/figure6_q10_20260901_2037/task_cache/task_0278.rds	8055683	2026-09-01T20:42:50-0400	d3e4d24a3cee0a6c798d13f629448eb0d53a5a7c4a0a11fc90f0f4cfb1e9d24d	clean
revised/iteration4/data/Figures/Figure6/finite_time_q10_runs/figure6_q10_20260901_2037/task_cache/task_0279.rds	8055681	2026-09-01T20:38:26-0400	c9082ceacc70f435b42ba00a9b698a8c9ca450875482ff5b037cf73f95c82b33	clean
revised/iteration4/data/Figures/Figure6/finite_time_q10_runs/figure6_q10_20260901_2037/task_cache/task_0280.rds	8055681	2026-09-01T20:39:20-0400	881d6e86eeb9d135393d4d6af1bd5c328a3751a7104e5bd04b1f4931b8eb7309	clean
revised/iteration4/data/Figures/Figure6/finite_time_q10_runs/figure6_q10_20260901_2037/task_cache/task_0281.rds	8055681	2026-09-01T20:40:13-0400	3e2a59bbcab7cda9920711b74110058e07c6ba98e0a5f36cdb1be1679d4bba83	clean
revised/iteration4/data/Figures/Figure6/finite_time_q10_runs/figure6_q10_20260901_2037/task_cache/task_0282.rds	8055683	2026-09-01T20:41:06-0400	3917929bc23cb6c098747c7cff8486d8c618425c7fe600b6c9b0c8a5ab3a42b7	clean
revised/iteration4/data/Figures/Figure6/finite_time_q10_runs/figure6_q10_20260901_2037/task_cache/task_0283.rds	8055683	2026-09-01T20:42:00-0400	e5a00dbebdb723b24c5ca1ef877476fab6af048e1df8540eb1c5f4b301b20ee5	clean
revised/iteration4/data/Figures/Figure6/finite_time_q10_runs/figure6_q10_20260901_2037/task_cache/task_0284.rds	8055683	2026-09-01T20:38:26-0400	511756c290aa60980d6534a19fe8cfcec551d949a93139ccfd9d71c879c4b857	clean
revised/iteration4/data/Figures/Figure6/finite_time_q10_runs/figure6_q10_20260901_2037/task_cache/task_0285.rds	8055679	2026-09-01T20:39:20-0400	407a29af4d8daabc74c3193bf74baf2b7fd8358142e2dac966013c879f1240df	clean
revised/iteration4/data/Figures/Figure6/finite_time_q10_runs/figure6_q10_20260901_2037/task_cache/task_0286.rds	8055678	2026-09-01T20:40:14-0400	5f5903b79017314c86398edc109381305ea2b4ce980ebbc34598c5395b21e685	clean
revised/iteration4/data/Figures/Figure6/finite_time_q10_runs/figure6_q10_20260901_2037/task_cache/task_0287.rds	8055683	2026-09-01T20:41:07-0400	9c160028aed221058b7e951d33e37d13bb9e015fb88c737205debecd3175313d	clean
revised/iteration4/data/Figures/Figure6/finite_time_q10_runs/figure6_q10_20260901_2037/task_cache/task_0288.rds	8055683	2026-09-01T20:42:01-0400	dded4f7c5f290ec2c9eca440fc874d9627c0b69583a4424f543bef437aaa8e26	clean
revised/iteration4/data/Figures/Figure6/finite_time_q10_runs/figure6_q10_20260901_2037/task_cache/task_0289.rds	8055679	2026-09-01T20:38:25-0400	e07436fa5309a1b4624c28ae9bdf8e23794f93cca36de1f382f407dfe32c2b48	clean
revised/iteration4/data/Figures/Figure6/finite_time_q10_runs/figure6_q10_20260901_2037/task_cache/task_0290.rds	8055683	2026-09-01T20:39:18-0400	50d587a589582627aeec4ce4a47b5a342c74f0801eee05d0a510e2ff916251fd	clean
revised/iteration4/data/Figures/Figure6/finite_time_q10_runs/figure6_q10_20260901_2037/task_cache/task_0291.rds	8055835	2026-09-01T20:40:11-0400	f2cb2f87854fd79c9c388f2ec922dd6cc1113f29840b2698e028a78c5af8f257	clean
revised/iteration4/data/Figures/Figure6/finite_time_q10_runs/figure6_q10_20260901_2037/task_cache/task_0292.rds	8055706	2026-09-01T20:41:05-0400	e1f0cbdf53dac358d8a79ac148e6a2a06279b14eea1715d93987e4deb89552a2	clean
revised/iteration4/data/Figures/Figure6/finite_time_q10_runs/figure6_q10_20260901_2037/task_cache/task_0293.rds	8055704	2026-09-01T20:41:58-0400	fdfbd8a083aba4db76888434b61ffbc07ab5a18a8b77b86be4a66ab0ab20dc15	clean
revised/iteration4/data/Figures/Figure6/finite_time_q10_runs/figure6_q10_20260901_2037/task_cache/task_0294.rds	8055708	2026-09-01T20:38:25-0400	6fb5c4be05e2f326d979a2643b004c76b15f36aeac2e2c71cf355b64eb9d7c13	clean
revised/iteration4/data/Figures/Figure6/finite_time_q10_runs/figure6_q10_20260901_2037/task_cache/task_0295.rds	8055706	2026-09-01T20:39:18-0400	e3ebb68674f5c7b75a4924133431ec35ce5e30fcb4a35511671551ccfcf060bb	clean
revised/iteration4/data/Figures/Figure6/finite_time_q10_runs/figure6_q10_20260901_2037/task_cache/task_0296.rds	8055708	2026-09-01T20:40:11-0400	519acbc40ecdd0633e8764e2db001a4c0adf04a02c4d637fa47e431db01a4e03	clean
revised/iteration4/data/Figures/Figure6/finite_time_q10_runs/figure6_q10_20260901_2037/task_cache/task_0297.rds	8055706	2026-09-01T20:41:05-0400	66910dd406bc5a40b1cf7bb7bdac2cb41187ecd222f52c2d79128db93e335495	clean
revised/iteration4/data/Figures/Figure6/finite_time_q10_runs/figure6_q10_20260901_2037/task_cache/task_0298.rds	8055706	2026-09-01T20:41:58-0400	ac426a87d352f0f399aa701a8d03a83642e52cd363cb675604c79537bc01d15d	clean
revised/iteration4/data/Figures/Figure6/finite_time_q10_runs/figure6_q10_20260901_2037/task_cache/task_0299.rds	8055835	2026-09-01T20:38:26-0400	3da65869f3fa71cf364473eff675eb96e62a7c73682c6eb4b798e3b787d5b4b0	clean
revised/iteration4/data/Figures/Figure6/finite_time_q10_runs/figure6_q10_20260901_2037/task_cache/task_0300.rds	8055706	2026-09-01T20:39:20-0400	0a86bb9d788945f5d4a555a4cf6ce60a1d739bfe14245e76ff15fa1cfe0aa4e7	clean
revised/iteration4/data/Figures/Figure6/finite_time_q10_runs/figure6_q10_20260901_2037/task_cache/task_0301.rds	8055704	2026-09-01T20:40:14-0400	c4332c94924445b8f8d19b9d875251c919e82da73cb980b416b7c2fc2593bfe3	clean
revised/iteration4/data/Figures/Figure6/finite_time_q10_runs/figure6_q10_20260901_2037/task_cache/task_0302.rds	8055708	2026-09-01T20:41:08-0400	87edf95ff6504462ee34555ca823966168e759b85b34cb1f12269559e5ef9adf	clean
revised/iteration4/data/Figures/Figure6/finite_time_q10_runs/figure6_q10_20260901_2037/task_cache/task_0303.rds	8055706	2026-09-01T20:42:02-0400	1f95954590d556a8f6f563c9201ef244a3805cbb441e1244be2d8545a8660c50	clean
revised/iteration4/data/Figures/Figure6/finite_time_q10_runs/figure6_q10_20260901_2037/task_cache/task_0304.rds	8055708	2026-09-01T20:42:47-0400	a020e06e17872ffdc5c5ee6d5cda43e3945b7a6ac0115f853273462f44c0c4aa	clean
revised/iteration4/data/Figures/Figure6/finite_time_q10_runs/figure6_q10_20260901_2037/task_cache/task_0305.rds	8055706	2026-09-01T20:38:25-0400	7d3afeb373c3ef8ffe15a4df5a1a0ed3520b11b5e793b021193f399924dab900	clean
revised/iteration4/data/Figures/Figure6/finite_time_q10_runs/figure6_q10_20260901_2037/task_cache/task_0306.rds	8055706	2026-09-01T20:39:18-0400	b8db6967e3588e813c6c7399eccba9c292be9e5b6fdb67ef2b4b16e90f20e117	clean
revised/iteration4/data/Figures/Figure6/finite_time_q10_runs/figure6_q10_20260901_2037/task_cache/task_0307.rds	8055835	2026-09-01T20:40:12-0400	46fa592b583f9f305c041f8d7a5eca3013ced23926e6cfc2c0c58c4a8048f4c1	clean
revised/iteration4/data/Figures/Figure6/finite_time_q10_runs/figure6_q10_20260901_2037/task_cache/task_0308.rds	8055706	2026-09-01T20:41:06-0400	060d521e18825969e56feb094d551962f0b6d82bcba994af840101d0d360f5a7	clean
revised/iteration4/data/Figures/Figure6/finite_time_q10_runs/figure6_q10_20260901_2037/task_cache/task_0309.rds	8055704	2026-09-01T20:41:59-0400	6fb4941016cdce2eb8547db7e9c72afddea9b830d9922ac8453be8478ffcf737	clean
revised/iteration4/data/Figures/Figure6/finite_time_q10_runs/figure6_q10_20260901_2037/task_cache/task_0310.rds	8055708	2026-09-01T20:38:25-0400	a770731399bfa64c31aabc6f234c85bf35d45d849b98fd49ad458053b7273e64	clean
revised/iteration4/data/Figures/Figure6/finite_time_q10_runs/figure6_q10_20260901_2037/task_cache/task_0311.rds	8055706	2026-09-01T20:39:18-0400	5736dd8ebb266f4536ca8a4cf3d707573df7923a1a09ad2be95b1502b04f6ffe	clean
revised/iteration4/data/Figures/Figure6/finite_time_q10_runs/figure6_q10_20260901_2037/task_cache/task_0312.rds	8055708	2026-09-01T20:40:11-0400	f5caf63e2a47fb2b89ee7ece4ed0d779d30d292b87962eee71d7e76e7802bc68	clean
revised/iteration4/data/Figures/Figure6/finite_time_q10_runs/figure6_q10_20260901_2037/task_cache/task_0313.rds	8055706	2026-09-01T20:41:04-0400	b8c85be7b81ee05cdce8d76b8c0656a6cd95ae0b3476e6e250896d65e7b74c56	clean
revised/iteration4/data/Figures/Figure6/finite_time_q10_runs/figure6_q10_20260901_2037/task_cache/task_0314.rds	8055706	2026-09-01T20:41:57-0400	e3ec3dda8ed025be5f9c02cbe33dea9a3fab5fb6a84acbcb5e5605426af490ad	clean
revised/iteration4/data/Figures/Figure6/finite_time_q10_runs/figure6_q10_20260901_2037/task_cache/task_0315.rds	8055835	2026-09-01T20:38:26-0400	e87dec2f32e84d1394e82d1b87b8a1e40504ae42d173387800459bdce1dfb70b	clean
revised/iteration4/data/Figures/Figure6/finite_time_q10_runs/figure6_q10_20260901_2037/task_cache/task_0316.rds	8055706	2026-09-01T20:39:20-0400	a8a6ebc25c35a2c9c2b6c6d93d0c37814778e9d992bbe43b051f27d3f2419211	clean
revised/iteration4/data/Figures/Figure6/finite_time_q10_runs/figure6_q10_20260901_2037/task_cache/task_0317.rds	8055704	2026-09-01T20:40:14-0400	aff4531850740f2ed28fae75876dafd1579abf96e4cb35ef37762534080d6cda	clean
revised/iteration4/data/Figures/Figure6/finite_time_q10_runs/figure6_q10_20260901_2037/task_cache/task_0318.rds	8055708	2026-09-01T20:41:08-0400	d1ea93076058dc7a02875ae3e7a044c9111e0ee73610171340970d29ea1ea5c5	clean
revised/iteration4/data/Figures/Figure6/finite_time_q10_runs/figure6_q10_20260901_2037/task_cache/task_0319.rds	8055706	2026-09-01T20:42:02-0400	073f6b64d838118d09427a4893f21b9da7c263fab8f81f031811bfc16a32d651	clean
revised/iteration4/data/Figures/Figure6/finite_time_q10_runs/figure6_q10_20260901_2037/task_cache/task_0320.rds	8055708	2026-09-01T20:38:25-0400	138f93cf1b0fe1c3b42c07800d8e1c016a8b39fce1d3469f0d55726ffdc99eb2	clean
revised/iteration4/data/Figures/Figure6/finite_time_q10_runs/figure6_q10_20260901_2037/task_cache/task_0321.rds	8055706	2026-09-01T20:39:18-0400	ec56a348d558aa9cdff79b2b16b875be81313ff2ffb02f77c9ea487b7683e1d3	clean
revised/iteration4/data/Figures/Figure6/finite_time_q10_runs/figure6_q10_20260901_2037/task_cache/task_0322.rds	8055706	2026-09-01T20:40:11-0400	15d6c69ed643e65bed224895dd6c1f76afd7512914b7673e289c6bb9ef47461d	clean
revised/iteration4/data/Figures/Figure6/finite_time_q10_runs/figure6_q10_20260901_2037/task_cache/task_0323.rds	8055835	2026-09-01T20:41:05-0400	74f10be0486d1c1ec923b7362676a51cb044cc8b21df4f9d100e717bb4cfaa38	clean
revised/iteration4/data/Figures/Figure6/finite_time_q10_runs/figure6_q10_20260901_2037/task_cache/task_0324.rds	8055706	2026-09-01T20:41:59-0400	d408c6a582d6336f983dff2a8836d63a2a78201b7963070fdf1cee00e140c333	clean
revised/iteration4/data/Figures/Figure6/finite_time_q10_runs/figure6_q10_20260901_2037/task_cache/task_0325.rds	8055704	2026-09-01T20:42:45-0400	fd5609752def3b9fec98ba433891bee4ba523eccc5ed96074244ed993a2cff04	clean
revised/iteration4/data/Figures/Figure6/finite_time_q10_runs/figure6_q10_20260901_2037/task_cache/task_0326.rds	8055708	2026-09-01T20:38:26-0400	c5fb538f452e22060071a41c31109980ab2fe6893822d5520666289172419a3b	clean
revised/iteration4/data/Figures/Figure6/finite_time_q10_runs/figure6_q10_20260901_2037/task_cache/task_0327.rds	8055706	2026-09-01T20:39:19-0400	781edf916458283b2373d280cacc4cdb537b68f22f6695a6efe47f45001213c3	clean
revised/iteration4/data/Figures/Figure6/finite_time_q10_runs/figure6_q10_20260901_2037/task_cache/task_0328.rds	8055708	2026-09-01T20:40:13-0400	5f6a80d1c0ab0780779e06e325fc7615e52478dff2079b003121fe8d7a8d10a0	clean
revised/iteration4/data/Figures/Figure6/finite_time_q10_runs/figure6_q10_20260901_2037/task_cache/task_0329.rds	8055706	2026-09-01T20:41:07-0400	0c32c82716463be475d0182921ff333f8be3a4f2729167fafa2a48a180f14ec6	clean
revised/iteration4/data/Figures/Figure6/finite_time_q10_runs/figure6_q10_20260901_2037/task_cache/task_0330.rds	8055706	2026-09-01T20:42:01-0400	84f2b6ff1814843bf4e6547f924c4063891866f77404b1f83ef6883cc2c90218	clean
revised/iteration4/data/Figures/Figure6/invitro_continuous_extended_q10_current.tsv	1826	2026-09-02T16:56:07-0400	6fe62b6ed80cfe0055bb560e4722d069e16d00d6a4e2ddf9f4fce73991086aa9	clean
revised/iteration4/data/Figures/Figure6/invitro_continuous_extended_q10_runs/.DS_Store	6148	2026-09-02T17:03:04-0400	ae2c9355a96cfac4f0b96b5b5428e1f8e3dccba37b55993c3de15759caaafbc2	clean
revised/iteration4/data/Figures/Figure6/invitro_continuous_extended_q10_runs/figure6_extended_20260902_1617_continuous/.DS_Store	6148	2026-09-02T17:02:59-0400	80223f7948b3831d87f6feb65712bc3858fcc800aa404f0138c0028133cd3211	clean
revised/iteration4/data/Figures/Figure6/invitro_continuous_extended_q10_runs/figure6_extended_20260902_1617_continuous/extended_panel_validation.tsv	338	2026-09-02T16:56:07-0400	f6f27a4c83bb849e981f23dc1f176c633f8de9c4b2fd4f7c8467412271a49c7b	clean
revised/iteration4/data/Figures/Figure6/invitro_continuous_extended_q10_runs/figure6_extended_20260902_1617_continuous/extended_run_provenance.tsv	2279	2026-09-02T16:56:07-0400	bec3ea3ef4d387fd08f7faddd85c659c624e5133a1d0510621a79edb1974bac4	clean
revised/iteration4/data/Figures/Figure6/invitro_continuous_extended_q10_runs/figure6_extended_20260902_1617_continuous/extended_task_manifest.tsv	46827	2026-09-02T16:53:09-0400	a870c6f526a2d8456e5fc4a02d8e86805558f290c71b1782f773316808631693	clean
revised/iteration4/data/Figures/Figure6/invitro_continuous_extended_q10_runs/figure6_extended_20260902_1617_continuous/extended_task_validation.tsv	44579	2026-09-02T16:56:03-0400	39185e67e56c4d2c041ce15c2490bcb6f8d647b6ada2ae13e942cbef24dc2450	clean
revised/iteration4/data/Figures/Figure6/invitro_continuous_extended_q10_runs/figure6_extended_20260902_1617_continuous/extended_time_panel_e.rds	16814853	2026-09-02T16:56:05-0400	faffce844d556606b7d4173cd63299c4d423c37e995aaa5012a4ecb26a3d7afe	clean
revised/iteration4/data/Figures/Figure6/invitro_continuous_extended_q10_runs/figure6_extended_20260902_1617_continuous/extended_time_panel_f.rds	16818355	2026-09-02T16:56:07-0400	834347685acba132c11e2ad0ebdb49f70d662a2e7eefa86a765b27ef774d4499	clean
revised/iteration4/data/Figures/Figure6/invitro_continuous_extended_q10_runs/figure6_extended_20260902_1617_continuous/extended_vs_existing_validation.tsv	209	2026-09-02T16:56:07-0400	d10d499091cb23314b8acba38562d928a7e41d8832cf7d57ab43b282167baecd	clean
revised/iteration4/data/Figures/Figure6/invitro_continuous_extended_q10_runs/figure6_extended_20260902_1617_continuous/task_cache/extended_task_0001.rds	8056768	2026-09-02T16:54:05-0400	9c4fe5392bf6a19aa2967ced75258afaecde275ee20862a1de3741abd0320311	clean
revised/iteration4/data/Figures/Figure6/invitro_continuous_extended_q10_runs/figure6_extended_20260902_1617_continuous/task_cache/extended_task_0002.rds	8056774	2026-09-02T16:54:59-0400	aa13d400e27446dc67aabe9c3be0be8970fda211499093a191f9af2ba4c8bbc4	clean
revised/iteration4/data/Figures/Figure6/invitro_continuous_extended_q10_runs/figure6_extended_20260902_1617_continuous/task_cache/extended_task_0003.rds	8056787	2026-09-02T16:55:48-0400	a97a8f3030487906057c2687b1d884ac480b2786668e2592953bb522ab667b39	clean
revised/iteration4/data/Figures/Figure6/invitro_continuous_extended_q10_runs/figure6_extended_20260902_1617_continuous/task_cache/extended_task_0004.rds	8056768	2026-09-02T16:54:02-0400	f156d1a372f2c32173b09b831aed34bf598542f393c38fbafd14845039728401	clean
revised/iteration4/data/Figures/Figure6/invitro_continuous_extended_q10_runs/figure6_extended_20260902_1617_continuous/task_cache/extended_task_0005.rds	8056770	2026-09-02T16:54:55-0400	33de42d65cebfac4c834fd99260f19931403b465a0f6a0152fb987a43d3aac6e	clean
revised/iteration4/data/Figures/Figure6/invitro_continuous_extended_q10_runs/figure6_extended_20260902_1617_continuous/task_cache/extended_task_0006.rds	8056772	2026-09-02T16:55:44-0400	f2becb208ee7e8c61e0f09e3cd344a618e5035db192d7f9df62f702fa8b848e3	clean
revised/iteration4/data/Figures/Figure6/invitro_continuous_extended_q10_runs/figure6_extended_20260902_1617_continuous/task_cache/extended_task_0007.rds	8056774	2026-09-02T16:54:07-0400	a0c7c250d72032e6c680a5dd961c782d9a017f49c292cc5f3333394a2bb06b8c	clean
revised/iteration4/data/Figures/Figure6/invitro_continuous_extended_q10_runs/figure6_extended_20260902_1617_continuous/task_cache/extended_task_0008.rds	8056777	2026-09-02T16:55:01-0400	b8e0360e2ce0cf15b6a9f2dfe2a4134c525cfcf85cc97b4022332f0147fbdb5a	clean
revised/iteration4/data/Figures/Figure6/invitro_continuous_extended_q10_runs/figure6_extended_20260902_1617_continuous/task_cache/extended_task_0009.rds	8056794	2026-09-02T16:54:05-0400	fbb0b2ebeb96f1a0474da30a312c3576178b2ad1e1558f49f51b9aa8389f1ffd	clean
revised/iteration4/data/Figures/Figure6/invitro_continuous_extended_q10_runs/figure6_extended_20260902_1617_continuous/task_cache/extended_task_0010.rds	8056780	2026-09-02T16:54:59-0400	f3b75579077168409455ea90226ecd23f965c180581576bd31d69fa706f391eb	clean
revised/iteration4/data/Figures/Figure6/invitro_continuous_extended_q10_runs/figure6_extended_20260902_1617_continuous/task_cache/extended_task_0011.rds	8056772	2026-09-02T16:55:49-0400	54738ca3e4f5aa5a52216a092fbc8e8ecc21cc6dbb484b6aade6930a75995d4b	clean
revised/iteration4/data/Figures/Figure6/invitro_continuous_extended_q10_runs/figure6_extended_20260902_1617_continuous/task_cache/extended_task_0012.rds	8056788	2026-09-02T16:54:04-0400	5d70c69ab00ade27e16fda507753eb75c1947118df8f0818cf629779e67b115e	clean
revised/iteration4/data/Figures/Figure6/invitro_continuous_extended_q10_runs/figure6_extended_20260902_1617_continuous/task_cache/extended_task_0013.rds	8056770	2026-09-02T16:54:58-0400	f8bd9c7b6757c2216010aa7c3ce68a83777e854b7a9b6a88ef5fbf8003f52e9b	clean
revised/iteration4/data/Figures/Figure6/invitro_continuous_extended_q10_runs/figure6_extended_20260902_1617_continuous/task_cache/extended_task_0014.rds	8056766	2026-09-02T16:54:07-0400	ee399828b043b172a5060a6f1a3dc2f615caa834ee223c89b3ea467bc9feb2e9	clean
revised/iteration4/data/Figures/Figure6/invitro_continuous_extended_q10_runs/figure6_extended_20260902_1617_continuous/task_cache/extended_task_0015.rds	8056770	2026-09-02T16:55:05-0400	3246e853c192cc774d3bbb7330d2de596b5144d4d9fcb4084de66043e34fd8c7	clean
revised/iteration4/data/Figures/Figure6/invitro_continuous_extended_q10_runs/figure6_extended_20260902_1617_continuous/task_cache/extended_task_0016.rds	8056765	2026-09-02T16:55:56-0400	177cf5396df5a8479c597ff1125a23afd461570acd5247fc594a654742f1aaad	clean
revised/iteration4/data/Figures/Figure6/invitro_continuous_extended_q10_runs/figure6_extended_20260902_1617_continuous/task_cache/extended_task_0017.rds	8056773	2026-09-02T16:54:04-0400	3da628a4147bc926f72acd800f3179048edc0d207511b5a1b894e43867604a60	clean
revised/iteration4/data/Figures/Figure6/invitro_continuous_extended_q10_runs/figure6_extended_20260902_1617_continuous/task_cache/extended_task_0018.rds	8056776	2026-09-02T16:54:57-0400	f497a19004cf7c0acc5d4133ae2498b24c7f7fef8994c8a848cd18bd95895f5b	clean
revised/iteration4/data/Figures/Figure6/invitro_continuous_extended_q10_runs/figure6_extended_20260902_1617_continuous/task_cache/extended_task_0019.rds	8056776	2026-09-02T16:55:46-0400	1684c6a5583cdc29814ef91bb83822da90fc1bab5d2bec4d27cbfe8c20079096	clean
revised/iteration4/data/Figures/Figure6/invitro_continuous_extended_q10_runs/figure6_extended_20260902_1617_continuous/task_cache/extended_task_0020.rds	8056774	2026-09-02T16:54:04-0400	5d638a51df2583a5b0f7cf5c447b7eb1fa75e38c1b4dec564399a33d09d9df5c	clean
revised/iteration4/data/Figures/Figure6/invitro_continuous_extended_q10_runs/figure6_extended_20260902_1617_continuous/task_cache/extended_task_0021.rds	8056791	2026-09-02T16:54:58-0400	1c37e50fad3a269930c1e53aa1cfcc496a7a8588eac83130dac6eb88136677b5	clean
revised/iteration4/data/Figures/Figure6/invitro_continuous_extended_q10_runs/figure6_extended_20260902_1617_continuous/task_cache/extended_task_0022.rds	8056771	2026-09-02T16:54:06-0400	85f5b12b65095cb801415b6754166e68631c7bce43293c2167462e8bfbbc1015	clean
revised/iteration4/data/Figures/Figure6/invitro_continuous_extended_q10_runs/figure6_extended_20260902_1617_continuous/task_cache/extended_task_0023.rds	8056774	2026-09-02T16:55:00-0400	438616ff06eb9620d56d4cee90350c54026c60b3d48b069317c6b16be09214b0	clean
revised/iteration4/data/Figures/Figure6/invitro_continuous_extended_q10_runs/figure6_extended_20260902_1617_continuous/task_cache/extended_task_0024.rds	8056766	2026-09-02T16:55:50-0400	c299bfbc421758f6120fa243cb821e6e9521f7cc0ef12786ec71d0c5c399d663	clean
revised/iteration4/data/Figures/Figure6/invitro_continuous_extended_q10_runs/figure6_extended_20260902_1617_continuous/task_cache/extended_task_0025.rds	8056772	2026-09-02T16:54:05-0400	34a3b20cb27a93e5cd9133a0b2fc1ef65af36cc2f955a4fd2c916e4894c68ca0	clean
revised/iteration4/data/Figures/Figure6/invitro_continuous_extended_q10_runs/figure6_extended_20260902_1617_continuous/task_cache/extended_task_0026.rds	8056768	2026-09-02T16:54:58-0400	187b6b74fbb68543fb2bb5983e96e1d0e6d899855b465a95c11c41ea44a7aaab	clean
revised/iteration4/data/Figures/Figure6/invitro_continuous_extended_q10_runs/figure6_extended_20260902_1617_continuous/task_cache/extended_task_0027.rds	8056774	2026-09-02T16:54:05-0400	55889c7e525d28f7deec7c1cef410d4fd7797ac36c2e4ff06b8ee542f66da2d6	clean
revised/iteration4/data/Figures/Figure6/invitro_continuous_extended_q10_runs/figure6_extended_20260902_1617_continuous/task_cache/extended_task_0028.rds	8056787	2026-09-02T16:54:59-0400	2cc63a693908ccd04d85aacc226b37d09f61b4e2c618ecbb6199ae43d7ebc574	clean
revised/iteration4/data/Figures/Figure6/invitro_continuous_extended_q10_runs/figure6_extended_20260902_1617_continuous/task_cache/extended_task_0029.rds	8056768	2026-09-02T16:55:48-0400	fc7ab70f7db6c31dcd849a411bfa68cdaa146d2e63ed6c96b6ce5ea19e3330be	clean
revised/iteration4/data/Figures/Figure6/invitro_continuous_extended_q10_runs/figure6_extended_20260902_1617_continuous/task_cache/extended_task_0030.rds	8056770	2026-09-02T16:54:04-0400	7a346647ba66cac069a6ae78edf68a09165353ecf16a5d5a931c22f0f4511b52	clean
revised/iteration4/data/Figures/Figure6/invitro_continuous_extended_q10_runs/figure6_extended_20260902_1617_continuous/task_cache/extended_task_0031.rds	8056772	2026-09-02T16:54:56-0400	b25042e4a025fe637ea3b2c8346232a163e4ce104e515d95102f921107c85ec5	clean
revised/iteration4/data/Figures/Figure6/invitro_continuous_extended_q10_runs/figure6_extended_20260902_1617_continuous/task_cache/extended_task_0032.rds	8056774	2026-09-02T16:55:47-0400	296902bfc1a0a0e20bdb5971dfbffb4120c9cad61395e71974c084321f0cdae3	clean
revised/iteration4/data/Figures/Figure6/invitro_continuous_extended_q10_runs/figure6_extended_20260902_1617_continuous/task_cache/extended_task_0033.rds	8056777	2026-09-02T16:54:05-0400	c7088d14f428ce0cb024df2d2c7f5b66902cfe9d158f9f02b988977dbc52160a	clean
revised/iteration4/data/Figures/Figure6/invitro_continuous_extended_q10_runs/figure6_extended_20260902_1617_continuous/task_cache/extended_task_0034.rds	8056794	2026-09-02T16:54:59-0400	7e8213b7c31e5806b7940285991fa91bd670a2be229e41e0d69f5b0ffe5d6cc9	clean
revised/iteration4/data/Figures/Figure6/invitro_continuous_extended_q10_runs/figure6_extended_20260902_1617_continuous/task_cache/extended_task_0035.rds	8056780	2026-09-02T16:54:06-0400	3ee9c77b170545f70a2a6f1857f1393897dc358b03a96b31262faea581540b15	clean
revised/iteration4/data/Figures/Figure6/invitro_continuous_extended_q10_runs/figure6_extended_20260902_1617_continuous/task_cache/extended_task_0036.rds	8056772	2026-09-02T16:55:01-0400	fe29be225125aeba2d544cbf53dbdeab85fdb8ea0987263381d5b2d3ccb24bca	clean
revised/iteration4/data/Figures/Figure6/invitro_continuous_extended_q10_runs/figure6_extended_20260902_1617_continuous/task_cache/extended_task_0037.rds	8056788	2026-09-02T16:55:51-0400	e34ca4e54f9aecaf67d4ceb4dd299197eaa548abb0cdd3f4ea204a86f1a0a43c	clean
revised/iteration4/data/Figures/Figure6/invitro_continuous_extended_q10_runs/figure6_extended_20260902_1617_continuous/task_cache/extended_task_0038.rds	8056770	2026-09-02T16:54:07-0400	f70b6b68d9fa493a1a4590534dcbbaf48224e9bf9c8c8c6a62b127b1bda1ce17	clean
revised/iteration4/data/Figures/Figure6/invitro_continuous_extended_q10_runs/figure6_extended_20260902_1617_continuous/task_cache/extended_task_0039.rds	8056766	2026-09-02T16:55:01-0400	9b67669796badf7157a1cc114e61398a44e490482e61d1170647098d5151afe4	clean
revised/iteration4/data/Figures/Figure6/invitro_continuous_extended_q10_runs/figure6_extended_20260902_1617_continuous/task_cache/extended_task_0040.rds	8056770	2026-09-02T16:54:07-0400	67bb5d4becf1196f9f5f67158e75c2fa37f3edc5a62c561462bd3ce838841d5e	clean
revised/iteration4/data/Figures/Figure6/invitro_continuous_extended_q10_runs/figure6_extended_20260902_1617_continuous/task_cache/extended_task_0041.rds	8056765	2026-09-02T16:55:01-0400	8ad3736dda68901491759ffb03f6c62528ab9b1f21e32bec18a4aa2e4058e3e9	clean
revised/iteration4/data/Figures/Figure6/invitro_continuous_extended_q10_runs/figure6_extended_20260902_1617_continuous/task_cache/extended_task_0042.rds	8056773	2026-09-02T16:55:51-0400	aac550896b15d5c41db8ef310cdbc8ceb5ec12697846ea341c22c596cb0fad53	clean
revised/iteration4/data/Figures/Figure6/invitro_continuous_extended_q10_runs/figure6_extended_20260902_1617_continuous/task_cache/extended_task_0043.rds	8056776	2026-09-02T16:54:07-0400	e8c710013ca017fdf52cf17a9e40eb4ee94ae5606b22fa0655523f641b2d9b6a	clean
revised/iteration4/data/Figures/Figure6/invitro_continuous_extended_q10_runs/figure6_extended_20260902_1617_continuous/task_cache/extended_task_0044.rds	8056776	2026-09-02T16:55:02-0400	06de73571d554ce622e87dfb3dabd397c93cea7c48f78b4147ae0a62dd4e8616	clean
revised/iteration4/data/Figures/Figure6/invitro_continuous_extended_q10_runs/figure6_extended_20260902_1617_continuous/task_cache/extended_task_0045.rds	8056774	2026-09-02T16:55:51-0400	5bec80bc19a9be3093397b0adf3d13044110812c9ba3e7f39879b1f3b0e91011	clean
revised/iteration4/data/Figures/Figure6/invitro_continuous_extended_q10_runs/figure6_extended_20260902_1617_continuous/task_cache/extended_task_0046.rds	8056791	2026-09-02T16:54:05-0400	849d63cf16cfae5cf34fc75d43d9d0e2867f25818f8e1889f34bce84ad13f45e	clean
revised/iteration4/data/Figures/Figure6/invitro_continuous_extended_q10_runs/figure6_extended_20260902_1617_continuous/task_cache/extended_task_0047.rds	8056771	2026-09-02T16:54:59-0400	ce51ab2c424072ce33a54ac96f83f429e2b9e1654662a1760017b912f9a3c305	clean
revised/iteration4/data/Figures/Figure6/invitro_continuous_extended_q10_runs/figure6_extended_20260902_1617_continuous/task_cache/extended_task_0048.rds	8056774	2026-09-02T16:54:05-0400	acfa2cd5f8e17a658a9730ad2c95b4dcf21d5a0ec56109cf746c2e1ec1909c2e	clean
revised/iteration4/data/Figures/Figure6/invitro_continuous_extended_q10_runs/figure6_extended_20260902_1617_continuous/task_cache/extended_task_0049.rds	8056766	2026-09-02T16:55:00-0400	bb5ce7d9502488a8f8659f7df2b47b94679ff889995091b4248e027af01412e9	clean
revised/iteration4/data/Figures/Figure6/invitro_continuous_extended_q10_runs/figure6_extended_20260902_1617_continuous/task_cache/extended_task_0050.rds	8056772	2026-09-02T16:55:50-0400	55c4e8413a1a1317e16c369793e338f8f071c844497964f2949035337f116940	clean
revised/iteration4/data/Figures/Figure6/invitro_continuous_extended_q10_runs/figure6_extended_20260902_1617_continuous/task_cache/extended_task_0051.rds	8056768	2026-09-02T16:54:06-0400	3070113e820575240d27eef63d0e2b3abd1c78256b213fa1ff33b92cd093ef04	clean
revised/iteration4/data/Figures/Figure6/invitro_continuous_extended_q10_runs/figure6_extended_20260902_1617_continuous/task_cache/extended_task_0052.rds	8056774	2026-09-02T16:55:01-0400	a9a1103804dff833a7b1f0a440eaac5e5ff6ac0997058d41e3f693edabf160eb	clean
revised/iteration4/data/Figures/Figure6/invitro_continuous_extended_q10_runs/figure6_extended_20260902_1617_continuous/task_cache/extended_task_0053.rds	8056787	2026-09-02T16:55:50-0400	77b67a70612ce7d9300332108d30a689267913545a6b13971c46323e7f115c62	clean
revised/iteration4/data/Figures/Figure6/invitro_continuous_extended_q10_runs/figure6_extended_20260902_1617_continuous/task_cache/extended_task_0054.rds	8056768	2026-09-02T16:54:05-0400	93c5f37e5d19164dcabda63bbf903c22229edac926d33da6f92bcb63f986883f	clean
revised/iteration4/data/Figures/Figure6/invitro_continuous_extended_q10_runs/figure6_extended_20260902_1617_continuous/task_cache/extended_task_0055.rds	8056770	2026-09-02T16:54:59-0400	2161345f7a480c417e1b2ad0d2b21cb8d3dacd3b5ec1f549793ef7385fb3873e	clean
revised/iteration4/data/Figures/Figure6/invitro_continuous_extended_q10_runs/figure6_extended_20260902_1617_continuous/task_cache/extended_task_0056.rds	8056772	2026-09-02T16:54:05-0400	2af03f4d7a2c79e51dda653b0c90b09ec2e84936f104c41693c44ba1ab6a3518	clean
revised/iteration4/data/Figures/Figure6/invitro_continuous_extended_q10_runs/figure6_extended_20260902_1617_continuous/task_cache/extended_task_0057.rds	8056774	2026-09-02T16:55:00-0400	59bd9e8e899890aeecd3da716ad419cdc862483836c49296d56f45a46b2b2834	clean
revised/iteration4/data/Figures/Figure6/invitro_continuous_extended_q10_runs/figure6_extended_20260902_1617_continuous/task_cache/extended_task_0058.rds	8056777	2026-09-02T16:55:49-0400	3d93c2ccb8ef92fd598f35de80591334fafe86dfd5d6f123e20a3f330a08d61d	clean
revised/iteration4/data/Figures/Figure6/invitro_continuous_extended_q10_runs/figure6_extended_20260902_1617_continuous/task_cache/extended_task_0059.rds	8056794	2026-09-02T16:54:05-0400	453221b1f179080847d91824959ce88909b7f878a5bddfa40ac317e28952f594	clean
revised/iteration4/data/Figures/Figure6/invitro_continuous_extended_q10_runs/figure6_extended_20260902_1617_continuous/task_cache/extended_task_0060.rds	8056780	2026-09-02T16:55:00-0400	456fd80594955c4d3eb0543192003eb6192f62aa3a88dd125066e9e10bdfefb0	clean
revised/iteration4/data/Figures/Figure6/invitro_continuous_extended_q10_runs/figure6_extended_20260902_1617_continuous/task_cache/extended_task_0061.rds	8056772	2026-09-02T16:54:05-0400	b17b1425c14324fc5dd423dac6b936413103c511c0a4be174137e8d1ff26984f	clean
revised/iteration4/data/Figures/Figure6/invitro_continuous_extended_q10_runs/figure6_extended_20260902_1617_continuous/task_cache/extended_task_0062.rds	8056788	2026-09-02T16:54:59-0400	6e8727cfb6d46321a89569e6a51fc0aed39cb6a7db2804c161bb94a9f3e1d5ad	clean
revised/iteration4/data/Figures/Figure6/invitro_continuous_extended_q10_runs/figure6_extended_20260902_1617_continuous/task_cache/extended_task_0063.rds	8056770	2026-09-02T16:55:49-0400	715cf1866b679813780d576653b43ad47f443b66e62fc0ca5f4b05c1f44ea475	clean
revised/iteration4/data/Figures/Figure6/invitro_continuous_extended_q10_runs/figure6_extended_20260902_1617_continuous/task_cache/extended_task_0064.rds	8056766	2026-09-02T16:54:05-0400	9819fe964bd11dff2686d77ef949bc4a6b2ced02ac74d528db41eb5fb5f64c32	clean
revised/iteration4/data/Figures/Figure6/invitro_continuous_extended_q10_runs/figure6_extended_20260902_1617_continuous/task_cache/extended_task_0065.rds	8056770	2026-09-02T16:54:58-0400	b9754bb7a6676915d8ef3d0fc68e9d9787547ba4ddd573e72bfb411f656aeaf4	clean
revised/iteration4/data/Figures/Figure6/invitro_continuous_extended_q10_runs/figure6_extended_20260902_1617_continuous/task_cache/extended_task_0066.rds	8056765	2026-09-02T16:55:48-0400	2045cb6f9c19453845cda7594f2c1426cbc5f7d857738d5ba5c660bbed086728	clean
revised/iteration4/data/Figures/Figure6/invitro_continuous_extended_q10_runs/figure6_extended_20260902_1617_continuous/task_cache/extended_task_0067.rds	8056773	2026-09-02T16:54:05-0400	75a5e9049f4dd767a9fa49530c7281a246cb8980e017d28405fd1a1493219945	clean
revised/iteration4/data/Figures/Figure6/invitro_continuous_extended_q10_runs/figure6_extended_20260902_1617_continuous/task_cache/extended_task_0068.rds	8056776	2026-09-02T16:54:59-0400	e1e605660c825db1255d52705a7fb6e2bc864e3ba85e512b2a9264384a679745	clean
revised/iteration4/data/Figures/Figure6/invitro_continuous_extended_q10_runs/figure6_extended_20260902_1617_continuous/task_cache/extended_task_0069.rds	8056776	2026-09-02T16:54:05-0400	1b9799cfb57872e4d13422ef1066a1666cf7e7596333eeded13ce4ddc10169c2	clean
revised/iteration4/data/Figures/Figure6/invitro_continuous_extended_q10_runs/figure6_extended_20260902_1617_continuous/task_cache/extended_task_0070.rds	8056774	2026-09-02T16:54:58-0400	018cd7e90d222e57703f8b1df719f25de63e364fa4ca6e86a1b05e54ed221c32	clean
revised/iteration4/data/Figures/Figure6/invitro_continuous_extended_q10_runs/figure6_extended_20260902_1617_continuous/task_cache/extended_task_0071.rds	8056791	2026-09-02T16:55:47-0400	39f3f5c3e8d91d4efc6fb4196ec39deffd711136947bae2e13dc94f31515327c	clean
revised/iteration4/data/Figures/Figure6/invitro_continuous_extended_q10_runs/figure6_extended_20260902_1617_continuous/task_cache/extended_task_0072.rds	8056771	2026-09-02T16:54:06-0400	03704ce4fdb92ec5721823462c9e416ce9c8912aa286b05290ce9e13914ff67a	clean
revised/iteration4/data/Figures/Figure6/invitro_continuous_extended_q10_runs/figure6_extended_20260902_1617_continuous/task_cache/extended_task_0073.rds	8056774	2026-09-02T16:55:00-0400	b3088348a85d9deda058dedc6fbd8230d3f8245808844237a6d3f575b452ee30	clean
revised/iteration4/data/Figures/Figure6/invitro_continuous_extended_q10_runs/figure6_extended_20260902_1617_continuous/task_cache/extended_task_0074.rds	8056766	2026-09-02T16:54:06-0400	db0323d777cbf9cb626f422756459104be1b7af133ebf88fc3de1763c4da60be	clean
revised/iteration4/data/Figures/Figure6/invitro_continuous_extended_q10_runs/figure6_extended_20260902_1617_continuous/task_cache/extended_task_0075.rds	8056772	2026-09-02T16:55:01-0400	fd60fad8ea68c24d25de5daf38cd47c1e9ef4ce0b92856a96e6c9c734b1693f9	clean
revised/iteration4/data/Figures/Figure6/invitro_continuous_extended_q10_runs/figure6_extended_20260902_1617_continuous/task_cache/extended_task_0076.rds	8056768	2026-09-02T16:55:51-0400	feb48933cc826754dea3f5d069726c6969cf9b89c8a7d8e32fa229ec1e592e69	clean
revised/iteration4/data/Figures/Figure6/invitro_continuous_extended_q10_runs/figure6_extended_20260902_1617_continuous/task_cache/extended_task_0077.rds	8056774	2026-09-02T16:54:07-0400	de794c8e416528644d17a16deab8885b77e49baddbe31b55623578484bc2698c	clean
revised/iteration4/data/Figures/Figure6/invitro_continuous_extended_q10_runs/figure6_extended_20260902_1617_continuous/task_cache/extended_task_0078.rds	8056787	2026-09-02T16:55:04-0400	cc2659ce0e17737a191ad3a799a6354b58235ce96db305a5fd74d97adc5eb4fb	clean
revised/iteration4/data/Figures/Figure6/invitro_continuous_extended_q10_runs/figure6_extended_20260902_1617_continuous/task_cache/extended_task_0079.rds	8056768	2026-09-02T16:55:53-0400	0f17ea4e21fea8846b785821b8935ac914cbd850f7d46d4ab5909e9f827c86e9	clean
revised/iteration4/data/Figures/Figure6/invitro_continuous_extended_q10_runs/figure6_extended_20260902_1617_continuous/task_cache/extended_task_0080.rds	8056770	2026-09-02T16:54:05-0400	b5da6d1c93cf96b40ec00fbc5eed2abb9e0f4ee26299a5d0f7a4a743ab4086db	clean
revised/iteration4/data/Figures/Figure6/invitro_continuous_extended_q10_runs/figure6_extended_20260902_1617_continuous/task_cache/extended_task_0081.rds	8056772	2026-09-02T16:54:59-0400	6a08da29ca8b912bf3cf04dc6ed39ddb4e1292ceab2439876a3d48b5888a2502	clean
revised/iteration4/data/Figures/Figure6/invitro_continuous_extended_q10_runs/figure6_extended_20260902_1617_continuous/task_cache/extended_task_0082.rds	8056774	2026-09-02T16:54:05-0400	e3bd0b8341c45dc5157313695c34823d492d476744d6555c230be08efd64b80e	clean
revised/iteration4/data/Figures/Figure6/invitro_continuous_extended_q10_runs/figure6_extended_20260902_1617_continuous/task_cache/extended_task_0083.rds	8056777	2026-09-02T16:55:01-0400	9c1283f95e21a77ff83f53792974d473349d386b94ac438028f198d4a3ffc1bf	clean
revised/iteration4/data/Figures/Figure6/invitro_continuous_extended_q10_runs/figure6_extended_20260902_1617_continuous/task_cache/extended_task_0084.rds	8056794	2026-09-02T16:55:51-0400	1cd6593fc1516c9f29343c428c4610527e0dd9630d2f7c0b0d358ead0716955f	clean
revised/iteration4/data/Figures/Figure6/invitro_continuous_extended_q10_runs/figure6_extended_20260902_1617_continuous/task_cache/extended_task_0085.rds	8056780	2026-09-02T16:54:05-0400	fbd6507a61709c36bdc42bbedbe2b67eeeb3c57ee79c51d2de43361c0c39e06e	clean
revised/iteration4/data/Figures/Figure6/invitro_continuous_extended_q10_runs/figure6_extended_20260902_1617_continuous/task_cache/extended_task_0086.rds	8056772	2026-09-02T16:55:00-0400	e56d65e3aacf4244f115af9ad77d47791bb4d680abdd76dde7382d4d0c475981	clean
revised/iteration4/data/Figures/Figure6/invitro_continuous_extended_q10_runs/figure6_extended_20260902_1617_continuous/task_cache/extended_task_0087.rds	8056788	2026-09-02T16:54:08-0400	655a08db27b08ce67fd59594ba06ba2f8d5f6c8c6c1c2cccb0a7ea544bf5597a	clean
revised/iteration4/data/Figures/Figure6/invitro_continuous_extended_q10_runs/figure6_extended_20260902_1617_continuous/task_cache/extended_task_0088.rds	8056770	2026-09-02T16:55:03-0400	c0ce77fda68b85c0ad7be7625d091947ba287677e255230df713dfc0a47e8ac1	clean
revised/iteration4/data/Figures/Figure6/invitro_continuous_extended_q10_runs/figure6_extended_20260902_1617_continuous/task_cache/extended_task_0089.rds	8056766	2026-09-02T16:55:57-0400	d6fa6cf0928b456fef9d2e0ea83528ae5177ddf4d308d01a34def104ff7677ee	clean
revised/iteration4/data/Figures/Figure6/invitro_continuous_extended_q10_runs/figure6_extended_20260902_1617_continuous/task_cache/extended_task_0090.rds	8056770	2026-09-02T16:54:05-0400	35df177b580d5e3b2bafaa24dfb01cb6d06166112479dd906228be03957ce611	clean
revised/iteration4/data/Figures/Figure6/invitro_continuous_extended_q10_runs/figure6_extended_20260902_1617_continuous/task_cache/extended_task_0091.rds	8056765	2026-09-02T16:54:59-0400	72b2d814737ec517437ec4b37e023eeb1160b5bdce6864d44a4645a03a1b6a00	clean
revised/iteration4/data/Figures/Figure6/invitro_continuous_extended_q10_runs/figure6_extended_20260902_1617_continuous/task_cache/extended_task_0092.rds	8056773	2026-09-02T16:55:48-0400	43e52e0228037495dd2a8a4572a1803a6be2815760cf7624d3d5eb017c0e97f3	clean
revised/iteration4/data/Figures/Figure6/invitro_continuous_extended_q10_runs/figure6_extended_20260902_1617_continuous/task_cache/extended_task_0093.rds	8056776	2026-09-02T16:54:06-0400	5d5a39e9585eb34120b55f47bdbaf6e83025795be658444e9a8c1257393e5376	clean
revised/iteration4/data/Figures/Figure6/invitro_continuous_extended_q10_runs/figure6_extended_20260902_1617_continuous/task_cache/extended_task_0094.rds	8056776	2026-09-02T16:55:00-0400	6584828bfbf7d9eb07c15baf71f257852f5b280f02b4ae28f4061abeecaa3ea7	clean
revised/iteration4/data/Figures/Figure6/invitro_continuous_extended_q10_runs/figure6_extended_20260902_1617_continuous/task_cache/extended_task_0095.rds	8056774	2026-09-02T16:54:06-0400	25165bd97df9119d4faf56b73fde3c9305e65e8a5ce3f1515bdda037647fba0f	clean
revised/iteration4/data/Figures/Figure6/invitro_continuous_extended_q10_runs/figure6_extended_20260902_1617_continuous/task_cache/extended_task_0096.rds	8056791	2026-09-02T16:55:01-0400	75f8f5c352ebca988de065dd9ae38497079464badaf39dd981a4759a0fd1d805	clean
revised/iteration4/data/Figures/Figure6/invitro_continuous_extended_q10_runs/figure6_extended_20260902_1617_continuous/task_cache/extended_task_0097.rds	8056771	2026-09-02T16:55:51-0400	54a7735074780b77c1fd428736718650cc5e7fcd476d2e059145967cb29ea24f	clean
revised/iteration4/data/Figures/Figure6/invitro_continuous_extended_q10_runs/figure6_extended_20260902_1617_continuous/task_cache/extended_task_0098.rds	8056774	2026-09-02T16:54:06-0400	2ab9a07910987cd4987f1b07705633247fdc66b8e4752ef2c1ae3b10aa72e4a6	clean
revised/iteration4/data/Figures/Figure6/invitro_continuous_extended_q10_runs/figure6_extended_20260902_1617_continuous/task_cache/extended_task_0099.rds	8056766	2026-09-02T16:55:00-0400	8072d3d394212f3cfe2b4c8edecb30b6cf4a5d8d04cb8f18b432131bcdee3fb9	clean
revised/iteration4/data/Figures/Figure6/invitro_continuous_extended_q10_runs/figure6_extended_20260902_1617_continuous/task_cache/extended_task_0100.rds	8056772	2026-09-02T16:54:06-0400	e2b096ddfa7d855fef9f48bd0c5e0b56896141635299be6fbe7954cca2d99b6a	clean
revised/iteration4/data/Figures/Figure6/invitro_continuous_extended_q10_runs/figure6_extended_20260902_1617_continuous/task_cache/extended_task_0101.rds	8056768	2026-09-02T16:55:00-0400	36a4101d8b720570ef78fe7cbc6e4e1f1b5f198f13f5273c633788efed89d6a1	clean
revised/iteration4/data/Figures/Figure6/invitro_continuous_extended_q10_runs/figure6_extended_20260902_1617_continuous/task_cache/extended_task_0102.rds	8056774	2026-09-02T16:55:50-0400	fdcf0ac35ebc4d04ecb9aa83c312d080cbf2dd3f755c19778fe9fd6f6680787f	clean
revised/iteration4/data/Figures/Figure6/invitro_continuous_extended_q10_runs/figure6_extended_20260902_1617_continuous/task_cache/extended_task_0103.rds	8056787	2026-09-02T16:54:05-0400	25ab98f377e74145468f50cc50ca28ac9df0db135f19c8fb8f5c478df775e0f6	clean
revised/iteration4/data/Figures/Figure6/invitro_continuous_extended_q10_runs/figure6_extended_20260902_1617_continuous/task_cache/extended_task_0104.rds	8056768	2026-09-02T16:55:00-0400	551c869314f7e3423d043a0e8bada1879e06a622d5a9a2285350b316a97e7bfb	clean
revised/iteration4/data/Figures/Figure6/invitro_continuous_extended_q10_runs/figure6_extended_20260902_1617_continuous/task_cache/extended_task_0105.rds	8056770	2026-09-02T16:55:54-0400	39816f0872d9b337997088c7973d03e9eeb48e4c51bb5284330ecf92f6d1e03b	clean
revised/iteration4/data/Figures/Figure6/invitro_continuous_extended_q10_runs/figure6_extended_20260902_1617_continuous/task_cache/extended_task_0106.rds	8056772	2026-09-02T16:54:05-0400	b27704b12210189622bf389777a60130e5cf117b78c9a7f30ffb344feaba95c7	clean
revised/iteration4/data/Figures/Figure6/invitro_continuous_extended_q10_runs/figure6_extended_20260902_1617_continuous/task_cache/extended_task_0107.rds	8056774	2026-09-02T16:54:58-0400	3a2109070b07f2fb55f15efcc8cb596cb472f6b14a34d058425b29a076040268	clean
revised/iteration4/data/Figures/Figure6/invitro_continuous_extended_q10_runs/figure6_extended_20260902_1617_continuous/task_cache/extended_task_0108.rds	8056777	2026-09-02T16:54:06-0400	73b3b4f6993d1aef653731b664463eb3620ed6924d65f43a3fe11b2c93fc3b4f	clean
revised/iteration4/data/Figures/Figure6/invitro_continuous_extended_q10_runs/figure6_extended_20260902_1617_continuous/task_cache/extended_task_0109.rds	8056794	2026-09-02T16:55:01-0400	bbfb9602b73efafb43299cedba8dd18d1e4c39df4139402b3f45af00cb6aab6f	clean
revised/iteration4/data/Figures/Figure6/invitro_continuous_extended_q10_runs/figure6_extended_20260902_1617_continuous/task_cache/extended_task_0110.rds	8056780	2026-09-02T16:55:50-0400	deae079390c51a80e90e1aadd560f7450cb7d84a51439488899d9a9c2cf8ac22	clean
revised/iteration4/data/Figures/Figure6/invitro_continuous_extended_q10_runs/figure6_extended_20260902_1617_continuous/task_cache/extended_task_0111.rds	8056772	2026-09-02T16:54:06-0400	9fbc57bd37bae73841c9efaa1c1330256d998fb4ffcb57368c8bd68364543e36	clean
revised/iteration4/data/Figures/Figure6/invitro_continuous_extended_q10_runs/figure6_extended_20260902_1617_continuous/task_cache/extended_task_0112.rds	8056788	2026-09-02T16:55:01-0400	96199ee38d64c38921f0e347f26f5ef426d60bc7b2971877afa5a2c94310781e	clean
revised/iteration4/data/Figures/Figure6/invitro_continuous_extended_q10_runs/figure6_extended_20260902_1617_continuous/task_cache/extended_task_0113.rds	8056770	2026-09-02T16:54:05-0400	cf41937ee45b0cbf1e4b192345b1650dad6375b34826561d62fefa36fd1d7511	clean
revised/iteration4/data/Figures/Figure6/invitro_continuous_extended_q10_runs/figure6_extended_20260902_1617_continuous/task_cache/extended_task_0114.rds	8056766	2026-09-02T16:54:59-0400	ede438ef64de13ee6a6444cea63202afbc77f69cba1b82b0fa6c1bbbe15661f2	clean
revised/iteration4/data/Figures/Figure6/invitro_continuous_extended_q10_runs/figure6_extended_20260902_1617_continuous/task_cache/extended_task_0115.rds	8056770	2026-09-02T16:55:49-0400	6900d61e8d34cc5316ffee1673c5a90fbc06132a1c0b8cdb6fba80b63b90e4fb	clean
revised/iteration4/data/Figures/Figure6/invitro_continuous_extended_q10_runs/figure6_extended_20260902_1617_continuous/task_cache/extended_task_0116.rds	8056765	2026-09-02T16:54:04-0400	2a12d55f757bb120b33031baeea6f7e84bdf6159629dbfd348de1439c1c6d3c2	clean
revised/iteration4/data/Figures/Figure6/invitro_continuous_extended_q10_runs/figure6_extended_20260902_1617_continuous/task_cache/extended_task_0117.rds	8056773	2026-09-02T16:54:57-0400	ed6a0dedf1554264f4dbebb3f73a88e33bb65fca95762ffdb14f69ed35eadc05	clean
revised/iteration4/data/Figures/Figure6/invitro_continuous_extended_q10_runs/figure6_extended_20260902_1617_continuous/task_cache/extended_task_0118.rds	8056776	2026-09-02T16:55:46-0400	c368d6e3f3d7aade350b073b3df34764dd75c3fa7922dec7eff56fd1d8cb3d5e	clean
revised/iteration4/data/Figures/Figure6/invitro_continuous_extended_q10_runs/figure6_extended_20260902_1617_continuous/task_cache/extended_task_0119.rds	8056776	2026-09-02T16:54:05-0400	2d3530597ba6c84581c1536e5985dbad98a980b5b83c22327a4e1fe4d7bfe2c2	clean
revised/iteration4/data/Figures/Figure6/invitro_continuous_extended_q10_runs/figure6_extended_20260902_1617_continuous/task_cache/extended_task_0120.rds	8056774	2026-09-02T16:55:00-0400	7e2fb0c386216bf92ec132cc4a98f5f4ce409a6ac58c6c623ff952abb1f11eee	clean
revised/iteration4/data/Figures/Figure6/invitro_continuous_extended_q10_runs/figure6_extended_20260902_1617_continuous/task_cache/extended_task_0121.rds	8056791	2026-09-02T16:54:07-0400	7e1ad038589bda491a6ce6ffd01fa947030d7a13dd49210070c222af1118c396	clean
revised/iteration4/data/Figures/Figure6/invitro_continuous_extended_q10_runs/figure6_extended_20260902_1617_continuous/task_cache/extended_task_0122.rds	8056771	2026-09-02T16:55:01-0400	4f6865e03f60de02093740bd4886d9fb05efef98ff55058550059f46a78172cf	clean
revised/iteration4/data/Figures/Figure6/invitro_continuous_extended_q10_runs/figure6_extended_20260902_1617_continuous/task_cache/extended_task_0123.rds	8056774	2026-09-02T16:55:51-0400	7f96b2cd1e6ee42852fc088199286d52e87cabf3383b604fb904fcae6f465b49	clean
revised/iteration4/data/Figures/Figure6/invitro_continuous_extended_q10_runs/figure6_extended_20260902_1617_continuous/task_cache/extended_task_0124.rds	8056766	2026-09-02T16:54:06-0400	dda2ac6158ca3443a051f22d3147af25c689ece87582cc6761de05a1d89a51fa	clean
revised/iteration4/data/Figures/Figure6/invitro_continuous_extended_q10_runs/figure6_extended_20260902_1617_continuous/task_cache/extended_task_0125.rds	8056772	2026-09-02T16:55:01-0400	4819e552c7b291bb55a2e02d64f399c04e72c302d09788ecdd38548768e2471e	clean
revised/iteration4/data/Figures/Figure6/invitro_continuous_extended_q10_runs/figure6_extended_20260902_1617_continuous/task_cache/extended_task_0126.rds	8056909	2026-09-02T16:55:51-0400	120aeb0349c6e3757d6b6848c56615e2a673acb85912f7ebe98766b9b0080968	clean
revised/iteration4/data/Figures/Figure6/invitro_continuous_extended_q10_runs/figure6_extended_20260902_1617_continuous/task_cache/extended_task_0127.rds	8056799	2026-09-02T16:54:06-0400	39f6cc3e78dc7b51f6b10548113c0d56f41b36cdaddecf1c656cf05d71c1b315	clean
revised/iteration4/data/Figures/Figure6/invitro_continuous_extended_q10_runs/figure6_extended_20260902_1617_continuous/task_cache/extended_task_0128.rds	8056795	2026-09-02T16:54:59-0400	d0cb1f65d2352b3803df356017a345fd9eeeca5bfd0adf35f668c08941b01e5a	clean
revised/iteration4/data/Figures/Figure6/invitro_continuous_extended_q10_runs/figure6_extended_20260902_1617_continuous/task_cache/extended_task_0129.rds	8056800	2026-09-02T16:54:05-0400	f133dcf5ce96a0fa9eaa84db2956144e7bd6d60780430e89fad91aeedd836c0d	clean
revised/iteration4/data/Figures/Figure6/invitro_continuous_extended_q10_runs/figure6_extended_20260902_1617_continuous/task_cache/extended_task_0130.rds	8056767	2026-09-02T16:54:59-0400	f050025f38540bf5dac103e5aabac32d45975f3f9382e7bde7b2372d73224d38	clean
revised/iteration4/data/Figures/Figure6/invitro_continuous_extended_q10_runs/figure6_extended_20260902_1617_continuous/task_cache/extended_task_0131.rds	8056784	2026-09-02T16:55:48-0400	6d945ea8e81c57c4d8216d325e76a84624f3173a98943d309b2c19c0b9827e61	clean
revised/iteration4/data/Figures/Figure6/invitro_continuous_extended_q10_runs/figure6_extended_20260902_1617_continuous/task_cache/extended_task_0132.rds	8056763	2026-09-02T16:54:06-0400	3a5fe4731abfc29385c896dcdf0ec3bb0837b9eac0b7e909614b5fd94ac6805b	clean
revised/iteration4/data/Figures/Figure6/invitro_continuous_extended_q10_runs/figure6_extended_20260902_1617_continuous/task_cache/extended_task_0133.rds	8056780	2026-09-02T16:55:00-0400	cba226aa48baeb5f7ba6eaf2f77beebe1b47db8675e33e033600f690d1cc8d69	clean
revised/iteration4/data/Figures/Figure6/invitro_continuous_extended_q10_runs/figure6_extended_20260902_1617_continuous/task_cache/extended_task_0134.rds	8056909	2026-09-02T16:54:06-0400	f71ae0f9e6815cd06e2924b0556e3f8cba6171f9bb9869a65406acbd7bbbb14a	clean
revised/iteration4/data/Figures/Figure6/invitro_continuous_extended_q10_runs/figure6_extended_20260902_1617_continuous/task_cache/extended_task_0135.rds	8056799	2026-09-02T16:55:00-0400	243f54f36acd85871246893e0a5da9313ab5e7f65aef52e6583366b8baaad455	clean
revised/iteration4/data/Figures/Figure6/invitro_continuous_extended_q10_runs/figure6_extended_20260902_1617_continuous/task_cache/extended_task_0136.rds	8056795	2026-09-02T16:55:49-0400	c9cf7731af993342169eb1d422f9b2416462d2f3ba729c19806bfc567a02c928	clean
revised/iteration4/data/Figures/Figure6/invitro_continuous_extended_q10_runs/figure6_extended_20260902_1617_continuous/task_cache/extended_task_0137.rds	8056800	2026-09-02T16:54:06-0400	1b321996987bc381471662d0260fcfd64207978792540b9bd97ffd764ecbf25e	clean
revised/iteration4/data/Figures/Figure6/invitro_continuous_extended_q10_runs/figure6_extended_20260902_1617_continuous/task_cache/extended_task_0138.rds	8056767	2026-09-02T16:55:00-0400	ff517e0335f6581042613a219815bc80669ce31facb7bb5e2e563dd4da14d5b6	clean
revised/iteration4/data/Figures/Figure6/invitro_continuous_extended_q10_runs/figure6_extended_20260902_1617_continuous/task_cache/extended_task_0139.rds	8056784	2026-09-02T16:55:51-0400	e7281f4009f8645d93a862c37c0ca0162cb2e93e73983ef3f37360a5c076315f	clean
revised/iteration4/data/Figures/Figure6/invitro_continuous_extended_q10_runs/figure6_extended_20260902_1617_continuous/task_cache/extended_task_0140.rds	8056763	2026-09-02T16:54:06-0400	ef4ccdfe5996a651326066d9f1ab0fa96d5f501726d3b54f6bcb60a368044b61	clean
revised/iteration4/data/Figures/Figure6/invitro_continuous_extended_q10_runs/figure6_extended_20260902_1617_continuous/task_cache/extended_task_0141.rds	8056780	2026-09-02T16:55:00-0400	587dc10a0db606326444b0305231cb51d0d4c7b50ec87244dc370825815fe36a	clean
revised/iteration4/data/Figures/Figure6/invitro_continuous_extended_q10_runs/figure6_extended_20260902_1617_continuous/task_cache/extended_task_0142.rds	8056909	2026-09-02T16:54:06-0400	d70fc5019b572292b780433283bed1192267d03171f30cbcf8963a5578822247	clean
revised/iteration4/data/Figures/Figure6/invitro_continuous_extended_q10_runs/figure6_extended_20260902_1617_continuous/task_cache/extended_task_0143.rds	8056799	2026-09-02T16:55:00-0400	316171e92d5aa3a50d5f5c61b0a84871ce03c1346662dd5f182986c86380cd27	clean
revised/iteration4/data/Figures/Figure6/invitro_continuous_extended_q10_runs/figure6_extended_20260902_1617_continuous/task_cache/extended_task_0144.rds	8056795	2026-09-02T16:55:50-0400	a423ef81f69917ea0dc0a05d6700388c61b11fc12fe202819d33ca2aef36def9	clean
revised/iteration4/data/Figures/Figure6/invitro_continuous_extended_q10_runs/figure6_extended_20260902_1617_continuous/task_cache/extended_task_0145.rds	8056800	2026-09-02T16:54:06-0400	9e20dd0d484617da6d62f43a31a0b0753d25cb9ac948abfd6206c0c4770e9896	clean
revised/iteration4/data/Figures/Figure6/invitro_continuous_extended_q10_runs/figure6_extended_20260902_1617_continuous/task_cache/extended_task_0146.rds	8056767	2026-09-02T16:55:00-0400	c0f4483f75bc191dc587876742c3f4c9d609301ba8c1827509544196338a098b	clean
revised/iteration4/data/Figures/Figure6/invitro_continuous_extended_q10_runs/figure6_extended_20260902_1617_continuous/task_cache/extended_task_0147.rds	8056784	2026-09-02T16:54:07-0400	fe972ba0f53fd26b51702b8bc8ff3ec8b0d8f04f7d25a4da2f50d8ae5e0ad0d4	clean
revised/iteration4/data/Figures/Figure6/invitro_continuous_extended_q10_runs/figure6_extended_20260902_1617_continuous/task_cache/extended_task_0148.rds	8056763	2026-09-02T16:55:01-0400	9f8e4300c3f8375b722165941eb831ebd4a29c16b018c1d577a98e0495c27373	clean
revised/iteration4/data/Figures/Figure6/invitro_continuous_extended_q10_runs/figure6_extended_20260902_1617_continuous/task_cache/extended_task_0149.rds	8056780	2026-09-02T16:55:51-0400	c9f656cded95251a742f04df0c413c4e6a07614b7bbd5bd406a73413408f6533	clean
revised/iteration4/data/Figures/Figure6/invitro_continuous_extended_q10_runs/figure6_extended_20260902_1617_continuous/task_cache/extended_task_0150.rds	8056909	2026-09-02T16:54:06-0400	2ff1c39fea39b0a0e1307103ec73622a411dc51cf279d985f2a71d8e32c2bbb7	clean
revised/iteration4/data/Figures/Figure6/invitro_continuous_extended_q10_runs/figure6_extended_20260902_1617_continuous/task_cache/extended_task_0151.rds	8056799	2026-09-02T16:55:01-0400	f4d772be18fb1a61e24acac772431c7e59839bc24a853db0c4134480412a4e6f	clean
revised/iteration4/data/Figures/Figure6/invitro_continuous_extended_q10_runs/figure6_extended_20260902_1617_continuous/task_cache/extended_task_0152.rds	8056795	2026-09-02T16:55:51-0400	b957c86032284c569490019108a5661f40dcf07219bd3a942f1f9f36010e98b9	clean
revised/iteration4/data/Figures/Figure6/invitro_continuous_extended_q10_runs/figure6_extended_20260902_1617_continuous/task_cache/extended_task_0153.rds	8056800	2026-09-02T16:54:06-0400	a2c486b825e13997ce64d741eb01783380f380ea47c6b069b24a30211176cd25	clean
revised/iteration4/data/Figures/Figure6/invitro_continuous_extended_q10_runs/figure6_extended_20260902_1617_continuous/task_cache/extended_task_0154.rds	8056767	2026-09-02T16:55:00-0400	75a6f7aab966e9402dba07a0dc1f8380dfdb88ece4ca22c038bccc3b5e213dd9	clean
revised/iteration4/data/Figures/Figure6/invitro_continuous_extended_q10_runs/figure6_extended_20260902_1617_continuous/task_cache/extended_task_0155.rds	8056784	2026-09-02T16:54:06-0400	e66040a8ed832dec1be9a24a2409c8dbecf4519bfc556a792ceee801b281f27f	clean
revised/iteration4/data/Figures/Figure6/invitro_continuous_extended_q10_runs/figure6_extended_20260902_1617_continuous/task_cache/extended_task_0156.rds	8056763	2026-09-02T16:55:00-0400	131e5cfe08464972306c70a4c44916217b0880d5cb99917cea76d7fa2588000f	clean
revised/iteration4/data/Figures/Figure6/invitro_continuous_extended_q10_runs/figure6_extended_20260902_1617_continuous/task_cache/extended_task_0157.rds	8056780	2026-09-02T16:55:49-0400	6320e2c230def5048c1f7a494dd9560c345c69937a1ba3472807be11d517ba3b	clean
revised/iteration4/data/Figures/Figure6/invitro_continuous_extended_q10_runs/figure6_extended_20260902_1617_continuous/task_cache/extended_task_0158.rds	8056909	2026-09-02T16:54:06-0400	d09139b810f327e0529898c2f00f656ce80aa8287fca3cd7cce64ab775420724	clean
revised/iteration4/data/Figures/Figure6/invitro_continuous_extended_q10_runs/figure6_extended_20260902_1617_continuous/task_cache/extended_task_0159.rds	8056799	2026-09-02T16:55:00-0400	96ad6d447424dc18d7e92250d1b64b9874f9abaa4a078dfaae0a5d5a5c9edeba	clean
revised/iteration4/data/Figures/Figure6/invitro_continuous_extended_q10_runs/figure6_extended_20260902_1617_continuous/task_cache/extended_task_0160.rds	8056795	2026-09-02T16:54:07-0400	84afb55e69f0fd7b87e04dbd7ad8144f0f182673243c8d7d7ec7c15e7fdbbf6c	clean
revised/iteration4/data/Figures/Figure6/invitro_continuous_extended_q10_runs/figure6_extended_20260902_1617_continuous/task_cache/extended_task_0161.rds	8056800	2026-09-02T16:55:02-0400	111d0ab3b7ee52722af2330c81a972045dd9e86d7b9e7c0363c218b0903fbf3d	clean
revised/iteration4/data/Figures/Figure6/invitro_continuous_extended_q10_runs/figure6_extended_20260902_1617_continuous/task_cache/extended_task_0162.rds	8056767	2026-09-02T16:55:52-0400	0b2625dfeea834f530bfd7ae62708c955665213d42b98401f1bc032da66ead5a	clean
revised/iteration4/data/Figures/Figure6/invitro_continuous_extended_q10_runs/figure6_extended_20260902_1617_continuous/task_cache/extended_task_0163.rds	8056784	2026-09-02T16:54:06-0400	fdad863590ab7a458fb4f2ce1f84bf09792570e92ed835f5c0b2591964f45174	clean
revised/iteration4/data/Figures/Figure6/invitro_continuous_extended_q10_runs/figure6_extended_20260902_1617_continuous/task_cache/extended_task_0164.rds	8056763	2026-09-02T16:54:59-0400	f19bddb505e580304be647f9364eeb0becb6b4e98e78f7cb6d63c31e331ea759	clean
revised/iteration4/data/Figures/Figure6/invitro_continuous_extended_q10_runs/figure6_extended_20260902_1617_continuous/task_cache/extended_task_0165.rds	8056780	2026-09-02T16:55:49-0400	07d7b8719bce28d48e3425c94c01542129f1370c6d56a2e42f9820d5b948f52c	clean
revised/iteration4/data/Figures/Figure6/invitro_continuous_extended_q10_runs/smoke_20260902_1515_continuous/extended_panel_validation.tsv	280	2026-09-02T15:15:01-0400	076a31accac7c124d97b50f95b7e01ea2e3660c31319d2e6a03abd4b33df22e5	clean
revised/iteration4/data/Figures/Figure6/invitro_continuous_extended_q10_runs/smoke_20260902_1515_continuous/extended_run_provenance.tsv	1415	2026-09-02T15:15:01-0400	f9f3883e39db5dddcf7e35a9f0a83c3914f743f31338965caf26a9527c1511b7	clean
revised/iteration4/data/Figures/Figure6/invitro_continuous_extended_q10_runs/smoke_20260902_1515_continuous/extended_task_manifest.tsv	1241	2026-09-02T15:15:00-0400	ded5b7de2c495695720cb1c8983df3423f819d940ecb9676c3a83eecabb879f1	clean
revised/iteration4/data/Figures/Figure6/invitro_continuous_extended_q10_runs/smoke_20260902_1515_continuous/extended_task_validation.tsv	1279	2026-09-02T15:15:01-0400	3ff501b29edb0243000ccc77a5be542f869bd3ed87a9b83b3b295653c961450a	clean
revised/iteration4/data/Figures/Figure6/invitro_continuous_extended_q10_runs/smoke_20260902_1515_continuous/extended_time_panel_e.rds	3321	2026-09-02T15:15:01-0400	806168f1c1081368a03c0d172adc5b8ea8e5a432e94bc6d023e0cfc211b98772	clean
revised/iteration4/data/Figures/Figure6/invitro_continuous_extended_q10_runs/smoke_20260902_1515_continuous/extended_time_panel_f.rds	3328	2026-09-02T15:15:01-0400	35476e7390da01882ed026952ceb0ccfed4c743a59982863c2e7beb77b3ccc8f	clean
revised/iteration4/data/Figures/Figure6/invitro_continuous_extended_q10_runs/smoke_20260902_1515_continuous/task_cache/extended_task_0001.rds	5590	2026-09-02T15:15:01-0400	601a2522bd18fcb62656aa172ad7238666cd1863915565d84c3b02201e8a8111	clean
revised/iteration4/data/Figures/Figure6/invitro_continuous_extended_q10_runs/smoke_20260902_1515_continuous/task_cache/extended_task_0002.rds	5590	2026-09-02T15:15:01-0400	e53f13d6e52faadcf8108b66bc9b28b3fa978910242b5bdc10a99e7c0a3290cf	clean
revised/iteration4/data/Figures/Figure6/invitro_continuous_extended_q10_runs/smoke_20260902_1515_continuous/task_cache/extended_task_0003.rds	5716	2026-09-02T15:15:01-0400	dc24ba4aabe56f02f90d039351e635c236ed056c142aa726088dd2b7cd0756b7	clean
revised/iteration4/data/Figures/Figure6/invitro_continuous_extended_q10_runs/smoke_20260902_1515_continuous/task_cache/extended_task_0004.rds	5716	2026-09-02T15:15:01-0400	80c9875c182895f5fb4cb637dc70e6d1ed5e2170e566156c4115997cbe66e837	clean
revised/iteration4/data/Figures/Figure6/invitro_model_code_provenance.tsv	2312	2026-08-29T18:36:19-0400	6cd15031b9f08cb5b09289ac3180702368fb1dea5387d917a4d5c4ce7a2a79c3	clean
revised/iteration4/data/Figures/Figure6/invitro_passage_extended_q10_current.tsv	1910	2026-09-02T16:52:49-0400	4fdda7789c8e4a7782c1cb3dad557528dd004f38178befa3267cc0f69ec9e9c8	clean
revised/iteration4/data/Figures/Figure6/invitro_passage_extended_q10_runs/figure6_extended_20260902_1617_passage/extended_panel_validation.tsv	333	2026-09-02T16:52:49-0400	f2ef8476636da6284583db15f2c08d11ea56bde42e95aa3347b0c5cf7463c3b1	clean
revised/iteration4/data/Figures/Figure6/invitro_passage_extended_q10_runs/figure6_extended_20260902_1617_passage/extended_run_provenance.tsv	2472	2026-09-02T16:52:49-0400	f5f9f2105ef192e712161911f2b6d66c3a59a0886cbc0c72e10d09be209fa4fc	clean
revised/iteration4/data/Figures/Figure6/invitro_passage_extended_q10_runs/figure6_extended_20260902_1617_passage/extended_task_manifest.tsv	45342	2026-09-02T16:23:31-0400	8c433586e7736493691a3d1c284cdb922747810a4159c293b0b5482da39f3ca7	clean
revised/iteration4/data/Figures/Figure6/invitro_passage_extended_q10_runs/figure6_extended_20260902_1617_passage/extended_task_validation.tsv	44414	2026-09-02T16:52:44-0400	cf00d6cd4c381dcf9f6492adae2b7136611a089d6a0e63d9f30ccfb7652a7b72	clean
revised/iteration4/data/Figures/Figure6/invitro_passage_extended_q10_runs/figure6_extended_20260902_1617_passage/extended_time_panel_e.rds	23745067	2026-09-02T16:52:46-0400	fc01d530587eeac53bac1a6602a93c208684752300336641f80b3c417a434c5d	clean
revised/iteration4/data/Figures/Figure6/invitro_passage_extended_q10_runs/figure6_extended_20260902_1617_passage/extended_time_panel_f.rds	23804299	2026-09-02T16:52:49-0400	0df963557b602c3f0d93e92e29257b9f2d919c2a712e2364f491d4a3e1050f7c	clean
revised/iteration4/data/Figures/Figure6/invitro_passage_extended_q10_runs/figure6_extended_20260902_1617_passage/extended_vs_existing_validation.tsv	199	2026-09-02T16:52:49-0400	63492d819d245aaddc8b19895040ac04e98ae8b8d4cacec76ca50008cad7e030	clean
revised/iteration4/data/Figures/Figure6/invitro_passage_extended_q10_runs/figure6_extended_20260902_1617_passage/recorded_passage_schedule.tsv	25189	2026-09-02T16:23:29-0400	70cbebbf142c161cb54ed41e86b214de2a7ea38383548894023d70772025674a	clean
revised/iteration4/data/Figures/Figure6/invitro_passage_extended_q10_runs/figure6_extended_20260902_1617_passage/repeated_passage_schedule.tsv	169440	2026-09-02T16:23:29-0400	87d4e371aceef70bea3a2720d8f71c004951526704d77891ed5b2e6d29a8e2f3	clean
revised/iteration4/data/Figures/Figure6/invitro_passage_extended_q10_runs/figure6_extended_20260902_1617_passage/repeated_passage_time_coverage.tsv	11982	2026-09-02T16:23:30-0400	3d70b1d7178285db8d292e32fb7ae6378de9c66d90f21fa42100de237be3a7ae	clean
revised/iteration4/data/Figures/Figure6/invitro_passage_extended_q10_runs/figure6_extended_20260902_1617_passage/task_cache/extended_task_0001.rds	8056843	2026-09-02T16:33:12-0400	c498ac279671f7b60a53b03f841007398885906ea47ff0662a75da0a0e3a6f1b	clean
revised/iteration4/data/Figures/Figure6/invitro_passage_extended_q10_runs/figure6_extended_20260902_1617_passage/task_cache/extended_task_0002.rds	8056849	2026-09-02T16:42:50-0400	b4b3eab6f5faed9082b116f41cdbb5469d5f5bc810af35fe867c4e5df7be0462	clean
revised/iteration4/data/Figures/Figure6/invitro_passage_extended_q10_runs/figure6_extended_20260902_1617_passage/task_cache/extended_task_0003.rds	8056862	2026-09-02T16:52:12-0400	2630c7426b27de1accd9525a4064ad2b9c35ca07ac08dd048fcf808eff9109ab	clean
revised/iteration4/data/Figures/Figure6/invitro_passage_extended_q10_runs/figure6_extended_20260902_1617_passage/task_cache/extended_task_0004.rds	8056843	2026-09-02T16:33:02-0400	54ca8f25bc252a5d65023b8cd464096d701f6400c8c77887e9288919f1263d8d	clean
revised/iteration4/data/Figures/Figure6/invitro_passage_extended_q10_runs/figure6_extended_20260902_1617_passage/task_cache/extended_task_0005.rds	8056845	2026-09-02T16:42:32-0400	082aa613ba0bd17bc5060c76972f25fa4f13377844ab711f573640c18222c593	clean
revised/iteration4/data/Figures/Figure6/invitro_passage_extended_q10_runs/figure6_extended_20260902_1617_passage/task_cache/extended_task_0006.rds	8056847	2026-09-02T16:51:27-0400	89358b82e28692be624248bcda7825d6b9961a0c828c43d7fa48e29a414619ca	clean
revised/iteration4/data/Figures/Figure6/invitro_passage_extended_q10_runs/figure6_extended_20260902_1617_passage/task_cache/extended_task_0007.rds	8056849	2026-09-02T16:33:23-0400	c7d9e69ec73a3d0e7dd7e47ec7bf54c4b07d38310ac84a9731d33ea612ab983e	clean
revised/iteration4/data/Figures/Figure6/invitro_passage_extended_q10_runs/figure6_extended_20260902_1617_passage/task_cache/extended_task_0008.rds	8056852	2026-09-02T16:43:07-0400	20d8d35815448257066af51282ee237a330137cce5080b42aea4df681259a118	clean
revised/iteration4/data/Figures/Figure6/invitro_passage_extended_q10_runs/figure6_extended_20260902_1617_passage/task_cache/extended_task_0009.rds	8056869	2026-09-02T16:33:03-0400	6b500bc58c33026aa78f24bac7798a2ce6e9c4bd969f948eaa692e8500cbfcff	clean
revised/iteration4/data/Figures/Figure6/invitro_passage_extended_q10_runs/figure6_extended_20260902_1617_passage/task_cache/extended_task_0010.rds	8056855	2026-09-02T16:42:47-0400	e806e7dbecce4c63f78162eaa616cd358fcb597b6b2c0412738e93b051c75518	clean
revised/iteration4/data/Figures/Figure6/invitro_passage_extended_q10_runs/figure6_extended_20260902_1617_passage/task_cache/extended_task_0011.rds	8056847	2026-09-02T16:51:40-0400	430860ceab74a5ea8758363efd3663d5d654d4c593f8382cc575914bff4207bf	clean
revised/iteration4/data/Figures/Figure6/invitro_passage_extended_q10_runs/figure6_extended_20260902_1617_passage/task_cache/extended_task_0012.rds	8056863	2026-09-02T16:33:29-0400	9e6a67cb32852a0d6e5c460d7b9cc6e4370cc114dd7c013f2dabea879e0348d7	clean
revised/iteration4/data/Figures/Figure6/invitro_passage_extended_q10_runs/figure6_extended_20260902_1617_passage/task_cache/extended_task_0013.rds	8056845	2026-09-02T16:43:03-0400	ca2bd5c25d5dcc53aea1cf04ae1c8549aee1c0df48ec9228da9a78d83b6b898a	clean
revised/iteration4/data/Figures/Figure6/invitro_passage_extended_q10_runs/figure6_extended_20260902_1617_passage/task_cache/extended_task_0014.rds	8056841	2026-09-02T16:33:11-0400	327274a9c39cac7a4555e42c52dbd5fb269eadb961e2fd37ed77e617a24a36a5	clean
revised/iteration4/data/Figures/Figure6/invitro_passage_extended_q10_runs/figure6_extended_20260902_1617_passage/task_cache/extended_task_0015.rds	8056845	2026-09-02T16:42:52-0400	d61b9aac97e86627cd228436d9fcc019dd0dcb127486dc6429d276dc6a1191ee	clean
revised/iteration4/data/Figures/Figure6/invitro_passage_extended_q10_runs/figure6_extended_20260902_1617_passage/task_cache/extended_task_0016.rds	8056840	2026-09-02T16:51:52-0400	5aa718971da8e647c6e44e9e6f7b296f4f02a119a97e1a347a2b48763c23b473	clean
revised/iteration4/data/Figures/Figure6/invitro_passage_extended_q10_runs/figure6_extended_20260902_1617_passage/task_cache/extended_task_0017.rds	8056848	2026-09-02T16:33:11-0400	26f82667709d2601b414a1e7ebc7ea15514279bf19a4603e8c7de465f94f79c9	clean
revised/iteration4/data/Figures/Figure6/invitro_passage_extended_q10_runs/figure6_extended_20260902_1617_passage/task_cache/extended_task_0018.rds	8056851	2026-09-02T16:42:54-0400	78dfb748273d0836dd8abc2507449bcb6f554d414ad995e7ad692a10504105c4	clean
revised/iteration4/data/Figures/Figure6/invitro_passage_extended_q10_runs/figure6_extended_20260902_1617_passage/task_cache/extended_task_0019.rds	8056851	2026-09-02T16:51:51-0400	0a6bd77b280d9f4da8d8e86e00adbff28414672e8fccd527d76c97491588e7af	clean
revised/iteration4/data/Figures/Figure6/invitro_passage_extended_q10_runs/figure6_extended_20260902_1617_passage/task_cache/extended_task_0020.rds	8056849	2026-09-02T16:33:14-0400	d60c90844a24bb12629f4c8f438263df9d72fd278fd7ac85161c86d1dbc1af4f	clean
revised/iteration4/data/Figures/Figure6/invitro_passage_extended_q10_runs/figure6_extended_20260902_1617_passage/task_cache/extended_task_0021.rds	8056866	2026-09-02T16:42:55-0400	f3783137b652b514fcebbf74112df23c0f0402e3169342767e330429d181c055	clean
revised/iteration4/data/Figures/Figure6/invitro_passage_extended_q10_runs/figure6_extended_20260902_1617_passage/task_cache/extended_task_0022.rds	8056846	2026-09-02T16:33:16-0400	79bc25c312d002fe30d9339eb52a1e19ec08e6cbf4b1a03d2ff1353322806b26	clean
revised/iteration4/data/Figures/Figure6/invitro_passage_extended_q10_runs/figure6_extended_20260902_1617_passage/task_cache/extended_task_0023.rds	8056849	2026-09-02T16:43:01-0400	770664894793b8c95afe7455deb421c28bb6c013ffca4c34654e9033673e12eb	clean
revised/iteration4/data/Figures/Figure6/invitro_passage_extended_q10_runs/figure6_extended_20260902_1617_passage/task_cache/extended_task_0024.rds	8056841	2026-09-02T16:52:02-0400	b2ad67bea11f3bd6b1e4df7378eb114a6303f6a11363ed24c313aa226b448c2f	clean
revised/iteration4/data/Figures/Figure6/invitro_passage_extended_q10_runs/figure6_extended_20260902_1617_passage/task_cache/extended_task_0025.rds	8056847	2026-09-02T16:33:09-0400	fe184c369345b5ffe7459583d8aed505ed3b24858b88242d3c5a96dfb188a89c	clean
revised/iteration4/data/Figures/Figure6/invitro_passage_extended_q10_runs/figure6_extended_20260902_1617_passage/task_cache/extended_task_0026.rds	8056843	2026-09-02T16:42:44-0400	1a0d58f09565462bafc3897d23b8b1d7d2c02ee1ba0edfb1cdc91de6f6540af4	clean
revised/iteration4/data/Figures/Figure6/invitro_passage_extended_q10_runs/figure6_extended_20260902_1617_passage/task_cache/extended_task_0027.rds	8056849	2026-09-02T16:33:13-0400	873d0b6a1d3afee4c79778cf9cf35bf4a1c913163383cf71d1e70eb41bad27e7	clean
revised/iteration4/data/Figures/Figure6/invitro_passage_extended_q10_runs/figure6_extended_20260902_1617_passage/task_cache/extended_task_0028.rds	8056862	2026-09-02T16:42:54-0400	55997eff580e67ae11719e7cdcc8e71039d730f0ffc1f6c855b01cb0fec2cd36	clean
revised/iteration4/data/Figures/Figure6/invitro_passage_extended_q10_runs/figure6_extended_20260902_1617_passage/task_cache/extended_task_0029.rds	8056843	2026-09-02T16:51:44-0400	ca4dce2f2da3e542f44c374c486e8d26d4dd853bb5d8fbef7b92a8cbda570ff8	clean
revised/iteration4/data/Figures/Figure6/invitro_passage_extended_q10_runs/figure6_extended_20260902_1617_passage/task_cache/extended_task_0030.rds	8056845	2026-09-02T16:33:10-0400	0eaded2e438648ab262e8d90dc1731da5e2cc5f669c569a79ef7afb597f335d6	clean
revised/iteration4/data/Figures/Figure6/invitro_passage_extended_q10_runs/figure6_extended_20260902_1617_passage/task_cache/extended_task_0031.rds	8056847	2026-09-02T16:42:48-0400	f0d501180895e5f5ac1408977111dd531f5204730c8238dde44faddb6c2aa3f1	clean
revised/iteration4/data/Figures/Figure6/invitro_passage_extended_q10_runs/figure6_extended_20260902_1617_passage/task_cache/extended_task_0032.rds	8056849	2026-09-02T16:51:49-0400	67801f96e7f79226e012541ac7dec359f125f287fca65455f5f3efe6c1a367b7	clean
revised/iteration4/data/Figures/Figure6/invitro_passage_extended_q10_runs/figure6_extended_20260902_1617_passage/task_cache/extended_task_0033.rds	8056852	2026-09-02T16:33:33-0400	4390899ffef6ebb9f2969161600cc20467a6363406b165a21c9d8e30ee97f6a8	clean
revised/iteration4/data/Figures/Figure6/invitro_passage_extended_q10_runs/figure6_extended_20260902_1617_passage/task_cache/extended_task_0034.rds	8056869	2026-09-02T16:43:12-0400	8a24baeff8a99916f0a6f3d3766deb2dd39bd8e2a911b11356047fbe22a58c6e	clean
revised/iteration4/data/Figures/Figure6/invitro_passage_extended_q10_runs/figure6_extended_20260902_1617_passage/task_cache/extended_task_0035.rds	8056855	2026-09-02T16:33:13-0400	9da0c34e20e3bcfc503e8a8404e871421e8850f19a46fd59acb69a26d93eeec6	clean
revised/iteration4/data/Figures/Figure6/invitro_passage_extended_q10_runs/figure6_extended_20260902_1617_passage/task_cache/extended_task_0036.rds	8056847	2026-09-02T16:42:55-0400	cf8c69beef69ec46b6b9aa54b4ced6ea726ae748a2dd725bc7fc1820c2f75f70	clean
revised/iteration4/data/Figures/Figure6/invitro_passage_extended_q10_runs/figure6_extended_20260902_1617_passage/task_cache/extended_task_0037.rds	8056863	2026-09-02T16:51:57-0400	f3ca6243134b9e90f046700f0606d7cf2822c6b1d509f23f28a586db363615a7	clean
revised/iteration4/data/Figures/Figure6/invitro_passage_extended_q10_runs/figure6_extended_20260902_1617_passage/task_cache/extended_task_0038.rds	8056845	2026-09-02T16:33:10-0400	d053d94767ff742646d9dc98331009627711d3d4602728c8bd65eb68a6cea76d	clean
revised/iteration4/data/Figures/Figure6/invitro_passage_extended_q10_runs/figure6_extended_20260902_1617_passage/task_cache/extended_task_0039.rds	8056841	2026-09-02T16:42:51-0400	242c582bb9f3d70eb46fe359b73ac20765cab74dc3545734d855122f84728d5e	clean
revised/iteration4/data/Figures/Figure6/invitro_passage_extended_q10_runs/figure6_extended_20260902_1617_passage/task_cache/extended_task_0040.rds	8056845	2026-09-02T16:33:01-0400	65d156835e29de7358058af27aae15acb3517f86f29869b8d599bd4ad8dc61e1	clean
revised/iteration4/data/Figures/Figure6/invitro_passage_extended_q10_runs/figure6_extended_20260902_1617_passage/task_cache/extended_task_0041.rds	8056840	2026-09-02T16:42:32-0400	b917742af1563074ac0ff02b91854620b8056d2e3bcbd32285874ebce0bb6f8b	clean
revised/iteration4/data/Figures/Figure6/invitro_passage_extended_q10_runs/figure6_extended_20260902_1617_passage/task_cache/extended_task_0042.rds	8056848	2026-09-02T16:51:26-0400	dee5b7d52dba247eda3f0643dce7faf30bd23ae8f7b4850ea31db29e1f87e04a	clean
revised/iteration4/data/Figures/Figure6/invitro_passage_extended_q10_runs/figure6_extended_20260902_1617_passage/task_cache/extended_task_0043.rds	8056851	2026-09-02T16:33:10-0400	f6de18f3d547419fba22eb243dae53a35e9fbfa704410e27c282760960513e14	clean
revised/iteration4/data/Figures/Figure6/invitro_passage_extended_q10_runs/figure6_extended_20260902_1617_passage/task_cache/extended_task_0044.rds	8056851	2026-09-02T16:42:48-0400	9c2c866c1535c310692205a06ff143e349f5cd25fdd71fd6cf1730b67ac547eb	clean
revised/iteration4/data/Figures/Figure6/invitro_passage_extended_q10_runs/figure6_extended_20260902_1617_passage/task_cache/extended_task_0045.rds	8056849	2026-09-02T16:51:51-0400	98c3349da845f24108bc374668aeba062e0cd72d1a9aee02842800885dc4706f	clean
revised/iteration4/data/Figures/Figure6/invitro_passage_extended_q10_runs/figure6_extended_20260902_1617_passage/task_cache/extended_task_0046.rds	8056866	2026-09-02T16:33:14-0400	8b867a198edf6e7c7c77ba91df5e48de0aed226113df177934c67c88e372e211	clean
revised/iteration4/data/Figures/Figure6/invitro_passage_extended_q10_runs/figure6_extended_20260902_1617_passage/task_cache/extended_task_0047.rds	8056846	2026-09-02T16:42:53-0400	dd4f14ec2bef6f76f3690b3dc39a2808726844dd0a4e29c07481c9f3bc9fda1f	clean
revised/iteration4/data/Figures/Figure6/invitro_passage_extended_q10_runs/figure6_extended_20260902_1617_passage/task_cache/extended_task_0048.rds	8056849	2026-09-02T16:33:14-0400	09711212321350be1c61c9320097bcf1245f6c692a1390791373c8d2fb3aec7c	clean
revised/iteration4/data/Figures/Figure6/invitro_passage_extended_q10_runs/figure6_extended_20260902_1617_passage/task_cache/extended_task_0049.rds	8056841	2026-09-02T16:42:55-0400	01b802cf67fe260e3dc611cf2d7a5670944c5da89babb67a01a58f0568c7c15c	clean
revised/iteration4/data/Figures/Figure6/invitro_passage_extended_q10_runs/figure6_extended_20260902_1617_passage/task_cache/extended_task_0050.rds	8056847	2026-09-02T16:51:52-0400	b08210201d1cef126e6c9362c7cc3453e012d5f2587cdc5af45345bdd1946b56	clean
revised/iteration4/data/Figures/Figure6/invitro_passage_extended_q10_runs/figure6_extended_20260902_1617_passage/task_cache/extended_task_0051.rds	8056843	2026-09-02T16:33:14-0400	1d8190e4f1d841e0b6a72bc455f800eda7d7d2825e26f7ca73d91d9757cf9f67	clean
revised/iteration4/data/Figures/Figure6/invitro_passage_extended_q10_runs/figure6_extended_20260902_1617_passage/task_cache/extended_task_0052.rds	8056849	2026-09-02T16:42:55-0400	bdf79f534f5798b6f20448e6770ac25b75761581bff2937bcd4eac4907efaf1b	clean
revised/iteration4/data/Figures/Figure6/invitro_passage_extended_q10_runs/figure6_extended_20260902_1617_passage/task_cache/extended_task_0053.rds	8056862	2026-09-02T16:51:54-0400	402ce132883640bd5946ab443e7b9ea02fb13dcf5d25dfd5e4fe51f05f9c8a05	clean
revised/iteration4/data/Figures/Figure6/invitro_passage_extended_q10_runs/figure6_extended_20260902_1617_passage/task_cache/extended_task_0054.rds	8056843	2026-09-02T16:33:08-0400	e6de9c49e116a7432a1a4bf7607078a250d5af4c47c38170300d6effd3c40656	clean
revised/iteration4/data/Figures/Figure6/invitro_passage_extended_q10_runs/figure6_extended_20260902_1617_passage/task_cache/extended_task_0055.rds	8056845	2026-09-02T16:42:42-0400	4a06fce174c2406ecaf7a5b546997dd7884815b439d4266541af96118304f90e	clean
revised/iteration4/data/Figures/Figure6/invitro_passage_extended_q10_runs/figure6_extended_20260902_1617_passage/task_cache/extended_task_0056.rds	8056847	2026-09-02T16:33:11-0400	0d7e885daad7eb9e79821b84075bf8ffeac3e2072b9ce381286da013ef2b7e15	clean
revised/iteration4/data/Figures/Figure6/invitro_passage_extended_q10_runs/figure6_extended_20260902_1617_passage/task_cache/extended_task_0057.rds	8056849	2026-09-02T16:42:49-0400	3d0036e606070549813ae0998dab612027db58bd021000881132effb33f851b5	clean
revised/iteration4/data/Figures/Figure6/invitro_passage_extended_q10_runs/figure6_extended_20260902_1617_passage/task_cache/extended_task_0058.rds	8056852	2026-09-02T16:51:44-0400	7f35d789857f374de76461738c8708b85900f1aa8c7c12dbfcfae69f3702b640	clean
revised/iteration4/data/Figures/Figure6/invitro_passage_extended_q10_runs/figure6_extended_20260902_1617_passage/task_cache/extended_task_0059.rds	8056869	2026-09-02T16:33:08-0400	fdf171246ef3a1fe727cc2eb6f21c5c6f2a1c18f3886eb7cfac488447ed2f908	clean
revised/iteration4/data/Figures/Figure6/invitro_passage_extended_q10_runs/figure6_extended_20260902_1617_passage/task_cache/extended_task_0060.rds	8056855	2026-09-02T16:42:49-0400	313b0fbf9fd072c56c6c6c40086ec1e114d1c4ca50ae63a00c29d18d159b868f	clean
revised/iteration4/data/Figures/Figure6/invitro_passage_extended_q10_runs/figure6_extended_20260902_1617_passage/task_cache/extended_task_0061.rds	8056847	2026-09-02T16:33:11-0400	729d32136b5cb10510c17b63dffdbd6b16aa45ab3e1463f4f3aa95a322b99ac9	clean
revised/iteration4/data/Figures/Figure6/invitro_passage_extended_q10_runs/figure6_extended_20260902_1617_passage/task_cache/extended_task_0062.rds	8056863	2026-09-02T16:42:50-0400	e295b4b2ce5fe756ed794df083920a7b7f4229caffca1648c526abd4e2e7450b	clean
revised/iteration4/data/Figures/Figure6/invitro_passage_extended_q10_runs/figure6_extended_20260902_1617_passage/task_cache/extended_task_0063.rds	8056845	2026-09-02T16:52:38-0400	bea6b5feeb1afad7297564c5bc18e9d0bec5f6121c55e35e32ddfdc14e1435dd	clean
revised/iteration4/data/Figures/Figure6/invitro_passage_extended_q10_runs/figure6_extended_20260902_1617_passage/task_cache/extended_task_0064.rds	8056841	2026-09-02T16:33:05-0400	c81a12ca695275fcfc00bc7f0c1a2b70149f3ea350eed1b461e8d1fb55ce2033	clean
revised/iteration4/data/Figures/Figure6/invitro_passage_extended_q10_runs/figure6_extended_20260902_1617_passage/task_cache/extended_task_0065.rds	8056845	2026-09-02T16:42:45-0400	c6566f8b1a0c8ca5ee533338f8594916f4d79e9e0964eaade778f95a42c8919a	clean
revised/iteration4/data/Figures/Figure6/invitro_passage_extended_q10_runs/figure6_extended_20260902_1617_passage/task_cache/extended_task_0066.rds	8056840	2026-09-02T16:51:44-0400	ca1d17fee5245f4f72dc325f0826da353055e3d43896c9f94c4c393577905489	clean
revised/iteration4/data/Figures/Figure6/invitro_passage_extended_q10_runs/figure6_extended_20260902_1617_passage/task_cache/extended_task_0067.rds	8056848	2026-09-02T16:33:04-0400	073daf51b43081db92ddcf9a3402fc69971594f93a73c929a603b8e39c268032	clean
revised/iteration4/data/Figures/Figure6/invitro_passage_extended_q10_runs/figure6_extended_20260902_1617_passage/task_cache/extended_task_0068.rds	8056851	2026-09-02T16:42:40-0400	418f9fed3d4718f0113e9b41d4ccd640568bd835ce2e3a136811fdf4adeaea6f	clean
revised/iteration4/data/Figures/Figure6/invitro_passage_extended_q10_runs/figure6_extended_20260902_1617_passage/task_cache/extended_task_0069.rds	8056851	2026-09-02T16:33:35-0400	2b0f9028de805bf0a52f78d6727c51e999c0d1bae5180b3c3ba38ef7a1c69bed	clean
revised/iteration4/data/Figures/Figure6/invitro_passage_extended_q10_runs/figure6_extended_20260902_1617_passage/task_cache/extended_task_0070.rds	8056849	2026-09-02T16:43:08-0400	959fbb2636784ef4b0e1cfa3a90d0324727851ba92f8824cb2ea7cee3b6c96b2	clean
revised/iteration4/data/Figures/Figure6/invitro_passage_extended_q10_runs/figure6_extended_20260902_1617_passage/task_cache/extended_task_0071.rds	8056866	2026-09-02T16:52:04-0400	9eb660cb33f19fc7a5dcb5df3aebfa8d7480a3a0f8b1ffae513f2941f6a74119	clean
revised/iteration4/data/Figures/Figure6/invitro_passage_extended_q10_runs/figure6_extended_20260902_1617_passage/task_cache/extended_task_0072.rds	8056846	2026-09-02T16:33:09-0400	c280719c6741ed79f7668afb6365b0fa519c4b98848b3569a6c92d5ceefa3af6	clean
revised/iteration4/data/Figures/Figure6/invitro_passage_extended_q10_runs/figure6_extended_20260902_1617_passage/task_cache/extended_task_0073.rds	8056849	2026-09-02T16:42:54-0400	e3d046ac77c0ab6505d26fa0b794718456a6fd55b4a726717e4458e60645f614	clean
revised/iteration4/data/Figures/Figure6/invitro_passage_extended_q10_runs/figure6_extended_20260902_1617_passage/task_cache/extended_task_0074.rds	8056841	2026-09-02T16:33:07-0400	9ef5da11a447137c1427b8a8da2dfce186c002cb99c2461b8a1934a58f944b12	clean
revised/iteration4/data/Figures/Figure6/invitro_passage_extended_q10_runs/figure6_extended_20260902_1617_passage/task_cache/extended_task_0075.rds	8056847	2026-09-02T16:42:41-0400	4127116b1cbd766d72f05f6f7d079f3c1b2148919786f8661ff24195c91473b4	clean
revised/iteration4/data/Figures/Figure6/invitro_passage_extended_q10_runs/figure6_extended_20260902_1617_passage/task_cache/extended_task_0076.rds	8056843	2026-09-02T16:51:38-0400	1c13f9dff9638f365255b2dae0dca221fcb1885875b1a449d9f747fa54bbf25b	clean
revised/iteration4/data/Figures/Figure6/invitro_passage_extended_q10_runs/figure6_extended_20260902_1617_passage/task_cache/extended_task_0077.rds	8056849	2026-09-02T16:33:09-0400	0cb1dbb70ccc856d2439c07a21a4c1d9cbadfd3de84dd5eff5db30f7ac360a40	clean
revised/iteration4/data/Figures/Figure6/invitro_passage_extended_q10_runs/figure6_extended_20260902_1617_passage/task_cache/extended_task_0078.rds	8056862	2026-09-02T16:42:44-0400	2ec67ef3d9f376e43f69d9a16ea103fe436f55b66e2377a6a0884e35a9e4987f	clean
revised/iteration4/data/Figures/Figure6/invitro_passage_extended_q10_runs/figure6_extended_20260902_1617_passage/task_cache/extended_task_0079.rds	8056843	2026-09-02T16:51:47-0400	c4b57c6c18985e931eecf5738b73cd07c69b1460bf245e18c4c5fc163dc321ef	clean
revised/iteration4/data/Figures/Figure6/invitro_passage_extended_q10_runs/figure6_extended_20260902_1617_passage/task_cache/extended_task_0080.rds	8056845	2026-09-02T16:33:03-0400	1905648480a280d5d08280de3e276dea4d496a4404e94959a1ce03467b129bc1	clean
revised/iteration4/data/Figures/Figure6/invitro_passage_extended_q10_runs/figure6_extended_20260902_1617_passage/task_cache/extended_task_0081.rds	8056847	2026-09-02T16:42:33-0400	edd76e294cfff30d8b122e1b1ee5553ac26f648ad53dad348ae56e56e145a91a	clean
revised/iteration4/data/Figures/Figure6/invitro_passage_extended_q10_runs/figure6_extended_20260902_1617_passage/task_cache/extended_task_0082.rds	8056849	2026-09-02T16:33:08-0400	45ed89e89b5efdf6b9bffb60d38dd71419c253d0df18abfbdb765e25ea90e513	clean
revised/iteration4/data/Figures/Figure6/invitro_passage_extended_q10_runs/figure6_extended_20260902_1617_passage/task_cache/extended_task_0083.rds	8056852	2026-09-02T16:42:40-0400	b05822f4e6674f1122ec45276d5ca822a6f57c1abcab77170218447c667554f7	clean
revised/iteration4/data/Figures/Figure6/invitro_passage_extended_q10_runs/figure6_extended_20260902_1617_passage/task_cache/extended_task_0084.rds	8056869	2026-09-02T16:51:37-0400	4e4907188ae18335d0cdc79e1743685008fe149d7cb5c91f4974b5e787c5c15c	clean
revised/iteration4/data/Figures/Figure6/invitro_passage_extended_q10_runs/figure6_extended_20260902_1617_passage/task_cache/extended_task_0085.rds	8056855	2026-09-02T16:33:02-0400	b73a11b8cb079644d3e66f169b46cb0661ac0087a8f4d929253bda90860d89af	clean
revised/iteration4/data/Figures/Figure6/invitro_passage_extended_q10_runs/figure6_extended_20260902_1617_passage/task_cache/extended_task_0086.rds	8056847	2026-09-02T16:42:33-0400	2c0cfa6bac7f26ab62eec981157cd266710ad46292d388ce78a7c7b4c1b1d07e	clean
revised/iteration4/data/Figures/Figure6/invitro_passage_extended_q10_runs/figure6_extended_20260902_1617_passage/task_cache/extended_task_0087.rds	8056863	2026-09-02T16:33:12-0400	76a3de3c8164c7ffa6b9e487a3581fb2bdd48cfb7e109fb72121ff155d22dd14	clean
revised/iteration4/data/Figures/Figure6/invitro_passage_extended_q10_runs/figure6_extended_20260902_1617_passage/task_cache/extended_task_0088.rds	8056845	2026-09-02T16:42:55-0400	17447a8e0bfb068fc5770ed9c25db06e3d7585364bb33bd8685b071bf2f49835	clean
revised/iteration4/data/Figures/Figure6/invitro_passage_extended_q10_runs/figure6_extended_20260902_1617_passage/task_cache/extended_task_0089.rds	8056841	2026-09-02T16:51:45-0400	d16f587469665cc9f4c8ee2cb06a388e113b76d6c0565319e594d53545adbf54	clean
revised/iteration4/data/Figures/Figure6/invitro_passage_extended_q10_runs/figure6_extended_20260902_1617_passage/task_cache/extended_task_0090.rds	8056845	2026-09-02T16:33:07-0400	266bc7bf4ab406a33cc1adf5af2735c11f1d81733b28c47c900d5ee812183437	clean
revised/iteration4/data/Figures/Figure6/invitro_passage_extended_q10_runs/figure6_extended_20260902_1617_passage/task_cache/extended_task_0091.rds	8056840	2026-09-02T16:42:43-0400	3419a9619d295f7d20bf1fca45ab4b71ce467cb2e15aee28defc9173eb73f6ab	clean
revised/iteration4/data/Figures/Figure6/invitro_passage_extended_q10_runs/figure6_extended_20260902_1617_passage/task_cache/extended_task_0092.rds	8056848	2026-09-02T16:51:44-0400	e9d526ab6a7104a41635d7abbed664df17bf6e513b0156c280ce0665eaace0d7	clean
revised/iteration4/data/Figures/Figure6/invitro_passage_extended_q10_runs/figure6_extended_20260902_1617_passage/task_cache/extended_task_0093.rds	8056851	2026-09-02T16:33:11-0400	4c949f1cac8985225b29f6efab769e244019cd7de8c28e0e10423bc127d691cd	clean
revised/iteration4/data/Figures/Figure6/invitro_passage_extended_q10_runs/figure6_extended_20260902_1617_passage/task_cache/extended_task_0094.rds	8056851	2026-09-02T16:42:58-0400	fe981df9db8130da6073b96d3038ba8a26bad4ac202b89153231dfca5cb718b1	clean
revised/iteration4/data/Figures/Figure6/invitro_passage_extended_q10_runs/figure6_extended_20260902_1617_passage/task_cache/extended_task_0095.rds	8056849	2026-09-02T16:33:11-0400	eda3f844b028202d022492701e32bfe19252ec8aba2be65dc3fc036e5b157a23	clean
revised/iteration4/data/Figures/Figure6/invitro_passage_extended_q10_runs/figure6_extended_20260902_1617_passage/task_cache/extended_task_0096.rds	8056866	2026-09-02T16:42:47-0400	804979af57158c2571f85dbaa7b596154b010ecffb523ba4a16c9972519b851b	clean
revised/iteration4/data/Figures/Figure6/invitro_passage_extended_q10_runs/figure6_extended_20260902_1617_passage/task_cache/extended_task_0097.rds	8056846	2026-09-02T16:51:43-0400	526d552251d5ce31feeef5453b98526cd67881ac199cfe6b54c40699ac013125	clean
revised/iteration4/data/Figures/Figure6/invitro_passage_extended_q10_runs/figure6_extended_20260902_1617_passage/task_cache/extended_task_0098.rds	8056849	2026-09-02T16:33:07-0400	11e0a377d0e0b7eb0d134bdd8226a3820ef87cbbfec1b626685a838c2892e10d	clean
revised/iteration4/data/Figures/Figure6/invitro_passage_extended_q10_runs/figure6_extended_20260902_1617_passage/task_cache/extended_task_0099.rds	8056841	2026-09-02T16:42:43-0400	1644a3fac8ac03b6f5754d15354f4cff399c6d88029387bb37a97b674aab399c	clean
revised/iteration4/data/Figures/Figure6/invitro_passage_extended_q10_runs/figure6_extended_20260902_1617_passage/task_cache/extended_task_0100.rds	8056847	2026-09-02T16:33:07-0400	9fd5faf43add4d2af2ba4954d0afa57b2b2c1c1f3d5e56fcf7a16f38bc34797d	clean
revised/iteration4/data/Figures/Figure6/invitro_passage_extended_q10_runs/figure6_extended_20260902_1617_passage/task_cache/extended_task_0101.rds	8056843	2026-09-02T16:42:51-0400	b23258be171f0483a3b6a5812ede30d0c358f96b0fb4403808a41ea65c308d05	clean
revised/iteration4/data/Figures/Figure6/invitro_passage_extended_q10_runs/figure6_extended_20260902_1617_passage/task_cache/extended_task_0102.rds	8056849	2026-09-02T16:51:53-0400	0670ba8caa73a4044735622bcc83bbebbbb8cc4abb95dc0e2e5ee555bd2b9024	clean
revised/iteration4/data/Figures/Figure6/invitro_passage_extended_q10_runs/figure6_extended_20260902_1617_passage/task_cache/extended_task_0103.rds	8056862	2026-09-02T16:33:12-0400	bd1d7132c5bad58358e634679aa667a6b2e77c0b593bed30c3dfcdcd2d393921	clean
revised/iteration4/data/Figures/Figure6/invitro_passage_extended_q10_runs/figure6_extended_20260902_1617_passage/task_cache/extended_task_0104.rds	8056843	2026-09-02T16:42:51-0400	69c763002b4633963ebc267f46972d68443ee88580a630be890204f62055905f	clean
revised/iteration4/data/Figures/Figure6/invitro_passage_extended_q10_runs/figure6_extended_20260902_1617_passage/task_cache/extended_task_0105.rds	8056845	2026-09-02T16:51:43-0400	bc47c74ae0b45f060a933d485d7e285ac0b7848997e21f252d1cb1f5338b8834	clean
revised/iteration4/data/Figures/Figure6/invitro_passage_extended_q10_runs/figure6_extended_20260902_1617_passage/task_cache/extended_task_0106.rds	8056847	2026-09-02T16:33:25-0400	ec995db3d9d16c167e89268ea61c10448ac6aceeff3eb61255d4d7995f90cdc6	clean
revised/iteration4/data/Figures/Figure6/invitro_passage_extended_q10_runs/figure6_extended_20260902_1617_passage/task_cache/extended_task_0107.rds	8056849	2026-09-02T16:43:06-0400	7920bbb1988c3d364c6bde3cc3c16af183001706f2008a0a2654fc95c281916d	clean
revised/iteration4/data/Figures/Figure6/invitro_passage_extended_q10_runs/figure6_extended_20260902_1617_passage/task_cache/extended_task_0108.rds	8056852	2026-09-02T16:33:08-0400	d498307ab653a2af2b608b7d0acb1ee645b15752af8d5f584884885e627d22b5	clean
revised/iteration4/data/Figures/Figure6/invitro_passage_extended_q10_runs/figure6_extended_20260902_1617_passage/task_cache/extended_task_0109.rds	8056869	2026-09-02T16:42:39-0400	8c6dc36b1998026839b97ff1cb3fb5195116d20af669c0da424ab5a4ac09b5ee	clean
revised/iteration4/data/Figures/Figure6/invitro_passage_extended_q10_runs/figure6_extended_20260902_1617_passage/task_cache/extended_task_0110.rds	8056855	2026-09-02T16:51:41-0400	24c8cc1c4d612ae05b198b4eb34af84a2f633451e3756f0970d45820a3d48ebe	clean
revised/iteration4/data/Figures/Figure6/invitro_passage_extended_q10_runs/figure6_extended_20260902_1617_passage/task_cache/extended_task_0111.rds	8056847	2026-09-02T16:33:10-0400	e511a91122eb2ba4c18bfb05d54a123a5de4a6e3fe4605551f1143f5de274972	clean
revised/iteration4/data/Figures/Figure6/invitro_passage_extended_q10_runs/figure6_extended_20260902_1617_passage/task_cache/extended_task_0112.rds	8056863	2026-09-02T16:42:52-0400	25014e4941e7f7f74e3b39fed1f2ae72e536bb98cb04c72abfa1540282f050cd	clean
revised/iteration4/data/Figures/Figure6/invitro_passage_extended_q10_runs/figure6_extended_20260902_1617_passage/task_cache/extended_task_0113.rds	8056845	2026-09-02T16:33:00-0400	7a8fb97eb83999c6c5152cabc675a45755166378f11f7ee996f9c028be6d82f7	clean
revised/iteration4/data/Figures/Figure6/invitro_passage_extended_q10_runs/figure6_extended_20260902_1617_passage/task_cache/extended_task_0114.rds	8056841	2026-09-02T16:42:28-0400	44b2442e6a6d1df7769bea2b852e328a519491e2e7cd9e68139fe0d7deb79e5b	clean
revised/iteration4/data/Figures/Figure6/invitro_passage_extended_q10_runs/figure6_extended_20260902_1617_passage/task_cache/extended_task_0115.rds	8056845	2026-09-02T16:51:32-0400	6ade53c16a34749b689989311a71086b366dc6df598bd7b39da6f21bc3ac529a	clean
revised/iteration4/data/Figures/Figure6/invitro_passage_extended_q10_runs/figure6_extended_20260902_1617_passage/task_cache/extended_task_0116.rds	8056840	2026-09-02T16:33:09-0400	2801c3bf38985aa2c9d695ae29296551d90e7c080c7250cb5649db5cd1591538	clean
revised/iteration4/data/Figures/Figure6/invitro_passage_extended_q10_runs/figure6_extended_20260902_1617_passage/task_cache/extended_task_0117.rds	8056848	2026-09-02T16:42:44-0400	5e1bc5a7c6ad80f6e75f785dba90ccf7d8522343afb8d66a556b26982b94fdfd	clean
revised/iteration4/data/Figures/Figure6/invitro_passage_extended_q10_runs/figure6_extended_20260902_1617_passage/task_cache/extended_task_0118.rds	8056851	2026-09-02T16:51:48-0400	de256fb9ce74ab825e0b8058276ae48c1bb4ef2ad69d9c1f0c6127273562f779	clean
revised/iteration4/data/Figures/Figure6/invitro_passage_extended_q10_runs/figure6_extended_20260902_1617_passage/task_cache/extended_task_0119.rds	8056851	2026-09-02T16:33:00-0400	f88d50b2fe1bd441aa0936824b79300a60430e72d738e4f49d5ff0689f62bf14	clean
revised/iteration4/data/Figures/Figure6/invitro_passage_extended_q10_runs/figure6_extended_20260902_1617_passage/task_cache/extended_task_0120.rds	8056849	2026-09-02T16:42:31-0400	c2ab36bab5b6b6117075d274421d4bf9cfed91a8a02739a89331c4d39ed1c8d6	clean
revised/iteration4/data/Figures/Figure6/invitro_passage_extended_q10_runs/figure6_extended_20260902_1617_passage/task_cache/extended_task_0121.rds	8056866	2026-09-02T16:33:25-0400	775b9716ec08601c693873b25df96aedece4904d6b46d4de989327b666b04adb	clean
revised/iteration4/data/Figures/Figure6/invitro_passage_extended_q10_runs/figure6_extended_20260902_1617_passage/task_cache/extended_task_0122.rds	8056846	2026-09-02T16:42:57-0400	87cf5782baf29da1099eb39397d72d2333cd4edc021538cd5c8116ec29ef1038	clean
revised/iteration4/data/Figures/Figure6/invitro_passage_extended_q10_runs/figure6_extended_20260902_1617_passage/task_cache/extended_task_0123.rds	8056849	2026-09-02T16:51:56-0400	e87e43b5fe817fb65b7e1b98b3f68c117ea7f64ee74ada76bbf7ac90a40d6498	clean
revised/iteration4/data/Figures/Figure6/invitro_passage_extended_q10_runs/figure6_extended_20260902_1617_passage/task_cache/extended_task_0124.rds	8056841	2026-09-02T16:33:09-0400	5fcb74779ee096fbd74bfe134d728f04ebe79a1614d749718a35e540371ee9b2	clean
revised/iteration4/data/Figures/Figure6/invitro_passage_extended_q10_runs/figure6_extended_20260902_1617_passage/task_cache/extended_task_0125.rds	8056847	2026-09-02T16:42:49-0400	c90db187cddc0d1e4696f331e84b25484df40f4cba0131dbb3651713560beb2d	clean
revised/iteration4/data/Figures/Figure6/invitro_passage_extended_q10_runs/figure6_extended_20260902_1617_passage/task_cache/extended_task_0126.rds	8056984	2026-09-02T16:51:49-0400	637789ab45ed8efbaadb0771c0010c7d972efbc8f500e5ef1ddcd7f0870ab913	clean
revised/iteration4/data/Figures/Figure6/invitro_passage_extended_q10_runs/figure6_extended_20260902_1617_passage/task_cache/extended_task_0127.rds	8056874	2026-09-02T16:33:12-0400	3d64c76f39fb50eb79e84db0a823eaa41f7f37952a1a102c787eb0df77f881d0	clean
revised/iteration4/data/Figures/Figure6/invitro_passage_extended_q10_runs/figure6_extended_20260902_1617_passage/task_cache/extended_task_0128.rds	8056870	2026-09-02T16:42:50-0400	83033814002af9cddf56aead2032074147bcff52207d88b4aec392fc9e9a53c1	clean
revised/iteration4/data/Figures/Figure6/invitro_passage_extended_q10_runs/figure6_extended_20260902_1617_passage/task_cache/extended_task_0129.rds	8056875	2026-09-02T16:33:14-0400	06f554df9022fbd91e8330f5d07e18dc3dc13d8f8612bfaafa99d19aa8325bf6	clean
revised/iteration4/data/Figures/Figure6/invitro_passage_extended_q10_runs/figure6_extended_20260902_1617_passage/task_cache/extended_task_0130.rds	8056842	2026-09-02T16:42:52-0400	bdc64fb4347fb16f8a5148b47f66006fc30b5cfad44e1b54a927376dd3665e7b	clean
revised/iteration4/data/Figures/Figure6/invitro_passage_extended_q10_runs/figure6_extended_20260902_1617_passage/task_cache/extended_task_0131.rds	8056859	2026-09-02T16:51:55-0400	477a40747c4ef853d8825fc7ac07a630d6aa2d58c9c75b0a632034f0c75607b9	clean
revised/iteration4/data/Figures/Figure6/invitro_passage_extended_q10_runs/figure6_extended_20260902_1617_passage/task_cache/extended_task_0132.rds	8056838	2026-09-02T16:33:12-0400	5f68d1ab442bdbac70744cc9de4f53143f34a727013e36bf0284ad6b904d83b2	clean
revised/iteration4/data/Figures/Figure6/invitro_passage_extended_q10_runs/figure6_extended_20260902_1617_passage/task_cache/extended_task_0133.rds	8056855	2026-09-02T16:42:49-0400	4f7dd3e70580cda9994fc30d15aacac7dc2805b3aa02575f42d31228a2a63e9f	clean
revised/iteration4/data/Figures/Figure6/invitro_passage_extended_q10_runs/figure6_extended_20260902_1617_passage/task_cache/extended_task_0134.rds	8056984	2026-09-02T16:33:11-0400	7c92ce9b441bf2bc38cc0a9b4218511e38bbc49a2a4be7028a94bc39dfbe40c1	clean
revised/iteration4/data/Figures/Figure6/invitro_passage_extended_q10_runs/figure6_extended_20260902_1617_passage/task_cache/extended_task_0135.rds	8056874	2026-09-02T16:42:41-0400	21deed6c41ca1164449f20aedaf2f5cc708a202c619d7a0d05973691b0b806c5	clean
revised/iteration4/data/Figures/Figure6/invitro_passage_extended_q10_runs/figure6_extended_20260902_1617_passage/task_cache/extended_task_0136.rds	8056870	2026-09-02T16:51:35-0400	d5547688eeba01a5c5be790a7a8fbf52431180991e6526a8669021f1e140bd77	clean
revised/iteration4/data/Figures/Figure6/invitro_passage_extended_q10_runs/figure6_extended_20260902_1617_passage/task_cache/extended_task_0137.rds	8056875	2026-09-02T16:33:15-0400	6728c8e51f8d559a13802667f5fdd85ce2132e9be9b77bd7d49bcf6f5c057c29	clean
revised/iteration4/data/Figures/Figure6/invitro_passage_extended_q10_runs/figure6_extended_20260902_1617_passage/task_cache/extended_task_0138.rds	8056842	2026-09-02T16:42:53-0400	c9dbbc24e138b680a2ed30f68dbab978b3c94ca70625078dd1b44a08c62c4d06	clean
revised/iteration4/data/Figures/Figure6/invitro_passage_extended_q10_runs/figure6_extended_20260902_1617_passage/task_cache/extended_task_0139.rds	8056859	2026-09-02T16:51:51-0400	57883dce7246fb4bcac99f39e1972bfa36fa5b897eab4adfb95c6f72a9fded95	clean
revised/iteration4/data/Figures/Figure6/invitro_passage_extended_q10_runs/figure6_extended_20260902_1617_passage/task_cache/extended_task_0140.rds	8056838	2026-09-02T16:33:08-0400	9de730ce1aaba33350c5b0e3e16b38e9c4a396397cd284303faebf2a9429ac1a	clean
revised/iteration4/data/Figures/Figure6/invitro_passage_extended_q10_runs/figure6_extended_20260902_1617_passage/task_cache/extended_task_0141.rds	8056855	2026-09-02T16:42:40-0400	88ad4eddda6b705366801abc04cc8cc9a2c5ff728a1d0e098da84c8e057deaf7	clean
revised/iteration4/data/Figures/Figure6/invitro_passage_extended_q10_runs/figure6_extended_20260902_1617_passage/task_cache/extended_task_0142.rds	8056984	2026-09-02T16:33:09-0400	31dc880b501242362fac29d4da48d4ef894cce786888a62e3720f0f021131f92	clean
revised/iteration4/data/Figures/Figure6/invitro_passage_extended_q10_runs/figure6_extended_20260902_1617_passage/task_cache/extended_task_0143.rds	8056874	2026-09-02T16:42:46-0400	e5f5845eb224251f8a3eec0ffc13e7fb65d416823298b32e5fe9fb064bcaeccf	clean
revised/iteration4/data/Figures/Figure6/invitro_passage_extended_q10_runs/figure6_extended_20260902_1617_passage/task_cache/extended_task_0144.rds	8056870	2026-09-02T16:51:45-0400	3b2442910fcda1081e071ee5b229876f76a82972ae0baff68f174ee85283d3cd	clean
revised/iteration4/data/Figures/Figure6/invitro_passage_extended_q10_runs/figure6_extended_20260902_1617_passage/task_cache/extended_task_0145.rds	8056875	2026-09-02T16:33:14-0400	6b93e4165ebf1ca96071355585a92a2499095320631a6cc53ac900564a51eaca	clean
revised/iteration4/data/Figures/Figure6/invitro_passage_extended_q10_runs/figure6_extended_20260902_1617_passage/task_cache/extended_task_0146.rds	8056842	2026-09-02T16:42:52-0400	bb04c23a18a64a14dd5306986cf4c6ed34e6616ebaf5bcdcd37b94ffab67e9fc	clean
revised/iteration4/data/Figures/Figure6/invitro_passage_extended_q10_runs/figure6_extended_20260902_1617_passage/task_cache/extended_task_0147.rds	8056859	2026-09-02T16:33:09-0400	f0be8a1235462d40bed1074fe4bdb75cda270084fb35e267dc95503283cb0c6c	clean
revised/iteration4/data/Figures/Figure6/invitro_passage_extended_q10_runs/figure6_extended_20260902_1617_passage/task_cache/extended_task_0148.rds	8056838	2026-09-02T16:42:45-0400	d6f1194dc0ed06345b26bcd49b0e848892b9d9c506db3b20f86acc706bd8795c	clean
revised/iteration4/data/Figures/Figure6/invitro_passage_extended_q10_runs/figure6_extended_20260902_1617_passage/task_cache/extended_task_0149.rds	8056855	2026-09-02T16:51:45-0400	f770a7ed456bd91bdbad5b7a87f4876a842d321aa9879004252e3dc19e2f0f42	clean
revised/iteration4/data/Figures/Figure6/invitro_passage_extended_q10_runs/figure6_extended_20260902_1617_passage/task_cache/extended_task_0150.rds	8056984	2026-09-02T16:33:07-0400	474d2cb66cb71f915575cd184f346d4586e80a4c4900845fdda323c2a6835947	clean
revised/iteration4/data/Figures/Figure6/invitro_passage_extended_q10_runs/figure6_extended_20260902_1617_passage/task_cache/extended_task_0151.rds	8056874	2026-09-02T16:42:41-0400	e2862cf850c90ff5bbf5c9129b6b50b2caac811afe3bd408915989403a7df19a	clean
revised/iteration4/data/Figures/Figure6/invitro_passage_extended_q10_runs/figure6_extended_20260902_1617_passage/task_cache/extended_task_0152.rds	8056870	2026-09-02T16:51:38-0400	6f42728a452f09aa97aed0cd73ad6d24004bbdf8f584aac4ff5ecd998aeed63e	clean
revised/iteration4/data/Figures/Figure6/invitro_passage_extended_q10_runs/figure6_extended_20260902_1617_passage/task_cache/extended_task_0153.rds	8056875	2026-09-02T16:33:09-0400	21365078c5c693314fd1df867511603a9e96dc004063217657d18ed3acb0fd9f	clean
revised/iteration4/data/Figures/Figure6/invitro_passage_extended_q10_runs/figure6_extended_20260902_1617_passage/task_cache/extended_task_0154.rds	8056842	2026-09-02T16:42:47-0400	0bcc2b837b3221dc36f8575482c1dcda5f6f95805765db749608b44d9c07e532	clean
revised/iteration4/data/Figures/Figure6/invitro_passage_extended_q10_runs/figure6_extended_20260902_1617_passage/task_cache/extended_task_0155.rds	8056859	2026-09-02T16:33:09-0400	110bb8587cfd3a101e4909440d2f3a334112ab36bce283fc142149bcbb6a6239	clean
revised/iteration4/data/Figures/Figure6/invitro_passage_extended_q10_runs/figure6_extended_20260902_1617_passage/task_cache/extended_task_0156.rds	8056838	2026-09-02T16:42:46-0400	4034232ab771dc1b106c577fe1890a4eb00d52c6d1bde71849e450e5efb7a2c8	clean
revised/iteration4/data/Figures/Figure6/invitro_passage_extended_q10_runs/figure6_extended_20260902_1617_passage/task_cache/extended_task_0157.rds	8056855	2026-09-02T16:51:45-0400	954de3b4a0797866128fb2868ed3410f5e51e279e13b9065dfbf41bac8483e04	clean
revised/iteration4/data/Figures/Figure6/invitro_passage_extended_q10_runs/figure6_extended_20260902_1617_passage/task_cache/extended_task_0158.rds	8056984	2026-09-02T16:33:07-0400	de339d559c07e7a8f9347f7aa7c77029ea8293c9eb90e9b5ddc5a66ac6a957d6	clean
revised/iteration4/data/Figures/Figure6/invitro_passage_extended_q10_runs/figure6_extended_20260902_1617_passage/task_cache/extended_task_0159.rds	8056874	2026-09-02T16:42:39-0400	69e8b4b44cb84af0f7186df0424361ab4a44863134f1836d092a28d04836a971	clean
revised/iteration4/data/Figures/Figure6/invitro_passage_extended_q10_runs/figure6_extended_20260902_1617_passage/task_cache/extended_task_0160.rds	8056870	2026-09-02T16:33:08-0400	5627bc9ca1597b5c58d8d591927c5e10bc12eb71da69e8c7ec6c23a3682226f9	clean
revised/iteration4/data/Figures/Figure6/invitro_passage_extended_q10_runs/figure6_extended_20260902_1617_passage/task_cache/extended_task_0161.rds	8056875	2026-09-02T16:42:41-0400	9c45cd65fbb064895b933706fe103d224a5b40af843596f8686c92e3d3e52e41	clean
revised/iteration4/data/Figures/Figure6/invitro_passage_extended_q10_runs/figure6_extended_20260902_1617_passage/task_cache/extended_task_0162.rds	8056842	2026-09-02T16:51:34-0400	7923c219351f2e0ff04c50a34f9eb55603248887397877d943444b94627495b8	clean
revised/iteration4/data/Figures/Figure6/invitro_passage_extended_q10_runs/figure6_extended_20260902_1617_passage/task_cache/extended_task_0163.rds	8056859	2026-09-02T16:33:17-0400	b341d43d30c918a37d7ec2e97d31c632e5d98abb0afc14cf5770050d6582c416	clean
revised/iteration4/data/Figures/Figure6/invitro_passage_extended_q10_runs/figure6_extended_20260902_1617_passage/task_cache/extended_task_0164.rds	8056838	2026-09-02T16:43:31-0400	beb94a51ddbc6249317b6ba823770980b4821dfbd01ee1c44a779e8956e7fa79	clean
revised/iteration4/data/Figures/Figure6/invitro_passage_extended_q10_runs/figure6_extended_20260902_1617_passage/task_cache/extended_task_0165.rds	8056855	2026-09-02T16:52:18-0400	f964fa78ac7655fb3d00d6ba6c01a288f354182ee42d3ce318848427c12f7e87	clean
revised/iteration4/data/Figures/Figure6/invitro_passage_extended_q10_runs/smoke_20260902_1515_passage/extended_panel_validation.tsv	274	2026-09-02T15:13:54-0400	1429fc31d81c02357aff17eae91a389ba8544b0a5c054fcf3088cac6e92c92e2	clean
revised/iteration4/data/Figures/Figure6/invitro_passage_extended_q10_runs/smoke_20260902_1515_passage/extended_run_provenance.tsv	1608	2026-09-02T15:13:54-0400	113478b363cc31e45c482432da93394177e802855659ead55f16e175f3bf07e8	clean
revised/iteration4/data/Figures/Figure6/invitro_passage_extended_q10_runs/smoke_20260902_1515_passage/extended_task_manifest.tsv	1205	2026-09-02T15:13:53-0400	5bc9299ada297ca2380cfdd204038eb384818c8e1375daabe7e7cfd588663691	clean
revised/iteration4/data/Figures/Figure6/invitro_passage_extended_q10_runs/smoke_20260902_1515_passage/extended_task_validation.tsv	1243	2026-09-02T15:13:54-0400	9fd1b606518119224c2cec3f647d408ff153c7ea14f6ca4bf4349176b73eef80	clean
revised/iteration4/data/Figures/Figure6/invitro_passage_extended_q10_runs/smoke_20260902_1515_passage/extended_time_panel_e.rds	3411	2026-09-02T15:13:54-0400	02eb2e9815d4dd76638c0df938456e8c14417935731687b20bcb80106d6606da	clean
revised/iteration4/data/Figures/Figure6/invitro_passage_extended_q10_runs/smoke_20260902_1515_passage/extended_time_panel_f.rds	3411	2026-09-02T15:13:54-0400	d71ca22a9bbb934c753733f4e7d2a5c4494448a82b77126bdcb45161b9f7350d	clean
revised/iteration4/data/Figures/Figure6/invitro_passage_extended_q10_runs/smoke_20260902_1515_passage/recorded_passage_schedule.tsv	25189	2026-09-02T15:13:53-0400	70cbebbf142c161cb54ed41e86b214de2a7ea38383548894023d70772025674a	clean
revised/iteration4/data/Figures/Figure6/invitro_passage_extended_q10_runs/smoke_20260902_1515_passage/repeated_passage_schedule.tsv	1004	2026-09-02T15:13:53-0400	0073c92213e1f9190d54dfce084d96feebfe860a7ca32217bd692f866b7d7209	clean
revised/iteration4/data/Figures/Figure6/invitro_passage_extended_q10_runs/smoke_20260902_1515_passage/repeated_passage_time_coverage.tsv	190	2026-09-02T15:13:53-0400	0e8593f81403b375bd5ab5bf2af453346880b205d2d606e662fb4eaa2424bf7f	clean
revised/iteration4/data/Figures/Figure6/invitro_passage_extended_q10_runs/smoke_20260902_1515_passage/task_cache/extended_task_0001.rds	5665	2026-09-02T15:13:54-0400	10b758284306cc81d0369d0fc4ddc274e2ff2c4d57460d819060efa68fabe792	clean
revised/iteration4/data/Figures/Figure6/invitro_passage_extended_q10_runs/smoke_20260902_1515_passage/task_cache/extended_task_0002.rds	5665	2026-09-02T15:13:54-0400	fc773994d924b59ab83e3159e7e3b8e0b65828f0f1321f924412f5e8e352d472	clean
revised/iteration4/data/Figures/Figure6/invitro_passage_extended_q10_runs/smoke_20260902_1515_passage/task_cache/extended_task_0003.rds	5791	2026-09-02T15:13:54-0400	ddf8c268588ec10cb259b8b832cbeb4361e7459f9d9494b628dabcd709a9fb4f	clean
revised/iteration4/data/Figures/Figure6/invitro_passage_extended_q10_runs/smoke_20260902_1515_passage/task_cache/extended_task_0004.rds	5791	2026-09-02T15:13:54-0400	485dfa562257d25fcfb31ccbddac79a4503ed09786a37474fe79c591a3ded750	clean
revised/iteration4/data/Figures/Figure6/invitro_passage_q10_current.tsv	979	2026-09-02T13:18:27-0400	fb47c93dc5400f453c185803271630fd83c0c79db250d2e242f9c8525884c88f	clean
revised/iteration4/data/Figures/Figure6/invitro_passage_q10_runs/figure6_passage_20260902_1312/figure6_finite_time_render_validation.tsv	805	2026-09-02T17:15:15-0400	35fc390b0017dc7ed4293be5508eb153de70ed50848d1becdb4fefc7d0e19f2b	clean
revised/iteration4/data/Figures/Figure6/invitro_passage_q10_runs/figure6_passage_20260902_1312/panels/figure6c_finite_time_q10.pdf	157940	2026-09-02T17:14:55-0400	620a94119020c1d744121cc2247a8eab47e4b0d055288278e4447b199fc8387e	clean
revised/iteration4/data/Figures/Figure6/invitro_passage_q10_runs/figure6_passage_20260902_1312/panels/figure6c_finite_time_q10.png	231514	2026-09-02T17:14:53-0400	5ebab08b540531fa4fdfac60540fc9b68166fe75ad5153ca94d62b62647cfc39	clean
revised/iteration4/data/Figures/Figure6/invitro_passage_q10_runs/figure6_passage_20260902_1312/panels/figure6d_finite_time_q10.pdf	150822	2026-09-02T17:14:59-0400	f2f43084c5c9564dec7025776fb13dec3665b818a49662562fff800b0d2fa416	clean
revised/iteration4/data/Figures/Figure6/invitro_passage_q10_runs/figure6_passage_20260902_1312/panels/figure6d_finite_time_q10.png	230140	2026-09-02T17:14:57-0400	eedd51d78281adb874ae0cecb74599ec44a4d32ed6250ec2a0c08643375353d1	clean
revised/iteration4/data/Figures/Figure6/invitro_passage_q10_runs/figure6_passage_20260902_1312/panels/figure6e_finite_time_q10.pdf	91693	2026-09-02T17:15:00-0400	d3b34324c057fe6b47c8855becb2ec151c46ce1add8a609d1ec19c419373dced	clean
revised/iteration4/data/Figures/Figure6/invitro_passage_q10_runs/figure6_passage_20260902_1312/panels/figure6e_finite_time_q10.png	187231	2026-09-02T17:14:59-0400	d35d23d8d5629f1808a5eff46f59d4d3c6a6d3a68c0844086d354742569f0a15	clean
revised/iteration4/data/Figures/Figure6/invitro_passage_q10_runs/figure6_passage_20260902_1312/panels/figure6f_finite_time_q10.pdf	91202	2026-09-02T17:15:01-0400	f0505c146c176c82b2cf8ff440c65ae6fe23c37dd017d8312c61d737b1a4f07f	clean
revised/iteration4/data/Figures/Figure6/invitro_passage_q10_runs/figure6_passage_20260902_1312/panels/figure6f_finite_time_q10.png	187493	2026-09-02T17:15:01-0400	a13493778e722fa46f65230f5c3197b474a7d06f70c5f42ba3e2e05ece1491fd	clean
revised/iteration4/data/Figures/Figure6/invitro_passage_q10_runs/figure6_passage_20260902_1312/passage_panel_validation.tsv	256	2026-09-02T13:18:26-0400	d41cc464617a747c70c677bc6d3cb446394aec9beaab5b279bb643537ce44428	clean
revised/iteration4/data/Figures/Figure6/invitro_passage_q10_runs/figure6_passage_20260902_1312/passage_run_provenance.tsv	1873	2026-09-02T13:18:27-0400	25a9124c65a8153b211fb6f7b5b6cbd654c20e899c8f15466e8294568f15c969	clean
revised/iteration4/data/Figures/Figure6/invitro_passage_q10_runs/figure6_passage_20260902_1312/passage_schedule.tsv	25189	2026-09-02T13:13:49-0400	70cbebbf142c161cb54ed41e86b214de2a7ea38383548894023d70772025674a	clean
revised/iteration4/data/Figures/Figure6/invitro_passage_q10_runs/figure6_passage_20260902_1312/passage_task_manifest.tsv	40882	2026-09-02T13:13:49-0400	dc27b1af7ab511b4256e763c09f4e0109bf8ff495d1a01755d26b3a9d2ab5fda	clean
revised/iteration4/data/Figures/Figure6/invitro_passage_q10_runs/figure6_passage_20260902_1312/passage_task_validation.tsv	39459	2026-09-02T13:18:25-0400	aaf2cdbcaef8056ff4f2a8d7d4f15ae3d3be72f6c0321a2360f4143245cbcee0	clean
revised/iteration4/data/Figures/Figure6/invitro_passage_q10_runs/figure6_passage_20260902_1312/passage_time_coverage.tsv	1817	2026-09-02T13:13:49-0400	889b03dac49873d0e260cd7874bc3937e2142091d9414a5d9819c92ab7c70bf7	clean
revised/iteration4/data/Figures/Figure6/invitro_passage_q10_runs/figure6_passage_20260902_1312/passage_time_panel_e.rds	4802960	2026-09-02T13:18:26-0400	0c400d21f4b7566f0e5fc8119dc2fad197f254dbe3c392caec1c0004efa974b0	clean
revised/iteration4/data/Figures/Figure6/invitro_passage_q10_runs/figure6_passage_20260902_1312/passage_time_panel_f.rds	4813523	2026-09-02T13:18:26-0400	34164a69b8783cc13ee129255da8b76aba782b47f4ebbc01c9c66c553615ac35	clean
revised/iteration4/data/Figures/Figure6/invitro_passage_q10_runs/figure6_passage_20260902_1312/passage_vs_continuous_comparison.tsv	342	2026-09-02T13:18:27-0400	ee717e7f3d0178751599f8dab97dcd47b27cab4aaac5afcfea9b2f0226cb48ce	clean
revised/iteration4/data/Figures/Figure6/invitro_passage_q10_runs/figure6_passage_20260902_1312/rendered/assembled_fig6.pdf	1531818	2026-09-02T17:15:15-0400	d3a7a4fded51d92ab49917a88c59ddfd7a5a2a0d60d3b2ef3b7ff7b17bd5899b	clean
revised/iteration4/data/Figures/Figure6/invitro_passage_q10_runs/figure6_passage_20260902_1312/rendered/assembled_fig6.png	1307730	2026-09-02T17:15:08-0400	4b94cbf73fe2ad5f4c99005037fa060825972377704ebdca2c5cd2354cbec5ab	clean
revised/iteration4/data/Figures/Figure6/invitro_passage_q10_runs/figure6_passage_20260902_1312/task_cache/passage_task_0001.rds	1245951	2026-09-02T13:15:22-0400	56ae20b1c79d1ee1d7b3883396b34d572fedcb9b1e75fa5193988e123166d42d	clean
revised/iteration4/data/Figures/Figure6/invitro_passage_q10_runs/figure6_passage_20260902_1312/task_cache/passage_task_0002.rds	1245957	2026-09-02T13:16:53-0400	a071b02bdb1adf675dc62ea4ca4cf8d6527cf33d766d2d3d518aab6a3ca3d041	clean
revised/iteration4/data/Figures/Figure6/invitro_passage_q10_runs/figure6_passage_20260902_1312/task_cache/passage_task_0003.rds	1245970	2026-09-02T13:18:16-0400	55cb4a7109820b597837b00eaabbd6c8a36f064d79f65af382fd0a3bfb572272	clean
revised/iteration4/data/Figures/Figure6/invitro_passage_q10_runs/figure6_passage_20260902_1312/task_cache/passage_task_0004.rds	1245951	2026-09-02T13:15:21-0400	506c7d2de3fa0536eb8f64f340c55696892fa55a76412116e8a90cc5adf38285	clean
revised/iteration4/data/Figures/Figure6/invitro_passage_q10_runs/figure6_passage_20260902_1312/task_cache/passage_task_0005.rds	1245953	2026-09-02T13:16:51-0400	495ca28a49e8e725cb776603000ae1837f02bfbded3e8e57d6feeb492720d2d1	clean
revised/iteration4/data/Figures/Figure6/invitro_passage_q10_runs/figure6_passage_20260902_1312/task_cache/passage_task_0006.rds	1245955	2026-09-02T13:18:15-0400	462e3aabd6f08010296747d60bf1cd0867a00b8bbcecdf8a6720ca55ac867765	clean
revised/iteration4/data/Figures/Figure6/invitro_passage_q10_runs/figure6_passage_20260902_1312/task_cache/passage_task_0007.rds	1245957	2026-09-02T13:15:22-0400	72822abe80f65b4c6335cf4b0d5bf279bbe71716cd7d7190654179bbd08c1210	clean
revised/iteration4/data/Figures/Figure6/invitro_passage_q10_runs/figure6_passage_20260902_1312/task_cache/passage_task_0008.rds	1245960	2026-09-02T13:16:52-0400	d27bedc2c0519c6671da8411f8f87ba496c388698ae9aac950340a0e35be9c57	clean
revised/iteration4/data/Figures/Figure6/invitro_passage_q10_runs/figure6_passage_20260902_1312/task_cache/passage_task_0009.rds	1245977	2026-09-02T13:15:20-0400	8d29a2cc29439cc50aa905821690d5d4de0dec654866d5c1da40d586c751c988	clean
revised/iteration4/data/Figures/Figure6/invitro_passage_q10_runs/figure6_passage_20260902_1312/task_cache/passage_task_0010.rds	1245963	2026-09-02T13:16:49-0400	f3bd49502d4e5371a6d0d1f8cb37f59cd1fa431084a850de6f0ce28388d07a9e	clean
revised/iteration4/data/Figures/Figure6/invitro_passage_q10_runs/figure6_passage_20260902_1312/task_cache/passage_task_0011.rds	1245955	2026-09-02T13:18:12-0400	795386744a368323c7ad366e9410004d7366f7921a60c76a723cc9e3e283cbfc	clean
revised/iteration4/data/Figures/Figure6/invitro_passage_q10_runs/figure6_passage_20260902_1312/task_cache/passage_task_0012.rds	1245971	2026-09-02T13:15:19-0400	0ff33b504294181a6c48e05ee6d7d76b2f6609f848e3bad1470fc44a73bfbd9a	clean
revised/iteration4/data/Figures/Figure6/invitro_passage_q10_runs/figure6_passage_20260902_1312/task_cache/passage_task_0013.rds	1245953	2026-09-02T13:16:50-0400	4ceefe4be400209daa79c8828b89920af2d5b7ed803a23bb4ef79434d05e6bae	clean
revised/iteration4/data/Figures/Figure6/invitro_passage_q10_runs/figure6_passage_20260902_1312/task_cache/passage_task_0014.rds	1245949	2026-09-02T13:15:23-0400	7cf61dbe502089c5da7a22bb77ffbf26191b9e8646ff1415ed37242ccc169a93	clean
revised/iteration4/data/Figures/Figure6/invitro_passage_q10_runs/figure6_passage_20260902_1312/task_cache/passage_task_0015.rds	1245953	2026-09-02T13:16:53-0400	73a3a987122eacf3cfaa680b36428fdc6a4c053b35c2e6531abf6b0e7b0c9cb4	clean
revised/iteration4/data/Figures/Figure6/invitro_passage_q10_runs/figure6_passage_20260902_1312/task_cache/passage_task_0016.rds	1245948	2026-09-02T13:18:17-0400	120d3bc9684abebf5ad272a3655b6c86b9637e104ff30d5233c9a7b50c50a334	clean
revised/iteration4/data/Figures/Figure6/invitro_passage_q10_runs/figure6_passage_20260902_1312/task_cache/passage_task_0017.rds	1245956	2026-09-02T13:15:21-0400	f95815646bc39d69ca7ad78807bfcc011d28e56f02a8d80beb76f5cf952d2ce7	clean
revised/iteration4/data/Figures/Figure6/invitro_passage_q10_runs/figure6_passage_20260902_1312/task_cache/passage_task_0018.rds	1245959	2026-09-02T13:16:50-0400	14ed2bf1445b529991c18e2447ed2360d649998b3219f710502797ae07fc530c	clean
revised/iteration4/data/Figures/Figure6/invitro_passage_q10_runs/figure6_passage_20260902_1312/task_cache/passage_task_0019.rds	1245959	2026-09-02T13:18:14-0400	2b38b4d2c28942218423bce4ac5b08a92f3902ca1e0d5d017443e54ee1c5a6a3	clean
revised/iteration4/data/Figures/Figure6/invitro_passage_q10_runs/figure6_passage_20260902_1312/task_cache/passage_task_0020.rds	1245957	2026-09-02T13:15:21-0400	406368d324de4a63f965c4164a03879207b1d80ad0f67c0e3a0d78c4f6ccf27e	clean
revised/iteration4/data/Figures/Figure6/invitro_passage_q10_runs/figure6_passage_20260902_1312/task_cache/passage_task_0021.rds	1245974	2026-09-02T13:16:49-0400	5543056b1bccdeb3171be394200da89a9b5fd9c02ba22947f71c1e76a946f70f	clean
revised/iteration4/data/Figures/Figure6/invitro_passage_q10_runs/figure6_passage_20260902_1312/task_cache/passage_task_0022.rds	1245954	2026-09-02T13:15:20-0400	420472292f22207d30c68cb2fb6cbad1a55c4765a8ca94d8a4b3182c09322f68	clean
revised/iteration4/data/Figures/Figure6/invitro_passage_q10_runs/figure6_passage_20260902_1312/task_cache/passage_task_0023.rds	1245957	2026-09-02T13:16:49-0400	9b144434cce7f3bab7b5014944f29aff453645af2156c1b76487f4fbf869f182	clean
revised/iteration4/data/Figures/Figure6/invitro_passage_q10_runs/figure6_passage_20260902_1312/task_cache/passage_task_0024.rds	1245949	2026-09-02T13:18:11-0400	3cb71cc254b204a805491bb11497431a6c39379e69eb47231d2cce73ff8def8a	clean
revised/iteration4/data/Figures/Figure6/invitro_passage_q10_runs/figure6_passage_20260902_1312/task_cache/passage_task_0025.rds	1245955	2026-09-02T13:15:20-0400	99cdd13d851bf648dbb01bb94caa332dc08731980793fa5a91597d527facd130	clean
revised/iteration4/data/Figures/Figure6/invitro_passage_q10_runs/figure6_passage_20260902_1312/task_cache/passage_task_0026.rds	1245951	2026-09-02T13:16:49-0400	f91ba851e974b7fc5db86eb49f4a69228490b55670e9fa3dfaadc38f53eee94b	clean
revised/iteration4/data/Figures/Figure6/invitro_passage_q10_runs/figure6_passage_20260902_1312/task_cache/passage_task_0027.rds	1245957	2026-09-02T13:15:21-0400	0b3f01e683c510adcb8a030759e596a9d5b3010cb013b9f05179ff2ff0cc8f0b	clean
revised/iteration4/data/Figures/Figure6/invitro_passage_q10_runs/figure6_passage_20260902_1312/task_cache/passage_task_0028.rds	1245970	2026-09-02T13:16:50-0400	4e108d96457f566c869754374dd8a5fb098f8a670d9cb72f54203a9d97dba032	clean
revised/iteration4/data/Figures/Figure6/invitro_passage_q10_runs/figure6_passage_20260902_1312/task_cache/passage_task_0029.rds	1245951	2026-09-02T13:18:13-0400	5fca69494fef9be0e1b4d28b401aee4e5696e4bbf5dc4b4fef468248e33db657	clean
revised/iteration4/data/Figures/Figure6/invitro_passage_q10_runs/figure6_passage_20260902_1312/task_cache/passage_task_0030.rds	1245953	2026-09-02T13:15:20-0400	2a7fb4f5c34ac2f2f25996a280473e81b498103b7cd6f008bd7328facfb8ed44	clean
revised/iteration4/data/Figures/Figure6/invitro_passage_q10_runs/figure6_passage_20260902_1312/task_cache/passage_task_0031.rds	1245955	2026-09-02T13:16:50-0400	3bec8c54ca8c72653b5b08a6d1151d33df8cd24eddc99a1796d7677823036512	clean
revised/iteration4/data/Figures/Figure6/invitro_passage_q10_runs/figure6_passage_20260902_1312/task_cache/passage_task_0032.rds	1245957	2026-09-02T13:18:13-0400	50deb956c54c29e8a699a9a4772d8071f499dd5864902aadae4b92cac0a82fb1	clean
revised/iteration4/data/Figures/Figure6/invitro_passage_q10_runs/figure6_passage_20260902_1312/task_cache/passage_task_0033.rds	1245960	2026-09-02T13:15:21-0400	3f9d1214fb955f3949cfb687e352eecb9440dc718758b9d5f93167f5089ff67d	clean
revised/iteration4/data/Figures/Figure6/invitro_passage_q10_runs/figure6_passage_20260902_1312/task_cache/passage_task_0034.rds	1245977	2026-09-02T13:16:51-0400	47b759bdd4bcd8c9ab4ba266e526778940e6a2b035d711ce00755542b17617d0	clean
revised/iteration4/data/Figures/Figure6/invitro_passage_q10_runs/figure6_passage_20260902_1312/task_cache/passage_task_0035.rds	1245963	2026-09-02T13:15:24-0400	d37dd5315c4aff2bf4f8690ecb28706a34eb11fb12aa6fc864d385de3f78b121	clean
revised/iteration4/data/Figures/Figure6/invitro_passage_q10_runs/figure6_passage_20260902_1312/task_cache/passage_task_0036.rds	1245955	2026-09-02T13:16:54-0400	dbcf10f5874b4d3dd9662800ff8bf83a47fa5d62c65e2e4e2636ada31c25bdad	clean
revised/iteration4/data/Figures/Figure6/invitro_passage_q10_runs/figure6_passage_20260902_1312/task_cache/passage_task_0037.rds	1245971	2026-09-02T13:18:17-0400	6170eca07fc5d51b7a233807c5f741600cead643bc2ebcdcd8d6a9306429cc21	clean
revised/iteration4/data/Figures/Figure6/invitro_passage_q10_runs/figure6_passage_20260902_1312/task_cache/passage_task_0038.rds	1245953	2026-09-02T13:15:21-0400	13203a0379de9107d09aee00108d967b467a537a47eb154eb3ceb4edd8e8be6b	clean
revised/iteration4/data/Figures/Figure6/invitro_passage_q10_runs/figure6_passage_20260902_1312/task_cache/passage_task_0039.rds	1245949	2026-09-02T13:16:51-0400	9756cb10825efe09d7fb8ffc2165a2e3f64eb792d9e264affd0428e5ccbe82ab	clean
revised/iteration4/data/Figures/Figure6/invitro_passage_q10_runs/figure6_passage_20260902_1312/task_cache/passage_task_0040.rds	1245953	2026-09-02T13:15:20-0400	46f8e6a66654e820e3b6baa0ba006342429a5cf859a3c8edc280e5920880f1ff	clean
revised/iteration4/data/Figures/Figure6/invitro_passage_q10_runs/figure6_passage_20260902_1312/task_cache/passage_task_0041.rds	1245948	2026-09-02T13:16:49-0400	d8286a9fff4cf95b740da7be92004a92c558ca9fbaa64fc77fdb65ae3474f66a	clean
revised/iteration4/data/Figures/Figure6/invitro_passage_q10_runs/figure6_passage_20260902_1312/task_cache/passage_task_0042.rds	1245956	2026-09-02T13:18:13-0400	5033991ab6fbd47cd0015cd1dd0415431ef1e09df40e2bc7bb16aa7a1194d0e1	clean
revised/iteration4/data/Figures/Figure6/invitro_passage_q10_runs/figure6_passage_20260902_1312/task_cache/passage_task_0043.rds	1245959	2026-09-02T13:15:22-0400	c239239080b9453e9d67191bce06fdffd801d8593e47411328539e93acc41ce8	clean
revised/iteration4/data/Figures/Figure6/invitro_passage_q10_runs/figure6_passage_20260902_1312/task_cache/passage_task_0044.rds	1245959	2026-09-02T13:16:52-0400	9dc18f1a20b4295dcb12d168d43f41d6af162853c5cc985005fd63e21bf27bdc	clean
revised/iteration4/data/Figures/Figure6/invitro_passage_q10_runs/figure6_passage_20260902_1312/task_cache/passage_task_0045.rds	1245957	2026-09-02T13:18:15-0400	7c52ec08247b842912b7dd4e86ca4a64ec05e3f1ed74f5dd742983e362b71a19	clean
revised/iteration4/data/Figures/Figure6/invitro_passage_q10_runs/figure6_passage_20260902_1312/task_cache/passage_task_0046.rds	1245974	2026-09-02T13:15:20-0400	672ad41c2139df9e6b9ecdec28573247c7c95fcc796e0ed5f2ba3c086f56f38b	clean
revised/iteration4/data/Figures/Figure6/invitro_passage_q10_runs/figure6_passage_20260902_1312/task_cache/passage_task_0047.rds	1245954	2026-09-02T13:16:49-0400	20880317c9fa93403483344460e2b26d9edce19fd7da404768616e7585157226	clean
revised/iteration4/data/Figures/Figure6/invitro_passage_q10_runs/figure6_passage_20260902_1312/task_cache/passage_task_0048.rds	1245957	2026-09-02T13:15:21-0400	ba4343755d819848e7fd93abba939ef99499bb4a988f24c1e1c9c605a56e8fd1	clean
revised/iteration4/data/Figures/Figure6/invitro_passage_q10_runs/figure6_passage_20260902_1312/task_cache/passage_task_0049.rds	1245949	2026-09-02T13:16:52-0400	7919c6249839b7b88123098f2e6b988063f6f3379e7f9f5be996606a367830b0	clean
revised/iteration4/data/Figures/Figure6/invitro_passage_q10_runs/figure6_passage_20260902_1312/task_cache/passage_task_0050.rds	1245955	2026-09-02T13:18:16-0400	10efcf47fff89ebacd1d867d808d27a708c6b41d8d7a9d8f6263b0b690cd796e	clean
revised/iteration4/data/Figures/Figure6/invitro_passage_q10_runs/figure6_passage_20260902_1312/task_cache/passage_task_0051.rds	1245951	2026-09-02T13:15:21-0400	2d54f22716406408f6afd844582ece53037fc98145400d86c513622d4a849356	clean
revised/iteration4/data/Figures/Figure6/invitro_passage_q10_runs/figure6_passage_20260902_1312/task_cache/passage_task_0052.rds	1245957	2026-09-02T13:16:52-0400	2be506438b3edb464925bcaab9204d2f7472360e0d75f35dd4592ec8a7856614	clean
revised/iteration4/data/Figures/Figure6/invitro_passage_q10_runs/figure6_passage_20260902_1312/task_cache/passage_task_0053.rds	1245970	2026-09-02T13:18:15-0400	84ea9f3b9f98ff7b4932e10115d33d2cca41e5316ff8e063a2a85d705646aa57	clean
revised/iteration4/data/Figures/Figure6/invitro_passage_q10_runs/figure6_passage_20260902_1312/task_cache/passage_task_0054.rds	1245951	2026-09-02T13:15:21-0400	f3190590adc80a86ddd75c62cc3ebf5fef04c92d6fe1e918dca2aac8d84f8cbd	clean
revised/iteration4/data/Figures/Figure6/invitro_passage_q10_runs/figure6_passage_20260902_1312/task_cache/passage_task_0055.rds	1245953	2026-09-02T13:16:50-0400	b2d3f8a6a1ba543812e7e5df5727df28559dd7b0d64a5d90beec3b11603d7b6a	clean
revised/iteration4/data/Figures/Figure6/invitro_passage_q10_runs/figure6_passage_20260902_1312/task_cache/passage_task_0056.rds	1245955	2026-09-02T13:15:21-0400	acc525f23a8bf2bdec7dc5c75a73aafeaa3cf4de14804c63f3b3c8098bc1b1de	clean
revised/iteration4/data/Figures/Figure6/invitro_passage_q10_runs/figure6_passage_20260902_1312/task_cache/passage_task_0057.rds	1245957	2026-09-02T13:16:52-0400	d569fcf5d0c87c8c7c250706fc9978011937c9fc5f2f99e87935a9c3f5deccd9	clean
revised/iteration4/data/Figures/Figure6/invitro_passage_q10_runs/figure6_passage_20260902_1312/task_cache/passage_task_0058.rds	1245960	2026-09-02T13:18:16-0400	428da8b8f0344a2c47cd13ad7f3725ab3e1828adec2ad08b85f91c1470e692f8	clean
revised/iteration4/data/Figures/Figure6/invitro_passage_q10_runs/figure6_passage_20260902_1312/task_cache/passage_task_0059.rds	1245977	2026-09-02T13:15:22-0400	a0f8e089f38935182bc2f255ba9a9d7b178c61b1f5c343f1e921cd6dff652c4b	clean
revised/iteration4/data/Figures/Figure6/invitro_passage_q10_runs/figure6_passage_20260902_1312/task_cache/passage_task_0060.rds	1245963	2026-09-02T13:16:53-0400	755e59ba0b2be700853b059b58cb8c1b32d3eea94d7d9263550d7afdac7c0ce0	clean
revised/iteration4/data/Figures/Figure6/invitro_passage_q10_runs/figure6_passage_20260902_1312/task_cache/passage_task_0061.rds	1245955	2026-09-02T13:15:22-0400	f9e9f484e0d667d22b77c8473715565518638347f6daa67b210da5154d44bc4e	clean
revised/iteration4/data/Figures/Figure6/invitro_passage_q10_runs/figure6_passage_20260902_1312/task_cache/passage_task_0062.rds	1245971	2026-09-02T13:16:53-0400	a53c44a09cdf34e6ecf6f0304e6d422b1b15579ce6e471a37c8bb499feffd28a	clean
revised/iteration4/data/Figures/Figure6/invitro_passage_q10_runs/figure6_passage_20260902_1312/task_cache/passage_task_0063.rds	1245953	2026-09-02T13:18:18-0400	5e4749f0d52dc9c68f751f56fb811cefe8b453fff5afc9f722ffe6139cf6c2ba	clean
revised/iteration4/data/Figures/Figure6/invitro_passage_q10_runs/figure6_passage_20260902_1312/task_cache/passage_task_0064.rds	1245949	2026-09-02T13:15:22-0400	66b7577b1ab36b19921498a74efa6dd139bb373763824c12ece43bd176d014d0	clean
revised/iteration4/data/Figures/Figure6/invitro_passage_q10_runs/figure6_passage_20260902_1312/task_cache/passage_task_0065.rds	1245953	2026-09-02T13:16:53-0400	263985a5ae1b4761ffc87792924c0fd6b78841957448f8e7cb80ac8dc6765a28	clean
revised/iteration4/data/Figures/Figure6/invitro_passage_q10_runs/figure6_passage_20260902_1312/task_cache/passage_task_0066.rds	1245948	2026-09-02T13:18:17-0400	333e26d88b04db86838b36121702088acf95aa33c71624b57b81250311a27be8	clean
revised/iteration4/data/Figures/Figure6/invitro_passage_q10_runs/figure6_passage_20260902_1312/task_cache/passage_task_0067.rds	1245956	2026-09-02T13:15:21-0400	e6e25d1db02459d32a0ac816e1a2b7c57012a63b76eb85e8969e255efccde05d	clean
revised/iteration4/data/Figures/Figure6/invitro_passage_q10_runs/figure6_passage_20260902_1312/task_cache/passage_task_0068.rds	1245959	2026-09-02T13:16:51-0400	69dce42347616ff057f879738c2c2ac82455a81d1a16d4696b14b1d639a14fe1	clean
revised/iteration4/data/Figures/Figure6/invitro_passage_q10_runs/figure6_passage_20260902_1312/task_cache/passage_task_0069.rds	1245959	2026-09-02T13:15:21-0400	99f1471624ec0484d6573a4cdcfe5ea14ce59e6080ef6bf7b4465a4b69289d3a	clean
revised/iteration4/data/Figures/Figure6/invitro_passage_q10_runs/figure6_passage_20260902_1312/task_cache/passage_task_0070.rds	1245957	2026-09-02T13:16:53-0400	de263a07455e5cc824089b5d56ab0cd866b4bca236c9abb1793ae14401c2b021	clean
revised/iteration4/data/Figures/Figure6/invitro_passage_q10_runs/figure6_passage_20260902_1312/task_cache/passage_task_0071.rds	1245974	2026-09-02T13:18:17-0400	320c5d66dff91c93a531aebc0e6d7385b2eed7e85f988d47119ac6bf860436b5	clean
revised/iteration4/data/Figures/Figure6/invitro_passage_q10_runs/figure6_passage_20260902_1312/task_cache/passage_task_0072.rds	1245954	2026-09-02T13:15:23-0400	5ce196717037cc7c4330db373f5bf881540f74f334393655813ceec6d5c685fe	clean
revised/iteration4/data/Figures/Figure6/invitro_passage_q10_runs/figure6_passage_20260902_1312/task_cache/passage_task_0073.rds	1245957	2026-09-02T13:16:54-0400	64e55cdacdc74fcaa1044413f7c1a96274810caca447d3a746825e596adf6105	clean
revised/iteration4/data/Figures/Figure6/invitro_passage_q10_runs/figure6_passage_20260902_1312/task_cache/passage_task_0074.rds	1245949	2026-09-02T13:15:24-0400	19dbb7bfcefa1dfc996b3d0716717954b6a4af7d8c7bd6d47de412057f610014	clean
revised/iteration4/data/Figures/Figure6/invitro_passage_q10_runs/figure6_passage_20260902_1312/task_cache/passage_task_0075.rds	1245955	2026-09-02T13:16:53-0400	a835759525367d11e610dcd87540d02e757c5ea073eaef737e7eff5956483e8d	clean
revised/iteration4/data/Figures/Figure6/invitro_passage_q10_runs/figure6_passage_20260902_1312/task_cache/passage_task_0076.rds	1245951	2026-09-02T13:18:17-0400	59371bd7c1c289142b11e5c34b3ebe0dc15cd1d96b9c17d95fa84c77f66e35a6	clean
revised/iteration4/data/Figures/Figure6/invitro_passage_q10_runs/figure6_passage_20260902_1312/task_cache/passage_task_0077.rds	1245957	2026-09-02T13:15:23-0400	113d73e4f20afe114aa762a79404268b6d2cffbcb2310503b55dfeb705ddbcbf	clean
revised/iteration4/data/Figures/Figure6/invitro_passage_q10_runs/figure6_passage_20260902_1312/task_cache/passage_task_0078.rds	1245970	2026-09-02T13:16:53-0400	d6e803da084dfa8488b964613c5a35d5710ac42983ac9637ddbaef8b433de524	clean
revised/iteration4/data/Figures/Figure6/invitro_passage_q10_runs/figure6_passage_20260902_1312/task_cache/passage_task_0079.rds	1245951	2026-09-02T13:18:17-0400	8d408bb33d8c1ea1eedb0b6bf8be7327b41f25663875b5d9539a6da6bbb3a555	clean
revised/iteration4/data/Figures/Figure6/invitro_passage_q10_runs/figure6_passage_20260902_1312/task_cache/passage_task_0080.rds	1245953	2026-09-02T13:15:21-0400	161399c3541427ed1a6056e1e502a7380045ac1eff7d7a086d11c1bed5f3440b	clean
revised/iteration4/data/Figures/Figure6/invitro_passage_q10_runs/figure6_passage_20260902_1312/task_cache/passage_task_0081.rds	1245955	2026-09-02T13:16:53-0400	ca56f6d83a3e7e7fe3b377ad35904c938fbb6d9593f5215e16426025839fdb67	clean
revised/iteration4/data/Figures/Figure6/invitro_passage_q10_runs/figure6_passage_20260902_1312/task_cache/passage_task_0082.rds	1245957	2026-09-02T13:15:21-0400	d15c887acafd3ab8cce877a5d6703d266cc4877f8e2481fab3c3b01f191a200b	clean
revised/iteration4/data/Figures/Figure6/invitro_passage_q10_runs/figure6_passage_20260902_1312/task_cache/passage_task_0083.rds	1245960	2026-09-02T13:16:51-0400	fc03e3b5431926491a36b36ad25aede157a955a5e27786ce73d8b9d582c5fa83	clean
revised/iteration4/data/Figures/Figure6/invitro_passage_q10_runs/figure6_passage_20260902_1312/task_cache/passage_task_0084.rds	1245977	2026-09-02T13:18:15-0400	257d5b3ae6d0caa519e1c82dc338205366c676b8a6321cb7d8fe047672449606	clean
revised/iteration4/data/Figures/Figure6/invitro_passage_q10_runs/figure6_passage_20260902_1312/task_cache/passage_task_0085.rds	1245963	2026-09-02T13:15:22-0400	53565a1abe6d1be838565cbcef042d57dd05d561d52e35a91e20f47dbaa51d25	clean
revised/iteration4/data/Figures/Figure6/invitro_passage_q10_runs/figure6_passage_20260902_1312/task_cache/passage_task_0086.rds	1245955	2026-09-02T13:16:53-0400	5136181e3a0393bc62a2c2b7b710269775c30f9096e2e6d73c85da979e1cbb39	clean
revised/iteration4/data/Figures/Figure6/invitro_passage_q10_runs/figure6_passage_20260902_1312/task_cache/passage_task_0087.rds	1245971	2026-09-02T13:15:22-0400	bfcd011d2ae1ee72971e74a2ce16b45ecd05199d67ca713a4c04810a585a3780	clean
revised/iteration4/data/Figures/Figure6/invitro_passage_q10_runs/figure6_passage_20260902_1312/task_cache/passage_task_0088.rds	1245953	2026-09-02T13:16:51-0400	a35eebc184060fadcef1b7beb5cd0eae4b84dd3e9555ad250f586fb02a1ec55c	clean
revised/iteration4/data/Figures/Figure6/invitro_passage_q10_runs/figure6_passage_20260902_1312/task_cache/passage_task_0089.rds	1245949	2026-09-02T13:18:18-0400	0c49b439650623e314f9f17a4a51a76624b5f3faff7aec4a9c3ac5e17536893f	clean
revised/iteration4/data/Figures/Figure6/invitro_passage_q10_runs/figure6_passage_20260902_1312/task_cache/passage_task_0090.rds	1245953	2026-09-02T13:15:22-0400	df0ee1a4e9cd10a32e3ee9110b09560ddb4aa62ce0fc7e897de9f98d1396d290	clean
revised/iteration4/data/Figures/Figure6/invitro_passage_q10_runs/figure6_passage_20260902_1312/task_cache/passage_task_0091.rds	1245948	2026-09-02T13:16:51-0400	95364c4233415b101ebdb970cc18d5ba565b5912b5ab4d25be430015de9c606b	clean
revised/iteration4/data/Figures/Figure6/invitro_passage_q10_runs/figure6_passage_20260902_1312/task_cache/passage_task_0092.rds	1245956	2026-09-02T13:18:14-0400	34a624486819eab42b2a48a3cd2004504dfe5df2f8fc44557a8642571040b936	clean
revised/iteration4/data/Figures/Figure6/invitro_passage_q10_runs/figure6_passage_20260902_1312/task_cache/passage_task_0093.rds	1245959	2026-09-02T13:15:22-0400	3e526314bde4a9c38e848f07f42ad18cc612e2312e3a301144b451db223da134	clean
revised/iteration4/data/Figures/Figure6/invitro_passage_q10_runs/figure6_passage_20260902_1312/task_cache/passage_task_0094.rds	1245959	2026-09-02T13:16:51-0400	9a741c4b37d971619cde74d87da021067e9a3d03cff1a883bbe22d55e3e49e61	clean
revised/iteration4/data/Figures/Figure6/invitro_passage_q10_runs/figure6_passage_20260902_1312/task_cache/passage_task_0095.rds	1245957	2026-09-02T13:15:22-0400	ba2245ad2ff6fece64f23a386fbccc1793078245f69eb9e402944bc5aa1f6565	clean
revised/iteration4/data/Figures/Figure6/invitro_passage_q10_runs/figure6_passage_20260902_1312/task_cache/passage_task_0096.rds	1245974	2026-09-02T13:16:51-0400	29957b941123c8ee664078fc42b22719088514a81a5fdcada32158d4585785cd	clean
revised/iteration4/data/Figures/Figure6/invitro_passage_q10_runs/figure6_passage_20260902_1312/task_cache/passage_task_0097.rds	1245954	2026-09-02T13:18:15-0400	6a5c8e2b71984b393f8257ce54c5e44848920dca1ffe2386c9082a45458ee5f1	clean
revised/iteration4/data/Figures/Figure6/invitro_passage_q10_runs/figure6_passage_20260902_1312/task_cache/passage_task_0098.rds	1245957	2026-09-02T13:15:21-0400	5477276d125e4e3150dee4094bfaa3c5a20b2f3720c86feea9df6b887e113472	clean
revised/iteration4/data/Figures/Figure6/invitro_passage_q10_runs/figure6_passage_20260902_1312/task_cache/passage_task_0099.rds	1245949	2026-09-02T13:16:51-0400	698abc54f43016cb48c020ad2437072b78d1addd06d1fe6fbdaa1951d91fcc97	clean
revised/iteration4/data/Figures/Figure6/invitro_passage_q10_runs/figure6_passage_20260902_1312/task_cache/passage_task_0100.rds	1245955	2026-09-02T13:15:22-0400	fe90c3177800217bcebfe91a4dda4c61f1b24950187f6b6973f9d392db495753	clean
revised/iteration4/data/Figures/Figure6/invitro_passage_q10_runs/figure6_passage_20260902_1312/task_cache/passage_task_0101.rds	1245951	2026-09-02T13:16:52-0400	fe37d488a15e100b20509260158fa3b1d440cf72afaa3bd3ac50ecf3a5d13f30	clean
revised/iteration4/data/Figures/Figure6/invitro_passage_q10_runs/figure6_passage_20260902_1312/task_cache/passage_task_0102.rds	1245957	2026-09-02T13:18:16-0400	eef48772b1003423a6324f8a02ffe64f5d255c4ebe6e4a4d885a2250a1f3a55d	clean
revised/iteration4/data/Figures/Figure6/invitro_passage_q10_runs/figure6_passage_20260902_1312/task_cache/passage_task_0103.rds	1245970	2026-09-02T13:15:21-0400	c6cf4a0a134bf20854ffde8c819968f8982da72e0debec614d3b7405ad07c954	clean
revised/iteration4/data/Figures/Figure6/invitro_passage_q10_runs/figure6_passage_20260902_1312/task_cache/passage_task_0104.rds	1245951	2026-09-02T13:16:52-0400	0a3e301c14b58081bb95c646f6592246357ae20730b91c75318bf2a6f5e4ab8b	clean
revised/iteration4/data/Figures/Figure6/invitro_passage_q10_runs/figure6_passage_20260902_1312/task_cache/passage_task_0105.rds	1245953	2026-09-02T13:18:17-0400	7e6afbc5def9c21c669ee6e22b06dad28f748b2d595f486255b99495ca14a3a9	clean
revised/iteration4/data/Figures/Figure6/invitro_passage_q10_runs/figure6_passage_20260902_1312/task_cache/passage_task_0106.rds	1245955	2026-09-02T13:15:22-0400	37d90794d12f1616ede8804f1c78f38ba5a6b9c3efea0c65b2006800792db306	clean
revised/iteration4/data/Figures/Figure6/invitro_passage_q10_runs/figure6_passage_20260902_1312/task_cache/passage_task_0107.rds	1245957	2026-09-02T13:16:52-0400	c7d4aaa468b3ac2e62120b9996ec9db6a946864b0706cfd79cea210a1d5a4aba	clean
revised/iteration4/data/Figures/Figure6/invitro_passage_q10_runs/figure6_passage_20260902_1312/task_cache/passage_task_0108.rds	1245960	2026-09-02T13:15:23-0400	70d2e025e2db1ff6e2d7e6f3ab80f105f2a7d7ee2e8cb320260d4a2b18a7c923	clean
revised/iteration4/data/Figures/Figure6/invitro_passage_q10_runs/figure6_passage_20260902_1312/task_cache/passage_task_0109.rds	1245977	2026-09-02T13:16:53-0400	661f045aa277f42b3ed5dcaacd6ea9d208d56db837aaec0508dd10f12573e6d2	clean
revised/iteration4/data/Figures/Figure6/invitro_passage_q10_runs/figure6_passage_20260902_1312/task_cache/passage_task_0110.rds	1245963	2026-09-02T13:18:17-0400	05731e7c5daff40d0c867ad13edf45fe0ec3f210155edb2df2a1fcf8b11e7153	clean
revised/iteration4/data/Figures/Figure6/invitro_passage_q10_runs/figure6_passage_20260902_1312/task_cache/passage_task_0111.rds	1245955	2026-09-02T13:15:21-0400	2ddbb4d9756614f0269c553f463532c363f3c9b0da51d08e5d7e8ee112a005cb	clean
revised/iteration4/data/Figures/Figure6/invitro_passage_q10_runs/figure6_passage_20260902_1312/task_cache/passage_task_0112.rds	1245971	2026-09-02T13:16:52-0400	be117a9e6e12e8828b5641e4235f9acb3dd268507a0c2b2949cd53d57b843a20	clean
revised/iteration4/data/Figures/Figure6/invitro_passage_q10_runs/figure6_passage_20260902_1312/task_cache/passage_task_0113.rds	1245953	2026-09-02T13:15:21-0400	7ac4b799e3319bc42d35a5407f534df8b566c9bafbcfb219cdf4315a39d8ccba	clean
revised/iteration4/data/Figures/Figure6/invitro_passage_q10_runs/figure6_passage_20260902_1312/task_cache/passage_task_0114.rds	1245949	2026-09-02T13:16:51-0400	6be1b881dc5d09f9804f5809d499b9c17fc599c20b28228247e74cce4e903bbd	clean
revised/iteration4/data/Figures/Figure6/invitro_passage_q10_runs/figure6_passage_20260902_1312/task_cache/passage_task_0115.rds	1245953	2026-09-02T13:18:16-0400	9153407727b59c2076cf4294141665a14d6402d83bf60d736b7e99516d3dd0ce	clean
revised/iteration4/data/Figures/Figure6/invitro_passage_q10_runs/figure6_passage_20260902_1312/task_cache/passage_task_0116.rds	1245948	2026-09-02T13:15:22-0400	aab0cbfb880745260101e602440ef17f7f44dc94c58684064df200f87382f71b	clean
revised/iteration4/data/Figures/Figure6/invitro_passage_q10_runs/figure6_passage_20260902_1312/task_cache/passage_task_0117.rds	1245956	2026-09-02T13:16:53-0400	db378c0961bead89385248c1b7dd7fdd2b391a69aabfd40b2f07167fb086271d	clean
revised/iteration4/data/Figures/Figure6/invitro_passage_q10_runs/figure6_passage_20260902_1312/task_cache/passage_task_0118.rds	1245959	2026-09-02T13:18:17-0400	bb327ed78639099f04045d34eacc20b36b4239f2f613c670abb01c1f3d98db2f	clean
revised/iteration4/data/Figures/Figure6/invitro_passage_q10_runs/figure6_passage_20260902_1312/task_cache/passage_task_0119.rds	1245959	2026-09-02T13:15:22-0400	89b65df7c768dc9326063842e665e210158944108645db76a9e598dc1d742860	clean
revised/iteration4/data/Figures/Figure6/invitro_passage_q10_runs/figure6_passage_20260902_1312/task_cache/passage_task_0120.rds	1245957	2026-09-02T13:16:53-0400	7f2dac05a96ad8319493af3d7d6f0127f25bd326b21f9a5bef291f7690d72bb2	clean
revised/iteration4/data/Figures/Figure6/invitro_passage_q10_runs/figure6_passage_20260902_1312/task_cache/passage_task_0121.rds	1245974	2026-09-02T13:15:22-0400	c382b7bbea89fa5ee31147ed29d189f36322e64ff94a2bf3c5959715d6144af1	clean
revised/iteration4/data/Figures/Figure6/invitro_passage_q10_runs/figure6_passage_20260902_1312/task_cache/passage_task_0122.rds	1245954	2026-09-02T13:16:53-0400	519a7547d6902acb0fae0bcd9b27170ef14659f2e403ecb6501b75c4395aa82f	clean
revised/iteration4/data/Figures/Figure6/invitro_passage_q10_runs/figure6_passage_20260902_1312/task_cache/passage_task_0123.rds	1245957	2026-09-02T13:18:17-0400	373b5632488096eebb5352068f5178a81799e1f8dab01173c087fd45e19c8d07	clean
revised/iteration4/data/Figures/Figure6/invitro_passage_q10_runs/figure6_passage_20260902_1312/task_cache/passage_task_0124.rds	1245949	2026-09-02T13:15:23-0400	82712a5c698662dcdd9ff0f5fdbb93dc80bb7321f83a55c33340333262693ffe	clean
revised/iteration4/data/Figures/Figure6/invitro_passage_q10_runs/figure6_passage_20260902_1312/task_cache/passage_task_0125.rds	1245955	2026-09-02T13:16:54-0400	700b6923efb73268c2b129d059b0fa8cf6e8be10a0360e510939dfe6e0df28d8	clean
revised/iteration4/data/Figures/Figure6/invitro_passage_q10_runs/figure6_passage_20260902_1312/task_cache/passage_task_0126.rds	1246092	2026-09-02T13:18:18-0400	0215890574ce5a3e05afd533b170983a845c11a98613ddcb96401f35e1391664	clean
revised/iteration4/data/Figures/Figure6/invitro_passage_q10_runs/figure6_passage_20260902_1312/task_cache/passage_task_0127.rds	1245982	2026-09-02T13:15:22-0400	0d7b2c188da2a21c75167f0aeb8cccb5a3f2cf7d51fb8833ea83189cd5826bcd	clean
revised/iteration4/data/Figures/Figure6/invitro_passage_q10_runs/figure6_passage_20260902_1312/task_cache/passage_task_0128.rds	1245978	2026-09-02T13:16:51-0400	72d647ee0188ddb30855180cdcd195e39cc9dc970a0a1910cb87949cc136d5ba	clean
revised/iteration4/data/Figures/Figure6/invitro_passage_q10_runs/figure6_passage_20260902_1312/task_cache/passage_task_0129.rds	1245983	2026-09-02T13:15:23-0400	97915006f604aafda469b09dd29cbf20cc047b07916c5078af47c772afa7de35	clean
revised/iteration4/data/Figures/Figure6/invitro_passage_q10_runs/figure6_passage_20260902_1312/task_cache/passage_task_0130.rds	1245950	2026-09-02T13:16:55-0400	2d8957880b8d9000f1cac7aa56a9bbe78b908083049ed32532c1124f6700b666	clean
revised/iteration4/data/Figures/Figure6/invitro_passage_q10_runs/figure6_passage_20260902_1312/task_cache/passage_task_0131.rds	1245967	2026-09-02T13:18:18-0400	5550911b07e691af947ac0714d9fd5911c57876f5ac6dd81ec23490cc3f2e540	clean
revised/iteration4/data/Figures/Figure6/invitro_passage_q10_runs/figure6_passage_20260902_1312/task_cache/passage_task_0132.rds	1245946	2026-09-02T13:15:20-0400	2d57dd37d0e8f4d8246919a88dd0b179dbd0e06ac3d9898ca621fc371f923051	clean
revised/iteration4/data/Figures/Figure6/invitro_passage_q10_runs/figure6_passage_20260902_1312/task_cache/passage_task_0133.rds	1245963	2026-09-02T13:16:50-0400	1089b1cc0def674c5c7a6783edff41ba7e49d65ab5a67bb01e4fc610f04aa944	clean
revised/iteration4/data/Figures/Figure6/invitro_passage_q10_runs/figure6_passage_20260902_1312/task_cache/passage_task_0134.rds	1246092	2026-09-02T13:15:22-0400	d5499537806418d6fcc1cfbea164e139f792b3676fdbf946ef4fe8a200287910	clean
revised/iteration4/data/Figures/Figure6/invitro_passage_q10_runs/figure6_passage_20260902_1312/task_cache/passage_task_0135.rds	1245982	2026-09-02T13:16:53-0400	17f93730e7537ac5f499604da576a28a041ff5dd8f1be4145cb0f09408621267	clean
revised/iteration4/data/Figures/Figure6/invitro_passage_q10_runs/figure6_passage_20260902_1312/task_cache/passage_task_0136.rds	1245978	2026-09-02T13:18:17-0400	af37b07c3f7628b27558629941cd7f51a7be7589772e177320f1e62da8506730	clean
revised/iteration4/data/Figures/Figure6/invitro_passage_q10_runs/figure6_passage_20260902_1312/task_cache/passage_task_0137.rds	1245983	2026-09-02T13:15:22-0400	71e4c42898b98aecb0615118031a60fcc7395638e3f4cc854c05d9b41401f9b0	clean
revised/iteration4/data/Figures/Figure6/invitro_passage_q10_runs/figure6_passage_20260902_1312/task_cache/passage_task_0138.rds	1245950	2026-09-02T13:16:51-0400	855088678c7682eff53800457df9588ee5f03f549a3c07f4a0f8a8330c72b802	clean
revised/iteration4/data/Figures/Figure6/invitro_passage_q10_runs/figure6_passage_20260902_1312/task_cache/passage_task_0139.rds	1245967	2026-09-02T13:18:15-0400	7714433db20b749d0e4fc3d1904f7028a16ae993c345468a7d8b31ac845d1029	clean
revised/iteration4/data/Figures/Figure6/invitro_passage_q10_runs/figure6_passage_20260902_1312/task_cache/passage_task_0140.rds	1245946	2026-09-02T13:15:22-0400	4f27d3bf52477bbdc45e428f44ea4ffe4363df60cc390469b37ba99f35671fe0	clean
revised/iteration4/data/Figures/Figure6/invitro_passage_q10_runs/figure6_passage_20260902_1312/task_cache/passage_task_0141.rds	1245963	2026-09-02T13:16:53-0400	e2282c2e45a73d3a887a755194c7c826927d1bdac953a6259930250a54ae187f	clean
revised/iteration4/data/Figures/Figure6/invitro_passage_q10_runs/figure6_passage_20260902_1312/task_cache/passage_task_0142.rds	1246092	2026-09-02T13:15:21-0400	e40b9e710df58801d8767077682d7e8eaa8d43fb0d7ca17b3d30c9fac1c6ffaa	clean
revised/iteration4/data/Figures/Figure6/invitro_passage_q10_runs/figure6_passage_20260902_1312/task_cache/passage_task_0143.rds	1245982	2026-09-02T13:16:51-0400	ade4bd31294d9ecc8b16a37909cf2e979567383ad5882fc89f394f1d7b031667	clean
revised/iteration4/data/Figures/Figure6/invitro_passage_q10_runs/figure6_passage_20260902_1312/task_cache/passage_task_0144.rds	1245978	2026-09-02T13:18:15-0400	4974d83d481057aa9606e993d42ee441cd37cd67f82c90d239cf4bc2a3e47d59	clean
revised/iteration4/data/Figures/Figure6/invitro_passage_q10_runs/figure6_passage_20260902_1312/task_cache/passage_task_0145.rds	1245983	2026-09-02T13:15:22-0400	da54b93bf4ebcca3f0f70bca560e2b91cd6af0589f5dcce9e14be3bdddb0f607	clean
revised/iteration4/data/Figures/Figure6/invitro_passage_q10_runs/figure6_passage_20260902_1312/task_cache/passage_task_0146.rds	1245950	2026-09-02T13:16:52-0400	bb1c3af26c7c150be23b5f5df34c853dd5455c96f72c910cbed2d997a40511b8	clean
revised/iteration4/data/Figures/Figure6/invitro_passage_q10_runs/figure6_passage_20260902_1312/task_cache/passage_task_0147.rds	1245967	2026-09-02T13:15:22-0400	b631f7e6e1ea86924108a569143b387d91f752fb52fa8c632c51c6cfebcbbf3d	clean
revised/iteration4/data/Figures/Figure6/invitro_passage_q10_runs/figure6_passage_20260902_1312/task_cache/passage_task_0148.rds	1245946	2026-09-02T13:16:53-0400	2a82e5147641e0ce70d27ca9ed04f0eb70ee2ab9498894dadd375d26c771ae3c	clean
revised/iteration4/data/Figures/Figure6/invitro_passage_q10_runs/figure6_passage_20260902_1312/task_cache/passage_task_0149.rds	1245963	2026-09-02T13:18:16-0400	1764b28ab92dbde9f3c6e43d029c9074032a7025b9bf536f79bab64eb3c396ac	clean
revised/iteration4/data/Figures/Figure6/invitro_passage_q10_runs/figure6_passage_20260902_1312/task_cache/passage_task_0150.rds	1246092	2026-09-02T13:15:23-0400	5dd72191139c01e83f3e9894d5491edf959bf5eb6ec82884c0c9209476cda281	clean
revised/iteration4/data/Figures/Figure6/invitro_passage_q10_runs/figure6_passage_20260902_1312/task_cache/passage_task_0151.rds	1245982	2026-09-02T13:16:53-0400	747a763969b0327b94255433e9c511fe82c67a9b56bd56f4dea83bd064a43dab	clean
revised/iteration4/data/Figures/Figure6/invitro_passage_q10_runs/figure6_passage_20260902_1312/task_cache/passage_task_0152.rds	1245978	2026-09-02T13:18:23-0400	496dbea9222b2b090d5a9a256e5d9b30319e34514127bd2162a3ec4177691a33	clean
revised/iteration4/data/Figures/Figure6/invitro_passage_q10_runs/figure6_passage_20260902_1312/task_cache/passage_task_0153.rds	1245983	2026-09-02T13:15:23-0400	2d39a845420f74ed8e1fd63f744c211b6008e6b75b2aa7fe63881dd95bebb926	clean
revised/iteration4/data/Figures/Figure6/invitro_passage_q10_runs/figure6_passage_20260902_1312/task_cache/passage_task_0154.rds	1245950	2026-09-02T13:16:54-0400	a4a64bac203ba4b04406e379d5b2b13a04444e68211beff9f2fd2010531b1c7f	clean
revised/iteration4/data/Figures/Figure6/invitro_passage_q10_runs/figure6_passage_20260902_1312/task_cache/passage_task_0155.rds	1245967	2026-09-02T13:15:24-0400	f7deb2f0332116409b128733a67149f8b22d142f1c47f7790aac51edc5734b3b	clean
revised/iteration4/data/Figures/Figure6/invitro_passage_q10_runs/figure6_passage_20260902_1312/task_cache/passage_task_0156.rds	1245946	2026-09-02T13:16:56-0400	4ffe4a94fd360593be7cbc010d7cefe8c1c1503c284d6497f6f66426529bbba4	clean
revised/iteration4/data/Figures/Figure6/invitro_passage_q10_runs/figure6_passage_20260902_1312/task_cache/passage_task_0157.rds	1245963	2026-09-02T13:18:19-0400	ad644e0c378274ece54e5a6a927e6e304abcdd2294286e15c9d263274b4d6c71	clean
revised/iteration4/data/Figures/Figure6/invitro_passage_q10_runs/figure6_passage_20260902_1312/task_cache/passage_task_0158.rds	1246092	2026-09-02T13:15:22-0400	d09ef52716501235440cf559ff54c58828c71fcbbdbf449fc6597fb771dbec69	clean
revised/iteration4/data/Figures/Figure6/invitro_passage_q10_runs/figure6_passage_20260902_1312/task_cache/passage_task_0159.rds	1245982	2026-09-02T13:16:52-0400	bc099d6597a7b1b4051d18ac3b42e85161a562183e05447af6b82b8251ecd2bf	clean
revised/iteration4/data/Figures/Figure6/invitro_passage_q10_runs/figure6_passage_20260902_1312/task_cache/passage_task_0160.rds	1245978	2026-09-02T13:15:21-0400	20a871e6c3e6189a9895bfc9c4d89a52d1c840dde768339e1c7cbda748e56912	clean
revised/iteration4/data/Figures/Figure6/invitro_passage_q10_runs/figure6_passage_20260902_1312/task_cache/passage_task_0161.rds	1245983	2026-09-02T13:16:52-0400	aa63292ea03e9b14fc1f6feaff32b032d5ed05da920b91b3e8028694eeb35f13	clean
revised/iteration4/data/Figures/Figure6/invitro_passage_q10_runs/figure6_passage_20260902_1312/task_cache/passage_task_0162.rds	1245950	2026-09-02T13:18:16-0400	3a80528dc4079762517ad88c2134cdfd96534c2cc67ca7528b8f61962be5c0ca	clean
revised/iteration4/data/Figures/Figure6/invitro_passage_q10_runs/figure6_passage_20260902_1312/task_cache/passage_task_0163.rds	1245967	2026-09-02T13:15:23-0400	8a0697ae731d2492749f4db49da2a14c9c588a010229ba5c4c9d862a6e9fdcc7	clean
revised/iteration4/data/Figures/Figure6/invitro_passage_q10_runs/figure6_passage_20260902_1312/task_cache/passage_task_0164.rds	1245946	2026-09-02T13:16:55-0400	9847f4fa1377819df9715c7bcde5c00035498703893ad08f2c65bf144e3f592e	clean
revised/iteration4/data/Figures/Figure6/invitro_passage_q10_runs/figure6_passage_20260902_1312/task_cache/passage_task_0165.rds	1245963	2026-09-02T13:18:19-0400	4fd7c4f9fceeb7007999bd9ead59ebeb7979730aefd203b4d1eb64b62207981c	clean
revised/iteration4/data/Figures/Figure6/joint_acceptable_seed_invitro_parameters.tsv	274114	2026-09-02T15:30:31-0400	5e29ada46681e1c3e9c3ed341e5a70963642f2eebcb27152c81ae2a4458f030e	clean
revised/iteration4/data/Figures/Figure6/joint_acceptable_seed_invivo_parameters.tsv	321741	2026-09-02T15:30:31-0400	a4b3d931c445800ad1e06ff5c4a22a19e5cb72dcedd622516f7533755485efc8	clean
revised/iteration4/data/Figures/Figure6/joint_duplicate_endpoint_claim_consistency.tsv	7415	2026-08-29T17:28:34-0400	7448961162d58fd617b53721635dbe889b73fbc789591f9a548d900f008c6a44	clean
revised/iteration4/data/Figures/Figure6/joint_invitro_q20_endpoint_manifest.tsv	12796	2026-08-29T18:36:20-0400	ea00af298588dff373fb66e74fabee215865ba392be181812caea95efbddbeed	clean
revised/iteration4/data/Figures/Figure6/joint_multiseed_operator_qc_invitro.tsv	33424	2026-08-29T18:36:39-0400	180bd9302b512e99016b338b4cde12941497937455ae2b9dda1ecbf5874204c1	clean
revised/iteration4/data/Figures/Figure6/joint_multiseed_operator_qc.tsv	52286	2026-08-29T17:28:34-0400	3d09901955cfab80f3bf5b58346aec2384fb8ee7c33461d23aef46627b85c5e9	clean
revised/iteration4/data/Figures/Figure6/joint_multiseed_surface_summary_invitro.tsv	5678311	2026-08-29T18:36:44-0400	8d05a06b5a0ab76628fbc54bdfdf6a4a3ff1eb072adf078018644ed76a2ad77a	clean
revised/iteration4/data/Figures/Figure6/joint_multiseed_surface_summary.tsv	10546183	2026-08-29T17:28:34-0400	e7a6b5b5a8ca44897ec161b82fa25fd9fe06cdc266a23499a57067aaceff8aa1	clean
revised/iteration4/data/Figures/Figure6/joint_multiseed_trajectory_summary_invitro.tsv	79390	2026-08-29T18:36:44-0400	19d5429df80a9029096c335019acdbdb6760725c3058b2d2c50517f0d9fe8f12	clean
revised/iteration4/data/Figures/Figure6/joint_multiseed_trajectory_summary.tsv	226497	2026-08-29T17:28:34-0400	9ee17e2d23fe67463e5dcdfd76b0e7d9fb25f5cd4544fe67e071a014587c811b	clean
revised/iteration4/data/Figures/Figure6/joint_seed_acceptance_summary.tsv	684	2026-09-02T15:30:31-0400	b5100d11c25128a10d03c458516b79074f3d54cd213b64656b40bfcdbc1767fa	clean
revised/iteration4/data/Figures/Figure6/joint_seed_acceptance.tsv	932879	2026-09-02T15:30:31-0400	3ba993cee194aa1b0d6ddee5f69a9503fe7a414369370298bd54a4b88dc39f08	clean
revised/iteration4/data/Figures/Figure6/joint_seed_biological_robustness_invitro.tsv	78536	2026-08-29T18:36:44-0400	41e87d2c354a6e60517105d6594b0ada292c3ccb6aae33b376ff5357f79dc359	clean
revised/iteration4/data/Figures/Figure6/joint_seed_biological_robustness.tsv	69682	2026-08-29T17:28:34-0400	e0cc40681f5519b55d592614b06d74a7cdc6bec933ad4616de7a2752c4b338ad	clean
revised/iteration4/data/Figures/Figure6/joint_seed_claim_robustness_invitro.tsv	10194	2026-08-29T18:36:44-0400	7124f330e4f48b24454aa72aa5251a7b96a5d6e06e42cbca211d8d7157b8f64f	clean
revised/iteration4/data/Figures/Figure6/joint_seed_claim_robustness_overall.tsv	2359	2026-08-29T17:28:34-0400	09621b3b2a434e56beae1a3467a1fc0a7aca3815d176d4344daff5e03f9a4144	clean
revised/iteration4/data/Figures/Figure6/joint_seed_claim_robustness.tsv	9280	2026-08-29T17:28:34-0400	2a690d0fa865eabb84f099c7fcfc4849dbec19764bb1ec19687bfef6a11970b2	clean
revised/iteration4/data/Figures/Figure6/joint_seed_cutoff_consistency_invitro.tsv	2250	2026-08-29T18:36:44-0400	2a3c55274f85cfe4d85ab173921a6502da85eb558eb201fc8040f8f8862ab353	clean
revised/iteration4/data/Figures/Figure6/joint_seed_cutoff_consistency.tsv	2497	2026-08-29T17:28:34-0400	c2502554534fd2c7edd072ed8da3a46333834ad84c53c2288f420613c2ac711c	clean
revised/iteration4/data/Figures/Figure6/joint_seed_fit_qc.tsv	126707	2026-09-02T15:30:31-0400	04c0520c9a97f0b2058c1792ef00e90af688991eef19ff52f8b02e8c6057652d	clean
revised/iteration4/data/Figures/Figure6/joint_seed_parameter_multiplicity.tsv	382588	2026-09-02T15:30:31-0400	2d3eb55602165705af9a9ec0fb75c2de0f4bd88a080972c954ced34159227cf6	clean
revised/iteration4/data/Figures/Figure6/joint_seed_response_delta_summary.tsv	5252	2026-08-29T17:28:34-0400	8f69669d2546ce8c97d49582cc42f76927e89bd119c4c1772510a469319a74b8	clean
revised/iteration4/data/Figures/Figure6/joint_seed_robustness_audit_summary.tsv	1121	2026-08-29T17:28:34-0400	4ed922c5baef858f205f5088dbc081a17839e3168228f71a2c611eaef4b095f4	clean
revised/iteration4/data/Figures/Figure6/joint_seed_vs_unique_parameter_robustness_invitro.tsv	14913	2026-08-29T18:36:44-0400	056a9d643dbc91ae1ebaeffb7721e7aa23a30194f9fd9055a915d702e34dcc68	clean
revised/iteration4/data/Figures/Figure6/joint_seed_vs_unique_parameter_robustness.tsv	13671	2026-08-29T17:28:34-0400	55c84f1a78a8e6d4500088ca56750f58dfa896a9237579408fb994656c9b160b	clean
revised/iteration4/data/Figures/Figure6/joint_seed_vs_unique_parameter_surface_comparison.tsv	522	2026-08-29T17:28:34-0400	6581bc248ba83946ee03044a78ebae47f623332076d7fdc643f4386a0add41a9	clean
revised/iteration4/data/Figures/Figure6/joint_seed_vs_unique_parameter_trajectory_comparison.tsv	742	2026-08-29T17:28:34-0400	7bd473e26ec9decc1a33ae451f9f566fa9ccf589c8f719274be861b51b2f4055	clean
revised/iteration4/data/Figures/Figure6/joint_unique_parameter_claim_robustness_invitro.tsv	10402	2026-08-29T18:36:44-0400	04a35599e97a7d7c8fe4e3ecec8a3cd1290284737ecec7602de3773c177ce9e2	clean
revised/iteration4/data/Figures/Figure6/joint_unique_parameter_claim_robustness.tsv	9504	2026-08-29T17:28:34-0400	4e9d0d61d5562a718d02f5248cbb7b6fa54d57bd26746e5a1b57683af61311a1	clean
revised/iteration4/data/Figures/Figure6/joint_unique_parameter_endpoint_counts.tsv	435	2026-09-02T15:30:31-0400	d8339880a4eaf6c8f75b4cd8ab80bb61de2d0f44058d36316506245f3b1ee024	clean
revised/iteration4/data/Figures/Figure6/joint_unique_parameter_surface_summary.tsv	8175775	2026-08-29T17:28:34-0400	6ea3fcaa86aca64b79c825e3c2ee531181e0070883fa524f0b26c7d5e4ab3a8e	clean
revised/iteration4/data/Figures/Figure6/joint_unique_parameter_trajectory_summary.tsv	138390	2026-08-29T17:28:34-0400	a03ae91eb78badc93f967d9b9599248ed003309f4f6c10a5c53fee2216aa08ed	clean
revised/iteration4/data/Figures/Figure6/multiseed_endpoint_cache_invitro/C01/endpoint_C01_VT_E001.rds	283797	2026-08-29T17:32:07-0400	0c4762f5bc41d5ca2e51ae500b112cdcc3c57cb988934c0bc5c6fa3375ce0890	clean
revised/iteration4/data/Figures/Figure6/multiseed_endpoint_cache_invitro/C01/endpoint_C01_VT_E002.rds	283799	2026-08-29T17:32:10-0400	9b2708d8e8ce32b02bf1fef3931a550a166fcae4ec582bb0106466d201b69378	clean
revised/iteration4/data/Figures/Figure6/multiseed_endpoint_cache_invitro/C01/endpoint_C01_VT_E003.rds	283764	2026-08-29T17:32:06-0400	689262a930d4c6812a9c54fe7a054bf4becf359113dcdcb95c24b7b306a60d58	clean
revised/iteration4/data/Figures/Figure6/multiseed_endpoint_cache_invitro/C01/endpoint_C01_VT_E004.rds	283800	2026-08-29T17:32:06-0400	74d5a44a004c502131d6d09558661fe75ca287ada19e1caf19532b58f2e5b50b	clean
revised/iteration4/data/Figures/Figure6/multiseed_endpoint_cache_invitro/C01/endpoint_C01_VT_E005.rds	283713	2026-08-29T17:32:07-0400	759ede7f95851805ddc38eadd025a5b1785da752ddf17dbbe6883931808074ca	clean
revised/iteration4/data/Figures/Figure6/multiseed_endpoint_cache_invitro/C01/endpoint_C01_VT_E006.rds	283735	2026-08-29T17:32:15-0400	dfa9f895013085b7e3126be1045739b0e0237bb637f1d1950e9bc58d9b43910f	clean
revised/iteration4/data/Figures/Figure6/multiseed_endpoint_cache_invitro/C01/endpoint_C01_VT_E007.rds	283768	2026-08-29T17:32:09-0400	b27011e1d211e64a4daf5741ec1eb827ec695b5c6717e1d8c9de93c3f16b5682	clean
revised/iteration4/data/Figures/Figure6/multiseed_endpoint_cache_invitro/C01/endpoint_C01_VT_E008.rds	283664	2026-08-29T17:32:09-0400	84bca02462ac9deb351789b19d47e55b3efe436510663c281a97f12bfb7d3cd0	clean
revised/iteration4/data/Figures/Figure6/multiseed_endpoint_cache_invitro/C01/endpoint_C01_VT_E009.rds	283803	2026-08-29T17:32:10-0400	16813b96811d84dab52287e681a8f3a68593d8af2942d98d74ca176ab8655e7e	clean
revised/iteration4/data/Figures/Figure6/multiseed_endpoint_cache_invitro/C01/endpoint_C01_VT_E010.rds	283603	2026-08-29T17:32:11-0400	1dfd9a5248bcbd21cd9c5f6ad1fa39bedbacbff76c116c8c11b47d09ccc23686	clean
revised/iteration4/data/Figures/Figure6/multiseed_endpoint_cache_invitro/C01/endpoint_C01_VT_E011.rds	283658	2026-08-29T17:32:14-0400	e5a8f22dcbb225b0dde669e1c7fc9b4b90b77dc1283ce94c3035b8f778b39820	clean
revised/iteration4/data/Figures/Figure6/multiseed_endpoint_cache_invitro/C01/endpoint_C01_VT_E012.rds	283696	2026-08-29T17:32:13-0400	4bb4a9faf714ddbfe9d6c176f560c4dd8be21655472d511b5ecfa1cdf80335e2	clean
revised/iteration4/data/Figures/Figure6/multiseed_endpoint_cache_invitro/C01/endpoint_C01_VT_E013.rds	283743	2026-08-29T17:32:14-0400	0f75f32d2608d2647c54db0f6bf0a3cd70ff7cdc3b369dcebb9454f177b8a4b5	clean
revised/iteration4/data/Figures/Figure6/multiseed_endpoint_cache_invitro/C01/endpoint_C01_VT_E014.rds	283666	2026-08-29T17:32:09-0400	d6938d8b3382b1633d8f77b590b9a7e50ab258f02739531eacbd45bf8008154c	clean
revised/iteration4/data/Figures/Figure6/multiseed_endpoint_cache_invitro/C01/endpoint_C01_VT_E015.rds	283692	2026-08-29T17:32:08-0400	c6226225ae040d29447778e1a597ed5ff047a24016ce1e0c2590fdbed6da9f57	clean
revised/iteration4/data/Figures/Figure6/multiseed_endpoint_cache_invitro/C01/endpoint_C01_VT_E016.rds	283881	2026-08-29T17:32:08-0400	1f0d8424c39419b00ec3c1663dff0cdf031ac9dd8afb7c35e5c51b3ca031c755	clean
revised/iteration4/data/Figures/Figure6/multiseed_endpoint_cache_invitro/C01/endpoint_C01_VT_E017.rds	283790	2026-08-29T17:32:15-0400	51abceeab35f1229cce42bc70e6c2577a4dba91eab1296df79fe49246a277f67	clean
revised/iteration4/data/Figures/Figure6/multiseed_endpoint_cache_invitro/C01/endpoint_C01_VT_E018.rds	283759	2026-08-29T17:32:12-0400	18e12c0ae318d1b03636da92bf1a4fce29e034b35b9cfa00503de70b6555e0ad	clean
revised/iteration4/data/Figures/Figure6/multiseed_endpoint_cache_invitro/C01/endpoint_C01_VT_E019.rds	283684	2026-08-29T17:32:10-0400	7b0dd917c4ec3ffff591ffbc42ca617e4eb6a2e78a6750c999491b3f3aefbec2	clean
revised/iteration4/data/Figures/Figure6/multiseed_endpoint_cache_invitro/C01/endpoint_C01_VT_E020.rds	283727	2026-08-29T17:32:14-0400	27a0f5e642d5d8aaef34defd96b7dfe76163769040e7823a67de9be3a0cd916e	clean
revised/iteration4/data/Figures/Figure6/multiseed_endpoint_cache_invitro/C01/endpoint_C01_VT_E021.rds	283614	2026-08-29T17:32:14-0400	50a1214d7ec516760a3843f7a64b835e0b8920373005a3ea1c4160dfdc292e0f	clean
revised/iteration4/data/Figures/Figure6/multiseed_endpoint_cache_invitro/C01/endpoint_C01_VT_E022.rds	283704	2026-08-29T17:32:10-0400	e10bdc25e3f46cf51ef499136fb45c80249f1139a8fcd68a6d4023338adb7d48	clean
revised/iteration4/data/Figures/Figure6/multiseed_endpoint_cache_invitro/C01/endpoint_C01_VT_E023.rds	283681	2026-08-29T17:32:09-0400	900d154b68efe074d6675c1eafcb5f221f3936e9575108367f58b045666a2d41	clean
revised/iteration4/data/Figures/Figure6/multiseed_endpoint_cache_invitro/C01/endpoint_C01_VT_E024.rds	283642	2026-08-29T17:32:11-0400	221adec626db131ce218ae22cc03f4fe891da6380153250e491c2fbbaf1e0ff6	clean
revised/iteration4/data/Figures/Figure6/multiseed_endpoint_cache_invitro/C01/endpoint_C01_VT_E025.rds	283789	2026-08-29T17:32:13-0400	9d67d76982cf5555a69fbb90ab66714c23bace0751d3192d9efa29df29e48cc3	clean
revised/iteration4/data/Figures/Figure6/multiseed_endpoint_cache_invitro/C01/endpoint_C01_VT_E026.rds	283770	2026-08-29T17:32:14-0400	bc9350b5a35c570e6a4d721a9cf02e6b5113cbf359d3b597686989a481089e71	clean
revised/iteration4/data/Figures/Figure6/multiseed_endpoint_cache_invitro/C01/endpoint_C01_VT_E027.rds	283704	2026-08-29T17:32:09-0400	06868078d0f07d4de07274bfc1c5cd8cb74ada058905caa1bbf815ccb112f43d	clean
revised/iteration4/data/Figures/Figure6/multiseed_endpoint_cache_invitro/C01/endpoint_C01_VT_E028.rds	283816	2026-08-29T17:32:12-0400	75bd19ad25b4f0993bb5508f820cb47f6ca4a6a67ec614c62dbe63da63673c91	clean
revised/iteration4/data/Figures/Figure6/multiseed_endpoint_cache_invitro/C01/endpoint_C01_VT_E029.rds	283797	2026-08-29T17:32:08-0400	c06b56eb3430e1f6d7181f4babb8c914d3eb0d0cc0b83b14d3554e861888ab68	clean
revised/iteration4/data/Figures/Figure6/multiseed_endpoint_cache_invitro/C01/endpoint_C01_VT_E030.rds	283779	2026-08-29T17:32:16-0400	5cd1ac1b423da50d6164342ca47e51fb09e4c1e639cca0f3ea9f7a9c5f24be73	clean
revised/iteration4/data/Figures/Figure6/multiseed_endpoint_cache_invitro/C01/endpoint_C01_VT_E031.rds	283758	2026-08-29T17:32:15-0400	2669cc92b68884dcfe3c680a9a7a502f1c860762e836803611fc038812057cd8	clean
revised/iteration4/data/Figures/Figure6/multiseed_endpoint_cache_invitro/C01/endpoint_C01_VT_E032.rds	283858	2026-08-29T17:32:09-0400	bf78410f789c88471eb2392b2cd95cf18cfcb0dbf5f277507b381082d593665d	clean
revised/iteration4/data/Figures/Figure6/multiseed_endpoint_cache_invitro/C01/endpoint_C01_VT_E033.rds	283804	2026-08-29T17:32:13-0400	960a29cf441dd83a46e519a53d93eb60a7d71e0de74b933ecb177df9ca2420ed	clean
revised/iteration4/data/Figures/Figure6/multiseed_endpoint_cache_invitro/C01/endpoint_C01_VT_E034.rds	283854	2026-08-29T17:32:10-0400	2d42eca028650498b0421fc0f3ec6b187870efec928312c6e3681d9dd7d13bfc	clean
revised/iteration4/data/Figures/Figure6/multiseed_endpoint_cache_invitro/C01/endpoint_C01_VT_E035.rds	283831	2026-08-29T17:32:16-0400	bab2cfa2397b6656f8222a1ed327118819ad393999b4acbe5a348a5fccd7dffc	clean
revised/iteration4/data/Figures/Figure6/multiseed_endpoint_cache_invitro/C01/endpoint_C01_VT_E036.rds	283815	2026-08-29T17:32:11-0400	1363a8dcb485cff6607b227404d0119e8f85e01a446b143392b340c6010779f3	clean
revised/iteration4/data/Figures/Figure6/multiseed_endpoint_cache_invitro/C01/endpoint_C01_VT_E037.rds	283785	2026-08-29T17:32:13-0400	dbf63a1bb44999088a8d7d562040e85f0579f8822ba77d6d20a187b56d318306	clean
revised/iteration4/data/Figures/Figure6/multiseed_endpoint_cache_invitro/C01/endpoint_C01_VT_E038.rds	283762	2026-08-29T17:32:13-0400	a954d32d904a2edbe6a20d3d5cb9a13f5627412aebfdf32d11f9dda8e541ee6e	clean
revised/iteration4/data/Figures/Figure6/multiseed_endpoint_cache_invitro/C01/endpoint_C01_VT_E039.rds	283778	2026-08-29T17:32:11-0400	6d5d400cd01fcdf0bd5c66e32c38883ffec126b30ed72b1fe75631dbd96abaf7	clean
revised/iteration4/data/Figures/Figure6/multiseed_endpoint_cache_invitro/C01/endpoint_C01_VT_E040.rds	283839	2026-08-29T17:32:09-0400	cd32424cee2c39ab6b187b5960288be34f2744547f5088bad855aef1ee2641fb	clean
revised/iteration4/data/Figures/Figure6/multiseed_endpoint_cache_invitro/C01/endpoint_C01_VT_E041.rds	283830	2026-08-29T17:32:10-0400	13fc5ac7a60cc48e44403c30535df3135a03d80d4b2d127dca60d58d9aad6575	clean
revised/iteration4/data/Figures/Figure6/multiseed_endpoint_cache_invitro/C01/endpoint_C01_VT_E042.rds	283917	2026-08-29T17:32:10-0400	ceaadd17ad2fad8b3afb22f150a81187b3ca0a6eaf5f4ed2c80b33bcf479b99e	clean
revised/iteration4/data/Figures/Figure6/multiseed_endpoint_cache_invitro/C01/endpoint_C01_VT_E043.rds	283780	2026-08-29T17:32:10-0400	5af50854974bd512c25e1c8d7586dfa45529d7d41043d63ff5dbd403e78d5323	clean
revised/iteration4/data/Figures/Figure6/multiseed_endpoint_cache_invitro/C01/endpoint_C01_VT_E044.rds	283751	2026-08-29T17:32:13-0400	bff657e7bc8d6368e657df712d65abd8ed2126ca78da5fe851baa6a889c2f31f	clean
revised/iteration4/data/Figures/Figure6/multiseed_endpoint_cache_invitro/C01/endpoint_C01_VT_E045.rds	283878	2026-08-29T17:32:09-0400	c74b4e75c488862be125630967cba155a1dda2c80fb479da0e97762dd218a7d0	clean
revised/iteration4/data/Figures/Figure6/multiseed_endpoint_cache_invitro/C01/endpoint_C01_VT_E046.rds	283874	2026-08-29T17:32:09-0400	de8858691146f6030033bd658d07934f897ae93dbefe7c1c17e72ecc9f4c722d	clean
revised/iteration4/data/Figures/Figure6/multiseed_endpoint_cache_invitro/C01/endpoint_C01_VT_E047.rds	283755	2026-08-29T17:32:14-0400	7421c73474bc8bcae82c6dc8c80017d0d87e79eb334b1e608a6cb1e3ab208f63	clean
revised/iteration4/data/Figures/Figure6/multiseed_endpoint_cache_invitro/C01/endpoint_C01_VT_E048.rds	283849	2026-08-29T17:32:13-0400	13079b40e59f7e7c6e9b61341951442c1422767281f42996e869e7cbd26a71d9	clean
revised/iteration4/data/Figures/Figure6/multiseed_endpoint_cache_invitro/C01/endpoint_C01_VT_E049.rds	283699	2026-08-29T17:32:13-0400	b0ae6dfcee9ed91d1eb8e25be5aefb62470f3fb8b18c996423b72ad317ab683c	clean
revised/iteration4/data/Figures/Figure6/multiseed_endpoint_cache_invitro/C01/endpoint_C01_VT_E050.rds	283742	2026-08-29T17:32:11-0400	d9bbe743ac7eaef50260091653eb75f78fee415f25b2330b0a88d1474e33908d	clean
revised/iteration4/data/Figures/Figure6/multiseed_endpoint_cache_invitro/C01/endpoint_C01_VT_E051.rds	27046	2026-08-29T17:30:01-0400	449c0fc0a745f9a918bea64d8c13c203c1c92f062ecd0cfd70144739a9120fe3	clean
revised/iteration4/data/Figures/Figure6/multiseed_endpoint_cache_invitro/C01/endpoint_C01_VT_E052.rds	26986	2026-08-29T17:29:59-0400	179242ce24282428f64bbeb80b9caaa5302e86e3c6152e3259c7e3d526e4fe1f	clean
revised/iteration4/data/Figures/Figure6/multiseed_endpoint_cache_invitro/C01/endpoint_C01_VT_E053.rds	27004	2026-08-29T17:29:58-0400	a20058bfbfeb2ad5b8f1c53307d9161bfdc786e5726f0f1c429b00ec90bd0bda	clean
revised/iteration4/data/Figures/Figure6/multiseed_endpoint_cache_invitro/C01/endpoint_C01_VT_E054.rds	26967	2026-08-29T17:29:57-0400	c1ec8bd755f83b314558c80ad8f0de58302cbb92fe7cb97368edd95356ecec53	clean
revised/iteration4/data/Figures/Figure6/multiseed_endpoint_cache_invitro/C01/endpoint_C01_VT_E055.rds	26974	2026-08-29T17:30:01-0400	f2f2003ce3372f313dc2bf889b7be96c0ead72d4655f495a115634655d557598	clean
revised/iteration4/data/Figures/Figure6/multiseed_endpoint_cache_invitro/C01/endpoint_C01_VT_E056.rds	26955	2026-08-29T17:29:58-0400	845d23dee8a7d80e769ff70c46b847c9800b8b0ffe4878d8a32c8058c3207624	clean
revised/iteration4/data/Figures/Figure6/multiseed_endpoint_cache_invitro/C01/endpoint_C01_VT_E057.rds	27021	2026-08-29T17:30:10-0400	47fcd373599412c1c614ede2cb30516bbf7b9b128bf6cd487792564460548fcc	clean
revised/iteration4/data/Figures/Figure6/multiseed_endpoint_cache_invitro/C01/endpoint_C01_VT_E058.rds	26964	2026-08-29T17:30:10-0400	2ba89ada4ee656be38c1f7823d8fcba68d59c4e35aaadd7e365e8e0cb441cb41	clean
revised/iteration4/data/Figures/Figure6/multiseed_endpoint_cache_invitro/C01/endpoint_C01_VT_E059.rds	27016	2026-08-29T17:30:11-0400	9a3f33d4d4d4442474926ccbb17f064de00fde6081b066e51a82f955e1c5a1e6	clean
revised/iteration4/data/Figures/Figure6/multiseed_endpoint_cache_invitro/C01/endpoint_C01_VT_E060.rds	27011	2026-08-29T17:30:12-0400	a09d864aae51a65bc648116db7d63c78b354e24fa54421b9221363e2684e16dc	clean
revised/iteration4/data/Figures/Figure6/multiseed_endpoint_cache_invitro/C01/endpoint_C01_VT_E061.rds	27035	2026-08-29T17:30:13-0400	30a8f73ffa266a7940298b7afe060c439441f3678ec90fde49f93b1be9f70b3b	clean
revised/iteration4/data/Figures/Figure6/multiseed_endpoint_cache_invitro/C01/endpoint_C01_VT_E062.rds	26985	2026-08-29T17:30:14-0400	e4f78bda461f0fb8454a91c817fe6edd8332c4de656a1d692f23ca77a052c8ac	clean
revised/iteration4/data/Figures/Figure6/multiseed_endpoint_cache_invitro/C01/endpoint_C01_VT_E063.rds	26965	2026-08-29T17:30:22-0400	2770556a2fb837be5f4c34c2bcf2b5ba7a1e4157c8b4f97ee945fd40b8f80c40	clean
revised/iteration4/data/Figures/Figure6/multiseed_endpoint_cache_invitro/C01/endpoint_C01_VT_E064.rds	26999	2026-08-29T17:30:22-0400	6b6a6d191c4ab0d484664914b614675bfbf932fadf98ac5eb1179ab2cd038908	clean
revised/iteration4/data/Figures/Figure6/multiseed_endpoint_cache_invitro/C01/endpoint_C01_VT_E065.rds	27026	2026-08-29T17:30:23-0400	72bc20bdd28626d705049d23ed3b4db00bfac1b60c7511a2f160cc52457464c6	clean
revised/iteration4/data/Figures/Figure6/multiseed_endpoint_cache_invitro/C01/endpoint_C01_VT_E066.rds	27006	2026-08-29T17:30:24-0400	5cb26a8ecb58ea96ae0173bcd564b43664efd442444a4282cfef3d7c99ae2570	clean
revised/iteration4/data/Figures/Figure6/multiseed_endpoint_cache_invitro/C01/endpoint_C01_VT_E067.rds	27072	2026-08-29T17:30:25-0400	1ecb7b0d322b10195c068fcc92308650d24d61a61d25ea29718c33209d87b737	clean
revised/iteration4/data/Figures/Figure6/multiseed_endpoint_cache_invitro/C01/endpoint_C01_VT_E068.rds	27007	2026-08-29T17:30:25-0400	0a1628f3776bc10520dfee013c4e885974d45b15588301cd7a426664d5ed9be2	clean
revised/iteration4/data/Figures/Figure6/multiseed_endpoint_cache_invitro/C01/endpoint_C01_VT_E069.rds	27020	2026-08-29T17:30:34-0400	3d4db928da14cad4f1cda94f2f241bc6c636cd33b493e40beba511eb01f610b3	clean
revised/iteration4/data/Figures/Figure6/multiseed_endpoint_cache_invitro/C01/endpoint_C01_VT_E070.rds	27020	2026-08-29T17:30:35-0400	919f20b4c1a4b3b70663719554d98eab6118271ef34af61b5611c7d4ec619a1b	clean
revised/iteration4/data/Figures/Figure6/multiseed_endpoint_cache_invitro/C01/endpoint_C01_VT_E071.rds	27011	2026-08-29T17:30:36-0400	71df2ae8c94d954dbbfadf414213fb57028c3f1348b399008a8e5a99971db1b3	clean
revised/iteration4/data/Figures/Figure6/multiseed_endpoint_cache_invitro/C01/endpoint_C01_VT_E072.rds	27006	2026-08-29T17:30:36-0400	73859e74bc569610f0330313672c25266ea29775bef487c10e2be795f46567c6	clean
revised/iteration4/data/Figures/Figure6/multiseed_endpoint_cache_invitro/C01/endpoint_C01_VT_E073.rds	26983	2026-08-29T17:30:37-0400	43841fa22582c81996cd7f0ce786f9851f99a29b55c2509acb40706fd190d3be	clean
revised/iteration4/data/Figures/Figure6/multiseed_endpoint_cache_invitro/C01/endpoint_C01_VT_E074.rds	27005	2026-08-29T17:30:38-0400	836b9c47af2f8cb7b4f5ca4158405926c62894857c5718a77107623a701c6ef5	clean
revised/iteration4/data/Figures/Figure6/multiseed_endpoint_cache_invitro/C01/endpoint_C01_VT_E075.rds	27060	2026-08-29T17:30:46-0400	b4209ef34097ce985cbaa22f50c4528e15c92b06c039d8de057e943a649b875a	clean
revised/iteration4/data/Figures/Figure6/multiseed_endpoint_cache_invitro/C01/endpoint_C01_VT_E076.rds	27034	2026-08-29T17:30:47-0400	c18b9afaee0da47b340c78b947144df82c3c7adb657955212280c41cb443c659	clean
revised/iteration4/data/Figures/Figure6/multiseed_endpoint_cache_invitro/C01/endpoint_C01_VT_E077.rds	26973	2026-08-29T17:30:48-0400	2e09135d53cc240d775d3fe0ac4a735a082af3f97e9f2f67a93e80a5107a24ac	clean
revised/iteration4/data/Figures/Figure6/multiseed_endpoint_cache_invitro/C01/endpoint_C01_VT_E078.rds	27022	2026-08-29T17:30:48-0400	4657a411614429f06025aff29de6bbe7b0a4b881b59cd60f8f26bcc0e8192601	clean
revised/iteration4/data/Figures/Figure6/multiseed_endpoint_cache_invitro/C01/endpoint_C01_VT_E079.rds	27010	2026-08-29T17:30:49-0400	52d1fcf6496af3a50e2352f62d1f89a522bec2fcd82dfd4dfabf89832532f942	clean
revised/iteration4/data/Figures/Figure6/multiseed_endpoint_cache_invitro/C01/endpoint_C01_VT_E080.rds	27010	2026-08-29T17:30:50-0400	c5c944684cd88f959edc26743c41552dff5ce86eefb4ac4a1206a48a8ff3a2f5	clean
revised/iteration4/data/Figures/Figure6/multiseed_endpoint_cache_invitro/C01/endpoint_C01_VT_E081.rds	27037	2026-08-29T17:30:58-0400	2a7994fc6225d7c64dcf65bce0ec3c5ec0bca86f57964279e26143672d66a181	clean
revised/iteration4/data/Figures/Figure6/multiseed_endpoint_cache_invitro/C01/endpoint_C01_VT_E082.rds	27004	2026-08-29T17:30:58-0400	e86351a04577302ca1319f90de57cb8086f66f4fce775b56535aa073743bc3f1	clean
revised/iteration4/data/Figures/Figure6/multiseed_endpoint_cache_invitro/C01/endpoint_C01_VT_E083.rds	26986	2026-08-29T17:31:00-0400	c65787e7f93d0a0a3ef3364430c323030996260b5f8d728123a753961a9b36e6	clean
revised/iteration4/data/Figures/Figure6/multiseed_endpoint_cache_invitro/C01/endpoint_C01_VT_E084.rds	27003	2026-08-29T17:31:01-0400	2d46a42be62b121af6991dde44f369108e2bfd41ea7b68893734ce485f456c13	clean
revised/iteration4/data/Figures/Figure6/multiseed_endpoint_cache_invitro/C01/endpoint_C01_VT_E085.rds	26976	2026-08-29T17:31:02-0400	aad613304b29a3817e200f5acf1f8692a0bd1cc0d19d232b426c778a75ad8eed	clean
revised/iteration4/data/Figures/Figure6/multiseed_endpoint_cache_invitro/C01/endpoint_C01_VT_E086.rds	26973	2026-08-29T17:31:02-0400	bfe2efc32efedcc3ba593f647b13c58f1c8fe368375a6fefb2f9f5485d9ec9c7	clean
revised/iteration4/data/Figures/Figure6/multiseed_endpoint_cache_invitro/C01/endpoint_C01_VT_E087.rds	27067	2026-08-29T17:31:10-0400	d22e2c7229bd87e3d5ff3de83c18d6d5f354c049f7086fc3332e2d82761ea012	clean
revised/iteration4/data/Figures/Figure6/multiseed_endpoint_cache_invitro/C01/endpoint_C01_VT_E088.rds	26983	2026-08-29T17:31:10-0400	be187bff8563581ee03011605783006dd4bb8ca9ad3b7e1606b2f979066dfde5	clean
revised/iteration4/data/Figures/Figure6/multiseed_endpoint_cache_invitro/C01/endpoint_C01_VT_E089.rds	27051	2026-08-29T17:31:12-0400	b526880348d180876137cddd4987bd03261e4c07eac0b5d8629da046f9bee28c	clean
revised/iteration4/data/Figures/Figure6/multiseed_endpoint_cache_invitro/C01/endpoint_C01_VT_E090.rds	26999	2026-08-29T17:31:13-0400	599a02006e5bfef769019c6120f68113382f64a6e494a2a8cc20a99291ced237	clean
revised/iteration4/data/Figures/Figure6/multiseed_endpoint_cache_invitro/C01/endpoint_C01_VT_E091.rds	26991	2026-08-29T17:31:13-0400	19f840e81e8f9670860bd1b6e45fee99122d721fd2b6a5565be4be29c4b09709	clean
revised/iteration4/data/Figures/Figure6/multiseed_endpoint_cache_invitro/C01/endpoint_C01_VT_E092.rds	27039	2026-08-29T17:31:14-0400	c090d7ec5b23b464503205ac2b24bb3e906b0e6b3b7285b161cca6cc8b1f1d30	clean
revised/iteration4/data/Figures/Figure6/multiseed_endpoint_cache_invitro/C01/endpoint_C01_VT_E093.rds	26989	2026-08-29T17:31:22-0400	c80db4a762ac7057ecadf580753ac44e46c191bba3c955f4395073a3ab252ada	clean
revised/iteration4/data/Figures/Figure6/multiseed_endpoint_cache_invitro/C01/endpoint_C01_VT_E094.rds	27030	2026-08-29T17:31:22-0400	183a924cbd5e5adc75e8f12c3a411ffca8288313a35832b3b8736f137954deb9	clean
revised/iteration4/data/Figures/Figure6/multiseed_endpoint_cache_invitro/C01/endpoint_C01_VT_E095.rds	26946	2026-08-29T17:31:25-0400	ce3f0367ab17a379324a8bc024e2153ac9cb4c1789beb3ad16fc1f012a4f3591	clean
revised/iteration4/data/Figures/Figure6/multiseed_endpoint_cache_invitro/C01/endpoint_C01_VT_E096.rds	27017	2026-08-29T17:31:25-0400	21a7536c8412b81e8d7984275d18190a094acbc27ca519401a151677097618b6	clean
revised/iteration4/data/Figures/Figure6/multiseed_endpoint_cache_invitro/C01/endpoint_C01_VT_E097.rds	26979	2026-08-29T17:31:26-0400	a507d1589e59639a00582c6ddb14bef2725e53919058686fd8691dad591bcad2	clean
revised/iteration4/data/Figures/Figure6/multiseed_endpoint_cache_invitro/C01/endpoint_C01_VT_E098.rds	27044	2026-08-29T17:31:26-0400	5466480dc5be31f661e1edb734109f43dab60d71d036839aabceed49e4d6ba76	clean
revised/iteration4/data/Figures/Figure6/multiseed_endpoint_cache_invitro/C01/endpoint_C01_VT_E099.rds	27022	2026-08-29T17:31:34-0400	c5cd8e90ec8ed6bf498683baaa45698a6b2377d2465535aa5e3187863ff95023	clean
revised/iteration4/data/Figures/Figure6/multiseed_endpoint_cache_invitro/C01/endpoint_C01_VT_E100.rds	27027	2026-08-29T17:31:35-0400	4b6325a8c27c2327f6df319e4e6542c42e20f688c4bad7fe750729298ac4c6d2	clean
revised/iteration4/data/Figures/Figure6/multiseed_endpoint_cache_invitro/C02/endpoint_C02_VT_E001.rds	283769	2026-08-29T17:33:41-0400	d534ee388bfad106f919a3c473f2148fbc96250a8ca094e2b69ddce6c41d854b	clean
revised/iteration4/data/Figures/Figure6/multiseed_endpoint_cache_invitro/C02/endpoint_C02_VT_E002.rds	283768	2026-08-29T17:33:43-0400	e73d1c467ace044814d83128ef7564b866c5150599085a1ce23f37881406ead1	clean
revised/iteration4/data/Figures/Figure6/multiseed_endpoint_cache_invitro/C02/endpoint_C02_VT_E003.rds	283841	2026-08-29T17:33:42-0400	5c01ffa7fa0b6669c54d9823cfc4d4f1731a0d02c64da4ea509ede3c67c16610	clean
revised/iteration4/data/Figures/Figure6/multiseed_endpoint_cache_invitro/C02/endpoint_C02_VT_E004.rds	283649	2026-08-29T17:33:43-0400	60790f5f70f48819fc86cfb5d3bc0e7ced9316bb2ef00f83894cbbf5f118b3a5	clean
revised/iteration4/data/Figures/Figure6/multiseed_endpoint_cache_invitro/C02/endpoint_C02_VT_E005.rds	283834	2026-08-29T17:33:50-0400	547e6a079ab82557c7510caf29247ebd166819da07cd2ad848432027814253d1	clean
revised/iteration4/data/Figures/Figure6/multiseed_endpoint_cache_invitro/C02/endpoint_C02_VT_E006.rds	283843	2026-08-29T17:33:49-0400	d53b47ee4c60ac6d8e4038389d4c3c9cc1de10fb316a21aa33e034703108a9ed	clean
revised/iteration4/data/Figures/Figure6/multiseed_endpoint_cache_invitro/C02/endpoint_C02_VT_E007.rds	283826	2026-08-29T17:34:18-0400	39fa7ea7d0900154ab6e5c34aa5766a81aaf72260f4bedb01f5bbcd5ee5dcd82	clean
revised/iteration4/data/Figures/Figure6/multiseed_endpoint_cache_invitro/C02/endpoint_C02_VT_E008.rds	283755	2026-08-29T17:34:17-0400	82d7453b8724ef5ecae949064cdff93a8cdab2ae563a9a7285534b6e1ea9552c	clean
revised/iteration4/data/Figures/Figure6/multiseed_endpoint_cache_invitro/C02/endpoint_C02_VT_E009.rds	283684	2026-08-29T17:34:19-0400	1aaccfe1ab15da86314d7178e1632578f95873eb140c66dc1db916c0da74563f	clean
revised/iteration4/data/Figures/Figure6/multiseed_endpoint_cache_invitro/C02/endpoint_C02_VT_E010.rds	283834	2026-08-29T17:34:19-0400	60208d3221330c88bed921833e356b4e722364bba00362813f193f9e737b710c	clean
revised/iteration4/data/Figures/Figure6/multiseed_endpoint_cache_invitro/C02/endpoint_C02_VT_E011.rds	283814	2026-08-29T17:34:20-0400	22ae4acc72783c1ec4dcdd2964513bb32028a6aefb95d3c9452ff4e2ab017711	clean
revised/iteration4/data/Figures/Figure6/multiseed_endpoint_cache_invitro/C02/endpoint_C02_VT_E012.rds	283867	2026-08-29T17:34:20-0400	8abb8476264695b60442f96ca668dbee2c7efb4d442117352a94d7cb90e2ea16	clean
revised/iteration4/data/Figures/Figure6/multiseed_endpoint_cache_invitro/C02/endpoint_C02_VT_E013.rds	283720	2026-08-29T17:34:20-0400	18502d5764320b574cb382e6953a185c4d335ccd3e0130d428929b21587f5fa5	clean
revised/iteration4/data/Figures/Figure6/multiseed_endpoint_cache_invitro/C02/endpoint_C02_VT_E014.rds	283738	2026-08-29T17:34:20-0400	44bfb66d8f9cb141c72d41137284d2182a29761ef14e757afdc7d70eec170a4d	clean
revised/iteration4/data/Figures/Figure6/multiseed_endpoint_cache_invitro/C02/endpoint_C02_VT_E015.rds	283735	2026-08-29T17:34:21-0400	8b4424547b1f757a1af9a0c2f570a49bf08dad2a536e61235159ddf64bae38ba	clean
revised/iteration4/data/Figures/Figure6/multiseed_endpoint_cache_invitro/C02/endpoint_C02_VT_E016.rds	283683	2026-08-29T17:34:22-0400	b24cce3c5a2caa1611948b4ed832057b2dfb7c825c6d11db27feecfbfbda179c	clean
revised/iteration4/data/Figures/Figure6/multiseed_seed_cache/.DS_Store	6148	2026-08-30T12:21:12-0400	861b749ad5279af13673cdeaf33d0f31c2af10d1c45669dff5e36d7be667b7d4	clean
revised/iteration4/data/Figures/Figure6/multiseed_seed_cache/C01/seed101.rds	27515	2026-08-29T16:42:49-0400	6785678a9c1af330655628ee3dbff0c92e44905dc31270a5ebd1d1f1a21b3c00	clean
revised/iteration4/data/Figures/Figure6/multiseed_seed_cache/C01/seed103.rds	284912	2026-08-29T16:43:16-0400	351d9a9cd391c0cb316d425f215f1de0d18258d5e43362c5ffbd18f2a2b787c1	clean
revised/iteration4/data/Figures/Figure6/multiseed_seed_cache/C01/seed105.rds	284899	2026-08-29T16:43:14-0400	f203a573de4ba64577fee16edfbf31311897deecc13f00b803ec4972640f4227	clean
revised/iteration4/data/Figures/Figure6/multiseed_seed_cache/C01/seed110.rds	284939	2026-08-29T16:43:17-0400	6596de2378a9005bc2dc774844d0a423f95235ad9047a5e59d859675e788a064	clean
revised/iteration4/data/Figures/Figure6/multiseed_seed_cache/C01/seed12.rds	27491	2026-08-29T16:42:26-0400	ab72f2e24b3e70d8b3d2ee31d032a882432f5ae48181999fa7910156b0ef6225	clean
revised/iteration4/data/Figures/Figure6/multiseed_seed_cache/C01/seed120.rds	284862	2026-08-29T16:43:15-0400	f0d5cbea617921ea5cdc2dfe97992f25cca24e6326dae78631eb2b32204d6aea	clean
revised/iteration4/data/Figures/Figure6/multiseed_seed_cache/C01/seed148.rds	27477	2026-08-29T16:41:13-0400	75a8baf8f86ca0071485f14b2d200b644a0d0fb802251df7ed8ff5753b457e0b	clean
revised/iteration4/data/Figures/Figure6/multiseed_seed_cache/C01/seed155.rds	284814	2026-08-29T16:43:16-0400	ddfe9901d611c3bcb4c198b8fb0e17fd18bfa873dfd123f4e8519aae4e41a651	clean
revised/iteration4/data/Figures/Figure6/multiseed_seed_cache/C01/seed158.rds	27532	2026-08-29T16:42:14-0400	5d04154c53f151875b28654092a9169d9b94ef752cae67ee2e7974b24580698d	clean
revised/iteration4/data/Figures/Figure6/multiseed_seed_cache/C01/seed159.rds	284866	2026-08-29T16:43:15-0400	7f695b6f927b557137a65e2b27887e3a1c795314629c2726ab575836efe33c27	clean
revised/iteration4/data/Figures/Figure6/multiseed_seed_cache/C01/seed162.rds	284950	2026-08-29T16:43:15-0400	6bcf6e1fbe6baa64fc7ca2d9fa70dd5092ee38b9ea23d8c3d4688c7bef09f8cd	clean
revised/iteration4/data/Figures/Figure6/multiseed_seed_cache/C01/seed183.rds	284905	2026-08-29T16:43:14-0400	6f0ddf668bc725679ec0b2c9aa4cf0c8a2d0ef227703394e050a145984cff8d3	clean
revised/iteration4/data/Figures/Figure6/multiseed_seed_cache/C01/seed191.rds	27509	2026-08-29T16:41:51-0400	c3f01ce35e7d77ddf50157ac44079bf88da49214796e5ccd83d2fb98531ea147	clean
revised/iteration4/data/Figures/Figure6/multiseed_seed_cache/C01/seed195.rds	284914	2026-08-29T16:43:16-0400	21c24efccb59e5a5e8d3964585fe8ac3e8f2dac0821eefd547c03b83ae0cf775	clean
revised/iteration4/data/Figures/Figure6/multiseed_seed_cache/C01/seed198.rds	27450	2026-08-29T16:42:37-0400	5559371384003eaa159560bde9132b38e1806ee2a3b50bc6f115cf1c1d553cb8	clean
revised/iteration4/data/Figures/Figure6/multiseed_seed_cache/C01/seed210.rds	284950	2026-08-29T16:43:14-0400	e49e8fd5bfc133f90fa7fd4c5ea1ddd0b9808eda13303186375d88efbc68c2b8	clean
revised/iteration4/data/Figures/Figure6/multiseed_seed_cache/C01/seed213.rds	284864	2026-08-29T16:43:12-0400	88e813288d3cae1f34ef664798e10f4a96af7af87d6083301cc9015fbf86ecd0	clean
revised/iteration4/data/Figures/Figure6/multiseed_seed_cache/C01/seed215.rds	284925	2026-08-29T16:43:15-0400	a5667446cc6922d8d46fc1a54be04fb18a6ca3c8fd04bd7d19ad5e7d4901d878	clean
revised/iteration4/data/Figures/Figure6/multiseed_seed_cache/C01/seed216.rds	27533	2026-08-29T16:41:53-0400	0d1c1d3a6d9b6549881bf4b8f95a9f76e3b281ed6fd6cc1fa6628ac4c9b049c7	clean
revised/iteration4/data/Figures/Figure6/multiseed_seed_cache/C01/seed221.rds	27517	2026-08-29T16:41:28-0400	fffaafa9c020e886e6a1af8fe7d9b25220b1c91be44d4ac72058c997c7a5672e	clean
revised/iteration4/data/Figures/Figure6/multiseed_seed_cache/C01/seed229.rds	27526	2026-08-29T16:41:12-0400	7090d46e354f54e76de5aba7390d3156b47afae5df0fe96edf318f9719c2957e	clean
revised/iteration4/data/Figures/Figure6/multiseed_seed_cache/C01/seed232.rds	284911	2026-08-29T16:43:17-0400	44f93fa88e9731b34ebe3ff93586b537edbffe76ba48401743b5662cf58121f0	clean
revised/iteration4/data/Figures/Figure6/multiseed_seed_cache/C01/seed234.rds	284851	2026-08-29T16:43:19-0400	41f7b979aa481f7db34179d1e851c71c45e8c12456beed6c763a32ae1345324b	clean
revised/iteration4/data/Figures/Figure6/multiseed_seed_cache/C01/seed237.rds	284987	2026-08-29T16:43:19-0400	39e56fcb085f19451e06e687731685994dc9cfe18bf2d263d93c0c211ebdc164	clean
revised/iteration4/data/Figures/Figure6/multiseed_seed_cache/C01/seed24.rds	27497	2026-08-29T16:42:04-0400	2ae8c96aa6a256694cb0a80b792c129d01adadb8b224ec553a94fa3492efc763	clean
revised/iteration4/data/Figures/Figure6/multiseed_seed_cache/C01/seed243.rds	284928	2026-08-29T16:43:13-0400	a24d6fe1a1dca0b26816ca8078432197025ba2fa5718c8b784072e8432025a4f	clean
revised/iteration4/data/Figures/Figure6/multiseed_seed_cache/C01/seed244.rds	284979	2026-08-29T16:43:16-0400	e0bac95aa090f4c8b95ecd5fd587972584e88c35c9abe8c6dd65046eacdf407c	clean
revised/iteration4/data/Figures/Figure6/multiseed_seed_cache/C01/seed247.rds	284995	2026-08-29T16:43:14-0400	d201ec2831278a55a1b91cb3b5686de8cb483c458963361e0526087670070620	clean
revised/iteration4/data/Figures/Figure6/multiseed_seed_cache/C01/seed249.rds	27510	2026-08-29T16:42:38-0400	4f074e8a9722119286e7dd6d9f7f88308e6b87874c577dc37eda70d1696f0516	clean
revised/iteration4/data/Figures/Figure6/multiseed_seed_cache/C01/seed264.rds	27527	2026-08-29T16:41:13-0400	b0a34b0dab578a57c7f8b424e2cef16f058e2a6058ff1a783060b50441c77aa6	clean
revised/iteration4/data/Figures/Figure6/multiseed_seed_cache/C01/seed265.rds	27539	2026-08-29T16:41:25-0400	8e95b15be37bd2cbe8a2a28bbd68cf134eafe059c7a9934ac329ef042e45f52f	clean
revised/iteration4/data/Figures/Figure6/multiseed_seed_cache/C01/seed266.rds	27516	2026-08-29T16:41:26-0400	88167401531b6f459c053ff1980f6eb9944df48c8916f24ca08440cbc4bd4457	clean
revised/iteration4/data/Figures/Figure6/multiseed_seed_cache/C01/seed273.rds	284903	2026-08-29T16:43:17-0400	facc91011c1268115baf1b4422a911475e843bcc455b6112b90c3e650985e611	clean
revised/iteration4/data/Figures/Figure6/multiseed_seed_cache/C01/seed277.rds	27447	2026-08-29T16:41:39-0400	5360d64e58a691b63823f3a5e3ba4c7ffb7adfdfea6738381dd5463cec11e7c5	clean
revised/iteration4/data/Figures/Figure6/multiseed_seed_cache/C01/seed28.rds	27519	2026-08-29T16:42:35-0400	d753bd33da41125a8e83f0ab41bc5c84a05eaae72bb82305de4edafa45df9d8d	clean
revised/iteration4/data/Figures/Figure6/multiseed_seed_cache/C01/seed292.rds	27516	2026-08-29T16:41:13-0400	888db8d49881303435f6eba8aee5d33f5fa8c4e63835bbf2d5f6ad606aa49ebd	clean
revised/iteration4/data/Figures/Figure6/multiseed_seed_cache/C01/seed295.rds	27452	2026-08-29T16:42:03-0400	d1a44c8e5ee5cf2398ab681177c17216ebd9e718e320a136d0a2c13a3f219f2e	clean
revised/iteration4/data/Figures/Figure6/multiseed_seed_cache/C01/seed299.rds	27433	2026-08-29T16:41:37-0400	051f48e2cef6380b5e3854ed2e55bdeeb507a901d4a5bb3acc00078518de224a	clean
revised/iteration4/data/Figures/Figure6/multiseed_seed_cache/C01/seed3.rds	285018	2026-08-29T16:43:19-0400	564afc5475acd590e1422ef098e74981aca272383abd54c772fae962f7878036	clean
revised/iteration4/data/Figures/Figure6/multiseed_seed_cache/C01/seed301.rds	27460	2026-08-29T16:42:23-0400	c8eef582ae782d2a9cd8f5b744a46b137930a3a2c80674feddb950c0ad9784ef	clean
revised/iteration4/data/Figures/Figure6/multiseed_seed_cache/C01/seed309.rds	284886	2026-08-29T16:43:18-0400	b510f57d6817f7a2086c376773b8929bd21197c5d6c5e5453994fc64dfcdc0c5	clean
revised/iteration4/data/Figures/Figure6/multiseed_seed_cache/C01/seed315.rds	284943	2026-08-29T16:43:20-0400	fce439282bf1fc810ee1dd8883aac1ad8c83fdbd2f8e8e186d0e56e25141c6ae	clean
revised/iteration4/data/Figures/Figure6/multiseed_seed_cache/C01/seed323.rds	284772	2026-08-29T16:43:18-0400	c56b78ab8212b45c4df8a1532cd4f61edaab596e4c0f66e884e96040e58e95e3	clean
revised/iteration4/data/Figures/Figure6/multiseed_seed_cache/C01/seed326.rds	284924	2026-08-29T16:43:15-0400	9d17533187ceba2726ef972ee20c48e6e713f88d7cdd0737de30d9a1166211d3	clean
revised/iteration4/data/Figures/Figure6/multiseed_seed_cache/C01/seed327.rds	284850	2026-08-29T16:43:13-0400	799300caf2efd2183a4d6445f3b0a96509b787cbbff281f0cc6c4d33d06aacf6	clean
revised/iteration4/data/Figures/Figure6/multiseed_seed_cache/C01/seed331.rds	284874	2026-08-29T16:43:17-0400	8f13512f5b74c049a70916b23571698a7d23fc1e63fda45ac423bca2a4466582	clean
revised/iteration4/data/Figures/Figure6/multiseed_seed_cache/C01/seed333.rds	27525	2026-08-29T16:41:13-0400	013793a97abac74c89100e516002b75ac8af19087b112e516270d26fc35b811a	clean
revised/iteration4/data/Figures/Figure6/multiseed_seed_cache/C01/seed336.rds	284943	2026-08-29T16:43:15-0400	3daa56304d4cafeb497aea3956f879be561a5ed0e46c74bc81c3310e259fcec4	clean
revised/iteration4/data/Figures/Figure6/multiseed_seed_cache/C01/seed339.rds	27520	2026-08-29T16:42:30-0400	c1e86a2c0d0e4f37d5f0e5be4175d2438c078daf1b50e0febf395ef41a730188	clean
revised/iteration4/data/Figures/Figure6/multiseed_seed_cache/C01/seed365.rds	27604	2026-08-29T16:42:18-0400	b6cadd3fa4c9006bffe4d5327d78795a71ef9d7fe637de72c4b34f2a4cccb37f	clean
revised/iteration4/data/Figures/Figure6/multiseed_seed_cache/C01/seed37.rds	284806	2026-08-29T16:43:18-0400	7bb286ba9d401938f91c7f217d4a57b49941b7408858130306b83a94e1cc9ac4	clean
revised/iteration4/data/Figures/Figure6/multiseed_seed_cache/C01/seed372.rds	27519	2026-08-29T16:41:59-0400	e9f2fa0f3583417880a3b73c1d3a27f513b609028df049f1b7b84c91d71522f3	clean
revised/iteration4/data/Figures/Figure6/multiseed_seed_cache/C01/seed373.rds	284919	2026-08-29T16:43:20-0400	be4075a43aa38740dcc0534e409e13691d6ce858fd4aac5d871e2c763452ddf4	clean
revised/iteration4/data/Figures/Figure6/multiseed_seed_cache/C01/seed374.rds	27474	2026-08-29T16:42:02-0400	3172eb59b9d4f3f314ef0b6e831a1d789e0d2f6af60299bca376df8461104180	clean
revised/iteration4/data/Figures/Figure6/multiseed_seed_cache/C01/seed383.rds	284869	2026-08-29T16:43:15-0400	82b71d9dcefaf8e207bf045056de58fac94d86004511cc467a220d99d2e4a337	clean
revised/iteration4/data/Figures/Figure6/multiseed_seed_cache/C01/seed385.rds	284959	2026-08-29T16:43:17-0400	e870c5409fe17d1041ee37294c3b5504d26f1b3a8f6c03768a16ce0d43987bfc	clean
revised/iteration4/data/Figures/Figure6/multiseed_seed_cache/C01/seed389.rds	27551	2026-08-29T16:42:14-0400	2bccd88f714e10bade241b1713d051fc93005a1c2fa0f13c160d6c9606bfd472	clean
revised/iteration4/data/Figures/Figure6/multiseed_seed_cache/C01/seed392.rds	27538	2026-08-29T16:41:29-0400	7eeafa18e88ab6121145d2c0ae80b511e8bd134edf73d1cb0c35c64f979fca68	clean
revised/iteration4/data/Figures/Figure6/multiseed_seed_cache/C01/seed395.rds	284929	2026-08-29T16:43:15-0400	9d430978dce7410aecca832f9982a4791d6e5dfc6e0ba9af772172969c6f4836	clean
revised/iteration4/data/Figures/Figure6/multiseed_seed_cache/C01/seed396.rds	27527	2026-08-29T16:41:40-0400	850762fb0f56601446ec612e9b3a2f0221d66f6d3699b949d39a9a48b9ef5c55	clean
revised/iteration4/data/Figures/Figure6/multiseed_seed_cache/C01/seed398.rds	284692	2026-08-29T16:43:15-0400	065508fcda29c6e6cfd1a2c02d31cfa610c2d603380a9c524b9626c6015d721f	clean
revised/iteration4/data/Figures/Figure6/multiseed_seed_cache/C01/seed4.rds	284957	2026-08-29T16:43:13-0400	b34ccdd041b00cc4cb40ee4d4d0aae474176c44edb93cbf774f18102a000e02b	clean
revised/iteration4/data/Figures/Figure6/multiseed_seed_cache/C01/seed402.rds	27520	2026-08-29T16:41:12-0400	85e0fec563d1cc7f6623661f04c670cc63ca0859e287fccbcb59039950b3c218	clean
revised/iteration4/data/Figures/Figure6/multiseed_seed_cache/C01/seed404.rds	284969	2026-08-29T16:43:13-0400	5792d1e04d15d65e217228845174426e0f612e1d7f3e6f49d71e4131340cd127	clean
revised/iteration4/data/Figures/Figure6/multiseed_seed_cache/C01/seed406.rds	284918	2026-08-29T16:43:16-0400	9f5663d3b578bc4d7b74f43d13e3ef8bc1fd335ba37ea3cbf8937efe65d69954	clean
revised/iteration4/data/Figures/Figure6/multiseed_seed_cache/C01/seed41.rds	27499	2026-08-29T16:41:36-0400	22fec3829890fa2744f41f856b31f18c973726fc9dade5a5a24b8ad0aa9579dc	clean
revised/iteration4/data/Figures/Figure6/multiseed_seed_cache/C01/seed411.rds	27493	2026-08-29T16:42:13-0400	80ca2569a5c5011363f4d060b9aca1c0f2adaba81296129a9d222e4ff989b037	clean
revised/iteration4/data/Figures/Figure6/multiseed_seed_cache/C01/seed416.rds	27468	2026-08-29T16:41:27-0400	a02b8db1397b43bf5c9cd78cd8164b5d816c54c04dedc86c9915d96dbaad2cce	clean
revised/iteration4/data/Figures/Figure6/multiseed_seed_cache/C01/seed418.rds	27528	2026-08-29T16:41:24-0400	61ffeb26f302d87725080942d7025fdc7bf88caec5d27423adafdc4e7fcf086d	clean
revised/iteration4/data/Figures/Figure6/multiseed_seed_cache/C01/seed421.rds	285052	2026-08-29T16:43:17-0400	3286f149ee5f6e5e33c38c72cb51d39707f2fd19803fdd60b8202c44426420f7	clean
revised/iteration4/data/Figures/Figure6/multiseed_seed_cache/C01/seed440.rds	27489	2026-08-29T16:41:52-0400	e5d7d5fd8670f3bf1ee4c14062d80184949ff8dca61b439f4273ac8a10ba0d24	clean
revised/iteration4/data/Figures/Figure6/multiseed_seed_cache/C01/seed444.rds	27511	2026-08-29T16:42:28-0400	0ff7f3ee17d05c66759ce9478b4a1e42a8aab3f8927bbb256eef44e1050b9b21	clean
revised/iteration4/data/Figures/Figure6/multiseed_seed_cache/C01/seed450.rds	27517	2026-08-29T16:42:40-0400	ee66a47feabeff72a2aa13ec2daca51254e70d61fee0608b5f01fd5a6b0f6ce6	clean
revised/iteration4/data/Figures/Figure6/multiseed_seed_cache/C01/seed454.rds	27471	2026-08-29T16:42:38-0400	b594fdf38749a84d41388d6920ed1bed00199597d3dc3df749d285cbc5c29315	clean
revised/iteration4/data/Figures/Figure6/multiseed_seed_cache/C01/seed457.rds	284934	2026-08-29T16:43:12-0400	6c8c475147666ede18f9500d1532838a6b76ea4fe87fdbcf13c0f4f4781132c9	clean
revised/iteration4/data/Figures/Figure6/multiseed_seed_cache/C01/seed469.rds	27440	2026-08-29T16:41:42-0400	699fb6881f7f7c4829e804e247fd255217396bb7ee579090753253aa6b69355a	clean
revised/iteration4/data/Figures/Figure6/multiseed_seed_cache/C01/seed47.rds	27532	2026-08-29T16:42:25-0400	7f53dc3d04cc4be10e75dd414d0749140067ee858d797b7109336865225047ea	clean
revised/iteration4/data/Figures/Figure6/multiseed_seed_cache/C01/seed470.rds	284989	2026-08-29T16:43:15-0400	6020a8180666bcb0788843c23cf7e833d40578e17bb2acd9fe92fd1b404e064f	clean
revised/iteration4/data/Figures/Figure6/multiseed_seed_cache/C01/seed475.rds	284831	2026-08-29T16:43:13-0400	78ab958143b9785ec9c3a2f9aa7cfb66b85512ab8fa392e016896978984efc5d	clean
revised/iteration4/data/Figures/Figure6/multiseed_seed_cache/C01/seed476.rds	27503	2026-08-29T16:42:01-0400	9276a5aa6da1029e9a33a0d0f9fbaabb420997ddcabe36eee513f0a02f133a7c	clean
revised/iteration4/data/Figures/Figure6/multiseed_seed_cache/C01/seed480.rds	27514	2026-08-29T16:42:06-0400	04aa81636a66a9e6840b080598da22e6509bf94744572d661b3557bce079d021	clean
revised/iteration4/data/Figures/Figure6/multiseed_seed_cache/C01/seed483.rds	27509	2026-08-29T16:41:49-0400	18180db98abb7707e066424674a10e3bf4304b2c4c78b4e77eb9715f7067ea90	clean
revised/iteration4/data/Figures/Figure6/multiseed_seed_cache/C01/seed49.rds	285004	2026-08-29T16:43:15-0400	d02f6208b6c2ba09c7a8faeba02118b67403ee188607b4827e70a909711a9f02	clean
revised/iteration4/data/Figures/Figure6/multiseed_seed_cache/C01/seed491.rds	27522	2026-08-29T16:41:50-0400	bf1e2725e0996f5b42db5e7f774ebd95d6061bd01263b0c7be2b7b728ece26f5	clean
revised/iteration4/data/Figures/Figure6/multiseed_seed_cache/C01/seed495.rds	284842	2026-08-29T16:43:13-0400	71c587d016d758dbc6a21ea93ca78b5098b8f1339d9e2106b316c861869027e5	clean
revised/iteration4/data/Figures/Figure6/multiseed_seed_cache/C01/seed496.rds	27510	2026-08-29T16:42:16-0400	857af49e2cc463fac10137ac80a6fbc8c80c7e4fbe47ff23adac1d3aed51f92b	clean
revised/iteration4/data/Figures/Figure6/multiseed_seed_cache/C01/seed498.rds	27536	2026-08-29T16:42:47-0400	097f171f912872452ca0692d5b3f404c2408a56892aaca0315bbe126b9d0dfb7	clean
revised/iteration4/data/Figures/Figure6/multiseed_seed_cache/C01/seed5.rds	284881	2026-08-29T16:43:13-0400	2fcc3ce7435e4d55983c325c107d807380168f04a9a4f67f847e0ecc431823b0	clean
revised/iteration4/data/Figures/Figure6/multiseed_seed_cache/C01/seed52.rds	27544	2026-08-29T16:42:26-0400	3a568f7ad94608d21bf4011dc4061db3bd5227b213cd24aa1e8bcb1ad832c520	clean
revised/iteration4/data/Figures/Figure6/multiseed_seed_cache/C01/seed55.rds	284912	2026-08-29T16:43:12-0400	3b1a1c48325b4d815a15b5ee3094d45bad97dbed8fa12d97da2e0c76a75da756	clean
revised/iteration4/data/Figures/Figure6/multiseed_seed_cache/C01/seed57.rds	27533	2026-08-29T16:42:11-0400	131a77e69eaa1114609763e74d3828b476e3146b70e644a3d4e4ede97de204b0	clean
revised/iteration4/data/Figures/Figure6/multiseed_seed_cache/C01/seed59.rds	27515	2026-08-29T16:41:38-0400	e0b9caa10fe94d88dbf19048b0d99caf7f0a29a7f6177bcd13a946d80c2b8e22	clean
revised/iteration4/data/Figures/Figure6/multiseed_seed_cache/C01/seed68.rds	27491	2026-08-29T16:41:48-0400	597a8f79c5aa3652935069f4d060f516861fbc8312b7f60148ff589b7aca4834	clean
revised/iteration4/data/Figures/Figure6/multiseed_seed_cache/C01/seed70.rds	27499	2026-08-29T16:42:43-0400	69e161202cdfd2c6918295bb0c99a065e544d605a4fa4854de8754e291eafca7	clean
revised/iteration4/data/Figures/Figure6/multiseed_seed_cache/C01/seed78.rds	284833	2026-08-29T16:43:12-0400	808a70adda8bb02ac193989b399282b1084321eede421b8b2e211822c863a459	clean
revised/iteration4/data/Figures/Figure6/multiseed_seed_cache/C01/seed88.rds	284862	2026-08-29T16:43:15-0400	3337c5ac192f6100b52ee104f7f1044de908910bdbbd7352ca870be0a9af5137	clean
revised/iteration4/data/Figures/Figure6/multiseed_seed_cache/C01/seed89.rds	284884	2026-08-29T16:43:16-0400	ac73e500282920d7e5d0a3035877561469e047ed048ba74fdc16a43fa153439f	clean
revised/iteration4/data/Figures/Figure6/multiseed_seed_cache/C01/seed94.rds	284886	2026-08-29T16:43:12-0400	ae4e574937d769a7347f2753bdd5360f108d837e900070e9e99b05e1cad78623	clean
revised/iteration4/data/Figures/Figure6/multiseed_seed_cache/C01/seed98.rds	284904	2026-08-29T16:43:15-0400	a58a603d1cfb036a4cb4136e7a3468c84176408132266590abbb9dee9765f011	clean
revised/iteration4/data/Figures/Figure6/multiseed_seed_cache/C01/seed99.rds	284912	2026-08-29T16:43:19-0400	1ebc9ddaaa445dc6cee08e93007cb320a081f7aa68891ed54017888211f55d12	clean
revised/iteration4/data/Figures/Figure6/multiseed_seed_cache/C02/seed106.rds	284896	2026-08-29T16:45:32-0400	ce6f1fa9a327a4c636c215c70be9bd0db7ff604f628b2c680100915648463c06	clean
revised/iteration4/data/Figures/Figure6/multiseed_seed_cache/C02/seed108.rds	27267	2026-08-29T16:44:12-0400	cf8eabba11f739f374869ffbe765699da46231b1989f831dc64c91da12ba850c	clean
revised/iteration4/data/Figures/Figure6/multiseed_seed_cache/C02/seed109.rds	284896	2026-08-29T16:45:34-0400	2618897df5974dc85c1ee6268656deefecd0673eb589635672e61d855219a6d1	clean
revised/iteration4/data/Figures/Figure6/multiseed_seed_cache/C02/seed111.rds	27265	2026-08-29T16:44:49-0400	fb10c35f4656f026a0e258713214db3dd744abdcf1c0e8aad0be1fa25c9097a9	clean
revised/iteration4/data/Figures/Figure6/multiseed_seed_cache/C02/seed114.rds	27268	2026-08-29T16:44:08-0400	108fc72f39825283338858a5061acec1775b03ca8fc4165e892009cba64065f8	clean
revised/iteration4/data/Figures/Figure6/multiseed_seed_cache/C02/seed121.rds	284898	2026-08-29T16:45:34-0400	e08f561f73ccb88e643517a422419ab3460f3d3f62ee2e5298198ac222619ef5	clean
revised/iteration4/data/Figures/Figure6/multiseed_seed_cache/C02/seed122.rds	27267	2026-08-29T16:44:47-0400	9e30921b43000bc484d9271c9f970a507cabce9f3c631f5c01ea7e576825484d	clean
revised/iteration4/data/Figures/Figure6/multiseed_seed_cache/C02/seed128.rds	27268	2026-08-29T16:43:32-0400	d7c615f007d6ee31a7b9a6b4b0a07ebbec5194877161c0596e496335a3f7164d	clean
revised/iteration4/data/Figures/Figure6/multiseed_seed_cache/C02/seed130.rds	284989	2026-08-29T16:45:36-0400	66b4c065ed9b960a6e93718279759e19f46ab5dd35ca81fde05000725e2c1edf	clean
revised/iteration4/data/Figures/Figure6/multiseed_seed_cache/C02/seed131.rds	285013	2026-08-29T16:45:40-0400	b936c672895171beabb27e8bc8cd82605f28c1d7c9db23c27f53a1bb994b5714	clean
revised/iteration4/data/Figures/Figure6/multiseed_seed_cache/C02/seed141.rds	284896	2026-08-29T16:45:34-0400	d41e8988fa0d56155589a3efc0fb4df52937ac43c9fb13db02faf4af2eafe27f	clean
revised/iteration4/data/Figures/Figure6/multiseed_seed_cache/C02/seed144.rds	27265	2026-08-29T16:45:01-0400	73a5a699b2e2e48ff9491fdf2d40cd8f1b65509f0f464909cbb19587bfa32032	clean
revised/iteration4/data/Figures/Figure6/multiseed_seed_cache/C02/seed146.rds	27267	2026-08-29T16:44:12-0400	20af6d64a6d270010c9e19dc34b58c85861b761ef09d0b40501d763327a76b41	clean
revised/iteration4/data/Figures/Figure6/multiseed_seed_cache/C02/seed154.rds	27267	2026-08-29T16:44:22-0400	340594d8f93212445ba4310518aa173fb501ce55a68d8246201d9727c5433388	clean
revised/iteration4/data/Figures/Figure6/multiseed_seed_cache/C02/seed155.rds	27268	2026-08-29T16:44:59-0400	dbede0e25989e0493dc2b4a593fef2c45f6256e981ef1e50557da809e01a193e	clean
revised/iteration4/data/Figures/Figure6/multiseed_seed_cache/C02/seed166.rds	27269	2026-08-29T16:43:59-0400	c85d57e3e95322cf98407926693512781d24dbd5e1320959cdbf7abc0d4c0a82	clean
revised/iteration4/data/Figures/Figure6/multiseed_seed_cache/C02/seed167.rds	27268	2026-08-29T16:44:11-0400	e654a2ade620a58fd80f72a957bc38bde99efd8be6ba4da9070de81929ed44d3	clean
revised/iteration4/data/Figures/Figure6/multiseed_seed_cache/C02/seed168.rds	284896	2026-08-29T16:45:03-0400	bdcea8e6055a5cde3324f3d36e868910fcbc42b301d0aa6517e24e330fc121db	clean
revised/iteration4/data/Figures/Figure6/multiseed_seed_cache/C02/seed176.rds	284915	2026-08-29T16:45:35-0400	dadd4d7d0c3cf927b1c1dba2d351a6aab25211251d97dfe0222f6e4830cc7817	clean
revised/iteration4/data/Figures/Figure6/multiseed_seed_cache/C02/seed180.rds	27267	2026-08-29T16:44:20-0400	1ac46c791d0b87b382afbff815607191c52a39bd0efe92b1fb0d346052f05b47	clean
revised/iteration4/data/Figures/Figure6/multiseed_seed_cache/C02/seed184.rds	285055	2026-08-29T16:45:36-0400	cdbe80f77c65f6a908d8a58228a286c33715d4cc95e8b4a9c5637a909c6ff3d4	clean
revised/iteration4/data/Figures/Figure6/multiseed_seed_cache/C02/seed19.rds	285023	2026-08-29T16:45:36-0400	58506b9d087de17fbc42084661a5ef1f8666c757bd92823f4e34cdba0ead2d85	clean
revised/iteration4/data/Figures/Figure6/multiseed_seed_cache/C02/seed203.rds	284896	2026-08-29T16:44:59-0400	42eb82430e80e9d07b11cb8f732bcc026a549d192371dee38d948b8c46ec8052	clean
revised/iteration4/data/Figures/Figure6/multiseed_seed_cache/C02/seed206.rds	27269	2026-08-29T16:43:32-0400	7469521e18d260083b0d0ef653958f730eabf2b4c6be6c32ceedb59b9441ca5a	clean
revised/iteration4/data/Figures/Figure6/multiseed_seed_cache/C02/seed210.rds	27266	2026-08-29T16:44:58-0400	411549d08741baac3a07024838cecee525eae637cdcb547c09933ad1febe6cbe	clean
revised/iteration4/data/Figures/Figure6/multiseed_seed_cache/C02/seed213.rds	27268	2026-08-29T16:44:25-0400	65f4a7ee78557c1c8654fded1bfaf3d49405c0a9b97f521369e9c8cf64dbec29	clean
revised/iteration4/data/Figures/Figure6/multiseed_seed_cache/C02/seed22.rds	284896	2026-08-29T16:45:38-0400	c915076de9381670652db5d4dfabc9e10aabbd8f484cd0f1f878ca8d2a47d532	clean
revised/iteration4/data/Figures/Figure6/multiseed_seed_cache/C02/seed221.rds	284896	2026-08-29T16:45:38-0400	34759262662e5566661adb91441352282c164d56ed03fea27f07dfdf55b7c169	clean
revised/iteration4/data/Figures/Figure6/multiseed_seed_cache/C02/seed227.rds	284899	2026-08-29T16:45:06-0400	438fdf5b4905f37ad534a8e5621bbbd683cdf80661aa71c9b26cc80d08aef53f	clean
revised/iteration4/data/Figures/Figure6/multiseed_seed_cache/C02/seed228.rds	284895	2026-08-29T16:45:37-0400	58a0b6480b404635027c5a4768fe03f32e0b172892b0690797f09dd1615abecc	clean
revised/iteration4/data/Figures/Figure6/multiseed_seed_cache/C02/seed232.rds	284896	2026-08-29T16:45:39-0400	ac6c5a461256c13659b4ae7b1b6533a801c54593058dd1892f9e3a2fcee2d81d	clean
revised/iteration4/data/Figures/Figure6/multiseed_seed_cache/C02/seed238.rds	27270	2026-08-29T16:44:34-0400	d1efd216cbe8be8dcd4aa73301bd61c85dacd7a23a6c623cfd8cbe3c4a750517	clean
revised/iteration4/data/Figures/Figure6/multiseed_seed_cache/C02/seed241.rds	27268	2026-08-29T16:43:46-0400	4205262ba666cc7254f79d941dad691cf24d80aa657b5d232ab36fb2f33f2bfc	clean
revised/iteration4/data/Figures/Figure6/multiseed_seed_cache/C02/seed249.rds	27268	2026-08-29T16:44:25-0400	6428ce3bea04cc5fa6bd5fb08395a527ea9e2c1684c559f77eedf78f0d3aa774	clean
revised/iteration4/data/Figures/Figure6/multiseed_seed_cache/C02/seed256.rds	284898	2026-08-29T16:45:35-0400	1b40ad1cd639d840a744e9ab5c2d5cfc75c6e21e1b0c4603728fab8cf96b2411	clean
revised/iteration4/data/Figures/Figure6/multiseed_seed_cache/C02/seed257.rds	27267	2026-08-29T16:44:33-0400	82e59c308fc59c9378217aaf99866dc5594512845292c3e313f108618f6bed52	clean
revised/iteration4/data/Figures/Figure6/multiseed_seed_cache/C02/seed262.rds	284899	2026-08-29T16:45:32-0400	177144a44565d5a063caffdc67767bac22fd351d8abe40475adfdbcf13be39f6	clean
revised/iteration4/data/Figures/Figure6/multiseed_seed_cache/C02/seed268.rds	285113	2026-08-29T16:45:36-0400	d9e71a4dc20bb544c2b05798662cda7bb6fcc73a9a6a45bd4c55d3e3d75aaeaf	clean
revised/iteration4/data/Figures/Figure6/multiseed_seed_cache/C02/seed274.rds	284947	2026-08-29T16:45:36-0400	763879bd6604e74f234c5dc85a3e74d3a682a4d0368fabe5b793d417ced8c9df	clean
revised/iteration4/data/Figures/Figure6/multiseed_seed_cache/C02/seed275.rds	284901	2026-08-29T16:45:31-0400	4e68f0c4cb150fb84a2fc170003f16632bbed4f96d73b50a2e1611c891174d25	clean
revised/iteration4/data/Figures/Figure6/multiseed_seed_cache/C02/seed285.rds	285051	2026-08-29T16:45:36-0400	1e69d0ffd0a5c527ac886e71ec1ef782e890e48b197776109a1e62449d6ac4d7	clean
revised/iteration4/data/Figures/Figure6/multiseed_seed_cache/C02/seed287.rds	284899	2026-08-29T16:45:35-0400	a64f9fc73e977e6b4c323c43ee9e2951feebb8c64b697f735a8fc5d81990eb47	clean
revised/iteration4/data/Figures/Figure6/multiseed_seed_cache/C02/seed288.rds	27268	2026-08-29T16:44:45-0400	ec9dab1683a58d9281c9f1bd2e5a77fa567015b42dca412b1ee716b72520f54d	clean
revised/iteration4/data/Figures/Figure6/multiseed_seed_cache/C02/seed294.rds	27268	2026-08-29T16:44:46-0400	796d3d0af99d3e013f49058fb407d4faf02e2ffdfbd4f5633ad047e5cf353f83	clean
revised/iteration4/data/Figures/Figure6/multiseed_seed_cache/C02/seed295.rds	284900	2026-08-29T16:45:32-0400	15b582b64b74c05aafdaf91fb65500f30f928d14d068ddab04054ba6b265d43e	clean
revised/iteration4/data/Figures/Figure6/multiseed_seed_cache/C02/seed299.rds	284899	2026-08-29T16:45:33-0400	421330f3cd78c09ebb2930774ccc522f632260589d8efa7514756877484749cb	clean
revised/iteration4/data/Figures/Figure6/multiseed_seed_cache/C02/seed30.rds	284967	2026-08-29T16:45:36-0400	1320feccd6547491680d9ae8c7a098cecec96814497382af27c7b66daad5bf85	clean
revised/iteration4/data/Figures/Figure6/multiseed_seed_cache/C02/seed305.rds	284898	2026-08-29T16:45:34-0400	8bfe967e0e1b412c1102362990230cbbceacb1126634ea214a29404e21783fe1	clean
revised/iteration4/data/Figures/Figure6/multiseed_seed_cache/C02/seed316.rds	27269	2026-08-29T16:43:47-0400	432cd455876d6fe225254f5b81a7d0211114371df2237d2684f989ad3053be0a	clean
revised/iteration4/data/Figures/Figure6/multiseed_seed_cache/C02/seed326.rds	284899	2026-08-29T16:45:33-0400	5311827e3871baeb363c02e762f24c5462512e2fb1454ca0fcc983d149a49e9f	clean
revised/iteration4/data/Figures/Figure6/multiseed_seed_cache/C02/seed336.rds	27275	2026-08-29T16:43:56-0400	937b8d0599bdc5c01d295655a0cbc03d3f4bd2081280c08fdcb8c0d1b23ce490	clean
revised/iteration4/data/Figures/Figure6/multiseed_seed_cache/C02/seed342.rds	284899	2026-08-29T16:45:32-0400	31e5e562453e7bb659b692854e9b0532b5dec8f0cbb3ac7f372b3c8f6e6f537f	clean
revised/iteration4/data/Figures/Figure6/multiseed_seed_cache/C02/seed344.rds	27268	2026-08-29T16:43:47-0400	17c98f37bd7205d252b71181a3b9ebf597b86245adbc23dc32fa7232fe1367a6	clean
revised/iteration4/data/Figures/Figure6/multiseed_seed_cache/C02/seed351.rds	27267	2026-08-29T16:43:32-0400	a77922e7071799df199bb39c40adcf07a2eea6f0be4a4363732ae09ad503eeb9	clean
revised/iteration4/data/Figures/Figure6/multiseed_seed_cache/C02/seed361.rds	27267	2026-08-29T16:44:38-0400	43fd89c26d26b6b1cd41df9d8f12c3ce1175823b635c0f625ce297350e24947f	clean
revised/iteration4/data/Figures/Figure6/multiseed_seed_cache/C02/seed365.rds	27266	2026-08-29T16:44:33-0400	2df7430b208d3d236fe4936692073339f6ffb9d940987b4571c34fcd57ffa09b	clean
revised/iteration4/data/Figures/Figure6/multiseed_seed_cache/C02/seed368.rds	27267	2026-08-29T16:44:09-0400	a727772f3e34d6ccc657fabb8e993e3c2754bb9bd25e1212ae0714051b518ea0	clean
revised/iteration4/data/Figures/Figure6/multiseed_seed_cache/C02/seed370.rds	27268	2026-08-29T16:44:00-0400	1f474090dd38579db28ef035dcd37bbf1a93436fbc50c36e6f0f8f6f1e26103a	clean
revised/iteration4/data/Figures/Figure6/multiseed_seed_cache/C02/seed38.rds	27265	2026-08-29T16:44:58-0400	6a0aeed4949b8bdf800b965deb9c9a1b99263a6321d191ec5e37a81c140ca271	clean
revised/iteration4/data/Figures/Figure6/multiseed_seed_cache/C02/seed382.rds	27268	2026-08-29T16:43:45-0400	59bdd82262d6879c69772b2e47a457180275e05d9ffc00e68a1269df8923495d	clean
revised/iteration4/data/Figures/Figure6/multiseed_seed_cache/C02/seed383.rds	27269	2026-08-29T16:43:57-0400	b9ff9bb5fc9c0a733dfbb2950aa4ad5c01f2c93af5970a1674f5472638408820	clean
revised/iteration4/data/Figures/Figure6/multiseed_seed_cache/C02/seed399.rds	27268	2026-08-29T16:44:35-0400	8cbc85600c244ff285bf66111be0597b2a430a8b5255598d3f7a8dce13d0297b	clean
revised/iteration4/data/Figures/Figure6/multiseed_seed_cache/C02/seed4.rds	284891	2026-08-29T16:45:33-0400	453cd2b314706daa0a049ca4b52802d89438edd6fb7c75872e40431573800e55	clean
revised/iteration4/data/Figures/Figure6/multiseed_seed_cache/C02/seed400.rds	284899	2026-08-29T16:45:33-0400	c4bbd449f965b5d3f3e066889f95feb041fa06611995d0a77f3444d13cd01756	clean
revised/iteration4/data/Figures/Figure6/multiseed_seed_cache/C02/seed404.rds	284899	2026-08-29T16:44:59-0400	73bd920bea8907cba213b4808382b9a56676b6cd05e8bfd0b66747aca043d4ef	clean
revised/iteration4/data/Figures/Figure6/multiseed_seed_cache/C02/seed405.rds	27266	2026-08-29T16:43:56-0400	20d39437c91af935745b6e4fd7554fd64ba31f51ae2faed3fa5b82837c26a592	clean
revised/iteration4/data/Figures/Figure6/multiseed_seed_cache/C02/seed413.rds	27267	2026-08-29T16:44:46-0400	81d1cdb3f9978314121ee2477816adfdded62a930d4cde90a2cfc6858f9945b1	clean
revised/iteration4/data/Figures/Figure6/multiseed_seed_cache/C02/seed417.rds	27267	2026-08-29T16:45:02-0400	ccb6330c54cd06efd982c979e05f1372714a0d3a92490eaf02a70ba458f22c07	clean
revised/iteration4/data/Figures/Figure6/multiseed_seed_cache/C02/seed419.rds	27270	2026-08-29T16:43:44-0400	cf01f4068b59366b23796a35ce86c2f844b0e378aaad124600e01bdee2ec0bdc	clean
revised/iteration4/data/Figures/Figure6/multiseed_seed_cache/C02/seed422.rds	284966	2026-08-29T16:45:35-0400	6d0346db828cc25c71423e62d03e058a7819f5050d6867ad653530dc359a18a1	clean
revised/iteration4/data/Figures/Figure6/multiseed_seed_cache/C02/seed428.rds	285001	2026-08-29T16:45:36-0400	d81396249757f829be99f8d87b67b0806982698b5f87321e515caa0bfcb7dec4	clean
revised/iteration4/data/Figures/Figure6/multiseed_seed_cache/C02/seed429.rds	27267	2026-08-29T16:45:00-0400	865069d81d2a3104baa45089811e3a819a5cc8089c55165fc1d6ad0e371a51a8	clean
revised/iteration4/data/Figures/Figure6/multiseed_seed_cache/C02/seed436.rds	284898	2026-08-29T16:45:37-0400	c8750a3156a0809f0d7b8d319921038b84318b23049fe776c0d63f7c80eefb2e	clean
revised/iteration4/data/Figures/Figure6/multiseed_seed_cache/C02/seed439.rds	27268	2026-08-29T16:44:23-0400	5e3686fcf7de597b58f90af283dcee591eb230316a02aff7b471b8caa7d8ef94	clean
revised/iteration4/data/Figures/Figure6/multiseed_seed_cache/C02/seed440.rds	284898	2026-08-29T16:45:37-0400	e7782b35200f33514817250ece8485fdcac4f218f4a02a6a9677df841ac89d7a	clean
revised/iteration4/data/Figures/Figure6/multiseed_seed_cache/C02/seed441.rds	27268	2026-08-29T16:43:31-0400	fe73220f9dbaad81fdbc82551983d1a7ddaeadd0ab22adf4cc084b4b7f367e95	clean
revised/iteration4/data/Figures/Figure6/multiseed_seed_cache/C02/seed451.rds	284901	2026-08-29T16:45:33-0400	37d8a9bc10dedc60e06c156fd1f96abae02908176ebfa4e9daa56858b3a16939	clean
revised/iteration4/data/Figures/Figure6/multiseed_seed_cache/C02/seed453.rds	285124	2026-08-29T16:45:35-0400	922758ce4ee61a5794c78724fc8b31800121123926cec06bf11f4e4b1ff22d91	clean
revised/iteration4/data/Figures/Figure6/multiseed_seed_cache/C02/seed455.rds	284899	2026-08-29T16:45:37-0400	c4c910e3dfeaa0bb6faa79fc0becd9e64136c238156ddb89303969adf92c8ff9	clean
revised/iteration4/data/Figures/Figure6/multiseed_seed_cache/C02/seed459.rds	284899	2026-08-29T16:45:35-0400	1903e0c3f238c80153a876856c19b825b07e5f54589d554ba07e7bdf0241723f	clean
revised/iteration4/data/Figures/Figure6/multiseed_seed_cache/C02/seed467.rds	284901	2026-08-29T16:45:08-0400	d122b5bc17576c1343716b9e76589ead2f6b0cb2f939dd2161f9d9e13f349c82	clean
revised/iteration4/data/Figures/Figure6/multiseed_seed_cache/C02/seed468.rds	27268	2026-08-29T16:43:59-0400	bfb597ac19816dc0ad3b33467f56ec1428d036a9e112dc3defaa7c0f7e3251b4	clean
revised/iteration4/data/Figures/Figure6/multiseed_seed_cache/C02/seed47.rds	27266	2026-08-29T16:43:31-0400	877ed68a940bdc973e8b2e2f755c0631f7c7835569acc951043da4a6d0f999a4	clean
revised/iteration4/data/Figures/Figure6/multiseed_seed_cache/C02/seed471.rds	27267	2026-08-29T16:43:44-0400	dd89746a32650b3b8b723c8b978cf96f967e422aad46d1ebb2920be7ff170080	clean
revised/iteration4/data/Figures/Figure6/multiseed_seed_cache/C02/seed480.rds	284999	2026-08-29T16:45:34-0400	878f371010ce02f0356d058783dedeacb0c93cf233c314b1e069081de5f2d40c	clean
revised/iteration4/data/Figures/Figure6/multiseed_seed_cache/C02/seed481.rds	284898	2026-08-29T16:45:30-0400	fdf2bed6cd415d88158dbff2731154e7adfd051c4b41d17008ac936d909e8f86	clean
revised/iteration4/data/Figures/Figure6/multiseed_seed_cache/C02/seed484.rds	284899	2026-08-29T16:45:32-0400	aed526b7ee16478ff6423aea50486a3b224d66531f03090204d6a1d35dc56149	clean
revised/iteration4/data/Figures/Figure6/multiseed_seed_cache/C02/seed490.rds	27268	2026-08-29T16:45:10-0400	6fe58a228ac5d3848b2b2a8e7b722c98ab33dce41906004d44e219428818967e	clean
revised/iteration4/data/Figures/Figure6/multiseed_seed_cache/C02/seed5.rds	27265	2026-08-29T16:43:32-0400	09b641e9261efb39e177d20cc74ab693e9ec56d102448e53e8b3456b15431830	clean
revised/iteration4/data/Figures/Figure6/multiseed_seed_cache/C02/seed57.rds	27267	2026-08-29T16:44:21-0400	086539e5d211ac209d5adff596d8c0def500a850f21386d7dea315a98daaf5af	clean
revised/iteration4/data/Figures/Figure6/multiseed_seed_cache/C02/seed6.rds	27266	2026-08-29T16:45:11-0400	ee5296621349b4d2a7de090f25adb3cc16465393c94361fad7a55cf269768221	clean
revised/iteration4/data/Figures/Figure6/multiseed_seed_cache/C02/seed67.rds	27269	2026-08-29T16:44:08-0400	119684322a6bceee1163d4c34afe6d2cee7a6a690d7631686c0d4f05d37d850c	clean
revised/iteration4/data/Figures/Figure6/multiseed_seed_cache/C02/seed7.rds	284891	2026-08-29T16:45:34-0400	0417d1442ee7aaca75445563af0201f25532f25cb2b3d5d170bdb1ac47057ead	clean
revised/iteration4/data/Figures/Figure6/multiseed_seed_cache/C02/seed79.rds	27268	2026-08-29T16:44:37-0400	635c882b3d69ea90448516621d4e2754a8883b156d72c750355cd2bbf77647aa	clean
revised/iteration4/data/Figures/Figure6/multiseed_seed_cache/C02/seed80.rds	284895	2026-08-29T16:44:58-0400	1aa227282c87fb0ac6a2acea4af2289e11166d4c5080aea80f554f5413f7a27e	clean
revised/iteration4/data/Figures/Figure6/multiseed_seed_cache/C02/seed82.rds	285063	2026-08-29T16:45:36-0400	9c6a1ea43f05b6acd74f148d531d9b546a4de18783aecc1dab38e693d21d4cb3	clean
revised/iteration4/data/Figures/Figure6/multiseed_seed_cache/C02/seed88.rds	285090	2026-08-29T16:45:38-0400	c7ec5041265336dfda0f7f0e0ab92a4787e05a0fb70ac7bfc86441e6bfff47f2	clean
revised/iteration4/data/Figures/Figure6/multiseed_seed_cache/C02/seed92.rds	27265	2026-08-29T16:44:50-0400	eb1c3b81144532117595a4ffc688024b1b765231090ff4f019efc6eda58e1712	clean
revised/iteration4/data/Figures/Figure6/multiseed_seed_cache/C02/seed95.rds	284894	2026-08-29T16:45:33-0400	e484df5fbc835f9927a3d8cf78affd823e59c85e2737816273abdefbd3b5eff5	clean
revised/iteration4/data/Figures/Figure6/multiseed_seed_cache/C02/seed97.rds	284894	2026-08-29T16:45:33-0400	d25e8aa4b8febf7ecf64adcdcdb7fd3e1762873eff9e0bf3413a5e6bdc2408ae	clean
revised/iteration4/data/Figures/Figure6/panels/figure6a_invivo_invitro_response_surfaces.pdf	275590	2026-09-01T15:51:32-0400	3526626b2bb3a0eb45e7024aa26ff4c334f5f616f47fb1e8a1d4949e38178b8c	clean
revised/iteration4/data/Figures/Figure6/panels/figure6a_invivo_invitro_response_surfaces.png	413746	2026-09-01T15:51:32-0400	9ac91fba047a1403d7e6318d6547cd9784cfd607e168b9a6c4aef382444aec91	clean
revised/iteration4/data/Figures/Figure6/panels/figure6b_invivo_invitro_inverse_response.pdf	847191	2026-09-01T15:51:35-0400	02feda3c4a924bb01e51723f3a97ff5feed5daa850310e28a05df906a7f4bad8	clean
revised/iteration4/data/Figures/Figure6/panels/figure6b_invivo_invitro_inverse_response.png	465835	2026-09-01T15:51:33-0400	2c9fb1fbd98f7a8f25b6bd84a233c25765990e941423dc188d9e84bb0d631a58	clean
revised/iteration4/data/Figures/Figure6/panels/supp_fig6-1a_invivo_response_classes_8x1.pdf	310972	2026-08-29T18:35:57-0400	886c371a4ce16f92a661aee43b3c458fe9955ef88e17978f3699fd1a164d93e1	clean
revised/iteration4/data/Figures/Figure6/panels/supp_fig6-1a_invivo_response_classes_8x1.png	709101	2026-08-29T18:35:56-0400	05d0edff055b74ca4ce2d9e5e757737191bf470b78c3d99f97be74366f613b47	clean
revised/iteration4/data/Figures/Figure6/panels/supp_fig6-1b_invitro_response_classes_8x1.pdf	175939	2026-08-29T18:35:58-0400	d79866d4f9b272b17f4faf01013785ad6cd568958c96bdaea0da99b3950134b3	clean
revised/iteration4/data/Figures/Figure6/panels/supp_fig6-1b_invitro_response_classes_8x1.png	507316	2026-08-29T18:35:58-0400	44577052b48c5109c857d0a8d43edf8f6ca0ef1ed0eb72ffe0288d25066de9e4	clean
revised/iteration4/data/Figures/Figure6/panels/supp_fig6-1c_parameter_space_contexts.pdf	49303	2026-08-29T18:36:01-0400	1e8694980db994d0c01250a1e2ca6664bc66d74b6d109ea59c149ba06403337f	clean
revised/iteration4/data/Figures/Figure6/panels/supp_fig6-1c_parameter_space_contexts.png	151282	2026-08-29T18:36:00-0400	79520bb2630c9c4cc2c38d5cf02fb48f4e723808009b4cd1bb243c3ee16ae1fe	clean
revised/iteration4/data/Figures/Figure6/panels/supp_fig6-1d_objective_split_violin.pdf	39019	2026-08-29T18:36:01-0400	28189dc14659b9cd791a8cff0035b8db3f54042e72e08767d045c7e560818b8c	clean
revised/iteration4/data/Figures/Figure6/panels/supp_fig6-1d_objective_split_violin.png	123100	2026-08-29T18:36:01-0400	aae0d6181a6a6e6b4013f33dbde82b414af787648adcc45e790f3a9f07511a39	clean
revised/iteration4/data/Figures/Figure6/rendered/assembled_fig6.pdf	1104779	2026-09-01T15:51:38-0400	02d6584b3c45ce0804e1dbdafc0f0d5af8da6fbf90250e8f1df714a2febfb409	clean
revised/iteration4/data/Figures/Figure6/rendered/assembled_fig6.png	902610	2026-09-01T15:51:36-0400	cd05e65bce2373398ba983f7c942390ff1bde9c504ddf17d72be82e7522f9fdb	clean
revised/iteration4/data/Figures/Figure6/rendered/supp_fig6-1_response_class_diagnostics.pdf	1363353	2026-08-29T18:36:04-0400	4e11d2690ffa697ca705ac04400cb91f6056159dc815b40ebf3b47a792e5299e	clean
revised/iteration4/data/Figures/Figure6/rendered/supp_fig6-1_response_class_diagnostics.png	1452235	2026-08-29T18:36:02-0400	7e44a03c5e688b3d646941a59227de700b93d8ace33b338a10b82fa1a88d7866	clean
revised/iteration4/data/Figures/Figure6/response_class_class_counts.tsv	294	2026-08-29T17:26:40-0400	0c0e73f3410cdf75de7538536b924499177e2c077149b3e0409c9956d8b695a0	clean
revised/iteration4/data/Figures/Figure6/response_class_curve_class_by_seed.tsv	141386	2026-08-29T17:26:40-0400	23b92c81f1973ba914791beb204bd7ab5d9e243cec2684ab6d4a1aefaa021c02	clean
revised/iteration4/data/Figures/Figure6/response_class_invitro_class_counts.tsv	285	2026-08-29T18:35:42-0400	fe0b446dda54adf507c36138f5d468638a191d6331016322bf7a458a620b0314	clean
revised/iteration4/data/Figures/Figure6/response_class_invitro_curve_class_by_seed.tsv	120836	2026-08-29T18:35:42-0400	6de407df011f52ff08602078f9ef4f93e2632e5bf4cadf9f65113c5dfafafc0b	clean
revised/iteration4/data/Figures/Figure6/response_class_invitro_operator_qc.tsv	77392	2026-08-29T18:35:42-0400	db98968d776a39d89bc4158969710602c52935e1419c0f7ea851a2da4e0f62d7	clean
revised/iteration4/data/Figures/Figure6/response_class_invitro_persistent_segments.tsv	95633	2026-08-29T18:35:42-0400	d8f8eaaf0123feff24ad1b8a2b0e23690867600129c98b40b642e9a11220e69d	clean
revised/iteration4/data/Figures/Figure6/response_class_invitro_raw_curves.tsv	9350371	2026-08-29T18:35:41-0400	7ae7eab11bac4bd4d94c91779adfbdc7913f42634281fc8c6f5aeef8c1738116	clean
revised/iteration4/data/Figures/Figure6/response_class_invitro_reliability_counts.tsv	96	2026-08-29T18:35:42-0400	634b261f009aabb80969462938841c3c5e74ba3d9baa0c27f9c59c1d019dc14c	clean
revised/iteration4/data/Figures/Figure6/response_class_invitro_smoothed_curves.tsv	11648402	2026-08-29T18:35:42-0400	70c3dac97a6e2cc863c7b83d50a441e6591078fcb456daab63363f47e92fe7d9	clean
revised/iteration4/data/Figures/Figure6/response_class_invitro_validation.tsv	240	2026-08-29T18:35:42-0400	43fca60da0761dbaca88c207318813d08797b6d61c54d5c2c3777fdfa0763b46	clean
revised/iteration4/data/Figures/Figure6/response_class_persistent_segments.tsv	166971	2026-08-29T17:26:40-0400	86d5009be28cb2ead049cd749d905aea907c4015135561028393c0d2f6920f16	clean
revised/iteration4/data/Figures/Figure6/response_class_reliability_counts.tsv	98	2026-08-29T17:26:40-0400	1bce380fec39dbce2b6a3a40e0985cc752c71cc5d3324742600e715118049a09	clean
revised/iteration4/data/Figures/Figure6/response_class_smoothed_curves.tsv	12448560	2026-08-29T17:26:40-0400	6c7ebcc6dc45d6820536d3e89d00bacbc0264b59c16b556363b7d650b4133801	clean
revised/iteration4/data/Figures/Figure6/response_class_source_provenance.tsv	555	2026-08-29T17:26:40-0400	ffd90e54d97a021af3a4d8bc53e7447b83f030c468ec433f9bccbb73a69f8232	clean
revised/iteration4/data/Figures/Figure6/response_class_validation.tsv	205	2026-08-29T17:26:40-0400	3ea23fd3d0ec8003c22f2b7cb0269e1462d23cd9c87ef5e0c268b76592694008	clean
revised/iteration4/data/Figures/Figure6/separate_invitro_seed_cache/seed1.rds	7360	2026-08-29T18:22:04-0400	51f871ae66502b981dd81656c8c94df3d7779dae22f8d5b10e49a4a2016e9e39	clean
revised/iteration4/data/Figures/Figure6/separate_invitro_seed_cache/seed10.rds	7374	2026-08-29T18:22:04-0400	6d35f0788e65fe5faf695490d529949cecd20350acc58345e742e43137ffa4df	clean
revised/iteration4/data/Figures/Figure6/separate_invitro_seed_cache/seed100.rds	7279	2026-08-29T18:22:08-0400	88fdec5b2f158a1c260cec2453497b9fafebdec0eb0b46a855ece3807c6c5342	clean
revised/iteration4/data/Figures/Figure6/separate_invitro_seed_cache/seed101.rds	7380	2026-08-29T18:22:08-0400	5a3ebd362b381fcb75aea19c1ddb61a856546526c2390953e89aca81332b6e46	clean
revised/iteration4/data/Figures/Figure6/separate_invitro_seed_cache/seed102.rds	7343	2026-08-29T18:22:08-0400	8eca2b0494a736750d09ec7b1988b991987cd3655e143714a2ba6c95af6f657f	clean
revised/iteration4/data/Figures/Figure6/separate_invitro_seed_cache/seed103.rds	7295	2026-08-29T18:22:08-0400	a068eafb27eebaaa5b57c3a538f484e13ec98667d416b1a369bc2386b9ff1f55	clean
revised/iteration4/data/Figures/Figure6/separate_invitro_seed_cache/seed104.rds	7356	2026-08-29T18:22:09-0400	2bc2e7eab2825b238459d50d714a66844b9f00f6d22919af23af794acd92d147	clean
revised/iteration4/data/Figures/Figure6/separate_invitro_seed_cache/seed105.rds	7272	2026-08-29T18:22:09-0400	4af9adf3ae02db6c305516340e463a13168ddc656452583d6f7ec9601079c176	clean
revised/iteration4/data/Figures/Figure6/separate_invitro_seed_cache/seed106.rds	7275	2026-08-29T18:22:08-0400	d1f6a6bc56bc36c999c0712d55d74ebc0c5c4968870e7527c991ac7baee3a3b0	clean
revised/iteration4/data/Figures/Figure6/separate_invitro_seed_cache/seed107.rds	7305	2026-08-29T18:22:08-0400	4f9704fef609dbdc6409a08077935b3ed13cbc31763566010b2870a43500523b	clean
revised/iteration4/data/Figures/Figure6/separate_invitro_seed_cache/seed108.rds	7270	2026-08-29T18:22:08-0400	8a4211768712804f1d977e3a5b723afe7db4c9e2ee55020979ec9336551df88f	clean
revised/iteration4/data/Figures/Figure6/separate_invitro_seed_cache/seed109.rds	7324	2026-08-29T18:22:08-0400	5433d1e712ede956ec262771c8ddac0e0d8a93560c21d51345c0c24cf6ffec69	clean
revised/iteration4/data/Figures/Figure6/separate_invitro_seed_cache/seed11.rds	7335	2026-08-29T18:22:04-0400	bf51f20b9b9fd3fdb1840a2b8e1f904c31e8c486e1da2d788a0e8d96f81312f1	clean
revised/iteration4/data/Figures/Figure6/separate_invitro_seed_cache/seed110.rds	7365	2026-08-29T18:22:08-0400	ce4f743a76e3eda17f8aa95eb8f7f3d1f2ca6dd964aaa129f2f80c8d0a606832	clean
revised/iteration4/data/Figures/Figure6/separate_invitro_seed_cache/seed111.rds	7398	2026-08-29T18:22:08-0400	bdfd6d1b06b56e7e8ad6fce9640b3beaa58c035736f1fce9b9c1dc17d9bce067	clean
revised/iteration4/data/Figures/Figure6/separate_invitro_seed_cache/seed112.rds	7236	2026-08-29T18:22:08-0400	208840fe8f729da55806ee12e19c664772c420e83a1563f3af31fa3af2dc7366	clean
revised/iteration4/data/Figures/Figure6/separate_invitro_seed_cache/seed113.rds	7359	2026-08-29T18:22:09-0400	a66639896b06c5fde687d93be41557e70b52e00368f468dc7ca28b03dc8c8ea2	clean
revised/iteration4/data/Figures/Figure6/separate_invitro_seed_cache/seed114.rds	7356	2026-08-29T18:22:09-0400	f6e93889ae9bcc43f97ff49ac3558eb1bafeaed7c00f228a466d285277f2ddee	clean
revised/iteration4/data/Figures/Figure6/separate_invitro_seed_cache/seed115.rds	7297	2026-08-29T18:22:09-0400	9a248e4b3622b3687c4992e3072bf1734687e410ce54a284eacb2653d39763c3	clean
revised/iteration4/data/Figures/Figure6/separate_invitro_seed_cache/seed116.rds	7386	2026-08-29T18:22:09-0400	8c6b9a1024a81ab74124f5b504de7f27b258f6489f85b309d944d5c5b8f7bb8f	clean
revised/iteration4/data/Figures/Figure6/separate_invitro_seed_cache/seed117.rds	7405	2026-08-29T18:22:09-0400	5f8897e7f6ca6c7bcec681847746e18e1ae0fadf7d800e3f3eb471d264f52160	clean
revised/iteration4/data/Figures/Figure6/separate_invitro_seed_cache/seed118.rds	7330	2026-08-29T18:22:10-0400	acb5a419fdf7690282913fb774d47d4bb1f039d943e3c35c860e7c815792ed2e	clean
revised/iteration4/data/Figures/Figure6/separate_invitro_seed_cache/seed119.rds	7342	2026-08-29T18:22:09-0400	e9bc5f69f07f277d9a7451b279983ecdcf03d515a37d9d7a8f521ee6b9520d57	clean
revised/iteration4/data/Figures/Figure6/separate_invitro_seed_cache/seed12.rds	7528	2026-08-29T18:22:04-0400	a7e6ad6cfe171a77a7ea19f0945b12bdf798a79d17f2c667da9cd56d574c33d1	clean
revised/iteration4/data/Figures/Figure6/separate_invitro_seed_cache/seed120.rds	7321	2026-08-29T18:22:09-0400	7da39851a61a25d9b53fa8adde09ff7b5e5a90af83e9d98c92748bde5b50cbea	clean
revised/iteration4/data/Figures/Figure6/separate_invitro_seed_cache/seed121.rds	7292	2026-08-29T18:22:10-0400	7e8a30e1c293e33dc2d837ba8c40182cebdc93d734f1415142edcd267dc82012	clean
revised/iteration4/data/Figures/Figure6/separate_invitro_seed_cache/seed122.rds	7453	2026-08-29T18:22:09-0400	c74e42dc2b587c6d341cfd3048665251ef738bb2e37dd66d94f79107854bdbef	clean
revised/iteration4/data/Figures/Figure6/separate_invitro_seed_cache/seed123.rds	7394	2026-08-29T18:22:09-0400	0da69cd12ffd0bc90ac8b810e0014e15ed59834981fd774f5d4936f61a7f9a4d	clean
revised/iteration4/data/Figures/Figure6/separate_invitro_seed_cache/seed124.rds	7335	2026-08-29T18:22:10-0400	55ca40e45e8dc827242a6d85f52988f75cd2a63b96745bb19d7839cfd4dac89c	clean
revised/iteration4/data/Figures/Figure6/separate_invitro_seed_cache/seed125.rds	7401	2026-08-29T18:22:09-0400	980224127aa31a8e083f2e8dda6cd96845be4700b808dd41cdc2b0c00894675d	clean
revised/iteration4/data/Figures/Figure6/separate_invitro_seed_cache/seed126.rds	7291	2026-08-29T18:22:09-0400	a8f0237f72d5dc9a17d9bf6b9ff308ce0c25724ad12eaa1e2acd2def198cd388	clean
revised/iteration4/data/Figures/Figure6/separate_invitro_seed_cache/seed127.rds	7527	2026-08-29T18:22:10-0400	410df09a4b717341c4ce409a5678a424679eb016b6203a3bafba7ea13b43be25	clean
revised/iteration4/data/Figures/Figure6/separate_invitro_seed_cache/seed128.rds	7306	2026-08-29T18:22:09-0400	91c6c2da74fb152f475bcee76a6ecb74a6f62c3514ca8581fc4a971344b50b62	clean
revised/iteration4/data/Figures/Figure6/separate_invitro_seed_cache/seed129.rds	7533	2026-08-29T18:22:10-0400	679c6cca0888743881d8a9879ca91b0680f315808a5c10ebd400320089846ab8	clean
revised/iteration4/data/Figures/Figure6/separate_invitro_seed_cache/seed13.rds	7228	2026-08-29T18:22:04-0400	07b8b0fe20079fa845d70a0ee5818351b7a2475904e69fe2629b6ad7edc0d269	clean
revised/iteration4/data/Figures/Figure6/separate_invitro_seed_cache/seed130.rds	7362	2026-08-29T18:22:10-0400	688c88998145996bc794926744fd9c6c5c51643fbe95ef5edb697d3ff3481891	clean
revised/iteration4/data/Figures/Figure6/separate_invitro_seed_cache/seed131.rds	7378	2026-08-29T18:22:10-0400	75930d3e3d95d2e85caeffe44f59cb1ab91488bdbdbafde72c69ab6e3762e0c5	clean
revised/iteration4/data/Figures/Figure6/separate_invitro_seed_cache/seed132.rds	7276	2026-08-29T18:22:10-0400	391e15c9a51e8a9fc72b8a5884fdd94a99ab0b62ea156406147c8d4345e1b9c1	clean
revised/iteration4/data/Figures/Figure6/separate_invitro_seed_cache/seed133.rds	7557	2026-08-29T18:22:10-0400	d207cf14571a932611c78db7eebe79b6a88a1f7f6c6276c228f79b070623151a	clean
revised/iteration4/data/Figures/Figure6/separate_invitro_seed_cache/seed134.rds	7364	2026-08-29T18:22:10-0400	642d3ad1cea723e11888ed2705119f6d2eab92f9a6c6ad77144ec545f266b098	clean
revised/iteration4/data/Figures/Figure6/separate_invitro_seed_cache/seed135.rds	7272	2026-08-29T18:22:10-0400	13e87e0f470d4fdf11f37a4d5a8de6e5189ba34e82cdcae0337df538f0087e65	clean
revised/iteration4/data/Figures/Figure6/separate_invitro_seed_cache/seed136.rds	7338	2026-08-29T18:22:10-0400	306d5d2a76b09092dd1b113e08cd70a68d2be8967e46b3f8f5b7d6880b7a6b4d	clean
revised/iteration4/data/Figures/Figure6/separate_invitro_seed_cache/seed137.rds	7438	2026-08-29T18:22:10-0400	35e66a154e77348a9a0f0daf237759e78ab8a909e4afc6b249a9644bc4b3e6b6	clean
revised/iteration4/data/Figures/Figure6/separate_invitro_seed_cache/seed138.rds	7422	2026-08-29T18:22:10-0400	97d09e96cb45f07bbd765fec61bb4777d4fd678b013d595d3000bd1d4b746263	clean
revised/iteration4/data/Figures/Figure6/separate_invitro_seed_cache/seed139.rds	7216	2026-08-29T18:22:10-0400	df5befa2f661989b3dcab2499a0f8b55334a11ca77ae1ca4667263b4efdbc12e	clean
revised/iteration4/data/Figures/Figure6/separate_invitro_seed_cache/seed14.rds	7399	2026-08-29T18:22:04-0400	a5f447998a299ab1d6d6d25d5f780a983456271afcaaa0b57a24dbc8a1d604d4	clean
revised/iteration4/data/Figures/Figure6/separate_invitro_seed_cache/seed140.rds	7271	2026-08-29T18:22:10-0400	abd7145ded5389c304b587b834394b61a346981bc81f731436e70e77c96e8228	clean
revised/iteration4/data/Figures/Figure6/separate_invitro_seed_cache/seed141.rds	7368	2026-08-29T18:22:10-0400	7a50aa3d64bdcba3c1d55fce7270823ab7fc69fe9751d1820950a6cf8f0b7529	clean
revised/iteration4/data/Figures/Figure6/separate_invitro_seed_cache/seed142.rds	7260	2026-08-29T18:22:10-0400	41736ad2abddb520f5dff2f1ece8db84ded4ab32bfe8448a3946acc35d46f39a	clean
revised/iteration4/data/Figures/Figure6/separate_invitro_seed_cache/seed143.rds	7466	2026-08-29T18:22:11-0400	3955b5a086783dcf14f4f907bca108dd92f2f74034181defac8e2d9703326bfe	clean
revised/iteration4/data/Figures/Figure6/separate_invitro_seed_cache/seed144.rds	7357	2026-08-29T18:22:11-0400	6ac65abe6bde61e2f361141f186e549072c7b55b42908ac5264d7afa73947f19	clean
revised/iteration4/data/Figures/Figure6/separate_invitro_seed_cache/seed145.rds	7397	2026-08-29T18:22:11-0400	01fc93a0e8c53561537f1f399e6e00cde6842c55c54ebd55f42a150fa9633235	clean
revised/iteration4/data/Figures/Figure6/separate_invitro_seed_cache/seed146.rds	7413	2026-08-29T18:22:11-0400	1b7d9a390af0ece7f87aa51beecb43206b6e45c5f4c5ba6e0d6b26c135e4c7a4	clean
revised/iteration4/data/Figures/Figure6/separate_invitro_seed_cache/seed147.rds	7368	2026-08-29T18:22:11-0400	4844509831bebe49b87e340a9f53556acf550a859644fcb5ddcfa2a1258670e5	clean
revised/iteration4/data/Figures/Figure6/separate_invitro_seed_cache/seed148.rds	7350	2026-08-29T18:22:11-0400	d9606e202255479c56710db6d6eb5fcdc68e060d19f99dacf50f6f79f3b67566	clean
revised/iteration4/data/Figures/Figure6/separate_invitro_seed_cache/seed149.rds	7414	2026-08-29T18:22:11-0400	1568d1ac2a7476119d52e7059b3edce42bd1c82d2ba11ddf7876f82694b10457	clean
revised/iteration4/data/Figures/Figure6/separate_invitro_seed_cache/seed15.rds	7390	2026-08-29T18:22:05-0400	085730c10e314dff15d16a0a6d29f827506ccb11733d5896fdd5755125d6d858	clean
revised/iteration4/data/Figures/Figure6/separate_invitro_seed_cache/seed150.rds	7380	2026-08-29T18:22:11-0400	f34072ec5f8b204495b85f06dafca9d846b111790d40b565a2e3bbafe8a55599	clean
revised/iteration4/data/Figures/Figure6/separate_invitro_seed_cache/seed151.rds	7651	2026-08-29T18:22:11-0400	7d431d67ce18f0926d87d2e9d048aea2b0dbac449c72177ff21f3858afd96ce3	clean
revised/iteration4/data/Figures/Figure6/separate_invitro_seed_cache/seed152.rds	7356	2026-08-29T18:22:11-0400	a707718d34beb6b67e34a1487c245a4076d71ca2cc5627f10775a1ab2f50e8d4	clean
revised/iteration4/data/Figures/Figure6/separate_invitro_seed_cache/seed153.rds	7313	2026-08-29T18:22:11-0400	550b485a66946b6b03a7fbc0a1dc29d8c4825d1d77d1f3d8b40785681f5271cf	clean
revised/iteration4/data/Figures/Figure6/separate_invitro_seed_cache/seed154.rds	7459	2026-08-29T18:22:11-0400	4503c01c7576cf2edbe665c718b76b60a17c0c743778a98db75f07123bfe11e1	clean
revised/iteration4/data/Figures/Figure6/separate_invitro_seed_cache/seed155.rds	7382	2026-08-29T18:22:11-0400	d89d536c58c83aec5f08943a08219a79cea0cb79636dd44e6ecd79133a757e06	clean
revised/iteration4/data/Figures/Figure6/separate_invitro_seed_cache/seed156.rds	7317	2026-08-29T18:22:11-0400	02786cce52319e4cfde7700bfd2c3e5ca04473648b8ed365a52e81f81d8c9ce2	clean
revised/iteration4/data/Figures/Figure6/separate_invitro_seed_cache/seed157.rds	7301	2026-08-29T18:22:11-0400	c337b184f37eaaec5a69fdb963755ea1a29e367aaa172ffd32f2e14f44221e50	clean
revised/iteration4/data/Figures/Figure6/separate_invitro_seed_cache/seed158.rds	7326	2026-08-29T18:22:11-0400	e3f7ce42392afa427df7d233c6a5256ab90ab18657c29040c510ceada2e869f0	clean
revised/iteration4/data/Figures/Figure6/separate_invitro_seed_cache/seed159.rds	7360	2026-08-29T18:22:11-0400	7ea9d417d1c5d053cf46449a1d562ac7d42095865e23a24640ca766387324036	clean
revised/iteration4/data/Figures/Figure6/separate_invitro_seed_cache/seed16.rds	7229	2026-08-29T18:22:04-0400	37d2f6ff36dfc810b37e359477500d6104a60923c5b07a8c666d8c655b91c348	clean
revised/iteration4/data/Figures/Figure6/separate_invitro_seed_cache/seed160.rds	7361	2026-08-29T18:22:11-0400	65d69adde8d9004ccec792f0a61c1fa7b97e416866b8a5ba8f83dff72fcf3168	clean
revised/iteration4/data/Figures/Figure6/separate_invitro_seed_cache/seed161.rds	7407	2026-08-29T18:22:11-0400	1fe51dedc5aa40b3f541dd3750b02a0f1e5bbc1fb12e901ef0bb32a84472d832	clean
revised/iteration4/data/Figures/Figure6/separate_invitro_seed_cache/seed162.rds	7388	2026-08-29T18:22:11-0400	ce67a41ad131308f11b6cb09bb4c14e10bc12961ac5ee8fb43e9123a229a28c1	clean
revised/iteration4/data/Figures/Figure6/separate_invitro_seed_cache/seed163.rds	7410	2026-08-29T18:22:11-0400	59b204699b06b195a9d2489d36f6c874ba03db008195c7acf064ae71892b35d5	clean
revised/iteration4/data/Figures/Figure6/separate_invitro_seed_cache/seed164.rds	7537	2026-08-29T18:22:11-0400	b979f20fcf7e69eab9994cdee09dfdc2035ec2e2f420184bfaef6766a14acb0e	clean
revised/iteration4/data/Figures/Figure6/separate_invitro_seed_cache/seed165.rds	7438	2026-08-29T18:22:11-0400	279a74e5ccac07920e489e0efc1a11b8dedd202e2b0bb36d52178b4f429407fe	clean
revised/iteration4/data/Figures/Figure6/separate_invitro_seed_cache/seed166.rds	7271	2026-08-29T18:22:11-0400	00adfcff88dac23b7ff11bd5c4e016d5f091e4a2b7a76cb464d364e40b4b4862	clean
revised/iteration4/data/Figures/Figure6/separate_invitro_seed_cache/seed167.rds	7370	2026-08-29T18:22:11-0400	ce07304134a13b0b797df5430b2d5326643416954f183d25e9b823b8c384857e	clean
revised/iteration4/data/Figures/Figure6/separate_invitro_seed_cache/seed168.rds	7301	2026-08-29T18:22:11-0400	e33f508b6be3f99ef0a34d7f00defb69cb546b9be529ae6cbb61ec12883329ac	clean
revised/iteration4/data/Figures/Figure6/separate_invitro_seed_cache/seed169.rds	7350	2026-08-29T18:22:12-0400	20973fc34bf27679d8b3e4be8e13d962f99c0591168c7b47e107be99aab5f9c2	clean
revised/iteration4/data/Figures/Figure6/separate_invitro_seed_cache/seed17.rds	7261	2026-08-29T18:22:04-0400	eacea365b7914b611579958ee51bd02d53ddd95ec13872b2482ed5d3f5b96134	clean
revised/iteration4/data/Figures/Figure6/separate_invitro_seed_cache/seed170.rds	7548	2026-08-29T18:22:12-0400	50c2afc22ab30c2491a3b8a9ac2fb919012117d47d8648d1e918f48e986f6ea1	clean
revised/iteration4/data/Figures/Figure6/separate_invitro_seed_cache/seed171.rds	7368	2026-08-29T18:22:12-0400	cbda812f6c17489fa21a1ecbb2e63f517b670a8391a09e34b6f890b6f9fff1b0	clean
revised/iteration4/data/Figures/Figure6/separate_invitro_seed_cache/seed172.rds	7421	2026-08-29T18:22:12-0400	5dc764883235729a650ecc893708f4393cd4e5add1f40744eed978351904f937	clean
revised/iteration4/data/Figures/Figure6/separate_invitro_seed_cache/seed173.rds	7360	2026-08-29T18:22:12-0400	a1a91ed371a2a3164408c42ff67f623756473d2d016e0e5ab719a88e06097571	clean
revised/iteration4/data/Figures/Figure6/separate_invitro_seed_cache/seed174.rds	7351	2026-08-29T18:22:12-0400	14460d6f3e1a689dbd9b0f51d52035d3292d4acfb38329498b65b8815f98b87b	clean
revised/iteration4/data/Figures/Figure6/separate_invitro_seed_cache/seed175.rds	7328	2026-08-29T18:22:12-0400	f9cac9601478303ec8488e3dfdc5881b011a21e93ec6d477737675974e8e882f	clean
revised/iteration4/data/Figures/Figure6/separate_invitro_seed_cache/seed176.rds	7411	2026-08-29T18:22:12-0400	7215bb1e5ad3b96f09a3495a2f8b31914cdf9f9789542f574a0b0ffe5cf99157	clean
revised/iteration4/data/Figures/Figure6/separate_invitro_seed_cache/seed177.rds	7275	2026-08-29T18:22:12-0400	88838717eeea57de866ae22c57c6b17c21d35d17a0c7a682f0f04416ad3ea7ff	clean
revised/iteration4/data/Figures/Figure6/separate_invitro_seed_cache/seed178.rds	7333	2026-08-29T18:22:12-0400	d6c62c3815977a4efffed648e08714ac75b1fe66467e8360d922bb541c331906	clean
revised/iteration4/data/Figures/Figure6/separate_invitro_seed_cache/seed179.rds	7286	2026-08-29T18:22:12-0400	d307b2276a05f585fb2a35b838e774fb2f353ed5b9678564fc08705f16a42081	clean
revised/iteration4/data/Figures/Figure6/separate_invitro_seed_cache/seed18.rds	7258	2026-08-29T18:22:04-0400	8260004f25b9f7de8eb0126f8644d294c10431cf4114dc5280a3c9446e187cef	clean
revised/iteration4/data/Figures/Figure6/separate_invitro_seed_cache/seed180.rds	7407	2026-08-29T18:22:12-0400	01c8503aa1e5c1e182127fbd9258aaa729f8f87c098a1f3c7c3a1330c71ba2e1	clean
revised/iteration4/data/Figures/Figure6/separate_invitro_seed_cache/seed181.rds	7375	2026-08-29T18:22:12-0400	99940eb5b45f0dd07c799772cf1c3bffb0c446affdf58f286d74dde65d5a3485	clean
revised/iteration4/data/Figures/Figure6/separate_invitro_seed_cache/seed182.rds	7320	2026-08-29T18:22:12-0400	0e62fd7273edf99d798343d41285475ffeae271fb5106f0962cd3bb4ab1f79b8	clean
revised/iteration4/data/Figures/Figure6/separate_invitro_seed_cache/seed183.rds	7252	2026-08-29T18:22:12-0400	f9338c650349148740200d3ce6ea909bee389a6f9efb37456c25292418b4e8fa	clean
revised/iteration4/data/Figures/Figure6/separate_invitro_seed_cache/seed184.rds	7342	2026-08-29T18:22:12-0400	7d63fd9c914ab9ad3e2104677380cd37cf937cc742a22ca608f3c080556aa606	clean
revised/iteration4/data/Figures/Figure6/separate_invitro_seed_cache/seed185.rds	7203	2026-08-29T18:22:13-0400	ad3a99094d5422ed3a8a86d6db6e8c11a79efbe9f46e59048fb04dd03a20faf8	clean
revised/iteration4/data/Figures/Figure6/separate_invitro_seed_cache/seed186.rds	7420	2026-08-29T18:22:12-0400	91a28898e90d28cd7bcc5a390242ece3e26dab40b9ff5ca4ffb1731f0cd9f61f	clean
revised/iteration4/data/Figures/Figure6/separate_invitro_seed_cache/seed187.rds	7355	2026-08-29T18:22:12-0400	fdaa0b5c528bb4aadedf2ca7e2fb66d2f76a3d423632f089881a61ab63b4f424	clean
revised/iteration4/data/Figures/Figure6/separate_invitro_seed_cache/seed188.rds	7339	2026-08-29T18:22:13-0400	8d628ea21d80fcacd6026397ae9a4a40e6cce289f052f5224c203c506c88e4e4	clean
revised/iteration4/data/Figures/Figure6/separate_invitro_seed_cache/seed189.rds	7466	2026-08-29T18:22:13-0400	f77475c50cee1706e1a78a9f7866d549b1dab931711eb6e35ac3b32a2df5a4a0	clean
revised/iteration4/data/Figures/Figure6/separate_invitro_seed_cache/seed19.rds	7307	2026-08-29T18:22:04-0400	dd2da26b9d56fa1051493ecc68523f841b0ad7f9101468a1e089e5cdf74bc122	clean
revised/iteration4/data/Figures/Figure6/separate_invitro_seed_cache/seed190.rds	7303	2026-08-29T18:22:12-0400	e8e860579d0783c1d0d02f641c527ca7e368f1d2fb52dd35cf9bca9246ca0437	clean
revised/iteration4/data/Figures/Figure6/separate_invitro_seed_cache/seed191.rds	7357	2026-08-29T18:22:13-0400	9dce2740c67eb3bf5141526b11293f8de892e88b7ae7eedea969e2162cfccd38	clean
revised/iteration4/data/Figures/Figure6/separate_invitro_seed_cache/seed192.rds	7315	2026-08-29T18:22:12-0400	62795d038b3b8860f4ad715111dcaa8799ccb21b144e18a67b790a0733e4c586	clean
revised/iteration4/data/Figures/Figure6/separate_invitro_seed_cache/seed193.rds	7336	2026-08-29T18:22:13-0400	d7ff56b52eafe6da4c78dad30e4823813ed2aa8c8beaf0b5f498d378bcd578f1	clean
revised/iteration4/data/Figures/Figure6/separate_invitro_seed_cache/seed194.rds	7357	2026-08-29T18:22:13-0400	c9d10cf4ce7301c48ac986fd6e6abc276fd8403c53daee779c3baccf095d1a82	clean
revised/iteration4/data/Figures/Figure6/separate_invitro_seed_cache/seed195.rds	7255	2026-08-29T18:22:13-0400	28918fc1486ce6457791092660fed204eeb085f456672cfa11d60767670ad312	clean
revised/iteration4/data/Figures/Figure6/separate_invitro_seed_cache/seed196.rds	7425	2026-08-29T18:22:12-0400	eb2efdca22432c04db7b8f286c85e1506b5a1c5a5712aa3261fc78633b704a60	clean
revised/iteration4/data/Figures/Figure6/separate_invitro_seed_cache/seed197.rds	7367	2026-08-29T18:22:13-0400	a8b621b68cfba05124a1b82dc3cbfac08966e8621d8e6edc9715617398bbb7d9	clean
revised/iteration4/data/Figures/Figure6/separate_invitro_seed_cache/seed198.rds	7285	2026-08-29T18:22:13-0400	d2ff53cf415560946c42b29c04c9e81c632a03a2e3973dd684a57eabd9e9474a	clean
revised/iteration4/data/Figures/Figure6/separate_invitro_seed_cache/seed199.rds	7351	2026-08-29T18:22:13-0400	f42349eb7e402a1046fbbace4f59e963581a0b4874f41736daecec7263761eee	clean
revised/iteration4/data/Figures/Figure6/separate_invitro_seed_cache/seed2.rds	7284	2026-08-29T18:22:04-0400	d809868a75f3ab31e2edd809a9e4a6d0b901cee264845dc32430d9c2d69451ee	clean
revised/iteration4/data/Figures/Figure6/separate_invitro_seed_cache/seed20.rds	7341	2026-08-29T18:22:04-0400	222220f5e2ed24fdce7b49672a9139f33885f85668af3abb9bdc303d5b7140b9	clean
revised/iteration4/data/Figures/Figure6/separate_invitro_seed_cache/seed200.rds	7202	2026-08-29T18:22:13-0400	a356f8d92c65b2b6904fb464a0a0a44b9af2c33e59815a5c5fe58a42159dcd09	clean
revised/iteration4/data/Figures/Figure6/separate_invitro_seed_cache/seed201.rds	7286	2026-08-29T18:22:13-0400	d580362498d2f86e8155c6c9649ff3cc6f4f41a84c5edb62f9405d039937694a	clean
revised/iteration4/data/Figures/Figure6/separate_invitro_seed_cache/seed202.rds	7389	2026-08-29T18:22:13-0400	296011bf9328d6616801e03116b6899fc56c3eec5337bd7c65d1444b2a1060ad	clean
revised/iteration4/data/Figures/Figure6/separate_invitro_seed_cache/seed203.rds	7354	2026-08-29T18:22:13-0400	acf0536c42121288f9fd52f5219b0986ee042e7db85b4a276400698136c470b0	clean
revised/iteration4/data/Figures/Figure6/separate_invitro_seed_cache/seed204.rds	7365	2026-08-29T18:22:13-0400	3c80ddd10c106a3ef160c00c6bb07af679ccd83796cd735dcb159b9d3d3798a2	clean
revised/iteration4/data/Figures/Figure6/separate_invitro_seed_cache/seed205.rds	7271	2026-08-29T18:22:13-0400	d8fa114a9934bed858c9665527bcb81fb585930528e1088b3fc807e0bdf3bb92	clean
revised/iteration4/data/Figures/Figure6/separate_invitro_seed_cache/seed206.rds	7285	2026-08-29T18:22:14-0400	761a4bb47057af196e4a58e7a086618ca5b906d6fc3a8a9dc51a4d93d7b40c55	clean
revised/iteration4/data/Figures/Figure6/separate_invitro_seed_cache/seed207.rds	7277	2026-08-29T18:22:14-0400	3d857ed11f60e861f125203f53aa72d392e83bd8e8ed2b700c8132dccb2c44f1	clean
revised/iteration4/data/Figures/Figure6/separate_invitro_seed_cache/seed208.rds	7379	2026-08-29T18:22:14-0400	5c183fce3dc3775510e6ceb6c88a7ea7bfbf974a3daf9c444fc53b61b57ed72c	clean
revised/iteration4/data/Figures/Figure6/separate_invitro_seed_cache/seed209.rds	7355	2026-08-29T18:22:14-0400	09210e2ac0d49fc97c25c8c33b9d413a3e640e6bce9479ed7f8f8a67a172c7b8	clean
revised/iteration4/data/Figures/Figure6/separate_invitro_seed_cache/seed21.rds	7342	2026-08-29T18:22:04-0400	d9a166f9c43eff43b0dcbc42e5c34f311b42382ccdb3982ad87694a9434a1340	clean
revised/iteration4/data/Figures/Figure6/separate_invitro_seed_cache/seed210.rds	7239	2026-08-29T18:22:14-0400	d4d670360cde4006c568b97b29165a700797c7f28fa6a7606765b94ba5a81b64	clean
revised/iteration4/data/Figures/Figure6/separate_invitro_seed_cache/seed211.rds	7273	2026-08-29T18:22:14-0400	f487da8ae4e5a05e7e4948014ebbd0f96bc22304388e10b15bebfdd7d382d6aa	clean
revised/iteration4/data/Figures/Figure6/separate_invitro_seed_cache/seed212.rds	7420	2026-08-29T18:22:14-0400	c0f9e68a196c935d87cd801969215a6e06176180feaf60b66602299b70700ad0	clean
revised/iteration4/data/Figures/Figure6/separate_invitro_seed_cache/seed213.rds	7334	2026-08-29T18:22:14-0400	8d1eb640ccaa920681e77d25bc6b9afc33793a7eee4e558e3e7d6681776d2658	clean
revised/iteration4/data/Figures/Figure6/separate_invitro_seed_cache/seed214.rds	7344	2026-08-29T18:22:14-0400	9fd224ac00e9a4b9ee6510b896f9317f00f11bba3be30d797ba7e8082fe720c7	clean
revised/iteration4/data/Figures/Figure6/separate_invitro_seed_cache/seed215.rds	7330	2026-08-29T18:22:14-0400	38c0c415f083ae9230c49318c2d31d626a35ff263f64d28be6c6b1498842b78d	clean
revised/iteration4/data/Figures/Figure6/separate_invitro_seed_cache/seed216.rds	7328	2026-08-29T18:22:14-0400	df3d5f94e0c9e2a33d2c02a5b1b6182a4f7591ee1bedb46fa93d48fbcc955413	clean
revised/iteration4/data/Figures/Figure6/separate_invitro_seed_cache/seed217.rds	7324	2026-08-29T18:22:14-0400	df6e1a579041698d3295abda262a5be8183c0b7dc0990e1ff76d8f5c905251c5	clean
revised/iteration4/data/Figures/Figure6/separate_invitro_seed_cache/seed218.rds	7297	2026-08-29T18:22:14-0400	4f9e3833c78495299f5a1e761e07fe36e91d062b280cd40dbe63da1c760a66ed	clean
revised/iteration4/data/Figures/Figure6/separate_invitro_seed_cache/seed219.rds	7279	2026-08-29T18:22:14-0400	27ee68ea9e4d246ce665a212e94f3d854331e2d3d483d277351373e51d0e483b	clean
revised/iteration4/data/Figures/Figure6/separate_invitro_seed_cache/seed22.rds	7249	2026-08-29T18:22:06-0400	4fd2512bf6e68899349e2cf225a8c9b87a5ad80e41e209ababf7dc385192ee47	clean
revised/iteration4/data/Figures/Figure6/separate_invitro_seed_cache/seed220.rds	7270	2026-08-29T18:22:14-0400	ddee5e2f801977f84afded29efda8d87ca416b4541c23f18cc6acffa74222df5	clean
revised/iteration4/data/Figures/Figure6/separate_invitro_seed_cache/seed221.rds	7282	2026-08-29T18:22:14-0400	fafee0350077ef441e4111a4b27a0c02b4ed3ceae873e0f07fed3462284db7d3	clean
revised/iteration4/data/Figures/Figure6/separate_invitro_seed_cache/seed222.rds	7268	2026-08-29T18:22:14-0400	72b1b2d5fcfd7880819a141c8396c61bfd27141411b609822a5f4c1d82ed56ed	clean
revised/iteration4/data/Figures/Figure6/separate_invitro_seed_cache/seed223.rds	7235	2026-08-29T18:22:14-0400	5573d77596848c9c2d6ab2160cbce05665f7d87cd50b8d98631ac5398e68732b	clean
revised/iteration4/data/Figures/Figure6/separate_invitro_seed_cache/seed224.rds	7357	2026-08-29T18:22:14-0400	5d2d0479b13dd45b1c75fd101bf1c055d1f59173f9abd905d9f3c5e6efc03b1a	clean
revised/iteration4/data/Figures/Figure6/separate_invitro_seed_cache/seed225.rds	7328	2026-08-29T18:22:15-0400	9e816810c26590cb461bacd52741f0fa549d1a51d2d144f20920ece19710e5fc	clean
revised/iteration4/data/Figures/Figure6/separate_invitro_seed_cache/seed226.rds	7514	2026-08-29T18:22:15-0400	abeb170abbbd144bee41ad70d3c267bd05c75b1ce3b0750ff639f0bbe71e1a57	clean
revised/iteration4/data/Figures/Figure6/separate_invitro_seed_cache/seed227.rds	7228	2026-08-29T18:22:15-0400	63c521509a484cee37132a080c872713a9c56b174ed015ffaa8a12ecf4e92e0a	clean
revised/iteration4/data/Figures/Figure6/separate_invitro_seed_cache/seed228.rds	7351	2026-08-29T18:22:15-0400	e277ce81158c80f99b2c043822d19e09d07adbfb888b415bbe98de311a1eb817	clean
revised/iteration4/data/Figures/Figure6/separate_invitro_seed_cache/seed229.rds	7390	2026-08-29T18:22:15-0400	c22f4aeabcb4033349fed2189770a4ed828c2821aee888553cdaf0f1e0b1c80a	clean
revised/iteration4/data/Figures/Figure6/separate_invitro_seed_cache/seed23.rds	7330	2026-08-29T18:22:04-0400	c8469a37fa3cd59b38a601efa437ef6e62fe39d58ebf345c3835e39d8470231f	clean
revised/iteration4/data/Figures/Figure6/separate_invitro_seed_cache/seed230.rds	7542	2026-08-29T18:22:15-0400	d1a281ecd1da01302c4089ec11a5b61312be33862b6ebcfbfbaff8e8af7fcd77	clean
revised/iteration4/data/Figures/Figure6/separate_invitro_seed_cache/seed231.rds	7266	2026-08-29T18:22:15-0400	1f047a0c163920be5dee09760acea9073332c4a74120e58e23267d46c0f14aa2	clean
revised/iteration4/data/Figures/Figure6/separate_invitro_seed_cache/seed232.rds	7365	2026-08-29T18:22:15-0400	f6ebe049665546cd670a10de6e454f3a15a73ed78c73fc3a0582d1e54c65d371	clean
revised/iteration4/data/Figures/Figure6/separate_invitro_seed_cache/seed233.rds	7377	2026-08-29T18:22:15-0400	6e5c28a548b821e0a1c82c149db8e15f572ab9fe133a5f1bc6f9c16f08fbebe8	clean
revised/iteration4/data/Figures/Figure6/separate_invitro_seed_cache/seed234.rds	7360	2026-08-29T18:22:15-0400	a9a30d1630cf1d9f2312e0ff05599c92a527568fbd501745e90f1bd71dbee6d5	clean
revised/iteration4/data/Figures/Figure6/separate_invitro_seed_cache/seed235.rds	7358	2026-08-29T18:22:15-0400	50bf19d1f3ad568fde0bdce62f4cf41ef6622cd71c6bcf30f2936e6888539a34	clean
revised/iteration4/data/Figures/Figure6/separate_invitro_seed_cache/seed236.rds	7297	2026-08-29T18:22:15-0400	8748270f42d60012237729e4ebf08d13878ca6fe7b6c9a8884d5cde9152d3fe9	clean
revised/iteration4/data/Figures/Figure6/separate_invitro_seed_cache/seed237.rds	7384	2026-08-29T18:22:15-0400	128a44030cf9112dfa7369b6b99c62f7a7bc9d240d1cb90680af5181106ec6c4	clean
revised/iteration4/data/Figures/Figure6/separate_invitro_seed_cache/seed238.rds	7337	2026-08-29T18:22:16-0400	03fca6eec74d1a930597ee5c63708c40ede593f4a70c455bb45c749182bb64a0	clean
revised/iteration4/data/Figures/Figure6/separate_invitro_seed_cache/seed239.rds	7276	2026-08-29T18:22:15-0400	8235b27015c8492399b80b3d335f8587ec8a627437a76e13db20825326395e2e	clean
revised/iteration4/data/Figures/Figure6/separate_invitro_seed_cache/seed24.rds	7364	2026-08-29T18:22:04-0400	c5095eb8c56668be8c003297eb6c0feca991ff55ad8a09120258dcd430cad9db	clean
revised/iteration4/data/Figures/Figure6/separate_invitro_seed_cache/seed240.rds	7324	2026-08-29T18:22:15-0400	cbf53593a15a5b68c3fd9052a7b6a3c370624a5470d2708fd6a942b597117470	clean
revised/iteration4/data/Figures/Figure6/separate_invitro_seed_cache/seed241.rds	7423	2026-08-29T18:22:15-0400	fad018ece7a8af6aeba3fac637f6431707044c8821250a686a545c193b3a2569	clean
revised/iteration4/data/Figures/Figure6/separate_invitro_seed_cache/seed242.rds	7346	2026-08-29T18:22:15-0400	544171acac7f75836a43d8285aedc586e74f78a1f6e28ef807b3ec2fe2c96cac	clean
revised/iteration4/data/Figures/Figure6/separate_invitro_seed_cache/seed243.rds	7367	2026-08-29T18:22:16-0400	93677987fe5806fef0b46e8a061c06104519b27c235068063658a1f071fece62	clean
revised/iteration4/data/Figures/Figure6/separate_invitro_seed_cache/seed244.rds	7341	2026-08-29T18:22:15-0400	cc4f95f8508430516277de13a78dc0c6f305c82c31a3a618f7ad23d15337973d	clean
revised/iteration4/data/Figures/Figure6/separate_invitro_seed_cache/seed245.rds	7319	2026-08-29T18:22:15-0400	1eef1f47096f13ce28d29c6a487ef0833ea0600c871b43d93983781357533e44	clean
revised/iteration4/data/Figures/Figure6/separate_invitro_seed_cache/seed246.rds	7381	2026-08-29T18:22:15-0400	dc324c46a9abe6c8c16f70bc2b1a55cd8cb39c6329e240ac1c2b0f18a1857f03	clean
revised/iteration4/data/Figures/Figure6/separate_invitro_seed_cache/seed247.rds	7364	2026-08-29T18:22:15-0400	00bcf075534e52c6a9290db30c38f05b8682b51b08d929b87ae50ec8a89a1c33	clean
revised/iteration4/data/Figures/Figure6/separate_invitro_seed_cache/seed248.rds	7439	2026-08-29T18:22:15-0400	7859886f029ace60bde7820d7df5de73998efd7fcc0ad3d34aa708b8e35ff4d2	clean
revised/iteration4/data/Figures/Figure6/separate_invitro_seed_cache/seed249.rds	7359	2026-08-29T18:22:16-0400	377da2adc79be5028c8d7d5fae13476501ae72087bfe45395f332b008fd2e298	clean
revised/iteration4/data/Figures/Figure6/separate_invitro_seed_cache/seed25.rds	7252	2026-08-29T18:22:04-0400	aca66fbcd929ae9576b39b03764dfdadb70e84d4293cf225c1721bd47040771d	clean
revised/iteration4/data/Figures/Figure6/separate_invitro_seed_cache/seed250.rds	7310	2026-08-29T18:22:16-0400	4811009faea507e85afa381e16917f1755a101a31ae5efd4364bc63356d317d3	clean
revised/iteration4/data/Figures/Figure6/separate_invitro_seed_cache/seed251.rds	7324	2026-08-29T18:22:15-0400	4852c5777610e5d9c22d72b628aa166df31203b5fe9a3c0d1eb30d9efb4ea8b7	clean
revised/iteration4/data/Figures/Figure6/separate_invitro_seed_cache/seed252.rds	7303	2026-08-29T18:22:15-0400	5090d3be98878268b4bcabe3f25a35cd59bfc1c6a30e30055b2bdde0c4e0a310	clean
revised/iteration4/data/Figures/Figure6/separate_invitro_seed_cache/seed253.rds	7280	2026-08-29T18:22:16-0400	3a1206b17d4c58bb91ab6aa3d835cb858b26ffe32eed70bc20366cd88502a282	clean
revised/iteration4/data/Figures/Figure6/separate_invitro_seed_cache/seed254.rds	7353	2026-08-29T18:22:16-0400	089b36f109a29127c1258c02a0120030de5d4782a0523befe510254691cedf7c	clean
revised/iteration4/data/Figures/Figure6/separate_invitro_seed_cache/seed255.rds	7361	2026-08-29T18:22:16-0400	f64f668e368f6ac647a56d621d28a5590d0215abc74ebb070643ed073fcf86e0	clean
revised/iteration4/data/Figures/Figure6/separate_invitro_seed_cache/seed256.rds	7499	2026-08-29T18:22:16-0400	cdf43365121a06cd351fe3207cdaf19d0fbfab820f7dd728d653a0c8ccdb4ed5	clean
revised/iteration4/data/Figures/Figure6/separate_invitro_seed_cache/seed257.rds	7343	2026-08-29T18:22:16-0400	3541c8e9ffcc8abdb350ddebaf442dfe9030ca838e8fc71a698dccecf612a86d	clean
revised/iteration4/data/Figures/Figure6/separate_invitro_seed_cache/seed258.rds	7361	2026-08-29T18:22:16-0400	24a937995dbbf692a515dcd5e012419153476448cd4aaec14b212d098ca6434a	clean
revised/iteration4/data/Figures/Figure6/separate_invitro_seed_cache/seed259.rds	7482	2026-08-29T18:22:16-0400	2be39678f2eb507ecc48d5b18a1c7e4cf3db8094dcd63a8b7db2d8271fa1d9e0	clean
revised/iteration4/data/Figures/Figure6/separate_invitro_seed_cache/seed26.rds	7352	2026-08-29T18:22:04-0400	3da1f2883941a9354356d770c8211bba674596c01f7e9ff601ecaf570e13edc8	clean
revised/iteration4/data/Figures/Figure6/separate_invitro_seed_cache/seed260.rds	7415	2026-08-29T18:22:16-0400	58ed3e4a445bd08f80fbcf2c1e720428b940c0556b906419c3d539f9792db01f	clean
revised/iteration4/data/Figures/Figure6/separate_invitro_seed_cache/seed261.rds	7353	2026-08-29T18:22:16-0400	0035fa9a45d308a13ffea162f4f472b9033c96aa3a8995facc8e2e04a9831a36	clean
revised/iteration4/data/Figures/Figure6/separate_invitro_seed_cache/seed262.rds	7251	2026-08-29T18:22:16-0400	0d2298f25214bae6125f96d88e21ae2908cb737da4b724e36bc38998c952c9de	clean
revised/iteration4/data/Figures/Figure6/separate_invitro_seed_cache/seed263.rds	7521	2026-08-29T18:22:16-0400	e0eba99cee8c66c9dc611d4945def60216d8c488b8663ceeef372e81360379ca	clean
revised/iteration4/data/Figures/Figure6/separate_invitro_seed_cache/seed264.rds	7272	2026-08-29T18:22:16-0400	e9910eb10089aaeff8cd2ec8b824bc93e27419ea5862494355493800fd5871f5	clean
revised/iteration4/data/Figures/Figure6/separate_invitro_seed_cache/seed265.rds	7216	2026-08-29T18:22:16-0400	683fed60dd189bb2539e90274ba772e522bd72b26f7466382a48bb51214a59db	clean
revised/iteration4/data/Figures/Figure6/separate_invitro_seed_cache/seed266.rds	7344	2026-08-29T18:22:16-0400	83b50c530736d98179e5f1440895b91c0eb85bd3b04e6ea2e22b8a0410f88201	clean
revised/iteration4/data/Figures/Figure6/separate_invitro_seed_cache/seed267.rds	7237	2026-08-29T18:22:16-0400	6fa4805b8918a9705b356799d83c6cc32fe5d7d5d1c5d9fb7f4d18cfed426dfa	clean
revised/iteration4/data/Figures/Figure6/separate_invitro_seed_cache/seed268.rds	7406	2026-08-29T18:22:16-0400	f676fb3b6e55258f0eb013d6d7c351a340767ff25137721ffa6a4e6de6a79ffc	clean
revised/iteration4/data/Figures/Figure6/separate_invitro_seed_cache/seed269.rds	7426	2026-08-29T18:22:17-0400	35f7662c2278886f5fd4a94bfaa76667571fe57416f7dee886d87d7538c3afa3	clean
revised/iteration4/data/Figures/Figure6/separate_invitro_seed_cache/seed27.rds	7298	2026-08-29T18:22:04-0400	ef20a3d968dc11f4cce81f67fd44804fa339000e33db43e980d473cab64a041e	clean
revised/iteration4/data/Figures/Figure6/separate_invitro_seed_cache/seed270.rds	7313	2026-08-29T18:22:17-0400	29467df24777afc03a045b4171c998497ec675f74126fa32d1b407cedd946dde	clean
revised/iteration4/data/Figures/Figure6/separate_invitro_seed_cache/seed271.rds	7284	2026-08-29T18:22:16-0400	f13f7770d29363332c44d4487d98a9af22678d008441f13e9da7792da63c895e	clean
revised/iteration4/data/Figures/Figure6/separate_invitro_seed_cache/seed272.rds	7247	2026-08-29T18:22:16-0400	2b06185b7c2b6b107c6a2ae8e94a39a8635249e3e881f9c8c3775f379b577dc2	clean
revised/iteration4/data/Figures/Figure6/separate_invitro_seed_cache/seed273.rds	7353	2026-08-29T18:22:17-0400	de0a2daa0832e7f12bf1cfa245b5acc1d0c6432b30f068dbb2a93983abce4792	clean
revised/iteration4/data/Figures/Figure6/separate_invitro_seed_cache/seed274.rds	7321	2026-08-29T18:22:16-0400	7accf8dea178f33d7b661c3cb5927842fdcdd65524156dd75ec4213cba59cdde	clean
revised/iteration4/data/Figures/Figure6/separate_invitro_seed_cache/seed275.rds	7347	2026-08-29T18:22:17-0400	d05ae28966b0e5a79615d052d5e97183917b7982ee1b765bac7860a68675a599	clean
revised/iteration4/data/Figures/Figure6/separate_invitro_seed_cache/seed276.rds	7317	2026-08-29T18:22:17-0400	5dc39b0b7f8b81f93e53b1acd53856ed025fc978db5345025e77bcbf953f9915	clean
revised/iteration4/data/Figures/Figure6/separate_invitro_seed_cache/seed277.rds	7412	2026-08-29T18:22:17-0400	3ed5a8116f832d6ea331cc7f254ce88cf495d0d6ca1603c960f4931432e2b855	clean
revised/iteration4/data/Figures/Figure6/separate_invitro_seed_cache/seed278.rds	7365	2026-08-29T18:22:17-0400	bfd9fba9b7423d91f5b4ffef1bd0e18b3ab6732e803d72d066c6f59f2ea23b79	clean
revised/iteration4/data/Figures/Figure6/separate_invitro_seed_cache/seed279.rds	7380	2026-08-29T18:22:17-0400	7bea14b827701fd83cc1974b2b56ecbb0983f15546f18920fb4033a3f5103a7e	clean
revised/iteration4/data/Figures/Figure6/separate_invitro_seed_cache/seed28.rds	7283	2026-08-29T18:22:06-0400	ce38ff810566b735263ed2ce6cc26284b32b62ab1777169e366c705e7490f199	clean
revised/iteration4/data/Figures/Figure6/separate_invitro_seed_cache/seed280.rds	7343	2026-08-29T18:22:17-0400	83e51cb30c2742756e4a454a9a126f67a1b7257486dcb65b114b7f6dd1111ebb	clean
revised/iteration4/data/Figures/Figure6/separate_invitro_seed_cache/seed281.rds	7289	2026-08-29T18:22:18-0400	43f91f46773f4faabf30df90ff7a793fe8a8cb7d36371eb3264ca1a9a60d5599	clean
revised/iteration4/data/Figures/Figure6/separate_invitro_seed_cache/seed282.rds	7297	2026-08-29T18:22:17-0400	ce002962b59cd0f4c0283643e72e68b61f596c9f154313f58068d0d9b8ed77dd	clean
revised/iteration4/data/Figures/Figure6/separate_invitro_seed_cache/seed283.rds	7254	2026-08-29T18:22:17-0400	1decee255219650181a838f3e664c2ab9f62183e4c57f40252c82580292ee585	clean
revised/iteration4/data/Figures/Figure6/separate_invitro_seed_cache/seed284.rds	7330	2026-08-29T18:22:17-0400	bc4d4cbae10702b9aec97d9fd12ca63c45be2d8b7fdb56f42a7792b45070f5a3	clean
revised/iteration4/data/Figures/Figure6/separate_invitro_seed_cache/seed285.rds	7379	2026-08-29T18:22:18-0400	5d6dc7541d268ca2afd69c2b3970eb2ae5d65a09ec89bf062399a4a89081ecaf	clean
revised/iteration4/data/Figures/Figure6/separate_invitro_seed_cache/seed286.rds	7231	2026-08-29T18:22:18-0400	01afdbbb53c5f1956d725bb6cfecea833edd61466981d52df2755c73af754646	clean
revised/iteration4/data/Figures/Figure6/separate_invitro_seed_cache/seed287.rds	7534	2026-08-29T18:22:17-0400	52dfd45d4c417eb8da4266d9d89b8a405979646e80af461d7a38e21154db1860	clean
revised/iteration4/data/Figures/Figure6/separate_invitro_seed_cache/seed288.rds	7463	2026-08-29T18:22:18-0400	e2464ae629f5c6ff0090f1edb0957c0bd8507e4e14d78ac89299da11599a9c2e	clean
revised/iteration4/data/Figures/Figure6/separate_invitro_seed_cache/seed289.rds	7362	2026-08-29T18:22:18-0400	4abc2bf03203ec1c1e15c654a39cf91491279e89fb86d035fff9fdb71ca830f9	clean
revised/iteration4/data/Figures/Figure6/separate_invitro_seed_cache/seed29.rds	7337	2026-08-29T18:22:04-0400	939b26a6b7896d14f3fc19bd27bdde09f0ee09d1270384b03c9799347e110792	clean
revised/iteration4/data/Figures/Figure6/separate_invitro_seed_cache/seed290.rds	7346	2026-08-29T18:22:17-0400	80e416a8cc1c1425aa11b75cfb17b0ef3f05148d991be84322387d99e8fa52e1	clean
revised/iteration4/data/Figures/Figure6/separate_invitro_seed_cache/seed291.rds	7166	2026-08-29T18:22:18-0400	c27c5cecad69c323f0b74afd73c2b7fb47a0d18ddaa8a69a92930daa53dee2f4	clean
revised/iteration4/data/Figures/Figure6/separate_invitro_seed_cache/seed292.rds	7251	2026-08-29T18:22:18-0400	dde144a3fbad12451fd820c902f4289f247395cb85533dd5a9b1068337ea5afa	clean
revised/iteration4/data/Figures/Figure6/separate_invitro_seed_cache/seed293.rds	7355	2026-08-29T18:22:18-0400	26d7d578cdd10bcad2af33aae41da87cd9fb49b8d9db2fca771cd22af4a08b46	clean
revised/iteration4/data/Figures/Figure6/separate_invitro_seed_cache/seed294.rds	7256	2026-08-29T18:22:18-0400	046da770a7b1bf176aa08d44edcb5a4b36c12923b5314d1e13c1ad2c982121f8	clean
revised/iteration4/data/Figures/Figure6/separate_invitro_seed_cache/seed295.rds	7394	2026-08-29T18:22:18-0400	f58366f55a3da6f304a624ffeb684470e7b37c34a128a273a70ff1a6e66b2fe8	clean
revised/iteration4/data/Figures/Figure6/separate_invitro_seed_cache/seed296.rds	7359	2026-08-29T18:22:18-0400	f4472ea4c06793d94a0033a7bcb7115cf8b99f14723aee7b62dcd32568e49ec9	clean
revised/iteration4/data/Figures/Figure6/separate_invitro_seed_cache/seed297.rds	7354	2026-08-29T18:22:18-0400	2dc52082c56193e70aaffc78be5f7cc90c07b66c228b242568ddd8cbc8b036a9	clean
revised/iteration4/data/Figures/Figure6/separate_invitro_seed_cache/seed298.rds	7291	2026-08-29T18:22:18-0400	12cc6b7e577aec47191833f1d7a37135050a739ced99f9aef85b727c0b226db7	clean
revised/iteration4/data/Figures/Figure6/separate_invitro_seed_cache/seed299.rds	7430	2026-08-29T18:22:18-0400	644eefa2cd1a10472c47f6c21efd54a37b0ad712a1e1a99e0007864e1c86c682	clean
revised/iteration4/data/Figures/Figure6/separate_invitro_seed_cache/seed3.rds	7274	2026-08-29T18:22:04-0400	a1237f731c08b8cdedcb2d54a32571954db1f8403fe7d361f6b3a0cffc8da9a2	clean
revised/iteration4/data/Figures/Figure6/separate_invitro_seed_cache/seed30.rds	7357	2026-08-29T18:22:04-0400	ab72535c9f930a28524b2b5238a07b2ee26c1e7538960100072bbf21abd34450	clean
revised/iteration4/data/Figures/Figure6/separate_invitro_seed_cache/seed300.rds	7369	2026-08-29T18:22:18-0400	b2e9a26cf0d1f97e62e2b56401763d714f9ce4f2bce5091e316e6bf3503a204a	clean
revised/iteration4/data/Figures/Figure6/separate_invitro_seed_cache/seed301.rds	7259	2026-08-29T18:22:18-0400	d2c1ee4eba88dfc98cc88c4b4f1128c36a7ea43e8d154b25613673b243da042c	clean
revised/iteration4/data/Figures/Figure6/separate_invitro_seed_cache/seed302.rds	7341	2026-08-29T18:22:18-0400	f545b15f1d85b1f3c8768e31e262cbd5f3d53787a56adf3ee5aaeffbece82397	clean
revised/iteration4/data/Figures/Figure6/separate_invitro_seed_cache/seed303.rds	7348	2026-08-29T18:22:18-0400	06a28b49dd1112ed03b8bd7150ad3c6ddbd09d5190caf4376a07260ded138042	clean
revised/iteration4/data/Figures/Figure6/separate_invitro_seed_cache/seed304.rds	7373	2026-08-29T18:22:18-0400	01a489fd99e2183f3694a99f82553d61fc2dbf2630de3b3efcb0f393f8b94cb0	clean
revised/iteration4/data/Figures/Figure6/separate_invitro_seed_cache/seed305.rds	7345	2026-08-29T18:22:18-0400	6f4a406ed1bb302b113904c9166f3015b8e156eeed18bdf8d2a9c249e3351545	clean
revised/iteration4/data/Figures/Figure6/separate_invitro_seed_cache/seed306.rds	7345	2026-08-29T18:22:18-0400	fb531d36cb38c6b59ba9c9482ad220fb1955073a1d084ff8b2341dd5d21e7b93	clean
revised/iteration4/data/Figures/Figure6/separate_invitro_seed_cache/seed307.rds	7358	2026-08-29T18:22:18-0400	600d72a491f08010ee68a1485adf057e16aef3f4ad176d9acbc298ef9d5d3dd6	clean
revised/iteration4/data/Figures/Figure6/separate_invitro_seed_cache/seed308.rds	7316	2026-08-29T18:22:19-0400	4a06ddcc86b51705b82ae298bee905a8de95e7810b00cf727fd8e6bdf27ac5d9	clean
revised/iteration4/data/Figures/Figure6/separate_invitro_seed_cache/seed309.rds	7339	2026-08-29T18:22:19-0400	d0eb33707b4f30a9dbb92bba66197d5a45883881abd07d43c082c5d6a038f6da	clean
revised/iteration4/data/Figures/Figure6/separate_invitro_seed_cache/seed31.rds	7332	2026-08-29T18:22:04-0400	ff66709009b1637bedd6e533225673a8d5e2720ebb010c69367c5058b3a474e3	clean
revised/iteration4/data/Figures/Figure6/separate_invitro_seed_cache/seed310.rds	7344	2026-08-29T18:22:19-0400	a38d78839820dda3a8dc238edd87505787ca46004d8fd56528168e86b7c53174	clean
revised/iteration4/data/Figures/Figure6/separate_invitro_seed_cache/seed311.rds	7497	2026-08-29T18:22:19-0400	2f1f1d3ebe7e8f44ffc75cc41f4e907db1e12940c739eabb491fea03cafc4b80	clean
revised/iteration4/data/Figures/Figure6/separate_invitro_seed_cache/seed312.rds	7530	2026-08-29T18:22:19-0400	d2e9015c079be16172fcc85fb898f2e9c61cffb95cfa1c67b5c5af853b977e3b	clean
revised/iteration4/data/Figures/Figure6/separate_invitro_seed_cache/seed313.rds	7178	2026-08-29T18:22:19-0400	cc18a0efbc3fe8c798d7831ebfef473ab14a72f2121df61fe31e450b6a496cca	clean
revised/iteration4/data/Figures/Figure6/separate_invitro_seed_cache/seed314.rds	7321	2026-08-29T18:22:19-0400	ac63427dfe32b946d57e53cae9a59e1afe91d5e77cc01b92056cf815d5f576d1	clean
revised/iteration4/data/Figures/Figure6/separate_invitro_seed_cache/seed315.rds	7287	2026-08-29T18:22:19-0400	1f8e0866d3f9489d04035c9d4f15d65682a05d63427002025aefe4bf2bc5cc43	clean
revised/iteration4/data/Figures/Figure6/separate_invitro_seed_cache/seed316.rds	7447	2026-08-29T18:22:19-0400	b9595bbe8e70746ecb34f9915b3f934d0a8bdb61ff5da744055dc1e4213b920c	clean
revised/iteration4/data/Figures/Figure6/separate_invitro_seed_cache/seed317.rds	7334	2026-08-29T18:22:19-0400	1678c4d91b124b8d48c8bb78b4e044917adfb12f4754944839d56f68ad3315c0	clean
revised/iteration4/data/Figures/Figure6/separate_invitro_seed_cache/seed318.rds	7258	2026-08-29T18:22:19-0400	b512b8a5d107e873919120982de7fb0e7762b4012e3ba9fdbefac663afc73144	clean
revised/iteration4/data/Figures/Figure6/separate_invitro_seed_cache/seed319.rds	7330	2026-08-29T18:22:19-0400	e451ec0541dfe28dc0adade310d24ca97f81d50a1c8fd74af2786b73ebda2207	clean
revised/iteration4/data/Figures/Figure6/separate_invitro_seed_cache/seed32.rds	7260	2026-08-29T18:22:04-0400	25587fe88cb2b0a38f3787774bb263f0093c43f63be3cb8a72168165574be48c	clean
revised/iteration4/data/Figures/Figure6/separate_invitro_seed_cache/seed320.rds	7185	2026-08-29T18:22:19-0400	2469ba91a7d91e51d49b12e9ece1172bd1fbec96d33e61f6c56ff20f214e00e3	clean
revised/iteration4/data/Figures/Figure6/separate_invitro_seed_cache/seed321.rds	7276	2026-08-29T18:22:19-0400	cdc3c4ec0903e44cb9918f1d2ee5f319386f51658090a7cfe77679eac8040b6f	clean
revised/iteration4/data/Figures/Figure6/separate_invitro_seed_cache/seed322.rds	7474	2026-08-29T18:22:19-0400	235abeabe25974bdd4fb893eac63e5ab690d326be87abff8efd8a2fa56514c15	clean
revised/iteration4/data/Figures/Figure6/separate_invitro_seed_cache/seed323.rds	7365	2026-08-29T18:22:19-0400	be9d1f02cba532b648b263a318648fc994e4bc65a905e904427af83c35f93897	clean
revised/iteration4/data/Figures/Figure6/separate_invitro_seed_cache/seed324.rds	7351	2026-08-29T18:22:19-0400	9d40f3e76ca04c9ef1ce94e5dc721a0d78b2585747c723e43140cae56faa79c8	clean
revised/iteration4/data/Figures/Figure6/separate_invitro_seed_cache/seed325.rds	7289	2026-08-29T18:22:19-0400	2aed887530d90ccb803a5bc690763b8948a918ffa7208e95ee8c2272672be665	clean
revised/iteration4/data/Figures/Figure6/separate_invitro_seed_cache/seed326.rds	7353	2026-08-29T18:22:19-0400	7e78fab5ac0efee1a05ab9831f1b7c8b1b8fb1ea4f3cec446e3bb3ec8036a853	clean
revised/iteration4/data/Figures/Figure6/separate_invitro_seed_cache/seed327.rds	7341	2026-08-29T18:22:20-0400	81163ef1e98566768102b77910b3caff25554080a5f51e1bbb771ef9a820939d	clean
revised/iteration4/data/Figures/Figure6/separate_invitro_seed_cache/seed328.rds	7517	2026-08-29T18:22:19-0400	2fdde7fe1aa698c76a0c0efa33d9fa5cf464094f123350f98fdb1deb908cc9ae	clean
revised/iteration4/data/Figures/Figure6/separate_invitro_seed_cache/seed329.rds	7315	2026-08-29T18:22:19-0400	0e7b2420b844c4c1091bf3c5350376fdb59931d647d0f9f52f9904f98ec40b7d	clean
revised/iteration4/data/Figures/Figure6/separate_invitro_seed_cache/seed33.rds	7456	2026-08-29T18:22:06-0400	8a32e6279b9621ee967a08bc6c0a1bf6ffe678aecf3329a94ee9b16881085f43	clean
revised/iteration4/data/Figures/Figure6/separate_invitro_seed_cache/seed330.rds	7358	2026-08-29T18:22:19-0400	4f9b0f3eb5bcccec0225a2fa55e7b75aea9297b8b4c2e6d0e031d4c578351cb6	clean
revised/iteration4/data/Figures/Figure6/separate_invitro_seed_cache/seed331.rds	7296	2026-08-29T18:22:20-0400	9ed251d81125ed5aee00ff53117075e8260106f242e51181f2e9237d53ea2059	clean
revised/iteration4/data/Figures/Figure6/separate_invitro_seed_cache/seed332.rds	7295	2026-08-29T18:22:20-0400	c4286d83869970e14cc4ef2e4acbe47144758a4f7a6bcd24eb07079f1385b8a5	clean
revised/iteration4/data/Figures/Figure6/separate_invitro_seed_cache/seed333.rds	7369	2026-08-29T18:22:20-0400	848ff1172bb49b69fdfac151abea5ffa88c2009fd90febf6ce736b13a31cf7c4	clean
revised/iteration4/data/Figures/Figure6/separate_invitro_seed_cache/seed334.rds	5443	2026-08-29T18:22:19-0400	796023524fdffd613b6790a128d97010307912d02f3568034576f4c8f2b8a1e7	clean
revised/iteration4/data/Figures/Figure6/separate_invitro_seed_cache/seed335.rds	7308	2026-08-29T18:22:20-0400	1d09365ae273281e366b7b3120606a45cd6409215a0d2b1081c09514e57d6a2f	clean
revised/iteration4/data/Figures/Figure6/separate_invitro_seed_cache/seed336.rds	7400	2026-08-29T18:22:19-0400	269cd57f5f15389834f2159aea0a728e509f42b5eddcdd0fda294a56dd713556	clean
revised/iteration4/data/Figures/Figure6/separate_invitro_seed_cache/seed337.rds	7558	2026-08-29T18:22:20-0400	ffe8674f1882cedd035ad3164ef569e010f76e5aac9da51f70979740c0466ad4	clean
revised/iteration4/data/Figures/Figure6/separate_invitro_seed_cache/seed338.rds	7406	2026-08-29T18:22:20-0400	ec24b779c1caa5ac6389056ae40de6a1743cd07b22fd413125d6f35b2ab4be9a	clean
revised/iteration4/data/Figures/Figure6/separate_invitro_seed_cache/seed339.rds	7308	2026-08-29T18:22:20-0400	87877d1af40755171b7ec63aa9aecc9c0e2c0834b368c6eb5494e0abb0242bb5	clean
revised/iteration4/data/Figures/Figure6/separate_invitro_seed_cache/seed34.rds	7357	2026-08-29T18:22:04-0400	382c7d8ad653995396a6f5c3353a58ccd31deec434059bd2c838c68b3f87f2e6	clean
revised/iteration4/data/Figures/Figure6/separate_invitro_seed_cache/seed340.rds	7351	2026-08-29T18:22:20-0400	3d2dfbd27db6d0c4f3b2680d622d436b2b8e233b1c2084f6cb94ab001b9840fb	clean
revised/iteration4/data/Figures/Figure6/separate_invitro_seed_cache/seed341.rds	7248	2026-08-29T18:22:20-0400	e7197ae8351e7390ce652f08bdddaf5ac938ca7d540abb183d0f0b73b898042f	clean
revised/iteration4/data/Figures/Figure6/separate_invitro_seed_cache/seed342.rds	7254	2026-08-29T18:22:20-0400	9c499637b1109828095fb5aad6922fda880903871e8a9a5c899b1722df5496fb	clean
revised/iteration4/data/Figures/Figure6/separate_invitro_seed_cache/seed343.rds	7265	2026-08-29T18:22:20-0400	06e75b294b6212eb6adb16fbd47eff5cdd013b50ff0a9dc1025097d6a69b239f	clean
revised/iteration4/data/Figures/Figure6/separate_invitro_seed_cache/seed344.rds	7352	2026-08-29T18:22:20-0400	485b3ccaa886ba551282a99a658912752e49d39d6e2f9082e25c59ad3c2eaafc	clean
revised/iteration4/data/Figures/Figure6/separate_invitro_seed_cache/seed345.rds	7250	2026-08-29T18:22:20-0400	90f4b28a2845de33435b5d840cf227b045ec9e3c0be3f22ee21572a9da5c245e	clean
revised/iteration4/data/Figures/Figure6/separate_invitro_seed_cache/seed346.rds	7262	2026-08-29T18:22:20-0400	1ae66df5c21bc8c3ae48a74adaffdc4e891041fbc163ffabc3843b56db6729f3	clean
revised/iteration4/data/Figures/Figure6/separate_invitro_seed_cache/seed347.rds	7362	2026-08-29T18:22:20-0400	9bc539d6085c8ac60086825604cbb95bf4b2db423e4ed38e49a9d648f8a8350b	clean
revised/iteration4/data/Figures/Figure6/separate_invitro_seed_cache/seed348.rds	7416	2026-08-29T18:22:20-0400	9e5cf9c3b66a45235fd16692dcb57edffb984330a116a41a5429894b4220e209	clean
revised/iteration4/data/Figures/Figure6/separate_invitro_seed_cache/seed349.rds	7273	2026-08-29T18:22:20-0400	c4d94d4328b73234b9882d5dbb00fbf94b9af87e3ae0291e50f9070627bb8bd4	clean
revised/iteration4/data/Figures/Figure6/separate_invitro_seed_cache/seed35.rds	7366	2026-08-29T18:22:04-0400	536884fc76094fd94fcfde13dd451c6d7f9f3b20a1778864b2ae154235391a36	clean
revised/iteration4/data/Figures/Figure6/separate_invitro_seed_cache/seed350.rds	7345	2026-08-29T18:22:20-0400	d9e477ea77311e850aa9933484699af009c0fb540ed58fd6930ff705a2b22d74	clean
revised/iteration4/data/Figures/Figure6/separate_invitro_seed_cache/seed351.rds	7375	2026-08-29T18:22:20-0400	995ef1b917de281863cfca74bc2c4a7ed6ed0bf46c1fa9048d87d8c4a0ecada0	clean
revised/iteration4/data/Figures/Figure6/separate_invitro_seed_cache/seed352.rds	7260	2026-08-29T18:22:20-0400	dbacce41772c29d5b96cb482a4c6109527246b7e08ab53a16fc9e2b305e08914	clean
revised/iteration4/data/Figures/Figure6/separate_invitro_seed_cache/seed353.rds	7398	2026-08-29T18:22:21-0400	75c6d9c18093e9a335277fe2ac049490d0f5add075a0ff6517e4240e430c60f7	clean
revised/iteration4/data/Figures/Figure6/separate_invitro_seed_cache/seed354.rds	7383	2026-08-29T18:22:20-0400	b4bdbc90b8be546828ea9af379ebb6b5ec087d9708fbfa4077b96f59d7c00d60	clean
revised/iteration4/data/Figures/Figure6/separate_invitro_seed_cache/seed355.rds	7495	2026-08-29T18:22:21-0400	61187a31aeabfb57932134dc5257f8a3354f968b2582ddec434bb8208bf3552a	clean
revised/iteration4/data/Figures/Figure6/separate_invitro_seed_cache/seed356.rds	7274	2026-08-29T18:22:21-0400	e3b7a0012f8555b742fb50bd10e3239f3dec013651804a4b236941adb3d3bf62	clean
revised/iteration4/data/Figures/Figure6/separate_invitro_seed_cache/seed357.rds	7275	2026-08-29T18:22:21-0400	74925e3717bdded177a6ed0d1d76c38ed50a67998e41f726d8d74e7e7728f89b	clean
revised/iteration4/data/Figures/Figure6/separate_invitro_seed_cache/seed358.rds	7501	2026-08-29T18:22:21-0400	9f24a9082e638b5c3bb277d926cd8810d3efb6c17dd767a2b668c039d26b3999	clean
revised/iteration4/data/Figures/Figure6/separate_invitro_seed_cache/seed359.rds	7245	2026-08-29T18:22:21-0400	f30a86e7d8f073881e0b5a269f8d7129e7a648ff0e039d25557d4358732f4c71	clean
revised/iteration4/data/Figures/Figure6/separate_invitro_seed_cache/seed36.rds	7328	2026-08-29T18:22:04-0400	311d2d0cb7a5b868d0323530491a19753cda44eee3f7ec33dc9dcfe24c6cdb3c	clean
revised/iteration4/data/Figures/Figure6/separate_invitro_seed_cache/seed360.rds	7343	2026-08-29T18:22:21-0400	059060deb1bd7072d7246c21be9655316c7d0fde2f9768a930bc3466946aed56	clean
revised/iteration4/data/Figures/Figure6/separate_invitro_seed_cache/seed361.rds	7239	2026-08-29T18:22:21-0400	275be0d0b60b25490206ff081b308f350834c3dddec3c4bbaedf93d491f4e8cc	clean
revised/iteration4/data/Figures/Figure6/separate_invitro_seed_cache/seed362.rds	7243	2026-08-29T18:22:21-0400	20b2456655424d37f3e33c1e20ab9b0657b947b9503a601b0f396283b6a7d523	clean
revised/iteration4/data/Figures/Figure6/separate_invitro_seed_cache/seed363.rds	7408	2026-08-29T18:22:21-0400	9c46dc54a6109349522d70726c4fa113b6ceaa62929d566cd56135c1b21321db	clean
revised/iteration4/data/Figures/Figure6/separate_invitro_seed_cache/seed364.rds	7364	2026-08-29T18:22:21-0400	de04d30880c324aefc7bdcd106eb9b4e4f2a0fb418b85d30c6261d21d051e375	clean
revised/iteration4/data/Figures/Figure6/separate_invitro_seed_cache/seed365.rds	7267	2026-08-29T18:22:21-0400	047932cf2c6e905b6d1ebee76f864a6a4e71c842765f2ba1490958ec542f262d	clean
revised/iteration4/data/Figures/Figure6/separate_invitro_seed_cache/seed366.rds	7251	2026-08-29T18:22:21-0400	b206993f1ad47bf61f0b380a040dfc961340375e8a4b14d3dbe0f124051c0684	clean
revised/iteration4/data/Figures/Figure6/separate_invitro_seed_cache/seed367.rds	7270	2026-08-29T18:22:21-0400	442162eccb21ce7baabd7528ba39dbaeece365df981b5ac5008e5e99c5b9949b	clean
revised/iteration4/data/Figures/Figure6/separate_invitro_seed_cache/seed368.rds	7360	2026-08-29T18:22:21-0400	4c6364fdd9108ae8af4a440a93883802616af80825ca59290ea599368caa6921	clean
revised/iteration4/data/Figures/Figure6/separate_invitro_seed_cache/seed369.rds	7233	2026-08-29T18:22:22-0400	dda015f6c52dd8416ca54cc0f805ef2d362f690000dd53d9781f35c76f11e335	clean
revised/iteration4/data/Figures/Figure6/separate_invitro_seed_cache/seed37.rds	7461	2026-08-29T18:22:04-0400	9a2b41f99b9ec309be7c867f1065424d0273aee83224f287f205bdc60d47f844	clean
revised/iteration4/data/Figures/Figure6/separate_invitro_seed_cache/seed370.rds	7299	2026-08-29T18:22:22-0400	511438fbceb98869f5973cb6982afc5595eca1f5ddb44dbff76c6b7c6cc84e03	clean
revised/iteration4/data/Figures/Figure6/separate_invitro_seed_cache/seed371.rds	7252	2026-08-29T18:22:22-0400	afc67857d098f31615d611223f3e9f578826137a6a0e244574b495a2910ed8d1	clean
revised/iteration4/data/Figures/Figure6/separate_invitro_seed_cache/seed372.rds	7267	2026-08-29T18:22:22-0400	6ad8e557e5a38c6123adab073f40d3a4c5baef3c44d29152d2479579a6308d1c	clean
revised/iteration4/data/Figures/Figure6/separate_invitro_seed_cache/seed373.rds	7360	2026-08-29T18:22:22-0400	1f0761d0b4a974e668ffeaf5a98e37687e24356ee6e23ae5c7f4faf0afdb91b9	clean
revised/iteration4/data/Figures/Figure6/separate_invitro_seed_cache/seed374.rds	7266	2026-08-29T18:22:22-0400	cb9b545910aab23be4902f7ad34be416c4d2702469db5111c7ca910e682b5b1d	clean
revised/iteration4/data/Figures/Figure6/separate_invitro_seed_cache/seed375.rds	7271	2026-08-29T18:22:22-0400	799b01962708f230b8f57d8813c00b1a1f5ef081d9dee76f5ba98a865498af96	clean
revised/iteration4/data/Figures/Figure6/separate_invitro_seed_cache/seed376.rds	7400	2026-08-29T18:22:22-0400	ea4aa95ff124ddf85f08ff12d4322cf8cad58b4d2b07d7962343a831b1c335bb	clean
revised/iteration4/data/Figures/Figure6/separate_invitro_seed_cache/seed377.rds	7471	2026-08-29T18:22:22-0400	f88a66465b8e2370b2bea41d1124be1ad603ddafa93fa77e97be6e6cf783bb12	clean
revised/iteration4/data/Figures/Figure6/separate_invitro_seed_cache/seed378.rds	7444	2026-08-29T18:22:22-0400	ed63cd0c82cddc3462fced3cd77364acf6bced1748ddfc5dcce078c48126f45e	clean
revised/iteration4/data/Figures/Figure6/separate_invitro_seed_cache/seed379.rds	7316	2026-08-29T18:22:22-0400	3c2e1a6658f6953dbbd1f0a8d24e934ac1d176bb97d427f1f449aa5d2c56983d	clean
revised/iteration4/data/Figures/Figure6/separate_invitro_seed_cache/seed38.rds	7486	2026-08-29T18:22:04-0400	9df3ffe3d9ea1eabbbf3d4e19cc7b178ccb5e2f09c4144771eb6a442bca4e470	clean
revised/iteration4/data/Figures/Figure6/separate_invitro_seed_cache/seed380.rds	7273	2026-08-29T18:22:22-0400	9df553a098eb571bed08981a993d795a622e1d9088c6f2cf837605d8f133cf2d	clean
revised/iteration4/data/Figures/Figure6/separate_invitro_seed_cache/seed381.rds	7502	2026-08-29T18:22:22-0400	ddbeb0a630ba3f43adde0f6c4e842997a8190246e7972e22c479f6b99bccca79	clean
revised/iteration4/data/Figures/Figure6/separate_invitro_seed_cache/seed382.rds	7467	2026-08-29T18:22:22-0400	28d6f73fa5537be899c947a42f1b8698b03704aa1da688318b5febcfcc51db04	clean
revised/iteration4/data/Figures/Figure6/separate_invitro_seed_cache/seed383.rds	7363	2026-08-29T18:22:22-0400	6e566666f49758bfefdeb97b91b714e49f39a59927a34ff976d1c9ad0b969f3b	clean
revised/iteration4/data/Figures/Figure6/separate_invitro_seed_cache/seed384.rds	7286	2026-08-29T18:22:22-0400	e88c211db6451cc4c5f728c47499acee07ff8bf25d126a419fc7354ea30a3a14	clean
revised/iteration4/data/Figures/Figure6/separate_invitro_seed_cache/seed385.rds	7258	2026-08-29T18:22:22-0400	7cddd8b1e3615dad029bd05fe2af8048c717ea253b7882c9c0617a6ff3c6da04	clean
revised/iteration4/data/Figures/Figure6/separate_invitro_seed_cache/seed386.rds	7280	2026-08-29T18:22:22-0400	5053bc7e68a8a3056c76abb6923e33a5705c919efeeefa0c67bb09d9b0b3924e	clean
revised/iteration4/data/Figures/Figure6/separate_invitro_seed_cache/seed387.rds	7325	2026-08-29T18:22:22-0400	0c9c191d26e2e64bf5ef25793c6f3e75e016b25e5ae1942dc0ab6c05ff3cc393	clean
revised/iteration4/data/Figures/Figure6/separate_invitro_seed_cache/seed388.rds	7547	2026-08-29T18:22:22-0400	278cbea6203e08b2be37d4ae36eea23fb861c665038c444aa59fbbb7e0b31ea4	clean
revised/iteration4/data/Figures/Figure6/separate_invitro_seed_cache/seed389.rds	7219	2026-08-29T18:22:22-0400	b3ff201e74cb0cadd3c4eb363c1a85e829067db7a9b5001ab91c7dfff3f30579	clean
revised/iteration4/data/Figures/Figure6/separate_invitro_seed_cache/seed39.rds	7351	2026-08-29T18:22:04-0400	772a9b3d6df0c6d5da374130f25f2de7cbacc038b3bfdcfed2b04c9d212aa52e	clean
revised/iteration4/data/Figures/Figure6/separate_invitro_seed_cache/seed390.rds	7567	2026-08-29T18:22:22-0400	bee9eb3b620b7dc6392c1b42c0c4f2a2595a8fc04a47d0049c189b2417293ce1	clean
revised/iteration4/data/Figures/Figure6/separate_invitro_seed_cache/seed391.rds	7345	2026-08-29T18:22:22-0400	a71a6339334a745de315adee0d2590382b92b361815924874684021bd0320a59	clean
revised/iteration4/data/Figures/Figure6/separate_invitro_seed_cache/seed392.rds	7396	2026-08-29T18:22:22-0400	0b8fa1f6fcebac3da0aa4aef6e32c22c361c34670109395f2a682db722848777	clean
revised/iteration4/data/Figures/Figure6/separate_invitro_seed_cache/seed393.rds	7302	2026-08-29T18:22:23-0400	9d11be3c1a8594cd766a46acf7145915b26d450fd783d98a4ffd9009e868d2c3	clean
revised/iteration4/data/Figures/Figure6/separate_invitro_seed_cache/seed394.rds	7397	2026-08-29T18:22:23-0400	855674b55248bb4883445358af0934367af0796ee1af75dc8b23209b067f5032	clean
revised/iteration4/data/Figures/Figure6/separate_invitro_seed_cache/seed395.rds	7247	2026-08-29T18:22:23-0400	49ff9242c2b354b0d2221d05d436bc9f6bd08bb2f961f9875527918318bebe9b	clean
revised/iteration4/data/Figures/Figure6/separate_invitro_seed_cache/seed396.rds	7391	2026-08-29T18:22:23-0400	0ceb8fdb9dca5cafd53c9cf405941d9042316e8ccfab7604b788ab3d9bc3ff59	clean
revised/iteration4/data/Figures/Figure6/separate_invitro_seed_cache/seed397.rds	7300	2026-08-29T18:22:23-0400	4420e7689049beeccb7a632d25bbcf312e0aa48d510d105c7318980dc2f8c33e	clean
revised/iteration4/data/Figures/Figure6/separate_invitro_seed_cache/seed398.rds	7381	2026-08-29T18:22:23-0400	eacf3068907dcc61be5d58eab98b8ea81728e126efc621f393c40080eed58b85	clean
revised/iteration4/data/Figures/Figure6/separate_invitro_seed_cache/seed399.rds	7360	2026-08-29T18:22:23-0400	adf3e24b327958c0471d2df720655d6caa14004993c79edf77f8de52d6749763	clean
revised/iteration4/data/Figures/Figure6/separate_invitro_seed_cache/seed4.rds	7343	2026-08-29T18:22:04-0400	536599df7ce5bb98a1a93234a6083fdd99ed2818410a1a10872f22240d300bc9	clean
revised/iteration4/data/Figures/Figure6/separate_invitro_seed_cache/seed40.rds	7329	2026-08-29T18:22:04-0400	0a3864c5578d7957e578b45f4cac83b4f6501f5f23fea6cd2cfb40efb0b57242	clean
revised/iteration4/data/Figures/Figure6/separate_invitro_seed_cache/seed400.rds	7370	2026-08-29T18:22:23-0400	0067435bd03135119259bd840b44bf66225b07c9f2d13cfb30f14b1861bb7b43	clean
revised/iteration4/data/Figures/Figure6/separate_invitro_seed_cache/seed401.rds	7439	2026-08-29T18:22:23-0400	3c67bf5d5c0c8fd15fd8037cad06c99caa28da2c078052d6ae7fca7d4532bb40	clean
revised/iteration4/data/Figures/Figure6/separate_invitro_seed_cache/seed402.rds	7435	2026-08-29T18:22:23-0400	d3955a6c68cf67a36c32637fcf5476861fc86a1a004f367502df95ff6edf013f	clean
revised/iteration4/data/Figures/Figure6/separate_invitro_seed_cache/seed403.rds	7268	2026-08-29T18:22:23-0400	981610d1dce4c65131260c404df9f93687362f27276779ffcbc57685b9bb160b	clean
revised/iteration4/data/Figures/Figure6/separate_invitro_seed_cache/seed404.rds	7347	2026-08-29T18:22:23-0400	a8816f7932784f17762519ee0f3b372899a79abb0d172e64ca70381d496ed6eb	clean
revised/iteration4/data/Figures/Figure6/separate_invitro_seed_cache/seed405.rds	7305	2026-08-29T18:22:23-0400	eb6ee4fca62503078c4310b82bdfd8d682dfe3ee064f1686a73051aab9908f74	clean
revised/iteration4/data/Figures/Figure6/separate_invitro_seed_cache/seed406.rds	7347	2026-08-29T18:22:23-0400	662c2248c7d909761b811f2df9479d1f1bf4df527b9f62b4f7bbc6a731e4de9f	clean
revised/iteration4/data/Figures/Figure6/separate_invitro_seed_cache/seed407.rds	7394	2026-08-29T18:22:23-0400	ebb3f437f8a4529c39d55f8dd22cd4733bf599218294dc0ede4a5cb7d15f8d75	clean
revised/iteration4/data/Figures/Figure6/separate_invitro_seed_cache/seed408.rds	7490	2026-08-29T18:22:23-0400	6b3c9f52fa0c1203be165017804fe0d29bca6ff2287e4d53d1c258ed57db478a	clean
revised/iteration4/data/Figures/Figure6/separate_invitro_seed_cache/seed409.rds	7318	2026-08-29T18:22:23-0400	3887e4ea20672ffe4789e69f267c35c8329dc006f3d05385559e00051e2cecdd	clean
revised/iteration4/data/Figures/Figure6/separate_invitro_seed_cache/seed41.rds	7446	2026-08-29T18:22:06-0400	ce8ee39a31c18290c76c5bd9ca755c4d023deaebc28d34397e6b991bc0ee3d40	clean
revised/iteration4/data/Figures/Figure6/separate_invitro_seed_cache/seed410.rds	7332	2026-08-29T18:22:23-0400	7e4c661ba2fbbe47072b6eed509385be3c1508a180ce1b53a26a1712b92cbe2f	clean
revised/iteration4/data/Figures/Figure6/separate_invitro_seed_cache/seed411.rds	7364	2026-08-29T18:22:23-0400	af20909860f17ea3d605cf3d690b2ec62ebf61351b87f7091eaf06c893fcc0f6	clean
revised/iteration4/data/Figures/Figure6/separate_invitro_seed_cache/seed412.rds	7383	2026-08-29T18:22:23-0400	bf16865e6408308a89c48b1e224b448985e68f21e8aba5803988873c45f167ba	clean
revised/iteration4/data/Figures/Figure6/separate_invitro_seed_cache/seed413.rds	7333	2026-08-29T18:22:24-0400	c4db33c12089690bd2e39dee7ad2d0bff9ac7469de046f6c72e003e1fe04bda7	clean
revised/iteration4/data/Figures/Figure6/separate_invitro_seed_cache/seed414.rds	7453	2026-08-29T18:22:24-0400	445a486d4a0da2a72726f20f7e095fc6ce20e1aaabae0aee984cb9ea928688b6	clean
revised/iteration4/data/Figures/Figure6/separate_invitro_seed_cache/seed415.rds	7324	2026-08-29T18:22:24-0400	75dd471fed009c9936343ebe254d25b79e26fde760c2623807b6464a0a364d54	clean
revised/iteration4/data/Figures/Figure6/separate_invitro_seed_cache/seed416.rds	7408	2026-08-29T18:22:24-0400	37e3b347a530405878c5795e9c8d79bcb14698e977fa664919106f7503c9d447	clean
revised/iteration4/data/Figures/Figure6/separate_invitro_seed_cache/seed417.rds	7355	2026-08-29T18:22:24-0400	29619fc10b268b44372d4ebbf64c915b301fc5d3534c967adbb4ba8750c6a00a	clean
revised/iteration4/data/Figures/Figure6/separate_invitro_seed_cache/seed418.rds	7261	2026-08-29T18:22:24-0400	76328ca43e9c5045e700db2d814af894a79b779ae5bbfda1f961f7b6e62b9ba5	clean
revised/iteration4/data/Figures/Figure6/separate_invitro_seed_cache/seed419.rds	7303	2026-08-29T18:22:24-0400	add67e9c1fed8b89670e723f8c37fdfd87f9f82c796ede0e62566baaa4c30fbc	clean
revised/iteration4/data/Figures/Figure6/separate_invitro_seed_cache/seed42.rds	7358	2026-08-29T18:22:04-0400	5cacfb18b008eedadefc8824121dc8ef871c683bc99e0e19b214234fe7244927	clean
revised/iteration4/data/Figures/Figure6/separate_invitro_seed_cache/seed420.rds	7343	2026-08-29T18:22:24-0400	86ecd70c89ecfbc313d65ce5e090e30fa33deb135a0f6e71a579ba10cf15d3f9	clean
revised/iteration4/data/Figures/Figure6/separate_invitro_seed_cache/seed421.rds	7505	2026-08-29T18:22:24-0400	d91830fdff0f8489a913b11fb9af7df99c1be6a7b84f5c96a323cc36b8256b76	clean
revised/iteration4/data/Figures/Figure6/separate_invitro_seed_cache/seed422.rds	7433	2026-08-29T18:22:24-0400	a87d6f3db9c300b66c1496591312c03c66ab215f7400c104504b1f68bcb06b92	clean
revised/iteration4/data/Figures/Figure6/separate_invitro_seed_cache/seed423.rds	7272	2026-08-29T18:22:24-0400	141864927365a90e3c9c42592919b4924ed1b398641dacc521a288f3f76a9b7a	clean
revised/iteration4/data/Figures/Figure6/separate_invitro_seed_cache/seed424.rds	7323	2026-08-29T18:22:24-0400	5376290f9a55ad8a1bed16b3fc11aaee617b58292c622f15449c303e2dd0a836	clean
revised/iteration4/data/Figures/Figure6/separate_invitro_seed_cache/seed425.rds	7317	2026-08-29T18:22:24-0400	e01f512ab40cc2ccc0618281057730eb8ba5331dfb077a5cfc8841ea3708033d	clean
revised/iteration4/data/Figures/Figure6/separate_invitro_seed_cache/seed426.rds	7297	2026-08-29T18:22:24-0400	d723f7beaac537197084cb7a8958fd3943fd692dcf3bbfbbd6261b947bfced21	clean
revised/iteration4/data/Figures/Figure6/separate_invitro_seed_cache/seed427.rds	7576	2026-08-29T18:22:24-0400	8e722310c925798d9d77b14abd0667903a7eac22de46b1d55460112df4caf04a	clean
revised/iteration4/data/Figures/Figure6/separate_invitro_seed_cache/seed428.rds	7412	2026-08-29T18:22:24-0400	c3d8785b677b6c8cf07281dfac159648d836d45212777b09a74663f2a7d875a3	clean
revised/iteration4/data/Figures/Figure6/separate_invitro_seed_cache/seed429.rds	7472	2026-08-29T18:22:24-0400	78339859adbf39225a83b22ca52aa00f9baa7a6220559d375ecbec809f24e4dd	clean
revised/iteration4/data/Figures/Figure6/separate_invitro_seed_cache/seed43.rds	7362	2026-08-29T18:22:06-0400	e0526cc75a9c0299e588d8728e0d9a8dbb344ba3cf3f61479a0a8fe905d22275	clean
revised/iteration4/data/Figures/Figure6/separate_invitro_seed_cache/seed430.rds	7305	2026-08-29T18:22:24-0400	f94e11fea443e86eaf708b5613af8eaad06f7b8a12d6f0b33e29f884e77e5fd9	clean
revised/iteration4/data/Figures/Figure6/separate_invitro_seed_cache/seed431.rds	7502	2026-08-29T18:22:24-0400	2e739661b3492eb20d6a35601c151c7520e1a14d01889bd4e8d40cd46692c89a	clean
revised/iteration4/data/Figures/Figure6/separate_invitro_seed_cache/seed432.rds	7360	2026-08-29T18:22:24-0400	0c704c7fe99c21e420da4f81d9d2b4b1de05cd3a3dc721f6addf44d66fe5ff9a	clean
revised/iteration4/data/Figures/Figure6/separate_invitro_seed_cache/seed433.rds	7325	2026-08-29T18:22:25-0400	5ad81bf28250c264f36b6868e10594b8f0aebeefba7b3d23fd3413d70898558b	clean
revised/iteration4/data/Figures/Figure6/separate_invitro_seed_cache/seed434.rds	7283	2026-08-29T18:22:24-0400	b9c19d02cff62be1812cfb48b826b0e4de7c0d2825fd8ea850ab41f2c6de55e9	clean
revised/iteration4/data/Figures/Figure6/separate_invitro_seed_cache/seed435.rds	7363	2026-08-29T18:22:25-0400	600011e51b46e210d8fd24ad62769a1508fb8e0077f25f452202fe9928d6824c	clean
revised/iteration4/data/Figures/Figure6/separate_invitro_seed_cache/seed436.rds	7331	2026-08-29T18:22:24-0400	b49de24d262c5c3e3dc2502927b7d0b368f8be23b6a5917bf4d86c9143ab330d	clean
revised/iteration4/data/Figures/Figure6/separate_invitro_seed_cache/seed437.rds	7508	2026-08-29T18:22:25-0400	f10bd0debadbd315a5d035d7457c4423714288c50eff9214b660f59523a5899a	clean
revised/iteration4/data/Figures/Figure6/separate_invitro_seed_cache/seed438.rds	7355	2026-08-29T18:22:25-0400	ded96a7e44367e5e981aa46f709c1466b37e3d241efb40c76f4f948fbd702362	clean
revised/iteration4/data/Figures/Figure6/separate_invitro_seed_cache/seed439.rds	7404	2026-08-29T18:22:25-0400	fc0deffd6a5faa915644c92e5af306e4d2db952c4eeae553830e04129cf896c1	clean
revised/iteration4/data/Figures/Figure6/separate_invitro_seed_cache/seed44.rds	7258	2026-08-29T18:22:04-0400	4445344bde94a94194265664c64d2d144359be9c4ea75dea1f1135abc2a4b1c8	clean
revised/iteration4/data/Figures/Figure6/separate_invitro_seed_cache/seed440.rds	7337	2026-08-29T18:22:25-0400	c8d3396d8d1be8450a81dbd6371bd983d300aea14ce4f3e094ee5231fef7562a	clean
revised/iteration4/data/Figures/Figure6/separate_invitro_seed_cache/seed441.rds	7385	2026-08-29T18:22:25-0400	9c8180fde21d1a03b1c22519a371789c0a642c755e8a0e4f88d6289b33a932b4	clean
revised/iteration4/data/Figures/Figure6/separate_invitro_seed_cache/seed442.rds	7340	2026-08-29T18:22:25-0400	d0ac7d4106e073832a6dd8e53a8062b1ea23194b499e7c3f029582d9cc01ac4e	clean
revised/iteration4/data/Figures/Figure6/separate_invitro_seed_cache/seed443.rds	7341	2026-08-29T18:22:25-0400	537cee254fbdd400edb05a390b2b75c48e6aea7974288d6ad54c7a260dc829cd	clean
revised/iteration4/data/Figures/Figure6/separate_invitro_seed_cache/seed444.rds	7316	2026-08-29T18:22:25-0400	fffe6f8aec26358809e5f519daa3f415b5ccd6cfb3431bb945dbe0221abf9402	clean
revised/iteration4/data/Figures/Figure6/separate_invitro_seed_cache/seed445.rds	7329	2026-08-29T18:22:25-0400	4ca03c29a1fe2937e64c522c9a5b6f86439ac117249c490e5f457ba7d94e41d1	clean
revised/iteration4/data/Figures/Figure6/separate_invitro_seed_cache/seed446.rds	7282	2026-08-29T18:22:25-0400	b9576fa4f02eb464a7537453f95bc9d235f1aae7b89b8fd2cecb1bad6b6f00de	clean
revised/iteration4/data/Figures/Figure6/separate_invitro_seed_cache/seed447.rds	7350	2026-08-29T18:22:25-0400	c34f9ba56be534308567f015cc5637d027d4aafac6db9a5e9f80b7b8103c4341	clean
revised/iteration4/data/Figures/Figure6/separate_invitro_seed_cache/seed448.rds	7398	2026-08-29T18:22:25-0400	6b48ee0c2c87e2984cb8f1dbd2330423ce17fb4075a9e38bbbb694cc6bee0d73	clean
revised/iteration4/data/Figures/Figure6/separate_invitro_seed_cache/seed449.rds	7371	2026-08-29T18:22:25-0400	f3f5506e9288916222a55335ebddddbb74d0c8f8f8040e4257b93b4cbb8ed604	clean
revised/iteration4/data/Figures/Figure6/separate_invitro_seed_cache/seed45.rds	7252	2026-08-29T18:22:05-0400	7654a9f5e6427da71057a3ac5d65e310900b68ba16e966a54863f38eec2d8681	clean
revised/iteration4/data/Figures/Figure6/separate_invitro_seed_cache/seed450.rds	7343	2026-08-29T18:22:25-0400	9da9055006f91b6ba3bba70171b9dcc13896436b344a5fb5cf502a37fc2b4efc	clean
revised/iteration4/data/Figures/Figure6/separate_invitro_seed_cache/seed451.rds	7226	2026-08-29T18:22:25-0400	b5b42bd82d6e792acaf0c4da8c4e4b5abd7463582e975cfd72a4b2176552d66c	clean
revised/iteration4/data/Figures/Figure6/separate_invitro_seed_cache/seed452.rds	7238	2026-08-29T18:22:25-0400	2d7d7a4a554c14b56e676348c73a8d320574a101054e7ccead5c8ac2f8762251	clean
revised/iteration4/data/Figures/Figure6/separate_invitro_seed_cache/seed453.rds	7378	2026-08-29T18:22:25-0400	38f8e893630c43fe60d81e3416c5fc8c5fc67b855e66d37e522482f425431ab4	clean
revised/iteration4/data/Figures/Figure6/separate_invitro_seed_cache/seed454.rds	7365	2026-08-29T18:22:26-0400	985509ac15881f0912f3dc0130107cc5090eae5bd69a69a93163539681f5a4da	clean
revised/iteration4/data/Figures/Figure6/separate_invitro_seed_cache/seed455.rds	7349	2026-08-29T18:22:25-0400	99b06932e88df4eb16a7e42faa2da94c8292afa4780c14a06e8e913ee0b2559d	clean
revised/iteration4/data/Figures/Figure6/separate_invitro_seed_cache/seed456.rds	7345	2026-08-29T18:22:26-0400	0a0afbfa657c1f93526cc727d108ca06725d2b06636ddbeb4e4e6a44b596910e	clean
revised/iteration4/data/Figures/Figure6/separate_invitro_seed_cache/seed457.rds	7367	2026-08-29T18:22:26-0400	ed5d63921f925a7678bbd58f35ce1b46e34aef05012f7d3fdd61e70861d06b21	clean
revised/iteration4/data/Figures/Figure6/separate_invitro_seed_cache/seed458.rds	7300	2026-08-29T18:22:26-0400	b791c041726f37d13c342447dd4cd64dc7217c2a06f7add345048476dafdefa1	clean
revised/iteration4/data/Figures/Figure6/separate_invitro_seed_cache/seed459.rds	7265	2026-08-29T18:22:26-0400	3bc20068c342383661019d80b7847b5320c5164c1a5df34d82044daafa5c8ef3	clean
revised/iteration4/data/Figures/Figure6/separate_invitro_seed_cache/seed46.rds	7235	2026-08-29T18:22:04-0400	08b6fe0fb227346f880ccf05f70e062ef55a6f0678c0220e5f8893a316232ad3	clean
revised/iteration4/data/Figures/Figure6/separate_invitro_seed_cache/seed460.rds	7282	2026-08-29T18:22:26-0400	32bcd20405243c24d842a303116afd2800d1477fbd422899bcc812e79061ca08	clean
revised/iteration4/data/Figures/Figure6/separate_invitro_seed_cache/seed461.rds	7270	2026-08-29T18:22:26-0400	aed5c4a6ea2ecdf6a0778cc24dc7bc21b871dfa5f198ae3192ec32d789dfb6d7	clean
revised/iteration4/data/Figures/Figure6/separate_invitro_seed_cache/seed462.rds	7310	2026-08-29T18:22:26-0400	c4575ed796aca3bd9e95a62d4c5de33e164c9239b42298cb36e94dfba8fe8f07	clean
revised/iteration4/data/Figures/Figure6/separate_invitro_seed_cache/seed463.rds	7363	2026-08-29T18:22:26-0400	1a510e540b7718ef325bb474edde7fbf1e47af26a2437cbf3a6dd664af650188	clean
revised/iteration4/data/Figures/Figure6/separate_invitro_seed_cache/seed464.rds	7534	2026-08-29T18:22:26-0400	efbf2db4d33f69bd52afc119bb8f320ca287fe7a50985757b20aec927d3f124c	clean
revised/iteration4/data/Figures/Figure6/separate_invitro_seed_cache/seed465.rds	7297	2026-08-29T18:22:26-0400	3aa075454384af7678b8f4b5bd76ea5305261b008dfd126eb42aae176bebe8a4	clean
revised/iteration4/data/Figures/Figure6/separate_invitro_seed_cache/seed466.rds	7421	2026-08-29T18:22:26-0400	99714a52d05870f9cc6d34066da21c89a08eac9c49b0650297e58d314540bd29	clean
revised/iteration4/data/Figures/Figure6/separate_invitro_seed_cache/seed467.rds	7389	2026-08-29T18:22:26-0400	ac06110f95904f94d59281c7f04471134c2711bcedc961e6ee5b6b5b45fe183b	clean
revised/iteration4/data/Figures/Figure6/separate_invitro_seed_cache/seed468.rds	7455	2026-08-29T18:22:26-0400	80f3c7dfbc659c3c75766c94f4a7b4773ed9e73ff535e0552c35424b2ceaf046	clean
revised/iteration4/data/Figures/Figure6/separate_invitro_seed_cache/seed469.rds	7375	2026-08-29T18:22:26-0400	a2210eb1e7039f321365c2a13c00333910624fea089ddf8942c0f1acae1a333a	clean
revised/iteration4/data/Figures/Figure6/separate_invitro_seed_cache/seed47.rds	7264	2026-08-29T18:22:04-0400	c0ab98050d042a874c9b2c48ba9dc0b187ea0ae65bf8cc7320e6e1ba7f1b082b	clean
revised/iteration4/data/Figures/Figure6/separate_invitro_seed_cache/seed470.rds	7352	2026-08-29T18:22:26-0400	485a3eeee49675c1fd873b02cfab531bf94d63d99b888ee0f80a835129590e5e	clean
revised/iteration4/data/Figures/Figure6/separate_invitro_seed_cache/seed471.rds	7519	2026-08-29T18:22:26-0400	3a1900d0d50d6c67aafa1c52a7ded3ff2a2c7074b7935e16a0c4f9b7337fa2fd	clean
revised/iteration4/data/Figures/Figure6/separate_invitro_seed_cache/seed472.rds	7302	2026-08-29T18:22:27-0400	4f164bab5df8d252a8eaa7a61e1de7b8f52e1095214f28beeb96ac33e8778b48	clean
revised/iteration4/data/Figures/Figure6/separate_invitro_seed_cache/seed473.rds	7325	2026-08-29T18:22:27-0400	8d96c5f5451a56557ee5ac2d6149e7b15828168334400a190f273e336b0a2ce0	clean
revised/iteration4/data/Figures/Figure6/separate_invitro_seed_cache/seed474.rds	7300	2026-08-29T18:22:26-0400	ef816d8100be7e500a73f4c13834718f762e25ab3b5ebaf8b2f1782f89901090	clean
revised/iteration4/data/Figures/Figure6/separate_invitro_seed_cache/seed475.rds	7298	2026-08-29T18:22:27-0400	64cba476721a9e26cd0df636c058318c09a2b6ab829be5a0fe72cc82beb4f73d	clean
revised/iteration4/data/Figures/Figure6/separate_invitro_seed_cache/seed476.rds	7354	2026-08-29T18:22:27-0400	ae828977e549f696a9a98dfdf257759411b1b052617679b5234d2ed45bd21047	clean
revised/iteration4/data/Figures/Figure6/separate_invitro_seed_cache/seed477.rds	7292	2026-08-29T18:22:27-0400	7aacf9e4ccba9020f961851dd523c498d82e39b681ef861c9cc942dd6ee4ca2c	clean
revised/iteration4/data/Figures/Figure6/separate_invitro_seed_cache/seed478.rds	7336	2026-08-29T18:22:27-0400	a8984c83286cdce23ac7cdfa7102afc8c341caced1bf6be6702c7a05171cb6c6	clean
revised/iteration4/data/Figures/Figure6/separate_invitro_seed_cache/seed479.rds	7384	2026-08-29T18:22:27-0400	80b103da753d30c70a43291f625e10131068a852b82d5e13e207179edfce126b	clean
revised/iteration4/data/Figures/Figure6/separate_invitro_seed_cache/seed48.rds	7288	2026-08-29T18:22:04-0400	899e455e0c7e64a3621d7a2afaefae5e066194cba11ee10540db392b9081eb1f	clean
revised/iteration4/data/Figures/Figure6/separate_invitro_seed_cache/seed480.rds	7326	2026-08-29T18:22:27-0400	18abcbd97e96842514e3823228cfd06323173393cebbd6ee7de3c34d5e91ec10	clean
revised/iteration4/data/Figures/Figure6/separate_invitro_seed_cache/seed481.rds	7272	2026-08-29T18:22:27-0400	0cbfcd0dc9a10c27fed5e603656f282c2833b6ab7bdc57e66f6cdc81c3a3b5f4	clean
revised/iteration4/data/Figures/Figure6/separate_invitro_seed_cache/seed482.rds	7348	2026-08-29T18:22:27-0400	3c31688465f399bc7f6a73c701385b93afccdd341e6c800b0ac26b7c19f0f85c	clean
revised/iteration4/data/Figures/Figure6/separate_invitro_seed_cache/seed483.rds	7300	2026-08-29T18:22:27-0400	2040f58def3ace0ca739312c4760cebe24ba33caf3fa2d8764ecf44a35750181	clean
revised/iteration4/data/Figures/Figure6/separate_invitro_seed_cache/seed484.rds	7277	2026-08-29T18:22:27-0400	add56fb59fb25e2eb1705111bf1a28e613d6f76d732e04bc2b9a26f3f385e9ab	clean
revised/iteration4/data/Figures/Figure6/separate_invitro_seed_cache/seed485.rds	7295	2026-08-29T18:22:27-0400	8313ab634cf31e798a0f0836b2db089cd157d4d22faf545fe91bd60b551616f0	clean
revised/iteration4/data/Figures/Figure6/separate_invitro_seed_cache/seed486.rds	7536	2026-08-29T18:22:27-0400	3ce883830f1b1aee6353bb377d38ace05dc0333f79217749f900c471869c5b0d	clean
revised/iteration4/data/Figures/Figure6/separate_invitro_seed_cache/seed487.rds	7419	2026-08-29T18:22:27-0400	577d5b0b0df4956290646c10524ad7a35548bb847b8dc6da72563846262e67a6	clean
revised/iteration4/data/Figures/Figure6/separate_invitro_seed_cache/seed488.rds	7348	2026-08-29T18:22:27-0400	d675668d81750255c43be3dc2090fdf10fe70f616b90a29088d2de2eaac9b504	clean
revised/iteration4/data/Figures/Figure6/separate_invitro_seed_cache/seed489.rds	7363	2026-08-29T18:22:27-0400	82309261655b8b683e656dc7d35c8f22ce2d0e9ce78cb54bda680dfeca89384a	clean
revised/iteration4/data/Figures/Figure6/separate_invitro_seed_cache/seed49.rds	7333	2026-08-29T18:22:06-0400	38a914a9af2f9e2bab6c8b35185699aeea1cf0228782fde77020691ec4280e0c	clean
revised/iteration4/data/Figures/Figure6/separate_invitro_seed_cache/seed490.rds	7326	2026-08-29T18:22:27-0400	3f72a19eabfe393b26ae9efa33291565421faf452b16ad64d2dee8158377ad86	clean
revised/iteration4/data/Figures/Figure6/separate_invitro_seed_cache/seed491.rds	7298	2026-08-29T18:22:27-0400	e575393e94fa092142a04979e2548f2a85f5e41e71c2de03724840cca6d54db1	clean
revised/iteration4/data/Figures/Figure6/separate_invitro_seed_cache/seed492.rds	7489	2026-08-29T18:22:27-0400	23dc99bb45cf2cdb1be94b0ba31998e92002e1a7453f058b831f3214a3b51321	clean
revised/iteration4/data/Figures/Figure6/separate_invitro_seed_cache/seed493.rds	7314	2026-08-29T18:22:27-0400	9e5f41f5393ead75207ec2da82a9fdfa9e523180f410dafde2dabf02702456cd	clean
revised/iteration4/data/Figures/Figure6/separate_invitro_seed_cache/seed494.rds	7517	2026-08-29T18:22:27-0400	9d1bbfcb05f421c771d635255f45e58782f13b9d9b369205bde7385f58f5f3e2	clean
revised/iteration4/data/Figures/Figure6/separate_invitro_seed_cache/seed495.rds	7228	2026-08-29T18:22:27-0400	f8a2efe8a68aa9752098ea27a4a44db744e25ff1d14853b13686299e353217a1	clean
revised/iteration4/data/Figures/Figure6/separate_invitro_seed_cache/seed496.rds	7365	2026-08-29T18:22:27-0400	53a88fd3f2faa083619e11a644d36c2349f40269837f6fdef6cdba0a1753628c	clean
revised/iteration4/data/Figures/Figure6/separate_invitro_seed_cache/seed497.rds	7340	2026-08-29T18:22:27-0400	dd7f2f0d0da49baf3965badf96ede7102ea04011fb6a19b6ddab873ddd847927	clean
revised/iteration4/data/Figures/Figure6/separate_invitro_seed_cache/seed498.rds	7343	2026-08-29T18:22:27-0400	566a53925a2616a9624502c5fb6713693493c2e8c198fc19feb6dded420b29fb	clean
revised/iteration4/data/Figures/Figure6/separate_invitro_seed_cache/seed499.rds	7231	2026-08-29T18:22:27-0400	dd7012eb2699ed6dcb06ab45b6c61adc3f2344025b944ef6addd3346d95a5865	clean
revised/iteration4/data/Figures/Figure6/separate_invitro_seed_cache/seed5.rds	7465	2026-08-29T18:22:04-0400	935b66abd9d4329d8b8c390d5c7bd5c376d681a476814359c1e3c99e7ead37cf	clean
revised/iteration4/data/Figures/Figure6/separate_invitro_seed_cache/seed50.rds	7480	2026-08-29T18:22:04-0400	cd7ad3edc288aed1c4147821fdb22919a567b405900a8b82b23c95a17832a930	clean
revised/iteration4/data/Figures/Figure6/separate_invitro_seed_cache/seed500.rds	7216	2026-08-29T18:22:27-0400	14d9d0f78f07c4e2796ed0db8a3d284a3c018565a3851ad06ad3e2eb9a810c20	clean
revised/iteration4/data/Figures/Figure6/separate_invitro_seed_cache/seed51.rds	7379	2026-08-29T18:22:04-0400	75fc2de703309dd971d7fb1b83892079e81daac583f1d419e779ab00ce51ba74	clean
revised/iteration4/data/Figures/Figure6/separate_invitro_seed_cache/seed52.rds	7302	2026-08-29T18:22:04-0400	b5d2859722036fd0196c29d9b290473250453550e61a284039f24679f6a9c9ba	clean
revised/iteration4/data/Figures/Figure6/separate_invitro_seed_cache/seed53.rds	7403	2026-08-29T18:22:04-0400	d62466a88d608c82e0de68da2237c99acedaa2e99931dd77aaacc34016c7b38d	clean
revised/iteration4/data/Figures/Figure6/separate_invitro_seed_cache/seed54.rds	7398	2026-08-29T18:22:04-0400	d442df96793f65a7859b4d04bd7ccafde62e1edfe4c6a5fc09ad3b22042ff07b	clean
revised/iteration4/data/Figures/Figure6/separate_invitro_seed_cache/seed55.rds	7372	2026-08-29T18:22:04-0400	dc7aaa8cb70f75de4b1b196e6eb4265037b4f227b42c20aea07df91aaf9e1101	clean
revised/iteration4/data/Figures/Figure6/separate_invitro_seed_cache/seed56.rds	7383	2026-08-29T18:22:06-0400	3a69ab7ecb8a956166d312f92197ef33c6b072ed2c3532341c9f2fb25a2524c4	clean
revised/iteration4/data/Figures/Figure6/separate_invitro_seed_cache/seed57.rds	7363	2026-08-29T18:22:06-0400	510aec308eba1712d0ebe36123dc337c0bac4588d855969cc1ce94dd10ff3757	clean
revised/iteration4/data/Figures/Figure6/separate_invitro_seed_cache/seed58.rds	7343	2026-08-29T18:22:06-0400	0135bf732e66d73129e15aa4d7b1597f1cf9d866eaf5b3373a6e1b8c0766165d	clean
revised/iteration4/data/Figures/Figure6/separate_invitro_seed_cache/seed59.rds	7324	2026-08-29T18:22:06-0400	45b742dcc58cd5523d0df68b71e256875f8c8cef03442c290425f114c65a2bf5	clean
revised/iteration4/data/Figures/Figure6/separate_invitro_seed_cache/seed6.rds	7279	2026-08-29T18:22:03-0400	ff16c29ee5c4975814c8f7d77f780b81a22b9a36048d039a57d38f4e2623b2d5	clean
revised/iteration4/data/Figures/Figure6/separate_invitro_seed_cache/seed60.rds	7314	2026-08-29T18:22:06-0400	603d19e360f1b524e8680017f3358c82bb5b8fc74230dc5bad965dfa8873e7ca	clean
revised/iteration4/data/Figures/Figure6/separate_invitro_seed_cache/seed61.rds	7299	2026-08-29T18:22:07-0400	e8b1edc11c48b01e090cdb3b354b5349192ddcbe0759d8d758d50a85c00c3a9d	clean
revised/iteration4/data/Figures/Figure6/separate_invitro_seed_cache/seed62.rds	7316	2026-08-29T18:22:06-0400	a07ef1eaa7bce33fe85cb544420da7f1b1a17746104a60ae51d2902f0011cf6d	clean
revised/iteration4/data/Figures/Figure6/separate_invitro_seed_cache/seed63.rds	7290	2026-08-29T18:22:06-0400	652cfb86e759781de4e27d705d8385582772aa10582cf3abbd9a9c7467b75d7a	clean
revised/iteration4/data/Figures/Figure6/separate_invitro_seed_cache/seed64.rds	7264	2026-08-29T18:22:06-0400	25afc340906f3fac8deb09cfd184a7dea0724491ca3a1de03df0136ae0507522	clean
revised/iteration4/data/Figures/Figure6/separate_invitro_seed_cache/seed65.rds	7495	2026-08-29T18:22:07-0400	0a530dc9bcaa9c843b8efdd838d0dad96fac849f41ffe229b50b38c9f29ebb72	clean
revised/iteration4/data/Figures/Figure6/separate_invitro_seed_cache/seed66.rds	7362	2026-08-29T18:22:07-0400	15cb38935abe186945c71aa5d618fbdb4d203d8536764bb594b846531371153e	clean
revised/iteration4/data/Figures/Figure6/separate_invitro_seed_cache/seed67.rds	7339	2026-08-29T18:22:06-0400	48e4c0ce371d7017b8639a965a41188b8385c7180468c3fcd07a88542fcf21fd	clean
revised/iteration4/data/Figures/Figure6/separate_invitro_seed_cache/seed68.rds	7263	2026-08-29T18:22:07-0400	a719615e72565d5d8d7a244c25b4659b96c4262a0dc218f16f3c16567d2f8e6b	clean
revised/iteration4/data/Figures/Figure6/separate_invitro_seed_cache/seed69.rds	7314	2026-08-29T18:22:07-0400	1bf34061916f7b3d2706ee7bfd33a5a89bf5aaa0cb0e48cc3d944c370724db0d	clean
revised/iteration4/data/Figures/Figure6/separate_invitro_seed_cache/seed7.rds	7338	2026-08-29T18:22:04-0400	e0940a50617da08266c1ee4b396ae40d33976b27a57789594cc5e27ce4a4b64d	clean
revised/iteration4/data/Figures/Figure6/separate_invitro_seed_cache/seed70.rds	7382	2026-08-29T18:22:07-0400	cb30016083802726b15fa09454161c19dad5a1f6077b5f3cef647ac837b7b8da	clean
revised/iteration4/data/Figures/Figure6/separate_invitro_seed_cache/seed71.rds	7340	2026-08-29T18:22:07-0400	bca73617df2970cab392b63530060fbb7fa09bb3d7ef593c7f2ad43bede70ea2	clean
revised/iteration4/data/Figures/Figure6/separate_invitro_seed_cache/seed72.rds	7258	2026-08-29T18:22:07-0400	3990894a7bf3850b7228af1e0872a14b9c2caefc65058d78d1d0c90e259720bc	clean
revised/iteration4/data/Figures/Figure6/separate_invitro_seed_cache/seed73.rds	7454	2026-08-29T18:22:07-0400	59a5af071a9fa37da3f070e289c463b99e6a60b43b2ae8a2af7fc3f9802e1dd4	clean
revised/iteration4/data/Figures/Figure6/separate_invitro_seed_cache/seed74.rds	7540	2026-08-29T18:22:07-0400	c0a66085cf9d30eb83c6a4ab743d2aed2a43bd59ab7e42789b23ea4fc096ccce	clean
revised/iteration4/data/Figures/Figure6/separate_invitro_seed_cache/seed75.rds	7205	2026-08-29T18:22:07-0400	71412f3e781e2397b339547eab05091243d6f2039dc166b52fa41a4d0f7bceca	clean
revised/iteration4/data/Figures/Figure6/separate_invitro_seed_cache/seed76.rds	7313	2026-08-29T18:22:07-0400	a1c0f8942dc2fa5d59135584578319a6531c3164f40d823db35456d0ebb8af2a	clean
revised/iteration4/data/Figures/Figure6/separate_invitro_seed_cache/seed77.rds	7440	2026-08-29T18:22:07-0400	70e56288690a4aadde714b9640ad0c085680fe36a998e9ba6befcfb1225dbf54	clean
revised/iteration4/data/Figures/Figure6/separate_invitro_seed_cache/seed78.rds	7432	2026-08-29T18:22:07-0400	dd18a47e383ca4736fcd70aa6d76426fe6393e1ce8b2050d9152ed12d401f3dc	clean
revised/iteration4/data/Figures/Figure6/separate_invitro_seed_cache/seed79.rds	7540	2026-08-29T18:22:07-0400	beefbd27c3dc90f61f48f91bc814d090e295f12e596506a6d5d4a408f42e991a	clean
revised/iteration4/data/Figures/Figure6/separate_invitro_seed_cache/seed8.rds	7321	2026-08-29T18:22:04-0400	a12ddeeb59b186db44345cdb471f011422e59b8d79916ab7cce1ea748bbb7d66	clean
revised/iteration4/data/Figures/Figure6/separate_invitro_seed_cache/seed80.rds	7305	2026-08-29T18:22:07-0400	f8742d47bd40600105a2916666f73de59792ea4531e1d3b8af5ffd36bc9f7c8a	clean
revised/iteration4/data/Figures/Figure6/separate_invitro_seed_cache/seed81.rds	7437	2026-08-29T18:22:07-0400	6c7ea447e81d9b6ffba0cbd5901927d63739cf78a46af895767f269cfb91223b	clean
revised/iteration4/data/Figures/Figure6/separate_invitro_seed_cache/seed82.rds	7369	2026-08-29T18:22:07-0400	43b59bc29d808e2099dec525a661b5a0afb330332c995d4182355615fd3746ff	clean
revised/iteration4/data/Figures/Figure6/separate_invitro_seed_cache/seed83.rds	7247	2026-08-29T18:22:07-0400	e85307482135284975bf1be9c089ec9635db2fad445f88d28f48e73a07550885	clean
revised/iteration4/data/Figures/Figure6/separate_invitro_seed_cache/seed84.rds	7286	2026-08-29T18:22:07-0400	5bc3d0320d1e26692986a1e679978fc19c8c569a217e15811a860468d9e3b97a	clean
revised/iteration4/data/Figures/Figure6/separate_invitro_seed_cache/seed85.rds	7451	2026-08-29T18:22:07-0400	d8534d3e3b1b9c063a582e697e2647e4585be8146900d2fdc73929b1eff14976	clean
revised/iteration4/data/Figures/Figure6/separate_invitro_seed_cache/seed86.rds	7324	2026-08-29T18:22:07-0400	277ad7ca16558692967b8ba4af78c9e8f5d52bb133ef10cbb26ea15542ef1687	clean
revised/iteration4/data/Figures/Figure6/separate_invitro_seed_cache/seed87.rds	7519	2026-08-29T18:22:08-0400	89f78718ae991f96f76ccc89b2d12a5a04fb69616bfe85ba95704cd71ec8b642	clean
revised/iteration4/data/Figures/Figure6/separate_invitro_seed_cache/seed88.rds	7391	2026-08-29T18:22:08-0400	e2cd4877064f3bf0b1e3fc56f8fa6e6e38577a6f7918657a63d851f7433ce82b	clean
revised/iteration4/data/Figures/Figure6/separate_invitro_seed_cache/seed89.rds	7404	2026-08-29T18:22:08-0400	bb02a0642eebe77afea0fd1f3c33049eca4ed252a2deb391d3dfc507ca6220c7	clean
revised/iteration4/data/Figures/Figure6/separate_invitro_seed_cache/seed9.rds	7355	2026-08-29T18:22:03-0400	60234c9f9ef9e5517eb90ab1ccec7a554f6c5219127ab467080010feaf038b0f	clean
revised/iteration4/data/Figures/Figure6/separate_invitro_seed_cache/seed90.rds	7469	2026-08-29T18:22:08-0400	d6b8f727b143e451ac58f5df77c846788c5f99315b7d1edfc6971b02941f75b7	clean
revised/iteration4/data/Figures/Figure6/separate_invitro_seed_cache/seed91.rds	7427	2026-08-29T18:22:08-0400	4a2825ff6fbbf68676cf826a60bc2ee6a80c6f192dbd909ddf9cd5ab96046172	clean
revised/iteration4/data/Figures/Figure6/separate_invitro_seed_cache/seed92.rds	7345	2026-08-29T18:22:08-0400	2e42e056c59b522ee0fa0e176078d8a52d2e9de365c5a001d18132a83a543a84	clean
revised/iteration4/data/Figures/Figure6/separate_invitro_seed_cache/seed93.rds	7251	2026-08-29T18:22:08-0400	f3060e7d842ca2805049ebeee56c8c0c42c4e8f50b46a3f9f6c64fa06efc925d	clean
revised/iteration4/data/Figures/Figure6/separate_invitro_seed_cache/seed94.rds	7267	2026-08-29T18:22:08-0400	252ad049a3e547dfa09ae04c577219e346287a484a794200f5f8f8be6b50460c	clean
revised/iteration4/data/Figures/Figure6/separate_invitro_seed_cache/seed95.rds	7375	2026-08-29T18:22:08-0400	5c7c07a488dd82631632730559fe186789b7a6585235f80d836ed7e4591b4598	clean
revised/iteration4/data/Figures/Figure6/separate_invitro_seed_cache/seed96.rds	7335	2026-08-29T18:22:08-0400	cdee376d4c3ead7652dff6c92c250f2b01547ee16359d63f85be1311ea6b6d1c	clean
revised/iteration4/data/Figures/Figure6/separate_invitro_seed_cache/seed97.rds	7347	2026-08-29T18:22:08-0400	4623886c765f747af99d22222d26bb8b0b9db8c99282c00fd1d887c3f1212c35	clean
revised/iteration4/data/Figures/Figure6/separate_invitro_seed_cache/seed98.rds	7304	2026-08-29T18:22:08-0400	b0d06d4b562d9e74bf6f1d943645f1c390cf04418a2722ed3d74256a9b902858	clean
revised/iteration4/data/Figures/Figure6/separate_invitro_seed_cache/seed99.rds	7479	2026-08-29T18:22:08-0400	f8b2d81803b9d7175014f281171de6fa41d355af27261ca74792dcf4bfee7435	clean
revised/iteration4/data/Figures/Figure6/supp_fig6-1_validation.tsv	352	2026-08-29T18:36:04-0400	eb9b4d5e899c09aa0e2ea35cbc5e02559e7e772c23766acc193918439ac43e3b	clean
revised/iteration4/data/Figures/Figure6/supp_figure6-3_invitro_endpoint_manifest.tsv	7331	2026-08-29T18:36:49-0400	3f6ea02c8e5118d5e14995db7e4218de003f4acf77266cafda6e62eb965734b9	clean
revised/iteration4/data/Figures/Supp_Figure6_10/supp_fig6-10_invitro_passage_full_grid_render_validation.tsv	409	2026-09-02T17:13:34-0400	067d3542065433ba7ed17c78ec3f4b5a4efc1d50b3a64865305fb3b59c1b70e3	clean
revised/iteration4/data/Figures/Supp_Figure6_10/supp_fig6-10_invitro_passage_full_grid.pdf	488868	2026-09-02T17:13:34-0400	415faf7b173f7ff102f0c3570acd1452b936c246298430db43faefd3dda433c2	clean
revised/iteration4/data/Figures/Supp_Figure6_10/supp_fig6-10_invitro_passage_full_grid.png	661952	2026-09-02T17:13:31-0400	fd8130a0032f970b1804eb55ba163ede0cbfb2eb555271831c063d7c2930492f	clean
revised/iteration4/data/Figures/Supp_Figure6_11/supp_fig6-11_invitro_passage_1000d_extended_o2_render_validation.tsv	409	2026-09-02T17:14:09-0400	067d3542065433ba7ed17c78ec3f4b5a4efc1d50b3a64865305fb3b59c1b70e3	clean
revised/iteration4/data/Figures/Supp_Figure6_11/supp_fig6-11_invitro_passage_1000d_extended_o2.pdf	1254194	2026-09-02T17:14:09-0400	5b8be748b934c65b74b6c96ce8f782e68d1a6af2e9d9794a11e451779cd1bcaf	clean
revised/iteration4/data/Figures/Supp_Figure6_11/supp_fig6-11_invitro_passage_1000d_extended_o2.png	838218	2026-09-02T17:13:56-0400	6decd53923262ecdf55e20f25a95f551a731d2ab2b25e48f194f92489ab36189	clean
revised/iteration4/data/Figures/Supp_Figure6_12/supp_fig6-12_continuous_invitro_1000d_extended_o2_render_validation.tsv	409	2026-09-02T17:14:40-0400	067d3542065433ba7ed17c78ec3f4b5a4efc1d50b3a64865305fb3b59c1b70e3	clean
revised/iteration4/data/Figures/Supp_Figure6_12/supp_fig6-12_continuous_invitro_1000d_extended_o2.pdf	557151	2026-09-02T17:14:40-0400	25d7a49a01003adc66f187a2153fdee86c032f0f64e8fef41d3cb2532b87f346	clean
revised/iteration4/data/Figures/Supp_Figure6_12/supp_fig6-12_continuous_invitro_1000d_extended_o2.png	497639	2026-09-02T17:14:29-0400	69b387d2eeab1eba64ea49662583c9895c81343f70c583828d1b452f90970af9	clean
revised/iteration4/data/Figures/Supp_Figure6_2/data_contract.tsv	2745	2026-08-29T18:36:05-0400	9b2bb440386987e2b85e53d73b9514db383c952cc83d71e5cd59919b28f72b05	clean
revised/iteration4/data/Figures/Supp_Figure6_2/figure_validation.tsv	311	2026-08-29T18:36:08-0400	93352660b75d8d1b6b1f27562eaa3b3170b4a7f4fb4e06e62e2e6f4e4b199386	clean
revised/iteration4/data/Figures/Supp_Figure6_2/supp_fig6-2_joint_ensemble_robustness.pdf	30959	2026-08-29T18:36:08-0400	ede2cb013731556aa1a3cfae7e9be1858bd65a8b185866f4a2b5054c73f9a137	clean
revised/iteration4/data/Figures/Supp_Figure6_2/supp_fig6-2_joint_ensemble_robustness.png	472473	2026-08-29T18:36:08-0400	a118c0a7d3997e6bb35b87c4938dd8fe506e75159b6c5114a631803a55de5af5	clean
revised/iteration4/data/Figures/Supp_Figure6_3/supp_figure6-3_context_validation.tsv	665	2026-08-29T18:36:54-0400	c7e84bfd7fc9532ca7c0ce4e85ee9bc9aaf7d03813ab7cc4117028669486ccd6	clean
revised/iteration4/data/Figures/Supp_Figure6_3/supp_figure6-3_data_validation.tsv	665	2026-08-29T18:36:54-0400	c7e84bfd7fc9532ca7c0ce4e85ee9bc9aaf7d03813ab7cc4117028669486ccd6	clean
revised/iteration4/data/Figures/Supp_Figure6_3/supp_figure6-3_endpoint_manifest.tsv	13247	2026-08-29T18:36:54-0400	b5385b0a026300d698180da4230d2d06113a0d32085c958223293cc4b602d56f	clean
revised/iteration4/data/Figures/Supp_Figure6_3/supp_figure6-3_figure_validation.tsv	451	2026-08-29T18:37:04-0400	86669bbba5e7e0ddab5a642b353a5ff86aa990516c5df8ff036de42d034a8f2e	clean
revised/iteration4/data/Figures/Supp_Figure6_3/supp_figure6-3_output_manifest.tsv	1426	2026-08-29T18:37:04-0400	e5830b66e8f12ea59f22c9c8e48a7070c29190c2680e62310edae272fd70453f	clean
revised/iteration4/data/Figures/Supp_Figure6_3/supp_figure6-3_weak_gap_pair_summary.tsv	1672	2026-08-29T18:36:54-0400	da787fa1248056129fcd9b715ee74cf2a13639d0ad0e73e0df6f140814832680	clean
revised/iteration4/data/Figures/Supp_Figure6_3/supp_figure6-3_weak_gap_regime_robustness.tsv	12988826	2026-08-29T18:36:54-0400	c1366c259586ed1478f70dde9369d591c3035d59e1365aa16a5fbc225ec75006	clean
revised/iteration4/data/Figures/Supp_Figure6_4/cache/joint_q10_dense/C01/endpoint_C01_VT_E001.rds	2439639	2026-08-29T18:56:49-0400	109727b7abefe90de4ae8bbe485153438183c605c90f72ef60bf450bc8da16f7	clean
revised/iteration4/data/Figures/Supp_Figure6_4/cache/joint_q10_dense/C01/endpoint_C01_VT_E002.rds	2439911	2026-08-29T18:57:01-0400	d33937e4fef4c9c5a5b0aee0fef18da4e35a683912fe57969c7a3e2fe57e1a6b	clean
revised/iteration4/data/Figures/Supp_Figure6_4/cache/joint_q10_dense/C01/endpoint_C01_VT_E003.rds	2439761	2026-08-29T18:56:54-0400	b73fb8f747188ca9b7de05d0376c6d571b668e5cc3a321d704fca1c1b83777e2	clean
revised/iteration4/data/Figures/Supp_Figure6_4/cache/joint_q10_dense/C01/endpoint_C01_VT_E004.rds	2439971	2026-08-29T18:56:58-0400	76d36f075f9a275df0e5556faad724d92877631347498587357ad404d8e6cf54	clean
revised/iteration4/data/Figures/Supp_Figure6_4/cache/joint_q10_dense/C01/endpoint_C01_VT_E005.rds	2440046	2026-08-29T18:56:51-0400	e8b6ce2263624b52e714bc2411638b8b6f0e58439177849826bcbf419c165c14	clean
revised/iteration4/data/Figures/Supp_Figure6_4/cache/joint_q10_dense/C01/endpoint_C01_VT_E006.rds	2437595	2026-08-29T18:56:54-0400	dd32a0f89a743f7f885b8c428f5beebaefb815c14bdaa484673ddbd8876b9cd0	clean
revised/iteration4/data/Figures/Supp_Figure6_4/cache/joint_q10_dense/C01/endpoint_C01_VT_E007.rds	2440131	2026-08-29T18:56:57-0400	a3be811a5b1381e33c4322bb90477e84c9bd9bd86ed202af52562ec72c2b999a	clean
revised/iteration4/data/Figures/Supp_Figure6_4/cache/joint_q10_dense/C01/endpoint_C01_VT_E008.rds	2440335	2026-08-29T18:57:00-0400	f86ab4fda4a7224bf3cc17bb22e8fe250040879cc8931d5f27f971f2404f2817	clean
revised/iteration4/data/Figures/Supp_Figure6_4/cache/joint_q10_dense/C01/endpoint_C01_VT_E009.rds	2439913	2026-08-29T18:57:01-0400	35943a1abc174625e5ce79ad8ec2a855264f17cadefc7166cc85c6311a02fa4f	clean
revised/iteration4/data/Figures/Supp_Figure6_4/cache/joint_q10_dense/C01/endpoint_C01_VT_E010.rds	2440258	2026-08-29T18:56:51-0400	11f1a6e60a49c973a865bf0f6c4f17ee615a303c2d1edc5fe7d34ace53aeb5cc	clean
revised/iteration4/data/Figures/Supp_Figure6_4/cache/joint_q10_dense/C01/endpoint_C01_VT_E011.rds	2439296	2026-08-29T18:57:02-0400	0bd233f6e5eeefd997283174f5bd18cd2f40a3e8bc0ce9bc47f3a47593770f3a	clean
revised/iteration4/data/Figures/Supp_Figure6_4/cache/joint_q10_dense/C01/endpoint_C01_VT_E012.rds	2438849	2026-08-29T18:56:54-0400	90b40a0d044f7d33a2215bdd864b4ef5b8be446063a7ae5b14c86ca68c3e2514	clean
revised/iteration4/data/Figures/Supp_Figure6_4/cache/joint_q10_dense/C01/endpoint_C01_VT_E013.rds	2439805	2026-08-29T18:56:51-0400	61683c81a20c19152cf093c751113cbf00afa7a762196c9ddfcb202e91fd1a99	clean
revised/iteration4/data/Figures/Supp_Figure6_4/cache/joint_q10_dense/C01/endpoint_C01_VT_E014.rds	2439554	2026-08-29T18:56:57-0400	20c0e508f1465b04e3ae86bae3dbc0340fdf3b9885d8c802337e234cb5be5a72	clean
revised/iteration4/data/Figures/Supp_Figure6_4/cache/joint_q10_dense/C01/endpoint_C01_VT_E015.rds	2440034	2026-08-29T18:56:55-0400	4d9cde34bf92653d50d11b8b987da9f3f3d9aa54fc101f9b97b427d7f345491c	clean
revised/iteration4/data/Figures/Supp_Figure6_4/cache/joint_q10_dense/C01/endpoint_C01_VT_E016.rds	2439390	2026-08-29T18:56:55-0400	7a46cc62319318da9c9c65338dbde2abd42df8b5d464060636f7103affb1f36b	clean
revised/iteration4/data/Figures/Supp_Figure6_4/cache/joint_q10_dense/C01/endpoint_C01_VT_E017.rds	2438985	2026-08-29T18:56:55-0400	4d7e44f09a971f54a3812b7ca88034affc4de89f9a06b7ab30b8263876101d02	clean
revised/iteration4/data/Figures/Supp_Figure6_4/cache/joint_q10_dense/C01/endpoint_C01_VT_E018.rds	2439251	2026-08-29T18:57:11-0400	20ed77b3249214546513ad68b5a7902ff290ebdc9833fcec449c7babbff4bcb1	clean
revised/iteration4/data/Figures/Supp_Figure6_4/cache/joint_q10_dense/C01/endpoint_C01_VT_E019.rds	2439044	2026-08-29T18:56:58-0400	3ed2977e70091652bdaa1bd0c70ca30de0104357e4c893ff22f017d158b6e3fc	clean
revised/iteration4/data/Figures/Supp_Figure6_4/cache/joint_q10_dense/C01/endpoint_C01_VT_E020.rds	2439527	2026-08-29T18:57:00-0400	ef84563f84b048acda2e8a3c09be1b9ddab40b36b9488513897f9f2a6049fbdd	clean
revised/iteration4/data/Figures/Supp_Figure6_4/cache/joint_q10_dense/C01/endpoint_C01_VT_E021.rds	2439357	2026-08-29T18:57:00-0400	f3d2bbb19dfd05122df1fb244eef86039477ed2c4e81bef16e0bc9260b37ba28	clean
revised/iteration4/data/Figures/Supp_Figure6_4/cache/joint_q10_dense/C01/endpoint_C01_VT_E022.rds	2439992	2026-08-29T18:56:50-0400	46719887f71d8c1d7737d9c5ed44f3461b4a906b67eceb9e55fc2fad214767d2	clean
revised/iteration4/data/Figures/Supp_Figure6_4/cache/joint_q10_dense/C01/endpoint_C01_VT_E023.rds	2440395	2026-08-29T18:56:56-0400	0e7b342982eadd0bb3ba1adb92cf19132b21891613d48103b12b8140b4ba9bb0	clean
revised/iteration4/data/Figures/Supp_Figure6_4/cache/joint_q10_dense/C01/endpoint_C01_VT_E024.rds	2439511	2026-08-29T18:56:51-0400	b35512adc9da983e5fda3c73d391deee08caf4b47635778be1b602d4a15e9930	clean
revised/iteration4/data/Figures/Supp_Figure6_4/cache/joint_q10_dense/C01/endpoint_C01_VT_E025.rds	2439913	2026-08-29T18:56:54-0400	f914556bb0c57d5e6f0444dbca5b6056546ca2de7fd6fee13aacb3a5573584a9	clean
revised/iteration4/data/Figures/Supp_Figure6_4/cache/joint_q10_dense/C01/endpoint_C01_VT_E026.rds	2439637	2026-08-29T18:56:51-0400	1a007b83721b1dc575aa5bf5b076f0bc6ff369e683540780b1f4d79ebf51df0d	clean
revised/iteration4/data/Figures/Supp_Figure6_4/cache/joint_q10_dense/C01/endpoint_C01_VT_E027.rds	2439821	2026-08-29T18:56:48-0400	54b22a1f8572f9f3cc7b8291aa3de8ef0aeedd3f88f42ae50e79d17352a1518d	clean
revised/iteration4/data/Figures/Supp_Figure6_4/cache/joint_q10_dense/C01/endpoint_C01_VT_E028.rds	2439914	2026-08-29T18:56:55-0400	34212474dfd9e3f4d12b7b89400d760961d2de209f317beed888ba9872cbaec1	clean
revised/iteration4/data/Figures/Supp_Figure6_4/cache/joint_q10_dense/C01/endpoint_C01_VT_E029.rds	2439912	2026-08-29T18:57:00-0400	519348f5a34c101dbbe3b601baaae35ff576708e56bb22ae2a133dc0e0fe23cf	clean
revised/iteration4/data/Figures/Supp_Figure6_4/cache/joint_q10_dense/C01/endpoint_C01_VT_E030.rds	2439914	2026-08-29T18:56:56-0400	c9015b9a853668a1c2bd349b4209e3b061934206c2758fbce2f00aaff3d039a4	clean
revised/iteration4/data/Figures/Supp_Figure6_4/cache/joint_q10_dense/C01/endpoint_C01_VT_E031.rds	2439920	2026-08-29T18:56:55-0400	2e01cbd3bdc0f28154c6433d3c27c5c7e53aa8d2452d404c79fb0ba387038b87	clean
revised/iteration4/data/Figures/Supp_Figure6_4/cache/joint_q10_dense/C01/endpoint_C01_VT_E032.rds	2440090	2026-08-29T18:56:56-0400	81f1bc94ae3418c0f182313898575f2d33c6a1362371c18113bf721d2ac63f1b	clean
revised/iteration4/data/Figures/Supp_Figure6_4/cache/joint_q10_dense/C01/endpoint_C01_VT_E033.rds	2439911	2026-08-29T18:56:48-0400	93cc31afc1de35a951cba2dc5fa121a4cdb96ad6d0280e651e3f1e4b0faf25fc	clean
revised/iteration4/data/Figures/Supp_Figure6_4/cache/joint_q10_dense/C01/endpoint_C01_VT_E034.rds	2439665	2026-08-29T18:57:00-0400	5e7785a3d566959fb911238cde9dcb61ff4badadc03886e8814d09f5dc979bec	clean
revised/iteration4/data/Figures/Supp_Figure6_4/cache/joint_q10_dense/C01/endpoint_C01_VT_E035.rds	2439951	2026-08-29T18:57:08-0400	b4ad273f7a723f6205a9766fd338c7b1062503ed0d3118e101e46798cb6d1116	clean
revised/iteration4/data/Figures/Supp_Figure6_4/cache/joint_q10_dense/C01/endpoint_C01_VT_E036.rds	2439407	2026-08-29T18:57:09-0400	790dfcdff5f706ac7e4d155ef8dc6f7180b8896f95cec95fafaf3de7c2bc0797	clean
revised/iteration4/data/Figures/Supp_Figure6_4/cache/joint_q10_dense/C01/endpoint_C01_VT_E037.rds	2439360	2026-08-29T18:57:04-0400	a00312e0c2ae22e0e199add304123ec12f054a61035e6432980a1f8fbaf29f34	clean
revised/iteration4/data/Figures/Supp_Figure6_4/cache/joint_q10_dense/C01/endpoint_C01_VT_E038.rds	2440210	2026-08-29T18:56:46-0400	c4c4f86816258ed1dcc429bfde10e9951dc7eacadd49cd7ece13004771809c2a	clean
revised/iteration4/data/Figures/Supp_Figure6_4/cache/joint_q10_dense/C01/endpoint_C01_VT_E039.rds	2439503	2026-08-29T18:56:54-0400	e60c9d9cc2f6e490856adbb45483f17cf3df8bf377fa1c32c193932940a2cbf6	clean
revised/iteration4/data/Figures/Supp_Figure6_4/cache/joint_q10_dense/C01/endpoint_C01_VT_E040.rds	2439627	2026-08-29T18:56:49-0400	83eaf4cbf468a4f5956cf20ea4fd07c6a286618820cc44f9841a08b3db7dde6d	clean
revised/iteration4/data/Figures/Supp_Figure6_4/cache/joint_q10_dense/C01/endpoint_C01_VT_E041.rds	2439493	2026-08-29T18:57:05-0400	b2726b94aa2eb4b2a76a9da1f5c5094f3ba0bee7aee8ca02a0fc996cd6fcc7b0	clean
revised/iteration4/data/Figures/Supp_Figure6_4/cache/joint_q10_dense/C01/endpoint_C01_VT_E042.rds	2439045	2026-08-29T18:57:13-0400	28c311e5481f75248db11ad5378a8960dd83bd1fd009c202a1639baff801b7b8	clean
revised/iteration4/data/Figures/Supp_Figure6_4/cache/joint_q10_dense/C01/endpoint_C01_VT_E043.rds	2439411	2026-08-29T18:56:58-0400	4bd11b9191fb27277aba6dc1d46bb6e2d5ed8c69f536f8fa176416e9705cb011	clean
revised/iteration4/data/Figures/Supp_Figure6_4/cache/joint_q10_dense/C01/endpoint_C01_VT_E044.rds	2439575	2026-08-29T18:56:55-0400	d989de78cb1740b3a66251c010af7a6582805c2cab7708b7776c24498f5e20b1	clean
revised/iteration4/data/Figures/Supp_Figure6_4/cache/joint_q10_dense/C01/endpoint_C01_VT_E045.rds	2440275	2026-08-29T18:56:54-0400	5eaf51d452884f3288cfc8d5de51342b3d410a23f2f3c167e07c3aa116e36967	clean
revised/iteration4/data/Figures/Supp_Figure6_4/cache/joint_q10_dense/C01/endpoint_C01_VT_E046.rds	2439369	2026-08-29T18:57:00-0400	83dc3a874ed0371ac90aec64b28cf346073daa49df9b87722e1169fcac6d84c9	clean
revised/iteration4/data/Figures/Supp_Figure6_4/cache/joint_q10_dense/C01/endpoint_C01_VT_E047.rds	2439494	2026-08-29T18:57:05-0400	4aac970b28c24306b16c5d02f15964fc8e99ca1f79b6188b978441baec4f4487	clean
revised/iteration4/data/Figures/Supp_Figure6_4/cache/joint_q10_dense/C01/endpoint_C01_VT_E048.rds	2439721	2026-08-29T18:56:57-0400	5268c806ff5e4a440aba15911ed690051645bc822b82c8eb7535379e6f213175	clean
revised/iteration4/data/Figures/Supp_Figure6_4/cache/joint_q10_dense/C01/endpoint_C01_VT_E049.rds	2439614	2026-08-29T18:56:47-0400	179d3277a454d57d41eb22693d01d3fe2bcb60ff29937052089e82c0bc1e4c4b	clean
revised/iteration4/data/Figures/Supp_Figure6_4/cache/joint_q10_dense/C01/endpoint_C01_VT_E050.rds	2440027	2026-08-29T18:56:48-0400	5119ea52b4fe58c7b8b7734ac2b6293277cc18e51fc16f6e428a572cf43c1d4c	clean
revised/iteration4/data/Figures/Supp_Figure6_4/cache/joint_q10_dense/C02/endpoint_C02_VT_E001.rds	2439913	2026-08-29T18:56:47-0400	ca3f278d997913330c545c32ac3acc8d5b6f4624615eab0cb43a2914f773ea50	clean
revised/iteration4/data/Figures/Supp_Figure6_4/cache/joint_q10_dense/C02/endpoint_C02_VT_E002.rds	2439970	2026-08-29T18:57:06-0400	0378dfecba80b28a9b075b23dc0e6b2169a726c4999eeb5683e515cf6722acc9	clean
revised/iteration4/data/Figures/Supp_Figure6_4/cache/joint_q10_dense/C02/endpoint_C02_VT_E003.rds	2439848	2026-08-29T18:56:56-0400	406e41525e824c105aab31022fad99959364598a1fd4015b14fd47a68df5eb89	clean
revised/iteration4/data/Figures/Supp_Figure6_4/cache/joint_q10_dense/C02/endpoint_C02_VT_E004.rds	2440082	2026-08-29T18:56:44-0400	6e2ac08003f03e3c2f10bbdb949e25f3763c2c1866b3761dd0308f292dcf77db	clean
revised/iteration4/data/Figures/Supp_Figure6_4/cache/joint_q10_dense/C02/endpoint_C02_VT_E005.rds	2439859	2026-08-29T18:56:49-0400	8e6fea3afb96d97b73cb2150ad62475a481e77a3d0ada1a912f93a97734a8b82	clean
revised/iteration4/data/Figures/Supp_Figure6_4/cache/joint_q10_dense/C02/endpoint_C02_VT_E006.rds	2439935	2026-08-29T18:57:12-0400	50729ffa68614e9370c88196e410c9c80ee5909a105d96165f94e1dd7e062bfa	clean
revised/iteration4/data/Figures/Supp_Figure6_4/cache/joint_q10_dense/C02/endpoint_C02_VT_E007.rds	2440078	2026-08-29T19:10:16-0400	0400b6ce5f435a7d5f3c2ae7c50b2b0271a24f891e91369d1e265381f0b304a4	clean
revised/iteration4/data/Figures/Supp_Figure6_4/cache/joint_q10_dense/C02/endpoint_C02_VT_E008.rds	2440155	2026-08-29T19:10:17-0400	2900f63b6d48293135fde848b3cef57f728f667790f3dd8dd2dac619e66c093a	clean
revised/iteration4/data/Figures/Supp_Figure6_4/cache/joint_q10_dense/C02/endpoint_C02_VT_E009.rds	2440252	2026-08-29T19:10:21-0400	afa07a271b9dfe1bb51594cb3fb15e9b68a6a014a02406968cc5821b3de01183	clean
revised/iteration4/data/Figures/Supp_Figure6_4/cache/joint_q10_dense/C02/endpoint_C02_VT_E010.rds	2440236	2026-08-29T19:10:18-0400	f93d2a29c7235b91851b19df89b4754395ccba96eecb23ad7c93acd7adeed272	clean
revised/iteration4/data/Figures/Supp_Figure6_4/cache/joint_q10_dense/C02/endpoint_C02_VT_E011.rds	2440004	2026-08-29T19:10:53-0400	6b4be0dfb77666d4d40669493334d2f52bce2464265a7bf24250ace6d4edaddd	clean
revised/iteration4/data/Figures/Supp_Figure6_4/cache/joint_q10_dense/C02/endpoint_C02_VT_E012.rds	2439837	2026-08-29T19:10:21-0400	a310b0e5910af750499d90d893d4f052875438eca57aeca253b90c41f7686ee4	clean
revised/iteration4/data/Figures/Supp_Figure6_4/cache/joint_q10_dense/C02/endpoint_C02_VT_E013.rds	2439977	2026-08-29T19:10:19-0400	4a2ceab366a39fae7cb0db8a31767d40e48a4c0749e9bc05f30ff9fd5cf7b927	clean
revised/iteration4/data/Figures/Supp_Figure6_4/cache/joint_q10_dense/C02/endpoint_C02_VT_E014.rds	2439993	2026-08-29T19:10:25-0400	f6155298dc62bed678f2600a8c8b8e76b871a50a7340fd3da07a95c5685358c6	clean
revised/iteration4/data/Figures/Supp_Figure6_4/cache/joint_q10_dense/C02/endpoint_C02_VT_E015.rds	2440109	2026-08-29T19:10:24-0400	fca952c0f5e2d6d7aac0975b36195df424e1667aa304c580f57ea6a4d9aa2ae4	clean
revised/iteration4/data/Figures/Supp_Figure6_4/cache/joint_q10_dense/C02/endpoint_C02_VT_E016.rds	2439602	2026-08-29T19:10:24-0400	eb002aeadbf00c66aaeaea0dcbe6295635a8cf0aa71c4a00ff0e2060afd9cf5d	clean
revised/iteration4/data/Figures/Supp_Figure6_4/cache/joint_q10_surface/C01/endpoint_C01_VT_E001.rds	317347	2026-08-29T18:40:01-0400	f2007e686fbda2b8b1bc75b28c4894e45dca6b7261c5766a141bc0859d7ce33e	clean
revised/iteration4/data/Figures/Supp_Figure6_4/cache/joint_q10_surface/C01/endpoint_C01_VT_E002.rds	317312	2026-08-29T18:40:02-0400	7e5097c5e660c2bac383e3448092e96087439dccb166dd0f09846ebe9854c7cf	clean
revised/iteration4/data/Figures/Supp_Figure6_4/cache/joint_q10_surface/C01/endpoint_C01_VT_E003.rds	317246	2026-08-29T18:40:01-0400	631bdece990191ba57a1246b16ee8cc07b3bb7a0fd7bd3e55a31a5882510c44d	clean
revised/iteration4/data/Figures/Supp_Figure6_4/cache/joint_q10_surface/C01/endpoint_C01_VT_E004.rds	317420	2026-08-29T18:40:03-0400	8756adbb08712613c0123497cfdac014a1be7a23043205b100759a2f41c01200	clean
revised/iteration4/data/Figures/Supp_Figure6_4/cache/joint_q10_surface/C01/endpoint_C01_VT_E005.rds	317279	2026-08-29T18:40:03-0400	0a0ea20c5c0ffd210b655841740aba0bdb6c0ce0602615164e8d27af153f841e	clean
revised/iteration4/data/Figures/Supp_Figure6_4/cache/joint_q10_surface/C01/endpoint_C01_VT_E006.rds	317197	2026-08-29T18:40:03-0400	aaedb60d02e3c46d6dd6cf8de5adaf73609f2dd571cc3cf42ec1b016d38206d6	clean
revised/iteration4/data/Figures/Supp_Figure6_4/cache/joint_q10_surface/C01/endpoint_C01_VT_E007.rds	317139	2026-08-29T18:40:01-0400	ca58e7e4797c503cab2468febb588d5717336d32ed21ba12b54c03d049900e65	clean
revised/iteration4/data/Figures/Supp_Figure6_4/cache/joint_q10_surface/C01/endpoint_C01_VT_E008.rds	317313	2026-08-29T18:40:01-0400	075d26f9c8379cd4fd50aceafc20943cc7726a6c709c01331db38d39eca14be1	clean
revised/iteration4/data/Figures/Supp_Figure6_4/cache/joint_q10_surface/C01/endpoint_C01_VT_E009.rds	317318	2026-08-29T18:40:02-0400	239c9c445c3be46a45dcda5f0ad8d7f0b1c001cfc5d157d667ca73f69ba8c85a	clean
revised/iteration4/data/Figures/Supp_Figure6_4/cache/joint_q10_surface/C01/endpoint_C01_VT_E010.rds	317231	2026-08-29T18:40:02-0400	89228e76e2b668f436998f948730d4f6e7e15a2bec9faf1556d913e70df7da9b	clean
revised/iteration4/data/Figures/Supp_Figure6_4/cache/joint_q10_surface/C01/endpoint_C01_VT_E011.rds	317235	2026-08-29T18:40:01-0400	241e9978506836e19016711b8b07eb1b491b2560e1d5368efe70927109f9f923	clean
revised/iteration4/data/Figures/Supp_Figure6_4/cache/joint_q10_surface/C01/endpoint_C01_VT_E012.rds	317241	2026-08-29T18:40:03-0400	639abe9dac39a7e76dffd9fb6cfcde4aa171b6e96ff23d92a3dcc1c105bc05a5	clean
revised/iteration4/data/Figures/Supp_Figure6_4/cache/joint_q10_surface/C01/endpoint_C01_VT_E013.rds	317345	2026-08-29T18:40:01-0400	584bc75699f2dc279096e1e2a91cd11be2e019fd447b853728a3d34fdf7ef0c7	clean
revised/iteration4/data/Figures/Supp_Figure6_4/cache/joint_q10_surface/C01/endpoint_C01_VT_E014.rds	317276	2026-08-29T18:40:02-0400	1141396efb18916d70ffa1a0baeec4a8892d403158cedf1736e436983e0f0bf9	clean
revised/iteration4/data/Figures/Supp_Figure6_4/cache/joint_q10_surface/C01/endpoint_C01_VT_E015.rds	317194	2026-08-29T18:40:03-0400	eb15921b8c631cbb77f1b1bfeec0d950bc6da72ad6413f0482db730d00fb35f6	clean
revised/iteration4/data/Figures/Supp_Figure6_4/cache/joint_q10_surface/C01/endpoint_C01_VT_E016.rds	317394	2026-08-29T18:40:01-0400	79d28cf108a5679258b521af481e7e4ad57677d117a051dcca40d59fd92b3224	clean
revised/iteration4/data/Figures/Supp_Figure6_4/cache/joint_q10_surface/C01/endpoint_C01_VT_E017.rds	317318	2026-08-29T18:40:02-0400	f77ece7ee036d82f65618dff5a1694b83df7340ef398dd80411450694686baf7	clean
revised/iteration4/data/Figures/Supp_Figure6_4/cache/joint_q10_surface/C01/endpoint_C01_VT_E018.rds	317207	2026-08-29T18:40:03-0400	6d3e52c39ddb6408df3e1a6cde6f4aefa38afaba73451c6c2b0901bdb3ec0d8e	clean
revised/iteration4/data/Figures/Supp_Figure6_4/cache/joint_q10_surface/C01/endpoint_C01_VT_E019.rds	317277	2026-08-29T18:40:02-0400	08eea5d4051252e631deee09e225a730d3f2c37d4e7fbe37d002d9d517ba9ba3	clean
revised/iteration4/data/Figures/Supp_Figure6_4/cache/joint_q10_surface/C01/endpoint_C01_VT_E020.rds	317241	2026-08-29T18:40:05-0400	1233a48abb4ac608e561f3d24ccd76f83ddb203ef91e5eb553812c2e34a01001	clean
revised/iteration4/data/Figures/Supp_Figure6_4/cache/joint_q10_surface/C01/endpoint_C01_VT_E021.rds	317290	2026-08-29T18:40:03-0400	e3efb738471250ac52ebd2e4d813924c684945f9c3e3b684e33ef6890f36680f	clean
revised/iteration4/data/Figures/Supp_Figure6_4/cache/joint_q10_surface/C01/endpoint_C01_VT_E022.rds	317341	2026-08-29T18:40:02-0400	22069c57d7685f53e33d01f68b8d3b56b7317aa9111ab104ab29b61f24eb8a8d	clean
revised/iteration4/data/Figures/Supp_Figure6_4/cache/joint_q10_surface/C01/endpoint_C01_VT_E023.rds	317210	2026-08-29T18:40:01-0400	6ee5fed5c04ae0ea2cfd37d241caeab01bdcfc391385d711a874cc8f76bb1646	clean
revised/iteration4/data/Figures/Supp_Figure6_4/cache/joint_q10_surface/C01/endpoint_C01_VT_E024.rds	317214	2026-08-29T18:40:01-0400	dae5751b171b10d7433f1acf99cfe8bf1d6d22d6e79e682f1034b928b7a4ee55	clean
revised/iteration4/data/Figures/Supp_Figure6_4/cache/joint_q10_surface/C01/endpoint_C01_VT_E025.rds	317316	2026-08-29T18:40:02-0400	9f536165cc6db8b958214e3788626d5c48a9a543b83dd49ff6da71b735fd34bc	clean
revised/iteration4/data/Figures/Supp_Figure6_4/cache/joint_q10_surface/C01/endpoint_C01_VT_E026.rds	317295	2026-08-29T18:40:03-0400	b0ab9b331c2ead58b7142e61cf64f0e3052c0efddf4a640f1d6aa446865ff11c	clean
revised/iteration4/data/Figures/Supp_Figure6_4/cache/joint_q10_surface/C01/endpoint_C01_VT_E027.rds	317340	2026-08-29T18:40:00-0400	5248438e7b3547ebea9af106b118f696b36e5f48a9abb54e07c72b41c8b59e6e	clean
revised/iteration4/data/Figures/Supp_Figure6_4/cache/joint_q10_surface/C01/endpoint_C01_VT_E028.rds	317344	2026-08-29T18:40:02-0400	827074933b1e5b1f03e857c12b253f2673e0ab48b90ab1c5494df432ed0e5508	clean
revised/iteration4/data/Figures/Supp_Figure6_4/cache/joint_q10_surface/C01/endpoint_C01_VT_E029.rds	317295	2026-08-29T18:40:02-0400	d12932a057bf5f9320136d3d7292cbcf243075bffa78c383af7c449ebfb02cd9	clean
revised/iteration4/data/Figures/Supp_Figure6_4/cache/joint_q10_surface/C01/endpoint_C01_VT_E030.rds	317305	2026-08-29T18:40:01-0400	65ceb4ab8f67e615e0b6a77fa8f4280e7b45fcaf24b9d4405d401c6360e1cc10	clean
revised/iteration4/data/Figures/Supp_Figure6_4/cache/joint_q10_surface/C01/endpoint_C01_VT_E031.rds	317362	2026-08-29T18:40:03-0400	8827e0ff40ddfea166580a57b7fc3df186f6c494cda8cb31201d08a139f08e04	clean
revised/iteration4/data/Figures/Supp_Figure6_4/cache/joint_q10_surface/C01/endpoint_C01_VT_E032.rds	317317	2026-08-29T18:40:01-0400	1a9c17b586388ae27e17463ad447b5343d3ee47205b255b4bb5772ddfc72ed46	clean
revised/iteration4/data/Figures/Supp_Figure6_4/cache/joint_q10_surface/C01/endpoint_C01_VT_E033.rds	317318	2026-08-29T18:40:04-0400	d7cec7764ca0f7b364d3cea3aaa58159573cce9692136b28ed56b1ca4dfe7983	clean
revised/iteration4/data/Figures/Supp_Figure6_4/cache/joint_q10_surface/C01/endpoint_C01_VT_E034.rds	317356	2026-08-29T18:40:02-0400	f8abbe44c534489aa10c1d40d10e979d1a1f2543583b0245af89b46a16a58921	clean
revised/iteration4/data/Figures/Supp_Figure6_4/cache/joint_q10_surface/C01/endpoint_C01_VT_E035.rds	317332	2026-08-29T18:40:03-0400	31045a6b2989461e459e47a667ec2112f52294b2674d50e9bbf52d8c5b0f8eed	clean
revised/iteration4/data/Figures/Supp_Figure6_4/cache/joint_q10_surface/C01/endpoint_C01_VT_E036.rds	317157	2026-08-29T18:40:04-0400	8c3bb3fb97dd71b008177cb21b49396d9fa4e49b3ec8983daaf27dcb408ece02	clean
revised/iteration4/data/Figures/Supp_Figure6_4/cache/joint_q10_surface/C01/endpoint_C01_VT_E037.rds	317191	2026-08-29T18:40:04-0400	ab672bc87c79d8bff2b93ed2dd124053c101a78b81cc3e410c51846087786c19	clean
revised/iteration4/data/Figures/Supp_Figure6_4/cache/joint_q10_surface/C01/endpoint_C01_VT_E038.rds	317289	2026-08-29T18:40:04-0400	81e74f9ab49ebe36eef6d041079165600d0b29311355b796fd0e282695d35940	clean
revised/iteration4/data/Figures/Supp_Figure6_4/cache/joint_q10_surface/C01/endpoint_C01_VT_E039.rds	317249	2026-08-29T18:40:03-0400	e2e46bf4143e48415fef9ab863d844ce28c72a62629b912d875722490483d363	clean
revised/iteration4/data/Figures/Supp_Figure6_4/cache/joint_q10_surface/C01/endpoint_C01_VT_E040.rds	317217	2026-08-29T18:40:02-0400	fb52949420c734d71b8d26354816ce9aaacc0c9d32c737f4628f17b19d9b83be	clean
revised/iteration4/data/Figures/Supp_Figure6_4/cache/joint_q10_surface/C01/endpoint_C01_VT_E041.rds	317315	2026-08-29T18:40:01-0400	0d0e7061e9fdfa746022a19953462e89c7ce4c185490eaa25abf37c872a13f54	clean
revised/iteration4/data/Figures/Supp_Figure6_4/cache/joint_q10_surface/C01/endpoint_C01_VT_E042.rds	317343	2026-08-29T18:40:06-0400	4f8fe23b0dfd9858f51d61de3704ffc303719b2b22e973388f4323ffdc42f9d9	clean
revised/iteration4/data/Figures/Supp_Figure6_4/cache/joint_q10_surface/C01/endpoint_C01_VT_E043.rds	317340	2026-08-29T18:40:04-0400	0cef7cc9b2e685f7d320f0fc801a538410bff49ddc3b53a574d00b7795bb8df5	clean
revised/iteration4/data/Figures/Supp_Figure6_4/cache/joint_q10_surface/C01/endpoint_C01_VT_E044.rds	317336	2026-08-29T18:40:03-0400	4f27c168b56f726dc94750af2b3b69b9261c043297fe0970adcbd7ca050efc1d	clean
revised/iteration4/data/Figures/Supp_Figure6_4/cache/joint_q10_surface/C01/endpoint_C01_VT_E045.rds	317419	2026-08-29T18:40:03-0400	35a1ba73d1005535f02c5c7f67bd29ea9b837343d6713072f014c0aad8ca57c5	clean
revised/iteration4/data/Figures/Supp_Figure6_4/cache/joint_q10_surface/C01/endpoint_C01_VT_E046.rds	317294	2026-08-29T18:40:02-0400	01a7bc54a1fbc9640ef7bf2db19089442f2227fc5286c227e08ad236382c544e	clean
revised/iteration4/data/Figures/Supp_Figure6_4/cache/joint_q10_surface/C01/endpoint_C01_VT_E047.rds	317358	2026-08-29T18:40:02-0400	86acea522726aa583666a1b436efd291aa99b2d053cf6a37a2a67557cca2aaa6	clean
revised/iteration4/data/Figures/Supp_Figure6_4/cache/joint_q10_surface/C01/endpoint_C01_VT_E048.rds	317240	2026-08-29T18:40:04-0400	36de1068f6e8492bbfbd47638393e7c5bd2b575728d2c108b1a9573a483bf8f2	clean
revised/iteration4/data/Figures/Supp_Figure6_4/cache/joint_q10_surface/C01/endpoint_C01_VT_E049.rds	317317	2026-08-29T18:40:01-0400	f379ceede53763e87bfb611f5ff8c29f176095510e19baf28831c9685e14894e	clean
revised/iteration4/data/Figures/Supp_Figure6_4/cache/joint_q10_surface/C01/endpoint_C01_VT_E050.rds	317279	2026-08-29T18:40:05-0400	53f2725a55fce8fc451bb03974354fc3187c459eb11aabc56af77f9177067a04	clean
revised/iteration4/data/Figures/Supp_Figure6_4/cache/joint_q10_surface/C02/endpoint_C02_VT_E001.rds	317326	2026-08-29T18:40:03-0400	4892298d8b9b9b0b88501a158cf9563e9fc06792a4cc28a114acd999487c50f4	clean
revised/iteration4/data/Figures/Supp_Figure6_4/cache/joint_q10_surface/C02/endpoint_C02_VT_E002.rds	317175	2026-08-29T18:40:00-0400	c135ad61813b73bc7d58a4ffa5e123239ae69175171ceda25f5e4fbc8e37536e	clean
revised/iteration4/data/Figures/Supp_Figure6_4/cache/joint_q10_surface/C02/endpoint_C02_VT_E003.rds	317207	2026-08-29T18:40:06-0400	86f9e1352f515858a6c516bb29c8c0a0be1daf44bc28c5cf92ca8f1b3937403d	clean
revised/iteration4/data/Figures/Supp_Figure6_4/cache/joint_q10_surface/C02/endpoint_C02_VT_E004.rds	317262	2026-08-29T18:40:04-0400	845642ca2778c7e8c7564454427f6b8f64934fbec4ff0e21f38d093c678ad84b	clean
revised/iteration4/data/Figures/Supp_Figure6_4/cache/joint_q10_surface/C02/endpoint_C02_VT_E005.rds	317247	2026-08-29T18:40:02-0400	5c745ec1988a6b24597dd5b21e6ade200f39ad87d41423f41488aad481f7b229	clean
revised/iteration4/data/Figures/Supp_Figure6_4/cache/joint_q10_surface/C02/endpoint_C02_VT_E006.rds	317330	2026-08-29T18:40:03-0400	3c945af26a101061a7e51987c13df300cb2582f1d11c52d3df52b43c56652ad7	clean
revised/iteration4/data/Figures/Supp_Figure6_4/cache/joint_q10_surface/C02/endpoint_C02_VT_E007.rds	317157	2026-08-29T18:41:46-0400	2c6bf6926bee6e268001291354f946b3674730227ad115211961d7b1524d08b4	clean
revised/iteration4/data/Figures/Supp_Figure6_4/cache/joint_q10_surface/C02/endpoint_C02_VT_E008.rds	317234	2026-08-29T18:41:49-0400	0ac7980cdb95acf3f6eab108b820c9dd67700143439195c4afe99dca2c63a969	clean
revised/iteration4/data/Figures/Supp_Figure6_4/cache/joint_q10_surface/C02/endpoint_C02_VT_E009.rds	317369	2026-08-29T18:41:47-0400	c0984accbbfb1ec8403c7c734207529e6bb219f69d4858d3772658de56371214	clean
revised/iteration4/data/Figures/Supp_Figure6_4/cache/joint_q10_surface/C02/endpoint_C02_VT_E010.rds	317334	2026-08-29T18:41:47-0400	16cc410d22ae8c662a8c5f15e4292f6e12b1baed2362d8ee8a9913ca6657cddb	clean
revised/iteration4/data/Figures/Supp_Figure6_4/cache/joint_q10_surface/C02/endpoint_C02_VT_E011.rds	317380	2026-08-29T18:41:47-0400	f08b9d740b54c55edcc80d78f376777ea2c6f160e54dad678450e4885e592922	clean
revised/iteration4/data/Figures/Supp_Figure6_4/cache/joint_q10_surface/C02/endpoint_C02_VT_E012.rds	317364	2026-08-29T18:41:47-0400	fda7d5a59448e86da7eeb827339abd614977d19979c23c3ef863c9906f255551	clean
revised/iteration4/data/Figures/Supp_Figure6_4/cache/joint_q10_surface/C02/endpoint_C02_VT_E013.rds	317371	2026-08-29T18:41:47-0400	4f1a93db78efde80847bd23b79dd0c677ce1cad8eb1bbcbc17c1655a5d08ca17	clean
revised/iteration4/data/Figures/Supp_Figure6_4/cache/joint_q10_surface/C02/endpoint_C02_VT_E014.rds	317273	2026-08-29T18:41:47-0400	8bbaa2c8824679d6a6ffe283c9ec3c3b653fe62b04eda2e086661a0f966b6183	clean
revised/iteration4/data/Figures/Supp_Figure6_4/cache/joint_q10_surface/C02/endpoint_C02_VT_E015.rds	317242	2026-08-29T18:41:47-0400	8fefb0f482f1f2c6ed0fe992a4b0b5cc40c3e66d251a26c2be7e7dc4daf5253c	clean
revised/iteration4/data/Figures/Supp_Figure6_4/cache/joint_q10_surface/C02/endpoint_C02_VT_E016.rds	317229	2026-08-29T18:41:47-0400	c38292815c2444afda0c63b57bab64345ebe96947920de3a11e35264c31571cf	clean
revised/iteration4/data/Figures/Supp_Figure6_4/cache/separate_invitro/seed1.rds	7396	2026-08-29T18:37:35-0400	5ea646051ebccf44de1a86359dbe7049d9ec0938503e6920df8486db2e3b55f2	clean
revised/iteration4/data/Figures/Supp_Figure6_4/cache/separate_invitro/seed10.rds	7216	2026-08-29T18:37:33-0400	245f16e6e875aeb970527528803db55021f287c566852166b4d01f39e3b8446f	clean
revised/iteration4/data/Figures/Supp_Figure6_4/cache/separate_invitro/seed100.rds	7427	2026-08-29T18:37:38-0400	a68393c1fe8a576b5b600cee4c6211ad3155618ad360ad5d0247f6a7978fe1eb	clean
revised/iteration4/data/Figures/Supp_Figure6_4/cache/separate_invitro/seed101.rds	7573	2026-08-29T18:37:38-0400	f0cd128cdc28d3de3f8ff0bbd8a36a19ac50aa4267644187a324b703e48a15d1	clean
revised/iteration4/data/Figures/Supp_Figure6_4/cache/separate_invitro/seed102.rds	7534	2026-08-29T18:37:38-0400	e77fd48e48e2c0fe68fd4a24112d6647fe8ee1a9d9e1f3707884123ca5e502ce	clean
revised/iteration4/data/Figures/Supp_Figure6_4/cache/separate_invitro/seed103.rds	7377	2026-08-29T18:37:38-0400	9c1b6539148e51134d9aaa07d500745a2e9e8399a77b557be6e735587ddfdfc0	clean
revised/iteration4/data/Figures/Supp_Figure6_4/cache/separate_invitro/seed104.rds	7436	2026-08-29T18:37:38-0400	eccce49c89c3339f31f491499d8c349df98c183be833b65ff6555e3f8ee2ce98	clean
revised/iteration4/data/Figures/Supp_Figure6_4/cache/separate_invitro/seed105.rds	7396	2026-08-29T18:37:38-0400	a8fccfcf6d0c239c078fb92b8b5fa117dcbda9951d2820ff556793a7da179565	clean
revised/iteration4/data/Figures/Supp_Figure6_4/cache/separate_invitro/seed106.rds	7402	2026-08-29T18:37:38-0400	43f747352bacff443bfef5a798c8124bb097fc32004e1694faae20102dd78397	clean
revised/iteration4/data/Figures/Supp_Figure6_4/cache/separate_invitro/seed107.rds	7423	2026-08-29T18:37:38-0400	02c34be31ce504295ed3dd925f7d104ced5b925a344f625009250f7094f87f92	clean
revised/iteration4/data/Figures/Supp_Figure6_4/cache/separate_invitro/seed108.rds	7561	2026-08-29T18:37:38-0400	d98d0ad8aab82f58d1c6a47347579e42300840a61a1487f91de3ddcadc24c7f3	clean
revised/iteration4/data/Figures/Supp_Figure6_4/cache/separate_invitro/seed109.rds	7386	2026-08-29T18:37:38-0400	614a8cb4d205d1a4d11a11367963d1b6135ea6e33fc8cf411452b735459623dd	clean
revised/iteration4/data/Figures/Supp_Figure6_4/cache/separate_invitro/seed11.rds	7426	2026-08-29T18:37:33-0400	a43fc7fcd6c64acdec2e3d2cd6253b2657e3bbe056581f18553230b273249b7a	clean
revised/iteration4/data/Figures/Supp_Figure6_4/cache/separate_invitro/seed110.rds	7415	2026-08-29T18:37:38-0400	b2e543b35dddebfebccf41c5bd7abad5214ac8f806ac9b37b163a9da0b6fb6a1	clean
revised/iteration4/data/Figures/Supp_Figure6_4/cache/separate_invitro/seed111.rds	7581	2026-08-29T18:37:38-0400	c2270ce7d551e59c519b01ed16df25f23358f89e3d67d8995406a7348a5d63f9	clean
revised/iteration4/data/Figures/Supp_Figure6_4/cache/separate_invitro/seed112.rds	7417	2026-08-29T18:37:38-0400	1ee66bd247f39bd64e7bfdc26321011426f8f753e0caea72355aac1b9d6f085d	clean
revised/iteration4/data/Figures/Supp_Figure6_4/cache/separate_invitro/seed113.rds	7545	2026-08-29T18:37:38-0400	0bcd9ebc78e945f0b16a591259afb38542ad4d9a72450840e0c47bff1fc93100	clean
revised/iteration4/data/Figures/Supp_Figure6_4/cache/separate_invitro/seed114.rds	7431	2026-08-29T18:37:38-0400	e81393dd43a19941f14e43a2501ef528548f2946abb87dd5ae1963af7e61da52	clean
revised/iteration4/data/Figures/Supp_Figure6_4/cache/separate_invitro/seed115.rds	7415	2026-08-29T18:37:38-0400	851e78fddef9e6e0a82d65ebe80b7607de729f281d7f55f40330db0ca28a5c92	clean
revised/iteration4/data/Figures/Supp_Figure6_4/cache/separate_invitro/seed116.rds	7557	2026-08-29T18:37:38-0400	06fdb04e2e4b3fd407d36c742754ba61e8658757016166e6a73711d39371bad4	clean
revised/iteration4/data/Figures/Supp_Figure6_4/cache/separate_invitro/seed117.rds	7560	2026-08-29T18:37:39-0400	8957bf6ae7bc8dcfd3d540b2abd8ddb1cd5227158d59fe4bbcdda4be586364c3	clean
revised/iteration4/data/Figures/Supp_Figure6_4/cache/separate_invitro/seed118.rds	7425	2026-08-29T18:37:39-0400	0b439cb2d7fe8ca0a40805793cd6326e1594a78d4fe99f91abebc28b4ad1a9a4	clean
revised/iteration4/data/Figures/Supp_Figure6_4/cache/separate_invitro/seed119.rds	7429	2026-08-29T18:37:38-0400	cebed3af71e8fc7b7cc0bd4685da5f5b02e104d01b41c66a3b07c947491fe260	clean
revised/iteration4/data/Figures/Supp_Figure6_4/cache/separate_invitro/seed12.rds	7538	2026-08-29T18:37:33-0400	15457120aee0bd31ddf709631f7b0d2ab99807365b28e3b9d711fcd35015d6e8	clean
revised/iteration4/data/Figures/Supp_Figure6_4/cache/separate_invitro/seed120.rds	7421	2026-08-29T18:37:39-0400	e10be8dc6dc1144abbc62549f305c5b45fbe9be748dce2d4d618f0beb8a6df74	clean
revised/iteration4/data/Figures/Supp_Figure6_4/cache/separate_invitro/seed121.rds	7416	2026-08-29T18:37:39-0400	bb466295b99e0a85e65d5511934d5f26d55f83d42ac16eee54579585be85a816	clean
revised/iteration4/data/Figures/Supp_Figure6_4/cache/separate_invitro/seed122.rds	7576	2026-08-29T18:37:38-0400	7b4820c7837d551b00a5a490d55d5dcb48c78b5d56a4f10ea6d77cea7a3b4ab9	clean
revised/iteration4/data/Figures/Supp_Figure6_4/cache/separate_invitro/seed123.rds	7551	2026-08-29T18:37:39-0400	2345f4f1ea701aae6bf11b334ec7f88005bff422cceeaaf4eeb44b36b97dc2ea	clean
revised/iteration4/data/Figures/Supp_Figure6_4/cache/separate_invitro/seed124.rds	7436	2026-08-29T18:37:39-0400	c28ead0270fa47f3d1791aa0ebdef7962d98741884a90c5c46cc6bdaf06c2823	clean
revised/iteration4/data/Figures/Supp_Figure6_4/cache/separate_invitro/seed125.rds	7402	2026-08-29T18:37:38-0400	ae424497650807d2d01c07ab6fd967ec985f98476b6e33dcf8cf7a8efe097f7e	clean
revised/iteration4/data/Figures/Supp_Figure6_4/cache/separate_invitro/seed126.rds	7415	2026-08-29T18:37:39-0400	b97682e977716090013241c4099f79ab380657dd2e82c803a925d22998b89419	clean
revised/iteration4/data/Figures/Supp_Figure6_4/cache/separate_invitro/seed127.rds	7540	2026-08-29T18:37:39-0400	cfd498507e3778a78c1acbd90d1214488a30ad00b583c47c88371dc7e9f12455	clean
revised/iteration4/data/Figures/Supp_Figure6_4/cache/separate_invitro/seed128.rds	7415	2026-08-29T18:37:39-0400	76825e5ab62c6df1f6feabdf1f0cfee644eb0875a7929d2dde0997b18e7550af	clean
revised/iteration4/data/Figures/Supp_Figure6_4/cache/separate_invitro/seed129.rds	7525	2026-08-29T18:37:39-0400	d4c0e8f9313ad415e19d982fd5851680d15edf7f85b6fc2d753f358c087ba6aa	clean
revised/iteration4/data/Figures/Supp_Figure6_4/cache/separate_invitro/seed13.rds	7368	2026-08-29T18:37:33-0400	96d4b26286bff140c1010ea9d1e1d2f5cb8b632649b88c9a10ef48973128a225	clean
revised/iteration4/data/Figures/Supp_Figure6_4/cache/separate_invitro/seed130.rds	7413	2026-08-29T18:37:39-0400	08e1bc875379f6259c3a344c1673602919948b84942f0f421b96e76ba8dc0a3d	clean
revised/iteration4/data/Figures/Supp_Figure6_4/cache/separate_invitro/seed131.rds	7566	2026-08-29T18:37:39-0400	d9620043613fc872bce2f37ae15f8eea68ae2f947b92c98815e98c3038a2cfba	clean
revised/iteration4/data/Figures/Supp_Figure6_4/cache/separate_invitro/seed132.rds	7434	2026-08-29T18:37:40-0400	371d7e2d4182837e483078bf9e7dabff4d2ce1a3dcd14891f2ee17f5c2d74dcd	clean
revised/iteration4/data/Figures/Supp_Figure6_4/cache/separate_invitro/seed133.rds	7555	2026-08-29T18:37:39-0400	3757d88214792f6c8eeb04c40aaa477a114dadc5fe317a9778fdf3344389f02d	clean
revised/iteration4/data/Figures/Supp_Figure6_4/cache/separate_invitro/seed134.rds	7559	2026-08-29T18:37:40-0400	6f23ca4362b0b359a9c693e1f0297c856cb6ec4be6c955843c90559b076e1531	clean
revised/iteration4/data/Figures/Supp_Figure6_4/cache/separate_invitro/seed135.rds	7554	2026-08-29T18:37:40-0400	230be4695e3a98c2f19cc1bc227b7d1a340f7258b7a367150eebe03cee8b18fa	clean
revised/iteration4/data/Figures/Supp_Figure6_4/cache/separate_invitro/seed136.rds	7409	2026-08-29T18:37:40-0400	60e03c797e346c6305ca27faf1529646a44af856dfb8d5e44b1dbf9691e1ac82	clean
revised/iteration4/data/Figures/Supp_Figure6_4/cache/separate_invitro/seed137.rds	7480	2026-08-29T18:37:39-0400	33bde42891573c6a736d29d87fd613dd8a40744a7c5a69973d71a7cd96db391f	clean
revised/iteration4/data/Figures/Supp_Figure6_4/cache/separate_invitro/seed138.rds	7548	2026-08-29T18:37:40-0400	de7521b3c5afd8ef18f90b7fc42e3280dd82501ce40887e4c9d3cf2c54cd3d4e	clean
revised/iteration4/data/Figures/Supp_Figure6_4/cache/separate_invitro/seed139.rds	7266	2026-08-29T18:37:40-0400	85967f8894edf78e85c02a6ae71062a3951f5b28054f18a66da6486dd5f962ce	clean
revised/iteration4/data/Figures/Supp_Figure6_4/cache/separate_invitro/seed14.rds	7563	2026-08-29T18:37:33-0400	14ecc3ca11aba79a266d2c2471f8f122a357da575319d429900675a4dd65d3dd	clean
revised/iteration4/data/Figures/Supp_Figure6_4/cache/separate_invitro/seed140.rds	7407	2026-08-29T18:37:40-0400	4a4e54c48a5c9534704ef88f415f335f9dd533ea6497a07827e86238ee2151a6	clean
revised/iteration4/data/Figures/Supp_Figure6_4/cache/separate_invitro/seed141.rds	7432	2026-08-29T18:37:40-0400	3c6ff5f6821b1bc5a49b25d2456171ad37f4826eb1472941a2bb515082940daf	clean
revised/iteration4/data/Figures/Supp_Figure6_4/cache/separate_invitro/seed142.rds	7507	2026-08-29T18:37:40-0400	b9f7d28e11a7207a8b127dfa1e35ade558ba531011028a3e73781a83c2cbf6d5	clean
revised/iteration4/data/Figures/Supp_Figure6_4/cache/separate_invitro/seed143.rds	7560	2026-08-29T18:37:40-0400	6db255000ad35f93367e51df0ebf9cc426d30f4f7b6087958274a3abac53260f	clean
revised/iteration4/data/Figures/Supp_Figure6_4/cache/separate_invitro/seed144.rds	7538	2026-08-29T18:37:40-0400	e4c423318ef87f99d3aea9e70047570d8ba2aa1627d101ceac17a4e6369ddab9	clean
revised/iteration4/data/Figures/Supp_Figure6_4/cache/separate_invitro/seed145.rds	7566	2026-08-29T18:37:40-0400	40ff5baa375b844153835e1c304a6360ea0926eb7419f16198d9c80023d983d7	clean
revised/iteration4/data/Figures/Supp_Figure6_4/cache/separate_invitro/seed146.rds	7548	2026-08-29T18:37:40-0400	f531c80bcb631364330bccfdcf0bca4a6d2bb7fcfdf3687106906b61ffab75c3	clean
revised/iteration4/data/Figures/Supp_Figure6_4/cache/separate_invitro/seed147.rds	7439	2026-08-29T18:37:41-0400	3110b6c255ab8b45b2c6713f0871899f25d79ac40e13e4e2245c570f4cb5e851	clean
revised/iteration4/data/Figures/Supp_Figure6_4/cache/separate_invitro/seed148.rds	7571	2026-08-29T18:37:41-0400	9fa75c77896ab4b082422af54172ee17384918f4fe5378554bc5c6a2b95282b1	clean
revised/iteration4/data/Figures/Supp_Figure6_4/cache/separate_invitro/seed149.rds	7553	2026-08-29T18:37:41-0400	7337a33d45e4f56b07422b28a8428d91cdd0c3cc499ff6d18bf677bde65c9c10	clean
revised/iteration4/data/Figures/Supp_Figure6_4/cache/separate_invitro/seed15.rds	7559	2026-08-29T18:37:33-0400	fd763edb4716af57f068a84012147358d2907c1f1d863a7a1c22a058550135ea	clean
revised/iteration4/data/Figures/Supp_Figure6_4/cache/separate_invitro/seed150.rds	7440	2026-08-29T18:37:41-0400	1a4d6e1d2f26e4d89cd934d9e6f52490463407c0737bc402dc2afba4f92a134c	clean
revised/iteration4/data/Figures/Supp_Figure6_4/cache/separate_invitro/seed151.rds	7632	2026-08-29T18:37:41-0400	9034eb5c15e283d03f5f4ef2724621a8cd7de9e561b0ad4a1f6ca1c033d83848	clean
revised/iteration4/data/Figures/Supp_Figure6_4/cache/separate_invitro/seed152.rds	7407	2026-08-29T18:37:41-0400	9d710d9892cb3ab584dfe6f12caeb2fdd9dbd4e9e4c0d524e7b7ea8192905d7b	clean
revised/iteration4/data/Figures/Supp_Figure6_4/cache/separate_invitro/seed153.rds	7536	2026-08-29T18:37:41-0400	c3c3c5b1acfbcc70069828cf45f2dfae6bb9e09bedd3528609478a44cea8409c	clean
revised/iteration4/data/Figures/Supp_Figure6_4/cache/separate_invitro/seed154.rds	7532	2026-08-29T18:37:41-0400	10462196366926eb128c6f7a0bb3618eac0b099e27fe6b6f62c5ff3e947e3dd8	clean
revised/iteration4/data/Figures/Supp_Figure6_4/cache/separate_invitro/seed155.rds	7435	2026-08-29T18:37:41-0400	eaa8f387ac12f3f233d6c0064ec56e51ac9c6377b580743ebde0581cdd76b892	clean
revised/iteration4/data/Figures/Supp_Figure6_4/cache/separate_invitro/seed156.rds	7418	2026-08-29T18:37:41-0400	9fb3dff8897946b2076a2e6630d02c4eab3be7f874f6319ba8f613a7bbb4ead8	clean
revised/iteration4/data/Figures/Supp_Figure6_4/cache/separate_invitro/seed157.rds	7543	2026-08-29T18:37:41-0400	65104fb182103f0619b5bf9ad247ef95e6485306ef2f6b9e361470afa9dd9124	clean
revised/iteration4/data/Figures/Supp_Figure6_4/cache/separate_invitro/seed158.rds	7371	2026-08-29T18:37:41-0400	d1a12b82d3fd2c57d4f9fa62263eb8a9590c5669a64a41359625b81a3037432b	clean
revised/iteration4/data/Figures/Supp_Figure6_4/cache/separate_invitro/seed159.rds	7366	2026-08-29T18:37:41-0400	896d765cf54b2f5f54628d3bb43bf14c7ade085baf7caca320ed824e8f008d3e	clean
revised/iteration4/data/Figures/Supp_Figure6_4/cache/separate_invitro/seed16.rds	7456	2026-08-29T18:37:33-0400	d5db131e0f45d3f2a382cdc1c06e99c78ceece83393c4e7032ae8ddde73dc104	clean
revised/iteration4/data/Figures/Supp_Figure6_4/cache/separate_invitro/seed160.rds	7564	2026-08-29T18:37:41-0400	e764ae67918f7126ad876c79e484a54d70f708176427af8b20b4717e0d730130	clean
revised/iteration4/data/Figures/Supp_Figure6_4/cache/separate_invitro/seed161.rds	7578	2026-08-29T18:37:41-0400	b20e1897cbaf8e70bea7287f8d28d55e07971ef3bb3d43d991eb9b0c254b70be	clean
revised/iteration4/data/Figures/Supp_Figure6_4/cache/separate_invitro/seed162.rds	7534	2026-08-29T18:37:41-0400	3cdcad3367be5a4495ba27bd62bf2932bbbc93024f63f664a81f5e44da59e0cd	clean
revised/iteration4/data/Figures/Supp_Figure6_4/cache/separate_invitro/seed163.rds	7566	2026-08-29T18:37:41-0400	995e7a281bbc936b88235f91849cf6afd4e58d879e6bd94c86bcc95218e63b03	clean
revised/iteration4/data/Figures/Supp_Figure6_4/cache/separate_invitro/seed164.rds	7507	2026-08-29T18:37:41-0400	8fc8585be4a788b776c665e713280935827ef309dccca0489491af4680fe41c5	clean
revised/iteration4/data/Figures/Supp_Figure6_4/cache/separate_invitro/seed165.rds	7552	2026-08-29T18:37:41-0400	5be20ed95e4d1ff8aa223b82652b3819856732d2a75e1a4e96735927fe8339c6	clean
revised/iteration4/data/Figures/Supp_Figure6_4/cache/separate_invitro/seed166.rds	7406	2026-08-29T18:37:41-0400	619c1e494af130ffe0d82631c138ca7d225b28ec8f05dde0f7ad69b681352b8d	clean
revised/iteration4/data/Figures/Supp_Figure6_4/cache/separate_invitro/seed167.rds	7416	2026-08-29T18:37:41-0400	86c8956b1f17182ca60de84b5e1ed3f23ab520a52aefa87b338fcf3817424d05	clean
revised/iteration4/data/Figures/Supp_Figure6_4/cache/separate_invitro/seed168.rds	7388	2026-08-29T18:37:41-0400	22b12b33bdd0cbc479a98903f30f32963ebed9d3c4fa3ff758993c1083075f59	clean
revised/iteration4/data/Figures/Supp_Figure6_4/cache/separate_invitro/seed169.rds	7437	2026-08-29T18:37:41-0400	c12a19ebf6859b35d42377189690706ea4c250b2cdebf1629b8d5ae982fab70c	clean
revised/iteration4/data/Figures/Supp_Figure6_4/cache/separate_invitro/seed17.rds	7444	2026-08-29T18:37:33-0400	eda0c76e4f478c3b964a9d97c6fe74bdd83145f951960d6ca4dd65d4bd80ab5e	clean
revised/iteration4/data/Figures/Supp_Figure6_4/cache/separate_invitro/seed170.rds	7425	2026-08-29T18:37:41-0400	2778404f78967cd4b7cf0bf263f1fe26f7be932be766651a1cd85d8270d45dfa	clean
revised/iteration4/data/Figures/Supp_Figure6_4/cache/separate_invitro/seed171.rds	7419	2026-08-29T18:37:41-0400	f2c43d835d8598c50ddd4f9312f04877776850d80a09e57f5365a9cdbced28fe	clean
revised/iteration4/data/Figures/Supp_Figure6_4/cache/separate_invitro/seed172.rds	7560	2026-08-29T18:37:41-0400	9a774fa8129c9ffb1040d0f809e262586067ac387ec05aa692791e6a6391e884	clean
revised/iteration4/data/Figures/Supp_Figure6_4/cache/separate_invitro/seed173.rds	7413	2026-08-29T18:37:41-0400	59076b51e84c4a60d7beccf0484724363a3476bae89740070911d8dfea2b6a4f	clean
revised/iteration4/data/Figures/Supp_Figure6_4/cache/separate_invitro/seed174.rds	7548	2026-08-29T18:37:41-0400	ff1f7fc62284329888c4dcb71c52e302492ec21d9a4bb1625647edfd51331a03	clean
revised/iteration4/data/Figures/Supp_Figure6_4/cache/separate_invitro/seed175.rds	7402	2026-08-29T18:37:41-0400	545cf7de5facd8d8321499482750fc7308995e7666053e16914a06957e310b83	clean
revised/iteration4/data/Figures/Supp_Figure6_4/cache/separate_invitro/seed176.rds	7554	2026-08-29T18:37:42-0400	c938d7056cfb73765ede3a71a6a9c34934acc272eff5ab7a637103410867a90e	clean
revised/iteration4/data/Figures/Supp_Figure6_4/cache/separate_invitro/seed177.rds	7587	2026-08-29T18:37:41-0400	3fdf97c49691d13290c653cf5c49fdb6bea4ee02e23d99ecf8fee225e9aa0e74	clean
revised/iteration4/data/Figures/Supp_Figure6_4/cache/separate_invitro/seed178.rds	7409	2026-08-29T18:37:41-0400	fa6a5440258580d54b0407ead0fddd2e5cfb69f18ceacd121268e857b66bcd27	clean
revised/iteration4/data/Figures/Supp_Figure6_4/cache/separate_invitro/seed179.rds	7413	2026-08-29T18:37:41-0400	6800841de5ca60a9191ae6ccd5012cba564e42d9998ef0ccf935b61b613f964d	clean
revised/iteration4/data/Figures/Supp_Figure6_4/cache/separate_invitro/seed18.rds	7398	2026-08-29T18:37:35-0400	210cf823a6a15ea9b4783b964af7fe98efce8d9af1d692bdbbd5497e9ec9817d	clean
revised/iteration4/data/Figures/Supp_Figure6_4/cache/separate_invitro/seed180.rds	7567	2026-08-29T18:37:41-0400	00c7e2ad38b4b2ead7efa43e2f33585d47cadb32ec699c03e031681605a783ed	clean
revised/iteration4/data/Figures/Supp_Figure6_4/cache/separate_invitro/seed181.rds	7410	2026-08-29T18:37:41-0400	511f77e94f66e60b27f40e586bafe0b2b460b41ba95b91b847fd222fc0b52368	clean
revised/iteration4/data/Figures/Supp_Figure6_4/cache/separate_invitro/seed182.rds	7426	2026-08-29T18:37:41-0400	4d12e02b067d36b45a234b2e9685641a55dad2fb9f44bb0c43c7d9395e0e2618	clean
revised/iteration4/data/Figures/Supp_Figure6_4/cache/separate_invitro/seed183.rds	7506	2026-08-29T18:37:42-0400	9354300f332db4d509c8eed986f6b8fbcf4469d03f2b2c61d2dcbc5e500f5a38	clean
revised/iteration4/data/Figures/Supp_Figure6_4/cache/separate_invitro/seed184.rds	7383	2026-08-29T18:37:42-0400	12df170de47cf5a18b6bb24a48288b26527cdb903e877b3b5d5c8d62d2208c83	clean
revised/iteration4/data/Figures/Supp_Figure6_4/cache/separate_invitro/seed185.rds	7378	2026-08-29T18:37:42-0400	2b463f6822ba547f11419518cccd37d22c63446e746203063546c60d84feee8c	clean
revised/iteration4/data/Figures/Supp_Figure6_4/cache/separate_invitro/seed186.rds	7538	2026-08-29T18:37:41-0400	28a049b9d135be3afa423bee6c44b29d22927cfeda315b8760f0df6475db889a	clean
revised/iteration4/data/Figures/Supp_Figure6_4/cache/separate_invitro/seed187.rds	7530	2026-08-29T18:37:43-0400	789224d63b07daeab15d15024ee04473a22072202c680da98c6bdb0c6523ff3f	clean
revised/iteration4/data/Figures/Supp_Figure6_4/cache/separate_invitro/seed188.rds	7394	2026-08-29T18:37:42-0400	bf1f172557ff6524305b0123073944c066406ca7ba1414c3a553ccb4f56652c7	clean
revised/iteration4/data/Figures/Supp_Figure6_4/cache/separate_invitro/seed189.rds	7563	2026-08-29T18:37:42-0400	6c80379f9725c1a4e79a5320d718a5b876bb4564f121436979e3dc7357014249	clean
revised/iteration4/data/Figures/Supp_Figure6_4/cache/separate_invitro/seed19.rds	7516	2026-08-29T18:37:35-0400	dcc6c7b9d6da0ac06b60fb134e790e30dc734d02a2af528cc9014601fc28cd3c	clean
revised/iteration4/data/Figures/Supp_Figure6_4/cache/separate_invitro/seed190.rds	7543	2026-08-29T18:37:43-0400	7c8c3672478228168337474763f7321f2f84c58dd24a9a8fa42a185b1a5e5f63	clean
revised/iteration4/data/Figures/Supp_Figure6_4/cache/separate_invitro/seed191.rds	7468	2026-08-29T18:37:42-0400	95b50d41fb48c5c02161f4c8cd327ed8f5f3174be3b3216dd55d8448dd3a1827	clean
revised/iteration4/data/Figures/Supp_Figure6_4/cache/separate_invitro/seed192.rds	7431	2026-08-29T18:37:42-0400	a1fe8a69d2849ce5cdaf6b5f447a293b565615e454d64b48aab2c8b090d1a3a1	clean
revised/iteration4/data/Figures/Supp_Figure6_4/cache/separate_invitro/seed193.rds	7407	2026-08-29T18:37:43-0400	8e981523c062f18b980ddbacb9636997988a79d9da16bc9e0ee5b1f2329fed62	clean
revised/iteration4/data/Figures/Supp_Figure6_4/cache/separate_invitro/seed194.rds	7424	2026-08-29T18:37:42-0400	073cd22e3524615b746df049ae0f03ad8361128ff76fa79c2a93b175901537db	clean
revised/iteration4/data/Figures/Supp_Figure6_4/cache/separate_invitro/seed195.rds	7419	2026-08-29T18:37:43-0400	84797508a994404849a61f5ba2ac44e1ed76d2b9e74cb9d79c189244b1accf57	clean
revised/iteration4/data/Figures/Supp_Figure6_4/cache/separate_invitro/seed196.rds	7524	2026-08-29T18:37:43-0400	26334cf6bd80265402b22d9d6c95a6cad50587e6779fa6d4c782ab25f6611c23	clean
revised/iteration4/data/Figures/Supp_Figure6_4/cache/separate_invitro/seed197.rds	7553	2026-08-29T18:37:42-0400	6bd8ef4b4899ea9c3c6ae0666b85fad4d8237ce8cc11edfa92c02a2b6fc25e66	clean
revised/iteration4/data/Figures/Supp_Figure6_4/cache/separate_invitro/seed198.rds	7378	2026-08-29T18:37:42-0400	431939c8ec16f5aaaaeff1723477c54fac6b663b54a7b06e793caac7ec2eb70f	clean
revised/iteration4/data/Figures/Supp_Figure6_4/cache/separate_invitro/seed199.rds	7565	2026-08-29T18:37:43-0400	dd4948f228920041065db64e59528824fabbe9e2ae9157ea84fe8bf2984b2ea9	clean
revised/iteration4/data/Figures/Supp_Figure6_4/cache/separate_invitro/seed2.rds	7411	2026-08-29T18:37:33-0400	d308ae1696b839549c32394251d8cceac2793bb015b39d8387438df9032bec9f	clean
revised/iteration4/data/Figures/Supp_Figure6_4/cache/separate_invitro/seed20.rds	7420	2026-08-29T18:37:33-0400	62847e9f14756e0dec41c77b8dea71e73c1317bcd67be9183b83e4b26d17ac39	clean
revised/iteration4/data/Figures/Supp_Figure6_4/cache/separate_invitro/seed200.rds	7263	2026-08-29T18:37:43-0400	033ca4120fd0ebae5ea7a89c4f91a52d67db7354538bd56eae5137f2851f2c63	clean
revised/iteration4/data/Figures/Supp_Figure6_4/cache/separate_invitro/seed201.rds	7408	2026-08-29T18:37:43-0400	5a2d238010ac228a1c82df0b91680e38a2fa0f98840b0d2653b451b801e2b520	clean
revised/iteration4/data/Figures/Supp_Figure6_4/cache/separate_invitro/seed202.rds	7431	2026-08-29T18:37:43-0400	f7008d0ece441b0f2cfc494e96350adf039d615009d040e69ba5517f24304232	clean
revised/iteration4/data/Figures/Supp_Figure6_4/cache/separate_invitro/seed203.rds	7393	2026-08-29T18:37:43-0400	e70d6f5eeea7c2ac2a3105cffde82a147886763372c03f406d36f382fb7cced8	clean
revised/iteration4/data/Figures/Supp_Figure6_4/cache/separate_invitro/seed204.rds	7415	2026-08-29T18:37:43-0400	80d9842393879e0338899c12b4c6e16dbd06ce362d4bdbafd50b0243a206888e	clean
revised/iteration4/data/Figures/Supp_Figure6_4/cache/separate_invitro/seed205.rds	7367	2026-08-29T18:37:43-0400	248c52bdf288f23d2b6caf681f2f75837102536d2775ed90600a80521ae66073	clean
revised/iteration4/data/Figures/Supp_Figure6_4/cache/separate_invitro/seed206.rds	7404	2026-08-29T18:37:43-0400	b93ff57022246740905e2fa54e19c95417f2cb05de132c1a6c52f9b8be046a51	clean
revised/iteration4/data/Figures/Supp_Figure6_4/cache/separate_invitro/seed207.rds	7443	2026-08-29T18:37:43-0400	e3f5148737126bb2f952570923422509da0e04db00399daf01a8f3edd14e1e5a	clean
revised/iteration4/data/Figures/Supp_Figure6_4/cache/separate_invitro/seed208.rds	7404	2026-08-29T18:37:43-0400	8c228e9035285686cf169c9bdbad3b5e0b9c811570a873c5551dd404529e343b	clean
revised/iteration4/data/Figures/Supp_Figure6_4/cache/separate_invitro/seed209.rds	7538	2026-08-29T18:37:43-0400	16095cf1f28648d0f89f62090b9478d2436c657d068993067bffe692351720f8	clean
revised/iteration4/data/Figures/Supp_Figure6_4/cache/separate_invitro/seed21.rds	7409	2026-08-29T18:37:33-0400	5aec7ae866221632fb500048b408b9eeb5d68626767532dc89bcd04265edffcf	clean
revised/iteration4/data/Figures/Supp_Figure6_4/cache/separate_invitro/seed210.rds	7394	2026-08-29T18:37:44-0400	32ddbddc2635cad813a5d169681dfd4160eb19c82b69af2ab35c0d0fa48e98af	clean
revised/iteration4/data/Figures/Supp_Figure6_4/cache/separate_invitro/seed211.rds	7550	2026-08-29T18:37:44-0400	0daad37570ed8df1ab44ecc28bd7f528eb5cb4b6d20fb98163c31d2440f9108e	clean
revised/iteration4/data/Figures/Supp_Figure6_4/cache/separate_invitro/seed212.rds	7546	2026-08-29T18:37:44-0400	a783c175c089f98f9e1510c5db037f00cdeb88ced3801179ba0124ac43da9397	clean
revised/iteration4/data/Figures/Supp_Figure6_4/cache/separate_invitro/seed213.rds	7551	2026-08-29T18:37:44-0400	c417ddaadd312295b331a685188abba03141d4b7dc289750da9a7102692fba73	clean
revised/iteration4/data/Figures/Supp_Figure6_4/cache/separate_invitro/seed214.rds	7366	2026-08-29T18:37:44-0400	f531660c5dbe9dc46969e205ca66139dae4892c501779a7906f3585a581dff61	clean
revised/iteration4/data/Figures/Supp_Figure6_4/cache/separate_invitro/seed215.rds	7539	2026-08-29T18:37:44-0400	e585e2df0876782aac614ae04b8af2e5492014e30b8fb1debe5dd857bc3eb358	clean
revised/iteration4/data/Figures/Supp_Figure6_4/cache/separate_invitro/seed216.rds	7427	2026-08-29T18:37:44-0400	2e6f97f6094b6e3ad5f6c77d1f8289614a06a73ce2689436fc22343f94d0453c	clean
revised/iteration4/data/Figures/Supp_Figure6_4/cache/separate_invitro/seed217.rds	7356	2026-08-29T18:37:44-0400	4dee450d3e0f6e031768ef16b406c094958842254a12039a9b263f42351650a1	clean
revised/iteration4/data/Figures/Supp_Figure6_4/cache/separate_invitro/seed218.rds	7416	2026-08-29T18:37:44-0400	92bbd381f0ab15ec379516428ff51351c56b588eb927dd994708b26495e55da6	clean
revised/iteration4/data/Figures/Supp_Figure6_4/cache/separate_invitro/seed219.rds	7450	2026-08-29T18:37:44-0400	ea7000039d0cd3719db601d03f84f0bce4ba9602060596d5f8cc2015621a479c	clean
revised/iteration4/data/Figures/Supp_Figure6_4/cache/separate_invitro/seed22.rds	7550	2026-08-29T18:37:35-0400	8f7c75eeee230294e2102a180280cfd286336b973769800cc6f3ae69746552c2	clean
revised/iteration4/data/Figures/Supp_Figure6_4/cache/separate_invitro/seed220.rds	7424	2026-08-29T18:37:44-0400	9d722b8a81f38ce2ee107e4e8fa305b1a486beb930980a199c210a8751edd316	clean
revised/iteration4/data/Figures/Supp_Figure6_4/cache/separate_invitro/seed221.rds	7422	2026-08-29T18:37:44-0400	69c8e0619fcd0160816880164c7d8a2530e322104e375aaa79995b8cc60d1b81	clean
revised/iteration4/data/Figures/Supp_Figure6_4/cache/separate_invitro/seed222.rds	7357	2026-08-29T18:37:44-0400	dce6ba9320f750c23e175c433d0621907a56a594a6dd4d99c03397b57b445acf	clean
revised/iteration4/data/Figures/Supp_Figure6_4/cache/separate_invitro/seed223.rds	7415	2026-08-29T18:37:44-0400	e7c13bb4c0d74a6bb6c331f0bde4b3db07422bb455becfc0ca02d93af55c3db6	clean
revised/iteration4/data/Figures/Supp_Figure6_4/cache/separate_invitro/seed224.rds	7376	2026-08-29T18:37:44-0400	d3e3cd2144bacdae2aca60149cf30610e851414e324be6d4ed5b9b7afac833a5	clean
revised/iteration4/data/Figures/Supp_Figure6_4/cache/separate_invitro/seed225.rds	7423	2026-08-29T18:37:44-0400	5cb0345cb6b9d973b10991dee828f998ef63e514e44ed7f2adda57490d87bd30	clean
revised/iteration4/data/Figures/Supp_Figure6_4/cache/separate_invitro/seed226.rds	7548	2026-08-29T18:37:45-0400	179e219a91a38069f6855fc6d1db4c9f5cae84b77d5b71b7de5bfc38d859571b	clean
revised/iteration4/data/Figures/Supp_Figure6_4/cache/separate_invitro/seed227.rds	7394	2026-08-29T18:37:44-0400	11dce193b8e5a7536978d6e485694d1c1461e2fb05c65a9dd25d1da8b9762e0e	clean
revised/iteration4/data/Figures/Supp_Figure6_4/cache/separate_invitro/seed228.rds	7423	2026-08-29T18:37:44-0400	33fe1bbb5b66a9b5ec4d8b70dc2ef875c4e283e69977f97c79331349d36edb8a	clean
revised/iteration4/data/Figures/Supp_Figure6_4/cache/separate_invitro/seed229.rds	7416	2026-08-29T18:37:44-0400	c4c2cb33e273198ff5b8ba7ac9523d25d5c2343f2fc6446343832fed941f48fe	clean
revised/iteration4/data/Figures/Supp_Figure6_4/cache/separate_invitro/seed23.rds	7418	2026-08-29T18:37:35-0400	74006c35ae1a71f60434fa4e5d73bb18408bfcd83ee7e37adf67b8f5220fe767	clean
revised/iteration4/data/Figures/Supp_Figure6_4/cache/separate_invitro/seed230.rds	7540	2026-08-29T18:37:44-0400	ff2ab2ebe2bf72ed17480d7e34feaedc6feb88c3f284db1b49dcc156bda0550c	clean
revised/iteration4/data/Figures/Supp_Figure6_4/cache/separate_invitro/seed231.rds	7424	2026-08-29T18:37:44-0400	e7f6efadebd3eab69372959e4a87860d0ffd18a3977b14ef7988bc484e94bc6d	clean
revised/iteration4/data/Figures/Supp_Figure6_4/cache/separate_invitro/seed232.rds	7407	2026-08-29T18:37:44-0400	ff2e56301926698fe98d99dec711e51861bf29ae062e8377425238a692460710	clean
revised/iteration4/data/Figures/Supp_Figure6_4/cache/separate_invitro/seed233.rds	7580	2026-08-29T18:37:44-0400	2addf34fda84f4af4b16c0cc894eece86b1ce3b704825791c8fa55392726f176	clean
revised/iteration4/data/Figures/Supp_Figure6_4/cache/separate_invitro/seed234.rds	7420	2026-08-29T18:37:44-0400	4ca4cb99d714fd5a17b003821e3bc3179ba6767c06772863b159b281991391be	clean
revised/iteration4/data/Figures/Supp_Figure6_4/cache/separate_invitro/seed235.rds	7336	2026-08-29T18:37:44-0400	d65bbf17116876cd34d9489f7089de995aab703425bc1372733a81539b255a84	clean
revised/iteration4/data/Figures/Supp_Figure6_4/cache/separate_invitro/seed236.rds	7418	2026-08-29T18:37:44-0400	220bc9c042951a8d0108607c4932ca17cd0e27deaf4cc479a1e421fd819f0c0f	clean
revised/iteration4/data/Figures/Supp_Figure6_4/cache/separate_invitro/seed237.rds	7538	2026-08-29T18:37:45-0400	659b620571d0556f53ad567872734d83e5397ca63fcc34def677c97db308313f	clean
revised/iteration4/data/Figures/Supp_Figure6_4/cache/separate_invitro/seed238.rds	7347	2026-08-29T18:37:44-0400	b0d315e359f9bec98bf6a97626323ffc19fb68a545b8f32ddb345b32d90cb727	clean
revised/iteration4/data/Figures/Supp_Figure6_4/cache/separate_invitro/seed239.rds	7440	2026-08-29T18:37:44-0400	6457daa94f2c3da9c2ec2a16d154dab64a0fea5b507a23c1e8b287744c71ccba	clean
revised/iteration4/data/Figures/Supp_Figure6_4/cache/separate_invitro/seed24.rds	7434	2026-08-29T18:37:34-0400	580f5e7d8365c6b04e21a5aa1015870b5e365a8e7b833f77e30ce8ed9a46ecae	clean
revised/iteration4/data/Figures/Supp_Figure6_4/cache/separate_invitro/seed240.rds	7429	2026-08-29T18:37:45-0400	e264f6222e5f805ce6551cd5dc0d9e6a88bfb6ef1bf4760313c3a3fb08a7076f	clean
revised/iteration4/data/Figures/Supp_Figure6_4/cache/separate_invitro/seed241.rds	7570	2026-08-29T18:37:44-0400	7f6d14e57fd88f66c335d48afe7d82cf2006e03c891256e00bbebc43a6c7c5dc	clean
revised/iteration4/data/Figures/Supp_Figure6_4/cache/separate_invitro/seed242.rds	7398	2026-08-29T18:37:45-0400	aa04be30c2f128f406b293af51db7aef6edffa5237a79a68d363d0176453053f	clean
revised/iteration4/data/Figures/Supp_Figure6_4/cache/separate_invitro/seed243.rds	7389	2026-08-29T18:37:45-0400	946ca35bf0503564c8adb831ffacf446898ec4dc3ae3acb1cb9e8cff5f135d1d	clean
revised/iteration4/data/Figures/Supp_Figure6_4/cache/separate_invitro/seed244.rds	7436	2026-08-29T18:37:45-0400	319fe2f2505ef3a7e5dfaf9422e30494f7dcfc92305b406e9548e0507697f40f	clean
revised/iteration4/data/Figures/Supp_Figure6_4/cache/separate_invitro/seed245.rds	7412	2026-08-29T18:37:45-0400	4f94588cdbde5ed29b647b2c3cef64fc5c7022d14db529f250f6be0903299a43	clean
revised/iteration4/data/Figures/Supp_Figure6_4/cache/separate_invitro/seed246.rds	7437	2026-08-29T18:37:45-0400	0c4d38ce46114ab9679f284a0a86d2db2725ca90a2f3390bdf9c09c1504bebf2	clean
revised/iteration4/data/Figures/Supp_Figure6_4/cache/separate_invitro/seed247.rds	7369	2026-08-29T18:37:45-0400	6a5b335f94e6f4da33f4062ba6409f33950ee0dbcce3ceccd713e997437fbd99	clean
revised/iteration4/data/Figures/Supp_Figure6_4/cache/separate_invitro/seed248.rds	7546	2026-08-29T18:37:45-0400	787b62aa810aa2f50811ba515b15ffad65e23631a5356cad287b93e4ff8c471f	clean
revised/iteration4/data/Figures/Supp_Figure6_4/cache/separate_invitro/seed249.rds	7343	2026-08-29T18:37:46-0400	c7a4886cd25e8604c1fb05fcd3c56d04b505df94cf198c571669d82e01376dac	clean
revised/iteration4/data/Figures/Supp_Figure6_4/cache/separate_invitro/seed25.rds	7535	2026-08-29T18:37:33-0400	ca09faba3b18718ef4d8cd6a941c48468537768ddd27a2bff9c5a0b5a80d80be	clean
revised/iteration4/data/Figures/Supp_Figure6_4/cache/separate_invitro/seed250.rds	7454	2026-08-29T18:37:45-0400	7e6140b060f30cf1c6f4254fb80a93474ad06859be3a4d01993be50f7aaeda88	clean
revised/iteration4/data/Figures/Supp_Figure6_4/cache/separate_invitro/seed251.rds	7412	2026-08-29T18:37:45-0400	9e66cdc11077c576944edde37ed2aea3ac24d135a37b2a775eb339c4d71745e2	clean
revised/iteration4/data/Figures/Supp_Figure6_4/cache/separate_invitro/seed252.rds	7398	2026-08-29T18:37:46-0400	3bd3f1bacb053cebd3708b1f488bb4bca9c07c42749d000d6de2c32e8cfe448a	clean
revised/iteration4/data/Figures/Supp_Figure6_4/cache/separate_invitro/seed253.rds	7418	2026-08-29T18:37:45-0400	57db9e4e8ffbb1ccce4e0c0700659311203c105fa569a787b1ec20f924761668	clean
revised/iteration4/data/Figures/Supp_Figure6_4/cache/separate_invitro/seed254.rds	7415	2026-08-29T18:37:46-0400	a9d6501b9ade98ca04397718af805b6b34807c6d219a20bf83624a53fd2b0dc5	clean
revised/iteration4/data/Figures/Supp_Figure6_4/cache/separate_invitro/seed255.rds	7553	2026-08-29T18:37:46-0400	273a69c37c409f43aa98312bbcab6ee89dad2fd3962824dd12e0b8f5fa46fb5b	clean
revised/iteration4/data/Figures/Supp_Figure6_4/cache/separate_invitro/seed256.rds	7552	2026-08-29T18:37:46-0400	411276e19892a0a1ece924c298aeb2ab06078ccdf1dde5d268e83afae58da449	clean
revised/iteration4/data/Figures/Supp_Figure6_4/cache/separate_invitro/seed257.rds	7432	2026-08-29T18:37:46-0400	0bae680199179f7ea8e5bc05a682d8e67f9808f73f0a32d3dcb8365c39e05b56	clean
revised/iteration4/data/Figures/Supp_Figure6_4/cache/separate_invitro/seed258.rds	7354	2026-08-29T18:37:46-0400	11fe5bca311f6f2269f3638973c31b89dee6901f9b3381449ef176c70519995b	clean
revised/iteration4/data/Figures/Supp_Figure6_4/cache/separate_invitro/seed259.rds	7577	2026-08-29T18:37:46-0400	8580056f9564ab0cc88e846828dbb43d90122d76e1d3cdc25d4cfe17c17f1e1b	clean
revised/iteration4/data/Figures/Supp_Figure6_4/cache/separate_invitro/seed26.rds	7424	2026-08-29T18:37:33-0400	600f82bc2003890a822f420946865139d41b13d09295b147297bf7d480742b3a	clean
revised/iteration4/data/Figures/Supp_Figure6_4/cache/separate_invitro/seed260.rds	7559	2026-08-29T18:37:46-0400	9104af60751b894ebdb1ae998e02e9c5fe6c07ebb46ae9ab7bca5699c3002d5b	clean
revised/iteration4/data/Figures/Supp_Figure6_4/cache/separate_invitro/seed261.rds	7376	2026-08-29T18:37:46-0400	7f5c748d3640c487fb7373af0dfe98581d4824d6cd55f802ffdd373c5ce76d9d	clean
revised/iteration4/data/Figures/Supp_Figure6_4/cache/separate_invitro/seed262.rds	7418	2026-08-29T18:37:46-0400	f98bee42a66132cd34d3aab1d277ebc04811260f0d455b016385a977ded2a923	clean
revised/iteration4/data/Figures/Supp_Figure6_4/cache/separate_invitro/seed263.rds	7497	2026-08-29T18:37:46-0400	3de98384d6e808eb86c17a888964f0c108f023190d1948e00513af7d30c8a539	clean
revised/iteration4/data/Figures/Supp_Figure6_4/cache/separate_invitro/seed264.rds	7389	2026-08-29T18:37:46-0400	5d6a85d66a58a36084b9fa389387bd19ba747f49fe37d435b1f79bedfcd88c2f	clean
revised/iteration4/data/Figures/Supp_Figure6_4/cache/separate_invitro/seed265.rds	7405	2026-08-29T18:37:46-0400	cc02b84e0e41fc804775bb5fc5878ded1ef7cca9d9fc849e4479fbd554dfb5c8	clean
revised/iteration4/data/Figures/Supp_Figure6_4/cache/separate_invitro/seed266.rds	7341	2026-08-29T18:37:46-0400	bbf797c11ec1d4c4ab668fbd5edfb45c0a2c85d8091cea4cc4f699b215bded08	clean
revised/iteration4/data/Figures/Supp_Figure6_4/cache/separate_invitro/seed267.rds	7368	2026-08-29T18:37:46-0400	6fec149109b5377510f75cb70dcde96325875c447a3c11117ad88349e508b2db	clean
revised/iteration4/data/Figures/Supp_Figure6_4/cache/separate_invitro/seed268.rds	7537	2026-08-29T18:37:46-0400	107497ab02d6a461402524520050359b149c1d4899802d57b3f936bf5c4a4129	clean
revised/iteration4/data/Figures/Supp_Figure6_4/cache/separate_invitro/seed269.rds	7554	2026-08-29T18:37:46-0400	6f7e9c80c7373732a9162ecaf7c7e462ec3ace9948958a24cd2eedb24f6c835f	clean
revised/iteration4/data/Figures/Supp_Figure6_4/cache/separate_invitro/seed27.rds	7390	2026-08-29T18:37:35-0400	f5529484e4a12c02db60513108f1523fa4186d0d73e9d6a425e78c26ab62c824	clean
revised/iteration4/data/Figures/Supp_Figure6_4/cache/separate_invitro/seed270.rds	7380	2026-08-29T18:37:47-0400	b0f84eddc18bf942e264c8c452060e01a0e05b7299b4e4e1370e77aae56f51f7	clean
revised/iteration4/data/Figures/Supp_Figure6_4/cache/separate_invitro/seed271.rds	7404	2026-08-29T18:37:47-0400	e9b5d678e6a982ea2512546a3c6e2c36ed683d3c297b4e2be566e98bf0d36d00	clean
revised/iteration4/data/Figures/Supp_Figure6_4/cache/separate_invitro/seed272.rds	7415	2026-08-29T18:37:47-0400	bf920f335acabdc8b977b81e42ee2d73e07ed8034243d0380e1ff1044d49e179	clean
revised/iteration4/data/Figures/Supp_Figure6_4/cache/separate_invitro/seed273.rds	7414	2026-08-29T18:37:47-0400	5d100689ff78e51d79026644e5748188c0efd08ea8dab3f2039233ceffcd16fd	clean
revised/iteration4/data/Figures/Supp_Figure6_4/cache/separate_invitro/seed274.rds	7390	2026-08-29T18:37:47-0400	bfb09bb942b9d5522b88323b195f500fd052a791ab4b48312283d8e62f986929	clean
revised/iteration4/data/Figures/Supp_Figure6_4/cache/separate_invitro/seed275.rds	7560	2026-08-29T18:37:46-0400	646b0a10811349ad8fd01a002f7eb1630467c51c6ffa79bad8fb72d7a419f1d0	clean
revised/iteration4/data/Figures/Supp_Figure6_4/cache/separate_invitro/seed276.rds	7475	2026-08-29T18:37:47-0400	c777b0bd75304ce8e3c66fd729c7dac0605249a2d704eba14dc134f9db2cf1d9	clean
revised/iteration4/data/Figures/Supp_Figure6_4/cache/separate_invitro/seed277.rds	7546	2026-08-29T18:37:47-0400	c09c9e55432fba2bdd97f208128169b11651e79a90fdc584abcc61aa45c871b7	clean
revised/iteration4/data/Figures/Supp_Figure6_4/cache/separate_invitro/seed278.rds	7452	2026-08-29T18:37:47-0400	15c3211e8253205e5a450c67d3dfab1833044b0829f97aa55d7f1aaa25bc173d	clean
revised/iteration4/data/Figures/Supp_Figure6_4/cache/separate_invitro/seed279.rds	7453	2026-08-29T18:37:47-0400	3ad815293be2d0090260a0d224ec700aa745f3c5eab9af4cb050a2abe26aca26	clean
revised/iteration4/data/Figures/Supp_Figure6_4/cache/separate_invitro/seed28.rds	7423	2026-08-29T18:37:33-0400	597491c11cfed7ec1bc8bfc847cbce1c243feae460defa46db79dd68737594db	clean
revised/iteration4/data/Figures/Supp_Figure6_4/cache/separate_invitro/seed280.rds	7407	2026-08-29T18:37:47-0400	337c760b08faf48d4f7f797cd57f35f9a722660c08cef758b94031cdc3396fa4	clean
revised/iteration4/data/Figures/Supp_Figure6_4/cache/separate_invitro/seed281.rds	7439	2026-08-29T18:37:47-0400	8d057a463127ef91f025eeaeded8956360c136324ba578aac8a16ce9d8b0af8d	clean
revised/iteration4/data/Figures/Supp_Figure6_4/cache/separate_invitro/seed282.rds	7421	2026-08-29T18:37:47-0400	b4bbda9aca4da04a3953ff37e310bbd73f83b6b0ebc8810b6d3f9fc3181f0f2d	clean
revised/iteration4/data/Figures/Supp_Figure6_4/cache/separate_invitro/seed283.rds	7537	2026-08-29T18:37:47-0400	0dc4a11f9e8724424ae6c6ed8c2bfe71258a78312cc2ef7fa950bfce672772e6	clean
revised/iteration4/data/Figures/Supp_Figure6_4/cache/separate_invitro/seed284.rds	7560	2026-08-29T18:37:47-0400	ec005b28022a6a1ebda05a26580276d3676326837a95ad0f604072347600de1c	clean
revised/iteration4/data/Figures/Supp_Figure6_4/cache/separate_invitro/seed285.rds	7553	2026-08-29T18:37:47-0400	a9adc7e3d703dd55fd63abb443e351940093493ff7f37c0357115550c1de29ea	clean
revised/iteration4/data/Figures/Supp_Figure6_4/cache/separate_invitro/seed286.rds	7392	2026-08-29T18:37:47-0400	5d8f7b7a5f97bb8744357aa66fad9567aa56a0e00eb9845cd8d9e39257d31604	clean
revised/iteration4/data/Figures/Supp_Figure6_4/cache/separate_invitro/seed287.rds	7538	2026-08-29T18:37:47-0400	bc18417980e0bcf6624769523145c35cafc6c17ce0189e0e388d30627654aaf7	clean
revised/iteration4/data/Figures/Supp_Figure6_4/cache/separate_invitro/seed288.rds	7501	2026-08-29T18:37:47-0400	1a4bcee47b064fa315ae082538b82c047f439540aca92c974f8907e9160e3fe8	clean
revised/iteration4/data/Figures/Supp_Figure6_4/cache/separate_invitro/seed289.rds	7444	2026-08-29T18:37:47-0400	a069efea7687c502ab30a922c253197c524db6319f7d4f57579fc76e91f76c4c	clean
revised/iteration4/data/Figures/Supp_Figure6_4/cache/separate_invitro/seed29.rds	7397	2026-08-29T18:37:33-0400	4430a4ad87de7adddb1a5f6d21d0914e9736fca1c5f59653f00ecf2f1fe3d117	clean
revised/iteration4/data/Figures/Supp_Figure6_4/cache/separate_invitro/seed290.rds	7416	2026-08-29T18:37:47-0400	4147deaba99d345ca8952da3f1ca7005710809219321543eaa59f6f985cc20b7	clean
revised/iteration4/data/Figures/Supp_Figure6_4/cache/separate_invitro/seed291.rds	7412	2026-08-29T18:37:48-0400	560cde41b88f5ccddbc6709be3dd65e28038a86f54756ed45c7a74f0e3b410ac	clean
revised/iteration4/data/Figures/Supp_Figure6_4/cache/separate_invitro/seed292.rds	7533	2026-08-29T18:37:47-0400	5e947abe35842e71b6961a64faca727b926be682aa079e405602df91a2af30ab	clean
revised/iteration4/data/Figures/Supp_Figure6_4/cache/separate_invitro/seed293.rds	7330	2026-08-29T18:37:47-0400	82f9d2a454bd1279b2a37d9c386cce3bc3e4df8f246014914b04155f19a816bf	clean
revised/iteration4/data/Figures/Supp_Figure6_4/cache/separate_invitro/seed294.rds	7363	2026-08-29T18:37:47-0400	2655bb9c01a52c19524b895ab0874fe6c296f0c59a8df79642c0e22836550baa	clean
revised/iteration4/data/Figures/Supp_Figure6_4/cache/separate_invitro/seed295.rds	7410	2026-08-29T18:37:47-0400	3016267338427c54189120ccb5a540b265b609fb0bb0e4d6680f1c84b88b5c6a	clean
revised/iteration4/data/Figures/Supp_Figure6_4/cache/separate_invitro/seed296.rds	7524	2026-08-29T18:37:47-0400	ed2c80e1d44395548283ac3de5a8dace30d5a1d5e0147d7641c8fbf96020767e	clean
revised/iteration4/data/Figures/Supp_Figure6_4/cache/separate_invitro/seed297.rds	7416	2026-08-29T18:37:48-0400	be0e5012e99e4656d64b49ea423a54116f19d000dc15eb3e0138979a61036521	clean
revised/iteration4/data/Figures/Supp_Figure6_4/cache/separate_invitro/seed298.rds	7329	2026-08-29T18:37:48-0400	739b00fb0733786a891adc7e4333fcd34bed4bc2129197663756ad78d7c334e5	clean
revised/iteration4/data/Figures/Supp_Figure6_4/cache/separate_invitro/seed299.rds	7556	2026-08-29T18:37:48-0400	530c3d4818b57a4e1b9929928ae2db191d16fae4f720e482aa2fbcce4a93563f	clean
revised/iteration4/data/Figures/Supp_Figure6_4/cache/separate_invitro/seed3.rds	7427	2026-08-29T18:37:33-0400	db03a6c11ff5eb372c7bd580d86d4155d3f90f361fb61e085cd476bdca4421d6	clean
revised/iteration4/data/Figures/Supp_Figure6_4/cache/separate_invitro/seed30.rds	7407	2026-08-29T18:37:35-0400	1ba9e524b367a5db8ee0c69ebdd90ad73d919bc385e9433139d6f192220039d9	clean
revised/iteration4/data/Figures/Supp_Figure6_4/cache/separate_invitro/seed300.rds	7410	2026-08-29T18:37:48-0400	39cfd004f66a951d3b6afdf5619db9ae7232a829fa8054edd70413179b5e46df	clean
revised/iteration4/data/Figures/Supp_Figure6_4/cache/separate_invitro/seed301.rds	7386	2026-08-29T18:37:48-0400	a9d36a1503ba85aa066d5cb7ee2bfa904c975bfff75c9219dc22fe05d99e7a1e	clean
revised/iteration4/data/Figures/Supp_Figure6_4/cache/separate_invitro/seed302.rds	7388	2026-08-29T18:37:48-0400	9aaa7ad0a0b504c468dbb4ab0dd4cc4f3ab252a829f763c66ab009f717576773	clean
revised/iteration4/data/Figures/Supp_Figure6_4/cache/separate_invitro/seed303.rds	7378	2026-08-29T18:37:48-0400	42da88e0dca7d3a6b431c849ec36df124a66bd021df7b09b59c2a773a78dc0dd	clean
revised/iteration4/data/Figures/Supp_Figure6_4/cache/separate_invitro/seed304.rds	7541	2026-08-29T18:37:48-0400	20b83d42b5485b5b546d8e6baf3f5df7c6cf05d1eff1b7290fa5d631dcac2c00	clean
revised/iteration4/data/Figures/Supp_Figure6_4/cache/separate_invitro/seed305.rds	7607	2026-08-29T18:37:48-0400	1afcf064a7e966b3364f26e3a455ab09782713d69d0e7393ef6b7c00d8f674c2	clean
revised/iteration4/data/Figures/Supp_Figure6_4/cache/separate_invitro/seed306.rds	7423	2026-08-29T18:37:48-0400	ba1ae91f42c921ec7ce0cc6ebf7b81d7757277de31db92cafeee86afcc10690b	clean
revised/iteration4/data/Figures/Supp_Figure6_4/cache/separate_invitro/seed307.rds	7349	2026-08-29T18:37:48-0400	ae6ba73e2a3d930c75576ef2a1f5caebf1f98320674a1c9b369ca4c3d48e8c15	clean
revised/iteration4/data/Figures/Supp_Figure6_4/cache/separate_invitro/seed308.rds	7400	2026-08-29T18:37:48-0400	4fea2eff4727cd58b268e4fd3a620aeb86acb0ad023bd919b560f13102058b34	clean
revised/iteration4/data/Figures/Supp_Figure6_4/cache/separate_invitro/seed309.rds	7379	2026-08-29T18:37:48-0400	3181af66678e1574c219ba8fc46753cbdd61e2bc0863898de58e30717f6ed192	clean
revised/iteration4/data/Figures/Supp_Figure6_4/cache/separate_invitro/seed31.rds	7405	2026-08-29T18:37:33-0400	3d51967c83fad80c4f0ce9418fa30c662b2aaf422a5212f89f9658701b2f91f1	clean
revised/iteration4/data/Figures/Supp_Figure6_4/cache/separate_invitro/seed310.rds	7502	2026-08-29T18:37:48-0400	627cde93a2c37862c12d30d6bf558adfa00f7de7436ff35e557a481e3de66acb	clean
revised/iteration4/data/Figures/Supp_Figure6_4/cache/separate_invitro/seed311.rds	7534	2026-08-29T18:37:50-0400	98d0b2ed9a51f22e4af5cd100712c5f64ebbc4b9c4ff1f3f40e7b82b93e41b75	clean
revised/iteration4/data/Figures/Supp_Figure6_4/cache/separate_invitro/seed312.rds	7533	2026-08-29T18:37:49-0400	748dea8ab2c9e3e3deb61ebf36d8863870e12afc93dd65b4d03adce1e2f60769	clean
revised/iteration4/data/Figures/Supp_Figure6_4/cache/separate_invitro/seed313.rds	7377	2026-08-29T18:37:49-0400	2ff10708946a84235f7518c18634061cac6c190e744b277d8c11452c1fb446de	clean
revised/iteration4/data/Figures/Supp_Figure6_4/cache/separate_invitro/seed314.rds	7354	2026-08-29T18:37:49-0400	73d2e0b471d65abfbabc865111efe0193919bf76e626fc63c2cc661472643e45	clean
revised/iteration4/data/Figures/Supp_Figure6_4/cache/separate_invitro/seed315.rds	7407	2026-08-29T18:37:49-0400	d5c201e70ece9abc6d3da3972485c35d0c5a70745dc53267c6cfc422852868f8	clean
revised/iteration4/data/Figures/Supp_Figure6_4/cache/separate_invitro/seed316.rds	7487	2026-08-29T18:37:49-0400	f021028792bbb49f2009966dc4122ef0678883cd01bbf9df28cc3ed1b8dfbf45	clean
revised/iteration4/data/Figures/Supp_Figure6_4/cache/separate_invitro/seed317.rds	7379	2026-08-29T18:37:49-0400	322e1a0e292eadd3ec055c1d7e537ef849fa0984818cbe8fcfa26f32ae141627	clean
revised/iteration4/data/Figures/Supp_Figure6_4/cache/separate_invitro/seed318.rds	7424	2026-08-29T18:37:49-0400	ff47ae7da495e7d30bb0ed5e55abb93691f72d44ff4c2a6f7d1d6ff73b23bb38	clean
revised/iteration4/data/Figures/Supp_Figure6_4/cache/separate_invitro/seed319.rds	7534	2026-08-29T18:37:49-0400	b3565dbeff38f9a3c91f8a20bcad71cb713d4c722c3b80c27c5219949d5eeff8	clean
revised/iteration4/data/Figures/Supp_Figure6_4/cache/separate_invitro/seed32.rds	7394	2026-08-29T18:37:33-0400	37a7afa05eeeae5ae39bbe6ef95360babec81b21eb0d69201caac4686b941848	clean
revised/iteration4/data/Figures/Supp_Figure6_4/cache/separate_invitro/seed320.rds	7449	2026-08-29T18:37:49-0400	95918f2bc66dc0a8d1b1728dfbef5ad45269dc512923964344b47ab4e52eb02e	clean
revised/iteration4/data/Figures/Supp_Figure6_4/cache/separate_invitro/seed321.rds	7375	2026-08-29T18:37:49-0400	8d2dd810edf5744740e26d19d80bc1652b37ce7775ce56356625cafd0840ef21	clean
revised/iteration4/data/Figures/Supp_Figure6_4/cache/separate_invitro/seed322.rds	7542	2026-08-29T18:37:49-0400	13f7dc6b1c58bd64974f64ee15d3a6c00de084540d954d2756a5a6c0ee70e891	clean
revised/iteration4/data/Figures/Supp_Figure6_4/cache/separate_invitro/seed323.rds	7562	2026-08-29T18:37:49-0400	1f15021c5eaec40bca9f3f2a9f483730d7e92f116bf97fbc6ff924e0bf6d9914	clean
revised/iteration4/data/Figures/Supp_Figure6_4/cache/separate_invitro/seed324.rds	7410	2026-08-29T18:37:49-0400	ffe6fb63601b1b195634fd332163fad6f44963df9810e6f99070730ca6395e1f	clean
revised/iteration4/data/Figures/Supp_Figure6_4/cache/separate_invitro/seed325.rds	7425	2026-08-29T18:37:49-0400	ec8212e333cdf9584c85920075208afdd5554b601423c0d9514f3ad2afbecc0d	clean
revised/iteration4/data/Figures/Supp_Figure6_4/cache/separate_invitro/seed326.rds	7412	2026-08-29T18:37:49-0400	306db3d0d6f9353a8ae432a5d201d049d4ecd85843456660830c7d8510af7c8a	clean
revised/iteration4/data/Figures/Supp_Figure6_4/cache/separate_invitro/seed327.rds	7405	2026-08-29T18:37:49-0400	4744f063b332abbe1dc17a6c1166abafcf24709a3d9cc237d7b06d96fbdb2b9c	clean
revised/iteration4/data/Figures/Supp_Figure6_4/cache/separate_invitro/seed328.rds	7552	2026-08-29T18:37:49-0400	1a513c8716862ce25c828da8488d5c3bca3679710a1a7aab7d5cdfbe9fcb8e5e	clean
revised/iteration4/data/Figures/Supp_Figure6_4/cache/separate_invitro/seed329.rds	7418	2026-08-29T18:37:49-0400	c8c97688780662e8a06e05aa72cc3eac6846eea6e789852af526238f97cb0760	clean
revised/iteration4/data/Figures/Supp_Figure6_4/cache/separate_invitro/seed33.rds	7565	2026-08-29T18:37:35-0400	5898f3129ef3ef46d126b9b35b546f6269c21c503f46b47124668b7946f32f35	clean
revised/iteration4/data/Figures/Supp_Figure6_4/cache/separate_invitro/seed330.rds	7422	2026-08-29T18:37:50-0400	97b4e2bc7415c49d561c76fb2ffd9828fdc17cdab573f52957a60d9fff2543ac	clean
revised/iteration4/data/Figures/Supp_Figure6_4/cache/separate_invitro/seed331.rds	7430	2026-08-29T18:37:50-0400	66fe40b12f8e43aaa0bdb5e71a94fe51b45114a19c433d0f5d2108a55cd3dd9a	clean
revised/iteration4/data/Figures/Supp_Figure6_4/cache/separate_invitro/seed332.rds	7402	2026-08-29T18:37:49-0400	88117d4b737639d71324f06c7240f70726c98074eccbf917251de3b65e4ea5ca	clean
revised/iteration4/data/Figures/Supp_Figure6_4/cache/separate_invitro/seed333.rds	7379	2026-08-29T18:37:50-0400	2984d0ab570d0e9810ba3ca194fb1219822d1378a3a83baad4f063aee32a42c1	clean
revised/iteration4/data/Figures/Supp_Figure6_4/cache/separate_invitro/seed334.rds	4471	2026-08-29T18:37:49-0400	db4f8a22fe8c1efc0d2532da7b25b53e915efd40b67396ae23028c60d51b061a	clean
revised/iteration4/data/Figures/Supp_Figure6_4/cache/separate_invitro/seed335.rds	7427	2026-08-29T18:37:50-0400	a26fcffb87128ed588df5e0e68f7804ef2f1a6b1cec4aa6540382a42ec83d1ea	clean
revised/iteration4/data/Figures/Supp_Figure6_4/cache/separate_invitro/seed336.rds	7507	2026-08-29T18:37:49-0400	4bea4ea099f698f21888723639961ddf5ffd5b9e64f3fe38a075b9d610a00a41	clean
revised/iteration4/data/Figures/Supp_Figure6_4/cache/separate_invitro/seed337.rds	7522	2026-08-29T18:37:49-0400	fc3eab579180a8e996cc92696b3a37642db542580fc3b8596038186761b5251f	clean
revised/iteration4/data/Figures/Supp_Figure6_4/cache/separate_invitro/seed338.rds	7513	2026-08-29T18:37:50-0400	8e4cc1ad6f54259acdb9c5ba6fd2eaf744c76e677a81781ab2a6d9cda6f60a0b	clean
revised/iteration4/data/Figures/Supp_Figure6_4/cache/separate_invitro/seed339.rds	7365	2026-08-29T18:37:49-0400	b1afeb284541172d5331f8fb5f2ce44acb267c1fd3eeebd1140253bb4c3347ea	clean
revised/iteration4/data/Figures/Supp_Figure6_4/cache/separate_invitro/seed34.rds	7397	2026-08-29T18:37:35-0400	d69b9c4b2160c31fb74ee909dcb05ed487267d3e585bb96a18c35daab2028dd0	clean
revised/iteration4/data/Figures/Supp_Figure6_4/cache/separate_invitro/seed340.rds	7421	2026-08-29T18:37:49-0400	7e690c04190a5a10216ef25c442d819d70c743a0998403c3c9540798b2e5f9cc	clean
revised/iteration4/data/Figures/Supp_Figure6_4/cache/separate_invitro/seed341.rds	6924	2026-08-29T18:37:49-0400	2d722ac604ea2b298c768b54fdc8700a63bc665be1a6cafe6ab467bac067f6db	clean
revised/iteration4/data/Figures/Supp_Figure6_4/cache/separate_invitro/seed342.rds	7452	2026-08-29T18:37:50-0400	8896a4b87bb114ae4adb408400179b44cb7108b62ac61020ea9caf3896af5830	clean
revised/iteration4/data/Figures/Supp_Figure6_4/cache/separate_invitro/seed343.rds	7338	2026-08-29T18:37:50-0400	3c0fa4386ae63416158ab0523dc493ff4d509ea0e561fa2a5cc35e745413443b	clean
revised/iteration4/data/Figures/Supp_Figure6_4/cache/separate_invitro/seed344.rds	7426	2026-08-29T18:37:50-0400	c2af621e487e824a46db52113a5a2aca283767e4e3b821335658804d757d549e	clean
revised/iteration4/data/Figures/Supp_Figure6_4/cache/separate_invitro/seed345.rds	7341	2026-08-29T18:37:50-0400	d783fff7495e90b00f72fab5ea9fc23ad03cba94f81634855e48a86702e9c5c9	clean
revised/iteration4/data/Figures/Supp_Figure6_4/cache/separate_invitro/seed346.rds	7433	2026-08-29T18:37:50-0400	085d9b92263bb622a7f79c788b23ceded9142facee4f14d7d3cf54a0f5902ac6	clean
revised/iteration4/data/Figures/Supp_Figure6_4/cache/separate_invitro/seed347.rds	7410	2026-08-29T18:37:50-0400	e1857fead98477b84f25a8332deabad90cf74fb73009c1b2318027c148a87d93	clean
revised/iteration4/data/Figures/Supp_Figure6_4/cache/separate_invitro/seed348.rds	7567	2026-08-29T18:37:50-0400	1b6ff207a7e2ccc9b45caacd27d1a455c9b2cecd2d86da09ea1b1e8538242283	clean
revised/iteration4/data/Figures/Supp_Figure6_4/cache/separate_invitro/seed349.rds	7495	2026-08-29T18:37:50-0400	087c96f5affcd2696d40b96ebdd4aec5f83a562d79af076828d5931c743ab08e	clean
revised/iteration4/data/Figures/Supp_Figure6_4/cache/separate_invitro/seed35.rds	7397	2026-08-29T18:37:33-0400	299b870e0b661fcc3d34a87e777a94c25e9f401d6893912778373a029adba1ef	clean
revised/iteration4/data/Figures/Supp_Figure6_4/cache/separate_invitro/seed350.rds	7387	2026-08-29T18:37:50-0400	1f2cc27e0c2dd5970f1d4d66904e7b34caa52ccc13b9cd787ae9055317bcc0b3	clean
revised/iteration4/data/Figures/Supp_Figure6_4/cache/separate_invitro/seed351.rds	7536	2026-08-29T18:37:51-0400	ad85c4a6ae215c6d8a2df031a9a153191647d2c6167407b0eb5d6133097b9af7	clean
revised/iteration4/data/Figures/Supp_Figure6_4/cache/separate_invitro/seed352.rds	7423	2026-08-29T18:37:51-0400	94e3bbdc4b78f271801aa034476a8bda8a8161e27bd3f29d08b0883e4449ca94	clean
revised/iteration4/data/Figures/Supp_Figure6_4/cache/separate_invitro/seed353.rds	7537	2026-08-29T18:37:51-0400	c78393f8244e69ba80897cd3cf2ead397f541d27d4c77f3faaee35176d31becf	clean
revised/iteration4/data/Figures/Supp_Figure6_4/cache/separate_invitro/seed354.rds	7542	2026-08-29T18:37:51-0400	797f36a86c3fa0890a2832f0ff33efa8fc5d76e33fd4cb91efe99d7405dbe91c	clean
revised/iteration4/data/Figures/Supp_Figure6_4/cache/separate_invitro/seed355.rds	7577	2026-08-29T18:37:51-0400	767ded0b9c0987248c43683eaf24c0039dcbab0f058a6cb2c26159d0a700246b	clean
revised/iteration4/data/Figures/Supp_Figure6_4/cache/separate_invitro/seed356.rds	7479	2026-08-29T18:37:51-0400	35543770a7d0abf7fee12745beccaf67d51e64749b707eea680cc991e618bd12	clean
revised/iteration4/data/Figures/Supp_Figure6_4/cache/separate_invitro/seed357.rds	7440	2026-08-29T18:37:51-0400	c8bc6ef3a458f005fd7e4d60b6ab6e926b1a5bf53e0cbf14a048fe8c48cf47f3	clean
revised/iteration4/data/Figures/Supp_Figure6_4/cache/separate_invitro/seed358.rds	7514	2026-08-29T18:37:50-0400	ee67700edea604a09c91086ac912f95bb6e935c902daf0289106eaf4d03896d3	clean
revised/iteration4/data/Figures/Supp_Figure6_4/cache/separate_invitro/seed359.rds	7431	2026-08-29T18:37:51-0400	7affd9509d4bc11e2aa456467902d09059a1b62d67eecf7d3605db8541f3451a	clean
revised/iteration4/data/Figures/Supp_Figure6_4/cache/separate_invitro/seed36.rds	7420	2026-08-29T18:37:34-0400	9ffaff5b5c40a9e733af91cf9c6638425fadeae4480dc9fe95e281e278d91d36	clean
revised/iteration4/data/Figures/Supp_Figure6_4/cache/separate_invitro/seed360.rds	7410	2026-08-29T18:37:51-0400	40f9c9396e9d51304ea4905122586a816f4952517774ea918acd3a35ba05b249	clean
revised/iteration4/data/Figures/Supp_Figure6_4/cache/separate_invitro/seed361.rds	7407	2026-08-29T18:37:51-0400	7ea59399051ff14d4a3e935a5e4ad3b743e56a58cdcedc6f81875d6af5e00ecb	clean
revised/iteration4/data/Figures/Supp_Figure6_4/cache/separate_invitro/seed362.rds	7409	2026-08-29T18:37:51-0400	3f2e5ecb800c198e087448a7da13a60281862575c7740f52cfd7b45070437d41	clean
revised/iteration4/data/Figures/Supp_Figure6_4/cache/separate_invitro/seed363.rds	7562	2026-08-29T18:37:51-0400	aaf3e01d432547319851a3b02a8f97f57ac1007dbf6a45c0ec2b6e92e047ebce	clean
revised/iteration4/data/Figures/Supp_Figure6_4/cache/separate_invitro/seed364.rds	7377	2026-08-29T18:37:51-0400	ec2c1736f40b99103ee03d448b5127249039c1f8e151d9a45404f6d58e175e96	clean
revised/iteration4/data/Figures/Supp_Figure6_4/cache/separate_invitro/seed365.rds	7432	2026-08-29T18:37:51-0400	2ad6dc3e54f703904595267b753b6f07afbdfebb7b3fb2e9ed39997778ee0f10	clean
revised/iteration4/data/Figures/Supp_Figure6_4/cache/separate_invitro/seed366.rds	7411	2026-08-29T18:37:51-0400	d8988efbe20b6f1b3c40b13252431a66f896f24b430a19298f9e28eaf4b1c7d1	clean
revised/iteration4/data/Figures/Supp_Figure6_4/cache/separate_invitro/seed367.rds	7534	2026-08-29T18:37:52-0400	5f9e61fcd3172027205f458aa5e95df1aa08ab71b4f554b95ac43653cd278025	clean
revised/iteration4/data/Figures/Supp_Figure6_4/cache/separate_invitro/seed368.rds	7432	2026-08-29T18:37:52-0400	d2a98f93fae0cc607af8022e3bd556235be0c10e166dacb5630aad2f5a999757	clean
revised/iteration4/data/Figures/Supp_Figure6_4/cache/separate_invitro/seed369.rds	7272	2026-08-29T18:37:52-0400	54ccb0e8073b96ac4ad4a4ca41336f252b741c61912bf393582fc0f08e8607c1	clean
revised/iteration4/data/Figures/Supp_Figure6_4/cache/separate_invitro/seed37.rds	7543	2026-08-29T18:37:34-0400	226ea0d7694626dc6c75a34b8f8c202d673fe4afd5d9850f4247bf28461a1e55	clean
revised/iteration4/data/Figures/Supp_Figure6_4/cache/separate_invitro/seed370.rds	7392	2026-08-29T18:37:52-0400	9ddd4021bc9eadd31f27d3c051639723ebf0ad049f2955548ff4e67a67f04f00	clean
revised/iteration4/data/Figures/Supp_Figure6_4/cache/separate_invitro/seed371.rds	7277	2026-08-29T18:37:52-0400	d4fc662cbbea3b85aee39e239fa5ff834af79e2fce0d90f5bbba7f39b90e4be3	clean
revised/iteration4/data/Figures/Supp_Figure6_4/cache/separate_invitro/seed372.rds	7409	2026-08-29T18:37:52-0400	e2a3e1e425bfa8159a22712905d94b307367f84174c931802812e9e250405ceb	clean
revised/iteration4/data/Figures/Supp_Figure6_4/cache/separate_invitro/seed373.rds	7513	2026-08-29T18:37:52-0400	647493706746de2f21812fbed0edc6e3928ecade205b4453f014be977bf65763	clean
revised/iteration4/data/Figures/Supp_Figure6_4/cache/separate_invitro/seed374.rds	7465	2026-08-29T18:37:52-0400	d3f8d3f8bc639a9657f37ee9b66f2e78e689f75815515a959cf1a236c6c28368	clean
revised/iteration4/data/Figures/Supp_Figure6_4/cache/separate_invitro/seed375.rds	7362	2026-08-29T18:37:52-0400	3ffccfc010bb03a55b52581e083c9be62c5dca1c509a9b6d9e9ffe00a6e392d1	clean
revised/iteration4/data/Figures/Supp_Figure6_4/cache/separate_invitro/seed376.rds	7495	2026-08-29T18:37:52-0400	229c46ebe73cc666c2fbbcabaded8316f778b1c3a305033055742306bfb6d999	clean
revised/iteration4/data/Figures/Supp_Figure6_4/cache/separate_invitro/seed377.rds	7516	2026-08-29T18:37:52-0400	4b6c4a215c0d74762df6094edee869d5f407e3348fc578e711625576c0e5ef57	clean
revised/iteration4/data/Figures/Supp_Figure6_4/cache/separate_invitro/seed378.rds	7569	2026-08-29T18:37:52-0400	3d9b25f1026e16b017afcb6b73724a7f896a2a0b37571fd888b1e74619ab5bbc	clean
revised/iteration4/data/Figures/Supp_Figure6_4/cache/separate_invitro/seed379.rds	7357	2026-08-29T18:37:52-0400	5f65cb3ef738c5430a2a28bfaecd8b32d23a458d061727e1aa3804ecf88cb7ba	clean
revised/iteration4/data/Figures/Supp_Figure6_4/cache/separate_invitro/seed38.rds	7520	2026-08-29T18:37:35-0400	d707cb8fb0c60920e826235228a9807f6b24bcb8b18822f84f81f25cfb37376d	clean
revised/iteration4/data/Figures/Supp_Figure6_4/cache/separate_invitro/seed380.rds	7417	2026-08-29T18:37:52-0400	0290cea4e8e6865915be9c9768fb686201c65c15ee7c4a90ff8a9e16d0008778	clean
revised/iteration4/data/Figures/Supp_Figure6_4/cache/separate_invitro/seed381.rds	7556	2026-08-29T18:37:52-0400	bd490f2ca54639b76292e81997ceac235ad22301b2dc58f967bab0b4ec2bbc02	clean
revised/iteration4/data/Figures/Supp_Figure6_4/cache/separate_invitro/seed382.rds	7556	2026-08-29T18:37:52-0400	461d2d07769ac9a60a89d32103a692b33455c2e7beea17f64bcf9cd052bfc178	clean
revised/iteration4/data/Figures/Supp_Figure6_4/cache/separate_invitro/seed383.rds	7523	2026-08-29T18:37:52-0400	2579e4309af8a20508defe43db785a5c0576fb8b6c8d661d4c54efa6622fc186	clean
revised/iteration4/data/Figures/Supp_Figure6_4/cache/separate_invitro/seed384.rds	7540	2026-08-29T18:37:52-0400	bf8f1bca2de950111ba5c4b7d867d264fe14b13f2487a16b5c07397af7cee8f8	clean
revised/iteration4/data/Figures/Supp_Figure6_4/cache/separate_invitro/seed385.rds	7506	2026-08-29T18:37:52-0400	74a1437cc294cbad3483eaa04425a1bb9b34f2ca9df47b0f9dd6bf5487f27463	clean
revised/iteration4/data/Figures/Supp_Figure6_4/cache/separate_invitro/seed386.rds	7405	2026-08-29T18:37:52-0400	56b33e8852a0ebc2e5034d669b157a09a122657c2d5075d26271c7b64d44651e	clean
revised/iteration4/data/Figures/Supp_Figure6_4/cache/separate_invitro/seed387.rds	7432	2026-08-29T18:37:52-0400	4e43dc7e0bd39587d469489c2d6e1398c20e3cddc1d9ce8b5f5a1f79fb3a9e57	clean
revised/iteration4/data/Figures/Supp_Figure6_4/cache/separate_invitro/seed388.rds	7485	2026-08-29T18:37:52-0400	3689ce04728e436b83b35e910c274664fb3a3f1bc67d708b213f2357608090a6	clean
revised/iteration4/data/Figures/Supp_Figure6_4/cache/separate_invitro/seed389.rds	7525	2026-08-29T18:37:52-0400	e081b409584db78dc481a7361a0cc6e5bd3fe1abec69e9f5a31044b138f34316	clean
revised/iteration4/data/Figures/Supp_Figure6_4/cache/separate_invitro/seed39.rds	7385	2026-08-29T18:37:33-0400	9b95090ed82ce4bd4c49ed90cfe18e739471fc982355e4ff36e455163869e78a	clean
revised/iteration4/data/Figures/Supp_Figure6_4/cache/separate_invitro/seed390.rds	7526	2026-08-29T18:37:52-0400	3f77176c2693c714b1a3d1b5abafd5ee6e9ec43f061b60f972d5cca3494aebfe	clean
revised/iteration4/data/Figures/Supp_Figure6_4/cache/separate_invitro/seed391.rds	7426	2026-08-29T18:37:52-0400	2b5fe249dd10cbc32083e3a8108e8bd42c3ce4f64ec9bbfacc210b6d1dfaf5c4	clean
revised/iteration4/data/Figures/Supp_Figure6_4/cache/separate_invitro/seed392.rds	7447	2026-08-29T18:37:52-0400	ac6495c0634d16857f5636e139f95828b0650d95f9d93be7c27276dc3e5aaf92	clean
revised/iteration4/data/Figures/Supp_Figure6_4/cache/separate_invitro/seed393.rds	7539	2026-08-29T18:37:52-0400	fd6978d804206b917ea582da9188b7cbd926302d05e9aacc67f48f94d7e1249a	clean
revised/iteration4/data/Figures/Supp_Figure6_4/cache/separate_invitro/seed394.rds	7485	2026-08-29T18:37:52-0400	ae4bed0997e1cbd49e787073a061e254a6f24864f7d5cc367e5f4f2ea560695e	clean
revised/iteration4/data/Figures/Supp_Figure6_4/cache/separate_invitro/seed395.rds	7554	2026-08-29T18:37:52-0400	561fd6e32a7368556f86a2350a992ecdc7f5b54702a6eac8d1ab7f140b5ca2d8	clean
revised/iteration4/data/Figures/Supp_Figure6_4/cache/separate_invitro/seed396.rds	7467	2026-08-29T18:37:52-0400	084f61db74a0ed84dbeb306ad63b476eacc074f7ba41b466104905a0a4da77ea	clean
revised/iteration4/data/Figures/Supp_Figure6_4/cache/separate_invitro/seed397.rds	7543	2026-08-29T18:37:52-0400	f27ef53863e56fe50ac631fdf273869047e520db8e76dfe5b2cb699929f79818	clean
revised/iteration4/data/Figures/Supp_Figure6_4/cache/separate_invitro/seed398.rds	7560	2026-08-29T18:37:52-0400	43c712fe3bacf7c754bc23e382b70dabb1dfefc53914103ec53190da44db8565	clean
revised/iteration4/data/Figures/Supp_Figure6_4/cache/separate_invitro/seed399.rds	7403	2026-08-29T18:37:52-0400	9fff42788d36b8f0f78aa7fe296a956d7d4d7abeb18a742b1479f8bd61b9fbde	clean
revised/iteration4/data/Figures/Supp_Figure6_4/cache/separate_invitro/seed4.rds	7389	2026-08-29T18:37:33-0400	ebae8077448947e06c17a6bb9a440ab83953bc3e3ed50bb368cfe3cb6107cb5b	clean
revised/iteration4/data/Figures/Supp_Figure6_4/cache/separate_invitro/seed40.rds	7409	2026-08-29T18:37:35-0400	d920560db6a143c0345f16097e8eb1bfe9d669f9d372af2c13d8f2271b34edb4	clean
revised/iteration4/data/Figures/Supp_Figure6_4/cache/separate_invitro/seed400.rds	7344	2026-08-29T18:37:52-0400	b2ad1c1c816456a8cdf39b43fc7797a852f118ef648ce768f6a51416784076fb	clean
revised/iteration4/data/Figures/Supp_Figure6_4/cache/separate_invitro/seed401.rds	7547	2026-08-29T18:37:53-0400	9815bab3ae147b24efb68c777c99edde84f2ef298c3f0ce3928670febce4f37e	clean
revised/iteration4/data/Figures/Supp_Figure6_4/cache/separate_invitro/seed402.rds	7482	2026-08-29T18:37:52-0400	ee4fd5aee3586dd4c2f65098e21360fe461552ff381e05c799a6bfc614de4291	clean
revised/iteration4/data/Figures/Supp_Figure6_4/cache/separate_invitro/seed403.rds	7426	2026-08-29T18:37:52-0400	ef1deb309970a52aa85351f7f6443b8220894d1c721d69ab2f31713c2ee2d870	clean
revised/iteration4/data/Figures/Supp_Figure6_4/cache/separate_invitro/seed404.rds	7360	2026-08-29T18:37:53-0400	5c60421196f160f1638738e0a1036d209823ec444a64541871090c378896e726	clean
revised/iteration4/data/Figures/Supp_Figure6_4/cache/separate_invitro/seed405.rds	7436	2026-08-29T18:37:53-0400	c4b8912df4c3c5b5ab691277756cea5025c91aabd6753c72cc31fb6fd9c89460	clean
revised/iteration4/data/Figures/Supp_Figure6_4/cache/separate_invitro/seed406.rds	7397	2026-08-29T18:37:53-0400	47ed98737a2bcab09058ba6349deabe55b6008bad8939ed6ad989e7dceebfc51	clean
revised/iteration4/data/Figures/Supp_Figure6_4/cache/separate_invitro/seed407.rds	7569	2026-08-29T18:37:53-0400	3f78b33d32b806534fa1425ef18061b5c33836225717c93f16f5fa6e299ad737	clean
revised/iteration4/data/Figures/Supp_Figure6_4/cache/separate_invitro/seed408.rds	7481	2026-08-29T18:37:53-0400	708363cd0124add08ea50c05ff7ec7da71717057b25eec50dc2c1c983d12a9fb	clean
revised/iteration4/data/Figures/Supp_Figure6_4/cache/separate_invitro/seed409.rds	7428	2026-08-29T18:37:53-0400	46b06596c7946c7e12e009644eebd705636f2dd5a72cda07462a3f5e11ee2ac3	clean
revised/iteration4/data/Figures/Supp_Figure6_4/cache/separate_invitro/seed41.rds	7593	2026-08-29T18:37:35-0400	6d584066dd05ad63ac611e55a5a8a186ec773106cf8e2a911b545eeb3763c743	clean
revised/iteration4/data/Figures/Supp_Figure6_4/cache/separate_invitro/seed410.rds	7560	2026-08-29T18:37:53-0400	543299d9dde3e362ab5b3dac6deea1231b772d0ca9fa514786755e9c0de2d37a	clean
revised/iteration4/data/Figures/Supp_Figure6_4/cache/separate_invitro/seed411.rds	7536	2026-08-29T18:37:53-0400	66245b1068d5d66727e70163d4db976b5e9d4f7a86966a4a9d4419e296f60452	clean
revised/iteration4/data/Figures/Supp_Figure6_4/cache/separate_invitro/seed412.rds	7557	2026-08-29T18:37:54-0400	9afce403f5d7c1716b8cd52e48afd802c724b658795f16609f7ebb271a52f2d8	clean
revised/iteration4/data/Figures/Supp_Figure6_4/cache/separate_invitro/seed413.rds	7420	2026-08-29T18:37:53-0400	aa8e2a4e3a0757c5c321bf59101b1ac4a9294f30be7efd89e0cf98b034df6779	clean
revised/iteration4/data/Figures/Supp_Figure6_4/cache/separate_invitro/seed414.rds	7583	2026-08-29T18:37:53-0400	849f2ab62eb4a1f1aae8ce990f7077fcce9a2f5d64145ea84f5c64068b607649	clean
revised/iteration4/data/Figures/Supp_Figure6_4/cache/separate_invitro/seed415.rds	7509	2026-08-29T18:37:53-0400	bec1d8385e473d5ba7f83237e65044d8738f56143a51448dd820d2d59a88f551	clean
revised/iteration4/data/Figures/Supp_Figure6_4/cache/separate_invitro/seed416.rds	7560	2026-08-29T18:37:53-0400	5feb4c64e946edd071acfa732843c7d473696403c46faaa329123568928d42e2	clean
revised/iteration4/data/Figures/Supp_Figure6_4/cache/separate_invitro/seed417.rds	7384	2026-08-29T18:37:54-0400	9d5a4727a7bf14c277b79270f94fc12fa1bbdba9b5f45ba207353ea33ee44a52	clean
revised/iteration4/data/Figures/Supp_Figure6_4/cache/separate_invitro/seed418.rds	7534	2026-08-29T18:37:53-0400	57802a7f1f227999bd663ea199631b8d3e47d8b50a39116d0983e43592f7151f	clean
revised/iteration4/data/Figures/Supp_Figure6_4/cache/separate_invitro/seed419.rds	7403	2026-08-29T18:37:54-0400	0fceb07633e2f3029763b5080293b8d108ab6f64326919ce6a2601c8f0453e40	clean
revised/iteration4/data/Figures/Supp_Figure6_4/cache/separate_invitro/seed42.rds	7519	2026-08-29T18:37:34-0400	3bf4a78bb1043d1e3739f9b384658e24d56f75dc2930d2ecc1895728d358c8a1	clean
revised/iteration4/data/Figures/Supp_Figure6_4/cache/separate_invitro/seed420.rds	7567	2026-08-29T18:37:54-0400	66b773618dc0065eeb4017fb81299e5468c44e632f2c08913a4b4bbce105da76	clean
revised/iteration4/data/Figures/Supp_Figure6_4/cache/separate_invitro/seed421.rds	7500	2026-08-29T18:37:53-0400	725d5b7ecf3c157ff9a82e0a1167733246e968effc93a3c3e339cb602c862faf	clean
revised/iteration4/data/Figures/Supp_Figure6_4/cache/separate_invitro/seed422.rds	7476	2026-08-29T18:37:53-0400	e59b7ac8091a4534ed09851e281a34e1ac67b4a7eb8e485c62b567ca3138b2a6	clean
revised/iteration4/data/Figures/Supp_Figure6_4/cache/separate_invitro/seed423.rds	7426	2026-08-29T18:37:54-0400	49741ce7427b4e722560a034691254b7d74708a9cb29f7fa0dcdb9ece2020e78	clean
revised/iteration4/data/Figures/Supp_Figure6_4/cache/separate_invitro/seed424.rds	7561	2026-08-29T18:37:54-0400	ca2aacc5aa365f9cce04a5c900b4bec1aab852f0baffce8058f878f738150ad0	clean
revised/iteration4/data/Figures/Supp_Figure6_4/cache/separate_invitro/seed425.rds	7402	2026-08-29T18:37:54-0400	d6320d6d6d32b961eb465f460e141f2f6306e86fa8f02ee3f69b564542485957	clean
revised/iteration4/data/Figures/Supp_Figure6_4/cache/separate_invitro/seed426.rds	7415	2026-08-29T18:37:54-0400	18ad645f4ee2011a7cc821aa972d14c335835585f587156f422a7b6abb9352cd	clean
revised/iteration4/data/Figures/Supp_Figure6_4/cache/separate_invitro/seed427.rds	7517	2026-08-29T18:37:54-0400	f139da5cf4b9cae4a741d47a4efa9adc30addd28fd39f2d6097e7d3776fb03e4	clean
revised/iteration4/data/Figures/Supp_Figure6_4/cache/separate_invitro/seed428.rds	7539	2026-08-29T18:37:54-0400	c5a4660557a9f0e6a1b2ddd8db5a924a41998b4fb566988b82689297d2a24e15	clean
revised/iteration4/data/Figures/Supp_Figure6_4/cache/separate_invitro/seed429.rds	7536	2026-08-29T18:37:54-0400	8a9870480d144775c42995b18468a5ff755afdf8a376619a536b0032109de0db	clean
revised/iteration4/data/Figures/Supp_Figure6_4/cache/separate_invitro/seed43.rds	7524	2026-08-29T18:37:34-0400	84087d8de0a6fc427f015afdee77afb990dd478e2b1a501f89687a0f6f57ed91	clean
revised/iteration4/data/Figures/Supp_Figure6_4/cache/separate_invitro/seed430.rds	7409	2026-08-29T18:37:54-0400	927e75b29bf30b0ae0afd29e2abe6e523c72dbfae3e3d08a1664ea8ec5080089	clean
revised/iteration4/data/Figures/Supp_Figure6_4/cache/separate_invitro/seed431.rds	7541	2026-08-29T18:37:54-0400	f0265d1931e316e00c3a6ba743d62b389aeb3c44fcca2a1feb32e536979632e6	clean
revised/iteration4/data/Figures/Supp_Figure6_4/cache/separate_invitro/seed432.rds	7418	2026-08-29T18:37:55-0400	887f95967f3ddff8eb15e62d02eb91f1a1941ef575bd5d7da59f837cb61edd0c	clean
revised/iteration4/data/Figures/Supp_Figure6_4/cache/separate_invitro/seed433.rds	7347	2026-08-29T18:37:54-0400	63b78f99190f59d4bd90be85316604cf3017a851836278c006c74463eca0b346	clean
revised/iteration4/data/Figures/Supp_Figure6_4/cache/separate_invitro/seed434.rds	7416	2026-08-29T18:37:55-0400	8d6355e90f06055b304886d26e5ddefec1ab1355aacdb8753b95252390eeee65	clean
revised/iteration4/data/Figures/Supp_Figure6_4/cache/separate_invitro/seed435.rds	7393	2026-08-29T18:37:55-0400	fae467bf52b90c3dc9e67543e7468dbdbe4dd5d89cca1535c8bbd5d902b117a5	clean
revised/iteration4/data/Figures/Supp_Figure6_4/cache/separate_invitro/seed436.rds	7405	2026-08-29T18:37:55-0400	f6550cdfe5b1f191794d3563c9dce6b332f69f12b56114dbfa03db4ea451c0cc	clean
revised/iteration4/data/Figures/Supp_Figure6_4/cache/separate_invitro/seed437.rds	7508	2026-08-29T18:37:55-0400	c5acb1cc55cd7bc8098038cc63fae3235d305b7f0cfc8fe5e8b073a985bcfef9	clean
revised/iteration4/data/Figures/Supp_Figure6_4/cache/separate_invitro/seed438.rds	7413	2026-08-29T18:37:55-0400	3ab641529f32288d36de2dbcf2b8dfed5cc9a0b5a29cfb9a3d7ed6a82e0cae30	clean
revised/iteration4/data/Figures/Supp_Figure6_4/cache/separate_invitro/seed439.rds	7559	2026-08-29T18:37:55-0400	9faf756f2731a8583eb7e4d875af8596fefce160376204ec8fa9499330ba0f76	clean
revised/iteration4/data/Figures/Supp_Figure6_4/cache/separate_invitro/seed44.rds	7398	2026-08-29T18:37:35-0400	97884632a57037863d063b45f5c8f57ab6c826d6736f94f81801581bba8d50ed	clean
revised/iteration4/data/Figures/Supp_Figure6_4/cache/separate_invitro/seed440.rds	7555	2026-08-29T18:37:55-0400	5d6ad1baa1ea369d2a96a7b989bdfcd4a6e8779ddf815b1893b814bc4081350d	clean
revised/iteration4/data/Figures/Supp_Figure6_4/cache/separate_invitro/seed441.rds	7507	2026-08-29T18:37:55-0400	3713fb0babdb35473e0e4e207107709727907d742d596fdaa3fc92f6e9253f91	clean
revised/iteration4/data/Figures/Supp_Figure6_4/cache/separate_invitro/seed442.rds	7434	2026-08-29T18:37:55-0400	1195df9af156d7aa936d08a0ddc7e4c0f2895445675a7607fc418b4f772adee8	clean
revised/iteration4/data/Figures/Supp_Figure6_4/cache/separate_invitro/seed443.rds	7421	2026-08-29T18:37:55-0400	47a19b285a516f02ce998c157c22cb181d217b034580e76b1221b5b8a455af52	clean
revised/iteration4/data/Figures/Supp_Figure6_4/cache/separate_invitro/seed444.rds	7437	2026-08-29T18:37:55-0400	19cfcd26253994b4c06f9e87f5e7cb0ecccc54fd6c7c86c272024abd9b129481	clean
revised/iteration4/data/Figures/Supp_Figure6_4/cache/separate_invitro/seed445.rds	7411	2026-08-29T18:37:55-0400	702914d19638982a813747987a4ad7c6c7856340ec0fd780339e3deb15530ee6	clean
revised/iteration4/data/Figures/Supp_Figure6_4/cache/separate_invitro/seed446.rds	7458	2026-08-29T18:37:55-0400	040620879b43ae2c00683f8db2b1bcb5bc2c87a7a9881f86787fb677a2c1af6d	clean
revised/iteration4/data/Figures/Supp_Figure6_4/cache/separate_invitro/seed447.rds	7427	2026-08-29T18:37:55-0400	19823152f0476c4ea52f7f84166f812b00c965153378c7c7f3f569a725bed6a3	clean
revised/iteration4/data/Figures/Supp_Figure6_4/cache/separate_invitro/seed448.rds	7439	2026-08-29T18:37:55-0400	342610db85518057805c489f927a30c2981c3c30c6a4ee10e7394b9ba0fc8ff4	clean
revised/iteration4/data/Figures/Supp_Figure6_4/cache/separate_invitro/seed449.rds	7450	2026-08-29T18:37:55-0400	aed0a4482db05934682f3139073833235a41a66a805d744b1b1021485a826468	clean
revised/iteration4/data/Figures/Supp_Figure6_4/cache/separate_invitro/seed45.rds	7407	2026-08-29T18:37:34-0400	18042b6411b39d8a1c2b734f561d5e05d799131721d7e56c4b7380d1c0b144b3	clean
revised/iteration4/data/Figures/Supp_Figure6_4/cache/separate_invitro/seed450.rds	7394	2026-08-29T18:37:55-0400	8e14ed7ac00b87018f20445fea3ab5d3bd21e05181f982c350287491c28105bd	clean
revised/iteration4/data/Figures/Supp_Figure6_4/cache/separate_invitro/seed451.rds	7378	2026-08-29T18:37:55-0400	82cb547f58ac38beb912282cd60074985228e86ea98063fdc4fd5b5b79f6cc84	clean
revised/iteration4/data/Figures/Supp_Figure6_4/cache/separate_invitro/seed452.rds	7404	2026-08-29T18:37:55-0400	910b6ad02e8557070893a6131b024a9878292f12c45ca897abaf3eb6d8d06317	clean
revised/iteration4/data/Figures/Supp_Figure6_4/cache/separate_invitro/seed453.rds	7552	2026-08-29T18:37:55-0400	de09429e080342aa4ab3349818c29fbec2101f049fd0206814471d7d0e2033e0	clean
revised/iteration4/data/Figures/Supp_Figure6_4/cache/separate_invitro/seed454.rds	7404	2026-08-29T18:37:55-0400	c588df32888a5a224f886abedf035fbea6b7e4e02329d60d85d450deba4b3ef6	clean
revised/iteration4/data/Figures/Supp_Figure6_4/cache/separate_invitro/seed455.rds	7376	2026-08-29T18:37:55-0400	6c73407769fd5135d18bb1502cb3291f831794b6c36aac81c8dd87a2f169969c	clean
revised/iteration4/data/Figures/Supp_Figure6_4/cache/separate_invitro/seed456.rds	7384	2026-08-29T18:37:55-0400	799065c8c0a1871e6b54eb80cc56ec0f9740cd549247e373cf165749284b3b4a	clean
revised/iteration4/data/Figures/Supp_Figure6_4/cache/separate_invitro/seed457.rds	7621	2026-08-29T18:37:55-0400	9c6391695f6def969556ccd82129c9e6b808f0f115d283fa360e996ad3709208	clean
revised/iteration4/data/Figures/Supp_Figure6_4/cache/separate_invitro/seed458.rds	7405	2026-08-29T18:37:55-0400	b30fd57a4c5c82c3d19191e29b73850172431943c851245da59d08a98ad96858	clean
revised/iteration4/data/Figures/Supp_Figure6_4/cache/separate_invitro/seed459.rds	7340	2026-08-29T18:37:55-0400	ef0e50b17368e73e7af60e9be6a81f2cc12d13c92b9b3c2c499918fa757a8365	clean
revised/iteration4/data/Figures/Supp_Figure6_4/cache/separate_invitro/seed46.rds	7536	2026-08-29T18:37:34-0400	923a6cdfa6124b1620db539f31cab2995308a54b752d51238120c83a9c3bd042	clean
revised/iteration4/data/Figures/Supp_Figure6_4/cache/separate_invitro/seed460.rds	7519	2026-08-29T18:37:55-0400	6d5c42507d82d78b44a2dc4c1c60b2f6391d553b4dd670045c17c757cf953e15	clean
revised/iteration4/data/Figures/Supp_Figure6_4/cache/separate_invitro/seed461.rds	7400	2026-08-29T18:37:55-0400	0f168be050ef0577cb3807026d4da758a40d786be827170dde7c8c6155f3fd00	clean
revised/iteration4/data/Figures/Supp_Figure6_4/cache/separate_invitro/seed462.rds	7392	2026-08-29T18:37:55-0400	a2260adffa92a2c7266d308fea16cca8f32192d6926acf0caa1d906436f0d293	clean
revised/iteration4/data/Figures/Supp_Figure6_4/cache/separate_invitro/seed463.rds	7568	2026-08-29T18:37:56-0400	1248f02f9ca6d60618b5f1f24e77c3a735bc2303d9c3603578fdd813e8bd3cfe	clean
revised/iteration4/data/Figures/Supp_Figure6_4/cache/separate_invitro/seed464.rds	7425	2026-08-29T18:37:56-0400	88487cbb15504376f358790730b87d2a5d9ed53349f7dcc592bea1cfb21c1e83	clean
revised/iteration4/data/Figures/Supp_Figure6_4/cache/separate_invitro/seed465.rds	7524	2026-08-29T18:37:56-0400	155c272ff58bae54e4ef14a357ded1e7366874c36351ea9bc67af92d19b6109e	clean
revised/iteration4/data/Figures/Supp_Figure6_4/cache/separate_invitro/seed466.rds	7546	2026-08-29T18:37:56-0400	bd080135f6e5a15490a43a3d90eba1aa75f92f96022fd8e4f9fecad9c864963c	clean
revised/iteration4/data/Figures/Supp_Figure6_4/cache/separate_invitro/seed467.rds	7535	2026-08-29T18:37:56-0400	1d237d3085e45124a4fffb84e05c29cb09cc2f32349715d11eeb16f1f28c70b0	clean
revised/iteration4/data/Figures/Supp_Figure6_4/cache/separate_invitro/seed468.rds	7465	2026-08-29T18:37:56-0400	1c50dd14a4030e3c5b38ec7a91e9dc0e19cf73365436bd1252072f8a2b74afd0	clean
revised/iteration4/data/Figures/Supp_Figure6_4/cache/separate_invitro/seed469.rds	7419	2026-08-29T18:37:56-0400	746e353f532e354c3f55911e8d2ab3a536cc4540cc0997415ed4825ed0781a89	clean
revised/iteration4/data/Figures/Supp_Figure6_4/cache/separate_invitro/seed47.rds	7442	2026-08-29T18:37:34-0400	8b825b1d98a2828c113d20144c64e9d74199d8e6b1e07af79e77d54b7cfc0837	clean
revised/iteration4/data/Figures/Supp_Figure6_4/cache/separate_invitro/seed470.rds	7408	2026-08-29T18:37:56-0400	2f373facfb229413eb1f9890e0feb07e54274eecd639c6926a0377ca37d3f734	clean
revised/iteration4/data/Figures/Supp_Figure6_4/cache/separate_invitro/seed471.rds	7532	2026-08-29T18:37:56-0400	882fd7cce3f04844ae03c33fa67f2bee002d9abcc9c5e08ac319407e24177fb1	clean
revised/iteration4/data/Figures/Supp_Figure6_4/cache/separate_invitro/seed472.rds	7326	2026-08-29T18:37:56-0400	705f8a9f9229018ebd96bc7c385b92ee0a21deddcb82a747457ce268fa8aeaf4	clean
revised/iteration4/data/Figures/Supp_Figure6_4/cache/separate_invitro/seed473.rds	7358	2026-08-29T18:37:56-0400	5a7759861a8dd09db00ce27203780162c2300f122f0d7119016493095ea10fed	clean
revised/iteration4/data/Figures/Supp_Figure6_4/cache/separate_invitro/seed474.rds	7413	2026-08-29T18:37:56-0400	772945024af2770456e29d0694b696f2fa406bce35d7d1e7e3e09829937827bb	clean
revised/iteration4/data/Figures/Supp_Figure6_4/cache/separate_invitro/seed475.rds	7478	2026-08-29T18:37:56-0400	cb96953def45ec1ebb9e2bd45df58b322844f6e100813ee72f714e9dda429c6a	clean
revised/iteration4/data/Figures/Supp_Figure6_4/cache/separate_invitro/seed476.rds	7378	2026-08-29T18:37:56-0400	8ce894d9e5b80fcb3c21195e4a2b58785854b2854a26a5b2058f6eb40afedc60	clean
revised/iteration4/data/Figures/Supp_Figure6_4/cache/separate_invitro/seed477.rds	7414	2026-08-29T18:37:56-0400	572be4fd7749fa5319613e48dbe68882496f1ee12cb55b54c34e0a63cedea307	clean
revised/iteration4/data/Figures/Supp_Figure6_4/cache/separate_invitro/seed478.rds	7543	2026-08-29T18:37:56-0400	092c957de2949a2b1d5d4e863809e700800c8a98f9efb9122c420644da353f96	clean
revised/iteration4/data/Figures/Supp_Figure6_4/cache/separate_invitro/seed479.rds	7549	2026-08-29T18:37:57-0400	1f6913790f01a65bff7f4ceb379565c13a620ae417c86c50df62c10ac7d998bd	clean
revised/iteration4/data/Figures/Supp_Figure6_4/cache/separate_invitro/seed48.rds	7321	2026-08-29T18:37:34-0400	fbc0812da86d0d138116aff94b30bfd0d2fe3edf7fc1cdc6d8ec60efe0c5574b	clean
revised/iteration4/data/Figures/Supp_Figure6_4/cache/separate_invitro/seed480.rds	7432	2026-08-29T18:37:57-0400	6ce41e2708d9ae3ed177acd20f671aeddafffbd9fc4c0c58ba028cc0d0db4e96	clean
revised/iteration4/data/Figures/Supp_Figure6_4/cache/separate_invitro/seed481.rds	7418	2026-08-29T18:37:57-0400	68f8f5707a50e7a68e50bb5cd5e2343d858c1ef3016fec4a5ef3b1195839c4b0	clean
revised/iteration4/data/Figures/Supp_Figure6_4/cache/separate_invitro/seed482.rds	7437	2026-08-29T18:37:57-0400	0b6450322b4c9a48f094f6d6f49759fe111eb58bb94f2aae9661dca5b4792706	clean
revised/iteration4/data/Figures/Supp_Figure6_4/cache/separate_invitro/seed483.rds	7544	2026-08-29T18:37:57-0400	173e485756e74aee5df4626db78999b56c26fc8ae7d1acefc73a4be610258176	clean
revised/iteration4/data/Figures/Supp_Figure6_4/cache/separate_invitro/seed484.rds	7428	2026-08-29T18:37:57-0400	4bdd0fda9cfa90a67919b44052eb04ef69ca7d6f979aa0273350ae515f81e965	clean
revised/iteration4/data/Figures/Supp_Figure6_4/cache/separate_invitro/seed485.rds	7427	2026-08-29T18:37:57-0400	2c88c622c89d17a5a6fe22d2b8d4d1da084f5ab8859474368c302c63bf2b1303	clean
revised/iteration4/data/Figures/Supp_Figure6_4/cache/separate_invitro/seed486.rds	7544	2026-08-29T18:37:57-0400	2e1a151dab9ba09c63d33261a9764ab7017baa37553dda3efe945caffa3c7350	clean
revised/iteration4/data/Figures/Supp_Figure6_4/cache/separate_invitro/seed487.rds	7557	2026-08-29T18:37:57-0400	c54b7fc3e55de8cdb475d79bc65fed64f8051fd513192746a588c1c96c9c90e0	clean
revised/iteration4/data/Figures/Supp_Figure6_4/cache/separate_invitro/seed488.rds	7375	2026-08-29T18:37:57-0400	b25718e658eab5bcd1d6af565b626e18775c2a121c9aa2910be1dac6677e756f	clean
revised/iteration4/data/Figures/Supp_Figure6_4/cache/separate_invitro/seed489.rds	7438	2026-08-29T18:37:57-0400	fafdc6924cc3d1a8359e3a7153181645bd34f43249faee2a7684c5ba38f80365	clean
revised/iteration4/data/Figures/Supp_Figure6_4/cache/separate_invitro/seed49.rds	7392	2026-08-29T18:37:35-0400	e642cc1192dd63e87f9c10a4baa1f11c53f0b6458a2cc0266a0580aee4eb1ed1	clean
revised/iteration4/data/Figures/Supp_Figure6_4/cache/separate_invitro/seed490.rds	7430	2026-08-29T18:37:57-0400	e5d8bc21dfc8251ac861e46b7c881974bf57094a2b1d6a26a1722fe75e3eeb89	clean
revised/iteration4/data/Figures/Supp_Figure6_4/cache/separate_invitro/seed491.rds	7464	2026-08-29T18:37:57-0400	bd0091709961988f3f3c02ac2e32b32fcbdfb0ff17f3c8fb68675460fda76b69	clean
revised/iteration4/data/Figures/Supp_Figure6_4/cache/separate_invitro/seed492.rds	7458	2026-08-29T18:37:57-0400	dd079f4df29438878395ea8d9010ef2e64dac700bf155dbd1070840d54432873	clean
revised/iteration4/data/Figures/Supp_Figure6_4/cache/separate_invitro/seed493.rds	7406	2026-08-29T18:37:57-0400	b375da3004ec7efd4210b5c153d28cc5af844093c3a17634fe5e0aaa6b760b95	clean
revised/iteration4/data/Figures/Supp_Figure6_4/cache/separate_invitro/seed494.rds	7543	2026-08-29T18:37:57-0400	fdd262f6129a07baaa114e46fa3cbcc1cdd11e2a598991a03c990659ae001af1	clean
revised/iteration4/data/Figures/Supp_Figure6_4/cache/separate_invitro/seed495.rds	7406	2026-08-29T18:37:57-0400	7cc8151417a1993ebc80a6ca72e49f24f5e546f81e780e1d6ab83b3aab5d1f3a	clean
revised/iteration4/data/Figures/Supp_Figure6_4/cache/separate_invitro/seed496.rds	7394	2026-08-29T18:37:57-0400	30fed4efe07ce02ee74079661df3bfa1bb999437019c06e656e9f7e3b1b63b93	clean
revised/iteration4/data/Figures/Supp_Figure6_4/cache/separate_invitro/seed497.rds	7362	2026-08-29T18:37:57-0400	324a1470447331fe7401d4f25282926bdb3fbe1f522f2fe79887063f75298fa9	clean
revised/iteration4/data/Figures/Supp_Figure6_4/cache/separate_invitro/seed498.rds	7544	2026-08-29T18:37:57-0400	4a452671c02781566aecd2f74c265da0e2516b47226a967ca10d7682329b8617	clean
revised/iteration4/data/Figures/Supp_Figure6_4/cache/separate_invitro/seed499.rds	7353	2026-08-29T18:37:57-0400	554718b8cddbebe5692c565044e05f10c2c535aeef885d2670565c7481183a3b	clean
revised/iteration4/data/Figures/Supp_Figure6_4/cache/separate_invitro/seed5.rds	7559	2026-08-29T18:37:33-0400	911c931d580252d39cdc0db753792d679f8bcf0adcfa84f5ecfe70f434a6fd6f	clean
revised/iteration4/data/Figures/Supp_Figure6_4/cache/separate_invitro/seed50.rds	7557	2026-08-29T18:37:34-0400	d599ecbadb207db91c31e6f902b6bb2198601090fca1a7af5c1d4ceef3221e3b	clean
revised/iteration4/data/Figures/Supp_Figure6_4/cache/separate_invitro/seed500.rds	7377	2026-08-29T18:37:57-0400	1de4edbe47d829090cf21670f1eeac65e5ab2af6219b38a75750725768c4b090	clean
revised/iteration4/data/Figures/Supp_Figure6_4/cache/separate_invitro/seed51.rds	7377	2026-08-29T18:37:34-0400	e173a8ed7a66015587b4c11c3f28a348bd393e238877631f5ea5738e99057e10	clean
revised/iteration4/data/Figures/Supp_Figure6_4/cache/separate_invitro/seed52.rds	7414	2026-08-29T18:37:35-0400	f9ccdd88eac34ae8621ef4163c31004b7bf9db002a8ae8ed959ab6f38dc05c5b	clean
revised/iteration4/data/Figures/Supp_Figure6_4/cache/separate_invitro/seed53.rds	7504	2026-08-29T18:37:35-0400	c87fe6fc983fc31f02ea7f0b14f489eeb28586dec505ca158551854fc598ff90	clean
revised/iteration4/data/Figures/Supp_Figure6_4/cache/separate_invitro/seed54.rds	7503	2026-08-29T18:37:34-0400	c8973465361a3da401ae9a17bd206d5bbef88a933dc8beec1fa543ec339c18c8	clean
revised/iteration4/data/Figures/Supp_Figure6_4/cache/separate_invitro/seed55.rds	7386	2026-08-29T18:37:35-0400	1443a74cdfb618697409a3054eca42bd9cca2eaee6a32036f151f00190143f65	clean
revised/iteration4/data/Figures/Supp_Figure6_4/cache/separate_invitro/seed56.rds	7549	2026-08-29T18:37:34-0400	5044eab670ee52d3f50cc86cbfc851cd50fa5f728a323ae3adec00c93a43380d	clean
revised/iteration4/data/Figures/Supp_Figure6_4/cache/separate_invitro/seed57.rds	7400	2026-08-29T18:37:35-0400	7a560757bcdfcf600fd510a1804ce97445f20803cce4d930e0eb7912c7996077	clean
revised/iteration4/data/Figures/Supp_Figure6_4/cache/separate_invitro/seed58.rds	7379	2026-08-29T18:37:36-0400	fbdd73429891a219c9d8a392c859c13ef2f330805e0cdcd9190684e3803fc27c	clean
revised/iteration4/data/Figures/Supp_Figure6_4/cache/separate_invitro/seed59.rds	7376	2026-08-29T18:37:36-0400	11592d98351c4ec315c2a57c6b2afbf1457bc71e3d478e46c72a32f559d854a0	clean
revised/iteration4/data/Figures/Supp_Figure6_4/cache/separate_invitro/seed6.rds	7425	2026-08-29T18:37:33-0400	893bef398e8f71ae7a30109274999b1c3f9d13c3a23b15a11889c5a292ce99e8	clean
revised/iteration4/data/Figures/Supp_Figure6_4/cache/separate_invitro/seed60.rds	7411	2026-08-29T18:37:35-0400	66a21a605de773cfcb939a1686993d1b8c8d9e17709935d2d5b35eb72f11c043	clean
revised/iteration4/data/Figures/Supp_Figure6_4/cache/separate_invitro/seed61.rds	7553	2026-08-29T18:37:36-0400	005a3b792f38745656efc00eaadd78caae4d6b325ab44163237433bd7e7379a1	clean
revised/iteration4/data/Figures/Supp_Figure6_4/cache/separate_invitro/seed62.rds	7448	2026-08-29T18:37:36-0400	4b0620b632d3ef265f288797df7c9eab0cb7b3408d465e27c28b85d00d71e43e	clean
revised/iteration4/data/Figures/Supp_Figure6_4/cache/separate_invitro/seed63.rds	7541	2026-08-29T18:37:36-0400	cd25c3b2a9a5f9e3af2e2e8bc08d3afb559f4fca4bb1cdf109ea1e013e05347f	clean
revised/iteration4/data/Figures/Supp_Figure6_4/cache/separate_invitro/seed64.rds	7430	2026-08-29T18:37:36-0400	c232e6493c80eaee884477d75bbe482765af7b895003d87c1c2812a2b388167c	clean
revised/iteration4/data/Figures/Supp_Figure6_4/cache/separate_invitro/seed65.rds	7534	2026-08-29T18:37:36-0400	a20cd380decb319c615bf302e47914318abff442dcca2289bcd893779399f849	clean
revised/iteration4/data/Figures/Supp_Figure6_4/cache/separate_invitro/seed66.rds	7405	2026-08-29T18:37:36-0400	5551b626ae5688d45a14d03e3054e50ac0ed598915a92fbace6571856127d008	clean
revised/iteration4/data/Figures/Supp_Figure6_4/cache/separate_invitro/seed67.rds	7404	2026-08-29T18:37:36-0400	9bfe567c1ff98ffdd0698451b91bfa5af252d7e0a1e85eeab7cf72f1710c80ef	clean
revised/iteration4/data/Figures/Supp_Figure6_4/cache/separate_invitro/seed68.rds	7418	2026-08-29T18:37:36-0400	ee7b6a8ec4fd4d7aa13cc096e934794d21c10abd9864e10fa2587657c7a5882e	clean
revised/iteration4/data/Figures/Supp_Figure6_4/cache/separate_invitro/seed69.rds	7402	2026-08-29T18:37:36-0400	3fb2f163f9c76904eba78faf0f6048274054380c330e633faed2360ec39f4361	clean
revised/iteration4/data/Figures/Supp_Figure6_4/cache/separate_invitro/seed7.rds	7410	2026-08-29T18:37:33-0400	fec1a7b8ebb35fbd039e243055f7c121bde3598c9888a73c5dc5591b0ae52823	clean
revised/iteration4/data/Figures/Supp_Figure6_4/cache/separate_invitro/seed70.rds	7408	2026-08-29T18:37:36-0400	9be4b812ef3f233490e083fd2a8ad5ef9db4c210fc1b48c0fb73c50e86ffbd8d	clean
revised/iteration4/data/Figures/Supp_Figure6_4/cache/separate_invitro/seed71.rds	7536	2026-08-29T18:37:36-0400	783e41373f63cad4a014fdc68eb08aaca6431ba7eeff6ce0903db163922a6aa6	clean
revised/iteration4/data/Figures/Supp_Figure6_4/cache/separate_invitro/seed72.rds	7388	2026-08-29T18:37:36-0400	e8fcb0b856ce1d3c337317f31f6ed347b9469a44ea36339a189d20efc57e7c8f	clean
revised/iteration4/data/Figures/Supp_Figure6_4/cache/separate_invitro/seed73.rds	7557	2026-08-29T18:37:36-0400	421b3e301c34021e78d9be247c963444dbed720cca43ca9103d1ed8ecde09633	clean
revised/iteration4/data/Figures/Supp_Figure6_4/cache/separate_invitro/seed74.rds	7558	2026-08-29T18:37:36-0400	cfc536df87a43302dd83d6577d8d7374d1f0a4bae102980c8801b95a5cea4950	clean
revised/iteration4/data/Figures/Supp_Figure6_4/cache/separate_invitro/seed75.rds	7225	2026-08-29T18:37:37-0400	b0bf0ee3d0f74c6a949d5a7b73f3550aff2d825b38bebd0022715104da9758f6	clean
revised/iteration4/data/Figures/Supp_Figure6_4/cache/separate_invitro/seed76.rds	7395	2026-08-29T18:37:36-0400	d7f119a92942600b74da49485751d51753635e29b825c395f267a244d21e259f	clean
revised/iteration4/data/Figures/Supp_Figure6_4/cache/separate_invitro/seed77.rds	7547	2026-08-29T18:37:37-0400	8039d09a716b1b028319f609077f30c98f01ab5c70dc379036f013a6109343fe	clean
revised/iteration4/data/Figures/Supp_Figure6_4/cache/separate_invitro/seed78.rds	7554	2026-08-29T18:37:37-0400	aa02d3dbb50b1ad28c248d5057d9bf58613f152c2ec782fd00da5552cc72693e	clean
revised/iteration4/data/Figures/Supp_Figure6_4/cache/separate_invitro/seed79.rds	7532	2026-08-29T18:37:37-0400	93030964ff8f9a2312b151c30801d31f0a1c03d31cda0a9a98e36c2ec8165c43	clean
revised/iteration4/data/Figures/Supp_Figure6_4/cache/separate_invitro/seed8.rds	7509	2026-08-29T18:37:33-0400	62d26ec72f7be873bb0f8e4752571194dc3c6eb80df473fd48c7bf336b6274ae	clean
revised/iteration4/data/Figures/Supp_Figure6_4/cache/separate_invitro/seed80.rds	7396	2026-08-29T18:37:37-0400	c574e64e1bbbfe7aeb82f44a4201f2b8f96c1a9493cf88be7810b87c7428dd60	clean
revised/iteration4/data/Figures/Supp_Figure6_4/cache/separate_invitro/seed81.rds	7547	2026-08-29T18:37:37-0400	d8c2f59cb0d3bd07f84c4e3ee1ea55afafc3cd3e735f1a636899eb36dc40e727	clean
revised/iteration4/data/Figures/Supp_Figure6_4/cache/separate_invitro/seed82.rds	7411	2026-08-29T18:37:37-0400	6c5ef758be4ca9facbca17669553a22aada78a8d52816c7686088d6634773664	clean
revised/iteration4/data/Figures/Supp_Figure6_4/cache/separate_invitro/seed83.rds	7383	2026-08-29T18:37:37-0400	19149f43330fda1eae7927bf6b7f07deaedb61686b62805bd74cabde7c7c9341	clean
revised/iteration4/data/Figures/Supp_Figure6_4/cache/separate_invitro/seed84.rds	7312	2026-08-29T18:37:37-0400	35df025501b353943c15ec1a538e77325de0c225ccecd028f68fc417a8815cb4	clean
revised/iteration4/data/Figures/Supp_Figure6_4/cache/separate_invitro/seed85.rds	7576	2026-08-29T18:37:37-0400	572dbe485bb73d60c96ecd8bc5f3dbfba4f4fb3659d6d6c5b5c5b90007cf5cff	clean
revised/iteration4/data/Figures/Supp_Figure6_4/cache/separate_invitro/seed86.rds	7417	2026-08-29T18:37:37-0400	f4bd3f8f97545010586eadf61b53686d700a95364bef7f3ce9dd19fe481ad24f	clean
revised/iteration4/data/Figures/Supp_Figure6_4/cache/separate_invitro/seed87.rds	7496	2026-08-29T18:37:37-0400	e02a0d69b71166848d600ac675336ef6af08e1b7c14fb4d96ff06d81b2ba01cd	clean
revised/iteration4/data/Figures/Supp_Figure6_4/cache/separate_invitro/seed88.rds	7476	2026-08-29T18:37:37-0400	fddc4e20af86c136dbb399e863f7e7c6df6cba6b0916ab2d7756ae0cee1d048c	clean
revised/iteration4/data/Figures/Supp_Figure6_4/cache/separate_invitro/seed89.rds	7538	2026-08-29T18:37:38-0400	339f4e0f9caf693ce7e44129e88bd862ce15da74bed5e7ce0239f18fb1ae83d5	clean
revised/iteration4/data/Figures/Supp_Figure6_4/cache/separate_invitro/seed9.rds	7408	2026-08-29T18:37:33-0400	72a791476c17dcad1f979d3dbde7981013604f1d87f64b86dcd33a8b3f6bd46c	clean
revised/iteration4/data/Figures/Supp_Figure6_4/cache/separate_invitro/seed90.rds	7555	2026-08-29T18:37:37-0400	f71cd82957b72dd82b756b32ec992743d397dafd4f95a6afa79219b7a5cb6ab1	clean
revised/iteration4/data/Figures/Supp_Figure6_4/cache/separate_invitro/seed91.rds	7553	2026-08-29T18:37:38-0400	8ae69da6eb99b63ae2137b13d26789ded44cb1a69c86ba0b9e0b5cfc4013d94a	clean
revised/iteration4/data/Figures/Supp_Figure6_4/cache/separate_invitro/seed92.rds	7358	2026-08-29T18:37:38-0400	e4cbcfe970f4969e62a3e312edd3a61292f6bf5d1b392a43437c809ebb8ad1c2	clean
revised/iteration4/data/Figures/Supp_Figure6_4/cache/separate_invitro/seed93.rds	7475	2026-08-29T18:37:38-0400	d10897c994e9aa979bf1c8efe4e726c73072b6a776a509008873f18012815e9b	clean
revised/iteration4/data/Figures/Supp_Figure6_4/cache/separate_invitro/seed94.rds	7405	2026-08-29T18:37:38-0400	f2ea3276d82b6d2d91c3f686bb44771073b5c179f15d2d15dfe040096ae663c8	clean
revised/iteration4/data/Figures/Supp_Figure6_4/cache/separate_invitro/seed95.rds	7377	2026-08-29T18:37:38-0400	84363b95bddb87bdc76db8410d40e74fb857ad08629b017958c43b513d9ae7ce	clean
revised/iteration4/data/Figures/Supp_Figure6_4/cache/separate_invitro/seed96.rds	7391	2026-08-29T18:37:38-0400	78eaa78d4a4798c7b20f03d08d28a39dc31e1b4e62c60038da0e02d9346357b6	clean
revised/iteration4/data/Figures/Supp_Figure6_4/cache/separate_invitro/seed97.rds	7415	2026-08-29T18:37:38-0400	d349fa62b39652592f68ff2fa7d8fb8fb7c669688aec1cddd7c76da53df89ee6	clean
revised/iteration4/data/Figures/Supp_Figure6_4/cache/separate_invitro/seed98.rds	7432	2026-08-29T18:37:38-0400	fb6f463efe50eac6992bfebfab2a4229ec2be74753403d7c8e6b7c3e3ea6cfc9	clean
revised/iteration4/data/Figures/Supp_Figure6_4/cache/separate_invitro/seed99.rds	7551	2026-08-29T18:37:38-0400	47ad632e1ffd518365f7baee42969995a8df0b78ead96161a71848f8d5696e16	clean
revised/iteration4/data/Figures/Supp_Figure6_4/joint_invitro_dense_operator_qc.tsv	19734	2026-08-29T19:11:23-0400	fae4852c65e4cd10b14e2a80ab6e98eb4e15d94543a18551b77c558322d388ae	clean
revised/iteration4/data/Figures/Supp_Figure6_4/joint_invitro_dense_surface.tsv	45119512	2026-08-29T19:11:23-0400	798f07aebbee09ab816323141908b3c55bb6df54de16d96fc76018423930ac1f	clean
revised/iteration4/data/Figures/Supp_Figure6_4/joint_invitro_extended_o2_inverse_class_summary.tsv	614	2026-08-29T19:11:35-0400	e63e25e3fa2122da687fef78b5df3a582d0eac27c46f2e7c929acf477713aa4d	clean
revised/iteration4/data/Figures/Supp_Figure6_4/joint_invitro_extended_o2_inverse_endpoint_cache/C01/inverse_C01_VT_E001.rds	153100	2026-08-29T19:11:27-0400	c15fc7820a6ba7b92921f039ccdcf2f1ed57afcf66e91415342eef1a5587abe6	clean
revised/iteration4/data/Figures/Supp_Figure6_4/joint_invitro_extended_o2_inverse_endpoint_cache/C01/inverse_C01_VT_E002.rds	154380	2026-08-29T19:11:27-0400	1eaed63b0a6ba62016f91d44450f42de873bac6610e4a8459489dbf349af4ca2	clean
revised/iteration4/data/Figures/Supp_Figure6_4/joint_invitro_extended_o2_inverse_endpoint_cache/C01/inverse_C01_VT_E003.rds	160056	2026-08-29T19:11:27-0400	24335b5b64e64c1f792ed8e8df01f941b044c79545b59cef3bccdfd5aa9e6661	clean
revised/iteration4/data/Figures/Supp_Figure6_4/joint_invitro_extended_o2_inverse_endpoint_cache/C01/inverse_C01_VT_E004.rds	153900	2026-08-29T19:11:27-0400	f4b4c709ca9bdae58aaf312cebdd9be05660efe5166ac906f52f370d1535942a	clean
revised/iteration4/data/Figures/Supp_Figure6_4/joint_invitro_extended_o2_inverse_endpoint_cache/C01/inverse_C01_VT_E005.rds	153640	2026-08-29T19:11:27-0400	46b7eb733f6b714af1e148b907ee288037d6419840abb684a7875e8190861c80	clean
revised/iteration4/data/Figures/Supp_Figure6_4/joint_invitro_extended_o2_inverse_endpoint_cache/C01/inverse_C01_VT_E006.rds	153712	2026-08-29T19:11:27-0400	41bea4990f5a61f9e16466db860790284ee5d9ae59692a092b1aa989748c9d82	clean
revised/iteration4/data/Figures/Supp_Figure6_4/joint_invitro_extended_o2_inverse_endpoint_cache/C01/inverse_C01_VT_E007.rds	153988	2026-08-29T19:11:27-0400	da722f3e0eeb8ee28ed589de9bf99d3e26f6ab71dafc8ca9a5c68cf43c1649a9	clean
revised/iteration4/data/Figures/Supp_Figure6_4/joint_invitro_extended_o2_inverse_endpoint_cache/C01/inverse_C01_VT_E008.rds	154368	2026-08-29T19:11:27-0400	4eecce3935d09924e2e10228a51ecfc745f1e908bea352804010006c32f6e928	clean
revised/iteration4/data/Figures/Supp_Figure6_4/joint_invitro_extended_o2_inverse_endpoint_cache/C01/inverse_C01_VT_E009.rds	154472	2026-08-29T19:11:27-0400	6db5c18a90087fa2e0b22a456d98b9a6444cb31b179c01c346668c966301d451	clean
revised/iteration4/data/Figures/Supp_Figure6_4/joint_invitro_extended_o2_inverse_endpoint_cache/C01/inverse_C01_VT_E010.rds	155640	2026-08-29T19:11:27-0400	fe557001fccea592196f8211326e3f4f16b908fe581f5efbb1df3fd6e9086103	clean
revised/iteration4/data/Figures/Supp_Figure6_4/joint_invitro_extended_o2_inverse_endpoint_cache/C01/inverse_C01_VT_E011.rds	159380	2026-08-29T19:11:27-0400	56bdc1f1cdb0bf0897b3186af00f9b6401acacd464bb28a63c88bcdd7dcc9afb	clean
revised/iteration4/data/Figures/Supp_Figure6_4/joint_invitro_extended_o2_inverse_endpoint_cache/C01/inverse_C01_VT_E012.rds	159428	2026-08-29T19:11:27-0400	a89e7b14480ef02518e4bb6793a83efbc303f2c2e0f12776bd7a116844f3a76f	clean
revised/iteration4/data/Figures/Supp_Figure6_4/joint_invitro_extended_o2_inverse_endpoint_cache/C01/inverse_C01_VT_E013.rds	151784	2026-08-29T19:11:27-0400	730325a2d0f20c701d3f8bd7f661e34a82df813c7b908cf957d884fc3fbf38c6	clean
revised/iteration4/data/Figures/Supp_Figure6_4/joint_invitro_extended_o2_inverse_endpoint_cache/C01/inverse_C01_VT_E014.rds	154420	2026-08-29T19:11:27-0400	dbf5ca559e70c64d65db3cb8ea06e3fc04007a807942b892160b51db24cb17ad	clean
revised/iteration4/data/Figures/Supp_Figure6_4/joint_invitro_extended_o2_inverse_endpoint_cache/C01/inverse_C01_VT_E015.rds	154596	2026-08-29T19:11:27-0400	9c71273060b7e5126a0c4f23f997b3e78fe32ced0db817aa0d36d1f06c376463	clean
revised/iteration4/data/Figures/Supp_Figure6_4/joint_invitro_extended_o2_inverse_endpoint_cache/C01/inverse_C01_VT_E016.rds	152092	2026-08-29T19:11:27-0400	3aa83a3e04cae321829c2f5b21cd9d9a0ae39991e9414dcdddab967118ba45ab	clean
revised/iteration4/data/Figures/Supp_Figure6_4/joint_invitro_extended_o2_inverse_endpoint_cache/C01/inverse_C01_VT_E017.rds	153568	2026-08-29T19:11:27-0400	9b14864d111721457a79e15134629aedc962f2d963edf06b5e8480409b60aab4	clean
revised/iteration4/data/Figures/Supp_Figure6_4/joint_invitro_extended_o2_inverse_endpoint_cache/C01/inverse_C01_VT_E018.rds	153264	2026-08-29T19:11:27-0400	e5515980a1198249b7d3c0d075e6bc2b5ad45957d69c854e99af921a0603ef86	clean
revised/iteration4/data/Figures/Supp_Figure6_4/joint_invitro_extended_o2_inverse_endpoint_cache/C01/inverse_C01_VT_E019.rds	162844	2026-08-29T19:11:27-0400	ea1eb6d4e86105fcf2017a732cba486b765789231fa361a4be87d8c6d887a4f2	clean
revised/iteration4/data/Figures/Supp_Figure6_4/joint_invitro_extended_o2_inverse_endpoint_cache/C01/inverse_C01_VT_E020.rds	153992	2026-08-29T19:11:27-0400	43693a6fab746f3b0ac7f33fb5ec798447c518a59681d30925c73b5ab28625d9	clean
revised/iteration4/data/Figures/Supp_Figure6_4/joint_invitro_extended_o2_inverse_endpoint_cache/C01/inverse_C01_VT_E021.rds	158268	2026-08-29T19:11:27-0400	4dc0b8b9f48734ddcd54ea0674a99c42d7f0abdefcff277d58352763d4a6031c	clean
revised/iteration4/data/Figures/Supp_Figure6_4/joint_invitro_extended_o2_inverse_endpoint_cache/C01/inverse_C01_VT_E022.rds	155076	2026-08-29T19:11:27-0400	6be94cf7d9e8bd38c1d06f9fd840e7028eaa89e054fd61f5ea1b6d9bae826a75	clean
revised/iteration4/data/Figures/Supp_Figure6_4/joint_invitro_extended_o2_inverse_endpoint_cache/C01/inverse_C01_VT_E023.rds	151668	2026-08-29T19:11:27-0400	efb6a9e93bee46c1ebbba376d71905315fc4564bcb5ca487592875d9757d9376	clean
revised/iteration4/data/Figures/Supp_Figure6_4/joint_invitro_extended_o2_inverse_endpoint_cache/C01/inverse_C01_VT_E024.rds	155664	2026-08-29T19:11:27-0400	d49646b032bbed5b948090d22ca75b0df93b96df9c09b668f54e17befefe7d95	clean
revised/iteration4/data/Figures/Supp_Figure6_4/joint_invitro_extended_o2_inverse_endpoint_cache/C01/inverse_C01_VT_E025.rds	155488	2026-08-29T19:11:27-0400	a53b871e6a582127ac82b86f51898abbc6068c9fe2e6b093943a312f4f658129	clean
revised/iteration4/data/Figures/Supp_Figure6_4/joint_invitro_extended_o2_inverse_endpoint_cache/C01/inverse_C01_VT_E026.rds	154096	2026-08-29T19:11:27-0400	f504bfde21120cc94068536a4c369bbfe4015ebc76e378e37595f29256556979	clean
revised/iteration4/data/Figures/Supp_Figure6_4/joint_invitro_extended_o2_inverse_endpoint_cache/C01/inverse_C01_VT_E027.rds	156500	2026-08-29T19:11:27-0400	f44623e8b023010dea815e01ddd574c85b8fb0758f0c0d7f4a6277f66ce848ca	clean
revised/iteration4/data/Figures/Supp_Figure6_4/joint_invitro_extended_o2_inverse_endpoint_cache/C01/inverse_C01_VT_E028.rds	155428	2026-08-29T19:11:27-0400	481c442c4514b6e91b7bec62a07296691dee61b359e335676d6bd980578a6e18	clean
revised/iteration4/data/Figures/Supp_Figure6_4/joint_invitro_extended_o2_inverse_endpoint_cache/C01/inverse_C01_VT_E029.rds	154476	2026-08-29T19:11:27-0400	9df2453c12b5917101636296365f7e7be8bae05bd67acb5914166f67c2a4dfcc	clean
revised/iteration4/data/Figures/Supp_Figure6_4/joint_invitro_extended_o2_inverse_endpoint_cache/C01/inverse_C01_VT_E030.rds	154308	2026-08-29T19:11:27-0400	5a87e0a2f7b4ad83f524470579787f2a5d2c8bc0d132aa5b9261461113512a81	clean
revised/iteration4/data/Figures/Supp_Figure6_4/joint_invitro_extended_o2_inverse_endpoint_cache/C01/inverse_C01_VT_E031.rds	154200	2026-08-29T19:11:27-0400	3fc143790bbbb0a2cb41c2200d27d1881db1834729232b146db451faf566b868	clean
revised/iteration4/data/Figures/Supp_Figure6_4/joint_invitro_extended_o2_inverse_endpoint_cache/C01/inverse_C01_VT_E032.rds	152972	2026-08-29T19:11:27-0400	b7b66ce33848d5752ae382b6afe18e725e8a8764729cbddc6deb9ecaa8d6fb1d	clean
revised/iteration4/data/Figures/Supp_Figure6_4/joint_invitro_extended_o2_inverse_endpoint_cache/C01/inverse_C01_VT_E033.rds	154396	2026-08-29T19:11:28-0400	1045ad85a3de64f8b2883ba8b4a98882f2c739f18254ac863462612d1c02907b	clean
revised/iteration4/data/Figures/Supp_Figure6_4/joint_invitro_extended_o2_inverse_endpoint_cache/C01/inverse_C01_VT_E034.rds	160988	2026-08-29T19:11:27-0400	fcdfbe11044757210b0b6e567173289f2bc1f94d0a968ee153b68c53e77cd8af	clean
revised/iteration4/data/Figures/Supp_Figure6_4/joint_invitro_extended_o2_inverse_endpoint_cache/C01/inverse_C01_VT_E035.rds	154476	2026-08-29T19:11:27-0400	def3ae2129e32afa03087c38f4152c887c27929c9b2e36da05b0cde8dd0d1223	clean
revised/iteration4/data/Figures/Supp_Figure6_4/joint_invitro_extended_o2_inverse_endpoint_cache/C01/inverse_C01_VT_E036.rds	154348	2026-08-29T19:11:28-0400	09430c453c5c553b643f37f98c47f4127fe62f66b871856b8627c868e6edea2e	clean
revised/iteration4/data/Figures/Supp_Figure6_4/joint_invitro_extended_o2_inverse_endpoint_cache/C01/inverse_C01_VT_E037.rds	159076	2026-08-29T19:11:28-0400	e0c5361b8610e11b2f14bf453692c9d44dcec5ad3cd109997ed22f7965252d97	clean
revised/iteration4/data/Figures/Supp_Figure6_4/joint_invitro_extended_o2_inverse_endpoint_cache/C01/inverse_C01_VT_E038.rds	154568	2026-08-29T19:11:28-0400	0c53cbde3b92cf7706f1ddedfbd747023cb807c49fd9538280ffe5caf6247d7c	clean
revised/iteration4/data/Figures/Supp_Figure6_4/joint_invitro_extended_o2_inverse_endpoint_cache/C01/inverse_C01_VT_E039.rds	153716	2026-08-29T19:11:28-0400	55297825b78a7ec412939f2d29bddd1b94ae3a6f05fe37371961eb57fe5c2416	clean
revised/iteration4/data/Figures/Supp_Figure6_4/joint_invitro_extended_o2_inverse_endpoint_cache/C01/inverse_C01_VT_E040.rds	153728	2026-08-29T19:11:28-0400	c828314d18e7bac07ee73ce05e6aa44bb911b550507ce7e6b63b0267d7b9d91c	clean
revised/iteration4/data/Figures/Supp_Figure6_4/joint_invitro_extended_o2_inverse_endpoint_cache/C01/inverse_C01_VT_E041.rds	161780	2026-08-29T19:11:28-0400	6dda69cf9615faffdb230cc8f3b69f10d5cfc4f5d743cb2de8ca5d41d6a94d58	clean
revised/iteration4/data/Figures/Supp_Figure6_4/joint_invitro_extended_o2_inverse_endpoint_cache/C01/inverse_C01_VT_E042.rds	162136	2026-08-29T19:11:28-0400	cdb3e068ebf29f4efd41df3b621c89c8602795299bd247b828d9c712bada4659	clean
revised/iteration4/data/Figures/Supp_Figure6_4/joint_invitro_extended_o2_inverse_endpoint_cache/C01/inverse_C01_VT_E043.rds	154392	2026-08-29T19:11:28-0400	7e0c60c7379253f6ab1cc8e8c6b52cb4866c32f5c5882a05d538199c34ce3689	clean
revised/iteration4/data/Figures/Supp_Figure6_4/joint_invitro_extended_o2_inverse_endpoint_cache/C01/inverse_C01_VT_E044.rds	153984	2026-08-29T19:11:28-0400	f5f2327c279d7c9390b32e6eec63cca56b2dd35ab0e6396eed8beae12a223eea	clean
revised/iteration4/data/Figures/Supp_Figure6_4/joint_invitro_extended_o2_inverse_endpoint_cache/C01/inverse_C01_VT_E045.rds	153820	2026-08-29T19:11:28-0400	8a7ca3d3a7c1fdf8e02f26939ebe3f88b859f524574d53adaf756204e1847bc3	clean
revised/iteration4/data/Figures/Supp_Figure6_4/joint_invitro_extended_o2_inverse_endpoint_cache/C01/inverse_C01_VT_E046.rds	159260	2026-08-29T19:11:28-0400	d725884016419f5ac42e969864ebacb5b285e0737961b9d7500bd14fdee933dc	clean
revised/iteration4/data/Figures/Supp_Figure6_4/joint_invitro_extended_o2_inverse_endpoint_cache/C01/inverse_C01_VT_E047.rds	155136	2026-08-29T19:11:28-0400	45c3105a4470460c98c797d822aeb1f7068a8518dda7e20741204a79e87d1f54	clean
revised/iteration4/data/Figures/Supp_Figure6_4/joint_invitro_extended_o2_inverse_endpoint_cache/C01/inverse_C01_VT_E048.rds	154248	2026-08-29T19:11:28-0400	1b665f9689c5041ef5b1efd8838e9fc0f3fc97eaf539d4f3da2bcb613823380e	clean
revised/iteration4/data/Figures/Supp_Figure6_4/joint_invitro_extended_o2_inverse_endpoint_cache/C01/inverse_C01_VT_E049.rds	151892	2026-08-29T19:11:28-0400	5e8f70cb294e8dd7f3959f95075001974b463e66345af9f9eb1417e452f53baf	clean
revised/iteration4/data/Figures/Supp_Figure6_4/joint_invitro_extended_o2_inverse_endpoint_cache/C01/inverse_C01_VT_E050.rds	158304	2026-08-29T19:11:28-0400	b73729125873d719d0d34dbae85cecc6d797cd58ab741a38eef0e41c73e40b6e	clean
revised/iteration4/data/Figures/Supp_Figure6_4/joint_invitro_extended_o2_inverse_endpoint_cache/C02/inverse_C02_VT_E001.rds	154488	2026-08-29T19:11:28-0400	6ccb4519a961d189ea8f5810d154ce1264fea718c4d4f1dc420dcbe83185ff69	clean
revised/iteration4/data/Figures/Supp_Figure6_4/joint_invitro_extended_o2_inverse_endpoint_cache/C02/inverse_C02_VT_E002.rds	158580	2026-08-29T19:11:28-0400	dd423ec5363d657317285a0c13d72eb641863be784b9ef22100b82a9625811cd	clean
revised/iteration4/data/Figures/Supp_Figure6_4/joint_invitro_extended_o2_inverse_endpoint_cache/C02/inverse_C02_VT_E003.rds	152340	2026-08-29T19:11:28-0400	ac2abfa25686daedf1d10594303a7e1792fd6858818dee72e8d5fff8c68618f6	clean
revised/iteration4/data/Figures/Supp_Figure6_4/joint_invitro_extended_o2_inverse_endpoint_cache/C02/inverse_C02_VT_E004.rds	159164	2026-08-29T19:11:28-0400	3293e703459424399918700d106442177a7b66b6ac881fcdc455b2b6f943d683	clean
revised/iteration4/data/Figures/Supp_Figure6_4/joint_invitro_extended_o2_inverse_endpoint_cache/C02/inverse_C02_VT_E005.rds	152880	2026-08-29T19:11:28-0400	f9a39f1f5c2fd0693a7e1847a00bbddc38e3375e260e21b0b660f67bae4784dc	clean
revised/iteration4/data/Figures/Supp_Figure6_4/joint_invitro_extended_o2_inverse_endpoint_cache/C02/inverse_C02_VT_E006.rds	158616	2026-08-29T19:11:28-0400	25dcd3a731f8b94b7aec0e95d38f603707b38393f1bc6e142c062b21b0f06bd5	clean
revised/iteration4/data/Figures/Supp_Figure6_4/joint_invitro_extended_o2_inverse_endpoint_cache/C02/inverse_C02_VT_E007.rds	152252	2026-08-29T19:11:28-0400	7c8dc5741bfb10277af43c9c39001323a4a85df063112bf697f18383e0d2988a	clean
revised/iteration4/data/Figures/Supp_Figure6_4/joint_invitro_extended_o2_inverse_endpoint_cache/C02/inverse_C02_VT_E008.rds	154132	2026-08-29T19:11:28-0400	731f0797d47b2b922c5f2b686b1c42b1a61d0fcd8f6f24ef8a3cec17dec97c2d	clean
revised/iteration4/data/Figures/Supp_Figure6_4/joint_invitro_extended_o2_inverse_endpoint_cache/C02/inverse_C02_VT_E009.rds	152604	2026-08-29T19:11:28-0400	62252bef4899429766406d6de76d5d8ad3c40e3c6d2c5a28f4d2118d56e0ff48	clean
revised/iteration4/data/Figures/Supp_Figure6_4/joint_invitro_extended_o2_inverse_endpoint_cache/C02/inverse_C02_VT_E010.rds	154644	2026-08-29T19:11:28-0400	4e3b2c1ad3e195f81fa01ada877055ec137678a9d3166181e7479876ef9fc83e	clean
revised/iteration4/data/Figures/Supp_Figure6_4/joint_invitro_extended_o2_inverse_endpoint_cache/C02/inverse_C02_VT_E011.rds	152792	2026-08-29T19:11:29-0400	b4cd9fd462b15937e3f6b8d31a4225fe121599cea1374125312627c56f772490	clean
revised/iteration4/data/Figures/Supp_Figure6_4/joint_invitro_extended_o2_inverse_endpoint_cache/C02/inverse_C02_VT_E012.rds	153632	2026-08-29T19:11:28-0400	418c921b43ddc03d341a6a2a41c37c5a78729e60b52b83c71468c0f49fdd34b8	clean
revised/iteration4/data/Figures/Supp_Figure6_4/joint_invitro_extended_o2_inverse_endpoint_cache/C02/inverse_C02_VT_E013.rds	154304	2026-08-29T19:11:28-0400	9875c71a6c5788a4bc22b25eec0be08177439797eb180183b2023dbae5f23024	clean
revised/iteration4/data/Figures/Supp_Figure6_4/joint_invitro_extended_o2_inverse_endpoint_cache/C02/inverse_C02_VT_E014.rds	152396	2026-08-29T19:11:28-0400	720eb795b6b04b1be6ee9057d9818c8207da3cdde47d4620ad436a31a8bd2c62	clean
revised/iteration4/data/Figures/Supp_Figure6_4/joint_invitro_extended_o2_inverse_endpoint_cache/C02/inverse_C02_VT_E015.rds	155212	2026-08-29T19:11:28-0400	173e43c1fc1a5fe0f567bd6b7a7f5f173d7c38b7fe2f33de7185a9352feed5a9	clean
revised/iteration4/data/Figures/Supp_Figure6_4/joint_invitro_extended_o2_inverse_endpoint_cache/C02/inverse_C02_VT_E016.rds	152796	2026-08-29T19:11:29-0400	9390be89e59424e72b4c1e1bb4f271ced74838bc017cecfe0aadb3deedeee5ab	clean
revised/iteration4/data/Figures/Supp_Figure6_4/joint_invitro_extended_o2_inverse_endpoint_manifest.tsv	18049	2026-08-29T19:11:35-0400	e71fe291769586ab6b6c165336997fd6511f361892d2eb63d74d3f32e3ac0527	clean
revised/iteration4/data/Figures/Supp_Figure6_4/joint_invitro_extended_o2_inverse_endpoint_qc.tsv	20400	2026-08-29T19:11:29-0400	480b100de409646c8038a5c9bfc19382701bf95fea68439c91b1d92084850680	clean
revised/iteration4/data/Figures/Supp_Figure6_4/joint_invitro_extended_o2_inverse_ploidy4_anchor_summary.tsv	1107	2026-08-29T19:11:35-0400	7da87ada8533e405505455d824db34456212a13300a7bf6852167570442c4736	clean
revised/iteration4/data/Figures/Supp_Figure6_4/joint_invitro_extended_o2_inverse_response_summary.tsv	16659004	2026-08-29T19:11:35-0400	3769251c67e4718284d3217b3f7e49d0835535b68c62f7b6dcce7e79ba005435	clean
revised/iteration4/data/Figures/Supp_Figure6_4/joint_invitro_extended_o2_inverse_validation.tsv	641	2026-08-29T19:11:35-0400	1f3c25332d344cc7a753e27c7516bba5fea4bca5a0437730460ff02fc2058863	clean
revised/iteration4/data/Figures/Supp_Figure6_4/joint_invitro_q10_dense_endpoint_manifest.tsv	7331	2026-08-29T19:10:58-0400	3f6ea02c8e5118d5e14995db7e4218de003f4acf77266cafda6e62eb965734b9	clean
revised/iteration4/data/Figures/Supp_Figure6_4/joint_invitro_q10_standard_endpoint_manifest.tsv	7331	2026-08-29T18:41:50-0400	3f6ea02c8e5118d5e14995db7e4218de003f4acf77266cafda6e62eb965734b9	clean
revised/iteration4/data/Figures/Supp_Figure6_4/joint_invitro_standard_operator_qc.tsv	19998	2026-08-29T18:41:55-0400	2fdb712f0a07bad7f09b2907bde891b51c7412b19799cd7e04a8f573040e5c50	clean
revised/iteration4/data/Figures/Supp_Figure6_4/joint_invitro_standard_surface.tsv	5741137	2026-08-29T18:41:55-0400	2119421f7260d97fe5cffe7a4891055d0b593f5faf3db53f6ade395013be53fe	clean
revised/iteration4/data/Figures/Supp_Figure6_4/joint_invitro_standard_trajectory.tsv	115888	2026-08-29T18:41:55-0400	a14ee251b220497d14179ae5165aebb1fe63a6706a9f0bbe212894076d485cb0	clean
revised/iteration4/data/Figures/Supp_Figure6_4/manuscript/tables/data/fixed_o2/joint_invitro_inverse_grid_class_summary.tsv	614	2026-08-29T19:11:35-0400	e63e25e3fa2122da687fef78b5df3a582d0eac27c46f2e7c929acf477713aa4d	clean
revised/iteration4/data/Figures/Supp_Figure6_4/manuscript/tables/data/fixed_o2/joint_invitro_inverse_ploidy4_anchor_summary.tsv	1107	2026-08-29T19:11:35-0400	7da87ada8533e405505455d824db34456212a13300a7bf6852167570442c4736	clean
revised/iteration4/data/Figures/Supp_Figure6_4/panels/supp_fig6-4a.pdf	455025	2026-08-29T19:14:58-0400	76268d40c7cf9ba46a181c367d5e699eeb33be1a2f783a1ff510b6a6fe3c282d	clean
revised/iteration4/data/Figures/Supp_Figure6_4/panels/supp_fig6-4a.png	869723	2026-08-29T19:14:57-0400	eb724c72683f08b58a2781edf4e84337e5ad3d5bf64389b519e19a821bc72003	clean
revised/iteration4/data/Figures/Supp_Figure6_4/panels/supp_fig6-4b.pdf	37879	2026-08-29T19:14:59-0400	0d98a3e671f9466a1a6c4001d2f315fc7b29eeb7cd8b0f147e4efc27fc80ea0c	clean
revised/iteration4/data/Figures/Supp_Figure6_4/panels/supp_fig6-4b.png	161782	2026-08-29T19:14:58-0400	1f02a6b09aca793a36694216cd597a26225a3e4f8969b27e1a51f5437c3479ed	clean
revised/iteration4/data/Figures/Supp_Figure6_4/panels/supp_fig6-4c.pdf	416677	2026-08-29T19:15:00-0400	0a92d2457d6afad8c922f38f1c9cf9dba569516507f00b8379436fb48a755bb0	clean
revised/iteration4/data/Figures/Supp_Figure6_4/panels/supp_fig6-4c.png	294621	2026-08-29T19:14:59-0400	eff18792e62978700d8a07e733cb19cc9b5f0bd5e03104c865979e9fd7ddf9f1	clean
revised/iteration4/data/Figures/Supp_Figure6_4/panels/supp_fig6-4d.pdf	33792	2026-08-29T19:15:01-0400	599ab44dce254d2f699ec05cea39ccdd57a25e8c538d4fe087ebbc8840573081	clean
revised/iteration4/data/Figures/Supp_Figure6_4/panels/supp_fig6-4d.png	103553	2026-08-29T19:15:01-0400	961dfce5038d3062c2060fac308fe2485094e465864f7b1a9564666f753013bc	clean
revised/iteration4/data/Figures/Supp_Figure6_4/panels/supp_fig6-4e.pdf	34744	2026-08-29T19:15:01-0400	8aaeef3a2481c5c1b2db2db322583cea57c827f463a3c3631cc0ffcb410b8d5b	clean
revised/iteration4/data/Figures/Supp_Figure6_4/panels/supp_fig6-4e.png	95310	2026-08-29T19:15:01-0400	a0b20eea392acb83c7bbb1220ab7f5c0dabe165b412dc11d595e6a844ee816cd	clean
revised/iteration4/data/Figures/Supp_Figure6_4/panels/supp_fig6-4f.pdf	35990	2026-08-29T19:15:02-0400	add5b022bcbe496e1a867a8aab03a584be5da0ad43e255dfd7d86b6117a1e9fb	clean
revised/iteration4/data/Figures/Supp_Figure6_4/panels/supp_fig6-4f.png	98583	2026-08-29T19:15:02-0400	f1fb2f149f4f4de5f3d4441e729335e59ffdeb0ea68af3ad93a5063cbc30a3f1	clean
revised/iteration4/data/Figures/Supp_Figure6_4/separate_invitro_class_counts.tsv	286	2026-08-29T18:38:03-0400	0d5258f738b3f96e89363e3e20ab2bf0b5899e929451a727c2213861a8fc59f2	clean
revised/iteration4/data/Figures/Supp_Figure6_4/separate_invitro_curve_class_by_seed.tsv	128426	2026-08-29T18:38:03-0400	1868399b611833479c223c0b1964200dc12ca67811acdaec3750f796f4332384	clean
revised/iteration4/data/Figures/Supp_Figure6_4/separate_invitro_operator_qc.tsv	81935	2026-08-29T18:38:03-0400	c44a004257950913f028fc99dfc783fb9897e1403c479aa1154c7f943c7e1368	clean
revised/iteration4/data/Figures/Supp_Figure6_4/separate_invitro_persistent_segments.tsv	143256	2026-08-29T18:38:03-0400	883ddc43ce921479ac87f96c6af0fac1cb7ae9ded2dc33f6f67b7a07218407cb	clean
revised/iteration4/data/Figures/Supp_Figure6_4/separate_invitro_raw_curves.tsv	9244071	2026-08-29T18:38:03-0400	bc1c1ceb6661a1f6d11aa885cb502728378b29907368e7ab6ef3a6b256ab267b	clean
revised/iteration4/data/Figures/Supp_Figure6_4/separate_invitro_smoothed_curves.tsv	11692986	2026-08-29T18:38:03-0400	28fb902a1a685da04111c98e924f7be1bacb702a970bdc7112c6d878a709b646	clean
revised/iteration4/data/Figures/Supp_Figure6_4/supp_figure6-4_data_manifest.tsv	4553	2026-08-29T19:11:49-0400	1b700f7d919cdb9659f944e90a432cab669cdc4a5cd266b850fe8ae6f7f6fc65	clean
revised/iteration4/data/Figures/Supp_Figure6_4/supp_figure6-4_draw_validation.tsv	202	2026-08-29T19:15:08-0400	a2bd373e93222ee882d882affc26ddfc39457c973f4fd3f569d5971df131c59b	clean
revised/iteration4/data/Figures/Supp_Figure6_4/supp_figure6-4_output_manifest.tsv	2244	2026-08-29T19:15:08-0400	dd5acbd5be912a519b1e2d6b280d1c69abd21175f0a519f759b2523e7126bf31	clean
revised/iteration4/data/Figures/Supp_Figure6_4/supp_figure6-4_source_provenance.tsv	2092	2026-08-29T18:37:15-0400	7321a2803b04335db5ab83bb9bab64db8074f3ccd5203d8b9024ee50d9d88253	clean
revised/iteration4/data/Figures/Supp_Figure6_4/supp_figure6-4_validation.tsv	671	2026-08-29T19:11:49-0400	9a88e3a13cc367d917ff70d3119ee6f570d749062cb2954916cd134f117e0b29	clean
revised/iteration4/data/Figures/Supp_Figure6_4/weak_gap_pair_summary.tsv	1123	2026-08-29T19:11:39-0400	eb7a4d209f8e1fcc650253d365cd2030cc381e2899d8b405dceb0d3594bbd4ee	clean
revised/iteration4/data/Figures/Supp_Figure6_4/weak_gap_regime_robustness.tsv	6397814	2026-08-29T19:11:39-0400	21ebb0862a39a347008d0dbad6765579cede6928b2aa512f24e3f83b4cf91cc5	clean
revised/iteration4/data/Figures/Supp_Figure6_4/zero_to_five_overlap_validation.tsv	938	2026-08-29T19:11:49-0400	0a36b082c4a801d48dd2d2a106aea4b3b225608a1a4f9c6393fae4a7b117f0bb	clean
revised/iteration4/data/Figures/Supp_Figure6_5/supp_fig6-5_finite_time_eigen_expm_vs_euler.pdf	35690	2026-09-01T20:45:32-0400	244e5dbabd779d9c1de358006c497ee0c77047793a9897b2e8b6f169bddd9c1d	clean
revised/iteration4/data/Figures/Supp_Figure6_5/supp_fig6-5_finite_time_eigen_expm_vs_euler.png	237144	2026-09-01T20:45:31-0400	9a6806646a6246537b02431752d87778c018df086e8a352126332cc57fa516ad	clean
revised/iteration4/data/Figures/Supp_Figure6_5/supp_fig6-5_render_validation.tsv	218	2026-09-01T20:45:32-0400	a6d307594fa877866fd4df1b0227b274628d4a83e74fb72ae980eacd3256a2a5	clean
revised/iteration4/data/Figures/Supp_Figure6_6/supp_fig6-6_eigen_expm_agreement.pdf	41362	2026-09-01T20:45:36-0400	40980ddd5dd7ab38ee55add6c4709b25af4821dddbfb589808e1bb54f462a83a	clean
revised/iteration4/data/Figures/Supp_Figure6_6/supp_fig6-6_eigen_expm_agreement.png	228722	2026-09-01T20:45:36-0400	467e25cbba9cf4714596797a184ebf8df6d54a2315857587507eb11b9c666d95	clean
revised/iteration4/data/Figures/Supp_Figure6_6/supp_fig6-6_render_validation.tsv	218	2026-09-01T20:45:37-0400	9567a2786256e88e6879427d5b3ee244a9b005a86cd54c32acd0879982f8a3e3	clean
revised/iteration4/data/Figures/Supp_Figure6_7/supp_fig6-7_finite_time_vs_steady_attractor.pdf	32306	2026-09-01T20:45:40-0400	34f103f19a9b95c9def0265725b85fe31ecb17b49d6fbde7f7bd15ffe5da4ffb	clean
revised/iteration4/data/Figures/Supp_Figure6_7/supp_fig6-7_finite_time_vs_steady_attractor.png	336674	2026-09-01T20:45:39-0400	2f910cdceb6163c61c8b68045897f3c08adbef870525cd503f35cb94403fa52d	clean
revised/iteration4/data/Figures/Supp_Figure6_7/supp_fig6-7_render_validation.tsv	218	2026-09-01T20:45:40-0400	0b81917e8434f10b36601587f46b725578b7a87acd3eb345356dd107f1c249a2	clean
revised/iteration4/data/Figures/Supp_Figure6_8/supp_fig6-8_continuous_invitro_no_passaging.pdf	747986	2026-09-02T13:18:57-0400	b23e0862947f3f2e77074d7c968c0238b3cf75f9dd72a429182508a3c674fc73	clean
revised/iteration4/data/Figures/Supp_Figure6_8/supp_fig6-8_continuous_invitro_no_passaging.png	735498	2026-09-02T13:18:47-0400	ce68054ad4b61fa4ed7f88c08e626eecf100b97e5ab7009f9d58038c91a9a5b8	clean
revised/iteration4/data/Figures/Supp_Figure6_8/supp_fig6-8_render_validation.tsv	368	2026-09-02T13:18:58-0400	4774ccbdb658338daf57e86cd9dbc60478fb783ef8634cf029a87a1adcbdd923	clean
revised/iteration4/data/Figures/Supp_Figure6_9/supp_fig6-9_invivo_finite_time_full_grid_render_validation.tsv	409	2026-09-02T17:13:24-0400	067d3542065433ba7ed17c78ec3f4b5a4efc1d50b3a64865305fb3b59c1b70e3	clean
revised/iteration4/data/Figures/Supp_Figure6_9/supp_fig6-9_invivo_finite_time_full_grid.pdf	955068	2026-09-02T17:13:24-0400	38bdf176d4cf6b1d6137f9dc6d1ce0aa220012f9acbd6dfadb62d1a3facb65c7	clean
revised/iteration4/data/Figures/Supp_Figure6_9/supp_fig6-9_invivo_finite_time_full_grid.png	1109473	2026-09-02T17:13:11-0400	cd2cc0a7a39d9c14dc294c76debe3f829d8c819b5f64d4ee40407a8245d7b231	clean
revised/iteration4/Figures/assembled_fig6.pdf	1531818	2026-09-02T17:15:15-0400	d3a7a4fded51d92ab49917a88c59ddfd7a5a2a0d60d3b2ef3b7ff7b17bd5899b	 M
revised/iteration4/Figures/assembled_fig6.png	1307730	2026-09-02T17:15:15-0400	4b94cbf73fe2ad5f4c99005037fa060825972377704ebdca2c5cd2354cbec5ab	 M
revised/iteration4/Figures/supp_fig6-1_response_class_diagnostics.pdf	1363353	2026-08-29T18:36:04-0400	4e11d2690ffa697ca705ac04400cb91f6056159dc815b40ebf3b47a792e5299e	 M
revised/iteration4/Figures/supp_fig6-1_response_class_diagnostics.png	1452235	2026-08-29T18:36:04-0400	7e44a03c5e688b3d646941a59227de700b93d8ace33b338a10b82fa1a88d7866	 M
revised/iteration4/Figures/supp_fig6-10_invitro_passage_full_grid.pdf	488868	2026-09-02T17:13:34-0400	415faf7b173f7ff102f0c3570acd1452b936c246298430db43faefd3dda433c2	??
revised/iteration4/Figures/supp_fig6-10_invitro_passage_full_grid.png	661952	2026-09-02T17:13:34-0400	fd8130a0032f970b1804eb55ba163ede0cbfb2eb555271831c063d7c2930492f	??
revised/iteration4/Figures/supp_fig6-11_invitro_passage_1000d_extended_o2.pdf	1254194	2026-09-02T17:14:09-0400	5b8be748b934c65b74b6c96ce8f782e68d1a6af2e9d9794a11e451779cd1bcaf	??
revised/iteration4/Figures/supp_fig6-11_invitro_passage_1000d_extended_o2.png	838218	2026-09-02T17:14:09-0400	6decd53923262ecdf55e20f25a95f551a731d2ab2b25e48f194f92489ab36189	??
revised/iteration4/Figures/supp_fig6-12_continuous_invitro_1000d_extended_o2.pdf	557151	2026-09-02T17:14:40-0400	25d7a49a01003adc66f187a2153fdee86c032f0f64e8fef41d3cb2532b87f346	??
revised/iteration4/Figures/supp_fig6-12_continuous_invitro_1000d_extended_o2.png	497639	2026-09-02T17:14:40-0400	69b387d2eeab1eba64ea49662583c9895c81343f70c583828d1b452f90970af9	??
revised/iteration4/Figures/supp_fig6-2_joint_ensemble_robustness.pdf	30959	2026-08-29T18:36:08-0400	ede2cb013731556aa1a3cfae7e9be1858bd65a8b185866f4a2b5054c73f9a137	 M
revised/iteration4/Figures/supp_fig6-2_joint_ensemble_robustness.png	472473	2026-08-29T18:36:08-0400	a118c0a7d3997e6bb35b87c4938dd8fe506e75159b6c5114a631803a55de5af5	 M
revised/iteration4/Figures/supp_fig6-3_weak_gap_regime_robustness.pdf	800518	2026-08-29T18:37:03-0400	3ade9b104442aa49e8c8bcde6001c2570c93d3d4c093fe9c16d7e5b26c9c5fe0	 M
revised/iteration4/Figures/supp_fig6-3_weak_gap_regime_robustness.png	1051439	2026-08-29T18:37:02-0400	2682d4a7f41bbcbc5570552e89f8ac1b27a18196d393bf56faedeb39f28951f2	 M
revised/iteration4/Figures/supp_fig6-4_extended_invitro_o2_response.pdf	788847	2026-08-29T19:15:08-0400	b9e3955bdaa697d46ae099090f70e2e905dc33d4468684de9267d8f3d6a74e21	 M
revised/iteration4/Figures/supp_fig6-4_extended_invitro_o2_response.png	1873143	2026-08-29T19:15:05-0400	b597d7c8360307c6f75a2d70377660aed30e14bd13de91d878e03d386588ab46	 M
revised/iteration4/Figures/supp_fig6-5_finite_time_eigen_expm_vs_euler.pdf	35690	2026-09-01T20:45:32-0400	244e5dbabd779d9c1de358006c497ee0c77047793a9897b2e8b6f169bddd9c1d	??
revised/iteration4/Figures/supp_fig6-5_finite_time_eigen_expm_vs_euler.png	237144	2026-09-01T20:45:32-0400	9a6806646a6246537b02431752d87778c018df086e8a352126332cc57fa516ad	??
revised/iteration4/Figures/supp_fig6-6_eigen_expm_agreement.pdf	41362	2026-09-01T20:45:36-0400	40980ddd5dd7ab38ee55add6c4709b25af4821dddbfb589808e1bb54f462a83a	??
revised/iteration4/Figures/supp_fig6-6_eigen_expm_agreement.png	228722	2026-09-01T20:45:36-0400	467e25cbba9cf4714596797a184ebf8df6d54a2315857587507eb11b9c666d95	??
revised/iteration4/Figures/supp_fig6-7_finite_time_vs_steady_attractor.pdf	32306	2026-09-01T20:45:40-0400	34f103f19a9b95c9def0265725b85fe31ecb17b49d6fbde7f7bd15ffe5da4ffb	??
revised/iteration4/Figures/supp_fig6-7_finite_time_vs_steady_attractor.png	336674	2026-09-01T20:45:40-0400	2f910cdceb6163c61c8b68045897f3c08adbef870525cd503f35cb94403fa52d	??
revised/iteration4/Figures/supp_fig6-8_continuous_invitro_no_passaging.pdf	747986	2026-09-02T13:18:57-0400	b23e0862947f3f2e77074d7c968c0238b3cf75f9dd72a429182508a3c674fc73	??
revised/iteration4/Figures/supp_fig6-8_continuous_invitro_no_passaging.png	735498	2026-09-02T13:18:57-0400	ce68054ad4b61fa4ed7f88c08e626eecf100b97e5ab7009f9d58038c91a9a5b8	??
revised/iteration4/Figures/supp_fig6-9_invivo_finite_time_full_grid.pdf	955068	2026-09-02T17:13:24-0400	38bdf176d4cf6b1d6137f9dc6d1ce0aa220012f9acbd6dfadb62d1a3facb65c7	??
revised/iteration4/Figures/supp_fig6-9_invivo_finite_time_full_grid.png	1109473	2026-09-02T17:13:24-0400	cd2cc0a7a39d9c14dc294c76debe3f829d8c819b5f64d4ee40407a8245d7b231	??
revised/iteration4/manuscript/Figures/assembled_fig6.pdf	1531818	2026-09-02T17:15:15-0400	d3a7a4fded51d92ab49917a88c59ddfd7a5a2a0d60d3b2ef3b7ff7b17bd5899b	??
revised/iteration4/manuscript/Figures/assembled_fig6.png	1307730	2026-09-02T17:15:15-0400	4b94cbf73fe2ad5f4c99005037fa060825972377704ebdca2c5cd2354cbec5ab	??
revised/iteration4/manuscript/Figures/supp_fig6-1_response_class_diagnostics.pdf	1363353	2026-08-29T18:36:04-0400	4e11d2690ffa697ca705ac04400cb91f6056159dc815b40ebf3b47a792e5299e	??
revised/iteration4/manuscript/Figures/supp_fig6-1_response_class_diagnostics.png	1452235	2026-08-29T18:36:04-0400	7e44a03c5e688b3d646941a59227de700b93d8ace33b338a10b82fa1a88d7866	??
revised/iteration4/manuscript/Figures/supp_fig6-10_invitro_passage_full_grid.pdf	488868	2026-09-02T17:13:34-0400	415faf7b173f7ff102f0c3570acd1452b936c246298430db43faefd3dda433c2	??
revised/iteration4/manuscript/Figures/supp_fig6-10_invitro_passage_full_grid.png	661952	2026-09-02T17:13:34-0400	fd8130a0032f970b1804eb55ba163ede0cbfb2eb555271831c063d7c2930492f	??
revised/iteration4/manuscript/Figures/supp_fig6-11_invitro_passage_1000d_extended_o2.pdf	1254194	2026-09-02T17:14:09-0400	5b8be748b934c65b74b6c96ce8f782e68d1a6af2e9d9794a11e451779cd1bcaf	??
revised/iteration4/manuscript/Figures/supp_fig6-11_invitro_passage_1000d_extended_o2.png	838218	2026-09-02T17:14:09-0400	6decd53923262ecdf55e20f25a95f551a731d2ab2b25e48f194f92489ab36189	??
revised/iteration4/manuscript/Figures/supp_fig6-12_continuous_invitro_1000d_extended_o2.pdf	557151	2026-09-02T17:14:40-0400	25d7a49a01003adc66f187a2153fdee86c032f0f64e8fef41d3cb2532b87f346	??
revised/iteration4/manuscript/Figures/supp_fig6-12_continuous_invitro_1000d_extended_o2.png	497639	2026-09-02T17:14:40-0400	69b387d2eeab1eba64ea49662583c9895c81343f70c583828d1b452f90970af9	??
revised/iteration4/manuscript/Figures/supp_fig6-2_joint_ensemble_robustness.pdf	30959	2026-08-29T18:36:08-0400	ede2cb013731556aa1a3cfae7e9be1858bd65a8b185866f4a2b5054c73f9a137	??
revised/iteration4/manuscript/Figures/supp_fig6-2_joint_ensemble_robustness.png	472473	2026-08-29T18:36:08-0400	a118c0a7d3997e6bb35b87c4938dd8fe506e75159b6c5114a631803a55de5af5	??
revised/iteration4/manuscript/Figures/supp_fig6-3_weak_gap_regime_robustness.pdf	800518	2026-08-29T18:37:03-0400	3ade9b104442aa49e8c8bcde6001c2570c93d3d4c093fe9c16d7e5b26c9c5fe0	??
revised/iteration4/manuscript/Figures/supp_fig6-3_weak_gap_regime_robustness.png	1051439	2026-08-29T18:37:03-0400	2682d4a7f41bbcbc5570552e89f8ac1b27a18196d393bf56faedeb39f28951f2	??
revised/iteration4/manuscript/Figures/supp_fig6-4_extended_invitro_o2_response.pdf	788847	2026-08-29T19:15:08-0400	b9e3955bdaa697d46ae099090f70e2e905dc33d4468684de9267d8f3d6a74e21	??
revised/iteration4/manuscript/Figures/supp_fig6-4_extended_invitro_o2_response.png	1873143	2026-08-29T19:15:08-0400	b597d7c8360307c6f75a2d70377660aed30e14bd13de91d878e03d386588ab46	??
revised/iteration4/manuscript/Figures/supp_fig6-5_finite_time_eigen_expm_vs_euler.pdf	35690	2026-09-01T20:45:32-0400	244e5dbabd779d9c1de358006c497ee0c77047793a9897b2e8b6f169bddd9c1d	??
revised/iteration4/manuscript/Figures/supp_fig6-5_finite_time_eigen_expm_vs_euler.png	237144	2026-09-01T20:45:32-0400	9a6806646a6246537b02431752d87778c018df086e8a352126332cc57fa516ad	??
revised/iteration4/manuscript/Figures/supp_fig6-6_eigen_expm_agreement.pdf	41362	2026-09-01T20:45:36-0400	40980ddd5dd7ab38ee55add6c4709b25af4821dddbfb589808e1bb54f462a83a	??
revised/iteration4/manuscript/Figures/supp_fig6-6_eigen_expm_agreement.png	228722	2026-09-01T20:45:36-0400	467e25cbba9cf4714596797a184ebf8df6d54a2315857587507eb11b9c666d95	??
revised/iteration4/manuscript/Figures/supp_fig6-7_finite_time_vs_steady_attractor.pdf	32306	2026-09-01T20:45:40-0400	34f103f19a9b95c9def0265725b85fe31ecb17b49d6fbde7f7bd15ffe5da4ffb	??
revised/iteration4/manuscript/Figures/supp_fig6-7_finite_time_vs_steady_attractor.png	336674	2026-09-01T20:45:40-0400	2f910cdceb6163c61c8b68045897f3c08adbef870525cd503f35cb94403fa52d	??
revised/iteration4/manuscript/Figures/supp_fig6-8_continuous_invitro_no_passaging.pdf	747986	2026-09-02T13:18:57-0400	b23e0862947f3f2e77074d7c968c0238b3cf75f9dd72a429182508a3c674fc73	??
revised/iteration4/manuscript/Figures/supp_fig6-8_continuous_invitro_no_passaging.png	735498	2026-09-02T13:18:57-0400	ce68054ad4b61fa4ed7f88c08e626eecf100b97e5ab7009f9d58038c91a9a5b8	??
revised/iteration4/manuscript/Figures/supp_fig6-9_invivo_finite_time_full_grid.pdf	955068	2026-09-02T17:13:24-0400	38bdf176d4cf6b1d6137f9dc6d1ce0aa220012f9acbd6dfadb62d1a3facb65c7	??
revised/iteration4/manuscript/Figures/supp_fig6-9_invivo_finite_time_full_grid.png	1109473	2026-09-02T17:13:24-0400	cd2cc0a7a39d9c14dc294c76debe3f829d8c819b5f64d4ee40407a8245d7b231	??
